7Networks_LH_Vis_1,7Networks_LH_Vis_2,7Networks_LH_Vis_3,7Networks_LH_Vis_4,7Networks_LH_Vis_5,7Networks_LH_Vis_6,7Networks_LH_Vis_7,7Networks_LH_Vis_8,7Networks_LH_Vis_9,7Networks_LH_SomMot_1,7Networks_LH_SomMot_2,7Networks_LH_SomMot_3,7Networks_LH_SomMot_4,7Networks_LH_SomMot_5,7Networks_LH_SomMot_6,7Networks_LH_DorsAttn_Post_1,7Networks_LH_DorsAttn_Post_2,7Networks_LH_DorsAttn_Post_3,7Networks_LH_DorsAttn_Post_4,7Networks_LH_DorsAttn_Post_5,7Networks_LH_DorsAttn_Post_6,7Networks_LH_DorsAttn_PrCv_1,7Networks_LH_DorsAttn_FEF_1,7Networks_LH_SalVentAttn_ParOper_1,7Networks_LH_SalVentAttn_FrOperIns_1,7Networks_LH_SalVentAttn_FrOperIns_2,7Networks_LH_SalVentAttn_PFCl_1,7Networks_LH_SalVentAttn_Med_1,7Networks_LH_SalVentAttn_Med_2,7Networks_LH_SalVentAttn_Med_3,7Networks_LH_Limbic_OFC_1,7Networks_LH_Limbic_TempPole_1,7Networks_LH_Limbic_TempPole_2,7Networks_LH_Cont_Par_1,7Networks_LH_Cont_PFCl_1,7Networks_LH_Cont_pCun_1,7Networks_LH_Cont_Cing_1,7Networks_LH_Default_Temp_1,7Networks_LH_Default_Temp_2,7Networks_LH_Default_Par_1,7Networks_LH_Default_Par_2,7Networks_LH_Default_PFC_1,7Networks_LH_Default_PFC_2,7Networks_LH_Default_PFC_3,7Networks_LH_Default_PFC_4,7Networks_LH_Default_PFC_5,7Networks_LH_Default_PFC_6,7Networks_LH_Default_PFC_7,7Networks_LH_Default_pCunPCC_1,7Networks_LH_Default_pCunPCC_2,7Networks_RH_Vis_1,7Networks_RH_Vis_2,7Networks_RH_Vis_3,7Networks_RH_Vis_4,7Networks_RH_Vis_5,7Networks_RH_Vis_6,7Networks_RH_Vis_7,7Networks_RH_Vis_8,7Networks_RH_SomMot_1,7Networks_RH_SomMot_2,7Networks_RH_SomMot_3,7Networks_RH_SomMot_4,7Networks_RH_SomMot_5,7Networks_RH_SomMot_6,7Networks_RH_SomMot_7,7Networks_RH_SomMot_8,7Networks_RH_DorsAttn_Post_1,7Networks_RH_DorsAttn_Post_2,7Networks_RH_DorsAttn_Post_3,7Networks_RH_DorsAttn_Post_4,7Networks_RH_DorsAttn_Post_5,7Networks_RH_DorsAttn_PrCv_1,7Networks_RH_DorsAttn_FEF_1,7Networks_RH_SalVentAttn_TempOccPar_1,7Networks_RH_SalVentAttn_TempOccPar_2,7Networks_RH_SalVentAttn_FrOperIns_1,7Networks_RH_SalVentAttn_Med_1,7Networks_RH_SalVentAttn_Med_2,7Networks_RH_Limbic_OFC_1,7Networks_RH_Limbic_TempPole_1,7Networks_RH_Cont_Par_1,7Networks_RH_Cont_Par_2,7Networks_RH_Cont_PFCl_1,7Networks_RH_Cont_PFCl_2,7Networks_RH_Cont_PFCl_3,7Networks_RH_Cont_PFCl_4,7Networks_RH_Cont_Cing_1,7Networks_RH_Cont_PFCmp_1,7Networks_RH_Cont_pCun_1,7Networks_RH_Default_Par_1,7Networks_RH_Default_Temp_1,7Networks_RH_Default_Temp_2,7Networks_RH_Default_Temp_3,7Networks_RH_Default_PFCv_1,7Networks_RH_Default_PFCv_2,7Networks_RH_Default_PFCdPFCm_1,7Networks_RH_Default_PFCdPFCm_2,7Networks_RH_Default_PFCdPFCm_3,7Networks_RH_Default_pCunPCC_1,7Networks_RH_Default_pCunPCC_2
0.11550516,0.28099895,0.25760847,-0.47307205,0.31703034,-0.22932613,0.26948753,0.39131412,0.45508417,-1.1648657,0.3491716,-0.75627637,-1.173059,0.01700359,0.39483628,0.6546718,0.3054311,0.55957943,-0.072807655,-0.29214314,-0.2591719,0.47316778,0.8315219,1.1415386,0.1051843,-0.8532279,1.6498927,0.2881083,0.3202314,-0.4227754,0.90977716,1.6403712,0.054786026,1.1206926,0.6404983,-0.052899063,-0.25506073,-0.93899745,-0.11869505,1.3519427,0.30965543,-0.68874925,0.9439719,-0.4390029,2.447931,-0.030450748,1.2759283,-0.34565067,-0.96280944,-0.20010047,0.11810544,0.23908165,-0.054349195,-0.4751626,-0.39060786,-0.7582526,0.56725353,0.113378,-0.723825,0.7323001,0.013659316,-1.1135836,-0.45727855,-0.15588756,0.09270999,-0.5759872,1.0500718,-0.31401503,0.71403956,0.61555666,-1.0119064,0.5712802,0.83094966,-0.49470913,0.03419056,-0.1987375,-0.41894206,-0.45654204,1.9549903,1.2226274,1.5414505,1.4382671,1.8875175,1.074455,1.5153135,1.3723989,0.54439193,0.54297966,0.8916236,1.9363971,0.15889797,-1.3164417,0.03693598,-0.008692681,0.6815632,0.95215625,1.35741,1.9964782,-0.75789374,0.78146094
-1.6146063,0.895604,0.5992005,0.07455349,0.26440093,0.07629774,0.095020406,0.33227393,0.4469236,-1.5109316,-0.4136233,0.74795294,0.37889388,-0.71624565,1.1791434,-0.049686816,1.3018289,0.12929864,0.5557753,-0.042455353,0.104378,1.0473233,-0.52494735,0.06804048,0.11886803,0.9766662,1.1370183,0.7158378,0.48683912,0.47032163,-0.08244677,0.46286184,0.2737934,-0.48174766,-0.1747054,-1.0952063,0.22376795,0.24892475,-0.2063487,0.62633693,-0.19368985,0.9357958,0.49914697,-0.3474766,0.15356909,-0.07807054,1.1586231,-0.58000267,-0.92821646,-0.63222754,0.23043796,-0.16652137,0.24436706,-0.40665758,-0.06562259,-0.4146253,-0.031717505,0.60090923,-1.1276541,0.5278032,0.020073151,0.4420281,-0.5260975,-0.4510384,0.34640795,1.393056,-0.19242367,0.6027423,-0.51731116,0.092989504,0.34252822,0.6747419,-0.14260718,0.5624211,0.6604741,0.64495474,-0.04431924,0.59934163,2.1026878,-1.0903671,0.44770187,-0.38173893,0.5593112,0.5678877,1.0578128,-0.6890945,-0.09359939,0.44527668,-0.94614387,-0.89900684,-0.035787724,0.05658463,-1.5119456,-0.27883425,0.0715236,-0.100722,0.67105526,-0.7605578,-0.6879068,-0.7348049
0.96413344,0.7688491,-0.103380576,-0.050854404,0.28373805,0.299571,-0.14281185,0.4558176,-0.01109181,-0.33142823,0.11588215,0.11984397,-0.55795246,1.0374086,0.8656182,0.33337396,-0.77668285,-0.15281966,-1.1895446,0.045405474,-0.8266486,-0.44813216,0.030401932,0.89960545,0.8308723,-0.8775914,-1.1752626,1.0146255,-0.10067734,-0.09038485,1.0912024,0.26627627,-0.029036794,-0.14521207,0.9911992,0.6621366,-0.44138014,0.6412897,0.27361035,0.36886725,-0.04579394,0.3158612,0.16190392,-0.1931088,0.035989568,0.7963055,-0.24145246,0.33714682,0.2320103,-0.19598852,0.03639613,-0.17438824,-0.3849352,-0.04091614,-0.026893688,-0.020695586,-0.4776277,0.22776076,-0.7113805,1.2990463,0.10775015,0.0634934,-1.1616689,-0.345108,-1.4666371,0.5250349,-0.77984905,-1.2268702,-1.4653345,-0.3953528,-0.42605644,-1.3329395,-0.5643159,-0.20060588,0.104982466,0.4603375,0.20470203,0.34850636,1.4752197,0.03946213,0.1860606,-0.3572776,0.49919996,0.49625635,-0.5956811,-0.2078111,0.42984366,0.37062714,0.0031987694,0.35734457,0.6004812,1.1113214,-1.051525,0.9918138,0.048031546,0.09942665,0.6297124,-0.99078155,-0.024108918,-0.4373203
1.4180852,-0.14082578,0.23252799,0.81735295,0.17265087,0.39936754,0.7938724,0.4178368,0.7230206,-0.9793767,0.7459019,1.5739617,0.92947316,0.5836718,1.4843987,0.7804828,1.4639003,0.47367135,-0.25372207,0.269741,-0.5109967,0.8124387,0.7569793,0.74108005,3.0360396,1.4971179,-0.22705723,-0.29809597,-0.4864878,-0.19004281,1.8745432,1.2418315,2.046438,1.8326155,1.8604486,-0.27766362,1.6871681,1.0754431,1.1757389,0.36917645,1.914496,-0.26498502,2.4218545,0.9127773,0.20001616,2.206289,0.82855463,1.8622403,1.0232778,1.029965,0.061886307,0.22905292,0.26968348,-0.013456219,-0.22671305,0.40146643,0.06288726,0.59343237,0.005406873,0.51587677,1.6586665,-0.23250072,-0.9177687,1.0385077,0.36565608,0.86496127,0.10744184,0.38616893,-0.16416012,0.6037114,-0.992341,-0.8598797,-0.56064117,-0.01561195,-0.73536307,0.6291877,0.9550061,-0.17025861,0.49599257,-0.32482895,-0.805919,0.054961212,0.15038157,0.7171259,-2.0533495,-1.6218785,-0.37095973,0.26164433,-0.5137464,-0.053335834,0.48322055,0.9675219,-0.62016076,2.0385432,-0.2853264,0.12825735,1.4417067,-0.6825943,-0.23773149,-0.39025152
0.7249026,0.61895543,0.6150948,0.5687478,0.7295904,0.47883728,0.25243163,0.6489775,0.49300092,0.4664956,1.6468453,2.468895,2.1122334,1.6759146,1.6427374,0.88035756,0.37005383,0.42677876,-0.16749695,1.9215428,0.5690206,1.0403389,-0.036454752,-0.03843284,1.9170059,2.0100977,0.97516316,2.4824781,1.4981635,2.1068566,-0.46928936,1.2513683,1.2971811,0.062057313,0.11484688,-0.49615857,-0.4509499,0.50628483,-0.88853174,-0.6777679,-0.40173203,0.25826886,0.5269574,0.5123843,1.1351507,0.3387681,-0.44797316,-0.047596566,0.17177318,-1.1491089,0.7069991,0.4030854,0.7323402,0.23683713,0.33440137,1.0323448,0.52216893,0.41638157,0.5797092,2.3419204,2.7470334,1.8081132,1.7655097,1.2338555,1.1519209,2.0372832,0.0815639,1.3707063,-0.10222271,0.8148565,0.8963368,1.1485802,1.3696086,0.32228214,1.9818408,2.348754,1.7004634,1.02003,0.06351722,0.6158795,0.19265756,0.7267309,-0.50021434,1.5706758,0.34686506,-0.99603015,-0.8281015,1.3405248,-0.26989818,-0.52284956,0.082486466,0.50789386,-0.6413765,0.14562297,0.71816397,-0.91069746,-0.60328,0.8485529,-0.15228668,-1.3656954
1.2755691,0.57468927,0.5521219,0.69623244,1.0712377,0.69885814,0.55971706,0.45974734,0.49418715,0.07583722,1.7988386,2.2280195,0.40260124,0.87582844,1.7903926,0.75621957,1.4044168,0.3553646,2.0088196,1.1118546,0.79372334,1.7909174,1.2192848,1.4386252,1.2911153,1.3169465,1.661301,0.6519358,1.4253746,0.819024,1.2641975,1.8316579,1.3142052,1.7094295,0.27961236,0.52147275,1.4268988,1.6376036,0.42663318,0.68326885,0.54697,0.48985085,1.5810407,-0.642972,2.3963456,0.34760258,1.1842963,1.0682027,0.18481506,-0.18459615,1.1546404,0.68062055,0.4278618,0.1081577,0.5354348,0.7854535,0.47861114,0.5779239,0.33657822,0.56174946,0.36403385,1.8491861,0.51711476,-1.1110338,1.2385058,1.9182749,1.2048999,0.7836239,1.0647318,0.38401964,1.409506,1.7128692,1.8947337,0.29469845,1.3339905,1.5156182,2.117684,1.5964792,1.5226791,-0.10180734,1.0883883,0.87831706,0.50548035,1.8456898,0.83790827,0.95595634,0.87287825,1.172998,1.2723219,0.018418266,-0.063470915,0.7390753,-0.42990008,2.1192183,1.6733143,0.007994131,0.5789774,0.09388803,0.5594517,-0.3456064
1.1132416,-0.34951153,-0.46288818,0.29719695,-0.22677243,0.3501464,0.056238394,-0.4840406,0.34792253,0.13716948,0.41701284,-0.04544262,0.5406318,-0.23239738,0.15140432,0.61207986,0.6447675,0.029223233,1.1175346,0.625214,0.6379045,1.172751,0.7492914,0.53964406,-1.239322,0.91842186,1.6117127,1.3455418,0.53778815,0.2865449,-0.22121465,0.1680001,0.6903834,1.2120572,-0.10775938,0.44185176,0.33616155,-0.9138098,-0.35647556,0.17877428,-0.3814869,-1.161105,0.04337563,0.5857234,0.6803754,0.98199975,0.65456766,0.59921813,0.43735805,0.16628712,-0.08182488,-0.18723863,0.483843,0.32411674,0.4229202,0.026343966,-0.24056764,0.39723614,-0.618129,0.35228512,0.41264313,-0.3786147,-1.0717791,0.5163537,-0.3093839,0.1769866,0.1554362,-0.2648042,0.081679925,-0.0053152256,0.79612005,-0.14205056,-0.07157435,0.28143308,0.6704599,-0.0281145,0.23649296,0.087598756,1.1885715,-0.7163398,-0.18863009,0.41586936,0.3586176,0.13396141,0.0657339,-0.46237668,0.7298228,0.27849928,0.97442263,-0.27643883,-0.028456232,0.59179425,0.41543326,-0.22365947,-0.818392,-0.7676314,0.2060539,1.4415892,0.11648375,-0.40450662
-0.19099334,0.7846681,0.5571317,-0.08693406,0.24264461,0.4812638,0.84006083,0.30937168,0.5947576,0.6025256,-0.40555578,-0.17375661,-0.23697925,0.3020856,-1.1222758,0.9246424,0.17226227,0.15921208,0.43691728,0.87005407,0.39079857,-0.06094457,0.6305108,0.773978,1.0661106,-0.34782255,1.2423445,0.20976968,0.3093894,-0.48077342,0.5456684,0.6836673,1.0745819,1.6236916,0.91871715,2.5802906,-0.18562852,0.67629945,1.6921153,1.0167556,1.6696427,1.1452552,0.4138694,0.59419256,1.2344707,0.36795232,1.6032809,0.040681154,1.3227254,1.2929205,-0.031939615,0.53503317,0.48908886,0.480633,0.76610696,0.4444221,0.11046667,0.6862162,0.30948704,0.016547674,0.4151112,0.88060355,-0.1655956,1.0583013,0.83893543,0.22989821,1.7965702,1.2406625,0.10715847,0.49983066,0.17994325,0.959358,0.45488733,1.1045067,0.551399,0.34822232,-1.2268293,-0.02651625,-0.19716293,-0.3231208,1.589841,1.172233,1.8082107,1.0485771,0.47301885,1.7737956,1.1612166,1.7017864,2.6120856,2.1695902,1.5194935,-0.5105486,1.3998513,-0.27567536,0.97627664,1.3807116,2.2329755,2.0548725,0.20896898,1.5799282
-0.65531796,-0.15310685,-0.31105572,-1.1310898,-0.53524905,-0.45237088,-0.007416957,-0.17561728,-0.20002577,-0.6403672,-1.0645427,0.15026972,-0.10394063,0.69906753,1.2663598,-0.00010880629,1.0333335,-0.09245515,0.1737238,-0.43133232,0.16887158,0.4566377,-0.1344368,0.08612489,-0.7223238,0.942091,-0.27884543,-0.5305799,-0.20657192,-1.2547444,1.7839262,1.0034113,0.19617036,-0.4660892,-0.37942258,-1.2723294,-0.25816265,1.8373064,1.4461398,-0.428988,0.21728532,-0.17145446,0.4831519,0.361639,0.71504134,-0.23535065,0.5301521,0.6260691,-0.1762539,0.089641854,0.09588202,-0.27316052,0.20307115,-0.8641041,-0.5983397,-0.08205742,-0.5179272,0.032345988,0.21697776,-0.14702868,-0.29633063,1.4707915,-0.1638178,0.043037847,-0.11096597,0.012538773,0.86924237,0.5020417,0.8128734,-0.03146018,0.7310983,-0.26137993,-0.49353322,-0.09929563,0.07726594,-0.15366428,0.6202139,0.64978045,0.5442113,0.21090835,-0.29353175,1.1430343,1.223638,-0.5006565,0.4228969,0.9017048,-0.0957877,0.6472684,0.19092053,0.52350456,1.2627999,0.6426686,0.25643462,-0.13589023,-0.16491416,-0.2586159,0.8203932,0.9788126,-0.26525712,0.56169385
-0.26973733,0.23739287,-0.28040248,-0.38540506,-0.032510046,-0.62750906,0.09294703,-0.1843506,-0.61751765,-1.1798373,-1.1745094,-0.80811715,-1.1234761,-0.094636835,-0.61412513,-0.23303816,-0.3985385,-0.0069568567,-0.48097154,-0.44617033,-0.83960134,-0.45296508,-1.1000438,-0.8376841,-0.62370145,-0.7545976,-1.2190149,-1.5090747,-1.183785,-0.97333443,-1.1792095,0.8391601,-0.4484226,-0.5392997,0.1087987,-0.03516749,-0.053643882,0.5211092,0.30103093,0.107432306,0.5159832,0.7029104,-0.09057018,0.46823063,0.4455763,0.72325623,-1.2588128,0.41491815,0.32968956,0.8253021,0.89580387,-0.09975468,-0.24165682,0.16947626,-0.18711486,-0.6906521,-0.040065583,-0.32625145,-1.4560438,-0.7578587,-0.16404139,-1.0921355,-1.1861589,-0.8170936,-0.55768144,0.4474166,0.3909229,-0.68747014,-1.1847268,-0.035125185,-0.09751174,-0.98585016,-0.9473666,-0.5801155,-0.38351324,-1.0171784,-0.6108794,-0.89134955,-1.0442938,-0.05229937,-1.3818154,-0.8042713,-1.0947832,-0.6289196,-1.4371821,-0.6348816,-0.5543234,-1.5803411,0.15228881,-0.2279224,0.35871512,0.3441746,0.60395676,-0.6787526,0.08912538,1.8427943,1.8506576,-1.3949549,0.360346,0.951368
-1.1600823,-0.17784669,0.06307455,-0.4724604,0.26216298,0.07582058,-0.27549943,0.13894074,0.5089784,-0.74691486,0.01700241,-1.1839584,0.47161734,-0.29602355,-0.9423445,-0.41875666,-0.7187826,0.20717283,-0.5424965,-0.40349305,-0.14186785,-0.24142794,-0.73263997,-1.8024486,-1.0201813,-0.4847993,-0.6081946,-2.210601,-1.1132513,-1.9254699,-0.27321756,-0.78934383,-0.004717848,-1.036297,-0.29214492,-1.9538947,0.9223003,0.012934465,0.06909454,-0.74526995,0.15630585,-0.40181485,-0.46907255,1.030713,-0.6468336,0.26259226,-1.6425416,0.10579472,-0.20272641,0.28493303,0.31284428,-0.21486501,0.19055806,-0.05959822,-0.02386693,0.63173276,-0.10293538,0.037592586,-0.2115016,-1.2186913,-0.79125184,0.07634856,-0.42651966,-0.24489835,0.43891904,-0.45915496,-0.009006969,0.2291145,-0.14369452,0.28963596,0.40578827,-0.07700602,-1.0449833,-0.7318596,-2.073871,-0.92694867,-1.4547371,-1.5952228,-0.7970427,0.48840502,-1.7900594,-0.81304723,-0.56368273,-0.8306254,-1.4780111,-1.0488561,-0.26020318,-3.0765412,-1.4750202,-0.5747154,0.65810496,0.1963379,0.12880579,-0.26788694,-1.6040227,-0.105302654,-0.098752685,0.050902057,0.15371543,-0.55170023
1.1972935,0.04324154,-0.08673333,-0.06874689,0.027594408,0.14180338,-0.5220904,0.090113126,0.24492188,-1.4198185,0.76580745,-0.0027517083,0.32126996,0.23077346,-0.4067101,-0.31860557,-0.1280859,-0.45864022,-0.6967461,-0.41074637,0.040438876,-0.7057012,-0.2447959,-1.5602694,-0.546556,-0.41993275,-1.2347564,0.6724759,-0.808444,0.7876451,-0.9016947,-0.71636057,-0.8741112,-1.0018091,-0.8626973,-1.1955348,-0.31405124,-0.68631417,-0.608435,-1.2221004,-0.5711089,-1.4024982,-2.3366683,0.047914643,-1.6062621,-0.18070282,-1.4143249,-0.9829332,-0.97992116,-0.5577753,-0.13090049,0.13133407,-0.21089575,-0.19994451,-0.10132737,0.38546377,-0.4609157,0.07273817,0.0007893125,0.46930838,0.031250574,-0.3704571,0.83703095,0.34991124,-0.051550407,0.16626494,-1.0392976,-0.87174153,-0.8664501,-0.3183262,0.040678505,-0.8600547,0.2676016,-1.1200947,-0.034854095,0.4253314,-0.5866298,0.9008537,-1.7791252,-0.71394044,-1.8702698,-1.4929957,-2.5498621,-1.5889429,-1.7656794,-1.7498183,-0.12632406,-0.16656734,-1.2391225,-1.9860408,-1.2890049,-0.28989887,-1.3174603,-2.2355473,-0.27662167,-0.850736,-1.3863348,-1.5835233,0.0029076643,-1.4673203
0.46504852,0.7056532,0.8923365,0.43307516,0.38832456,-0.41831192,0.2818325,0.23849848,0.30495936,0.29054946,-0.12778167,-0.08007833,-0.6337124,-0.8858585,-0.47135574,-0.85136956,-0.40715104,0.3263782,-0.07523724,0.35612765,0.4951942,0.69819725,0.6264128,1.3771468,-0.70513934,0.48937353,0.8628394,1.4489378,0.8838562,1.6952114,1.0138545,1.5285127,0.58659315,0.5694601,1.5938118,0.067677826,0.5967574,0.7806709,1.6188946,0.07442331,1.0661635,0.23611468,1.5393759,-0.023389306,0.46465257,2.7610018,1.2345405,0.95515054,-0.11926908,0.15320161,-1.2229015,0.702411,-0.04747597,-0.10287451,0.20480742,0.05289575,0.49908814,0.5071362,0.7548384,-0.18084016,-0.043689996,0.33210006,-0.3422837,-0.104664356,0.40898535,-0.16801757,1.0598692,0.22239275,0.15867172,-0.028272236,0.26853287,0.43058264,0.01687423,0.7578372,0.5905903,0.9884692,0.2547871,0.33939716,0.32432607,0.78311,0.5871221,0.2654699,-1.2553796,0.15750086,0.26577613,-0.12355163,-0.25565982,0.5338848,0.62096953,0.7777578,-0.067525245,0.093510814,0.61166537,-0.41498637,1.3759078,1.1940429,-0.6551601,0.42018512,0.18266769,-0.08029461
-0.1326012,0.59679973,0.74634373,0.12799118,0.015447032,0.15808871,0.36748016,0.25469622,0.33715,0.10703206,-0.6534471,-0.096436545,0.53803945,0.5035588,-0.96989435,0.47816026,1.2766534,0.20717965,0.5771363,-0.17313881,0.6349372,0.5305568,0.07586452,1.0687329,0.032807954,-0.40881315,1.3605946,-0.27311376,-0.3445634,-0.80205,-1.3959557,0.4925256,1.2686745,1.0925344,1.5158858,0.9816777,0.72003543,-0.07656897,0.77709335,0.64663094,-0.09596165,-1.2949846,0.73205835,0.17463273,0.12440055,0.027347064,-0.45313084,-0.77468026,0.58459955,-0.27537802,1.0988377,0.24448794,-0.22896251,0.04874333,-0.11356783,0.062495034,-0.23716687,0.5899622,-0.0342247,-0.71274734,-0.3557254,0.45171657,0.5203455,1.2063489,-0.39119074,-0.0448609,0.52765656,0.47338974,-0.9329105,0.092081115,0.4250973,1.1674919,-0.73436743,1.2839035,-0.6294179,-1.1264766,-0.2194419,-0.47421083,0.10839838,1.5491344,1.4629726,0.09576293,0.7548149,0.55936664,1.4868641,0.080175266,-0.051285878,0.17087293,-0.019172264,1.1554252,0.87733686,0.011726986,0.91917247,-0.7249017,0.22992815,-0.3054216,0.9543586,2.045418,-0.36424032,-0.16387412
0.55694723,-0.25118762,0.034513507,-0.19800206,-0.41009083,-0.19379275,0.37656876,0.35415414,0.11752272,-0.116519324,0.47299004,-0.17538603,-0.13764194,0.06786124,0.6183128,0.23583211,0.011373879,0.94327843,0.22795895,1.3946204,-0.6429413,-1.111391,1.1405199,-0.013646366,0.74385226,-0.5838456,0.20035756,-0.9612208,0.09551267,-0.91838384,0.29069996,0.39609796,0.5445415,0.41368005,0.07689952,1.1138835,1.5873841,1.3537111,0.8993391,0.74343586,1.7799144,0.5399724,1.0774302,1.6942623,-0.40537286,1.3544096,0.94588447,1.0295438,2.252956,2.4418724,0.6598315,-0.5031531,-0.28790486,-0.55328554,-0.07417842,0.6152944,0.14547792,0.23375812,0.1428912,1.4108218,-0.5313094,0.67888725,0.19688517,-0.13353524,0.088593714,0.31315646,1.3917699,0.7389386,0.9705485,0.28666422,0.40371647,-0.7739519,-0.1280412,-0.60959566,-0.7690548,-0.947181,0.46475077,-0.68660396,1.446299,1.7081556,-0.466895,1.3976574,-0.04435622,-0.08745853,-1.6851265,1.3047719,1.7740216,0.87634337,0.08146867,0.4530285,2.005697,-0.9997727,-0.27395165,0.5521122,-0.2708438,3.0498514,0.93788105,-0.08713735,2.4106421,2.0661914
0.8161655,-0.72832215,-0.6724582,0.008480682,-0.31125,0.3050693,-0.15825695,0.2786501,0.4176169,0.8816483,-1.2368654,0.03991124,-0.8241332,0.24681519,0.57474566,0.3560887,-1.12426,0.33979106,0.17562863,-0.90890807,-0.09173244,0.38224924,0.3198198,-1.8391407,-0.63510007,-1.0970105,-0.28795698,0.41442245,-1.225035,0.5460972,0.16724586,-0.55910367,0.14054424,-0.17836125,0.09535766,-0.22117749,1.2539617,0.07076336,-1.1142368,-1.4170346,0.64232177,-1.5928516,-1.0778371,1.513571,-0.7101959,1.239114,-0.35068572,0.9719767,1.7261554,1.0342777,1.8298781,-0.8213344,-0.006503553,-0.34300327,0.15203139,0.45373794,0.20722894,0.2724173,-0.525553,0.20252949,-0.39809716,-0.7112794,0.5409388,1.4008124,-0.17753547,-0.05586924,0.2764788,0.71451735,-0.39790648,0.38779163,-0.36341673,-0.74098825,-0.237176,-1.0687402,-0.97748846,-1.7382128,-1.030569,-0.17775185,0.48263076,-0.3844059,-1.8507979,1.0696964,0.39490506,-1.2572087,-1.5624008,0.11448014,0.7733812,-0.7621596,-1.545243,-1.0625949,1.6972013,0.4903786,-0.082236566,1.2566775,-2.2943392,0.9410149,-1.1722339,0.76701754,0.88989127,0.61533576
0.8838294,-0.11104076,-0.32971227,0.2787805,0.19898675,0.3434051,-0.23376171,0.44354272,0.18829358,-0.099838436,0.13304535,0.27266237,-0.14773396,-0.230574,1.0096847,-0.3283408,1.1153265,0.20936078,-0.22542298,0.14273,0.05647996,-0.43590257,0.74579096,-0.45587972,1.1061863,1.4584882,-0.43287945,1.2070254,1.0587217,-0.25493145,-0.8448687,0.3764912,-0.89817166,-1.1602744,-1.060042,-0.2566329,0.3784165,1.1962775,-0.93928003,-0.75234723,-0.48736173,-0.28797084,-0.4889517,-0.5171421,0.16523667,0.52910167,-0.17218512,-0.1359253,0.30565083,-0.9052218,-0.098661885,0.33660406,-0.12692685,0.06268514,0.10952334,-0.09707284,0.27316847,0.015416589,-0.38935405,0.08563203,0.18947276,-1.1706977,0.2289434,-0.6198248,1.3412837,0.62085056,-0.22873798,-0.5544979,-0.50268114,-0.266536,-0.014401711,0.31117132,-0.56111807,-0.29171988,0.29314464,0.9808482,-0.9721577,0.8629771,-0.82164496,-1.4740824,-0.124270126,-1.081149,-0.38694593,-0.7015416,-0.09981185,-0.8054949,-0.76368773,-0.8485222,-1.5367773,-0.5762798,-1.5638748,0.57027334,-0.75563407,-0.34278533,-0.5631281,-0.73091227,0.93670136,0.20436077,0.16503397,-0.8612234
-0.30389106,0.6351372,-0.00383008,0.6696397,0.10196017,0.21818115,-0.34337044,0.45769784,0.4669992,-0.027475435,1.3096828,-0.44642287,-0.29596543,0.37916622,-0.37902126,-0.05603572,0.18564151,0.6857127,0.8808058,0.5688264,0.46331772,-0.08833974,0.6167803,0.3722268,-0.62755,-0.15862443,-0.058653414,-0.8107284,0.22901233,0.382362,-0.6693424,-0.6604191,-0.9222057,-0.5456163,-0.72613657,1.2684318,-0.96623385,-0.7210008,-1.1123321,-0.73803246,-1.3865618,-1.33477,-1.4035041,-1.2364415,0.8053331,-1.4900312,-1.0051479,-0.51759464,-1.4924315,-1.2443023,0.57461977,0.8094256,0.42503256,0.08130144,-0.09193787,0.22159413,0.06213304,0.5719323,0.4372896,0.34568205,-0.71502525,-0.6042711,-0.64096403,-0.13756761,0.50815034,-0.5775647,-1.0930498,0.1608219,0.030971134,0.5973253,-0.32268056,-0.57427436,0.43936208,-0.14939946,0.02424693,-0.5698304,-0.14181228,-0.77686656,-0.21869373,-0.21996774,-0.32505745,-0.6604309,-0.5952741,-1.4707106,-0.037931904,-0.23270859,-1.2822529,0.31336457,-0.13266686,-0.6860457,-1.515773,-0.8257883,-1.0413771,0.555425,-0.0563143,-0.6209802,-0.46817046,-1.3079551,-1.3544706,-0.72977155
-0.19606867,-0.073442645,0.05846776,0.051188294,-0.14569426,-0.2959528,-0.17508374,0.58280337,0.6126316,-0.3192817,-0.9016955,-1.0219066,0.88959694,1.2236634,-0.3893171,0.19326472,0.27447686,1.1017327,-0.32634935,0.38004717,0.3761173,-0.98675185,0.10992994,-1.3882542,-1.9734279,-1.0576255,0.45119393,-0.35706022,0.533446,0.83290464,-1.3088462,-1.2540866,-1.156932,-0.5605812,-1.2106843,-0.12854426,-0.18523219,-0.3902626,-2.1220317,-1.1982003,-2.0991528,-1.1055154,-0.78479064,-1.2285204,-0.121620975,-1.2712384,-0.9327232,-0.23604283,-0.9149543,-1.8892725,0.6663506,0.062164284,0.08835001,-0.08365355,0.20884533,0.40824026,0.5092254,0.53820133,0.71177554,0.18298103,-1.0617635,-0.0701764,0.077529244,0.69364935,0.21341354,-0.17944163,-0.9763746,0.74737823,0.97892314,0.3472127,-0.4530149,-0.13787337,-0.15464659,1.1364363,0.29655084,-1.4426274,0.8722283,-0.9542991,-2.1621552,0.41246957,0.10532375,-1.2335365,-0.1085137,-0.65128964,0.8292352,0.009188489,-0.9734601,-1.7321993,-0.36989805,-0.7301996,-1.3926338,0.46975237,0.52586573,-0.89763814,-0.45993832,-1.4548495,-1.1939061,-0.34155688,-1.089973,-1.6214503
0.51669794,0.0033927462,0.07166309,0.13934188,-0.60316277,-0.051477626,-0.19273062,-0.13277014,-0.56718194,0.5784565,-0.2783476,-1.025416,0.21593934,-0.27279046,-0.37565315,0.19034654,1.384764,-0.19227605,0.05444759,-0.11983842,0.2896887,0.50203353,0.64191514,0.7580867,-0.02566124,0.007977389,1.6668594,-0.116716616,0.43468395,-0.48850417,1.5832031,-1.3108317,-0.57256496,-0.21469936,-0.41228727,-0.6493633,-1.9126289,-1.0913169,-0.16484107,-0.2569608,-0.9313471,0.28890744,-0.6036935,-0.26166174,0.9784009,-1.0312572,-0.69884145,0.42271963,-1.1070355,-1.419445,-0.69680095,0.12861545,0.1326538,0.05761272,-0.5834605,0.14879176,0.000354888,-0.2629547,1.1906692,-0.48310035,-0.18300699,-0.8893175,0.6280636,-0.3948725,-0.22283585,-0.6114339,-0.14150222,0.07666467,0.37456357,-0.45256263,0.20036733,-0.88840985,0.13363671,-0.48686087,-0.29284573,-0.2955844,-0.19409008,-0.088571884,-1.1139364,-0.72100735,-0.34787697,-0.57419604,-0.7379464,-1.1835456,0.5193633,0.41485837,-0.77891254,-0.6458956,-1.8821435,-0.41535163,-1.910144,-0.78961813,0.32032758,-1.4328275,0.26282588,-1.4083065,-0.95883924,0.10379372,-0.23496512,-0.8597882
-0.702465,0.24008542,0.635782,0.062156226,0.10818155,0.41131577,-0.05789774,-0.2880577,-0.26837197,1.083735,0.85609853,0.89656377,1.126777,0.63103694,2.129344,0.51732486,0.08943816,-0.12111047,0.23167366,-1.1629564,0.8771205,0.46109915,0.91326433,0.5515686,1.3785309,1.677374,-0.34411633,1.0270875,0.09043125,1.2864697,-1.3436719,-0.02726457,-0.508644,-1.0378139,-0.88150877,0.035362605,0.17342389,-0.58491236,-0.5998471,0.158453,-1.1980007,-0.07691353,-0.8508114,0.6344034,-1.1914604,-1.2995235,-1.7869818,-0.46413827,-0.019916931,-0.343321,0.7614051,-0.11484669,0.6272033,0.18706648,0.55693346,0.34625465,0.012162499,-0.4416204,1.4214906,1.4921391,0.55145,0.067623764,1.3619927,1.090887,-0.10827347,1.8964745,-0.56978196,0.35460848,1.1867464,-0.28917038,1.294631,1.8188156,0.7985633,0.7199584,1.9466566,2.462774,0.4563633,1.8765085,-0.12384916,1.184949,0.5845882,-0.91986376,-0.2813685,-0.49069276,1.1977655,-1.2008463,1.0002371,0.75186455,0.7720402,0.11650196,-0.9642002,1.3147343,0.8560693,-0.7513816,0.45775196,0.81839514,-1.4116324,-0.7933714,0.49082705,0.0828139
0.4128783,-0.79449224,-0.13167807,0.29149124,0.48147157,0.5081889,0.33483025,0.61068714,0.47052404,-0.04803464,0.6148859,1.3028176,-0.026506338,0.626727,-0.52445114,0.86187625,0.22150041,0.2144322,0.61238486,-0.5185516,0.6987136,-0.75190765,-0.11127414,-1.72876,0.7183015,0.7863422,-1.5970595,-0.11283236,-0.5035966,-0.29543525,-0.62534153,0.16976862,-0.07422771,-1.2290925,-1.0068277,-0.28417662,-1.2691681,-0.13967031,-0.6362868,-0.5755289,0.1570805,0.39648902,-1.4717757,0.25637203,-3.3842013,1.0867633,-1.0649301,-0.18768035,0.977402,0.5848441,1.0497575,-0.18324609,0.6327309,0.08962441,0.06729392,1.0772625,0.57221574,-0.073792405,-0.34661767,0.85926634,2.0849514,-0.0904558,1.0865365,-0.4439222,0.0051584993,-0.4511785,-0.6494712,1.2523508,0.65749896,0.54353774,0.59930605,0.2671694,0.5349751,-0.30991757,0.66981316,-0.36433163,0.12315163,0.34812215,0.13924688,1.1082652,-1.2393842,-0.17419663,-1.2020652,-0.3326103,-0.37456948,-0.5429605,0.19065288,0.84699434,-0.9460006,-0.8572505,-0.18939881,-1.0811684,-1.3085346,-0.08439774,-1.4301369,0.14361909,-0.3486416,0.1504402,1.2954483,0.27725124
0.794122,-0.26742935,-0.49432024,0.20437767,-0.4153436,0.12415302,-0.41519028,-0.30373776,-0.14379108,1.4366783,0.2849069,0.43607396,0.06556074,-0.58174354,0.058590114,0.20031562,-0.42217046,-0.09495963,0.36130336,0.6357969,0.16721813,-0.44618776,-0.40335745,0.0022594202,-0.98345,-0.43594286,-0.9574372,0.0713285,-0.7607686,-0.07912823,-0.02174491,-0.5232973,0.37221345,0.16965793,0.2137393,0.30476102,0.4297761,0.3018062,0.098885804,-0.07984845,1.2318563,-0.39592084,0.8232507,0.8128905,0.049316406,0.24242918,-0.6157665,1.919219,1.2671872,1.6340771,0.5776116,-0.34222838,-0.19155805,-0.20408927,-0.36340576,-0.19814484,-0.1711833,-0.42143762,0.5881953,-0.03975911,-0.36234817,-0.42123386,0.9586616,1.0700274,-0.4731984,-0.5828655,0.19146107,0.4361579,0.051456414,0.12618743,-0.19026648,-0.47019503,0.23201053,0.05406908,-0.22285731,-0.38270313,-0.59029204,0.30017212,-0.056976106,1.0942603,0.08854532,0.91523075,0.319789,1.543812,-0.74922705,0.6601672,0.9109344,0.47943544,0.26888105,0.11960625,0.50164986,0.32642904,1.1648088,1.0334009,-0.15280265,0.7419822,-0.36387587,0.5316491,1.2542665,1.276725
-2.2019002,-0.5676776,-0.33196735,-0.87296957,-0.6510757,-0.61410487,-0.5992813,-0.36628783,-0.69857764,-1.3927454,0.20859386,0.46433026,-0.91965246,-0.06172602,0.66896087,-0.4836337,0.18891189,-0.22446038,-1.0616636,0.674177,-1.2448238,0.19225623,-0.49840215,0.104793556,0.751519,1.5157399,-1.0801766,0.37476814,-1.0981725,1.0727236,0.3519819,-1.3136196,-1.1786854,-0.5944159,-0.7603265,0.13224009,-0.9934161,-1.6462698,-1.4368945,-0.41292042,-1.8532218,-0.48913968,-0.77240974,-2.3372402,-1.4879209,-2.5620258,-0.18976867,-0.16961943,-1.8073996,-1.7626283,-0.7020669,-1.0471809,-0.72880125,-0.6275135,-0.60268575,-0.99009466,-0.47047928,-0.64070404,-1.2573837,0.9350644,-0.29466167,0.014277242,1.0949193,-1.1474086,-1.4875467,-0.015449483,-2.0707133,-0.3014359,0.19115448,-0.79130894,-0.43221146,-0.04219162,0.46346247,-1.3244632,-0.18278174,1.0012193,0.70591205,1.0503446,-1.6673259,-0.24891259,-0.715207,-1.7546147,-0.8462816,0.022400986,-0.4223505,-1.6239406,-0.7690648,-0.4181963,0.23338231,-2.1625001,-1.804993,-0.33718833,-2.8555534,-0.67277557,-0.5004485,-3.0383883,-2.2979286,-2.0412617,-1.1209418,-1.5906323
0.42725945,-0.27328017,-0.19847317,0.28745973,-0.36141208,-0.071673945,0.40627897,-0.33439445,-0.19583376,-0.57085925,-1.5445614,-0.95446664,-0.57671404,-0.50672245,-1.5239455,-0.38862944,-1.0111371,-0.5049633,-0.16609345,0.5407178,0.22362956,-0.62476295,-0.98480093,0.6310877,-0.21036358,-1.6600106,0.58776027,-0.7996395,-0.45612228,-0.7544912,-0.57980186,-1.4046808,-0.53671336,0.31587988,0.47805753,0.45241717,0.7672658,-1.8073033,-0.4660734,0.40077272,0.31017336,1.0487468,0.0081674745,-0.1887063,-0.26272184,0.01611735,0.21218126,-0.15308438,0.13178538,0.08894907,-0.3340502,0.0028799812,-0.56077975,0.026548648,-0.22647929,-0.086449735,0.0028535803,-0.2802574,-0.6091089,-1.2337755,-1.6244017,-2.5427911,-1.1311741,0.18144646,-1.131249,-2.1052852,-0.34990224,-0.63635004,-0.5878231,-0.5768539,-0.65352416,-1.5804762,0.56072223,-0.6417651,-1.4877527,-1.4584706,0.07951848,-0.70471704,0.6187842,-1.0251358,0.04096172,0.21716028,-0.44307682,0.13473761,0.3970647,0.6918704,1.1266005,0.21055397,0.2697903,-0.25571284,-0.42650723,-0.47143218,-0.832147,-0.8690947,-0.27594355,-0.6446968,-0.21645813,0.19479142,0.14505646,0.34988979
0.8402835,0.8826167,0.28608286,0.8385904,0.1171128,0.7570592,1.1485826,0.44865113,0.7986757,0.08250569,-0.6762869,-0.27574283,-0.175044,-0.13406634,-0.22460166,1.1129391,-0.2308204,0.8359859,1.2825512,0.25094953,0.2602634,0.88427025,1.1837153,0.64829427,0.96897626,-1.0424302,0.72254205,-0.1051669,0.4586517,-0.81507576,1.7276727,0.724478,1.5011146,3.057416,0.84494376,1.6067497,1.8531169,-0.091011696,1.5440209,2.6265645,1.801307,1.7173892,1.0599692,0.2222529,1.0230747,-0.47984076,2.828303,0.3384423,2.1499054,2.675126,0.5252635,0.493942,1.1539111,0.7901202,0.7497555,0.6098257,0.7029945,0.62805,0.020865787,-0.25178087,0.028899388,1.4826488,0.50034046,-0.0037522574,1.0028605,0.17298263,1.7187394,-0.22794764,1.6281589,0.3887679,0.1394244,0.45718905,0.4245798,0.29034916,-0.14050137,-0.9337675,-0.10794689,-0.44343624,2.2877593,-0.47062704,1.2221462,2.4207757,3.1675076,2.8866417,0.8555073,1.8958044,2.474096,-0.3364769,2.0066764,1.7669855,1.8269149,1.1001905,1.1122135,0.7813713,-0.32651028,2.132396,1.5196764,1.4014035,1.1265172,2.6521118
-0.24460371,0.027179137,-0.56679136,-0.62338495,0.2175062,-0.5270558,0.8384163,-0.14294131,-0.13984321,-0.43443027,-0.6734834,0.14153455,0.16355158,-0.46043465,-0.6568915,0.84179604,1.0143521,0.24852286,-0.15596071,-0.07314897,-0.990298,0.8898535,-0.36418337,-0.17492174,-2.1902514,-1.7256485,-0.4120176,-2.0959008,-0.24912392,-0.37660766,-0.25732437,-0.26380998,1.7623641,1.7347031,1.3233366,-0.042453893,-0.49778888,-0.5735792,0.5692611,0.54307276,1.7930226,-0.490317,0.11300055,0.058469906,0.16576089,1.1296036,2.224576,1.0455385,1.2842475,0.97509766,0.44992712,-0.82955414,0.3673015,0.045665126,-0.09081332,0.009494097,-0.051494766,0.035263956,-0.55037004,-2.8332355,-0.08271427,-0.8744388,-0.0072956784,0.19545282,-0.960417,-0.630455,0.8755784,-0.80220205,-0.8416174,0.4672438,-0.8848751,0.2399538,-0.5558126,0.79425746,-0.4751319,-1.5995417,-0.6332668,-1.230822,0.6366471,-1.5584545,-0.09115892,0.87263125,1.9208161,0.50650966,-0.29307398,2.2673483,0.35144562,-0.74488515,0.34888685,0.6842802,1.1627271,-0.9685411,0.22419897,-0.4008066,-0.20633501,0.19980606,1.8933362,-0.4018231,0.44326308,0.89541423
-0.2308874,-0.44617966,-0.2004344,-0.51303554,-0.11025208,0.090014696,-0.23422089,-0.52993184,-1.1267679,0.24250723,0.91645944,0.416017,0.061656676,0.124226406,-0.6399255,0.20268604,-1.1212549,0.16420612,-0.6606157,0.17037517,-0.07638871,0.14054023,-0.9062094,0.6779261,0.53841805,0.33163127,-1.2100494,0.49594593,-0.1829607,0.31431526,0.39098656,0.25664768,-0.38813555,-0.37584636,0.50910157,-0.31436685,0.21281065,0.17302682,0.0787429,0.6582573,0.29394168,0.1471427,-0.20913334,0.6239924,-1.5630815,1.3548185,0.2126905,0.06767186,-0.0740138,0.07205612,-0.8550865,-0.15354887,-0.23506127,0.112497896,-0.063856535,-0.3617136,-0.12333407,-0.80155885,0.69256234,0.41140005,-0.09682942,0.37595573,1.0666482,-1.6785886,0.39671716,0.006960832,-1.1621013,-0.5956552,-0.9737179,0.19498622,-0.15825614,-0.82009226,-0.88820493,-0.14628437,-0.38544405,-0.082399584,0.37391782,-0.08090943,-1.5648993,-0.087496854,-0.3401607,-0.81308347,-1.1345106,-0.36214942,-1.1763656,-0.113160565,-0.78887224,0.7396339,-0.606091,-1.3570793,-0.070853725,-0.4965956,-0.060712453,0.0043542455,-0.13033523,-0.61238265,-1.0264618,-0.50638473,0.44137964,-0.57155097
0.9605355,0.35103443,0.4499819,0.15956147,0.009154613,0.46393773,0.39560097,-0.15344559,-0.44224432,1.4842876,0.7900454,-0.022752777,-0.10658425,0.44648224,-0.30671394,-0.07684248,0.032268792,0.66947055,0.2552382,0.115394235,0.16962002,0.34799632,0.4557755,0.7751097,-0.8916381,-0.5270149,-0.64232284,-1.0683908,0.688402,0.29531834,-0.86730355,-0.67014545,0.054183293,0.32349384,-0.23586199,0.4482736,0.43085662,1.2408725,0.502858,0.66404605,0.22623566,0.7976209,0.17580532,0.48205525,-1.1430581,-0.47709915,-0.8638975,-0.017076276,0.54877687,0.81266993,0.9824954,0.62145597,0.09155306,0.76089805,0.33517718,-0.6183169,0.6878421,-0.37644932,0.45815542,0.659987,-0.18241706,0.09646217,0.9308508,1.1423184,0.73081666,0.3808768,0.5419329,-1.0086635,-0.05121952,-0.0043508024,0.35224625,0.840021,0.8149628,0.33943498,-0.8137742,-0.47648025,0.5634025,0.13997324,0.05407652,0.50832236,-0.6707802,0.057940416,-0.19495171,-0.48627073,-0.17690901,0.036239475,1.2437588,-0.5255337,0.79529697,0.7765791,0.68299186,-0.37021157,1.657479,0.4834453,0.50136113,0.20968789,1.3287851,-0.33131257,0.6742621,0.82549417
-0.30889314,-0.3081467,-0.39975882,-0.32486683,-0.38179287,-0.37377405,-0.42988783,-0.6182353,-1.1652688,1.0598146,-0.5554209,-0.5221586,-1.0424658,-0.6654421,-0.9929541,-0.5273367,-0.6371777,-0.7279608,-0.06700353,-0.22072785,-0.4732234,-0.056479577,-1.4780207,0.22553411,-0.92515993,-0.43569395,1.6904888,-0.0049967053,0.15475267,-1.0530529,0.0975412,0.13123028,-0.68817335,0.03388061,0.7528271,-0.9255379,2.020424,0.43213195,-0.0111323055,-0.16944776,-0.22957663,-0.8356567,-0.48586312,0.26358292,1.8214762,0.44101936,0.28616735,0.33895183,-0.7521885,-0.58016443,-0.6797457,-0.5803065,-0.7312975,-0.3756547,-0.18141067,-0.4944536,-1.1930197,-0.37707677,1.1489835,-1.028976,-0.89875907,-0.8846162,-0.8677507,0.7232335,-0.7569785,-0.38980702,0.035114877,0.87674797,-0.39240825,-0.22290511,-0.73980075,0.658951,0.28381363,1.4879303,-0.53512967,-0.4854656,-0.43695864,-1.0891455,-0.18053448,0.76201165,0.69419104,-0.67207706,-0.37720016,-0.95986104,0.8380803,0.006830833,-0.341617,-1.0536531,0.32870328,1.911468,-0.5323961,1.2116421,0.8883329,-0.83504313,1.3146471,-0.5876564,0.08119602,1.287996,-1.0667036,-0.25175455
-0.02582045,1.0394408,0.8549372,0.5286369,0.07511885,0.9252011,0.8902503,0.5372786,0.28558862,2.1954148,0.3917216,0.003502764,1.1825147,0.9221445,0.26116735,0.2948856,0.3217933,0.90913165,0.65668374,0.86547464,-0.5684239,0.2714645,1.3224834,0.5724635,-0.89249134,-0.24182753,1.4970664,-1.0281818,1.6429229,0.4444552,0.7756491,0.50582594,-1.2057581,0.12945904,0.33307037,0.382938,-1.059285,-0.18171674,1.1814947,2.1043377,-0.44116953,1.2967627,-0.03700587,-0.9559257,2.1953127,-0.22819409,-0.86942583,-0.57543087,-1.1579366,-0.00958647,-0.22578871,0.788908,0.9106074,0.71532404,0.6782126,0.7326384,0.8156201,0.27224067,2.4420214,0.442722,0.46635514,0.3663184,1.0917416,-0.31539285,0.12870298,0.19278584,1.2448651,-0.33093098,1.7136171,1.4408437,0.28354278,0.7431942,1.3907174,1.9558654,0.21871012,0.27406034,1.7761303,-0.63788885,-0.43860003,0.49366164,1.2665755,0.21190801,0.66628623,0.6946413,0.9194976,0.72044796,-0.4428926,0.01932208,0.9970156,2.2803068,0.30797115,1.5782856,2.4325385,0.9199184,1.5939826,1.5455464,0.74118733,0.6619058,-0.9478437,0.64509386
1.8358688,1.2004248,1.0622904,0.9913121,0.99867225,0.8022574,0.15740459,0.42160344,0.38393155,1.204415,1.3585206,1.0313781,0.70351326,1.4182802,0.841597,1.6515859,-0.21884347,1.1535791,1.592014,1.3818575,0.3832678,1.7142265,0.84029007,0.50196505,0.26549825,0.452434,-0.1697953,1.3187511,1.4972223,0.7719858,-0.3969267,0.53849435,-0.5142303,0.5125327,-0.7630309,0.68563634,0.83749396,0.5573256,0.7076854,1.0664531,-0.014590471,0.21720797,-0.84213,-0.5022399,-0.4981387,-0.11433379,-0.6394429,1.0096682,-0.40237948,0.03285332,-0.23863721,1.4561195,0.7480554,0.83458126,0.6944203,0.41973457,0.98652446,0.058435388,1.3625695,0.20205253,1.1416047,-0.41619727,0.9987096,0.062000435,1.4759436,0.6306665,-0.063892804,-0.1740142,0.29733145,1.2609328,0.1728712,0.92644584,1.2323492,1.2771161,1.8047236,0.028813712,2.1417525,0.4413888,-0.7284829,1.1748899,0.07546379,-0.7845916,-0.37263358,0.6974658,0.5765785,-1.22451,-0.42086002,0.38907495,0.3824564,-0.18813413,0.024483958,1.6038793,1.1296862,0.89326626,-0.8494119,0.32377622,1.112927,-0.6824699,-0.012102474,-0.25684997
0.40665486,0.664288,0.8944333,0.9421958,1.0725247,1.0766065,-0.2418044,0.67814964,0.36334503,0.48951486,0.8358285,1.1047277,0.20227785,0.9086876,0.8761905,-0.020389294,-0.43102846,0.52296525,-0.033624522,0.84908223,-0.28590968,-1.4970039,0.49115366,-0.1265233,0.19974673,0.9830428,-0.35176724,0.26088178,0.08079329,0.6390647,-0.41994774,-0.08469327,-2.0038598,-2.0007262,-1.9403534,1.7106823,0.15561622,0.017992904,0.35672292,-1.1459063,-1.0773591,-0.67626595,-1.7231827,0.5462549,-1.6632729,0.66753703,-0.72584707,0.4255144,1.0698572,-0.49753654,2.0643003,0.41784996,-0.10711351,1.2269118,1.0148988,0.39457956,0.54735607,0.7078169,0.025040079,-0.0045438996,1.4371475,-0.09963371,0.55466545,-0.32171378,1.0071697,1.0986131,-0.62995684,-1.226232,-0.38887408,0.46190107,0.6478039,-0.5532676,0.7781111,-0.4610616,0.7651769,-0.3511557,0.28877115,0.46403754,-2.8063676,0.24678834,-1.392203,-1.3841634,-2.6027923,-3.492044,-2.0840795,-1.8786093,-0.1623072,-0.07437565,0.63233244,-0.82142425,-2.201427,0.1694712,0.6168033,-0.97968787,-1.1502851,0.90284395,-1.1335148,-0.7545942,1.0994117,-0.08631834
-0.6357389,-0.03886165,-0.061234396,-0.20200181,-0.74672943,-0.093608156,-0.60535115,-0.0051449668,-0.1879483,0.29942507,1.0068773,0.91747504,1.0865799,0.4332715,1.6338917,-0.9752715,-0.35172814,-0.5588119,-0.84244525,0.7934654,0.28050852,-0.885895,0.8299642,0.3581041,0.36158624,2.0678349,0.04172013,1.2654386,1.2253094,1.8549472,-1.404287,0.71227396,-1.4454057,-1.7123717,-0.7023491,0.3908615,-1.2668762,-0.7673685,-0.12208658,-0.4141214,-1.0013406,1.7680703,0.34693658,-0.48355263,-1.194811,-0.239707,-1.1719414,-0.7505174,0.23721294,-0.82967985,0.68250966,-0.17268722,-0.80759734,-0.19758794,0.046119396,-0.5222984,-0.2780615,-0.3807623,0.10592431,0.8133137,0.65906125,-0.36569062,0.52288914,-0.70158285,-0.11311567,0.39936182,-0.4549839,-0.87672114,0.2778236,-0.3872871,0.91003513,-0.45625094,0.12665462,0.5794457,0.46708158,1.7382348,1.058841,1.288437,-1.4857947,0.5470043,-0.05936411,-1.1352322,-1.6779956,-0.19919094,-0.10323076,-1.9388305,-1.5419718,0.8487684,0.21164545,-0.57739574,-1.552334,-0.49155405,-0.3437255,0.91298395,1.567374,-0.329982,0.09186036,-1.5657812,0.53398615,-0.64822215
-0.3137117,-1.7802871,-0.9426263,-1.6716703,-1.3073287,-1.8084645,-1.1586257,-1.9650054,-1.6444298,-0.60363233,-1.2477584,0.2832434,-0.79718035,-2.035,-1.4526837,-1.5246965,-0.503661,-2.213001,-0.08185935,-0.85110635,-0.748212,-0.31078652,-0.0463585,1.0622792,0.03222181,1.0707475,1.3371218,0.81150085,1.0092378,1.677758,-1.3928602,0.4836804,-0.9035215,-0.65416247,0.078589514,-0.61864483,0.08448297,-0.03826135,1.6268148,0.2921579,-0.17213762,2.2099464,0.45642343,-0.31782767,-0.11880724,-0.049474653,0.4943351,-0.06956417,-1.8469862,-1.2063642,-1.3884599,-0.29110634,-1.5436018,-1.3856007,-1.2293147,-1.6925935,-1.6786427,-1.661609,0.34010854,-0.64329016,-0.9576672,-0.6141051,0.17869522,-1.0130844,-1.2765625,-0.9088412,0.14144939,-0.7341076,-0.44750127,-1.9550797,-0.7897757,0.7024879,-0.73231715,0.076544896,0.6669814,1.5474354,0.14785323,1.698569,-0.5445716,0.28155845,1.7259382,-0.18056634,-0.7384262,0.46339908,2.2356443,0.68974835,-1.3675032,1.1325799,-0.08926536,0.98720986,-0.9825488,0.124312855,0.33811143,-0.5683754,1.0892655,-0.4671025,-0.30319542,-0.9233827,-1.5478164,-0.74754816
-0.039716315,0.79669315,0.14648604,1.0559523,0.21575283,-0.18462962,0.04349241,0.12604296,-0.07626016,0.3713586,-0.017146738,-1.4708258,-0.87472314,0.13314174,-0.62257075,0.40080807,0.81045806,0.20178536,0.979305,0.9091365,0.60902214,0.6608957,0.5343203,0.3883043,0.06673306,-1.9031923,0.776679,-0.8162396,-0.14858083,-1.4111302,-0.53118604,0.73203975,1.2067647,2.3888795,1.2977796,0.88864434,0.3252754,1.0939232,1.8117714,1.216115,-0.47437948,0.2559656,1.0101761,0.27550188,1.6521175,-1.3519945,0.9589396,0.16562551,-0.40420833,0.26875472,-0.24362062,0.16562305,-0.23632772,0.18172279,-0.12582801,-0.42893276,0.62639177,-0.47464585,-0.33892578,-0.9016572,-1.429034,-1.4706656,-0.83550066,0.77455896,0.1689327,-0.44519538,0.46761203,-0.51654714,1.2809862,0.119656995,0.8671321,0.8467966,0.85430557,0.2670146,0.20301688,-0.9617842,-0.23656295,-1.2256525,0.20619039,0.8137267,0.024849204,-0.55780965,1.3368098,0.12419728,0.91465056,0.6385902,-0.08684231,-1.2559173,1.2758337,1.0848706,0.41357875,-0.21395084,1.3504661,-0.4487143,0.40815684,0.82588404,-0.4525988,-0.48748174,-0.7996337,0.78046995
-0.25335115,0.27332598,-0.50685465,0.2849512,0.4616489,-0.3478237,0.033875708,-0.33281767,-0.16346362,0.15756468,-1.7735294,-0.7200498,-1.148159,-1.2169123,-0.47709435,-0.3915677,-0.09749635,-0.026315497,-0.39679262,0.3974735,0.1594116,-0.66936916,-0.44637945,-0.69573814,0.06352716,0.53343487,-1.3117679,-0.07309231,-0.70685333,-0.7636255,0.34952807,-1.6043829,-0.22254586,-0.27940038,-1.095728,-0.06142427,-0.37717825,0.6536995,-0.34052977,0.2066975,-0.34314784,-2.2344706,-0.18506438,-0.92050326,-0.6643213,-1.468355,-0.107532114,-0.55289507,0.5620388,-0.013018227,-0.94504994,-0.0062572593,-0.55380166,-0.007045925,-0.1568713,-0.35477188,-0.1755595,-0.8795386,-0.44642237,-0.9600791,-0.5329896,-0.11113966,-0.675004,-1.3002923,0.6293979,-0.42952734,0.123051904,0.19307008,0.34348428,-0.6228845,-0.1748816,-0.12920398,0.11692982,-0.042207066,-0.34048656,-0.21844693,0.33611435,-0.7466288,-0.6913195,-1.2300189,-0.015424042,0.15730274,0.28575882,-0.15746853,0.22647989,0.73692924,0.035320453,-0.0948101,-0.23530394,-0.48936358,0.21549407,-0.25881535,0.39250702,-0.6470198,-0.391914,-0.8816596,0.10297746,0.085659444,0.24540965,0.27783066
-1.2715245,-0.5043264,-0.58666575,-0.667389,-0.34629938,-0.5706702,0.027429573,-0.38657087,-0.23065983,0.23704109,-1.359862,-1.1924958,0.43402752,-1.4075645,-1.885242,-0.5602369,-1.4581697,-0.68917656,-0.9724855,-0.40416598,-0.37792984,-1.3473397,-1.6187875,-0.5262098,-1.0007061,-0.6578971,-0.6548293,-0.38437286,-0.3207046,0.099597625,-0.83869565,-0.26023513,0.69755864,-1.5687283,-0.41083214,-0.69204134,0.4897278,-0.9631701,0.304356,-0.462329,1.389043,0.83510065,0.09313336,0.8147105,-0.5405268,0.5921967,1.1482213,0.22802901,1.1173433,1.2636074,0.38955903,-0.5007372,-0.29036525,0.07271714,-0.30542135,-0.27936208,-0.35559145,-0.17727277,-0.21551548,-0.4956727,-1.2194194,-0.7071402,-1.1127828,-0.19689275,0.44778588,-1.326236,1.2191309,-0.9672079,-1.1379607,-0.9693163,-0.34596044,-0.85993373,-1.0882391,-1.210519,-0.83105034,-1.380765,-1.4120178,-0.942059,-0.74833983,-0.06372116,-1.0140568,0.8523192,-0.3339324,0.48931673,-1.6944519,0.02744454,0.2597636,0.51824546,-0.50480753,0.53627443,2.0342422,-1.1124934,-0.62353307,-0.13780773,-0.44521767,-0.30716747,0.4188439,-0.32020685,1.872321,0.543408
-1.1707516,0.5473669,0.92459244,0.78665745,0.27468362,0.57491595,0.7368,0.85579926,0.8443258,0.016005447,0.19193184,-0.48331416,0.9269524,-0.019630255,0.34028342,-0.17908028,-0.56671786,-0.30685532,-0.1495473,1.5717312,0.20861845,-0.69642043,0.51493925,0.04663639,-0.3473385,0.15686092,0.6979833,-0.5279131,-0.08616581,-0.06618319,0.8327422,0.0801359,-0.82880944,-0.852446,0.018032782,-0.6198908,-0.8632742,1.3117718,-0.0853314,-0.9603384,0.2933084,0.8548994,-0.1406595,1.4753045,1.0640279,0.6903435,-0.7119076,0.62974226,0.41875744,0.19089442,0.19322735,1.1152103,0.41167274,0.90904963,0.2929086,0.999873,0.8201898,1.0550025,0.28232852,-0.08020782,-0.81753474,0.89762986,-0.6840207,0.22465266,0.27059156,-0.1829798,0.54164654,-0.1870242,-0.043179598,0.37233874,-0.1056227,-0.122643545,-0.24696492,0.3237909,-0.8419098,-0.22234808,-0.120378435,0.027974559,-0.7612335,0.5843554,-0.68030256,0.1333049,-0.51235855,0.19295934,0.062176775,0.12562792,0.55212146,0.13919072,0.14051141,0.64632386,1.0568081,0.7274806,1.0966059,-1.3214095,-0.029545851,1.8605727,0.055349443,2.1055017,1.8438613,0.04879029
1.0395118,0.3643178,0.23060729,1.1235538,1.3704058,0.69792193,0.6667035,1.2430943,1.0359303,0.2891986,0.39770046,0.20608695,0.34774983,0.4679483,0.38218465,0.18687381,0.17707114,0.25203124,0.05501966,-1.7446411,-0.09836845,-0.5461683,-0.20012362,-2.0528827,-0.5652614,-0.07057761,-1.4316347,-0.6270482,-1.0919156,0.13304906,1.1283786,-0.14409107,-1.1238087,-1.5900913,-0.99056196,-1.665643,-2.5269969,-0.15267266,-1.7793193,-0.8604674,-1.7862092,-0.98743343,-1.6665294,0.70915616,-1.5821191,-0.55689865,-2.5190372,-3.814751,-0.44464877,-2.1217945,-0.59499735,0.43486947,1.4439898,0.9919289,0.5256663,0.75627494,1.1594262,1.1313884,0.56395,0.43930933,0.32535103,0.09215112,0.16599785,-0.16501144,0.22982731,0.27097043,-1.3235092,-0.4422246,-0.4863433,0.6947185,1.0472772,0.29097214,-0.05802566,1.3402478,0.99115705,0.3800231,-1.3775308,0.09892004,0.9981173,-0.4722068,-0.46037766,-1.1683371,-0.47639507,-0.8591374,-0.05122041,-1.2656009,-0.74752825,-1.2881036,-1.6291486,-1.0912964,0.28920487,1.2014207,0.32134593,-0.69945127,0.18251666,-0.47351703,-0.2877223,-0.3646041,0.30952585,-1.1596891
-1.4034774,-0.35667375,0.014671184,0.81870097,0.69714266,0.6137897,0.5273256,0.5280691,0.81537664,0.044348456,0.6711328,-1.1150502,1.5539328,-0.32567218,1.486037,-0.07445942,-0.8863153,-0.023961475,-0.3036996,-0.7754811,-0.26982492,-1.7063198,-1.6288295,-1.2300866,-0.67562515,-0.5244805,-1.5153818,0.17835487,-0.5792461,-1.1049148,1.0191181,-1.1957382,-0.46463498,-0.47919813,-0.05921292,-0.05430615,-0.04192278,0.81211066,-2.2375305,-0.79463375,-0.19291179,0.9852632,-0.8689465,0.2735814,-1.4448987,-0.7299648,-0.6298722,0.008577085,0.5276076,0.6207287,-2.5370479,0.65275574,0.74291146,0.9437839,0.87457365,1.0436617,-0.017010033,0.84191656,-0.032337368,-1.5751328,-0.39871714,0.33291626,0.9502773,-1.2682906,-0.13404442,0.1582865,-1.0354998,-0.53082126,0.9354537,0.39738747,0.002424634,-2.3850956,-1.4889289,-0.67586416,-0.72726655,0.026801512,-0.7591925,-0.22208352,0.10525293,-0.27764073,-1.0452121,-0.21592748,-1.0187552,-0.18940355,-1.2037737,-1.8348244,0.5510219,0.6324841,-0.3277561,-1.9445342,-0.5852607,-0.31368917,-0.9113423,-0.2720289,-1.0584064,-0.31295267,-0.4311596,-1.349504,0.50387305,0.1992271
0.1404264,0.16786927,1.4023925,1.1028848,1.4836353,1.1205283,0.61251754,0.92965984,1.1428759,0.7522297,-0.28490603,0.008594906,0.8491234,0.6264617,0.87279356,-0.11369949,-0.734116,-0.12428244,0.06031515,0.17763466,0.99826133,-0.3596515,0.13283549,-1.8466178,0.8082111,0.03664236,-1.2094189,-0.7444379,-1.1378461,-0.75543827,-0.32876208,0.47745937,0.52146226,-0.26751855,-0.6296789,1.4071193,0.7221157,-0.015310672,0.57118934,-0.9036436,0.39343956,-0.6020096,-0.35905656,1.5987569,-1.5051793,0.534273,0.12874828,-0.26179165,1.4639888,1.2473912,0.68625635,1.0880431,0.981605,1.6072571,1.7147174,1.2139196,0.86757344,1.2905495,0.24193318,0.34193006,-0.41695857,-0.12971117,0.24986517,0.5415748,0.6543261,0.85702735,-0.40421912,0.53521305,0.39666787,0.22461052,0.5035966,-0.9255325,-0.7998475,-1.0514581,-0.23892963,-0.6081179,0.23006822,-0.030213032,0.64671075,1.1718485,-1.4972421,0.86512244,-0.14182077,-0.44396242,-0.8572903,-0.07346922,0.3438629,0.23720373,0.294243,-0.805145,0.6634055,-0.526066,-0.14700216,0.58333606,-1.7062852,0.09507484,-0.9614367,-0.39560983,2.0173848,1.0232897
-0.94074875,-1.35242,-0.42613322,-1.074104,-0.9753632,-0.5277506,-0.38426656,-0.9149761,-0.59491926,0.95068365,-0.32406923,0.13097659,1.0413419,-0.4407491,-0.57852924,-0.99922526,-0.627448,-1.4225305,-0.5790816,-0.08259721,-0.6144129,-0.8150158,0.029063554,0.38038623,0.8358611,0.6372389,-0.88924223,0.7022213,0.9102446,1.3431188,-0.41058394,-0.7774588,-0.72914904,-0.31003293,-0.050223537,0.78291726,0.008556115,0.34569916,0.6047386,-0.6945552,-0.46312043,1.0725586,0.28054318,-0.54972285,0.12542653,-0.6540585,-0.31028774,-1.1685367,-0.559112,0.19839436,-0.48340628,-1.0906574,-0.98626393,-0.65739805,0.23357801,-0.28065982,-0.8513008,-0.49933898,0.1774222,-0.86424756,0.99033415,0.7752114,0.21241729,-0.7443183,-1.3382878,-1.5309644,-0.6941306,-1.1239324,-1.5002514,-1.1882321,-0.2979095,0.68272614,-0.4364779,0.98891836,-0.39070415,1.1638418,0.24138615,1.0266458,-0.9949572,0.9662608,1.2447861,-0.26110077,0.32678238,0.15969454,-0.04687636,-0.18963574,-0.16238822,0.64050174,0.6633288,0.18649058,-1.0564218,0.86726135,0.33628023,0.3057937,0.91867083,-0.48867142,-0.6966241,-0.35038525,-0.5565432,-0.050526783
-0.058701847,0.2600888,-0.30589497,-0.6824736,-0.47632205,-0.38759387,0.37967005,-0.41890973,-0.32240897,0.2592526,0.6609187,-0.2933493,0.051273897,-0.4680946,0.506681,-1.0215001,0.025018876,-0.56552154,0.064049274,1.2345097,0.1820125,-0.2569193,0.4468409,1.7603533,0.46555123,-0.50347614,2.198419,-0.29432288,1.535861,0.21128055,1.4324034,0.937895,0.15288785,0.122437246,0.053038128,-0.26570496,-0.7835693,-0.3884973,0.27978888,0.4998174,0.12667935,1.3101275,0.39193493,-0.3018372,1.8296064,-0.7170531,1.0541651,-0.26556212,-0.14320274,-0.13719091,-0.42388746,-0.20535871,0.12703384,-0.16880944,0.051215686,-0.17622375,-0.2928983,-0.36236086,0.3163074,-1.6493689,0.3777023,0.6489028,-1.4863975,0.52073306,-1.4460933,-0.57684046,0.117438234,0.86272615,0.34806877,-0.3540452,0.053337917,0.010456205,0.25262558,0.721479,-0.43957508,-0.21144016,-0.45645908,0.28974083,0.47653067,0.4330019,1.7783875,0.47169775,0.5778696,-0.17775217,1.8865601,0.7533427,0.44971234,-1.3070631,0.56435984,1.3598928,0.8276499,0.76588637,1.2511714,0.9675875,1.924177,0.22268167,-0.65751034,1.1236942,-0.94325864,0.08416319
-0.32959276,0.7784089,-0.19286644,0.98685384,0.60938406,0.4280359,1.5277038,0.4481422,0.2119041,-0.7048748,1.1133734,0.018088121,1.0564924,-0.17493054,-0.35886973,0.97290283,1.8990685,1.0069621,1.6820308,0.6480466,1.6504837,1.1622108,2.0075297,0.72207433,1.2232449,0.07709548,0.044548374,0.41881067,0.2785466,0.21271612,0.015622304,-0.105219275,0.26860085,-1.1272627,-0.8395206,-0.60732216,-0.06978032,0.4559716,-0.7825632,-1.2668216,-0.85818774,-0.9441979,-1.271528,0.45590115,0.5765935,-0.36926058,-0.5143971,-1.3504117,0.6488879,-0.9853761,0.21983668,0.42714706,1.6508595,1.1646278,1.0008161,0.333989,0.78192914,0.14634784,-0.43075356,0.83547974,1.0559425,1.2784046,-0.078421816,1.2447747,0.5065028,1.3874611,0.62412375,1.6600484,1.4879392,1.1224418,1.6750585,0.90831286,1.8481055,0.28608683,2.19702,1.2580042,1.2916665,0.5960526,0.48221576,0.29070458,-0.013102505,-1.157319,-0.67472863,-0.6839156,1.3548604,-0.6927414,-0.50066066,0.23643205,-0.5318157,-0.7565358,-0.61603934,0.6521713,0.5131701,-0.25777984,-0.2898674,-0.19088848,-1.3071617,-0.081755266,0.406996,-1.2732099
0.7045044,2.2652285,1.644421,2.598488,2.328934,1.2026966,2.2741573,2.3498647,1.0139543,0.31039253,1.8422363,1.910827,2.1146927,1.2614595,0.051499147,2.6427345,1.7728664,2.5658398,2.9449093,2.530398,2.7664332,1.5463983,1.4509798,-0.28992963,0.4309458,0.69007146,-1.1014009,0.39559406,1.3193215,0.1356682,-0.22421083,0.8285803,-0.37323365,0.016790988,-0.27761388,-0.4251101,0.1987908,0.14361115,-1.0377318,-0.0018315447,-1.2680928,-1.0045471,-0.5872978,0.42110312,-0.17030434,-1.6991926,-1.1308571,-0.54793674,-0.07035575,-0.8259703,0.8675484,2.6862195,2.6383398,2.3243408,2.068178,1.5279974,2.4371524,1.3513035,0.60785764,1.564372,1.7142365,0.6676316,1.9122753,0.94417655,1.5478317,0.19658916,-0.08942617,2.313579,2.2593596,2.2801404,3.0913568,1.3022833,2.5746667,0.9282516,2.5850084,1.7539197,1.2797825,1.5176244,-0.2232347,0.4798115,-0.21760188,-0.9069138,-0.8590894,0.65966994,0.6712867,-0.86962557,-0.4797333,0.7581946,-0.14310403,-0.5867521,-1.3954716,0.30323872,1.4277241,0.70212847,-0.88261366,-0.5789363,-0.8903985,-0.54307735,0.27855346,-1.0492147
-0.9993307,0.0776174,-0.56208867,0.6036214,0.09733735,-0.18951727,1.2391165,0.17379771,-0.45824406,0.5549778,-0.13324197,1.133588,1.1034608,0.4610171,-0.08241257,0.47879776,-0.73541635,0.24186859,0.73196495,1.0093321,1.7256211,-0.45764974,0.72027475,-0.13931277,0.86585903,0.9029046,-0.722181,0.23390868,0.8322218,1.4537097,-1.8507046,-1.7454253,-1.0075774,-2.0509613,-1.4288887,-0.64111465,0.63557535,-0.8806729,-1.1965283,0.107798226,-1.3815268,0.27033207,-1.7948673,-0.3302766,-2.3772457,-1.6120938,-1.8235607,-1.7868575,0.15622455,-0.55493855,-0.59496075,0.29004863,1.3040642,0.93530875,0.16176353,-0.8474642,0.7506243,-0.49123847,0.3739312,0.52662647,1.6687881,0.21985441,-0.73364794,-0.012452352,0.83878,-0.052150976,-0.6896682,-0.3066542,0.011892527,0.08923184,1.3447393,0.08144296,0.4085109,-0.002556744,1.6976197,1.6441729,0.83753824,0.40560064,-2.3583865,-0.65452415,-0.9115637,-1.4076828,-1.4582226,-1.0790538,-0.23886815,-0.6690894,-0.712711,-0.17993419,-0.61045986,-1.2788596,-1.8656085,-1.2614565,-0.53033507,0.021089891,-0.16383117,-1.6843148,-2.3434484,-1.3507584,0.037506737,-0.73935324
-1.4852016,-1.0640597,-0.64451027,-0.77278835,-0.72110754,-1.3753369,-0.4399244,-0.78958595,-0.9025101,-0.7991467,0.0035814077,-0.11398251,-0.76502305,-0.8915333,-1.0970163,-0.5051135,0.1824141,-0.9908452,-0.34270105,-0.6711351,-0.4953822,-0.61054754,1.1194391,1.373214,-0.47748566,0.25745255,-0.027574193,0.5980091,0.9899393,0.66500795,0.31141222,-0.41514188,-0.5180785,0.46061578,-0.091202594,0.9606607,-0.3859646,-1.9627389,-0.36372924,-0.31804532,-0.38425472,-0.24101967,0.51508766,-0.7596605,1.1410458,-0.9784153,1.5047517,-0.53724885,-1.7975259,-0.23887315,-1.5174208,-0.1967658,-0.10859493,-0.29963166,-0.40279594,-1.3888338,-0.65944016,-0.1661878,0.29815635,0.3437046,-0.21375534,1.0962037,-0.19858928,-0.24258217,-1.3933994,-0.92514235,-1.0223632,-0.4319977,-0.038838733,-0.78454953,0.02637525,-0.037185896,0.3087694,0.2302178,0.9231642,1.0028487,-0.51653236,0.77815735,0.37920767,-1.4939995,0.6476418,0.8222167,0.7594537,-0.46073866,1.0249655,1.0032613,-0.9214348,1.569569,0.85919785,0.41991198,-0.69781756,-0.6227307,-1.131381,0.18549995,0.27615932,-0.48119286,-0.8286877,0.29029202,-0.73348576,0.019807892
1.3314284,0.06556661,0.06698422,0.20541953,-0.123951904,-0.23650965,0.17785165,-0.3889246,-0.1525587,0.13856074,0.25259236,0.3344411,-0.49459445,-0.68854994,0.3623644,-0.27331427,-0.30099553,-0.78454095,-1.1641935,0.5760746,0.07431612,-0.5139799,0.062120035,0.67240304,1.2547565,0.26043928,0.20277171,0.93839514,0.53209203,0.15388931,-1.7574947,-1.5536788,-0.44360644,0.8892228,-1.2713565,0.43665394,-1.1536875,-1.0577222,-0.7936999,0.9916359,-0.70349514,-0.097696856,-1.0369002,-0.33583713,-0.4982524,-2.1353219,-1.1033635,-0.850493,0.38705087,0.10386849,-0.5747565,-0.2197659,0.19767068,-0.026522601,-0.0824305,-0.5084023,-0.29272345,-0.48001224,-0.07304478,0.41083542,-0.20829847,0.41302302,-0.19010216,0.6119735,0.264023,0.8612017,0.5502704,-0.09451419,-0.8148087,-0.66645324,0.17066593,-0.9186943,0.91791165,0.547268,-0.70533985,0.03494932,0.888142,0.55391514,0.24245948,-0.3289437,0.4249355,-0.28991452,0.3070032,-0.34919125,0.19252107,-0.2353812,-0.31798756,0.52914083,0.82206357,0.52759486,-0.28696072,-1.0109355,-0.74131113,0.37260652,1.1826402,-0.12119877,-0.6984129,-1.0983984,0.722526,0.85441965
-0.81718814,-1.2463521,-0.98645604,-1.8407482,-1.2521639,-1.0272479,-0.95547736,-0.61266583,-0.44312784,0.9493353,-0.44780844,-0.6172695,-1.2396122,-0.7972635,-1.876364,-0.67887175,-0.9988133,-1.6379622,-0.7527908,-2.8021123,-0.27578807,-0.57294637,-1.6959597,-1.1067475,-1.01631,-1.0440419,-0.84928024,-0.92217815,-1.5377343,-0.8090095,-0.014765025,-0.6912648,0.29832214,-0.36521643,-0.30056646,-0.9457269,-1.1188601,0.68934685,0.2098826,0.08753423,-0.9496398,-0.722398,-0.26598492,-2.5225813,-0.5785581,-0.29890707,0.048122227,-1.0412574,-2.160135,-0.4851541,0.25220916,-0.97656953,-0.27472386,-1.6390867,-1.3274381,-0.89758366,-0.90026057,-0.6820767,-0.16802621,-0.58508205,0.10254857,0.15708347,-0.6179634,-0.61671335,-0.537992,-0.36201403,-1.3492552,-0.8262092,-1.2864892,-1.2926061,-1.9008553,-0.23157473,-1.2145638,-0.99962145,0.7731427,0.13592413,-0.96795,-0.45310935,0.34110036,-1.3763252,0.19743271,-0.16267133,0.5834707,0.04840781,-0.063466996,0.090989105,-0.34371287,-0.22235836,-0.3582867,-0.102593035,-0.16830462,-0.20888755,-0.9789494,-0.4312224,-1.6285673,-1.7072307,-1.4408562,-0.3938819,-1.8010391,-0.37673658
0.34942755,-0.16349217,0.2749416,1.672294,0.017506126,0.48323506,-0.17397194,0.2703356,0.46429035,0.76332456,-0.5429038,-0.18953672,-0.34992942,0.92304844,-0.22375348,-0.32925123,-1.3125144,-0.35603952,-0.24932788,-0.48327833,-0.28115416,-1.2468795,-1.0480659,-1.5206175,-1.1823931,-0.6703281,-1.0970803,-1.4929284,-1.2469113,-1.5200722,-1.3663826,0.3488008,0.018210823,-0.2846123,-0.04641815,0.50058734,-0.47631454,1.5102518,0.5349811,-0.31032112,0.19245735,-0.72883904,-0.34274817,-0.77707237,-0.057789955,-0.22487089,0.19160217,0.5274852,0.24525267,0.47454605,-0.0667535,-0.346138,0.1703656,0.24309212,0.5790779,1.1727656,0.072634414,0.22712849,0.37644634,-0.33631915,-0.20953001,0.477381,-0.03924305,-0.20176105,-0.2334216,-0.5151153,0.9245993,0.8550941,-0.34200045,0.5332458,-0.28509787,-0.5262097,-0.21169192,0.39172223,-1.3950274,-0.5317768,-1.4495476,-1.3234464,0.8315546,0.51300424,-0.21039243,1.6978657,1.7758089,0.5636627,0.14337319,1.5690155,1.1828518,-0.7872911,0.75276035,-0.03206022,1.7131228,0.48724657,1.5413929,0.37392518,-1.2769759,1.3226445,0.72343725,1.9100679,-0.3098191,1.3526953
-1.4103808,-1.7009668,-0.62589705,-0.52430457,-0.6305159,-0.59181315,-1.4575354,-0.84117883,-0.34015402,-0.39976224,-0.18920383,-0.24001959,-1.0594879,-0.7084685,-0.38378248,-1.3831077,-1.1100503,-1.1146705,-1.5562226,-1.804081,-1.7051113,-0.741478,-1.6389732,-1.4926833,1.3656503,-0.7263943,-0.8043478,-0.0022129307,-1.5597185,-0.44509986,-0.2681163,-0.16406885,-1.1479697,-1.1534208,-0.87278795,-0.78837556,-0.63141525,-1.1293477,-1.1786113,-1.385404,-0.43982166,1.0133349,0.48959252,-0.4009155,-0.09735589,-0.9473214,-0.76822937,-0.7075211,-0.027157484,0.43110183,-0.61436486,-0.7702112,-1.4042454,-1.4114637,-0.85027665,-0.37138608,-0.97346616,-0.33265,-0.6266223,-0.1459643,0.24795173,0.5612014,0.27763188,-0.5685017,-0.6142143,-1.0066051,0.18805726,-0.90956384,-1.5621613,-1.2136563,-1.4830899,-0.53683114,-1.6779125,-1.0676242,0.009653814,-0.74004567,-0.4514131,-0.44553602,1.6711274,-1.0405607,-0.27323166,0.90880626,0.4523356,-0.3129828,-0.14797455,0.80141646,0.29412016,-0.4515835,-1.091386,-0.68548435,0.91366357,-1.0413626,-0.12419307,1.5338283,0.05971048,0.3066336,-0.3744493,0.9663036,-0.2963387,0.52272725
-2.4874685,-0.06382867,0.1292284,-0.23504305,-0.42497802,-0.22166555,-0.77460235,0.31156796,0.6503755,-0.0132923005,0.05460355,-0.19547345,-0.09525817,-1.141966,-0.17690113,-0.27993616,0.22864617,-0.07269208,-0.80558294,-1.2490271,-0.34829274,-0.6508034,-0.82455206,0.12083764,-0.4789553,-1.1543105,-0.39221257,-0.13032039,-0.9395091,0.36356714,-0.6901682,-0.10805134,-0.581542,-1.140776,0.33864814,-0.6616784,0.17483261,0.18732567,0.3789679,-0.67509556,-1.015157,1.7416964,0.12232938,-1.157487,-1.6749493,-0.043686505,0.19265078,0.56165856,-1.4013932,-0.80414504,-0.9567465,0.73902845,-0.38702247,0.38087803,-0.17801055,0.3454529,0.22398098,0.157786,-0.41139498,-0.6969497,-1.1468561,0.78512484,0.57647,-0.0074944156,-0.8081709,-0.40499458,-0.51100737,-0.21558942,0.4464296,0.41953692,-0.08425166,0.5039668,-0.9971861,0.4983768,0.036383204,0.08472684,0.80613595,0.032380417,-0.8548065,-0.5123498,0.23702607,-0.62098336,-0.8445335,-0.32303235,0.07322348,0.35976753,-1.0302737,-0.24530357,-0.17422022,-0.049991455,-0.1825989,-0.34291193,-0.5336872,0.75111103,-0.19107732,-0.3474019,-0.9992394,-0.27431676,-0.9649627,-0.56085825
0.08921811,-0.5488133,-0.026921049,-0.9615235,-0.37411523,-0.5226147,-1.2435462,-0.34688878,-0.36279383,0.21756718,0.7525484,-0.20871277,-0.09121729,-0.38980436,-0.12419579,-0.86042386,-1.0295304,-1.1492537,-1.4035639,-1.8748136,-0.9031655,-1.1734377,-1.2919949,0.088281676,0.42362055,0.6860726,0.15852903,0.68559045,-0.78681433,0.2749515,-1.881126,-1.408092,-1.0876766,-0.33135176,0.12989569,-1.7220305,-0.8047872,-0.20693569,-1.2293108,0.28788155,-0.40936235,-0.27699253,-0.29641962,-1.9616902,0.004557242,-0.45322698,0.7871159,-1.6497902,-1.6867491,-1.0026505,-0.6211157,0.07217624,-0.7507084,-0.6420935,-0.59509826,-0.650844,-0.32960036,0.037455183,-0.2901415,0.18853043,-0.026454363,1.2276307,-0.11394771,0.25851977,-0.059408452,-0.32011726,-0.9964897,-0.121460594,-0.6644735,-0.040546753,-1.121818,0.829869,-0.4236179,0.4303951,-1.5623865,0.24911565,0.8469754,0.3777913,-0.79461104,-0.55472755,0.9107104,-0.5041181,0.3501205,0.072596155,1.6430581,-0.013856598,-1.2525147,0.19849607,-0.7117166,0.25776812,0.424278,1.6841269,-0.21091816,0.7090362,1.0311934,-0.20305474,0.16554335,-1.0666535,-2.4572608,-1.2579812
-1.606964,-2.5973182,-2.8109024,-2.263095,-1.761195,-2.724675,-3.2920303,-2.1371489,-1.807817,-2.4888885,-2.4982593,-2.8213098,-3.5186028,-2.2439852,-4.169693,-3.8038747,-3.384253,-2.274777,-3.383046,-2.2780416,-2.4559875,-4.325598,-3.354568,-3.2017477,-3.546278,-2.1855295,-2.2358584,-2.0089521,-2.4481146,-2.0457737,-1.7089136,-3.387412,-2.133425,-3.0242379,-2.302673,-1.947011,-2.2742496,-1.7771647,-2.1522565,-3.986006,-1.8783482,-0.27034664,-1.0158061,-1.6589011,-1.4786016,-0.78692573,-1.9279969,-2.515552,-2.6949904,-2.3553023,-1.9515761,-2.1073177,-2.6737921,-2.025927,-2.2016802,-1.8337495,-2.160649,-1.6644552,-2.636475,-3.2799745,-2.3510008,-1.8638623,-2.5197508,-1.4096661,-1.326388,-3.665264,-2.2805574,-2.3671718,-2.0287704,-1.7832234,-2.5141077,-2.893162,-2.375026,-3.1987317,-2.2474363,-1.7502052,-3.9399629,-3.1474695,-2.1211193,-2.9084048,-1.5719618,-2.5201142,-2.4176033,-3.4778016,-0.6161227,-1.6204576,-2.249113,-3.2597258,-2.9232907,-1.0274436,-1.5555979,-2.5703087,-2.1733456,-1.2132293,-0.79929435,-1.9752538,-1.7354598,-0.6513936,-1.8458834,-2.5251887
1.2953329,0.9486779,0.7706978,-0.13508745,0.4951257,0.12709348,-1.2094758,0.55215037,0.7454418,-2.4635284,-1.1494082,-1.3788348,-0.61384565,0.11491706,-0.6726169,-0.45968527,-0.8228474,0.7209744,-0.91536343,-1.6194521,-1.8647715,-0.88198125,-2.1518168,-1.4476728,-1.8086606,-1.6988226,-0.47878373,-1.4727191,-0.9145639,-1.4980737,-0.45400447,-0.22491667,-0.36822113,-0.9379738,-0.8320398,-0.12541325,-1.3105468,-1.621447,1.2379727,-2.4402518,0.4864335,-0.9797169,0.49266952,1.3306664,0.11120473,0.7791369,0.349296,-0.69080365,0.3024065,0.12986897,-0.21709421,0.97530574,0.24191928,0.68058574,0.8355726,1.2522603,1.0494716,1.0762706,-1.8450092,-0.33340323,-1.0746945,-1.3352233,-0.4396656,-0.20295927,-0.24210572,-0.9547992,0.024428032,0.05892226,0.66593367,0.35195756,-0.028511997,-2.0161479,-1.5346459,-1.9569968,-0.4599808,-1.8307692,-0.81763256,-1.2058239,-0.67442495,-0.6619507,-1.1717079,-0.45388493,-0.6117037,-1.6326637,-1.4404577,0.10057659,-0.59162325,-0.47487548,0.38109773,-0.2324316,-0.73613024,-1.7532467,-0.5041129,-1.1265457,-1.0142995,0.5805305,-0.63685054,0.2804918,-0.16247918,0.21298876
0.07004499,1.5336977,1.4035515,1.2454989,1.8883824,0.5593263,0.6708321,1.608214,0.48000312,-0.4681994,0.68077534,0.16190936,0.7637997,1.0194496,0.54187286,2.42831,-0.16760382,1.6227789,1.2671723,0.10663659,1.0689099,0.5202356,0.4926601,-1.1396167,-0.31157807,0.3401286,0.5351832,-0.8871371,0.16795094,-0.42852336,0.5082841,-0.12052693,1.8330139,-0.3323468,0.57384884,-0.874052,0.017252797,-0.59379774,0.25971407,-0.8831104,0.94618446,0.49409953,0.6779898,1.4154149,-0.347534,0.284813,0.74219275,1.0561048,0.2946599,0.47262883,0.38708055,2.177862,0.7991325,1.7189023,1.6632415,0.93113685,1.5936291,1.3041192,-0.022597134,0.9381806,0.3688852,0.28915396,-0.68902814,0.8112766,1.4623535,1.5051221,0.46876815,0.7094041,1.7797328,2.0699985,0.7905215,0.67513615,1.7644292,-1.1155987,0.124382295,0.68695986,0.8099139,0.1631309,0.51166177,1.7236736,0.6415024,1.1859883,0.58764166,0.3887216,0.9409721,0.8712973,1.2009951,0.56410575,-0.31512994,0.7493539,1.9359902,-0.87803626,0.11223576,-0.03442471,0.58514875,1.4504259,0.8472531,1.1060578,0.2549357,0.9162714
0.48318654,0.790161,0.66828483,0.56195515,0.24993673,0.96349484,-0.47161695,0.4985406,0.0933328,0.8263975,0.20391469,0.59188974,0.74937457,1.3660738,1.3780954,0.7947874,2.0974262,0.35755947,0.6990004,-0.5344098,0.088490896,-0.25397244,0.33738583,-0.25897074,0.4831232,0.54541284,0.91127014,0.41748622,0.44784534,-0.7447057,0.39149582,0.055200495,-0.2239492,0.44658846,-0.45008603,0.91258496,-0.41766006,0.47153306,0.21844122,-1.5013175,-0.5132663,0.48171392,-0.100842975,0.1316543,0.7350061,-0.9573824,0.77363515,-0.06785814,-0.30840924,-0.607775,1.111029,0.94342047,0.35604733,0.8450869,0.1712011,0.50655186,0.61507624,0.2937223,0.726719,0.9921273,-0.15597433,0.6533531,-0.10337707,0.58179444,2.1856914,0.5928864,-0.13951963,1.1733406,0.47938377,0.8118187,0.82843536,-0.14248428,0.117146336,-0.5274978,0.7188411,0.8420952,0.8055574,0.40854207,0.7221453,-0.290502,0.25252303,0.36612675,0.54423016,-0.25860205,0.041998595,0.035384435,0.33312446,0.4358541,0.09634424,-0.535584,-0.50051916,-0.5694237,0.69455814,0.7367023,0.15812762,0.6734361,-0.9826514,-0.3037332,-0.645239,-0.036929507
-0.2832619,0.044238932,0.4620355,0.3696527,0.14299798,0.25508785,0.7812364,0.6764023,-0.48128667,-1.1421527,-0.79750896,0.48667878,-1.2172298,0.3271888,0.8091542,1.338598,1.7539961,1.0331475,1.3108515,0.5775797,1.077897,1.2903708,0.5979191,0.6183071,0.26952556,0.8897578,0.22383933,-0.27853227,0.1014084,0.06889032,0.47970462,-0.2564131,0.03336241,0.52578056,-0.4815015,-0.67359936,-0.60063934,-0.059918016,-0.6114486,0.4798981,-0.84692514,0.6150062,0.030029176,-1.7362615,0.86111563,-0.84432334,-0.16769394,-0.7793083,-1.910391,-1.1582096,-0.24952686,-0.082196206,0.59263843,0.8554405,-0.51798326,-0.47249955,0.9297847,-0.62428516,-1.6343489,0.7131888,1.1656125,0.13837136,0.84444785,1.6890905,-1.1550694,0.28242683,-1.8001939,1.975407,0.8220244,0.9894923,0.39393595,0.750605,1.4770986,-0.65065455,0.38633543,0.33648968,1.0503756,0.44791883,-0.057420738,-1.2235268,0.9944859,-0.51485974,0.54003,0.022633972,0.39094296,0.0035005575,-1.3246536,-0.7029208,-0.43045366,-0.8339219,-1.7922498,-0.9582941,-1.5220188,1.5082991,0.062474336,-1.519844,-1.3052295,-1.67158,-0.97667,-1.0323899
2.9959795,-1.2517277,-1.1437119,-1.2887769,-0.4608127,-0.16331758,0.9513652,-1.57253,-1.5890827,0.3223042,1.191238,-0.80389,0.022730444,-0.7167651,-0.054587364,0.5692149,1.416761,0.1169923,0.3713227,-0.43778384,0.2580786,3.0196965,-0.008026303,2.044773,1.165077,0.3529557,0.64687705,0.58542424,0.7134413,0.035812,0.13389598,1.7871065,2.5437925,2.0826967,3.1328175,0.1293851,0.6876514,0.49685663,1.5301137,2.5603716,3.190056,0.3901255,2.2624338,1.7887039,-0.088331014,3.7031136,1.7466633,2.7646437,2.0806549,1.5658249,0.054670203,-1.5170897,-0.6885851,-0.76233685,-0.4049318,-0.5642964,-0.97495604,-1.7182531,-0.03378878,0.45901266,0.5390251,-0.21889593,-0.24370347,-0.097191155,-0.35796627,-0.0137972105,1.6006676,-0.2887562,-1.0426303,-0.25675073,-0.13187367,1.0777551,0.14896342,0.84260654,-0.107408404,0.1443589,0.41591203,0.2519158,1.2523102,1.0616404,1.029368,0.7972606,0.03461467,1.7145584,-0.5658613,0.99353707,0.8915045,0.5370625,-0.05098025,1.3584726,1.9195306,-1.0208455,-0.7218689,-0.20866297,2.0592067,1.716967,2.2316377,1.022884,0.93521625,0.93978846
-0.038376786,-1.8298413,-1.8645155,-1.5569954,-1.4642168,-1.4012251,-0.7990017,-1.4648956,-1.1748306,-0.6262066,-1.5231503,-1.5989983,-2.2213728,-0.66411453,-2.1635032,-1.1052755,-1.6253208,-1.2649348,-0.3310661,-2.3946111,-0.6981809,0.14769356,-1.9840741,-1.8085185,-2.3152132,-2.4115899,-0.73482186,-2.0243733,-2.9603868,-2.331796,1.7693111,0.60569435,1.6567324,0.8544343,2.6223419,-1.7741452,0.48808753,1.2210603,0.87872,-0.9003165,2.4142644,-0.78917134,2.1660092,1.0152502,-1.255333,2.2197707,0.61898166,2.3045042,-0.40806347,0.9766329,0.43105012,-1.8272407,-1.3511318,-1.9577671,-1.0816643,-1.1987534,-1.535274,-0.9937168,-1.3407499,-0.78503263,-1.180902,-1.3853201,-2.2297165,-0.72333664,-2.0421972,-1.5601662,-0.051770344,-0.49310514,-1.6079334,-1.4874605,-1.910357,-1.5740589,-1.5171312,-1.4911213,-2.7087567,-1.8317314,-1.537348,-2.7329245,-0.57068145,-0.3914756,-1.3351444,0.5802034,-0.19387913,-0.5919426,-2.0719385,0.0064889384,0.36592895,-2.6603758,-2.6770115,-0.5586042,1.1440215,1.3025544,-0.3395439,0.3681178,-1.8702353,1.2373215,0.029803563,-0.10680932,-0.10353213,-0.12520021
-1.8220578,-1.8154852,-1.245245,-0.7673568,-1.7798394,-0.98236495,-1.4878509,-0.72280586,-0.9145157,0.27837417,-1.0192415,-2.3479266,-0.7580735,-0.34722984,-2.400551,-1.3420984,-1.8045665,-0.0069342656,-0.8301905,-2.0889616,-0.4521966,-1.1040547,-2.2578459,-1.8122841,-1.9814059,-2.3219929,-2.1246378,-2.1346657,-1.8307184,-1.9854715,1.4890975,-1.9397689,0.196714,0.2764894,0.4685767,0.11386278,-0.2910469,-0.7210013,-1.1314292,-1.1264606,-0.40813106,-2.5361536,-1.2534802,0.34082574,-1.2006147,-0.45271978,-0.5369721,0.17806032,-0.4119375,0.46814692,-2.7636616,-1.7026185,-0.79957294,-1.583278,-1.3968635,-0.5548957,-1.3897088,-0.88869673,0.20178287,-1.3769351,-1.1552515,-1.1379764,-2.0113707,-0.82157797,-0.55373436,-1.1925782,-1.8396934,-0.6246232,-0.67673945,-0.6259506,-1.9857762,-1.6016256,-2.2751925,-0.78473294,-1.0041425,-1.951819,-3.590441,-2.5968394,0.4977117,-1.6405097,-2.0583122,-0.6156124,-1.7043062,-2.3365974,-2.3279092,-0.6308449,-0.28184003,-2.3725479,-1.5720716,-2.501857,-1.290812,-0.6821221,-0.5326091,-1.6368222,-1.9782281,-1.2361312,-1.584371,-1.0642185,-1.4344338,-0.036123253
0.7071939,1.4216644,1.504339,0.9351767,0.6628149,0.55361766,-1.0997227,0.7961077,0.9670233,0.055093102,-0.49218318,-0.36836633,0.45464498,1.38785,-0.78384215,0.43343085,0.23982784,1.4302546,1.0173565,-0.21518552,1.9904474,-0.05781557,-1.3034694,-0.58337396,-0.8044412,-0.38265324,0.21396998,-0.696279,-0.39006403,-0.09826464,-0.23282294,-0.6863411,0.18354128,0.86594236,0.28755885,1.4667056,0.67101,-0.5003267,0.86016244,0.48417374,-0.40762287,-1.0487176,-0.37346423,-0.120099634,0.21903636,-1.1670667,0.64427394,-0.20951605,0.34893122,0.6464725,0.82713693,1.587295,-0.48392949,0.6262405,0.4947113,1.2236573,0.5816207,0.69563526,0.5972457,-0.44024602,0.07299915,0.6393875,0.64831907,-0.25477472,1.1482191,0.53115475,-0.72983736,2.074395,1.1085159,1.2021971,0.65319633,-1.7440484,0.9617071,-0.8604813,-1.3435601,-1.1524394,0.157498,-0.67809224,-0.4851248,-0.013070946,-0.80191094,-0.34430087,0.45854023,-0.0487519,0.13001254,0.32649586,0.65733826,-1.9498774,1.349539,-0.5620877,0.0332461,-0.553307,0.6082826,-0.8040366,0.082813025,-0.5912063,-1.1584026,-0.31226698,-0.5649601,1.4893833
0.19503579,1.0745175,0.84079343,0.2772454,0.56692326,0.38393945,-0.50998366,0.15817511,0.7741057,0.20067088,-0.18403758,-0.001329298,1.0446913,0.48163807,0.7530483,0.13697137,-0.46270657,0.43196687,-0.8229117,-1.1829575,-0.6168946,0.82921255,-0.4997474,0.63489324,0.96353114,-0.044622146,0.40270436,-0.11651899,-0.095363885,0.67783636,1.7148885,0.99011785,1.5796863,0.83489954,1.0989045,0.068310104,0.8089205,0.47768688,2.428719,1.4691739,1.1377923,-1.1876794,2.0787194,0.9050799,0.6688315,2.0743856,1.3172387,1.0177563,1.0409873,0.6685976,-1.4658154,0.5817502,-0.33570728,0.445205,0.53254694,1.1920264,-0.14028268,0.8566457,-0.06886201,-0.1747979,-0.8208688,0.8086952,1.0624034,-0.35200456,-0.016851505,0.20109776,0.26970673,0.6047342,0.08365129,0.21655816,-0.79709125,0.45614374,-0.061540175,-0.6256709,-0.2832314,-0.4821158,0.7766564,-0.1754855,0.26297444,1.3300322,0.38516244,0.5572652,0.09937689,0.844325,-0.5011256,0.23128,0.72973573,1.051756,0.82125956,0.47763732,0.080058865,0.5686321,0.2460511,1.9574497,1.185466,0.37601987,0.88357127,-0.050248943,0.21330434,1.0335271
-0.46179387,-0.06900039,-0.19176406,0.46145225,0.4019516,0.1697463,-0.19553155,0.5306009,0.7387185,0.083826445,-1.677986,-1.196743,-0.90071225,0.33941293,0.2023216,-0.2294892,-0.3191629,0.11654147,0.9641538,-0.9143766,0.74994546,0.25855356,-0.5249756,-1.4907476,-1.9555529,-0.12284865,-0.9448158,-0.33977696,-0.29125455,-0.3095252,0.7139735,-0.06220368,-0.08036446,-0.873671,0.2903972,-1.7330129,-0.3179169,-0.33739895,-1.331377,-0.48285607,-0.6995757,0.51290023,0.08808792,-0.106708474,-0.43897372,-0.029021025,-0.9877878,0.12802583,0.023977356,-0.17180386,-0.3770351,0.2753739,0.18023324,-0.4381837,-0.26834184,0.51110387,0.70928276,0.7060675,-1.0613098,-0.34852898,-1.2995062,0.40099594,-0.20084763,1.8548297,1.0900781,-0.74092156,-1.0321354,1.5040948,1.1800811,0.27804577,0.008619682,0.17173247,-0.40694717,-0.7504386,-1.079706,-1.194284,-1.5601515,-1.2481447,-1.1635276,0.30996457,-1.6848681,-1.1463057,-1.6546013,-0.5930149,-1.5066748,-2.426062,-1.359516,-1.0282512,-1.0084467,-1.5937508,-1.4728606,-0.22750627,-0.33196607,0.06873587,-1.6591008,-1.4731377,-0.74764234,-1.0142472,0.55070263,-0.88137615
1.5752734,1.1672581,0.6305436,-0.0046245814,0.21509777,0.47201774,0.4459344,0.5732015,0.484607,0.70889777,1.5708168,2.0921156,0.719608,-0.1633778,0.54573697,1.1199893,0.57646173,1.15391,0.54684496,0.76350045,0.7981827,1.931531,1.0515279,1.6541805,1.5713887,1.4882643,2.641759,2.2645643,2.017525,2.8695595,0.82474256,1.1361305,1.5143756,1.1423577,1.4732883,1.9175597,2.1801574,0.17060469,2.2181578,1.1731908,1.4301924,1.1992754,1.3127232,1.192487,1.7441386,1.2858001,0.6246444,-0.437924,1.0661654,1.1284152,3.199635,0.62192106,0.02600705,0.19747184,0.07738925,-0.00937561,0.9367522,0.15075918,1.0182922,1.6010318,1.6623375,2.071387,0.6117367,0.12211766,1.3306432,0.666664,0.9170312,0.16068497,2.310732,0.39870614,1.4000361,2.0518608,1.2462579,1.4692596,1.631086,0.9593132,1.0718311,1.6828808,1.1579148,1.4457616,1.532146,1.308453,0.5609594,2.2099009,0.7257138,1.0324467,0.7648864,1.8068892,2.4524364,1.477246,0.84608704,-0.186492,0.8544596,0.658656,1.6102662,0.3543214,1.087641,0.6490003,0.7551152,0.9272951
-1.3587165,-1.3484199,-1.5709791,-0.63606673,-1.4761665,-0.573292,-1.1422237,-1.4444073,-1.3033675,-0.107115045,-0.68976086,-1.1988149,-0.044056702,-0.5603238,-0.5115717,-1.0965176,-0.31696033,0.08734754,0.38266107,-0.6232832,-0.67189044,0.6943842,-0.7784093,-0.26565042,-0.15040813,-0.59385526,-1.3355802,-0.81838155,-0.8111628,-0.18977547,-0.669694,-1.335024,-0.46906495,-0.06793897,-0.30731714,-0.2951485,0.097096674,-0.33212873,0.7663588,0.003723485,-0.4271935,-1.7632152,-0.059156362,-0.7677551,-0.8009471,-1.0143346,0.43915904,-0.25865018,-0.18591063,0.043719426,-1.3529972,-1.3014029,-1.3985094,-0.9562434,-0.54539865,-0.76454234,-0.99259615,-0.8966351,-0.17010953,-0.6140419,-0.6045066,-0.26980904,-1.55758,0.6031632,-0.927697,-0.40276223,0.64677936,-0.62226295,-0.34210852,-0.6606252,-0.640458,0.3901257,-0.6716213,-1.0793828,-0.08704734,-0.59137064,-0.16037832,-0.06684862,0.50618196,-0.9591016,0.27578205,1.6306025,0.577118,0.3998132,-0.04715374,1.675066,1.1639249,1.1476091,0.28345326,0.84721565,0.44113597,-0.5242296,-0.84971553,-1.7521131,0.16922998,0.14400333,1.0657165,1.5653576,-0.29747593,0.6327179
-2.2685423,-0.3404136,-0.6217773,0.33012223,-0.7017806,-0.6439552,-1.6264735,-0.8285384,-0.8273935,-1.2480344,-1.0420417,-1.3532584,-0.10852116,-1.4656948,-1.0223353,-1.667761,0.16780686,-0.25681275,-0.20841734,-0.9714798,0.310732,-1.1251224,-0.18412396,-0.23790805,-0.7197703,-0.35048318,-0.121937715,-1.1443671,-1.0280675,-0.008480915,-3.6640508,-1.6489899,-3.347904,-2.5169435,-2.390202,-1.426666,-2.0795302,-3.5160663,-3.6496823,-1.8859489,-2.3654382,-0.74017763,-3.0712078,-3.0535688,-1.6620874,-2.2686417,-2.4815688,-1.8288151,-1.8859307,-2.3885787,-1.1172734,-0.5369818,-0.9273564,-0.16509226,-1.064918,-0.85491204,-0.47003934,-0.6087597,-1.0566053,-1.690897,-1.5194743,-0.8092376,0.18524417,-1.121116,-1.7044296,-1.5971668,-2.1180608,0.29542157,1.2024528,0.01788077,-0.116712846,-1.231952,-1.5601133,-1.5906963,-0.38166812,-0.6324333,-1.2737167,0.6875601,-1.791705,-0.8022234,0.26027477,-2.3734627,-2.53831,-2.4636927,0.61669964,-1.3127191,-3.0535562,-0.3926131,-1.7059716,-1.6180167,-2.0276737,-0.47331527,-1.9975798,-2.9336667,-1.070147,-2.280853,-1.7842736,-2.5665462,-1.5999502,-1.5971382
-0.5221533,0.54491687,1.4986383,0.47267878,-0.035320252,0.07287212,-0.758766,0.34103864,-0.3974632,-1.3288647,-0.606021,0.3942037,0.86420125,-0.19854078,-0.7860858,-0.3900832,-0.39884168,0.11396867,-1.2196413,1.0420222,-0.5258958,-0.13563168,0.54785764,-0.35673654,0.77288353,0.7878809,0.91639924,1.3654125,0.9209456,0.2692077,-0.06972505,-0.531787,0.25879592,-0.38028967,-1.944062,0.04201537,-0.9292881,-1.664357,-1.084707,-1.152269,-0.44168732,0.2670532,-0.5441957,-0.679391,-0.96296567,-0.4476231,0.46676642,-0.7494688,-0.5494259,-0.65968746,-0.7115034,0.6258845,-1.1067545,0.8441601,0.12801777,-0.3310901,0.7216833,0.17172487,-1.3881843,1.5474243,2.0064595,-0.02294206,0.23833837,-1.8908225,0.10875108,0.71060276,-1.1659007,-1.5565052,-1.1700848,0.18077956,-0.30872905,0.2766807,-2.2479625,-1.8483825,-0.39050457,1.2677196,-0.079958536,0.3747336,-1.0459926,-1.2473987,0.8437452,-0.56332403,0.27272215,0.7522943,0.6977945,-0.48749,-0.40539125,0.09333567,-0.20299208,-0.9072986,-1.0800945,-1.8719071,-1.072915,-0.17889652,0.36547208,-0.29914033,-0.32142574,-0.51690364,-0.8705216,-0.89721084
0.35890064,0.7627823,1.9824553,0.82526827,1.2631679,0.8904507,-0.8113478,0.67653245,0.79768664,-0.2767461,0.45577902,-0.35375145,0.4509095,0.19446294,0.8789439,-0.38225126,0.054897916,0.6626921,-0.4115813,-1.1326276,0.60936713,-1.0172193,-0.39243847,-0.41550654,-0.7430583,-1.368896,-0.82020974,-0.17863679,-0.4187087,0.17070822,0.060767613,0.3345242,0.73552704,0.6698284,0.686028,1.9299263,1.9699517,-0.29159254,-0.60204244,-0.54853505,0.30392036,-0.16632268,-0.51181483,0.07151751,-0.2523273,-0.12344382,1.6380235,0.052361235,1.1540555,1.2071567,0.87172395,0.32855245,-0.29503053,1.5106412,0.9500079,1.4108357,0.9418996,1.1119053,0.65294886,0.040060174,-0.29429165,0.83369005,1.3261229,1.0456014,0.9199177,1.5841659,0.014812964,-0.059122577,-0.74600464,0.6714455,0.81204087,-0.69975156,-0.68402815,-0.16643049,-0.57702506,0.11702358,0.6875636,-1.024725,0.12574248,-0.058569867,0.20682663,0.9293813,1.3572826,0.6551014,0.16285513,1.6343347,1.0962608,0.14749993,0.91453683,0.09764635,1.6400183,-1.25701,0.36292258,0.95938057,-1.2853286,0.35722896,0.36263034,0.2936888,0.76800835,0.8757333
2.0711312,1.700103,0.20457366,1.065719,1.3657221,1.1557995,0.38063553,0.82747966,1.1258658,-1.2946056,0.06771159,0.57594585,-0.4723534,0.49311796,1.5055655,0.048239764,-0.01472884,0.42258495,-0.3267146,0.47222877,0.30884674,-0.33276618,1.229738,-0.28247857,0.5561544,1.1200255,-0.7337638,0.72116184,0.105813764,1.1380354,-1.1661612,1.1851892,0.92708373,0.6335972,-0.2610062,1.640422,0.4222925,-0.25764304,-0.26318538,-0.40166423,0.7910748,0.16913067,-0.38034868,0.17214312,0.14473088,-0.6639137,-1.2339308,-0.8833599,0.7407067,1.56048,0.04451489,0.46770325,0.07126102,1.3498858,0.57571876,0.6594343,0.9455326,0.27967048,-0.16724236,0.8651267,0.27291417,-0.2552162,-0.25168833,0.20401931,0.00052132993,1.0990989,0.29391098,-0.81518495,-0.014546339,-0.053999923,-0.46709347,0.87163526,-0.53187364,0.07514855,0.59695584,0.670507,-0.41094226,2.2217948,0.55123013,0.19491094,-0.0966254,0.7034519,0.24454726,-0.3590869,-0.258385,-0.45341167,0.7381074,1.2542,1.3941125,0.113049716,0.23775186,-0.55719876,0.44857645,-1.9348608,0.89827406,0.4470589,0.89587003,-0.50622576,1.4007515,1.0662881
0.30390093,-1.0963955,-1.8820508,-0.9631443,-0.58404267,-1.2737101,-0.23933734,-1.6822865,-1.2387507,-1.5032153,0.8023212,-0.61193407,-0.7162312,-0.8864749,-1.3204609,-1.3948655,-1.1855052,-2.393076,-2.3803802,-0.22941753,-2.9681916,-0.030686537,-0.9161207,0.35429713,0.054659486,-0.38097107,0.021518635,0.35334402,0.32223344,0.657029,0.52247494,0.013372978,0.077639215,0.25529382,0.93104774,-0.21822223,0.5422594,-0.97136915,0.08172794,-0.21164417,1.7565284,1.101395,0.40298384,1.3050196,-0.6718106,1.5223598,0.2754108,3.0659142,1.143505,1.1503512,-0.52400506,-1.4000098,-1.3172216,-0.8508989,-0.55041885,-1.968451,-1.51275,-1.5066103,-0.86127687,-1.0186744,-1.2426915,-0.23194386,-1.085912,-1.9337556,-1.7987604,-1.109099,0.016358241,-2.5046022,-2.3275673,-1.9232222,-1.2587624,-0.80501527,-1.1372298,-0.9585554,-2.3644009,0.30892947,-1.0071565,-0.16178486,-1.2883457,0.91860515,-1.0035994,-0.4918569,-0.84031963,0.3663913,-1.4106333,-1.107314,-0.23004512,1.0063833,-0.42604282,-0.5136265,-0.13512447,-0.17391782,-1.2836134,1.0473593,1.4747654,0.49236596,1.0921333,-0.85731936,0.90185547,-0.18248302
0.40273863,-0.59313166,-1.1242993,-0.6867039,-0.73765635,-1.0711516,-0.66002107,-0.7214341,-0.788643,-0.36970675,-2.1466286,-1.2833899,-0.22971101,-1.4457251,-0.99240947,-0.15389882,0.30844137,-0.48025036,-1.1196554,-0.621148,-0.39901468,-0.68399376,0.1554397,0.36344153,-0.35674915,-0.64017254,-0.4181254,-0.07973157,-1.7457297,-1.2674744,1.7817025,-0.43939552,0.93023354,-0.026045954,1.0867406,-1.2705957,-1.0584304,-2.0053985,-0.70789456,0.1325827,-0.42305216,0.16965133,0.35538977,-0.5039335,-0.5461341,-0.105556384,-0.091372356,0.5575565,-0.61231124,-1.2831987,-1.6771203,-0.652776,-0.8745926,-0.91008496,-1.3069913,-0.68004894,-0.6152262,-0.9155181,-0.19101746,-1.2703549,-0.7074432,1.0598587,-0.79114515,-0.17410946,-0.5059615,-1.4843233,-0.8581137,-0.36081234,-0.91628397,-0.54455996,-0.4614032,-0.7817969,-1.4211854,-1.5517585,-1.0622689,-1.3026885,-0.8788294,-1.3024861,-0.6654998,-1.4083978,-0.8228131,-0.80203056,-1.172552,-0.11852463,-0.8922552,-0.90122026,-1.16718,-0.7796234,-2.2375174,-1.0380489,-1.1737294,0.038899966,-0.9048417,-0.9166215,0.13994536,-1.4122816,-1.4376191,-1.7829129,-0.9002555,-1.607706
1.9550666,0.09318126,-0.042647503,0.5051633,0.3611232,0.2440686,1.2128102,0.501958,-0.09964411,0.86046135,2.0236866,0.891222,0.12040391,0.47844627,-0.10310103,0.9301938,0.08957416,0.95332736,0.19078259,-0.5835555,1.0899186,1.730215,1.0979934,1.7598678,0.25124094,0.42829862,1.8660127,0.3466239,2.207746,0.4817612,-0.8329387,0.041224986,1.1447804,1.2161568,1.4653393,0.8577375,0.7274272,0.6220616,-0.16528188,0.12613733,0.6811844,0.55349016,1.4700078,0.82968223,0.95026314,0.47895417,1.3593208,0.060301445,0.9159728,-0.13569039,1.6148694,0.44954365,1.1929669,1.1124408,0.9346258,-0.05109757,0.7320071,0.03987716,0.90472823,-0.18855825,1.5565438,0.30289233,1.2696723,0.20815796,1.0555574,0.0076012257,0.1929804,0.1715239,1.323314,0.3668949,0.722298,0.59532577,1.0433723,0.37811506,0.35454783,1.3270395,0.82527256,0.6327345,0.40122214,1.6426872,0.94670874,0.782507,0.94621116,1.0183759,1.3416895,1.6013883,0.7921198,-0.9110339,0.5714579,0.4291876,0.23669767,0.12325136,0.72614646,-0.09475477,-0.072995156,0.114336416,0.0057514827,0.77330387,-0.4322201,-0.13236906
0.29230958,-0.2823707,0.27171078,0.09453014,0.8817788,0.8697561,1.4108096,0.32343718,-0.145863,0.44464704,1.0884153,1.1637887,0.51265204,0.10402987,0.4330546,1.1368936,0.7554794,1.1812463,1.4234133,1.0106947,0.53766865,1.2473449,1.8542191,1.2150395,-0.15500349,0.69694895,0.71177447,0.5155785,0.5304623,0.9434288,1.5066804,0.8045269,0.34818584,1.0478591,1.0070783,1.357667,-0.7736965,-1.7250317,-0.13340989,1.0996119,0.022361686,1.0657518,1.477555,1.491972,0.7807881,0.32780632,0.40577558,-0.3585462,0.25626636,-0.17078593,-0.3386218,0.3574491,2.0377846,1.0188636,0.7381535,0.39526254,0.42240843,0.31638438,-0.39083707,0.013511372,0.1349823,-0.60007006,-0.162732,-0.2016435,-1.1933448,-0.7285502,0.61892104,0.5412906,0.810651,0.53850037,1.3882371,0.4044459,1.7910134,0.4472678,0.5539737,-0.275261,0.74571776,-0.0025579142,1.3632224,0.18210956,0.28480545,0.30046877,0.6904989,0.22823821,0.9388238,1.2290087,-0.012751165,-0.47129506,0.3380014,0.48450863,1.0637221,-1.3009624,-0.31564045,-1.1879405,0.061326433,-0.9578598,0.0644429,0.019433156,0.616187,0.2837045
0.72381413,-0.21246168,-0.71551806,-0.5385044,-0.31176096,-0.0833765,2.0357838,-0.5590807,-0.8089969,-0.9520216,-0.5190351,-0.68444955,0.10548612,-0.89525896,-1.1110057,-0.14993499,0.65035844,0.09139676,1.9049256,2.1262243,2.0248885,0.663669,1.8451742,0.74110156,-0.74229485,-0.62660426,0.8468061,-0.9273072,1.6053243,-0.595185,-0.69155556,-0.50550264,-0.81703997,0.05113965,-1.0658512,0.52626604,0.09460723,-0.37428063,-0.8847634,-0.104723684,-0.2966945,1.6218039,-0.40466362,-0.7742937,0.39876688,-2.0177271,0.3943271,-0.20853953,0.039514862,0.42947868,-0.9896416,0.47534475,1.2479324,0.18159725,0.5035443,-0.16292596,-0.2985913,-0.510948,-1.0276169,-0.91630316,-1.3382764,-0.5176426,-0.20125502,-0.46524927,0.41493502,-1.9126433,0.8678211,0.59424645,1.1232712,-0.43386376,0.4839108,-0.26274654,1.6286803,0.18704338,1.0663654,-0.8080959,0.37524012,-0.0026640217,1.1194258,1.2753435,0.008261636,-0.10939144,-0.77092916,-0.46645778,0.1737065,-0.2591751,1.1723485,0.6510916,1.1174247,0.98397905,-0.07200363,-1.623691,-0.71758443,0.7103664,0.5171962,0.4555368,0.32189456,0.20506261,1.0471945,1.1160994
-0.0039864522,-1.1960995,-1.6086373,-1.4660192,-1.2946309,-1.6692798,0.8136351,-1.3853099,-1.0249487,-0.86763334,-2.8259683,-0.5360045,-1.0851717,-1.6793274,-1.1812824,-0.5610094,-0.5677873,-0.84603757,0.64797795,0.40381777,0.56720185,-1.0705225,0.44213614,-0.49824148,-0.37708488,-1.4908255,-0.53224534,-2.314986,-0.6081366,-1.4428148,-0.32626137,-0.43473426,-1.5641587,-1.1004529,-1.9222745,-1.1615764,-1.8538536,-0.955789,-0.52561265,0.18552463,-0.4905768,0.23955606,-1.9928025,-0.25219652,1.1225793,-0.98037,-0.47213277,-0.95710284,-0.6873576,-0.6950754,-1.3473899,-1.3055658,-0.037570033,-0.9443076,-1.1073987,-1.5380152,-1.2708243,-0.9529187,-1.8211575,-1.4492699,-0.08798363,-1.8007306,-0.58910084,-1.5140786,-0.7387566,-0.57478917,0.72785515,-0.26210243,-0.33631673,-1.317834,-0.7419308,-0.67667264,-0.21045229,0.60983646,-0.037598144,-1.3286732,-0.08052662,-0.31440237,0.3261802,-0.611177,-0.14524592,0.029787187,0.9714522,-0.84537876,0.77621394,0.3335898,-0.60453296,-0.17806022,0.21563934,0.7570554,-0.3520205,-0.68903935,-0.67296344,0.5069824,-0.8840617,1.4487685,0.44170898,0.84934074,-0.56562144,0.2152511
0.6292948,0.73867,0.39516348,0.50171024,0.95452476,0.63795507,1.3801609,0.91103566,-0.07299624,-0.2589715,0.2788258,0.33265355,1.0953733,0.41173962,-0.28713506,0.9008148,0.5073896,0.8920543,2.5443518,0.26441583,1.4651716,0.557383,0.6430372,0.6642907,-1.2460514,-1.0090218,-0.61992776,-0.6620788,-0.40747258,-0.43186292,-1.2212803,0.55241686,0.11509093,0.58004016,-0.90513194,0.0052869604,0.8661469,-0.061770435,0.26591444,0.2642781,-0.048808277,-0.9990303,-0.7282775,0.81609994,-0.14525987,-1.7792768,-0.3645521,-1.5203049,-0.59461766,0.6046867,-0.4322042,1.5771055,1.8727332,0.9548235,0.9821992,0.5125827,1.2207752,0.0020200857,-0.7873866,0.58661515,1.179427,-0.6661382,0.50954723,-0.64330244,-0.7947715,0.26473308,1.3430905,0.60276884,0.48216102,1.0032483,0.3820614,1.6746668,1.6228205,0.20992757,-0.49801025,-0.48108208,0.026014417,0.56684166,0.83702606,0.5590771,0.7747117,0.19356838,1.3502852,-0.2873428,0.24923672,0.9356295,0.7543162,-0.21429637,0.8691538,0.78666896,0.9713356,-0.85754627,-0.3810505,1.2034129,-0.88005024,1.232473,0.4171842,1.1495525,0.47565418,1.155526
-0.7237126,0.9174674,0.04392993,1.2036297,0.14670824,-0.23393962,1.2382778,0.3443514,-0.58996624,0.14883398,-0.03877016,-0.23312046,-0.02276689,1.387271,-0.25422284,1.2758102,0.40106517,0.87483877,1.8431159,1.2353823,1.695225,1.65726,0.7838626,-0.98149073,-0.7247735,-1.1435636,-0.2735526,-0.3121424,0.100838594,-0.10324159,-0.34635803,0.31447402,0.35177752,0.7994833,0.4215039,-0.099483624,-1.6275226,-1.5342449,-0.526367,0.36856276,-0.2795156,0.54747105,0.36900207,-2.378339,-0.3155617,-1.6668012,0.703513,0.08835257,-0.62365246,0.4081933,0.5742773,0.9018151,1.2071892,0.14875796,-0.13980065,0.32833546,0.6937208,-0.831017,0.009200084,-0.016550966,-0.39762825,0.24770302,0.20646766,-1.487726,0.52111286,-0.32408494,1.0337965,0.70319813,2.5416632,0.61090493,1.6564623,1.8780376,0.37370133,0.31753308,-0.34180796,-0.47946012,-0.21887769,-0.25370145,-0.024015937,0.17385884,0.70120287,1.5033629,2.3921754,0.8827098,1.5620881,1.7411615,-0.22368988,0.47822732,0.029877584,0.39132178,1.21492,0.03320337,0.14243583,-0.8210147,-0.69106036,-0.061065387,0.5193292,0.6171971,0.3677845,1.1679316
-0.8705801,-0.5959916,-0.24049568,0.17685145,-1.0838442,-0.43443453,-0.41389406,-0.8506666,-0.66265273,0.30882162,-1.1405752,-0.36375296,0.9392105,-0.12119992,0.15776601,-0.44305658,-0.34166023,-0.534663,-0.5579115,-0.18197039,-0.66820294,-1.6561803,-0.36101532,-0.059722412,0.29342738,-0.7146794,-0.92351973,-1.0995767,-1.4020646,-0.09644114,0.22510359,-0.03486102,-0.6552101,-0.47463027,-1.3530002,0.61314386,0.32361475,-0.57778525,-0.59055686,0.8012759,-0.15470894,-1.3129085,-0.8223244,0.19200513,0.5185741,-0.061067995,-0.46382755,-0.5821674,0.17669849,-0.011613402,0.87731487,-0.10568675,-0.011982656,-0.667014,-0.93489987,-0.68914235,-0.48796597,-0.15051407,-0.41808933,-1.6391803,0.84087104,-0.24576215,-1.591772,-0.5830809,0.99345183,-0.4215201,0.13080257,0.09812569,0.7687293,-0.14804852,-0.74715143,-1.4031758,-0.25100797,0.40018854,-0.13012151,-1.0209281,-1.2275374,-1.1237391,0.17819835,0.092652455,0.19115776,1.3249046,1.3568596,1.0078639,-0.005216755,0.54941034,0.48897266,-0.4867533,0.08248575,-0.025228793,-2.6423686e-05,-0.21904321,-0.13363115,-0.6862553,-0.41915753,0.09662215,-0.101321496,0.6529722,-0.34304067,0.30671132
-0.2511449,-0.93358815,0.03157153,-1.3368038,-1.1860306,-0.8751892,-1.519543,-0.8919057,-0.28765798,-0.24486706,-1.8279008,-0.34877616,-0.51111025,-1.0670221,-1.8052281,-2.0239332,-1.6414212,-1.4221051,-1.5884693,-0.40620363,-2.155994,-2.6941414,-3.3330274,-1.682219,-0.8484246,-1.5275209,-1.0174447,-1.4898512,-1.4919392,-1.288775,-1.8123375,-1.4185828,-1.4206339,-1.9949404,-1.9113756,-0.26095375,-0.31996188,0.15273216,0.07271378,-1.2584113,-1.095907,0.046238735,-1.5873781,-1.253365,-1.2488503,0.22092979,-1.1164259,-0.45918515,-1.4062588,-0.6679408,-0.34574643,-0.31240588,-1.2922516,-1.0719107,-1.0218891,-1.2604374,-0.9413454,-0.45237586,-0.5539351,-1.4719573,0.21158929,-1.1012627,-0.6191121,-0.33960775,-0.32366037,-2.3012085,-1.4934667,-0.23828405,-1.1721313,-0.9980475,-0.8798634,-1.6425524,-0.8991626,-1.139797,-0.7362113,-1.3213211,-0.7898571,-1.758448,-1.8539754,-1.2175773,-1.9348571,-1.6155884,-1.7572187,-2.1480823,-1.8401704,-1.1487215,-0.5800281,-1.5205605,-0.84456086,-0.58692455,-1.2832993,-1.0142131,-0.6403819,0.11326908,-1.4515646,-0.7651773,-0.46259752,-0.9213827,-0.7965886,-0.58960253
-0.80827355,-1.320143,0.2114276,-0.402309,0.19545977,0.7785902,0.4503516,-0.8408986,1.5704687,1.4337499,0.5999431,0.52171797,-1.6163197,-0.16142942,-0.52542454,-0.7707589,-0.64805734,-1.451273,0.18246922,0.8949633,0.050304554,-0.64081436,-0.3667271,-0.8467187,-0.23931195,0.80890685,-0.27163506,0.4154571,0.2467701,0.7113719,1.0669261,0.38169372,0.17600448,-0.3714161,-0.21363936,0.79960954,-0.13727714,1.2946894,-0.14754462,0.42721343,0.09795288,-1.3208374,0.070830956,-0.8625589,0.12681365,0.06905358,-0.11330123,-1.0620482,0.4084839,0.70126396,-1.0542501,-1.036129,-0.16223355,-0.5125641,0.69944805,0.4683745,-1.2334236,0.69505143,0.033264633,-0.8446135,-0.6556284,-0.8641117,-0.3454149,0.5863359,0.8329622,0.22059815,0.40261152,0.54889977,-0.4366753,-1.2710664,-0.22570217,-0.5803986,0.100845315,2.5494845,-0.030243387,0.10829198,0.034589082,0.73850864,-0.05513482,-1.0835063,0.03327985,-0.25719625,-0.121898435,-0.4859947,-0.23617548,-0.62289,0.5822536,0.43113786,1.0554839,0.53156495,-0.296132,1.3220146,0.42937475,0.5807275,0.05712729,0.0065620225,0.0070586153,0.9279533,0.098513626,0.23953977
-0.9080038,-0.9202622,-1.056998,-0.6263314,-0.4536137,0.5002503,-0.110495925,-0.6431661,0.74341255,0.8438255,-0.49986023,0.031044068,-0.56681657,1.3947331,0.5745992,-0.96962905,0.081315994,-0.825968,-0.64266974,-1.1373078,-0.4697086,-0.4665783,0.5466067,-0.41935524,-0.27599663,0.17270993,-1.4554292,0.059588265,-0.28798538,-0.94607854,-1.1233988,-0.31064343,-1.7506528,-0.8249457,-1.745905,-0.74846697,1.3088964,1.5249228,0.32697436,1.3744631,-0.056088064,0.10663968,-0.95276445,-0.100642584,-0.71293116,-0.33234152,-0.52503806,-0.33496526,-0.18570484,0.53172255,-0.35433728,-0.5673018,-0.019077372,-0.8109575,-0.07276173,-0.17129062,-1.3035188,0.51340705,1.3508854,-0.45253497,-0.4975483,0.60736775,1.3068426,1.7498752,0.008827951,-1.0126299,0.38821396,0.41996804,0.48540375,-1.0077587,-1.0354149,0.39112654,-0.0052194353,1.4929572,0.8310709,0.18006405,-0.18068162,0.71411645,0.51983607,0.54583925,-0.6152549,0.06108285,0.05057903,0.9939011,0.023982352,0.47088307,0.3269182,0.44737563,0.029594101,0.83786166,0.25878426,1.8264872,1.8732898,0.039978065,0.768982,0.12969603,0.59700096,0.5501034,0.5845292,1.0420678
0.1111798,-1.225426,-0.90616846,-0.6256813,-0.5783737,0.51435196,-0.010571607,-0.4162447,0.07625042,0.67078745,-0.5376619,-0.7107438,0.20988794,0.970866,-0.40356138,-0.67923796,-1.7947376,-0.99251044,-0.15673192,-1.0803343,-0.22393943,-1.4180412,-1.5649647,-1.6409528,-1.1309581,-0.5208516,-2.2213962,-0.35192332,-0.657603,-1.2532153,0.4899534,-0.8545542,-1.3594439,-1.3341322,-1.4456822,-0.6865987,-0.44272497,0.7904849,0.867072,-1.4777182,-0.9061333,-0.6449802,-1.8217696,-0.3286363,-1.2520858,-0.02471829,-2.1264455,-1.7457621,-0.97233725,-0.6215548,-0.5971069,-1.189234,0.513411,-0.38763174,-0.048400022,-0.07669627,-0.42806122,0.24419779,0.28993866,-0.5460304,-0.6979792,0.35624433,-0.06251841,0.59639496,0.04048957,0.4451158,-0.94506973,0.13450961,-0.35790604,-0.7026136,0.5765955,-0.13148518,-0.53569067,-0.38355395,-0.43200406,-0.15472803,0.83291006,-0.93173224,-1.3054123,-0.37388188,-1.7159685,-0.46292844,-1.3961446,-1.2533613,-0.99895227,-1.4653593,-0.68963045,-0.41533554,-0.56923884,-0.809743,-1.2058095,2.1127443,1.6996568,-0.956544,-0.86871225,-1.107502,-0.74967766,-1.900698,-0.36513445,-0.27711725
0.40337873,-1.8088212,-1.3364058,-1.6944131,-1.1164321,-0.35019812,-0.5979005,-1.9393641,-1.8436453,0.9517165,2.249864,1.5840805,0.694809,-1.9217058,1.2815486,-0.9319131,1.1020391,-1.5240281,-0.65283406,1.4464401,-0.7139662,1.3838099,0.68626577,1.3132619,2.0923426,2.848981,-0.45593482,3.5984852,2.0916893,2.032271,0.60924286,0.6798965,0.058655865,1.2096928,0.64470905,1.8701769,1.7643807,0.68754166,1.9613076,2.327904,1.8696538,1.3959597,0.47662014,1.7465719,-0.6157921,1.6331499,0.75921285,1.9362922,1.3643198,1.7508044,-0.6715899,-1.6739888,-1.6476643,-0.8745352,-0.67898643,-1.1071101,-1.4686337,-2.0930707,2.173806,0.8516215,0.7447185,-0.549892,1.0896157,-1.2927558,-0.8269424,0.70050985,1.6078259,-1.536702,-0.78943145,-1.5122617,-0.18235667,1.1728141,0.92088366,1.1502138,1.3622754,1.7046156,1.4272742,1.9376248,-0.39199087,0.809349,1.3694755,1.4414924,-0.43762827,1.4521756,0.20613886,0.8628429,2.453784,3.2131944,1.6103328,1.8404382,0.34370995,-0.98451555,0.61404663,0.90918523,1.5591894,0.28910622,1.9789678,1.8406167,1.6005981,1.0674498
-1.1405044,-1.3948991,-1.7984598,-2.5528421,-1.958185,-1.9024998,-1.4966286,-2.2440262,-2.0894947,-0.16630279,-0.48474985,-0.43767378,-0.30892038,-2.1255114,0.26040962,-1.5191367,-0.26071817,-2.3582263,-1.5627036,0.14528254,-1.3815364,-0.1683654,-0.5966687,1.5329908,0.51511645,0.7672448,1.7190248,1.0684772,2.0539885,0.35906285,0.20600848,-1.5174987,0.12009027,-0.14538202,0.22771958,-0.37160084,0.48693395,-0.22696903,0.5944565,0.20646814,0.033815928,1.9796462,0.8984551,-1.201272,1.0312699,-0.35741532,1.4199241,0.24655946,-1.2129502,-0.54761165,-0.9955162,-1.815392,-2.1490912,-1.8819165,-2.3124108,-1.986049,-2.5528235,-2.3835638,0.12856542,-0.572105,1.0669227,0.018087523,0.14490312,-1.5678694,-1.2488463,0.2380365,-0.40442976,-0.8778753,-1.3652618,-2.1719189,-2.054518,0.68403226,-1.1921446,-0.03772136,1.7502396,0.6024153,0.87817836,0.90250814,0.5001551,0.2380382,1.4376144,0.10448528,0.4255527,-0.5953375,0.4999718,1.1888127,-0.7451165,0.4638545,-0.65299994,0.50677913,-0.45377144,-0.39613476,0.4942727,0.6963061,0.93791866,-0.65196866,-0.13310707,0.5476959,-0.9985272,-0.42146984
-0.7517948,0.095525265,-0.3675148,-1.030671,-0.59273523,-1.6676445,-0.52954996,-1.2269799,-1.1535056,-0.36574814,-0.16553804,-0.61456853,-0.39308178,-0.9812631,-0.4018486,-0.6274712,-0.24089283,-0.7612416,-1.0884256,0.967936,-0.35489964,0.15364136,-0.022541134,0.65349394,0.75884455,-0.11477588,2.205395,-0.38366133,1.1991442,-0.094809525,-1.0088556,-0.7285625,-0.5876597,0.34551683,0.6543485,0.57074773,-0.65260804,0.027331004,-0.048485477,0.9670684,0.17479335,1.017356,1.1650236,-0.276167,2.1330485,1.2949965,-0.4816473,1.0563544,0.83615404,-0.9633689,0.03622051,-0.9655743,-1.3936391,-0.95896393,-1.5545993,-1.0064996,-0.9369742,-1.1077678,0.20123355,-0.7610739,-1.2479696,-1.1214899,-0.24574861,-0.76411515,-0.612498,-1.1175016,0.81876206,-0.26680464,-1.4475816,-1.2249079,-0.38043833,-0.18031383,1.2652013,0.6577108,0.54821974,-0.11707888,-0.7631904,-0.6171977,-2.0275493,-0.92346823,1.119057,-0.3337866,0.20951055,-1.1781882,1.1470772,-0.112327404,0.22624454,0.10747623,0.11402666,1.0131775,-0.8019026,-0.31449443,-0.04314137,-0.11814372,0.9399103,0.9828425,1.8165189,0.9916062,-0.23483637,-0.16179201
-0.6777292,-0.3619167,-0.24468917,-0.93279004,-0.20475604,-1.0352374,-1.0393188,-0.71434516,-0.7290393,0.31611532,-1.4979919,0.042287562,-0.17392065,-1.3758757,0.5312262,-0.98790866,0.66175985,-0.3888155,-0.01803201,-0.2750796,-0.9283833,-0.36597574,-0.036521062,0.477235,0.61341923,1.1775546,1.1601354,-0.23724969,0.35030362,0.033549268,0.9565732,-2.13589,0.5688504,0.636441,-0.01575174,-1.7216702,-0.9136183,-1.4296641,-1.5412965,-0.77237165,-1.2281876,-0.25866362,-0.47023055,-0.6146927,0.43524763,-0.9300542,-0.49174398,0.09088147,-0.91852236,-1.3611252,-0.48636404,-0.863529,-1.2738831,-1.0073061,-0.6936158,-0.99158424,-0.758327,-1.1404244,0.3648628,-1.298572,-1.053244,-0.13130791,-1.0751959,-1.6515582,-1.2241006,0.6975698,-1.5312613,-0.09490515,-0.09157715,-0.74806327,-1.3738755,0.3852379,-1.0649348,-0.97829825,0.26214397,-0.10188045,-0.82962674,0.12651749,1.0129353,-1.4673934,0.45866615,-0.990459,-0.3946934,0.25527775,1.3021661,-0.5703488,-1.1279075,-0.061271116,-1.498447,-1.2633063,-0.18399477,0.24223472,-0.6503193,-1.4638749,0.28892785,-1.5707973,-0.16446105,0.35953173,-1.552574,-1.3007267
0.026742682,-0.0035381108,0.22227041,-0.6997068,-0.14220744,-0.33606413,-0.41752842,-0.3175672,0.3662111,0.17775664,1.1059728,0.34877685,-0.48204702,0.20557778,-0.23865645,0.33219764,-0.65282476,-0.56105524,-1.237669,0.7270801,-0.17442068,0.36584923,-0.60457563,0.50883037,0.69852275,0.03913057,0.63011974,0.3391038,0.22885162,0.73306257,1.8317399,0.9493823,0.015612529,1.5516475,2.35025,0.49909478,-0.18563771,1.4022838,0.55081224,0.09732576,1.9275103,-1.0616055,1.5541666,1.5194881,1.053678,2.0024037,2.0427413,0.68657583,-0.024214396,0.91446894,-0.09325761,-0.11951473,-0.30219188,-0.72986287,-0.33968312,-0.28285676,-0.20612213,0.4465998,1.0441029,1.5262834,-0.52278346,-0.5270668,-0.7332941,-0.015492873,-0.10827025,0.15309706,1.1261576,-1.3614612,-0.23709711,-0.81499237,-0.13281758,0.1263494,-0.57568675,0.31335154,-1.1361866,0.42115712,-0.88106406,-0.08440446,0.63880557,-0.09825828,1.3221309,1.0716594,0.9996468,1.3273789,0.8165555,1.0136552,-0.3793759,0.72885275,0.55010045,1.021855,0.5965807,1.4694189,0.27412254,0.5655765,1.3532841,1.9262956,0.70326126,0.44343996,-0.4283521,0.361252
0.03208796,-0.9547416,-1.4206772,-1.065686,-1.1289155,-0.7385438,-0.8113676,-0.9728596,-0.08633914,-0.70544183,-0.9076564,-0.46294454,-1.88579,-0.80858326,0.17796852,-0.37750196,-0.8664353,-1.4249578,-1.4439209,0.031020919,-1.5409113,0.1759252,-1.2952826,-0.49380898,0.46368554,-0.3670586,0.08054648,0.6624982,-0.029501861,-1.195808,0.4230786,0.98808944,2.3305287,1.714916,1.0913366,0.54461485,1.9940634,2.0283706,1.5716661,0.28471258,2.4778404,-0.7184343,1.4667288,2.3597867,-0.3877949,2.189513,1.1504974,2.1146371,2.588725,2.2609081,0.5698584,-1.8645744,-1.5733902,-1.880579,-0.9860548,-0.6603127,-1.6982213,-0.54126626,0.07389216,-0.1730967,-0.46331877,-1.1887326,-1.8789078,0.16006824,-0.5627524,0.2572318,1.5415252,-0.6714554,-1.72722,-1.2183042,-1.1569339,-0.8925009,-1.5755584,-0.7611923,-1.1755704,-1.5205009,-1.2528324,-0.84857947,1.4938599,-0.8059228,-0.2444639,2.2323477,0.38754582,0.63945496,-1.5866547,0.7924429,1.5906731,0.20448987,0.72410727,1.9070637,2.3138764,-0.48562437,0.70428,1.5994179,0.6294686,2.0996912,2.7077045,1.2164764,1.4583367,1.704269
-0.58086205,0.39355683,0.07926658,0.3536191,0.09648334,1.1182139,0.05214401,0.58456534,1.045697,0.12137674,-0.10548208,0.5660488,0.5301776,0.69714314,1.1312418,-0.40508217,1.2041298,0.28402233,0.5656845,0.56813157,-0.29955113,-1.389713,-0.3457362,-0.92901736,0.67010653,0.25725895,0.376334,1.0849066,0.7937368,-0.22915702,2.1665165,0.048625883,-0.10579727,0.07068902,-1.0201368,0.595007,-0.1540329,0.18204704,-0.40429538,-0.9553091,0.59473455,-1.1880835,-1.0042998,0.40191287,0.13239226,-0.035390183,-0.05874301,0.26344776,0.92606294,1.1093748,1.1536562,-0.22616328,0.08610355,-0.3620149,0.020099385,0.40076533,0.15000245,0.50894886,-0.22365198,-0.27873173,-0.35472092,1.0545973,-0.20482121,1.0919796,-1.0261496,1.5761919,0.9541267,0.22942549,0.75152767,0.48037344,-0.53129154,0.06981154,-0.23665567,0.31079865,0.44659647,0.42393368,-0.040207885,-0.33911344,0.24587171,0.24396838,0.29268,1.3472214,0.11592691,0.7643686,-0.94374335,0.50406325,0.7616035,0.38720337,0.18958049,-0.5851032,0.18069485,0.5508212,-0.2778784,-0.8665523,-1.2382274,-0.1499805,0.78510565,0.17231168,1.2225146,1.1106876
-0.80140084,0.9671698,0.96442133,0.64884126,1.2504622,1.4130176,0.023290105,1.241498,1.0893738,0.302341,-0.15450068,0.81559575,-0.24405153,0.78777045,1.993702,0.47571054,0.20611614,0.40795353,-0.62671494,0.5157017,-0.17188658,0.9296901,0.50261897,1.2082342,1.7334392,1.715811,0.7702416,0.23978831,0.2856138,0.7011558,-1.1786493,0.08465536,-1.0808154,0.09109831,-0.11674607,-0.33172557,-0.32916704,0.24482322,-1.4872397,0.007993201,-1.0056906,-0.28950804,0.04095165,-1.7207018,0.41190076,-0.3843005,-0.19672872,-0.6273751,-0.7039924,-1.5554205,2.2181194,0.3210614,0.5043571,0.7608924,1.0144137,0.8765832,1.0491128,0.9120206,0.36147538,0.3527823,1.301815,-0.41755846,1.6237224,0.66814315,0.67845404,2.0478895,-0.7890281,-0.17885444,0.30061406,0.5350054,0.48901653,0.29205716,0.26144403,-0.41395712,1.4071934,1.4766682,0.28384998,1.1709257,-0.45330074,-1.572633,0.5286989,-1.1037172,0.060352653,0.21748245,-0.15831621,-0.9426993,-0.6535672,-0.07279786,0.12613267,-1.3960919,-1.0792629,-0.5090522,-0.7262397,-1.2810526,0.5473396,-1.4219234,-1.0141083,-1.2973781,-0.8392067,-1.7169287
-0.06913232,1.4468751,1.7452425,0.87215275,1.5042155,1.4741292,0.045526836,1.6255878,1.4749486,0.4900602,0.53814715,0.25942028,0.6556862,1.4629326,0.50258267,1.1057196,0.47745875,0.99684036,0.39389008,0.22053805,-0.8028974,-0.34583792,0.08736442,-0.6068259,0.44858357,0.07976587,0.7385649,0.07844439,-0.028255792,-1.050435,0.114485204,0.07199313,-0.4577642,-0.07030976,-0.49432963,0.09960531,-0.57473564,1.1990306,0.7754423,-0.34666562,-1.482571,0.26776943,-0.14581642,-0.57039374,0.76471394,-0.57405907,-0.32865295,-0.674403,-0.20804587,-0.8985282,0.524177,1.3784033,0.24933067,1.6277773,1.3353037,1.2999038,1.6814569,1.0240617,-0.21037282,0.75456417,-0.36914533,0.7792765,0.2844899,-0.26467416,1.6111028,1.7182252,-1.6476437,0.9046307,0.9657724,1.0214555,0.9139891,0.34451285,1.5811745,0.51718956,0.48444864,-0.18201084,1.5269258,0.052271776,-0.8347606,-0.77095276,0.21152341,-0.44414884,0.3114261,-0.23362567,0.9163811,-0.52623034,-1.7339053,1.0249224,0.36370143,-0.54991734,-1.3883011,2.5481825,0.09756176,0.6362195,-0.37307903,-0.88329685,-0.44861695,0.6898035,-0.3491913,-1.4688697
-0.530639,0.3330757,0.54353,-0.2861983,0.224973,0.16738778,-1.8717517,0.24431095,0.25845373,-0.47723797,-1.2638769,-1.7932951,-2.6000469,-0.6743101,-0.7486128,-0.91270983,-1.8555843,-0.035165228,-1.4815102,-0.91806304,-2.142639,-1.0471004,-0.18128808,0.09359031,-0.5684132,-0.02857487,2.3400984,-0.3860208,-0.8280442,0.092081904,0.3676846,-0.69937235,-1.6024266,-0.3904593,-0.99342114,-1.4201312,-1.4487668,-1.0682563,-1.6191376,-0.102579296,-1.9023206,-0.3004381,-0.5307469,-1.2127733,1.8917146,-0.30293047,-0.9388421,0.018043306,-1.8200387,-1.966796,-0.6970445,0.29897225,-1.1778839,0.014077548,0.057694133,0.042914994,-0.34622023,0.37752706,-1.193343,-1.036895,-2.0041533,-0.86185634,0.25925195,-0.135302,0.33098173,-0.3612896,-1.9684726,-0.69886225,-1.8535175,-0.46337762,-1.3987168,0.2547036,-0.27542588,-0.12100452,-1.7697526,-0.21690683,-0.77071047,-0.40028167,-1.694804,-0.21244714,0.9046425,-1.6441294,0.112251714,-0.049170148,1.778958,-0.87713766,-0.997317,-1.0636203,-1.2247797,-0.49770966,-2.2053466,1.1654748,-1.4474252,-1.0141895,1.3683496,-1.1790754,-1.1174297,-0.4743526,-1.4832222,-1.682989
0.28030208,0.06784525,0.99057674,0.87055796,0.4708499,0.40082982,0.29513872,0.21339463,0.30516142,1.3310633,0.38109836,-0.20091236,0.04887346,-0.3091019,0.6704603,0.7220803,0.3108211,0.7919145,0.73008364,-0.38291183,0.24037598,1.7214471,0.7533058,2.3320882,0.6637366,0.2951357,1.6657584,0.9270567,0.64509195,0.41563675,-0.15441746,1.1037157,1.2254659,1.3132756,2.2766557,-1.0908031,-0.5470066,1.3025423,-0.24285258,1.1218323,0.61338943,1.6708418,2.3698194,0.50043017,1.0381547,1.0340482,1.720413,1.7530215,-0.032094266,-0.5651276,-0.51674974,0.39186165,0.36813053,1.2653142,0.17535144,0.6546923,0.6580757,0.57741165,-0.053129267,1.4827865,0.5068404,-0.53171486,-0.15378934,0.61565524,-0.21670939,0.6936727,0.15155084,0.85889304,-0.056395818,0.4840185,1.112557,1.6664293,0.24542922,0.77258956,0.07894069,0.3046228,0.28499967,-0.4259899,-0.07424938,-0.25627378,1.2569513,-0.26982892,0.85821503,2.2408645,1.5644188,1.388012,-1.8031503,0.38790667,-0.80196184,0.3023247,-0.044699546,0.55529934,0.23755242,1.9448441,2.0881853,0.89703304,0.4427808,0.6668762,-0.41966295,-1.9003168
-0.014979942,0.5234593,0.27440795,1.6994643,0.9765427,1.34634,0.53906274,1.037903,0.7662579,0.49510646,0.091480166,0.9648996,0.6598537,1.1440028,1.4398032,1.4448305,0.91262984,1.0900656,1.1783171,1.1111473,0.8283515,1.365641,0.563728,-0.050720632,-0.33946133,1.2917022,0.4214645,0.6804112,0.6534329,0.75317395,0.21273948,0.8570572,1.4066907,1.0328559,0.8546518,0.28589618,0.7790611,1.4779707,0.5702148,0.36513197,0.26897675,-0.21358284,0.077750586,0.029918766,1.3597215,0.27483383,-0.47528487,0.48214725,-0.57697195,-0.3131553,1.1205634,0.52566266,0.8666013,0.8889899,0.3515309,0.88161623,0.8572689,0.3294966,0.77038956,0.30646867,0.7440077,0.537807,0.14771692,0.8897628,1.2269667,1.9800439,0.6677158,0.7192808,1.5295105,1.544356,0.3905114,1.4783577,2.0163827,0.2335664,0.043394603,-0.26393604,1.2521338,0.15626125,0.46240452,0.6635205,0.21719952,1.2116128,1.1011007,0.84207714,0.75664616,0.80906487,1.2061963,-0.49870676,0.8210321,0.6990199,0.8971452,2.1450093,1.3915937,-0.026333714,0.18314525,-0.29964975,0.92856234,-0.13536097,0.14511701,-0.2618701
-1.5194168,-0.3588922,0.5768322,-0.4010656,-0.3496491,-0.50643694,-1.2500238,0.084072396,0.30757332,-0.15488827,1.5551564,0.6344053,-0.9549624,-0.38482937,0.22967155,-0.3548656,-0.39268303,-0.419408,0.15159725,-0.4026369,-0.07672461,-1.0804214,-0.34007397,-0.50695145,-0.04524685,0.4329619,-0.6343954,-0.45446047,-0.34315294,0.36483547,0.3510117,-1.2004215,-1.1774094,-1.5374614,-0.91456556,-0.14378199,-0.44415477,-0.903293,-2.2210047,-0.44190937,-1.8495201,-1.3138222,-1.5115253,-1.0111172,-0.37086526,-0.5673285,-0.1020841,-1.0311106,-1.0449076,-1.2813333,1.1385139,-0.08847462,0.27143624,-0.5261296,-0.11536996,0.16544916,0.06660511,0.41423598,-0.041644696,0.96406657,0.26701364,-1.4762393,-1.2255036,-0.632212,-0.9857559,-0.5446331,-1.9023191,0.16098018,0.10531553,0.49349058,-0.48732236,-0.64426774,0.2066974,-0.87166387,0.8812589,0.7961034,-0.91915965,0.31972003,-0.42573982,-1.5536219,-0.9843451,-1.4926503,-1.326599,-0.56348723,-0.14917478,-1.0220639,-0.8182013,-1.2731224,-1.630107,-1.6155051,-1.254056,0.5333899,-1.6680487,-1.7692747,-1.2824376,-0.7509628,-1.9169681,-1.579533,-0.7216756,-1.2205026
-0.5895177,0.3435197,-0.2410869,-0.45099664,-0.48494703,0.02020013,-0.44368446,0.095896915,0.12442031,1.8621833,1.0898615,1.1738024,1.1189464,-0.488771,0.16212802,0.3357079,1.3318582,-0.20429897,0.2971524,0.8559556,-0.29408914,1.3866421,1.067907,0.44478038,-0.20956333,0.97389466,0.9943561,0.8206887,0.9518044,0.04624156,2.3939774,0.21782696,1.5425578,0.97318524,1.7526184,-0.17166677,-0.15268797,0.7774538,1.5415478,0.6077387,0.89131004,1.4944317,1.381178,0.17772803,1.6358615,1.3216177,1.0038753,0.39617687,0.9075491,0.5336955,0.68770826,-0.59621024,-0.37430203,-0.9789178,-0.44341692,-0.79758394,-0.3259524,-0.5160456,1.2631899,1.1303972,0.85927457,0.88250947,1.3239012,1.8454885,1.7968894,0.30280676,1.541168,1.1218064,0.43544337,0.3489176,-1.1229328,0.7486036,0.23941731,1.261146,0.41202816,1.0917876,-0.002426863,0.63077205,1.3147725,0.06955531,0.35612914,0.6755195,0.9836571,0.7307235,0.096292235,-0.063569725,0.8923612,0.1458436,0.7371456,0.35344723,1.7895334,1.7754414,1.3808848,0.47100008,-0.9105973,0.791825,0.53363764,0.70681036,0.34877554,0.9563463
0.43497705,0.32218212,0.8534807,1.0430797,0.912943,0.7364965,-0.44566035,0.6296199,0.671157,1.9311783,1.0312306,0.27466723,0.4703372,1.8072385,0.23105936,0.6012485,0.98267025,0.86515456,1.0153725,-1.3029028,0.560775,-0.27757508,-0.40921023,-2.1434717,-0.57387936,0.70021623,-1.8791062,-0.91994387,-1.1825885,-0.45524952,-0.46469462,-0.45849574,-0.12641647,-1.7248927,0.2761785,-2.4083028,-1.0590216,1.7889361,-0.13640894,0.013370779,-1.440683,0.025416408,-1.17535,-0.12406842,-1.0486338,-0.7232179,-1.9307898,-1.1010749,0.9052875,-0.56467414,0.46330333,0.44852972,0.53538895,0.38338262,1.1259038,0.74759114,0.32513294,0.9566251,1.3787146,0.11640857,0.9243176,-0.66040254,1.0301646,0.9549949,0.6883659,1.1758367,-0.9040168,1.7349905,-0.0016189412,1.3658806,0.7051403,-0.677081,0.84123784,0.6224735,0.574089,0.31664082,-0.50429946,0.19977042,0.54003036,0.093948826,-2.512255,-1.7816954,-0.70312846,-1.3460015,-1.1514881,-2.855485,-0.6773658,-1.662447,-1.8034576,-1.7312304,-1.3040501,-0.3871491,0.6219854,-0.013906996,-0.9505396,-0.49729186,-1.3978086,-1.6161554,0.45813134,-0.8326126
0.13837236,0.74504316,0.98207885,0.6931163,1.2065763,1.0150361,0.7745117,-0.18101753,0.37750772,1.2444599,1.9851279,1.9284524,1.4295673,1.2234266,2.4400127,-0.045308165,1.946761,-0.30912223,0.6430977,0.43559313,0.81299293,1.9378787,-0.07943263,2.488603,1.3953918,1.7022632,-0.2218866,2.3022573,2.0093904,1.293292,1.3288484,2.4260266,-0.29237816,0.5232737,-0.27800483,0.9705215,1.9457093,1.2401723,2.0465415,2.165456,1.0493745,1.29007,1.3140969,2.7690048,0.2393675,0.82748735,0.35016146,1.301842,0.47020385,1.6362599,-0.29099655,0.7320435,-0.096643515,1.1834368,1.5624372,0.82735974,0.18267968,0.556685,1.0488764,1.9908544,1.831557,1.8464181,0.4543013,0.71111786,0.6605335,3.0318787,1.376248,0.3262559,0.2424053,0.093259744,1.0093154,1.6558115,0.45537847,1.9366051,1.1535144,2.320386,0.054921895,1.9526768,1.4568568,0.9132956,0.35872114,1.2116352,-0.3296147,0.059766933,-0.3856166,0.14612989,0.5681125,1.3966292,1.8729393,1.7097256,-0.13907878,0.22351412,1.4081807,1.4674916,1.7731426,0.73472714,0.80967695,0.4067944,0.35149345,1.2448738
0.65815413,-0.8459713,-0.55993164,-2.4183214,-1.3643605,-1.349968,-0.6361372,-0.7462134,-0.99529994,-0.97961736,-0.3950721,0.2495316,-0.5429151,-0.4788804,0.45064273,-1.4485967,-1.096461,-2.0017536,-1.4978197,-0.4502914,-0.5813965,0.10321318,-1.3111286,0.011675397,0.86938447,-0.025533196,0.35553542,0.6502828,-0.20583576,-0.8018119,-0.42592302,0.9005859,0.4179773,0.23150834,0.66308457,0.08732242,0.4829949,1.4634627,0.80795044,-0.30614534,0.7529047,-1.2234242,1.4688203,-0.01222142,-0.466496,1.0071919,-0.44100076,0.042326827,-0.88464135,0.15786621,1.0617118,-0.9807835,-1.2199304,-1.9778265,-1.2808585,-1.1571869,-1.1444883,-0.44694,-0.45616305,0.07269022,-0.06951358,-0.44989857,-0.8355358,-0.38084024,-0.9740625,-0.95921934,0.019724298,-1.5390023,-1.8923014,-1.2202523,-1.334283,-0.37544602,-2.8242943,-0.99963707,-0.9543332,0.05633544,0.32980248,-0.032864187,-0.47784704,-1.4502714,0.9767105,0.82003015,0.47516802,0.8801291,0.3098984,0.08826032,-0.34375274,0.5086496,0.34294522,0.031550676,0.8128816,0.6399235,-1.0049702,0.26512688,0.6959994,-0.6688278,0.7448272,1.644969,-0.7540378,-0.17791298
-1.0186807,-1.3815393,-0.92742926,-1.9434891,-1.0728116,-1.0950329,-0.37659106,-1.415613,-1.5348089,-0.15743007,0.15862946,0.7196149,1.0841392,-1.2950536,0.44908682,-0.62638104,0.044754434,-1.0542382,-0.34223777,-0.5383682,-0.24087891,0.56582326,-0.026621133,0.95864445,1.4061384,0.79685605,-0.121698394,1.362626,0.72429144,1.4891362,0.88922113,-0.51796526,0.976039,0.40871298,0.6336943,1.7502099,-0.07184714,-0.33473295,0.23848829,0.43263137,1.2630755,-0.2225839,1.9430094,1.5144298,-0.14928918,-0.3835086,0.4231547,0.018826492,-0.04432391,0.32281104,-1.2780735,-1.2080897,-1.3042903,-2.1757429,-1.4049646,-1.6281905,-1.9931362,-1.7743081,-0.45718682,-0.42075235,-0.1834317,0.5709428,-0.22707044,-0.22972226,-0.9138786,-0.48837805,0.71388006,-1.2734834,-0.70779413,-0.9299204,-1.5877692,0.9778815,-0.9757648,-0.024236824,0.33746314,0.8811452,-0.41053817,1.0135834,-0.502943,-0.04849099,1.5374203,0.6858554,0.30546686,1.9093821,0.29677325,0.15864703,0.7379032,1.0635002,0.20089625,0.6265541,0.41222268,-0.41478568,-0.117462374,0.49146572,1.1093706,-0.2831582,1.7765927,-0.54831076,-0.020528596,0.21857251
-2.466251,-1.2254993,-1.9153763,-2.1306973,-1.873197,-1.7749918,-1.2262206,-2.020157,-1.7249658,-1.3723737,-0.7269709,0.20869733,0.25422433,-0.7787804,-1.1995801,-1.6367908,-0.7668571,-2.029322,-1.5203849,-1.0679358,-1.5542212,0.20117772,-0.18822064,0.6199398,-0.063101836,0.8665849,0.13230789,0.95881104,-0.23625363,0.047688223,0.7360092,-0.30142474,1.3932784,0.42446825,0.18209213,-0.9795148,0.3968666,-0.030324947,-0.5261368,-0.4554391,0.99553937,0.43128628,0.9140478,-1.4636227,0.0030393705,-0.29469156,0.9941955,0.5057379,-0.64625573,0.1788852,-1.745701,-2.25169,-1.7253225,-2.5644567,-1.8019178,-2.164717,-2.022847,-1.8730016,-2.171259,-0.7078328,-0.21111113,1.3630254,-0.73802704,-0.7440518,-0.8106805,-0.7354578,0.6246594,-1.066057,-1.4506031,-1.9518893,-1.1275216,0.5613382,-1.5510428,-0.50791574,0.45106748,1.4957355,-1.3050976,0.32706714,1.3694121,0.5150681,1.979991,0.78023225,1.3913401,0.8486822,0.59378743,1.0132421,-0.6852075,-0.0030840153,-0.15028359,1.518806,1.0382123,-0.1667634,-0.6253514,3.0250778,2.2803187,0.039833155,2.200336,0.060743492,-0.89627004,-0.18359749
-0.08878882,-0.047183294,-0.6515463,0.292802,-0.8176133,-0.8598987,0.47937328,-0.60084695,-0.78070086,-1.3950907,-0.017881284,0.7515711,-0.26363674,-0.8147163,-1.1415819,0.09007235,0.6541471,-0.24797134,-0.34874076,0.23380247,-1.2933104,0.87432444,0.3175884,-0.8835077,-0.48036155,-0.15338121,0.3380717,0.43604627,-0.76489514,-0.8727639,0.17870371,-0.63071555,1.5164475,0.6929497,0.7078903,-0.06370522,0.99174976,-0.21383546,-0.6506379,-0.6379883,1.3385935,-1.5884062,1.0212355,0.13674226,-0.6981097,1.6900289,0.86932915,1.9595764,1.4462758,0.44006038,1.4523298,-0.38185403,-0.44812232,-0.81426454,-1.4356997,-0.56104016,-0.4494665,-0.954249,-0.68099874,0.55754954,0.7941507,-0.20571771,-1.2982409,0.44008777,0.27663684,0.34682992,0.9899837,-0.6684542,-0.65677047,-0.35434464,-0.298322,-0.69906306,-0.9789338,-1.1634119,-0.8363518,-0.476079,0.29800814,-0.057386253,0.3515536,-0.9620467,-0.22590372,0.82489294,0.35101712,0.6642256,-0.24711879,0.94275504,0.9485161,-0.093108974,-0.07819425,0.40991396,1.1181998,0.032382872,-0.49979264,0.36754265,-0.52397925,1.1816858,0.523666,1.9622334,-0.028356137,0.35732
0.2025542,-0.3573887,-1.174881,-1.0492839,-0.7708284,-1.0764197,0.3697817,-0.5670741,-0.71336406,0.6842445,0.74656075,-0.37825015,-0.7471209,-0.68186224,0.9477197,0.4267645,1.3019031,-0.6070877,-1.3474296,-0.48266903,-0.5136295,0.28225815,0.7545854,1.885565,1.6471467,0.6743378,0.7706935,0.38465148,0.5982778,0.74508613,0.7449688,-0.43334186,0.41412473,2.136271,0.8705966,0.28452095,-0.5067916,-1.2648014,-0.09506498,1.3026203,1.6144507,0.10529343,0.7251435,-0.04712004,1.8594832,-0.2709732,2.2070308,2.0203466,1.1757352,0.27098668,-0.51339096,-1.0208127,-0.8363479,-1.1400733,-0.83881104,-0.7368995,-1.2015017,-0.35764253,-0.17036088,0.83123887,0.3728774,-0.6714235,-0.5033817,-1.0221144,-0.5199648,0.14375162,1.0049194,-2.401588,0.1603337,-1.3097887,-1.521701,0.61393994,1.1141988,0.30088642,1.272371,0.17173024,0.34438884,0.85678244,2.2199247,0.10438742,2.1167092,0.59517235,1.1821952,1.6346378,1.0801579,1.4595286,0.48054317,1.1227244,-0.09722728,1.4836857,1.1683387,-1.2582324,-0.06912131,0.22696441,1.0562009,-0.051345065,1.1638296,0.7174991,-0.73309827,0.07056
0.060847092,-0.15047245,-0.5857293,-0.36703235,-0.17330804,-0.43106592,-0.7259466,-0.55568695,-0.7177255,0.46668577,0.73370814,0.164473,-0.21265368,-0.40506566,0.57227474,-0.42847842,0.5995661,-0.35938808,-0.7580551,-1.4609199,-0.1600197,1.1938092,0.3344437,0.25334007,-0.5285843,0.0059024026,0.97344446,-0.15308179,-1.5770572,-0.6262697,-0.17542614,1.3713777,2.094376,0.6731772,0.97824174,-1.4282647,0.24667414,0.2821166,-0.043074135,0.6878448,0.3975135,0.20597251,0.89489,-0.6176561,1.3827653,0.9640983,0.39335325,0.90524244,-1.0525297,-0.20440404,0.36497146,-0.12432391,-0.81833047,-0.8499725,-0.77094156,-0.39302456,-0.084685616,-0.7108479,-0.30836698,-0.56444204,-0.29291436,-1.4817986,-0.12983155,-0.00801071,-0.34508133,0.85858196,0.13494241,-0.16644344,-0.9308603,-0.63134897,-0.010764043,0.21238354,-0.50029063,-0.025140144,-0.26560465,0.23021872,-0.8408895,-0.73981625,1.4822844,0.13707985,0.8531066,-0.028642427,1.8251616,1.2139367,1.00904,1.2367722,0.19465905,0.55277526,-0.65108764,-0.13264228,0.7485962,-0.31443164,-0.34698245,0.26375067,0.22258261,-0.04241193,0.8111993,0.88922364,-0.64688337,-0.92982733
-0.28579286,0.63453096,-0.251983,0.10219244,-0.23888819,-0.2647282,-0.39943546,-0.745982,-0.26218036,0.07393393,0.3823459,0.034623623,-1.0292429,0.34295735,0.14248267,-0.13709773,1.3422557,-0.15504281,1.094427,-1.0958925,-0.7454386,0.95130956,0.583213,0.74811333,0.5010262,-0.8182183,-0.15138441,-0.17567632,-0.22726195,-0.77312696,-0.7122242,-0.19247049,1.3643038,1.3289812,1.4918393,-0.01627888,0.6841939,-1.1794238,-0.46764573,1.1477182,-0.04280338,-0.034632325,0.72319496,-0.8720761,0.6382919,0.39535952,0.684149,0.866177,-0.44924393,0.280777,0.5747596,-0.3717822,-0.3762187,-0.14807288,-0.4486195,-0.13843909,-0.8068227,-0.53731906,-0.19029757,-0.2926362,1.2904633,-0.22951917,-1.1480802,-0.16710483,0.19333784,-0.014099355,-0.45319676,0.15584716,-1.1358395,-0.21660593,-0.5839187,1.1539395,-0.44320932,-1.0235312,0.16386732,1.0411428,-0.6772706,0.6585186,0.90007925,-0.23419935,0.54751337,0.050038043,0.96833295,1.4430276,0.3837391,-0.14019306,-0.30343142,0.2734382,-0.5044057,-0.20291495,0.07359247,-0.25044438,-0.3242502,1.4640397,-0.12791733,-0.22527227,0.50257754,0.1086784,-0.61709017,-0.3740532
0.5829031,-0.27571297,-0.93187296,-0.45027992,-0.5776736,-0.67393076,-0.25906175,-0.6719324,-0.69581366,-0.085749485,-0.6188428,-1.4816701,-0.5327664,-0.21673551,0.18351914,-0.46674794,0.28078038,-0.13306922,0.38216224,-1.6221296,0.87201834,0.85820574,0.71074647,1.1626362,-0.6030054,0.18509415,-0.68539226,-1.0595062,-1.5931281,-0.72797054,1.5922011,0.76825315,0.7399752,0.5820933,1.7948848,-0.9449729,0.498445,0.92474544,1.8445876,1.7995002,0.44896993,0.91118395,1.9565303,0.6225039,-0.30084467,0.58486223,1.0137979,0.53042936,0.6858178,0.034163684,0.24296467,-1.2062895,-1.1375172,-0.81594974,-0.55421543,-0.7708557,-0.9001971,-0.6396499,0.62513435,-0.6400767,-1.1937603,-0.032797184,-0.4984012,0.5589576,-0.714497,0.22339359,0.31372717,-0.42909366,-0.21274583,0.00926192,-1.0811341,0.67793906,-0.74188304,0.23049834,-1.5647608,-0.5876268,0.04227408,-1.0529613,1.2619257,-0.2891435,0.8381534,0.21963705,1.2862192,0.66397226,-0.0014699454,0.0735413,0.05580827,-0.31808066,-0.03661775,0.46174344,1.099219,1.7038736,1.0587374,0.9714063,1.1752727,0.095431924,1.8266264,0.16923478,-0.65442145,-0.24087384
1.4993149,0.8621079,0.2673544,0.30827922,0.20876881,0.80019605,0.047612086,0.5806548,0.5865885,-0.10196978,0.07064432,0.072334014,0.6785991,0.935636,0.7472511,0.56924045,-0.3365295,0.3849609,0.7004168,0.2850738,-0.29686773,0.73499906,0.38865328,0.34079123,-0.44635054,0.045993093,1.1390481,-0.43122435,-0.35513827,0.014596439,-2.4568057,-0.59270406,0.11924374,1.4734824,0.44577086,1.1143055,0.7396997,0.4435498,1.2259275,0.39630562,0.027220022,-0.8906083,-0.040884003,-1.0463951,0.58281165,-0.8063572,0.17314179,0.59024876,0.32786268,0.62536174,1.2653689,0.2664179,0.21309948,-0.098112665,0.5336691,1.2062683,0.45643663,0.7689237,0.60166025,0.04746497,-0.7262886,0.8804585,0.8079173,0.47165227,1.3700861,0.12454844,-0.22915658,0.22195417,-0.24318467,0.38147786,-0.0956947,-0.62231356,0.3953577,0.55786633,0.8840718,-0.59028256,0.5028913,-0.27410778,1.6917245,0.2744187,0.43162245,0.04775347,0.68667656,-0.15501574,0.53433025,0.7208606,0.46307245,1.2754507,1.4678653,0.44842595,0.34087002,-0.00766866,0.056380317,-1.2017448,-0.29691035,-0.6258414,0.61547905,-0.3305222,1.1902146,0.9014507
1.5126371,1.504577,0.806896,2.3136683,1.6656436,2.073937,1.8704957,1.7183392,1.5988528,-0.22775498,0.113905095,1.0847441,1.0753067,1.9901905,1.8246263,1.8811154,-0.62390524,1.672432,0.887325,0.55430937,0.5201941,0.4959538,-0.0280957,0.68577343,-0.3336591,-0.22429566,-0.4202629,-1.3939005,-0.90604186,-0.9660036,1.5536677,1.7086548,1.0725323,0.73111206,-0.16364712,1.1856527,1.6108888,0.43226415,-0.45608816,-0.021618133,0.15757436,-0.71878403,0.25088382,0.48524073,0.85889274,-0.30777803,1.15346,-0.6256758,0.8084957,0.52486664,0.52732176,1.0549477,1.6900393,1.6782362,2.0240483,1.4667131,1.7345122,1.3629315,1.0781355,1.1327728,1.4075239,1.2250369,0.8413566,0.770244,2.0979114,0.16486211,0.8062148,0.35786656,0.4902852,0.96177113,0.5407658,1.1189636,-0.26600134,1.4173256,-0.85369676,-0.53228885,-0.38277638,-0.25785604,1.2036071,1.1675868,1.0737216,1.8071631,1.821983,1.3649558,0.23604351,1.1995329,1.7181517,0.00090854394,1.1404433,0.5437031,0.96521324,0.2872445,1.5097828,-0.6930577,0.35869816,0.23396404,0.3593996,2.1431437,1.3129156,1.8647163
1.5876702,0.84989715,0.5913135,1.0611273,1.290709,1.1975603,1.0604459,0.78550303,1.1493652,0.8073755,0.92587155,1.4320703,0.96942306,0.7751777,1.0084327,1.4866415,-0.048069816,0.7091171,0.51779324,0.9729023,0.6006842,-0.0118672885,1.4333786,0.74602014,1.6437186,-0.14719705,-0.2589308,0.08327941,0.8269183,0.47780403,0.008111238,1.2253021,0.31616545,-0.56956774,0.50676876,0.38674936,-0.5409174,0.33538032,0.3932319,0.66209304,0.0945604,2.1008668,-0.020902881,0.13205795,-1.3006318,0.9241697,-1.0857309,-0.35240686,0.9155952,0.43510163,1.4904705,0.45537496,1.1631988,0.89175093,1.1098715,1.6305083,0.7339036,0.8346055,2.1202054,0.92090684,0.6307151,-0.09728667,1.2346983,0.13178614,1.1863018,1.4004402,1.0902356,0.5004286,-0.064747036,0.3200333,0.9645166,0.0829929,1.0650716,1.9505277,0.37722683,0.17784856,1.9771954,-0.49367544,0.5497855,1.2499168,0.11780362,0.47936285,0.051817268,0.4837417,0.28319454,0.48337245,0.87262255,0.23314106,0.76205295,1.0490167,0.06740209,0.4471362,1.2171175,0.4276438,-0.6595546,0.6690658,0.80190873,-0.41887456,1.5021149,0.60278296
-0.8962709,0.2151309,0.5340976,0.95646846,0.5209114,0.68224835,0.39408597,0.14353159,0.62802243,-0.10038569,0.75107723,0.012687293,-0.7141869,0.29486835,-2.2929657,0.09740929,0.057313252,0.15114652,0.55091876,0.28342703,0.15886843,0.16449875,-0.10235138,-0.8398694,-0.11892351,-2.3569374,-0.52264255,-0.7240919,0.3079042,-1.3383905,-1.4197184,-0.15877205,0.2589525,1.5978433,0.11976656,0.08472159,0.07940007,-0.82840496,0.61780536,0.9768349,0.17570676,-0.79577273,-0.95010936,-1.074507,0.33637264,-1.1686687,0.52381355,1.2199366,0.7551317,0.51349866,-0.2205766,-0.257817,0.62871605,0.82011837,0.37414205,0.58129454,0.054419637,0.28403857,0.1879413,-0.78823704,-1.09735,-1.0530351,-0.8462846,0.14818949,-1.0787762,-1.3071638,0.20217249,1.7220037,0.13548756,0.010046613,-0.1490844,-0.8528457,0.02953301,0.42752632,0.033446755,-1.2526888,-0.2027509,-0.75982,-0.36543155,-2.515458,-0.79016626,-0.25255755,-0.26972008,-0.9404125,-1.5948553,-0.5054077,1.4451904,-0.61036474,-0.3008786,0.11780359,-0.63138133,1.8957224,0.9157025,-1.1617988,-1.9919479,-0.13809375,-0.25855765,-0.08602744,0.7337477,0.23812212
-0.5285011,-0.16577263,-0.28203198,-0.6259011,-0.40379876,-0.81594425,0.7357551,-0.5603803,-0.70046926,-1.5174557,-1.0937274,-1.6970593,-0.85595596,-0.93513954,-1.6754525,0.4345373,1.3690073,0.12462711,0.6634825,0.038762283,0.7638049,-0.56276244,0.3305144,-1.3402399,-1.849232,-1.418578,-0.84345496,-2.2527492,-0.91385573,-1.6867155,-0.61635464,0.8847925,0.28948894,0.24420917,-0.8446897,0.1361477,0.8410219,0.5080186,0.3949724,0.03660671,0.22552665,-1.1724068,-0.059659533,-0.21841381,0.5300435,0.61552656,1.1892232,-0.86457473,-0.6083872,-0.24664088,-0.12530158,-0.43899915,0.3008977,-0.378446,-0.71488595,-0.60605353,0.2844964,-0.7557096,-0.8847984,-0.8678233,-0.73494774,-0.66281784,-1.105713,-1.3083347,-0.18867029,-2.0052788,-0.0006200509,0.025655905,-0.89880353,-0.45292303,-0.026174907,-1.9343892,-0.76078147,-1.0214032,0.76598215,-0.6993041,-1.0174375,-1.0188094,-0.55362606,0.28863582,-0.86934555,0.044200227,0.8554521,-1.3014698,-0.39863452,0.0029902302,0.35115758,-1.6201679,0.290911,0.29993582,0.8757052,-1.5851846,0.3846674,-1.5133599,-0.4837203,-0.043874264,-0.6156832,0.2556153,-0.550629,0.79076034
2.0083568,1.0994226,0.40107968,2.1201534,1.2647027,0.7586819,2.3125951,0.96283966,0.65350395,-0.33441114,-0.11682238,-0.3910385,1.0692345,-0.042158376,-0.19751295,1.3306129,0.5377971,1.7736489,1.3035886,2.3387203,1.9855894,1.8011055,1.5785024,0.5004988,-1.4234424,-0.17946824,1.2658911,-0.23281524,0.7591485,-0.81107354,-0.28702077,1.2000741,2.3659167,2.0963452,0.15909553,2.051448,2.4615948,2.1424627,0.5092633,0.51841205,0.9320887,-0.67869616,-0.7987349,0.7571835,0.9394938,-0.13731162,1.2713262,1.1858664,0.6629951,1.5416723,1.2870115,1.0743841,1.7943251,1.3854101,0.7746833,0.4928827,0.9914035,0.49879935,0.6313964,0.44357422,0.53422266,0.36210456,-0.9861657,1.0966352,2.0500057,0.167314,1.3841993,0.9904738,1.6599027,0.90915334,1.0263824,1.103555,1.3469344,0.058614783,0.2045258,-0.4652408,1.1634928,-1.0175865,0.8767752,1.7236065,0.33106613,1.0286939,-0.10559277,0.50734997,0.014104653,0.73765206,1.7306855,0.5142531,1.5497074,0.74790394,2.1103106,1.4397333,1.6910638,-0.19561312,-1.10566,1.5146366,0.8837498,0.49646685,1.013743,0.8040316
2.0873587,0.37092024,0.37942642,1.0392754,1.2353357,0.90092707,1.828783,0.4543785,0.16288298,-0.42455214,0.7268092,0.14368883,1.0035456,1.145897,-0.07173214,1.2810282,0.37132308,1.3728667,1.8634523,0.7304653,1.866979,1.565575,1.026688,0.61744386,-0.80088395,0.08350471,0.65114737,0.31993154,1.0018346,-0.97423875,0.4424988,0.4306089,1.6420364,2.486672,1.1375502,1.9238458,0.54339755,0.3131541,0.89057845,1.147191,1.3563185,0.6947191,0.5525687,0.55361164,0.06484898,-0.23622154,0.9948591,0.2642783,1.1731999,0.6605931,0.039007038,0.8073434,1.3400519,0.80649436,1.0647788,0.8265076,0.7453311,0.13519081,-0.5577582,0.90246385,1.0534911,1.4971477,0.25012177,-0.4774658,0.20794176,0.28562644,1.282099,1.1975092,1.0607271,0.4456137,0.98421127,0.7695535,0.14647296,0.5434233,0.4991542,-0.9317289,0.27537626,-0.23516807,1.7188367,0.46927086,-0.58067226,1.189576,0.9999389,0.019832743,-0.1500572,1.0770491,1.4644084,0.37344635,1.2883196,0.49158204,1.5403897,-0.47771382,-0.40016928,0.31618866,-0.17646268,0.20801674,0.5617584,-0.034646742,0.2929911,0.46829513
-0.19175898,-1.1345979,-0.67754585,-0.57649845,-0.94807106,-0.5371871,0.7214939,-0.7855016,-0.43739444,0.14979713,1.4508901,2.544691,0.8456044,-0.4919575,1.9295281,0.071801126,0.57482064,-0.943888,-0.25752032,1.2872025,-0.6453904,1.1159416,1.2668726,1.4836681,1.3080993,1.5412121,1.5023708,1.8801848,1.8722687,1.7038214,1.7545993,0.6147978,2.212024,0.7398548,0.37977123,0.6607921,0.96146494,-0.54390335,1.6806556,1.0120155,1.849034,1.0803726,2.3364694,0.5769953,1.3691338,1.1728595,1.2325296,0.7700847,0.9883272,1.9638789,0.25143152,-0.68697464,-0.7334163,-0.5719635,-0.47888625,-0.10590444,-0.95740104,-0.2948178,0.7670907,0.7316197,0.30059662,0.35334074,0.7950578,-0.23734796,-1.1561584,1.9554867,2.5210135,-0.14621237,-0.4765419,-1.2927881,-0.2997177,1.8279873,0.26456234,1.1613336,1.0525911,1.2614822,1.2874241,1.5378108,2.2922878,0.5095376,2.0536523,1.7843366,2.028726,2.603663,1.8637824,1.295538,1.8241028,2.2066975,2.4493046,2.2013674,2.5169606,-1.3346113,0.0012553646,1.3510138,1.4114492,0.33244738,2.5078495,2.5756495,0.7406292,1.8841159
1.3260885,0.5641338,1.4640461,-0.034234285,0.25264385,0.7536945,-0.03756915,0.49001038,1.1544929,0.1693796,1.2151252,1.9371468,0.34181124,1.2096432,2.4857516,0.8454637,0.49351242,0.65087175,-0.48612037,0.9730667,0.3185829,0.10049506,-0.14885259,0.75851506,1.896184,1.1281713,-0.621866,0.7764616,0.36973578,1.8900946,0.6977368,1.2067156,-2.0918128,-1.3413192,-0.81062835,-0.12015791,-1.3109536,0.71105105,-0.527055,0.082144774,-1.0026246,1.8175154,-1.0246167,0.2440584,0.44948936,0.8259662,-1.8663242,-0.74962133,0.28505653,-0.59783304,0.11931698,0.33728766,0.507278,-0.07181672,0.054559562,0.18418835,0.5250856,1.29334,0.8413826,2.0260289,1.8070688,0.3320406,1.4330422,1.0321885,1.485622,0.8490154,-0.64770377,0.31289506,0.6647137,1.005593,0.17424548,0.65309244,1.2210401,0.92234087,1.5986798,1.5510911,0.6812086,1.465837,-0.6801247,0.76404345,-0.5154677,-0.28995174,-0.692055,0.53349674,0.34835544,-0.51444936,-0.6068008,0.9029353,1.0293934,-0.15919152,-0.809074,-1.1311642,0.7415477,0.59839183,0.2966256,-0.7709782,1.0093868,-0.5859433,-0.15978743,-0.056602232
-0.0902966,0.31155375,0.48381484,0.6673888,-0.09110725,0.11983041,0.0409408,0.9111906,0.51498526,0.60527605,0.30122685,-0.053392075,1.0475274,1.2237937,0.070170656,0.33862752,-0.3900693,1.0178217,0.8176125,-0.0581631,1.3865803,-0.7292766,-0.04986767,-0.62911636,1.0426358,-0.7080608,-1.0261892,-1.5942237,-1.4751567,0.5716284,0.31255266,0.9134476,-0.38096708,-1.6081663,-0.6456215,0.112725586,-0.99247724,1.3435769,-0.021659011,-0.21775068,0.09120856,1.3626901,-0.75951594,0.21856722,-0.39689034,0.16528472,-0.0655435,-0.75045466,0.09751093,-0.45420033,0.034764472,0.7184081,0.57823724,0.66689676,-0.008790882,0.50860447,0.70592445,1.0663825,-0.24972555,0.5170736,0.22056419,0.30716336,-0.60278904,-1.1611929,0.7410016,-0.8346949,0.20662609,0.9045227,1.0240947,1.0738775,0.6997192,-0.7509018,0.009787344,0.28568497,-1.0632657,-0.14749585,0.054925457,-0.6359545,0.69036067,0.19769247,-1.1892936,-0.08121525,-0.16536945,-0.73498905,-1.5082592,0.37818125,-0.5638853,-1.1485692,-0.5969029,-0.5272986,0.37886995,0.29867235,0.4340151,0.45923346,-0.4584522,0.47455683,0.1692225,-0.5634857,-0.0484335,-0.3189246
1.695417,1.5266914,2.28265,0.92321104,1.6102355,1.8112029,0.22098999,1.9458439,1.1782458,1.8304164,-0.30469197,1.7553318,1.0491841,1.694771,1.1098553,1.525787,-0.036223575,2.067881,1.0288373,0.42213944,0.2978072,1.1942952,-0.1632955,-0.07249364,-0.18852392,0.3923222,-1.6656269,0.19813482,-0.6969303,0.24644688,-1.8778456,0.31820682,-0.2022078,-0.64162916,-1.1173729,-0.9827641,0.13686167,2.2294664,1.4101316,-0.27530727,-0.8026717,-1.0246357,-1.4608692,1.3156445,-1.1695393,-0.6265858,-2.2226498,-1.5135685,-0.39782917,-0.9983533,1.1624919,1.6779482,0.9887929,1.2888496,1.8105097,1.1771114,1.8945724,1.3772254,1.4695166,1.2808318,0.98533946,0.37742665,2.217433,3.387375,1.1413174,0.69433606,-0.7662146,2.566797,2.0968463,2.1277418,1.4167072,0.8151583,2.5444207,0.72874635,-0.090391666,0.48533925,0.22362351,0.8912055,-0.82975143,1.825782,-1.640922,-0.5794542,-0.5071204,-0.6468904,-1.2987299,-2.0301983,-0.07406657,-0.44246462,0.1986897,-0.8225864,-0.19966987,1.8804786,1.9307095,0.3109409,-1.2489587,0.49644274,-1.3754437,-1.0852737,-0.021676855,-0.5036191
0.41881657,0.9651667,0.8969898,0.8986151,1.2605318,0.97836095,-0.8149579,0.7377288,0.3164574,0.98394257,-1.085665,-0.09674553,-0.3514716,0.86017776,-0.07605381,-0.26192692,-0.5024288,0.20248055,-0.91599417,-0.27637872,-0.91347843,-1.4937655,-0.9510862,-1.117969,-0.7361732,-0.5030306,-0.46762326,-0.13704996,-0.6897326,-1.1208154,0.517645,-0.29897958,-0.13092229,-0.17911401,-0.040142443,0.047848236,-0.6188959,-0.5921351,-0.5034615,-1.3066071,-1.0992895,-0.73531085,-0.94242764,-0.124881744,-0.82882696,-1.0000175,-1.0334575,0.031447593,0.4302774,-1.2482505,0.9385808,1.164866,0.02150013,0.6302129,1.1885446,1.2516156,1.0339645,0.8509087,1.7153183,0.53315276,-0.35955927,-0.0342117,1.281105,1.4150734,0.13004532,0.86477184,-1.7286628,-0.52197516,0.79777014,0.43721035,0.72945434,-0.2644007,0.2148099,-0.41423705,-0.22910954,-0.41925335,0.40013593,0.06722845,-1.4288764,0.1283886,-1.8256692,-1.6382043,-1.443007,-0.92561144,-1.7691318,-1.5711513,-1.232993,-1.1077955,-0.60266596,-2.3848572,-1.0148733,-0.05246572,0.7361545,-1.65734,-1.8921791,-0.4484214,-1.7413538,-1.7411562,0.4705141,-1.1242248
0.92057633,2.3242056,2.328989,1.0704727,2.1477928,1.7017962,0.5596923,1.9542512,1.5953786,2.041846,1.5001237,0.541814,2.159633,1.4853276,1.261783,0.7016884,-0.2983777,0.4714567,-0.6284239,0.4312234,-0.36009774,0.5017348,0.7333842,-0.50642717,1.3829967,0.020443566,-0.19361567,1.2473804,0.5300605,1.5367893,-0.06911055,0.7353101,0.11859686,-0.99733526,-0.1752391,-0.75992334,0.112348974,0.5978995,-0.31384248,1.0510937,-1.2601668,0.15365613,0.092697926,0.21347722,-0.35346994,0.047869127,-0.7686578,-0.09149478,0.890522,-0.7376188,2.0080361,2.8028338,0.7499159,1.944278,2.6377528,2.6275904,2.0621517,2.1957192,1.7779759,0.5211532,-0.2021906,3.1393874,1.401519,1.3534237,2.0374587,0.85256165,-0.11585233,0.9889745,0.4404254,0.7822403,2.1073925,1.1879323,1.1340431,0.95416903,-0.097495444,1.1111914,0.9697478,1.0269505,0.31252274,1.2361116,-0.093151696,-0.2016531,-0.6024109,0.812103,0.25265414,-1.0458857,-0.19809937,0.46050644,-0.55723697,-0.3019329,0.5020057,1.7058831,1.0219833,1.65478,-0.0031516047,0.48962933,-1.6457232,0.43033928,2.0761712,-0.5181803
1.451488,0.9148837,2.5069845,0.38783273,1.9602529,2.150524,2.0848072,1.5053736,2.3467805,1.808081,1.036261,0.14512569,1.4839579,0.59465176,0.05225022,0.93383175,-0.07150549,-0.015658993,-0.30452958,2.054537,0.58546776,-0.037618402,-0.023403557,0.14263597,0.38760382,1.328134,-0.9875353,1.141159,1.0483438,2.246155,-0.2985441,0.7171853,-1.2593875,-1.3824316,-0.14806779,0.38061115,-1.5600768,-0.5886564,0.46015084,1.4420396,-0.40846184,-1.1356152,-0.1906732,0.5308621,-0.121614665,0.05187474,-0.9639664,-0.37896997,1.6144112,-0.43019608,0.69287175,1.3370608,1.9139706,1.7026538,1.4215488,0.7947838,1.3664111,1.8082659,1.3423605,0.78705263,0.99579084,1.9219288,0.6442991,1.6464704,-0.47847188,1.2208158,0.1886235,-0.3133466,-0.46504423,0.17521442,2.1276572,0.9572031,1.7843857,1.8513563,0.30329204,1.5102016,1.9881331,1.0189974,-0.49385282,1.3694518,-0.07101037,-1.4760569,-0.8818121,-1.0234839,-0.49960354,-1.8510183,-0.96163476,1.1849054,1.219662,0.30413064,-1.4018602,0.87934935,1.3278188,-0.3586418,0.24498199,-0.41953868,-0.40243956,-0.83225065,0.8558023,-0.83773
0.76374424,-1.5124285,-0.5274879,-1.3772452,-0.045942076,-0.046189867,-0.6983035,-0.47535887,0.18699947,-0.64183414,-1.5568758,-0.39346373,-0.18304364,-0.6304717,0.36591393,-1.0760957,0.62757385,-1.086795,-0.45440948,-0.24095425,-0.58000314,-0.35336185,-0.831443,-0.19900925,0.30576152,1.2093066,-0.6001056,0.8918242,-0.341834,0.9469294,2.0373695,-0.75320005,-0.96042126,-0.4544904,-0.2513324,-1.2565962,-1.26475,0.008987702,-0.297853,-0.4489185,-0.36890265,1.0711399,-0.20164709,-0.7418558,-0.3909305,0.031700216,-0.5982931,-0.8277766,-0.23974828,-0.99267834,-1.9742701,-1.4310559,-0.3636892,-0.5039141,-0.28621283,-0.87492985,-0.57769316,-0.28352317,-0.8691594,-1.0706043,0.84879816,0.022840725,0.05150504,-0.9557293,-1.894741,1.3381139,-0.30060115,-0.31303528,-1.6511844,-1.0353384,-0.772614,0.2578764,-0.85618603,0.16118695,0.49576032,0.67712265,0.22190793,-0.3203675,0.15171511,-1.4421692,0.7115089,-0.36061698,-0.5095607,0.10990441,0.4771182,-0.7229812,-1.2606823,0.53400964,-0.33072105,-0.23257582,0.8348896,-0.42591986,-0.6329382,0.14796852,-0.53028446,-0.65477806,-0.353775,-0.22872375,-0.36213127,-0.47400177
0.49067345,1.1610898,0.83546114,0.6471305,0.359893,-0.2839578,-0.66279614,1.0083838,0.42015797,1.1938292,-0.5355974,0.21946129,-0.7291413,-0.18205522,-0.099084966,0.41244403,-1.9343245,0.90994895,-0.97547996,0.4449532,-0.07792091,-0.6371161,-0.15197346,-0.8719783,0.2322043,-0.43693486,-0.433494,-0.5824633,-0.6737155,0.6818329,-1.4922125,1.0617697,-0.9280716,-1.0648643,1.6175002,-1.8521636,-0.8571335,0.15705837,0.5242007,-0.095579594,-0.5007134,-0.15093751,0.15899874,0.1979761,0.8312521,0.9655661,-1.4182124,0.82840896,0.12128158,-2.001982,-0.20512837,1.1617801,0.20420803,0.42404348,-0.06091039,0.34980562,0.66371053,0.58976954,1.2241652,-0.10566853,-0.6207732,-0.8041454,0.35188314,-0.27201056,-0.050422832,-0.31056887,-0.6323709,-0.31240264,-1.1626385,1.3321393,0.79165494,-0.4799851,0.64789,0.3680255,-1.7379305,0.2268403,0.62027085,0.06292038,-1.004363,0.21394274,-1.1405356,-0.9592574,0.48860702,0.6535916,0.054783303,-0.61908686,-0.4784108,-0.053558666,-1.3295308,-0.31405625,-0.18627697,1.1472131,1.2973645,0.30859408,-0.12078474,0.37432256,-0.10431036,0.11914246,-1.1644552,-1.2251636
0.8484202,1.2954776,1.3777452,1.8197889,1.8297745,0.8835531,0.23993148,1.7951701,1.5096238,1.5669957,0.778843,1.112175,0.36190206,0.9737793,1.2421371,0.7664227,-0.6010963,1.8138566,0.28968278,-0.0329423,0.72216487,0.5550159,0.4472827,-1.1062325,0.8625779,-0.41268677,-1.5967437,-0.8247358,-1.29332,0.7785589,0.7352469,1.1233554,-1.2395576,-2.2912972,-1.1686118,-1.9031374,-1.1101438,0.65745395,-0.36125314,-0.32889232,-1.2505813,-1.0476145,0.056991246,0.3678753,-1.4648862,-0.2282758,-2.0549066,-0.6801546,-0.2240999,-1.1901566,0.041818738,1.6263329,0.5467369,1.0553616,1.2519183,1.2695173,1.5604144,1.5977801,1.4741017,1.4047991,-0.26876017,-0.46972355,1.1136045,0.039578058,0.5938613,0.7107363,-0.52128494,0.11824581,0.30433327,1.7504692,1.1742005,-1.2109683,0.60822785,0.53010803,-0.49445832,0.54183286,0.807862,-0.019152584,-1.374252,0.7545293,-1.8088447,-1.6970494,-1.8155713,-0.8221877,-1.4608092,-1.6253866,-1.0904243,-0.6026203,-1.0521052,-1.2183783,-0.6318767,1.8348993,1.3347356,1.0383049,-0.4064292,0.48806357,-0.6288841,-0.79846925,0.2599686,-1.3380363
-0.40756294,-1.1579809,-0.5770186,-0.32271814,-0.55391085,0.4571328,-0.70334184,-0.4694409,0.05494036,1.8918834,1.6811333,1.7437704,-1.5372654,-0.7594427,-0.49838117,-0.002358207,0.5430359,-0.8633662,-0.9372688,0.9123651,0.58489996,0.91387427,-0.7253286,1.241761,1.976693,0.8684655,-0.20583826,1.0696001,0.6533893,0.2851692,-0.20204552,-0.17238016,-0.2473598,-0.6748167,0.8372414,0.45412213,-0.53598166,-0.1673443,0.5188663,0.54230493,0.6165466,0.4785369,1.1456468,1.2637515,-1.0917941,0.7819864,0.31224012,1.1392729,1.2159848,0.69383603,-0.3704979,-0.8808488,-1.2188649,-0.760848,-0.2827021,-0.98146194,-0.9182513,-0.5540925,1.0990969,0.33091047,1.2994595,-1.3970636,0.15910025,-0.11959321,-0.8707184,0.6303514,0.065433696,-1.625246,-0.6638824,-0.7582291,-0.74077225,0.15031363,-0.7403237,0.47515813,0.26823786,1.7765788,-0.031856,0.8419558,-0.9674428,-0.135335,-0.49279806,-1.0072877,-1.782077,0.4516629,-1.7207989,-1.1783646,-0.07310676,0.67186505,0.0451025,0.021680338,-1.171149,1.3021435,0.7769567,0.045108926,1.4991786,0.8307692,-0.7058764,-0.28963673,-0.02880418,-0.2515193
-1.7103308,-3.9280756,-3.3881524,-3.6122444,-4.2777953,-4.312953,-2.1439426,-2.9019294,-2.9860506,-1.0194561,-1.4686139,-3.7051477,-1.994237,-3.7428129,-1.9741994,-2.51283,-1.172784,-2.147615,-1.9011554,-1.062696,-2.2506814,-1.9566337,-2.6569743,-0.45635659,-0.94529784,-1.7280533,0.39865166,-1.6731913,-0.77977514,-3.0837307,1.4955999,-1.9367162,1.0497433,0.91008806,0.9372881,-0.45132995,-0.08816585,-1.0698122,-0.078929245,-0.856303,0.4588245,-1.215246,-0.23208968,-0.79919565,0.8184122,-0.02095214,1.6528499,0.8430289,-1.27004,0.94360703,-2.026621,-3.6625323,-2.5125859,-4.3418007,-3.9902606,-3.344818,-3.001594,-3.1426122,-2.4192321,-2.8561149,-3.6737683,-2.4473631,-2.1467814,-3.1415062,-3.1544669,-2.8181975,-0.42973733,-2.2963924,-1.4451668,-2.2111478,-3.3133974,-2.588622,-2.5871823,-2.1813352,-1.61215,-1.7382498,-1.4433105,-3.3990612,0.7749015,-1.8719573,-0.20353971,0.35925433,0.31218418,-0.9931479,-1.0027933,1.0171634,0.119148254,-1.6773325,-0.92057073,-0.115665995,-0.46984375,-0.15726964,-1.0179403,-0.70563865,-1.1572345,-0.2655811,0.05479792,0.14998572,-2.0376043,0.5718217
-0.2653303,-1.1941541,-1.2183055,-0.0031179218,-2.359511,-2.0903785,-1.1568583,-0.8150303,-1.6536946,-1.5010024,-0.46684834,-1.506034,-0.5775733,-0.69680285,-1.0292434,0.49343136,1.1258011,0.69916177,-0.49294648,-1.4643968,0.24985956,0.45994383,-0.60686004,-0.45194805,-0.09352075,-1.6038328,0.5220495,-1.2448401,-1.6966414,-0.9949825,-0.12604323,-1.1085305,0.6001686,0.7781982,1.6001687,0.13964753,0.049402654,-1.6939386,-0.0624059,-0.7718819,0.2120819,-0.29564747,1.1496289,-0.4371814,0.48815674,-0.07081418,-0.727575,0.06987237,-1.6492342,-0.16766013,-0.19996166,-0.6969895,-0.74204063,-1.3486266,-2.2640917,-1.4886595,-0.9016288,-1.4758539,-1.5974411,-0.8875695,-2.03627,-0.64058554,-1.5745488,-1.0505906,-1.47696,-1.3885753,-0.66745615,0.20015128,-0.12431593,0.8916345,-0.6199447,-0.16861242,-1.2882807,-1.6525892,-1.2078514,-1.1143903,-1.5658386,-1.5945426,-0.55084985,0.9079713,0.3233077,0.84374917,1.298312,0.82162994,0.4773406,1.1956246,0.25597245,-1.0067202,-1.1975359,-0.50021374,1.4535961,0.9657854,0.027895123,0.34172633,-0.21131492,-0.272904,0.81864977,-0.6974956,-2.790421,0.20350027
0.016645545,-0.3555061,-0.62246066,-0.07880022,-0.50853616,-0.2305061,-0.04167175,-0.40344474,-0.6597772,-0.15113278,-0.10900981,-0.43750265,-0.19130228,-0.28978905,-0.3879502,0.53043383,1.2247733,1.2457033,0.011315005,-0.8594973,0.8508367,1.134778,1.6640724,-0.17553319,0.02583342,-0.58856195,0.040721457,-0.22186491,-0.6696513,-0.7532704,0.13575318,-1.1581682,1.4332113,2.9461794,2.1763856,0.80777293,1.0580603,0.23201711,0.033412736,0.41848642,1.3290979,0.6032439,1.6348301,1.1021783,0.94151527,1.4205122,1.5399181,1.3384808,0.649942,0.21072598,0.3646511,-0.86665887,-0.06362732,-0.8465767,-0.5662097,0.59437716,-0.7040273,-0.6409538,0.20545742,0.27413768,-1.2220742,-0.3501618,0.1739273,-0.32099947,-0.92868054,-0.5502673,-0.4407522,0.734148,0.3739073,0.63515544,0.20389816,-0.42894053,-1.1919014,-0.355489,-1.458538,-0.7373599,-1.0312793,-1.3373386,1.1159394,-1.877643,0.30239,0.46033046,1.2523066,1.2002134,-0.77174,1.2955173,0.81220794,-0.833438,-1.3600111,-0.038333774,0.5741477,-0.6668798,0.6454002,0.88931584,-0.36158118,-0.48677483,0.006177925,0.6307563,-0.6345921,0.28503558
0.39597943,-0.7347101,-0.8286222,0.01464621,-0.17756283,-0.033209912,0.30035883,-0.6142296,-0.35547507,1.1536982,0.3877253,-0.50232816,-0.824217,0.27233577,0.41750026,0.07866501,0.43110195,0.15393457,1.0110586,-0.6282886,0.0018765882,0.73962015,0.16818509,0.2915047,-0.59448177,0.30026305,-0.553338,0.2589436,-0.6807779,0.9289277,1.0604174,0.98224,0.8476968,0.6665581,0.65033156,-0.57173,0.49399492,-0.05863626,0.61718726,0.28526658,0.65380824,0.15432908,0.4890692,0.6494331,-1.2572483,0.5077537,0.9666534,1.0961518,0.45354387,0.5660703,0.81601506,-1.2231843,-0.48437735,-0.13557328,-0.36582267,-0.19475144,-1.0404954,-0.69673765,0.7350993,-0.32084042,1.5497724,0.067276254,0.17996715,0.55401975,-0.019011874,-0.47590646,-0.4896114,1.2997657,-0.3092621,-1.163513,0.6470651,0.21792758,0.16677281,0.16081361,1.4177654,-0.17544615,0.5594601,-0.20671833,-0.30059838,-0.8123789,-1.183321,-0.44952565,-0.58074325,-0.44117576,-1.7933966,-0.42802587,0.33704814,-1.1750311,-0.8909598,-1.0426824,0.2644265,1.542779,0.70595205,-0.30099526,0.14025329,-1.5153388,-0.45830894,-0.20477547,1.0793055,-0.43285272
-0.9477276,-0.46054634,-0.25714695,-0.6142378,0.078890845,-0.18023217,0.36742932,-0.818796,-0.14929597,1.2241629,1.5619521,2.3287692,0.19777332,1.0879447,0.7190351,-0.6123972,0.544194,-0.68874735,-0.63334036,0.9365137,-0.48910314,0.41212788,0.27614015,1.2527661,1.1333508,1.6686422,0.8463858,2.7728167,1.7711656,1.1181122,-0.9908684,0.4095058,-0.37228477,0.13613017,0.029426362,1.1542922,0.2525785,-0.68455565,0.9134816,1.960768,0.4305846,0.9922419,0.57893574,0.74526536,0.49284804,-1.3229227,-0.030771466,-0.13499144,0.1478102,0.1496389,-1.2454834,-0.8546518,-0.18513852,-0.21778238,0.42012244,-0.45946324,-0.25466985,-0.22471999,1.742836,2.4004834,0.32801604,0.14484334,1.4440402,-0.82601863,0.490358,1.0299518,0.29655614,-0.38304594,-1.1353954,-0.69794846,0.9436078,1.3694583,-0.044159632,1.886359,1.5117154,1.7696831,1.4303997,2.6204858,0.966395,0.7635894,1.369302,0.40744272,-0.46654686,1.0379053,-0.08449672,-0.8406692,1.1721325,2.3210833,1.6572585,0.45184323,-0.402023,0.5938217,0.7976428,0.49755475,1.0406462,0.39933813,-0.5496108,-0.7237783,0.38673705,1.001311
-1.5228951,-1.5303334,-1.7376446,-2.2180207,-2.0369358,-1.9893996,-1.1742964,-1.6453562,-1.2065332,-0.54465055,0.20500958,-0.038818393,-1.4815428,-1.4224699,-0.21073645,-1.4245917,-1.8560402,-2.1370962,-0.40743753,-2.1519642,-1.1791513,-0.8816733,-0.75418603,0.08317158,0.9029363,0.12000304,0.16336717,0.090066515,0.7327211,0.1368753,-0.7542282,-0.22748886,0.45270944,-0.15970874,-0.2046801,-1.3959432,-0.40990597,-0.31237948,0.017560713,0.9063063,0.38789037,1.0752617,2.1156127,-0.7315726,0.19831549,-0.60634094,0.46397027,0.20431787,-1.554207,-0.4706318,-1.745898,-1.2234195,-1.5888324,-2.5116239,-1.5836145,-1.5037862,-1.9584163,-1.3624994,-0.29317474,-0.2869277,-1.4663317,-0.65853745,-0.4456359,-1.5854117,-1.2151856,-1.6120217,-0.1712103,-1.0166351,-1.6565936,-1.8475136,-1.7036304,0.465912,-1.0480922,-0.5141438,-0.45796892,-0.29564774,-1.200089,0.28303328,-0.39447054,0.35936666,1.0523816,0.008612771,0.82084,0.18679318,0.399932,0.44855714,-1.0790398,-0.29902402,-0.8194676,0.78206044,-0.6044622,-0.119833015,-1.6969913,-0.06778067,1.5495784,-0.98508286,0.5304949,0.21691245,-0.80233437,-0.00677188
1.1578856,0.4543294,-0.06342508,0.48635498,0.36728895,0.3088246,-0.6453756,0.58905065,-0.11969359,-1.3900888,-1.9705248,-0.9010717,-0.30055934,0.44177976,-0.12760684,0.19318914,0.54671514,0.37086612,0.23070025,-0.1651379,0.17071638,-0.036445152,-0.44113818,-0.33207262,-0.67048204,-0.87842256,1.541465,0.037033863,-1.5347732,-0.081182286,0.44711828,-0.9681654,0.052412745,0.023763087,-0.59369516,-0.4199919,-0.23140353,-0.5802676,-0.3933877,-0.75384694,-0.69270766,-0.40990025,-0.2655985,-1.4521161,0.25994095,0.34734526,-0.6555749,-0.017245067,-0.49543193,-0.34799317,0.01606344,0.23686193,0.52630645,0.45799455,-0.42261818,0.5866377,0.60943526,-0.11263294,-1.2352245,0.2947257,-0.27770516,0.68644845,-0.8620474,0.39947706,0.002997976,0.20942369,-0.414837,0.98628527,-0.075878315,1.0233092,-0.40558106,-0.66034245,-0.07418337,-1.0198704,0.057592142,-0.121824704,-0.7049604,-0.64357656,0.43392602,-0.27735993,0.36983037,-0.71973044,-0.23392142,-0.3058141,1.8692611,0.49444005,-0.64163744,-1.113174,-1.0901966,0.0649442,-0.42946613,-1.1200174,-1.3641598,0.2659825,-0.21385796,-0.48045847,-0.33500895,-0.403413,-0.32994944,-1.0696402
-0.48286557,0.6255215,0.5104058,0.87632555,0.97175765,0.30871272,0.6932189,0.3439117,-0.11547768,-0.4435116,0.1027642,0.18637924,-0.7277069,0.26314464,-0.24955958,0.34106377,0.22784528,0.5000212,1.1221668,1.1313567,0.6673512,0.7875929,0.54395944,0.056679107,-0.69054383,0.646571,0.6359474,-0.09529068,1.0364566,1.0242175,-1.3282547,0.43129155,-0.87638986,-0.86240155,-0.83174956,-0.5675883,-1.7500027,0.51303,-0.52156097,0.5370143,-1.4188539,-0.032635894,-0.41827914,-0.0075380355,0.77270097,-0.4497357,-1.223953,-1.7473167,-1.219087,-1.3585976,-1.177389,0.4565208,1.1339979,0.8555086,0.7163195,0.5847771,0.7005727,0.015854076,-0.75336933,0.7097644,1.3312776,0.15629846,-0.07866902,0.7901501,-0.0042449464,0.061254237,-0.43100744,0.64179254,0.7373497,0.39045462,1.1922435,1.7140926,1.8624815,0.11960167,0.84026396,1.4904426,-0.2869455,1.0303032,0.39468712,0.10798055,-0.36735705,-0.7077241,-0.6525478,-0.09217779,0.7873788,-0.7992395,-1.5442221,-0.101148255,-0.83183384,-0.0844617,-1.2449934,-1.7088822,-1.251299,0.04829186,0.7819335,-0.7209488,-0.70980734,-0.83851945,0.51143223,-0.7914602
-1.034436,0.24318081,-0.7380748,0.49028334,0.6569651,-0.12301855,1.7386559,0.32108584,-0.35011667,-0.16736208,0.6612864,1.0297093,-1.2203064,0.40210366,0.7096967,1.2942203,1.097731,0.7332991,1.6767063,0.6846105,1.4496893,0.8179063,2.472125,0.70934635,-0.07375265,0.2944502,2.0619473,0.75374204,0.9002677,0.1422888,-0.67401576,0.90753394,0.123111665,0.15001854,-0.073435366,-0.04690123,-0.87327576,0.51350254,-0.80926436,0.8443682,-0.1208865,0.525387,-0.4094105,0.74873406,0.44536442,-0.7439459,-0.17738764,1.0251745,0.05952943,0.096418224,0.54009116,-0.031150755,1.4362823,0.45012152,-0.26152864,-0.48493788,0.7007944,-0.13843283,-0.5119754,2.170495,1.6846868,0.31512937,-0.16094832,1.2350099,0.7084927,-0.08578719,0.7874039,0.98892695,1.59464,0.6305915,1.5701869,0.65953314,2.482195,1.0869346,0.39313868,-0.42623484,1.6353151,0.98914945,-0.2155197,-0.98923784,0.63274056,0.46149907,0.728025,0.10841635,1.0059615,1.6220789,-0.19466591,0.1398064,-0.378934,0.57871705,-0.31517744,-1.2071011,-0.98567915,-0.9934139,0.13883995,0.21475664,-0.40723163,1.3437636,0.70477724,0.24444318
-0.98644596,0.19038458,-1.2321064,0.116367,-0.68015194,-1.2900405,1.2570451,0.41080186,-1.1296686,-0.89299524,-0.23348431,0.32483917,0.38989705,0.42203185,0.9285299,0.2987072,0.09895376,0.74011415,1.2485511,0.5745302,1.5414724,0.82230186,0.42194647,0.60962355,0.7253581,0.886613,0.7742121,0.24643846,0.4215416,0.99723697,-0.21878296,0.80660963,-1.9874774,-1.4264956,-0.92935413,-0.6481198,-0.13121784,-0.12117589,-1.7084209,-0.24496324,-1.5833268,-0.3560747,-0.4354943,-0.84123266,0.30784523,-0.6960747,-1.058224,-1.7051387,-1.4980692,-1.482988,-0.3049557,-0.030977353,1.0952293,0.36651853,-0.8187908,-1.000531,0.92468584,-0.87904036,-0.92896175,0.5229141,-0.1735085,-0.6249721,0.16090958,-0.80665493,0.25931457,0.13384582,0.41527763,-0.046495523,-0.3637627,0.4063009,1.0692596,0.51126826,1.2765498,-0.08597573,-0.050630525,0.6188753,0.9569054,1.281624,1.3907926,0.9760958,1.1228465,0.13083054,0.47040683,0.17556648,2.3264313,1.1379308,-0.69438,-0.24231607,-0.51097065,0.4745164,-0.3567011,-0.08186994,-1.4101311,2.0073507,0.570999,0.48336107,-0.4314828,1.2617834,-1.1716472,-0.7430617
-1.0706246,-0.85524184,-1.3600559,-1.2903118,-0.9805247,-0.6278698,0.35245043,-0.6668236,0.06142275,-1.4430313,-0.6589138,0.11575404,-0.46970916,-0.37743574,0.3912069,-0.94148797,-0.38155454,-1.3587574,0.20127942,-1.5836041,-0.7904136,-1.1757288,-0.5258547,-0.43558684,0.23784876,0.28544012,-0.8053425,-0.008520277,0.0079593845,0.47203895,0.20804067,-0.40702426,-1.3323836,-0.88434935,-1.4809425,0.30832863,-0.67438465,-0.30695766,0.24838428,1.4849432,-0.54127735,0.24975963,-1.6119989,-0.94700676,0.08848728,-1.4391804,-1.0336144,-1.1393665,-0.35448378,0.81850785,-1.296849,-0.99080175,0.025270028,-0.59078056,-0.9782692,-0.56495345,-0.79602253,0.0763699,-0.8945936,-1.070718,-0.06556962,-0.47469813,-0.7552952,-1.1289649,-1.7703183,-0.42949644,-0.13085866,-0.8761369,-0.052462436,-1.5011505,-1.3931137,-0.25769934,-1.6097745,-0.07747333,-0.34843522,-0.60286045,-0.29728237,0.8238034,0.4430286,-0.15824981,0.0019017915,-0.054737814,-0.08166842,-0.44717976,0.18116263,-1.2409444,-0.17150629,0.97177166,-0.27767867,-0.6449446,-0.5974725,-0.4470881,-1.387427,-0.54148823,-0.032442547,0.013085689,-0.4715449,-0.5533093,-0.34136334,0.6325687
0.3376897,0.48506176,-0.072911225,-0.22331463,0.14630316,-0.29206598,0.9576766,0.039015114,-0.09895664,-0.14942546,-0.23874623,-0.6706981,-0.54402983,0.2827892,-0.020543534,-0.06950039,-1.2833352,-0.17720059,-0.4912709,0.11153785,-0.5691395,-1.2422746,0.024309708,0.32269815,0.059703913,-0.8675133,-0.9384858,0.33630973,-0.9375611,-0.9536243,-0.6202089,0.9921519,-0.36133826,0.51749164,0.9101737,1.1796741,0.6988417,1.2211016,-0.5318551,0.9315351,-0.05618628,-1.1385492,-1.1954947,-0.79660684,-0.26086354,-0.30955848,0.33649468,-0.84126467,-0.46188676,0.8754385,-1.4025365,0.2562267,1.2420585,0.029086446,-0.06315352,-0.21133685,-0.15412727,0.69637907,0.24242912,-1.0447376,-1.0471541,-0.9137079,0.3676777,-0.62663543,0.60498136,-1.1597948,-0.42232892,-1.3337817,-0.52732253,0.29501078,-0.1919629,-0.52854145,-0.30574372,0.47115484,-1.3342959,-1.2744712,-0.9049145,-0.05815358,1.6602356,1.4400963,0.43754774,0.5945813,0.7358071,0.08248667,0.51549375,0.22537965,0.31650266,-0.14321518,0.046466876,-0.23304965,0.88225806,-1.0218809,-0.92858726,-0.2718912,-0.9310642,-0.4707122,0.17509194,-0.4064579,-0.9782641,1.1862752
0.03825635,1.9543433,1.4382566,1.5557007,1.4969559,1.5040263,2.4362156,1.9895728,2.124888,0.828519,-0.002875266,0.29448324,2.8075635,1.0659512,0.68729323,2.1034667,1.0582598,1.6640121,0.9477128,1.7984277,1.7177263,-0.012448758,0.54503125,-0.14928855,1.5734615,1.1601576,-0.44546318,-1.1505418,0.59953,0.3849282,-0.34483856,1.3172456,0.23721659,-0.12827972,-1.2055961,0.59240764,-0.19235316,-0.70640135,-0.95671016,0.70594746,-0.5287525,-1.1805967,-0.7211808,0.1704381,-0.7348327,-0.7130216,-0.5549061,0.333095,0.07569523,0.03536107,0.26942503,1.5150552,2.8573794,1.1592982,2.0324602,2.0661755,2.0349145,2.2081728,0.75524175,0.3998819,0.81030065,2.0544322,2.9542198,0.34565082,1.9053853,1.3675871,1.493367,0.28619513,0.7361962,1.3723099,2.8784444,-0.32826903,0.6096449,1.6328663,-0.36691257,0.15232429,0.9632349,-0.7515174,-0.06864416,1.1087229,-1.302392,0.38152555,-0.06443069,-1.7810721,-1.0579107,-0.49881488,0.35733348,-0.6318585,0.86846405,-0.336958,-0.5685116,0.4708201,0.02118302,-0.86303496,-0.61178744,-0.56444687,-1.8078812,0.71574044,0.8511713,0.77502865
-1.2188823,0.2575128,0.6997753,0.77320176,0.24285686,0.50435257,0.1827549,-0.21898021,0.64745015,-1.0121216,-1.6687903,0.06176404,0.4400367,0.6036545,-1.7428001,-0.11053648,-0.8113802,-0.032709025,0.721216,-0.5134159,-0.42170456,-0.72205985,-0.71766734,-0.964544,-1.0350262,-1.2163477,-0.22383288,-1.6991214,0.65041363,-0.8077586,0.6550028,-1.1899532,-1.120763,-0.45598868,-2.5332062,0.9960597,-1.2115922,-1.8934534,-1.273373,-1.7817225,-0.80447733,-0.4830982,-1.1191396,-0.41432205,0.17758055,-1.513943,-1.0221272,-1.532155,0.10627382,-0.22803377,0.63054675,0.5585656,0.897323,0.07555967,-0.0035371303,0.12751973,0.4462497,-0.09949068,-0.8652586,-0.65025467,-0.53070045,1.7209678,-0.46859425,0.7058944,-0.018857311,-0.34711593,0.15344504,0.5270014,0.033934228,0.04283963,0.041770652,-0.14727883,0.124598175,-0.76891154,0.25786957,-1.7110437,-2.4326725,-0.373561,1.5361248,-0.05844055,-0.01835788,0.52780914,1.4601643,0.22862114,-0.07586894,0.250401,0.21548022,-0.61895376,0.7128495,-0.88383234,-0.26654598,-0.27381855,-0.4378013,0.15693389,-1.3541178,0.20637345,-1.0471517,-0.72111475,0.5700398,0.8359406
0.41185787,1.1332158,0.7266309,1.6561149,1.4794273,1.0564826,1.0986491,0.81422985,0.9919206,-0.7967309,-0.27499253,-0.6457806,-0.8860455,0.8858091,0.30090883,0.90235025,0.8869384,0.94016165,1.8101206,0.13283236,2.045593,0.24656242,0.39578113,-0.521888,-0.5882197,-0.14057924,0.64415985,-0.23045899,0.5567431,-0.5724929,0.6573326,0.6129503,0.19003724,0.6045572,-0.23365562,0.22692174,2.027661,-1.6368557,-0.51534253,-1.0523022,0.2429408,-1.0430698,-1.2596189,0.48507115,0.9332673,-0.43493927,1.0843468,-0.68963784,0.7591581,1.1905111,-1.4136411,0.6094696,1.4881493,1.2725787,0.2806361,0.6134362,1.097776,0.15090975,-0.9037916,-0.6282369,0.3205059,0.7420865,1.3023784,1.507973,1.1976998,0.63128513,0.36037958,0.6307354,2.9922466,1.5892385,1.9237008,-0.99269444,0.9844927,-0.4572063,1.2882203,-1.0570529,0.2447058,-0.43081662,0.11819386,-0.33181384,-0.7288103,0.46288598,0.21151806,-1.1912735,-0.29376027,0.045176767,1.4298428,-0.45401078,0.54799163,-0.66650414,-0.7009512,-0.98150104,-1.8030239,-1.8023722,-1.2731673,0.6353764,-1.0258737,0.15838428,1.089602,1.0863113
0.8366734,0.041183796,-0.13449045,1.3049821,-0.31197497,0.7880643,-0.109243065,0.063978,0.11420359,0.7046673,0.8472386,2.8608024,0.9265233,1.3355008,0.41713837,-0.14873025,2.5833945,0.045126624,0.8226818,0.7511006,-0.64382166,0.071893826,0.79434997,0.03333143,0.1526441,1.7185955,0.6166983,1.7758772,1.2213869,2.3979166,0.41727948,0.42518243,-1.1140047,-1.0975549,-1.8356674,1.1418307,-0.19102278,0.17456909,0.14535676,0.33050683,-0.10894655,-1.5023842,-1.2390198,-0.1721454,-1.238669,-1.3119025,-1.3279471,0.6705898,-0.1806536,0.93298924,0.36380908,0.14419495,0.10714362,-0.019535927,-0.30321008,0.558427,-0.14658476,0.31484818,0.65007293,1.6772965,2.0604527,0.57062715,1.1191922,-0.3505304,1.9389412,0.71815646,0.59928006,1.0488702,2.4424102,0.3912647,0.34994495,0.3560524,0.9708391,-0.011452669,3.1974487,1.5702096,0.88981175,2.5104496,-1.3351731,-1.2257102,0.27705002,1.6288769,-0.33936653,0.85704726,0.37479416,0.9998263,1.2787504,1.6178644,0.7111073,0.69611555,0.50772387,0.09097845,-0.14838782,-0.47744137,-0.052619692,0.36476707,-0.017541725,1.1768178,1.1325911,1.2474842
-0.58876854,0.27623492,0.51917577,0.012812123,-0.23401435,0.87040687,-0.22482033,0.5619291,0.9381749,-1.0504264,-0.83591396,0.05203592,0.41965,2.2869692,-0.7749042,0.43656573,-0.8136196,0.90571564,0.6184673,0.38593572,0.5397942,-1.1041087,0.60361093,-0.33460775,-0.4464084,-1.0253695,0.13058116,-1.8694928,-0.35413632,0.6395351,-1.986795,0.32302624,-1.5319023,-0.80625135,-2.4742317,0.19002172,-2.3098357,-0.97126275,-0.6443199,-0.12244993,-2.2798715,-0.042269476,-1.5230502,-0.08046939,0.48331857,-0.96729606,-1.3894771,-1.3035774,-1.3652291,-1.3322346,1.642316,1.211423,1.127758,0.62141716,0.94225514,0.45149878,0.5791564,1.6805674,-0.27208626,0.11281839,0.282159,0.30236194,2.3415678,1.0125967,0.83649296,-0.06937787,-1.9922346,1.4773649,-0.14338167,1.987672,0.05393619,-1.1096246,0.89045167,0.85655636,0.8815425,-0.27293944,-0.38405508,-0.32579696,-0.7457867,0.8804078,-0.7432444,-1.8851504,0.16841838,-2.1510148,0.78682184,-0.8141475,-0.5226357,-0.7258076,0.5034949,-0.11712555,-0.28753117,-0.6116784,0.13102025,0.572806,0.06466092,-1.2064984,-0.65603983,-0.56363004,0.12510872,-0.13400432
-0.35271657,-0.21734428,0.4077457,-0.36546102,-0.7518153,0.44675174,-0.19382583,-0.23665999,1.2246732,-0.37285414,-0.07424307,-0.045675766,-0.71865416,0.35275173,0.82371926,-0.10695404,0.5938444,-0.47611076,0.5123648,-1.007489,1.0495656,-0.41227272,-0.7275442,1.0726138,-0.92997587,-0.36860403,0.6304321,0.6908402,0.6420739,0.64116603,0.5124519,-0.35013267,-0.10564385,0.30991387,0.013869691,0.38812503,-0.01496838,-0.2787482,0.66413474,0.1838941,0.21775602,0.08716983,-0.5403087,-0.42533186,0.56875545,-0.14737403,0.60151064,-1.1397306,-0.20780708,0.59266615,-1.7283633,-0.06656318,0.43083084,-0.21680422,0.5024839,0.78423756,-0.23782092,1.6329553,-0.70623076,0.21577431,0.60347766,-0.10174728,-0.14450756,1.8224827,1.5003976,-0.39940053,1.0673119,0.13350344,0.7714401,0.26291272,-0.48030478,1.0384097,-0.33495715,0.79181695,1.0459149,0.65593106,-0.37511644,-0.03927115,0.2553217,0.46573767,0.7137825,0.53307045,-0.04966054,-0.45580468,1.5134432,0.7669638,0.82312,1.2778316,0.996784,1.8186228,-0.8891127,-0.75947595,-0.3871168,0.47615117,0.5702031,-0.01813011,0.9170132,1.2071927,-0.0720507,0.45647937
-1.1403695,-1.0166703,0.34035003,-0.70772165,-0.11220133,0.061685104,-0.36220652,0.11641937,0.38969958,1.5043226,-0.7255288,-0.39049804,1.7836509,0.42153054,0.7300432,-1.0686327,0.61298114,-0.19196166,-0.3930031,-1.1682827,0.14945939,0.29721648,-0.16024926,-0.63208306,0.15437599,-0.73985714,-0.6487616,-1.0347556,-1.3903626,-0.36075842,1.8410709,-1.3929927,-1.1166543,-0.15990637,-0.4656145,-0.35429305,0.39628217,-0.7050636,0.42725903,0.38062748,-0.87331766,-1.1478733,0.03550259,-0.6109939,0.5279748,0.49529687,-0.48784238,-1.3113977,0.3152851,0.16111869,-0.87618107,-0.62497807,0.63252366,-0.21117312,0.5968582,0.73619866,-0.18285596,1.0584142,0.5109535,-0.65157527,-0.7981195,0.8001316,0.3661089,-1.0902802,-0.12088338,-0.022463366,0.44489795,-0.35676113,-0.3036965,-0.28704378,-1.4560914,1.1149842,-1.056491,0.9843278,-0.6124697,-0.41415396,-0.910602,0.5153944,-0.06823339,0.30812958,0.8297785,0.12958337,1.694022,1.5332351,0.8172203,1.3380777,-0.39057395,-0.24489094,-0.10110157,-0.99340194,-0.055596344,-0.47475523,0.23464558,0.32426792,0.5141483,-0.48049834,0.36966896,0.2718667,0.09304698,0.1372615
-2.8662703,0.044990987,0.8219074,-0.4800014,0.38546464,-0.29637435,-0.9381208,0.7487345,0.43801028,0.8213128,-0.99451035,-2.0425,-1.2041454,0.11452102,-0.82382566,0.17389326,-0.7853187,1.1036304,0.74427843,-2.0309656,-0.0968709,-0.033233617,-2.0513294,-2.2093613,-1.6999855,-1.5877129,-1.7525,-1.6279873,-2.3381677,-1.7792201,-0.17039049,-1.0567157,-0.25594214,-1.2769068,0.6436365,-2.1022842,-1.0518057,0.08356793,-0.90513027,-0.35575396,-1.2882137,-0.5196146,-0.46365526,-0.64600194,-0.780229,-1.7334127,-0.50198925,-1.9508617,-2.2884963,-1.3241053,-1.4108466,0.16462007,0.085585915,-0.024562635,-0.052957915,-0.65339166,-0.055978253,0.36987072,-0.9312253,-1.6033287,-1.6039698,-0.6065309,1.3575089,0.2165314,-0.19012257,-0.5294409,-1.8115906,0.4139011,-0.98077595,0.6318025,-0.17995009,-1.9635642,-0.7991452,-1.0856987,-2.1181657,-2.5366266,-1.5968249,-1.805513,-0.7128573,-1.1167852,-2.1027849,-1.797863,-0.8115037,-1.1780019,-1.1426419,-1.1686605,-1.6078559,-2.405232,-2.01977,-2.459563,-1.0275499,-1.0373129,-0.6929056,-1.6128664,-2.1315782,-1.5404137,-0.867254,-1.8971075,-2.325486,-1.7002769
-0.8648747,0.84768564,1.0456463,0.64133924,1.261046,0.34991238,-0.67197436,-0.00032338532,0.5528231,1.269195,1.864181,0.24617937,0.27971205,-0.94782466,0.9478842,0.2067884,1.4505938,-0.44127974,-0.81883514,0.31569245,-0.15310033,0.7672881,-0.6698887,0.848446,-0.16738787,1.0983764,-0.28289342,0.6933489,0.4535716,0.415835,0.5545417,0.056914724,0.097690396,0.069723174,0.0758482,0.32203192,-0.059993394,0.2557761,0.19105183,0.13802415,-0.34006247,0.55404043,0.18880397,-0.04095957,0.38329798,-0.93732536,-0.6121487,-0.13756277,0.71956587,0.3991714,-1.181525,0.11136319,-0.83869416,1.068128,1.0143613,0.3838743,-0.8277557,-0.4181025,1.1902525,0.07474288,-0.67436504,-1.2771384,1.5065502,0.3197269,0.57632303,1.3454996,0.038329475,-0.69965047,0.9866995,-0.604833,0.10051254,1.0221134,0.61201906,0.14474033,0.30538243,0.37261453,0.663555,0.9347685,-0.7749666,-0.86646867,0.87955886,0.39578643,-0.551501,0.91568935,0.60699505,0.5239392,0.35818586,0.16743325,0.5993428,0.18940018,-0.34853396,-0.087810166,0.5094503,-0.41054422,1.7020066,-0.24572691,0.27930257,-0.22584665,0.8108274,0.079180904
-0.456641,-0.53271145,-0.82378167,0.07533298,-0.14881961,-0.19675212,-0.88630426,-0.73740053,-0.11254558,0.8405662,0.52525276,-0.9917954,0.36525124,-1.029187,-0.027837561,-1.0012224,-1.6533154,-1.0487103,-1.9984857,-0.77853364,-1.1971773,-0.84012765,-0.9450052,-0.1875287,-0.9041127,0.40777913,-2.261195,0.9245477,-0.0005666774,1.2599658,0.8775528,0.14483446,-0.34151748,-0.5290717,0.02108923,-0.54667306,-0.38340783,-0.40662357,-0.15566033,-0.77467597,-0.44950166,1.5795225,0.72616315,-0.5701707,-0.4672621,0.09980281,0.26724723,-0.76062953,0.069183,-0.62685573,-0.76578003,-0.28117144,-1.1850909,-0.21797295,-0.23248808,-0.24313107,-0.4989637,-0.90867037,1.3134114,-0.8990599,-0.28485453,0.38389322,-0.4795322,-0.40134072,0.3602342,0.715458,-1.1487257,-1.3107477,-0.44460988,-0.66839284,0.051394112,0.3315317,-1.0367959,-0.6460797,-0.79204667,-0.16894847,-0.089223295,0.34806386,1.4656745,-1.4080708,-0.065293275,-0.2591678,-0.40478384,0.82613564,-0.6094144,0.019486237,-0.69451505,-0.7132818,-0.7554465,-0.4769559,-1.538321,0.037677035,0.19530655,1.6139778,0.12479835,-0.52513593,-1.0340613,-0.34940708,-1.156267,-0.9255034
0.97736317,1.0046612,0.11823059,0.93582803,0.12408423,0.2675539,0.76284385,1.2363883,0.38057318,0.65818,-0.42372996,-0.8032376,0.7587409,1.188799,-0.79585105,0.045506045,-0.44783992,0.85321057,1.9969819,-0.17934822,1.2215198,-0.832344,1.7106059,0.27107602,-1.5274274,-1.1721333,0.40843976,-0.95098835,-0.75326407,-0.9441011,0.5343736,-0.62468415,0.27987152,-0.044750106,2.1637144,0.34733516,0.38241982,1.1442236,0.94056624,0.5273594,0.98372746,0.99657744,1.0813564,0.5546022,-0.0115968045,1.1606092,1.0774035,0.16178964,0.97495204,0.74303406,1.7271186,0.9508604,0.7553394,0.8645754,-0.2280968,0.26209417,1.1500794,0.6700171,0.3884763,-1.104536,-1.3388587,0.014809375,-0.16242172,0.38912123,1.5673332,0.043086402,1.5259273,1.6147279,0.6602555,0.8923066,-0.3427073,-0.77935445,-0.35474986,0.3309116,-1.2217311,-1.1119746,0.49091783,-0.92974097,-1.1862326,1.5223566,1.0230018,1.2002827,1.077832,-0.78004754,0.8147844,0.85051376,0.14410995,-0.6393428,0.9871832,1.4522091,1.3389238,0.61004364,0.99771756,-0.93042946,-0.018311176,1.61978,0.2156654,1.2378302,1.3506356,1.1687098
-0.7242164,-0.44449827,0.3389766,0.3489058,0.06720711,0.573895,-0.09075416,0.4799443,1.5215833,-0.74716645,-0.37429327,-0.51890814,0.025602583,0.2950263,0.5297,-0.0006789084,0.4091421,0.31071714,0.22781897,-0.67586803,1.4327159,-0.7845771,-0.42734668,-1.0013596,0.79492486,0.23269527,-0.4329165,-0.565676,-0.5842268,-0.79690367,0.44337708,0.7377707,-0.3166877,0.22504176,-0.29006124,-0.27455124,0.15265739,0.28690422,-0.8820714,-0.76857734,-0.26287672,0.63050455,0.29198727,-0.3547622,-0.8327798,-1.2822075,-0.24039665,-1.2759587,-0.88301057,0.06896219,0.2955322,0.112864584,0.51272476,0.4959859,0.50841784,0.7657763,0.45521235,1.137044,0.33101788,-0.3373281,-0.72109485,0.8462228,-0.5390346,1.102985,-0.80965257,-0.8906192,0.10386306,1.5145171,0.77606326,0.008899046,-0.38785848,0.7992342,0.23391867,-0.040175673,0.49934334,0.4332869,-1.0752692,0.15932667,-0.6253667,0.95774496,0.25958142,1.3681896,0.8948401,0.3312434,1.5272287,1.2175244,1.4543142,0.747798,0.7210956,-0.08321266,1.4927031,0.21749614,0.13973077,0.6492689,0.06715536,-0.20434391,-0.5237289,1.0252371,-0.40213925,0.57047653
-0.3130461,1.2830153,0.59907985,0.7633313,0.9260537,1.4685007,-0.10445693,1.1535765,1.1806908,-0.95105505,-0.19866297,-1.6337149,0.6581853,-0.1829771,-1.9419333,0.4521677,-0.8328867,0.3284967,-1.0627671,-0.025079379,-1.3042967,-1.497005,-0.7613334,-1.652117,-1.06801,-1.9256613,-0.27175584,-0.96677417,-0.6954396,-1.3020446,-0.63716406,-0.8430133,0.41866466,0.5196452,0.3816184,1.4886694,-0.042166047,-0.27356353,-1.1714679,-1.5143802,-0.12661676,-1.3814311,-1.204449,0.035695907,-0.79164,-0.9272436,0.49210858,0.0405813,-0.04906278,0.76299953,-0.5046181,1.1947201,-0.15569825,1.0361506,1.108813,2.0275724,1.0692817,1.2168177,-2.0638115,-1.4207709,-1.0753262,-1.0719812,-1.0161638,-0.29990357,0.77388364,-1.2827028,-0.9978658,-0.028510375,0.34763464,0.66027445,-0.36177248,-1.5792258,-0.5102535,-1.5769476,-0.842776,-1.098106,-1.3449433,-0.9689415,-0.5306581,-0.7401308,-1.1187739,0.21646631,-0.21929172,-1.6989487,-0.65429896,0.3793604,-0.6221169,-0.21350415,0.3181487,-1.076182,0.09740153,-1.8673309,-1.4215364,-1.5370291,-1.0279075,0.23098904,-1.045646,-0.8583684,-0.33494717,0.15882775
2.1104348,0.40333295,1.343285,1.051311,0.53342116,1.4159408,0.014272996,0.8142626,1.1314484,-0.40870035,0.15114105,-0.18406028,-0.2699452,0.26294205,0.2955883,0.5759457,-0.3180858,0.33469677,0.10656041,0.8129838,0.2478475,-0.07862326,-0.6537363,-0.81926537,-0.41445544,-0.72925186,-0.51075834,-0.0786224,0.17434044,-0.006121177,0.019159019,0.27262542,1.7039723,1.7503229,0.619307,1.7405291,0.7191767,0.56450635,-0.06513122,-1.4116887,0.7710031,-2.0868657,0.06817262,0.5799793,-0.30598065,1.3141736,1.5984225,1.4671202,1.1901003,1.4753728,1.6863362,0.8066522,-0.30192223,0.8038791,0.87180877,0.7134816,0.6054509,0.7032933,-0.41203347,-0.74051225,1.2899188,-1.0193089,-0.087760255,1.4142293,1.1021302,-0.2951792,-0.40722468,0.091975816,0.908286,0.3018111,-0.21456443,-1.1739793,0.3521215,-0.76738554,0.27346775,-0.791593,-0.027241027,-0.7060731,-0.27192163,-0.0917438,-1.2409157,0.5695943,0.15152381,0.54173285,-1.1008458,-0.46497977,1.3789325,0.19720097,0.92871207,-0.77595377,-0.61411643,-0.467152,-0.57380253,-2.2710085,-1.4518973,0.88701737,0.73297286,0.2528728,0.91478467,1.1841903
-0.45896038,-0.8981228,-0.14556357,-1.1659102,-0.21009868,-0.32458875,-0.6655816,-1.4089781,-0.8823614,0.42157978,1.6861593,0.8897185,0.050516672,-0.89373004,0.5718467,-1.2040157,0.66619897,-1.7397431,-1.469781,-0.7083675,-1.8386459,-0.4049822,-0.026632126,1.2112058,1.8746145,1.5320287,-0.08104126,1.4133667,1.6162136,1.1888772,0.5982371,-0.0667328,-1.4272017,-0.93753,-0.9965465,0.4144362,-0.7678824,-0.44107428,0.3444109,-0.7914087,0.07435504,0.5317349,-0.03325295,0.13191926,-0.48874566,0.31600386,-0.05824445,0.112846665,0.5826089,0.42253956,0.1569221,-0.33038345,-1.5247189,-0.08632777,-0.080147184,-0.8517379,-1.2363517,-1.1320461,0.5314365,0.7499729,1.4374944,0.8268858,-0.6096876,-0.3877571,-1.0470276,0.9157099,0.3259937,-1.7915502,-0.8633877,-1.3272591,-0.9949684,0.337432,-1.1618499,-0.329621,0.522905,1.8508271,1.7778131,1.1280974,-0.6674748,-0.3414012,0.088272,0.17715691,-0.7046082,0.73138005,-0.3362445,-0.5325506,0.799343,2.3684294,1.3775392,0.68491995,-0.17337593,0.7919424,0.57993704,0.7150018,0.9784863,0.4453837,0.1646433,-0.37481597,1.4643719,0.8733919
-0.77210087,-1.9147561,-1.4959909,-2.3664196,-1.8210813,-2.2522388,-1.5766772,-2.1715193,-2.362197,-1.7697964,-1.1860048,-1.4453361,-1.4265902,-2.3054922,0.7884407,-2.4793923,-1.6712707,-2.4689283,-2.0646915,-1.073296,-2.3643174,-1.1563188,-0.3587649,0.6456787,-0.94347477,0.90593165,0.04935633,1.5385028,0.54039127,-0.6763772,-0.1763505,-1.2851148,-0.44517487,-0.6432637,-1.0432849,-0.86045474,0.06360686,0.0557674,-1.0315073,-0.607747,0.4888487,-0.3880752,0.45927286,-1.1660174,0.61441696,0.43851918,0.6909142,0.3928777,-1.3550225,0.15230915,-1.9130644,-1.4244293,-2.2697697,-1.6072108,-1.5736234,-2.0368795,-1.9811555,-1.4393059,-0.6752578,0.06176721,-1.7617186,-0.9269284,-0.85983974,-0.84697235,-1.0138667,-1.9530756,0.5144356,-1.5599123,-1.1430835,-2.3794482,-1.811015,0.4459901,-0.85398567,-1.2762996,-0.5236579,0.5925326,-0.31706843,-0.076976955,-0.4519076,0.44908372,1.6215789,1.435985,0.56641424,1.4263892,1.0830628,1.1688323,0.62464046,1.1687405,0.10512204,1.8462919,1.119264,0.3405881,-0.61418205,1.337306,1.5354227,0.81507635,2.6213338,0.88662386,-1.2336726,1.0154217
-0.15231003,-1.2574167,-0.8054407,-1.1811714,-1.417933,-1.1943074,-0.9854436,-1.310122,-0.8477991,-2.141762,-2.1966946,-2.249581,-0.2358814,-1.6573329,-0.9419649,-0.90779275,-1.5902387,-1.55645,-1.181871,-1.1999347,-1.6434753,-0.69325686,0.48771214,0.73172265,-0.21071658,-1.4371641,1.6728585,-0.4329818,-0.2507031,-1.5457301,-0.5684007,-1.7121955,-0.19038717,0.5476002,-0.37727156,0.079088,-0.30685842,-1.7092736,-0.40317678,0.6826303,0.0049182996,-0.06520409,0.032740634,-0.4807791,1.2597104,-1.103015,0.9438391,0.25294626,-1.6223687,-0.055352166,-0.8993575,-0.7555074,-0.8175658,-0.80748445,-0.8053562,-1.2297297,-1.0876722,-1.32175,-1.7403601,-1.4557297,-1.0495846,-0.62808466,-1.995167,-0.9255805,-1.5436119,-1.8373692,0.27500626,-1.0720105,-0.64435416,-1.2075144,-1.5842725,-0.11401067,-0.85714537,0.68186086,-1.0852925,-0.6766014,-0.7379174,-1.6459281,0.08666234,-0.9293861,1.8258669,0.9533116,1.5624903,0.21571414,1.0930854,1.5814233,-0.5628873,-0.5441786,0.38122487,1.4624588,0.5476603,-0.19886789,-1.0104971,-1.6247343,0.5682411,0.23589468,0.24350162,0.70599985,-1.624139,-0.0824413
1.4330747,0.25553858,0.31596798,0.042753324,0.6476085,0.3837288,-0.4943555,0.3573488,-0.20094748,-0.5674276,-0.7548229,-0.26624018,-0.060004942,-0.1605799,-0.5297019,-0.17560244,-0.7007877,0.08578862,-0.34266514,-0.6346376,-1.3001983,-0.61825424,-1.4456857,-0.28229442,-0.9043202,-1.0126694,-0.05187809,-0.97319674,0.07734598,-0.16062541,-1.9662205,0.22970244,-0.8941323,0.044226486,0.19897462,-0.27224422,-0.3071425,0.58454406,1.1560352,-0.24764761,-0.19772778,-0.11262417,0.40549624,-0.43874064,0.7370459,-0.29545334,-0.044734266,-0.25887817,-1.0659646,-0.21164773,1.8479329,0.6510613,-0.36293888,0.8582061,0.6202351,0.97469676,0.15411945,-0.07246955,-0.5243196,-0.793526,-0.09006863,0.3812018,-0.1265744,0.22229816,-0.77823645,0.31357637,0.35617426,-1.1193691,-0.19154961,0.075280525,-0.6701936,-0.11679485,0.50609404,-0.76036537,-0.30647472,-0.85107577,-0.00668617,-0.6606442,0.45176524,0.35970068,0.805893,-0.12366687,1.0678939,1.2382196,-0.021851616,0.29460043,0.10762377,-0.31910074,-0.33240497,0.8209464,0.7515094,0.018637296,-0.283393,0.52582556,-0.5852476,0.44982558,0.80384284,0.44051173,0.33263913,0.12815666
1.5536474,1.3796839,1.6322118,-0.048202522,0.7805239,0.5490933,-0.81348264,1.2340856,-0.11634731,-1.4190164,-0.994051,-1.3968991,0.030101059,0.55073637,-0.88864857,0.38412488,0.36495832,1.327066,0.17441191,0.020009046,-0.14222509,0.2714708,0.38701525,-1.0492702,-1.8952299,-0.9745985,-0.04110097,-1.1092423,-0.44241646,-0.97175914,0.41688594,-1.4391857,-0.07800998,-0.22169188,0.2950975,-0.54297864,1.2094516,-0.88773847,0.15131742,-1.3775599,-0.8280345,-0.33097956,-0.64648163,-1.5335977,0.28486672,0.67974025,-1.5661666,0.058862194,0.034317613,-1.7381401,1.3474786,2.2378826,0.12953544,1.0725131,1.2983701,0.8358281,1.2063888,0.8107039,-1.0421133,-0.32853812,-0.51111436,-1.1888161,-0.85359585,-1.0656236,-0.7326049,0.72338164,-1.0798055,0.5280832,0.2885547,1.3887266,-0.3946725,0.026563928,-0.16748263,-1.0650187,-1.1672812,-0.6974713,-0.46692434,-0.68479466,-1.6102628,0.35886303,0.0140003245,-1.667304,-0.39748988,-0.9762235,-0.31211802,-0.7330841,-2.240496,-0.70916134,-0.9240813,-0.7049486,-0.4464104,-0.6492989,0.004283805,-1.6623095,-0.010891017,-0.57417274,0.109352626,0.6179022,-0.08031213,-1.9565623
0.58175033,2.3451784,2.6967626,1.4952555,1.7635764,1.9915047,-0.31974992,1.2423015,1.8323975,0.5088402,1.1849878,1.1569499,0.5625265,0.09273642,1.0893769,1.3239549,1.2498311,0.7777574,-0.71560836,0.8931375,0.5797364,0.951078,0.7668559,1.3472804,1.1581106,0.9186934,1.6614926,1.9858655,2.171433,1.9799576,0.48707852,1.7036266,0.16762221,0.5268666,-0.40112036,0.6593369,0.71483284,0.35755944,0.7217091,-1.0965526,0.17660716,2.0813994,-0.48018593,0.74435794,-0.4644555,0.5160051,0.35473534,0.54445493,0.8844671,0.19372663,1.9789287,2.3653367,-0.20210186,1.5100317,2.1218164,1.5535115,1.9837505,1.2717528,2.091008,1.3665457,0.9327267,2.075194,1.3336325,1.9133894,-0.15738481,1.2598253,0.7897154,0.15256062,0.48109865,0.83594,0.61405575,1.269497,-0.19761668,0.33309796,0.3854936,0.98505664,0.8142162,0.4746444,0.31700352,0.87288004,1.4441006,-0.16005485,-0.5607001,0.39751813,1.7007772,0.65732,0.7467436,2.365904,1.4164377,0.7455661,0.52570564,0.38170362,1.5071784,2.2580874,1.589418,0.6108267,0.50641704,0.4265697,1.7552117,0.053150114
-1.0075278,0.003820009,-0.12497754,-0.099594496,-0.43307975,-0.55253726,-1.7588408,0.14942509,0.42221195,-1.7055674,-2.039603,-1.1817358,0.5628033,-0.5713996,-0.7547837,-1.3117652,-1.623117,0.4800483,-1.124888,-0.27396312,-0.8224749,-1.2554755,-1.250825,-1.1048459,-0.69973236,-1.6219717,-1.6221074,-2.0192096,-2.4208672,0.52651936,-1.3482541,0.4522951,-1.2367194,-0.7372607,-0.69106805,0.1372628,-0.9454427,-0.0035685732,-1.5036678,-1.5439295,-1.2746451,-2.010116,-2.1516833,-2.1075797,-0.4974915,-0.38438714,-0.7451833,-1.1195738,-0.8782642,-0.7193148,-0.33643404,-0.20714805,-1.4209505,-0.5380491,-1.015679,-0.97186035,-0.0104502905,-0.41293997,-0.8076234,-1.4105372,-1.4229542,-0.29151413,-0.13273025,-0.7537049,0.24309134,-1.1030508,-1.5398952,-0.5005913,0.44214424,-0.09669416,-1.2911847,-0.75778997,-0.3569251,-1.8085717,-0.8602702,-0.9541371,-2.3541312,-0.82828045,-0.9413451,-0.8446333,-1.2858895,-0.63765967,-0.3180005,-1.1204664,-0.5863916,-1.3369589,-0.6071844,-0.2837912,-0.6011615,-1.5743431,-0.4717393,-0.9916073,-1.437623,-1.229274,-1.3250805,-1.3374002,-0.516226,-1.275146,-1.0053995,-1.1051401
0.12809123,0.4983239,-0.41478434,2.043836,1.2603956,1.2568742,1.8613086,1.0361947,0.19230323,3.0819707,2.1524673,1.3482858,2.0014415,0.39859203,0.4780485,1.2579217,1.2784164,1.1941458,2.115337,0.4277786,2.0118015,2.045624,1.7949456,0.7369807,1.7340399,0.5407298,-1.4615552,0.0853722,0.5036673,1.221373,-0.9269037,0.39002723,1.3353935,0.5892346,1.071272,0.8168529,1.047163,1.6236398,1.5019106,2.1653872,1.6541508,1.6461142,0.70100796,1.8097489,-1.551234,0.65612274,0.22790837,0.7309379,1.263188,1.5680054,1.7654762,0.70960313,1.57968,1.9179887,1.3998936,0.64445484,1.3008138,0.12831452,2.2433703,1.5057948,1.8304763,0.9853038,2.0255246,0.27024892,0.84314054,0.94810015,1.6091534,1.1427828,1.2240039,1.300731,1.7026392,1.1132462,1.293608,2.142051,0.5029408,0.17793597,1.8424067,1.7307618,1.1441573,1.1587216,-0.47881347,0.6952412,-0.07761725,0.7631709,-0.68268234,0.581445,1.673656,-0.05839396,-0.035839748,0.3202618,1.409416,1.760812,3.0364206,0.31731188,-0.008927112,1.2739912,-0.15990657,-0.38034877,1.2931054,1.274908
-0.62913084,-1.4824302,-1.7817444,-1.2621127,-0.9568403,-1.6961944,1.4597775,-0.84621894,-2.0656166,0.6815928,1.2960536,1.9224063,-0.47291943,-0.22405207,-0.14563152,0.19054511,-0.07471328,-0.3566605,0.9991863,-0.31577635,0.55788505,0.26181838,1.0545735,0.097439565,-0.091813244,0.7632929,-0.86428356,0.70960975,0.046699494,-0.803731,-0.42866838,0.68519586,-0.042582255,-1.0118384,0.26323766,-0.32534316,2.5831716,2.170662,0.35918278,-0.884944,1.6710625,0.14362474,-0.42541233,2.0662167,-2.0990746,0.7575032,-0.4282199,1.439507,1.3528988,1.2940943,0.07012803,-1.9990748,0.87672883,-1.8842437,-1.6230507,-1.1774514,-0.9307637,-1.8582989,0.6405265,1.090615,0.62980014,-0.33331367,0.5969679,0.8932047,-0.9498281,-0.12076985,1.1898243,-0.4012962,-1.0890952,-0.3234829,0.6608336,-0.30500945,0.36780065,0.3897905,1.1509277,0.5546716,1.3305448,0.47103617,0.109980375,1.3108815,-1.2341628,0.9542937,-1.2107482,-0.40031204,-0.5849885,0.8190295,1.6058234,-0.89168936,-0.6223229,0.2576343,1.6313825,0.2446275,1.0229802,0.65367335,-0.9485939,1.3072695,-0.3401289,0.4081772,1.7476122,1.1052194
0.43960026,-0.9503302,-1.3249034,-0.6715446,-1.4618886,-1.0955526,0.69615626,-1.0414917,-1.7068815,-0.2397301,-0.7003055,-1.1116298,-1.6166135,-0.6752622,-1.352914,0.3548401,-0.8756435,-0.9653719,-0.4125204,1.0561072,-0.9059903,-2.1464639,-0.24942665,-1.5930444,0.23055542,-0.35454756,-1.4439888,-0.13365375,-1.1534519,-0.26739684,0.37601018,-1.5682257,0.031251308,-1.0926747,-1.8322428,0.64843714,2.2287304,1.425645,-0.9684493,-0.79743135,0.68204284,-0.85113466,-1.6111892,0.023909947,-0.019331237,0.09607847,0.12851839,-0.8851203,-0.13801776,1.457257,0.11418749,-1.4260558,0.33457518,-1.4355756,-1.7310576,-0.74253356,-0.94134265,-1.0615865,0.9521823,-0.070357665,-0.46350175,0.23943287,0.4997374,-0.6128442,-0.46258867,-0.92297757,0.25035864,-1.1164463,-0.07483879,-0.42080697,-0.07387372,-1.7169254,-0.32321528,-0.7175925,0.44482973,-0.10964612,-0.22138317,-0.29661396,0.6537062,0.09017686,-0.7356471,0.7693558,-0.14671698,-1.672461,-1.0511541,-0.054731924,0.8277313,-0.48597187,-0.047770817,-0.3866885,1.1834134,1.2076777,0.2697127,0.4969773,-1.5859444,0.90921754,-0.092552796,0.38510245,-0.06781112,1.2317338
1.3465412,0.84653527,0.7872225,0.27203825,0.12606959,-0.48485258,0.9666307,1.2207029,-0.16173345,-0.17548856,0.0714711,0.5025444,-0.19442408,0.19028342,-0.59794796,1.4620234,-0.069567636,1.7325481,-0.049306534,0.85472405,0.3717795,0.082584426,1.0828217,0.5006499,0.16912591,-0.25710636,-0.9653814,-0.33187705,0.3215493,0.34852457,-0.05401569,-0.15413007,0.33472237,0.08837964,-0.25455335,0.53380334,-1.0514371,0.9138242,0.58723307,-0.08536742,0.019827373,-0.07443693,-0.48673218,-0.057325527,-0.7616367,0.5083725,-0.37157238,0.7597711,-0.10999214,-0.75754166,0.6121295,0.71906143,1.0703386,0.14433846,0.1103098,0.40348324,0.76588976,0.31817648,0.5775996,0.4223633,-0.0690593,-0.1595128,0.30674186,-0.2787058,0.41156757,-0.49049985,-0.04611113,-0.18785033,-0.333859,1.008849,1.425814,0.18461454,0.46854857,-0.21314909,1.0936992,0.29480693,0.04504444,-0.17652017,-0.75830907,0.04543876,-1.0934049,-1.7227792,-1.1299397,-0.13023551,-0.8367447,-0.99389666,-1.0152434,-0.18367165,-1.2880542,-0.19377935,-0.6572899,-0.40646148,0.16491054,-0.75889564,-1.0644355,-0.3321113,-0.48791876,-0.4078279,-0.05316864,-1.4795583
1.1154563,0.17030941,0.25897276,-0.22682719,0.106154285,-0.22057366,-0.2304369,-0.6233242,0.0067611816,1.2749512,0.22945534,0.6310794,-0.082530305,0.22478051,0.5809896,0.046743304,0.76712614,-0.65740377,0.50355345,0.51108754,-0.72758055,1.6074142,1.0080572,1.0774934,1.1193185,1.5662607,1.3487238,1.7036792,-0.4728658,1.6314319,0.9985538,1.7565027,1.3512133,-0.57130367,2.330801,-1.0454818,0.55861026,1.0228888,1.8473411,0.6231029,0.6720454,2.7262475,1.6668942,0.822904,0.7206244,2.2984116,-0.14342207,1.0543405,0.37397507,-0.7868761,1.039527,-0.011223398,-0.2495949,-0.25999498,0.16710417,-0.17330272,-1.1328076,-0.35233623,0.36003453,1.4331565,1.1449206,-0.26496,-0.29436645,-0.83130974,0.7303653,1.2628056,-0.15818729,0.29266617,-1.4178847,-0.6443675,-0.8997616,0.68131757,0.046581212,1.4305463,0.22614135,2.1877348,0.73530346,1.5390092,-0.9096111,0.74702203,-0.007875058,-1.5359213,-1.7542114,0.36395246,-0.7216873,-1.2428032,-1.459628,0.6598453,-1.2207252,0.33637932,-0.43811384,0.9533414,0.9078851,2.1337764,2.3334804,-0.70584816,0.75606763,-1.3889737,-1.1295191,-1.1954633
-1.0674844,-1.8821805,-0.805586,-1.3827451,-1.523441,-1.2147985,-1.321213,-1.5541533,-1.2261785,-1.7502915,-0.4330912,-0.8548754,-0.8699661,-1.3389212,-0.6278976,-1.5990083,-1.9327737,-1.4324057,-1.4341164,-0.8783783,-0.9934763,-0.83278227,-1.8122405,0.60427314,0.9108824,0.91152865,0.94815123,0.84001315,0.3382001,0.9506253,-0.9728206,-0.4334595,-0.84804165,-0.8111311,0.3513816,-0.5190611,-0.70193976,-1.2799854,0.062419828,0.48654515,0.62260675,0.5513846,1.199602,0.37778634,0.82268703,0.98567766,-0.11154189,0.39087516,-2.292028,-0.23187311,-2.2077203,-1.6592381,-1.4952952,-1.0434275,-1.2504829,-1.5371572,-1.5997851,-1.4319592,-1.3145329,0.7255618,0.7717755,-0.23244865,-1.6845068,-1.3582616,-1.1655769,-0.8440332,-0.32226947,-1.2691414,-1.0812258,-1.7643849,-1.102695,-0.9346221,-0.8013658,-0.068136185,0.83412623,1.2721055,0.042329565,-0.06349408,0.9006586,-0.09407799,0.45314258,0.15768972,-0.43548125,0.80888546,-0.5326463,-0.20169856,-0.8081954,0.59833336,-1.1528531,1.2097031,-0.3962566,-0.9997418,-0.6197347,0.35350832,1.5120794,0.62319434,-0.1330089,-0.52568465,-1.6736892,-0.4651017
-0.21104072,0.7814017,0.8820271,0.54251534,0.2260134,-0.12774122,-0.76229954,0.47774678,0.19854894,-1.0659823,-0.21364397,0.606311,-0.1306427,0.07314426,-0.30419865,0.2588491,0.7823933,0.6740136,-0.40808588,0.062280115,0.30204418,-0.0675962,0.77214664,0.22266847,0.895035,-0.23904829,0.7606904,-0.4643772,0.15386067,-0.27600434,0.05157533,1.3687563,0.3884582,-0.07707708,1.0935537,-1.1516186,-0.8786522,-0.43923515,1.2341706,0.2596063,0.058290623,1.4758308,0.74772507,-0.8021397,0.57702076,-0.05536018,0.02961049,-0.59052455,-0.62147397,-0.49673983,-1.2441865,0.97444797,-0.354017,0.13433889,-0.12685105,0.2816921,0.31365982,0.5881757,-0.7622487,0.2338229,0.49607384,-0.026256623,-1.0814459,0.04917852,-0.79845804,-0.3817395,-0.34158042,1.0014302,0.63613206,0.54667556,0.6634912,-0.20512731,0.85056955,-0.4721088,-0.8030781,0.8465176,0.3995699,0.07640893,-1.6886154,-0.68481284,0.54879904,-0.3572537,-0.40813652,0.7378357,0.20333457,-0.94755125,-0.72598475,-1.30025,-0.28502324,0.7116863,-1.0576744,-1.0584661,-1.4808705,0.16930066,-0.06982333,0.014331097,-0.44363174,-1.0644841,-1.4101268,-0.4581396
0.37998962,-0.021188116,0.55029064,-0.19077215,-0.074299075,0.5526094,1.1308515,-0.19820362,0.5018566,0.25201064,1.5397582,1.4982051,1.0685025,0.90195966,0.6210716,0.4854851,0.81768936,-0.42380324,-0.3406379,-0.23982719,0.57003963,-0.47769725,-0.5322195,0.49661243,1.0416028,0.6169541,-1.7619092,0.57732564,-0.30280346,0.94828254,-0.44596812,0.6009293,1.3683785,0.34074157,0.761819,2.6123042,0.3518463,-0.106224686,1.7429473,1.0678846,1.1355466,-0.8249815,0.49695107,0.66882354,-1.610269,0.69021684,0.83015835,0.15938146,0.4787497,1.3780271,0.53277427,-0.20400585,0.3289737,0.76391226,0.5100872,0.657387,0.7017522,0.35734928,0.65965587,1.7982851,1.4324292,1.067629,0.66511935,0.22297561,0.7265862,1.2189778,1.2279599,-0.37781945,0.1246172,-0.38409176,0.60209,0.8828971,-0.7251959,1.4115868,1.4778804,1.1898032,-0.3735597,0.9897859,-0.6413595,-0.8167097,0.4917863,1.7150215,0.40586185,0.59935546,0.15736152,0.6324693,1.8832793,0.49600646,1.672497,0.7934154,1.3309487,1.0852064,0.47528002,0.4952052,0.54779106,0.4091537,0.19325662,0.53980815,1.4241637,1.6406107
-0.49898535,0.18670717,-0.07866604,-0.29012135,-0.018840853,-0.28048956,0.36043072,-0.22988576,-0.14178723,-1.5953368,-1.861315,-0.000811422,0.017771225,-1.3598733,-1.6918889,-1.19675,-0.5947763,-0.061905686,-0.16596282,0.39953473,-1.3858128,-0.5689866,-0.7209941,-1.0716702,-0.53433543,-1.2152529,-0.19230822,-1.0227091,-1.0655481,-1.1989107,-1.4236999,-0.53955334,-0.14290223,0.0009402925,-0.25236225,0.07208361,-0.0927909,0.77716064,-0.600228,-0.778499,0.6180651,-0.43642637,-0.9128904,0.43062183,-0.2562204,-0.09079699,0.64901805,1.1151811,0.09096285,0.66671836,-0.21085268,0.13153411,0.36909333,0.5111037,0.13563906,-0.50079954,0.30836156,-0.099525854,-1.0839251,-1.1244367,0.09133556,0.3073953,-1.1832049,-0.88682264,-0.96689093,-0.14256842,-0.18641205,-0.6613855,-0.914336,0.13310444,-0.86316156,-1.4529798,-0.935154,-0.98735213,-1.7910339,-0.7709011,0.045099482,-1.0520757,-0.37300077,-0.14755702,-1.303656,-0.1448024,-0.3114868,-1.3841187,-1.1661494,-0.4716073,-0.047328617,0.41752312,-0.3222819,-0.5927269,0.39213088,0.17432268,-1.3107597,0.40801772,-1.619863,0.10830954,0.44316283,0.13871974,-0.06632609,0.6724949
0.8458344,-0.48879972,-0.45260003,-0.2828306,-0.36410305,-0.4747962,-0.6594943,-0.32218415,-0.51878524,-1.4648943,-0.5498856,-0.2813833,-0.22919483,-0.42452666,0.006631673,-1.1452054,-1.0234697,-0.55869085,-0.40704852,-0.21141995,-1.0695041,-1.3088505,-0.3749865,-1.1236508,-0.102249615,0.7538725,-0.72040224,1.3944488,-0.00066731183,-0.5832398,-1.9596072,-1.340088,-1.3504856,-0.8193877,-0.037840858,0.57013345,2.1532412,-0.19086602,0.28995588,-1.1598259,0.6607552,-0.5850724,-0.270337,0.63025886,-1.6312852,0.343178,0.07876025,-0.3258055,1.8371778,0.4105311,-0.06974862,0.18216299,-1.0701036,0.15545395,-0.11899213,-1.1663345,-0.035485066,-0.45682234,-0.95532256,-0.21843621,-0.40997127,-0.45205435,-0.7204784,0.10706136,-1.6218574,0.5329366,-0.7036725,0.86334425,-0.64662904,-0.3273693,0.0026871252,-1.3768402,-0.8459067,-0.89671,-0.40336132,-0.3379405,-0.024672383,0.26393542,-0.6694772,0.39018434,-1.518236,-0.43639696,-2.3375044,-0.57202923,-1.7080859,-0.4024173,-1.2973998,0.67488456,-0.26150095,-1.3606216,-0.77147377,-0.5041135,-0.9787584,-1.2663423,-0.82825404,0.87566507,-0.97285485,-0.94078475,1.2078675,0.30476975
0.2922873,-1.7909421,-0.91646814,-0.6786373,-1.2060028,-0.2577671,-0.6233501,-0.34722292,-0.48657882,0.7817181,0.2829398,-1.2487222,0.21626264,-0.6823332,-0.16177504,-0.62175906,-0.984781,-0.9237221,-1.6213745,0.026243525,-0.9515054,-1.1682178,-0.27383512,0.47751695,-0.25377136,-0.79164714,-0.33969533,-0.42797408,0.05615516,0.056874875,-0.63597536,-1.1397345,-0.5993624,0.061409876,0.46519792,0.27071717,0.46122718,0.74506843,0.09975178,-0.8118557,1.0268649,-0.36369422,0.35406166,0.5077788,-1.8559684,1.524513,0.9288816,1.5656396,1.2974236,0.22431466,-0.07199233,-0.65132827,-0.8217224,-0.082155265,-0.72329277,0.108726904,-0.30144203,-1.0696462,0.43995792,-0.9854074,-0.8696498,0.33557454,-0.29049125,-0.70581394,-0.7285019,-1.4940974,-0.35015804,-0.6831323,-0.8190851,-0.87261164,-0.06391143,-0.8277763,-1.1146368,-0.84873223,-0.1040511,-0.15774764,0.42129537,0.11164209,-1.2129414,-0.6279787,-0.64812356,-0.54267526,-1.8502771,-1.3558036,-1.5795957,-0.6946984,-0.0032834895,-0.8047848,-0.17022015,-0.03855263,-0.84087855,-0.033177465,-0.21244341,-0.56426734,0.047215242,-1.1343507,-0.84048605,-0.32927933,0.8719091,-0.07397223
-0.9017093,-0.58715576,-0.31720024,-0.082669385,-0.8831634,-0.106789365,1.3595246,-0.090009995,0.05097705,0.29225415,1.5504764,0.59275776,-0.11029191,-0.60631615,0.041064814,-0.01845908,-0.6188595,-0.47551414,-0.012231365,0.7173138,0.12123954,-0.3382208,-0.4737849,-0.14111596,-0.25650606,-0.4419693,-0.98603153,-0.01918238,-0.5520654,-0.6042154,0.053991888,1.0939424,0.6671596,-0.5067429,-0.36574876,0.2580819,0.08510707,0.29878697,0.5493146,0.88942176,0.4430873,1.0206714,-0.23788981,1.1749238,-0.41981766,0.36212543,0.39953396,0.38684922,0.33779684,0.7227482,0.42132217,-0.27225995,-0.5533585,0.4062379,0.4697252,0.22039303,0.14508577,0.1898623,-0.55611056,1.0220832,0.42723766,0.8344822,-1.3363216,-1.5214676,0.25721797,0.028740967,0.3553478,-1.7352734,-0.8457973,-0.62724143,-0.32607323,-2.1827188,-0.85691017,0.23826967,-0.05694126,-0.45846972,0.97915894,-0.39128786,-0.664118,-0.56548154,-0.059368983,0.3659084,-0.63220865,0.08662952,-1.7367556,0.059704594,-1.0081925,0.7830595,-0.24616529,0.1754261,0.13654947,0.123542756,-0.2566569,-0.92154956,-0.5444022,1.3037063,0.0060788733,0.5549888,0.5995229,0.17573875
1.6147839,0.11939609,1.0460988,0.26830333,0.43592352,-0.31678402,1.5910274,0.53502506,0.07793716,0.6897432,0.6360448,1.2579321,0.47261444,0.77037364,-0.45984638,-0.023904204,-0.28574142,0.07192365,-0.040687393,-0.35227916,-0.08168706,-0.39440012,0.7555238,0.66986483,-0.6329152,-1.709911,-0.10408784,0.41550168,-0.20038971,1.1098673,-0.5540768,-0.93440956,-0.24703337,0.7636647,-0.12562232,1.308261,0.21320122,0.025768632,-0.17118324,0.9891256,0.67484796,0.26497242,0.13215828,0.029728545,-0.5341794,0.8194046,0.25335285,0.14891559,0.7126724,1.3233607,-1.0174283,-0.19232614,0.99213797,0.4381171,0.17328298,0.55493677,0.27198324,0.31160867,-0.41557345,0.59801227,0.6530144,0.6127314,1.2567711,0.7050703,1.2569968,-1.2186747,1.6397439,0.008299973,-0.5250186,-0.5255241,0.2873342,-0.18320549,-0.15264846,-0.27926177,-0.86228865,-0.71155775,-0.71302927,-0.2521994,1.198489,-0.03735613,0.22014196,0.6310416,-0.04532095,-0.6600919,0.10900182,0.7061179,0.49187464,0.051002048,0.941936,0.12701312,1.2040901,0.20450751,-0.6709698,0.31287423,-0.54963726,-0.7614417,-0.6875778,0.2672434,1.2982452,1.5327961
1.4591867,-0.17788097,-0.6586845,0.71591794,0.8291652,0.32349825,2.0209928,0.13614023,0.17741162,0.1926717,-0.6598215,-1.1975654,-0.457367,-0.03840627,-0.3835225,0.49684262,-0.36620575,-0.7804186,0.77793723,1.5724206,0.3220044,0.54676855,0.54513144,-0.030750997,-0.89176595,-0.82571363,0.30105817,0.07579868,0.82133883,0.015157129,-0.86398286,0.7856426,1.0594043,0.13283752,0.051861458,1.5603827,-0.8177957,1.89533,-0.22237961,-0.1509163,1.6353967,-1.240779,0.38826686,2.1197815,0.32379156,1.1752095,1.1936347,1.1689702,2.536708,2.0666764,-0.36700135,-0.1738137,0.91882235,0.6830269,0.3869357,0.35861787,0.28512996,0.3656481,-0.117288604,-0.6983739,-0.0044093486,-0.006110986,0.7727778,0.6251302,-0.47666126,0.18148842,1.8853253,-0.92845756,-0.31505886,-0.8212989,-0.29211104,-0.19560657,-0.3256409,0.70318115,-1.8979644,-0.80292255,0.8619178,-0.50298357,0.9538491,1.8737124,0.41080603,2.3373852,2.604116,1.5938675,0.15980047,1.859749,1.3921278,0.5520659,1.6716166,1.6575168,2.5775297,0.4635839,0.7683038,0.11191834,-0.05122594,2.3774636,1.1894693,2.5805266,3.0888336,2.4042313
-0.8734896,-1.4258344,-1.5748428,-0.24242246,-0.19362551,-1.0230858,0.42305952,-1.2745346,-0.6964149,-0.7442168,-1.9336395,-1.4231025,-0.7560239,-1.3265848,-0.841856,-1.3071539,-1.1888939,-0.9753694,0.19039518,-0.9642527,-0.04439584,-1.5176806,-1.1917236,-0.3812368,-2.7400827,0.5374187,-0.7002181,0.74913937,0.04465108,0.8978323,1.4087731,1.3134731,-0.6043315,-0.64271295,-1.223596,-0.54114085,1.1502998,1.0725248,0.5177266,0.38215563,1.2080895,0.23640239,0.19044569,1.0739908,-0.8745844,1.3347958,0.1650221,0.9426728,0.5771156,1.4804794,-1.146956,-1.3333334,-0.07429215,-0.69447726,-0.91479456,-0.65229475,-1.6189425,-0.65391034,-1.1459426,-0.8777245,-1.2667446,-1.4576615,-0.31267294,0.37362066,-0.18447064,-0.71839446,2.3606465,-0.80566007,-0.29805118,-0.872438,-0.07161394,0.05501884,-0.86008507,-0.3313185,-1.591079,-1.2075583,-0.34401894,0.47146538,1.1435411,0.3657009,-0.15722026,1.5684596,1.2248657,-0.34547582,0.043753702,0.5679433,1.2192128,-0.6111658,0.6316347,1.5335315,1.1629732,-0.8534643,0.03966477,0.90805435,-0.034077056,2.5467603,2.1557229,1.4239732,1.9405783,2.2559597
0.22370411,0.347184,-1.0600904,-0.9998062,0.44507906,-0.0012660212,0.108801454,-0.7661951,-0.58712924,-1.0012218,0.3381807,-0.07485341,0.1478131,-1.0501546,0.82546985,-0.15658522,-0.044199243,-0.39963993,0.2526467,-0.25691327,0.24607714,-0.117877424,-0.50106263,0.90521306,1.1706828,0.015333924,-0.64327157,-0.8298565,0.28757,-0.21389611,-0.28634045,0.234841,-0.04670022,-0.49404708,-0.13611522,-0.08811927,-0.6975691,0.9892037,0.588025,0.9201804,0.24790013,0.09783324,0.53616804,0.76218873,-0.26989755,-1.1791056,-0.8267503,-0.15364796,1.0571463,1.2317281,-0.40289864,-0.22208074,0.0991097,-0.40344238,-0.0041793515,-0.7110484,-0.2871925,-0.9867809,0.6215111,0.6951677,-0.47356942,-1.0814846,-0.54265285,-0.2753605,-1.2291635,0.569404,-0.1436255,-1.4185996,-0.31680816,-0.3724969,-0.48107123,-0.071043156,-0.011974022,0.60042053,-0.70299625,-0.35553426,-1.2008274,-0.3395485,1.6623174,-0.019134285,-1.0198725,-0.040746957,0.29093596,-0.621071,-1.5038912,-0.113799274,0.71714336,0.87151206,0.33323157,0.35049614,-0.6660886,-0.29778472,0.43221685,0.83398557,0.3230168,0.8858011,-0.6172305,-1.1456443,0.66216457,0.24205251
-0.45704818,-0.24596393,-1.0712017,-1.1945808,-0.81416214,-0.9819832,-1.112958,-1.030638,-1.1834487,-0.9073594,-0.68816257,-1.2303808,-2.1217582,-1.3768927,-1.0067563,-1.3798445,-1.6760142,-0.40173393,-1.0164672,-0.31202585,0.34552968,0.6964977,-0.9078079,0.34312683,0.9963991,-0.6639627,-1.1653523,-0.06456327,-1.1660583,-1.4305849,-0.4390367,0.0758163,-1.3020529,-0.41534302,0.1438512,-0.69341093,0.051676784,-0.70941085,-0.08814556,-0.73849624,-0.2450529,1.1554192,-0.23061581,-0.7837241,0.04167595,-0.081417866,-1.435391,-0.25828844,-1.77442,-0.038487237,-0.69146955,-0.39659187,-0.8891185,-0.76383096,-0.55016154,-1.6198035,-1.2491251,-1.266163,-1.9832951,-1.0392267,-2.0152614,-1.4105326,-0.0777835,-1.8241286,-1.3009515,-0.46987006,-1.5372088,-1.7435462,-0.7550973,-0.37374845,-0.83775353,-0.36699212,-0.5447102,-0.26520705,-0.83578354,-0.11454228,-0.45474035,-0.37338206,-2.7261393,1.1560982,-0.043885883,-1.7246969,-1.5631832,-0.664217,-0.6276975,-0.5918177,-1.3374494,-0.06864863,-0.34992126,-0.41411248,-0.23230305,1.0553546,-0.45920807,-1.6893139,1.1450529,0.79360867,0.11250752,-0.95739883,-1.2143525,-1.0732391
-0.72565323,0.8971822,0.28066218,0.021191677,-0.07701411,0.26739648,0.73727053,0.052316733,-0.41642138,1.2240859,0.28174832,0.6962434,0.90544283,0.39993525,-1.3768216,0.3509203,-0.26536092,0.0019829252,0.07848125,1.936506,-0.2566329,0.7767135,0.24975507,1.367261,-0.15515612,-0.22083321,1.4152901,-0.6625563,1.8829067,-0.43198738,-0.46890453,0.6266622,0.6864234,0.64153796,0.8645722,0.30214962,0.4792269,-0.17087638,1.2789464,1.5730141,0.52784973,0.44769233,1.0228469,0.6421829,0.29842445,-0.6780455,0.53119105,1.4066093,0.060663693,-0.21266219,0.6043401,0.23979004,-0.4711844,-0.19230488,-0.101051435,-0.5950763,0.38486773,-0.82847637,0.334398,0.14600666,0.14729215,1.1257576,-0.66223514,0.14361484,-0.3397427,-0.8467659,0.9347831,-0.31031835,-0.25273523,0.06065766,0.5026215,0.8480953,-0.1917979,-0.13511197,0.32115296,-0.026740495,0.78693306,-0.6305216,-1.0847586,0.5102042,0.56677926,-0.45750815,-0.65197265,-0.22839436,0.06780306,-0.18655682,-0.2188957,0.006104758,0.352171,1.0121559,-0.90764815,0.05988839,0.25394946,-0.25138643,1.3848757,0.17443076,0.59421617,-0.27626407,-1.1612405,-0.1373331
0.7923572,0.7610173,0.8482786,0.7192,-0.080585174,0.09141262,1.3561538,0.6139785,-0.6871695,-0.87138975,1.5929041,0.08716035,-0.2052567,-0.08028965,0.5649799,1.9079204,1.6439762,1.3154777,2.078232,1.1368457,1.44255,1.4224117,1.3752356,1.8179998,0.9568229,0.9970437,2.0185525,1.1660097,2.2399993,0.8442406,1.2030613,-0.41257778,-0.008982253,1.02669,0.3988493,-0.44607186,-0.39262044,-0.22624575,-0.55771685,0.26459703,-1.1417034,1.1242412,0.8056961,-0.4004181,0.032472063,-0.1261751,1.5335772,-1.395945,-1.2769893,-0.68139434,0.30243325,0.9685371,1.054582,0.647291,-0.31181338,-0.5267055,1.3372437,-0.47189468,-0.27638757,-0.4398437,0.4142731,2.3628614e-05,0.26554662,-0.6138721,-0.26505452,0.46412337,-0.047589567,1.1058284,2.3057377,1.2492272,2.1893988,-0.107185975,2.0755727,-0.03326466,2.4951108,0.15257393,1.3759578,0.30442885,-0.14719574,0.16753644,0.575299,-0.12286245,0.04579052,-0.35260877,1.7309241,0.7778096,-0.71704185,-0.053368475,0.69304144,0.09463819,-0.59455985,-1.9083669,-0.3818951,-0.78659004,1.286136,-1.0717009,1.1771258,0.7659383,-1.1589309,-0.22605775
-0.788669,0.7854969,-1.1954927,-0.30226874,-1.2446734,-1.7091384,1.2332287,-0.13087909,-1.6243002,-1.2401619,-0.8925489,0.25439152,-0.13829419,-1.3609922,-1.1210759,1.16905,2.799678,0.5438945,0.48111743,1.3284527,0.58021516,2.0921776,1.1290152,0.5565332,-0.8052411,1.2422795,1.2267807,-0.09270598,0.7262433,0.31138512,0.50840765,-1.8067353,0.8162286,0.66153157,0.07695975,-0.40803018,-0.9894828,-1.9144007,-1.8613824,0.45201987,-0.2431417,0.3105128,0.96288306,-1.5220078,0.6598308,-0.41506383,-0.32889727,0.5865132,-1.3326389,-1.598739,-0.64027077,0.080619335,0.51946735,-0.5457805,-1.7732496,-1.3296847,0.39845926,-1.1815608,-1.5043862,0.008038597,0.81266004,-0.92430294,-0.63418305,-0.8435029,0.2396808,-2.0610352,0.3033474,-0.7452728,0.6412159,0.5109209,0.102366336,0.11301158,1.4486396,-0.97090614,0.65219,0.79384905,0.2113095,0.14983682,-0.62190497,-0.55759114,1.5924269,0.1636257,1.2440555,0.1301183,2.641863,0.5017812,-0.3766747,0.0058798636,-1.4627132,0.24319789,-0.53258437,-0.8167685,-1.9313363,0.53545713,0.37061223,-0.9212175,0.24096625,0.04002481,-1.3477973,-1.341457
-0.33659777,-0.75154775,-0.8684707,-1.3701952,-1.280058,-1.330607,0.7896893,-0.51119053,-2.1205719,0.54800266,1.8565133,1.4236645,0.60201114,-0.056155913,0.68695706,1.6081092,0.92239136,0.092939615,0.38081467,0.026795285,0.7055297,0.84040076,1.3618681,1.6779021,1.9044869,2.0251641,0.9265332,1.2125796,0.68336266,1.1123217,1.8442006,-0.1778737,0.5930304,0.44483817,1.1548905,-0.21308686,0.13995224,-1.7334071,-1.2963321,0.27312753,-0.36167884,1.2694087,1.2090204,-0.014116518,1.111458,0.4483577,-0.021983426,-0.74122334,-0.5673855,-1.3440443,0.8469371,-0.509229,0.7896181,-0.9100377,-0.8931618,-1.0513197,-0.4408075,-0.80585074,-0.33530557,2.260633,1.262304,0.25501302,0.20763004,0.6834186,-1.1998662,-0.60763925,-0.051637385,-0.5444912,0.20220491,0.0061894082,-0.18031354,0.17501937,1.7176818,-0.6670479,0.80233353,2.0723715,1.2860738,1.246253,0.36804393,-0.0015630483,0.9405616,0.38294604,0.08171906,0.7207285,1.4154985,0.19281596,-0.035197888,0.74607354,-0.115060054,-0.7169318,-0.10746123,-0.3551609,-0.98563725,2.5465667,0.03419859,-1.528633,-1.3042612,-0.6811185,-1.3871967,-0.7199322
-1.7092401,-1.0485663,-0.93956,-1.065855,-0.83743924,-1.1027206,0.005549726,-0.28414223,-0.17901132,-0.5220065,0.5634025,0.52580404,-2.635374,0.39827216,-0.33462137,-0.075794876,0.39034513,-0.5707926,-0.53506136,-0.1863161,-0.51057506,-0.64086473,-0.6022756,-0.7188591,0.21413699,0.9100867,-0.2286496,-0.54399455,-0.22721145,-0.34454978,-0.04810453,-0.056231167,-1.3043298,-0.10876167,-0.34146604,0.11646486,0.23646356,-2.046167,-2.1956797,-1.552535,-1.4739116,-2.000224,-2.0482433,-1.7438856,1.0165126,-1.7547629,-0.17980474,-1.2985224,-0.4880072,-0.95068187,-0.25525734,-1.142739,0.27406412,-1.5739317,-0.528699,-0.8617455,-0.93701905,0.009363852,-0.08337178,0.7431055,-0.8795109,-1.7427986,0.45327353,0.54798365,-0.43220127,-1.0292789,-1.9484909,-1.1873435,0.10940473,-0.4485097,-0.47370663,-1.419435,-0.37310725,-0.39125177,0.59817946,1.0760521,0.3185254,0.26437622,-0.24946351,-1.5816096,-1.2917931,-1.5250882,-1.6112165,-0.36001554,-0.6341122,-1.3808358,-1.0239441,0.06186528,-1.4316835,-2.1115177,-1.7885604,-1.7289324,-2.9831371,-0.6006205,-1.6086906,-3.1446197,-2.9126437,-2.4384365,-1.4990423,-2.066238
0.849854,0.3565247,1.3690488,1.9896473,1.6856833,1.4177804,0.9552739,1.9257412,1.8596345,0.76766837,0.16622195,-0.3566143,1.2533696,0.8129394,-0.5706899,0.5851585,1.2690957,1.6420249,1.2664948,1.980277,1.238459,0.27598315,0.75658554,-0.6571489,-1.4365811,0.389924,-0.5961073,0.03234391,0.63769543,0.4433516,0.6375163,0.944776,-2.0801249,-1.0345931,-0.84498984,-0.7223312,-1.554972,0.5644342,-1.1225296,-0.34976867,-1.837907,-0.7948481,-0.8006251,0.26870066,-1.7901236,0.7474543,-1.3270419,-1.8272254,0.8100565,-2.1108108,1.673995,1.3284087,1.4785471,1.3009477,1.3676853,1.533098,1.4938781,2.208971,1.8534311,-1.1042241,0.420203,-0.41507974,1.135298,-0.008216891,0.82383335,-0.6747015,-0.64824593,1.9807923,0.98671186,1.4993211,1.5063772,-1.2668318,0.79866135,1.2554972,0.79144347,-0.6256448,0.5887942,-0.113424204,-1.4840745,1.0550486,-1.5717987,-2.0032163,-2.2780879,-2.333357,-1.7280107,-1.9986771,-1.7749856,-0.32479897,-0.14128724,-1.8835356,-2.299366,1.0455531,0.29863748,-0.9671298,-0.4431616,0.5006463,-1.0236343,-2.0675933,1.1398147,-1.8841997
1.212482,1.5702033,2.3960288,1.3622247,1.5877825,2.1190462,0.288349,1.7433267,2.5108626,1.59479,1.7233843,1.6145424,2.5751274,1.8595232,3.1264527,0.6330457,1.0461844,0.82493216,-0.32706758,0.6696796,1.5123354,0.95940506,0.9213916,1.4774791,2.5442553,1.5258402,0.91783166,1.5566229,1.8816426,1.9905324,0.6574897,2.4531744,0.31104437,1.1132648,0.25202632,1.2853068,0.70475495,1.7634914,2.755486,1.6743321,1.2104065,1.6778823,0.99817264,2.330968,-0.15101859,2.1213608,1.3244545,1.5692085,1.1573477,1.1197784,1.1588955,2.0011373,0.5307607,1.5046378,2.4852705,2.211842,1.3282632,2.6004994,1.0864546,1.836345,0.32673523,1.6393677,1.6912555,2.2058299,0.5988754,2.7120936,0.6424818,-0.098163724,1.4722614,1.5123186,1.5638565,1.9278601,1.2309185,1.3382851,1.1496967,2.4330337,2.7407534,2.3638108,0.24910846,2.6660182,1.3255891,0.27827072,0.56355345,1.4958887,0.69971436,-0.09621383,1.6472753,2.0887535,2.2212987,1.7018995,0.2451825,1.8515134,2.0190632,0.64884627,2.628021,2.4215748,0.31426895,1.437999,0.9945054,0.53356403
-0.014441677,1.5655026,0.47027978,0.027450098,-0.496629,-0.56967276,-1.8072389,1.2196466,0.16378781,-2.099735,-1.5384839,-1.3184443,-0.6286476,0.66922224,-0.5517989,-0.21235187,-1.5148584,0.876156,-0.28720474,-0.9512358,-0.5514076,-1.409065,-0.05719611,-0.63449776,-2.0884414,-1.8299596,1.0111471,-0.96238595,-1.0818324,-1.064772,-1.2201672,-2.3849597,-1.4974703,-0.37621766,-1.4312603,-1.1424223,-0.4361688,-2.2163303,-0.78738236,-1.6965336,-1.0552583,-0.59039253,-2.2107005,-1.7590957,0.78357995,-1.3153208,-0.13971744,-0.38685054,-1.2705481,-0.62203866,0.5703469,0.63930726,-0.78315413,0.09200056,-0.6764365,-0.38151008,1.2566166,0.6797628,-2.0377696,-0.080983646,-1.7677244,-1.7270018,-1.1484653,-0.19753629,0.37787536,-0.08252896,-0.86548173,-0.2598932,-0.11518289,1.8119845,-1.0034447,-0.64972436,-0.4269609,-2.2705634,-2.4927006,-1.5990999,-1.8145521,-1.3025066,-0.51655084,0.5395495,0.93112135,-0.19509542,0.5798703,-0.72880316,1.6089796,0.09784321,-0.42841116,0.65461093,0.38413748,0.6074794,-0.14144114,-2.3085253,0.05351239,-0.5629502,0.16126105,0.1043824,0.95166975,-0.6220396,-1.0907402,-0.12762202
-0.4902572,0.42615524,0.58635575,0.50881827,0.12501319,-0.035101373,-0.96489877,1.4132018,0.9173526,-1.332529,-0.28198433,-0.8083155,0.63455784,1.0534537,-0.70298076,0.6598417,-0.023027645,1.1162629,0.8942565,-1.2553544,0.025806136,-0.13298768,-1.2205294,-0.39309126,-0.26195207,-1.8709003,1.3706291,-0.22039802,-0.904761,-0.59478396,1.1570594,-0.2916377,1.0079447,0.39230397,0.98988605,-1.2099648,-0.4046723,-1.6037862,-0.08594537,-0.54563427,-0.98393196,0.33283958,0.8715752,-1.376981,2.1104488,-0.87260777,0.39303657,0.50167346,-1.1690208,-0.93793255,0.042642858,0.43830606,0.26115552,0.14494663,0.2710713,0.4733859,0.5768808,1.6249024,-1.6741436,-1.1533253,-0.85106385,-1.4395015,-2.3662312,-0.22839506,1.3968093,0.24546531,-1.0566086,1.8540062,1.1357656,1.7376184,0.44933444,-1.0693754,0.6157266,-1.4550439,0.5643968,-1.6633794,-0.90331864,-0.5705627,0.57539606,0.9212609,-0.11672186,-1.210801,0.80417544,-0.92511916,0.5563096,-0.80623424,-0.931581,-0.58846563,-0.22475249,-0.23022492,-0.33405715,-1.2402556,-0.9915192,-1.0070804,-0.9785802,-0.84660715,-0.77322775,-0.81083953,-0.8354569,-1.6151859
0.43708092,0.6992613,0.7391115,1.0141512,-0.19788788,-0.10936791,0.027273102,1.4092424,0.9655198,-0.42674497,0.4114082,0.0819376,0.7925601,0.5702648,1.486535,1.6312196,0.46246508,2.0578258,1.9289186,0.49004734,2.7039149,0.739934,1.6162753,0.51939505,0.4696052,0.28642508,-0.06668619,-0.21673723,-0.5622474,-0.42531472,2.190111,1.7685446,0.3916613,0.57427526,0.48488566,-1.1971847,0.05148388,-0.34612566,-0.658871,-0.91984546,-0.025878,0.7808005,0.20196623,1.3498559,1.333704,1.9616843,0.7228403,-0.59075195,1.1278764,0.3195608,1.0738231,0.8671691,1.2007823,0.20462579,1.1984057,1.4235295,0.9846958,2.079482,-0.087390244,0.107135646,0.16473535,0.25813702,-0.22183254,1.0490396,-0.33466688,0.53060323,-0.26702517,2.477945,1.1390748,1.9230803,1.5949758,0.0628776,0.8981513,-0.49108088,0.05945334,-0.52206033,-0.46856084,-0.19005314,-0.040625162,1.1603953,-1.2158649,-0.86095786,-1.5171413,-0.7282721,-0.7857115,-1.51707,-0.4185519,0.025573567,0.024046134,-0.65631473,0.35165507,-1.6045276,-0.29565924,0.7230655,-0.79626924,0.7992179,0.09227477,0.011042862,0.122238204,-0.011994642
1.9035583,0.6713216,1.4999933,1.0830759,0.62575996,1.1611134,-0.9173705,1.3956518,2.2985067,-0.272095,0.24765623,0.5957163,0.20301612,0.8418687,1.2058054,0.52331525,1.284095,1.048388,-0.24419191,-0.5001557,0.704473,0.14014001,1.1802795,-0.5174369,0.6869236,0.448064,0.28369915,0.84499425,-1.0737488,0.1635189,-1.624087,1.0504152,-0.3266901,-1.9709567,-0.52710164,-0.942963,0.8304872,0.89730126,-0.06989506,-0.92479867,-1.0388231,-1.8680404,-0.66260874,-0.48548433,-0.36575216,0.5804327,-1.3760659,-0.5972668,-0.6563196,-1.1437575,1.2340637,1.9509561,0.2845759,1.3493083,1.3044301,2.0630913,1.2706665,2.434349,-0.12906069,-0.18027538,-0.55775046,1.7797787,1.723542,1.3791112,0.9993967,0.8656318,-0.84332305,1.3063815,-0.0013363042,1.3442706,1.2216398,0.79881984,0.41383648,-0.14112818,0.6121228,0.10820115,1.0935751,0.70379514,-0.79575455,0.6101461,-0.96795976,-1.1466687,-0.96491766,0.37733135,-0.58900845,-1.6638001,-0.6780984,-0.9675363,-0.8687099,-1.2793709,0.1746876,1.3313699,-0.94503015,-2.3668566,0.36246565,-0.14496726,-1.0825382,-0.79797167,0.6460222,-0.94359565
-1.7699463,-0.11073145,0.057295546,0.2954329,1.621741,1.0781896,-1.2699906,-0.8456944,0.45025286,1.084922,1.2269491,0.36627775,1.8389515,0.70219475,1.2368238,-1.5953933,0.480872,-1.6808823,-0.6775416,-1.4993181,0.6577855,0.694561,0.4152998,1.258812,1.3462471,2.1997545,0.29511517,1.7399529,1.0591255,0.6981971,0.4049766,-0.23496272,-0.9760712,-1.1040341,0.57699436,-0.75031865,-1.5949159,0.99812603,-0.14116442,0.8036998,-1.2936041,2.9789565,0.909879,-0.27865788,0.38102773,-0.58903265,-0.8874278,-0.99211884,-0.7269222,-1.6479802,-0.46523744,-0.037926566,-1.1634687,1.0276986,0.8893697,1.2288116,-0.75260484,0.22088222,0.33960694,1.2782586,1.0015154,2.4564545,0.87266356,0.059190907,0.9209042,1.2107183,-0.30145636,-0.7850342,-0.11945222,-1.7374173,1.0918185,2.4131908,-0.50551796,0.45877618,0.43580708,1.2449435,-0.09053766,2.105921,-0.39088336,-0.22509027,1.4987059,-0.2648768,-0.16058515,1.5362886,1.7520673,-0.7682553,-1.1286211,1.2342674,-0.89242816,-0.12640545,-0.8090319,1.4159358,0.41579592,-0.3576257,2.1681414,-1.6652914,-0.14210548,-0.64279026,0.9098908,-1.8490034
-0.97027045,0.13905348,-0.26052776,0.30850786,0.122438945,-0.34389704,-1.093682,-0.9996249,-0.9971658,0.20585267,0.10548275,-0.96198905,-0.8880548,-0.6532458,0.53710914,-1.7364239,-1.3021657,-1.139207,-0.8870522,-1.4587486,-1.5963037,-1.2620752,-0.070583515,-0.44545192,-0.44648755,0.9475858,-0.19124614,0.25214183,-1.1446737,0.8298158,-0.9886043,-0.32969418,-0.8576268,-1.6938677,-1.5648391,-0.1195204,-0.07090512,-0.05792961,-0.14150214,0.082469046,-0.6699172,-0.9844504,-1.3484838,-1.132951,-1.5833871,-1.0712517,-1.5842953,0.55122,-0.6642078,-0.9662928,-0.34392273,-0.52962536,-1.2354196,-0.40792188,-0.97400594,-0.8692788,-0.8035634,-1.2711136,-0.18875834,-0.1323079,0.028395586,-0.8124676,-0.53478146,-1.3167595,-0.6427161,0.6172336,-1.194788,-1.4178994,-0.9198668,-1.6980137,-1.2076224,-0.4290377,-1.0386903,0.44182208,0.71084297,1.2719173,-0.9934998,0.4573986,-0.9643985,-0.3024586,-0.46817312,-2.09151,-1.2594618,-0.7303991,0.077785194,-0.47089285,-0.97413504,-0.2069726,-0.5230758,-1.0316299,-1.1196887,0.99889857,0.9580152,-0.99645704,0.1612579,-0.65406734,0.99338245,-0.57922226,-0.058941428,-0.96965796
1.8964044,-0.63044155,-0.93858564,-1.426097,-0.80085903,-0.43942946,0.19075675,-1.1242684,-1.6229148,-0.3398245,-1.2982972,-0.6077326,-0.0413078,-0.76011294,-0.73514605,-0.69236445,-0.38239852,-1.2416127,-1.0003623,-0.06082535,-1.518344,-0.015241507,-0.08647684,-0.45004088,-1.0738553,-0.85137904,0.6048603,-0.25135794,0.31715718,-0.7595663,-1.3792074,-0.35895643,-0.42188454,-0.10766501,0.43271658,0.09328777,1.1286737,-0.1639112,0.80215985,-1.0689105,1.256681,-0.07400996,0.30706298,1.3618026,-0.46248072,1.3100642,0.35879385,1.9212743,-0.13564856,0.91887057,-0.33359656,-0.69062185,-0.8364683,-0.8418752,0.00014246145,-1.5227592,-0.4609991,-1.7835674,0.4760298,-1.6212157,-1.2377164,-1.7174058,-0.49681908,-0.17366345,-0.58145946,-0.58328474,0.5405773,-0.6389482,-0.3470257,-1.3544123,-1.511243,-0.56757134,-0.20282105,0.7868364,0.33469272,-1.5679806,0.3465623,-1.3015124,-1.7117174,0.66888666,-0.6867497,-0.17466916,-1.7762712,-0.89326876,-1.190932,-0.48450622,-0.1565555,-0.7605665,-0.5108542,0.64735925,-0.08873723,0.3438631,0.54766405,0.23581724,-0.053480767,1.4535341,0.51016814,0.71760046,-0.06078936,0.3990159
1.4752892,-1.5038301,-1.6121769,-1.5944947,-1.9410014,-0.8841975,-0.26958862,-1.5364138,-1.3700671,1.061212,-0.3194998,-0.849488,-1.0627744,-1.4819162,-0.85616744,-0.32374766,0.019252995,-1.1650366,-0.51215696,1.663755,-0.67227614,-1.8648213,1.0208524,0.005928376,-1.5277628,-0.321497,0.375313,-0.21647358,1.6532881,-0.8563128,-0.09842321,-1.4652086,-0.64549696,-0.21399091,-0.7438034,1.6543167,2.0579326,0.7633009,-0.7374268,-1.7239506,1.1685187,-0.36119604,-0.7330817,1.6511179,2.0468695,0.5807263,0.112036884,0.83264863,2.3723238,1.4457554,-0.41055268,-1.2438252,-0.7681012,-1.9542503,-1.456646,-1.3128645,-1.5101144,-1.1457694,0.3351382,-0.14936782,0.31816542,-0.7023553,-0.26676983,0.2562157,-1.0277649,-2.174473,0.97541666,0.5510385,-0.35948324,-1.5731806,-0.39165038,-1.2928678,-0.077260844,-0.8951197,-0.70591575,-1.1723943,-0.10256839,-0.16830716,0.9357245,-0.86476195,-0.5928806,0.97632974,0.24849522,-0.6536471,-0.39431363,0.79257965,0.806072,-0.34603184,0.7874573,1.0122198,-0.19832875,1.353674,0.34212813,1.560882,-0.7208232,2.407417,0.84080017,2.0062954,1.2747301,1.6990421
-1.0383539,-0.64365333,-0.3127562,-0.90720016,-0.9736534,-0.07007709,-0.17257622,0.3767975,0.40052345,-1.1002746,-1.1425046,-1.8707291,-1.112775,-0.4955462,-1.7728634,0.29388022,-0.84303623,0.121233985,0.17294338,0.4393892,-0.08517877,-2.4673731,-1.3746338,-2.6029859,-1.1086798,-1.2929811,-0.12673377,-1.1581,-0.03574174,-1.6403794,-0.026273867,-0.7523996,-1.4219935,-0.8079467,-1.9705533,0.82710207,0.5697747,-0.9473743,-2.2801661,-1.6458094,-1.3721672,-1.7278734,-3.3056574,-1.5154086,-0.051537585,-1.3658311,-1.0401106,-1.4884366,-0.10536669,-0.09300338,0.69008875,-0.1759946,0.77234143,-0.61195374,-0.64395845,0.22876427,0.28766418,0.115808904,-1.2337546,-2.0416853,-0.98123896,-1.3714502,-1.7213742,-1.1832273,-1.5208263,-0.8980417,-1.8171223,1.2732812,-0.03333415,-0.02810524,-0.21432737,-2.0148332,-0.52711356,-0.92083734,-1.3338128,-0.80162615,-0.26687154,-1.411879,-0.3832173,-0.5212673,-2.3858984,-2.118032,-1.7724857,-1.4046807,-0.55557925,-2.0494266,0.48687255,-1.974028,-0.33809933,-2.35519,-1.2716393,-0.4341245,-1.572348,-2.2303042,-3.095676,-1.8890474,-1.4730157,-1.9443032,0.007089662,-0.52457255
0.778928,0.45867917,0.7888346,-0.08269761,0.38967347,1.4396122,0.3040896,-0.22106111,0.6181894,-0.5342169,0.97844493,0.5171797,-0.47608867,-0.5756512,-0.11293238,-0.10268312,-0.163491,0.053334627,0.27910075,1.5438544,0.2863283,0.30698025,0.36615905,0.96408784,-1.2601801,0.27481428,0.32631746,1.054503,1.3734243,0.510536,0.9554623,0.8266184,-0.30987602,1.0054911,-0.7902659,1.5594014,1.080076,0.73165816,0.68643713,-0.6845771,0.627051,0.36373538,-0.010482988,0.14174128,0.6476156,0.6677622,1.0247175,0.36855888,0.24352041,0.85679203,0.9803761,0.07350578,0.25524554,0.48393515,0.36842072,0.32717177,0.24798894,-0.34887332,-0.22153667,0.993132,0.9166814,0.711959,-0.7663986,-0.48686108,1.3313671,0.7108537,0.25398228,0.4849161,1.7884583,-0.51307017,-0.34804034,-0.44187835,1.6247175,-0.7727891,1.0399245,-0.028105907,1.3105339,0.73490274,-1.0026472,-1.0676019,0.20459017,1.047719,-0.34467375,0.22404201,-0.7051045,0.22454126,0.594704,1.9152503,0.9555433,-0.5686658,-0.51764655,0.6506917,-0.9714001,-0.77015,-1.2667842,-0.07559986,0.08409787,0.8219739,0.82102746,0.19251016
-1.64921,-1.0246758,-0.19392544,-1.3729336,-0.503209,-0.6944914,-1.5918685,-0.5863245,-0.11379691,0.19996494,-0.7131443,-0.087218285,0.29415864,-0.043645326,-1.1918722,-1.77939,-2.7974813,-1.0582502,-1.6067866,-1.2218468,-2.153536,-2.0380342,-2.1050513,-0.8877035,-0.0060059344,-0.60521525,-0.53711176,-0.24279106,0.2620024,1.0227331,-1.0160191,-0.9754766,-0.26927245,-1.5244769,-2.4276948,-1.460118,-1.8676931,-1.3016139,-0.7209371,-1.0339974,-1.4285297,1.4778289,-0.6969083,-1.6870264,-0.54352015,-1.4904361,-1.7033194,-2.1598456,-1.713127,-0.98654807,0.18689774,-0.516538,-1.2979312,-0.9006919,-0.8734573,-0.901397,-0.9883747,-0.39703545,-0.39088905,-0.89922607,-0.4610362,0.27051285,1.205536,0.02969086,0.55185694,-0.34992674,-1.8316545,-0.5093,-1.4235903,-0.5490512,-0.3887055,0.62111104,-0.51108855,-0.68545914,-1.1186577,-0.38221556,-0.0658151,0.32795992,0.19174607,-0.9542141,0.006439881,-1.0110772,-0.080176584,-0.46078458,0.25486112,0.23510607,-0.3739158,0.26125786,-0.87000304,-0.94770163,-0.9165845,-2.152561,-1.1985751,0.17717108,0.22451615,-1.6259551,-1.0701153,-1.078862,-1.2873566,-0.94675684
-0.16604511,1.3268998,1.1007986,1.1023095,1.5915134,1.393204,0.763609,1.2648715,0.86130285,1.7297223,-0.027962081,1.0065426,-0.006183655,1.6418912,0.9012359,0.31236964,-0.6023321,0.25801352,0.44571984,0.08625968,0.9620292,0.3298696,-0.24552463,-0.50423706,0.6375619,-0.06260863,-1.0786238,1.0695235,-0.027880883,0.19843882,-0.7084615,1.2088658,0.6037603,-0.78072435,0.2515708,0.7985557,0.33909035,0.41091588,0.94813216,0.65220284,-0.4916035,-0.99955106,-0.986442,-0.16968332,-2.5488696,-0.17685977,-0.32844245,-0.70618576,-0.0050001107,-0.064078644,0.23438229,1.2222748,0.63146836,1.3038181,1.885369,0.5308254,0.86038816,0.59174013,0.7633073,-0.97449684,-0.8562594,0.4548243,0.28482535,0.89455533,0.68821526,0.7675627,-0.7739874,0.015697096,-0.9406901,0.47699204,0.82737696,0.7284303,-0.44922403,1.3696628,1.0056506,0.22975132,0.8336954,0.89677775,-1.287828,1.4556295,-0.47599596,-0.7419014,-0.7661932,-0.37550026,-0.16954826,-0.39072034,0.5341403,-0.119502984,1.1557754,-0.3750782,-0.621011,-0.70262855,0.27810296,-1.4286606,0.15382357,-0.551461,-1.3861382,-2.1550062,0.20879301,-0.14488709
0.07554886,-0.78988963,-0.7645452,-1.1982211,-0.10290225,-0.7931927,-0.39936277,-1.3824798,-0.6829444,-0.84769535,-1.1961187,-0.9553518,-1.7597408,-2.793194,-1.2336283,-2.2810824,-1.1365451,-1.3496138,-2.4077287,-0.4490767,-2.4391592,-0.20346361,-2.1995053,-0.9266472,0.09600763,-0.91250026,-1.3699238,-1.1138628,-1.1984538,-1.73086,-1.0347155,-0.82974374,-0.9400529,-1.2772945,-0.72173434,-1.7616241,-1.4112399,-0.54709464,-0.037691128,0.577574,-0.846781,0.8390693,0.5290483,-1.4819163,-0.7701222,-0.49946922,-0.35230607,-0.9189219,-0.60589504,-1.1243263,-1.5536679,-0.6133071,-1.6042289,-0.9314192,-0.8850349,-1.0353041,-1.3127047,-1.2594738,-0.7671602,-0.52184945,-1.2960417,-0.122336,-1.2694554,-0.25203925,-0.9259049,-1.4911906,-0.6780667,-1.554406,-0.635244,-1.6179734,-1.3928665,-0.40793777,-1.2797519,-0.30961862,-1.3603052,-0.36401963,-1.3398677,-1.6989741,-0.42298758,-1.7092354,-0.32932594,-1.1585178,-1.028716,-0.73341626,-1.5603733,-0.3474161,-1.5394399,-1.6125237,-1.3484207,-0.7867916,-1.1161176,-0.21815787,-0.26846245,0.013810103,-0.44238058,-1.1544193,-1.2422934,-0.86294615,-1.6535155,-1.0543417
0.19261421,-0.39708412,-0.6798351,0.38848215,0.72389597,-0.14764762,-0.45496795,-0.014505905,-0.27675804,-1.3046794,-0.3443226,-0.8561354,0.13792886,0.09979027,-0.32579616,-0.46919662,-0.6761548,0.4354957,-0.28952396,-1.5918539,-0.6080595,-0.15751332,-0.116043516,-1.0414604,-0.011080908,-2.127421,-0.19285247,-0.99118936,-1.0801874,-0.39974046,-0.74545306,-1.5181154,-1.1171113,0.50985336,0.31816277,-0.38758996,-0.44461864,-0.9295309,-0.29603302,-0.42256668,-0.9597314,-0.44351578,0.09888505,-0.96570337,-0.5693155,-0.31703052,-0.83896846,-0.8137753,-1.2306898,-0.4242869,0.64662904,-0.22617805,-0.4780491,0.056154232,-0.4423446,-0.10008729,-0.16364136,-0.6160519,-0.4588013,-1.0541865,-0.8274044,0.1127854,-1.2303132,-0.5776428,-1.1962384,-0.120488614,-0.7286057,-0.13724087,-0.9975881,-0.0050801714,-0.98317146,-0.5485943,-0.42380464,-0.8785864,-0.7142032,-1.465242,-0.8511873,-2.009996,-1.834502,-2.0715506,-0.030261144,-0.2964019,-0.7659146,-1.1361961,-0.68090284,0.015001471,-1.4852662,-1.0874425,-0.96554893,-0.69663733,-0.9555689,-0.96288484,-0.26720574,-0.3633952,-0.66751933,-1.111036,-0.74624777,-0.89730734,-1.2689413,-0.41871464
-0.23828898,0.41710722,0.9670479,0.033371158,0.82712775,0.74697477,0.29165173,-0.1577254,0.08546093,0.15197024,0.19180173,0.67304087,1.3909017,0.84130085,0.44414356,0.32417798,1.1717207,-0.72105634,0.21595891,0.81481385,-0.011032751,0.12370359,0.9198654,0.7489542,0.074588515,0.30870104,1.0833061,0.12775765,0.80236727,1.5308964,-2.1331387,-0.45942804,1.4980723,1.1092278,0.5754421,1.6961566,1.7578738,0.004248772,0.57714,0.9680208,1.7334386,-0.21182145,0.13327025,-0.28519297,0.7709674,1.5012372,1.9739119,1.2175965,1.5980288,1.5103797,0.600488,0.5546733,-0.26340398,0.16773331,0.5613516,0.55167496,0.22251515,-0.07082497,0.04020912,-0.19426763,-0.036601957,-0.589486,0.115644,0.64988565,-0.35661906,-0.1286749,1.5831258,0.5732566,0.28596365,-0.76407737,0.093886,0.8489509,0.53675294,-0.2489607,-0.45276818,-0.24945801,0.88535523,0.899613,0.0636593,0.7077452,1.4043053,1.22407,0.41280624,0.45033962,0.82289785,0.5212399,0.6425185,0.8139885,1.9821441,1.2719358,0.7359458,0.64187974,0.233771,-0.298363,1.5363451,1.0945568,0.054928046,0.6923778,1.5241376,1.3250945
-0.8800099,-2.32378,-1.9044651,-1.159064,-0.980308,-0.896142,-1.0739449,-1.4732674,-1.3676403,-2.1725302,0.067691945,-1.1830564,-2.6028204,-1.541524,-0.5900155,-2.4406185,-1.6516796,-1.8830225,-1.7533158,-1.4655749,-1.6365514,-1.8628681,-2.070156,-1.5034367,0.8530592,-0.10980226,-1.4395629,0.0895348,-1.1760702,0.452467,1.0784013,-2.124344,-1.5199866,-0.8583041,-0.19853255,-1.2312822,-0.6675152,-1.2837639,-1.6067034,-1.6764975,-0.7086114,-1.803115,-0.50305563,-0.59235775,-1.3300592,-0.8761558,-0.08632004,-0.057750296,-0.6115326,-1.1157947,-2.639262,-1.8310481,-1.6340357,-1.350608,-1.7449292,-1.2178377,-1.920619,-1.0247649,-2.2403061,-1.4364252,0.08364636,-2.1767042,-1.8497688,-1.7290541,-1.846584,-1.4391735,-1.7237972,-1.6271114,-2.3721356,-1.69819,-1.818214,-2.8454185,-1.9409815,-1.578298,-0.4826234,0.1150944,-1.9062613,-0.5466746,-0.11424538,-2.8895268,-1.5646031,-0.66601855,-1.6167448,-1.8291185,-2.3057353,-0.8065118,-1.5503564,-1.4101297,-1.9942178,-1.2672482,-1.2903901,-0.9334701,-2.0671487,-1.3369685,-0.8064933,-1.2540255,-0.4842934,-1.157963,-0.9510884,-1.5056881
0.6511556,1.3790315,0.7095728,0.49833626,0.74116564,1.2299608,0.8560792,1.0139804,1.9223223,-0.4841644,-0.09656802,0.7552902,0.38039497,1.3166126,0.2874276,0.7481724,0.4166419,1.094205,1.1902202,-0.6489904,1.0773926,-0.17946711,-0.4423247,-0.22951841,-1.3940474,-1.0592806,-0.19027168,-0.6317365,-0.89510214,-1.022758,0.17079896,0.5205823,-0.02659725,-0.29019496,1.8607715,0.743265,0.6248039,1.0573469,1.4670271,-0.13303207,1.2793138,0.09605606,-0.7180523,1.9842736,-1.6610154,0.97624415,0.6839278,0.24210677,1.5261346,1.4773787,-0.13784336,0.55255365,1.3543723,0.80614376,1.5520954,1.6469557,0.3847109,1.7035904,-0.1341245,-1.2379133,-0.15915854,0.087393574,1.1712295,1.5048654,0.34517384,0.06060764,0.8675004,0.6543657,-0.65557784,0.8081531,0.91883475,0.7215788,0.22286116,1.012577,0.13487987,-1.0855331,-0.89016753,0.13031837,0.9982115,2.5588732,-1.6609329,-0.008458102,-0.013837393,0.4072957,-1.2915717,-0.00078514783,0.5962085,0.021196144,0.06649093,0.6534954,0.7628378,-0.33754396,-0.7875929,-0.00587698,1.1306349,1.7884239,1.09781,-0.027614914,1.8322742,1.0291117
0.8723168,0.4252245,1.4336199,1.3910162,0.5961955,1.281311,1.1365961,1.0124698,1.5058272,0.3699931,-0.20816454,1.2757965,0.5690231,3.020571,0.55794984,1.065244,0.95015824,0.8056746,1.636904,1.5304797,1.6237333,0.4481255,2.5012531,-0.0921332,0.2377111,1.3418947,1.0674821,0.62159556,-0.15944907,0.4675686,0.6204336,1.6128939,1.1813374,0.29331142,0.7592308,0.5331067,0.5951321,-0.6712382,-0.12174274,0.15932813,0.6217102,1.2634456,1.70649,0.22657041,0.6607504,0.6416303,1.0215325,0.1960612,1.5674404,0.84547347,1.6603941,1.0378225,0.7043757,0.7504543,1.4412019,1.3064672,0.015692104,1.5257651,0.7401245,2.019627,2.1593916,1.6525944,2.8178284,3.271562,2.8742087,0.13723321,1.6067703,2.4852915,0.9464683,0.14419593,1.7677885,1.4406514,0.8151592,0.4998964,0.81320345,0.73219335,0.95483994,1.4366438,1.2502029,0.71300626,0.2942531,1.024162,0.04333281,0.89431334,0.71385986,0.167632,1.8329792,1.6022737,1.4428257,1.3939078,0.5265903,-2.3379817,0.12190762,0.4551898,1.5971086,1.1094034,0.90793836,1.4260334,1.3912168,0.77265906
-1.2704365,0.004151765,0.4833099,0.2895774,0.038052764,-0.16134766,-0.85400695,0.23218125,-0.21683812,-0.0346351,-0.27213597,-0.85605806,0.31970525,-0.10606361,0.114718355,0.053426985,0.581489,0.42702574,0.19063574,0.47544575,0.83107686,0.03963945,0.27254716,-0.077847645,1.3403335,0.2389538,-0.01741733,-0.78462577,1.4162811,0.6771117,-1.1917508,-0.99347,-0.71314555,-0.3454655,-0.541813,0.50644374,-0.13540144,-1.2643187,-0.88513356,-1.1144992,-0.8376116,-0.114117764,-0.4824273,-0.15086122,-0.89249825,-1.1729411,-0.18253982,-1.3402175,-0.72746056,-1.0095108,-0.7327568,0.3614675,-0.57153535,0.15372148,-0.1938591,-0.47733122,0.20319836,-0.31591776,0.3894244,0.745038,-0.66114944,0.655601,-0.013425003,0.6145922,0.12120415,-0.37413,-0.4322384,0.6700361,0.6129511,0.25304925,0.91800636,0.801365,0.12763453,-0.16941558,1.1471491,0.021504005,-1.0015625,-0.77931195,0.1807962,-0.8015599,0.60179347,-1.4793327,-0.19171308,-0.6094595,0.7725153,-0.40832752,-0.07966703,-0.11347221,-0.2583079,-0.9702269,-1.4988607,0.45796928,0.12652563,-0.1564324,1.1011378,-1.0521462,-1.2081228,-0.33507743,-0.5231701,-1.2193072
-0.42386773,-0.08445123,0.030999823,-0.27546325,0.45811683,0.052328836,-1.2068499,0.18372168,-1.1305027,0.09941282,0.43789515,-0.14140534,0.3240759,0.59377295,-0.7214512,0.414813,1.3241893,0.5160247,0.62333643,-0.31574667,-0.94179803,0.5151377,-0.2973275,-0.9029243,-0.42935464,0.7143867,-0.6035144,0.28318006,0.2498946,-0.6632724,-0.15119496,-1.3547934,0.80921245,-0.88756156,0.010879745,-0.8142488,0.16212356,-0.4349626,0.20800598,-0.751374,-0.18179111,-0.14112112,-0.1666252,-0.10445977,-1.5703446,-0.8518882,0.13721164,-0.36918893,-1.8064277,-0.7578007,0.5157232,1.1012524,-0.80641645,0.74665344,0.5997602,-0.32486305,0.5514172,-0.69998854,0.17764097,-0.4965578,-0.27070633,-1.3353027,0.86246294,-1.5970727,0.14054884,0.30219555,-1.3308023,0.9545898,0.38405788,0.10719873,0.087091476,0.15585402,-0.39949006,-1.0565506,0.2686097,0.40738717,0.49042925,0.70778555,-0.81260586,-0.5451553,-0.23308419,-1.0183376,-0.5015342,0.21200414,0.051524762,-1.1986539,-0.7519118,-0.7973506,-1.0262184,-1.6138686,0.02265002,-0.91886806,-0.2489262,-0.39588594,0.34686354,-0.7265376,-0.5678383,-0.2705384,-0.23362048,-1.2665784
-2.361905,-0.9047519,-0.68967307,-0.26936856,-0.42599744,-1.4128526,-1.6507306,-1.1879151,-1.8181537,-1.5199783,-0.586813,-0.96968514,-1.0633018,-1.9293655,-0.9744871,-1.6844865,-0.05831396,-1.0885829,-1.4576141,-1.1222298,-1.8195544,0.051203724,-0.9304213,-0.34767476,0.3946737,1.773768,0.5342207,0.19183536,-0.17850567,-0.042646766,1.1784447,-1.5692542,-0.028833544,-0.5405888,-1.1494582,-1.7953985,-0.31406963,0.028671142,-2.048225,-1.4480866,-1.2604884,-0.40653467,-0.65748054,-0.9830773,-1.346635,-0.6909495,-0.55475044,0.03130174,-1.0707637,-1.4997604,-1.732576,-1.5351852,-1.036928,-0.30253637,-1.2237628,-1.3841019,-0.68686473,-1.8717959,-0.6767883,-0.5104749,0.13524528,0.4971004,-0.046017054,-0.48451298,-2.0577135,-1.2258044,-1.6280531,-1.260306,-0.9219335,-0.36194336,-1.6492555,-1.1616524,-0.22894041,-1.5319746,0.25230476,0.79982775,-0.47768345,0.08098726,-0.40174177,-1.236672,-0.30122882,-0.41980588,-0.5629447,-1.073589,0.70944506,-0.41621017,-0.48258606,-1.1465327,-2.3420064,-0.74842393,-0.9343874,-0.8798578,-1.0932357,0.68498456,-0.94370997,-1.3906044,0.1589333,-0.35885227,-1.047513,-1.3530198
-0.13580668,0.24392502,-0.006115648,-0.02232392,-0.5535042,-0.7536331,0.09372891,-0.09288464,-0.6843295,-0.72737896,1.0577703,0.2552192,-0.34466273,-0.80916846,-0.29411483,1.0770527,1.3349991,1.0529168,0.06687397,-0.0093529755,0.60083103,1.3780198,0.20267619,0.36211503,0.34170234,0.74812514,1.1819161,0.4002996,0.05784695,-0.62059015,0.5197333,1.0250862,1.274518,1.7383435,1.397272,-0.12907878,0.7611245,-1.1064246,-0.85779166,0.29988065,0.94216377,0.8203857,1.4965416,1.0249377,1.5048301,0.11410925,0.68903184,0.63333124,-0.055782486,-0.5682458,-1.693036,-0.33794242,0.28350443,-0.065247044,-0.61448514,-0.03181579,0.40033564,-0.75330734,-0.47073495,0.7779,2.3210168,0.7899706,-0.10006554,-0.679254,-0.8850657,0.590722,0.46503097,-0.5460236,0.50620455,0.35012698,0.10619397,-0.3351676,-0.29465663,-0.17270781,0.26871428,1.1036452,0.50224656,-0.20807073,1.6747491,0.903273,0.051829007,0.6363004,0.8996807,1.4804589,0.16321279,1.2200108,-0.19289787,0.16032302,-1.204336,-0.037434477,1.388029,-0.03785095,0.03784548,0.59802336,-0.5578324,-0.37798384,-0.41256616,0.21790555,-1.109641,-0.5640205
-0.49837023,-1.1208858,-1.0942625,-0.49349847,-0.846829,-1.1438805,-0.9075711,-1.2149878,-1.1556585,-0.30841848,-0.71249264,-0.27795747,-0.3948228,-0.89727473,-1.3908577,-0.581755,0.34040326,-0.40445882,0.19164939,0.5196565,0.47914264,-0.13879582,0.28800824,-0.0048258,-2.076416,0.038324628,-0.00018001413,-0.23695609,0.83037,-0.5047059,0.2923193,-1.8219556,-0.017020738,-0.18226583,-1.0437062,-1.7325442,-0.64483005,-0.8505591,-0.4200481,-0.80591553,-0.10793549,0.25569022,-0.6740225,-0.56695336,0.4000233,-0.45135885,-0.098422475,0.39493006,-0.54839903,-1.0463508,-0.7909534,-0.8287926,-0.9938414,-1.0210061,-1.0835917,-0.72542804,-1.1518065,-0.9303414,1.0716811,-0.15309028,-1.071714,-0.90077776,0.41722977,0.044476014,-0.07799413,0.24462177,-0.501458,-0.5423573,0.13723989,0.23179929,-0.29281902,0.3289061,-0.16179356,-0.6390833,-0.10526944,0.26890182,-2.121795,0.62159044,0.82340056,-1.303471,0.34882268,0.051387858,1.094354,-0.5285307,0.92758393,0.49000642,0.19733469,0.30404362,-1.5985354,-0.9821282,0.5195288,0.859637,1.157347,-0.21384586,-0.41763815,-0.025468225,0.0066940323,0.37792894,0.22107163,-1.0090278
1.1785234,1.3331065,-0.39072335,0.4190844,0.55273354,0.14509615,0.55409217,0.70045805,-0.33847982,1.2621585,-0.31295532,0.122648925,-0.9530731,0.8300152,0.8091247,1.4375316,1.0918777,1.1807437,0.61204237,2.633259,1.0738864,1.6852022,1.0707022,0.26746544,0.2519039,-0.18482661,0.5113836,0.11486066,0.16894928,0.597703,0.21200086,1.1588471,1.1048466,0.51716197,0.6050373,-0.5985319,0.38067403,0.93120563,0.5990706,0.89267784,0.13352466,0.14744408,-0.019294672,0.35634747,0.095955335,0.3784283,-0.2218415,0.7078657,0.28748152,0.10250681,1.43438,0.86396694,0.50395244,0.6077313,0.3970134,0.72575027,0.74376196,-0.08849056,2.4042063,0.32555917,0.94198704,-1.1699154,0.8975856,0.17530976,0.1099125,0.17095579,-0.4628532,0.8365961,0.8485482,0.9028444,0.7656248,0.17843649,1.1394557,0.91802484,-0.123421386,0.36880907,1.0943583,-0.5589208,-1.3102474,-0.06958071,-0.39548108,-0.41441396,-0.39120796,0.3405982,0.16042498,-0.49176094,0.49111646,-0.28963143,-0.17309596,-0.14609881,0.021314071,1.2100421,1.6650134,0.12886128,-0.38495398,-0.25697514,-0.062946744,0.09117591,0.5068908,-0.90044093
-0.33234143,0.58517605,0.14588387,0.6144998,0.7776681,-0.30588883,0.7803918,0.62003005,-0.22029996,-0.24074629,-0.5371941,-0.026027467,0.27486202,-0.007925102,0.47969842,0.22974159,-1.0400233,0.82341236,0.114759564,0.33590025,-0.17305447,-0.17282109,0.9378816,0.94015545,0.71427155,-0.28684637,0.41856715,0.12099614,0.34214312,-0.33832353,0.782744,0.35519922,-0.47110054,-1.0324385,-0.42524877,-1.3086537,0.08242906,-0.5339316,-0.84235215,0.44306898,-1.3131704,0.53732157,-0.08072447,-0.17256,1.5930923,-0.6373793,-0.3073774,-1.2664287,-0.055901814,-1.8270925,-0.7102381,0.54935104,0.9836211,0.7656418,0.4411912,-0.24625576,1.0599989,0.16181545,0.99476373,0.73445874,0.28592885,1.0784221,0.25508732,-0.52739674,1.1657556,-0.0777103,0.18872185,0.15383668,-0.47170493,0.5124564,1.1168169,0.64725846,-0.00089069834,0.0121835545,-0.04408115,0.07875945,0.7345638,0.44603115,0.5187087,0.046602964,-0.23590381,-0.76939565,-0.71502244,0.27238986,0.11643512,-0.31143528,-1.4065149,0.23594278,-0.6414437,-0.5710708,-0.40908092,0.26467487,0.61735564,0.7788823,-0.024524488,-0.46643367,-0.5291143,-0.8305556,0.94854265,-1.6255293
1.379224,0.34901434,0.32827154,0.9809998,0.078897275,0.19074002,1.1015974,0.33289608,-0.17421839,0.8095857,0.41024882,1.2379482,1.2202754,-0.7782008,0.4060803,0.4941784,1.3603005,0.32126775,-0.4324232,0.62004477,0.44031844,0.89854085,1.1686062,1.0688537,-0.14339396,0.6100276,1.4144845,0.958683,0.25554729,0.5837625,0.69479257,-0.380566,0.17768994,0.14734581,-0.08390642,0.64179873,-0.67344415,0.49543434,-1.4849246,0.65401274,-0.109985575,-0.43426988,0.5187658,-0.8008845,0.89915574,0.087680414,1.0619171,0.6673624,-0.92800605,-1.355759,1.4443811,0.41271502,0.5817583,1.3818107,-0.115467794,-0.09567454,0.7232313,0.10143515,-0.007685456,-0.49358955,-0.63965815,-0.6293789,-0.032538343,-1.2304722,0.10643638,0.33690798,1.0036228,-0.92015046,-0.4264287,0.07368496,0.19107871,0.019874608,0.21926534,-0.20472856,0.4677011,0.8571413,1.4420654,0.27557775,-0.12564257,0.9349462,1.7299143,-0.043624956,1.1088018,0.6095504,2.5766792,1.5034623,-1.4046427,-0.6278511,-0.7088949,1.0710353,0.5345866,0.49608177,-0.76103896,-0.10249449,-0.26894367,-0.17627272,1.1554623,0.5140182,-1.3704472,-0.9443763
-0.27570295,0.05795616,1.475702,1.5895983,1.2232895,1.4626478,3.1452732,1.4409505,1.731473,-0.72763383,-0.9507802,-0.052376684,0.7917082,-0.45355928,-0.077914625,0.5164864,-0.28254396,0.064416096,0.51964444,-0.14373566,1.0522934,-0.53061754,-0.21276478,-0.4146511,-0.3329191,-0.4623619,-1.5697851,-0.49146777,-1.4151192,-0.21012665,-0.5173859,0.48832542,-0.68535304,-0.5020921,0.6051631,-0.43980148,-0.3520774,0.9775363,0.21295577,1.5139534,-0.917084,0.46563765,-0.5267648,-0.6089822,-0.900217,-0.2037681,-1.7643619,-1.4719145,-0.68103266,-0.67340475,-0.041132182,0.8779825,2.1763191,1.2808994,1.4657115,1.4403383,1.4048467,1.8239796,-1.2182772,-0.42780843,-0.2508798,1.2161701,-0.030116966,1.3170877,-0.8935534,-1.3946073,0.42336464,0.2808542,-0.3655553,0.20816757,1.0092041,0.21994783,1.0745441,1.4984716,-1.3336351,-0.615119,-0.8984682,-1.4054121,-0.2423315,1.0684433,-0.33342946,-1.0617534,-0.44465107,0.34501565,-0.27756822,-0.26444718,-1.1293352,-0.8387239,-0.6851206,-0.15371898,-0.40745005,-0.37141904,-0.6900712,-0.17822392,-0.76073706,-1.098195,-0.6939316,-0.9770533,0.63764757,-0.8513417
0.16796057,-0.6883581,0.504331,-0.13044794,0.1797548,0.74632597,1.3159713,0.074450366,1.5677131,-0.17916653,-0.6880712,-0.8221117,1.3273174,0.7318657,-0.2704441,0.12886508,-0.4807468,-0.35651705,-0.2049788,0.19222945,0.50034547,0.38017088,-0.52150315,-0.51583666,-0.19395803,-1.0730697,-0.76412773,-0.52436996,0.7665961,-0.4383889,-0.65905917,1.7106621,1.1097176,0.28552,0.81160146,0.8848948,2.102601,1.3353813,1.851376,1.6397326,1.7733107,0.71584064,1.1443218,1.3987653,0.06807387,1.0613236,1.5537848,0.60324335,0.860121,1.9671826,0.009664302,-0.301814,1.1416458,-0.28548118,1.1945204,0.47463316,0.66604424,1.428524,-0.84282756,-0.3411353,-0.1633929,2.202784,1.4907256,0.02241222,0.1275263,0.30372438,1.9492139,-0.5879532,-1.4896864,-0.47120252,0.71341974,-0.1598189,-0.35468417,2.163063,-0.20575583,-1.5753493,1.3263336,-0.23862733,0.90106565,1.9999069,-0.6827589,1.2597544,0.73532695,-0.4818377,-1.6950513,0.68716,1.4471873,-0.7537989,0.49870712,0.78355175,1.1780293,0.717234,0.23717937,1.1145443,0.2848625,0.82357705,1.0615116,0.33727068,0.81726617,1.4424031
-1.1988485,0.68512034,-0.030745102,0.26271522,0.37893695,-0.32790536,-0.73971677,0.5224264,0.7600648,0.44155487,0.13693857,-0.15286861,-0.33283648,0.39919373,0.5886995,-0.85247886,-1.0553296,-0.36686575,-1.1013649,-0.49025857,-1.1309626,-0.80949163,-1.1806319,-0.5974858,-0.19457942,-0.8069528,-0.44968727,0.28277355,-0.47208717,-0.5687057,-0.52283275,1.4004761,0.24120495,-0.021453924,-0.44044158,0.93696266,-0.65782464,1.0431802,1.0248612,0.02130172,0.35619694,-0.6138194,-0.31311285,-0.38359353,-0.1390001,-0.4499941,0.11939301,-0.8649834,-0.15175341,1.1918739,-1.1205057,-0.5872682,-0.28777254,-0.25340086,0.47547987,0.100628786,0.3779086,0.34671006,0.18869421,-0.26484022,-0.9733182,-1.2661295,-0.8086863,-1.3389255,-1.3178066,1.8352901,0.083809756,-1.3123212,0.94362336,-0.38348734,-0.055977285,-0.5884861,0.13108277,0.48845723,-0.87412524,-0.79442215,0.7472479,0.3605539,0.78924435,-0.09764723,0.7376336,0.7992954,0.4215769,-0.112756245,-0.40032944,-0.2232878,-0.09879863,0.4603173,1.2992613,0.6338835,0.18354742,-0.8783458,-0.2599362,-0.5496927,0.4649049,0.8479542,-0.05097759,0.08749765,-0.2744503,1.191177
1.2692701,1.3463327,0.54126024,0.3432413,1.0732218,0.46832985,0.46891242,0.9932013,0.7203537,1.0770724,1.1746503,0.023549251,0.21913949,1.3692286,0.4584649,0.31760207,0.60101455,0.81270814,0.45009565,0.32662806,0.93556374,1.134829,0.93972915,-0.5717367,-1.1901616,-1.022367,-0.81510395,-0.27265397,-0.5632832,-1.040368,-0.34309927,0.3678973,0.75082445,0.5640618,1.691991,0.638917,-1.4788067,0.14711423,1.6412238,0.97285056,0.56373626,-1.4200615,0.677779,0.2203532,-0.007976112,-0.2162571,-0.010316511,0.4628698,0.9373843,0.3937548,0.06641443,0.88137263,0.22022185,1.2173967,1.214349,1.3971808,0.64291924,1.0223024,0.6982855,-0.43703142,-0.44877514,1.0318155,-0.34076145,-1.0236462,1.0690184,-0.6133577,-0.05188135,1.0399418,0.938978,0.7014599,-0.047251724,0.11661769,0.89457095,1.4270164,0.09719366,-1.3004138,0.10446138,-0.3151412,-1.2782558,0.529421,0.44215938,0.08947256,0.8915182,0.14353189,0.43106484,0.09360644,-0.44131306,-1.070403,1.1251131,0.46802875,-0.23229569,0.3563795,0.8478423,-0.37633744,-0.05481408,-0.23676,-0.8422102,-0.8497586,0.11347335,0.016109467
1.3486487,1.8210363,2.0119603,1.4128839,1.7301883,2.0424078,0.18392812,1.650448,2.235887,0.8070378,-0.16488181,0.2814086,1.0270544,0.89219683,0.670898,1.2831411,2.0874772,1.6674547,1.1858363,0.49007148,1.1540068,1.0854859,0.37311816,0.79973775,0.057314783,0.015125104,0.61221343,-0.3822248,-1.089298,0.4492175,-0.97028124,-0.95657957,1.1158047,0.1227203,0.63982046,-0.067145534,-1.3250483,-0.5130685,0.46537468,-0.047740024,-0.59198534,0.02742033,0.05722713,-0.53903025,-0.6392831,-1.4231955,-1.0001131,0.051119637,-0.19167718,-0.5967274,1.7200887,2.1873765,1.3062714,2.1328504,1.7009166,2.7827942,1.46432,2.045763,0.55583537,0.50522214,-0.19172607,-0.028671632,2.3009827,2.423819,1.2813245,1.8103657,-0.084789634,2.0351465,1.4939501,1.5232702,1.5214934,0.58475524,1.0931543,1.2108699,1.1313494,0.069434874,1.0474205,-0.25069147,-0.24336441,-0.874784,0.143185,-0.9098918,-0.9858415,0.16201432,0.550965,-0.33602476,-0.8765883,-0.27390364,0.36576596,-0.5434515,-0.8992404,-0.9272431,-0.60654527,-0.10263471,0.14434017,-0.18884455,-0.5012595,0.7564762,-0.03605607,-0.18698454
-0.20482287,-0.8516326,-0.27673915,-2.289014,-1.1379287,-0.31292143,-1.3460503,-1.6470048,-1.1855707,0.87996846,1.2442385,0.9927697,-0.32895294,-0.28475744,0.50241363,-0.3270936,-1.2092129,-1.2833252,-0.8981512,-0.9702161,-1.2724069,0.20633185,-0.55659807,0.69666296,0.16822,1.0731502,0.11444851,0.6684989,0.83888334,0.74060696,0.17738931,0.50363487,0.5807675,0.33870983,0.8997662,0.108522154,0.8413487,-1.4620715,-0.2615129,0.9379313,0.2832484,0.2189106,0.39364827,0.59604967,0.5942394,0.31527385,-0.104156315,0.008384176,-0.8150939,0.25803322,-1.2588369,-1.0957618,-0.91260415,-1.5759113,-0.94930434,-1.4086375,-1.3489397,-0.7491399,0.3161601,0.4114588,0.81720424,-1.0595748,-1.342629,-1.1505798,-1.0950341,0.91517633,-1.4518745,-0.89294404,-0.82847106,-1.2487606,-1.0883673,-0.48548263,-0.6148856,-0.96340597,0.722313,1.0682077,1.0133691,0.34033507,0.7689417,-1.6291666,0.5702729,-0.41399193,-0.8481642,-0.57139677,-0.2339406,-0.56171846,-0.98022014,0.56991905,0.124590866,-0.5122753,0.2681016,-0.75002944,-0.018404063,1.57569,-0.00032267746,-0.25326723,-0.067744605,-0.26712766,-1.1777508,0.026019363
-0.20636438,-1.41002,-0.6054925,-0.5726832,-1.6023992,-1.0993261,-1.1415989,-0.825667,-1.0517743,1.3969634,0.24021554,0.76161724,-2.1610603,-1.3465604,-0.67704046,-0.10489088,0.456631,-0.88826513,-0.28532642,0.8305602,-0.6929744,0.62043977,-0.7982476,0.24907215,0.28765708,0.4201112,-0.5198648,0.838389,-0.90328795,0.19090006,1.1260502,-1.5535553,1.5382724,1.7969699,1.7918191,-0.23137234,1.5819355,-0.2487656,0.8728144,0.33257762,0.7862088,0.010115327,1.3082871,0.13757369,0.07708377,0.27114934,1.0195291,2.3887343,0.775392,0.3337967,-0.9337792,-1.0823467,-1.5096307,-1.3075584,-1.0783617,-0.59158784,-0.7024761,-0.6276439,0.31730807,0.7481608,0.570826,-1.378119,0.008015314,0.3000299,0.5523745,-0.15487348,-0.3029348,-1.7455359,-1.7117522,-0.531295,-1.2373114,-1.1645644,-1.1537082,-0.55624294,-0.39289823,1.2073985,-0.1744505,0.0125881545,-0.113941826,-1.2132989,-0.6257442,0.056754455,0.44640094,0.15521836,-0.36121458,0.30828714,0.6988802,0.084566854,-1.0985563,-0.22698882,0.4956518,0.21896967,0.46274287,0.142849,-0.691465,-0.6246797,-0.46110982,0.23327976,-0.22018558,-0.102293804
0.7698902,0.40879053,0.23240979,0.79321,-0.31374562,-0.43270388,-0.28845263,0.8218883,0.29464155,1.3414584,-0.3807332,-0.6540334,-1.663939,-0.07904768,-0.43802744,0.7944118,-0.56567806,0.20622477,-0.38622627,-0.42613107,0.29034975,0.30517393,-0.5201466,0.07530703,0.023991846,-0.8985305,-0.42109105,-0.43171668,-0.7574133,0.5384234,0.6278074,0.19969788,0.38474602,0.7575725,1.6670592,0.17585759,0.1807673,0.25011465,0.07568347,0.108937815,0.26535335,0.56093025,1.5325013,0.5349934,-1.303386,0.014463353,0.930197,0.6588514,-0.115150824,0.13173003,0.44577143,0.38469917,-0.11600384,-0.02938097,-0.049041204,0.01004442,0.67172945,0.5667885,0.4398648,-0.10285022,0.16602416,0.2958205,0.32836443,1.5930907,0.37833187,0.07310213,-1.0789297,-0.5211955,-1.218943,0.60004145,0.39216104,0.73358494,0.5607477,0.114952564,-0.7532355,-0.99932724,-1.5709722,0.38479367,-0.016497318,0.8851266,0.11297491,-0.12302639,0.029692635,0.4363036,-0.6817773,-0.15885137,0.21775985,-1.3811859,-0.3916505,-0.6332701,0.15665045,1.5081193,1.0200231,0.46408442,0.17344646,-0.49421215,0.13468479,-0.1522705,-0.29407102,0.3135894
0.21810992,0.026039451,0.18325955,0.05882746,-0.50133145,0.48754907,-1.5735471,0.11340794,0.4540228,0.007268951,-0.09573114,0.05190436,1.1050208,-0.31059843,1.2845867,-0.35909614,-0.70002246,-0.13216029,-0.3826717,-0.22371821,-0.518804,-0.44938624,-0.715241,-0.1497751,-0.28197035,0.065411314,-0.2837421,-0.3470732,0.15551998,-0.6454241,-0.0957036,0.8169307,-0.24266383,-0.27886233,-1.2814202,0.65484434,1.2975935,2.0524802,0.69245404,-1.3984871,-0.039420012,0.6171675,-1.3171645,0.64371634,0.11625144,-0.24667598,-0.8930146,-0.2620018,0.38528633,0.44495514,1.0536429,0.5260653,-0.55075955,0.25687546,-0.4124612,-0.26644242,0.10558114,0.20439793,0.7162162,0.5658343,-0.3145718,1.4347862,0.38445616,-0.970174,1.1328706,1.3044896,0.029112339,0.7985965,1.9656107,0.7596911,-0.48366374,0.56337315,0.38132817,-0.97493166,-0.29034975,0.07262505,0.37065226,-0.46650973,0.7906257,1.0379983,0.6206073,0.85061806,0.80982774,0.72720724,0.8635422,0.9838187,1.8924426,0.13789698,1.4294457,0.84944,0.9162867,2.7647743,1.3025124,-0.025534846,-0.15972614,0.93073326,0.29389262,1.100549,0.8130062,1.3690995
-0.21828493,2.0255327,1.526237,1.5355291,1.0713118,1.8969913,0.24389233,1.9070965,1.6712997,1.6043009,0.32969698,-0.03689639,1.0447143,-0.42155793,-0.4135861,1.323272,-0.4995984,2.133733,-0.016682446,-0.116356686,1.1838087,0.4743479,0.062736236,0.34822488,-0.15710053,-0.15035409,1.3879966,-0.066332325,0.68341625,-1.9773576,0.85885626,0.29016748,0.1544202,0.92189,0.35253185,0.37519744,0.33906698,-0.3241984,-1.0050914,-0.98574626,0.14688861,0.09934279,0.49395788,0.8961814,1.3040043,0.6271259,1.2508727,-0.14458506,0.72219944,0.6317446,1.309158,2.170848,0.5590962,1.2431531,1.3419583,1.0878987,1.7274806,1.466765,1.0531485,0.9046567,0.84719324,2.0754936,0.7486814,1.9340818,0.9673794,0.82176346,0.38516915,1.7451822,0.88546914,2.625931,0.92036474,0.6012717,1.4494331,-0.65186894,-0.10313075,-0.26335284,-1.5214938,0.06778737,0.295618,1.0539778,-0.40112472,0.8703358,0.6848365,0.093431614,0.28767732,0.3594889,0.5784508,0.7047755,-0.2019709,0.526214,1.2458235,0.10483115,1.0328019,0.07728005,0.5363193,1.225535,0.06943185,0.43871722,0.76174134,0.7291084
-0.14367534,0.0618547,-0.5161029,0.43153992,0.37136203,-0.21607631,-0.8335218,0.4732996,-0.050091613,-0.66049325,-0.27424988,-0.026540952,-0.9120616,0.4786369,0.3675221,0.49553117,0.4154928,0.9337797,0.5829912,-1.3324506,1.2189206,-0.31312093,-0.19349554,-0.0855598,0.29338786,-0.4834065,0.72530574,0.65819097,-1.3030874,0.04319096,-0.8567181,-0.997735,0.66475964,0.49978027,-0.48981825,0.04036417,1.0281837,-0.8181683,-0.8145254,-1.6906661,-0.03768604,-1.7184471,-0.03143222,-0.81568605,-0.4454592,-1.0426496,0.21400514,-1.4865454,0.05822889,0.16132633,-0.02034172,0.45625207,0.017817011,0.75598335,-0.62223786,0.14305598,0.6761075,-0.4439789,-0.8102198,0.9393102,-0.022462549,0.302299,0.05360194,1.5277846,1.3095015,1.2169707,0.099220075,0.8064929,1.1570574,1.4777316,-0.09002255,-0.21825033,0.92065346,-0.7141103,-0.3019722,-0.3426109,-1.141928,0.27931318,0.4395942,-0.66497624,0.65837914,1.9555541,1.2576654,0.25862443,1.3235575,1.4123122,2.1238174,0.013984885,-0.3103987,-0.6787424,0.67677677,-1.1539797,-1.2493484,-0.64078826,-0.6759834,-0.7842965,-1.1834756,1.13622,0.28691703,0.6502715
0.6707959,0.41347462,-0.29262403,-0.46220043,-1.1432333,-1.1004506,-0.59284246,0.015096135,-1.3144053,0.39887682,-0.78982395,-0.18062572,-0.1526331,0.5808818,-0.88978434,0.16449434,-0.38158873,1.1118034,0.49941403,0.48683977,0.48523068,-0.38218004,0.6082025,-0.8016927,-0.27214682,-0.5766135,0.17022903,-0.8051793,0.18632689,0.16379836,0.7362106,-1.771047,-1.1066191,0.3026145,-0.22925374,-0.46050304,-1.5331398,-1.1477314,-1.0027628,-1.7723494,-0.71837866,-0.40766034,-1.0523088,-1.3624681,-0.023877222,-0.72367346,-1.196941,0.23590906,-0.7621722,-0.28181276,-0.68245083,-0.011713985,-0.5259825,-0.23533405,-1.1216216,-0.16052684,0.19151331,-0.877556,-0.8733599,-0.2870201,-0.6548368,-1.1445181,-1.5095325,-0.23386969,0.81028134,-1.2129383,-0.77816355,1.0147077,0.8411213,1.1261213,-0.30088243,-1.016481,0.5846067,-1.370603,0.33239734,-0.48743778,-1.1081605,-0.80208665,-1.6339401,-0.8047382,-0.47158888,-0.67670137,-0.037862774,-0.23777846,0.7772121,-0.5020366,-0.616578,-1.9421718,-0.25671583,-0.23715413,-0.53855115,-0.5238375,-0.073880106,-0.71845293,-1.323586,0.5417332,-0.62739444,-0.8699921,-1.6656647,0.15886036
-0.7070017,-1.3636955,-1.6252204,-1.0239345,-1.4018036,-1.1748363,-1.611385,-1.6296484,-1.4677956,0.16865955,0.9838036,-0.16125707,-0.949735,-0.33446318,0.27934596,-0.42403784,0.6830657,-0.66978306,-0.14393313,-1.3383473,0.42573547,-0.49715915,0.003644415,0.14568028,-0.11839158,0.9220716,-0.30405363,0.18157095,-0.89975464,0.0834021,-0.8682941,-0.8687119,-0.03946586,0.22468086,0.20357385,-0.8143219,-0.046099637,-0.77958316,-0.46648002,0.6871441,0.14628506,0.6046922,0.17752585,-0.18211119,-1.1185824,-0.3042988,1.2569567,1.0385164,-0.09220323,0.22017361,0.5717447,-1.4538347,-1.6496124,-1.4084495,-0.87518525,-1.235472,-1.2282655,-0.9626027,0.06991591,0.27193937,1.2799498,-0.39963323,-1.3577629,0.31017315,-0.74857885,-0.21488468,-1.1724983,0.24286884,0.34980243,-1.1527703,-0.49907106,0.05086829,-0.4175958,-0.65093386,1.3812548,0.2799089,-0.14048696,0.0489248,0.042894226,-2.1650376,-0.11644742,-0.31400514,-0.21773145,0.44807488,0.41475052,-0.048409775,-0.7853887,0.73355687,-0.45562312,-0.25258264,0.13461246,-2.5324361,-1.0306633,0.63490015,0.26919332,0.10655007,0.46630892,-0.3513695,-0.028043088,0.012792585
1.0276918,-0.98883253,-1.1207895,-0.53056645,-1.3512009,-0.90871674,-0.20707403,-2.2820666,-1.6525112,1.3743476,1.7417889,2.6705768,0.99574244,-1.5398338,1.405357,-0.64449036,1.0023772,-1.6653758,-0.19115695,-0.26594716,-0.6131103,0.2261708,1.3329586,2.6479003,2.2778502,2.5231514,2.0190341,2.899235,3.1464565,3.2169654,0.5046974,1.4868762,0.27615348,0.9613428,-0.5583225,1.3039964,1.6905445,0.025115523,0.30381498,2.2236938,1.2329344,0.6880602,-0.38366532,1.236288,0.51023054,1.0552628,1.45162,0.9245286,1.9393319,1.1978967,1.9595052,-1.677728,-1.5254437,-1.8496706,-0.65919644,-1.5105948,-2.034251,-1.6963302,1.7445605,2.0092294,2.6637676,1.1587933,-0.413878,0.77653813,-0.2047062,1.4198567,1.9588633,-0.3845964,0.6793238,-2.0697494,-0.25782013,2.0976405,0.84186065,1.3470514,3.2784798,2.3043215,1.1831391,3.1442475,1.1280903,-0.56795806,1.8544669,1.7854486,0.3703373,1.2040777,1.3635554,1.2146591,2.134668,3.013126,1.534543,2.0398495,0.36259833,-0.73118114,-0.049252294,0.84285855,1.5278784,0.24027233,1.3341417,1.920901,0.99937665,1.1152997
-1.6112052,-1.6173306,-2.3977597,-2.317174,-2.199674,-2.999249,-2.391123,-2.9505172,-2.7204201,-3.763546,-1.638972,-1.9527547,-1.6654773,-2.3656611,-2.691558,-3.2359426,-2.0161211,-2.9367464,-2.3271277,-2.4536421,-2.5483944,-2.7420678,-2.0843544,-1.2511778,-2.2031105,-1.9466362,0.26631832,-1.8714975,-1.2559628,-0.8525738,-1.2223253,-2.0457578,-1.6064368,-1.3794566,-2.2851186,-1.3110999,-1.1997732,-1.9708279,-1.0695052,-1.5647855,-1.0249486,-1.5038837,-2.2000651,-1.4466213,1.2257212,-1.8689808,-0.87090427,-2.1553693,-1.9701463,-0.38416728,-1.6444699,-1.8488992,-1.9982755,-2.099712,-2.1812606,-2.8906033,-2.8013613,-2.5409725,-3.1512425,-3.1088235,-1.7163514,-1.2706852,-1.7381768,-2.0694773,-2.438989,-1.731371,-1.3112773,-2.7978334,-1.2794169,-2.9589384,-2.7018619,-1.4110118,-2.5718448,-1.8458397,-1.2173704,-1.2948964,-1.4307945,-0.7593828,0.3417074,-0.96586543,0.51819766,-0.2394227,0.90352297,-0.633024,0.8725187,0.3415189,-0.9848169,-0.37536216,-1.2690641,0.06780398,-0.1373986,-0.53145033,-0.59668916,-0.5041802,-0.07236291,-0.34082708,-0.29382342,-0.7837125,-1.8376275,-0.4218234
-0.4807906,0.09415834,-0.6335881,-0.5104031,0.2837681,-0.45830306,0.708819,-0.6917798,-0.373729,-1.3089324,0.6585809,-0.86733276,-1.2210271,-0.21022463,-0.13264777,0.24977602,-0.07888471,-0.2140596,-0.2831174,-0.5292474,-1.0819149,0.52139217,-0.05672953,0.19232237,-0.69428533,-0.7786303,-0.048383858,-1.5321587,-0.48763534,-1.7550479,-0.51546365,-0.17771366,0.7000292,1.22046,0.7055419,0.7893128,1.1619177,0.11652658,1.1618319,-0.34119478,1.2782009,0.3569542,1.1760681,-0.4416857,2.2701552,0.77963257,0.97809947,1.1146044,0.3087531,1.3129344,-0.64351934,-0.6778117,-0.33397818,0.11617905,-0.4625158,-0.77820855,-0.6013624,-0.7120655,-2.0320544,0.43504682,-1.3920274,-0.095776,-1.8831859,-1.2308382,-0.23893568,-0.51661634,1.9614441,-1.148121,-0.55505407,-0.9359365,-0.4554698,1.5357685,-1.8425561,0.068724565,-1.8558464,-0.9203431,-0.13658775,-2.0300882,-0.043310467,-2.0443406,1.5156988,1.7449481,1.7598724,0.81436,0.7493792,2.219105,1.1338034,-0.120477796,1.5197531,1.9314485,0.8056158,-0.21810405,1.0431777,0.566601,1.3748276,1.3118547,2.5738873,1.9463717,0.61825603,1.7415745
0.23196523,1.5820669,0.56667626,1.393469,1.6689993,1.2089013,0.77187985,0.69470584,0.55914223,0.2532428,0.9628322,0.5096325,0.75065005,1.0882454,0.5425722,1.388026,0.7022062,0.5758795,1.5506243,-0.044973094,1.1519141,1.0667974,1.3217171,-0.5979191,0.011660359,-0.009283482,-0.1288048,0.45683482,0.27798066,-0.14755917,0.3957102,1.0735992,1.5710082,0.16713852,0.24246813,-0.104321636,0.56703067,0.7135069,-0.15411814,-0.76808923,0.6369818,0.42817175,0.8714443,0.60700375,1.0959995,0.15137564,0.5995281,0.37511995,0.24713446,0.15809435,0.55414534,1.2089056,0.86262006,1.1417161,1.2048845,1.3612777,0.61855304,0.0056327363,0.11236247,0.29871315,0.7091116,-0.33610642,-0.6701061,-0.080210194,1.1227291,0.9659146,1.094452,1.3514444,0.7558289,0.75173765,0.3926619,0.868337,0.22529477,0.4539491,0.569757,0.32680288,0.40067428,0.2093675,1.8908484,0.8107715,0.64117247,1.1483495,1.1967393,0.8580269,1.09584,1.4887592,1.2320691,0.6665834,0.40234113,0.5888051,1.1354059,-0.62747276,1.2220315,1.7974911,0.2624985,0.80515414,0.24132141,2.421547,0.28211978,0.2564626
-0.4712214,0.6914364,0.5902726,1.3415012,1.7204303,1.0167079,2.057441,0.9688494,0.9619601,0.36593306,-0.5176456,-0.35195264,-0.81964666,-0.06716364,-1.2901675,1.4725988,1.4850938,1.1862588,1.9093997,-0.5354002,1.274582,0.99419075,0.65215,-2.1546159,0.9422074,-1.2099172,-3.023148,-1.536862,-0.7122087,-0.43261218,-0.21925135,-0.07194858,0.4535324,0.024352888,-1.3125956,0.18404725,-1.4892929,-0.27158928,-0.9028559,-0.25164586,-0.15038314,-1.7764136,-0.45349336,-1.2336031,-1.9018118,-0.67989767,-0.9672993,-1.0332924,0.5320364,0.5552856,-0.28394,0.61103827,1.9967631,1.1039832,0.6567094,0.6237416,1.2729732,0.14370996,-0.112456314,-1.8356183,-1.0347946,-0.53915495,0.7602255,0.63455904,1.1117322,-0.5895769,1.3345895,1.2482784,1.0322545,1.0571123,1.0629842,0.15314402,1.1341488,-0.681179,-0.74425596,-0.94583416,-0.37633288,-0.7616743,0.21202596,0.3838498,-0.50495017,1.5040846,1.2877711,-0.09927191,-0.9610584,1.1289679,1.3680025,-0.58199024,0.26811218,-0.66758674,1.0238734,-0.7752692,-0.23103113,0.29060033,-1.2931814,0.4558298,-0.36011216,0.4035792,0.083287224,1.3215373
0.3533976,0.17128514,1.1836834,1.6168294,2.0074534,1.6340443,2.4650545,1.1290362,1.8426249,0.7601979,1.8882716,-0.06258636,1.3712839,0.62630445,-0.4468769,1.7406826,1.3223317,0.8457671,1.869257,0.6750086,1.1117027,1.5967658,1.5027536,0.46030933,0.048753843,-0.028362833,-0.30722332,-0.2813079,0.44042045,-0.26902437,0.38122806,0.059841484,0.6033304,1.2289767,-0.21312208,-0.14498411,-0.33211425,0.9076657,-0.42332178,0.83250576,-0.096251324,0.0003406442,0.10158598,0.052685983,-0.7707447,0.08326292,0.16615303,0.923758,0.2645849,0.41132012,0.12730122,0.50337803,2.4341187,1.5323995,1.8054403,1.7596601,1.4218501,1.5858895,0.40928295,-0.71987134,0.5776396,0.0731819,1.157844,1.0800133,-0.06502281,0.09443826,0.18770278,0.9893516,1.4914984,0.72460264,0.7641531,-0.19285695,1.574885,0.70823884,1.3600225,-0.5349112,0.9961408,0.47821072,0.8874824,0.96602345,-0.30743667,0.13083822,0.5639864,-0.8305782,-0.4783074,-0.39076996,-0.5447949,0.7855972,0.56520325,-0.20862322,0.8004736,-0.9026885,-0.11360125,0.98210466,-0.5103255,1.1757942,0.09957959,-0.32606786,1.0382693,0.90937114
2.0960746,1.1551471,0.7895788,0.80225885,-0.26698253,0.87206537,1.716881,1.0825431,0.80880356,-0.38887185,1.3998846,0.42640832,0.20913719,0.60371023,0.6782922,1.6128442,-0.5286152,0.3505762,0.6883413,1.5739205,-0.11857981,0.02479126,0.3312686,0.6762149,0.07149759,-0.15662532,1.4400359,1.1780618,1.4682177,-0.48209345,0.26021552,0.04392066,0.8121003,2.016718,0.81288123,1.9170355,0.27939522,0.9054621,0.55132675,-0.14852081,1.6297865,1.457019,1.0288525,1.2264614,1.4059937,0.62718993,1.9437332,1.1608512,1.3856999,1.6816251,1.980871,0.7529501,1.2873353,0.21668263,0.97064656,0.9967909,0.9079853,0.5674618,0.48567417,0.82026476,1.0713688,-0.44926095,-0.34459263,0.78097886,0.3195745,-0.6567543,1.7278589,0.65062904,-0.15260266,0.5658456,0.28608227,0.6151433,0.6718469,0.9947094,0.16428806,0.4304226,0.07621938,0.025093563,0.65500265,0.83010346,1.2374672,1.3104092,0.65527093,2.0571492,0.16573626,1.9514476,1.2270781,0.83967566,1.9948969,2.304907,0.71185726,1.3857168,1.8127769,0.79673296,1.0733263,1.3353631,1.7331295,1.5759856,0.75381964,1.6868255
-0.2844699,-0.0793144,-0.10247933,1.0338154,0.35281253,0.6162362,0.03751993,0.47621396,0.94222605,0.3504693,0.16216727,0.8359337,1.0585891,1.5085652,0.03928984,-0.21416026,1.062416,0.6189483,0.8658443,1.356867,0.91724986,-0.50376576,0.50758153,-0.11632818,-0.49402797,0.72054696,1.9175904,-0.6069493,1.0327054,-0.18818736,-1.7552894,0.4867155,-1.5244031,-0.5394342,-0.6148734,0.31457105,0.24229461,0.0102363555,0.539851,0.28029403,-0.9076666,0.16677745,0.22549848,0.14458841,1.067465,0.2431462,-0.43299183,-0.821136,0.6293932,-0.6634782,-0.07598848,0.26874682,-0.14125039,-0.31264973,0.32293662,0.672007,0.14753203,0.4195011,-0.2418273,0.58645797,0.34782267,-0.08739498,1.1282021,-0.48215905,0.31298083,1.3158233,0.3975594,0.4617114,-0.5722,-0.24109149,-0.3310485,-0.8978797,0.5930026,0.15966196,0.6159276,-1.0189651,-0.5503951,-0.68852776,0.19760065,0.74436706,0.35970226,-0.32980105,-0.46788794,-0.24181087,-0.16286953,-1.1228336,-0.100244515,-0.55195594,0.5318813,-0.33890638,-0.06567707,1.3061502,-0.39767787,0.02030574,0.07657918,-0.7182004,-0.48682985,0.8229982,0.3399564,-0.26201418
-0.22328469,1.0125622,0.7625879,1.3160943,1.1358956,1.1745983,0.17510438,1.6385217,1.3996989,0.4654829,0.15938032,-0.5227703,0.89717597,1.9278424,1.0992681,0.37131113,-0.010374022,1.2514547,0.42816284,1.553412,0.8489315,0.5511353,-0.5919165,0.636628,1.1062825,0.52344954,-0.66677105,-0.15730768,0.036866613,1.0016512,1.2723145,0.3127254,-1.3939971,-0.30938613,-0.6046975,0.21607888,-2.51942,0.42787442,1.1772544,-0.023747046,-2.3511748,-0.16121517,-0.6367608,0.16232261,0.23470224,-1.9011805,-1.3847015,-0.8295989,-1.3690155,-1.4762031,0.09932798,1.3581891,1.0348876,0.90483224,1.2151264,0.85198087,1.1026263,1.4462068,0.67459965,1.1306112,-0.43104738,2.3991232,1.2053201,1.1710182,0.8875617,0.4629772,-1.2339457,-0.18546592,0.7997504,1.4403076,0.8940241,-0.463517,0.5806038,1.5883832,0.47737414,1.1825863,-0.16084641,0.42559797,-0.9579993,0.042148143,-0.8659455,-1.6708962,-1.6253445,-0.86267835,-0.64889777,-1.9410733,-0.8546702,-1.1222616,0.40208945,-1.8686905,-1.5283077,1.5102556,1.1978596,-1.7763057,-0.30877888,-1.2907677,-1.6597408,-1.6042387,-1.4878683,-1.0570067
-0.13707025,-1.061965,-0.16677326,-0.66845757,0.019963728,-0.6533392,-1.0554601,-0.20926318,0.000545184,1.0535338,0.6206223,0.19651122,-0.034330662,0.83319753,0.43259326,-0.72028416,-0.6055144,0.077735424,-0.124658555,-0.8073696,-0.5565706,-1.0878905,-1.0431628,-0.6281226,-0.79901034,0.05755319,0.9969864,-0.6555639,-0.39822984,-0.13648859,1.2337825,-0.9623666,-0.7536885,-0.888775,0.09233231,-2.5776305,-2.8015091,-0.72952175,-0.14426778,-0.1427581,-1.6450878,0.31736657,-0.32102558,-0.44388554,0.6708489,-0.7769584,-1.6260943,-1.3297923,-1.1829141,-2.6270747,-1.0321996,-0.74657077,0.1075237,0.0730477,-0.292911,0.6438913,-0.57239777,0.63884753,0.8151636,-0.39781365,1.0842364,-0.072815605,-0.83485377,-1.0746139,-0.07215882,-0.19929042,-2.0070229,1.4208717,-0.24158476,0.20784914,0.21780969,-0.5097901,-1.4987274,0.8171329,-1.198033,0.2978367,-0.63123393,-1.1630417,-1.4258553,-1.3823154,-0.92834747,-2.0938294,-0.61710167,0.10416239,-0.013906324,-2.2360845,-2.7599921,-1.966193,-2.1959994,-1.1731362,-2.465957,2.6805866,0.7770493,0.9864726,-0.79802877,-1.7650797,-1.5615761,-1.7893131,-1.752309,-2.670173
-0.027738811,0.09277618,0.41998014,1.2391574,0.6044741,0.9096683,0.46010098,1.021986,0.93558407,1.1776001,-0.3815114,-0.3864814,0.82987595,0.8236368,-0.25301218,0.99274987,-1.3271469,1.2231213,0.6832455,0.44397408,0.92689574,-0.292501,-0.75937456,0.3037039,-0.5301733,-1.0187956,0.49416864,-0.69468457,0.31656307,-1.0380683,0.9196241,0.80336034,-0.4992605,-0.47086316,-0.7306265,-1.9623523,-0.52910763,1.5333837,1.0498424,1.1588116,0.2866131,0.983314,-0.27199006,2.389977,0.54818845,1.0087627,0.5907905,1.4137272,0.43933934,0.46570998,-0.31269598,0.88392663,1.0133561,0.8173159,0.90999323,1.0598547,0.7457263,1.280213,1.5860376,0.24691223,0.2757746,1.9008743,-0.46384448,1.0382121,1.8556052,0.7919065,0.5204373,0.78868526,2.3544683,1.8911734,0.32081395,-0.019337676,-0.2164015,1.6812375,-0.95537645,0.035303183,0.12006966,-1.4766641,0.14860383,0.056199778,-1.0445415,0.15018561,-0.15784174,0.092957705,-0.7998908,1.0649668,-0.020686153,-0.5876855,-0.17075324,0.95773566,0.092260376,0.30523872,2.5165644,-0.66333294,-1.2761238,1.5791612,0.5865341,1.3200257,-0.25464147,0.34625933
1.1135852,1.0846858,1.9780698,0.275482,0.92739856,1.5119523,0.3699353,0.65531665,1.1787771,1.3429921,1.0522577,1.738114,2.2148395,1.3066081,0.93792766,0.95471066,1.4715183,0.70828533,0.4427807,1.619227,1.2809031,0.97947174,0.34831876,1.7451977,0.6091368,0.6295385,0.18953842,1.8015779,0.9870052,1.4985963,-0.7155569,2.2095335,0.043132454,0.101645514,-0.4897135,1.1979847,0.73309857,2.4794888,1.6389908,2.1192725,-0.03692471,0.6796539,0.5575187,1.3345532,-0.6049844,1.1236191,-0.3434355,0.89749074,0.32789344,0.47781298,0.14067273,0.7554432,0.4914486,0.7234386,1.1499238,0.99577785,1.0346164,0.55248636,2.310003,1.8554871,2.0587678,2.6767936,0.8493268,0.59114,1.1973727,1.7356929,1.065429,0.753224,1.2035102,0.7601618,2.0360007,2.1233792,1.2067157,2.8445692,1.9503003,1.1100758,2.0893712,2.762338,-0.24833338,1.5625083,0.005377784,1.0777762,-0.29453456,0.37553716,0.4539028,-0.26605365,1.1872957,1.6096774,1.4938262,0.881603,-0.5137656,1.0687263,1.5646437,-1.349333,0.5422116,1.4474832,1.5284742,0.32051045,0.83901924,0.6281992
-1.325524,-2.0678403,-1.4929199,-1.2424996,-2.0783422,-1.4627016,-1.600422,-2.4332976,-1.476494,-0.07417058,0.7991982,0.47681212,-1.0270699,-1.7862831,-0.26092976,-1.0743545,-1.0527058,-1.5185752,-1.3152071,-1.0147682,-0.54568356,-0.2674687,-0.7933172,-0.25430045,0.3525522,1.3412797,-0.6014582,-0.024467276,0.099154904,0.5481461,1.3488159,-1.127357,0.47943404,0.6161384,-0.24194233,-0.39582846,-0.1049775,-1.7444954,-1.9596962,-0.6044205,-0.8838183,-1.8362058,-0.84776044,-1.1738808,0.06252106,-0.97177684,-0.9627218,-0.85943586,-0.7724875,-0.38503677,-0.26355463,-1.8169216,-1.4225589,-1.3991984,-2.0089467,-1.8250979,-2.1115236,-2.0262632,-0.16615337,-0.44711486,-0.81612444,-0.4224999,-0.6805213,-2.7228317,-1.1479756,-0.13221489,-1.7637825,-1.479866,-0.46461698,-1.6444004,-1.0755483,-0.3531634,-1.2978404,-1.6255484,-0.8787889,0.11265602,0.13875665,0.7220198,-0.51620954,-0.9954086,0.39572266,-0.4161143,0.16796094,0.1693642,-0.27290994,-0.3835463,-0.10077139,0.6564469,-0.4519782,-1.2989957,-0.57136065,-0.4152291,-1.744157,-0.41273817,-0.61239374,-1.8386209,-0.060412273,-0.57845736,-0.81865954,-0.30857378
-0.7499479,-0.121086,-1.2485944,-0.055335082,-1.4869231,-1.56685,-0.51966834,0.22869493,-0.91281366,-0.6896985,-0.7414333,-1.1139709,-0.8973202,0.12704903,-0.6707996,-0.38508025,1.2287245,1.1108084,1.1693037,0.96728504,0.73027915,-1.1275982,0.9821988,-0.6067541,-0.8187172,-0.7080367,0.5273554,-0.8191553,-0.13083778,0.029382512,-1.8276957,-0.5761992,-1.7291851,-0.695103,-0.98577553,-0.08931639,-0.6942793,-0.346884,-0.7963509,-0.97484267,-1.9705203,-1.9695699,-1.0507658,-1.4493682,-0.027555255,-1.1634827,-1.6544913,-0.2460409,0.061044294,-1.1982931,-0.67767256,0.022294616,0.014215705,-0.49713936,-1.0492954,-0.43554717,-0.039470986,0.10354119,-0.66671866,-0.1451983,-1.7861415,-1.8756999,-0.39667067,-0.43730396,0.76083016,-1.6701084,-2.4185796,1.6062757,0.17086603,1.145525,0.7264887,-1.3087384,-0.86257905,-1.5532995,-0.026480084,-1.3611705,-0.38464245,-0.55271554,-0.295912,-0.1658201,-1.9534798,-1.9490157,-1.1284088,-2.050193,-0.29242676,-2.2735229,-0.740935,-1.6675336,-0.36059242,-1.5030749,-1.6000364,1.4316254,-0.5821726,-1.2545971,-1.2604156,-1.5093068,-2.0622003,-0.5415701,-0.041643128,-1.041226
-0.22373623,0.4154678,-0.20570372,0.03378054,-0.32843164,0.0362438,1.3370379,0.044370294,0.54688495,1.119212,0.29643756,0.5398175,-1.3493509,0.9649463,0.026130725,0.034374055,0.40511337,-0.3350561,0.9686925,1.1255939,0.4848558,-1.0348055,0.6480194,0.7422626,0.11518957,0.33004168,-0.32151717,0.106670365,-0.028034372,-0.22813489,-1.4663483,1.3832226,-0.9306209,-0.72222614,0.13524474,1.5915326,0.4842469,0.2830071,0.6326324,0.6062302,0.46192256,0.7309688,-0.72876483,1.2221985,-0.56880075,0.470997,-0.1602561,-0.7102334,1.4405597,0.41362056,1.2385261,-0.37712032,0.7378954,-0.047456898,0.43495744,0.07746278,-0.5833483,1.0466014,0.2948502,0.34509516,-0.7343127,-2.4329422,0.10078394,0.11773703,-0.35033244,-0.8327665,-0.19049475,-0.14289767,0.39249912,-0.731495,0.5942249,-0.72010094,-0.036363237,2.3709116,0.41638505,0.5199476,-0.6668342,0.9494338,-0.038086265,1.2939616,-0.17085223,-0.46425554,-1.2045257,0.21976003,-0.30254796,-1.0660675,0.4966129,-0.15942752,1.1335074,0.27646476,-1.4520056,1.0953507,0.18439393,-1.9061509,0.99988407,-0.045790642,0.22913308,-0.13264872,0.63391584,0.17590256
0.40694526,0.9017611,0.31322354,-0.42682394,0.27961874,0.14829834,0.4709172,-0.22276881,0.4989634,1.1265898,-0.89809704,0.09058415,0.1259007,0.07584513,0.15602985,-0.15281454,-0.2061499,-0.30017334,-0.4176706,-1.7106874,0.37240186,1.2294078,-1.1414075,-0.9233728,-0.6936159,-0.08533463,-0.15811636,-0.95173764,-0.62559116,-0.273954,-0.42199436,1.1788515,-1.340176,-0.7802025,-0.18596084,-0.35551715,0.026582839,-0.17754744,-0.049148764,1.0871756,0.003741634,-0.52734923,-0.25979275,1.2081621,-0.29229555,0.8913655,-1.2413659,-0.6186216,0.2977656,0.6267115,-0.80148226,-0.4916032,0.75116783,-0.0693948,0.42754564,0.51182646,-0.8092362,0.5859888,1.14609,0.18084992,-0.09941194,-0.5182549,-0.0022988995,-0.59593123,0.71629715,1.0104694,0.11665611,-0.41867986,-1.3059411,-0.27404177,-1.1121836,0.8958667,-0.8914575,2.1378284,-0.22619165,-0.2686768,0.857079,0.05782739,-1.1722093,0.3701899,0.8371682,0.34946138,-0.3523565,-0.078939684,-0.26729393,0.078694485,0.9495938,0.905533,0.22379257,0.22338422,0.124708004,0.62889934,0.9296625,1.4538388,0.17929651,0.5432411,0.49846703,0.10801829,-0.39119422,1.0272768
0.28690425,2.8811302,2.09442,1.6804476,1.9681123,2.2464888,0.11171278,2.0058186,2.403108,2.157574,2.0616255,2.2396717,2.2672188,2.127984,2.2581673,1.4081216,1.9286474,1.3740605,0.08973368,0.41668665,0.62943804,0.7645475,1.1146437,0.777014,1.4625815,1.5967919,0.63152415,0.96369827,1.2024689,0.9794747,-0.66105634,0.27393803,0.24358049,1.8798887,0.40459794,2.305027,0.7136056,0.29416206,1.3204547,0.7933719,-0.11969364,-0.14211668,-0.2932668,-0.93798333,1.4355683,-0.19722934,-0.4585645,0.87526053,0.8075127,0.4219635,0.85990167,2.3500109,0.89676034,1.2995371,2.156215,2.0580165,1.9042675,2.1700716,2.8458138,1.8826597,1.6355625,0.8299273,1.7743593,1.7555057,2.6576614,0.93692493,0.9576848,-0.35963377,0.9780939,1.3859891,0.72813004,2.314298,0.82662106,1.8671923,0.79703367,1.4944757,0.97955614,0.93838984,0.7915185,0.8675817,1.2506347,0.8786497,1.2287705,2.0931244,1.0533602,0.3605141,1.6011643,1.4499717,1.37948,0.9150238,-0.022917874,0.5840728,2.691727,0.5703686,1.2897561,-0.73387426,0.21156853,0.69106174,1.3645945,1.2123287
-1.1200373,0.016901404,0.39717525,-0.32974786,0.5384864,0.5397686,-1.7634646,-1.1123376,-0.9368667,-0.55526024,0.16565429,0.21943104,1.0516922,-0.4435289,1.4446468,-1.6738257,-0.8905069,-1.8381597,-0.98494446,-1.4115841,-2.24435,-0.116789125,0.03651955,0.9385,1.1920602,1.3225868,-1.351171,0.7154831,0.28039953,2.293722,-0.18361442,-0.74463785,-0.5125509,0.03908204,-0.5626947,1.1105587,-0.039187003,-0.43020192,0.553837,0.081748635,-0.47753048,0.021265244,-0.3474137,-0.88369,0.007571534,-1.4898536,0.42338985,-0.85187316,-0.8970784,0.014117857,-0.8628414,-0.36769816,-1.8154866,-0.2674526,0.045312528,-0.7472534,-1.4208195,-1.6457525,-0.080842085,-0.16351976,0.75355,0.53768146,0.23166475,0.3246057,-2.0441391,0.8717759,-0.068071716,-1.3538096,-0.6640801,-1.7869486,-1.3889011,1.2597603,-1.2314858,-1.1175153,-0.30532148,1.3312826,-0.19236594,1.5641013,-0.14378051,-1.275176,1.3487209,0.4931609,0.15243757,0.40306535,0.850853,0.9065432,-0.20362107,1.0801929,0.7982567,0.070043586,-0.5193142,-0.59090227,-0.5232978,0.9151923,1.0847608,-0.8891878,-0.304022,-0.7834371,-0.84490407,0.022259839
0.024363155,-1.3338588,-1.6149088,-1.57987,-1.826383,-2.0517683,-1.3653404,-2.2490904,-2.1496427,-0.19938977,-0.34709862,1.1526729,0.46282926,-2.122472,-0.31134978,-1.7967819,-1.6007905,-2.2469025,-2.750088,-0.49867558,-1.2345744,-0.9091137,-0.31891224,1.410164,0.8162784,1.0944716,0.43579072,1.6337143,-0.1989349,0.6018623,-0.30775592,-0.3719193,0.16250737,0.0072533116,0.26991254,-0.7882164,-0.86785,0.7219473,0.72680986,0.7624911,0.7158218,1.7585287,0.86558306,-0.9449666,0.5017266,-0.16689341,0.008299067,0.11910201,-0.79451776,-0.52145064,-1.1435891,-2.235955,-2.3190446,-2.2005546,-2.1704886,-1.9431376,-2.4071639,-2.3564358,0.63252723,-0.21341276,0.5800223,1.0062586,-0.027781095,-1.5764478,-1.6315247,-0.9154029,0.21883811,-2.2899547,-2.3741486,-2.3272765,-1.0336217,1.5493286,-1.3318297,-0.7603899,0.3760974,2.0264475,-0.35253724,1.3208864,1.3773911,-0.17594518,1.3107132,0.017002035,0.93911904,1.3092915,0.81322163,0.15110846,-0.91349953,1.4227054,-0.885323,1.2712272,1.842655,0.5314195,0.32833156,1.1258255,1.0859641,-0.6952536,1.2688042,-0.08147051,-0.45264626,-0.2749761
-1.7822924,-2.646342,-2.72038,-2.046319,-2.4314833,-2.543772,-0.95081687,-2.2354388,-1.3715023,-2.7071388,-2.7676342,-1.1502006,-2.119118,-2.086236,-1.9177854,-1.8621172,-1.8975017,-1.6600243,-1.7425573,-1.0005007,-0.60831875,-1.8350805,-3.488465,-2.5284011,-1.4091278,-1.614373,-1.2807281,-2.134907,-2.0623004,-2.6305182,-0.23369122,-1.263616,-0.26426172,-1.3806472,-0.28890416,-2.092958,-0.865133,-1.5796378,-1.3888476,-1.9932778,-0.093756184,-0.21850581,0.63952297,0.3293842,-0.981819,-0.52116823,0.39140758,0.034260217,-0.5625144,-1.0176865,-0.20999591,-2.1095002,-1.9345243,-2.493495,-2.680428,-2.3582532,-2.16258,-1.5919324,-3.5531425,-1.8574996,-1.5242742,-1.8030229,-2.4796329,-0.9791891,-1.4947648,-1.2411793,-0.66073155,-1.2900118,-2.238441,-1.8753119,-1.7850963,-3.0788937,-1.3900678,-1.880163,-2.71073,-1.9824638,-1.9651587,-2.3227632,-1.2931429,-2.7538257,-2.6886787,-0.70852387,-0.29923713,-1.5024133,-1.5116905,-0.8714937,-0.877633,-1.5090437,-1.6718997,-1.6260941,-0.44267994,-1.0539125,-2.6538444,0.1919699,-1.5849789,-0.14543854,-0.46451217,0.3009071,-1.5640948,-1.1952586
1.5239428,-0.72318214,-0.11190417,-0.39387366,0.3830578,1.0501268,2.4964263,0.63627774,0.704518,-0.09615378,-0.23014998,0.29635027,1.4851412,0.9715397,1.5518234,1.3878709,0.048509408,0.123519056,0.645893,1.8875741,-0.19300477,0.19093081,0.60659707,0.9108472,0.43891114,0.12219943,-0.24868575,-0.044057965,0.33856726,0.5791292,1.0127821,1.8466517,1.8319902,1.1968505,0.7322025,2.052231,2.916116,2.2231076,1.7907981,1.4884069,2.5279133,-1.8157822,0.9624114,3.1714778,0.19185746,2.3178313,0.41799,1.5055494,2.132902,2.210908,1.7433009,0.11512466,1.812405,-0.1843799,0.6443313,0.9833737,0.5803066,0.9040032,1.2209806,0.9957644,-1.3978883,0.23383118,1.651764,1.6375977,-0.11387155,1.1515131,2.1472447,0.18464312,0.28266397,-0.011432891,0.5670929,-0.73132735,1.1116214,1.2845979,0.1093947,-0.15401757,1.7552176,0.48972112,1.0353068,1.0412388,-0.5742551,1.7158691,-0.016876215,-0.28347704,-1.5550386,1.0218202,1.8623958,-0.09418111,1.6713833,1.3073951,1.5929824,0.73757195,0.8875926,0.8090919,-0.70632696,1.420987,1.5405872,1.2933582,1.3528574,1.8459563
0.37298635,-0.57581514,0.16588855,-0.053990223,-0.11635408,0.21219054,2.2436175,0.45995498,0.48831236,0.5248792,1.9372425,1.1541501,0.77571,0.25820324,1.92968,1.8893495,1.137729,0.031855635,1.0881022,1.305564,0.93399394,0.96124935,1.4210583,2.4570763,1.3555509,0.72402835,1.0979123,1.5805207,1.4052954,1.5919404,1.6992265,1.0666817,1.9160993,1.3547101,1.6657002,1.4948139,0.4698414,1.7214419,0.5189222,2.332808,1.7811025,1.863065,1.4597499,1.3300269,0.6126063,1.4931235,2.4802818,1.1447524,1.2490232,1.9563283,0.59115446,-0.62202543,1.7740432,0.51542187,-0.10752476,0.18915235,0.65305483,0.47223762,0.49469915,0.9945681,0.47495022,-0.12645924,-0.47475627,-0.58928835,0.33621484,1.0292861,2.0197258,0.09088058,0.63730353,0.30274847,1.1296747,1.3263506,1.6207318,0.21366748,1.3477311,2.1487758,1.471935,1.1041875,1.3875738,0.63932526,1.6305871,1.347005,1.2983899,1.7513205,0.70965767,1.2650778,0.84280497,1.88578,0.4998318,1.2835431,0.86427325,-0.14301601,-0.90228415,-0.021632137,0.87177604,0.31052622,1.2977884,0.17888658,1.4764,1.0838398
-1.2466836,-1.1359972,-1.1513834,-1.3382329,-1.3953968,-1.1745223,-0.3909849,-1.8737032,-1.361803,0.44880036,-1.2671977,-0.86382806,-0.9259865,-0.9380108,-0.4781454,-1.7602025,0.30818173,-1.2936682,-0.26662645,-0.78113216,-1.4143584,0.054564346,0.28800637,-0.03634489,0.40181676,-0.43984076,0.6329633,-0.8817823,-0.44162533,-0.38664058,0.8203598,-0.3099958,0.60056806,1.1600522,0.6652206,0.69538105,0.64978844,-0.10928997,0.66023266,1.3013803,0.727319,0.120566085,0.86369395,-1.2027942,1.2432972,-0.0781678,0.7290536,0.8466312,-0.5539313,0.5610713,-0.85638905,-0.89568126,-1.0186415,-0.71620727,-1.0503428,-1.066411,-1.0317377,-1.527049,0.068930335,-1.7858874,-0.44820789,-0.52081895,-1.566179,-2.2763362,-0.660238,-1.2156895,0.7354484,-0.23660202,-0.47738972,-1.4709878,-2.200254,0.8155467,0.045497674,0.6972194,-0.8579591,-0.11795397,-1.4150822,-0.7587887,1.8227923,1.273062,2.0131106,1.3158971,1.778335,1.2171165,1.3409683,2.051157,0.20114827,0.2512569,0.7681973,1.6670628,0.42081964,0.41479206,1.0802271,-0.2527178,1.4697195,0.010834868,0.74848294,1.9620758,-0.33728647,1.0939959
-0.8896476,-1.1248962,-1.7032825,-0.9289615,-1.1100758,-1.5825533,-1.0730461,-1.236134,-1.3651856,-0.8165892,-1.2516752,-1.502255,-2.2259352,-1.4052125,-0.44961423,-1.2953718,-0.7625067,-1.0428447,-0.6858685,-1.7939718,-0.9784193,1.2946955,-0.56840503,-1.220782,-0.7766534,-0.661134,-0.9202086,-0.6443476,-1.5316128,-1.9719688,0.36672702,-0.5298793,1.5337733,-0.19163203,1.3155073,-1.6341171,0.007259486,0.08224363,-1.1392599,-0.42508468,0.8843784,0.15149699,1.2064552,-0.5417754,-0.63558537,1.8157808,0.47696725,0.8152964,-1.208136,-0.16144001,-0.43175012,-1.4051211,-1.4414335,-0.9527782,-1.7891791,-1.5228497,-0.6590201,-1.2412317,-0.79491377,-0.29330537,-1.2405647,-1.2462603,-1.096962,1.0355031,-0.48606017,-1.0433282,-0.49384966,-0.2897582,-1.5409589,-0.10240028,-0.8222406,-0.35475612,-0.9403414,-0.90358824,-1.3008057,-0.67973536,-1.4163474,-1.9595321,0.6960441,-1.2089303,-0.1318847,0.109395415,0.5264118,0.8310364,-0.90920675,0.27633414,-1.5993398,-1.1490571,-0.7352158,0.21071343,1.6399478,-0.89589137,-0.18368264,1.7012192,-0.01935139,0.8137203,0.6812449,-0.6919781,-1.9648626,-0.3031907
1.0657613,1.0458715,0.76923597,0.57896394,1.104994,0.9484879,0.36902285,1.4714361,0.688771,-0.30990615,-0.7674188,-0.486721,0.18275137,0.9206294,-0.249479,0.8607874,0.4032623,1.7800666,1.5359896,0.9319133,0.6887323,0.85507035,0.8203586,-1.5849093,0.26711434,-0.6002524,-1.2826716,-1.0860006,-1.0351193,-0.5786131,0.07329968,0.4511869,0.9559396,-1.6711888,-0.03738795,-1.1985786,-1.2929124,-0.18524861,-0.81814456,-0.92197776,-1.0260252,-1.4155508,-0.522419,-0.6676823,-1.2314328,-0.63564974,-0.942923,-1.2368023,0.05411008,-1.9992584,-0.38434988,1.4104894,0.5226176,0.8933959,0.59615713,1.1280849,1.2576941,0.73007023,-0.618841,-1.1272746,0.7807157,-0.73026526,0.20751265,0.32050103,0.6357118,-0.38721842,-0.77624387,0.93139386,0.91435033,1.4484571,1.480119,-0.6380433,0.8813883,-1.5685351,-0.22868636,-1.1071694,0.06064242,-0.97541517,-1.6235977,-0.12760109,-2.5394292,-1.8342221,-1.0143532,-1.3212141,-1.7227232,-2.023703,-1.0031857,-1.010526,-1.2138538,-1.847217,0.16471271,-0.923335,-0.69366163,-0.76474106,-0.88761896,-1.0019339,-0.899357,-1.5141425,-0.3166767,-2.1836128
0.9910992,0.6103069,0.58791065,0.08923826,0.5953062,0.3639603,-0.23470923,0.4444844,-0.027585076,-1.0052623,-0.0536678,0.92103547,0.455719,0.9257318,-0.8557594,0.98434097,1.143988,0.5546302,0.51465476,0.94940895,-0.17562994,0.8037685,0.6891131,-0.07537931,0.34859616,0.7442342,1.2930019,0.7705402,2.1775017,0.022476427,1.0904224,0.570835,0.17319791,-0.112683944,-0.1341909,0.27237222,0.7029615,-0.5847677,0.6008909,-0.97325647,0.14799473,0.362048,-0.024992544,-0.23061876,0.6031909,0.3459996,-0.47565648,-0.5458225,0.57528776,0.47521043,0.57018906,0.36565754,-0.046891898,0.15582901,0.27938622,-0.33847776,0.23395833,0.1626759,-1.1971432,0.55892116,0.44349828,1.6455352,1.0381299,0.079839714,0.051902283,-0.32142052,0.5853813,0.77091306,0.58588177,0.82065815,1.1084356,0.9411885,0.40244022,-0.8827389,1.1490172,0.28834787,0.8964151,-0.067472175,0.56996024,1.4538932,0.38250792,0.35673454,0.43100265,-0.7739708,0.48094317,0.28994277,1.9339083,0.56639844,0.64127374,0.3679212,0.0066666314,-0.5382782,-0.7397734,0.9822059,1.1233262,1.3885125,1.5400575,0.44881812,0.99291134,0.7834108
1.0242275,0.84847796,1.8989761,1.0572069,2.100319,1.4480164,-0.22104126,1.3145739,1.0846331,-0.54524904,-1.2576375,-0.9439838,1.1100988,0.25536668,-0.026307933,-0.20815328,-1.4499999,0.98762727,-0.15880042,-0.9146428,-0.20754172,-0.3934462,-1.2266985,-1.3049536,-0.848081,-0.54683024,-1.1085958,-0.7218549,-1.8172684,-0.58027667,0.014231406,-0.36877784,-1.2565684,-1.0879242,-0.73857033,-1.5332681,-1.1944915,-0.56560117,-0.80420005,-0.6349857,-0.6334857,0.13753171,-0.55238324,-0.48526964,-0.47847858,0.17771143,-0.4728203,0.058900572,-0.099272996,-0.87518245,0.10639042,0.8853957,0.66721207,0.9351896,1.2535046,1.1751573,1.1096305,1.1458626,-0.48636454,-0.40471888,0.71309024,0.683668,1.1295921,-0.1349608,-0.42777982,0.7933366,-0.27288333,1.1567264,-0.5478849,0.61316705,0.061664887,-1.1619451,-0.5917914,-0.87402135,0.534162,-1.4697162,-0.7545506,-0.7854165,-0.14777356,-0.71030736,-1.5468928,-0.96773964,-0.7558287,-1.7468686,-0.7448984,-1.3117666,-1.3510581,-0.6205131,-1.6195936,-1.3644072,-0.18368758,0.15754251,-0.6879354,-2.3659174,-2.0421982,0.10285376,-0.8915673,-1.4813493,1.2307069,-1.3820053
