7Networks_LH_Vis_1,7Networks_LH_Vis_2,7Networks_LH_Vis_3,7Networks_LH_Vis_4,7Networks_LH_Vis_5,7Networks_LH_Vis_6,7Networks_LH_Vis_7,7Networks_LH_Vis_8,7Networks_LH_Vis_9,7Networks_LH_SomMot_1,7Networks_LH_SomMot_2,7Networks_LH_SomMot_3,7Networks_LH_SomMot_4,7Networks_LH_SomMot_5,7Networks_LH_SomMot_6,7Networks_LH_DorsAttn_Post_1,7Networks_LH_DorsAttn_Post_2,7Networks_LH_DorsAttn_Post_3,7Networks_LH_DorsAttn_Post_4,7Networks_LH_DorsAttn_Post_5,7Networks_LH_DorsAttn_Post_6,7Networks_LH_DorsAttn_PrCv_1,7Networks_LH_DorsAttn_FEF_1,7Networks_LH_SalVentAttn_ParOper_1,7Networks_LH_SalVentAttn_FrOperIns_1,7Networks_LH_SalVentAttn_FrOperIns_2,7Networks_LH_SalVentAttn_PFCl_1,7Networks_LH_SalVentAttn_Med_1,7Networks_LH_SalVentAttn_Med_2,7Networks_LH_SalVentAttn_Med_3,7Networks_LH_Limbic_OFC_1,7Networks_LH_Limbic_TempPole_1,7Networks_LH_Limbic_TempPole_2,7Networks_LH_Cont_Par_1,7Networks_LH_Cont_PFCl_1,7Networks_LH_Cont_pCun_1,7Networks_LH_Cont_Cing_1,7Networks_LH_Default_Temp_1,7Networks_LH_Default_Temp_2,7Networks_LH_Default_Par_1,7Networks_LH_Default_Par_2,7Networks_LH_Default_PFC_1,7Networks_LH_Default_PFC_2,7Networks_LH_Default_PFC_3,7Networks_LH_Default_PFC_4,7Networks_LH_Default_PFC_5,7Networks_LH_Default_PFC_6,7Networks_LH_Default_PFC_7,7Networks_LH_Default_pCunPCC_1,7Networks_LH_Default_pCunPCC_2,7Networks_RH_Vis_1,7Networks_RH_Vis_2,7Networks_RH_Vis_3,7Networks_RH_Vis_4,7Networks_RH_Vis_5,7Networks_RH_Vis_6,7Networks_RH_Vis_7,7Networks_RH_Vis_8,7Networks_RH_SomMot_1,7Networks_RH_SomMot_2,7Networks_RH_SomMot_3,7Networks_RH_SomMot_4,7Networks_RH_SomMot_5,7Networks_RH_SomMot_6,7Networks_RH_SomMot_7,7Networks_RH_SomMot_8,7Networks_RH_DorsAttn_Post_1,7Networks_RH_DorsAttn_Post_2,7Networks_RH_DorsAttn_Post_3,7Networks_RH_DorsAttn_Post_4,7Networks_RH_DorsAttn_Post_5,7Networks_RH_DorsAttn_PrCv_1,7Networks_RH_DorsAttn_FEF_1,7Networks_RH_SalVentAttn_TempOccPar_1,7Networks_RH_SalVentAttn_TempOccPar_2,7Networks_RH_SalVentAttn_FrOperIns_1,7Networks_RH_SalVentAttn_Med_1,7Networks_RH_SalVentAttn_Med_2,7Networks_RH_Limbic_OFC_1,7Networks_RH_Limbic_TempPole_1,7Networks_RH_Cont_Par_1,7Networks_RH_Cont_Par_2,7Networks_RH_Cont_PFCl_1,7Networks_RH_Cont_PFCl_2,7Networks_RH_Cont_PFCl_3,7Networks_RH_Cont_PFCl_4,7Networks_RH_Cont_Cing_1,7Networks_RH_Cont_PFCmp_1,7Networks_RH_Cont_pCun_1,7Networks_RH_Default_Par_1,7Networks_RH_Default_Temp_1,7Networks_RH_Default_Temp_2,7Networks_RH_Default_Temp_3,7Networks_RH_Default_PFCv_1,7Networks_RH_Default_PFCv_2,7Networks_RH_Default_PFCdPFCm_1,7Networks_RH_Default_PFCdPFCm_2,7Networks_RH_Default_PFCdPFCm_3,7Networks_RH_Default_pCunPCC_1,7Networks_RH_Default_pCunPCC_2
-0.55257624,-0.106928416,-1.301166,0.53433967,-0.3948196,-0.056826998,-0.22004776,-0.15026172,-0.39828935,0.14977774,1.4561926,0.8402569,1.2082698,-0.5641801,1.2859964,1.113603,0.33488715,1.1531032,0.8191658,0.42043126,1.0266331,1.9091214,0.7493604,0.48740754,1.1621393,-0.3138851,1.245138,0.5042829,0.648671,0.970511,-0.64471877,-0.3937579,-0.68439084,0.37744257,0.7791916,0.13959648,-0.04864802,-1.3050582,-0.52945393,-0.5596451,-0.6450703,-0.7981196,0.15614524,0.03960449,-0.0907697,-0.5771833,-0.5629275,-0.29205537,-1.2654113,-1.3561765,0.89890397,-0.7283721,1.5117733,1.3199251,0.7008636,-0.7273644,-0.8708525,-0.71607316,0.3534492,2.008213,0.79990935,0.96769553,-0.8939578,2.1255808,1.1522695,1.067343,-0.55561584,0.8997219,0.31881288,0.37204257,1.0062387,0.3683457,0.69913447,0.4392886,0.119177155,-0.10507343,0.23508143,0.78849906,-0.6694156,0.7610616,0.84103775,-1.0050684,0.51036286,0.60902363,0.7825337,-0.2629564,-0.44603363,-1.2318906,0.22513984,-0.8872312,-0.46081734,1.064384,-0.09264263,0.0617712,-0.73811376,0.14613856,0.19517536,-1.117369,-0.5531382,-0.929103
-1.031046,0.93289,1.2690982,1.6063421,1.0659515,1.3940355,1.626742,1.7008405,2.0596216,0.20803088,1.0295117,0.4951452,1.1919937,1.0623901,1.2833706,1.0213994,1.5976024,2.1557322,1.9824542,1.8248003,2.7689176,2.3426862,1.7178544,1.5808792,0.55449915,1.1500611,2.0342257,1.1887493,0.8652197,0.514977,1.0195345,0.464271,1.4632264,2.3831723,1.7271061,0.713458,1.4361213,0.06747516,0.8673905,1.5051615,2.3691125,-0.33157998,0.6427964,0.82449806,1.3390768,1.3884037,1.9005302,0.97048396,0.2447492,0.80553067,-0.8272963,0.20365672,-0.5666234,-1.0340744,1.0862167,0.17719175,-1.1988525,0.07966429,-1.0273911,-0.04702918,-0.5085417,0.33018354,-0.81436545,0.07385604,0.09573612,0.97208345,-0.30348593,0.6626754,1.603917,0.57318574,1.3865694,0.29513758,-0.1983798,-1.0794454,-0.16072637,-0.33257377,0.3984404,1.0170507,-0.6377018,-0.58409643,0.4627117,0.549977,-0.17033508,1.1367393,0.71841836,-0.23228016,0.30856472,1.0420175,0.5644081,0.14394102,0.7930844,-0.94164175,-1.1261734,0.20534174,-0.547447,0.65468323,0.5557771,0.72655714,-0.12610832,0.31194752
0.8986333,2.283901,1.6412396,3.0373414,4.1960692,2.1767673,3.04468,3.04809,0.90604913,1.5211477,0.20892267,0.9456471,-0.009532095,3.329282,1.3142929,2.3754678,3.157044,3.982048,3.9888003,0.63484085,2.5107868,1.5256565,2.2511294,2.0872571,1.2579647,-0.33474013,0.97231245,1.1823055,2.563763,0.592873,0.014323068,-0.61006975,3.330192,3.73578,1.8984976,0.37562957,1.0941032,-1.0896999,1.3444233,2.2437246,3.5535154,0.21947548,0.98651826,0.85973597,2.4045756,0.7006627,1.3124796,0.8651817,0.22107206,1.1420916,-0.11935653,0.6214863,-0.4572776,-1.2688956,0.6828267,-0.15488403,-2.3297703,-0.25294977,-1.749826,-1.7283938,-1.537616,-1.3894488,0.12822257,-0.3127524,0.27620277,-0.11415473,-0.6801785,0.6886673,0.8497946,0.47512785,0.40686154,-0.40085584,0.039596856,-0.4108289,-0.54442817,-0.6883608,-0.050748043,0.9885131,1.6819661,-2.3154244,0.09338619,-0.17327443,1.4033114,0.30410665,0.4287789,0.32406986,1.3243318,-0.23406105,0.010013692,0.05333335,0.4294639,-1.6020024,-2.0463936,0.48862538,-0.4578386,0.8760975,0.88722175,0.267434,-0.46730763,0.16588381
-1.8735982,2.2129745,1.9488306,2.818462,2.076552,-0.027513582,3.0813816,3.6409788,1.8350754,2.8466272,3.4291258,1.1915385,0.37500677,1.9807844,1.5376967,2.1060102,1.5983442,2.5320158,1.1223086,0.62325615,1.9857568,0.45100626,0.35176286,2.231169,0.7577495,0.4631963,0.5677977,-0.047884706,0.68152547,-0.29856586,0.6739076,-2.3361459,0.24718451,1.6805991,0.14153679,-0.76151055,-0.99354875,0.25317517,0.16344191,2.1599586,2.0986829,-1.5662956,0.25580058,0.74714756,1.4105667,-0.61281747,-0.7466584,0.02958388,0.19270179,-0.12426324,-1.8696336,-1.2475996,-0.62138,-0.073086366,0.1376082,-0.8695979,-1.4915148,0.2172319,-0.86175054,0.32286555,-0.829277,-0.39350152,-0.8692739,0.66110575,1.0767759,-0.9122198,-1.1580212,0.1621742,0.4790173,0.5162697,0.48544684,0.40124997,-0.28538984,0.020272747,-1.0154377,-0.3396056,0.49649486,0.05605879,0.9990898,-1.9711761,0.15679756,-1.2130154,1.036016,0.8838835,0.96487725,-0.42000526,-0.108222835,0.05016591,-0.32636315,-1.0707165,-0.34661806,-1.3275537,-2.0085843,-0.6699761,0.84087425,0.7850052,1.091052,0.68869394,-0.49276185,0.041613813
0.41752863,2.9597554,1.0064503,2.723857,1.2793528,0.9054461,2.9690459,2.9821754,1.151288,1.54299,0.1771929,0.5831246,0.44520536,1.5902331,2.2026656,1.5249416,1.6965053,2.040285,1.4924242,1.0438735,3.027658,0.65375906,1.4657578,1.4285859,1.888485,0.10972569,0.62406003,-0.55170965,1.7168881,-0.40842974,1.141452,-0.7645971,2.0354295,1.707593,1.6785314,0.97499466,0.5016732,0.00885509,2.4935482,2.8944116,2.5855794,0.8005719,1.7848979,0.22524182,1.4936146,0.19828027,1.0262735,1.1471653,0.46528727,0.99257195,-0.5177207,0.64031154,-0.4138943,-0.52430564,0.01814672,0.6867252,-2.0442567,-0.05744676,-1.2050577,-1.183695,-0.30868506,-0.6083126,0.78881174,-1.6526268,0.60700023,1.0726464,-0.77352476,-0.9383227,0.403783,0.28080752,0.90828156,-0.78443366,-0.106608264,-0.3212965,-0.10081244,-0.30238023,0.64483833,0.7271028,0.48373628,-1.3435067,0.36664143,0.772126,0.9175727,1.54786,0.3598808,-0.1024192,1.082046,0.7466405,0.9478688,0.13457733,-0.05215779,-0.99870366,-0.81080836,-0.11000082,-0.728201,0.6631601,0.43675694,1.2678373,-0.3362689,0.72677374
1.6785291,2.3440578,3.4323597,1.7816477,0.742063,1.1957949,1.6289998,0.7590826,0.8475905,1.0756209,0.2129933,0.90094554,0.5694529,0.32782665,1.1928906,1.4398178,0.0584878,-0.4119069,-0.7100331,-0.82924294,0.8047546,1.081593,1.349337,-0.03462083,0.55113465,0.77228224,1.4904681,0.6638741,-0.22449262,0.6557815,0.71189976,0.60187596,0.6780231,0.31317782,1.4676278,0.49831378,1.4748878,1.6477515,1.2771345,1.263964,0.5387793,-0.35610697,1.1797448,0.6844849,0.55847245,1.2058568,0.42487702,0.50846165,0.42967463,0.66903716,-0.9667639,2.1147785,0.67485046,-1.7825364,-0.37775645,0.95100963,-1.0925856,1.0882647,-0.63809705,0.09700518,0.47212484,0.43174896,-0.1297088,-2.0315096,0.34071618,1.7861929,-0.442711,-0.19192725,0.014942046,-1.6778113,0.30093378,0.48064134,-0.27015293,-0.032265604,-0.16580048,0.6943264,-0.23703125,0.634008,1.5868415,0.2657592,0.39112872,0.2317701,1.6052191,1.5661612,0.90520793,0.52529204,0.943682,1.5812415,-0.76929444,1.1754282,0.8802573,0.054056656,0.8903061,0.98926294,1.313928,0.93682295,1.1777087,-0.8109532,-0.5322746,0.60639125
0.56567395,2.8707814,1.6375989,2.3340116,1.2727582,1.3033271,1.3447568,1.1059438,1.229867,-0.09754028,0.64095736,0.8301135,-0.32871336,1.5494258,0.80826813,2.3282232,-0.10530053,0.34863374,0.2615883,-1.9969591,-0.035141185,0.040579095,0.028585322,0.012278983,-0.0642726,-0.0771195,-0.5335508,0.41902345,-0.4020192,1.287518,0.9584118,0.8299365,1.8420366,-0.020115832,1.0466084,-0.67123777,0.54769295,0.13157888,1.5570203,1.7210834,1.2839612,0.20208153,2.0722919,0.2784737,0.48492214,0.21602081,1.1999309,0.71063066,-0.022194339,0.005132426,0.70991063,0.70107335,-0.4252844,-0.5196284,-0.37449977,0.934282,-0.8758234,-0.27141917,0.24802431,-0.4508714,-0.40210667,-1.2550235,-0.27900437,0.102470644,-0.37663454,0.79725593,-0.1394515,-1.0842247,-1.524272,-0.21989596,-0.2895887,0.0006929195,-0.33819443,0.19488253,-0.41987425,-0.09743,-0.5787524,-0.146227,0.3847341,0.42799243,-0.7497429,0.29123372,0.4280357,0.9690993,-0.86722773,0.23264956,-0.09855805,0.72523856,-0.95358217,0.2689805,1.5895495,-0.54569286,-0.3412293,1.572569,1.211605,0.24023218,-0.016752718,-0.3617863,-0.24699776,-0.291165
-1.0052508,-2.8124764,-2.4391928,-3.1775928,-2.1157305,-0.8773757,-2.3398907,-1.0456342,-1.7101498,0.07189753,-0.36315858,-0.6046095,-0.63527906,-1.2811455,-1.2244778,-2.079138,-1.9854034,-1.6136417,-1.0703943,-1.5183399,-1.3549596,-0.24927053,-0.72233266,-1.6942444,-1.2068295,-0.68384403,-0.64376414,0.043233063,-1.6778352,-1.118767,-1.0275023,-0.23888108,0.13686247,-1.8155957,-0.7018402,-0.95547825,0.58630097,1.6219485,-1.1293021,-0.71820885,-1.3862551,0.39652815,-0.02167411,0.4880687,-0.42980993,0.73036826,0.25479305,-0.20883253,0.5465698,-0.08980801,-0.09142727,-0.58811295,0.110361814,-0.16638471,-1.6677442,0.109756,1.1678381,-1.9083518,0.68617237,0.2831304,0.26227698,-0.5177479,0.6513004,-0.077925175,0.21507125,-0.28550664,0.27034646,-0.4837117,-0.32889584,-0.33495754,-1.0127562,-0.65431285,0.26678497,0.22938438,0.31833237,-0.38039923,-1.2732291,-1.5171746,-0.20443393,-1.0841687,-0.74823827,0.2934141,1.4145597,0.2140309,-0.12640527,-0.1192085,-1.1923035,1.2419946,-1.0860884,0.50683254,0.0682206,0.073940486,-0.573796,0.5089604,0.4471973,1.0360256,0.0017071096,-0.5654712,0.15536623,-0.09150426
-0.467879,0.14046738,-0.06062522,-0.2365261,0.7020607,-0.041540105,-0.038668092,-0.16318499,-0.3909514,0.04274957,0.8458703,-0.011906309,-0.5813166,0.15792896,0.06365222,0.35819262,-0.6981873,-0.9226696,-0.45051065,0.035530783,-0.66605324,-1.3193291,-1.535163,-0.6735696,-0.07377729,-0.1917548,-1.1613406,-0.12769662,-1.2210667,-0.08090276,-0.6108578,-0.45736283,-0.9246308,-0.46190548,-1.5754069,-0.525012,-0.64605886,-0.47955322,-0.693771,0.6539938,-0.81065995,0.63171047,-1.2299968,-0.4944603,-0.50267315,-0.955407,-1.282643,-0.6935345,0.09469248,-0.4608403,-0.5024115,-0.0819282,0.431814,0.3721122,-0.0006074351,0.3814962,-0.48884118,-0.5801142,-0.7055533,-1.3635389,-0.18829992,-0.22055142,-0.56017333,0.81602734,0.25655553,1.3183562,0.048286404,-0.27598992,-0.59541744,0.11069693,-0.22627275,-0.28015321,0.0055068494,-0.19359636,-0.11993729,-0.56947374,-1.1980414,-0.46059006,-1.1272748,-1.0779318,-0.7444282,-0.9228836,-1.4854432,-1.5496045,-1.2542585,-1.030932,-1.0293465,-0.7072342,-0.07292738,-0.9097395,-1.3962114,0.6204057,0.07185245,-1.4411902,-0.62879604,-0.64008063,-1.7899109,-1.4693971,0.16670558,-0.2673635
-1.3292524,-2.5891457,-1.0754739,-1.9788383,-1.3094475,-1.6655482,-1.48238,-2.1207051,-0.2155636,-1.0007502,-0.8611659,-0.5488291,-0.670971,-0.8618909,-1.5474836,-1.721841,0.072438814,-0.8934438,-0.554042,-0.12307592,-1.6936532,-0.19705483,-0.1394414,-0.30119365,-1.3054402,-0.267192,0.31649262,0.123638846,0.5777331,0.28478745,-0.48730025,-1.1555442,-0.50312,-0.7312451,0.016953541,-1.2101278,0.2734982,-1.888731,-1.8161825,-1.6217294,-1.6295816,-0.34410337,-0.86819106,-2.1706686,-0.59360003,-0.28190902,0.21516475,0.0017268896,-1.2265756,-1.1549469,-0.60342264,-0.6556909,0.26908302,0.73070866,-1.6792157,-0.5873264,-0.29186517,-0.16150162,-0.18730764,0.5975551,0.58780915,0.9456829,0.47990748,0.6572975,0.5882188,0.8389244,0.63217133,0.12095461,0.6275538,0.9342901,0.49442282,0.2863196,1.536418,-1.0340832,0.17745179,-0.098665886,0.174351,0.386618,-1.5001887,0.6263487,0.50705045,-0.67415076,-1.0031188,-0.5627303,0.2731803,-0.14630048,-0.4286274,-1.2421521,-0.48872173,-1.0284224,-1.0751292,0.04643548,-0.9063565,-1.4051306,-0.5064146,-1.5657754,-0.34358087,-1.1399282,-1.1203204,-1.7875799
-1.1676242,-2.1320212,-1.5725547,-2.0042996,-1.4409305,-0.3321861,-1.7791613,-2.9163713,-1.0100816,-1.4873667,-0.7349063,-0.031915914,-1.0316821,-1.8644444,-1.1995636,-2.176414,0.52739465,-0.8241665,-0.33795255,1.2271675,-1.1356637,1.2290051,1.1922368,0.09724529,0.031113058,1.5029124,1.0313538,1.1885728,1.0742408,0.70560586,0.78657895,-0.44880027,-1.6554009,-0.44769594,0.37710017,-0.5510816,-0.94360936,-0.98717445,-1.6652335,-1.170923,-1.4256612,0.9116593,-0.10116037,-0.19726323,0.17456725,0.6186689,-0.6458557,0.11464727,-0.77972454,-0.72368544,-0.16902447,-0.73622435,-0.27781194,-1.7115427,-0.91961783,0.6378149,-1.1218497,0.24253331,0.95162845,1.3183903,0.8387001,-0.111355536,0.9124606,1.7315363,1.0016487,0.16367988,1.3655328,1.7854644,1.5372865,0.6622506,0.7993072,1.3653913,1.4879056,0.8781795,1.8079712,1.3271723,0.58031833,1.216538,-0.9043981,1.0662321,1.1315645,0.02182208,-0.42867818,0.3560722,0.73222405,-0.6457085,-0.33389792,0.63957113,0.8108793,-0.0005340863,-0.062338237,0.092079856,0.72931045,0.07176292,1.9110713,-0.71237224,0.55506843,1.0634632,0.32012373,-0.33115387
0.44340652,0.43812674,0.8613355,0.6863275,0.5009433,1.2187549,0.40007806,1.2969464,0.54897064,0.94725317,0.9948189,0.33003566,0.52203345,0.36956996,0.40568805,0.26574945,-1.7631932,-0.7306485,-0.93597835,-0.06419525,0.26559,0.03957025,-1.5563282,0.21665065,0.2668914,0.35732958,0.90515924,0.70736235,-0.43356842,-0.44805527,0.24182849,-0.5499177,1.2636145,-0.18363407,0.42765036,1.1022335,1.3490742,1.9409727,2.1221921,2.179763,1.5646867,2.1756828,1.3752154,1.2584143,0.92821693,1.8261434,1.6942049,0.63141984,1.3482181,1.7062373,0.0018064945,-0.057857372,-0.15182282,-0.7920586,0.6388263,0.6237365,-0.6301589,-0.90272564,1.4141942,-0.7351042,-0.068772525,-0.3877566,-0.77352864,-1.1061132,-0.23587653,0.98220915,0.18606856,-0.41379863,-1.3197223,-1.5355035,-0.12540445,-0.62300515,-0.13183732,0.26598102,-0.06767966,0.40010014,0.028612738,0.6360702,1.1931195,0.58504254,-0.10250883,0.2291419,-0.0454116,0.06314983,0.2615837,0.6095797,-0.40742052,1.1233181,0.36103922,1.2239577,1.0037093,-0.14538333,1.9424142,0.8734531,1.8716617,0.7100207,1.3631508,0.28884324,0.6579498,1.4829458
0.8010821,-0.7048686,-0.3829189,-0.5691158,0.03757168,0.41923937,-0.7948343,0.13539682,-0.9337496,-0.59442383,-1.2613397,-1.2305154,-0.8032307,-0.614934,-0.8035996,-0.015893886,-0.48340923,-0.66177493,0.03757917,-0.13525434,-0.31754342,1.6794511,0.59832805,-0.55061054,-0.23290917,-0.45588595,1.0191984,1.7307675,-0.31124157,1.4368447,0.9696002,1.217105,1.8340144,0.17491335,1.7495049,0.64014894,1.3670207,2.064833,1.1477057,-0.47125474,0.6696133,1.8703954,1.7201923,2.1986303,1.1400901,1.9974303,1.6928263,1.8817337,0.9093954,1.405455,0.5369877,-0.110939324,-0.5540353,0.28021848,0.40608445,1.0005873,1.5313469,-0.92406696,0.8312969,1.0856047,0.54868853,-0.8933716,-0.06809202,-1.5726235,-0.5520125,-1.4162366,-0.44988465,-0.7992401,-0.4374081,-1.1259763,-0.7357884,-0.09978991,-0.6378933,0.010052256,-0.073882386,0.87472063,0.52318615,0.07817089,0.13894303,1.1844038,-0.98458266,-0.09677521,0.798129,-0.014559874,0.24518844,1.189711,1.0539418,0.36115307,-0.731906,0.55788213,1.2888665,1.2972806,1.2081352,1.1813049,-0.3558932,1.3830782,1.8133162,0.45298022,0.3620212,0.19888774
-0.6774423,-1.8737267,-0.26969072,-1.1791455,-0.572188,-0.36970812,-0.91532785,-1.1533375,-0.7126525,-0.5289297,-0.19395824,-0.9131439,-0.4694163,-1.0814399,-1.4119928,-0.8338815,0.6970916,-0.028213566,1.0639919,0.32087964,-0.7154527,0.5008664,0.013819465,0.051704206,0.45743692,0.6034821,0.99971336,1.7058626,0.3503282,0.86818916,0.15005408,-0.007475298,-0.093190126,-0.2636123,-0.012061702,-0.8198715,0.21491672,-0.5170929,-0.29012218,-0.05266421,-0.5288175,1.6320639,0.43251762,0.441208,0.31580094,0.7288879,0.7391922,0.9389278,-0.99297935,0.04380585,-0.062313665,-0.14240682,0.922365,1.2894622,-0.5119239,-0.8503743,-0.10175258,-0.19436778,1.3415003,0.051969305,1.1982603,0.2673332,1.002293,-0.5960693,-0.6754891,-0.21360086,0.5654293,0.80464256,1.4820746,-0.1961149,-0.17686339,1.5212246,0.8544445,1.4355445,0.6865878,1.5414815,0.6133309,2.0971596,-0.5673432,0.08394503,0.83251756,0.23550561,0.58720404,0.7935083,1.4842532,1.1425742,-0.5840368,1.796368,0.30369297,0.97035944,1.2312001,1.1968129,1.4135141,0.40369436,1.9494162,0.92353964,0.6692547,-0.09610922,-0.8874896,0.02139999
0.82428735,-0.909602,-0.9219832,-1.8925482,-0.9686533,-1.8484075,-1.418956,-1.6487156,-0.28628507,-1.680131,-0.63380265,-0.8605974,-0.15058275,-1.9965854,-1.0371333,-0.9818713,0.15086143,-1.3941532,0.22976966,-0.6867277,0.042884436,-1.7465726,0.0057919025,-0.6528295,-0.14350487,-0.40562952,-0.8808766,-0.69213986,0.122847855,-0.15241838,-0.12560338,-0.27013972,-2.5048914,-1.1278605,-2.3609414,-0.7393525,-0.6883149,-1.149691,-1.1821784,-1.4857706,-1.0926524,-0.9759195,-1.8068755,-0.677507,-1.7043158,-1.5865681,-1.3939117,-1.0730511,-0.66044396,-0.63558525,1.0979122,0.6607303,0.69874036,0.61309165,-0.5829247,-0.46050605,2.0954595,0.06704985,1.7535713,0.83083355,2.4295206,1.081347,2.2861154,0.9481671,0.6220286,0.1719507,0.4726088,0.11224942,0.65898955,-0.08424553,0.53977764,2.104003,0.97240293,1.7628998,1.5351632,1.3820468,1.2736579,0.7611656,-2.0107048,0.49526826,0.31008494,0.3380539,-0.4686264,0.07037801,0.4974548,0.13435164,-0.54071915,-0.62202245,-0.051139414,0.14607194,-0.5021342,0.24206531,0.6617679,-0.19985673,0.49762723,-0.8420008,-0.6630044,-0.542692,-0.2953535,0.32723504
-0.6362695,-1.0295161,-0.52583086,-1.4244087,-0.651475,-1.2466047,-1.0128819,-2.2194393,-0.6182096,0.27867007,0.72870433,1.5499439,0.82774067,-0.1506368,-0.41845685,0.83263427,1.9965162,0.04190063,0.5995701,0.6854765,-0.03675204,1.6759521,2.093668,1.1405281,0.9545604,1.5708314,1.8702298,1.0076973,1.7320731,0.97687596,0.4970678,0.6887229,-0.27973706,-0.011346931,0.19247034,-0.7089107,-1.0651029,-1.1026456,-1.7669238,-1.4304436,-2.3386445,-0.5721788,-0.5722939,-1.1781323,-2.0558422,-1.230829,-0.7500848,-1.0853521,-1.6015372,-1.7773497,0.43783996,2.2776244,3.2214468,1.5092794,0.54960895,-0.7339042,0.767361,0.67130375,1.2189229,1.3087935,2.3055973,0.7604061,2.0464613,1.9965198,1.3529705,1.6385369,2.605799,3.5613782,3.7205894,2.5023541,1.251625,2.634024,3.5272262,2.189061,2.9888844,2.618948,2.0029123,2.0128603,0.344284,1.8696812,3.0387628,-0.051743265,0.15339473,1.397977,1.6029172,0.08165331,-0.54577917,0.42890257,1.1599154,-0.023719037,-0.9327537,0.9348828,0.62326336,0.57070005,0.07722918,-1.6783137,-0.18700513,0.85570925,-0.91773605,-1.6319004
0.9388088,1.5037366,1.6350297,1.1060066,0.33516908,-0.8670928,1.9248117,0.8803609,1.0561181,1.1455269,1.6549217,1.3917983,1.0308634,0.4061607,1.7456247,1.1919641,0.6090497,0.79168564,0.50378746,0.45538476,0.9210324,-0.43401834,0.49025595,1.3826334,0.35067445,0.48469725,-0.047002226,-0.31057712,1.6436542,0.05471997,-1.1002371,0.13599735,-1.0463327,-0.06941384,-1.5439693,0.09410612,-0.51489854,-0.22568822,-0.69424176,1.2922109,-0.45996362,-1.3845518,-0.768354,-1.0876071,-2.3159542,-0.958876,-1.6737508,-1.8844028,-0.040312164,-0.8153369,1.1729807,1.0974629,0.5924525,-0.51634264,-0.57264316,-0.50643843,0.3243763,0.82716745,0.45318624,1.9003123,-1.0991246,1.1566231,-0.07021468,1.5955173,2.461704,1.1656795,1.428423,-0.4141007,-0.43963268,0.30343407,2.0445461,0.21237354,0.49361065,0.88966864,1.1273848,0.570744,2.0043914,0.35597578,0.18682332,0.020759307,1.2501712,-0.79369456,-1.0086925,-0.46261257,0.7706819,-0.95306337,0.120197915,0.5886319,1.0953454,0.025871895,-1.3148168,-1.0051571,0.42871332,-0.6460123,0.31167328,-0.30021396,-0.06514875,0.1640193,0.450485,0.39619994
0.46737728,2.909511,2.8916843,2.8987617,3.3158877,1.2928789,3.1777542,2.4265177,2.0494738,2.8694885,1.5698329,-0.060239818,-0.42065445,1.425146,2.1158721,2.5308337,0.0027671447,1.1676342,0.78542376,1.836947,1.4966677,-0.23923312,0.34070712,0.4970172,0.16254595,-1.0088066,1.3318014,0.8395603,0.54608667,0.10865788,-0.4241566,-0.3885996,-0.21538511,0.5286583,-0.5755006,0.83765393,1.476311,1.6933407,2.5366724,3.4342253,2.107023,-0.47987983,0.74209344,1.4507396,0.54790586,1.2994373,0.9325137,-0.37889618,1.3381246,0.8377636,0.35613737,0.20784517,-0.68156886,1.3400283,2.2421796,0.5510081,-0.84841657,0.041883253,0.7892973,0.44145733,-0.7945235,-0.4003108,-0.3946194,-0.014885103,1.9435899,0.07601693,0.42313743,-0.8218545,-0.82389873,0.5640732,1.3885659,-1.8344857,-0.61725384,0.3318029,-0.83689815,-0.4146045,1.0139921,-0.02898984,-0.8760462,-0.7181014,-0.29441166,-0.25772145,-0.8092642,-1.1180004,-0.4113408,-0.92908484,1.2283748,0.21396996,0.5246276,0.37465084,-1.0730193,0.51919764,2.0780044,-1.1959237,-0.22003657,1.2973248,0.21825731,-0.24201657,1.229914,1.6173228
-1.1083097,-2.0497582,-0.046665546,-1.9239528,-0.608957,-1.8935689,-1.6939485,-1.0376939,-1.1999482,-0.3152487,-0.08835561,0.057310153,0.43440944,-0.7331746,0.4679391,-2.30166,0.38609716,-0.04585067,-1.1573746,0.5330968,0.42099205,-1.3191738,0.78541756,-0.26863176,-1.2168039,0.5502782,0.40868264,-0.31620598,-0.30475503,-1.800964,-0.26216844,0.41271648,-1.2584213,-0.9294744,-2.1422784,-0.6969759,-0.7451599,-0.66350645,-1.5497895,-1.8627974,-1.6486595,-1.4249492,-2.4359956,-1.5526597,-0.7880217,-1.7222023,-1.2758781,-1.6545902,-0.85802275,-1.5733732,-0.26113385,-1.0970573,0.8400411,0.8095673,-0.57743675,-0.71942866,-0.792256,-0.5156438,0.19023578,0.39369968,-1.1476713,0.013598871,-1.1931044,-1.1739385,-1.158588,-0.96173745,0.4884659,-0.3268497,0.18478288,0.05074548,0.7604323,-0.5875476,0.36476335,-0.11352491,-0.32556114,-0.82176036,0.51591736,0.12757787,-1.279125,-1.1645385,0.22717145,-0.79082674,-1.1485193,-1.3347206,-0.7022606,-2.2756517,-0.58388495,-0.32245183,0.64583206,-1.7655336,-1.351286,-0.64658517,-1.3136809,-1.327279,-1.332296,-0.88706887,-0.6519663,0.9602382,-0.39621165,-0.61721814
0.19749181,-1.7941715,0.35145018,-1.4511396,-0.3643545,-0.42875597,-1.7303287,-1.7651713,-0.7635376,-0.2326865,-0.504513,-0.5581062,-0.39867845,-1.704824,-0.99245536,-2.2056453,-1.2794363,-1.4481056,-2.7705302,0.049897898,-2.3265646,-0.38142627,-0.26409376,-1.1995474,0.37886044,-0.4078588,0.62350476,0.08070128,-0.756402,-0.52758974,0.11777283,-0.46063688,-0.45720282,-1.2737317,0.448173,1.9914306,-0.5330806,-0.33784226,-0.54193175,-1.0505468,-1.394738,0.41565835,-0.22271577,-0.4401884,0.6936943,0.47191286,0.28474906,1.1546712,0.39651015,0.11461562,0.18990861,0.27340725,0.7309456,0.98028606,1.4134152,0.6762219,1.3479544,0.7419945,0.14349148,0.32944077,0.22742243,0.7468559,-0.13727064,0.27589834,-0.5732522,-0.012006377,1.3415433,0.24027228,0.9211384,0.69389856,-0.98300755,1.5166296,0.9748258,0.7715559,0.33333895,0.62493056,0.47139382,0.16685534,0.18685986,1.1673046,2.133255,2.466303,1.3497958,1.9781935,1.1101006,1.9183842,0.9216475,1.9656825,2.3557112,2.8852167,1.3253881,-0.09704084,1.3435836,1.9179469,1.3705449,0.1950844,1.8853527,2.6125605,1.6215775,1.1075796
-0.23781168,1.3872076,0.48760778,1.142727,0.12818377,0.55909985,1.0749439,1.348352,0.55285347,1.0942003,0.80714303,-0.26298672,0.6640463,1.4861279,1.1047162,0.67719007,-0.16789843,0.40300617,0.21657805,0.62130857,0.5485648,-0.9891394,-0.7462365,0.36825925,-0.55684733,-0.29039213,-0.06350389,-0.43686664,0.25897485,-0.14151488,-0.43959224,-0.018950049,-0.74128735,0.4285703,0.22171013,1.1790301,1.0675741,-0.09880844,1.3708335,1.109846,1.422988,-0.93323594,0.058794506,-0.2941337,0.3843153,-0.20807377,0.09819569,-0.33822435,0.7824461,1.1235955,-0.034279533,-0.82727265,-1.0836385,0.63266873,-1.2298318,0.10806032,-2.1005497,-0.2745052,-1.1007833,-0.25920796,-0.9599252,0.36827308,0.4818001,1.1866076,0.8545119,0.18566494,-0.4872586,-1.8233343,-1.5872605,-0.7282903,-0.44354108,-1.8731184,-1.3455082,-0.56471884,-1.3283912,-1.6224794,-0.2073829,-1.2494612,-0.20037124,0.0043449225,-1.0773593,-0.026489438,0.62125206,-0.46364892,-0.03851278,-0.2475413,1.0474988,0.15850736,0.42103982,-0.049262952,-0.57654643,0.36735538,-0.50852096,-0.6161225,-0.2697875,0.4763265,0.37949854,-0.72467834,0.63964343,1.5847237
0.796933,1.5699028,2.426023,0.78968287,0.9890452,0.977188,0.98678446,0.07430673,0.470259,0.48830998,0.76744336,0.8755353,2.1989295,0.4267603,1.2718464,1.8861688,-1.2160006,-0.7115911,-0.88213456,0.52294225,0.7830225,-1.4180828,-0.077684544,0.11338802,0.31173742,0.03872959,-2.0438242,-0.80388296,0.38770658,-1.0844396,-1.3681773,1.1035925,0.260187,-0.9997499,-1.4525251,0.38286924,-0.53157705,-0.4574811,1.2284287,-0.20717674,-1.2645172,0.18401845,-1.1430566,-1.1257155,-1.4010168,-1.1094028,-0.48330328,-0.48167875,0.5880815,-0.9001617,1.915286,3.449609,1.4885068,1.5654955,2.0197184,0.4620009,2.3377168,1.6784906,1.2514138,0.64608324,1.3171067,1.692139,-0.26765954,0.11829562,0.03392875,1.3432994,1.8462687,-0.6845307,0.58099204,0.8213001,1.3407539,-1.3837698,0.4791093,1.6268946,1.7571546,1.1738268,1.0766836,0.24745283,-0.10936111,0.7541533,0.4780866,0.31078455,-1.7324224,-1.5758682,-0.5522144,-0.04435954,-0.09192481,-0.6061512,0.7037032,0.16857798,0.6020928,0.47632313,2.0708761,-1.6197652,-1.2864344,-1.1890835,-1.7532598,-0.21496585,0.3019663,-0.22416455
0.08286817,1.5045737,2.2383742,1.9371543,0.5256933,0.8741962,1.8976516,2.3334394,1.6036549,2.0961442,0.60418826,0.79445666,-0.54971206,0.6471989,1.9021114,1.5075061,-0.7897194,1.0407457,0.16993465,0.69820887,0.683349,0.65401095,-0.21041003,-0.41615057,0.694746,-0.97456455,-0.6216166,-0.14545396,-0.34885034,-0.32113966,-0.13051322,1.4625677,1.1850291,-0.0001478227,-0.119926475,0.53859407,0.9987987,1.2116281,0.8013356,2.9164886,0.4019161,-0.66649836,1.0661029,0.2136787,0.59487313,0.039954063,-0.4034509,-0.49317318,0.84771174,-0.060586292,0.8906267,0.7333645,1.0868338,0.58883744,0.3325344,1.978896,-0.018016024,0.7573225,0.88707846,0.4800776,-0.6794425,0.43985397,-0.7091421,0.053204637,1.5408514,0.5696896,0.29584086,-0.9933778,0.6707697,-0.05017321,0.10760096,-0.7802557,0.10170523,0.48817527,-0.68185997,-0.17425542,0.7808981,-0.76999044,0.9256471,0.74211437,-0.086314104,0.7744415,1.2392421,0.54699403,0.55908924,0.5066624,0.19351044,0.58566666,1.1266252,0.4895659,0.8055936,1.5329558,1.8462389,0.21696766,-0.351741,1.2320517,0.45703268,0.9890541,1.1082792,0.58714324
-1.3063732,-1.6693249,-1.9760107,-1.9581766,-1.3497963,-0.40753725,-2.086506,-1.3247529,0.7722709,-1.4520036,-1.5456192,-2.3879309,-0.6917898,0.57681584,-1.2434549,-2.1089194,-0.55634713,0.4508216,1.2100675,-0.32720825,-1.0666907,-1.6203961,-1.8761038,-1.2919663,-0.6453934,-2.145388,-2.2857504,-0.77583116,-0.53614676,-1.6161909,-0.15523687,0.2726821,0.46511164,0.40707812,-1.1323895,1.4007034,1.8918688,0.39962927,-0.8536733,-0.711101,0.34262648,-0.3685517,-0.82426345,-0.29029575,-1.5050497,-0.14333098,0.12382649,-0.61169577,0.9391695,1.7490479,0.19657604,-2.1556458,-2.2312908,-0.41325918,-0.48768452,-0.40579376,0.44816437,0.10356226,-0.13576537,-1.6632099,-0.9537432,-0.84584486,-0.3430999,-0.5622577,-0.82556033,-1.318627,-0.97272015,-0.729995,-0.7204527,-1.003192,-1.3594648,-1.3773516,-1.4755924,-1.7455261,-1.5453779,-1.4610707,-1.8398232,-2.299919,-0.38928258,-1.2965866,-2.0650125,-0.012027194,-1.3945701,-0.824922,-0.43537766,-0.8037515,1.3207561,-0.5081948,-0.33429137,-0.064058736,0.021397231,-0.71841115,-0.4679393,-0.010540125,-1.2776989,0.83746576,-0.38692418,-0.3478817,0.9913742,0.9233582
-0.41663834,-2.2559977,-1.8213263,-1.5462242,-0.08369826,-0.42768583,-0.5790742,-0.1575679,-0.7738743,-0.9160477,-1.218709,-0.6457779,-0.93064684,0.030324914,-1.0203491,-1.3844049,-0.1331153,0.57591146,0.6684209,0.60915166,0.27455714,0.107240714,-0.43900284,0.15954645,-0.70855457,-0.27278462,-1.243513,-1.2944996,-0.33291948,-1.4329747,-0.09657397,-0.9879422,-0.73585457,1.1185539,0.003112926,-0.028999662,1.4542865,-1.8407131,0.25150907,-0.6373171,2.1461165,-0.3286282,-1.8485161,0.3523396,-0.1655314,0.19121617,-0.38279358,0.34045133,0.9364502,1.1904534,-0.17379446,-2.5713744,-1.2978685,-1.9925572,-0.57743526,-0.6390245,-1.1105983,-2.8643029,-1.4948498,0.8084255,-0.4996577,-0.19201294,0.25226086,-0.45153567,-1.4294176,-1.7309862,-0.8587103,0.39704537,-1.3021705,-0.7338497,-0.61258966,0.007368794,-0.6546875,-1.0986305,-0.41525766,-0.32037058,-0.8658975,-1.0175278,0.85899127,0.1146065,-0.91381556,0.11890328,0.6185792,0.5622607,-0.59583473,0.6969362,1.2861919,1.082821,-0.3490818,-0.09626711,0.58969194,-1.0314847,-1.6647743,1.5584115,0.81510967,0.35154942,0.14599718,-1.1636331,-0.030862974,1.0810354
0.8455419,-0.1499193,-0.67309904,-0.04511718,0.3331891,0.1499241,-0.33137098,0.120226786,-1.7445309,0.22740121,1.025249,-0.928176,0.3903519,0.7953455,0.8030293,-0.25995708,-0.12611952,0.31723732,0.16125947,-0.92711717,-0.3104487,0.104127266,-0.2707882,-0.0003926139,-1.5798699,-0.7146964,-0.052020323,-0.13824151,0.26240924,1.2729101,0.439214,-1.0360068,0.84272647,0.75129217,1.1415787,0.092204936,1.2775997,0.3705007,0.121384576,-0.4275,1.4973354,1.7206832,-0.1625151,1.6550989,1.2528628,0.99469775,0.48570117,0.7428203,1.0369054,1.3887769,1.9328045,0.7474462,-0.13368362,1.6143473,1.4523333,0.21668968,1.0621865,0.031421524,-0.6380492,0.12031771,-0.31898785,-1.4052287,0.40844107,0.28645194,-0.7535687,-0.7027459,-0.85976577,1.3683819,-0.5448354,0.09153058,-0.50022024,-0.19436097,0.56163627,-0.81884646,-1.0497323,-0.32260615,0.29323637,-0.91121733,0.92557526,0.4415295,-0.8133572,0.31465113,1.10231,1.3263953,0.686946,1.3532774,0.113106266,0.6883619,-0.6483554,-0.123379014,-0.84645,0.64560217,-0.74393487,1.5602738,0.32258934,1.7096038,1.0375469,0.079115555,0.72144204,0.5473223
1.4161865,-0.2606038,0.010517889,-0.6782411,0.06290835,0.046315167,-1.5687658,-1.0129313,-1.7970003,-0.82507956,-0.938199,-1.0201645,-0.4337656,-0.5169946,-1.4977286,-0.7351497,-1.7758626,-0.78695804,-0.4790282,-0.7835798,-0.41075143,-0.6848521,-0.41415778,-1.4370306,-1.7113528,-0.83383524,-1.2642844,-1.1030164,-1.287079,-1.299866,-1.3969467,-0.7627842,0.5383941,0.42390874,0.23111472,-0.058421236,-0.72688025,0.54770386,-0.07058353,-2.5215347,-0.41636536,-0.6294619,-1.0870237,1.031945,0.71884644,0.96343607,0.061761204,0.7503814,1.0814008,0.5238314,0.271669,0.11225826,-1.7605083,1.0059477,1.1168793,0.005876173,2.4963586,-0.22533731,-0.52822316,-0.21061516,-0.4211856,-0.5331271,-0.9647636,-0.86395323,-1.9309906,-1.6697371,-0.06943231,-1.1882075,-0.49583128,-0.13576105,-1.5995909,-0.9298326,-0.41389295,-1.5949976,-1.2037222,-0.9795193,-2.4648464,-1.2514197,-0.65141356,-1.0422655,-1.1804029,0.30297685,0.12147142,0.24377763,-0.67745245,0.48288977,0.4026041,0.52558786,-0.4232558,-0.49320483,0.43826503,0.9871883,0.1552744,0.6324697,-0.5968212,1.4398551,0.016482837,1.0819253,0.87797093,-0.13271885
0.46382505,1.8666706,0.65904564,2.400701,1.2394501,1.7141343,1.6017901,1.83345,0.3333377,0.66727835,-1.5747595,-0.33370203,-0.23891892,0.7790923,-0.19396484,1.7817397,-0.4012594,0.076751865,0.2834663,-0.41252604,-0.107847095,-1.3405529,-1.337729,-0.9823292,-1.055939,-1.1377531,-1.7596699,-2.0980334,-0.88223267,-1.476044,-0.66890293,-0.6668455,-0.35712647,0.5666258,0.03527559,-0.8506535,-0.013474164,-0.6913583,1.040175,-0.52438015,1.2937567,0.16873756,0.37874258,1.0023768,0.7066902,0.34896216,0.5632145,0.97549736,0.87252516,0.58213913,0.25188032,0.7089546,-1.546567,1.0358924,0.7719458,-0.47687835,-0.373086,-0.7359802,-0.85811526,-0.64390856,-1.8648182,-0.3945752,-0.505834,-0.076239444,-0.7180042,-0.02418283,-1.0593889,0.19397503,-0.9507654,-0.19096394,-1.0832177,-1.0784144,-2.0859804,-1.3672309,-1.8543562,-2.064161,-0.73730785,-1.7642862,-0.02146546,-1.2853025,-1.5470248,1.2273908,0.46570623,-0.45316625,-0.9396282,0.5318376,0.7119512,-0.6684532,-1.576494,-0.04033484,1.0618037,-0.13425043,-1.607352,-0.65864486,-1.0810645,1.3142285,0.13839497,1.4283514,0.46198454,0.7110786
-0.22265448,-1.1783565,-1.0903558,-1.3197885,-1.6582406,-0.8207337,-1.7412429,-0.94930226,-0.51727057,-0.8089223,0.12406747,-0.20314898,-0.2695896,-1.184431,-1.0207634,-1.6090603,-1.0069445,-1.2670679,-1.9291234,-0.2170246,-1.1742599,-1.2594756,-1.351536,-1.1304889,-0.6332543,-0.3556906,-0.864478,-0.94082624,-1.4369274,-0.46290597,-1.2415572,-1.9347726,-1.2030351,-1.4365052,-1.256304,0.11982324,-0.4793513,0.33827198,-1.6720738,-1.6093992,-1.3862334,-0.9758939,-1.4041855,1.34291,0.35904005,0.49776766,-0.6058639,-0.5057666,0.014135366,-0.13109723,-0.5943695,0.80609006,-0.17063498,0.16840293,-1.709457,-0.26782048,1.2060192,-0.6642072,-0.21724351,-0.23080905,0.8317799,0.27138442,0.37420493,0.1044655,0.33125553,0.24544878,-0.59718853,0.34986058,-0.34376478,-0.1783488,-0.24714838,0.09195257,0.18917546,-0.96718353,-0.086691305,-0.3310717,0.2551138,-0.020555386,-0.3245436,-0.7640064,-0.41127673,-1.3321084,-0.7103341,-1.7832989,-0.6988763,-0.98947364,-1.0393645,-1.9906732,-0.9616113,-1.1986052,-1.6814904,-1.1562268,-1.9821671,-2.175777,-1.2438338,0.6296262,-0.25613365,-0.204083,-0.30003133,-1.3741462
-0.6477797,-1.7704866,-2.495641,-1.5620545,-2.0855548,-2.2262745,-2.1974494,-1.7486953,-1.9836811,-1.2340178,-1.5954831,-0.5795199,-0.23800273,-1.9732282,-1.8058103,-1.9036328,-1.21452,-1.9487326,-1.3208722,-1.734704,-2.2483082,-1.4171692,-2.3650525,-0.657422,-1.1224167,-0.5191994,-0.47997248,-0.63068384,-1.1717786,-0.86641234,0.17525136,-0.9399995,-0.1492863,-1.4367968,-0.54182756,-0.70504236,-1.1236233,0.28105253,-1.3964558,-2.156855,-1.6675262,-0.35717937,-0.65329075,-0.44417733,-1.2891653,-0.37174135,-1.8289592,-0.81667215,-0.6457918,-0.64793044,-0.5405691,-1.4567381,0.24189404,0.1749589,-1.7016683,-1.1105045,1.2137523,-1.265738,0.21870045,-0.55799985,-0.7979619,0.1733003,0.6490063,-0.94145817,-1.7863281,-1.5741626,-0.4156168,0.263218,-0.8224196,0.3715528,-1.0415199,0.119941086,-0.38515514,-1.0474159,0.4703138,-1.302714,-0.80340046,-0.9008186,-2.0714915,0.23791498,-0.5407587,-0.67001927,-0.84495074,-0.9689262,-1.3647935,-0.54930496,-0.46084604,-0.9840167,-0.8292009,-1.4053218,-1.0182599,0.8046001,-0.82764274,-1.4607493,-1.1418611,-0.68518597,-0.58054274,-0.520136,-0.18024036,-1.2945098
0.06024732,-0.16201566,-1.4558847,-0.08456973,-1.1208465,-0.22257642,-0.9645167,-1.4156146,-0.8499586,-1.1574354,-0.7812499,-0.7330176,-0.7881039,-1.0478591,-0.69738233,-0.46959442,-1.9682363,-1.3826413,-1.9155043,-0.5949091,-1.7265832,-2.0019493,-0.82293683,-1.7008501,-0.61143374,0.19456007,-2.38707,-2.7405252,-2.1678457,-1.4103947,-1.0837079,0.053795718,-0.53730565,-2.0140622,-1.9664437,-1.5435274,-0.7936557,-0.1518942,-1.4916666,-2.6198876,-2.1770518,-2.4593334,-2.0949016,-0.2645787,-0.41704515,-1.8171937,-1.4611934,-0.71596915,0.34292313,-1.1610345,1.3370333,-0.7438945,-0.052279998,-0.70708996,-0.8180406,-0.948382,1.5873895,1.3761281,-1.0384415,-0.26056814,-0.26199964,0.032165907,0.19158864,0.9719718,-0.84236544,-1.8670815,-0.07799753,0.7343638,-1.8590722,0.44110274,-0.058747556,-1.5563352,-1.9439219,-1.3114387,-0.85077727,-1.5243782,-1.0126415,-2.1175394,-0.2784606,0.42988446,-1.2377543,0.2191245,-1.0639782,-1.540373,-2.1562717,-1.479851,-0.25183868,-2.6130357,-0.8056788,-1.2966502,-1.1877623,-0.894526,-2.295359,-1.075092,-1.5561154,-1.2741661,-1.9941318,-0.6592143,0.61984825,-1.0022581
0.20911494,0.9091484,0.072830886,1.6490468,0.52592844,1.1473258,1.7838768,1.4486605,0.19654498,-0.10722439,-0.21236518,-0.7622633,-0.064730726,0.059205174,0.21107855,0.5411062,-0.43639076,0.7848021,-0.46674007,1.1295547,0.7094351,-0.39886326,0.6680758,-0.17116177,-0.24039094,0.14459373,-0.7964734,-0.78793436,-0.3712346,-0.42752418,-0.60554135,-1.2058964,1.3391613,1.0258936,-0.034066435,-0.47091058,-0.16645765,-0.18372989,0.45823333,1.7485201,1.7370563,-0.4344521,0.20656744,0.9102525,0.619888,-0.14594291,0.065761924,1.2201326,1.7144327,0.7712632,-0.64105767,-0.75048417,-1.6611658,-0.34968874,0.7353505,0.4259068,-1.3804845,-1.4684962,-0.124997385,-0.84768534,-1.7456692,-0.47174883,-1.5343255,-1.6460032,-1.2167417,-0.1273738,-0.5973361,-0.7687312,-1.2127897,-0.7141741,0.20928589,-0.92204267,-0.8173727,-1.5715705,-0.7348806,-1.5669618,-1.462259,-1.2095999,-0.9601138,-2.9657135,-0.72234887,0.45822904,-0.6166952,-0.9871855,-0.7621136,0.033311296,-0.11356157,-2.1176558,-0.45462775,0.3046106,-0.5169778,-0.49567792,-0.70919895,-1.0566937,-0.7735653,0.052151736,-0.3534251,0.20615773,1.2628926,-0.14201385
0.33252433,1.6006647,0.8398148,1.4394162,0.52247566,0.2526446,1.8727808,2.423086,0.45544168,1.2442725,-0.48533735,1.3630488,-0.24152927,0.9979439,0.7902983,1.181757,0.5140697,1.2891577,0.15234269,1.2518189,1.7343168,-0.053092394,0.49094638,0.3678284,-1.0406299,0.5255905,-0.48307577,0.43229318,0.25555557,-0.69286877,-0.41562808,-0.4960054,0.7118922,2.2607028,0.1887904,-0.6629106,0.18102759,0.49217877,0.0047606025,1.2096444,2.028402,-1.2319437,-0.2960009,0.65293646,1.0877081,0.074222155,0.59575063,1.3855764,1.3381402,0.97883344,0.029905219,0.1475885,0.4931477,-0.6997406,-0.58765364,0.06908438,-0.7309441,-0.33242425,-0.473693,-0.11089096,-0.11497152,-0.32023504,0.603288,0.32093063,0.06487831,-1.0335215,-0.30529758,0.0022224667,0.07115783,0.61079353,0.5623036,-0.022314327,0.34505984,-0.16277711,-0.19012457,-0.78916943,-0.9112981,-0.31358996,0.044633884,-0.31999603,-0.34554055,0.2459361,-0.3652164,0.2859425,-0.4012687,-0.07747077,1.2226104,0.013327336,-0.4228618,-0.7623469,0.60943985,-1.3425329,-1.0012096,0.057091177,-1.105518,-0.8161563,-0.04673281,0.8486681,0.67133707,-0.14649276
1.1458399,2.0715826,1.6862862,2.741835,1.8164899,2.4247882,2.1964624,2.3799877,0.94254255,1.1433922,-1.3685333,0.82523096,0.6176981,1.5140957,1.697017,2.3734515,-0.06704638,1.7069677,0.18330088,1.0187948,1.6288998,0.91284555,0.9742686,0.42984185,-1.5555476,-1.3516196,-0.29438457,0.62265515,0.47328502,1.4352112,-1.2518326,-0.3664211,1.8312999,3.2524822,2.537777,-0.2867775,0.05458385,0.4021817,2.2666132,2.1770625,2.6455004,0.75280684,0.98802793,0.12459815,2.1168911,0.7246275,1.728866,2.6024606,1.6572808,0.94435513,1.3612611,0.5050913,-0.7214212,1.6237863,1.7697531,1.1151495,-0.9000555,0.20861018,1.1318034,-0.37584028,-0.33980498,-0.70158094,0.103868045,-0.9897639,0.30056894,0.80812985,-0.14163823,-1.0090691,0.08755097,-0.23283496,0.5740684,-0.22237569,-0.24250297,-1.512153,-0.039152168,-0.40871322,-0.6347724,-0.2609367,2.2070196,-1.1343737,-1.0389588,0.7325713,0.81554383,1.4054375,-0.08029209,1.2412928,0.3114855,-0.7893436,-0.95500964,-1.03491,1.1760814,1.2752254,-0.13305946,0.712066,-0.63813967,-1.1452932,-1.158084,1.2568214,0.9848947,-0.4395155
1.2749485,0.76993483,0.8083303,1.0415828,0.5434317,0.6386223,1.0761179,1.1899616,-0.18371236,0.6053614,0.21551651,0.6075151,1.0211588,1.5326004,0.9994764,1.6678926,0.272249,1.6620901,0.82943624,0.6635355,1.1584841,2.0800865,1.7669044,0.16719866,-0.18814537,0.6144744,1.1863992,0.9255408,0.1488431,1.1994509,0.07678746,-1.0475266,1.7850332,0.91628534,1.4605728,0.26983187,-0.50544995,-1.08305,1.2570814,0.37107453,0.81540984,0.8332949,0.4252786,-0.38884467,1.961844,-0.0029913627,0.70681036,0.7321432,0.028946605,-0.5225456,0.07361668,0.7063081,0.7975992,2.1137815,-0.3778519,0.13274975,-0.4498937,-0.40603742,0.12390678,-0.6567512,-0.8187115,0.07169704,-0.5309619,0.3966532,0.7424275,1.3028092,0.3922264,-0.51137197,0.44704425,-0.4001611,0.39109322,-0.65185505,-0.3220141,-0.044659305,0.24195924,-0.29634428,0.40800005,-0.08101226,0.47769076,-2.1337144,-0.59156984,-0.75320256,1.1819018,0.01508744,0.3468907,-1.0178436,-1.0884902,0.14932986,0.44124362,-1.5731411,-0.6559072,0.14815928,-1.057114,0.4244998,-0.011335723,-1.077624,-0.7560968,-0.1751989,-0.20346275,-0.7080638
-0.8112265,1.4825385,0.7926073,0.75830543,-1.087792,0.077847175,0.8299194,1.2883396,1.0924016,0.93563104,1.8366953,1.4121708,0.8096745,1.0219897,1.4871769,0.8318629,0.7520971,0.88970596,0.6360367,0.45623055,1.3418094,-0.7361858,0.9797265,1.1839617,0.38531712,1.2622774,0.08057882,0.61384624,1.4472262,1.9071873,0.090213865,1.2557515,0.01629953,0.039408643,-1.7703648,0.25622904,-0.61804193,-0.9665203,0.15778956,0.92070484,0.12005167,0.1974482,0.20772538,-0.7042985,-1.1209666,-1.8409111,-0.7232764,-1.9904374,-0.538194,-1.2581315,0.30122957,-0.16342078,-0.33253726,-0.2607865,-1.1398183,-0.42270723,0.08514701,0.027337829,-0.14155485,1.3117359,-0.40497234,0.77151954,0.6320318,0.038888007,0.32832482,0.6373862,-0.23725672,-0.497928,-0.73193836,0.04034577,1.5667474,0.59370565,0.4024569,2.1264648,0.5856929,0.5648081,1.4767363,1.3919282,0.3005522,0.77117664,0.021446493,-0.95673525,-0.86149716,-1.1101079,0.026408264,-0.591585,-0.4137628,0.33153197,0.44391572,-0.7577627,-0.4876877,1.2438629,1.4713448,0.008535917,-0.38047418,-0.45300338,-0.3458961,-1.6143471,-0.16259311,-0.20577885
1.0799482,1.2798998,1.8432359,1.0385542,-0.021141356,1.0217346,0.93879074,0.35839754,0.6781771,0.3987947,-0.54366934,1.059352,0.9299468,-0.12043752,1.4784772,0.61960745,1.1380392,0.3906064,0.8395274,1.5738745,0.6197651,0.2164256,1.1970136,1.0547576,1.6504321,1.1626018,1.3102674,2.6045327,1.6027472,3.0578532,-0.9917818,1.556657,-0.6046664,0.16284628,-0.041962314,0.79532635,-1.0308238,0.5728747,1.0869471,1.8104564,0.30923113,0.53803355,1.3981717,-0.028851798,-0.3849353,0.75746256,0.7658294,0.06794476,-0.36790928,0.43809885,-0.14541759,1.8035114,0.4590066,0.556465,1.0964589,0.55967176,1.1301432,0.3725777,-0.15847306,1.4128572,-0.10756446,1.0418621,1.5228502,0.8241326,0.20169233,1.7405707,0.018011274,0.7182098,-0.14386871,0.97748595,1.2308631,1.0458047,1.0375012,1.0109171,0.9745882,1.3190044,1.0781897,2.5067205,-0.41128585,1.5947751,0.25021636,-0.65128845,-0.39723387,-0.579408,0.5885478,0.80594987,-0.2057712,1.3115077,1.027055,0.04007806,-0.65210974,2.1937459,1.8749042,-0.12582782,1.447464,-0.09738198,0.39527082,-0.6347849,-0.17154336,0.35228574
0.48574358,3.0010161,1.2838893,2.592962,1.0821469,1.3885831,2.0997467,1.7481831,0.941258,1.6683222,0.6022802,0.35974652,-0.058211535,1.247695,1.1145425,2.087904,0.34486547,0.85627264,0.5250153,0.85841644,0.8560829,-0.47842824,-0.029701782,0.8703368,1.6107804,0.19588034,-1.066529,-0.2911922,0.2468421,0.47946426,1.1812023,0.90596557,0.28184345,-0.48965475,-0.88593656,1.3886786,0.2729327,-0.4900304,0.869639,1.7116072,-0.28351793,0.69719034,0.4943417,-0.55584776,-0.03971124,-1.2152796,-0.89312005,-1.3923413,-0.087611824,-0.487431,0.6668327,0.27481017,-0.055720486,-0.09726463,1.2888734,0.093568474,-0.14630467,-0.046314664,0.53466934,-1.6417323,-0.34950706,-1.2427105,-1.0622089,0.74592435,0.99737227,1.088312,-0.040830318,-0.8810615,0.51879156,0.82597595,0.19379155,-1.432635,-0.44747666,0.9075042,-0.010764744,0.5749572,0.57497,-0.23084402,1.0676435,0.29962474,0.12628932,0.253366,-0.46193326,-1.1316944,-0.7747012,-1.1102954,-0.5294346,-0.4293094,0.6696515,-0.15357621,0.96279705,-0.5141537,0.73508584,0.02763648,-1.0998287,0.30693206,-1.5568643,-0.6638722,-0.18685561,-0.24275106
0.8188409,0.74887604,0.7807201,0.6235538,1.1355388,0.8077105,1.1440147,1.0921224,1.4700408,0.5995826,1.5158352,0.87676495,0.7685945,1.8119801,0.4056824,2.0045936,1.8580985,1.5817593,2.03102,0.69109297,0.66489065,2.6969163,1.3462566,1.71872,0.7094454,0.86254233,-0.02067227,-0.18167588,1.1240826,0.39863867,1.796152,-0.35775855,0.5120886,2.1751478,2.093034,0.32391524,0.80950844,-0.5760255,0.8048399,0.36590493,1.4350858,1.5284846,1.0985901,0.2803285,0.55665886,-0.07811445,0.8286072,0.8385241,0.8183466,0.251918,0.53217363,0.23177886,1.2464871,-0.1337827,0.4138956,0.94673485,-1.4474686,-0.3909578,-0.44535142,0.8151449,0.7380951,0.4323056,-0.23735853,0.6926427,0.8713657,-0.32131895,0.09335596,0.17556292,0.48016638,-0.46329138,-0.24499315,0.65946245,0.31474155,-0.15187114,0.24978302,0.95043087,1.0413756,-0.15680768,2.5583277,0.5267246,0.39612696,-0.24358931,1.5216153,2.1349456,0.14670882,0.16970925,0.18434958,0.59972215,0.144272,-0.31708592,0.062309463,-0.28410015,-0.72953,1.9344164,0.608483,-0.0056760125,0.18640096,-0.31726104,0.571245,-0.13627085
-0.99980295,1.663577,1.0549233,1.5272272,-0.7324079,-0.3708251,2.5932972,2.70166,2.740939,2.210687,1.2809988,0.8917619,0.086971916,2.0536773,1.5680231,1.6504586,1.1773207,2.5770593,2.2592206,1.6604594,2.5334375,0.32256776,1.7975426,1.802496,1.35653,1.1384737,0.1907159,0.95750874,1.3144339,0.36454037,-0.8461842,0.6534038,-0.95773596,0.5914287,-0.1828859,-0.17656212,-0.19075644,-0.90497,0.098920606,1.0278753,0.21965711,-0.7124173,-0.46570638,-1.2472074,-0.85529476,-1.3677326,-1.698733,-1.1838238,-0.6774325,-0.93960035,-0.1798879,-0.43826762,-1.242985,0.5683134,-0.9655275,-0.5180091,-0.8707407,1.0733318,0.7187013,-1.3328185,0.20009178,-0.10696207,0.6348051,0.41249904,1.6505105,1.6390058,-0.046457924,0.72847164,0.5088549,1.0723732,1.9060282,0.09404858,0.5286118,0.64224285,0.48850086,0.8371309,1.7190255,1.4631822,2.3528671,-0.6314602,0.5043958,-1.3820653,0.0026151894,0.24616213,0.75516576,-0.59295964,-0.69593835,-0.66570646,0.6938556,-1.3056456,-1.4261992,-2.6535904,-0.19744167,-0.7816149,-0.23651871,-0.51028836,-1.0322522,-0.057749975,-0.64468545,-0.2412652
-0.16154025,1.5001848,0.26164186,0.82606226,-1.2506182,-0.5247235,0.68439513,0.871328,0.5950309,-0.46760026,1.2724874,0.4650923,0.06428385,1.2081804,0.1298211,0.5845388,-0.8224517,-0.319387,0.37321502,-0.7479254,-0.10385239,-0.33423975,-0.7920487,-0.34762937,0.22429322,1.5048976,0.35384864,-0.2638054,-0.07025126,-0.47892022,0.9734983,1.0465766,-0.2697773,-0.94196266,-0.31904247,-0.67906505,-0.27092615,0.50724405,1.0931548,0.06369558,-0.22427112,0.25764233,0.76664954,-0.33158135,0.15683389,-0.8577882,-0.5490034,-0.32084835,-1.2907104,-0.16874324,0.50679886,0.27909386,-0.535655,-0.522994,0.317124,-0.74470603,-0.61424243,0.20152885,0.030034328,-1.5044296,-0.52997583,-1.0483295,-0.23949626,-0.18322073,-1.1756821,-0.64016503,-0.997306,-0.33495668,-1.8004164,-1.8368063,-1.2457505,-0.9222857,-0.9903425,-0.26509675,-0.6984918,-0.58323187,-0.060138118,-0.737525,1.6133546,0.23330535,-0.6753181,-0.8360469,1.5830067,0.6501732,1.0542313,0.0957935,0.15434738,0.50289375,-0.7050691,-0.050812956,-0.2259497,-1.2839782,0.32104725,0.8337846,0.16703027,0.07374077,0.4803918,0.23233896,-0.8084708,-0.11987898
0.031916965,0.6040748,0.090771765,0.62931687,-0.8207618,0.67766726,0.5976216,1.1685055,1.0097375,-0.6031784,-0.38218433,-0.28020096,-0.25847465,0.943635,0.61418164,0.55300707,0.9699262,0.9194342,1.5767694,-0.30898374,0.53743565,-0.55650216,0.6867852,0.29584083,0.045036223,0.3524291,-0.45427722,-1.1112046,1.0001346,-0.9965644,-0.24892737,0.09932559,-0.2910161,0.6371398,-0.6830302,0.025306385,1.5513742,-0.71388996,-0.64895004,0.3453536,0.5603392,-1.468167,-0.49655026,-1.2892745,0.124937505,-1.5450866,-1.2633216,-0.7923276,-0.46194008,0.1921851,0.66772413,-1.6360947,-0.78487587,-1.5873033,-1.2223727,-0.40169623,-1.3206847,0.5242439,-1.0104039,-0.47880659,0.009092264,-0.7448498,0.16980493,-0.63720256,1.1808572,-1.0705161,-1.1511365,0.03560727,-0.045237973,-0.61648923,0.09686682,-0.05140999,-0.63892204,0.18061984,-1.5228858,-1.0267727,-0.3710616,-0.00433725,0.9204026,0.32806173,0.010516512,-0.50362897,-0.46937588,0.34423834,-0.38052914,-0.008613745,0.32530448,-1.1076324,-0.09038733,0.054773156,-0.11532187,-0.56062686,-0.90629494,-0.8783297,-1.3823544,-0.8064099,-1.200604,-0.010549606,-0.1550089,0.09350359
0.61711943,-2.80758,-0.9409859,-1.9415522,-0.8840654,0.31849378,-1.4241776,-0.13158007,1.1403941,-1.0875794,-1.188715,-0.44415027,0.29577804,0.39890397,-0.39911646,-2.087205,0.54319084,1.041626,1.7254231,-0.16900177,0.030717248,0.33279714,0.0028537696,0.56967175,-0.1973253,-0.27734438,0.15258275,-0.20190255,1.002397,0.6749259,0.38108823,1.7701966,0.6084786,0.7450464,0.2656329,0.6490306,0.57046026,0.7101012,-0.31218675,-1.1249703,0.8770988,0.14746761,0.12382222,-0.054177452,-1.1719935,0.99898493,0.75281924,-0.3039401,-0.24943617,0.8454714,-1.6303189,0.1512257,-0.5148709,1.0443233,0.036650702,-0.84951967,1.6351621,2.3300042,0.86512476,0.60381293,0.41450015,1.0415202,0.9908228,-0.97193176,-0.65085983,-1.2332156,-0.22265108,-0.03217943,0.10510086,1.7864654,-0.011794131,0.96804315,0.06527312,-0.9468125,0.24635488,0.65922517,0.10501676,-0.11663807,0.95480376,1.9309974,0.6315424,0.679633,-0.03968263,0.2776335,0.7138688,0.9150825,0.033953313,-0.05944085,0.6825609,0.9353532,1.8464562,1.7525123,0.9768853,0.5142857,0.13647398,0.49540284,0.60499567,0.25474867,-0.3311113,1.0711343
0.197374,-0.14459386,-0.2505686,-0.043186758,0.27858102,1.080534,-0.62511235,-0.8144035,-0.8172476,-0.26683393,-0.28489876,-0.3530904,0.25748804,-0.0786819,-0.09695285,-0.7163592,-1.9740099,-0.8439708,-0.24524988,-0.5467288,-0.22000231,-0.9374823,-0.7686503,-1.337822,-0.9807155,-1.4306444,0.16521148,-0.5529447,-1.1307789,0.374391,0.22784728,0.263947,-0.46698993,-0.88836944,0.509311,0.33458906,0.198861,1.0819738,0.74305844,-1.017593,-0.25552243,0.44357017,-0.20838906,0.6486937,-0.4980201,1.2327294,1.2363342,0.32315215,0.28447106,0.60063875,-0.72277015,-0.18606086,-0.7478585,0.86188674,-0.23975682,-0.19850533,0.16529605,0.77784145,-1.7299169,-1.2750092,-1.463623,-0.22840804,-1.4456972,-0.3246531,-0.10319603,-0.70064974,-1.0331554,-0.914952,-2.1068735,-0.8134701,-0.7111761,-0.43114763,-0.5933251,-1.2258891,-0.6935927,-0.12805675,-1.0370495,-0.21766455,0.7109353,-0.41275486,-0.37707892,0.19414343,0.9318368,0.5864855,0.887742,1.4370031,0.9029339,0.35846555,-0.1296772,0.69581056,1.1112846,-0.92324114,0.28000888,1.1684874,0.25321075,1.0786601,1.3959432,0.41178876,-0.15424897,0.7793095
-0.14688024,0.0026864887,0.12513165,-0.43124786,-1.043685,-1.169531,-0.5981694,-0.06527805,-0.07827147,-0.24475935,-1.1630721,-0.67640924,-0.32186672,0.53049046,-1.3667101,-0.82985747,0.25778908,0.33731505,0.094219156,-0.97126496,-0.40099666,0.5774954,-0.14552954,-0.2929832,-1.607186,-1.0336909,-0.25871736,-1.3186032,-1.2164288,-0.9702623,0.5499047,-0.9692379,-0.8231364,-0.3333335,1.1511987,0.054956224,-1.2144616,-0.59277207,-0.28151876,-1.2067621,-0.13926512,-0.74102694,-0.15526628,-0.7677088,-0.48352927,-0.19389798,0.25970915,-0.078925416,-0.92095184,-0.8840875,-1.7847021,-0.6004689,0.11664302,-1.4338804,-0.2448222,-0.7314322,-0.49868813,0.7150925,-1.881234,-0.5495503,-0.7483972,-1.0264436,-0.53517175,-1.5089796,-0.41288614,-1.5927758,-1.5949078,-0.66735893,0.035545804,-0.35158405,-0.9974941,-0.7918101,-0.44090816,-1.3698846,-0.80412275,-0.6473259,-0.94906855,-0.71517634,2.8549054,-0.41751233,-0.38065708,-0.71818346,-0.10654823,0.068753056,-0.7192954,0.3325251,-0.81963575,-0.17739703,-0.6217175,-0.42408335,0.012730495,-2.3652582,-0.82574797,0.7065841,-0.23122422,-0.44066447,-1.4729358,-1.4850041,-1.1477084,-0.775526
0.52464414,0.44793433,-0.013486637,0.44971636,0.947993,1.4535037,0.3949463,0.30666438,0.28217334,-0.40399954,-0.60260326,0.46022353,0.8279349,0.8023773,-1.3021007,0.44154692,0.44653952,0.18111943,0.038073074,-0.9660815,-0.31254175,0.44707176,0.28879136,-0.7760928,-0.1532485,0.27151942,-0.32772598,0.5214279,-0.08782627,1.1557653,0.98226166,1.6559008,-0.28660712,0.3517374,0.3782856,-0.43956134,-0.5201058,0.98265356,0.4944354,0.50144064,0.3107313,0.55465937,0.69313174,1.3925523,1.2539723,1.2038169,1.0801822,0.3303898,0.41893613,0.80474603,-0.14111567,0.44374898,-0.120682284,-0.28792447,2.3084347,0.77135116,1.4529899,0.7288901,0.3735835,-0.2707144,0.7975851,-7.1788454e-05,-1.5885346,-0.88940394,-0.26072228,-1.1661909,0.014814071,0.6487911,-0.35910398,-0.16269946,-0.37846854,0.44903225,-0.018749008,-0.027744712,-0.44882488,0.14885506,-1.0802524,0.7375313,0.64504933,-0.16208507,-0.67430145,-0.21538407,-0.63083476,-0.19097523,-0.7486264,-0.34986097,-1.0190033,-0.50012064,-0.942439,-0.34057793,0.26319477,0.9647454,0.08939959,1.4288747,1.2513605,0.71539587,-0.32884398,-0.8646494,0.63413334,-0.0887513
-0.2378245,-0.2891722,-0.117240645,-0.602093,0.2298205,-0.054010577,0.1841996,-0.15489827,-0.91254675,0.003946698,-1.4094054,-1.0354081,-0.00047913956,-1.2503698,-0.05388136,0.54898745,0.5727825,0.08137727,-0.43344232,-0.30761757,-0.35687992,0.49269316,0.6628003,-0.21666753,0.42292035,-0.58847266,0.2665058,0.64542395,0.2256989,0.056757357,1.1613399,1.6055076,2.195871,0.8101314,-0.101597756,-0.25234944,0.3787775,1.7942692,0.66624314,0.48509684,0.5720592,-0.0781015,1.3470583,1.0280122,0.2384575,0.922857,0.4276327,0.90476614,0.21858642,0.98441637,0.0751789,0.45595235,0.13854864,-0.750266,-0.05858047,0.34136936,0.6123335,0.5221343,-0.20489204,-1.0041666,0.20318197,-0.26535964,-0.53489095,-0.27156204,0.11362018,-0.64291143,-0.3567937,0.41870707,-0.046556536,1.0586512,0.12830278,0.53096974,0.0391881,-0.81562775,-0.47518766,-0.049179673,-1.1459873,-0.65686876,0.8747662,0.9575294,-0.7954853,-0.31461707,-1.1910181,-1.4590092,-1.7523752,-0.09621123,-0.14547467,-0.6864638,-0.73419696,-0.15807097,0.1327372,-0.5532762,-0.2257678,-0.22913879,-0.9068071,0.03880652,-0.75326794,-0.087208875,0.2804709,0.34276173
-0.13904144,-0.97736967,-1.1037284,-0.63437146,1.8952769,0.5455913,-0.58052963,-1.0239127,-1.5583104,-1.3437244,-0.6428961,0.44529933,-0.61985457,-0.46206585,-1.0151645,-0.051799312,0.6296924,-0.31273708,0.32166654,-0.3347203,-0.51877195,2.5682704,1.5190693,0.06555384,0.7649995,0.27231205,0.8532338,1.6786065,-0.21712784,2.3190455,-0.3418726,0.13431054,0.18874624,0.62612194,0.9882635,0.3690007,-0.7082279,0.12994684,-0.3180534,-0.22868289,-0.3731762,0.3461923,0.773289,-0.7141221,0.08025601,0.11174844,1.9231198,0.54455566,-0.22361054,-0.51134396,-0.17852847,-0.025900163,0.48477897,1.1877794,1.1827737,1.0150304,1.1184784,-0.5355509,-0.38999084,-0.47297847,0.032143116,-0.103144586,1.0495648,-0.6411316,-1.1728373,-0.4086905,1.2915329,0.92453414,1.8791665,0.61669517,-0.48858306,-0.3079084,1.2575907,0.4941738,0.37037963,-0.16719845,-0.25479206,0.2786787,-0.8419254,-0.89559627,0.01228139,0.37543964,-1.5291262,-0.9725429,-1.5785269,-0.22340757,-1.7339388,-1.4810188,-0.8813469,-1.2309216,-0.11577822,0.0049736467,-0.79228747,-0.61644226,-1.950802,-2.2838588,-2.0116923,-0.445101,-0.35871285,-1.9131299
-0.23187102,-0.18141684,-1.5246038,0.062462814,1.2214115,-0.07375313,-0.47990093,-0.8673406,-0.9094307,-0.8588197,-0.5091815,-0.42783,-1.1528902,0.113159955,-0.46625978,-0.49747485,0.9540728,-0.40871164,0.17998503,-1.0077229,-0.31787384,0.43956533,0.18014017,0.60883564,0.29429194,-0.17560856,-1.2157251,-0.72195315,-0.3214896,-0.79768825,0.6069633,-0.8328517,-0.43452427,1.1938407,0.88327414,-0.3177683,-0.7405102,-0.6505032,-1.1836183,-1.6502831,0.6026225,0.4438905,-0.0841436,-1.1718644,-0.61677384,-1.3529699,-0.075874686,0.07471484,-0.13442865,-0.5764926,-1.0386236,-1.3365616,0.4122723,0.04046758,0.027080975,0.55689776,-0.64200115,-0.4227001,-0.62348163,-2.1214547,0.38116512,-0.34208274,-0.4201261,-0.35997146,-1.1211747,-1.2340386,-0.8316097,0.058294885,0.6595386,-0.9647124,-0.5347012,-0.6118231,-0.3385751,-0.48630193,0.015110526,-0.55102557,-0.13730444,0.09932583,-0.044082496,-0.8494399,-0.41453308,0.57556957,-1.1862108,-0.2955242,-1.8744613,0.29840177,-1.031921,-0.95290565,-0.9803041,-0.6572806,-0.36274683,-0.1330905,-1.9296027,-0.56240267,-1.145978,-1.7946411,-1.3058554,0.66546863,-0.1386489,-0.94816285
-0.886252,-0.6362403,-1.1995089,-1.4056449,-2.9140239,-2.9928765,-1.3832124,-0.8299314,0.38461095,0.027380992,0.3655233,0.9432524,0.38612446,-1.2994277,-0.5927309,-0.60846394,0.13317692,-0.918396,-1.0525355,0.11687604,-1.4258678,-0.43757945,-0.48692334,-0.29750285,1.2270732,1.2079471,-0.31170285,-0.6192174,-0.4683224,-2.059653,1.3117228,0.5472122,-0.7384257,-1.6705549,-0.65132046,-0.64280075,-1.9395299,-1.0180405,-1.8935058,-1.28452,-1.9119568,0.08974333,-0.59878117,-0.76065993,-0.92319125,-1.2520177,-2.1815698,-0.91528356,-0.90812886,-1.7699099,-0.52478254,0.21304096,1.5198984,-0.33171463,-2.6839995,-2.0751204,0.1978912,1.0236814,-0.38661855,1.0317192,1.5315611,1.2099468,0.7935508,-0.529453,0.50047857,0.11854809,0.44698095,0.35444337,0.4153819,-0.43385583,0.20212825,1.2637177,0.22044948,0.39807588,1.2348826,1.5913833,0.5803832,-0.06872024,0.16471815,0.31600273,0.15504327,-0.71164834,0.19445038,-0.18866286,1.0621533,-0.66741526,-1.7194892,-0.06767184,0.08415671,-0.34344536,-1.0634536,-0.8099302,-0.05156615,-0.14648671,-0.45183933,-0.5806252,-0.45843092,0.9476377,-1.2908239,-1.1176287
1.5540762,0.26509416,-0.40638858,0.6721529,-0.57267076,-0.4917168,0.7773929,0.047523797,1.0225161,0.80833405,0.6848625,0.49593687,-0.8583688,0.56503457,1.2433243,-0.006034397,1.4867479,0.47235063,0.69104433,2.4454114,0.4272877,0.19392142,0.81957334,1.5552337,1.0486454,0.8909395,0.17934993,-0.21542318,1.3979151,-0.4423982,0.44538677,0.60038275,-1.397309,-0.65616757,-0.19211091,0.43728384,0.0984959,-0.9682464,-1.3289456,-0.69544625,-1.4463087,-1.271511,-1.6101998,-1.9826466,-1.4670547,-1.6597698,-1.5848417,-0.48863676,-0.055159874,-1.4856951,-0.09915428,-0.16531439,1.6726793,1.27193,0.07336396,0.45659012,1.2703459,2.87317,2.725812,-0.22714324,0.5583721,0.61667323,1.3073767,1.1616471,1.4351902,0.6526541,1.9834261,-0.04065381,0.5003431,1.3887514,2.1554804,0.8055384,0.73035264,0.72073144,2.076491,1.1995066,1.4203448,0.43090987,1.0223526,-0.12041227,1.4273714,-0.17764747,-0.29026303,-0.07941183,0.38206598,-0.46544558,-0.2486607,0.7655145,2.2970421,-0.25326955,-1.0057065,-0.077234425,-0.20904085,-0.3710503,-0.645928,-1.2241559,-0.41540274,0.65973854,0.67924744,-0.8465558
0.20665471,0.14193618,-0.57968616,-0.25391904,0.016750418,-0.031165529,0.115703344,-0.3056879,0.38663635,-1.0029019,-0.12747154,-0.4965247,-0.14446928,-0.33224905,1.0052873,0.30099028,0.29030633,0.43642503,-0.17958997,0.8519641,0.30322203,-0.7054884,-0.11514882,0.7673734,0.06307283,0.3380909,-0.085957475,-0.8919808,1.570773,-0.0798082,-0.5006632,0.98295426,-0.35261866,-0.033228878,-1.1249025,0.9352387,-0.44560802,0.21825269,-0.7162198,0.3201103,-0.36428407,-0.8625179,-0.22738768,-1.5281066,-2.0920153,-1.027614,-0.68341035,-1.9768921,-0.137937,-0.24780212,0.8965384,-0.14912108,0.606588,-0.9894548,-0.012207409,0.30263844,0.04767642,1.1911949,-0.6814535,1.3431257,1.1196648,0.6671491,0.9616246,0.9161687,1.4508907,1.6659402,1.1014235,1.0320054,0.80181307,-0.2083978,0.7842743,1.0274777,0.32300475,0.9160541,0.5053903,0.039757293,1.1091694,-0.23325147,-0.3954494,1.0893116,1.8146849,0.8143614,-0.9672368,-0.20664796,0.6893312,1.1671885,0.5297754,0.35664895,1.7535294,1.8923625,0.39940703,0.7873073,1.0842584,-0.7493574,1.6482376,-0.5915339,0.37813988,1.1000458,-0.29194695,1.2053854
-0.06273587,-1.1464134,-0.37529284,-0.08919703,-0.15640332,-0.6253346,-0.27930102,-0.09071641,-0.6666464,-1.0087177,-0.2570456,-1.6162034,-1.8515315,-1.1879406,-0.6432364,-1.1463742,-1.566503,-0.88544196,-1.946546,-0.66651785,-0.8424123,-0.6305848,-1.2612957,-1.2296053,-0.63028085,-1.0016404,0.44613886,-1.3815802,-1.0553261,-0.12860397,-1.4695439,-0.38985464,-1.1894144,-1.3351023,-0.89224404,0.80223995,-1.2230489,-0.7696745,-0.76249254,0.2979811,-1.2312548,-1.8337725,-1.2141708,-1.271035,-1.4279631,-0.9431888,-1.9650016,-1.0882826,-0.67389363,-0.6109752,-0.21482255,-0.65688103,0.07408153,-0.5080748,-0.092886634,0.23241426,-0.31143558,-0.29251128,-0.058258682,0.69451994,-2.1263988,0.11282598,0.34819728,0.35937193,-0.1596574,-0.040379528,-0.28897202,0.044354543,0.13271725,-0.1528936,-1.4680916,-0.74629885,-0.9329626,0.5934794,-0.53462934,-0.72240657,-0.53911245,-1.0339704,-1.8516662,1.1422323,0.5560014,-0.052160203,-0.8293192,-0.7213089,0.8998432,0.28231934,0.0042803027,-1.0925833,1.053687,1.3144232,-0.14969458,0.59903747,0.9160054,-1.1039422,0.97974235,-0.55921316,-0.18857625,-0.946016,0.25519574,0.41945225
0.8575873,-1.4271055,-1.8523852,-1.4596574,-0.92364866,-0.60314184,-1.8298848,-0.9061604,-0.27324685,-1.76081,-0.96930856,0.63117826,-0.7098715,-1.2555108,-1.4368393,-2.5909677,-0.88321966,-1.8786117,-1.9781799,-0.25615942,-0.70092857,-1.5460839,-1.789002,-1.11884,0.34888384,-0.14491904,-0.9634198,-1.805125,-1.0079961,-0.7078826,0.21010068,0.84679693,-2.4100707,-1.7502257,-1.4390559,-0.660677,-2.3765008,-0.62155676,-0.94838136,-1.540179,-1.1397369,0.06685158,-0.7844099,-1.4677081,-0.10091598,-1.7552559,-1.5050523,-1.8820646,-0.77354705,-1.3511475,-1.406025,-1.6601396,-1.9861641,-2.30871,-0.41170073,-0.13709027,-1.0572815,0.3700656,-0.90216553,-0.14054988,-0.09778893,-0.41306403,-1.6235312,-0.4104949,-1.5122026,-1.1312186,-0.8201944,0.0004092866,-1.5976572,-0.961526,-1.2339877,-0.5095431,-1.9979534,1.5125209,-1.0496519,-0.06062937,-0.9009174,-0.29884645,-0.1872748,-0.4030391,-0.49713463,0.29599866,-0.86779606,-1.07286,-0.39488584,-0.045929205,-0.82177156,-0.18852165,-0.6633819,0.9937625,-0.6934088,0.20150481,0.36505148,-0.15610212,0.911119,-0.73981464,-0.5494607,-1.1219056,-0.68959326,0.6379567
1.0534581,-0.20638135,0.66011477,-0.7122256,-0.6784499,-0.08718479,-0.71275574,-0.15805271,0.18691586,0.5392679,1.3382822,0.59358704,0.6303682,-0.6827868,0.06961618,-0.6023082,-1.0333645,-0.15797557,-0.9107807,-0.8980479,-0.31764796,-0.7221396,-0.68375367,-0.83566785,-0.18767394,-0.5751553,0.84588236,0.2995211,-0.6134531,-0.14947058,0.22035737,1.1672916,-1.0914848,-1.0101502,-0.5512132,-0.41803762,-0.90210676,0.70190936,-0.006500737,0.42576087,-0.42725122,-0.2416255,0.24865253,-0.3886913,0.47035393,-0.2757796,0.22540371,-1.1828525,-0.5581683,-0.19312401,-0.08902985,0.56321496,-0.75806653,-1.4936807,-0.6124202,0.34249857,-0.68247294,-0.37271544,0.2716458,-0.7297807,-1.0599982,0.056266375,-0.8227,-0.6953041,-1.3739845,-0.5083522,-0.84000075,-1.8036375,-0.54104,-0.36562365,-0.48498553,-0.7979461,-0.77271104,0.76381195,-1.2708323,-0.11580344,-1.2984208,0.8008533,-1.2619927,1.6896012,-0.84254515,-1.2592944,0.1822789,-0.67008173,0.1520591,-0.8360143,-0.0049775005,0.77365535,-0.73425263,0.24452761,-0.27347457,0.5743231,0.83478594,-0.3430444,2.0559366,0.24395569,-0.14020613,-1.2621472,-0.3693194,0.6900186
0.014182377,-0.78577256,-0.09149752,0.45018697,-0.67596644,0.89661866,0.2954292,0.33612296,1.1414481,0.821958,0.19547617,0.32864717,-0.502611,-0.73809904,-1.9647336,-0.9560062,0.28668514,1.03609,-0.16664205,1.4364009,0.33914173,1.1271943,0.78023845,0.2971698,1.684732,1.3624583,0.27652866,1.109477,0.60868466,-0.9795097,-1.3617846,0.7463428,-0.81137127,0.04882208,0.39927292,0.9670667,-0.25499848,0.5077546,-1.2304093,-0.76569986,-0.257669,-0.99683666,0.11056575,0.38448352,0.67341554,0.47877967,-0.15410209,0.74347824,0.15954365,-0.14411128,-0.4536975,0.9737653,0.020133512,0.2486635,0.53397274,0.72581524,1.7993783,1.9045887,1.8965778,1.1936785,0.089922816,0.33302808,-1.0625635,-0.09009874,-0.07249392,1.2901021,1.5614209,0.44056278,0.91861457,1.1599017,0.409058,0.6556801,1.1163085,1.1977355,0.46246058,1.3326163,0.8691028,0.95562875,-1.3198934,0.879152,1.0638653,1.0062714,0.018481502,0.25768054,1.2890494,0.2529081,1.7746911,0.94151556,2.2580185,0.93519163,-1.3042868,1.501442,1.8960706,-0.7737716,0.43445042,-0.33508256,0.7207752,1.8192494,0.67963934,0.74685395
-0.52408636,0.27163714,0.28270966,-0.22296797,1.032458,1.2553267,-0.32279637,-0.96268934,-1.2320428,0.09123702,0.9349593,-0.53721696,0.525507,-0.47613022,-1.1470051,-0.63659763,0.066889726,-0.33637005,-0.31542006,-0.1609811,-0.5799372,-0.00020003677,0.08253528,-0.06347422,0.54473025,1.1984351,0.35118064,0.3107908,0.65677434,-0.039476328,0.50939375,0.9974663,0.07670011,-0.26272002,0.95489806,-0.4026668,0.71860975,1.1308125,0.8765572,-0.58701855,0.22011818,0.31008735,1.1361951,1.0245875,1.4462748,1.2552601,0.86345863,1.0208669,-0.2414846,0.359192,-1.1441361,0.36057156,-0.8243429,-1.1604999,0.3596829,0.55151886,-1.06806,-1.3546573,-0.8204954,-0.84963655,0.4122882,-0.191484,-0.9913635,-0.089640774,-0.31836554,-1.3152614,0.19973876,-1.2008454,-0.3725787,-0.5040517,-1.7582004,-0.514211,-0.0457018,-0.23933984,0.27222395,0.5365363,-0.54790574,0.29423892,1.0592947,0.5918487,0.4013116,1.0348129,1.1854461,0.3665108,1.0832694,1.603701,-0.013428708,0.42796272,0.06462631,2.087098,0.7246689,0.07453135,1.9024742,0.9388403,2.1291094,1.036059,1.180353,0.6375322,-0.4282606,0.45662972
0.18736055,-0.32736522,-0.4960115,-0.9096326,-0.67430407,-1.0613341,-0.7589817,-0.51146364,-0.7126174,-1.0907217,-0.26950988,-0.53309697,-0.6704588,-0.36770672,0.1582278,-0.8784068,-1.2266343,-1.178087,-1.4034659,0.1460404,-0.83382106,-0.52406347,-0.90592074,-0.3124566,-0.5370781,0.23262164,1.7021028,0.52178335,-1.2064499,1.7384874,0.58407617,0.41418242,-0.96503395,-1.236713,-0.89242065,-0.8311559,0.2559186,1.0566068,1.1282852,0.13454111,-0.28396508,1.2338809,1.12143,-0.20930976,0.15339994,0.3410062,0.7731661,0.6131648,-0.3738308,0.28573617,0.009573933,-0.1507009,0.20690185,-1.7586254,-1.6263719,-1.4654316,-1.3614333,-1.5150007,-0.22923806,0.9845804,0.51979285,-0.10048847,0.63497704,0.28259277,-0.10849267,-0.11472149,-0.33945322,0.101401426,-0.60193855,-0.56837046,-0.29715577,-0.003618083,-0.2343404,1.0037612,0.30243695,0.9234033,-0.45801875,0.63491863,-1.5508617,0.9277658,-0.51774675,-1.0600896,0.7067317,-0.40733787,0.4617903,-0.62537205,-0.59888,-0.7590133,-0.85411924,-0.44635,-0.17120947,-0.19321291,0.81462806,0.23888421,2.067394,-0.32992136,0.6610029,-0.07268887,-0.46057573,-0.62902147
-0.78622603,0.2554735,0.4290567,0.0778934,-0.23430906,-0.034966875,0.85028696,0.06083159,0.533004,0.42499292,-0.047188107,0.13435873,-0.59657264,-0.39694762,-0.75519663,-0.79388547,0.20128621,0.012773509,0.39297077,-0.07663678,0.100389004,-0.16959757,0.39365616,1.0471294,0.20272908,0.8837951,0.85251856,0.4200074,-0.18781073,0.17715915,0.40451044,0.43289256,-0.5275038,-0.73168045,0.41976026,0.39806452,-1.1920372,-1.1920152,-0.26016128,0.74572444,-0.52838814,0.3650171,0.3320671,0.46805626,0.9375418,0.88039804,0.097740844,-0.17297255,-0.548578,-0.42408413,-0.55952895,-0.1671241,0.32654548,-0.8995924,1.0661373,0.6339185,0.3522256,1.3418508,0.46345845,-0.2631315,-0.23826076,0.19666916,-0.5959225,-0.11644219,0.056752473,-0.32506365,0.17522395,-0.26136246,-0.014247219,0.0747364,0.3496567,0.6664503,0.6280256,0.10930346,0.10319723,0.3281471,0.42154348,0.5241856,0.6394238,0.24859893,1.5445697,0.6739315,0.9631647,0.6967385,0.78367287,-0.2784173,0.78177285,0.88668245,0.85215473,1.6932724,1.3068169,0.19468862,1.3400987,0.08081424,0.35633326,0.14200978,1.180538,0.94302386,-0.3345934,0.3080948
-0.62701786,-0.14549483,0.050414577,-0.67440724,0.14283033,-0.49453524,-0.59843796,-0.15503567,-0.4305443,0.74950683,-0.3838769,-0.5483772,-0.73653114,-0.10466437,-0.9344974,-0.74417275,-0.08679512,-0.71781635,-0.76786625,-0.8820353,0.25726527,-0.33236745,-1.6712039,-0.36529955,-0.741935,-1.0798352,-1.0527359,-0.47249237,-1.167666,-2.6398594,1.749511,0.508738,0.3383277,-0.25245133,-0.07221467,0.28919786,-0.51037085,1.6368511,0.6013978,-0.0058388696,-0.8212866,0.46559167,0.8587188,-0.5879939,0.6358067,-0.18575615,0.47789136,-0.03422908,-0.45940176,0.08401424,-1.4152358,-1.2576174,-1.0368377,-1.8393397,-0.6189697,-0.8618267,-1.0697395,-0.39591062,0.11692255,-1.6375439,-0.39603147,-1.837218,-0.4498324,-0.72619766,-1.6008877,-1.3082267,-1.6270638,-0.67759955,-0.81867146,-0.74012643,-0.9215912,-1.7876698,-1.0492077,-0.6165152,-0.80264723,-1.3981907,-1.749819,-1.3125864,1.3226074,-1.1184175,-0.25583577,0.5528098,0.6999941,-0.45601785,-1.634239,-0.87053126,-0.042333413,-0.78949404,-0.3198937,0.007204151,0.5553532,0.23846817,-0.54192847,-0.6120828,-1.0868695,0.051296122,0.010071349,-1.1245834,-0.41013253,0.13528652
0.58537835,-1.1365042,-1.9365674,-1.3576664,0.08847078,-1.1096447,-1.1287798,-1.2583922,-0.6667183,-1.5450386,-1.9399909,-0.70660686,-1.2641573,-2.0869126,-0.4122568,-1.5329466,0.8291971,-0.8333447,-1.0183748,-1.4186392,-0.90078616,0.2179209,0.14230092,-0.090938166,-2.03652,-1.460072,-1.865071,-1.4735433,-1.5490085,-1.4387342,0.44120365,-0.4777086,-1.1531254,-0.3882537,0.13119684,-0.11065314,-0.33077368,-1.7670692,-1.4266832,-1.3359618,-1.1014725,-0.85948116,-0.7358289,-1.2175905,-2.177943,-0.9025479,-0.57092094,-0.30770496,-0.8949691,-0.554898,-2.0629616,-1.3051649,0.23418488,-0.36392346,-0.14921428,-0.6611944,-1.4153417,-1.8553978,-0.6761835,0.10242269,-0.21334775,-0.5112965,-1.1248026,-0.17943096,-1.2626177,-0.6615924,-1.1390519,-0.5242954,0.0047403616,-1.3987514,-0.7346729,0.9143211,-0.7500262,-1.1016334,-0.4512137,-0.22183596,-0.1708883,-0.9202528,1.0799049,0.28662875,0.6840125,-0.51379776,-0.70229095,0.55016035,-1.6278195,-0.30696917,0.23471078,-0.95720047,-0.58440953,-0.25204858,-0.33825877,-0.96928936,-1.6950383,-0.7444826,-0.6597931,-1.0929397,-0.28018287,-0.80034405,-0.59060484,-0.175659
0.03709404,-0.93964005,-2.6008382,-1.5905732,-0.3514044,-0.93027085,-0.87892675,-1.294177,-0.5323082,-0.63137984,-0.20158744,0.1533282,-0.7697667,-1.1786947,-0.5683734,-0.8417767,0.27347505,-0.0040741246,0.29641443,-1.2701056,0.15996942,0.3007071,-0.717482,-0.11543746,-0.38640603,-1.3269253,-2.3202925,-1.9249345,-0.6498508,-1.0068141,-0.7906824,-0.7100965,-0.13616815,-0.17535076,-0.086822234,-0.21847479,-0.9033345,-0.9158325,-0.9263045,-2.057944,-0.22508244,0.95122254,0.20372628,0.27144846,0.117427506,0.06315637,0.2271063,0.84246856,-0.8825604,0.41030154,-0.79814965,-0.37632698,-0.16829225,1.1097761,-0.39207575,0.2510665,-0.12938552,-0.05210894,-0.5186393,0.289691,0.19429821,-0.89938813,-1.0135027,-0.0024359392,-0.53630185,-0.056264915,-1.0482647,0.39274195,-0.61085176,0.526657,-0.42039645,-0.769185,-0.32981962,-0.8551341,0.41567987,-0.6059569,-0.386206,-0.93910587,0.66340744,-0.50252783,-0.16563801,0.47314745,1.1245714,0.52624977,-1.4809198,0.375031,0.97829336,-0.62804246,-0.74605054,0.86896896,0.6756947,0.83030033,-0.14470771,0.54506296,-0.7847292,0.6026387,0.046321884,-0.6354357,-0.76399136,0.1455726
-0.35571283,0.9089211,0.13148902,0.6981589,0.042842936,0.21952349,0.102648534,-0.12778513,0.901827,0.18221791,-0.030010508,0.19258192,0.7526135,0.21122092,0.69257104,-0.20307459,0.26123816,-0.3450856,0.32190734,-0.20714095,0.9607944,0.98627025,1.1991318,0.43592387,-0.41964814,0.6032536,0.8578441,0.7413285,1.1265422,2.071464,0.6212354,-0.17678408,0.12698069,-0.068172686,0.852535,-0.20689115,0.3772355,0.018518256,-0.45422876,-0.123924114,-0.10844822,0.748195,0.7832907,0.8076237,0.85949546,1.1791208,0.23563294,0.039243627,-0.024556942,0.657617,-0.41366836,0.9961198,-0.16394052,1.3648018,0.44925252,0.7855936,0.28275123,0.88249624,-0.047997493,0.06935335,1.4496236,0.19866028,0.9296237,1.2498113,0.99619275,0.3380219,0.044024225,0.9824211,1.5109484,-0.42787337,0.44708037,1.8804945,1.1739947,0.81466657,0.58683383,0.72371,0.8633769,0.7093722,0.4669927,-0.5225169,0.2591825,-0.13134994,1.0996609,1.2822758,1.0363594,0.49149677,0.47950014,0.5277569,-0.5334248,0.056011733,1.1385251,-0.28045642,-0.06411779,0.7010443,0.684185,0.30941033,1.3033673,0.79963535,-0.5552642,0.1723897
-0.31582838,-0.4762537,-0.49524507,-0.5252377,-0.25152978,-0.5593746,-0.71583426,-0.4197066,-0.4854662,-0.4535216,-0.3545284,-0.39348325,-0.33803758,-1.1983373,-0.7572332,-0.4113588,-0.79958713,-1.9773659,-0.21481295,-2.5374544,-1.1480491,-0.90524936,-0.68459946,-0.74839807,-0.80280954,0.2019369,-0.54312354,-0.8473842,-1.5219622,-0.7906807,-1.0821329,-1.2898964,-0.8229447,-2.022431,-1.6104243,-1.3562413,-2.502966,-1.4753585,-0.8663711,-0.65149736,-2.1479564,-1.4588546,-1.8480556,-0.96897733,-1.1863762,-1.2147875,-0.9682651,-2.512205,-1.4250836,-2.4912066,-0.17853552,0.2574203,-0.7588114,0.5720162,-0.8821489,-1.6566217,-0.14313008,0.09710387,-1.8763174,-1.4234238,-1.0150943,-0.7770045,-0.69911766,-1.4878052,-0.78844273,-1.4341013,-1.0929495,-1.6506023,-0.50322634,-1.0777307,-1.8227601,-0.8085284,-0.840928,-0.8078749,-0.6395693,-0.484026,-1.0942291,-0.9778802,-0.7142307,-1.2895958,-0.33096614,-1.5521121,-0.22352034,-1.2431321,-0.11078371,-2.2175474,-2.31063,-0.66960585,-1.2101322,-1.8218976,-1.14661,-2.2602901,-1.0364299,-1.4633229,-0.4961905,-0.60268134,-0.5287858,-1.5861069,-1.701165,-2.110888
-0.030360948,0.16632959,-0.120989144,-0.3494309,0.25768033,-1.3496945,-0.29263678,-0.8918353,-1.5679412,-1.5416526,-1.0063332,-1.0719786,-0.6974201,0.59398305,-0.40528694,-0.59487957,-0.8541484,-0.60739434,0.58447593,-0.79674673,-0.6120579,-0.21231668,-0.6361225,-0.86430883,1.3357023,-0.035518117,0.46225947,0.7835273,-0.08729411,0.40577736,1.2462255,1.3389767,0.6686974,-0.67877007,0.80108595,-0.036261484,-0.59202635,0.19084015,0.49313077,-0.5008565,-0.0921373,1.6161219,0.87243474,0.36770317,1.5270636,0.6259578,1.1637686,0.46935412,-0.8022216,0.17565052,0.22350751,0.14706539,-0.24408108,-1.074804,0.4580759,-0.60422903,-1.9234118,-0.6570198,-1.9654963,-1.7655368,-0.7928627,-0.90818256,-0.48963633,0.45340818,-0.7783852,-1.035129,-0.4551496,-0.91101843,-0.116572306,-0.8471112,-1.265023,0.4564497,-0.4627608,0.2600209,-0.99730116,0.07146933,-0.11237873,0.69663435,1.1089609,0.51801467,-0.15068465,0.5417906,0.7779954,0.14650543,1.165116,2.022092,0.65973246,0.4685978,0.13101423,1.4255646,1.7226102,1.1376064,-0.26356754,1.8936026,0.1223409,-0.44554803,-0.121160336,0.9015869,-0.6067851,-0.050043184
0.73395044,-1.0593244,-1.4423487,-0.8414675,-0.5166717,-0.09744833,-0.74324256,-0.25971252,0.44928038,-0.10793623,-0.056814093,-0.07746686,0.82074285,1.217287,0.53738797,-0.33481893,1.301885,-0.27723223,0.041898433,-0.077828854,0.8495618,1.4574836,0.6776753,0.9513043,2.3384037,0.7009014,1.2790561,1.2928526,0.5089078,1.1457019,0.14708029,0.8498489,1.1269382,1.1366968,2.1156774,1.2703488,1.9341382,0.7586411,1.5110546,0.46488282,1.2353104,1.2106507,1.6251549,1.417758,1.5695052,1.8107303,1.7681849,2.0586529,0.13623084,1.6378785,-0.42468616,-0.50895274,1.3825135,-1.5396569,1.3899126,0.8454406,1.6343414,-0.075939305,1.7691674,0.8505234,2.0585387,0.6374808,-0.37135953,-1.1191857,0.09006389,-1.157814,0.7596408,1.1359556,0.81764925,0.30701742,0.08429323,1.3661063,0.18996723,0.7878023,0.6904081,1.323143,-0.40693152,0.725407,1.426293,0.59749573,0.7289334,0.78643143,0.9112082,1.3532443,0.46236283,1.1015712,0.62226605,0.80638963,0.12466531,0.87576467,0.8386288,0.007952959,2.477677,2.121847,0.54652774,0.81209403,1.2931682,0.6570036,0.660284,0.67282116
0.46508986,-1.0569037,-0.53554213,-0.8814112,-0.35157114,-0.16548482,-1.4802353,-1.1614273,-1.4445595,-0.50636095,-1.3761708,0.28867114,-0.57916224,0.00035750668,-1.9367319,-1.3145409,-1.3219051,-2.4140348,-0.91814005,-0.99891734,-1.531735,0.5564048,-0.28955203,-1.6787937,0.782467,0.11499945,1.5582709,3.2104058,-0.42607436,0.99754816,0.012277342,0.36816216,0.5621609,-1.4660529,0.7512398,-0.7418806,0.18288012,1.2620513,0.82815033,0.7344734,-1.1092094,1.6370989,2.195681,1.7620199,1.0471883,2.3149092,2.753589,1.3115286,-0.024277551,0.46514577,-0.5321578,-0.92552394,-0.558616,0.40878522,0.913288,-0.31344318,1.5460919,0.082269035,0.7957579,0.33101696,-0.34073204,0.07362153,-0.5757742,0.042556316,-0.30836427,-0.21731606,0.28638825,-0.15381406,0.08181961,-0.26091388,-1.0985873,0.39387566,-0.5194819,-0.12027547,0.558025,-0.13775504,-0.27833042,0.7969888,-0.39326358,-0.19738528,0.015135252,0.4906391,0.34960085,-0.02280943,0.07664654,-0.40139678,0.14776784,0.112156585,-1.3293029,0.50220644,0.8526013,-0.35675353,0.90199137,-0.2859363,0.58444077,1.0128314,0.48868057,-0.83292174,-0.06983177,-0.04288126
-1.0785599,0.19563201,0.07407854,-0.13171716,-0.19406544,0.24710724,-0.24146286,-0.527417,-0.10036314,-2.064132,0.10171573,0.5330142,-0.00438685,0.42961252,0.29536453,-0.32499197,-0.6586113,0.34692305,0.8986961,-0.5820027,-0.15921204,0.49869534,-0.65740544,-0.27659714,-1.1871239,-0.5637121,0.18816845,-0.7323943,-0.3941594,1.2847297,0.100329086,0.7154255,0.28495795,-0.011837461,0.008076979,-0.45337534,0.60966355,1.1269484,0.123828396,0.73601156,0.27144945,0.09299373,0.88701624,0.13539281,-0.0805343,0.17038915,0.038691863,-0.04251721,-0.05684614,0.49157643,0.72837377,0.019475222,-0.40663314,-1.1446261,-0.30912018,0.7245447,1.796984,0.5290944,0.42369047,-0.6967078,-0.020664707,0.11726013,1.6133891,0.8501616,0.69244224,0.7558385,-0.2755417,1.473663,0.4956146,0.5795271,-0.012901676,0.66607416,0.08900505,0.22101827,-0.12151746,-0.06338277,-0.1361179,-0.22894423,-0.530011,-0.15503371,0.040916134,0.2674501,-0.8041646,-0.22663222,-0.19988565,-0.12475782,-0.0050046183,-0.31415364,-1.5714675,-0.40013066,-0.57588214,-0.031187538,0.68275666,-0.08467704,-0.06523526,-0.7159645,-0.18249056,-0.11599876,-1.1447102,-0.20489265
1.565291,1.4577962,1.0165007,1.493933,0.0665369,0.9870623,1.0243223,0.71925676,1.1697837,1.038659,-0.6495299,-1.2076596,-0.35460144,0.33381078,0.8776091,0.66548836,0.08536053,-0.21501262,-0.70561886,1.5129267,0.2110597,-1.3485793,-0.43526965,0.3448104,0.54085076,-0.5612735,-0.169791,0.09052101,-0.118244454,-1.273367,-0.39738792,0.15152092,1.4927793,1.1703707,0.79136467,1.0793622,1.3658688,0.8649611,0.4918154,1.000572,1.0690359,0.51605004,-0.30130646,0.76718444,0.14430366,0.55966777,0.1639792,0.66933435,1.8565086,0.743608,0.866909,1.1985209,-0.252626,0.41221163,0.41470718,1.3024175,-1.0569954,0.8660301,0.68388796,-0.749984,-1.2649254,-0.38082522,-0.9290984,-0.5121569,-0.96231955,0.36441275,0.7404175,-0.68942654,0.6415074,-0.8486537,-0.27320606,0.06256351,-1.1633086,-0.4104444,-0.3623814,-0.6196976,0.382437,-0.70243657,1.152618,0.28962308,0.90125084,2.2401657,0.455295,0.6911506,0.65838444,1.1912698,1.8007091,0.5886304,1.3317696,2.3984668,1.4220848,1.0136944,1.3438724,-1.076563,-0.11711423,0.17657377,1.3232967,2.2231896,1.2317816,1.1641293
-0.9594475,-0.09572512,-0.32721525,-0.4291339,-1.1777958,0.6295398,-0.27423218,-0.64547855,-1.0829842,-1.2233583,-1.6488005,-0.9682939,-0.10259641,-1.0333909,-0.6656758,0.61735284,-1.0301644,-0.9460109,-1.0110018,-0.015826596,-1.6425207,-0.96072894,-1.1292893,-0.6689097,-0.15293747,-0.48268065,-0.56493217,-1.0042818,-0.7484622,0.036780097,-1.15483,-0.8207159,0.23794249,-0.8989063,-0.4380948,-0.44877592,0.36707336,-0.18971984,0.35884714,-0.17871368,-0.00421313,-0.061460234,0.77444917,0.3472096,-0.87195414,0.23486423,-0.5329473,0.6109848,0.13391596,0.6208306,-0.071957156,-1.1888258,-0.91801876,-1.187534,-0.1997972,0.3095936,-0.5492712,-0.4973999,-1.6154562,-1.7072089,-0.5799752,-0.9169144,-0.25783476,-1.2520972,-0.7314371,-0.16632053,0.014508098,-2.1556263,-1.6978788,-1.1311721,-1.6387154,-0.5127072,-1.624422,-0.921875,-1.6762024,-1.2216256,0.4562087,-0.98510194,-0.6242812,-2.1148114,-0.9474575,-0.062948115,-0.5839296,-0.5295124,-0.96290874,-0.20509276,0.6850695,-0.38504985,-0.8998782,0.7296467,0.5816975,-1.052113,-0.67152095,0.5786893,-0.6154707,0.24058609,0.36920184,-0.12726103,-0.22867933,0.28310737
-2.6399345,0.22051448,-0.3258487,0.32245114,-0.020187985,-0.04288684,0.3657465,-0.04063758,0.11081119,-0.60793835,-0.56788146,-1.105432,-0.5075893,-0.4901576,-0.7789199,1.021519,-0.612583,-0.15211205,0.032104284,-0.4764331,-0.82879686,0.68260795,-1.089158,-0.54099125,-1.3822777,-0.5093612,0.43677607,0.27731127,-0.14054206,1.1027278,-1.2935632,-0.4907232,0.19900534,-0.16211674,0.8879207,-1.0595044,0.109146096,0.95269436,1.1406134,1.0857841,1.0959177,0.3333791,1.2062296,1.4799299,0.22853728,1.6251569,1.6055517,0.8076032,-0.86860615,0.9850051,-0.72604716,-1.1916354,-0.30264923,-0.13671885,0.7188223,-0.142957,0.019391222,0.4750925,-0.86547124,0.07381728,-1.0531695,-0.16982071,0.46592137,0.8442412,1.2217801,0.5175978,-0.20541056,-0.38001245,-0.3084344,-0.32131234,-1.1718584,-0.7997006,-1.3263805,-1.1416625,-0.78508824,-1.0351397,-0.65737456,-1.5979034,-0.6205148,-1.0753006,-0.8595072,0.037752807,-0.23739336,-0.3460956,-0.19984889,-0.13329649,-0.7067371,-1.0546707,-1.3599387,1.1372741,0.1363834,-0.88838315,-1.281383,-0.15182777,-0.45685038,0.39142856,0.4681976,0.19669254,-0.81056374,0.1479324
-0.6892724,1.614983,1.6818718,0.6734264,0.30563268,0.13185433,0.3808431,0.5243348,-0.4194961,0.34983122,0.12435771,1.3294419,1.771373,-0.60149485,1.3285458,1.2242526,1.1366836,0.3587846,0.43399417,-0.76207745,1.0395026,-0.44297123,-0.38716665,1.2094052,-0.275048,0.43430674,0.3185859,0.39646348,1.1449478,-0.504192,0.76311666,-1.3826133,1.4844123,0.23154292,-0.31022307,-1.8269523,-1.4721633,-0.31609923,-0.082729414,0.5041152,0.401336,0.86002433,-0.0042213397,-0.010926304,0.08540354,-0.12554097,0.024572827,0.43700328,-1.7742801,-1.2471933,0.53104436,0.36992717,-0.055768576,0.14763683,0.46493563,-0.03832217,-0.8116681,-0.16235241,-0.1993827,1.4209157,0.30838615,-0.43830186,0.67254025,1.6419595,0.20828827,0.4222023,-0.8050454,-0.50142705,-0.28667563,-0.60282266,0.15502116,-0.46140385,-0.7143069,0.14458376,-0.4121155,-1.1379447,0.26218152,0.07355683,-0.21229506,-0.31323406,-0.74392134,-0.9050057,-0.4175589,-0.46810442,-0.5012065,0.42719722,-1.8583966,-0.013477103,-1.1340094,-0.9905169,-0.6697274,-0.91621786,-1.0812694,-0.22657302,-0.07242196,-0.60212666,0.09613174,-0.1725135,-1.3396728,-1.1960602
-0.8263887,0.21832123,-0.17294288,0.27354634,-0.9694906,-0.24261248,0.5595045,0.058999233,0.357318,1.257011,0.24151538,0.19993421,0.09637257,0.114115395,0.9979255,0.694414,0.7865234,0.12937519,-0.8259824,0.19678429,0.93356454,0.88710415,0.27614525,0.58778673,0.72794074,0.07749746,-0.9852116,-1.0057536,0.7249561,-0.43272075,-0.46374097,-0.29822323,0.9984771,0.26234844,-1.2075176,-0.58743626,-0.85932684,-0.7110185,-1.6377736,0.18172283,-1.0520952,-2.135467,-0.9804694,-2.1029794,-1.6975464,-1.5072902,-1.7445592,-0.9270398,0.19805332,-1.1461068,-2.5933964,-0.8842331,-0.7123661,-0.28205404,0.14048553,-1.7602485,-1.6807799,-0.542614,-1.1527485,-0.9794285,-1.0191702,-1.3207519,-0.9875594,0.2644265,0.6905457,0.50856465,0.4281842,-0.8120587,0.7036703,0.48677605,0.51935667,0.009771638,-0.6782652,-0.2712754,-0.15167841,-0.82086265,-0.21713561,-1.1126782,-0.5912241,-0.34387323,0.9006352,-1.0057375,-2.265459,-1.8493699,-1.200436,-2.0084043,-1.0100975,-1.1657927,-0.24145088,-1.1908753,-1.6740038,-0.94960755,-0.9896643,-2.7624407,-1.6200638,-1.4222664,-1.0542274,-1.4834116,0.052405465,-0.7974156
0.54569024,-0.15872623,-0.3674613,-0.12511854,1.0779276,0.95970696,-0.072397836,-0.6403772,-0.25404927,0.40367797,0.21878858,0.05488291,-0.6509924,-0.42442125,0.25298992,1.327693,1.1582679,0.39415425,-0.11475489,-0.55100656,-0.4414096,0.59992725,-0.16710454,0.69393444,0.63580537,-0.39342982,-1.9022182,-1.4157991,0.3296316,-0.9073421,-0.7397563,0.5066965,0.2175445,1.6508746,1.0415412,-0.82085216,-0.52225727,-1.173987,-1.0788807,-0.9162034,-0.007674587,0.37725925,-0.6590083,-1.8450698,-1.0863982,-1.3589553,-0.95393395,0.51897943,0.5696658,-0.08393692,1.7333502,0.1728306,0.73257405,-0.9248546,0.020395137,2.2389154,0.14525266,0.56019485,0.656383,-0.93069065,-0.10826136,-0.17298183,-0.19222692,0.49821028,0.5121476,0.98279035,1.5545142,1.1092736,2.184922,0.990549,0.1454809,0.3641616,-0.49213287,-0.1000627,-0.119812675,-0.3818951,-0.43390006,-0.2092807,0.19721942,0.61747736,1.2372328,0.97172296,-0.35615048,0.9822438,-1.2742947,0.010666816,0.7850881,-0.04434203,-0.2509931,0.19419757,1.0368711,0.5458341,0.033633836,0.1149278,-0.30178803,-1.3319159,-0.38909945,0.063914716,0.20419602,0.14856553
-0.65427434,0.44348964,0.78945416,0.42351782,0.4667528,0.5920348,1.5389332,1.2496911,-0.57110065,0.1850989,1.5822743,1.1600016,1.0641333,1.3821776,1.5209074,1.257962,1.6545017,1.5778575,0.46678764,0.12618232,1.07855,1.7331212,1.143619,1.5001255,1.2485167,0.7508532,-0.92782426,-0.58272254,0.9997229,-0.18375945,-0.6674117,-0.88432705,0.23974401,1.8174814,-0.065871894,-1.5147858,-0.63961667,-0.53065705,-1.3872325,0.04345279,0.3090679,-0.25754645,-1.0030664,-1.5066165,-1.0267122,-1.102831,-1.0334944,-0.77499,-0.13464928,-1.2086942,-0.28133148,1.1333181,-0.13037771,-1.8255734,1.1376213,0.46276224,-0.39543533,0.12648346,-0.19404577,0.14274499,0.354602,0.07443804,-0.5382828,-0.29329306,0.15863967,0.71994835,1.3651755,1.5847515,2.017942,2.031859,1.0746558,0.6157804,0.71765316,0.7869089,1.641294,0.32339823,0.8844674,0.13925876,-0.1486901,-1.2523744,0.9578366,-0.18043257,-0.43082288,1.2439295,-0.121517524,-0.055513628,-0.7682685,0.28488013,0.3239118,-1.390014,-0.2750186,0.53795004,-1.2766147,-0.9883447,-0.24337801,-2.1295393,-1.529886,0.6516799,-0.026211245,-1.049928
-1.0949589,0.8396782,0.7559682,1.1266534,-0.15410328,1.3461094,1.2526368,0.9835835,1.7385559,0.69372284,1.5069605,1.1744597,0.927755,0.4307911,1.5199934,0.636599,-0.13749212,1.1152103,0.8352202,0.37192604,1.174251,-1.8672365,-0.40825406,1.4111079,1.05314,-0.39905965,-0.57057405,0.09099239,0.37827608,-0.14959237,-0.84464246,-1.8508184,-1.5020717,-0.10663748,-1.4009153,0.93372715,-0.43123358,-0.98306817,-0.64220005,0.16785209,-0.48769316,-1.0487015,-1.102043,-1.908476,-1.5740819,-1.1461557,-1.0968114,-1.5442967,0.24070871,-1.0557582,-0.59701157,-0.08272626,-0.76976705,-1.2420721,0.2817392,1.078811,1.1756248,0.822499,-0.13787167,-1.4723728,-1.173016,-1.1850988,-0.477022,0.5130145,0.73208976,1.6886591,0.6829272,-0.2599411,0.28453606,1.5722463,0.85112524,-0.7145163,-0.7099045,0.8345124,0.36585358,-0.41963774,0.6821629,-0.45609722,-0.6682667,-2.4486651,0.6113913,-0.44897354,-2.1735632,-1.2689297,-1.0454686,-1.0808308,-0.4075695,-0.5042452,0.2077733,-1.2306746,-0.16902229,-1.9657701,-0.853768,-1.7163409,-0.467091,-0.90081537,-1.1581782,-1.2027186,0.4246473,0.044389192
0.16972566,0.19209035,0.514882,-0.0976547,-0.068535395,0.13989933,-0.34135947,0.31983072,0.3068288,-0.30624297,-0.40013143,-0.2968334,-1.8587217,-0.37267074,-0.27278778,-0.77813834,-0.34937337,-0.8835615,-0.41877726,-0.26055503,-0.9414024,-0.8114266,-0.77855164,-0.20067607,-0.49120075,-0.7112264,0.7632255,0.3780067,-1.1953968,-1.2888308,0.98777074,0.70253557,-1.0783111,-1.1180288,-0.43990064,-0.3488245,-0.5362582,0.017640816,-0.33052263,-0.075020425,-0.9935219,-1.3364478,-0.68860596,-0.40336567,0.2628122,-0.10586564,-0.68562,-0.17764015,-0.16556239,-0.36248237,-1.4253981,0.037994735,-0.23659256,-1.3608769,-1.0202752,-0.24085724,-1.4214867,0.043137528,-0.8319671,-1.4440053,-0.8845567,-0.8025822,-0.028859342,1.6935186,2.0003538,-0.14546272,-0.047504727,0.22084862,-0.9785555,-0.9661604,0.9471885,0.3878989,-0.4821941,0.7364073,-0.554203,-1.0565226,-0.62715757,0.024387164,-0.61274683,-0.6049951,-0.3123491,-0.5046713,0.051786736,-0.68820614,-0.47800216,-1.8015162,-0.77755034,0.6748218,0.0014755544,-0.5417094,-0.08840173,-0.2081347,-0.45230937,0.57617396,-0.024323976,0.73373663,0.6067519,-0.9174482,-0.07814543,0.53919303
-1.7932252,0.28748703,0.043897077,0.5313511,-0.52158195,-1.0737216,0.4238043,-0.07616116,-1.9305304,-0.8543079,-1.0843698,0.8672313,0.30625606,1.7571152,-0.25248986,-0.4546504,1.5953636,-0.023037758,0.25929108,-0.06232703,-0.23094594,0.27217755,1.0291299,1.1965519,-0.24062856,0.84850657,-0.25286904,-0.477695,-0.41712,0.088009566,1.0262059,-0.73312753,-2.3669116,-0.5715534,-0.121994875,-0.98629475,-2.3410306,-1.3755627,-1.8874924,-0.23321304,-1.0397309,-1.277542,-0.5387253,-2.3027463,-0.109764494,-1.476496,-1.6031251,-1.16982,-0.1643714,-1.6424274,-0.9315923,-0.15826213,-0.7964687,0.08527358,-0.85423166,-0.4418643,-1.255664,-0.9915416,-1.2394454,-1.8261143,0.99757594,-1.2679586,0.22991614,0.5086873,1.3848883,0.6966862,-0.9245831,0.028182022,-0.44549838,-0.6293175,0.07871617,-0.36871794,0.6941993,-0.6087853,0.8841787,0.032876436,0.19181618,1.0156809,-0.22479562,-1.3594257,0.06764408,-1.6624569,-1.9979861,-1.5671216,-1.0063138,-2.436605,-2.5164826,-1.730718,-0.76353997,-2.579332,-1.7134442,-1.9775729,-2.329229,-1.5504152,-2.016731,-2.854757,-3.0976307,-1.1525258,-1.148933,-1.732046
-0.0966256,1.9495039,1.5907595,1.9631627,0.9005333,0.6896686,1.9020362,1.811691,2.2521944,1.6807985,1.7717141,1.4697082,1.9334699,1.6336172,0.55843824,0.69573486,1.5390284,2.310515,2.2368436,0.43824393,1.1712673,0.84304047,0.76228416,1.8470517,2.5300572,1.1915536,0.6432596,-0.12437023,0.9903026,0.88036275,2.1221135,1.2525856,0.14847912,0.959453,1.3730949,0.7178893,-0.354676,1.4453434,0.90756214,1.8334296,1.0219477,-0.40515742,1.0764146,0.29740143,1.384615,0.7414191,-0.11140982,0.15425059,0.1186243,0.71129274,-1.6866921,0.90090215,0.14336812,-0.7315139,1.5031222,1.0093406,0.33003277,0.7463384,-0.39588964,-0.20289935,1.5305032,1.3172305,0.32798928,0.34829807,0.5774095,0.6522782,-0.067373924,1.6075122,0.15257591,-0.39930665,0.034372475,-0.2860809,-0.17717575,0.63343793,0.022233885,0.651077,0.51023835,0.47766513,1.2351047,-0.6233209,0.03477681,0.21906257,0.12839957,-0.020313077,-0.46068433,0.53373575,0.35649714,-0.26103857,0.2647689,-0.24335659,-0.6372878,-1.9681609,-0.2671646,0.9805347,0.19056882,0.35607427,0.14556746,0.048542827,-0.16434579,0.8392615
0.40439585,0.02335217,-1.1562605,0.31411237,0.3641139,1.5463421,0.014974471,-0.19178846,-0.8812376,-0.50703907,0.0712496,-0.13107625,-1.3200519,0.3679526,-0.5708738,-0.24998689,0.21810693,0.020452147,-0.83221203,0.11173331,-0.37250438,0.1499381,0.03652895,-0.47677407,1.5249255,0.2779545,0.033284623,-0.8651272,-0.18629688,-0.50256366,0.36168325,1.780529,0.8833059,0.03458285,0.29013214,1.6936542,1.1605012,1.2863446,0.84406906,0.42852354,0.47993988,0.18419257,0.44208917,1.0332197,0.24214326,0.66527927,0.43835267,0.34883204,1.2727901,1.0612199,-0.24613869,-0.68705875,-1.7121955,-0.90470755,0.8959299,1.72337,-0.58948106,-0.15766336,-1.5718037,-1.077967,-1.0738721,-2.202261,-2.953831,-1.7479987,-1.6388505,-1.0288259,-0.9701562,-1.6030219,-0.8625538,-1.6175643,-0.8570249,-0.667761,-0.69322544,-0.9924344,-2.2387278,-1.193004,-0.6764176,-1.2057041,2.0470333,-0.07632191,-0.75508505,-0.31988958,-0.020038469,0.55091196,0.38298705,0.12523025,1.7072456,0.7771709,0.60321844,-0.072700664,-0.50629705,-0.68016195,-0.39187855,-0.17337143,-0.5543831,1.7920665,0.0074278396,-0.66094214,1.2067765,1.4587058
-0.23407085,0.38227728,-0.21947514,0.31422517,1.4292532,1.4213836,0.033803347,0.34949446,-0.98828065,-1.0314218,-0.5528765,-0.43067184,-0.38226557,-0.29083863,-1.1318702,0.5518859,-0.8538363,-0.7463221,-0.54623985,-1.4642872,-0.6111694,-0.9098325,-1.9791415,-0.97842187,-0.44635066,-1.0407975,-1.1301754,-0.5964222,-1.2653394,-2.3445568,0.73384905,0.4336073,-0.10985062,-0.32234436,0.16065454,0.7730818,-0.13899076,0.24283901,0.2761523,0.6745248,0.5732009,1.5297662,1.1913084,1.3214493,-0.2985515,-0.28064924,-0.08743725,0.19593623,1.3346566,1.0027199,1.3220944,-1.463811,-2.3311307,-0.17500636,-0.2323136,0.66958344,-2.324986,-0.95662606,-1.7491132,-0.9619883,-2.3186812,-1.5318688,-1.8997011,-1.7193704,-1.2043657,-1.0473691,-1.657934,-1.6889572,-1.5247978,-2.4059198,-1.4119788,-1.7648803,-1.934076,-1.9875981,-1.4876621,-2.1366372,-1.9933603,-1.9989582,-0.4191242,-0.3162757,-2.5198455,-0.7094652,-1.0812014,-0.86275506,-2.029609,-0.36580595,0.3702713,-0.42674273,-0.97489154,-0.30507052,-1.1906639,-0.6786007,-0.9337914,-0.19642335,-0.040590953,0.32624823,-1.1305891,-1.4196938,0.5366503,0.9425335
-0.68073636,0.21965802,0.66443294,-0.29217812,0.5244036,-0.3632065,-0.41924882,-0.33675638,-0.84134334,-0.49801695,-0.67336524,-1.1659731,0.018232508,-0.42376992,-1.2039212,0.13634844,-1.5177313,-0.6860391,-0.1826123,-1.2192464,-0.90605736,-2.138509,-2.0403295,-1.3612362,0.15708005,-1.6062056,-0.11297719,-0.30452925,-1.6054411,-1.6448829,-1.2034276,1.0356247,-0.29888108,-0.5572552,-0.44929656,1.5286522,1.0735073,0.6986528,-0.09375737,0.26464868,0.22116438,-0.18622075,0.07530854,-0.095258206,-0.7335549,-0.025791874,-0.2513601,-1.6514809,-0.019505005,0.87089765,1.2957268,-1.1104317,-1.3833624,-1.1011374,-0.49239603,-0.6364424,-0.6435252,-1.1918771,-0.48960343,-1.636985,-1.2507693,-0.28349477,-2.7501802,-1.9640791,-2.2338367,-1.9590988,-1.2235216,-2.8895764,-1.5511348,-1.7459059,-1.6837524,-2.1912158,-0.8459176,-1.4140103,-1.6372027,-1.5686747,-2.5906072,-2.1528602,-0.6764281,0.75302124,-1.8610344,-0.04214362,-0.4002462,-0.92593867,-1.3775481,0.333557,-0.05434479,-0.25823602,-0.6052392,-0.28268057,-0.81332433,0.8232587,1.5528202,-0.11147095,-0.19444494,0.6647187,-0.27068955,-0.49051678,0.50527465,0.7038868
0.36967233,0.976797,-0.65849316,0.60780424,1.3848708,0.8753524,0.3701105,1.1069444,0.9703285,-0.54949534,-0.96946913,-1.0213256,-1.3877134,0.5496746,-0.046688344,-0.63622665,-0.9570703,-0.5985375,-0.56609136,-0.21592918,-0.8448076,-0.8410892,-2.2010207,-0.96695316,-0.32105607,-1.9190878,-0.2658061,-1.4362801,-0.8136559,-0.7479047,-0.54387933,0.107648395,0.26822418,-0.025991438,-0.20813902,0.96850866,-0.6092163,0.96945,1.3277334,1.0102706,1.0511645,0.055961307,0.51886725,0.9290017,-0.11653112,-0.15664148,0.42935625,-0.52925885,0.2552345,1.0578033,-1.1912605,-0.9907265,-2.1925163,0.72411525,-0.27388868,0.34399167,-1.929698,-1.137705,-1.7639159,-0.9171643,-2.0369265,-0.93170667,-1.6087848,-0.70399106,-1.1467516,-1.3508937,-2.034239,-1.5829333,-1.3102115,-1.2792671,-1.6420038,-2.0722647,-2.0794284,-1.9039456,-2.7708483,-1.6233088,-1.6883407,-1.5007411,-1.0036695,-0.6002391,-1.5259168,0.49837652,0.33753678,-0.7111043,-1.1102164,-0.25475264,-0.52223283,-0.38056165,-0.4859409,-0.57332224,-0.8932561,0.18858945,-0.6411602,-0.47413394,-0.8484159,0.5281168,-0.8846603,-0.9597256,-0.1420928,0.5851153
0.021781173,-0.29062325,-0.13217695,-0.8435286,-0.039406594,0.66924155,-1.021352,-1.0921953,-1.496356,-1.1196898,-1.294785,-2.4382098,0.29184347,-1.1222941,-0.21409339,-0.8748589,-1.8475858,-1.5094906,-1.7847786,-0.60616297,-1.7067411,-1.6950797,-1.6632935,-1.9895153,-1.4616129,-2.3591747,-1.0025856,-1.5326445,-1.6368059,-0.80686724,-2.9429553,-0.65929246,-1.0936309,-0.29522812,-0.77906126,1.033807,0.52278835,0.90430427,-0.64331496,-0.60387045,0.26670405,-0.25184026,-1.2239975,0.32445073,-0.6084023,0.30402,0.49218684,0.6594886,1.2588505,0.7863646,1.234978,-1.0971994,-1.3969731,-1.5920591,0.62691754,0.5710843,0.6351557,-0.6421931,-1.7634633,-0.83390594,-1.5790881,0.14874505,-1.1125604,-0.65330255,-1.2086291,-1.2603083,-1.158372,-1.0806446,-0.51441985,-0.48704502,-2.107148,-1.3548859,-1.1821507,-2.4621944,-1.9699664,-1.6314591,-2.03374,-1.3362375,-2.176924,-1.3066739,-1.1064444,1.4440053,-1.2356809,-1.2045019,0.36298212,0.5339444,0.98202705,-0.69711185,0.1987222,0.7014882,0.050543055,-0.9390545,-1.1382331,-0.39719006,-0.6408294,0.046949994,-0.33005202,1.7549515,1.0883,0.5471031
-0.38304135,-0.3608311,0.35062152,0.30629542,1.0587248,1.1849006,0.24440855,0.077059455,-0.0073008486,-0.5504997,0.14747795,-0.7597059,1.4254825,-0.31274515,-0.2005372,-1.0570797,-0.58664143,0.008493098,0.043607272,0.15577836,-1.591836,0.79625446,-1.3614407,-0.7009454,-0.7940872,-0.775146,1.0085897,0.18396173,-0.73589116,0.93696916,-0.559546,-1.156056,1.0857757,0.6252227,1.5514479,1.9854715,0.85770774,0.9285162,2.3469405,0.7394379,1.526835,2.2686536,1.1070487,1.3888565,1.2413546,1.9215112,2.431681,1.277153,1.2645675,1.8478162,-0.21619406,0.2868237,-2.175023,0.13702048,-0.7622786,0.3064216,-0.2819698,0.8632536,-1.9781795,-0.6866565,-1.6444479,0.17027341,-1.1652733,-1.1387842,-0.67655545,-0.3579244,-1.8427418,-0.3259015,-0.25247043,-0.41074845,-1.25535,-1.3865602,-1.582186,-2.2361472,-1.4290537,-1.5066454,-1.2281263,0.22257434,0.7783882,-0.18250935,-1.7867953,0.8697547,1.8122412,0.30983323,0.9695172,0.9445097,1.6923147,-0.10374911,0.47608757,0.5395622,0.11270294,-1.6651086,0.08068512,1.0791656,1.0198461,1.7506928,2.043578,1.1139195,1.7352434,1.6858414
1.8377496,0.7803119,1.0769103,1.3894176,0.6170399,1.4583107,1.3505533,1.5580062,1.7385786,1.7831556,0.8097269,-0.26393422,1.9780891,-0.13873117,-0.44912285,0.037145413,-0.44745553,1.325995,-0.6739066,1.3924148,0.16762613,-0.5276731,-0.89174974,0.11192449,-0.6649842,-1.0671594,1.022747,0.8489006,0.49478295,-0.1107663,0.84690535,0.5465871,0.53223413,1.0607896,0.99658585,1.4612801,1.4404413,1.9425592,1.6569444,0.9961583,2.1552322,-0.6064447,1.1275047,3.2423499,2.6969664,2.8501406,1.151111,1.4311734,2.601519,2.428613,-0.18061294,1.1862148,-0.6258244,1.2437187,0.2930017,1.9398636,0.52918804,1.4492898,-0.024433883,0.14021531,-1.4275464,1.4325839,-0.70317715,-1.3867604,-1.2595159,-0.45157754,-0.46265334,-0.63697654,-1.2807506,-0.528518,-0.23764317,-1.0907652,-1.4111328,-0.88227487,-1.7063286,-1.0066175,-0.789809,-0.68083435,0.04830308,0.2768988,-1.078943,0.31962308,1.3095734,-0.14417651,-0.19006784,0.32106856,0.99650687,0.38876426,0.7157345,0.53651094,1.2136307,-0.63595456,-0.021695169,-0.0026186735,-0.044278342,2.4891346,1.861609,0.6066731,2.361989,2.204768
0.79330647,0.21076785,0.17578039,0.49176732,-0.68017876,0.71929914,-0.24617144,0.09230345,0.32284755,0.79511607,-0.22086138,-0.8178398,1.2498102,0.37936273,0.81397253,-0.5816433,-0.62556297,0.44639018,0.068531714,1.9181405,0.4002662,1.3689673,-0.2807842,-0.78339887,-0.031354483,0.17537111,2.2971842,1.8305931,0.7980366,0.5181354,-0.65529495,0.36755753,0.7584242,1.2819998,1.4303342,1.6246283,0.72388023,1.2417845,0.019425463,0.7510276,1.3882694,0.26549354,0.16690625,1.560981,2.320657,2.1877027,1.384233,1.3565922,1.5288246,1.4673915,1.1499684,-0.16229606,0.75534517,1.5770437,0.14211501,0.35511026,1.5077201,0.9488461,1.434937,0.541087,-0.18396075,0.29039943,0.68822056,0.66425526,0.26513684,1.1353195,-0.3236602,0.24657466,1.2545977,0.5265246,0.16690153,0.1967847,0.5792272,-0.19572558,-0.82295215,-0.62563753,-0.00678491,0.7108939,-0.35999772,0.43280315,0.1383666,1.7901653,0.86318594,0.42306554,1.7467213,1.1278362,1.3690535,0.79171073,1.7157147,0.8150976,1.0225766,1.3808749,-0.83956754,0.3384136,-1.1889657,1.2872472,1.314563,2.431555,1.545817,1.6192751
0.1617039,0.8000239,1.1959631,0.79795474,0.47037548,0.7293092,0.14754044,0.5986323,1.319567,1.1678174,0.6373497,0.4530948,0.4663261,0.8334206,1.1493256,0.3680562,0.2571578,0.7310825,0.28837523,0.5412906,0.5377607,-0.35348344,0.08971871,-0.23384161,-0.44202784,-0.9278476,0.46777472,0.6995975,0.41194138,0.3315501,1.4895717,-0.49791282,1.0205431,1.0306897,1.1460072,0.9069347,0.8416073,1.8303014,1.0500002,0.2204567,1.1058024,-1.2320225,0.055641066,1.4313606,2.0300121,0.5471206,0.4796849,0.78297824,0.7296539,1.0740371,-0.18076725,1.1350961,0.2916617,0.9459107,0.7658252,0.07884561,-0.40353793,1.5145947,0.6894379,0.12056546,-0.3697019,0.5090937,1.8517426,0.5054893,0.3144044,0.34782955,-0.834665,-0.6326293,0.99837506,-0.027983705,1.187926,0.119833946,0.28742978,0.08929112,-0.29720566,-0.31228054,0.25624368,0.74859506,-0.19373217,0.6502389,-0.34188625,0.96186185,1.2621655,0.98566836,1.1661626,0.792516,0.78571683,1.0246129,0.9509716,0.19220446,0.6893573,0.17941794,0.18531011,0.8822462,-0.11591882,1.3613095,0.3697406,0.8057099,0.505797,1.4756336
-0.5310809,-0.59741825,-0.23848204,-0.3251188,-0.1152952,0.7080181,-0.54472613,-0.83248407,0.062355887,0.7862462,-0.693158,-0.75574267,-0.52786636,-0.14326881,-1.0664464,-0.26696962,-0.42401746,0.12187403,0.30377498,-0.07729781,-0.522644,-0.76433414,-0.5309836,-1.2061279,-0.26248035,0.0439108,0.0012007616,-0.32523364,-0.91735977,0.24297416,-2.0227191,-0.005777771,-0.86981565,0.4234972,-1.2628345,2.3679168,1.9441056,0.7651031,1.1311404,0.19663845,0.3363654,1.4704375,-0.5814828,1.8102098,-0.07770076,0.95583737,1.374208,0.60420626,0.79925215,1.9152433,-0.05497883,-0.6293833,-1.1924716,0.29159415,0.28485686,0.53900766,0.13552654,0.29758447,1.3336104,1.1514409,0.26435706,-0.10645953,-0.29855707,-1.1922225,-0.61533105,1.0961657,-0.018718429,0.32740328,0.29271322,0.6645367,-0.36420047,-0.22927059,-0.5226075,-0.23200822,0.09044807,-0.3266453,-1.3132794,0.10682691,-0.47808358,0.044801462,-1.429953,1.3250886,-0.47304398,-0.5448399,-0.05720414,0.36733717,2.606386,1.3686199,0.8792447,0.70341176,0.53751975,0.40524873,1.2010734,-0.09073052,0.06852966,1.772342,0.6466227,0.2697819,1.522509,2.704259
-0.25818893,-0.5585527,-0.81325525,-0.34978083,0.46745762,0.30964532,-0.8501848,-0.120143466,-0.9857108,-0.19734873,-0.24541557,-0.38955477,1.484579,-1.1459787,-0.5587647,-0.80326873,-0.23097333,-0.38667056,-1.0796086,-0.9881569,0.04196009,0.53474337,-0.8026952,-1.080405,-2.0278692,-1.1934651,0.5934871,0.59312165,-1.1341286,0.15594386,1.1179321,-0.42765713,-0.34739485,-0.2817086,-0.22166301,1.4478693,0.40321866,1.3890709,0.8255538,-0.08721062,-0.023580391,0.21894693,0.5606662,1.4022446,0.5460151,0.92541456,0.5002108,-0.3907771,0.24928302,1.8597717,-0.7069883,0.2292304,-0.64117426,0.21690346,-1.335729,-0.43142447,0.12616952,0.011166363,-0.42201006,1.0370623,-0.66325414,0.6976563,1.45812,-0.538544,0.38072512,-0.93485045,-1.7363336,0.1684793,-0.6686013,-0.20572966,-0.45033944,0.14288066,-0.21633188,-0.5664907,-0.2337464,-0.36848617,-0.7155825,-0.31213617,0.07080841,-0.43060696,-1.7621415,-0.14490244,0.95676446,-0.45115814,-0.35389763,-0.2768067,0.08878426,-0.09283613,-0.08115284,-0.95174783,-0.02645233,0.25656614,0.1860462,0.4506908,1.0036622,1.4211314,0.8113905,-0.9663167,0.4121272,1.4005573
-2.0976603,-0.008178619,-0.42039365,0.2810454,-0.5864086,-1.5847791,0.3535929,0.5011916,0.4315651,-1.6047505,2.0187383,0.8843794,1.6738714,-0.13617286,0.31686613,0.13755126,0.8714921,0.54430115,1.0433047,0.24613746,0.1578473,0.93603283,1.7958107,0.53813016,-0.39926234,2.1149771,1.2941308,1.0514058,0.9109944,1.7543784,0.13128117,-0.007639675,-0.51236784,-0.28945935,-1.8245271,-1.1026056,-0.5964662,-1.3810902,-0.47632825,0.20538016,-0.688276,-1.072867,-0.07220229,0.23757087,-1.8329861,-0.5594717,-1.1708028,-2.0591104,-1.5092776,-0.7698426,-0.22129469,-0.049690876,1.9414884,1.8331794,-1.1636046,-1.0431699,0.5108502,-0.8260295,-0.24588378,1.6177615,0.96375924,0.5439366,0.25119734,1.5458313,1.0143143,1.7958765,-0.35312048,2.4159842,0.7657704,0.7197986,1.5325861,0.4551289,1.153366,-0.11435737,1.6476717,1.1885011,1.2248126,1.7244916,-1.0617356,0.9671275,0.28955874,-2.0332792,-0.89025694,-0.047076143,-0.65743256,-2.1241672,-2.7846498,-1.4566059,-1.1908023,-2.3888404,-0.9248755,-0.2812508,-0.23038559,-1.2187926,-0.3652249,-0.2246346,-1.1074668,-2.3364804,-1.2985239,-1.701749
0.017585615,0.05043416,0.8656389,-0.5681564,-0.2109196,-0.83225274,-0.16844615,-0.3631206,-0.6753394,-0.14691868,0.30816013,1.025733,0.6527467,-0.5665981,-0.21158202,0.25370333,1.1949003,-0.43044916,-0.32007864,-0.06901608,-1.0100842,1.0633469,-0.14336093,1.48768,1.2641184,2.2388554,0.7745823,0.64637536,0.29690805,0.19316754,1.5109816,-0.43794706,-0.44520834,0.44768625,1.046186,-1.2594016,-0.99656785,-0.97845894,0.08538905,-0.77655506,-0.33420268,2.155596,0.22290637,-0.8807395,0.38549307,-0.5892876,-0.40102863,0.7146514,-1.3248456,-1.3479167,0.047536153,-0.487291,-0.11562722,-0.04119246,0.09473462,-0.8926475,-0.19718568,-0.36794862,-1.2309265,-0.24621509,1.0592797,-1.4126114,0.22664392,-0.8886217,-1.5636653,-0.34677565,0.6279086,-0.5812807,0.13500206,-0.04026162,-0.030272242,1.383384,0.5532978,0.2563004,0.69599795,1.2243686,0.8609883,0.8073886,1.256357,0.3478738,0.8178471,-0.92704254,-1.0186409,-0.45874754,-0.5853471,-0.54332817,-1.1718117,0.71366626,-0.8521065,-1.2023085,-1.4234912,-0.39084405,-0.7256833,0.78582317,-0.78029317,-1.7080376,-0.9419365,0.20893736,-1.2700136,-1.9741862
-1.2700443,-0.40340537,-0.88341516,-0.5068604,-0.20894647,-1.3536464,-0.83525604,-0.2586737,0.3700563,0.37360233,1.1239655,1.9187121,0.3935815,1.6172112,0.2237653,-1.0327538,0.9362133,-0.28041783,-0.76945114,-0.14430755,0.13399461,1.0031415,-0.07627203,0.93584406,0.22833604,1.2163179,1.006908,0.5800201,0.0026394574,0.8704368,-0.099016875,0.8977625,-0.08743874,0.15649405,0.7448808,0.39888102,-0.35271627,1.6483388,0.4763776,0.025146479,-0.17710812,-0.15492241,1.3029183,0.43579122,1.6109406,0.8715489,0.54123515,-0.044108953,-1.3474199,-0.30774808,-1.22156,-0.12274217,-0.64584935,-1.1376126,-0.5739044,-0.4605381,1.3427943,0.7636982,-0.14247866,1.5233915,1.6992927,-0.5203808,0.400899,0.580663,-0.90984005,-0.5665007,-0.62862045,0.503003,-0.69658166,0.2290593,-0.3151673,0.04678199,-0.923207,0.23014235,0.2838415,1.2833452,0.5691587,-0.08557891,0.5167377,-0.2088766,-0.19239454,-0.62817174,0.95779425,0.27108705,0.9598165,-0.25589567,-0.32902727,1.0560238,-0.10425948,-0.0103235245,-1.1716299,0.050579004,-1.0599602,0.07533067,-0.06945266,-0.05187469,0.14733978,-0.8022655,-0.69992197,-1.3236042
-0.97985333,0.25639787,0.5375382,0.23186108,0.18160306,0.0973026,0.62978256,0.39469203,1.54571,0.13074656,1.1572701,0.20325945,-1.1179599,0.21873574,0.6171779,0.47520757,0.59742,1.0332744,0.2752346,0.73189974,0.43351695,0.7405994,0.4136239,0.6467148,0.053656418,1.3950713,0.15226085,1.3590907,0.06616787,0.9937116,-1.2919635,-1.0984393,0.8679834,0.6633752,0.8098559,-0.7310656,-0.6262535,0.28466788,1.2896185,1.3944955,0.18083629,0.7742947,1.4067439,-0.6195995,-0.15010206,0.15741816,0.3087643,0.062986255,-0.638465,-0.258518,-0.9480735,0.81685567,0.99998254,1.254533,0.15841284,-0.3755749,1.6945813,1.1545823,-0.05850715,-0.1309202,-0.10858656,-0.17352837,0.79086745,-0.056265727,-1.5704633,0.6171582,0.22040395,-0.10581736,-0.16068527,1.1747507,0.78324866,0.47680217,1.4470533,-0.1617341,0.5717738,1.1763904,0.6232502,-0.33145717,-1.2278644,-0.9872805,1.0606629,-0.24728148,-0.6407191,-0.6501102,-0.22519977,0.046517845,0.7956557,0.7597744,0.2287202,-0.00749053,-0.57398164,-0.22716193,-0.6425156,-0.28021243,0.5454268,-0.81522113,-0.0734433,0.26599154,-0.5483379,-0.20928666
0.36356738,-0.033351608,0.4429641,0.05610963,-0.051480025,-1.0755848,-0.20457764,-0.19694406,-0.25427184,0.27038428,-0.5298427,-0.2972883,-1.5411537,0.047345784,0.04570783,-0.34200582,0.099065065,0.41729102,0.15102613,0.13180369,0.788245,-0.8108525,0.41468266,0.63399994,-0.5846127,0.19958588,0.13898723,0.12659574,0.20983782,-0.75552046,-0.34714964,-0.048166096,-0.00045264445,-0.040449694,-0.7363938,-0.2390453,-0.027675085,-1.1051561,0.04399188,-0.1860496,-0.14561665,0.26737732,-0.050580513,-0.24484968,0.3276767,-1.0857533,-0.2809689,-0.25573528,-0.681231,-0.8061016,1.577586,-0.23500352,0.86194324,0.7105243,-0.15499954,-1.318715,0.873983,0.07351385,-0.3851055,-0.5702568,0.06546206,-1.4013155,1.1285579,-0.34322765,0.42311177,0.50308484,1.0317974,-0.17578147,-0.7020588,1.2644428,0.96707916,-0.69635993,0.20507513,0.53693646,0.4915883,0.5957229,0.664704,0.45966104,-1.0236685,-0.3790753,0.6206884,-0.26379788,0.060532525,-0.6860675,0.2903326,0.8464718,0.5935043,0.5387652,0.6176345,0.11360945,1.3075283,0.05145158,0.10544302,1.092763,0.90894246,-0.35086513,-0.8492735,-0.23518425,-0.35916293,-0.96832633
-0.44315422,0.09614891,-0.7244859,-0.75141567,-1.312543,-0.83595705,-0.5875592,-0.60415065,0.20592864,0.08959414,0.42326722,0.60749084,-0.018723894,0.31661102,-0.62352353,-0.679332,0.5255659,-0.17328535,-0.7457756,-0.3392525,-0.23910323,0.08394059,0.15210722,0.5966744,-0.36090174,0.5247893,0.982492,1.0635015,0.28332236,-0.10292657,0.54758525,-1.227989,0.28673393,-0.28064305,0.5086386,-0.49580905,0.81742644,-0.5798804,-0.23240116,-0.8169133,0.0006061892,1.4883072,0.67676026,0.35492676,0.6586486,0.70159984,-0.38052365,-0.3705408,-1.6078621,0.26440236,-1.0669254,-0.49192843,-0.757735,-0.35917655,-0.39995432,-1.3374803,-0.27489412,0.7618602,-0.503274,0.7139806,0.32409766,-0.28319806,0.05960304,0.19975963,-1.0471859,-0.20832494,-0.7379563,-0.5465255,-1.0248238,-0.91892606,-0.31893247,0.12870882,-0.29833776,0.49882975,0.042896383,-0.075174056,0.37227955,0.6535287,0.05107836,-0.12303201,0.24666816,-1.1154287,0.697257,-0.15700334,-0.2317102,-0.30511895,0.23941834,-0.92275125,-0.2743436,-0.4929731,-0.41370523,-0.3710174,0.19294702,0.97058165,-0.117643505,-0.59398806,-0.11831607,-1.4727426,-1.1067742,-0.29623917
-1.4174376,-0.52826554,-0.552357,-0.47147417,-0.2170769,-0.91000426,-0.41556856,0.014629172,-0.7194628,0.9379792,1.654443,-0.00074153976,0.36229137,0.6960518,-0.57880676,0.28779736,0.71348184,-0.41299474,-0.51286167,-0.2925169,-0.15832083,0.21989395,0.27940577,0.33414492,0.86592966,1.6379936,0.33112854,-0.39508834,-1.0439975,0.66069597,1.0670551,-0.8523476,0.0086456835,-0.71181214,0.27389023,-1.4247278,-0.72105426,-0.28855872,0.065401495,-0.43352515,-0.72895485,1.1351355,1.038963,0.011200442,0.2194039,-0.41645467,0.05012337,0.06803469,-1.2371062,-1.1489666,-0.71316546,-1.9163477,-1.1840645,-1.7646589,-0.95889074,-1.3091873,-0.35793567,-1.5033144,-0.5651447,-0.84176975,0.1869934,0.14233093,0.24728572,0.3733268,0.042356208,0.45037618,-1.2691724,0.120810136,-0.74423623,-1.03803,-0.93011683,-1.4525423,-0.52964157,-0.3997762,-0.13689288,0.5097404,0.007024549,0.6167179,-0.8562153,-0.21401252,-1.0845841,-1.5128207,0.10844229,-0.0141201075,0.1496337,-0.65107423,-2.161399,-0.6547728,-2.010218,-1.3594115,-1.6442412,-0.48072433,-1.9160467,0.0071948688,0.35026398,-0.620014,-0.69766515,-3.025948,-2.0381114,-2.449401
-1.447081,-0.31476787,0.2867688,-0.6119953,-0.43278497,-2.0691068,-0.44536617,-0.23137942,0.16002262,-0.50631624,-1.7609546,-0.7967475,-0.78780156,0.5408913,-0.3284148,-0.30506915,1.1222659,-0.8083291,-0.06399794,-1.7071735,-2.10074,-0.93205315,-0.99622405,0.21057683,-0.16496494,-0.18491845,-1.8262869,-1.190359,-0.4035899,-0.25158334,-0.008169399,-1.9022479,-1.1034417,-0.95696884,-1.5701257,-3.1894333,-1.6474824,-1.3861401,-2.1798763,-1.1306226,-1.1562173,-1.8296647,-2.2587924,-2.1450665,-2.399662,-1.8908069,-2.9319828,-1.0021213,-2.451058,-3.0168762,-1.7090671,-1.1048594,-1.1840278,-0.98504007,-0.4468237,-2.8624744,-0.71407914,-1.1421503,-0.5710643,-0.99770933,0.7644687,-0.84134185,0.40324035,0.629356,-1.348354,-0.44444972,-1.8546058,0.25510713,-1.2869717,-1.1118525,-1.1835845,-0.7067819,-0.96666026,-0.95191,-0.74114275,-1.1323102,-0.44054237,-0.1587375,-0.45906517,-1.393984,-1.4492806,-2.725873,-2.4378576,-1.5669919,-1.8500307,-2.1302898,-2.7031343,-2.530558,-2.474344,-2.5477138,-1.6670418,-0.81767625,-1.8883172,-1.8828968,-2.3452406,-2.6644502,-2.8898933,-1.2672466,-2.4179285,-3.276236
-0.21960944,-0.43100798,0.2900461,-0.19933489,0.1207535,-0.36731678,-0.08792984,-0.53007543,1.0279268,0.52543193,1.8824415,2.308954,0.55352575,0.8984778,2.0581012,1.2939526,1.6093409,0.9445005,1.1497357,0.09683846,1.0739937,0.5657831,0.74171203,1.5456322,2.3758295,2.152245,0.4804259,1.2257854,1.0246471,1.254773,2.4093056,1.0916603,1.1275662,0.39137998,1.1285671,-0.94498205,0.57615626,0.57969075,0.5848944,-0.22777921,0.25392368,1.1996557,1.3169935,0.30887863,0.48117337,0.6644354,-0.0665266,1.1490082,-0.9951314,-0.93595636,0.86692303,1.689729,1.2982017,0.17595269,0.73021036,0.30932012,1.1193694,0.55753016,0.72272027,2.0454915,2.2452896,0.8418742,0.8602279,0.6084193,0.7629965,1.1440912,1.5134636,1.1839225,0.3978946,1.5502452,1.6654972,0.876438,1.7166848,1.3908594,1.4870831,1.1962743,1.7602513,0.51225615,-0.46335155,1.7036543,1.1520673,0.19569767,0.5803637,0.42387566,1.2639011,0.9107372,0.7710177,0.8960656,0.5860916,-0.10077214,0.6625962,0.5606461,0.7359651,0.8577122,0.6068877,0.440146,0.31414017,1.255724,-0.7655621,-0.895048
-0.8546505,-0.18218824,0.43348086,0.34976465,0.41011587,0.72900003,0.85872716,0.6261611,0.0637806,0.46583986,0.5480174,0.14892016,-0.24071068,-0.10955592,1.5987885,0.6012537,0.59871393,0.85095394,1.1197644,0.8970774,1.7347871,0.1702678,2.0922618,1.0448136,1.0670687,1.1980331,0.53057,-0.20028643,1.5318862,-0.2059571,-1.2153971,-0.5644057,0.23861012,0.3474343,0.3382763,-0.8905934,-0.3881915,-1.0499068,-0.56659895,-0.30843404,-0.106077716,-0.91734076,-0.5857636,-1.3121445,-0.027457155,-0.70628357,-0.25275844,0.61909705,-0.46366945,-1.3463768,-0.41405997,0.9255765,1.212407,0.6975275,0.68135524,-0.31063008,-0.5067139,-0.5274753,-0.55200875,-0.37685925,-0.4987199,0.2550618,-1.2744348,-0.942431,1.9029368,0.052390397,2.041256,-0.28701994,0.97709286,0.9254191,1.5942565,-0.00796146,1.6637446,-0.24342221,1.2391853,0.1154625,1.5707806,0.3755526,-1.1591184,-1.5178729,1.2895142,0.07249307,-0.7489982,0.09533149,1.0252954,0.35877478,-0.12748317,0.44084057,1.214417,-0.07580725,-0.2805355,-0.6896026,0.21381792,-1.3183787,-1.0099434,-0.6835686,-0.33501726,1.9612167,-0.24495094,-0.93816566
-0.1658561,-1.0260639,-0.9654043,-0.36377156,0.12403272,-0.3336375,-0.009599655,-0.51686084,1.0694257,0.6277013,0.5688198,0.056632522,-0.35537654,-0.15828732,-1.1524317,-0.600792,0.30199236,0.04254725,0.8602919,0.8644205,1.8384587,-0.67634815,-0.47000968,0.2672132,0.14559275,0.67847407,0.49112815,-0.8407081,0.482912,-0.56927454,-0.469055,-1.3331078,-0.7603454,-0.68116695,-1.5786117,-0.14791624,-0.19697577,-0.7881758,-1.2042439,-0.30535987,-1.0979693,-1.3298317,-0.8986722,-1.1803558,-1.7972449,-1.5849864,-1.5676109,-1.2893281,-0.49378887,-0.877485,0.08974594,-0.52268654,0.60423,0.0913439,-0.86249083,-1.134528,-0.50267017,0.88317525,0.72094816,0.07308267,-1.017601,-0.9061674,-0.28731158,-0.14123666,-1.9245905,-0.29497567,1.5828379,-1.8925576,0.42071974,1.6285899,1.2922916,-0.29610285,-0.3339773,-0.27585146,0.7321928,0.09803085,0.99036056,-0.51874477,-0.5769411,-0.34162542,1.2645111,-0.21480817,-1.0744953,-0.3656009,-1.2155803,-0.79508907,0.79976386,-0.078515545,1.2267967,-0.7255829,-0.5393274,0.5793917,-0.17372401,-0.48507103,-1.9351728,-0.55919343,-0.05000621,-0.71366984,-0.584026,0.026479399
2.192622,-0.6093811,-0.4669187,0.3960453,0.7027721,1.1100831,-0.066682205,-0.47812045,-0.8028756,1.6732379,1.1674888,1.4056127,0.77511215,0.51682234,0.7548388,1.3426182,0.46617663,-0.32262158,0.87418485,0.4279315,0.8664581,-0.4019165,0.629226,0.26392752,0.76788104,-0.08194588,-0.44889343,0.33109388,0.74213463,0.020514721,0.6548657,-0.5236102,0.91679317,-0.3174264,-0.030090867,-0.10317765,1.4445477,0.3935474,0.50932187,-0.31547827,-0.4085394,0.19833843,-0.76952505,0.2974841,-0.45787117,-0.05409365,0.61164606,0.83274126,1.2532051,0.002458165,1.9058259,-0.3482087,0.5574447,0.94114834,1.4046955,1.6316925,0.5991862,1.1860273,1.7305931,1.0509431,0.02221848,1.3068724,0.40552717,0.5118487,1.136134,0.5207147,2.479625,-0.2902034,-0.5396909,0.15115145,1.3722268,-0.47940412,0.4751721,1.1387756,1.3837036,0.42015913,0.7086927,0.08500902,-0.44005612,0.15109688,0.17021772,0.18651609,-0.43418637,-0.8552595,-1.0632949,-0.33380473,-0.09211885,0.988845,0.11428718,0.33394665,0.98468727,0.7314614,0.8814958,0.46332404,-0.23931083,0.46604696,0.72018576,0.28816172,0.5404765,0.7321745
2.313331,-1.0928103,0.3016951,-0.91857266,-0.29192653,-0.55642503,-0.4725485,-0.9842231,-0.12341175,-0.31997076,-0.20259452,-0.67012674,0.06556559,-0.3405689,-1.046592,-0.7769758,-0.040282067,-0.411978,0.053066887,-0.19262026,-0.047528084,0.2677217,-1.4122044,-0.43785882,-1.0229955,-1.319368,-1.1912566,-1.2527184,-0.3735208,-1.598662,1.7287194,0.9802007,-0.4649518,0.42277738,0.3062521,0.39987743,0.0874745,1.115329,0.21674965,-0.51207614,0.9399736,-0.1020296,-0.650253,0.67546356,-0.8419732,0.55082697,0.79914093,0.8681178,1.1553948,1.0467694,-0.17613648,-1.1246544,-0.97957456,-1.0177568,-0.27905908,0.80925316,0.27278358,-0.052448902,1.2999543,-0.035799216,0.3802544,0.5219402,-1.1777346,0.6412098,-0.0029728343,-0.058232147,1.3148471,0.4651958,-0.42710173,0.27449182,-0.77344835,0.11443106,-0.42617285,-1.4525007,-0.041878797,-0.659711,0.052785262,-1.8588684,0.2547884,1.8087622,-0.11780105,1.3673265,-0.42230374,0.11927402,-0.32441708,1.0939553,1.1052957,-0.80776846,0.86995035,1.9333856,1.94019,0.68227816,1.125649,-0.6619786,1.0371312,-0.025466233,1.4158466,0.6162337,1.3532599,1.2759498
1.2764835,0.19389524,-0.3458352,-0.8326126,-0.15976402,-1.1206734,-0.60062975,-0.9656634,-0.58621967,1.1381587,1.1962665,0.8542459,0.6703327,0.52868897,0.46576726,0.581314,0.89419836,-0.57716423,-0.34925956,-0.39020604,-0.6766561,0.5635248,-0.107784756,0.9897448,-0.45306063,0.6616547,0.35839945,1.1419946,0.8169662,0.81974715,1.9068513,0.6844539,0.0431952,-0.10263252,1.114755,-0.48733503,0.27456206,0.71418345,0.8181196,-0.68789333,0.03758469,2.2063024,1.6580361,0.71345454,0.8851611,1.0030178,0.5611557,0.9575924,-0.84305906,0.2898673,1.05379,1.0524907,-0.1476745,-0.5880129,0.85740983,-0.5466964,0.5886362,0.03294662,0.3868947,1.372838,1.2111088,1.865062,1.0910577,-1.1700873,-1.0007542,1.6935557,1.390976,-0.58319616,-0.524239,0.24193113,0.66545963,0.83575535,-0.72345096,0.34914076,0.87049043,1.7901775,1.0649985,0.36992934,-0.6457755,1.5595179,0.26926872,0.38895205,1.477354,1.2804983,0.5730138,0.5851377,0.3767568,1.3193634,-0.5050706,1.0868906,1.0949823,0.548645,-0.08463334,1.7865771,1.1948515,0.9657964,1.1890571,-0.17389102,-0.5657035,0.0034688204
1.7563089,-1.2417521,-0.32473686,-1.217346,0.48158282,0.01681561,-0.74745435,-1.6300621,-0.46249527,-0.37479168,1.6962026,-0.5932597,0.9557271,-0.16974084,-0.2648655,0.5587948,0.87254125,-0.13172281,-0.010308164,-0.3993058,0.666278,0.90086323,-0.773763,0.4064588,1.2996626,-0.8226663,-0.6785179,-0.01006957,0.5376584,-0.3481752,-0.59746933,-0.41322052,1.17312,0.9616644,0.77624655,-0.23730071,-0.6019862,0.2579238,-0.419553,-1.0543797,-0.48380974,1.6839098,0.48916864,0.15477304,-0.26008096,1.0581284,0.59279776,-0.37695247,-0.47630787,0.17541772,2.0632727,0.5981442,1.7777221,0.03631319,1.363016,1.1131245,1.2999313,0.9544626,1.2953919,0.19827072,0.33705863,0.5109141,-0.5098353,0.76398426,0.43046075,0.787239,1.8705031,0.10459386,1.5143883,1.6869053,1.607029,0.23650034,0.69821143,-0.120259605,0.9456176,0.49891484,-0.15275405,-0.510637,-1.6752825,1.8194461,1.1129607,1.0555576,-0.45895624,1.0431399,-0.14840752,1.259805,1.147718,0.25073248,1.1372756,1.6095068,1.618977,1.8506296,1.2332164,-0.2712141,-0.03879936,0.37909117,1.2936118,2.2083654,0.14644295,1.3416839
1.0107447,-1.0672348,-0.6766548,-0.95565945,-0.27818248,0.13074516,-0.62164503,-1.3382455,-1.4987488,-0.20789893,0.4121641,-0.16930346,0.7633602,-0.6404816,-1.2788751,0.16965398,0.058702104,-0.7717935,-0.4510404,-0.6039646,-1.4019471,0.76585436,0.026370207,-0.036895663,0.112847544,-1.4640956,-1.0351949,-1.6272902,0.10267498,-0.15304902,0.46851337,-0.62118214,0.70240194,1.0121785,2.1883104,0.06717112,0.38774607,-0.73781693,0.29838502,-0.9661303,0.28327373,-0.4620971,0.46468487,-0.3096922,0.17284323,0.57515407,1.0183831,1.473793,0.54358715,0.44299412,1.7866274,-0.8033162,0.94151217,0.62793946,-0.24588868,1.0767506,0.37755883,-1.4334912,2.3006082,1.2299508,-0.42768243,1.3986346,0.6640434,-0.5243302,0.8892228,-1.0621262,1.9369179,0.8962051,0.1100039,0.41712323,-0.59953976,1.5986251,0.6951625,0.20278251,0.2357786,0.31194505,-0.4469022,-1.3461053,0.15415935,-0.097734176,0.6297521,1.3314012,1.2924813,1.4380915,-0.118026175,0.5068088,0.07877534,-0.46547824,-0.25672978,1.654959,1.477471,1.2773054,0.4438196,-0.17973135,1.1861088,0.5267643,1.0770078,1.395305,1.287289,0.3167019
2.1375434,0.1538265,1.0353976,-0.4355592,-0.82458806,-0.28091735,0.4398371,-0.016674103,0.086867414,1.1626672,-0.023225278,0.29487377,0.48418188,0.22427584,-0.17223246,0.8706912,-0.41850471,0.4422941,-0.52458966,0.31050077,0.02345454,0.064205706,0.36718726,0.077334225,0.44720134,-0.87681854,-1.163655,-0.6134035,0.78734756,-1.1124147,0.22024928,-0.016299874,0.68023765,0.20205645,-0.05762071,-0.68362033,-0.41840288,-0.90928596,-0.5419759,-0.27450627,-0.32696816,-1.137794,-0.4633425,-1.549115,0.25277033,-1.4276587,-0.38986915,0.5309794,0.4938545,-0.20493312,1.749381,0.73893887,1.6750543,-0.026032342,-0.8770469,-0.28372365,1.1455425,-0.9432533,1.44561,0.54828143,0.33492967,0.7658203,0.85352135,1.370052,-0.4913342,-0.09988979,1.4448688,0.040449515,-0.7593453,0.5667658,0.21268636,-0.34927425,0.07693646,0.5968937,1.0448254,0.07466732,-0.28851625,-0.5134695,-0.40826228,-0.89587414,1.0513228,0.852556,-0.36901203,0.96143633,-0.16277626,-0.63388145,-0.5629788,-0.52691984,-0.12018318,0.24405314,0.6408684,0.10927789,-0.45289525,0.23786876,-0.72823924,-0.63638026,-0.47072726,0.1188017,0.72656554,-0.48306295
-1.1781175,-0.3754589,-0.28567556,-0.5537039,-0.69693905,-0.03679671,0.0005932757,0.30779758,0.89216566,0.8869383,0.6019542,-0.13873339,0.534037,-0.56500083,-0.4576432,-0.61378306,-0.62525094,-0.034414005,-0.14049177,0.37576285,-0.38518202,-0.31899956,-0.10793651,0.12745255,0.6359094,-0.28560922,0.51439875,-0.026371568,-0.51409477,0.3667258,-0.751515,-0.015786635,0.46349198,-0.7274627,-1.1512507,0.3511088,0.2876857,-0.4122458,-1.7412666,0.37622893,-1.2998544,-0.062181696,-1.5694968,-0.8853719,-0.79187983,-1.2072358,-0.95368224,-0.6882441,-0.79246616,-0.66675323,0.032706,1.0651854,0.8865946,-0.9134726,-1.5524709,-0.7764216,0.98918986,0.63766205,0.119446054,0.99977976,1.2730006,1.8147236,0.9648942,1.3501614,1.3057877,-0.3700358,0.3660059,0.539294,1.1177932,1.1196378,0.08113365,1.8515735,1.4920075,1.3489406,1.0276456,0.75401,0.91804385,0.7189805,0.13828382,1.1641241,1.0369284,0.26347744,0.8068292,0.9840897,1.3855377,0.7179493,0.9096965,1.0178031,0.97754645,0.9689149,-0.12243406,-0.7650722,-0.49120787,1.2653855,1.4904069,-0.18869129,0.6999417,1.2256079,-0.21287544,-0.15770438
-0.8150837,-0.29065317,0.46758443,-0.33910856,-0.83774936,-0.31531742,0.025103645,0.083821155,0.8230788,-0.24844007,-0.4580459,1.0216398,2.06743,0.026614686,0.19960694,0.93002087,1.5464654,1.1293392,1.4325316,0.64649236,0.54491156,1.1770915,2.1500578,0.3133708,0.013613093,0.06629052,1.7350585,2.554669,0.95153093,1.7970175,1.2841903,1.0359914,1.7620345,0.5520845,0.6686574,-0.57952315,1.273498,-0.0934688,0.67384,0.7605279,0.18739401,-0.38146937,0.55330986,0.48885453,0.61998427,0.1567692,1.1799546,-0.2509454,-1.1808741,-0.4360972,-0.58995867,1.7531345,1.0930107,-0.6091968,-0.31872293,-0.9214056,0.6695414,1.0628271,-0.43061686,0.4763491,0.7254834,2.016563,2.9202619,-0.5636274,-0.57722425,0.18288033,-0.39863113,2.7595916,2.3692772,0.8080706,0.4799812,2.312643,2.246567,1.3088181,0.2713009,0.8333569,1.5657158,2.6105587,-0.6663702,0.52005583,0.84976995,-0.85152435,0.70117253,1.0268513,1.9795643,0.5676976,-0.13355681,1.0352435,-0.33951938,-0.25516742,0.13154915,-0.946818,-0.3864138,0.878404,0.8175085,0.6755634,0.9296871,0.39317414,-0.5953329,-0.59127057
0.86313194,-0.48154515,-1.0043899,-1.3859789,-0.100303784,-0.38259757,0.3065368,-0.14298259,-0.40978065,-2.0262372,-0.6511213,0.020496689,-0.23930447,-0.0723414,-0.33922833,1.3290993,1.3487613,0.7064607,1.4627779,-0.39787096,0.41528252,1.7181041,2.0011806,0.5812515,1.1448548,0.43623838,0.5035549,2.3046114,-0.46037272,1.7022748,0.7000738,-0.24159156,1.1346802,0.33085746,0.9397515,-1.1171472,-0.18287386,0.24519433,0.47326767,0.2890952,-0.27758417,1.3373891,1.5386631,0.6575359,0.5662121,0.50642717,-0.4652482,0.3127315,-0.8861855,-0.32197466,0.19826417,0.48181623,1.3803874,-1.1654322,1.1593242,-1.6235368,0.03072578,-0.44686243,0.26230547,1.1640428,2.030325,0.4386101,1.0528843,-0.08442043,0.120974004,-1.0328242,0.4216588,0.67704266,1.1836982,0.43907017,1.2326223,1.3136998,1.5647796,1.1322451,1.7469153,1.4974445,0.40440652,1.9969908,0.5304406,0.8347657,0.10016354,-1.5903025,-0.23263839,0.40390456,0.39876798,0.24271652,-1.5344783,1.4733278,-0.94336945,-1.6939732,-0.9249288,0.005310838,-0.033271372,0.87220454,1.0399224,0.22494976,-0.51388156,0.08481341,-0.7277954,-1.9204862
-0.012447013,0.057686977,0.9818042,-1.4720417,-1.2400929,-1.4209908,-0.071937054,-0.29316068,-0.09913973,-1.1117157,-1.6009557,-0.5771187,-0.16584776,0.08768287,0.7165635,0.04367769,-0.6911192,-0.48611715,0.63235325,-0.15984297,-0.2738984,-0.6381576,-1.0886555,-0.06488546,0.5483424,0.7236326,0.35234553,0.87451077,0.2721461,0.058705162,-0.59463614,0.21745113,-1.7630839,-0.20948869,-0.6351741,1.0242931,1.1801323,0.42682254,0.7904866,0.20089498,0.97709364,2.2475634,0.26705667,0.8961223,-0.096678264,1.0932472,-0.012609315,0.1886718,-0.1318579,2.1202726,0.035710838,1.6100273,0.36183897,-0.31228587,-0.68611264,0.03873553,1.6179373,1.274819,0.24440455,0.4934792,1.8586644,0.51244366,1.0622619,-0.89141285,0.25058275,0.38734448,-0.25952253,0.35959446,-0.20129514,-0.40915555,-0.761535,0.31931102,-0.120242745,0.83708614,0.3154388,1.9984936,0.6411661,0.14596805,0.15470959,0.7390436,-0.10511802,-0.20367037,0.14534579,-0.15663682,0.48086345,1.5486636,0.9845499,1.3858798,0.0049296413,0.9773286,0.1773493,-0.6243542,2.2428837,1.3220084,1.2814009,0.63809216,0.61265475,-0.22652352,0.13690475,1.3537644
0.34882915,-0.20829493,-0.15698822,0.18256432,0.31147468,-1.7421988,-0.26399744,0.03387168,-0.8817708,0.39532062,-1.0505221,0.7881352,0.518364,1.1679312,0.9718298,1.3792111,0.17200668,0.17426111,1.3853928,0.7858665,0.7630746,1.4284309,0.22813243,0.8501503,-0.23301731,1.963071,1.2143857,1.1403612,0.8927761,0.96663594,0.7810181,-0.5910051,0.04475353,0.9482069,1.4169139,0.51895404,1.2649096,-0.75799537,1.1677964,0.36123765,1.7454457,2.695233,0.67506784,1.604852,1.8806489,1.6109514,0.4561612,0.8102901,-0.08150147,2.1609616,1.2043774,1.8203057,1.3752904,1.0650347,0.040073324,-0.10657371,0.1411243,-0.4180219,0.9260872,2.066054,1.9487741,0.7000817,0.40446824,1.1322318,1.2512326,1.8373171,-0.44543707,1.0923302,1.0731822,0.3086352,0.8603977,1.2680713,1.4857132,1.9091804,1.3347878,2.3630192,0.44317588,1.8129601,-0.52557516,0.5337904,0.94564337,0.6353948,2.6767209,1.9765788,3.5305889,1.554409,1.6176491,1.122613,0.5896938,2.1181588,1.1681987,2.5422392,1.7165334,2.0068645,1.5859135,2.3458605,2.3999095,0.4847448,0.25715286,1.4371319
0.3537731,-0.21483807,-0.056752905,0.12774712,0.6690432,-0.5079576,-0.36825997,-0.41126382,-0.2950552,0.21638043,0.2782921,0.15101841,1.459228,-0.59619325,0.29775247,-0.5850122,-0.39973536,-0.3067316,0.29442343,-0.6256155,-0.07885228,0.51382554,-0.16504976,-0.17427807,-0.18957691,-0.050686106,0.31706002,-0.11279131,0.68980384,0.7751543,-0.6078527,0.28413224,0.8987913,-0.08033159,0.8304086,0.9627967,1.1368041,2.03062,2.0115137,0.23221013,1.0732856,1.3326049,1.145557,1.7345073,1.0344045,1.0421064,1.257703,1.229683,-0.35156578,1.7840629,0.1769246,-0.42534003,0.19593018,1.820791,0.94106597,-0.049112514,1.4426112,0.996303,1.8252628,0.3818006,1.5590781,1.4232769,0.63756824,-0.581032,0.16241737,1.2763159,-0.85656345,0.7946991,0.43774876,-0.18669805,-0.2488497,-0.19871593,0.804151,0.29952103,0.67087275,0.35459584,0.08353961,1.4676139,-0.55104846,1.1666859,-0.2764674,0.7419318,1.1049606,0.5859065,1.2355046,1.466378,0.4850589,0.64518213,-0.08653133,1.41394,0.32268527,1.363377,1.9583323,-0.055199914,1.4229238,2.050639,1.1808201,0.47997776,0.1187209,1.2766602
-0.99352735,-0.5554265,-1.4844501,0.5316399,1.0931711,-1.599268,-0.59788424,-0.020281538,-0.84935296,-0.93816066,0.38364857,0.044914365,0.016181313,-0.66475296,-0.04209416,0.31912717,0.006829319,-1.1196145,-0.124123834,-1.707359,-0.3913549,0.67669535,-0.7709867,-0.71239895,-1.3223497,-0.27292505,-0.4768234,-0.44957748,-0.40598178,0.0010468977,0.19102354,-1.5831027,0.34915662,-0.30202523,-0.17392226,-0.13398594,0.534553,-0.023924492,0.26895848,-0.3445552,0.048624784,-0.26597682,-0.18262617,0.41602743,0.43862757,0.78248084,1.171029,0.45818514,-0.41564658,0.021085726,-0.062522665,-0.9748331,0.090358354,1.8638263,-0.9185908,-0.95548433,-1.2729406,-1.1320882,-0.2959279,0.6373387,0.57203156,0.3393087,0.012000235,-0.31721658,-0.37790206,0.38396958,-1.4278232,-0.44156307,-0.6362855,-1.2727954,-0.9432801,-0.9694288,-0.63654286,-0.5298608,-0.075010456,-0.787814,-1.5265204,-0.3642895,-0.2799242,0.63004035,-0.55037296,-0.29609483,0.743665,0.27626362,-0.7601494,0.029920174,0.21450213,-1.1355466,-0.81163543,0.3867709,0.34637168,-0.4054273,-0.7863008,0.24045984,-0.5782632,0.27196532,-0.38781333,0.16797858,-0.81577903,-0.9231888
-0.88181424,-0.9483851,-1.3183925,-0.9353456,-0.17470476,-1.5046321,-1.0390879,-0.90593886,-0.3493681,-1.4765005,1.4566578,0.2650601,-0.47013167,-0.44436738,-0.0022897243,-0.30457145,-1.3312287,-1.2154975,-0.637581,-1.7436277,-0.6871226,-0.6668192,-0.8866664,-0.7285038,-0.87092215,0.034304343,-0.23528968,-0.5399917,-0.29463264,-0.5404826,-1.31303,-1.5668197,-0.48637354,-0.9862651,-0.75344455,-0.621994,-1.1358094,0.26626667,0.11593654,-0.5897829,-0.23690142,0.94069386,-0.5898982,-0.24611951,-1.0236923,0.15623455,0.33936858,-1.6060863,-0.75118726,0.114566125,-1.6585749,-0.9976011,-1.0781167,-0.9591954,-0.07945375,-1.2503155,-0.6934398,-0.46425015,-0.98306656,0.5398478,0.703881,0.13460128,-0.0071178856,-0.07271649,-0.42825204,0.42343497,-0.7048698,-0.32483482,-1.190105,-1.8460709,-0.92774856,0.13825426,-0.8339202,-0.4467606,0.020409167,0.041384842,-0.61000615,-0.9817403,-0.667005,0.30019128,-0.6438581,-0.2932047,0.2240995,-0.1058952,0.36534983,0.008088744,0.09971368,-0.33327085,-0.4628529,0.9133196,0.37943536,0.6247255,-0.32927164,-0.33511737,0.6973331,-0.24791214,0.7782976,-0.59781575,-0.6059178,0.60818076
0.08364668,-0.48934305,0.1155215,0.46255535,0.50037676,-0.33283132,-0.28615078,0.19916898,-0.49240196,-0.047624413,1.0709805,-0.0014472861,-1.1450042,-1.2135023,-0.44448265,0.22094269,-1.8841321,-1.2177528,-1.4836885,-3.0374987,-0.64164466,0.18940717,-1.5279425,-1.5452524,-0.94207776,-1.2057801,-0.61292326,0.028603788,-1.1140679,0.54343367,-0.7152146,-0.43306938,-0.62900466,-1.5404323,-1.1187354,-1.4644005,-1.250521,1.6459414,-0.522301,0.04243882,-0.85244495,-1.1538007,0.94251424,0.5262035,-0.45675305,0.44355857,0.5295741,-0.68885607,-0.5781432,-0.9456997,0.059963528,-1.2391675,-0.88969916,0.19878316,0.111977145,-0.5766689,0.5065983,-0.81359994,0.3136247,0.17574896,-0.62434286,-0.061503682,-1.4670465,-1.0495285,0.4344289,-1.07561,-0.49875486,-1.6263406,-1.1253939,-0.87736785,-0.2400301,-1.4504932,-1.6448779,-1.1369227,-0.5921544,-1.3160757,-1.4821268,-1.2539039,-1.599631,0.4531588,-1.4900672,-0.64424115,-0.098293096,-1.2085966,-1.7534369,-1.5746251,-1.5032084,-1.67815,-1.8263062,-1.2559589,-0.30561396,0.55517834,-0.884267,-0.9939224,0.49970874,0.3502144,-0.09056183,0.23554794,-0.433167,-1.3764384
-1.2842237,-0.22201712,0.2264181,0.03842938,0.6797978,0.3483218,0.23057128,0.3453447,-0.17623706,0.9821284,0.40817302,0.09732757,-0.4175726,-0.61418146,0.11391456,0.4293913,-0.451457,-0.06383471,0.26009274,0.11084781,-0.13243212,-1.1516534,0.2631023,-0.06230298,-0.41816187,0.29901806,-0.5222465,0.35305297,-0.3718109,-0.24136107,-0.3700536,1.0901381,0.34178632,-0.66299176,-1.592506,-0.4725524,-1.0674992,0.34901723,-0.43180168,0.17384598,-0.8980634,-1.326869,-1.2633133,-0.8516158,-1.5814619,-1.2940602,-0.63818806,-0.86511123,-0.33086917,-1.2969261,-1.4760185,0.18402174,-0.06008655,-0.8761028,0.09230596,0.46511,-0.14443296,-0.40568176,1.0271012,0.6820575,0.1403001,0.1508365,-0.14424175,-0.49192205,-0.36022374,1.1318182,0.03468006,-0.905533,-1.0405784,0.40539405,0.34489426,-1.1256676,0.19259118,1.2684776,0.13514644,0.36610514,0.53543043,0.17715876,-2.0340421,1.0248495,-0.59425074,-1.1442924,-1.907739,-1.7429035,-0.46533433,-2.2926018,0.193453,-0.3704862,0.2964781,-0.96077657,-1.6361878,0.94840026,-0.1309683,-1.605914,-1.1019884,-1.2223438,-1.420766,-0.9640325,-0.4114918,-0.52317226
1.3918366,-0.5779209,0.5346301,-0.039551515,0.38690773,0.16586386,-0.20542793,-1.2005972,-0.5369127,0.42619514,0.9718815,0.5777853,0.2572262,0.05799242,0.51242864,1.2283275,0.3537383,0.08780331,-0.010562445,2.3081765,0.38131097,0.8846701,1.0311992,0.0885872,0.35402688,0.71298826,1.1024107,1.4812045,0.8041442,1.0863473,-0.17043413,2.1311104,1.362919,1.1507667,1.0808417,1.9898053,3.1624992,0.68925625,0.3888149,0.07546804,0.081947975,0.022408033,-0.2330116,0.5534193,0.2510026,0.64027375,-0.02515621,1.1901518,0.6354885,0.37745747,0.7568904,0.07320642,1.7713952,0.40544903,1.2370341,0.5305126,0.9889005,0.1697925,1.9270473,0.9099161,1.0071255,0.78829765,0.26379782,0.6826293,0.23572098,1.2596698,1.0449907,0.9638779,1.9663532,1.0110193,0.24900286,0.979211,1.409952,1.4824213,0.25246465,1.619791,1.3416798,0.8915004,-0.5480487,2.0011692,1.4790688,1.4819283,0.8671682,0.52752143,1.5862744,0.45932934,1.8918266,1.5997881,2.7763717,1.152235,1.6067183,2.1379447,1.7684257,-1.0536529,0.62159216,1.0475858,1.6108894,2.4773493,1.0796982,1.2415723
-0.25181457,0.18615375,1.3291563,0.18889154,-0.4365228,-0.41600084,0.00744389,0.7532412,1.2499638,1.029821,0.611765,-0.38443077,1.6851648,0.5374592,0.90109974,1.3273687,-0.21429402,0.8236199,-0.20635068,0.956067,0.54228127,1.402702,0.37971222,0.0025885683,0.98879,0.33023152,0.42986754,1.1061671,-0.07676486,0.6855345,0.5271883,1.1738412,2.3388968,1.9944831,1.5636443,1.6830919,1.463542,1.1231673,0.73160255,0.8472108,0.9079428,0.0060352096,0.07622448,0.4640388,-0.43729982,0.073874466,1.2379444,1.4378562,0.31973782,1.0575068,1.5715178,0.3462133,0.74223536,0.33693412,1.4150935,1.2452444,0.7321359,-0.047252,1.3341426,1.914389,0.083654426,2.204097,0.8619558,0.1776304,1.1444896,1.1678587,-0.29416582,1.3774146,0.88495314,-0.11274638,-1.0156894,1.0564076,1.3425714,1.2689359,0.34357324,0.9255961,-0.009050558,0.9326534,0.82906985,0.41701263,0.66771173,1.4241318,1.1153733,1.1530579,0.7316242,1.2561978,2.1348805,0.740706,1.562094,1.1210854,1.4716744,1.7053924,1.4545009,1.6635329,0.059737224,1.0107172,1.4480467,1.3564229,0.62547106,0.94547784
0.2833734,0.072845936,0.8057955,0.17088716,0.18201129,0.10396741,0.17501622,0.47577074,0.56942147,-0.3463587,-0.405189,0.38381267,2.813262,0.63441855,0.7697074,0.50935477,0.9010387,0.3792454,0.08687071,0.21387371,-0.0471392,-0.06903484,1.1802961,0.75201786,1.6669923,1.5548465,-0.33518186,-0.83611715,0.8490832,-0.20818478,0.76185113,0.5312309,-0.07881348,0.37909815,-0.3480746,-0.69070536,-0.020161148,-0.9670341,-1.8814334,-0.41127065,-0.8734036,-1.3324678,-0.70744187,-1.3834144,-0.9370339,-1.0086995,-0.4387584,-0.5193886,-0.9407212,-1.069537,0.5781361,0.79799306,1.439798,1.5373081,1.0844146,-0.98138493,0.6629347,0.5304601,0.8571085,1.3488362,1.616571,4.170576,0.54497063,-0.8444597,-0.70865595,0.2061628,0.85743356,1.3346608,1.1987084,0.87674856,0.024748689,1.133462,1.5424356,0.47727272,1.868623,1.092195,1.2323309,1.2518734,-0.19220756,0.7850963,1.127161,-0.42083552,-0.78964055,-0.24846725,0.17742282,-0.44626227,-0.7601796,-0.16766699,0.158231,-0.57025915,-0.21797471,-0.6381618,0.43509996,-1.2589978,-0.22318251,-1.0141604,-0.91873074,1.266993,-0.6768714,-1.1278224
-0.78959054,0.491018,0.06916209,0.6216158,0.11688606,-0.37175325,0.14466374,0.39351812,1.2952875,1.3079696,0.7089243,0.90097845,1.6800457,0.93373555,0.4935138,0.35588783,0.9701303,0.27382445,0.192555,0.6724578,0.82297605,0.6584365,0.99578327,0.20980008,1.3616704,0.39199406,0.10586402,-0.53059113,1.2654806,-0.682784,0.6185988,1.6942172,1.0352352,0.4074392,-0.026026072,0.07467413,-0.4215125,0.849289,-0.045417715,-0.20330696,-0.7368923,-0.7482901,-0.6447266,-0.15936188,0.19307283,-0.5812871,-0.14840187,-0.10274698,-0.34126756,-0.589621,-0.5667313,1.78948,2.1897697,1.2646165,0.48486707,-0.10390139,-0.017394619,1.2823789,2.670997,1.65987,0.9611277,1.1117889,1.8739836,0.465346,0.51784134,1.585542,0.7807618,0.42004004,1.4302648,0.65543497,1.9500577,0.27006537,1.5965978,2.2893379,0.9728903,1.2073383,1.1734976,0.7562636,0.26511025,0.5103228,1.4480695,0.16046926,0.5110238,0.7032585,0.9851277,0.16376369,0.4718835,0.2098616,1.1577936,0.7725759,0.19967856,2.4080868,0.2978265,-0.7387573,-1.2564222,-0.17107294,0.29834068,0.55035233,-0.47930837,-0.24862555
0.53060377,0.24103527,-0.7730773,0.4875979,0.60005295,-0.29818586,-0.2788858,-0.29948735,0.9968111,0.3935616,-1.5865625,-0.42914993,-0.79031634,-0.24381556,-1.0669775,-0.35104167,-0.9795995,-1.3937936,-0.43195626,-1.3655022,-0.95321214,-1.2918104,-2.3111417,-0.46051782,-0.5871142,-0.74972403,-1.3754601,-1.2119385,-0.8777097,-0.2550455,0.83684385,0.76403546,-1.4424857,-1.5968369,-0.36544567,-1.0375941,-0.10562193,0.17977889,0.19898452,-0.020386498,-0.20914944,-0.3149335,0.15776478,-0.6605245,-0.4163987,-0.40158767,-1.3416771,-0.41202074,-0.9260131,-0.5352263,-0.2991303,-1.0447346,-0.21723373,-0.558773,0.12623763,-0.992958,0.4327609,-0.12884305,0.11086339,-0.031759866,0.44024256,-0.21182027,-0.6723781,1.1539279,-0.57954717,-0.0989342,-0.5198184,0.26065636,-1.3042859,-1.226585,-1.6314055,-0.38396037,-0.54523104,0.15907304,-1.0276549,-0.8124358,-0.87328666,-1.6549083,1.2806824,-1.2121842,-0.70451194,-0.32393473,0.18377054,-0.44896993,-0.81744653,0.31207573,-0.74984163,-0.7959898,-1.1251019,0.403658,-0.5696333,0.3689403,-0.072170466,-0.19142912,-0.16278748,-0.43493113,-0.057139814,-0.96631986,-0.93812203,-0.32032177
-0.7608209,0.5708881,0.4299906,0.31836402,-0.13571097,-1.6098439,0.10494855,0.42968637,0.83678186,0.09332653,-0.09188885,0.07452757,-0.007067293,0.4977508,1.0918992,-0.5228241,-0.40336722,-0.46076903,0.021471277,-0.9403725,-0.03796847,0.3580247,-0.4227873,0.104599215,-0.81607914,-0.49591938,0.6359085,1.0275185,0.006093719,1.2858561,-0.40379983,-0.45386055,0.76773655,-0.9017914,0.14684245,-1.3364897,-0.8817371,0.5719528,0.8965194,0.5634133,0.5875496,-0.33247602,1.6209893,0.46572503,0.13913056,1.2931163,1.1840072,-0.4849413,-0.8652107,-0.047681544,-0.47752765,1.0182097,0.3017462,0.29782325,-0.13758588,-2.3227904,0.5215149,0.95807594,-0.40644395,0.749003,0.14825267,-0.07850676,2.0881462,1.5213354,0.5784518,-0.122933075,-0.6416629,1.449451,0.06921184,-0.1902491,0.72702616,0.7288601,0.1143132,0.98919785,0.18553446,0.56665486,0.022843635,0.6067806,-0.7957499,0.96911347,-0.079176664,-0.25972706,-0.13965847,-0.25384527,0.5405603,0.89624953,-0.22572112,-0.62290525,-0.65985274,0.34024918,-0.25768375,0.05563576,0.03243655,0.87040424,0.8373828,-0.49661502,0.4780985,-0.42555466,-1.2184663,-0.8420212
-0.45153034,0.3745709,-0.4572649,0.21015617,0.52854645,-0.04139981,-0.23218395,-0.03578436,0.35632932,0.18539278,0.16549553,0.2914277,-0.46596602,1.5296322,0.7688993,-0.010871007,-0.9932213,-0.16100025,-0.27974454,-1.0729915,0.8013218,-0.49418622,0.2958661,-0.1433491,-0.5366,0.34936956,0.56303006,0.6048924,-0.29305354,-0.23725763,-0.09216519,1.0010436,-0.71784097,-0.67219454,0.45043725,0.6063893,1.1498044,0.11811434,1.5038486,0.3573943,0.3498283,0.66735905,0.69559664,0.7673533,-0.06237849,0.80623686,-0.3822204,-0.9819143,-0.6816224,0.52356464,0.24855423,0.11270005,0.50801593,0.5583066,0.43305102,-0.5172255,0.607344,0.3517245,0.092366405,1.5082527,-0.11617618,-0.07235252,-0.32887536,0.23415658,-0.7106871,-0.68077266,-0.24608369,0.19075643,-1.360304,0.009091318,0.3567284,0.39569265,0.6058968,0.4458834,-0.7788542,1.0079932,0.4277359,0.06080149,-0.005446602,1.6900954,0.15206657,0.49677527,1.7003577,1.3569733,1.1326324,1.1747991,0.9316149,1.498757,0.3089315,1.2925118,1.8803537,1.5614358,0.43239444,0.9873941,1.6106639,1.219685,2.2528841,0.36014146,-0.36989257,0.8868709
-0.014831646,-0.34310332,-0.54462993,-0.43274024,0.16156426,0.3450751,-0.49227488,-1.1123435,-0.36528736,-0.52718997,0.006925623,0.33936194,-0.4944037,0.9091045,0.20405397,-0.85251975,0.43363595,1.0372081,0.3158143,-0.19683549,1.0495656,1.7995199,1.1209882,0.38291442,1.2602943,-0.10629028,0.40096146,0.28482452,-0.4062571,0.9393558,-0.62808377,1.1960407,1.1810036,1.1945965,0.61944264,1.2332313,0.25013155,0.08709553,0.4422879,-0.5037908,0.33980352,1.0422696,-0.26880813,0.54754776,0.1337383,0.26954308,0.8181874,1.0478994,-0.48858288,0.87489176,-0.51221895,-0.74556184,1.3181648,0.8788988,1.669224,-0.16285965,0.53809303,0.37412247,0.29900035,0.18302663,0.6904114,-0.21301538,0.81641275,0.1331359,0.30602747,0.67153984,0.1509472,0.61956394,1.2401073,1.1051141,0.72777134,1.7617872,2.1397862,-0.12968075,0.5331698,0.9256716,0.019579332,1.7635752,1.3023701,0.122150004,0.5251134,0.70041966,0.82443315,1.7130958,1.2462064,1.8034306,0.24913323,-0.3352425,1.0070188,1.0558765,1.7784305,1.0689408,1.3467338,0.18184116,0.31534,0.8780836,0.7853906,0.6847468,-0.44144797,-0.005692088
-1.2497302,-0.4158818,-0.6914528,0.017375354,0.58670104,0.05593853,-0.7273541,-0.25293785,-1.5196584,-0.091631144,-0.02049867,0.45551157,-0.0031826778,-0.08579351,-1.3276103,-0.4269828,0.14607805,0.37732735,0.14153072,-0.75353825,0.3041047,-0.24777205,0.48851064,0.05697747,0.3524468,0.45865795,-0.58255243,-0.3328568,-0.2666958,0.7065598,-1.0322961,-0.85951203,0.43996343,-0.13378982,-0.3168634,-0.15915895,0.24285814,0.0029946312,0.23893766,0.024569524,0.34447852,1.3299237,0.44426972,1.1208154,-0.2840677,0.7174909,0.8524283,0.111992426,0.23870835,0.5713989,-0.3433103,-1.136589,-1.7951134,-1.233809,1.0990517,-0.12415988,-1.4842969,-1.1994022,0.5501456,-1.1535434,1.323239,0.95757765,-0.76214796,-0.7186224,-1.4171963,-0.28465042,-0.7392178,0.6449549,-0.21279895,-0.7431763,0.07381046,0.5661279,-0.08644413,0.5060087,0.59430045,0.3982686,0.07002108,0.12320833,0.14067294,-0.33348712,-0.32235077,0.21870115,0.09247507,0.7134794,0.29466924,0.2907709,-0.5115675,0.28396735,-0.6875456,0.27922615,0.852138,-2.113296,-0.106971405,1.1497732,0.92215455,1.1611015,0.95434844,-0.8811729,-0.5524167,0.39787742
-0.77477914,-1.1928537,-1.7371559,-0.7173591,-0.41905853,-1.3330178,-0.7803653,-0.44109643,-1.2288754,-1.4560055,-1.5982004,-1.1215777,-2.133231,-0.7179458,-1.675301,-0.6909405,-1.3709675,-1.6418562,-0.7283686,-2.371378,-1.1814206,-1.3877565,-2.1541276,-1.5244008,-2.4523983,-2.687826,-2.3194566,-2.5761406,-1.2214803,-1.3619596,-0.439479,-0.5506097,-0.40093893,-1.5523578,-1.3111134,-0.24188134,0.32530773,0.25003546,-0.46163103,-0.9873224,-0.72517174,-0.0072842864,-0.8568729,-0.19858305,-0.0656857,-0.10571817,-1.07553,-0.92477053,-0.24284652,0.4718329,-0.80349517,-2.059568,-1.6899732,-0.9983678,-1.7760025,-0.9897341,-0.17165388,-1.9830003,-0.74877405,-1.0137602,-0.79587835,-0.7791254,-0.7535859,-0.26070142,-1.4899288,-2.3848457,-1.5625597,-0.6817654,-1.7251631,-1.825554,-2.0588782,-0.8501122,-1.642429,-1.745325,-0.6602161,-1.3801392,-1.7609463,-1.7199925,1.9634317,-0.7297536,-1.7175891,-0.45602593,1.2244533,0.116739936,-0.8942286,0.64175457,0.2479772,0.4589326,-1.7253451,0.2522394,0.92925215,-0.78827834,-0.7322062,1.0945585,-0.25863835,1.1577892,0.355362,-0.8410069,-1.003237,0.04933552
0.015635453,-1.1065524,-0.07245475,-1.1517438,-1.2246305,-1.0499893,-1.5810958,-1.5604653,-0.7515593,-1.8937198,-1.6093177,-2.2973807,-0.636587,-2.8521264,-1.5900055,-0.6659105,-1.2909346,-2.1217606,-1.7775509,-2.1976624,-2.301014,-2.1990871,-1.9400389,-2.1298463,-0.7773378,-2.444732,-2.0082932,-1.1454976,-1.9570938,-1.5547022,-0.15652364,-0.5838156,0.14969909,-0.95719403,-1.4787685,-0.25070867,-0.61340237,-0.6694396,-0.16127118,-1.4273548,-0.8893739,-0.8500698,-1.4850755,-1.3659657,-1.2347367,-1.3145018,-0.84348065,-0.5556335,0.051497955,-0.19782752,-2.1927466,-1.4450171,-1.7679065,-1.5821478,-1.7435923,-1.0937197,-1.1510746,-1.9319042,-0.49166825,-1.7927315,-0.6103533,0.26157466,-1.2873414,-2.193634,-0.66619325,-0.32822698,-2.215624,-0.89598435,-1.610045,-2.2730289,-2.8691208,-1.4689993,-2.0393784,-1.9149488,-1.2582431,-0.96802455,-1.5139401,-1.5084338,-1.1813678,0.09885749,-1.9921454,-0.8089376,-1.1094103,-1.5000426,-1.2558953,-1.0032066,-0.6857449,-2.4011536,-1.9364623,-0.81429756,-1.4897972,0.53171235,-1.1938801,-1.5603344,-0.25789592,-1.0302461,-1.32825,-2.4654527,-0.5193828,-0.39985082
0.23003252,-1.098605,-1.6301788,-1.5362803,-0.79559696,-1.7646143,-1.230529,-1.2399355,-1.9359947,-3.2568753,-2.3732402,-3.1822107,-0.49702272,-1.3851767,-2.1027248,-1.5640038,-1.7328936,-2.4089243,-3.5113828,-2.6146383,-2.517964,-1.8471376,-2.4797528,-2.3627796,-2.795059,-2.8881242,-2.8560839,-2.3951724,-3.9491394,-1.3132755,0.41919145,-0.14224097,-0.16432324,-0.6859626,-0.8334232,0.0078050606,0.25211892,-0.53575146,-0.06480276,-0.9543758,-0.5985905,-1.2068309,-0.4365656,-1.8097878,-2.2664487,-1.415281,-0.55189604,0.52062815,0.05056549,0.7103759,0.03455248,-2.66481,-1.4519057,-0.40758425,-1.512173,-0.90514314,-1.385799,-2.3729246,-1.8471323,-1.9350643,-1.0842257,0.39051506,-0.5701613,-1.0602386,-1.745578,-2.2140427,-2.0426292,-2.555294,-2.0842726,-2.6657696,-2.6190588,-2.000554,-2.6775444,-2.630594,-2.208768,-3.4329379,-1.9524624,-2.2057934,-0.40426344,0.5659562,-2.6354082,-0.504004,-1.8093339,-2.0909278,-3.625891,-1.1404145,-0.93633574,-2.3776202,-1.8812994,-2.163179,0.22169101,-0.62107337,-1.5379751,-0.9101587,-1.3057339,-1.5938224,-1.9202192,-2.6341305,-0.027707892,-0.07008739
-1.3577493,-0.5566632,-0.7518973,-0.10031518,-1.5168284,-0.07303647,0.16970575,0.11492016,0.12905675,-0.22750631,-1.4578654,-0.012068022,1.1260334,-1.9410673,0.30795315,-0.52865654,-1.0428689,-1.1949838,-1.4064833,-0.027445227,-0.57700294,-1.6170214,-0.21485953,-0.45621723,-0.85920566,0.80064815,-0.6611145,-0.9590887,-0.4470407,0.00039173863,-1.4380456,1.0136151,-1.1320447,-2.0286105,-1.9543908,-0.74347866,-0.7896281,0.031451534,-1.3489568,0.017387591,-1.9368583,-1.6986253,-0.9889996,-1.0557345,-1.0174264,-1.5445217,-1.5236512,-1.5211368,-0.41034535,-1.2821072,-0.8077834,0.78065085,1.2981812,-0.9674241,-0.7341636,-0.9195693,-0.9119421,-0.6228218,0.8369147,1.3872418,0.9115781,0.596086,1.314124,-0.5073698,-0.09378794,0.13362433,-0.31523478,-0.17566358,-1.0537916,-1.6310236,-0.14655939,-0.69119626,0.11814876,1.099608,0.4068456,0.36726224,0.2633933,0.8788322,-0.62993586,0.5104191,-0.37892398,-1.8171095,-0.9808353,-0.8035939,0.120959334,-1.6441917,-0.7709768,-0.79706043,-0.06672756,-1.4977612,-2.0678341,0.49601635,0.09680645,-0.1492296,-1.1701633,-1.2587528,-1.7611767,-0.48962954,-0.7877315,-1.2015363
1.2424951,-0.017831255,0.23696136,0.05738049,-1.0018362,-1.0561122,0.3380529,-0.44028872,1.049937,-1.1370827,-0.35941264,-0.95467484,1.0130832,0.2322869,0.5238489,0.33217648,-0.16313358,-0.1187738,-0.2553123,1.0162169,-0.073018126,-2.2413862,-0.33744252,0.021374349,-0.44437963,-0.9185468,-1.1842715,-2.5302825,-0.49257568,-0.53778845,-1.4013947,1.2028947,-0.49688908,-0.18084022,-1.9605043,1.7572409,0.17254429,0.72151256,-0.062349316,0.6446498,-0.49875048,-2.1764727,-1.2815834,-1.8502666,-2.1165056,-1.3843656,-0.83433,-1.1892129,0.5706719,0.32134154,0.59272134,0.61169577,1.1421375,-1.5526477,-0.8132403,0.0054975194,1.1666248,1.9022806,-1.2867993,0.5470031,0.3386317,2.4700565,1.1027611,-0.17678532,0.19554591,-0.5827672,0.6773658,0.49709958,0.6512465,0.81510967,-0.138089,-0.2798413,0.36180773,0.99767727,0.27552304,-0.32645294,-0.09745665,-0.49545866,1.490099,0.92659,0.366844,0.036464572,-2.561996,-2.6110544,-1.3233881,-0.06714497,0.40495646,-2.4436705,1.7092127,0.28796044,-0.92414635,-1.162816,0.24424201,-1.6945488,-0.0014155917,-2.2770176,-1.6292588,0.43730515,0.9204949,0.45664406
0.85059404,0.94470745,1.4141827,0.647675,0.63937247,0.72098196,0.8312489,0.39700913,0.77501345,1.2461433,1.6583384,2.367568,3.792791,1.8525962,1.8957632,1.9790688,2.0047672,1.1414057,0.90365833,2.9455688,1.3508595,0.037188306,1.0031303,1.4594313,0.08739159,1.0591582,0.8193989,0.593573,2.2484958,1.7125077,-0.09544347,0.5096983,0.2578113,1.4844027,0.048572663,1.68968,0.7017814,0.71715087,1.1176959,0.96025735,0.57144177,1.0326442,-0.3372063,-0.6723637,-0.54435325,-0.7609906,0.20006488,0.13073215,0.13522334,-0.15521093,0.8880688,1.3373067,1.7645985,-0.09713479,1.0215746,0.47696048,-0.18432885,-0.32555452,-0.9061894,0.72951853,0.7942007,3.0211644,1.3619276,1.7194567,2.9079244,1.9610711,1.4460068,0.60409737,1.0716197,1.4117059,1.4343896,0.32218835,1.6376514,1.0827374,1.196788,0.57621944,2.4516833,1.1499372,0.6818218,0.38127673,1.3266768,0.6526632,0.0016207375,-0.44968238,0.940795,1.0488746,0.5119805,0.8757086,2.2973642,0.5088989,0.06176514,0.15511028,0.91047513,0.37582135,-1.8218167,-1.139864,-0.8227639,1.9761411,0.29113382,0.42355072
-1.4267309,-0.1938281,0.122459464,-0.5526017,-1.4831136,-1.5491253,-0.6987404,-0.13790527,0.46104416,-0.057792094,1.3588591,1.4978341,1.6877573,-0.2561006,0.12823485,0.1848525,1.128827,-0.3952532,-0.13118778,0.5632117,0.44141048,0.16487019,1.3242264,1.0054675,0.5642583,1.5069189,1.6037624,0.454578,0.5795212,-0.23768702,-0.45219788,-0.161158,-0.753225,-0.5598721,-0.021146577,-0.322381,-0.11093677,-1.7917653,-0.98194355,-0.28275815,-1.2640873,-0.23139513,-1.2667991,-0.90110743,0.23890765,-1.0382886,-1.4122065,-1.0916123,-1.1791279,-1.1997544,0.4944556,0.70433676,0.80179715,-0.6716359,-1.6123438,-1.2203969,1.4948262,2.3167527,0.38622028,2.3561368,2.154858,3.2895012,-0.062083624,0.101064086,-0.59174573,-0.12045202,0.3571723,0.18570803,0.22132565,-0.077111326,0.4738257,1.0319535,0.27869532,2.0267518,1.4191039,2.2557476,1.1518629,0.7738208,-0.2713122,0.58318454,1.7708012,-0.47224945,0.24134172,0.9279858,1.7318261,-0.029327173,0.22825348,1.4429977,0.80796325,0.15294087,-0.97798467,-0.3169795,0.9043066,-0.18133505,0.34596354,-0.7375553,0.61305815,0.67101526,-0.78439116,-0.9445842
0.24295102,0.044231705,1.1104505,0.4242912,-0.26604483,-0.6806772,0.9942956,0.5633302,0.93102545,1.1131704,1.0091833,0.33852693,-0.6972214,-0.09308427,0.6667332,0.75332814,-0.41406167,0.14059402,-0.13019058,-0.13041416,0.38586557,-0.45287335,0.17519432,0.6491524,-0.26864806,0.735992,-0.66970456,-1.2624706,-0.117786735,-0.32890216,-1.1743503,0.7133693,-0.48072454,-0.7241761,-1.78108,-0.56923795,0.106144615,0.30668506,-0.019658253,0.15491138,-0.29742596,-0.6147865,-1.0830202,0.31294605,-1.856242,-0.5066427,-0.6028503,-2.41341,-0.60103476,-0.2296402,0.1219584,0.61467576,1.3064924,0.38976768,-0.92812526,-0.20187661,0.6801842,0.3694728,0.43424803,-0.5145968,-0.60679394,1.1053864,0.48991406,0.8258753,1.3847603,0.45282072,0.84813416,-0.0133815985,-0.14844953,0.39232853,0.30527663,0.55355686,0.51984674,1.0327004,1.2077237,0.33498356,0.85158944,0.16785598,-1.0502968,0.9620695,1.0250224,-1.1655434,-1.6441711,-1.047448,0.3377843,-0.52179134,0.070712425,0.083465435,0.6205249,0.1275507,0.17950746,1.3144305,1.7166979,0.2317211,1.3470558,0.44664177,-0.28089586,-0.07859714,0.24073525,0.77854294
0.22212479,-1.1070739,-0.9784207,-0.3703678,0.15602596,0.17953342,-0.25574565,-0.27933556,0.45750114,-0.35713643,-0.6715976,0.28366297,-1.4341459,-1.336949,-0.38694355,-0.79017985,0.06255685,-0.15516694,0.9959968,0.104136735,-0.38578525,-0.50380534,0.2426382,0.5189968,-0.2628456,0.38268957,-0.742383,-0.22845444,0.40638494,-0.74417174,0.98523766,1.0955269,0.60802835,-0.24415222,-1.1413494,0.7061582,-0.110574536,-0.49972218,-1.3091364,-1.0039843,-0.8346445,0.4342871,-0.9272153,-0.19621187,-0.9393182,-0.4673998,-0.58502567,-0.92281425,-0.82604903,-0.2610447,-0.13769983,0.15374148,0.5899016,0.6290598,0.18341461,-0.48640856,1.3583114,1.4793534,1.0348903,0.4145302,1.2737454,-0.04577361,-0.042937644,0.27209598,0.13080539,1.1976643,1.1979189,0.20311457,0.96013993,0.6051833,0.5519011,2.2093139,0.52686477,0.8359003,1.6539509,1.0441786,1.3376194,0.7129962,0.3442016,1.75276,2.2443259,1.3213836,0.32158208,0.8856442,0.9085267,1.0214103,-0.38393626,0.82200146,1.3864756,1.7433419,1.5135142,-0.23814778,0.17229487,0.44506747,0.9466759,0.5856294,0.5551298,0.12525417,0.29057756,0.69249
1.0600456,-0.99222887,-0.4811804,-0.69810337,-0.5339816,-1.6667805,-0.4142889,-0.8389762,-0.023862055,0.07073042,0.42422754,0.7367715,-1.8562989,-0.6793301,1.0465744,-0.72701687,-0.8059807,-0.10100045,0.040686417,-0.4547712,0.16528022,-1.1508973,-0.45406824,0.3431675,-1.0283369,0.6243548,1.2644867,-0.004106261,-0.39240924,-0.081740424,-1.1208093,-0.3748708,-0.9783492,-1.0503702,-1.7262243,-1.1323365,-1.5356563,-0.6363249,-1.144443,-0.71711963,-1.6456954,-1.2783461,-1.3652564,-0.73799527,-1.5105847,-1.3643847,-0.9285468,-2.6167486,-1.4099976,-1.4881365,-0.27875894,-0.97381026,1.0623397,-0.10100286,-0.9051769,-1.3263469,1.1708237,0.41937295,1.40031,0.99927795,-0.06439737,-1.1166136,0.10027723,0.8191946,0.10573817,1.1257708,0.007709115,0.6708167,-0.15129162,0.41986355,1.5145208,-0.027662406,0.13602939,-0.21430327,0.731931,0.63057435,0.5444311,0.19765241,-0.106673114,0.3161339,0.21286617,-0.41805837,-0.47481307,-0.4610198,-0.33514854,-1.150116,-1.7097017,-0.84838915,0.05684296,-0.9383572,-0.40892097,-0.40816164,0.39221957,-1.3135396,0.32231966,-1.1483412,-1.3891742,-1.1759399,-1.4885161,-1.8651594
0.88321453,-0.90824306,-0.11153293,-0.10009233,0.71319944,0.7647874,-0.84864926,-0.52448547,0.6049526,0.31629628,-0.39516196,-0.31295988,0.09230337,-0.81422436,-0.7916278,-0.48405802,-1.2829739,-0.81335944,0.8502739,0.6007238,-0.8301457,-1.0894037,-0.20513684,-1.022069,0.06529161,0.3125223,-0.30818397,-0.45401844,-0.42672238,0.28847215,0.14138025,-0.19701307,-1.5724735,-1.0104146,-1.0916302,-0.068464555,0.92449933,-1.1389621,-0.7354262,-1.0703046,-0.7918548,0.24469908,-0.93233085,0.36948532,-0.07091051,-0.8289046,-0.19860515,-0.5418122,1.4254692,0.13070005,0.72810376,-0.31802258,0.627283,1.2907795,-0.28322873,0.40127575,0.027674958,-0.10554413,1.0705154,-1.6487275,-0.27002296,0.44348052,0.3742555,1.2823999,-0.6402617,0.3104941,0.1333688,1.0145842,0.12073252,0.4538249,0.24621153,-0.12428966,0.40293428,-0.48634687,-0.33045784,0.56182545,0.78638357,0.11979457,-0.1860721,1.6693883,-0.35032618,-0.098468944,-0.5216866,-0.24440846,-0.65762687,-0.59435344,0.101378724,0.029933162,0.3915212,-0.6247193,-1.7295935,1.0186216,-0.72718483,-1.1310536,0.55289847,-0.33777755,-0.39554626,-0.5354219,0.69178027,0.5003172
2.5842512,0.80834883,1.002953,0.96556985,2.1765618,2.0016706,0.21094756,-0.22326694,-0.22185662,0.66667086,0.7701011,-0.5561394,0.07343366,1.8910198,0.31431305,0.08880487,-0.25795886,1.3180512,0.8327973,3.2580438,0.28535497,-0.67322135,0.35535827,-0.41070244,0.31413224,-0.69500417,-0.68697244,0.15221044,1.4789729,-0.19124697,-0.20899583,0.27099484,0.21401261,1.8569165,0.33812955,2.3939416,1.9389666,-1.5772525,-0.4042161,-0.7867793,1.2320706,0.28987664,-1.1290462,-0.2711599,0.43744323,-0.6435859,0.21572717,2.365236,3.2023695,1.0726192,2.3992374,1.3279134,0.685991,2.4828477,0.6564456,3.0004969,0.014484542,-0.079109326,1.4644301,0.43710664,-0.50181407,-0.06951805,0.5131079,1.745668,1.3668115,0.87439644,1.4794072,1.0510856,1.4683483,2.4181383,1.154786,0.15434827,1.8345839,-0.68139964,-0.6733226,0.44200352,1.599451,-0.4298245,0.53216344,0.8112394,0.8871021,2.3673017,-0.731231,-0.28775623,-0.17712037,0.92353684,1.6723647,-0.83137596,2.4972408,0.40246412,-0.69484794,0.93693036,-0.13197233,-0.867761,-1.4755647,-1.1280668,-0.22978367,2.312775,4.167758,0.7696445
1.7874686,-1.1281534,0.14173593,-0.5764257,-0.2675476,1.238555,-1.2051905,-1.363688,-0.67172295,-1.151449,-1.1418152,-1.9348054,-1.0192039,0.18045284,-0.7809508,-0.72273546,-1.3869655,0.22340193,-0.71514225,1.6640348,-1.508887,-0.74322677,-0.09557,-1.8649861,-2.0311139,-1.4780209,-1.5182443,0.30781135,-0.66766196,-0.9167443,-1.0448643,-0.83109844,0.47463253,1.1992481,-0.15433466,1.4278808,-0.09912251,-1.4378191,-1.1287104,-1.1764531,0.19892979,-0.09122502,-1.8246405,-1.277046,0.052709576,-1.0572532,0.5813969,1.4661394,2.5521991,-0.14538491,3.3642015,-0.23738149,-0.4847911,1.4163607,0.6454254,2.1004274,0.26194596,-1.2064722,-0.22486854,-0.19188142,-1.6102108,-1.2234852,1.068338,0.7853334,0.67397857,-0.23263854,1.4697406,0.031426057,1.4909399,2.262943,-0.056857374,-0.53051454,-0.057851672,-0.74704844,-1.0584903,-1.8204132,-0.75794065,-0.20345256,-0.62045306,-0.15132076,0.03463028,1.8694457,0.09113919,1.3728247,0.31263274,0.9693956,0.93798506,-1.3365774,2.0973775,-0.41133755,-0.2624105,-0.8055221,-0.38915294,-0.58457106,-1.11727,-1.6865349,-1.6847821,1.2673293,2.9447563,-0.38457417
1.9929253,-0.3808982,1.7304513,0.07678386,1.9821391,1.4327803,-0.11354459,-0.8123189,-1.0400743,-0.8522339,0.27434468,-0.48492008,-0.26376218,0.5869524,0.3751074,0.23779899,-0.8993134,0.6328178,-0.49822563,1.4931626,-0.4722444,-0.8385166,0.11102319,-0.67348224,-1.8064262,-1.5908072,-1.182864,-1.222965,0.014795259,-0.55051184,-2.4697664,-1.7405993,-0.30832884,1.0462177,-0.18397377,0.6922901,-0.5125801,-2.0074458,-1.3949164,-0.6048382,0.21894197,-1.1058462,-2.5000558,-0.9138937,-0.35777175,-1.320951,-0.15615606,0.5198649,2.9744253,-0.28681016,2.9030526,0.3222949,0.6721928,1.9191936,0.83500916,2.2070825,0.047161385,-0.60565263,-0.51329786,0.12412966,-1.4779086,-0.85384375,-0.22864565,0.7733268,-0.44080362,-0.43661255,2.9447873,1.4367708,1.5166986,2.6712933,0.59390086,-0.8629987,-0.22105189,-1.5363088,-1.1027756,-1.4119226,-0.13557088,-1.0807515,0.0566622,-0.64480686,0.32727128,2.0543172,0.37920487,1.3627572,0.083877124,0.19960436,0.25550833,-0.08928337,1.8185896,-0.40053937,-1.1102927,-1.1852547,-0.6375784,-1.941991,-0.6803626,-0.80234677,-0.81095695,1.8072839,2.7352443,0.50988847
0.27852705,0.011184157,0.7463001,-0.52164716,1.4768475,1.6736575,-0.5212549,-0.47697955,-0.2818905,0.15536718,-0.59095186,-0.7919142,-0.23622726,-0.39100346,-1.4965512,-1.2835444,-1.2955438,-0.051360138,-1.6899899,1.5146186,-1.9819138,-1.0608917,-0.09465158,-1.6217909,-1.8341612,-1.9909954,-0.4085007,-0.25976902,-0.8802101,-0.32691923,-0.829209,-0.53619725,0.20878787,-0.09309574,0.09154161,-1.4027716,-2.729601,-0.33121726,-1.0508771,-0.6306112,-0.16165182,-1.1378257,-1.3708138,-1.4398812,0.20377135,-0.77077,-0.35152617,0.6845325,2.215918,-1.5289724,1.4609665,1.3224928,-0.66911477,1.4559797,-0.6747933,2.629392,-0.18867454,-0.913895,-1.2818222,-0.84658384,-1.7997354,-0.98711026,0.95612735,1.004137,0.7570551,-1.1444665,1.6951011,0.60407835,0.57138586,2.3383617,-0.6490945,-0.40184173,0.17422746,-0.13458453,-2.1251557,-1.6614457,-0.75414026,0.25237915,-0.51220816,-1.1837144,0.059082214,1.4699028,0.8327875,1.5110755,0.12255621,0.59878397,-1.6420852,0.008928129,0.33509004,-0.24006906,-1.0091853,-0.9374582,-0.87713045,-0.9773909,-0.7334766,-1.1726967,-0.49403125,0.7374354,2.024814,-0.97627497
0.64079976,-0.32819152,0.016393915,-0.21936513,0.280664,1.2120497,-0.8855153,-0.5922502,-0.4133984,0.36146882,0.13112317,-0.67625827,-1.1985565,0.32551607,-0.6679629,-1.0163956,-2.4874773,-0.746408,-1.9692234,0.14492504,-0.2919348,-1.5289309,-0.16544722,-2.2020917,-2.2323651,-1.2524115,-1.7623826,-2.2594428,-1.8605361,-1.3857775,-0.735661,-0.95879287,-1.2307668,-0.5278911,-1.0218415,-1.4146991,-1.6299127,-1.376185,-0.9094567,-1.2616172,-0.42355686,-0.46260226,-1.3151621,-2.0693934,-0.038148783,-0.98966825,-0.39636806,0.56092733,2.0826318,-1.775611,2.269788,0.2101811,-0.051224925,0.72702456,-1.3984911,2.0725298,-0.13014796,-1.0232558,-0.58741224,-0.3739184,-0.5403465,-0.3588779,-1.0048981,0.74580586,0.57891333,0.101619124,1.4955066,-0.76330966,-0.18277766,1.6111588,-1.372651,-0.93831635,0.2632916,-2.025425,-1.2405769,-2.3225129,-1.6853274,-1.672286,-0.3862837,-0.44904587,-1.0160828,1.5232182,0.172692,0.39253658,-1.0326095,0.66840595,-1.4913415,-1.8606902,-0.46238965,-0.7675447,0.3476742,-0.2650092,-1.2503355,-1.3425684,-1.4749331,-2.2345767,-1.2359862,-0.06118979,1.816399,-1.3573234
2.570941,-0.049360856,1.1038921,-0.04378737,2.2155206,2.8844671,-0.074340254,-0.48902535,-0.46361333,-0.05627579,1.2371216,-1.0916665,-0.58761686,0.012443424,0.47026396,-0.6940645,-1.1859936,0.2459164,-0.68962246,2.0655854,-0.06497173,-0.96096164,0.5413053,-0.34474826,-2.1587405,0.20116898,-0.3270243,-0.36423096,0.32070786,-0.8928883,-1.1359346,-2.5290825,0.034006946,1.0111998,-0.77188116,0.37566572,-0.38209805,-0.5426227,-0.049344134,-0.8607297,0.54323685,-0.08481963,-2.258302,-1.7081656,-0.078274846,-0.8739361,0.53777194,1.2024344,2.575991,-0.28358838,2.7463264,1.4668707,0.051367935,1.090789,3.297801,2.4318779,1.7960403,0.85437274,0.17559725,-1.0123953,-1.4309678,-0.25852746,-0.25587973,1.0261507,0.50785255,0.8866853,1.90009,-0.041104153,0.6162,2.0249805,0.56436336,-0.024707628,0.87447244,-0.26097962,-0.7791498,-0.6640949,0.15678501,-1.321074,-1.7049867,-1.2632369,0.7467199,1.5688959,-1.3936176,-0.5745961,-0.0039701755,0.17340484,0.27145347,-0.20149153,1.3163329,-0.043146882,-0.5730523,-2.0400395,-0.31015682,-1.4968444,-0.79290986,-1.4398204,-0.98336923,1.021821,3.0849578,-0.525508
1.9562175,-0.42458475,0.11580968,-0.62250894,0.20697887,1.6961,-0.4682666,-1.1504679,-0.9888645,-0.556041,-1.0830572,-2.8481095,-2.5070055,-0.16604988,-1.4694128,-0.6220537,-0.41554374,-0.7297075,-1.0429512,0.665451,-2.4698975,0.011168409,0.23534724,-0.8563899,-1.0942675,-1.596428,-1.0072309,-1.5155165,-1.0262713,-0.58534986,-0.21429779,-1.6753377,-0.47726145,0.7175905,0.31749287,0.6979058,1.2331846,-2.1291716,0.7736157,-0.34541813,0.7137558,0.5155664,-1.048303,-1.5788535,0.16204308,-0.5519044,-0.12521458,1.8593265,2.0391817,-0.2637861,0.5855823,0.19551705,0.18310086,0.13182902,-1.3702868,1.3946166,0.9468613,-2.1383321,-1.9913317,-1.0401499,-1.8438623,-1.8297008,-1.0882472,0.030429618,0.07275739,-1.3470348,1.3640506,-0.29415384,-0.6187315,-0.20239718,-1.4593332,-1.5622059,0.46798387,-1.1505396,-1.5686601,-0.98796546,-0.6322267,-1.359406,-2.1956382,-2.1288884,1.1242949,2.0034552,-0.34583858,-0.06951118,-0.37989062,1.0139617,0.97187614,-0.6595564,1.0847394,1.358916,0.39106274,-0.91997486,0.13326201,-0.778865,-1.2466941,-0.87030923,-0.40257245,1.7386563,2.4028094,-0.7410597
1.7578408,-0.97814035,0.18521325,-1.3296993,1.3683695,0.81806296,-0.8837333,-0.8027535,-0.18332078,-0.2534915,-0.32867444,-1.1732175,-0.5364281,-1.0000783,-1.4501729,-1.4361894,-0.3681688,0.43729156,-0.32609645,1.5163636,-0.5818217,0.07908848,1.6416081,-0.9081028,-1.15044,-0.27266273,0.40870526,0.7232511,0.8679903,-0.689258,0.66641575,-0.28591755,0.28805748,-0.29474962,-0.26857004,0.7417455,1.0871062,0.9151292,0.14822659,-0.07802424,0.40547353,1.6512542,-0.7457175,1.5624859,1.0498099,1.5794419,0.6751114,0.23648046,1.65655,0.633882,1.1306105,0.70169246,-0.34184396,0.1266962,-0.26477322,1.0036544,0.7190893,-0.8560653,-0.13504827,-0.07270712,-1.1120718,-1.2706565,-0.7521919,0.43804413,0.11029661,-1.8657861,1.5049807,-0.41708425,-0.2245122,0.91248333,0.3995204,-0.3851795,1.4839034,0.51985705,-1.0600351,0.88723713,0.81070524,0.24890415,-0.7341623,0.43016505,-0.3728582,0.95006156,1.7035183,0.59257567,2.0208862,1.2473521,0.8378342,1.5831478,0.57429165,0.8710455,0.536861,0.6842101,0.5044522,1.5928949,1.8534636,2.3465617,1.9184922,1.0752597,2.3718276,1.9387571
1.62731,-0.28257334,1.1592813,-0.43483543,0.11617035,0.8151475,0.24043925,-0.11912576,-1.1425176,-0.21288773,0.6006099,-0.04936107,-0.96687496,-1.1396518,-0.25372934,-0.22603032,-0.86557716,-0.008021672,0.31908306,1.0088161,0.69803625,-0.20567676,-0.1170603,-0.23663725,0.10289211,0.45662874,1.122212,1.5791183,0.90979487,-0.3566414,0.4929388,-0.19923973,0.4581102,-0.6063304,-0.20956814,0.47016174,0.89754266,0.8537341,1.3795171,0.7356899,0.63833046,-0.12003217,0.3769185,1.5469002,1.3247033,1.1880189,0.21650182,0.47544336,0.5331329,0.6433511,1.6191267,0.8782134,0.91328514,0.40016845,0.17098933,0.39320198,0.16023539,0.0989204,-0.5794649,1.6702881,0.025410593,-1.4187895,-0.5495178,0.99611044,0.14087357,0.7304758,2.5335548,0.2157265,0.13555975,0.25174272,1.6491638,0.40327102,0.3584471,1.0566018,0.6401233,0.07581588,0.5229888,0.37555635,-0.4690946,-0.2596161,0.7862866,1.8310329,1.2569648,0.066244856,0.3991657,1.1111518,0.119326346,1.4166715,0.7878318,2.6797204,3.1683114,0.7490432,0.6087948,1.8987026,1.4722058,2.6252308,2.0594358,0.64848,1.0949954,1.4791685
-0.81933385,-0.7339485,-1.1790472,-1.3939075,-1.9457331,-0.98932564,-1.599671,-1.1295413,0.06648224,-0.2889392,-1.3592256,0.21593893,-0.68736833,-1.3940678,-1.721518,-0.76527727,-0.26886958,-1.8287373,0.7047499,-0.65075713,-0.7053402,-0.42545986,0.17062156,-1.2482326,-0.7351213,0.299879,-0.06913698,-0.21452548,-0.91079235,0.02634307,-1.168429,-1.4587243,-0.6998175,-2.5716925,-1.96914,-0.14887859,0.13611314,-0.010410674,-0.7612603,-1.1335977,-2.3187885,-0.99988645,-0.6890613,0.98049015,-0.4196078,-0.27132326,-0.76000947,-1.6831572,-0.67310745,-0.42255285,0.05078671,0.68702376,0.977229,0.39818725,-1.6194658,-1.0281751,1.8563515,0.399394,-0.10236771,0.51156044,1.0364193,0.024490692,2.0961528,0.6524551,0.5339993,-2.0196087,-0.006188702,-0.12701428,-0.44508418,-0.5176094,-0.48949426,0.3411315,0.20704915,1.0806353,0.6679831,0.6672677,-0.012137232,0.23148003,-0.8170573,-1.5435783,-0.39060742,-1.4665278,0.5766368,-0.67572933,0.09041807,-0.7744414,-0.034296237,0.44616097,-1.1732532,0.039932977,-0.76227385,-1.1527483,0.015297656,0.7915363,0.68961406,1.7017604,0.66655236,-1.4188775,-0.6249438,-0.24184656
-1.5130128,-1.3232116,-1.7702729,-1.6398929,-0.44944984,-2.0008218,-1.6974443,-1.9159497,-2.4748864,-1.7785101,-1.475238,-1.3549744,-1.1646682,-1.2274187,-0.7595587,-1.3124223,-0.7287922,-1.5455116,-0.7901512,-1.3464824,-1.0785872,-0.47262272,0.3615793,-1.1005559,-0.6459048,-0.3688534,0.2181497,-0.35809776,-1.1904984,0.68507856,-0.9269599,-0.32458037,-1.4379171,-2.3702147,-1.2500315,-1.4791464,-0.9103978,-1.0203085,-1.6235121,-0.9296449,-1.927416,-0.15676968,-0.3860236,-0.008990479,-1.5350163,-0.034120087,-0.7546681,-2.4764981,-1.662223,-0.24321231,-0.6798977,-1.774103,0.015371488,-0.6254029,-1.1460156,-0.93602043,-1.2801862,-0.9107605,-1.534474,-1.2443471,-0.23715508,-1.0765332,-0.19548817,0.5532866,0.06679058,-0.54568917,-0.83292896,-0.31163064,-1.5386688,-1.2947294,-0.9322454,-1.1498911,-1.7029746,-1.2800797,-0.6503264,-0.5530832,-1.3892564,-0.71405625,-1.4641366,-1.0204755,-1.2334788,-1.9339545,-1.420987,-1.7789735,-0.4686965,-1.6274947,-2.3974829,-0.7964593,-1.9315538,-1.6505619,-1.0426307,-0.5848295,-1.0152268,-1.4324918,-0.17144355,-0.60643935,-1.0591675,-1.993324,-1.9733914,-0.9829674
-0.3070317,0.34862566,0.81137013,-0.35573646,0.021704696,-1.6292017,-0.018431436,-0.5351433,-0.5024763,-1.2075322,-0.30605638,0.15238829,-0.28971988,-0.19214171,0.21688265,1.032819,0.76436704,0.19145696,1.7429594,0.31486255,-0.117513955,1.9228693,1.2740922,0.8014133,0.48070765,1.9074991,2.5707083,2.3878627,0.95961994,3.9748292,-1.1455694,-1.5640179,-1.0771453,-0.49407426,-0.30615804,-1.1795245,1.0833383,0.2844082,0.8492989,1.6032225,0.20692083,0.20569743,1.717067,1.5329422,-0.19276014,1.2837458,0.86673665,-0.26556954,-0.7244838,1.0603266,0.5227245,0.14227572,-0.19817421,1.4688159,-0.041173205,-0.019822156,-0.12785962,-0.3842992,-0.3455335,-0.20551866,1.5662143,-0.34818086,0.4339229,1.688362,1.1416116,0.31207106,-0.47161388,2.1861362,1.3176804,0.09042394,0.043961924,1.1364666,1.5840911,1.675752,1.2512734,1.4726185,0.4578092,2.1833706,-0.40114754,-0.76983255,-0.5361746,-0.9524129,0.37884143,0.3238472,0.8433865,0.14645961,0.10907147,0.6927122,-0.9728772,-0.1492239,0.19415349,0.39858758,1.3764133,0.6457302,2.5833673,0.9410069,1.3221608,-0.66401595,-1.0170228,0.18273738
-1.0570126,0.52672565,-0.84643507,0.22138081,-0.2215916,-0.6943075,0.5764244,1.0009222,0.81425065,0.48221186,0.9496834,0.63289386,1.6366047,1.8091438,1.2814543,0.6588295,0.5089398,0.097645715,1.078697,-0.14689349,0.71994674,0.66342175,0.1744496,0.70872366,1.4178106,2.082057,2.474044,1.118359,1.1791556,2.7442088,-0.16479743,0.2724607,0.50803274,-0.6941069,-0.2737297,-1.5548451,0.122140005,0.3514873,1.2950134,1.5605751,0.26732928,0.6052389,2.1277635,1.9546351,-0.0118032005,1.9194708,0.34586447,-1.3655015,-0.8296503,0.49719498,0.46973646,1.2174187,1.2733556,0.9222744,1.3322983,0.05121291,0.9417259,0.86838907,-0.102939926,0.8300303,1.2004063,3.0653732,1.8168564,0.44841084,1.3573216,1.128287,0.2611033,2.400447,0.9273722,0.24699244,0.88130116,0.7709253,0.2534689,2.3097017,0.9565123,1.4132155,1.0867362,1.3630071,-0.32293415,0.71859777,-0.6931096,-1.5874448,0.13723256,-0.96092755,-0.08788904,-0.37111124,-0.13119343,1.0327611,-2.1369164,0.0129938265,-1.1155504,0.35276064,0.39373383,0.71947426,1.7751695,0.8665374,0.6190751,-1.9796499,-1.1929761,1.3006647
-0.27264196,-1.7109957,-1.7087477,-1.9993811,-1.843946,-2.8267703,-2.1342967,-1.488279,-0.6842035,-1.4109275,-2.2109683,-1.6030794,-0.65227693,-1.4895216,-1.4426515,-2.588378,-1.4329902,-2.6964397,-1.2568254,-2.851928,-2.0558047,-1.028273,-1.1766337,-2.2007966,-0.19600557,-0.7075493,0.8529529,-0.41930565,-1.2360971,1.6111145,0.25971922,-0.71576315,-1.4214965,-3.3519669,-1.3460486,-3.2296994,-2.3111384,0.7961637,-0.25313494,-1.2829939,-2.3477921,0.39063728,1.0636083,-0.22022817,-1.6840552,0.4668012,0.16477999,-0.49672028,-2.5678852,-1.8737844,-0.91166204,-0.8415505,-0.25386688,-1.0516474,-1.4351966,-1.330467,-0.5227276,-1.655671,-1.1560953,-0.45102942,0.026888747,-0.35268492,1.0919297,0.13194226,-1.3219346,-0.9668679,-1.8627242,0.20145044,-0.38765535,-1.253807,-0.96287805,0.15156002,-0.003815671,-0.550288,-0.22113253,-0.79933554,-1.1464858,0.16426381,-1.6630397,-0.08564489,-1.7402043,-1.9604564,-0.8862788,-1.0635109,-0.18538973,-1.7042433,-2.0474424,-1.6852039,-3.2485125,-1.2075708,-1.135865,-1.1291147,-0.095567435,-0.22052148,0.15815777,-0.5415504,-0.45490456,-0.8860429,-2.477584,-1.7561933
-0.093103684,0.17935038,-0.5705787,-0.18014184,-0.7910588,-0.38203898,-0.07534345,-0.69108987,0.29436353,-1.0336263,-1.2338765,0.8262505,0.84595156,-0.31532973,-0.21789029,0.43330866,0.5347062,-0.41633475,1.4354992,-0.69389594,-0.9436273,0.99962044,0.08904737,0.63916403,-0.38930762,-0.03927836,1.264848,0.106946036,0.11545494,1.1334349,-0.05621503,-0.85218495,-0.72274846,0.2618071,-0.35955417,-0.39928162,-0.044529945,0.8001773,-0.53849834,0.6081661,0.01743535,1.0448226,0.06942228,1.0019721,-0.10162319,0.8767315,0.37145638,0.40549135,-0.5873757,0.66293937,-0.670851,-0.21114743,-0.0587162,-1.1870646,-0.09026603,0.12895934,1.0448341,0.3129402,-0.21036282,0.63297,1.5927153,0.089299195,1.8122454,0.5629807,0.5626691,0.52559274,-0.061954953,1.5373384,0.82234395,-0.17073299,-0.69212776,1.4208112,0.08933865,0.717036,0.3855724,1.0967108,-0.10712665,1.409301,-0.77451074,-0.13683178,-0.6325941,-0.5538974,-0.16724965,0.0027280916,0.11492942,0.07254234,0.32003188,0.47962406,-0.7535904,-0.38386542,-1.5008438,-1.5551242,1.2554969,0.5140866,0.8456568,0.34692657,0.06299449,0.14199694,-0.56191516,0.35429338
-1.8012077,0.28614205,0.19139893,0.088132806,-0.36957145,-0.10027381,0.5642063,-0.22708498,-1.0412607,-1.3830117,-0.6664747,-0.7252237,-1.3695229,0.16869052,0.25949484,-0.4350355,-0.21507908,-0.26479274,0.49272913,-0.78026843,0.58166504,-0.17034547,-0.3806242,0.23275216,-0.59406406,1.2329262,-0.2127609,0.18462887,0.7663508,1.1553015,-1.62393,-0.699983,-0.77657056,-0.40779728,-0.92592335,-0.6847318,-0.62187284,-1.1056193,-0.2596996,1.2786525,-0.3105481,-0.028606435,-0.48591805,-0.3687502,-1.9619493,0.047305487,0.09892874,-1.205879,-1.2111388,-0.21029015,-0.3146518,0.703685,0.36177704,-0.42526126,-0.80040133,-0.47938633,-0.48934573,-1.4059691,0.41258875,-0.47149825,0.6339455,-0.76545864,-0.3738489,0.11504073,0.75186664,0.9759368,-0.3638074,-0.20902409,0.13830969,-0.7180287,1.5234718,1.1031213,0.5292822,0.9521447,0.26550648,0.64337295,-0.6666046,0.5869936,-1.1723235,-0.3239813,-0.44365802,-1.8311589,-1.5009478,-0.61204815,-0.47774923,-0.8663458,-0.8396389,-1.3971884,-0.9855722,-0.25198403,-0.5200594,0.43707186,0.7144468,-1.0895004,1.0153431,-0.96008754,-0.73830664,-1.4958627,-1.0765052,-0.23279183
0.052031472,0.29315314,0.94681513,0.21163346,0.32876316,0.5243922,0.46143824,0.2934753,1.5467651,-0.35123825,-0.85604465,0.75488716,-2.120102,-0.0134419,0.57834375,0.08396881,0.8294991,0.4136021,1.036253,0.05774891,0.4426911,1.4832747,1.355893,0.97221196,1.1019056,1.5351167,1.3878272,1.4383632,0.89299417,0.5149287,-0.7063876,-0.048625164,1.0176406,0.9713303,0.5763674,0.21219736,-0.75109595,-0.8335587,-0.17876413,0.81218415,-0.00025521283,-1.0081419,0.28186867,0.05688234,0.7009877,-0.3295278,0.32501274,0.28623664,-0.53234726,-0.67091376,-0.62998915,1.2130558,0.7504359,1.0558342,-0.17582087,0.28304517,-0.7204919,0.11652158,2.3537195,0.5165335,0.913353,-1.3843548,1.2177737,-0.8148247,1.0373125,0.9632035,0.097518876,0.43552917,0.8700446,-0.3055249,1.4210771,1.8969945,1.303326,1.4756638,0.59871495,1.7122848,0.64283943,1.5983436,-1.1014036,0.70909846,0.65334094,-0.2248282,-0.3096861,0.44014362,0.8802895,0.25892726,-0.5396877,-0.0068513267,-0.06447771,-0.21695903,-0.056707494,-0.6260229,0.76237917,0.51741827,0.96037465,-0.5721754,0.027696677,0.22673789,-1.00598,-0.8036299
-1.2249521,-1.5893906,-1.273336,-0.8004031,0.108893044,-0.7062657,-0.7893532,-1.0401719,-1.703703,-0.45690542,-1.1112089,-0.95381343,-2.125787,-0.6847998,-1.3535556,-0.5373953,-0.6678313,-0.9796903,-0.5817629,-1.6151567,-0.28484696,0.2124018,-1.1477678,-0.6478599,0.108826905,-0.35775656,-1.1730787,0.401409,-0.758809,-1.0564355,0.11660594,0.23402692,0.7904213,-0.24131729,0.78510857,0.10095466,0.31382495,0.29607287,-0.17917004,-1.4622427,0.068280794,0.85374653,0.6086192,1.484645,1.4825112,1.3135107,0.8979144,0.36989832,-0.31391534,1.2016724,-1.1549308,-1.5087591,-1.7199031,-1.1654483,-0.86117566,-0.75828546,-2.0032756,-1.5359966,-0.27749792,-0.69966453,0.051921587,-0.87972397,-0.8430295,-1.2591211,-1.8017054,-0.09783081,-0.9835353,0.029151147,-0.2954949,-0.47357962,-1.7283732,-0.07306756,-0.9007376,-0.8484734,0.31380162,0.026411487,-1.3793268,-0.21182743,0.46465868,-0.2299707,-0.45041752,0.2339926,1.056719,1.0092798,0.5766474,1.5514956,0.3799029,0.5773927,-0.36229864,0.81013364,0.9150499,-0.34035882,0.14082578,1.4293871,1.1366743,0.6499357,1.2497833,-0.24922103,-0.38064045,0.30237526
-0.9951512,-0.8435059,-1.1165401,-0.13057038,0.29211128,0.17708176,-0.09589478,-0.021237457,-0.25255707,0.5296254,-1.2498724,0.5129162,-0.76753646,-0.5127733,-0.41837767,-0.2667069,1.2878668,0.17541486,0.95685834,-0.43453383,-0.25467297,1.5955352,1.9168825,0.5033449,1.1627843,0.88453484,1.8670394,1.9605153,1.0188707,0.9612177,0.009980088,-0.6751646,1.4919771,0.11967975,0.9879269,-0.8011495,0.09887595,-0.51707876,-0.29339367,-0.71687686,0.13910595,-0.24455678,1.0744256,0.93339175,0.43769744,1.7727394,0.7096851,0.18058933,-0.9778009,0.3391652,-0.5055346,0.5082888,0.53199923,0.049796306,1.335765,-0.45198476,-1.7153436,-0.5798998,0.59970576,0.30895293,1.1006807,-0.25454363,0.6952786,-1.5909302,0.00058877503,-1.2104611,-0.96023446,1.077438,-0.7460798,-0.66885173,0.24996625,0.85491127,1.264427,-0.11019864,1.5760859,1.181084,0.43047488,1.8167726,-0.7401287,-0.5510717,0.013280903,-0.70427895,0.7497856,0.2633372,1.1470848,0.27019474,0.5805975,1.2142535,-0.74544144,0.05603512,0.17827089,0.99199474,-0.068416126,1.448246,1.0365795,1.5179638,1.3908502,-0.29271075,-1.0304253,-0.33189705
-0.36183473,0.44866186,-1.3279847,-0.1489845,-0.03828951,0.60780376,-0.14467552,-0.73728746,-1.5438184,-0.08688774,-1.9724157,-1.7195877,-2.140541,-0.49459472,0.07057096,0.5275927,0.8092832,0.40153122,0.20441085,0.12078883,1.2592623,-0.60074353,1.4967265,0.7071991,-1.2242798,1.1089015,-0.99515027,1.2201363,-0.07015149,-0.067596406,-0.75196683,-0.5356707,-0.31416652,0.8935158,0.6997575,1.1495749,0.6737101,-1.6009727,0.3133129,-0.9055305,0.23883586,1.4852412,0.331532,-0.17571695,-0.607308,0.13736437,0.3344127,1.3356723,-0.21252666,1.1539859,0.3091266,0.1606168,-0.38057795,-0.11822184,0.4717964,0.43128213,0.41862157,-0.5791752,0.21873109,-1.6743057,1.3599277,-0.80199987,0.21941221,-0.49842817,-0.0222719,-0.43908855,0.19575006,0.27853101,1.0908779,-0.32527605,0.71954054,1.115336,1.862121,0.17258868,0.51315045,1.4041572,1.1037078,1.5363717,-0.38935074,-0.07834776,1.0515155,0.8351412,-0.19383654,0.8899166,0.19163297,1.3562325,0.84256834,0.040270656,0.68302476,0.6926921,1.6015255,0.3724694,1.3697971,1.7455931,0.58077914,-0.13996683,-0.1535923,0.56273997,-0.17663051,0.4692571
-1.6136351,-0.41229156,-1.5322258,-0.23893017,-1.2233404,0.03022158,0.03658926,-0.25869063,0.010666501,0.24335152,0.6997687,1.020491,-0.13042015,0.4650085,-0.9081247,-0.02241189,1.1013997,0.7958303,0.97851056,0.305927,0.052897617,1.2256784,0.8094278,0.35714334,0.507367,0.7789842,-1.0840387,-0.31817704,0.32368094,0.13261539,0.67208874,-1.2721599,-0.39761198,0.30478653,0.49607947,0.27286342,1.2095987,-0.9495484,0.37256852,-0.71919346,0.84743106,0.013659029,-0.3878683,0.2992562,-0.048446856,-0.49432272,-0.3851606,0.37569666,-0.055787988,0.43658766,-1.0891255,-1.4004258,-0.80030406,-0.7725897,-0.44560027,-1.4849318,0.132693,0.63559055,0.6843417,-0.5119636,1.2174097,-1.5010742,0.73999757,1.0592662,-0.46794343,0.77687645,-0.62273645,-0.33247012,0.28818566,-0.80335975,0.25956497,2.0945487,1.157957,0.26969302,0.33067924,0.45586115,0.36560488,1.0315431,0.9205376,-1.1680137,0.63460296,-0.00055404427,0.1215796,1.519394,-0.028198669,-0.14574987,0.5407712,0.9401223,-0.013587603,0.11284133,-0.4846185,0.42481154,0.6015003,2.077945,0.117925294,0.2749828,0.21749812,0.39797983,-1.0029871,-0.21876153
0.19442864,0.10590897,0.18812981,-0.34572142,-0.16693716,-0.23126285,-0.13570891,-0.48014194,-0.18754049,0.19223295,-0.7862361,1.0648749,0.20883241,0.5638484,-0.13834679,0.2580547,0.8979518,0.5816277,0.31864265,0.24782178,-0.15061182,0.8822645,0.5270422,0.7857831,-0.27724645,-0.47225696,-0.65598595,0.8808532,0.24393062,0.6463694,-0.60584056,-1.783842,-0.39585227,0.64585733,1.4233203,0.37450358,-0.6485642,-0.61000794,0.04456214,-0.42520395,0.21353877,0.406353,0.7868663,0.39139965,0.27006203,0.25755954,0.8503094,0.8601258,-0.6024572,0.6181588,-0.7181234,0.23574696,0.6420391,-0.312305,0.37040305,0.8830782,0.45874202,0.7830851,-0.024594948,0.16120425,0.30131787,-1.0622319,0.35842916,1.034877,-0.35643905,1.7926372,0.6057042,1.3625757,0.24914797,0.2536919,0.9246813,1.1946189,0.19840276,0.69980276,0.18845569,1.0243223,0.17740464,0.91864383,0.54578215,-1.0420139,1.054173,0.8637395,1.2811223,1.373638,1.3151973,0.50941503,-0.0033134038,1.2285401,0.4303769,0.33559945,0.9137012,0.45265496,1.2337805,1.6744962,0.5941793,0.32161698,0.9871161,0.14265454,0.10954085,0.43921748
0.7349211,-0.7738901,-1.2502129,-0.51079434,-1.2602015,0.5853472,-0.44143718,-1.1127216,-0.3443081,0.31542248,-0.9447722,-0.7636324,-0.5891764,0.18428513,-0.9085488,-1.2592398,0.18380617,0.10123141,0.016749585,0.79977816,-0.39112434,-0.12126589,0.40275195,-0.36997002,-0.0044037756,0.22163916,-0.415544,0.1016495,-0.28474128,0.67467153,-2.131349,-1.6954213,-0.25816455,0.20532455,0.51159334,0.3492726,-0.3349878,-1.5916833,-0.5178217,-1.2073442,-0.6909812,0.43757513,-1.1379157,-0.17333265,-0.26986188,-0.18154639,0.8755991,-0.3928471,-0.29841056,0.09628135,-1.2186267,-0.6859153,-0.81534386,0.56332046,-0.75023,-0.41422182,0.39136678,0.376406,-0.36366454,0.24152993,0.7770829,-1.2851878,0.13481879,0.0324231,0.5339091,-0.8412592,0.37004554,0.3568834,0.64309424,-0.44396266,0.62026685,1.0910022,-0.13501318,-0.86169714,0.35053763,0.4341623,0.79467297,0.44013965,-0.34344748,-0.42422897,1.0669912,0.039932717,0.38143727,0.890332,0.26270178,0.75894856,-0.5361882,0.9404637,0.3681129,0.30993897,-0.34227645,1.6769933,-0.14893278,-0.4069512,-0.14595099,-0.24607463,0.26183543,-1.4370193,0.03658085,-0.54725677
-2.6050258,-0.7417029,-2.4555006,-0.2811525,-0.12968338,0.32312083,-0.31702965,-0.10675556,-0.8307682,-0.050265152,0.038411617,-0.94274384,-1.6906395,-1.2981044,-0.7281864,-0.6634454,-0.21940026,-0.14359611,-0.13098566,-0.5384421,-1.0003793,-0.017782718,0.71762747,-0.7534162,1.1564417,-0.2813343,-0.5549271,-0.96272033,-0.62904775,-0.5211759,-0.22660488,-2.0409217,-1.2976246,-0.52902764,0.39603838,-1.3357712,-1.142438,-0.93256146,-1.0270698,-0.84870994,-1.19576,-0.6284685,-1.4733626,-0.19469197,-1.3580815,-0.8045016,-0.6281918,-0.7034879,-0.14252116,-0.7384473,-1.8866787,-2.1935391,-1.3673708,-0.8697486,-0.2272008,-1.0807674,-0.5205799,-1.3887554,0.12479228,-1.5253017,-1.1363916,-0.48306653,-0.8343554,-1.653226,-0.7607014,-2.13465,-0.5757802,-0.25137466,-0.5606843,-0.42459908,0.64494514,0.1337796,-0.9532679,-0.5915669,-0.81805307,-0.42589942,-1.0711871,-0.5869521,-0.039405495,-1.0797541,-0.9681327,-1.1816437,0.12728663,0.5685856,-0.32560647,0.48048648,-1.4943416,-0.19874065,-1.758411,-1.1050262,-0.8900736,0.5739618,-0.74277794,-0.1074907,0.7227006,-0.23085351,-0.0379239,-1.6894006,-0.4320392,-1.0436709
-0.7253056,0.73912233,0.8064798,1.099791,-0.14801411,0.03565434,1.1947788,1.4772133,0.6206249,1.049177,0.68965435,1.1259389,1.0329142,0.21406046,0.21236059,0.7761833,1.5604911,1.4493657,0.8091355,0.3131712,0.9912204,1.1623299,1.7907032,1.5086253,1.2333293,1.5154562,0.9345942,1.5266632,0.783552,1.5197421,0.4870544,1.0093266,-0.5399853,0.25600728,-0.07988132,-1.2682687,-0.68494725,-0.560035,-0.90547276,1.3657732,-0.14795664,-0.3528517,0.84969425,-0.25886673,0.025419036,0.065976515,-0.4366102,-0.34456465,-0.73431253,-0.76161194,-0.52803355,-0.20551728,-0.23591408,-0.7269651,0.5753793,0.22688405,-0.42122653,0.25362927,0.37631807,0.37436417,0.68975383,0.27295122,0.48948273,0.80952036,-0.16397452,0.55656314,0.62311965,0.44526142,0.57619256,0.7690366,0.67806596,2.0357835,1.2245038,2.2398424,0.4505665,1.1636058,1.8193115,2.300008,1.3198059,-0.7863786,1.4531356,-0.4313874,0.6482603,1.0189722,1.2296011,0.6780121,-0.47660896,0.70185983,0.015858177,0.17925522,0.1763255,0.7593805,0.33964056,-0.935669,1.723705,0.81464773,0.89857286,-0.16072458,-0.64184195,0.18786646
-1.0544003,0.0625211,0.07024019,-0.239552,0.0126203215,-0.36048517,-0.5782233,0.20039484,-0.013636801,0.86905104,-0.36869705,1.8046256,1.065816,-0.27401358,0.024646714,-0.53189147,0.9512378,0.45419922,0.8096757,-0.37552312,0.3422866,2.0339718,1.6957854,0.5136601,1.2296828,1.6597548,1.3692995,0.47499952,0.09194749,0.22864485,1.9303774,1.3411735,-2.1385486,-0.49103886,1.4028203,-0.8168735,-1.4050895,-0.54679984,-0.35021597,-0.6367691,-1.3849621,1.1413814,0.8036114,-0.3971275,1.2222061,-0.5992765,-0.480346,0.00019238282,-1.5123582,-1.548111,-0.6701727,0.47604576,1.6703914,1.1785593,1.0561225,-1.0164943,0.7293891,0.30370134,-0.1018649,1.3399374,1.4327432,0.42986137,-0.3783438,0.75020397,0.078319006,-0.17990811,0.6898375,1.4719383,1.6344571,1.0716063,0.4426436,2.156162,1.9949781,1.156256,0.90613025,1.6120533,0.39590332,1.8582464,0.72935945,-0.92850125,1.3236127,0.17797367,1.6550335,2.3251688,1.0878505,0.5787565,-1.591444,1.527394,-0.04776984,-0.4520385,0.10554612,0.8014848,-1.0508429,0.62873226,0.27620763,-0.28838086,0.50286984,0.7283133,-1.2553174,-1.250096
-0.36212274,0.23115382,-0.26077288,-0.067327216,-0.45619148,-0.8157391,0.5443649,-0.06656845,1.5254917,0.49773934,0.4657073,2.487596,0.7162877,0.099267334,0.43094632,-0.17100582,1.7458494,1.6595602,1.8594289,0.98173225,1.1685473,2.3481388,2.3117945,1.7992156,1.7772431,1.2038858,1.8600076,1.2239766,0.8044722,0.8559409,0.96177495,-0.11023676,-0.2761624,0.089034595,0.37942648,0.05451406,-1.4589604,-1.168547,-1.1460452,0.19014029,-0.8270367,-1.0683842,0.43492123,-0.21825056,0.3318553,-0.29884276,-0.86658823,-0.105837256,-1.1764741,-0.4508217,0.10711646,0.9134981,1.4034323,1.9906341,0.5523187,0.856635,0.823631,0.99141765,2.0877848,2.0139668,3.0400484,0.24817182,1.8495156,1.5295532,0.90664923,1.0755205,1.7365294,2.5214283,2.6714156,2.337266,2.526447,2.365614,3.3914459,1.8689712,2.6348772,2.4331686,1.7268262,2.9952605,-0.14007612,0.47962612,2.250251,-0.2517534,1.215938,1.7700509,1.4558606,-0.6355052,-0.70645505,1.1844589,0.6979852,-0.26594198,0.2020133,-0.24152468,0.86604685,1.2215595,0.7431334,0.28165796,-0.103679985,0.6869996,-0.66863656,0.070000075
0.20437425,1.5942905,2.280792,2.0744114,0.020483045,1.7122751,1.5266297,2.0864954,3.2410393,2.6069906,2.0130205,1.8981702,0.48041272,1.123438,1.9160498,1.1148651,0.6742902,2.0734267,2.0020432,0.8785153,2.3551602,0.122364216,1.1127512,2.018935,1.4874895,2.008064,0.28487474,0.9041108,1.3771131,1.919374,0.89713085,-0.7867993,-2.2855358,-0.30423617,-0.92534035,0.18323861,-0.1526687,0.15207031,0.39761794,1.6960076,-0.4252325,0.46043786,0.8735744,0.26986405,-0.069690995,-0.6043101,-1.0024261,-1.6912962,0.3236469,-0.2995939,-0.6119966,3.3802266,2.2147915,3.0195053,2.9947429,0.8608151,1.6309551,3.4120626,2.249867,0.45714906,1.8034787,1.1965938,1.0966287,2.4994154,4.3287916,2.875217,1.2143568,2.564012,0.46621358,1.8568202,2.3227978,0.8729839,1.8989124,2.0965865,2.5046787,2.3461564,2.1577203,1.181976,0.11824141,-0.41239905,0.98762006,-1.2249274,0.49936643,0.9682139,0.12884246,-0.40468174,-0.3335604,0.24954063,0.56710255,-0.27083892,-1.0522945,0.6690179,1.0395887,1.0812778,1.6633134,-0.5481334,-0.8076826,-0.6190156,-0.3483956,0.36641288
-0.4343014,0.55724126,0.15708993,0.659356,-0.6714342,0.07962094,0.9077701,1.5492988,0.8946887,1.7302914,1.1164432,0.59581167,-0.24950649,-0.650934,0.6797573,0.19656995,-1.5738763,0.26538882,-0.76488936,0.38348782,1.4907761,-1.0709383,0.99644893,-0.2683854,0.5468215,-0.01129138,1.5888269,1.0562106,1.9796162,0.5770308,-0.5494732,-0.32199755,-1.1591194,-1.8276345,-1.8800529,-0.17908546,-0.03659642,0.37776965,-0.16433509,0.48539189,-1.0631522,0.5109368,0.36014,0.9509523,0.7788623,-0.044769287,-1.545623,-1.8467873,0.20805572,0.20994213,-0.7577085,0.9072753,0.3491711,1.6506758,0.30993608,0.03390449,1.6620836,1.3432692,1.600175,-2.0392578,0.3228366,-0.64875823,-0.1575763,-0.42549935,1.1596422,-0.029613309,-0.22224116,-0.48210213,-0.52625257,0.41070202,0.59719825,-0.86425364,0.06304345,0.9482388,0.11061798,-0.2597359,0.24720463,1.5340581,-0.13785504,-0.3396256,-0.10775187,-1.6065148,-0.50163484,-1.3477633,0.31696737,-1.235498,0.8824223,0.15675946,0.2599741,-0.60947645,-1.2617273,1.0138302,0.14397748,0.79667515,-0.14837171,1.0720364,0.2833268,-0.68775654,0.27226365,0.25856587
-0.8904264,0.6724925,0.35537702,0.8378901,-1.05073,0.24645877,0.5345066,0.53400624,1.2927653,2.373488,0.90493125,-0.54232275,-1.3347815,0.15934493,0.83672714,0.36047944,0.30750445,0.05732227,0.12376595,-0.13267432,0.82345617,-1.292301,-0.02698873,0.65534395,1.6507665,0.75585365,-0.27463415,-0.30337003,0.36921078,-0.5852776,-0.48110098,0.10334058,0.13421465,-0.99571466,-1.3068457,-0.34206647,-0.13452606,-0.23050229,-0.6844667,-0.0714993,-1.4155669,-0.7185572,-0.7349173,-0.554902,-0.69199896,-1.3793877,-1.3098811,-1.8668327,-1.1917719,-2.10858,-0.59426916,0.59114575,0.8924746,0.66554034,-0.7141813,0.18788229,0.74968576,2.0474308,0.77333087,-0.68965036,-0.09573285,-1.1045018,-0.33350605,0.302495,1.7085031,0.21254526,0.35431206,-0.75639355,-0.52030224,-0.16751465,1.7002373,-0.2559463,0.14408615,0.80874366,0.92948645,-0.5526905,0.9381407,-0.43298346,-0.86381334,-0.5727742,0.709845,-0.963969,-0.38906085,-0.97692585,-0.43067297,-1.7976446,-0.6714744,-0.25095177,0.87950456,-0.62324643,0.2292836,0.09455419,-0.78923684,-0.051392626,-0.9515337,-0.20899439,-1.7064866,-0.9846014,-0.48143438,-0.7630597
0.04497765,1.371993,1.0985372,0.9020822,-0.818276,0.49722332,0.7101751,1.5016054,1.5377134,1.2502209,2.6690557,0.91570765,0.29803294,0.6669603,1.1827744,0.1672089,-0.4715385,0.68834,0.43414685,1.3262916,0.782153,-1.4470456,-0.30547673,0.40714723,1.0722288,0.16149701,-0.69021446,-0.27029112,1.3046461,-0.771446,-0.95943487,-0.35930148,-1.1566131,-0.68237877,-1.0000134,0.49335352,0.23569353,0.38120416,-1.1916032,0.3440811,-0.86611587,-1.9760594,-0.50303614,-1.144904,0.30382726,-1.3315351,-0.85660094,-0.06319685,0.03214662,-0.61374617,-0.9773861,-0.18144208,-0.79099065,1.1126238,-1.2776366,0.23031956,0.76050335,1.1034442,0.14263399,-0.55203587,0.60996366,0.53053325,-0.9348005,1.5651528,1.0887021,1.790503,0.05375528,-0.7893237,-0.30888182,0.58896244,1.5963095,-0.81214744,-0.07811516,0.9054526,1.4411739,0.29522148,1.1114072,-1.0628384,0.70848185,0.1339717,0.2850716,-0.4359029,-1.0043683,-0.8994859,-0.58352876,-0.79005045,0.30523884,0.2776021,1.2865458,-0.38012528,-0.85234505,0.20232274,0.47353274,-1.1384063,-0.3793324,-0.5278445,-0.724414,-0.5014615,0.16448912,-0.0011410567
1.4811236,-0.57231724,-1.0819209,-0.5509034,1.2647063,1.2365196,-0.9124953,-0.86169,-1.5509413,-0.45714596,0.35017952,-1.5477203,-1.7861961,-2.1585772,-2.1914823,-0.3898747,-0.72031957,-1.7009956,-1.7530485,-0.2887362,-1.323921,0.062025893,-1.3660586,-1.432661,1.7095073,-1.0413297,-0.23596261,-0.46534497,-0.81895083,-1.0317053,2.0770073,-0.17792511,1.7836223,0.037693977,1.7291371,2.1363,1.9878485,0.391348,-0.40747052,-1.528726,-0.9632809,0.5852593,0.21586818,-0.26827115,1.4874525,0.5943743,-0.5323965,0.8297467,1.3205969,1.1509776,-0.60967,-0.69894683,-0.52836686,0.09361915,0.9690245,1.1415356,-1.3479584,-0.9065928,0.4379332,-2.397307,-2.3251195,-2.1133235,-3.1013525,-2.900846,-1.786081,-1.6226366,-0.063789405,-1.6914506,0.516513,-1.2240698,-1.8000935,-0.7453662,-0.4553165,-0.7631001,-2.0574577,-1.3399671,-1.0169898,-1.4339205,1.1801983,0.034801207,0.4521471,2.1719718,1.0057817,0.93078285,-0.2578186,1.0964861,2.111776,1.1890011,0.9551488,1.4025707,0.48389798,-0.9137829,0.84710044,1.1853472,-0.02313582,1.1081865,0.74763936,0.89071095,1.7900325,0.9617706
-0.3966234,-0.10819915,-0.7187221,-0.845709,-0.4207711,-1.7368634,-0.5119681,-0.36117962,-0.32036075,-1.7267357,0.16180523,-0.40043494,-1.4620017,-1.3624407,-1.1963817,-0.53797716,0.23182158,-1.8791667,-1.8751621,-1.4338267,-0.66509503,-0.18396296,-1.3804998,-0.5196989,-1.1281923,-0.7129451,-0.29249606,-0.5877295,-0.726333,-1.828667,1.3974268,0.06325901,-0.30887386,-0.722717,-0.3392419,0.20569424,0.4415986,0.22262853,-1.4065083,-0.43271092,-0.96766806,-0.29893023,-0.61145496,0.61130005,-0.41111395,-0.19688724,-1.5236998,-1.1215229,0.15614103,-0.21811369,0.9608477,-0.50454915,-1.7650963,-0.9202416,-0.93490326,-0.6549002,-2.0529654,-1.0982699,-1.0969667,0.32725745,-0.47060198,-1.3337271,-2.0617895,-2.5773294,-1.0294533,-1.8947061,-2.2230961,-2.1554515,-1.8663279,-2.3734684,-1.3672183,-1.1459539,-1.6617786,-1.9860439,-0.5482856,-0.7400726,-1.2380604,-1.6281788,-0.36070943,0.22645977,-1.0468884,-0.8648395,-0.5880522,-0.80724484,-1.1668667,-1.9225563,-0.71421474,-0.12243015,-0.76189774,-0.51113206,-0.7947041,-0.5017448,-0.37375486,-0.6876065,-1.5401182,0.8819077,-0.7866324,-1.1150916,0.6482306,-0.044458997
-0.5202301,-0.3760953,0.50621724,-0.19845486,0.9504278,1.778361,-0.37784436,-0.4483371,-1.1935861,0.15078104,-1.2329398,-1.5083461,0.10501684,0.3281264,-0.17289923,-0.6793118,-0.2768132,-0.8371901,-1.163531,-0.048406526,-1.5015836,0.23505819,-1.0768206,-0.8720287,-0.9475352,0.6947507,-0.26200947,0.2273528,-1.298677,-1.0631939,0.0071897544,-0.8826477,0.59803516,-0.15336321,1.0882237,1.5175288,0.42449468,-0.9073281,-0.13287179,-0.36588135,-0.43689978,1.0622417,-0.3618555,1.0431734,0.4513408,0.44504887,-0.5356277,-0.40212288,1.4933556,0.37947935,-0.13916796,-0.12999846,0.8534719,1.1553948,0.054453995,1.9865143,0.9681095,-0.8907981,0.30330518,-0.16909342,-0.723952,-0.5577486,-1.2625192,-1.0205512,0.011583925,-0.6762721,-0.21227388,-0.8542946,-0.27648488,-0.9273077,-0.8470869,-0.0028368556,-1.6269219,-1.6040431,-0.93304276,0.23646224,-0.43780082,-0.71469563,0.1164833,0.009174334,-0.6640692,1.2535902,1.9765061,0.55864775,0.41117415,-0.31866848,0.02443496,2.5225048,0.27677098,0.87237483,1.0199935,0.27172187,1.2297354,1.0719749,-0.28554553,0.73209506,0.75794137,0.05171953,0.9011619,0.93966633
1.7112074,0.71766514,0.43454066,0.8671957,0.43251932,1.6432983,0.42874447,0.39620498,0.606144,-0.103128746,0.26612344,0.35591227,-0.45221204,-0.97277516,-0.8636122,-0.8499154,0.09731393,-1.1182741,-0.7821991,-0.092229225,-0.47828808,1.112405,-0.55678844,-0.43985075,1.1677437,-1.0046543,0.9030073,0.79720616,-1.0118353,0.9693742,0.69930774,1.9679363,-2.11176,-0.0027818957,1.9742913,1.270118,1.1650263,0.86927956,0.728972,0.78181934,0.92323273,-0.10073147,1.6668729,1.1792293,2.2142072,1.8904221,0.47228122,2.0569706,2.604798,1.1951214,0.48267573,1.0995154,0.44746011,1.2108786,-0.61734366,2.257637,-1.2883737,0.25412223,-0.99294454,0.7820177,-0.7781954,-1.5394466,-0.7644228,-1.1678528,-0.84008366,0.50310093,-1.0766798,-1.5170159,-1.6511271,-1.1928105,-0.37917802,-1.3160679,-1.5154933,-1.5802387,-0.92554355,-0.4926641,-1.1268715,-1.0253358,0.5666214,0.5663752,-2.1431818,-0.53912264,0.8114593,-0.16460699,0.38157153,-0.3042029,-0.13562655,0.25846237,-0.79192084,-0.6608459,-1.5059015,0.27680898,-0.60081494,0.6622141,-0.1573107,0.8184585,0.84144825,-0.8485144,1.1447692,0.93381256
-0.30749673,0.012910772,-0.22887397,-0.60545397,-1.7795849,-1.2003196,-0.7438109,-0.28458774,-0.93826306,-1.4273266,-0.57563764,0.708397,0.0036996922,-0.5522445,0.62771153,-0.3302666,-0.69293374,-1.2413386,-2.0474825,-1.0821471,-0.7176314,0.21406631,-1.2360579,-0.72793233,0.08241769,0.048174594,0.76507926,-0.5268243,-1.1664023,-0.10150993,3.3417938,1.4997324,-0.27659518,-1.3025146,1.2549722,-0.28657693,0.7039873,0.6519311,0.419675,-0.30461904,-0.8607763,-0.30802065,1.3327389,0.667534,2.0256665,0.77450037,-0.33318952,0.9624026,-0.24412912,-0.28184828,0.09370835,0.26091567,-0.22241196,-0.20165193,-2.5638828,-0.24905878,-1.5933942,-0.16453132,-0.64320326,1.4625123,1.3482517,0.81860054,0.4214099,-2.6395898,-0.34581235,-1.2882426,-1.4344289,-1.1861409,-1.2544614,-1.6389006,-1.3832165,-1.424509,-1.6766834,-0.90536463,-0.82798433,-0.54413295,0.11783812,-1.0773526,1.0130492,1.7828337,-1.7183996,-1.4628171,0.30840248,-0.2644412,-1.7847275,-2.0428052,-1.8625144,-0.95988715,-1.1332707,-1.7941103,-0.5785603,0.12579672,-1.2054265,0.5785472,-0.8308433,0.013333335,-1.6429032,-1.6490684,-0.56786585,-1.1354489
0.3506516,0.13970914,0.06969066,-0.5687469,-0.64242715,0.3674355,-0.43087235,-0.5615358,0.38846782,-0.680138,1.0815786,0.5095529,0.50549775,0.87949824,0.17825644,0.7795857,1.0286626,-0.0060124435,0.5619455,0.1905057,-0.6797317,-1.160629,-0.8975928,0.1939872,-0.30725244,0.06339674,-0.9851836,-0.11392345,-0.49350822,-1.4793323,1.8774018,1.6338564,-0.930708,-0.56184125,0.37830478,0.27688664,0.3496016,-0.65879124,-1.8130134,-1.0307428,-1.1187477,0.05179415,-0.3816379,-0.117460996,0.3940965,-1.4644188,-1.2753329,-0.64192647,0.53398746,-0.723162,-0.3076702,0.050299503,-0.28438568,0.4782734,-0.3426143,0.35508028,0.18630172,1.3901571,-0.13860995,-0.43953204,-0.9759848,-0.054705318,-0.9562996,-0.12460495,-1.564297,-0.28095675,-0.27979827,-2.1286902,-1.5310197,-0.6299081,-0.71957976,-2.0980735,-1.1797096,-1.8535905,-0.056464694,-1.0607482,-0.6151688,-0.8519543,1.1374513,0.005428534,-0.8328033,-1.2805121,-1.0129427,-1.498125,-1.7518748,-2.7970278,1.0811685,-1.3884538,0.22579119,-2.1845033,-1.5120165,2.1279547,-1.1359748,-0.73575634,-2.251314,-0.2905926,-2.4467907,-1.3486799,0.65355366,-1.169617
0.97406393,-0.87446344,-1.4365999,-0.42701727,0.47484082,0.8453123,-0.35145387,-0.79901946,-1.1869057,-0.06903195,-0.23378234,-0.17666994,-1.0952691,-1.3286148,-0.82884187,-0.49214342,-0.22233015,-1.0370407,-1.2078905,-0.4187377,-1.1707076,0.5592508,-0.34708992,-0.7403263,-0.17838605,-0.28640893,-1.5093797,-0.6275473,-0.38459653,-1.6125258,0.6394864,-0.22627649,0.111417755,-0.7029231,-0.29313478,-0.17113762,-0.7324041,-0.5315135,-1.63553,-0.8617638,-1.4696445,-0.7791036,-0.49318454,0.33289787,-0.6336012,-0.2355556,-1.0168068,1.0270661,1.5409913,-1.2089151,-0.7565274,0.7269248,-0.38166258,0.5115513,1.1512192,1.6690735,0.44691095,-1.183653,0.63423127,0.41160908,-1.8051202,-0.7695777,-0.54772437,-0.4456475,-1.4528047,-2.2099822,-0.17257597,-1.3226013,-0.32776877,-0.6527316,-0.4702284,-0.9493153,-1.0733895,-1.6070868,-0.51516235,-0.5510654,-0.82993186,-1.7331218,-0.5402398,0.61881673,-0.86931676,-0.649488,-1.0115756,-1.3219473,-2.2275522,-2.2324662,-0.57491785,-1.241744,-0.49018735,-2.0713985,-1.6925306,1.1400988,-0.36534894,-0.65981555,-1.4323045,-0.27226517,-2.0841243,-1.0752387,1.5633507,-0.533827
-0.009495562,0.153699,-0.4528834,0.22046347,-0.47001463,0.5232009,0.2951794,1.149345,0.47798836,1.2934088,-0.20218092,-0.2747374,-0.13948955,-0.68483204,-0.17635706,-0.19813332,-0.17109548,0.17786296,0.2390706,1.1253155,-0.16276632,-0.7203189,0.098320395,-0.26076686,0.05869649,-0.53081137,-0.3694177,-0.07290938,-0.35320115,-0.13977993,1.2153231,0.806974,0.43194976,-0.1254657,0.1147069,-0.5104888,0.45442456,-0.5417503,-0.26332173,0.12856507,-0.50669414,-0.9887375,-0.8347545,-0.74051505,0.37544343,-0.90917706,-1.4441305,0.31887072,0.36230016,-0.8395709,-0.5372881,0.86835253,0.25757053,1.2795496,0.93313843,-0.05222001,-0.97422504,0.06824204,-0.43570146,0.5197406,-1.0319223,-0.007277548,0.857656,-0.236561,-0.7284902,-0.7327649,-0.44057277,-0.21769823,-0.26751512,-0.09571181,-0.21731116,-0.61514866,-0.4379713,0.2917304,-0.8988235,-1.217587,0.39360636,-0.67528266,0.37859306,0.43251508,-0.5809573,0.001283677,-0.21469615,-0.5580583,-0.40053865,-0.70203716,0.36585808,-0.16445239,0.8651113,-1.1986568,-1.5541335,-0.16610399,-1.2249917,-0.4159073,-2.9627643,-0.4425005,-0.8121867,0.28988442,0.1449978,-0.64878136
-0.80088073,-2.416944,-1.9500737,-1.8662686,-0.9892078,-1.757298,-2.3369367,-2.3689713,-1.3779452,-0.67926425,-1.0193354,-0.86371195,-1.3361309,-2.3015141,-1.7725295,-2.2152412,-0.35744166,-1.5461153,-1.6836365,0.8081736,-0.86687535,-0.59911263,-0.80969626,-1.2146457,0.7884891,-0.6620103,-1.3078179,0.56493586,0.11248629,-1.6583298,1.1093408,-0.7909481,-0.7873973,-1.1921586,-0.8919888,-0.8543624,-0.18638603,-0.92000777,-1.9556556,-2.7715118,-1.9047505,1.4044732,-0.76374406,-1.1064682,0.069835134,-0.6116663,-0.7345746,1.3001602,-0.18268085,-1.3707738,-0.9422237,-1.2244309,0.6345517,1.7218212,-0.7902053,-0.34342372,0.96254516,-0.7282886,2.170776,0.14721626,0.42400828,-0.34082258,0.22989649,0.41884598,-0.21051542,-0.1755627,-0.003582246,-0.28122452,0.5878995,-0.1218242,-0.4172197,1.3742601,0.48008052,0.35570544,1.1444176,0.5539914,0.22997615,-0.28887618,-0.24245907,0.2320251,0.8236553,0.19643113,-0.7167913,0.0024712984,0.079805784,-0.005144375,0.07553852,-0.06412236,0.42105073,-0.1913864,-0.06717273,0.39070332,0.39452395,-0.9511259,-1.194585,-0.78785306,-0.4248725,0.8764393,0.07307752,-1.2631207
-1.4049717,-0.7079128,-1.4284911,-1.0497137,-0.8316956,-0.78013676,-1.3132775,-0.967236,-1.3407663,-0.6692449,-0.46676362,-0.84667003,-0.5395108,-1.3227172,-1.2716032,-1.322133,-0.89075047,-1.5780337,-1.8319657,-0.40852374,-1.3281718,-0.45309958,-1.788535,-1.1822101,-0.13750558,-1.1626296,-1.4113932,-1.1370527,-0.8979962,-1.3803886,-0.002722626,-1.4200497,-1.4328712,-0.04271596,1.3399935,0.01349823,-0.34541312,-1.3397005,-0.5332582,-1.5286314,-0.62167376,-0.62574625,-0.8536119,-1.4735394,0.0021775337,-0.7003191,-0.20992902,1.1674701,-0.54882807,-0.57361853,-1.2605882,-0.96640706,0.2479862,0.03189825,-0.4676024,-1.3454591,-0.06830175,-0.39377666,0.39526576,-0.789043,-1.0309697,-0.1728961,-0.2415051,-0.8992834,0.33094943,-0.6583293,-0.22715893,-0.19004925,0.1742886,0.05072626,-1.2008158,0.52810144,-0.4330787,-0.9687489,-0.63729274,-0.86018735,-0.5008953,-1.4646369,-0.55743074,-0.85083574,0.7965001,1.4165194,-0.3707125,0.89358306,-0.9060687,0.30232906,0.23819394,0.53649014,0.7056742,0.23976307,-0.82557744,-0.7278097,-0.68788904,-0.42483902,-1.8795004,-1.5039235,0.033613082,1.2010999,-0.4360963,-0.6160287
-0.77901304,0.4848672,0.39985272,0.26579893,-1.0778519,-0.93366814,0.3289743,-0.03575396,0.4722324,0.666532,0.9084364,2.2869937,1.7290334,0.27400398,0.8733094,0.18927038,0.6740576,0.93616575,0.489103,0.84965235,0.6836628,1.0895075,0.99611586,1.3488861,1.1255635,1.4938924,1.3737026,1.2121718,1.769495,0.03953625,-0.010858558,0.8061803,-0.41235715,0.2857802,0.6980159,-0.24645422,-0.31415156,0.37960088,0.6461025,-0.33457306,-0.1858839,0.5828295,1.4132618,-0.5089456,0.14971823,0.31666628,0.3564012,0.74132174,-0.66911334,-1.1582578,-0.38417852,0.99940956,1.3244822,1.6689597,0.099183984,-0.2463608,0.58481425,1.4292457,0.9055182,2.3912303,1.0498228,0.5648149,1.4727998,2.283377,1.3980466,1.2613324,1.1928746,1.3456559,0.887312,1.2524824,1.4839807,0.98219866,1.6413637,0.3620377,2.353676,0.47997093,1.631349,0.68102705,0.8751552,0.37104747,1.446005,0.85594946,1.0191885,0.8261073,1.4652908,0.62407887,-0.25101948,0.48100063,0.9640401,0.41341853,0.3129426,1.0009208,0.7921887,0.5211849,0.2911503,-0.28209502,1.3115346,1.1631713,-0.32618085,-0.22967963
0.12773369,-0.60083777,-0.17176417,-0.73289126,-1.9463985,-1.0325068,-0.6754513,-0.59684545,0.88728976,0.7707011,0.5043279,1.853255,0.70497906,-1.0409323,1.3024127,-0.24062707,-0.2569646,-0.76153404,-0.051604606,0.41987595,0.25146514,0.14962102,-0.4468601,0.5081834,1.5968679,1.3553388,1.0193571,0.63479614,1.2951459,0.2536743,-0.92775714,1.9306439,-1.5429215,-1.2936591,-1.2179965,-0.7987392,0.63530266,-0.010812304,-0.037283745,-0.15428515,-0.6482977,-0.072749496,-0.23303598,0.9921443,-0.9000857,0.8113377,0.2162221,-1.5492514,-1.2285753,-0.257804,0.57080615,0.75081533,0.6769364,-0.6998803,-2.691597,-0.4148328,1.1837338,0.041637015,3.121169,1.4276323,0.7873539,1.4171321,0.5581577,2.5344923,0.7172042,1.8164952,1.4282633,0.7726688,-0.76823735,-0.34369746,2.2715719,0.4352226,0.26170164,1.9698409,2.525156,2.1482182,1.8569174,0.583538,-0.33963773,2.2007396,1.0870608,-0.40738344,0.48319587,-0.85733837,1.4069192,1.4384334,0.17806114,1.1991004,0.6207434,1.9988571,2.0283868,0.94963056,2.5832937,-0.068161435,2.091543,0.4474028,1.0075302,-0.28241724,-0.5690157,0.67048776
1.755588,-0.42159325,-0.12237609,-1.40256,-2.380482,-0.62070054,0.045559466,0.086362235,-0.14329235,-1.1090127,-0.16717446,-0.9297487,-0.15557083,-0.43470064,-0.14878505,-0.47726086,-0.5161657,-0.5604198,-1.2273055,0.008705304,0.28875577,-1.1475025,-1.2667605,0.06305724,0.8874377,-0.31308177,-0.90562695,0.14065255,0.22988583,0.11751171,0.4282477,1.3677775,-0.25203258,-0.20251906,-0.55670244,-0.5741404,-0.7137807,-0.30836228,-0.017971098,-0.038665563,0.3342007,-0.08226748,-0.7220511,-0.47183657,-0.30387488,-0.3704244,-0.2879654,-0.88126796,-0.6282817,0.184038,0.6822464,-0.47464368,1.2576501,-1.573512,0.16779427,-0.62639934,0.42847008,0.22540605,0.93623674,0.20112836,0.2838826,0.16337742,0.7514566,0.04638932,-0.2753517,0.249067,1.008805,0.59035414,0.39476767,-0.17848939,0.39845937,2.4492798,0.37351668,1.2799939,0.79732966,0.16011193,0.863035,-0.058638636,0.5125203,2.175865,0.93152726,0.97011846,0.274507,0.07053902,-0.589308,1.9509553,-0.45842174,1.4176371,0.17037049,1.9766434,1.2044402,1.8671069,2.1592715,1.0439525,1.0745959,-1.1020035,0.2913856,0.65603226,-0.53748673,0.8503973
-0.3357692,-0.27715865,0.5294922,0.09041221,-0.7981262,-0.64331764,0.021100437,0.23270552,0.33081704,1.1949794,0.53850687,0.9285865,2.00651,-0.4568119,0.5178175,-1.0092537,-0.11035643,0.55069554,-0.08945972,0.19967791,-0.33189887,-0.15895239,0.19508035,0.53880304,0.16400328,1.2340567,0.8976935,0.62368065,0.07934295,-0.11505307,2.0483398,1.6761999,0.8959587,0.39814597,1.2256129,1.3507557,0.7965983,0.78688633,-0.2725983,0.5665405,-0.17688912,-0.26729533,0.39127216,0.40702245,1.3286259,0.18572672,0.59290713,1.0562664,0.035522815,0.72326535,-1.7359542,0.1913611,0.024742132,-0.12267098,-0.024863625,-1.1372875,0.3841857,0.09146519,0.95770866,1.79098,1.4721881,2.16691,1.4119029,-0.6689268,-0.315903,0.8008754,-0.9873803,0.87695706,-0.11334768,0.7040318,0.6779814,0.51952314,0.39146203,0.55996823,0.15986179,0.52707016,0.3678961,-0.28269362,2.9653852,2.5213687,-0.48484188,0.6461762,0.9091013,1.1083368,-0.28019467,0.52609116,0.6838063,0.54990214,0.5311213,0.06819369,-0.61290437,-0.07060771,0.23644878,1.7252355,0.7483787,-0.2687739,-0.2571661,-0.27674523,0.11161485,0.4439309
-0.91944945,-0.616657,-0.4891371,-0.86357015,-2.7503264,-1.6314087,-0.26374492,0.020556042,0.18803342,-1.3457743,0.1014014,-1.0886898,2.107821,-0.6766329,-0.2734386,-0.41078782,-0.15917967,-0.058114424,0.25932026,0.18893352,-0.09185971,-1.7960582,-0.2587898,-0.47071406,-0.053002737,-0.032535803,-0.09816017,-0.78808117,-0.17291805,0.30795205,0.263498,2.1230278,-0.32482725,-1.4015104,-1.3953917,-0.5173022,-0.4144814,1.0491239,-1.1622258,-0.91634935,-1.5542334,-3.0380342,-0.47225517,-0.7583988,-0.70794594,-1.0121796,-0.90428543,-1.440234,-0.82852066,-0.44724777,0.38370004,0.34728903,0.017839715,0.034966905,-1.3308868,-2.5278833,0.24918838,0.78649133,-0.017522745,1.8594456,1.6142418,2.664938,0.018580375,-1.3355609,-0.6019401,-0.751586,-0.9870642,-0.392271,-1.4121798,-0.6955417,0.2591698,-1.2506793,-0.6422664,0.027073171,0.6817505,0.34327382,-0.40445927,0.06879403,-0.6163876,1.1151702,-0.5684162,-2.0284088,-0.41809177,-1.2323697,-0.075217366,-1.6153791,-1.016884,-1.1941797,-0.5127675,-1.2273368,-0.6759251,2.4975512,-0.56545573,0.27636796,-1.2082632,-0.36626625,-1.0037028,-1.1949273,-1.1556888,-0.7243281
-1.4071282,-1.0891883,-0.9771924,-1.2655996,-1.9567881,-1.5995185,-0.4387121,-0.094823726,-0.23286326,-0.32812673,-1.0451988,-0.53664,-0.37814254,-0.30115217,-1.1284839,-1.7881899,-0.889611,-0.9923304,-1.6169325,-0.15570082,-0.84420234,-1.7286763,-0.952508,-0.67605364,-2.3807616,0.57345295,-0.27718893,-1.8261487,-1.4243975,-1.5455517,-0.6802252,1.6728746,-1.7532403,-1.51509,-1.7957178,-1.422444,-1.1388668,-1.2344363,-1.4439837,-0.9533757,-1.5792314,-1.4773839,-2.0748186,-1.4742203,-1.6035333,-1.7344984,-2.7448606,-1.9357113,-1.6809902,-1.1931517,-0.30371612,-1.049243,-1.2895669,-0.09330832,-1.70648,-2.242528,-0.18648602,1.1633849,-1.2296484,0.81997114,0.023484813,1.2163602,1.8776174,-0.77452165,-0.23342325,-1.2362381,-0.6426669,-1.0411478,-0.61333394,-0.18176176,-0.452293,-0.97190666,-1.0070084,0.31789553,-0.21633877,-0.65958285,-0.5423252,0.054654174,0.05307646,0.25117803,-0.7237724,-1.578049,-2.0918324,-2.5104845,-1.0582963,-2.0083866,-1.2704935,-2.2988055,-1.1301951,-2.0982935,-2.0475352,-0.9441084,-0.894285,-2.040397,-0.74423647,-2.1009617,-2.7684343,-1.0855656,-1.1088991,-1.5566665
-0.61573815,0.26588348,-0.8171822,0.18675445,-2.5822344,-1.1041375,-0.0076077566,0.5634226,1.1190536,0.7007551,0.03867576,1.2414136,-0.95783037,-1.0707235,0.32394412,-0.55101174,0.4375057,1.0738438,1.3834081,0.39594954,1.2420225,0.29481143,1.3080919,1.6608102,1.3679423,0.54126453,0.7220828,0.08173183,1.6703774,-0.19252102,2.849778,2.5832887,0.74594975,-0.16074944,0.6670707,0.066107064,1.0058249,0.8633813,0.33909267,-0.26573592,0.21016036,-0.1347392,1.4824626,0.3138629,0.29192168,-0.44210398,-0.32135397,-1.2348517,-1.3722919,-0.16643547,-0.31718746,1.0919049,0.6706651,-1.1475308,-1.8790077,-1.5339661,-1.0064191,0.66935116,-0.05560968,0.2149963,0.85677266,0.45333135,1.7042618,0.015001246,-0.43640113,0.4546688,-0.42206836,0.41303748,-0.29302952,0.9283095,0.6937752,1.1981385,0.7461815,1.3191861,1.0636811,0.38304847,0.41053018,0.41714337,2.1151886,2.8409798,1.1005731,-0.11582953,1.2262794,0.7732796,0.8692172,0.7281476,0.75724,0.048767537,0.44432253,1.7123791,1.1263962,1.161457,0.46891373,2.0681944,0.7057883,0.86899704,0.81249446,1.3555818,-1.3424742,0.6744999
0.82682705,0.13554427,0.40766412,0.28277898,-1.4600422,-0.5511114,0.439582,0.23886703,1.2131386,0.1398756,-0.281709,-0.24004544,0.27371594,0.6153627,0.45892742,0.58062184,0.9639998,0.69080955,1.4077166,-0.3186927,0.5643603,0.39137384,0.667245,0.7135134,-0.5015242,0.49905494,-0.26952797,-0.6933113,0.39587256,-0.012755041,0.37266913,0.6196075,0.52449024,0.70227027,0.32933354,-0.22542189,-0.7116694,0.4406496,0.45858836,0.17589101,-0.04646629,-0.7629306,-0.3379922,-0.9308766,-0.29913712,-0.62550133,0.35751617,-0.38117692,-0.536732,-0.37969345,0.23713852,0.9956441,0.99996126,0.08412729,-1.151679,-0.5355535,-0.008269205,0.5758779,-0.20856103,-0.16653855,0.24737446,0.13483684,0.5669468,1.0643994,0.4324707,0.4584438,0.10377114,0.34895426,0.30963942,0.13982171,0.8911911,-0.1042016,0.9229299,-0.19106181,0.4385129,-0.25821862,0.3214247,0.7397761,0.048697323,2.0472755,0.25357938,-0.7670722,-0.2008454,0.05078719,-0.18907894,-0.6542993,0.1278298,-1.4893994,0.29653686,-0.33726346,0.83532476,1.5446692,-0.10319109,0.31418687,-0.50004035,-0.94090927,-0.59069765,-0.09810106,-0.7791496,-0.48277184
0.95896155,0.94980645,1.1266229,0.95931536,1.3829089,1.3835509,1.4528042,1.1471679,-0.93130845,-0.29815966,0.10448862,0.4590571,-0.40027407,0.5431407,1.4685621,1.649732,1.693142,1.9106222,2.129573,-0.7024761,1.5214468,0.35842147,1.2910389,1.5651598,1.3486598,0.6685435,-0.34111288,-0.56718767,0.932633,0.27456957,1.012621,3.605701,2.3828616,1.3456635,-0.0050639985,-1.1015024,-0.8742458,0.4970152,-0.3185999,0.78028727,0.8188041,0.11633958,0.5477007,-0.45333737,-1.0382942,-1.7581235,-0.8361797,-0.37651342,-0.6494724,-1.3637761,1.5891771,0.9220415,1.3723011,-0.070186034,0.57441914,-0.34761137,-1.3109803,-1.3315951,-0.11192778,-0.15128808,0.5406284,-0.39144135,-0.7696831,-2.219862,-0.7506037,0.22835413,-0.31888932,0.25301793,-0.005092467,0.2629337,0.7979385,-0.010914103,0.1869339,0.3300813,0.25514087,0.34529275,-0.88833416,1.0733348,0.95164824,1.8488321,-0.162602,-1.1845921,-0.89752215,-0.59070086,-1.3805355,-0.6146951,-2.1509774,-1.5226132,-0.6923621,-1.1863184,0.9228716,1.3980757,-0.599952,0.7613964,-0.15249084,-0.12341149,-1.8565005,-0.7908494,-0.67015666,-1.293118
0.22908783,-0.52552,-1.1708026,-0.44884005,0.2741143,0.07539831,-0.7632245,-0.54064876,-0.98484325,-0.3563388,0.13814229,1.08141,0.5993958,-0.10024454,0.10711396,-0.35462394,-0.28866827,-0.122137755,-0.2974472,-0.19851552,0.1550378,-0.32106912,-0.5602425,-0.14450216,0.47839767,0.43511167,0.70385945,0.60963005,0.14050707,0.24850656,-0.2432437,-0.04278195,-0.41275135,-0.06341811,-0.04331478,0.2383995,0.06682721,-0.14603102,-0.22805913,-0.61664575,-0.22935386,-0.07343055,0.050233915,-0.064317085,-0.3045414,0.0033535094,-0.32434636,-0.17664722,-0.31816104,0.080571346,0.9824098,-0.27329347,-0.38160676,-0.60261494,0.044135485,0.16451289,0.85756975,0.1068477,0.84467286,0.24497062,0.15079942,0.58885646,1.2949649,-0.13173777,0.67153573,-0.249322,0.27478725,0.8810651,0.64604545,0.50694025,0.071114294,0.8518956,-0.07456034,0.5499734,0.029212542,0.38092223,0.037965182,0.041472837,0.5308944,-0.061463855,0.027096167,0.65867704,0.49782363,0.3419691,0.4045171,0.76477194,-0.15448056,1.1953101,0.05752906,-0.1965485,0.09311538,-1.876334,-0.43262705,0.0723814,1.2317387,-0.07035107,0.35780603,0.12445705,-0.025477754,0.16045609
-1.21402,-0.22358751,0.5562382,-0.32446024,0.10050131,0.627623,-0.40826672,-0.66366625,-0.015052849,-0.74579966,-0.055196468,-0.80266625,-1.5060595,-0.709831,-1.0051012,-0.34007388,-1.2966167,-0.8146976,-0.98006123,0.20813797,-0.42148334,-0.4332969,-0.1011555,-0.7333804,-0.501684,-0.7630304,-0.77724534,-0.014360307,0.10131737,-0.28168258,-0.92813456,0.033848133,0.30598095,-1.008978,-1.5166749,-1.1079953,0.3357764,-0.7317242,-1.1527673,-1.0701251,-0.4984014,-0.94906986,-0.7616445,-0.24009778,0.16531289,-0.30258304,-0.42242536,0.37670034,0.22250287,-1.0099409,-0.41941753,-0.47096023,-0.37628937,0.07067733,-0.481048,-1.1009271,-0.8898165,-0.8999114,0.3508753,-0.1251314,-0.4954384,-2.0944507,-0.96118957,0.021452658,-0.83813494,-0.7279045,-0.0046222634,-2.8132915,-0.77607036,-0.7510765,-1.2494845,-0.87784886,-0.36077958,-0.9992222,-0.3697531,-0.0084077,0.035439584,-0.60345024,-0.56471056,-1.375125,-0.013933799,-0.059217244,-0.36350656,-0.21786872,1.0733608,0.6122869,-0.11937827,0.24353597,-0.8825637,0.12339825,-0.67179745,-0.90855485,-0.46980038,-1.0464468,-0.48359376,0.26093692,-0.3162459,0.6636483,-0.16049816,-1.4234644
-0.036043163,-0.38384923,-1.1791315,-0.3975539,-0.031155713,-0.42921895,-1.3627281,-1.0513483,-1.2989235,-1.082728,-1.3944972,-1.6788268,-2.7693207,-1.5758426,-1.8770022,-0.7912828,-1.6044457,-1.7166024,-0.966472,-2.027025,-0.65899694,-1.5743686,-1.2878287,-1.0558946,-1.1131235,-1.4573783,-1.7049947,-1.9879799,-0.7788617,-1.562695,-0.5064012,-1.7046816,-0.08653263,-0.6119591,-0.3692966,-1.6439718,-1.1025718,0.027927188,0.5265384,-0.81427383,0.23327287,0.8225923,0.1985894,-0.41525057,0.44036674,0.06483452,1.0891261,0.32711238,0.017876783,-0.110931545,-0.46646783,-1.1691686,0.031105405,-0.19741838,-0.5771725,-0.6048012,-0.479419,-2.7059956,0.937295,-0.9916028,-0.083353266,-1.0178148,-0.7603221,-1.399378,-1.4485369,-2.7216048,-1.0986615,-0.47374076,-0.6013318,-1.5048383,-1.6621778,0.4129665,-0.68998915,-0.42469943,-0.8456239,-0.3769531,-1.2133313,-1.2612956,0.7516044,-1.0360229,-0.1524872,1.422675,0.41860646,0.19979481,-0.9038632,1.0265237,-1.3834636,-1.6116331,-1.8239124,1.8945484,1.2973354,0.811638,0.032826513,0.8351604,-0.18411767,0.028495818,0.7130454,0.47765377,-0.45908636,-0.7232647
-0.8756709,-0.47471067,-0.23090684,-1.294744,-0.5143755,-1.0828494,-0.58422816,-0.6929552,-1.5798578,-1.0937238,-1.1178113,-0.90563893,-0.65850705,-0.7813588,-1.0103499,-0.6786426,-0.96145314,-0.75533104,-1.0401237,-0.3574756,-0.5710678,-0.19670893,0.14843206,-0.59884083,-0.4606161,-0.7663835,-0.72194403,-1.001078,-0.6392365,-1.0039381,0.858128,0.5523272,-0.9042871,-0.75741076,-0.07864815,-1.2107986,-1.7394512,-0.3365912,-0.94240046,-0.3721895,-0.18820201,0.34869927,-0.72486407,-0.99318004,-1.0914533,-0.70492005,-0.15464757,-0.015892666,-0.1798346,-1.105825,1.237997,-0.3130005,0.28149605,-0.81834936,-0.11998087,-0.78892785,0.5660852,-0.8534814,-0.29615745,-1.952253,0.5012364,-0.26507753,0.032556105,-1.0339911,-0.71244746,-1.8884349,0.43344402,0.43314114,-0.4053654,0.26724893,-0.36752963,0.7905891,-0.21357514,0.59356654,0.47465715,-0.1999817,-0.7648881,0.3770608,0.27273443,-0.06846888,0.97997344,-0.55691683,-0.120394066,-0.034466643,0.1893223,0.45996407,-1.0896251,1.2407459,-1.3393352,0.9983061,0.03973399,0.119777575,0.009314478,0.714991,-0.21592821,-0.71261096,0.3224069,-1.0580486,-0.8878609,-1.1614237
0.2025665,-0.33194563,-0.2452681,-0.62439287,0.9651398,0.2336101,-0.60620457,-0.19057459,1.193422,-1.052936,-0.6975784,-0.76345295,-1.3341821,-1.114639,-0.7529617,-0.635243,0.22152457,-0.97202194,-0.73767364,-1.4128069,-1.8466966,1.2647914,-0.67353785,-0.23309106,-1.302659,-0.021821486,-0.81777215,-0.6168593,-0.39172864,0.31406388,-1.0591063,-0.13154191,-0.08106414,-0.7312351,-0.7270305,-1.67738,-3.3857005,-0.6061702,-1.1389648,-1.0172962,-0.97369784,-0.7388672,-0.581038,-0.5694388,-0.97442263,-0.6758605,0.060134534,-0.70281357,-0.3217187,-2.026964,-0.9302833,0.04706778,1.6267514,0.21865696,0.124932505,0.72836107,0.94229484,1.2447759,-0.39358622,0.54656947,-0.33391988,-0.82979494,-1.8518609,1.1969218,-0.053743396,-0.75339085,0.5925252,0.20142713,0.73102236,0.12483972,-0.7360602,0.03196407,0.533168,0.011116061,-0.31647658,0.26191124,-0.09350815,0.26794133,-0.8646023,-0.89748365,1.3189741,0.10313289,-0.9174889,-0.5163865,-1.0427976,-0.6036243,-2.6877942,-1.3217049,-0.52227604,-0.15984704,0.5299993,-0.09931982,-0.6683423,-1.2617338,-0.879021,-1.3468829,-1.0534761,-1.5232279,-0.3247123,-1.6718589
-1.0708306,-0.11518033,0.52053034,-0.44805953,-0.44475332,-0.42284018,-0.4575994,-0.32958487,-0.24321464,-0.6714081,-1.4947096,-0.28120852,-0.6214164,-0.60891944,-0.24849571,-0.99910784,-1.122537,-0.14477673,-0.00925015,0.13594,-0.5728124,-0.285974,0.70459,-0.5580762,0.33219984,0.8746337,1.8974159,1.4418551,0.04166654,0.37774825,-0.7751746,0.3431387,-0.34258258,-1.6717596,-0.6575831,-1.7823762,-0.8216106,-0.65880245,-0.5087942,0.22978747,-0.35892615,-0.016591504,0.9982551,0.42499664,-0.30799896,0.63720053,1.0784277,-0.86684024,-1.0694889,-0.9801256,-0.5698341,-0.39234856,-0.8424183,-0.79004246,-1.0050858,-1.3603942,-0.85886985,-0.12891392,-1.3112309,-0.47497177,-1.1768107,-0.4433229,-0.012319595,0.43167084,0.37328777,-0.81866676,0.09180029,0.13971624,-0.18452054,-0.50053614,-0.24248838,0.019625971,0.27250716,0.7153258,-0.485999,0.33143973,-0.08516421,1.012858,0.5144982,1.0054837,0.013379419,-0.9542975,-0.09299865,0.27192554,0.5374461,0.49494812,-1.3881922,1.1631196,-0.9770895,-0.24527751,-0.65417385,-0.9898046,0.14513816,0.61750895,2.092022,0.057241533,0.41640136,-1.1093792,-1.0611559,-0.29434967
-0.56192577,0.61637604,0.5385807,0.1979739,-0.056049183,-0.06429224,0.6196675,0.3978392,-0.46278378,0.64061165,1.4667144,1.4142518,1.8550835,0.051740594,0.7945735,0.26468801,0.34746692,0.7360024,-0.19112924,-0.3614121,0.6838165,0.60524136,0.74059105,0.9909782,0.7761031,0.5681379,1.9556323,0.19246764,0.588958,1.4311597,0.33707795,1.2312822,0.39837,0.58484924,1.1972362,-0.62579054,0.026591059,2.5794144,2.5385113,1.7605394,1.6655848,1.5976784,1.6921436,1.0853105,0.78954196,2.0677137,1.9517714,0.75328976,-0.6171085,0.24592489,-0.64690876,0.4064909,0.59080625,-1.4021074,0.60432196,0.23610628,0.09796871,-0.6288257,0.55180323,1.2345433,0.81376874,0.26152384,0.561718,1.3021941,1.4880636,1.6300621,0.5907847,-0.074770175,0.47049248,0.40917322,0.8257749,-0.24140476,0.4700595,0.6988063,1.0024906,0.25284803,0.045150597,0.3922596,1.1713947,1.5882587,0.9572868,0.42128682,0.98397917,0.5767619,0.9221919,0.81503385,-0.038041223,0.62912244,-0.37898585,1.2327806,1.3957435,-0.5888586,0.69236904,0.77107686,1.7789034,0.5348649,1.4444422,0.9260304,-0.65522903,0.48295027
-0.5315895,-1.1991259,-0.13843948,-0.58800036,-0.15686531,-1.8154625,-0.7474183,-0.860665,-1.5942919,-0.29812908,-0.15832493,-0.6849152,-0.7809189,-0.97688544,0.06769122,-0.1022773,-0.34387264,0.0034551783,-0.87787443,-0.13033314,-0.17700753,-0.24165356,0.26711127,0.78197515,0.011714564,-0.89299744,0.2633163,0.3049714,0.81798,-0.8476222,-0.14610463,0.4228438,-0.023741452,0.6177063,0.116133936,0.24493302,0.96156704,-1.0801791,-0.5851366,-0.3206305,-0.36520612,-0.03392692,-0.9763628,-0.27936372,-0.6057195,-0.33319014,0.32495221,0.15785146,-1.2806811,-0.6999333,1.1094007,-0.86238563,0.5931912,-0.015349342,0.50525874,-0.6972017,-0.19971398,-0.93835616,1.3832878,0.517676,-0.096875116,-0.8827511,0.4742435,1.4264826,0.09685668,0.055599354,1.0906001,0.19156548,0.9502213,0.38097122,0.62005544,-0.26531777,0.13386337,0.107552156,0.37385044,0.2063665,0.18944667,0.36046153,0.608402,0.18562515,1.7613502,1.1491606,0.5858584,0.7116365,0.20930782,0.71669334,1.2175621,1.564169,1.2189832,1.1788957,2.6086192,0.8874156,1.0247283,0.21156907,-0.09346675,0.71517223,1.5715138,0.7451582,0.04237347,0.3918294
0.46119604,-1.1482205,-0.8044971,-1.0747466,-0.750689,-0.27903482,-1.1031963,-1.2738936,-1.104777,-0.23857476,-0.99428993,-0.49798414,-0.09378452,-1.7469685,-1.8865924,-1.1543119,-0.5200205,-1.5898287,-0.49415487,-0.6373341,-1.6838992,-0.25416458,-1.2423581,-0.96154827,-0.7992122,-0.63000625,-0.8733421,-0.3679717,-1.0586667,-0.6616048,-0.7162168,-0.10309709,-1.0211675,-0.36263663,-0.6637649,0.46120068,1.6320912,0.7534578,-0.25674242,-0.6944539,-0.41908163,-0.6646561,-0.6717728,0.19737196,-0.5599641,0.14393406,-0.16285501,-0.42061695,0.84471035,1.0469651,-0.6494235,-1.51493,-0.7276156,-0.66080123,0.16382779,-0.13362354,-0.2657623,-0.688591,-0.4679614,-1.6086383,-1.0944314,-0.63990873,0.31176302,-0.93248826,-0.46450275,-0.2517626,-0.54963666,-0.7765451,-0.46667102,-0.30398583,-0.3446401,0.1879421,-1.1041086,-0.5364953,-0.25825956,-1.308141,-0.8825188,-1.3620522,-0.4757204,0.5269587,-0.5016297,0.7761893,-0.8783701,-0.53111476,-1.4745448,-0.097816005,1.5827266,-0.9726958,0.25637728,0.33930102,0.78770405,0.04629047,0.08517723,-1.0786659,0.067792095,0.68719995,0.3480968,0.03129567,0.49384403,1.2580848
-0.15677355,-1.6730444,-0.3442704,-0.68186766,-0.6615018,-0.06420759,-0.71789014,-0.5456832,-1.4124771,-1.5467939,-2.1716135,-1.8842173,-1.0717423,-1.6874688,-1.1774455,-1.5660691,-2.1018069,-1.2438103,-0.13972129,-0.7878148,-0.24963802,-1.5327034,-0.96363825,-1.7813715,-2.0266223,-1.9742934,-1.0187266,-0.52208745,-2.0253725,-2.3664634,-0.0182293,-0.7107232,-0.025379324,-0.5509174,-0.48602137,0.924081,0.44460842,0.55800176,0.3028552,-1.0848997,0.4263119,-1.2321737,-1.2966034,0.48384038,0.24888949,0.2327946,0.07385067,0.7916934,1.2395536,1.2219203,-0.14662814,-1.5440209,-0.53207475,0.6244628,-0.91533875,-1.2242777,-0.95199555,-2.59748,-0.85302866,0.2442061,-1.2459235,-0.85892034,-1.1359138,0.40537056,0.37295416,-1.1308236,-1.2700362,-0.46484232,-1.689814,-1.4455642,-0.6421386,-0.40836906,-1.342733,-0.82238793,-0.9239373,-1.9657,-1.8016402,-2.056454,-0.6308432,-0.5150243,-1.3883972,0.67821246,-1.2054807,-0.93320704,-1.074524,-0.87516344,-0.41089353,-0.7140538,-0.5577464,1.0065991,1.5339286,-0.61279535,-0.7505849,-1.1156845,-0.69022775,0.118711896,0.05889303,0.46125695,1.2034677,1.523918
-0.35258698,-1.1465914,-0.46578005,-0.86881423,-1.0802367,-0.24010788,-1.0110568,-0.5845612,-1.3815027,-0.2132403,-1.9806409,-0.73506576,-1.0615058,-0.4421863,-1.1534851,-0.9591103,-1.331313,-0.7408282,0.27776396,-0.9674685,0.58642125,-1.1876416,-0.7081422,-1.8785845,-1.5034226,-1.6187737,-1.1977893,-1.4260974,-0.83733016,-1.3106687,-0.12154363,1.1688664,0.58434457,-0.25566876,-1.2060452,0.75550747,0.028380228,0.5270427,-0.33391204,-1.2447857,-0.42440245,-0.7790605,-0.94254243,0.5170691,-0.52534163,0.37337652,-0.42805988,-0.05748401,0.5545809,1.5315048,0.54772955,-1.0940063,-1.4239843,0.24978147,0.4704863,0.60672563,-0.12779556,-1.2291018,-0.7471834,-1.786784,0.28448135,-0.9500265,0.12800744,0.62976193,-0.6876267,-0.009002776,-0.948482,0.90339303,-0.37262943,0.408878,0.23223665,-1.1597214,0.7458536,-0.7919209,0.686907,-1.5362266,-1.03776,-0.42312145,0.23178178,0.79537576,-1.4172556,0.28672636,-1.2185857,-1.5478376,-2.4301822,-0.4981953,1.4497455,-1.0022365,-1.2051959,-0.7387164,0.63439757,1.145503,-0.672493,-0.37429824,-0.26124018,1.484528,-0.07343746,0.3483589,1.2338423,1.7416872
0.07574614,-1.4035459,-1.1758748,-0.33233395,0.86034685,0.95322347,-0.91778433,-1.3059485,-1.7945291,-0.44725615,-0.70841354,-0.63935465,-0.59522456,-1.0468464,-1.4912428,-1.56683,-2.6895342,-1.157428,-0.787159,-0.23591289,-0.92240465,-1.1431385,-0.7918176,-1.6492585,-1.2989925,-0.50222665,-1.2371153,-1.6109912,-2.0606523,-1.288171,-1.4667994,-0.35690758,0.2994109,-0.4250444,-1.247183,1.7136556,0.097293355,-0.21188572,-0.19917929,-1.0914842,-0.36581323,-1.5003418,-1.609566,0.30433708,-1.2126995,-0.32943967,-0.43202123,-0.17335908,2.4903877,1.6450624,0.902573,-0.24181576,-1.2743287,2.35825,0.84117573,0.5126081,-0.1484099,-1.4738593,-0.8421087,0.24361601,-0.27677667,0.36123836,-1.2689722,-1.145665,0.35700157,-0.56459403,0.4371733,0.57577854,-0.49487594,-0.56337154,-0.5268797,-0.7740036,-0.38661394,-0.5150742,-0.11495657,-0.49999633,-0.7201913,-1.488695,-0.0005161608,-0.28824055,-0.25473624,1.9505965,-0.5211788,-0.45866662,-0.785863,0.9311101,0.70215404,-1.518625,0.79469776,1.2180752,0.67175794,-0.27979186,1.3115115,-0.7620118,-0.64461017,0.93916863,0.05982531,-0.27785397,1.9913424,2.3773174
0.08559837,-0.5201832,-0.11282765,0.27882525,0.39710662,0.5572685,-0.758413,-0.039839495,-0.44362634,-1.0754901,-1.2814366,-0.9575967,-0.10243766,-0.2193682,0.48617002,-0.36175638,-1.1936082,-1.0309585,-0.7144872,0.13108505,-0.041492768,-0.86908364,-0.48401606,-1.6654379,-0.5003375,-1.8845611,-1.1007478,-1.3635964,-0.6842808,-0.6117908,-1.7454977,-1.2381874,-0.89789957,-0.17339095,-1.3564163,0.85471964,-0.84823555,-0.28928155,-0.8259746,0.63806975,0.31242582,-1.196638,-1.9182097,-0.9585955,-0.5502102,-0.4885885,0.86057067,-0.55881226,1.5200294,0.72045153,0.838326,-1.1295288,-1.7745728,-0.6238167,0.49843073,1.461588,-0.19410282,-0.50663316,-0.8438735,-1.4750425,-1.0048585,0.0049011153,-1.62428,0.6898001,-0.1869337,-0.5463325,0.017928915,-0.84290224,0.072284535,-0.5714266,0.2667298,-0.6087629,-1.2550641,-0.19890442,-0.5417354,-1.9710081,-0.6693496,-1.2803257,0.23094507,-0.679073,0.26774818,1.3591636,-0.057925515,0.49359053,0.073554866,1.0280246,1.1956863,-0.64303374,0.9082649,1.308353,0.970663,0.16525166,-0.1532359,-0.62792426,1.0558197,0.45215014,0.45563054,-0.14495829,1.7270103,1.5641828
1.2904766,0.06090252,0.21602817,0.334441,0.27150348,1.4201192,-0.19593301,0.13510472,-0.7550079,1.4129328,0.56109756,-0.83204544,0.023581998,-0.6912282,-0.033414602,-0.030783582,-0.009870315,-0.049948867,-0.27617815,0.36822394,0.26606005,-0.022540534,-0.4326286,-0.88803846,0.09241757,-1.1662868,1.2769505,0.9675919,0.93678516,0.1270262,-1.4861693,-0.5176313,-0.23163569,0.03399908,-0.13693108,2.4719093,1.2078327,2.4715517,1.0283989,1.1014391,1.009936,0.53836834,-0.25805402,1.9871187,1.1236535,2.246778,1.6071775,1.0755363,1.856237,1.9717948,0.7690214,0.9282671,-0.18796234,0.3141409,0.32314262,1.6200261,0.5071633,-0.07633299,-0.31914905,1.2047143,0.45164165,0.25710475,-0.4075527,-0.22626196,-0.22314872,-0.07766314,0.032968793,-0.2260027,0.1546166,-0.3420908,-0.38518175,-1.0562173,-0.28067818,0.31855172,-0.023750382,0.49214178,-0.32365513,-0.023327284,0.10522632,0.0247234,-0.9787328,0.6480802,0.47515428,-0.47481716,0.8699933,1.1680456,1.1591445,1.0174823,1.3825607,0.73896277,-0.4267138,0.34961656,0.92410785,0.50462574,1.1164409,1.614966,1.5207791,0.22133243,1.7615823,1.9807662
1.1731186,-1.4198945,-0.68302625,-1.0329303,0.4372227,0.6462793,-1.1886879,-0.4994933,-0.09021275,0.6897515,0.70467424,-0.64467764,-0.026897794,-1.1154108,-0.68980324,-0.1572625,-0.61065614,-0.7585079,-2.1006489,0.26182166,-0.9967879,0.108084835,-1.138054,-1.6080239,0.13386118,-0.510453,0.07814839,0.5727174,-0.5801523,0.64077896,-0.8108552,-0.2553878,-0.8202012,0.38754916,-0.24837726,1.464693,1.3251983,1.6965187,1.2336242,0.514313,0.44974446,1.1697474,-0.0035261954,1.3882978,1.36846,1.9350955,1.5969223,0.6604129,1.4939386,1.4840252,0.21579662,-1.0871445,-0.7665718,-0.3634478,-0.041370515,1.5777265,1.9226754,-0.7697813,0.9839777,0.3317488,-0.3802517,0.39268047,-0.8975433,-1.7151229,-1.6552154,-0.71515113,1.5575405,-1.8240656,-0.4559409,-0.25278556,-1.6128782,0.44329625,0.47947335,1.2693974,-0.04444085,0.03473205,-0.40641952,0.6828931,-1.0299057,0.42302406,-0.9665273,0.44908687,-1.2307924,-0.92916244,-0.17880957,-0.14062472,0.6401521,0.2636008,0.52860594,0.7610111,0.83510816,2.201969,1.7263012,0.59283286,2.033035,1.6692235,0.57561976,0.31492862,1.5585669,1.2144434
0.6737499,0.78580904,0.32732818,-0.061824653,0.1997342,-0.044254333,0.32224533,0.930879,1.3834385,-0.84723365,0.30781972,-0.9251854,0.85030687,0.82902867,0.03358428,0.40151733,-0.6451947,0.7595683,-0.19439611,0.46567807,0.17341024,1.9405898,0.8355369,-1.109253,-1.1535655,-1.0009536,0.5047964,1.3783705,-0.1517368,1.2272073,-0.3452014,0.37848276,1.1670347,1.0923737,-0.021043083,-0.4233542,0.056353986,-1.0183731,0.30543005,1.5894612,0.6446144,0.244086,0.12136416,-0.10958317,0.05480638,0.93170726,1.2435445,0.23347346,0.2382996,0.06737312,0.57832855,-0.5957093,0.7489068,-0.6210746,-0.033206034,-0.8099365,0.024564922,-0.13447428,-0.12563533,-0.11640477,-1.3640144,1.5919094,-0.66195446,1.3421638,0.18741797,0.44322667,0.40039256,0.15469207,1.8553554,1.5425671,0.0021270837,1.7453547,0.6035751,-1.0050199,0.4540067,-0.26007,-0.34173226,0.3237436,-0.8010375,-0.064559415,0.30708975,-0.5678168,-0.52011365,0.32519147,1.0387567,-0.9960725,-0.9923715,-0.9206474,-0.5351208,-0.9256087,0.6430754,-0.6131082,-1.3716266,-1.6985203,-0.46169215,-0.35667127,0.24093765,0.29969835,-0.49503347,-0.97001237
-0.2626914,0.27942052,1.7120317,0.7080498,0.48590675,-0.3327682,0.48977467,0.45056754,-0.0154293105,0.5944817,-0.26238796,1.2395746,1.3281826,-0.59261864,0.43338567,0.14657912,-0.38898918,-0.021450667,-0.13631462,-0.5459561,0.60460573,-0.827697,-0.44241253,0.3525771,-1.1374307,0.5190769,-0.036965616,-0.27922872,0.92012167,-1.0147096,0.06585575,0.20950566,0.38691428,0.4709174,-0.96019226,-1.5754199,0.036393374,0.10765172,-1.1177667,0.4180029,0.10979649,-1.5086752,-0.3478108,0.22858487,-0.40201733,-0.026090903,0.17154145,0.38179997,0.039749496,-1.0537542,0.34017807,0.1293604,0.31848064,0.7882729,-0.8422075,-1.4378271,1.1191028,-0.08075497,-0.76298606,1.0116647,0.056216978,0.8147304,0.723291,-0.08270472,0.8179665,1.1404095,0.0025936188,1.4745542,0.18979739,0.9766324,0.5781256,-0.23757784,0.33198172,-0.5870756,0.89969033,-1.3892938,0.04291805,-0.28358054,-0.63489866,0.18805629,0.22235075,-0.362777,-1.6780752,-1.6421698,-1.0332706,-0.9312488,-0.9034534,-1.4427476,-1.8573455,-1.1148965,1.0074314,-1.6153761,-1.4944389,-1.0608753,-0.64966244,0.25214672,-0.76008713,0.44715148,-0.43685567,-1.0989864
0.94122803,0.055300463,0.11805245,0.8275595,0.74758846,0.81084424,-0.068213105,0.41270703,-0.17060977,-1.3285717,1.0280217,-0.7644717,0.41164297,-0.59900814,0.69350934,0.38829657,-0.47920644,0.28755677,-1.036619,0.7780123,-0.147141,-0.36146614,-0.11575979,-0.6998541,1.2138712,-0.8252347,-0.48212793,-0.23404664,-0.27549943,0.18611774,0.61375743,0.55294746,0.5692668,0.9705796,0.5775853,1.2209102,2.2631347,0.6829019,0.39018634,-0.03412343,0.86862487,0.28644857,0.0057728332,0.13692565,0.64969414,0.5115336,1.4626546,0.8915916,1.5789392,1.479604,0.9010052,-0.71689653,0.09122952,0.9445949,0.6699393,0.64888954,-0.77281666,-0.42600057,-0.49184537,-0.18789876,-0.46494308,1.1130202,-0.23923625,0.45684916,0.7599755,0.79202473,0.20994763,-0.21357246,-0.4710257,-1.1156696,-0.10543539,-0.026497569,-0.6045605,0.7449927,-0.84325135,-0.39501247,-0.90134895,0.4611375,-0.35006753,-0.6102555,-0.5541928,0.6312211,-0.06747396,-0.23670581,-0.7988741,-0.022869498,1.0581936,-0.44801,0.0013853952,0.1192712,0.46968448,1.4536074,0.18002456,0.020935856,0.0276791,-0.018835241,0.18268326,-0.04633743,0.99826944,0.5965503
-0.8742767,-0.65870965,-1.0315282,-0.046452887,-0.5654274,-1.0111362,-0.47412503,-0.36046842,-1.5735033,-0.6412333,-0.9924685,0.15876313,-0.86916566,-0.48597476,-1.4421843,-0.6804553,-1.101095,-0.65198,-0.7664139,-0.61597097,-0.83176666,-0.21360162,-0.058114637,-1.0850276,0.4204074,0.38921615,0.7356699,0.820048,-1.176328,-0.5934454,0.26732096,0.12339733,1.0631415,0.07923518,1.1023808,0.6766895,1.4394045,1.0647299,0.84987193,-0.5525159,0.49008858,1.0186403,1.8081663,1.0411111,2.4603028,1.7096983,0.8997104,1.5722263,1.143271,1.0420808,-0.8240644,-0.6371948,-0.7167718,-1.884896,-1.3518271,-0.3060979,-1.2789648,-1.1040976,-1.0501666,-0.60659015,-0.6386964,-1.4145234,-1.1892816,-2.0598192,-0.9502941,-1.3189627,-0.78859675,-2.1386657,-1.2480193,-2.1429806,-1.8583829,-0.9952191,-1.1913753,-1.1410301,-1.3790537,-0.51917285,-1.8294605,-0.62338585,1.8132664,-0.23470335,-1.4409252,-0.1251316,2.2270036,1.3410876,0.82497466,1.1063546,0.55178523,2.294303,-0.76037294,0.24608804,0.60251135,1.0035536,0.39653563,2.1681304,0.6412376,1.7756236,1.5151548,0.5963404,-0.12337863,0.42556486
1.0680984,-0.9889255,0.23395029,-2.0358727,0.2990753,-0.92496455,-1.5504607,-1.090462,-1.3815454,-1.5239027,-1.261895,-2.2486858,-0.9190437,-1.5901111,-0.982547,0.18324764,-0.067095675,-0.7732508,-1.5631466,-0.43706736,-1.3213477,0.97996324,0.2830007,-0.65475804,0.5030696,-1.3102319,0.56323826,1.2943575,-0.8254585,0.20864457,1.2776625,1.6759694,0.6990306,0.19400819,0.7541047,-0.6642433,-0.46546033,0.09750436,-1.1135712,-1.3805175,-0.3388768,0.9427315,0.41755033,0.5705621,0.29185468,1.2867311,0.9442942,1.3214277,-0.40959355,-0.6628094,1.1398535,-0.41842997,1.3336607,-0.9757979,-0.448513,0.20905463,-1.293083,-2.1908133,-1.2373002,0.18302293,-0.20058784,0.60379225,-0.7841916,-0.31858563,-0.6470949,-0.19407241,0.111424446,-0.8866481,0.8466214,-0.27670148,-1.223264,1.0309808,0.49221712,0.26041818,-0.67763036,0.9446151,-0.5664678,-0.035581507,0.14366435,1.774103,0.59113145,-0.11982457,0.71180123,2.1481426,0.908908,0.7149181,-1.5057565,0.6646616,-0.45537922,-0.3940013,0.27841523,0.29214942,0.06214667,0.5694653,1.1225538,0.7531479,1.5699211,0.33764523,-0.8275235,-1.3941156
2.1477363,0.67171544,0.98396516,0.7497517,2.1955605,1.3687559,0.10993412,0.36193565,0.4798513,1.0547973,-0.39349335,0.45066273,1.178765,2.3606632,1.1545262,1.9508455,0.9949694,0.9955577,-0.39474165,0.7523349,1.2217623,1.095389,1.7931619,0.7857858,0.7724942,-0.42894965,0.2906411,-0.15446475,0.6849336,0.03210903,-0.1037436,-0.94464016,2.0682037,2.1178682,1.4230525,-0.5603043,1.0845907,-1.4199197,0.41193387,0.098385595,0.5762233,0.84828514,0.31469938,-0.39417687,-0.21459036,-0.23846425,0.03400517,0.5951652,-0.23510143,-1.1308929,1.904505,0.8077204,2.066599,-0.47248566,1.638283,1.0134466,-0.16590741,0.4087908,1.5312243,0.93954664,-0.24000856,1.5398455,-0.051598877,0.38839644,1.1111777,-0.32176405,1.293138,0.8110766,2.8502436,2.1513958,0.62233806,2.032055,0.8966954,0.663882,-0.35389867,0.35540727,1.0400329,0.120175205,0.25290805,-0.7417877,2.5175335,1.2872677,0.5442106,1.6923285,0.2594741,0.11103478,0.013763248,0.9457971,0.7850924,-0.23822097,0.5771659,-0.22086734,0.11170603,0.0509744,-0.5805474,-0.78816664,-0.42901176,1.277324,-0.26499182,-1.346476
2.1936412,-0.47092575,0.7075975,-0.7401507,0.6214921,-0.031089889,-0.5169924,-1.2219424,0.19817604,-0.6187928,-0.04523786,-0.866201,0.105813056,-0.17399347,-0.250321,0.8779477,0.38481808,-0.13337608,0.12356775,-0.02333971,-0.34910217,-0.97074807,-1.069805,-0.32007733,-0.8013857,-1.1601291,-1.2968428,-1.4732827,0.43364397,-1.2256393,0.4994357,-0.7796325,0.050547786,0.30988753,-0.58841574,-1.1107062,-1.2333441,-2.587249,-0.58013725,-0.9379855,-0.30117983,-0.19399743,-1.3953494,-0.79081213,-1.7875243,-0.5220573,-1.8697903,-0.20376812,0.112177216,-0.7166417,1.6577364,0.19036013,0.40801367,-0.061873905,1.0399591,0.83666086,-0.1519006,-0.66511947,-0.48518795,-0.515994,-1.1951872,0.5083292,0.5947891,0.5634153,-1.1102024,0.7333828,1.8404762,-0.29893392,1.6946683,0.8136706,-0.41963717,0.6083084,0.15620174,-0.8646334,0.04623111,-0.8607373,1.0400716,0.19795051,-0.48365563,-1.4565618,1.1837146,0.9137316,-1.8116788,-0.12548606,-0.071530245,-0.2426882,0.1413131,-0.23790587,-0.10845785,0.59955424,0.60122806,0.3995183,-0.15105487,-0.98499715,-1.3443915,-0.7084571,-0.3822822,0.6059403,0.124296255,-0.32586843
0.31757966,-0.03202282,0.67334515,-0.39776453,-0.107722625,-0.15318772,0.1797071,-0.15376027,-0.37866902,-0.5516374,0.28342682,-0.6147924,1.1156962,0.33058873,0.326905,-0.83749,-0.5190798,0.18818974,0.9491325,0.3935743,-0.009003626,1.26029,0.2947793,-0.58369744,-0.19300622,-0.901722,0.5192765,1.383784,0.03696587,1.1108662,0.7695614,1.4108411,-1.1581933,0.5839542,0.29711127,0.70869195,1.1183089,1.6115341,0.96416503,0.5856514,0.83331203,0.35671958,-0.024258016,-0.66012603,-0.21692038,0.88687515,1.1926993,1.7112571,0.7167772,1.4100186,0.5458823,0.86848176,1.1789589,0.27298075,1.1574987,0.82440764,0.21692675,0.39164513,0.52311516,0.74288434,-0.10559971,1.8705704,0.40181503,-0.55029505,0.33724242,0.46367052,1.1052951,0.02421984,1.6533676,-0.10335696,-0.0648474,1.0663717,-0.48826388,0.5492127,0.69384044,0.32558662,0.25932157,0.6676966,0.9858167,0.638111,0.46541995,0.7813455,0.15199602,0.99727255,1.0419537,0.8190319,0.89546,0.58252573,0.35910603,0.62990814,0.13559288,-0.84560615,1.2348312,-0.21914776,0.13261196,-0.1795263,0.6324203,1.2093214,0.92328584,1.3205025
1.2495512,-0.2701867,0.49624076,-0.13760768,0.85694087,1.4554116,0.03310461,-0.2926992,-0.3563332,-0.839311,0.8994963,1.4621453,1.8457214,0.18759596,1.287489,0.7702214,0.024565615,0.32138515,1.7154503,0.08227074,0.9072842,-0.06839469,0.61606514,-0.4184968,0.49658033,-0.87894464,-0.40060627,0.61975735,-0.5858943,0.6070176,-1.1683606,1.3336879,0.002696048,1.0674331,-0.032807477,2.048039,1.3287698,-0.10162495,0.056669,-0.30973956,0.81130725,0.53605944,-0.33823246,-0.45801106,-0.6526441,-0.19273844,1.3191149,0.4222703,1.9486288,1.1234881,2.3037632,1.3542807,1.1595976,0.44700193,1.5222358,1.9406581,1.8244996,0.64741904,1.299638,-0.34090787,1.5053272,2.1765802,-0.63532853,1.1713083,0.4212988,1.1214083,0.10803789,0.61466146,0.57866746,0.41001564,0.5639736,-0.16072598,-0.053712398,-0.08668808,0.80001146,0.73413104,-0.0027544992,0.76550263,0.93022454,0.83656365,-0.9398367,1.5784906,-1.0131521,-0.5643168,-1.2619029,0.21284501,0.81470764,-0.46335852,0.39022508,0.3422733,1.1665368,0.8794195,1.5715377,-0.78449255,0.5730451,0.32787162,-0.49331033,-0.012764338,1.8230882,1.2332228
1.5278672,-0.6597033,0.14027868,-0.4233636,0.22552621,1.0300641,-0.6028969,-0.52558,-0.44164866,-1.834557,-0.45952857,-1.2271037,-1.4197236,0.60351145,-0.0012965235,-0.519429,-0.4144005,0.5276146,0.27661887,1.8448485,-0.8237479,0.77577114,0.31371808,-0.59136134,-2.9444876,-0.96533763,-0.14505465,0.058482762,-1.2600132,0.8055865,1.195487,0.051207688,0.3026912,1.8387191,0.34049132,1.3851017,0.84031564,-1.1083351,0.8217051,0.4475878,1.2776905,0.8965365,0.25285643,-1.2815206,0.15275872,0.024758697,1.4672037,2.3014839,2.3085263,0.52052486,2.130212,0.5981019,-0.2958167,0.07101523,0.62085545,3.2304552,0.7692857,-1.4012281,0.5306853,-0.8902183,-1.1749094,0.14887822,-0.605398,0.65141,0.5374275,-0.72752506,1.3945906,0.59787506,1.3978266,1.5510111,-0.72543013,0.58377254,1.8461511,-1.124011,-0.3429823,-0.35336277,-0.5516334,-0.79877317,1.6481482,0.38277978,0.4644614,1.9457583,0.55151886,0.8928157,0.20173676,1.6879935,1.2519798,1.2571726,1.1022322,0.39200053,1.8813822,-0.39274,-0.9946643,1.2924656,-0.4862677,-1.0536196,-0.06464949,1.6804287,2.700127,0.21434401
1.6693174,1.0194262,0.8006342,0.6369467,0.9692477,-0.15813147,0.6416415,0.87572825,0.7506143,-1.0148942,-0.49349675,0.31698665,-0.1696513,1.6760218,1.2791215,0.24194863,0.35429284,1.0750647,1.4533817,1.7759191,0.5706414,-0.043903813,-0.59419787,0.50766075,0.6522736,-0.9520518,-0.46966872,0.15845872,0.65949404,0.16083543,1.5902933,-0.45632318,-1.0306087,1.71608,0.5294339,0.96299875,0.33947402,0.1653691,1.1392964,0.92219514,1.8567795,1.5761302,0.56519777,-1.1895205,-0.38382027,-0.93659896,0.85951656,0.19545302,0.43766406,0.47949958,1.2827083,1.1228062,-0.09161189,-0.7117288,-0.67119247,0.8761865,0.35021374,-0.27973893,0.7908804,1.4684174,0.31905273,-0.6553869,0.16393901,1.4155662,3.0477476,0.11309136,0.36154443,1.8200523,1.0315069,2.025354,0.9599071,0.5434784,0.710698,0.5347802,1.0456512,0.96283734,0.8378002,-0.51298404,1.7842598,1.0999118,0.6672114,2.9713736,1.6707739,1.1615314,0.15118009,2.0806842,1.618526,0.0018186604,1.7218124,1.1823366,1.6987096,-0.14824525,1.6087941,0.89886415,0.36357266,-1.2013454,-1.0115275,0.23045738,1.1409345,1.0247828
0.7819106,-0.32571155,-1.5236572,-0.8057758,-1.408068,-0.9237609,-1.2192955,-1.1242588,-0.6200029,-0.79383636,-0.39318448,-0.16764955,-1.2366275,-0.5115778,-1.5371594,-1.114534,0.2372973,-0.010244636,0.18377365,0.67386377,-0.2867922,-0.1826062,-0.7145771,-0.643074,1.0039693,-1.3392235,-0.6409872,-0.45789987,0.21878065,-0.56295294,1.3939098,0.5752817,-0.19792335,0.73900527,0.5312474,1.5879186,0.78220797,-1.3851289,-0.7127874,-0.48796722,0.43504307,1.3794678,1.8669196,0.3787483,1.2768859,-0.5749665,0.12592824,0.27152863,0.6176051,1.0466676,0.71717215,-0.75639987,-0.9234338,-0.85854715,-2.5881958,0.73229855,-1.4015185,-0.83597934,0.45765162,1.1463752,0.27173108,-0.69724417,0.20677797,-0.7798179,0.27937782,-1.0918498,-0.7220776,0.48979485,0.21620695,0.028494114,-0.28812355,-0.18251221,-0.04689663,-0.07738743,0.6948028,0.6744154,-0.11374,-0.038023762,1.2277988,0.13784854,-0.555432,1.572266,1.8299489,1.4751725,0.087847434,1.0704405,1.5746422,-0.3115021,0.5115151,0.82455516,1.3295758,2.0744367,0.6590351,1.4458424,0.72158766,0.2677352,0.003367965,0.6200667,1.3127756,0.48162094
-1.6763489,0.9307428,0.092228994,0.6904619,-2.5928016,-0.3865174,1.3493251,1.0309181,0.5276411,1.3643568,1.3575349,3.6059964,1.5071769,1.6206683,1.3955177,0.3185011,2.7305183,1.6792883,2.0605268,0.93725175,3.3447278,1.0244973,2.1430862,2.606093,1.8480307,2.0716,0.37590325,-0.59423584,1.8913404,0.2558205,2.518474,1.6664113,-1.6664165,-0.47803265,-0.15218696,-0.6965068,-1.7643598,0.108210176,-1.8668388,0.1774918,-0.8747602,-0.7518658,1.0778501,-0.71464366,-0.17586234,-1.5088904,-2.7347164,-2.217541,-1.2376255,-2.1705353,0.520015,2.0547016,0.15391071,-0.533708,-2.2244704,-0.18372509,-0.3712517,0.6971501,0.4257753,0.47958362,0.5698818,0.6227675,0.9912163,0.09791967,1.1799903,1.0155296,-0.52569294,1.7099049,0.27835885,1.1965584,0.83618516,-0.38138893,0.0039363713,0.47474372,2.058826,1.9096816,2.6705208,1.3815356,2.7775624,-0.85540485,0.38412586,-2.369574,-0.39697835,-0.28305155,1.0196794,-2.614661,-1.4187963,-0.10262725,0.009782578,-2.4943283,-2.226601,-1.5772153,-0.9521222,-1.0706298,-1.761941,-0.8524725,-1.3386725,-1.703591,-1.5486472,-1.7922814
-0.77419895,0.8041062,0.77655554,0.90305066,-0.63975245,-0.5660379,0.926031,0.67872196,0.20997617,0.022375546,-0.114508286,1.4127657,1.595945,0.50552374,0.8892931,0.53280014,1.8793751,0.9084587,0.4718274,0.4630317,1.5578749,0.7530942,1.6270107,1.9042382,0.20008378,0.47542062,-0.38952535,0.41321096,1.145305,1.3725054,0.39363205,0.87431395,-0.6761418,0.103200845,-0.45307314,-1.6567246,-2.2533321,-0.41774753,-1.9033405,-0.10880238,-0.7636167,-2.7212937,-0.22976203,-1.233397,-1.2816672,-1.323768,-1.1444882,-0.16030309,-0.973077,-2.11756,-0.26486507,2.0316367,1.2668394,1.5825105,0.5056526,-0.8868011,-0.26817158,-0.2457411,0.68894684,1.0366207,0.12003319,0.8383257,0.71302474,1.217285,0.7245476,0.3890791,0.22471417,1.3643653,0.64357406,0.75958174,1.3769144,1.8789223,0.9291602,0.7209136,1.5960174,0.070054725,1.2112918,0.9825091,0.25026157,-0.88251704,1.4335862,-1.7573,-1.800544,-1.2041371,-0.7692979,-1.8856746,-1.6153579,-1.1127268,-0.80737895,-0.9853676,-1.0738726,-0.3900842,-0.17897736,-1.2847719,-0.9658159,-1.9291232,-1.2868665,-0.56741583,-1.7247038,-2.2466698
0.4848079,0.4164261,-0.033775363,0.92614734,0.4036266,1.3981434,0.54438454,1.0716834,0.92723715,0.5177486,-0.5976445,0.5946953,0.5346849,-0.3328067,0.6828709,0.5311677,0.48656148,0.8458743,0.31858444,1.0671346,0.61174023,0.32362944,0.31409395,0.24957353,0.9622029,0.08081471,0.67923206,1.0861418,0.60999954,0.8481997,0.6148347,0.6823576,-0.67014533,1.1142427,1.7353513,0.576181,0.6246794,0.39714104,0.46857753,0.037655354,0.4787261,0.7268494,0.6568396,-0.1816127,0.89529055,0.24941032,0.37813047,0.6887449,0.5415433,0.29116133,0.6211013,0.74092203,1.1452622,0.477369,0.9169092,1.055666,0.9967846,1.0707229,0.61843693,0.62707,0.65119296,0.44788915,1.5197965,0.2856035,-0.40902752,1.7185323,0.91798496,0.2159662,2.3029327,1.0685705,0.7501683,0.9642742,0.8331217,1.3948117,0.9462958,0.4067314,0.9276816,0.8264726,1.2545935,0.107024185,1.7584586,2.0692124,0.7149374,1.7331549,1.6765212,1.2781019,1.636872,1.4104856,1.945199,0.814783,0.5166332,-0.08827405,0.48982158,1.1413705,-0.29986912,-0.2500114,0.16231337,1.4595026,0.52956563,0.62416214
-0.58176386,1.4763274,0.42740333,0.8440638,-0.8912415,0.27393165,0.425519,0.45972016,0.14797263,0.5919387,-0.006603938,-0.2685224,-0.48441756,0.49256524,0.8018519,0.7526388,0.42919645,0.1626955,-0.012754545,0.09729701,-0.06666249,0.2516241,0.2991491,0.10833489,0.005425847,0.43755785,-0.4585236,-0.24647078,-0.24672443,-1.0339386,1.6192544,1.0581943,1.4319413,0.9195292,1.4790037,1.4858352,-0.3362043,0.13975713,0.38297597,0.2659959,0.13442904,-0.73700935,0.9863231,-1.4672815,0.9089311,-0.50248057,-0.18631344,1.6536928,-0.38734692,-0.020210812,-0.31851694,-0.18757012,-0.2147963,-0.64000833,0.19210753,-0.46175385,-0.95240796,0.8091346,-0.6629526,-0.43707198,-0.57620007,-0.56413823,0.15646023,0.50887966,-0.21238534,0.00909262,-1.2112722,0.39333376,-0.14780363,0.26648065,-1.0268931,-0.085932076,-0.6211051,-0.6012259,-0.59816414,-0.91377294,0.17788534,-0.6805324,1.8947285,-0.4964584,1.247317,0.31470624,1.7368332,2.047806,0.68483084,1.0888481,0.80531424,-0.39520895,1.4447461,0.24805723,0.05369045,-0.029391315,-0.11894598,0.12936941,-0.9932654,-0.72513825,0.15173247,1.8499919,0.22627705,-0.11302139
0.07956358,0.2584649,0.15681836,0.46294767,-1.8753576,-1.3855745,-0.01993167,0.4651039,0.53947365,-1.2930053,-1.0552627,-0.60414845,0.33073327,1.3645762,0.14113966,-0.67795813,0.3651998,1.0265769,0.7362436,0.40251452,-0.9602901,0.5517469,0.065934025,0.045020845,0.83097225,-1.1134058,0.49732178,0.13338989,-0.08073301,0.76913744,-0.3929126,1.2051369,-0.27681255,0.09927546,0.6807197,0.9014889,1.0647776,0.3711689,0.31987247,0.41929212,1.0756866,-0.9116159,1.2878829,0.41608918,-0.5153904,0.9376554,0.60822374,0.18640377,-0.9500941,0.6823141,0.058788117,-0.58156294,-0.38127688,-0.10490008,-0.9298066,-1.4650954,-0.7492487,1.7968936,-0.8161764,-0.95324343,-1.0160296,0.045824584,-0.09399543,0.10388697,0.05664825,0.051267527,-1.4205667,0.99859166,-0.5797995,-0.2841375,-0.027642876,0.431344,-0.5318691,-0.24018428,-1.7155709,-0.10230068,-0.84286815,0.9257795,1.2906778,1.2301316,0.23473556,-0.09436642,-0.102327,0.5397501,1.6347976,0.80671805,0.4864307,-0.94807917,1.0032897,0.9088055,-0.43104023,-0.2942594,-0.17722288,-0.39965603,-0.25077546,-0.0007368113,1.0476271,-0.08937589,-0.35960165,0.6368522
0.51049745,0.84683335,1.0167589,1.1305122,1.5930778,0.5713427,1.2121478,1.313984,0.60474896,0.8515672,0.86238796,-0.03226621,0.8861672,0.9447709,0.7614122,1.3926414,0.7843491,0.9192493,1.8986076,-0.5496854,0.61230874,1.7301654,0.36476952,0.43190935,0.037804157,1.0679891,1.4874499,0.7239104,-0.44507378,1.9597428,0.049714677,0.1549335,0.32012388,0.5105846,1.0607758,-1.3695599,-1.2329103,1.5133625,1.932362,1.3844512,1.1927005,1.7549001,1.9782691,1.462288,0.8382863,1.5113455,2.2961566,0.6993077,-0.7986626,0.36143425,0.47795483,1.3133192,0.2667089,0.37947077,1.4396187,-0.44497588,1.0724541,0.81813467,0.1059369,-1.4536706,0.22350661,-0.74091136,-1.0357991,0.7208787,0.089914784,0.9811035,-0.01436071,0.70443404,0.40400454,0.024727693,0.03246625,-0.8052273,0.03845876,-0.47371432,-0.18486723,0.17839858,-0.83801025,0.9981113,0.08724017,0.7850124,-0.24747185,-0.09579267,0.10158595,-0.04576211,-0.25849912,0.44400296,-0.9648237,-0.17757995,-0.7335467,-0.424875,1.3961015,0.21353315,0.36721677,0.7379177,0.7478354,0.15774055,0.26302797,-0.34498677,-1.3025556,-0.23756242
-0.32597828,-0.9282158,-0.20548746,-0.9606741,0.16584572,-1.0123711,-1.6279154,-1.0867794,-0.99670464,-1.2005392,-0.3792232,-0.1610254,-0.12242238,-0.25114456,-2.3723357,-1.1748711,-1.5176806,-1.4995426,-0.48262995,-2.935004,-1.4719932,0.64564717,-1.1580826,-1.430025,-1.0382398,-0.91124433,0.57874715,0.9565609,-2.4559875,1.1637774,-0.48039442,0.26309356,-0.84295017,-1.5740775,-0.28330275,-1.3639492,-1.9426149,2.2900765,0.9856239,-0.35639945,-0.31428465,-0.4265594,1.2093024,0.3626599,-0.56393987,1.963081,1.5066336,0.75676674,-1.4177293,-0.0950986,-1.3664159,-1.4184861,-0.50485057,-1.5052385,1.1956964,-1.6039355,-0.17730714,-1.1485001,-0.51746094,-0.097041,-1.0131769,-0.49846524,-0.89878416,-1.5699865,-1.7221727,-0.93891585,-1.3038871,-0.8075136,-1.3682989,-1.0292109,-1.6369368,-0.83474576,-1.2838031,-1.8217341,-1.501372,-1.3459502,-2.2022274,-0.8651571,-0.6984175,0.20638098,-1.3772392,-0.2868724,-0.93736815,-1.9899842,-1.355895,-0.29857644,-1.437508,-1.3926466,-2.627936,-0.60877424,-0.45779806,-1.1381422,-0.62258536,-0.5754385,0.31756625,-0.6337691,-0.022288179,-0.73469615,-1.5156083,-0.4963622
0.116559036,-0.71122324,-1.8768165,-0.51006603,-0.08120744,-0.5914885,-0.78335744,-0.02262596,-1.3258477,-0.6462316,-0.9936948,-1.787282,0.4978025,-1.3552045,-2.120223,-1.1575685,-0.8690209,-1.6065375,0.49044695,-2.657321,-1.1722999,0.60541964,-1.0864977,-1.6055578,0.17905097,-0.29174107,-0.14423344,-0.12270801,-2.1771991,-0.7678329,-0.70518714,0.7156146,0.33273554,-0.55178493,-0.46541744,-0.85442054,-0.6775417,0.731125,0.32960436,-0.4648635,-0.3201527,-0.07868039,0.2638399,0.06615458,-1.8256727,0.5362162,0.106641844,0.5212926,-0.6282958,-0.077703394,-0.55330646,-2.0357609,-2.4087424,-1.6815468,-0.111164734,-1.1985531,-1.2934688,-2.3203633,-1.6294495,-1.9673404,-2.6548283,0.03701281,-2.0854173,-0.7154097,-1.9846951,-2.313081,-1.7304561,-1.0659322,-1.8942584,-1.7692679,-2.2495272,-1.8268095,-2.3644772,-1.6664888,-2.1042295,-2.6818345,-2.1461315,-1.7863047,-0.30767763,-0.67812866,-2.2998407,-1.6761669,-1.7542855,-2.032154,-1.9668262,-1.6654263,-0.99472046,-1.1506377,-2.316169,-1.4822366,-1.7228137,-0.83693814,-2.6477983,-2.1224177,-1.2412454,0.31375208,-0.09323214,-1.4908657,-0.6349268,-0.1449825
-0.016087623,1.1093272,1.6587361,1.0665439,1.6440291,1.1012083,1.1713823,1.0955806,1.1368926,1.392609,1.8481565,0.662801,0.32865602,0.79414284,-0.041887145,0.49655804,-0.9784966,0.6117441,0.6214695,0.44382992,1.2958632,-0.94030946,-0.9296299,0.004676997,-0.47801986,0.28020692,-0.94322824,-0.87542087,-0.16035058,-0.8931227,0.21284372,-0.7270015,0.36386743,-0.31789094,-1.4599357,1.1714225,0.48005435,0.8337839,0.5318443,0.6755663,0.72295934,0.0051361267,-0.25061232,1.4123191,0.80694485,0.42616624,-1.0244721,-0.29530555,0.89259845,1.6809305,-1.7133576,-0.3175296,-2.389322,-1.412543,1.6047283,0.3875722,0.34665617,0.69343436,-1.7182704,-0.6478392,-1.0648216,-0.11086681,-0.5164743,0.3155657,0.0118865585,-0.6794506,-0.8366342,-0.5778561,-1.4538455,-0.71263725,-0.40542963,-1.7962537,-0.8754108,-1.2974731,0.035996117,-0.031529237,-0.26449633,-0.9667426,-0.8001138,-0.6907992,-1.4209865,-1.0377691,-0.2796602,-1.1995438,-0.7959577,-0.8950785,1.7712727,0.12712926,0.20116016,-0.32639205,-0.794471,0.90197235,0.10478981,0.38504058,-0.029545296,1.8168861,-0.14379859,-1.2470858,0.6553873,1.8003705
0.023888573,-0.03302483,1.2041845,-0.059221532,1.14606,0.32757398,-0.35610557,-0.17480472,-1.0740147,-0.9105678,-1.1558888,-0.2084473,-0.33614063,0.18694839,-0.5948869,0.28935888,-0.07313993,-0.12995225,0.070094995,0.30160248,-0.2771569,-0.9266107,-0.009950766,-0.25652054,-0.6759378,0.28933382,0.68634444,0.5435006,0.44272834,-0.4299548,-1.1203687,-1.2818729,0.47852382,-0.048984688,-0.26940295,1.5870655,1.6852815,-0.75294036,0.16875912,0.15553333,-0.22171977,0.51984626,-0.3592089,1.3435097,-0.132983,0.39537725,0.06498238,0.15062526,1.2022476,1.142508,0.1550188,-0.6370369,-0.68060607,1.11797,-0.26566306,0.4874223,-0.9451802,0.8385147,-0.6514464,-1.0622004,-1.4307334,-0.23053706,-1.2257653,-1.5683513,0.35290816,-1.1088187,-0.27341774,-0.17661166,0.31978288,-0.12757953,-0.77862954,-0.5107097,-0.40010482,-0.17324416,-0.6759991,-0.36124304,-0.8579281,-0.65945536,-1.4361988,-0.89052767,-0.7859209,-0.15574329,-0.47641963,-1.308665,0.5362037,-0.34965184,0.6460739,0.47220123,1.0805845,-0.600679,-0.5261556,-1.5851623,-1.0200442,-1.3500974,-1.2192624,0.78334945,0.037066743,-0.78125954,1.0109208,1.4393365
-0.12261024,0.2335391,-1.2964393,0.83482575,0.3889563,0.2853298,-0.16401778,-0.007025787,0.061814256,0.28401715,-0.15574156,-2.2013514,0.028454235,-0.7763114,-0.9596001,0.30180418,-0.3815691,0.0040190956,-1.1408846,0.72794867,-0.03093824,-0.7872579,-0.49083912,-0.59738004,-0.7550662,-0.3550567,0.64771193,1.3341136,-0.5726521,-0.8472171,-1.0870694,-2.3471255,0.895015,0.0092953965,-0.04672429,-0.14480543,0.44248587,-0.7543406,0.20084958,-0.6277491,0.3861632,-1.1355423,-0.8060422,0.37594604,0.9119245,0.047804065,-0.05213499,-0.40351248,-0.5366129,-0.09641836,-1.3843105,-2.4039967,-2.5008368,-0.2990226,-0.3198111,-0.2483993,-0.830181,-0.12200145,-1.437814,-1.9706728,-1.1581852,-2.3339987,-2.6729949,-2.1440194,-2.0080652,-1.0812566,-0.54417855,-2.4434118,-1.8351,-1.1893438,-1.0101174,-2.0072231,-1.1603637,-1.044236,-1.7555369,-1.2771355,-0.8082085,-1.3552827,-1.7998704,-2.4787095,-0.5345979,-0.30047116,-0.86755544,-0.8660114,-0.46019122,-0.7470904,-0.38021585,0.5725086,-0.25411996,-0.8240587,-0.4942859,-2.34757,-0.4623887,-0.667186,-1.414001,0.22960047,0.087772205,-0.0074305153,-0.16779311,-0.3122578
-1.5217745,0.6734654,1.9860058,1.3005964,1.00784,0.9862876,1.5680634,2.0529258,0.7764712,1.5345243,1.5880083,-0.27416816,-1.3630253,1.5763175,1.4650791,1.0991665,0.5664088,1.6402792,0.23157145,1.1972593,0.7746557,0.42346862,0.38700917,0.7007805,-0.3178783,0.09293551,-0.3029273,-0.22717522,0.557204,0.042246114,-1.6290092,-1.7263527,0.630258,1.8422899,0.0048672464,-0.45389497,-0.57711804,-2.019194,0.48485678,1.1782887,1.3879715,-1.5584301,-0.7173423,-0.46653605,0.81719816,-0.69242585,0.092153594,0.09577308,-0.13321613,-0.6560131,0.026259318,-0.44797876,-0.66516006,0.35434064,0.9014539,-0.5210446,0.22396271,0.33321193,1.3631694,-0.45119053,-1.3106989,-1.7055994,1.1292945,0.6120152,1.3383939,0.18766771,-0.689261,-0.9719831,0.964961,-0.14463219,0.3564296,-0.23482865,-0.23388971,-0.29878485,-1.6978853,-0.9502515,-0.25740105,-0.1677003,-1.0281801,-0.1712885,0.6334267,0.32804686,-0.26551557,-0.63396907,-0.21787316,-0.9630221,0.069978215,-0.09863656,0.6517984,-0.062433083,-0.14654142,-0.052140918,-1.2213184,-0.980999,-0.9690795,-0.27641717,-0.5385455,-0.1822175,0.07029449,-0.77901745
1.4132401,0.894479,0.8895701,0.7896315,1.1115324,1.575481,0.9455011,1.0162369,0.81408405,-0.14732939,0.32285276,0.11404327,0.42626283,0.79693973,0.68771076,0.592344,-0.36715007,0.43015972,-0.34484768,-0.22021872,0.07652983,-0.6136436,-0.37105358,-0.66195506,-0.25808218,-1.5480597,-0.84372485,-0.6061616,-0.70404136,-0.17260912,0.7036741,0.28681284,1.4655068,0.16290529,-0.5320748,-0.10104283,-1.1680387,1.8218963,-0.7972808,-0.1507502,-0.33250538,-0.6255185,-0.5644239,-0.68242806,0.24432205,-0.6494228,0.4425605,0.12315285,0.29282546,0.08998474,0.11333436,1.6534045,-0.20153548,-0.061540112,2.0930042,1.3035644,1.886688,1.8216178,-0.40548277,-0.5328423,-0.7349537,-0.18549837,-1.0330627,0.29793218,0.23460968,-0.45194092,0.3797989,-0.1355753,0.42523044,0.5609796,-0.3084024,-0.75659144,-0.46728343,-0.53984916,-0.57024646,-0.75075084,0.13627598,-0.46384367,-1.781735,0.24283087,-0.13791505,0.48974007,-0.84778744,-0.9332205,-0.81197804,-0.7287202,0.2908817,-0.9715964,0.57870036,0.27898777,-0.010918238,0.40476078,-0.70430833,-0.7310124,-0.661003,-0.36418587,-0.48420033,0.40990934,0.3992872,-0.03982423
-0.2982402,0.11540124,-0.08261272,0.63387465,1.4592907,0.23662166,0.39384708,0.9888244,1.0424076,0.6594781,-1.0715024,0.49238122,0.1969659,0.051192507,0.77597046,-0.06675317,-0.1844128,-0.38729805,-1.3441039,-0.42313734,-0.024362875,-0.28117344,-1.1022803,-0.93244016,-0.0015522891,-1.1099803,-1.9670265,-2.0154102,-0.39195123,-1.1956333,0.82182926,-0.64026195,0.965296,-0.14998694,-0.42206633,0.5841369,0.93855125,1.9919735,0.0219821,-0.48732272,0.1791271,0.45211464,-0.03303338,0.69880605,0.80706996,0.44044995,-0.24409695,0.13677529,1.0984555,1.4290953,-0.897918,-0.7579049,-1.0677744,-0.029552616,1.3151821,0.6042973,-0.51806617,0.26737446,-1.0519339,0.046137318,-0.90985423,-1.2894034,-1.7475563,0.008162598,-0.56770605,-0.64781886,-0.22066565,-1.8707657,-1.139225,-0.9458597,-0.35114256,-1.7736429,-1.8567225,-0.85541964,-1.3927335,-0.12024273,-1.2351861,-1.5872738,-2.061583,0.0833836,-2.1769917,-0.30394968,-0.2324348,-0.55196965,-1.9979129,-1.1670077,0.8509387,-1.718043,-1.0260084,-0.32867718,-1.1931881,0.29650587,-0.056133058,-0.30701956,-0.15003042,1.341148,-0.18565956,0.34938195,0.59640247,1.2018341
-2.3274527,-0.020775229,0.42670888,0.60161257,0.45558575,0.91552156,0.24294442,0.95299125,0.3947053,-0.033994548,1.2565805,0.50576705,-0.23191743,1.4329307,0.63961864,-0.8049722,-0.8274985,-0.016385933,0.6206434,0.005714975,0.10667423,-1.3332057,0.29805982,-0.102790855,-1.3798872,-0.36009276,1.0688009,-0.09039923,-0.5135186,0.27414224,-0.023415936,0.6080371,-0.82946604,-1.6196772,-1.1818978,-0.032841302,0.10110884,-0.5713503,-0.090640634,-0.15131588,-1.2668879,-0.7017736,-1.2859441,-0.12009665,-0.5585013,-0.39204684,-1.0416425,-1.7080667,0.00821184,-0.28191555,-1.3758771,0.6773344,-0.07602235,1.5860802,1.3776612,-0.19403616,-0.10666035,0.6372859,0.08587746,-1.004482,-0.61877036,0.62793416,0.04766269,1.0198495,1.2940847,-0.19981134,-0.6775673,-0.24535352,-1.0424238,-0.37593776,1.1827515,-1.2512063,-0.2843563,0.32642516,0.53390414,-0.40533632,0.14400537,0.19987313,-1.6642671,0.38843566,-0.5164731,-1.5998335,-0.34866014,-1.2946509,-0.38719764,-1.9061137,-0.47198647,-0.47410595,-0.59098387,-1.6735284,-1.0360948,-0.17930186,-0.5872537,-1.064664,-0.3075862,-0.28899094,-0.7674825,-0.9563676,-0.24868117,-0.40139925
0.6672758,0.13711315,0.009476406,0.43073624,0.6408031,1.6360937,0.6635307,-0.34092033,-0.38602373,0.6542437,0.6310016,0.0016732787,-0.11445383,0.8696715,0.12135599,0.21306707,1.0868747,0.5322903,0.5715111,2.0252652,1.6758884,-0.80272436,1.2193496,1.502079,1.5876039,2.113695,1.3528906,1.4791447,2.4651582,0.8261433,-0.5976099,0.10924545,-0.6768745,-0.074019,-0.21570781,-0.85962343,-0.37357643,-0.96833915,-1.2316885,0.7659361,-0.16631004,1.0588895,-1.210905,-0.67041475,-1.0332258,-0.3439489,-0.20420231,-0.85154533,0.20648956,-1.5538716,0.8939269,1.5858378,0.15454319,1.2456585,0.440373,1.0172428,0.5774409,-0.6020029,0.8573138,0.016200932,0.035119805,-1.0059041,0.38630438,1.2410023,0.31148392,-0.010788797,1.4968905,-0.9700977,0.22055204,0.88154286,1.0402437,-0.37506497,1.1334058,1.4907901,0.59940106,0.9134212,1.2114024,1.2956071,-1.5318536,0.61787593,0.6822287,-0.23541184,-1.7831318,-1.4850979,0.8469704,-0.9974447,-0.009358366,-0.1968627,0.8798481,-0.17484714,-0.5496226,0.71013457,0.953775,-0.40525472,0.21840605,-0.12169875,-0.5864966,0.1557328,0.25126985,-0.5714345
-1.091734,0.9102657,-0.38480544,0.16979231,1.2713376,0.11241221,1.7681549,0.35941488,-0.98719925,1.2807148,-0.018340811,1.3035672,-1.0431585,-0.18542437,0.72024894,0.8844203,2.1504126,0.8892431,0.02617616,1.7451209,1.4142885,-0.7602893,1.7403839,2.0912902,0.54737353,1.8072566,1.1987221,1.834229,4.026616,-0.65643597,1.633452,0.03898574,-0.6973248,-0.4138949,0.56407315,-1.0733871,0.9482974,-1.0010967,-0.5133841,0.4720522,0.556164,1.0621927,1.3226594,1.104326,1.9678832,0.7326343,-1.6522852,0.08922992,0.1945437,-0.26933035,0.02574918,1.3990011,0.94218564,-0.57995635,0.3868241,1.7450664,0.5667051,0.58666277,1.2033381,1.578331,0.95879066,-0.7151382,0.6852986,0.07309305,-0.8109781,0.95080405,2.2011724,0.9492764,0.4664245,2.203256,1.9480565,1.2774535,1.4764102,1.263414,1.5340471,1.7406986,3.108507,1.1528635,0.12059442,-0.9301916,1.8009863,0.31193808,0.6120619,0.94385415,1.6569602,0.06943339,0.78805286,3.233115,0.8029112,0.8169963,-0.8824212,-0.30493277,-0.34065402,1.2435995,1.0509826,0.603646,1.3953505,1.6253006,0.80751544,0.67388505
-1.119975,0.75644416,0.39569387,-0.13403913,-1.3248669,-0.36064914,0.7564105,1.4828745,1.0899792,1.762499,0.52338904,1.4607288,0.9392203,0.97804296,-0.07143211,0.23496345,0.14710015,0.49620545,-0.52148914,0.3105496,0.1753376,-0.93863463,-0.37986338,0.8758762,-0.19902125,0.2456159,0.006984974,-0.07863623,0.2931053,-0.2088066,-0.0055620074,0.19835052,-0.6059414,-1.0006208,-0.8135666,-1.9059453,-0.24020651,0.037983354,-0.8722877,-0.10076513,-0.38481522,-1.3486689,0.025953682,-0.12821455,0.1022085,-0.37303954,-1.9410799,-1.0561475,-0.50784636,-0.7134758,-0.27273357,-0.430584,-0.29837155,-1.1456057,-1.0755671,-1.0591549,-0.1576586,0.04377265,0.22329538,0.5081421,-0.05413929,0.5683161,1.3538542,0.04418829,0.4614131,0.87207586,-0.22690517,0.12884685,-0.9088521,0.2967374,0.4257211,-0.2049971,-0.08848519,0.33910543,-0.16262312,-0.4085222,1.6206796,-0.35181674,0.49135804,-0.027679583,-0.03813907,-1.078932,0.17256646,-0.070151746,0.86876947,-0.6401583,0.7420801,0.2523908,-0.9134238,-0.31874037,-0.84677863,-0.37049273,-0.5982856,-0.10307732,-1.103767,0.90615493,1.1083978,-0.46396416,-0.6323753,0.059364397
0.93226874,0.96638894,0.84629023,0.95733607,0.11584907,0.6400117,1.1277207,0.9380767,2.4949586,0.56534976,1.8566025,1.9197161,2.044266,0.39389247,1.6678357,1.4652281,1.0103444,0.8407923,0.48723197,-0.20312887,0.7076958,-0.1876026,0.38970312,1.2957895,1.6279701,0.5966582,-1.13416,-1.7027749,0.43497935,0.09666595,-0.33062437,0.083381414,-1.2528086,0.4885653,-0.5612104,0.0038373915,-0.13285959,-1.3617607,-0.6433793,-0.08680502,-0.15910518,-0.82216257,-0.70735574,-1.1630818,-1.4006872,-2.081595,-1.5612284,-0.8289747,0.0297141,-0.27418253,-0.91282153,0.80030185,-0.26498255,-0.3168233,1.057615,0.07126993,-0.17847998,1.3245533,-0.13383071,1.3416628,1.7304881,1.8125924,0.42873877,-0.66074616,0.008845563,0.6040137,0.20074654,-0.1990486,-0.90982705,-1.0004567,0.28310576,0.36995018,-0.71982527,-0.39703518,1.071589,0.57603914,-0.06288986,-0.48500603,-0.67694473,-0.4536555,0.3155049,-1.7136556,-0.96153456,0.045093074,-1.2590635,-0.82069427,-0.2548451,-1.0941951,-0.24430062,-0.99282306,-1.1600962,-0.39476115,-0.97929806,-0.94521105,-0.7363112,-0.7646712,-0.88052166,-0.5301971,-0.24115705,-0.6464674
0.56939846,-0.006159358,-0.5433472,-0.5698244,0.86968297,0.021779664,1.0747888,0.39534256,0.51635087,-0.11903042,0.7809606,1.309463,0.9773148,1.2172693,0.73920465,1.9421698,2.6974719,2.296395,2.0708363,0.99380696,1.0288694,2.1306348,2.4684563,2.7615094,0.5629998,2.2649415,-0.7726394,0.05320655,1.5533673,0.0039019352,-1.1067239,-0.9187145,0.3614894,1.6121202,1.2274374,-1.017925,-1.3040746,-1.0497936,-0.10882173,-0.09530739,1.0776157,0.9982297,-0.19550459,-0.8807947,-0.6740516,-0.927265,0.22929871,-0.05125365,-0.86875397,-0.75670975,-1.117401,-0.6673311,-0.3335109,-0.94551647,0.4040109,-0.74457425,-0.07111634,-0.30507207,0.06973439,-0.7480233,0.74676853,0.28535917,0.051072806,0.97475934,-0.95169234,0.39101446,1.1345314,0.4433314,0.389649,1.1724566,0.86840016,-0.44023022,1.567449,-0.41059735,0.6903634,0.6531793,0.7304455,0.27829978,-1.110236,-0.51958716,0.7047246,-0.74735206,-1.1013036,-0.81526047,-0.83787507,0.07334574,-1.7961206,-1.0188199,0.42847335,-0.4596603,-1.2334014,-2.0975807,-1.2226847,-0.7432875,-0.58383375,-2.7637656,-2.4782443,0.2806708,-1.7459328,-1.6385864
0.812553,-0.0680855,-0.19777732,-0.16268598,0.88464135,0.24371557,0.7773357,-0.33507213,-0.26261926,0.40413246,1.2187552,0.026647294,-0.49642485,0.91267854,0.33005902,1.0107387,2.1333585,1.0034643,0.27638242,0.19294126,0.9365051,0.07843754,0.08133894,1.9373825,-0.7871366,0.1190769,-0.21216801,-0.20761451,0.58863467,-0.35356086,2.1985629,-0.097862326,1.3540779,2.0642982,1.4596438,0.403088,0.51071453,-1.1459442,0.5804538,0.11047217,1.2786853,0.82129663,0.7635517,-0.019521661,0.45381233,-0.6129797,-0.4393998,0.3754857,-0.21502228,0.54105014,0.6917304,-0.50577164,0.63434494,-0.294593,0.8809713,-0.06282093,0.10446269,-0.09476533,0.13316445,0.50111455,1.1864191,-0.19373971,-0.023388676,-1.5023278,0.28381687,0.7890227,1.1766496,0.64963704,0.42308462,1.3475056,0.5355549,1.0169854,0.3034819,0.22426884,1.0863384,0.9858965,0.25055885,0.068452,0.02230845,0.38603225,0.3119467,0.7280998,0.35476965,0.7038663,-0.53990084,1.1570079,-0.3931725,-0.056910273,0.2299804,0.7479019,0.6469582,0.8797148,-0.046390343,1.8433473,0.70996106,-1.2265569,-0.38173658,0.4179427,0.0010375353,-0.77853924
1.0682478,0.35312292,0.042570867,0.75960404,0.551801,1.531371,0.28932127,0.114120565,0.8436341,0.18049444,0.30132395,-0.2298047,-0.18071133,0.98539376,0.6205655,1.2888763,0.36429802,-0.10877089,0.22726105,-0.60378325,0.59083784,1.9691715,-0.9651572,-0.06702201,1.4368274,-0.008550718,-0.05806225,1.0254266,0.50050944,0.0899976,0.35816756,1.0328958,1.9509895,1.7687985,2.6466198,2.4643185,2.1281173,2.1559174,2.1586387,1.7313839,2.0445428,1.93399,1.7434458,1.4082818,1.5534556,1.2322786,1.9670902,1.8893986,1.2305057,2.3720286,1.4469123,0.9244298,-0.94352186,0.027847366,1.8382671,1.4750559,-0.25182387,-0.033125278,1.2643015,0.041650128,-0.26322874,0.7878823,-1.295484,-0.23582985,-1.5427638,-0.070975296,-0.13783966,0.09674844,0.44690922,-1.0847203,-1.1471714,0.6713502,-0.9022037,0.60038567,-0.29064175,0.85356003,0.009361374,-0.70843446,0.99609613,1.5496254,0.05041424,2.571432,2.3818076,2.0871804,0.4918333,2.8517053,2.3777394,1.2793734,0.7911628,2.7779768,1.8888288,1.0860234,1.9612025,2.0250578,1.2538486,0.5625164,1.1801995,0.05245911,1.4670227,2.1933587
-0.014803012,0.9592675,-0.030577231,0.68325657,0.40603015,0.28789753,0.47263372,0.96252936,1.3856933,1.2384982,0.7354816,1.3511807,-0.079837844,2.2732399,0.8277465,1.1924237,0.67776585,0.3687977,1.1015393,-0.13172658,0.7121456,0.6636087,-0.2738359,-0.027588906,1.1364678,0.7351279,0.97517055,0.6047591,0.61298937,0.43944678,-1.1138259,-0.2292009,-0.14772242,0.34680998,0.5678177,1.0047985,0.25733364,1.4178216,2.158782,2.1388137,1.4375606,1.2899323,1.1112812,1.1993448,0.58709306,1.0375084,2.1422007,0.6823086,0.37221983,0.9071408,0.2707417,-0.5123542,-0.30515796,1.0057513,0.21759272,0.5600725,1.106149,1.1746889,-0.523918,0.09211001,-0.009802564,-1.1555889,-0.13156062,-0.2220012,0.45044944,0.44569877,-0.3055675,0.35991016,0.10177445,0.1299301,0.60988766,-1.2263291,0.8896588,-1.1083642,-1.1434548,-0.28594813,-0.9599519,-0.06537304,0.40289018,-0.37498897,-0.3069933,0.3035847,1.2964703,0.43585038,1.4614565,1.2012812,1.043291,1.0356634,-0.09774837,0.6893742,-0.100581646,0.03608196,1.0036204,0.45654085,0.40143242,0.58948183,0.9344021,0.5534638,0.68116796,1.3482563
1.1031247,1.1120685,1.0594841,1.3463815,1.0948408,0.5455691,0.75689036,1.2481241,0.64601576,0.5809168,0.44644442,0.070378415,0.3997803,0.25916526,0.8108707,0.45828167,-0.12205404,0.55335456,-0.38107875,-0.5714583,0.5759194,0.67820394,-0.74604565,-0.7081587,0.46506903,-1.0519305,0.62918985,-0.58202034,-0.35075375,0.19165125,-1.3959119,-0.32627624,0.87924814,0.5239068,0.08979404,1.3177993,-1.0503929,2.2743952,2.8830938,1.3938468,1.1700033,1.391747,0.7079189,1.5893145,1.0747342,1.1782719,1.2636546,0.17493616,0.48279852,1.6186308,-0.20689996,0.40873855,-1.0523664,0.3505547,0.2531619,0.15567335,-0.3729899,0.43209305,-0.6797467,0.16412671,-1.0887972,0.3028409,-1.7778826,-0.07735242,-0.26610327,0.8893059,-0.55620754,-1.4674026,-0.8439291,-0.96739024,-0.6479183,-0.14968294,-1.7277696,-0.6401269,-1.6305168,-0.48316544,-0.26317486,-1.0294787,-0.286765,-0.8357409,-1.2822343,-0.8517048,-0.74501556,-0.18168771,-0.64102906,0.5283084,1.0821828,-0.16027126,-0.0791562,-0.016622199,-0.045091487,-1.0374538,1.2171673,0.18151267,1.2280116,1.0995855,1.3025401,0.64084184,0.41053393,1.1220324
0.24962294,0.77819866,-0.46128252,0.657988,1.0958296,0.7218002,0.52735704,1.0144717,0.8827292,0.26562148,0.5426983,-0.66666186,1.8117143,-0.6798802,-0.5372794,0.35639593,-0.80343276,0.10797136,-0.044747144,-1.3412918,0.104564115,-0.56309485,-0.46976188,-0.68214506,-1.2080762,0.251429,-0.8422518,-1.1824733,-1.174424,-0.6311847,-1.8170781,-0.5425389,-0.8449144,-0.62724495,-1.2647694,0.15654539,-0.27329788,0.89351654,1.3117847,0.26493755,0.24858189,-0.53065056,0.31180865,1.891928,0.16466247,0.60394204,0.17354847,-0.7632851,0.7879366,1.5164561,-0.31392857,-0.42121243,-1.1548713,-0.2812819,0.79084796,0.6539997,0.2703524,0.047007967,-1.5094224,-0.20053402,-0.23759133,1.4556841,0.05795404,-0.3421166,-0.9045666,-0.27134848,-0.9748494,-1.4761992,-0.88431555,-1.2439551,-1.2015605,-0.729987,-1.0244801,-0.7582434,-0.65432775,-0.597874,-2.194591,-0.6274325,-0.8604518,0.12953427,-1.4192326,-1.025373,-1.1149622,-1.5070099,-1.2296234,-0.6621301,0.059392694,-0.51017857,-0.8166777,-0.5576167,0.19992931,-0.4190731,0.24550599,-0.05943928,1.38573,2.0048711,0.5664318,-0.39825264,0.23566866,2.0614762
-0.3016434,0.16015916,-0.3995929,0.27931696,0.48667544,0.3425253,-0.11242297,-0.2360254,-1.5795443,-0.46997738,0.35207802,-0.06040386,0.5234238,-1.2550328,-0.5636766,0.12329061,-0.89998955,-0.5104291,-0.043823387,-0.9977831,-0.7382014,-1.0550989,-1.0648623,-1.0469105,-0.25146076,-0.45104596,-0.42782247,0.16773266,-1.1663922,1.0521162,0.050575648,-1.9964839,0.2189983,-0.040365353,0.01323374,0.5999138,1.55621,1.3214371,1.012738,0.2144041,0.45648012,0.7371515,0.29082325,1.6035923,1.3911109,1.4965726,0.9656196,1.1685054,0.49591509,1.3494418,-0.42384624,-1.0030577,-0.86770344,-1.4238838,-0.79932445,-0.16331895,-0.09891828,-0.17244017,-0.95510674,-1.4116179,-0.83711827,-0.31869745,-0.19563416,-0.83742154,-0.41354594,0.14042504,-1.7055998,0.071215786,-0.60817575,-0.77317065,-0.72023904,-1.1727878,-0.40879372,-1.4084038,-1.5951687,-1.7884649,-0.8242722,-0.6183172,-0.8634196,-1.884295,-2.0372217,-0.28442776,-0.8361996,-1.5605825,-1.3381205,-0.5409609,-0.121026665,-1.1729469,-1.1726559,-0.991463,-1.4967268,-0.027720654,-0.5077416,-0.91902715,-0.9246062,0.8294864,-0.054709304,-1.2779067,0.41241652,0.5239505
-1.2141438,1.0536318,0.17882375,1.0424289,-0.1380832,0.5081145,0.623986,0.7322424,1.1616161,0.71258265,1.4829949,0.91689485,0.7959397,0.7406123,1.2017084,0.5587556,-0.65467066,0.6891105,0.6958651,0.40597677,0.9326822,1.5070698,0.5813791,-0.18492424,0.19985397,0.25375906,1.3955948,0.60722125,-1.139925,1.6829354,-1.8033882,-1.3194647,-1.9102108,0.4408241,1.067408,-0.28745827,0.07595037,-0.26001844,0.6857287,1.6979704,1.1142471,0.094909355,2.1552138,1.4534467,0.88669586,1.3230323,1.1927944,1.1798779,-0.36348665,0.5772867,-0.5055592,-0.14634125,-1.4873649,-0.36893517,-0.61012375,0.84413236,-0.7993496,-0.015990926,0.66008013,0.42633754,0.5516482,-0.017801685,1.93727,1.564198,0.77839434,1.3840106,-1.034116,0.57449424,-0.12973498,-0.3086872,0.5518528,-0.8422389,-0.923377,-0.5010119,-0.27089182,-0.49552128,-0.92808276,0.2230787,-1.636705,-1.7492517,-1.5098513,-1.2056578,0.106976666,-0.5017088,0.057416663,-1.3039951,-0.91286856,-0.37771603,-1.1145381,-1.4844397,-2.043588,-0.6061473,-0.96531105,-1.5406197,-0.35309452,-0.24622671,-0.75360763,-1.4421132,-0.5503623,-0.7865708
-0.8914983,0.16260156,0.16509208,0.23225425,0.72661567,0.025666239,0.33266658,-0.0014988198,-1.2002884,-1.1799691,-1.8463933,0.94515395,0.74115986,-0.25077432,0.19427799,0.03542409,-0.34341937,-0.90574306,-0.41881514,-1.0787828,-0.6391299,-0.20518558,-1.0091822,-0.6838015,0.23629951,-0.82561284,-0.9619273,-0.496284,-0.7109011,0.1802174,-0.16948402,-0.08729271,-0.58984154,-1.1653187,-0.39646292,-0.93966204,-0.22356018,0.9215959,1.0201794,0.21630877,0.25534105,-0.028396174,1.7120558,0.4500099,-0.0006189334,0.3014688,0.21409175,-0.015769545,-0.55480593,-0.045387834,-0.16015811,-0.33766,-0.7519594,-1.5387863,-1.2880412,-0.64765966,-0.10308622,-0.74440247,-1.0387704,0.31076056,-0.53259516,-0.50075597,-0.6645091,-1.6454389,-2.0849032,-0.8179415,-1.7906219,0.83648753,-0.92485785,-1.531168,-1.0664043,-1.1337894,-1.1022904,-0.28144714,-0.739329,-0.92029077,-0.9844393,-0.8585316,-0.0067805923,-0.32315892,-2.0367014,-0.63949364,-0.9066458,-1.4747044,-2.0875006,-0.04677726,-0.884102,-0.69037336,-1.9637499,-0.49734932,-0.46015725,-1.0256891,-0.68785745,-0.67955166,-0.21655303,0.6611434,-0.38113442,-0.916271,-0.9971934,-0.68621826
1.2761192,1.0441524,0.33187887,0.06485081,-0.60888857,-1.3135483,0.93895304,0.23348808,0.44073036,0.004758196,-0.5315231,1.1636727,-0.3702655,0.77094096,0.88139343,0.6866451,0.5307354,0.5142211,-0.10627365,0.5359845,0.64301914,-0.6173548,0.6007321,0.99807477,-0.12869604,1.4189714,0.80915195,0.25520134,0.76623166,0.32306892,-0.15929246,-0.945161,0.55161214,-0.534548,-0.7818665,-1.0044711,-0.5388316,-1.0231738,0.30080175,-0.023032479,-0.54659194,-0.62423086,-0.45183718,-0.8368094,-0.29261854,-1.5143563,-1.5741394,-1.5444404,-0.63952655,-1.041462,1.0518548,0.7834018,0.3309617,-0.49341634,-0.66445124,-0.44927806,-0.71590954,0.7142868,0.49486503,-0.13439812,0.77086526,-0.9003447,0.57121575,-1.2403419,2.2588744,0.5360721,0.09008326,-0.85118884,-1.4426104,-0.0076234033,1.2742708,-1.2995201,-0.024497755,-0.0048562787,0.5248581,0.48292026,1.2192719,0.18390597,0.22858804,-1.2659961,-0.5631669,-1.029015,-0.23431233,-0.432928,0.7885767,-1.6866311,-0.7789049,-0.7294353,-0.18856058,-1.0756363,-1.5243411,-1.0227046,-0.020189414,-0.111973375,-0.5731611,-0.4434903,-1.5049126,-0.57329506,-0.9256523,-0.64773285
-1.4098226,1.4091865,0.969009,0.7550521,-0.5506179,-0.37553775,0.8294242,0.8794729,1.4711841,1.4000497,0.6728411,0.87137556,0.8264918,1.1321654,1.4452254,1.0380875,0.62100893,0.8311825,0.39109766,-0.036569126,1.2202657,-0.079814054,-0.13404138,1.1565357,0.83910626,-0.16476157,-0.57280064,0.402309,1.1541232,-0.26543495,-1.4774247,-1.8126161,1.6694258,0.8655215,0.43740103,-0.13256024,0.8109817,-0.997515,-0.20264377,0.57296956,0.46941575,-0.8925344,-0.6084531,-1.2004802,-0.1435989,-0.6326159,-0.27132553,0.12764516,-0.77279425,-0.47772887,-0.6074496,0.027337352,0.37449738,0.30268842,-0.64411587,0.031626556,0.84342957,1.3984522,0.94141066,0.67473936,-0.3611405,0.3947338,1.1378316,-0.27266678,0.429943,1.3486521,0.5821048,0.34224963,0.34142768,-0.566583,0.5727867,0.22130914,0.34813166,0.25720334,0.27046853,-0.23383762,1.5614451,0.39187515,0.07543731,-1.8718296,0.83158666,0.28637847,0.6939551,0.86369526,0.74689245,0.67776394,0.94362676,0.4639059,0.9879917,0.33086833,0.33824545,1.0608003,-0.8424627,-0.4628695,-0.7891838,-0.40074304,0.78085464,0.8603519,-0.6659493,-0.872461
-0.12199634,0.663683,1.2115006,0.63413656,0.42949113,-0.71251607,0.6066727,0.23557375,0.98617303,-0.01018714,0.56937546,-0.5765944,-0.49797088,1.1512227,0.32352445,0.5374706,0.35470343,1.1067239,0.7113611,0.84027624,-0.81773114,-0.08708645,0.8617477,0.6678521,-0.8634288,0.5824917,0.1452045,-0.31714582,1.1144207,1.2229663,0.3982844,0.51874846,0.9130977,0.53943765,0.34876314,-0.48659572,-0.85640603,-0.13833213,0.16049795,1.1544362,0.0969221,-0.08727869,-0.5144336,-0.9811616,-0.34627908,-0.08383094,-0.72804207,-1.2792963,-0.8897008,-0.4072294,-0.56906927,1.5728467,0.6754577,0.9639694,0.5765892,-0.14149289,0.22734134,1.4947325,-2.1881769,-0.84795994,0.6866399,-0.12945439,1.1584421,0.6393971,0.46309933,0.4703203,0.09133675,0.5345735,1.6478564,2.0152144,-0.3933128,0.5351045,0.5834246,0.90434784,-1.1758466,0.1498734,0.3722916,1.3133168,1.8816937,0.57008094,0.65821224,-0.15509705,1.3925228,0.91250956,1.2162615,0.77444005,0.2326918,0.34621596,1.1087955,0.19605039,0.54356855,-0.13876465,0.14675483,0.8768947,0.4657103,-0.7139534,-0.36932197,1.0823965,-0.16022338,-0.5624899
-1.3699054,0.51099455,-0.18905713,0.8786387,0.7662132,-0.6140433,0.9285841,0.35800958,0.63228995,1.9246856,0.5705674,0.4363293,0.91374606,2.0259118,1.7068148,0.10806796,0.93020916,0.5398527,0.5164664,0.8867535,0.016933883,1.3355838,1.10922,1.509447,-0.40008467,1.4083613,0.93837225,0.22759473,0.42905903,-0.5981315,-0.78725135,-1.0683764,0.7422322,0.41982692,0.25087777,0.40233195,-1.3549939,-0.78214073,-0.1261328,0.62018186,0.05400995,-0.060178984,-0.7444517,-0.7555632,-0.25705004,-0.71699655,-0.22415255,-1.1585886,-1.078216,-0.83540845,-2.2381947,-1.045619,0.07472967,-0.6500973,-0.74787194,-0.6704745,-1.2455565,1.6299976,-0.70150995,-0.024022859,0.45821545,-0.38640526,-1.513148,0.25543082,0.1377901,0.7293246,0.55066967,-0.52463126,0.2157261,0.4400857,0.95419514,0.9849473,0.80166376,0.37423316,0.11966582,0.8027359,1.2069036,0.7119993,0.21080364,-1.7842741,0.5272326,-0.47497797,0.7523533,0.9020527,0.6504192,-0.3769884,-0.08964565,1.1802462,0.33329207,-0.13935861,-0.08158661,-1.9697998,-0.57492304,-0.73954266,0.8552007,-0.37275296,0.23136269,1.2223661,-0.9071257,-0.22703026
-1.4260229,1.6830139,1.1847008,1.648412,0.7464189,-0.60426986,2.2069578,1.4115126,0.80223894,1.2621253,1.5330889,-0.94901747,-0.08432201,2.2392516,1.0792772,1.3248903,0.99654764,1.2655008,1.2227486,0.70206976,0.7916761,1.4657812,0.25778645,1.8786827,0.20500632,-0.068567105,1.1207532,-0.40220356,-0.1352918,-0.7297118,1.2066311,-0.3493482,3.3408804,1.2046549,2.0697901,0.5365368,0.7839997,-0.22719616,0.4493683,0.8950411,1.2445226,0.33310527,1.0072991,-0.17239925,1.1737134,0.8743826,1.0401913,0.021443518,-0.50744283,0.11609866,-2.2012753,-0.99408627,-0.066254266,-0.72909594,-0.5326881,-0.9530211,-2.0118086,0.40661258,-1.3623319,-0.8158262,-0.286836,-0.7213169,1.0440007,-0.003520532,0.51261216,0.20545027,-0.56283104,-0.800735,0.36459514,-0.33958614,0.4548821,-0.15222554,-0.06952382,-0.22368176,-1.2216656,-0.095667936,0.09197914,0.25800547,1.8023424,-1.560752,0.6607618,0.2690128,2.9632254,2.2443833,2.0916903,1.0500045,-0.22575438,0.57851875,0.62438047,0.73903,1.3712194,-2.0786233,-1.2902279,0.31745085,0.89365226,0.86503565,2.1318576,0.5888055,-0.74142975,-0.15811817
-1.4456598,1.5426157,1.4267054,1.5215737,0.2904442,0.32150885,1.2016519,1.2150326,1.9004903,1.9368614,0.6791123,0.27434394,0.6747717,0.8037301,1.1574868,0.38576403,2.006822,1.2055854,1.3938404,-0.642973,0.82737684,0.44743568,0.48243156,2.0527098,0.77435786,0.8662415,0.017558808,-0.80341667,1.4617141,-0.3463913,-0.33088735,-0.07167559,-0.019243313,0.35021707,0.52941054,-0.35663164,-0.19822946,0.57470113,-0.36730456,0.9503784,0.19832803,-0.32364538,-1.131738,-1.0894752,-1.069892,-1.3877947,-1.128015,-1.0003598,-1.3335018,-0.9591332,-0.0046970504,-0.27622056,1.7777077,-0.036451917,-0.3849348,-0.9373795,-0.5931576,0.055458874,-0.733337,-0.5208166,0.3081956,-0.1919892,0.81477326,-0.252854,0.41696873,0.22414525,-1.2907296,0.4368828,0.49449444,0.054172408,0.42353162,0.4930031,0.567403,0.42028463,0.6686308,0.14766018,1.2533197,1.0712584,0.83721644,-1.3397782,1.1950333,-0.311457,1.6647236,1.6687721,1.2985792,0.9331386,-0.38198146,1.7728448,0.6203683,0.22973095,0.76413476,-0.25464517,-0.93407404,1.1665643,-0.8128732,-0.51934004,-0.011873345,-0.4317518,-1.6287534,-0.3687317
0.8103553,-0.11980742,-0.24922404,0.49293688,0.8267561,0.9054569,0.1425616,-0.19346678,0.4107154,0.13107087,0.004732027,-0.48288804,-1.188517,0.057829093,-0.8410345,0.8563414,-0.33750683,-0.78990066,-0.31237873,-0.7945691,-0.65645915,0.19844744,-0.73349077,0.48270088,-0.096763946,0.47679853,-0.22569019,-0.2022227,-1.0059587,1.2674165,0.8269255,-0.06307225,1.2771661,0.5206372,0.31341013,0.34667268,0.3567389,0.12522042,1.0994738,0.7869985,-0.010438059,0.36817905,0.5532899,-0.6259008,-0.047632642,-0.5983707,0.21944219,-0.039278787,-0.053788766,-0.12624887,-1.5102336,-0.73236495,-0.24199602,0.101378605,-0.21721652,-0.808226,-2.0750961,-0.86306065,-0.65691537,-0.76714325,0.24649028,-0.5471359,-0.00452087,0.46084738,-0.037068218,0.07907708,-0.63999134,-0.17808022,-1.4047099,-1.1444482,-0.7133917,-0.39595422,-0.4082733,0.46851107,-0.56102306,-0.10077215,-0.75021905,-0.057679355,0.57090086,1.1561787,-0.25687286,-0.12692021,0.017415486,0.49930927,0.61865,0.40558958,-0.31349155,-0.20752724,-0.13866894,0.4920026,0.23813206,-0.37515107,0.7528676,0.44406718,0.016208284,-0.4109769,0.15349992,0.2141202,-0.20958805,0.15420245
