7Networks_LH_Vis_1,7Networks_LH_Vis_2,7Networks_LH_Vis_3,7Networks_LH_Vis_4,7Networks_LH_Vis_5,7Networks_LH_Vis_6,7Networks_LH_Vis_7,7Networks_LH_Vis_8,7Networks_LH_Vis_9,7Networks_LH_SomMot_1,7Networks_LH_SomMot_2,7Networks_LH_SomMot_3,7Networks_LH_SomMot_4,7Networks_LH_SomMot_5,7Networks_LH_SomMot_6,7Networks_LH_DorsAttn_Post_1,7Networks_LH_DorsAttn_Post_2,7Networks_LH_DorsAttn_Post_3,7Networks_LH_DorsAttn_Post_4,7Networks_LH_DorsAttn_Post_5,7Networks_LH_DorsAttn_Post_6,7Networks_LH_DorsAttn_PrCv_1,7Networks_LH_DorsAttn_FEF_1,7Networks_LH_SalVentAttn_ParOper_1,7Networks_LH_SalVentAttn_FrOperIns_1,7Networks_LH_SalVentAttn_FrOperIns_2,7Networks_LH_SalVentAttn_PFCl_1,7Networks_LH_SalVentAttn_Med_1,7Networks_LH_SalVentAttn_Med_2,7Networks_LH_SalVentAttn_Med_3,7Networks_LH_Limbic_OFC_1,7Networks_LH_Limbic_TempPole_1,7Networks_LH_Limbic_TempPole_2,7Networks_LH_Cont_Par_1,7Networks_LH_Cont_PFCl_1,7Networks_LH_Cont_pCun_1,7Networks_LH_Cont_Cing_1,7Networks_LH_Default_Temp_1,7Networks_LH_Default_Temp_2,7Networks_LH_Default_Par_1,7Networks_LH_Default_Par_2,7Networks_LH_Default_PFC_1,7Networks_LH_Default_PFC_2,7Networks_LH_Default_PFC_3,7Networks_LH_Default_PFC_4,7Networks_LH_Default_PFC_5,7Networks_LH_Default_PFC_6,7Networks_LH_Default_PFC_7,7Networks_LH_Default_pCunPCC_1,7Networks_LH_Default_pCunPCC_2,7Networks_RH_Vis_1,7Networks_RH_Vis_2,7Networks_RH_Vis_3,7Networks_RH_Vis_4,7Networks_RH_Vis_5,7Networks_RH_Vis_6,7Networks_RH_Vis_7,7Networks_RH_Vis_8,7Networks_RH_SomMot_1,7Networks_RH_SomMot_2,7Networks_RH_SomMot_3,7Networks_RH_SomMot_4,7Networks_RH_SomMot_5,7Networks_RH_SomMot_6,7Networks_RH_SomMot_7,7Networks_RH_SomMot_8,7Networks_RH_DorsAttn_Post_1,7Networks_RH_DorsAttn_Post_2,7Networks_RH_DorsAttn_Post_3,7Networks_RH_DorsAttn_Post_4,7Networks_RH_DorsAttn_Post_5,7Networks_RH_DorsAttn_PrCv_1,7Networks_RH_DorsAttn_FEF_1,7Networks_RH_SalVentAttn_TempOccPar_1,7Networks_RH_SalVentAttn_TempOccPar_2,7Networks_RH_SalVentAttn_FrOperIns_1,7Networks_RH_SalVentAttn_Med_1,7Networks_RH_SalVentAttn_Med_2,7Networks_RH_Limbic_OFC_1,7Networks_RH_Limbic_TempPole_1,7Networks_RH_Cont_Par_1,7Networks_RH_Cont_Par_2,7Networks_RH_Cont_PFCl_1,7Networks_RH_Cont_PFCl_2,7Networks_RH_Cont_PFCl_3,7Networks_RH_Cont_PFCl_4,7Networks_RH_Cont_Cing_1,7Networks_RH_Cont_PFCmp_1,7Networks_RH_Cont_pCun_1,7Networks_RH_Default_Par_1,7Networks_RH_Default_Temp_1,7Networks_RH_Default_Temp_2,7Networks_RH_Default_Temp_3,7Networks_RH_Default_PFCv_1,7Networks_RH_Default_PFCv_2,7Networks_RH_Default_PFCdPFCm_1,7Networks_RH_Default_PFCdPFCm_2,7Networks_RH_Default_PFCdPFCm_3,7Networks_RH_Default_pCunPCC_1,7Networks_RH_Default_pCunPCC_2
1.5762565,1.3085561,0.44365108,0.010134772,0.53739834,0.33611673,0.86889297,0.1827494,1.5105742,-2.1326513,0.044737417,0.052627575,0.6925193,2.1198752,0.703008,1.1896595,0.77428335,0.7064231,0.6291802,-1.5870235,0.45261067,-0.39065343,1.5167154,-1.7421451,-0.7490679,-2.0742447,-0.25276026,0.62767863,-1.2407345,-0.6825132,-0.43999156,0.5189053,1.2611895,-0.3652685,0.08334755,-0.9708818,-0.8606185,1.4403486,-0.99809504,-0.67876357,1.3174945,-0.8384366,0.53713703,2.0486119,-0.37317726,1.697886,1.3731271,1.5615007,2.1021464,1.1970738,1.6218157,1.2897978,0.91959816,0.91487676,0.20012425,0.5780851,0.77634484,1.1821861,-1.5377443,0.27233398,1.0100439,0.7858513,2.1000357,0.88745695,0.5237156,0.89556754,0.682605,0.028264472,-2.1060855,0.9490008,0.017807331,-0.6511472,0.9518323,-0.9522924,-1.816386,-2.7009063,-1.6621271,-0.45294875,0.03808103,1.4269806,-3.3566277,-0.38512704,-0.37773433,-0.034827046,-2.2763977,-1.1240311,-1.6971308,-1.463114,-1.9754316,-0.16578925,-0.20992124,-1.0215843,-0.79502463,-1.6678424,-1.9963539,1.755032,1.0702157,0.3488593,0.9852632,0.9432055
0.062543064,0.92996204,1.6694993,-0.037118603,1.1756239,0.11008857,1.7482896,2.6257205,1.7944188,-0.033163734,0.48537242,-0.18814467,1.4139897,1.7039332,2.3398833,1.0252317,0.12397892,2.2983065,2.1129055,-0.7609486,1.7064449,0.12914953,1.7535299,-1.635966,0.04674884,0.038346097,-0.8034228,-1.218833,0.17103136,2.0977552,-0.66884035,0.72404426,0.5806373,-1.0675088,-1.135167,-0.95192474,0.1084047,2.0720117,0.018769924,1.2987046,0.211518,1.0566354,-0.17461376,1.2067182,-0.14691566,1.4970516,0.17175959,-0.7775325,0.99346244,1.113657,0.48996887,1.2905029,0.79480666,0.7644579,0.62159413,1.001095,1.5620204,1.4782486,-0.85276616,1.9077393,0.71117115,0.90703446,1.4063787,0.26083162,1.3733214,1.7620132,0.17212042,1.8722533,-1.802328,0.24691606,0.19296868,-0.27203664,0.72772735,-0.49240908,-0.88405627,0.2436,-0.7132542,0.9974428,-0.69259155,-0.6347473,-1.3062667,-1.0650042,0.050608337,-0.75494176,-0.7896195,-0.114974804,-0.43289134,0.81017345,-1.1723592,0.7785128,0.980679,-0.63174343,0.32271567,1.2370101,-0.36333126,1.2596,1.2605585,-1.2616831,0.057002407,1.6612002
1.5510833,0.34946033,0.46826845,1.1198368,0.44278145,0.10680334,1.4781753,1.6044264,1.7539947,0.17024696,-0.45149955,0.48683685,0.3809827,1.4007422,0.08548965,1.0553603,1.3401921,0.44789732,0.30997452,0.7359987,0.47536588,1.2146416,1.2911971,0.6671419,0.083056256,0.4639658,0.95695883,0.0928513,0.18520547,-1.0662454,0.17591803,-0.54074764,-0.59865874,-0.6283897,-0.19780008,0.86140466,-0.08226524,-1.1059208,0.49325386,0.44654778,-0.6765193,-1.0721257,-0.17849909,-1.955189,-0.2788844,-1.000001,-0.9136193,-1.1113342,-0.60225564,-1.580279,-0.03322106,0.030526236,0.42660958,-0.3292835,0.49963462,-0.26408637,0.59252656,1.7991055,-1.2992982,-0.1844852,0.01608838,0.89177847,0.10169695,0.5157668,-0.7366857,1.0450084,0.83015937,-0.8698053,0.43954054,0.97236836,0.4907088,-0.054196075,-0.23800777,0.30226612,0.3785316,-0.31078577,0.61609817,-0.180477,0.32143477,0.07521152,0.44962186,-0.35530502,0.41348872,-1.1974229,0.05418033,-0.64058214,0.9373738,0.37952808,0.43462875,-0.5538514,-0.50070137,-0.24718472,0.07229689,-0.02922972,0.7002658,0.039034065,-0.44926456,-0.38105217,-0.3152354,-1.0834147
-0.61671,0.087408364,-1.015798,0.31922764,-0.9111696,-1.1928719,-1.1736051,-0.5386988,-0.08694695,-1.5577612,0.093776286,-0.37522736,-0.43756402,0.52512604,0.36731982,-1.331939,-1.0474527,-1.2741073,-0.31330273,0.5320096,0.38276196,0.06802059,-0.3396194,0.02750798,-1.0587308,0.7773606,0.650793,1.2783482,-0.101518735,0.099420324,0.31749746,-1.0773867,-0.3468514,-0.49057063,-0.029284183,0.53393173,1.1009116,-0.4236807,0.052436627,0.086683154,0.334482,0.49892563,0.2129898,0.5692125,0.14885096,1.4688056,0.4661071,0.22903258,-0.6704936,0.004786209,-0.47618768,-0.81201166,-0.5873921,-0.487494,-1.148444,-1.5569916,-0.60752887,-0.072285056,-0.9128234,-0.5748549,-0.49766448,-0.34662333,-0.079633385,0.38242623,-0.051237524,0.78816384,-1.0176206,-0.6654741,0.7112563,0.32189268,1.1194412,-1.0840769,-0.746373,0.99197745,-0.43961987,0.45891544,0.83826494,0.69814783,1.2833918,-1.4432435,1.5995535,1.0098746,1.105721,0.9844014,0.8497577,0.6997794,0.6854204,1.4949688,0.42231125,0.98339,1.4018707,-0.60138255,1.0716265,0.121265836,0.9222053,1.7417257,3.3135664,1.2263049,-0.77427685,0.38224334
-0.5400518,-0.08033849,0.21321464,-0.18087502,-0.5901102,-0.7999985,-0.24025226,-0.45320097,-0.2680237,-1.847272,-1.2206875,-0.02083998,0.55659384,-0.38241225,0.98461574,-0.29375857,1.2426764,-0.49921578,-0.2813765,-0.44305032,1.366918,1.8428928,1.6608298,0.041444477,0.3083417,0.30440372,-0.2505001,1.1511334,0.03470168,0.18049438,0.87483215,0.14513865,-0.075782344,-0.068708666,2.0635633,0.10364932,0.25189894,1.020554,0.8273305,1.20797,-0.04485103,1.5226529,0.42890376,0.91231996,0.87025404,1.3822566,1.4235973,-0.37899375,-0.6443885,0.05698694,0.79274154,-0.11360924,-0.044446256,0.5163032,-0.363974,-0.73475707,0.018459385,-0.015238321,0.41999647,0.9517538,0.9525136,1.0491709,-0.5452424,0.32669452,0.44978297,0.71517336,-0.7469092,0.5438623,0.2348387,1.1784205,2.0254498,-0.42586178,0.5180892,-0.1401196,-0.27483425,-0.534321,-0.3943881,-0.09816814,1.1054318,0.10284,0.03516313,0.11397643,0.19464673,0.69351494,0.6554252,0.951676,-0.35955682,-0.047609672,-0.34847113,1.2333485,-0.70871836,0.37322593,-0.21808477,-1.0053,-0.9686405,0.851424,0.5264105,-0.038363736,-1.280712,-0.3310611
0.36829954,0.6958349,0.09803809,0.62287974,0.3516849,-0.077885315,0.2783755,0.7530163,0.61505723,-1.6902925,-1.5133383,-0.5079054,0.87538403,0.02607454,0.1225328,0.093021445,1.3775425,0.17866349,1.2449486,-1.321392,-0.56030923,1.8664873,0.04849879,0.37502244,0.22823112,1.7142495,0.41717616,-0.5484066,-0.5754792,0.247309,0.5082672,0.3004763,-0.067126706,0.64959294,2.202507,-1.5583812,0.021350568,-0.7126555,-0.91970026,0.20819424,0.73606694,1.1877568,1.4760828,-0.34669825,0.8312019,0.7371806,0.12229233,0.09830865,-0.67675143,-0.51203007,-0.09395154,0.05156152,-0.41054568,-0.4094623,0.26133454,0.021198291,-0.39894155,-0.009282654,-0.54751533,0.2220939,1.13044,0.32331663,0.48469973,-0.2938448,-1.8437321,0.11984393,-1.2332797,0.8082081,0.5837428,-0.4232158,-1.3183827,1.7855538,1.143018,-0.16077904,0.58753747,0.4578836,0.17152898,1.00209,-1.0349873,-0.2059249,0.6011237,0.183828,1.1172233,2.1126246,0.45783374,1.2517602,-0.9352138,0.62889093,-1.4387584,-0.070728175,-0.3596379,-0.93268174,0.23715472,1.0975149,1.1097357,-0.21343891,0.9175334,0.85075676,-0.89346004,-0.76393825
-0.05921119,-0.012103645,-0.54576343,1.5937182,0.1481542,0.71035814,0.13779652,0.68444777,-0.15888937,-0.8090183,-0.1775043,0.2955442,1.6186967,-0.57849926,-0.780034,0.88405097,2.0149927,0.62470126,0.17114067,-0.6348046,-1.0658088,1.9277378,0.5042448,1.8261371,1.220092,3.1013489,0.65044343,1.0789547,0.8067271,-0.0701346,0.5492822,-1.158443,1.2350035,0.96951485,2.393853,-0.94738984,-0.58021253,0.6248258,0.7708692,2.0102909,0.21260989,2.3547666,3.0129774,0.017152928,-0.35015446,1.0672917,0.83276737,1.5774354,-1.0006148,-0.84350264,-0.75544995,-0.8710369,-0.59240466,-1.1958367,-0.21639112,-0.9998528,-0.46339485,0.036281448,-0.05967958,0.8244516,0.96310365,0.5250456,0.66056496,0.7445705,-0.3392478,-0.6261839,-0.5283373,2.3712778,0.1659511,0.63665354,-0.48239952,0.8885266,2.1214414,-1.6903169,0.43777472,1.0282091,0.92617506,-0.10332112,0.46505165,-1.3657188,-0.112979524,-0.18489313,-0.04684541,0.8659942,0.80014884,0.7331946,-1.6741095,0.29393572,-1.6384124,-1.1846236,-1.3546236,-1.8078648,-1.0708871,0.3198382,2.4492822,-0.80684745,-0.015011944,1.5310307,-1.128456,-1.5167385
-0.017315038,0.37156692,0.25234088,-0.07948534,0.16403197,0.9060959,-0.8629528,0.4006898,1.2446203,0.123699285,0.11735388,-0.55575794,0.6926726,-0.5094781,-0.21816738,-1.0097288,0.74609035,-0.19764163,-0.5142084,-0.32560006,-1.3747406,-0.29244748,0.100436,0.050970137,-0.49113446,-0.13332886,1.4246635,-1.2244489,-0.6049568,0.63930637,-1.3867891,-0.72343713,-0.5122606,-0.12237269,0.8641399,-0.38961512,-0.7838333,0.7132254,1.199369,1.7840093,-0.3097586,-0.35983065,1.5619196,-0.40104094,-0.11520144,1.1991675,0.58155704,0.1975171,-0.65151,-0.17405912,-0.119140595,0.28429022,-0.25365505,-0.13278171,0.2252229,0.48649043,-0.45242134,0.5533746,0.61003053,0.58086187,0.40835074,-0.026463721,0.19037905,-0.495237,-0.3396385,0.14283054,-0.9065769,-0.06691967,0.031976085,-0.5004267,-0.11318355,-0.094231226,0.0829874,0.68894446,-0.14335708,-0.26412016,-0.7471575,1.4082153,-0.15203741,-0.81964654,-0.015830416,-0.786181,-0.013615436,0.48810235,0.8186535,0.88174963,0.22479287,-0.5444868,-0.8224517,-0.51182216,-0.2630712,1.132129,0.8554759,0.6688941,0.12955913,-0.73405564,0.38136628,-0.46767154,-0.010227451,-0.62084323
0.6490179,0.067775264,-0.01842933,0.03220294,0.45808414,-0.3997469,0.18905815,0.6769437,0.22652233,0.91577274,-1.4198917,-0.17053841,0.44180405,-0.7263596,1.201277,1.1079365,1.4566455,0.28515324,0.690765,-0.46150497,-1.3719391,0.29809323,0.5089882,0.3079086,-0.67469376,0.62266105,0.17882028,-0.42622906,-1.1012588,0.6369332,-0.37300828,0.047390804,-1.3228029,-1.0009214,-0.8203879,-1.863467,-1.6860453,-1.0279583,-0.3360254,0.4278121,-1.5930555,0.39816317,-0.94654536,-1.4034406,-0.7592213,-0.5930946,-1.2836373,-0.23741622,-0.052580774,-1.7411479,1.4626883,-0.17053689,0.60034275,-1.2248305,-0.18175691,-0.2579628,-0.12604517,-0.34285778,-0.17793305,2.2586772,-1.5757481,-0.038837325,-0.3829493,-0.08654141,1.0868806,0.89152515,-0.32977992,2.214071,0.3050647,0.18564169,-0.9823716,1.1156063,0.1540992,0.5734968,0.35621333,-0.6588701,-0.20643209,1.1962367,0.16302906,-0.16831836,0.22348662,-1.1548481,0.6245064,0.30277106,0.5403911,-0.24564622,-0.8247591,0.42229733,-1.4038632,-0.28634334,-0.7000851,-0.22184414,0.23205648,-0.13372786,0.9967256,-0.27687475,0.6367613,0.63057125,-0.8472831,-1.4044133
0.36957747,0.19107398,-0.7848653,0.8448474,0.71142095,0.2598089,0.28442866,0.6105777,0.040768668,-1.305135,-0.7720002,-1.4403738,-0.121226005,-0.65130574,0.124651425,0.5835282,0.8866686,0.7380158,-0.21091543,-0.8351667,-1.1774645,1.0509894,-1.3259689,0.1439941,0.44641113,-0.16352075,-1.4172224,-0.15131707,-1.4029547,-1.6020111,0.8845785,-1.4125327,0.0801573,1.0920472,0.7219201,0.17018025,0.63272077,0.26201525,0.7545867,-1.0124007,0.81228733,0.6254753,0.60290414,-0.24173027,-0.6766068,0.15830317,0.7754334,0.3041475,0.43812257,0.94068336,1.6403441,-0.9919875,0.27179375,-1.1646369,0.9536558,-0.5632072,0.28972876,-0.26015225,-0.49809262,1.0171696,-1.2142458,0.27483806,0.51464593,1.0815517,0.7045161,-0.014243678,-0.20541637,1.3058351,1.3771882,0.06964878,-2.4878182,-0.058205057,-0.08832787,-1.1334412,-1.0299982,0.30048722,-0.7187148,-2.810842,0.4061452,-0.14286627,0.23627336,1.2797854,1.0278713,1.5204496,-0.33646595,0.92664975,1.1154172,1.4052749,0.38199228,0.8444994,1.0610698,-0.25066993,0.26897642,0.5653815,-0.031201743,1.0678283,0.1572554,1.0219035,0.32376015,0.8237827
1.1916008,-0.74846196,-0.2892506,1.4349244,0.36029246,0.117305085,0.027411008,-0.1713178,0.25805107,-0.12186073,-0.078202024,1.1857413,0.32016966,1.2570921,1.0994338,1.4045196,1.4935861,0.93676144,0.4811483,0.31401777,0.7423455,2.3536925,0.5881556,-0.22933649,-0.6396565,0.21019036,-1.0774734,-0.22495554,-0.8007024,-0.046449676,-0.19460562,-0.27324206,0.6010704,2.1866415,2.033371,1.4079622,0.721987,-0.47353098,-1.089482,-0.907637,1.6542578,0.65278316,1.1494492,0.11801264,-0.76639646,0.63404036,0.36749128,3.2403722,1.3693976,1.1961292,0.62410784,-0.121017426,-0.21092941,0.34048113,0.036170572,0.30381757,0.19051515,-0.16099367,0.5010107,0.74298996,-0.5305122,0.6461035,2.4834673,2.1210198,0.7256934,0.9969275,-1.1603184,-0.14937033,-0.908594,0.98037255,0.5735317,0.52229124,-0.44841874,-1.8551823,-1.3443613,-0.49960053,0.06892357,-2.5792112,0.30588433,-0.7161001,-1.9372194,0.6244206,0.6118806,1.192686,-2.3090878,-0.3619954,0.688631,-1.7505264,0.25592473,-0.30746523,0.5636867,-2.0519698,-1.6274638,-0.03326072,-0.9581874,0.5246671,0.018095285,1.1211278,1.0336328,0.96879536
-0.47369814,-0.30705547,0.05132375,0.16958162,-0.86171514,-0.51584756,-0.5266043,-0.59271413,-0.3197447,-0.6438374,-0.5153422,0.16475274,0.47053415,0.6764469,0.03712273,0.18750134,0.46804804,0.88933784,-0.1038313,0.537872,-1.3436,1.4523124,0.87245935,-0.9899372,-0.45264181,-0.63495547,-0.29815286,0.9441218,-1.400515,0.3330798,0.4646377,-1.488306,0.88091606,2.0844824,1.6627923,1.9474658,0.8767653,-0.8702749,-0.26447174,-0.86376387,0.9412131,-0.37299222,0.6994274,1.2248504,0.44036517,0.8862173,2.1646302,3.0150394,1.2867793,1.5351629,-0.5813488,0.082262866,0.54839414,-0.12379703,-1.1173253,-0.780747,0.37644783,-0.2548557,-0.67486954,1.7782353,0.43767616,0.30046627,-0.35647196,1.4749799,1.908287,0.3897367,-0.41013685,-0.46410668,-0.6827194,0.07094372,-0.8157073,-1.6932431,-1.6063203,-1.1754992,-1.4967264,-1.6232778,-1.8269751,0.20216861,-0.86012757,-2.1505299,-1.7957361,-0.36728466,-0.02721489,-0.47459614,-0.4477816,-2.3747408,-0.39768562,-0.571063,-0.41966006,-0.8472806,-0.59196985,-0.9189143,-2.3578389,-1.8663362,-2.5644636,0.7934583,-0.49279618,-0.0033225005,1.0752542,0.4187439
-1.3368686,0.53610766,1.281439,0.72900426,-0.35062465,-0.06477379,1.8906553,1.5413098,0.5234894,0.20952792,-0.62477607,-0.15576565,0.7282149,0.55005205,0.99635035,0.60420454,0.91287273,2.185561,0.8958191,2.1831675,1.0945786,-0.5745314,0.52858794,-0.57430625,-1.7981869,-1.6169003,1.2749788,0.82329947,0.081473455,2.131763,-1.4033513,-0.15764086,-0.45725384,1.0744478,0.99895865,0.8037018,1.6212333,0.6532587,0.49206516,1.1532594,1.6004589,0.59113836,-0.7021744,1.9642333,1.2034986,1.7967314,0.8502952,0.53792524,1.0753324,1.9448078,-1.5422472,0.97781664,1.0341527,1.7959167,-0.25347722,0.6717146,0.84253556,0.4644702,-0.19891518,0.6776866,-0.033338252,-0.0046218107,-0.2656787,0.96966636,-0.7892031,0.77326137,0.7896603,0.65471554,0.2901808,0.6384956,0.31649736,-1.0335574,0.012811397,0.07882602,-0.3932854,-1.3862597,0.70592535,-0.7235954,-0.7482884,-1.2299943,-0.46981326,1.1219994,-0.8668857,-0.23936678,0.62835664,-0.9092126,0.93343216,1.2950642,1.095029,0.9083394,0.21223275,0.64865917,-1.3709348,-1.8555955,-0.7337682,1.4949139,-0.06764616,0.41429603,0.90921926,1.8186233
-0.18836567,-0.9127364,0.08647348,-0.27194566,0.33629692,1.303412,-0.34430298,0.040657394,0.2203071,0.30738696,0.5487678,-1.3833709,-0.45468348,-0.1089217,0.07388146,0.2065575,0.66371614,0.15682942,0.434538,-0.04015698,-0.088946275,-0.60734916,0.20765044,-1.0072805,0.2766856,-0.6624853,0.3104528,-0.2904087,-0.17313956,0.9516259,-0.59649605,0.065620184,-1.1712158,0.7867773,0.25220108,0.86794734,1.9834561,0.39011467,0.73180014,-0.5606421,0.94233114,-0.73099494,0.48598444,0.87743264,-0.5028031,1.3132443,0.81141484,0.2065216,0.96730477,2.1004372,-0.0024426808,-0.27953658,-0.21347305,-0.18240885,1.0458038,0.4765516,0.38002318,-0.014407149,1.1419929,0.3007484,0.080072895,-0.5098042,0.105487786,0.78295875,-0.28790337,0.1875583,0.3911653,0.65130794,-0.67388976,0.40891084,-1.4903983,0.5286713,0.08048943,-0.27655232,0.19459961,-0.6315294,-0.3672658,0.5691875,-0.3124921,-1.0859752,-0.46338937,0.7536219,-0.63000107,0.13902584,-0.3449115,-0.7980702,0.2643891,-0.6376314,-0.049720787,0.52936566,0.20023654,-0.25735617,-0.7785883,0.8027919,0.34308794,1.363023,0.8164412,-0.29418972,0.86771274,0.81872886
-1.2140118,1.4032197,0.5331928,0.4415304,-0.5768571,0.34261024,0.59129757,1.4556355,1.130056,0.38936213,-0.7088585,-0.90149724,-0.44766867,1.3943352,-0.041603032,-0.72350216,-0.16726837,1.450244,0.13088048,-0.27452806,-0.27051994,-1.9770828,0.7628365,0.3630283,0.617448,0.27299726,0.6762281,-1.4433659,1.1397876,-0.2635914,-1.6857508,-1.9681107,-1.816861,-1.4709055,-0.6938518,1.5149074,-0.73928833,-2.0496902,0.33705518,0.28679818,-1.1958725,-0.64042085,-2.4532168,-2.144013,-1.1105179,-2.3855479,-1.3353096,-1.7453052,0.21861982,-1.420627,-0.50645185,-0.49659213,-0.32299203,0.2806872,-0.4751556,-0.07094997,0.4977141,1.2403213,-1.3127689,0.6505422,0.16580981,-0.8191786,-0.32675013,-0.52837986,0.05812969,-0.08209406,-1.5579926,-0.5110876,-1.4161308,-0.75583327,0.2232874,-0.99247545,-0.7603655,-0.9926949,-0.34378105,-0.07399314,0.5202862,0.13291185,-1.6476662,-1.6134202,-0.2185539,-3.291154,-2.005333,-2.235595,0.3980583,-1.235485,-0.36579812,-1.4703529,-1.0415766,-2.1521094,-2.3554723,-0.6795062,-0.66617686,-1.2872899,-0.15413892,-2.6708784,-1.0807374,-2.9106395,-0.7903202,-1.9591204
-0.5285446,0.068387784,-1.7962939,0.77703446,0.17447011,-0.6013012,-0.5377343,-0.46865854,-1.8326223,-0.8825794,-2.1474795,-1.753294,-1.2678351,-0.930533,-1.9896419,-0.8518159,-0.74202085,-0.13679853,0.43159333,0.8449846,0.035659082,-1.6394172,-0.64717937,1.7792004,0.841684,1.7246342,0.60724294,1.1914998,1.7932782,-0.6691611,0.33828968,0.282552,-2.0235653,-1.4305794,-2.5588312,-0.04154004,-0.44502723,0.5485789,-0.9554266,-0.07489642,-0.7420579,-0.3896263,-1.6715426,0.73860294,-1.1233702,-0.2558111,-1.9912975,-1.6532558,0.56776416,-0.09337982,-1.2334666,-1.3957349,-1.3283546,-0.9367938,-1.006242,-1.6444936,-2.1844282,-1.6465758,-1.8261349,-1.6411377,-1.9451233,-1.8508589,-2.402749,-1.4121753,-1.970586,-1.3929638,-0.601065,-0.64911366,-0.47923052,-2.687663,-0.69864917,0.36951253,-1.1532196,0.2801089,0.14173923,0.3676138,-1.1843088,-0.7748153,-0.36633065,-0.21964267,0.71857166,-1.7959262,-1.4119337,-0.62458116,0.038267825,0.7801025,-0.14522977,0.0366812,-0.06640198,0.45893896,-0.60113037,1.0731579,0.44339883,1.202968,0.5310058,-0.38101774,1.2425456,-1.3992138,-0.40906549,-0.13511333
-0.1268354,-1.0532651,-0.93454194,0.4962158,-0.3834879,-0.8377951,0.3661572,-0.110153206,-1.3843687,0.22153114,0.073692426,-2.3267167,-1.1184171,0.167911,0.07014781,-0.59038013,-0.19329488,-0.16474934,-0.14162096,2.654307,0.48383188,-1.5995271,-0.7279622,-0.10193161,0.58430314,-0.8306263,0.11528872,-0.35642728,1.7635247,-1.0087789,-0.85312456,-1.4136529,-0.77310854,0.5940828,-0.78247464,0.8947037,0.27786642,-1.8354099,-0.7527194,-0.71565133,0.2107511,-1.26022,-1.8590901,-0.20979787,-0.37119117,-0.9338629,-1.9239997,0.52017665,-1.2683502,-0.4579148,-1.0056899,-1.8304307,-1.6938037,-1.2044337,-1.229069,-1.2473384,-1.637431,-1.3240007,-0.01833779,-0.5517355,-1.475286,-1.0739369,-1.9450966,-2.8434656,-1.1175797,-0.20864937,-0.0067907344,-2.2904773,-0.25823578,-1.0452718,0.8938538,-0.72895813,-1.5861491,1.4606798,-0.081878364,-0.27599922,0.22312003,0.11400708,0.2311454,-1.6590247,1.3879087,-0.28071028,-0.73531324,0.1323086,1.4959437,-0.6430197,1.676146,0.41380456,2.1658902,0.3392682,-0.14741771,1.2715014,-0.181041,-0.99681026,-0.14202239,0.121722996,0.69070995,0.0066436464,-0.5836426,0.033554323
-1.2899182,0.4458285,-0.8475672,-1.1692753,-1.7336475,-1.1497189,-0.4642907,0.026451966,-0.5568154,0.49895805,0.9108447,0.11593896,-0.5310237,-0.04728621,-0.20745951,-1.3665067,-1.9238923,-1.1964294,0.1905164,-0.17231426,-0.27057,-1.9708221,-0.9093724,-0.92888224,-0.78245986,-1.3681314,1.1180704,-0.46638146,-0.048388697,-0.003104416,-0.35258138,-1.3506333,-1.6764325,-1.8382307,-0.4839106,-1.2741781,1.0497894,-0.101195805,-0.5445337,-0.8203162,-0.2520094,0.9353195,-0.7946509,0.28730914,0.562443,0.5333591,-0.20862184,-0.48140746,-0.9271839,-0.025128497,-0.8965292,0.54319847,0.45511627,0.013352318,-0.7336065,-0.93173945,0.49480933,0.17702733,0.7095574,1.3100908,-0.38928726,-0.15248041,-0.35144347,0.1825176,0.8993307,-0.0673037,0.016646096,-1.4798021,0.13154562,0.1269399,0.7611507,-1.058487,0.24912287,1.091046,0.034411717,0.35211548,1.0069392,-0.53372234,-0.014006869,-0.85672605,1.6782136,0.93212366,1.0187756,-0.38724872,0.9283702,0.6267005,0.95301926,0.73918086,0.7357384,1.6507661,0.4837615,0.8366149,0.39940116,1.3828628,0.84065825,1.1306481,0.7169233,0.78505594,-0.6440601,0.3098363
-1.2781906,0.64843637,0.6601376,0.8021473,-0.2821069,0.8096391,0.7812502,0.5454638,-0.58950776,1.7081163,0.99655706,1.5720161,1.226452,2.137898,0.91065085,-0.4117475,-0.5091051,1.1311402,0.30731532,-0.58207685,2.166895,-0.42073572,0.5478177,-0.6897937,-0.86105144,-0.83076155,-0.08469643,0.50065386,-1.7177958,1.5752293,-1.0094436,-1.282468,-0.89690757,-0.87830484,-0.8760148,-1.3344842,-0.35216182,0.7440312,1.9161923,0.74956703,-0.27991956,0.16448683,0.52569556,0.3406499,-0.82775486,0.83863825,0.61161435,-1.3806292,0.67374283,-0.05234118,0.03475108,0.26909408,0.26944622,0.34722593,0.029094443,0.59091735,1.0227075,-0.42793226,1.3552256,-0.049256198,0.062823944,0.7907437,1.700096,1.7126352,2.198863,0.86268336,-0.876502,0.46313933,-0.06459406,-0.29809755,0.59093195,0.9314518,-0.76796323,0.5563426,-0.10068666,0.28330627,0.42098254,0.33457294,0.21111386,-0.85651165,-0.39980426,0.10334251,1.5451664,0.837406,0.57281905,-0.7728777,-1.3085452,-0.43320262,-1.470637,0.06269128,-0.1546731,0.1319217,0.72579086,-0.2403083,0.2589107,0.93286544,1.2506397,1.1288859,0.3241624,0.00631489
0.009349583,0.16415973,0.36171323,-1.2195667,-1.3275068,-0.21481483,-0.65936875,0.1350981,-0.5708619,-1.2076923,-1.2327458,0.26687786,-0.26729673,-0.3980136,1.8110514,-0.10883183,0.6499611,-0.52937067,0.26278397,-0.7794707,-0.9953705,0.37907115,-0.6293857,-0.6489779,-0.9729592,-0.641829,-0.69482785,-0.16292442,1.586474,0.7132306,-0.46745497,-1.8246727,-1.8602221,-0.1355639,0.30126894,0.6691995,-0.69042975,-1.690493,-1.8388548,-1.3605926,-1.1471045,-0.121555425,-1.2859238,-1.2728488,-0.15594193,-1.1420101,-0.3892212,0.0412116,-1.0043283,-0.9440657,0.19709566,0.16542993,-0.13769065,0.49131113,-1.1899123,-0.18253066,0.008057825,-0.29775286,-0.49284494,0.18062678,-0.18294862,-0.62018275,-0.5976817,0.19744495,1.8084344,0.4401678,0.14666986,0.2646249,0.7759889,1.2008523,0.6809964,0.84030265,0.89050287,0.17363128,0.83277565,-0.1284881,1.1092967,1.4029622,0.15015174,-1.5699226,0.14284025,0.37141976,1.1648662,1.4948817,1.0467174,0.2043777,-1.5073706,1.9509307,-0.36973387,0.08644917,-1.446663,-0.7436194,-0.34579065,-0.6730654,0.827633,0.098756686,-0.19781694,0.022613617,-0.9338997,-0.87297064
0.49734238,0.6645323,0.30701587,0.036095463,-0.29768738,-0.15979972,0.052308265,0.7525751,0.03255581,-1.2347591,0.25022155,0.17029239,0.660585,0.74016047,0.6947548,0.14902768,0.1467181,0.9490765,0.090511665,-0.9461291,-0.518343,2.1315172,1.477156,1.0779332,0.5186,1.9917215,0.8517481,0.735759,-0.40122965,0.69272786,-1.0561203,-1.1860526,-1.4942118,0.20053037,0.27828184,-2.0285063,-1.6157923,-1.897129,-0.5046641,0.26433086,-1.1675303,0.18623638,-0.5313528,-1.9976387,0.33335763,-1.4527738,-0.7077702,-0.541065,-1.6453924,-1.9817966,-0.6123553,-0.6425441,-0.023681315,0.27662554,-0.55930185,-0.36872798,-0.010736651,-0.57440436,-0.58683497,0.77499205,-0.25580114,0.16792949,-0.21551661,0.19658546,1.2997195,0.45910197,-0.33382946,0.6058059,1.5309099,0.84227526,-1.1853017,1.9791187,0.5427527,0.39269188,0.7129802,0.0563118,-0.35583922,-0.036977943,-1.8735895,-0.4120957,0.055455893,-0.4870922,-0.69244605,0.17786747,0.8403874,-0.19123109,-1.3890828,0.4017889,-0.17363334,-1.3231565,0.05944523,-0.07465409,-0.28468272,0.17937016,0.1207538,-1.1625324,-0.5236745,-0.3683697,-1.1900586,-1.6188788
-0.4008955,0.63293207,0.27267158,-0.33547616,-0.35641837,0.043215297,-0.26460338,0.31542504,-0.14239706,-0.69703263,-1.5651487,-0.40107706,-0.11600171,-0.35068694,-0.16634248,-0.56048745,-0.5668554,-0.5494389,-0.105548985,-0.96375465,-0.09785409,0.26575416,-0.45141557,0.7548374,-0.8101272,0.47408512,-1.5047787,-0.3752316,-0.19805528,-1.1193186,-0.28111073,-1.543767,-0.85587436,-0.10492779,-0.07285011,-0.57778555,-1.230426,-0.943155,0.8241879,-0.30058503,-0.56882733,1.2922428,0.6736547,-1.6315812,-1.4709724,-0.7223138,0.15161034,-1.0373688,0.007235914,-0.7146202,-1.0628109,0.37802577,-0.036136907,-0.21474136,-0.10878353,0.7360472,0.41778988,0.062165342,-0.8018546,-0.44487274,-0.31975624,-0.30064636,-0.38833117,0.14847198,0.71176094,0.21002989,-0.049463402,0.4119828,0.7619569,1.0529929,0.32229325,-0.47124186,0.14421205,-0.5522688,0.63366467,0.47972032,0.9893317,-0.9281991,-1.2309018,0.38466802,0.7594059,-0.13091367,-0.8791569,1.0292891,-0.7120684,1.2211095,-1.4559449,0.7976527,-0.19121644,-0.2374371,-0.59969527,-1.6358548,-1.0651915,0.07442249,0.15160231,-1.4756353,-1.1359577,-0.0877799,0.27649647,-0.9381106
0.50161636,-0.12475078,-1.1824327,0.24568743,-0.57495457,-0.5799753,0.6695705,-0.37992084,-0.58902276,0.40440354,0.019952875,-0.16433564,0.9371458,-0.009256946,0.17500989,0.35700744,-0.14091942,0.24748361,0.025059422,1.6240771,1.7441909,0.6531914,0.9929866,2.2856493,-0.07937668,1.0135801,1.372936,1.2230343,1.3221912,1.049709,-0.898557,0.83220726,0.82569313,1.8578141,1.760801,0.8083963,1.2313482,0.44313657,1.4465067,1.4111887,1.1153439,1.4026775,1.5820434,-0.19259281,0.11690858,0.4360279,0.7359296,0.43840843,-0.60179484,0.8043456,-1.6888303,-0.30484235,-0.22967245,-1.4085766,-0.39790574,-0.7993038,-1.2773551,-0.5033861,-0.02162326,-0.23398617,-0.93125486,0.91447,-1.3594439,-1.0300254,1.187021,-0.078236535,-0.5375065,-0.0054344092,0.6829855,0.22236803,2.6340468,-0.6748111,0.79217285,-0.52559704,1.4607792,0.4914686,1.1074723,1.9268302,-0.19586492,0.48553297,0.74906087,0.9387338,-0.800797,0.3024796,1.477796,0.4042677,1.3440195,0.58192843,1.1881746,0.4045841,-0.3553381,0.05994011,0.26126945,1.1075164,-0.6307541,-1.3258841,-0.42049465,0.5098004,-0.649103,0.07843586
-0.73479027,-0.7823056,-1.056819,-0.9785558,-0.32943493,-0.7918508,-0.32319504,-1.1734529,-0.7128088,1.9032243,-0.08765306,0.38069507,-0.70009834,-1.9294484,-1.0985138,0.047618423,0.35633582,-0.2950835,0.2319525,0.5421305,0.43180153,0.48966888,-1.4662689,1.0333842,0.4052303,-0.0012404455,0.38132897,1.2508879,0.6532771,-0.0926557,-0.21903244,0.6267171,0.19916339,0.88118714,1.4940784,-0.6033439,1.1066787,0.50801337,0.2531294,1.0944656,0.85439956,0.6148837,1.262559,-0.017281588,-0.6290506,0.9191798,1.4508265,1.5210532,0.47311503,0.8965891,-1.145055,-1.7588313,-0.73596644,-0.47912404,0.015501314,-0.7270408,-1.4162894,-0.60101515,0.18441084,-0.3481161,0.037450157,0.059274387,-1.7425897,-1.0623428,0.1446877,-0.7399664,-0.008109082,-0.45287782,1.7146752,-0.19709562,-0.34532738,0.83044523,-0.83114576,0.31300712,1.397324,1.0054976,1.4527178,0.17092612,-0.9319768,0.5984282,1.4852747,1.9547957,1.073055,2.2051332,0.880745,1.0985239,1.6948788,1.5980768,1.1974963,1.6570044,1.0069996,-0.15369403,0.50104904,-0.67502475,0.77986395,2.131791,0.46454886,0.890927,-0.119559854,0.5815645
0.10965923,0.5213328,-0.45379224,-0.6165577,0.40107125,-0.039986506,0.14509785,-0.14798169,-0.40269503,0.77778256,1.2538596,1.9912742,0.054546073,0.0793406,-0.17964593,0.2644636,0.11173699,0.7852274,0.51593196,-0.58198494,-0.21341601,-0.51322633,0.44376308,0.67010856,1.5830166,0.7485915,1.1283726,1.2631611,-1.848753,0.66730577,-1.4589127,0.13356565,0.98008883,-0.98569816,0.687538,-1.6401734,-0.35814378,-0.75004274,-0.64079,-0.8319104,0.2700763,-0.6704524,0.8427974,0.19485673,0.2715417,1.0317239,1.0948942,0.75552493,0.032467823,-0.8175689,0.5695716,0.2744389,0.6755296,-0.20758295,0.3301199,0.0858199,0.385117,0.34638327,0.5137263,0.3545151,1.5316211,-0.2509487,-1.0648422,0.7306242,0.7582232,-0.9344255,-0.4501554,0.2149705,-0.88045406,-0.52887183,0.04152608,0.51548004,-0.3129484,-0.7487467,0.04881539,0.94401145,0.6531514,1.8650472,-2.2425978,-0.67522377,-0.49522197,0.0014130557,1.203549,0.40245914,1.5781181,0.14322701,-0.004138581,0.792784,-1.2145184,-0.63887966,0.026327118,-1.0243646,-0.8549298,0.058525104,0.7818764,0.8534306,1.1165222,0.7336954,-0.85965437,-0.6708744
0.13518251,1.1494826,0.3178192,-0.94163996,-0.019661486,-0.33046985,0.18379426,0.10744076,0.021060968,0.71437466,-0.29217687,1.0016862,-0.3430518,-0.5705178,-0.569128,0.60989267,0.25892603,-0.37312344,0.5489648,0.17735717,0.0073891953,0.62198496,0.17603597,0.2140763,0.93282104,0.06498472,-1.0815442,-0.14465979,-0.3848063,-0.9625508,-1.713409,-1.4888736,-0.12775052,-0.07625112,0.64608926,-0.3032202,-0.80721927,-0.98639345,-0.54654115,-0.00582084,-1.0925169,-1.3146801,0.25245818,-0.7922126,-1.5382836,-0.830508,-1.5639108,0.5552657,0.02226595,-1.1051112,-0.54553556,0.53531206,1.3355154,-0.4722602,-0.15843701,-0.20934011,0.96646935,0.26134846,0.5877595,-0.6673078,-0.09071202,-0.440099,1.3605647,0.14185102,1.1386749,-1.3347156,0.19363777,-0.5108621,-0.7633819,0.4128343,0.71973646,0.82042503,-0.8882667,-0.16320048,0.49445742,-1.0571537,-0.60279256,0.5324421,-1.2420105,-1.3062874,-0.5785025,-0.68702716,-0.79771316,-0.47108328,-0.0015785064,-0.8503984,-0.9894911,-0.66212744,-1.9038565,-2.1770856,-0.9974606,-1.3646947,-0.06637814,-1.4575974,0.26912376,-1.8796055,-0.6760585,0.007914183,-0.28402045,-1.8133576
0.3658531,-0.50599605,-0.098130375,1.6139238,0.7703415,0.36412007,0.54885626,0.43456987,0.26127928,1.521665,-0.39247373,-0.09365822,-0.39447126,0.53245556,0.21874651,0.94229233,0.6719825,1.3586571,0.17405745,1.6889042,0.25512043,0.6555026,1.2737286,-0.47028455,0.18687348,-0.9386796,-0.53991485,-0.96892077,0.0329056,-0.69646835,0.53466773,0.25750807,0.728992,2.5075355,0.90668255,1.5657022,0.30301782,0.1908799,0.47378907,1.6401806,0.11138946,-1.227157,0.3680547,-0.049866945,0.86173755,-1.2031171,-1.053997,1.4484599,0.63109714,0.16781542,0.19306071,-0.63873553,0.5853382,-0.5999561,-0.3444349,-0.23873419,-0.28365597,-0.5418607,-0.1550791,-1.071268,0.2811902,0.45293885,0.06897794,-0.71568936,-1.6490417,-0.52215797,1.6537899,-0.4919573,2.0326579,0.764191,-0.67842287,2.155491,-0.13970174,2.1123924,-1.0010837,-0.32490042,0.03761462,-1.1728106,-0.11714898,1.1471663,0.2762307,0.9632897,0.21610643,0.720749,-0.38600597,0.19596758,0.3385376,0.38525492,1.5319281,0.5867748,0.751922,1.0747197,1.278811,-0.07676324,0.76228017,-0.6649953,-0.92059946,0.8844827,0.78902173,0.47468743
-0.7334789,-1.8027543,-1.5003853,-0.7383157,-0.15948243,-0.47924826,-0.9284626,-1.9891332,-2.6760077,0.50311023,-0.6151326,-1.0241392,-0.6890831,-1.4870272,-1.3642569,0.30357754,0.37723103,-1.3479421,-2.0483425,1.1029917,-2.0014842,0.79076856,-0.65956086,-0.29138583,-0.4466074,-0.3131656,0.92769337,0.53820527,-0.38022226,-1.7666824,0.05711542,-1.6853665,-1.477442,0.83048975,0.6299651,1.544812,0.43681467,-0.67935807,0.2800526,-0.94814044,-0.5728311,-0.43469626,-1.0184152,-0.13800804,-0.13007845,-1.4795927,-0.5582838,0.80992246,0.8206065,0.33233485,-0.5100398,-1.1750045,0.45146638,-0.032353025,-0.09898186,-0.209018,-0.005666837,-2.3923867,-0.489213,-0.80657864,-0.13764696,-0.6400466,-1.9245968,0.11486724,-0.1697129,-1.9945917,2.0533783,-0.69444835,2.0692158,-0.7452606,-0.011614002,1.889619,-0.9688151,2.5379686,1.2046167,-0.13066238,0.050524853,-1.2240905,0.26233724,-1.5088092,1.3398919,0.80428165,-0.3632975,1.5436872,0.2208825,0.4410939,0.8608646,0.84034795,1.2344286,0.792815,-0.67081755,1.2425766,1.1839229,-0.12125832,2.1082773,-0.8255727,-0.41087,-0.5264908,1.2167909,0.5037101
0.3413143,-0.212176,0.5635041,0.626235,0.41136587,0.8636073,0.18724324,-0.3142312,-0.19457938,0.32872966,0.37798518,-0.3658401,1.3784467,0.6255949,0.23931456,0.12643003,-0.5783845,0.18266393,-1.325567,1.5116625,-0.94658625,0.3314787,-0.018411241,0.4273288,0.2999059,0.1098369,-0.543289,0.0829872,0.9726171,-0.6458862,0.44158322,0.44739032,-0.06565755,2.1788635,1.5600367,1.1614051,1.1802921,0.41375974,1.1256675,0.015142218,1.8472238,0.38071892,-0.00020295569,0.73623586,0.94951934,-0.11433759,0.16995247,1.3975835,-0.33802766,1.097057,-0.4847562,-0.2865931,0.23512271,-0.068624735,-0.18845288,-0.18905424,-0.37416273,-0.5413966,0.48960963,-0.41064885,0.08229358,0.83909637,-0.39027023,0.49497545,-0.5076208,-0.4102428,1.7812918,-0.855033,1.941633,-0.055162806,-0.5255103,-0.3771456,0.9222165,2.0552874,-0.5651126,0.65910834,-0.06957263,0.76854265,0.9299327,1.2011633,1.6016153,1.4664334,-0.15951695,0.95529115,0.34126678,1.4464304,0.87476856,0.85528284,2.3915927,2.0580373,1.4851179,2.342915,1.2984908,0.080556,0.4536721,0.31232345,0.3383583,1.1198615,0.42500255,1.505781
-1.1280046,-1.0761747,-0.40961966,-1.3173842,-0.11645811,-0.58226645,-0.5988607,-1.2924061,-0.9771321,-0.25520512,-1.0962052,-0.6843726,0.06334167,-0.4990555,-0.47791648,-0.90744156,-0.42265776,-0.9548648,-2.3380926,0.028224634,-1.2031025,-0.07945576,-1.3135897,-0.16002043,1.0130246,0.64231384,-0.21607994,-0.37168202,0.045670755,-0.039857425,0.57221305,-0.3878959,-0.43913028,-0.5569238,0.5375669,-0.59844214,-0.048775338,-0.9258355,-0.5912759,-0.9657673,-0.596361,0.7174582,0.23310624,0.14268702,-0.046644304,-0.59041417,0.007695106,0.05181644,-0.93722665,-0.2035114,0.6926048,-0.3280785,0.08517069,0.22307862,-0.21122469,-0.1895947,0.24290662,-0.38107157,0.46551028,-0.33746335,-0.44290707,0.38435897,-0.45011476,-0.09004772,0.404366,0.26338866,-0.6079911,1.0646994,0.040213566,-0.08497583,0.33054852,-0.8273239,-0.7028956,-0.86466014,0.29956713,0.583775,0.011684906,-0.9328665,-0.7551517,-0.70772135,0.44636977,-0.14607625,0.32711798,1.1270183,0.8737083,0.9592925,-1.2215064,0.45913503,0.3777767,0.82974476,0.60824746,0.59731597,0.408858,1.0075829,-0.26241824,0.22229339,0.24872783,0.8220736,-0.82826716,0.025945025
0.07365986,0.24877024,0.06727916,-0.84345734,0.08590863,0.73103833,-0.26233706,-0.114335775,-0.5388891,1.4196067,0.6593981,1.5746315,0.6250766,0.23017211,0.075101726,-0.5604612,1.1744295,-1.411583,1.1175659,-0.2755106,-0.7371426,0.32533914,0.10347762,0.5180708,0.73540413,1.067228,0.24103801,1.7628102,-1.0282108,0.43914172,0.07180936,-0.29771873,0.17440012,-0.43518797,0.34664953,-0.05124824,-0.44108313,1.1251186,2.3102906,1.6203128,0.57243043,1.6375858,1.2988219,0.981654,0.30159488,0.79186827,1.8718368,-0.38893026,1.3199399,0.29139346,-0.7951924,0.48656824,-0.07920626,0.91420805,0.9519039,0.57789487,0.6473481,0.98441267,1.9391893,1.235016,1.7240623,0.92171776,0.26313305,0.767474,1.5872918,0.5627546,0.058724456,1.0903237,-1.1865298,0.89877975,-1.0966972,0.8734163,0.21621609,1.3424443,0.35655254,-0.039206352,-0.40531096,0.3578627,0.9186865,-0.21155792,-0.6824491,-1.111127,0.7125247,0.0043433127,-0.021735892,0.06858664,-0.7946738,0.56355697,-0.7054159,0.2359368,-0.21547137,1.0464483,0.88937116,0.57879716,2.0867379,1.2836007,1.4250554,-0.14965406,1.2296362,0.40788382
-0.04012724,0.14387597,0.62466884,-0.7658632,-0.8613555,-0.1104805,0.12378143,-1.2101135,-0.7010524,-0.94646716,-0.67937726,-1.3459926,-0.518011,-0.67713374,-0.65335584,0.5343818,0.49849775,-1.2559291,1.3838786,0.46785685,-1.8003117,-0.97303045,0.42225006,1.3227738,0.5755455,-0.5738628,1.6850977,0.75983405,0.71305346,-0.33411548,-0.5594572,0.5019285,-0.21869387,-0.5682294,-0.039824538,-0.52787274,0.28896156,1.7368188,1.4808517,1.1628886,0.21423282,0.45896772,0.5090925,0.69582117,-0.6856851,0.36361232,0.38266745,0.8407203,0.7968721,0.30542937,-1.1507016,0.33952925,0.99163544,0.81257087,0.25527316,0.09501044,-0.19457793,-0.02480236,-1.118366,-0.111554325,-0.35651144,-0.90315026,-0.67800844,-2.1132038,-0.058224864,-1.6738716,0.25296608,-0.064841785,-0.18025991,-0.45809445,-1.0470047,-0.46874407,0.16912775,1.6478114,0.41170874,-0.48849338,-1.1390315,0.07504702,-0.93742347,2.2116106,0.43931505,-1.5767933,-0.91927207,-1.1368053,1.0683137,-0.3527528,-0.58304393,0.35558298,-0.68844795,-0.2859198,-0.028206501,1.3720764,1.530441,2.0185363,1.5197816,-1.362012,1.6728098,-0.49789268,0.09627863,0.18400718
-0.62424004,-1.9901294,-1.8535907,-1.7078222,-0.9301068,-0.1581765,-1.4059826,-1.0017738,-1.1624302,-1.4575596,0.16459289,0.30105183,0.2917027,0.6166688,0.051742945,-3.2337084,-1.2831285,-1.738094,-0.2179316,-0.87837046,-0.81127346,-1.7542781,-0.37299004,-1.3685762,0.5601789,-1.3762075,0.48972836,-1.1525407,-0.49468818,-1.1315082,-1.3119212,0.22106223,-1.4568607,-1.7591325,-1.452047,0.48175046,-0.0034870198,1.729533,0.20150422,-0.14073882,0.3980446,0.5820472,-0.17873137,2.1035624,-1.0813599,1.9407175,-0.92066723,-1.455819,1.1685266,1.1461933,-0.40869704,-2.4265323,-2.2320063,-0.15388677,-0.033410057,-1.4871684,-1.5974543,-1.8127626,-1.2448561,-0.58507264,-0.36151728,-0.21449181,-0.5527298,0.72176605,-0.79819167,0.74516565,-0.022677736,-0.7283752,-0.8764653,-2.0735595,-1.8438698,-1.6514941,-1.0156273,1.8268336,-1.4321915,-1.8423095,-0.7939884,0.5288381,-0.89304036,-0.38936213,-0.40763512,0.5394659,-0.97487974,0.5909334,-0.6360471,0.22360432,0.91395986,0.51300615,0.09017949,1.5888842,-0.14468968,-0.12489679,1.3804536,1.3985431,0.11709347,2.531242,3.0808759,-0.38230744,1.3477807,2.0514138
1.1424012,-0.8746289,-0.78795683,-2.477759,0.8877486,0.465148,-2.1061811,-2.3523004,-1.7339704,-1.4913161,-0.3985799,-2.0047364,0.35122937,-0.013277323,-0.5317326,-1.6671563,-1.3752029,-2.5302346,-1.5327028,-0.3620855,-0.9612519,0.13116406,-0.38355598,-2.9692156,-2.159903,-1.9605807,-1.6143055,-0.15336096,-1.9581957,0.18686262,0.4206039,-0.016597828,-0.0911887,-0.25483432,-0.7612345,0.2942598,-0.455334,0.15953712,0.60745555,-1.9403276,0.34854454,-0.9515829,-1.0575399,1.0675732,-1.9305922,0.7768971,0.9155907,-0.93648666,2.6237895,1.6382121,1.1469063,-0.5078743,-0.47608018,-0.3464912,0.9267657,0.4975445,-1.5865818,-1.4430183,-0.30757767,0.80326533,-0.027669057,-0.005661852,-0.10026083,-0.3146093,-0.8190526,-0.07287167,0.56324726,-0.23463444,-1.3968614,-0.95237494,0.40132716,-1.1835067,-1.0850258,-0.08915962,-2.6870975,-2.1312048,-1.9029458,-0.55582,-0.82449603,0.40615925,-2.0466084,0.014662408,-0.53065795,-1.242016,-1.8454049,-1.0322568,-0.21799086,-0.53119814,0.5684018,0.3361841,0.6860883,0.6639991,-0.3811469,0.04524997,-2.0011723,2.5023568,0.4780153,-0.8043679,2.7882433,2.4561055
0.4736734,-1.7658632,-1.1025271,-2.27046,0.5321872,0.24456595,-1.5735908,-1.2689207,-0.9189322,0.40756428,1.0524018,-1.4818361,-1.0104814,0.17280477,0.4449487,-2.8779092,-1.5973293,-1.8105305,-0.8032823,0.6957916,-1.6001568,-0.8703348,-0.1710834,-1.622064,-1.2336161,-0.44009113,-1.3105237,-1.0020754,-1.3458432,-1.6776607,0.4794769,0.1635886,-0.6716521,-0.4917121,-0.018235441,-0.047302686,0.46849963,2.0191853,0.33053112,-0.7863913,1.0284972,-0.36480942,0.58002645,0.8425597,-0.23167877,1.7902366,2.627239,0.18410134,1.1658138,2.1246848,0.50335556,-1.2361642,-1.3213704,0.6028901,0.7982354,0.09193957,-1.0192888,-0.91332203,-0.89408064,-1.1752166,-0.6313119,-0.35396814,0.60764647,0.4618543,0.132102,0.36627272,0.99277437,-0.1889591,-1.0900402,-1.4238378,-0.33532372,-0.6287131,-1.664647,0.112614356,-2.1349325,-2.0915747,-1.1923552,-1.2331477,-0.07843133,-0.22391543,-0.51128733,0.08453597,-0.17945896,-0.4760291,-1.563056,-0.17954259,-0.68611497,0.11842736,-0.28717172,1.1861414,0.6633491,0.5173712,-0.60253996,0.49089125,-0.29572013,1.1310707,1.6480329,0.20902802,2.4304843,1.7136701
-1.6184857,-0.53040534,-0.17204636,-1.4007529,0.41741613,-0.3321206,-1.8439466,-1.0844132,0.7763433,1.0180848,1.3109609,0.5710827,-0.0006572671,-1.6248956,-0.31125736,-1.5655243,-0.80542135,-0.7910244,-1.6626703,0.56817675,0.38402808,-1.5258976,-1.0100054,-1.1361815,0.28200263,-0.8414459,0.6104622,0.6873042,1.0038537,-1.0163987,-0.5568788,1.382416,0.13150553,-1.7854595,-1.2799337,0.54353476,-0.81242937,0.24847431,-1.3811861,-1.9380305,-0.65346277,-1.7229927,-1.3044254,0.7434234,0.4006377,-0.44792697,1.0986009,-0.2808317,-0.25596884,0.2237239,0.16179854,-0.09119396,-1.5156348,0.3564904,0.060378563,0.46509618,-0.15215126,0.19968674,0.43098927,-0.32123533,-1.5567245,0.6049953,0.09683457,-1.150582,-0.14008553,-0.564429,-0.87502354,-0.49325964,-0.9677389,-0.7904153,1.7600219,-1.0846364,0.40996012,-0.3110623,-0.11637327,-0.01433955,0.63217235,-0.2956925,0.19675523,0.9173526,-0.5093574,-0.52391535,0.14245102,-1.6211135,-0.3373676,-1.098202,-0.2661489,-0.16031377,-0.18852873,-0.35097155,-0.5227746,0.61466056,-1.4551399,0.06772682,-1.7319244,1.1779027,-0.19635491,-0.42218837,0.5934722,-0.22266994
-0.8422868,-0.1215529,-0.07247774,-0.016287467,-1.5553304,-1.2510449,-0.8918089,-0.52550846,0.26515916,-0.24291816,-0.44056404,2.2737997,0.20700999,-1.9009285,-1.033039,0.021346778,-0.68189305,-0.84274006,-2.0874493,-0.20512637,0.07635733,-0.76088685,-0.5822961,0.28704193,1.7877816,0.5377488,-0.47662586,0.6740405,0.14427584,0.3158667,-0.9574585,-0.00014658722,-0.59228164,-0.48585814,-1.2960745,0.28032142,-0.83684146,-1.7164539,-4.7973213,-2.178428,-3.2173777,0.3982404,-0.98120886,-1.5889279,-1.2184346,-2.964632,-3.0805821,-1.1678731,-1.5977226,-2.0742211,-1.7631122,0.772071,1.0473018,1.121503,-0.98948437,-0.57285,1.4496785,0.7690107,0.8766597,0.62386185,1.1277125,1.2119651,-0.89324826,-1.5035702,-1.4450277,-1.514003,0.22916815,0.31510434,0.34089985,2.3257513,1.6221682,-0.5739808,-0.31663272,-2.2784142,2.1193974,0.49179304,0.9205712,-0.6016209,-2.1926177,0.13394186,-0.72358525,-0.5656116,-2.5240815,-1.9034657,0.626628,-1.4056952,-0.24814153,-1.0230509,0.13067783,-3.0625463,-2.3568413,-1.103756,-2.2703714,-1.8196971,-1.3362004,-2.1835513,-3.7049005,-0.7626943,-1.2905192,-1.9168183
0.1910812,-1.0562084,-0.9883113,-1.9388521,0.4700071,-0.8478402,-2.9659784,-2.2758996,-1.144705,-1.8415347,-1.3172628,0.78125334,0.35747856,-2.5405974,-1.5898829,-0.3815328,-0.7177715,-2.957477,-2.064671,-2.6286826,-1.7514397,-0.19646068,-1.8145088,-0.78738356,0.7041077,-1.1289523,-0.37620798,-0.18121254,-0.101377994,-1.0171485,0.90617985,2.0485559,1.388807,-0.8972814,0.22652236,-0.9095651,-0.45662478,0.59515566,-1.1915486,-1.3227915,-1.0467626,1.7853478,0.7781963,0.24691391,0.12364052,0.44964892,0.31997558,-0.31865087,-1.347586,0.06178274,-0.6814869,0.17467976,0.46337458,-0.054135215,-0.36142835,-0.6114033,-0.08747628,-0.2158863,0.087993376,0.4376242,1.5444434,0.5666734,-0.4853994,0.3737406,-0.12708803,-1.8173618,-0.32952878,0.97313863,-1.2270955,-0.46184295,-0.36650056,-1.6721576,-0.25965452,-1.4052339,1.2224145,-0.37844163,-0.7955813,-0.54694563,0.8537849,2.5958352,-1.0966266,-0.16451135,-1.16898,-1.0269724,-0.63952464,-0.013388338,0.6413163,-1.0861477,-0.79626524,-0.26020753,-0.2375951,0.16916238,-0.043424208,0.7178685,-0.7987556,-1.6316733,-1.408917,-0.876209,-1.4041086,-0.52822214
-0.09484782,-2.4173899,-1.4404806,-2.7470562,-0.13798422,-1.1722211,-2.685691,-1.9647672,-1.4847519,-1.0871403,-0.775787,-2.018824,-2.3966758,-1.6889303,-2.700101,-2.4622316,-1.8662549,-3.414797,-3.2571518,-3.1964676,-2.9783528,-0.64011234,-3.1386068,-2.5408914,-2.333772,-2.1850593,-0.7686912,-2.0789287,-3.385792,-1.3377225,0.09697258,1.4025261,0.18729399,-1.6488293,0.4005713,-1.7438215,0.045993447,0.73599154,-0.7208515,-1.5898007,-0.6834975,-0.21142738,0.32410827,1.0211719,0.6638849,0.3519039,0.8176095,-0.5695753,-1.228871,0.24585941,0.8824431,-0.36348754,-1.4742095,-0.25844073,0.47837433,0.45517394,-0.35322043,-0.729138,-0.9028918,-1.5666065,-1.173874,-1.2996675,-0.40729636,-0.37463403,-2.4306028,-0.506779,-1.5809255,-1.103706,-1.659981,-1.6636622,-1.4282055,-0.61804855,-1.3409792,-1.255308,-1.6579678,-0.4354376,-2.11127,-2.4969907,0.8050856,0.800061,-0.65493953,-0.621001,-0.1017648,0.4503136,-2.0463789,0.2309614,0.24168655,-1.6431158,-1.1863716,0.8636792,-0.05187391,-0.08858464,-0.67520255,-0.15743533,-1.9852803,-0.25135013,-1.4921081,-0.59526443,0.1560187,0.4354486
0.88012904,0.39617014,-0.280675,-0.8186305,-0.4125602,-0.30979586,-0.6424268,-0.7767061,-0.45038307,-1.2665,0.55170983,0.0053078206,-1.5122088,-0.45215666,-0.86751276,0.23134156,-1.4790548,-1.6440599,-1.1756631,-1.8702703,0.24298452,-0.06584189,-0.47524822,-1.6355541,0.42307737,-1.900354,-0.62214273,0.09169997,-1.6472316,-0.118262,1.7295065,2.6952884,2.3674712,-0.14904071,0.6614204,-0.4333679,0.4980154,0.4483347,-0.9422991,-1.373519,0.5756546,-0.39784196,0.98721284,-0.04141566,1.3254528,0.3654487,1.0464894,0.8911632,-1.3316841,0.17179379,0.19802354,0.19274183,-0.19885969,-0.261296,0.31728622,-0.10508484,0.32902622,0.28368774,0.04260438,-0.46890566,-2.1808765,-0.7052899,0.8893091,0.29021698,-1.337581,-0.4681604,-0.41184422,-0.16095778,-1.4972119,0.23516835,-0.561426,-1.1203845,-0.57727575,-1.2154579,-0.79322493,-0.8896035,-1.8623699,-0.6313047,1.0164237,2.0122283,-0.7285573,-0.5570884,-0.53521985,-1.36272,-1.4658061,-0.18465404,0.12842701,-1.4027398,-0.9601496,0.3548218,0.7037044,-0.7605601,-0.6092475,0.10307958,-1.8194207,-0.1424315,-0.69024116,-0.33319634,-0.98935527,0.5884167
1.7595626,-0.46917775,0.43729648,-0.116368294,0.66516465,1.2824727,0.48719653,-0.60203195,-0.19055411,-0.12446502,0.6473512,0.6723936,-0.30597627,0.1360236,-0.28809655,0.20566832,0.24115266,0.47959426,1.3632138,0.7602253,1.0782487,0.3526587,0.27645785,0.17569421,-0.009632761,0.17430554,-0.6899066,-0.13779847,0.25542027,-0.89780396,0.7610722,1.9797513,1.8443586,2.1787984,0.44919643,1.0632439,1.0262902,2.3570597,1.822455,1.399964,3.210351,1.1588236,1.223808,0.7975612,1.3960413,1.2283486,1.6879642,1.351623,0.7725276,2.107706,-0.40821648,0.6066043,0.082010604,0.9818374,0.9361052,0.72083676,-0.4813014,-0.25268373,0.66378367,-0.06714639,0.4368231,1.1416045,0.3533438,0.29790318,-2.2828374,0.54249275,0.07733989,0.6904725,-0.5280284,-0.8181894,0.26831067,-0.6271498,1.2610608,1.3038247,-0.81893444,-0.88240266,-0.26085865,0.5569138,1.4706173,2.6200185,0.35969433,1.0249289,0.07635273,-0.76496804,-1.1719846,0.8065243,0.25385898,-0.024835324,0.76988584,1.2251216,1.7065734,1.3313056,1.5536095,-0.8623764,-0.16131836,-0.18402061,0.65521663,-0.3179827,0.9248418,1.6655089
0.5051513,-0.78270876,-0.54923415,-0.39066666,-0.3010256,-0.44251132,-1.3953129,-0.81921095,-1.3810824,0.91923344,-0.114353806,-0.18126221,-1.4962726,-0.8114931,0.08077671,0.61473036,-0.69297624,-0.46666715,-0.938853,0.27448553,-0.6483341,0.7880916,0.8813482,0.6084274,0.9277947,0.65782917,0.3384165,-0.05327718,0.3780972,0.33452418,1.1907817,0.7318747,1.584414,1.4585122,0.45137218,0.62030125,0.7446186,0.45188537,0.7729625,0.19177009,0.08485154,-0.26946387,0.92390025,-0.5393177,1.5441773,-0.2232213,-0.63274336,-0.47808093,-0.71602505,0.26686883,0.7726061,0.01771216,-0.4496768,-1.1960953,-0.6201462,-0.9451553,-0.5538094,-1.2034259,-0.07215432,-0.46842366,-1.0471481,-1.3496542,-0.57425416,-0.5002507,-1.6201407,-0.42600787,0.5212318,-0.29124257,0.31644195,-0.91679573,-0.54873866,1.1233534,0.25673622,0.93802416,-0.13686459,0.83033603,-0.4658456,-0.4079539,1.0840567,1.9253038,0.87421536,0.067367144,0.9684052,-0.39406967,-0.95394236,0.13172798,0.5409342,-1.3127921,0.5282265,-0.25315717,1.1990479,0.35779825,0.73282737,1.8742537,0.4755345,-0.6602292,-0.8859727,-0.31929338,-0.023026165,-0.33837506
-1.356797,-0.49146792,0.48614916,-0.57493126,-1.4430876,0.1527198,-0.64395744,0.009471496,0.00077041803,0.19499592,1.0013862,0.2765654,-1.1111523,-0.5562871,0.46786565,-1.3554752,-0.562364,-0.5234131,-0.7829513,-0.27256057,-0.5188143,-1.0103508,-0.1876835,1.2354344,0.55148065,-0.08618769,0.4924085,0.14118764,1.5599649,0.7126492,-0.5661547,0.72321063,-0.27979916,-0.30988798,-1.2767249,0.5566867,-1.3170019,-1.3868469,0.4520594,-0.986075,-2.2980113,-0.8451984,-1.8817247,-1.851852,-0.6036435,-2.4623375,-2.3998349,-1.9219475,-2.1235278,-1.7983687,-0.42280853,0.30982995,-0.29290912,-0.024802864,-0.20357369,0.030292101,0.081501335,-0.35484278,0.24680498,-1.571577,1.1990223,-1.0281036,1.2771437,-0.072391674,0.3189766,-0.3901581,0.039733153,-0.6898268,1.759784,0.6160977,0.6871988,-0.12172931,0.14113982,0.093062885,0.87797165,1.8204607,0.4269169,-0.30790514,-0.7752229,1.0052476,0.5536793,0.92420185,-0.35732353,-0.40729487,0.70317906,0.7198307,0.21365555,-0.13349962,1.6621052,-0.5750014,-0.033314545,0.18920323,0.5138435,-0.03004447,0.15463445,-2.015391,-1.2599332,1.0651383,-1.6966066,-1.8082424
-0.3108902,0.68326396,0.5070368,-0.9351139,1.3433485,0.7293119,0.55522454,0.00010840411,1.4812781,1.1684144,0.6996693,0.9513074,-0.45173424,-1.2023257,-0.279244,-0.40064338,-0.29949442,-1.591659,0.78047365,-0.61278826,0.0130428085,-1.5420756,-1.7303216,0.6953313,-0.17952308,1.1211835,0.18405344,0.3552574,1.509775,-0.38088605,-0.7255311,1.2772561,-1.2388247,-2.1058407,-2.1529486,0.5520313,-0.27575216,-1.7514787,-1.6478927,-0.849187,-1.6971403,-0.15399715,-2.150604,-0.52909696,-0.16853146,-1.6522171,-1.3683524,-2.5277221,-0.8933349,-0.82271194,0.015259497,0.11849828,0.30389318,-0.78411055,1.2005193,0.61738074,0.06376143,0.9900855,1.1822566,-0.385036,0.49260858,-0.6002407,0.75864387,-0.0066895764,0.9368738,-0.28119007,0.4110252,-0.6090981,0.48551884,0.88150746,1.0039536,-0.27149042,0.026365822,0.14484893,2.3842509,1.8707567,1.6314955,-0.81708705,-0.24612945,-0.27204287,0.5096444,-0.35467356,-0.6526194,-0.41005757,1.5108759,0.074674085,0.47522464,-0.18404788,0.8988991,-0.4704695,-1.4779118,-0.43197533,-0.16076489,0.026256759,0.48031956,-0.9483064,-0.9901591,0.4721423,-0.5423146,-0.16383387
-1.4603995,0.6568369,0.5740323,0.74251586,0.82934016,0.087802164,0.19131461,0.5058999,0.17680803,-0.14595601,0.26872453,0.0223981,0.34368616,-0.18424518,1.4408853,-0.917022,-0.25703302,-0.19788386,1.0275458,-1.4284867,0.5519986,0.5286233,0.35039556,0.21184063,-0.7087212,0.41752377,-0.389616,-0.6095374,0.21358317,1.2246406,0.44820386,0.46875575,0.009885349,0.6785177,0.035697397,0.28953582,0.49960116,-0.048256688,-0.23024704,-0.40944833,0.09813598,-0.07950494,0.30569908,-0.8193843,-0.09374354,-0.5655222,-1.1239386,-1.0875281,-0.3818532,-0.19963677,-0.34101745,0.63144547,-0.6956558,-0.9228372,0.9931638,0.0013555862,-0.7095172,0.09821685,-0.28035405,-1.4182031,-0.57465786,0.642598,-0.4620927,-0.27333847,-0.41226226,0.2245409,-1.9407845,0.26699054,1.4238474,-0.6333611,-0.7165475,-0.31758916,-0.52479166,-0.9419522,0.47165933,0.3467294,0.09920403,0.017515149,0.3546298,0.15404561,1.4804374,-0.36215213,-0.6295563,0.34129295,0.58355045,0.7338807,-0.6701852,-0.3064719,0.06977387,-0.30586243,-1.1121567,-1.5482141,-0.24057108,0.0040292228,0.60954756,-1.368065,-1.8699154,-1.0830833,-1.2040926,-0.7276708
0.94171995,-0.11296498,0.30445015,-0.33839625,1.0704594,1.1366371,0.34482595,0.2896298,-0.003518608,0.35777456,2.4257176,0.98150337,-0.609155,0.46120745,0.16825263,-0.6011585,0.4082451,-0.23356389,-0.40456933,-0.061485644,0.7746613,0.091850676,-0.9930505,1.232602,2.3623033,0.34808823,-0.019813575,0.22712182,1.1263824,-0.014495992,-0.034781754,1.1251462,0.2916573,1.4972777,0.98452866,1.7067275,0.95264304,0.1838157,0.7748224,0.92263013,1.6505624,-0.31558728,0.5085514,0.21423534,0.72312206,-0.12167467,-0.28849,-0.55224174,0.9666249,0.7066443,-0.25230083,-0.2984236,-0.9194819,-1.0041265,0.3684319,0.2939181,-0.9998114,-0.68839794,-0.36392426,-0.15079692,1.1475215,0.4759467,1.0476326,-0.08951416,-1.0230728,0.074785076,0.02380266,-0.654967,0.7885682,-0.8622888,0.54295146,-0.9793272,0.36721322,0.82059133,0.59095067,0.4887486,0.39098263,0.37898886,1.9471064,1.9138639,1.4965409,1.7684984,0.44728193,0.88416135,0.12494131,1.8243796,1.0992054,0.09139722,0.3748889,1.3628684,0.90094334,0.18973874,0.7928178,-0.9516618,0.50950253,-0.045558408,-0.13596971,0.48047942,1.0499259,1.2087395
-0.6745437,0.01765676,-0.6242962,0.5706438,0.7237066,-0.19693124,-0.66638887,-0.7074715,0.009537332,2.132385,0.38869664,0.8137678,-0.51376885,-0.80340147,-1.0827618,-0.06271285,0.27241614,-0.36911312,-0.63178337,-0.15086448,-0.22376847,0.5185883,-2.0284724,0.7178965,0.96897507,0.54216117,-1.1713365,1.0079,0.5290787,0.1188127,1.182149,1.1178303,1.9702648,-0.12329567,-1.4185858,1.0116628,0.34055614,-0.296665,-0.53903407,0.43790585,-1.2418175,-0.7308855,-0.23271881,0.2924551,0.41295925,-1.2176428,-0.46918565,-1.1511304,0.13835555,-0.5201224,-0.47238424,0.44086727,-0.5683979,-0.5226196,0.28769165,-0.22569482,-0.3236567,0.38724005,0.5030391,-1.2317704,-0.0232618,-1.5065191,0.2524705,-0.7080927,-0.391875,-1.9971571,0.3903636,0.050890822,0.41542116,0.051699586,-0.7737772,-0.042118613,-0.7195738,0.5440209,1.3663222,0.2239023,0.13165778,-0.930169,0.18628417,1.3557724,-0.17302205,-0.08616431,0.46288726,0.019216564,-0.23760213,-1.6431129,1.1969755,-0.3940097,1.5554503,-0.51781195,0.62908894,1.0316074,0.7444746,-0.3175773,-0.17782117,-0.27083644,-0.8243424,-0.9693537,0.7461018,0.72452253
0.20396174,1.0894006,0.9716479,1.0261676,-0.3426545,-0.19147648,0.89433676,0.9269745,1.1865593,1.2849176,0.3181153,-0.57505476,0.77008754,-0.54672366,0.08154802,1.2800565,0.81051886,1.3173385,0.5480576,0.83288664,-0.432565,0.43029094,0.29807335,1.4841335,0.76536065,0.033667136,-0.18944618,-0.32006067,0.99572116,0.13498448,0.40160674,-0.268015,0.18920584,1.2232591,0.42378178,0.48124582,-0.32928067,0.28552467,0.076014094,0.17469482,-0.7869517,-1.4443847,-0.661179,-1.4629234,-0.20538083,-0.98965204,-0.24141285,-0.02782373,-0.078758694,-0.6328651,-0.052322097,1.068742,0.64771676,-0.08023837,-0.1219753,0.20083965,1.1001887,1.3650165,1.4433509,-0.33556628,1.0143683,0.5630622,0.98781484,-0.12081571,1.0641901,-0.05548242,0.591275,-0.6032251,0.56141937,1.8387913,-0.0688358,1.1622564,0.16678542,0.5630858,0.8962935,1.2491653,1.2241147,1.9824594,-1.0111564,0.79297173,-0.119577534,-0.3925407,-0.37719578,-0.50306964,1.7107278,-0.8514859,0.51779944,-1.1185265,1.6775491,-0.3849006,-0.42762893,1.2922345,-0.15544486,-1.290587,-0.9384548,-1.6411374,-0.955534,-0.6387807,-0.63451314,-1.0471383
0.41580555,0.62356526,0.31803408,0.7745382,0.37878135,-0.039685644,0.89239013,1.1328303,0.92371994,1.4651783,0.45011616,1.234104,-0.0766389,1.2646141,-0.38274044,0.8384463,-0.20824082,0.41471604,0.006095187,0.29579678,-0.65328324,0.24915905,-1.3908873,-0.62027335,-0.056768138,-0.15130201,-1.3016963,-1.5734295,-0.2574633,-0.13785668,-0.92165905,0.82411027,0.40835464,-0.84125656,-1.1287289,-1.1632723,-0.79080904,0.8096213,0.18697782,-0.14908679,0.08126643,-0.9119564,-0.01838568,-1.3170333,0.093581885,0.54046196,-0.22603549,0.14676055,-0.24876367,-0.7064671,0.5724281,0.17924869,0.77846736,0.6771636,0.76215154,0.81809103,0.892777,1.3874335,0.8668235,-0.29680017,0.43613207,-0.36261597,-0.40926725,-0.5983359,0.55353564,-0.07339547,0.6132692,-1.0612669,-0.0450813,-0.03651654,-0.58370453,0.50267464,-0.7321865,-0.5156363,-0.1150429,0.15992922,0.36363924,-1.165298,0.34537765,0.29029903,-0.4099542,0.12987188,0.52227247,-0.019063635,-0.1720777,0.4465327,-0.24801731,-0.66314834,-0.051409226,0.535054,0.71960056,-0.7651082,-0.05740056,0.10017367,-0.041719075,-0.9323788,-0.51145846,-0.51823235,0.094051875,-0.20776488
0.53505415,0.5984559,-0.49262923,0.42153215,0.6422518,0.5199451,0.31219888,0.09823963,0.044295136,0.6601397,0.73369765,1.2930691,0.45093632,-0.053835575,-1.0284008,0.99722093,-0.32106435,-0.11268534,-0.97945994,2.1057603,2.6298523,-1.7279782,0.39497983,0.09665735,1.5889769,0.9493699,-0.29116076,1.403051,0.5571103,0.8830053,0.4534334,1.7151549,-0.49451655,-1.5478443,-1.5897999,0.78334093,-0.26800665,-1.3172331,-2.0458112,-1.4221592,-0.6111511,-0.103848875,-1.4184517,0.10047206,-0.32386035,-1.0425133,-1.4575034,0.059987243,1.0139372,0.040240772,1.2543474,0.20496976,-0.057494674,-0.7993208,-0.71577406,0.51655746,-0.8085691,-0.44802308,-0.18684246,-0.82996017,-0.121777475,-0.9597909,-1.5670507,-1.5037262,0.88827163,-2.4927776,0.89949626,-0.9862258,-0.9077001,0.174451,1.69914,-0.059046697,-0.6286118,-0.8489695,1.3621198,0.6265145,1.3476174,1.3464442,0.30785826,-0.38004962,-0.14066257,-0.06745231,-1.1161021,-1.4508775,0.08699943,-0.63721406,-0.41053507,0.20078829,-0.023802787,-0.569778,0.59515744,-0.4277998,-1.1632512,-0.9830936,0.18629701,0.50491494,-0.05939345,0.107092164,1.0475605,0.9396086
-0.4466964,0.028401993,0.41940933,1.313006,-0.5500836,-0.66551274,-0.009687693,0.74149734,-0.7598075,0.09539519,1.523327,0.8603304,-0.61214966,-0.18607493,-0.48795295,1.0930399,0.7936458,0.96920073,0.4921805,0.23752753,0.6263698,-0.64766955,0.34904101,0.9952451,0.8645949,-0.2929268,-0.026905319,1.2261648,1.4592459,0.0014333405,0.12693906,1.734486,0.06462275,-0.2093599,-1.173313,-0.036986005,0.49042085,-0.40212142,0.20617738,0.19351335,-0.47504368,0.45576492,-0.17608579,0.57511264,-0.08049008,-0.14951517,-0.5974327,-0.11523391,-1.1244621,-0.34520623,-0.8168143,0.8593707,1.1609498,-0.110703476,-0.2998862,-0.75944287,0.3561044,-0.44896564,-0.134892,-0.23873065,-0.10727111,-0.8201902,-0.5945943,-1.0724488,-0.5563415,-0.98202735,0.5008942,0.07781913,-1.2117167,-0.3196635,0.97638655,-0.45707154,-0.017356861,-0.5753473,1.0042624,1.2139332,0.91448003,1.2397937,-1.0442832,1.5463626,-0.38179845,-1.4259624,-1.590266,-2.7637424,-0.27474356,-0.41546494,-0.161278,0.062340237,-0.7667026,-1.8823115,-0.73404974,-1.1272215,-0.09704608,0.47487685,0.07517144,-0.4668135,-0.36697185,-1.0236485,-0.5996296,-0.68801504
0.9449755,0.44058406,0.48994157,0.45556316,-0.23553132,-0.43468478,0.7735702,0.88224834,0.4759404,0.107573435,-1.1780834,-0.23360266,-0.30384555,0.8475566,-1.1467301,0.95151335,-0.7405445,0.67145276,1.1531836,-0.1933974,0.83741534,-0.88707376,-0.47609067,1.2120564,-0.49219355,-0.29715195,0.3000733,0.16239315,1.2434253,-0.042303786,0.43176916,0.18590826,0.19633083,-0.3699863,-0.69275236,-0.6815394,-0.1484892,-0.5382691,0.22727315,0.5236998,-0.49582145,0.5962799,-0.005101343,-0.56150997,-0.5870826,-0.39901727,-0.060292117,-1.8153973,-0.2758715,-0.9104752,0.29083365,0.35501233,0.30270904,0.34456798,-0.6200404,-0.36455098,1.4273018,0.24524078,-0.24615602,-0.17412585,-0.17711815,-0.48451495,0.24408853,-1.3041551,-0.6058987,-0.1778807,-0.927225,-0.23651205,-0.15681759,-0.33635005,-0.040582098,-0.50332475,-0.20297286,-1.19961,0.4804792,0.88807356,0.10859066,0.62351644,-0.1343265,-0.42068827,0.3091109,-1.5101253,-0.25333223,-0.91954404,-0.05333967,-0.17936955,-0.18820228,-0.38324946,-0.6959038,-0.76660645,-1.8367372,-0.6713339,-0.42753932,-0.13222851,-0.29059324,-0.7185631,-1.3856418,-0.80303025,-1.144778,-1.1979973
0.9562101,-0.035284743,0.56372344,0.50392765,-0.14581336,-0.32608008,1.5520985,-0.30282268,-0.065515056,0.48290387,2.0932066,-0.21319868,-0.33742604,-0.4747469,-0.3548444,1.1134696,1.3735822,0.5424493,1.8979365,0.52825594,1.609115,-0.12250442,1.352733,0.96845126,-0.506328,0.1213086,0.47600502,0.119211435,0.6092005,-0.7251466,-0.6621487,1.2399877,0.2259145,-0.4990971,-0.90147924,0.01501803,-0.31412947,1.0292039,0.35356876,0.5521269,0.60744846,1.0397867,-0.4767899,0.44883975,0.19974448,-0.26257774,-0.20346572,0.05479204,0.5485917,-0.38136774,1.0511341,0.48082206,-0.17724255,0.36048597,0.27608287,-0.009285543,-0.32730377,-0.028377805,-0.4850275,-1.1490968,-0.49520615,-1.2596853,-0.9433237,-1.690058,-0.37767336,-0.92714506,0.60071534,-0.20253755,-0.81252676,0.05420329,1.0150276,-0.09880147,0.28074896,1.1942371,-0.9680233,-0.06714667,0.68351895,0.5451637,-0.7232201,-0.31214434,-0.27262872,0.20901158,-0.7549619,-0.6188119,0.5933568,-0.032922287,-0.419358,-1.5395478,0.42289463,0.07891892,-0.26201496,1.0919393,0.62114704,-0.8242357,0.11087805,0.44436654,0.24971253,-0.40590653,0.48215193,1.1553516
0.24798556,0.9663368,1.1413804,0.4176903,0.49397895,0.25329006,0.8809424,-1.2087631,-0.41069874,-0.06397779,1.0531385,-0.20004289,-0.10204279,0.30709076,0.9206396,1.148713,-0.7046998,0.41707805,-0.29874945,2.1151314,1.0485456,1.1544756,0.552804,0.6610957,-0.026106492,1.2830086,-0.4411186,-0.08101079,1.5478896,-0.13787663,1.4113874,1.3794396,1.5314422,0.3919673,0.23125932,-0.5697484,0.023265675,2.174439,-0.29569265,0.84688175,1.1735688,0.59582406,0.7339159,0.63796765,0.6691856,0.30459872,1.4600627,0.98282784,0.069819875,0.42204505,1.0405648,0.76307184,-0.2583108,0.7365486,-0.38366166,-0.2822967,0.47838968,-0.76433486,0.24750277,-0.25584835,0.012782882,-0.24843764,-0.08544493,-0.09009794,-1.0421909,0.4389205,1.5500712,-0.94373006,-0.98073024,0.34072447,1.4323438,-0.76197386,0.8937586,0.8707628,-0.78105396,-0.21943931,-0.86710125,0.8841608,0.8131117,1.005424,-0.5071147,-0.054998763,-0.32572842,-1.6934325,-1.7313836,0.116397895,-0.73338485,-1.3950468,-0.5834103,0.0012096076,0.97757107,-0.22031143,1.2141573,-0.013882229,-0.029661026,-0.61029434,0.55081004,-0.48356202,0.3673002,0.33843082
-0.009488786,-0.57639384,0.8187042,1.3183023,-0.4142281,-1.0004809,0.66119653,0.8467864,0.41040817,0.010305579,0.24463679,0.51075053,0.44110262,0.68142176,1.2921257,0.10441438,-0.93278813,0.503885,0.3604651,-0.66338974,1.9527724,0.007733528,-0.17843418,-0.5059714,0.22733212,-0.34762028,0.21232733,-0.45698696,-0.22056285,0.13953893,1.3949513,0.6350901,1.1078714,1.3433454,0.49088064,0.29218987,1.7939662,1.5089852,1.6851954,-0.10990552,1.964994,0.70216393,1.6654122,0.76355237,0.34038967,1.0845364,1.0564798,-0.2133211,-0.5600686,1.1996988,0.40178567,0.030763224,-0.3783646,1.692067,-0.24583428,0.28705528,0.5690902,0.6762895,1.2042159,-0.4759214,-0.7667183,0.024805062,0.47264525,-0.678633,0.2576111,1.6630212,-0.42464086,0.50993335,0.19862728,0.047007985,-1.6857367,0.636118,0.8552951,-1.3745329,-1.0306846,-0.12930822,0.116876125,-0.18424569,-0.52824944,0.8455715,-0.2365879,0.0025344663,-0.2856126,-0.35675862,-1.3430235,0.9206156,1.1568077,-0.6474488,0.21910079,0.22956064,0.77488303,1.9115103,0.15145269,1.7016804,-0.12096304,-0.4216043,0.60827386,-0.7674607,-0.12376037,0.9969194
-0.6873954,-0.13220702,0.18029548,0.9686982,-0.3154461,0.4918332,0.59772825,0.7588949,-0.102494605,-0.5169908,1.5305934,0.91436386,-0.16960716,0.3061335,1.9949052,-0.22756048,0.1753079,0.61002475,0.6840837,-1.509663,0.50783974,0.44040602,-0.97382236,-0.9580006,0.80830187,-0.93531144,-1.545967,-0.18222935,-1.2761776,-1.4394574,1.3583423,0.66167855,2.352698,1.2579597,0.22272274,0.8924306,1.3762115,1.0532148,1.2556856,0.7740492,2.0918248,-0.65917313,1.6898899,1.7926568,2.1249986,1.6413349,2.4416144,-0.309234,-0.23535688,1.5154608,1.0167556,0.24587667,-0.022726268,0.31166047,-0.39403093,0.06221997,0.08645447,-0.70494574,0.34443465,0.90635693,-0.10456316,0.32228288,1.5711012,1.0519971,1.7350717,0.6049915,-0.5430334,0.4228615,-0.120950036,-1.0654739,-1.5550092,0.28672424,-0.769028,-0.8771923,0.00993229,0.7830386,-0.82039416,0.50521904,0.84193146,0.60807747,0.80406094,0.96425635,1.0204457,0.11777558,-1.5765989,1.2954507,0.8415369,-0.061232794,-0.7926655,1.299745,1.265545,0.21201865,0.46636412,0.8361295,0.93851256,1.2489456,-0.32796085,-0.55827963,-0.018120078,1.1296887
0.64462256,-1.1473378,-0.09250851,-0.38080838,0.5211526,-0.008153527,-1.3729527,-0.5237273,-0.52092105,-0.49690375,1.4281701,0.80285066,0.707809,-0.49717155,-0.04320785,-1.1874192,-1.4558133,-0.3124635,-1.120077,-1.2463311,0.6645333,-0.38656247,0.03692183,-1.8785799,-1.1778798,-1.5613906,-1.8583066,-1.176747,-0.3098795,-0.6830332,1.2051743,0.40417573,1.9984539,1.0911477,-0.6317115,0.7502568,1.3443539,1.2893666,-0.044747032,0.19591159,1.542805,-1.0109352,0.23485279,1.4099406,0.9130712,0.38182187,-0.14931853,0.56898445,1.6062322,1.9438012,0.76143306,-0.22406967,-1.3415135,0.4092429,-0.059566703,-0.017568976,-1.4883397,-0.9847426,0.13330191,-0.24591894,0.22153476,0.42137864,-0.11092977,0.4541109,-1.0656743,1.2000582,-0.0063733957,-0.67044115,-1.025004,-2.240335,-0.24857236,-0.24599311,0.28893343,-0.58408624,-0.7846938,-0.43502173,-2.2810566,-1.3959806,1.4809557,1.4042771,-0.45050976,0.65440965,1.4210397,0.74137,-2.9051971,-0.06381751,0.54569507,-0.07043222,0.4516332,1.3964949,2.1509724,1.062626,0.76789266,-0.105984,-0.6652292,1.2866111,0.83627105,-1.4284873,1.344609,1.7310958
-0.62545645,0.19701661,0.7745028,0.6284852,0.60700893,0.42460826,0.35345095,-0.3751234,0.39559522,0.21957555,-0.72401005,-1.082356,0.87110025,0.477096,0.06500822,0.27285248,-1.5735681,0.25909728,0.88347596,1.0166624,0.2140481,-1.7564193,1.1542455,-1.6759607,-1.5030324,-1.5062213,-0.33685032,-1.7773463,-0.8043226,1.9361157,0.085539505,1.2057078,1.92107,0.46700177,-1.5428635,1.832655,0.68933827,1.9571732,0.6013808,1.1248412,1.5744833,-1.8867543,-2.6531634,1.1839827,0.5816098,0.30031568,0.21621145,-0.08346447,1.9579982,2.0368276,0.3949211,0.8333046,-0.38980758,0.31008607,0.57930696,0.99740106,-0.9379808,-0.20126243,-0.8905351,-1.6384506,-0.30247438,0.49063203,0.9853543,0.87075305,0.2997824,0.19964543,0.24975313,-0.45094392,-0.050592493,-1.3091516,-0.8591423,-1.143712,0.3066868,0.9661942,-1.9238917,-1.9087642,-1.8497981,0.4097407,0.9280667,1.1277039,-0.35213542,0.63904965,0.5041189,-0.49689355,-1.2299643,-0.957163,1.2119656,-0.57705647,2.937438,1.7366959,1.4113332,1.9846785,0.5113027,-0.8223634,-2.918514,1.3968216,0.59093845,0.51550573,2.3669755,2.980654
-0.23874198,-0.07052579,0.6955973,0.056793522,0.16472739,0.83230287,0.4700369,-0.29428485,-0.09653389,-0.3947581,0.52370924,-0.20516948,0.18806954,0.04093085,-0.24584216,-0.14965712,-1.5767871,0.11352047,1.3454069,0.25580034,0.10526806,-1.1482172,-1.3893553,-1.5370876,-0.8756589,-2.2556436,-0.062322095,-0.29803136,0.3405013,-0.064188085,-0.22013162,1.230777,0.52923876,0.7722382,-0.7415252,1.2473558,1.9194688,0.5729826,-0.1449967,-0.90366536,1.4193131,-1.071057,-0.6454835,1.3664274,0.57720846,-0.085228905,1.1623399,1.0151198,0.3874195,2.5003848,-0.044323202,0.13822658,0.48906583,0.88950145,0.041612193,0.6952486,0.120394774,-0.0498468,0.06565778,-0.105438404,-0.08149726,0.15979274,-0.38314298,0.27303013,1.4279556,0.5374157,1.3540946,0.77164906,0.7419896,0.26305577,-0.35535148,-0.60123247,0.5925462,1.6855284,-1.4833022,-1.7088875,-0.69600713,-0.9127728,0.9140882,0.56624407,-0.37087175,2.1073577,-0.12670237,-0.22514305,-1.303481,-0.92055804,1.3071765,-1.2368808,2.6530094,1.2474593,1.7685827,-0.83057046,-0.09772323,-1.7622039,-1.9357361,0.9264868,0.24819365,0.36794078,0.70986503,2.5970316
1.4595083,0.69439626,1.7886977,-0.31906536,1.4428948,1.6019645,0.5579293,-0.21177529,1.3267952,0.46007627,1.6093324,1.6090575,-0.7212938,0.5314307,-0.536873,0.6157071,-1.4027774,-0.3660199,-0.36825594,1.0650669,0.04966699,-1.4280567,0.02775535,0.35613966,2.1146274,0.7560682,-0.16644646,0.42749608,-0.16748825,-1.5078166,0.10633761,-0.1242355,0.5429884,-1.2031626,-1.7918023,0.19250856,-1.1743147,-1.0722066,-0.360599,-0.38306865,-1.2812715,-1.2396363,-1.2257448,0.46387842,0.16922624,-1.4622068,-0.6693531,-0.29406843,1.0606526,-0.7287682,0.22103718,1.1144637,0.61418945,-0.060369615,1.6472359,1.8414352,1.2601078,0.68693966,1.2469392,1.6164516,0.2084723,-0.098347306,-0.0030866556,0.80387735,2.1493099,-0.7458227,0.333311,0.116648935,-0.81885964,1.1485858,1.5449617,-1.1362747,-0.5472613,-1.4449984,0.6354577,0.20147698,-0.027570412,-0.22262163,0.33141434,0.11310641,-1.3060063,-1.0320156,-2.0709424,-2.345833,0.3975384,-3.262861,-0.82817805,-0.7121189,-0.37235984,-2.144848,-1.9711062,-1.0535823,-0.60483724,-1.0459225,-1.398444,-0.94900244,-2.7278368,-0.35093555,1.0397518,-0.442759
0.6524753,0.62724215,0.14484166,0.375255,0.3638498,0.17038523,0.021234017,0.51603085,0.50052804,0.06675969,-0.36148763,-1.6004047,0.15062803,0.9747087,-1.4596848,-0.2568024,-0.52296126,-0.46709865,0.042225614,1.5214894,0.21263851,-1.2331321,-0.20319128,-0.6996877,-1.6247715,-0.1324219,0.014670645,-0.3989471,-0.33044136,-1.1228604,-0.10610241,-1.0958171,-2.0923412,-2.195439,-1.3534943,0.5123032,-0.7227198,-2.436977,-1.6590134,-1.6895775,-1.8105825,-2.205136,-3.6198003,1.6011213,0.5981494,-2.2088583,-2.511062,-0.43124634,1.8782164,-0.5398943,1.1208498,0.2789576,-1.1033185,-0.7300595,0.4944369,0.61609375,0.13846673,0.8614163,-1.1906098,-1.1417185,0.7773335,0.26597697,-0.13678548,-0.50554854,-0.010534797,-0.7422137,-1.5184939,-0.98995095,-0.5512707,0.58061564,0.77605736,-1.4489107,1.0684488,-1.9577062,-0.8745096,-0.99519676,-0.82145095,-1.0158807,-0.692103,-1.2908323,-0.5485348,-0.71172035,-1.4941006,-1.1718687,0.20762226,-1.6642514,0.35561264,0.6706788,0.6653829,-2.1825068,-2.1099904,-0.6255816,-2.6056843,0.016440472,-2.2334068,0.705054,-2.8914084,0.28914422,1.8916235,-1.0690169
1.0938973,0.2885502,-0.03786466,1.1677334,0.83631164,0.9301265,0.9953236,0.2173137,1.5470525,0.005616271,0.42333105,-1.0921679,0.38726625,1.2273365,0.36360824,0.32282585,0.6575986,0.9445295,2.7189872,3.4671926,2.1385145,-0.091899864,2.2300363,-0.690897,-1.1253439,1.0136743,2.5863526,0.36437738,1.9919916,0.5956153,0.672613,-0.5314358,-0.6214608,-0.3511431,-1.2112005,0.6134109,0.4471513,0.49721918,0.22938344,0.78867024,1.5849826,-0.14824678,-1.312,2.1745224,2.4006896,0.9946186,0.27932164,2.4297655,2.138393,1.3337823,0.23768559,0.4000361,-0.29131275,-0.26832318,0.32884267,0.88338614,-1.1036825,0.47789198,-0.6205638,-0.2287121,-0.56134784,-0.4909247,0.7707229,0.02443245,0.97895694,0.3010307,0.5996598,0.096509725,0.60810006,-0.871227,0.18853506,-0.49600124,1.6141609,0.9337812,-1.4934862,-0.33808872,0.6236344,1.7681569,1.8220055,-0.018237459,1.233398,1.1192591,0.24499542,-0.6653034,0.59267235,-0.027387735,1.0932438,0.6862169,2.0674531,0.63952017,0.20053828,0.44782004,0.69101644,-0.62645596,-0.46650943,0.99673533,0.95516056,2.2892187,2.3253868,0.6676968
3.3748705,0.2667242,0.4789013,0.53959054,0.6444635,0.9022268,0.85215235,-0.49341717,0.11583102,-0.3592095,-0.10657312,-0.50321746,0.3555426,0.9007138,0.21729504,0.6095926,-0.32793823,0.9774746,1.2997948,3.267284,-0.92394423,0.6254093,0.7032714,-0.05890705,-1.3605341,-1.1296133,1.4117024,-0.060589585,0.70917946,-0.45215294,0.23615731,-0.4412473,-0.14942625,0.61667204,0.59203833,1.442298,-0.24677765,-0.21002965,0.41895503,0.22590005,0.94407135,-0.7734298,-0.7860063,1.1485544,1.5637987,1.2494637,0.9975034,1.7003682,2.933861,1.2165353,1.1303948,0.42097098,0.8734851,0.4770536,0.38458598,1.7668732,-0.5757287,0.33565882,-1.1915711,-0.8451536,1.0415255,-0.25007847,0.40613258,1.3591737,0.37907493,-0.7917023,2.1911654,0.9822178,0.90106183,0.18447727,-0.9151486,1.93519,1.0532234,1.474767,-0.7151131,-0.54722476,-0.4764117,-0.24058177,0.8292169,1.5124922,-0.031257544,1.6701945,0.24094316,-0.29782474,0.5207967,0.15483016,0.3252787,-0.42455906,1.2268927,-0.15161173,0.16966122,-0.47026768,0.21353042,0.48449948,-0.104114965,0.66326135,-0.3153131,2.32257,3.030396,1.6218542
-1.3672942,-0.8263527,0.36980388,-0.12567344,-1.0213515,-0.33965006,0.17280169,0.18418209,0.18968037,1.4649073,1.2118363,0.8368614,0.87845594,0.82032293,0.46699592,2.069619,-0.17333294,1.3134207,-1.0025744,0.034600068,-0.68499494,0.006585635,-0.7428525,0.33790877,-0.6509256,0.44051138,-0.7049182,-1.9583856,0.7753147,0.10290706,1.453383,0.26082337,1.0816278,0.17107409,-1.1792581,1.0626757,-1.219598,-1.5365674,-0.08624365,-0.20399424,-1.4832294,-1.6048398,-1.4154767,-2.0483415,0.535254,-2.3340855,-1.9664556,1.1101726,-2.207811,-1.9095577,-0.47456914,0.16482009,1.0872471,0.9813161,-0.73338294,0.1029336,0.46712968,0.1268177,0.8904912,-0.40121096,0.6949346,1.1204597,-0.2114457,0.5112473,0.247372,0.06317715,1.1016372,-0.21869458,0.82660884,-0.047375407,-0.7701561,1.0577085,0.7348868,1.081565,0.26662493,1.3637338,0.37121326,0.16641021,-0.6541976,0.4466068,-0.0075226254,0.17781833,-0.04708331,-1.141232,0.41721034,-0.809385,0.643006,-1.5920702,0.8873661,-0.9084325,0.22660515,0.9253619,0.073852405,0.4905595,0.13774936,-1.9528066,-1.6494519,-0.08722651,-1.180717,-0.9711161
0.46132144,-0.19942324,0.03997067,0.0068859127,-0.15113246,-0.1596203,0.1537051,0.775325,0.034419205,0.5114215,-1.0818019,1.6535503,0.41260922,-0.6244064,0.16560633,0.23243628,0.2413742,0.383465,0.879295,-1.5978683,1.0909039,-0.5071513,0.40566415,0.9391006,1.1380498,1.7672908,-0.2951672,1.166628,0.031726398,1.2036397,1.3552433,-0.026080158,-0.648988,-1.904431,-0.9513264,-1.198402,-1.4516237,-1.6970651,-0.64754987,-0.89619887,-2.8993337,0.36242568,-1.5664703,-1.0330887,0.45219523,-2.2743032,-0.36378938,-2.7954893,-2.4745119,-2.6052978,-0.027884854,0.98128265,0.41628328,0.3762077,-0.28986838,-0.39299473,1.4085356,0.082839794,0.0997764,-1.0377171,1.3990746,0.2986687,-0.18782178,0.8258762,-0.15522507,0.22648957,-1.3913069,0.9192364,0.050518688,0.9282045,0.9433755,0.34470722,0.7662378,0.02239162,2.0976913,1.7974839,1.5972167,1.7507058,0.6135366,0.24860393,0.49162173,-1.3994625,0.62782,-0.17544429,1.4081359,0.29556334,-0.8475237,1.6470878,-1.008483,-1.2157246,0.12715133,0.7092229,-0.18489054,0.67875254,0.7279403,0.27257302,0.05785733,-1.1719874,-1.7324458,-1.9686804
-1.1939096,0.8844513,0.29384232,0.9851078,-1.0563581,0.08466482,0.10265236,1.5638388,1.2370099,1.5356504,1.2742271,0.5770007,0.10489285,0.68232656,1.5012437,-0.39839423,-0.5609276,0.16626169,-0.2119822,-0.1506192,1.1391995,-0.1660371,0.4724396,-0.49666908,0.1713875,-0.1440486,0.38936856,-0.34553054,-0.12639904,0.62098414,-0.12581007,-0.95441496,-1.1134725,-0.15434884,-0.90413827,0.19315696,-0.01009729,-2.125581,0.86369413,0.5163062,-1.2894118,-1.0162528,-1.220007,-0.40678236,1.2454774,-0.7613385,-0.50571257,-0.9312895,-0.45527303,-1.1751842,-0.026647279,0.76182735,0.48517594,1.1321971,-0.49744853,0.48763284,0.7361334,0.63330084,1.9470344,1.526722,0.59232914,-0.26955768,0.2384836,-0.2894802,0.96172357,1.084557,-0.37090573,-2.0373158,0.29070285,0.34267464,0.79375196,1.7082051,1.9377202,0.30782118,0.76813686,0.55907685,0.8152153,1.5637305,-0.14881589,-0.93072814,-0.37186888,0.015546706,0.21368812,-0.48522756,-0.2025981,-0.41011804,0.8525839,-0.33356708,-0.6364274,-0.70002496,-0.51441455,1.0972682,0.032055803,-2.6437533,-0.122442074,-0.2799583,-0.5857914,-0.558707,-0.91701955,-1.1825875
-1.7188864,-0.10058282,1.0451492,0.88758343,-0.02199966,0.0460007,0.951664,0.90110046,0.6976239,1.6725478,0.3862637,0.7329168,0.8070217,-0.1472134,0.64107066,0.055936757,-0.4021472,0.5301235,-0.37325343,0.2876838,0.9836301,-0.6592888,-0.5657944,-0.006127129,-1.0621791,-0.3809995,-0.25488147,-0.59026074,2.0765266,0.62949,1.4421115,-0.61102587,0.52933306,0.6388003,-0.37002343,-0.9397523,-0.39558992,-0.8011525,-0.15353431,0.11979444,-0.39386648,-1.9339495,-0.62225395,-1.773723,0.12893808,-1.2543385,-0.7891152,-1.0368421,-0.85638154,-1.1580836,-0.4635756,0.6573514,0.23672284,-0.32476223,0.31065387,1.1056656,-0.075702794,0.73196834,1.9786932,0.19657588,0.3300949,1.2236693,1.4596931,0.5383015,1.3417015,1.1770728,-0.03632481,-0.9207103,2.9026139,-0.68695617,0.16441168,1.7485589,1.0583943,1.1901592,0.5145745,0.029507676,0.7483669,-0.19876243,1.4284102,-0.7546341,1.3189652,1.8511025,2.1809397,2.2152581,0.051010042,2.4390986,0.54181564,-0.21219306,1.4590527,0.772901,1.545161,0.9017008,0.9318343,-0.5985739,0.57273555,-0.29789504,-1.4618955,0.7331755,-0.41434738,0.41762823
0.9265345,0.23604187,0.06592581,-0.28150767,-0.3995223,-0.42718408,0.4089499,0.27133784,-0.37982,1.3393482,-0.69476974,2.0128596,-0.3140364,1.426419,-1.0679016,0.8964024,-0.104770206,0.23427561,-0.2318045,-0.28020728,-0.9781462,0.71021926,0.15227796,0.60668707,0.014995097,-0.52340496,0.7472094,0.27411863,0.11554828,0.17611562,0.8981547,-0.43492368,0.624294,-0.1389922,-0.28132468,-0.99131936,-0.69887465,-0.26802891,-0.45304358,-0.6260519,-0.41372323,0.8047493,-0.10700387,-1.3011278,-0.28419396,-0.72749627,-1.1593232,-0.59622926,-0.9731377,-1.5160111,0.8082594,0.49093395,0.61418414,-0.29825392,-0.66280687,0.0001357152,0.90038866,-0.1475253,1.1724485,-1.0039726,-0.030199585,0.34210974,-1.1566535,-0.58448607,-0.45521575,-0.6026964,-0.8234385,0.46976843,1.106801,0.33857986,-0.5704973,-0.28511634,-0.69927114,-0.16993871,0.16852719,1.5343239,1.1712319,-0.068291605,1.0118592,-0.14132702,0.70148164,0.6885502,1.9648386,0.9537283,0.1518492,0.8641964,0.28660613,0.20247701,1.001947,-0.030793322,0.37473845,-0.5061849,0.06118885,1.7525008,0.9689537,-0.67266095,-1.1527772,0.968356,-1.0843214,-1.442951
-1.2334824,0.5889266,1.0812821,1.0405393,0.34936386,0.6034329,1.3085631,0.072272465,0.20038947,0.6164608,1.0481386,0.48296973,-0.5768922,-0.21560772,0.11734547,1.3699963,-0.36786175,1.0685424,1.2853138,0.55680066,0.296448,0.4576508,0.6533952,1.3450605,0.6834393,-0.26300594,0.24708813,-0.90127826,0.6362218,-0.5891514,-0.0061656786,0.4363644,0.60620177,-0.79493934,-1.1260824,-1.743642,-1.6099557,-0.04374109,-0.35627753,0.63260686,-0.5660398,-1.6042789,0.7082412,-0.7399985,-0.16671911,-1.0396702,0.083403334,-0.6184342,0.09844039,-1.2327868,0.3073623,0.479114,1.1964597,1.1015259,0.023089716,0.6125222,0.6577557,0.19577526,1.4799331,-0.50017965,0.4005057,-0.10602348,0.10376686,0.12223134,-0.9424977,-0.7336842,0.62261945,0.5621127,-0.7983858,0.7626462,1.1704988,0.45989758,1.7216262,-0.4591016,2.291735,1.153045,1.6225485,0.09848007,0.23092996,0.16601388,-0.37833166,-0.91004896,0.01920056,-0.8561362,1.0922326,0.22840805,-2.1719542,0.03978055,-0.8302178,-1.9086652,-0.363317,-0.4691157,-1.463688,0.03665583,0.39649233,-1.3427105,-1.3601968,-0.7177718,0.061780427,-1.407204
-0.5301108,0.5710953,0.26756477,0.20188655,-0.18101856,-0.057778712,0.630715,0.1417416,-0.08213374,1.3763118,0.2710204,-0.09076246,0.76982564,0.40587404,-0.37696007,0.0025344703,0.85402334,0.6975083,1.469696,0.07627046,0.7709397,-0.47181803,0.17895965,-1.4036297,0.12085072,0.07292825,-0.60857224,-0.29974404,-1.4028519,1.1587256,-0.3190389,-0.19162305,-0.4122317,-0.60085124,-0.36336476,-0.8971467,0.17047057,1.2581942,-0.6349861,0.10872971,0.56080747,0.112947,-0.1788864,0.82869357,-1.1401062,1.3193003,0.082681365,-0.43943846,1.3200884,0.9306191,1.1067452,0.80013317,0.19392616,0.019951856,-0.51609284,0.5845935,0.8598609,0.09241192,-0.048279975,0.35608962,0.36571887,0.069340415,0.63492835,0.11520967,-0.51323014,-0.30472505,0.25290304,1.5992899,-0.8937422,-0.54341125,-0.24412999,0.30516103,-0.010131056,0.04972791,-0.03321068,0.026002357,-1.1054939,1.2052803,-0.6123721,0.22031032,-2.0512488,-0.02987318,-0.37105557,0.67951035,-0.4582982,-1.1584605,-1.5194291,-0.11145005,-0.7037006,0.35424814,0.22529542,0.07887805,-1.2046921,-0.5639417,-1.5391148,1.0476042,0.49665028,0.26535413,1.040668,0.9317207
-1.6852266,-0.36850253,-0.79909945,0.5923493,0.04945845,-0.23624603,0.16231418,0.13919772,1.1472015,1.386035,2.2290337,0.45208168,-0.024096997,0.6628561,0.30452055,0.05277218,-0.9500753,1.4163134,-0.41078702,0.9768806,1.5608706,-0.3194687,-0.021134993,-2.1967614,0.11213869,-0.89479756,0.7324387,0.48546472,0.831128,0.5771238,0.6017696,-0.6369016,-1.0037451,0.8526904,-0.1391223,0.8599658,2.277775,-0.009203261,-0.1180667,0.19653836,0.40947357,-0.90339273,-0.69502985,1.9811504,1.8107028,0.9765436,-0.23841728,0.79754657,-0.24199912,1.3212136,-0.7415192,1.2742862,0.8008097,1.0684006,-0.2486764,0.3727746,0.8450067,0.12364138,1.2612416,-0.6907683,0.48723653,0.48884875,1.44377,-0.13976161,1.4849062,1.5999494,0.72528934,0.14428659,1.5288845,-0.1321463,-0.51209855,-0.06591981,0.7307738,0.5744407,-0.8140834,1.2823544,-0.27532113,-0.14406836,2.0417335,-0.24140568,0.501058,1.6578159,1.4552728,0.8927368,-0.7872852,0.44734755,1.9703938,1.8937148,2.0023391,2.2661574,2.6560109,1.4685313,0.7647628,-1.1767017,-1.2789279,2.3524227,0.59999484,1.4235996,0.52984905,2.1098332
0.3945697,0.70471406,0.89496005,0.07953196,1.4174476,0.21758635,0.7530483,0.6431235,0.69184786,0.596592,0.66573983,0.37118697,0.7968996,1.2755197,0.13975053,0.86201715,0.14099662,1.1325023,1.3417556,1.3375065,0.86559206,-0.11918059,-0.016916012,-0.40850353,-0.22423449,0.21937397,-0.090812534,-0.08733939,1.0196764,0.8223639,0.95499384,-0.8067163,-0.1517276,1.5695295,-0.7323701,1.3295883,0.50055295,0.06367835,0.7417912,-0.18532078,0.6130634,0.07649988,-0.19418131,0.33818838,1.216073,-0.98235726,-0.24963842,1.3360001,0.16259526,0.994976,1.4319891,0.9493522,1.4995184,0.25103128,0.26198843,0.8548471,0.80888915,1.1319032,0.40139344,0.9910145,0.5409429,1.4140605,1.672865,0.14534235,-0.3036496,0.69558644,1.4868798,0.94053745,1.5405349,1.423437,0.43680787,0.44548,0.9658655,-0.079120405,-0.647883,0.24159916,1.030229,0.8014554,-0.3268376,-1.1189443,-0.014003441,2.4874554,1.8200889,1.866954,-0.28374076,-0.09410801,0.76151663,0.65991557,1.7401646,0.63118374,1.4536442,0.6223567,-0.3501539,0.1278805,-1.1566095,0.69342506,-0.98763007,2.4678783,1.2125849,1.0200107
-0.91223943,0.91754305,0.3982781,-0.49498504,0.74853045,0.022544736,0.058617838,0.21107003,0.52789086,-0.265861,-0.7477935,-0.7020694,-0.10273042,-0.25000554,0.7186225,-0.005827761,-0.2667269,0.85535526,-0.036800552,1.0531279,1.5889312,-1.1037357,-0.020014003,-0.2705751,-0.11828892,-1.1156088,1.5601051,-1.118371,0.30712724,0.017169824,0.43216884,-0.59014165,-0.4684046,-0.37488312,-0.4410986,0.8731849,0.7378224,-0.68765956,-0.09185783,0.22506224,0.8406751,1.0552585,-0.81860375,0.32159692,1.826438,0.19957288,-0.22233711,-0.40897065,0.6248869,0.83122003,0.8490205,0.4954033,0.005541364,-1.0243218,0.4049147,0.2986567,0.48233578,0.34269664,0.115559414,0.23103496,-0.32140633,0.40837282,0.6581236,0.6467567,0.55315226,0.76792276,-0.69643,-0.041914415,2.0877712,2.128528,0.95148057,-0.6090288,2.350633,-0.17431745,-0.8279687,-0.7129513,-0.051727217,-0.8702897,0.3155206,-0.013354063,1.1159298,2.4905286,1.008332,0.5902899,0.81500196,0.23023582,0.56769115,0.6786536,1.7907082,0.5128554,0.88049924,0.8684145,-0.7052101,0.17402565,-1.0993276,1.1744578,-0.05957187,1.8389754,0.88083994,0.48105237
-1.2530001,0.74046504,1.2557976,0.32484773,0.9540038,0.30839527,0.24316536,0.64982027,0.8378217,-0.0016093021,0.0099506965,-0.0021627597,-0.54458314,0.6439592,-0.6386756,0.13446774,-0.5725303,0.44499072,-1.0475665,-0.5950327,-0.6794426,0.21194626,0.1235195,-0.64102834,-0.8118917,-0.10070243,-0.8338952,0.49669018,-1.7509484,-0.27995127,1.4566629,-0.63264847,0.33155018,-0.15109332,0.1684595,0.9133303,0.45584953,0.68330204,-0.11347478,-0.17109634,0.79099643,-0.18478286,1.1817411,1.0960948,1.5765314,1.1471027,0.08758171,-0.06900569,0.14522365,0.3439736,0.016464422,0.63988304,-0.44861457,0.48831072,-0.052153237,1.0508983,0.931014,0.5855614,1.0426937,-0.09543798,0.39720097,0.0940661,0.971643,0.0847534,-0.54510564,-0.3814842,0.34883204,-1.0994023,-0.69363636,1.2685561,-0.6458475,-0.57360286,0.43908772,0.58407277,-0.5614805,-1.0014849,-0.29533783,-0.8609375,1.071201,0.5817215,-0.8200591,-0.30731428,0.12897846,-1.0426896,-0.0562164,-0.78863084,-0.08167636,-0.6681615,-0.2505874,0.06507895,0.11202603,-0.35858765,0.5577255,0.22645713,1.3100436,0.17005472,0.6421458,-0.78064257,-0.6585116,0.34569022
-0.49993256,-0.33237824,0.6261651,0.4772135,0.27413896,1.021162,0.26701036,-0.19948208,0.27404645,0.070166185,0.8816325,0.7864327,-0.12559296,0.3827373,-0.31496558,-0.09088832,-0.13944688,0.0271657,1.7572688,-1.5476607,-0.74705094,0.74364954,-0.38292828,-0.11600686,0.6917387,0.0021333687,-1.0277659,-1.1727556,-0.5851528,0.626873,2.7018108,1.0333978,0.48212644,0.6208601,0.39738342,0.51868546,1.4170903,0.6907214,1.5597458,1.3573843,1.3762063,0.19640519,2.5597825,-0.6726013,0.31146392,1.1006911,1.533149,0.07651021,0.85566,1.4513307,0.36798108,-0.24229129,0.01637358,1.0184927,0.31642008,0.57417935,0.6273001,-0.4059631,0.07894052,0.7411638,0.32073703,-0.18839373,-0.5329319,0.5818753,-0.46549046,0.07840296,0.15517505,-0.14816721,-2.0536253,-1.2404833,-1.164584,-0.52733403,-0.5390901,-0.022054823,-0.65525496,-0.12163437,-0.93624467,-0.43134642,1.6170919,0.507185,-1.5802572,-1.3637234,0.07227017,-0.7871692,-2.381823,-0.5096012,-0.059738204,-0.7398913,-0.854202,0.3285918,-0.5570386,0.4730806,1.0022712,-1.4818598,-0.55158997,-0.6094054,0.16249806,-3.825889,-0.06132161,0.61703825
-1.2350543,-0.46700206,0.3177006,0.19552274,-0.170544,-0.11282525,0.36928284,0.21431644,0.16835143,-0.30284175,0.124901965,-0.76292753,-0.7211961,-0.78695923,-0.66141236,-0.6830359,-0.2536326,0.5164311,-0.88052607,-1.540177,1.7220054,0.44384047,-0.08907361,-0.07064489,-1.4863229,-0.309725,-1.4436725,-0.19224232,-1.308094,-0.19203466,2.0175445,-0.12471117,1.0151201,0.18133275,0.19236699,0.2746564,0.7229678,0.5581042,1.5494145,-0.114328995,1.1769676,0.4476488,1.7745341,0.20530109,1.6684775,0.47337332,0.7430577,-0.608577,0.09081347,0.47918144,-0.14592716,-0.47791702,-0.52788055,0.50605047,-0.37191588,0.38936576,-0.021779373,-0.6981865,-0.33638087,-0.36321846,-0.026511924,-0.042820547,0.13661723,-0.40981656,-1.4116169,0.0057484456,-0.42069831,-0.89651245,-1.5305641,-2.6277537,-0.26618814,-1.1060135,-2.4785922,-0.5872012,-0.57822967,0.5363151,-1.831044,-0.68612796,0.84212184,-1.0124718,1.1144572,-1.1508121,1.2602402,-0.56586903,-1.287206,1.2396334,0.7839019,-0.80995744,-0.6995345,1.3541167,0.55837154,0.54884875,1.01065,1.2366718,0.05537829,-0.012100861,0.17501907,-1.7763276,-0.06404211,0.92891026
1.2196577,-0.52130616,0.31988734,0.3075913,-0.3298917,0.25997898,1.5809716,0.002865116,0.65913033,0.64609647,0.24137715,-0.99532473,-0.014738064,-0.2543557,-0.6289006,0.5227457,-0.33501688,0.7447275,-1.2776827,0.3826064,1.2834678,-0.7712565,-0.7107328,1.2958462,0.35781726,0.7693761,0.8658228,0.23017788,1.7085273,0.98729026,0.37779945,0.09106091,-0.41856688,-1.5892011,-1.1315299,-2.061135,-2.333377,-0.6707196,-0.845201,1.0720968,-1.4915788,-0.061754573,-1.5577627,-1.3643225,1.1545849,-2.0002215,-1.7751153,-1.263119,-0.93452746,-3.3584256,-0.5313466,-0.7257807,0.72309047,0.1546495,1.2970905,0.69545215,0.105976775,0.9476007,-0.07914145,0.113907084,-0.7003228,0.377999,-0.75705993,-0.4709488,0.38262215,0.018739618,0.6167584,-1.1833864,-1.3074915,-0.53109187,1.6633292,-0.765605,-1.531162,-0.8414598,1.2082516,1.478139,1.6053143,0.6663712,1.1905483,-0.8583324,0.32783404,-0.46648827,1.2289373,-0.98407376,0.93109936,-0.4965059,-1.4160988,0.47095573,-1.1217675,-1.1693572,-0.28635767,-2.6017485,0.034081306,0.5726999,0.7939344,-0.91982216,-1.079123,-0.3918013,-0.5408774,-2.6649637
1.3067813,-0.081607886,1.5960759,0.2530278,-1.1196301,0.88844025,1.2795212,-0.02713141,0.55803823,0.62531114,-0.15999448,0.67663074,-0.25056738,-0.6717568,0.8080982,1.1126083,0.06575078,0.44589382,-0.5582382,-0.09621463,1.0671018,-0.051821645,0.61801344,1.2712927,-0.8472326,0.15965813,-0.21386018,-0.6390277,-0.013938473,1.471489,-0.69756794,-0.09055597,-0.97112334,-2.2543447,-1.8876144,-2.8489325,-2.5532951,-1.3354955,-1.3455521,0.784114,-2.3635151,0.65615565,-1.108969,-1.684102,-1.5058739,-2.4440978,-1.1088238,-1.0315568,-0.8436817,-2.524526,1.4663801,0.635255,0.9391569,1.5474771,0.42849997,0.71327716,0.78261644,0.9565646,0.22517398,-1.0902086,0.16632341,-1.4889942,-0.28474855,-0.70003104,0.16098446,0.8535349,1.1283696,-1.1163143,0.27863127,1.0548472,0.72619534,0.8303818,1.638931,-0.16089988,1.2974092,0.5331498,2.1341245,1.7168812,0.6186919,-0.76473117,-0.034740053,-0.77667606,0.047564924,0.12958516,1.2803514,0.36629632,-1.1927282,-0.22372489,-1.5855902,-1.809409,-1.1663628,-0.22273707,0.48169073,-0.7465338,1.2500403,-1.4275347,-0.77122444,0.71857464,-1.2749609,-2.9573636
0.7796503,0.8142902,1.0521629,0.9635811,-0.17222239,2.1194372,0.49458167,-0.100722514,1.0418376,2.1291924,1.0861814,1.8355579,1.0628701,0.547041,1.6357138,0.6064402,0.23372632,0.952402,1.5489478,0.5051586,1.1322743,0.35425472,0.7389741,1.4390845,1.8992641,1.0022321,0.33322936,0.72689337,1.8812903,2.0337353,0.51623833,-0.008611723,-0.8253878,0.35265404,-0.8513132,0.21065238,-0.19982073,-0.30684933,-0.4952726,-0.09779446,-0.5967001,-0.37360254,-0.2031297,-0.50950956,0.06070474,-0.18419485,-0.23806317,0.09559361,1.0110029,0.28815383,0.4611505,0.3707292,0.99566495,2.2584965,0.77958083,1.9236217,-0.268323,1.1979833,2.134758,1.1728768,2.0102866,1.1656032,0.62217355,0.08796278,-0.0025333725,3.0539944,0.13296644,-0.3356577,0.13859844,0.079072125,0.6904029,1.0406557,1.0481876,0.19483837,1.4577974,1.7273746,1.325941,1.810882,0.25309637,0.191885,0.13216352,-0.870708,-0.39410996,0.058848314,-0.06505721,-0.64208406,-0.4455056,-0.37792408,-0.09633385,-1.0428681,-0.13641201,-0.9331803,-0.012116835,0.25000608,1.1542195,-0.4435346,-0.61815715,-0.5786923,0.32123774,-0.8390146
1.2516752,0.14292853,0.8648609,1.2336655,-1.006105,0.8114405,0.8065064,-0.07417338,0.66615385,-0.18521908,2.4398315,0.036824025,0.6194964,-0.922256,0.525866,1.0997615,0.03954521,0.31301394,-1.8393389,1.2622377,1.1927764,-0.2143459,0.3144356,1.9307436,1.1109543,1.2462916,0.7202149,1.817028,1.7771761,1.1291237,1.5225253,0.73353237,-0.5636877,0.33407015,0.83029443,1.3793577,-0.5267488,-0.14059533,-0.28400832,0.76737016,-0.34065863,0.16527468,0.121204905,0.3314587,-0.47759017,0.10177538,0.40548006,0.28492466,-0.051606707,-0.53927886,0.2656367,0.9768159,0.4433003,0.89608246,0.1213346,0.41332847,0.58895993,0.33979258,0.18238285,0.3333725,1.6826793,0.79776007,0.15283749,0.123445965,0.61823714,-0.05989924,0.5400042,-0.46456543,0.4766003,0.11418456,0.9688074,0.78006786,-0.032086525,-0.64736646,1.9683237,2.9259815,2.164446,1.0457346,0.5562797,-0.16357951,0.7459218,-0.67510325,-0.48865962,-0.6171068,1.0425073,0.5904877,1.5109395,2.1448305,0.5395673,-0.14923765,-0.42748144,-0.74552155,0.26788792,-0.12465685,0.84843457,0.025885753,0.31694147,0.30514294,-0.36681455,-0.41890097
0.4040357,1.5403725,0.8687912,-0.049530666,0.3684316,0.08907694,1.117017,1.4837445,1.3889276,0.30157647,-0.7955444,-0.2648747,0.2800051,-0.9190951,-0.6133712,1.1579757,0.7752411,1.0457706,-0.90546733,0.26725903,0.25763708,1.1785651,-0.49970403,1.905108,0.29845783,0.80802864,1.1522844,1.1374295,0.9504035,1.1059844,1.2760372,0.84938884,1.0913913,0.21211527,0.45380303,-0.69855994,1.8077044,-0.96958685,-0.35150248,0.84182924,-0.047652557,2.0145593,1.3426982,0.36231208,2.3023183,-0.03306389,-0.19777094,-0.6073883,-0.8462036,-0.34536538,0.082051925,1.1211053,1.1067245,0.50328135,0.44091022,0.8405411,1.7439611,1.4414072,1.3508779,-0.15423635,2.0800545,0.62547904,-0.2641592,-0.91770136,-0.28371054,-0.5775481,0.5896234,1.6949786,0.23158406,0.82734126,1.2780932,1.3266343,2.1100047,-0.6079865,1.7649193,2.159161,1.550675,-0.19874133,0.31951892,-0.14445335,1.5278629,0.18788867,0.7092515,1.0010875,0.3914622,0.7898565,0.8003607,0.94808936,0.8525004,0.30677718,0.16396019,1.2513064,1.5686102,0.7878814,0.9609032,-0.17154147,-0.100491755,-0.3403726,-1.2108722,-0.6709515
0.24558994,0.4967034,0.63884664,-0.8685799,2.0285408,0.016264996,0.27154547,0.19476487,0.36316702,-1.1713734,-1.407492,-1.8434758,-2.1218402,-0.22852778,-3.0081978,-0.3470588,0.37694582,0.008519238,0.80980545,-0.061273668,-1.513573,2.3343635,-0.95583546,0.7253367,-0.9510457,0.1502695,-0.07699158,-2.1834266,-1.6754067,-2.5147538,1.1785613,1.3580774,0.98727727,0.82562953,0.15755624,-0.44206807,0.47499365,1.1927606,0.37591845,0.5746178,0.19475642,0.8084596,1.1451191,-0.8113238,-0.15466313,0.28273976,-0.65223217,0.52075255,0.65914243,-0.028301593,0.09947891,-0.06714875,0.47637248,-1.5416223,0.59170955,0.62631255,0.03751227,0.34319493,-0.1619352,-1.5721638,-0.9846724,-1.1532214,0.025564695,-1.1028903,-1.1561099,-3.03885,0.09029904,1.2318987,1.0478455,-0.18537341,-1.4995322,1.9916126,-0.52211046,0.41197103,-0.59160393,-0.3930192,-0.3458917,-1.5588049,2.5970266,0.5221138,1.546606,1.3683566,2.2604883,2.4675345,0.2527109,1.6856053,1.2432399,-1.1158035,0.33700237,0.86601394,1.4395807,1.3048781,0.6372611,1.8651462,1.5794357,0.06225855,-0.2094398,1.3714148,0.10824115,0.04975499
0.32197833,0.51891637,0.1730539,0.12011758,0.8098399,-0.014955478,0.5834737,1.1483806,0.9938899,0.3502947,0.48281607,-0.24481076,-0.015611721,0.1408163,0.22612539,0.8059096,1.2750118,0.87403214,-0.56290406,-0.9521907,0.565527,1.2439058,0.8445191,0.091284744,0.8873275,-0.45963064,-0.6012905,-1.2024788,-0.76214564,1.6097904,-0.23739259,0.4251522,1.8895584,0.97304136,0.4829008,-1.0548112,-0.46348286,0.17606658,1.7928466,1.1798282,-0.20543727,0.5595558,0.78027964,-0.8716314,0.6273538,-0.22135475,-1.485518,0.07335135,-0.82177293,-0.87469095,0.9310911,0.58109385,0.29655322,-0.9850207,0.3789106,0.41276753,-0.22610478,-0.3722387,0.6566688,-0.24258094,0.71615326,0.7853525,1.1777841,0.00489192,-0.43234578,0.16733922,0.5733996,0.0059085246,1.4043611,-0.022166552,-0.27337867,1.6058068,0.3168648,1.1475581,0.11081362,1.5906454,-0.48072618,-0.47830623,2.0788448,0.5352371,1.1552943,1.3670676,2.0598636,1.3628248,0.34697363,1.407996,-0.15906635,0.8686202,-0.4395506,0.6145215,1.0725752,1.1514908,1.4403025,0.5203818,1.3287835,-0.2515361,0.2883023,0.30909717,-1.0011146,-0.100125246
-0.53370756,-0.6098652,-1.026856,2.1616132,-1.3520113,-1.7569046,0.51065254,0.7179874,-0.3656001,-0.9721423,-0.26452047,-0.6272608,-1.4339354,-0.20830345,-0.85527426,0.54590493,-0.3453156,1.0565218,-0.4340182,-0.97796476,0.4938209,0.22917926,-0.4131205,0.19550222,-1.7131351,-0.022243354,-1.2332026,-1.0945116,0.09915275,-0.8423396,0.044837445,0.33601764,1.9026482,0.33689773,-1.2499425,0.10675562,-0.21466933,-1.024584,-0.1991712,0.049455035,-0.21586958,0.006652619,-0.8592452,-1.3231803,0.04716453,-0.8332345,-1.6298938,-1.6539993,-1.3488542,-0.98502105,-0.71033454,-0.33768725,-0.642828,-1.6363925,-1.3699695,-1.3395478,-0.41558737,-0.65509963,-1.4617832,-2.7531602,-1.9002261,-1.624538,-1.4306566,-0.9565164,-2.627243,-1.5288097,-0.43259454,-0.6926445,0.43318382,-1.2688377,-0.8996122,-0.2672154,-2.4507334,-0.5326915,-0.75558263,0.6046921,-0.74994814,-1.4077834,0.565983,0.26076764,1.0478116,0.15004218,-0.24255441,0.50985605,-1.4261144,0.53738755,0.3343365,-0.27578866,-0.0027698325,-0.6249675,1.4230009,-0.9798439,0.7261856,0.95470077,0.25497445,-0.20816545,-1.745666,-0.4421317,-1.4082917,-0.69397795
-1.2839719,-0.64150566,-0.7522458,0.3742196,-0.57304454,-0.16464807,-0.74205965,-0.62489104,-1.1878271,0.33956003,0.019199984,-0.25869817,-0.5026568,0.5315098,0.099387735,-1.0252528,-0.6005445,0.113684066,1.5271337,-0.89443314,-0.38402012,-0.6754379,0.3256786,0.49788815,-0.035003513,1.4718282,0.37656343,0.44647267,0.9913027,-0.16426794,-0.48093387,0.47197843,0.9542358,-0.019818828,0.47156712,-0.64448804,0.03567275,1.7077043,1.7174021,1.4089646,0.7199798,-0.6284843,0.372254,-1.025434,-0.40688857,0.74220705,0.50868297,-0.69362116,-0.9957567,-0.57958597,1.1814708,-0.57109565,-0.94281715,-0.7295625,0.23803298,0.11083319,-1.191203,0.16708666,0.12541044,0.909478,-0.8564423,-0.58125836,-0.024392253,0.7907412,-0.37376797,0.5190776,0.2769548,0.2015943,0.9717099,-0.13397305,-1.445639,0.7270686,-0.9950496,2.1577723,-0.039362896,1.3691489,0.49548456,0.46603906,-1.1139762,1.4884546,2.0803828,0.43332583,1.2966315,0.8987359,1.9496468,2.2053945,-0.18461621,0.77285284,-0.014769423,0.86622715,1.3012627,0.78048503,2.3930523,1.7769209,1.2263473,0.8446499,1.0559349,1.1137774,-0.87351483,-0.22487563
-0.7638334,-0.961643,-1.7816818,-0.84581184,-1.1981726,-2.3092391,-0.6951645,-1.0702581,-1.346069,-1.8020469,-2.0712373,-1.4509101,-2.2835107,-1.0982395,-2.7044475,-1.7458345,-1.9120684,-0.8208058,-0.3257482,-0.14592318,-0.5687021,-1.5423497,-1.261085,1.1231679,-2.0151696,0.669448,-0.021682672,-0.013925165,-0.37721997,-0.23359835,0.04039921,0.18805845,-0.88764745,-1.396286,-0.9773057,-1.7909919,-1.3422297,-0.38350075,-0.5278797,-1.3118353,-1.092674,0.5488835,-1.2235429,-0.91566473,-0.18160725,-0.8239153,-1.328292,-0.6394878,-1.3058017,-2.1232643,-1.5703337,-1.175076,-1.2587808,-0.35785225,-0.98418975,-1.9477926,-1.1381098,-0.94247514,-2.2502909,-0.9358293,-2.2049828,-2.3276064,-1.114151,-1.3335123,-1.97516,-0.7366589,-0.8392251,-0.61643773,0.12144381,-0.9464419,-0.1173681,-0.6839492,0.1572731,-0.53282934,-0.45798802,0.59663546,-0.72010493,-0.4661402,-1.255165,0.115231834,0.46337557,-1.3053116,-0.19466417,-1.0001286,0.47318682,0.27950823,-0.5945236,0.41892254,-0.72361463,-0.9886839,-1.1045328,-0.24295382,-0.15499671,1.1237744,-1.0536916,-0.15674439,0.37827593,-0.75882757,-1.3332298,-1.6328676
1.8741624,1.5405596,0.4418302,0.5641116,-0.31402418,0.09105864,-0.41143525,1.1014906,0.079989195,-0.28332046,-1.6079665,1.1066891,0.40524167,0.6575648,1.0084598,0.40711996,1.2160547,0.52864146,2.0364838,-0.5014848,-1.6388731,1.1461715,2.03746,1.3105356,0.6088341,2.1528096,2.5587654,0.4904998,1.0565283,1.1384027,-0.8462185,-0.455906,0.71603686,0.5403804,0.7339692,-1.1743398,-0.5359462,-0.26941246,1.2535079,-1.18101,-1.1574844,1.914913,0.31488508,-1.307459,-0.40793815,-0.12011851,-1.0641629,0.33518353,-1.1570708,-1.6833634,0.616651,0.46344215,-0.0035964865,0.56415254,0.69360286,-0.15519011,0.8349471,0.72277796,-0.3580612,1.618891,1.3747388,0.4205333,1.6917623,2.1561694,1.4474659,1.8065543,0.15339255,1.9996164,1.374009,0.4417557,0.7953934,1.7246749,3.5035064,0.44653362,1.7271676,1.3640574,1.4277742,0.9622667,-0.31333888,0.7596282,1.3983413,0.15464552,0.35773996,0.89795667,2.7039063,1.4211279,0.08412923,2.338289,-0.9792759,-0.5707556,0.30151677,-0.7543708,0.68428844,1.4779717,1.6089281,-0.5472488,1.5997113,2.3294797,-1.5180968,-1.7505803
-0.33090395,1.1493571,0.46530268,-1.0730456,0.013034258,0.2574028,-0.92826647,0.9918075,1.766122,-1.2018833,-0.81053865,-0.6467731,0.3454368,-0.06867923,0.50438225,-0.78096306,0.3473791,1.509629,1.901934,-0.51596355,0.6855496,0.30448112,-0.95968074,-0.4432043,-1.0230806,-0.55526227,0.18483283,-1.7172141,1.0305954,-1.4728181,-0.018206956,-0.53391045,-0.12273304,0.13399355,0.071791396,0.6215532,-0.38116053,-1.630471,-2.00884,-1.388841,-0.93869454,-1.2645446,-0.8812872,-1.2186651,-0.50851494,-1.2182497,-0.9395463,-0.28741258,-0.99133664,-1.1406608,-0.68759453,0.30685753,-0.9881624,-0.49532014,0.39685613,0.67135847,-0.34510192,1.8665813,-0.79793334,-0.2877788,0.5003192,-0.14198904,0.9073912,1.2345381,0.7852246,0.14754736,-1.7724415,-0.3121082,-0.3552947,1.5920258,-1.1616563,0.36313996,1.472005,-1.2918267,0.03075072,-0.1686835,1.6877631,0.18321772,-1.1196527,-0.08674529,-0.32695127,-0.15924183,-0.0050324854,-0.4050276,0.77728283,-0.66746837,-0.2632109,-1.7510537,-0.22677802,-0.25409937,-1.4228786,-1.3046509,-1.2872247,-0.546893,-1.254791,-0.4945385,-0.77738243,-0.16062719,-0.9722215,-1.1992944
-0.5533938,-0.25328696,-0.7408192,-1.5691255,0.08093796,0.03875258,-1.2189635,-0.643247,-0.08057485,-0.21784747,0.65931386,0.6779658,1.1794951,0.7700926,-0.07827264,-1.293617,0.31956902,0.031370208,-0.09807376,-1.4114319,-1.0698017,0.6609117,-0.83317876,-0.48999026,0.015731456,0.33319443,0.4281155,0.8529635,-0.82330835,0.62550163,-1.0796607,-1.0661715,-0.73003364,-1.2731925,0.2873358,-1.1878386,-0.3653477,-0.9622835,-0.14963068,-1.4931984,-1.4382187,0.6500668,-0.45881462,-0.46218064,-1.3294692,-0.49802208,-1.0197107,-1.8538547,-1.1477875,-0.94763654,-1.7571803,-1.2947555,-0.9049198,-0.14314324,0.73497635,-0.78391004,-1.1350132,-0.07352459,-0.25610736,0.392731,0.38244766,1.1364516,0.9903654,0.88076127,1.0881172,-0.18946314,-1.1325777,0.8355448,-0.100501485,-0.71527994,-0.68573487,0.8693604,-0.29220313,-0.2667318,0.9027657,1.2470449,0.36698025,0.93752146,-1.4104532,-1.0249522,0.50184476,-0.23978934,0.2341687,0.36529988,0.6463359,1.1925986,-0.004583262,1.3602121,-0.7403989,0.41627663,-0.63691866,-0.70531553,0.4209219,0.36556864,1.0586538,-0.017944884,0.9850451,-0.0021711315,-0.62956184,-0.4198463
-0.37765616,0.61118954,0.1292734,0.13891096,1.822986,0.57246834,0.944411,0.89180166,1.1038316,2.134862,2.2559512,1.4007666,0.62582505,1.5895418,1.1301464,0.8740192,-0.6489386,0.63842225,0.2852799,-0.07874614,0.45490924,-0.22983931,-0.5600539,0.07649828,1.3035587,-0.0045142453,0.647139,1.4021639,0.6534045,1.0591109,0.33867046,-0.17335907,0.07193013,-0.7812473,-0.43700278,0.09575683,0.81014615,1.1681116,1.5134964,1.0774486,0.42110777,0.32344982,1.3623598,1.2908833,-0.18325315,1.0550131,0.5853993,-0.032494966,0.32811728,0.5698311,1.9740375,0.28878495,0.2902989,-0.6291082,1.5485473,0.51680255,1.0282648,0.81133413,2.5243616,1.5295061,0.33137646,1.6408286,0.33018315,1.1752157,1.1520785,2.3493319,1.5521332,-0.108255394,-0.64796096,-0.014319185,0.7468084,0.525836,0.11595143,1.1181468,0.2242729,0.20119487,0.8626052,0.505495,0.7400905,0.30304664,0.7303467,0.5685647,1.533049,0.8215382,1.1757354,0.956046,0.56716794,2.5438097,0.29612505,1.6167486,0.76220775,0.7708399,1.2594461,0.77580583,0.7479562,1.8207291,1.6042116,0.13797833,1.0526873,0.7719386
-0.42056146,-1.0597087,-2.5109458,-0.47574106,-1.4800076,-1.1289608,-2.3335655,-1.5467194,-1.9527324,0.58529025,0.5263804,-0.10254972,-1.3311769,-0.6595734,-1.3008165,-1.3973652,-1.9726512,-2.389299,-2.0662549,0.023263592,-1.0204964,-1.5366565,-1.7162124,-1.0710641,-1.292433,-1.3130698,0.37475938,-1.2231706,-0.8427584,-1.6072242,-2.0250912,0.17969199,-0.30615062,-0.79931575,-0.8889718,-0.13841586,0.33565655,0.43193498,-1.062126,-2.000773,0.5416282,0.18430711,-0.10548466,0.033594135,-1.8711797,0.6974142,1.7975525,1.0321155,-0.33901954,0.11936624,-0.7163406,-1.3675115,-1.0974138,-0.2963233,-0.26166704,-1.3002809,-1.6557401,-1.3160045,-0.14042346,-0.30342433,-1.8563706,-0.96614444,-0.9244114,-1.0153903,-0.54544395,-0.87257826,-0.25339285,-1.3759365,-0.21049598,-0.9205915,-1.1448159,-0.74480844,-2.035722,-0.066126324,0.5514446,-1.5474241,0.15399063,-1.8494204,0.47992602,-1.4991692,1.6215152,0.08825772,0.0017826183,0.2079609,-0.5245148,0.09286918,1.5783114,-1.0196701,0.74413764,1.2151883,0.61291283,-0.7526012,0.0022605422,1.1777576,0.68416077,-0.008107108,1.1372896,-0.81458205,0.6200043,0.8966813
0.89465666,-1.0522155,-0.87426597,0.29071164,-1.4954103,-0.33630544,0.5147141,-0.04991986,-0.3546782,2.3493128,0.20442931,0.78798103,-1.5855291,0.4802879,-0.13205297,-0.14964253,0.5360874,0.1180426,-0.4834703,0.19430059,-0.9470103,-0.009131668,-0.76317286,1.0403842,0.8348423,1.1826626,0.6084238,0.19750221,0.30947974,-1.7881608,-0.92214614,-0.048802093,-0.54886913,0.58488625,0.8387925,0.3526157,0.12666582,1.4447328,1.725474,0.9366724,1.3177015,-0.42017913,0.62804776,0.5590069,-1.2486198,0.7177657,1.1899517,0.63025486,0.8009181,0.55027515,0.2511304,-0.8845522,-0.13529636,-1.0909519,-0.37314814,-0.79606885,-0.9472893,-0.742523,1.4411112,0.24929704,0.7120075,-1.0344523,-0.8650821,0.16935852,-0.78667104,-0.5509665,0.9259575,-0.33122543,0.72138834,0.39265677,-0.7128909,1.4680332,-0.6501423,1.3495976,0.056561265,0.3926409,-0.029195588,-0.085914776,0.062364064,-0.3926886,-0.25641692,0.22412883,-0.4180672,0.31199634,-0.52785933,-0.26348555,-1.2559017,0.8523793,-0.03804422,0.23176676,0.6391731,0.63887924,1.1169642,0.061806317,1.5669613,0.12869444,0.89166033,-0.43930432,0.21408433,0.07687584
0.5946854,0.030030513,-0.46234715,0.4806107,-0.18040133,-0.88838404,0.11916131,0.27498573,-0.7227365,-0.57938623,-2.0835028,-1.137,-1.1076474,-0.17184804,-1.187612,0.71515095,-0.13810664,0.18379112,-0.1264953,-0.58247817,-1.0316219,0.3390455,-0.04595552,-0.11859662,0.9969447,0.7260063,-1.3561581,-1.8539784,-0.48386073,1.6382027,-0.43393862,-0.3374768,-0.22654586,0.008141373,-1.2175918,-0.8087947,-1.485311,-1.3701254,-0.64920443,-0.089858264,-1.5399238,-0.5494807,-0.2508815,-1.0912772,-0.7529842,-0.91553795,-1.3132545,-0.3455084,-0.50832695,-1.1112,0.28121582,-0.41797826,0.013647095,0.9549812,-0.7608777,-1.6105399,0.3625715,-1.1494898,-2.1131468,-1.813293,-0.2767306,-0.8294638,-0.9402507,-1.910792,-1.1093922,-1.3744347,0.74414474,-1.1366347,-1.6223855,-0.72516924,-1.1804847,-0.30073687,-0.65968513,-1.0584433,0.143393,-0.2439702,-0.46583426,0.097218245,-2.008749,-1.6945646,-2.7230668,-1.9987772,-2.499661,-3.1153927,-0.48235157,-3.90542,-0.3903925,-0.49083304,-1.260527,-2.907248,-1.2973932,-0.1577075,-1.5235085,-2.717919,-0.57627255,-2.4412925,-1.2665235,-1.6350793,-0.26083696,-1.389206
0.2991505,1.6341882,1.8093851,1.7029752,1.2606587,1.0086397,2.3882291,1.7068819,1.1968322,0.8003111,1.4411122,1.0870795,1.3846415,1.6714498,2.0018458,2.36606,0.66548777,2.8636196,-0.02045974,0.70506686,2.3176336,1.5649065,2.3852317,-0.34074226,0.51004225,1.0927067,-1.5402287,0.44813505,-0.3606179,0.6272575,-0.81442946,-0.5012206,-0.17374738,1.8057512,0.25633553,-0.17092435,-1.1331712,-0.5832979,-0.7502105,2.0065734,-0.22692907,-1.4831822,0.10086938,-0.5378464,-1.4204668,-0.40441436,1.0535163,1.575837,1.1479834,-0.195228,-0.45658,1.5044894,1.464339,1.7511998,0.82101524,0.7009699,1.3153005,0.539,-0.51841813,0.57411915,0.402133,1.3690037,1.2109234,0.8889656,0.75237215,1.359872,1.1985288,-0.07274642,-0.1468892,0.97208476,2.0226266,-0.3486927,-0.13578609,-1.3464912,-0.18938169,-0.6713912,-0.074349776,0.8209236,-2.0328188,-0.5335302,-2.006599,-0.415844,-2.2385695,-0.6592319,-1.486467,-2.2236602,-2.0129435,-2.4151351,-0.3870923,-1.1883081,-1.0062927,-1.5239246,-2.4204013,-1.9056824,-2.036386,-1.209186,-2.0268385,-1.2604399,0.29049522,-0.17532969
2.3519106,-0.6947947,0.1335394,-0.32523733,0.10392402,0.14984624,-0.0046137604,-0.84439397,1.0720583,0.6776165,-0.116492204,0.6030876,-0.084392585,-0.4468173,2.1274977,1.2524939,0.19348668,-0.29025453,-1.7840767,0.38678205,1.8137321,0.24646808,0.27444282,0.41924274,0.7153051,0.7791564,-1.2274519,0.7144194,1.5803441,0.3402797,-1.5026653,0.35657203,0.25949734,0.47738293,0.38004228,1.1270567,-1.0639201,-0.54154915,-0.22316366,-1.1482823,-1.4039867,-1.4619128,-1.0256186,-0.7814495,-1.4486401,-0.8971062,-1.2413019,0.1374551,0.22209045,-0.68270594,0.32025072,-0.16945253,-0.015253531,-0.6845675,0.78890795,0.97459394,-1.9838964,0.6090369,0.72458696,0.7925298,0.24818239,0.53657997,0.2534234,1.2490703,1.6967133,1.717656,0.5558974,0.32745305,0.15188876,-0.8020387,2.000882,-0.5158223,-0.2693417,-0.98638654,1.7104293,0.9209145,1.5501249,1.670619,-1.2840149,-0.014324451,-0.36430746,0.65037423,-1.386101,-0.48009416,0.13031173,-0.8708993,0.27715597,1.0843352,0.6377228,-0.89186555,-0.6571474,-1.4344381,-1.2354252,-0.78715783,-0.47622412,-0.5528691,-1.609892,0.4642368,0.18081018,-0.49721488
-1.6663127,-0.8609858,-2.1285162,0.032594986,-1.2477373,0.03397167,-0.7829431,-1.9751565,-1.7306036,1.0268409,-0.80584884,0.5718483,-0.3955601,-0.7242717,0.5251246,-0.55309486,-0.5550377,-0.95855314,-0.865174,-1.2500306,0.10826526,0.011482934,-0.29011148,0.5578396,0.036130868,0.66587013,0.5711773,1.977792,0.39495033,0.4103601,-0.43991837,-1.1100322,-0.44365168,-0.48336962,0.20464456,-0.29050276,-0.22470444,-1.4784029,1.0614883,0.10052138,-1.5822057,0.7877506,0.93058604,-0.39703894,-0.28554997,-0.07834466,0.6308754,-0.65686774,-1.4969018,-1.130203,-0.51886517,-0.59858817,-0.26863846,-0.36395633,-0.20985018,-0.5488502,-0.91934866,-1.9322193,1.7353075,-0.7374397,-1.0721204,-1.081826,-1.895417,0.41067064,-0.1905404,0.41572398,1.1714444,-1.3598515,1.3768004,-0.4941323,0.8123548,1.760997,-0.091403864,1.9584596,1.7071295,0.22803734,2.110668,1.330342,0.28306916,0.43945166,0.8431455,0.12831214,-0.13296369,0.933748,0.90291953,0.44634986,0.056597635,1.3952338,-0.29455805,-0.83581156,0.6872437,0.2672767,1.5540489,0.6018174,1.6745585,0.05200708,-0.07349773,-1.2598678,-0.9971296,-0.81316376
-0.051028173,-1.229018,-0.7855158,-1.2453209,-0.0065169,-0.7967936,0.04992178,-0.26586658,-1.6004764,-0.08853826,-1.1642821,-0.7691241,0.11187718,-0.97755015,-0.8100429,-1.9220817,0.5587382,-0.33370593,0.13055052,-1.2535161,-0.79454046,-0.24486051,-0.16726282,0.76081026,-1.5422031,0.47070342,-1.5604874,-1.3927364,-1.5225695,-0.9480961,-0.7978657,-1.3727074,-1.2177566,0.95216703,0.8395183,-0.9066299,-1.3861377,-0.9944481,0.4691728,0.6113311,-1.009066,-0.87659943,0.7912861,-1.2993101,-2.0732298,-0.8897428,-0.5149802,-1.0405107,-1.1149609,-1.0827749,-0.6288784,-0.9211278,-0.04071423,-0.67638993,-0.8518162,-0.5919667,0.09134651,-0.8455221,0.42381263,0.28698632,-0.03824628,0.008229121,-2.371847,0.6250814,0.23790832,-0.8236126,1.5834492,-0.51415324,2.3445773,0.8038963,-1.0125641,0.98469514,-0.5048824,2.169302,0.44719386,1.1426079,-1.2955011,-1.0003513,-1.6785523,-0.4936464,0.80248743,2.3262427,0.76210815,2.8234448,0.8730442,1.6425008,-0.3565081,0.833553,0.3415847,0.19331111,1.3577675,0.33647135,1.5603642,1.1696146,2.420714,0.25361127,0.77148885,0.014237578,-0.7651214,-0.3806092
0.4815868,0.1850445,0.34789696,-0.34855142,-1.12911,-0.5627334,0.068402424,-0.44360766,-1.3642676,-1.142945,-0.69178194,0.07160635,-0.46365446,-0.08811455,-0.31915465,-0.12054094,-0.587839,0.22015055,0.09448298,-0.4708414,0.0035130305,-1.0479555,0.05288839,0.3101695,-1.8965844,0.90035063,-0.20099252,-0.5079786,-1.434232,-1.2726356,-1.2548201,-1.1951631,0.022702564,-0.13507818,-0.183584,-1.1184518,-1.5963659,0.53996164,0.7587926,0.89694035,-0.2934578,-0.7908384,-0.18010189,-1.1221542,-0.5095154,-0.70244676,0.94887686,-1.417286,-0.30315116,-0.61714613,0.298227,0.30859372,0.14374559,-0.3931405,-0.23232974,-0.072702244,0.51423514,-0.45953247,-0.83101106,0.013631703,-0.7636623,-1.2658085,-0.22793198,-1.1340419,-0.2825531,0.001605772,-0.30862406,-0.2656532,-0.26336795,0.16830751,0.110412106,0.024783114,-1.4605389,0.69517565,0.29266292,-1.1829033,-0.2124558,0.07059176,0.52830344,0.38936386,-0.45626137,-0.68613636,1.0488551,0.18653065,0.2463225,0.9569582,-1.316912,-1.3381865,-1.2812583,-0.20631161,0.09076217,0.5524262,1.1001873,-1.1614748,0.39066842,-0.3742914,0.83176804,-0.7402243,-0.463158,-0.95547765
-2.0881069,0.21617948,-0.512952,1.4790254,-0.40947446,-0.39888522,0.6408762,0.3054427,0.08266935,-0.05901893,-1.974811,0.0028825705,0.15521966,0.3979565,0.42159566,0.025511473,0.7785921,0.31726977,-0.76890767,-0.5548281,0.19002211,0.85403496,0.62039924,0.11733766,0.9250876,0.62686104,-0.5107022,-0.8857677,-0.3593743,0.89559937,0.35946026,-0.8703145,0.7942008,0.4469191,-0.10456947,-2.3668299,-2.1442206,0.4803698,1.6152402,0.677606,-0.88988715,0.4091541,-0.005582164,-1.7122594,-0.7687477,-0.6016436,-0.35178798,-0.5117681,-2.1119773,-2.0065527,-1.3671805,-0.47305954,0.9631475,1.5885539,-0.31990892,-0.78156453,0.026240822,-0.6330092,-0.047773205,0.4029422,0.48738906,0.027319608,-0.47568542,0.49330285,-0.28414932,0.22524884,0.5019209,-0.17219515,0.0942971,0.46378583,-1.0182581,0.9422784,0.16118132,0.8467216,0.38287875,-0.023152087,-0.46169627,-1.5610471,-1.1882616,-0.7417535,-0.90202415,-1.4383129,0.60991395,0.2866306,0.018210769,-0.21275866,-2.6631343,-0.10083839,-1.79359,-1.1595596,-1.0000392,0.50535274,0.85897803,0.45332524,0.22226615,-0.7497503,0.7000259,-0.7386518,-1.8259493,-1.8497194
-0.4850754,-0.14515033,-1.1204966,-1.8314726,-0.04658476,0.42246875,-0.48785374,-0.53935295,-0.8238856,0.45175484,0.18331487,0.63849825,-0.77674496,-0.84924114,-0.32389888,-0.4740425,1.2971462,-0.6766043,-0.01234861,-0.60335606,-0.9226355,1.0189501,1.0959756,0.89344686,0.64516306,1.712523,-1.1390575,1.4165179,-0.5666786,-0.12858565,-0.9751047,-1.1426076,-0.004485151,1.4297742,1.0336579,-0.4903361,-1.9709324,-1.0402684,0.5685114,-0.2999468,-1.0789819,0.27398843,0.2975116,-1.3490946,-2.1353562,-1.1473316,-0.86856246,-0.24986288,-0.19963479,-1.4967946,-1.7460072,-1.1381979,0.055775847,-0.9202439,0.46011284,-0.15766464,-0.032578256,-0.04496515,-0.54795045,-1.5359943,-0.83082277,-1.0671631,-0.35753027,-0.15339677,-1.4542104,-0.5560857,1.1755086,0.89691126,0.5582313,0.8335174,-0.74058694,0.96256435,-0.5892403,0.10680704,0.6133422,0.16209015,0.3227153,0.31678885,-0.5990941,-1.0299454,0.3634482,-0.41955215,-0.021099817,0.6587815,0.62287855,-0.40657207,-1.0123224,0.78010505,-0.586084,-0.762362,-0.49853584,-0.67574763,0.7760269,-0.60069793,1.5956761,-1.0202601,-0.22146472,0.62863195,0.017788678,-1.1637462
0.16060388,0.04907468,-0.25641397,0.23135976,-0.68247306,0.49698016,0.7565292,0.36432827,0.58117104,-0.30421028,-0.08241015,0.23414008,0.11479421,-0.31664562,1.5653514,0.053261306,-0.988555,0.3475265,1.1255782,0.214565,2.132747,-1.3547937,0.19161186,0.34254137,-0.44474387,-0.38349023,1.9957345,0.826586,2.1416285,1.6239111,-1.4255049,-1.3305626,0.743402,-0.45243475,0.37043303,0.12950312,0.82538486,-0.6857798,-0.5736623,0.025154935,0.5396351,1.0685856,-0.7668549,-0.20878987,-0.0026201075,-0.1380244,-0.0525417,-0.061279476,-0.35978144,-0.1073208,-0.007830757,0.69873506,0.19001094,0.4917903,-0.14864655,-0.09800103,-0.19343723,0.626908,0.9604769,-0.09560144,0.16766334,0.2536968,1.435397,0.444809,-0.4205393,1.556469,-0.14627665,-0.16970435,-0.41262516,0.005313939,1.6934835,-0.77558327,1.0694398,0.30230936,0.17556262,-0.5883395,0.95138174,2.3929212,-0.53874457,-0.3448432,0.7189572,0.36890528,0.10749174,-0.22479461,1.344096,-0.33808565,0.0075037316,0.50111556,0.42159623,-0.06473719,-0.50500154,0.47374013,0.81721276,-0.33499652,-1.1292753,-0.2857492,0.2744313,0.5781902,-0.16260959,-0.3123478
-1.3503503,0.111957714,-0.3948872,0.6506888,-1.2177626,-0.14326854,-0.70076203,0.65145755,-0.23632139,-1.3245854,-1.409282,-2.2612405,-1.2705808,-0.45626283,-0.6036703,-1.8071282,-1.9287492,-1.2705839,0.2581259,1.0416615,0.5573692,-2.7238793,-1.79235,-0.5797345,-1.9310437,-1.4072796,0.7334132,-2.2621007,-0.60363114,-1.1562719,-1.0573133,-1.2541547,-1.4090132,-2.1233535,-0.93775564,0.15009233,1.4809605,0.54481417,-0.40504107,-0.98715085,1.0192868,-0.14681701,-0.35516632,-0.24806944,0.077402554,0.24024639,0.5086749,-0.75056803,-0.5663484,0.8412392,-1.8060915,0.013309199,-1.470389,1.3906814,-0.48149318,-0.16306289,0.32159963,-0.48076704,-1.6065304,-1.2472823,-1.5494763,-0.8106155,0.44901416,-0.76059693,-0.59601,0.4495037,-1.7442168,-1.8916687,-1.3332863,-1.3591906,0.18496665,-0.913304,-1.5244776,0.2675706,-2.1366923,-1.681837,-1.4586202,-2.4872544,-0.37217462,-2.4403484,0.66931295,-0.28649932,-0.2105051,-0.82442033,-1.252244,0.73066,1.9025904,-1.4248842,0.9152096,0.6973013,-0.716405,1.4804852,0.22931728,0.59399164,-0.37991592,0.30210942,-0.056514002,-0.3821936,-0.7827279,0.86688817
1.1210039,1.9629067,2.1158254,0.3764937,0.5624754,2.6841085,1.5209073,2.3711534,1.7519863,-1.1934121,0.66232705,1.4136293,1.9346132,1.2049745,1.7105982,1.2877924,1.7943859,1.4018171,1.5565279,-0.07881352,-0.012411742,0.25164333,0.4990792,0.14040291,-1.6104726,-0.28383008,-0.39997223,-1.0561553,-1.0542327,0.6049786,-2.7921665,-1.1185194,0.2517398,0.25911698,-0.3744053,-0.3478926,-0.58688366,0.5709946,0.8612726,1.44504,1.1185037,-1.4328233,0.2830996,-1.3323482,-1.495403,1.031732,0.23747237,0.44225675,1.2730569,-0.14878449,0.7374213,1.234334,-0.20931794,0.5096812,1.6769277,2.9147534,0.996189,1.8846165,-1.2135713,1.1131164,1.3643698,1.8943877,2.3658817,0.7609479,2.1488955,1.1371187,-0.9453426,1.1066303,0.58718073,1.5312828,-0.10555266,0.19582565,1.1129476,-0.1409996,-0.9380171,-1.4449311,-0.2872856,0.615668,0.71656966,0.030211003,-0.1983698,0.8154906,1.1525543,1.1096977,-0.05831448,1.2581315,-1.2412875,0.3191764,-0.5804537,0.786354,-0.0500363,0.515753,0.7227911,-0.71593076,0.15692821,-0.9918588,1.6112587,1.1144701,1.0493222,-0.32128218
1.0107386,-0.79431957,-0.5634506,-0.90362984,-1.0140787,-0.58664143,-0.21487427,0.22626993,0.3220542,0.095504135,0.08092951,0.05723781,0.25425524,0.6360824,0.01921155,-0.47081673,-0.23529789,-0.24032316,-0.40154213,0.36259115,0.09940626,-1.8537537,-0.37238598,-0.6026999,0.0913146,0.0044489857,-3.1572034,-1.117281,-1.0893031,-1.392999,0.5193582,-0.053815108,-0.713745,-0.60889554,-2.510858,1.6094584,-0.22639422,-2.5002353,-2.6342833,-1.4499432,-1.65412,-1.4968586,-1.9448425,-0.9177207,-1.745285,-2.385282,-1.7499925,-0.9266537,0.32135767,-0.31063506,-0.47332823,-1.0185688,0.5765803,-0.6590622,-0.915643,-0.40128744,0.27855512,-0.042392727,0.15517434,0.84639704,-0.6263932,0.50687057,-0.3401492,-1.1315644,0.01864037,-0.19934127,-0.30029476,-1.4181526,-0.5445476,0.7400795,0.6683408,-1.9304541,-1.833343,-2.581816,-0.5789275,-0.39568776,-0.45802712,-0.775558,1.226923,-0.92484546,-2.0222328,-0.87297827,0.048938654,-1.473713,-0.99229133,-1.9392444,-0.29437393,-0.36981192,0.04244026,-1.8175248,-1.7660275,-2.3142965,-2.9624743,-1.5702295,-1.4842873,-0.45886406,-0.38030237,-1.0283622,1.0497581,-0.05803536
-1.2678754,-1.5107739,-1.7190727,-0.5077425,-1.3690739,-1.5792295,-2.1209352,-0.8870415,-1.1408935,-1.8527623,-1.737362,-1.8123507,0.6457092,0.45557797,-1.3364884,-2.014393,-0.86448425,-2.5671895,-0.595511,-2.013887,-2.0015185,-2.1796076,-0.85167307,-1.6220312,-1.9753444,-0.18112189,-1.8173889,-1.2617228,-0.9283458,-0.24811211,-1.7344886,-1.0941176,-1.320787,-3.2636554,-2.958004,-1.192983,-0.4665596,-0.7569258,-2.0787694,-1.4108555,-2.5830488,-0.02842578,-1.3983504,-1.4082735,-2.482634,-1.0593653,-0.06288016,-3.4942794,-1.40029,-0.84108347,-1.5917614,-1.842622,-1.8386278,-0.5337215,-1.4675959,-1.7030742,-0.60320204,-0.9652501,-1.0589274,-0.8418182,-1.4199786,0.49998164,1.2181679,-1.0393578,-0.8743245,-0.31322652,-2.880391,-0.2949801,-3.396995,-1.486382,-0.7494239,-2.0440433,-1.9167923,-1.3388784,-1.4667886,-1.4327067,-0.19046131,-0.8355305,-0.77108926,-2.1822686,-1.8801082,-3.5348065,-1.5957786,-2.9533825,-1.0335122,-2.7798173,-0.034920387,-1.9971296,-1.5727991,-2.1312225,-3.087848,-1.9958692,-1.7796432,-1.1271675,-2.0232017,-0.9991561,-1.9004475,-2.4346387,-1.5199082,-0.6789007
1.5259207,1.1372461,1.1348084,-0.5677903,0.8108587,0.79270697,0.9036761,0.7980307,0.8901292,-0.010399175,0.98873913,1.1425276,0.4135952,1.7885233,1.5421746,-1.1585627,-0.33369908,0.1402056,-0.3977175,-0.10441362,1.1868002,-0.4188002,1.9101882,-0.71234226,0.048303105,-0.4424353,2.0031207,1.3702598,0.9048984,1.9074713,-0.45803556,0.20640948,-1.4719938,-1.4801571,0.15888296,0.4891827,0.9456171,1.4422541,0.09389887,1.3188888,0.5556068,0.15741593,0.8123581,1.0888299,0.92325497,1.7587746,1.918864,-0.1153323,0.39142102,1.2223713,1.5185324,1.4587846,-0.091997296,1.6476922,-0.14929748,0.3422618,1.0711894,1.2304738,1.0844535,1.1938609,0.31934378,-0.31565535,0.9484498,1.61662,0.3049637,2.649947,-0.30152634,0.6945988,-1.840355,1.4543685,1.3577385,-0.06526435,0.05632125,-0.4143759,0.510126,0.4501041,1.8953856,1.0009232,0.66166127,0.13176945,-0.45481652,-1.4420034,-0.4178444,-1.1070645,1.0113946,-0.78825927,0.92535543,0.33522812,0.3407112,0.15797651,-0.8737438,0.96225786,0.81412804,0.09850867,0.2933241,0.58142114,0.8251652,-2.0361507,0.32984385,0.26163173
-2.2043204,0.046134405,-0.0046227765,-0.97562534,0.9952003,-0.29890665,-0.81502086,-0.25793958,0.06947927,-0.0080727255,0.80000377,0.7975688,-2.1687248,-0.20616356,0.25680348,-0.25924212,-1.7801398,0.62516934,0.86533713,0.78246504,1.6607393,-1.1450096,1.2159092,-0.53017116,1.459518,-0.42421204,1.8508624,1.859124,1.248373,-0.18081746,-0.4583347,0.4239412,0.71794116,-0.16346806,0.8123459,1.3027428,1.6829064,0.53107685,0.027251469,-0.8894858,1.1636491,1.1047201,1.3041716,1.656428,0.87287045,2.121057,0.8032218,0.9639581,0.28756753,1.4702861,0.499373,-0.20279448,-0.523979,0.39530164,0.024902364,-0.8811429,0.18949874,0.7994644,-0.10990612,-0.1788367,-1.0054176,-1.490058,-1.4116588,0.0017229021,0.5850399,1.3667389,0.11630016,0.011631317,0.68933487,0.27281865,2.3170187,-0.9323744,0.33618003,-0.23783639,1.0527676,0.77852327,1.253279,1.6844115,-0.042897355,-0.7661852,1.9345288,0.39302495,0.5261554,0.4516922,1.1768422,0.9216324,1.8069162,1.8378708,1.1999753,1.3730048,0.84065944,1.2692932,-0.07228812,1.6855227,0.9259819,2.1691053,1.1293436,1.2219945,0.88336587,1.3298122
-0.37785426,1.042862,-0.19852972,0.12302471,0.36287257,0.6501818,-0.8359533,1.7678412,0.6158266,-0.8943572,-0.72636265,-1.1018959,-0.7812232,0.48081627,-0.05236132,-0.91804945,-0.6663406,0.33069348,0.30445814,-1.2384037,-0.8349004,0.3150469,1.4292258,-1.1862053,-0.34931198,-0.15457529,-1.0523878,-1.0508513,-2.1688912,0.15724449,-0.8181865,-2.004169,-0.6132316,-0.06570033,-0.34494781,-1.1771553,-0.072594315,-0.83361614,-0.07622258,-0.62021387,-1.3667314,-0.028933495,0.05222058,-1.4575511,-0.18961424,-0.42826,-0.940968,-0.7359535,-0.47182482,-1.1010516,-2.2151015,-0.14889403,-0.62467533,-1.2276845,-0.2706251,-0.35704115,0.3470989,0.7822447,-0.76260865,-1.0787923,-0.020992417,-0.27073857,0.26778668,-0.14075874,-0.19023266,0.83105135,-1.9507322,0.22982353,0.07702937,0.14221703,-0.708183,-0.7507357,0.07515296,-0.7754157,-1.8053486,-0.8628158,-0.74968535,-1.0011363,-1.2406777,0.16697611,-0.32989964,-0.8987455,0.2505977,-0.48448113,0.07811807,0.06245545,-0.28543344,-0.2172919,-0.51347095,-0.8146443,-0.7767279,-0.13946313,-0.14755267,0.15115991,0.631847,-1.0708344,0.34434375,-0.084551364,-1.2394621,-0.68153024
0.8589188,-1.0644256,0.2733481,-0.40262252,0.6966935,0.6191727,-0.9098034,0.2623965,0.3567804,0.15746427,0.56177807,-0.09120065,-0.117582016,-0.6970714,-0.4795641,-0.9743847,0.25750506,-0.94691485,-0.25939146,-1.0971819,0.46615812,-1.7683438,-0.15799148,-1.2155646,0.1937108,0.63971573,-2.129902,-0.5544888,-1.0525057,-0.030090468,-0.6818098,-0.6009858,-1.2161082,-0.9522634,-2.2840934,0.13337363,-1.8310498,-1.2250816,-2.1117172,-1.3300285,-2.5268843,-0.66389525,-2.2318103,-0.62065345,-1.6695453,-1.4242635,-2.2537796,-1.1105341,1.1963387,-0.75225395,-0.28643447,-1.0947546,-1.0297453,0.41786796,0.14204614,0.37144274,0.03126382,0.7542246,-0.32983464,-0.2772751,-0.35077524,-1.0296612,-1.0435225,-0.80238706,-0.70094806,-0.107855916,-0.7797425,-0.88936406,-0.99179286,-1.3621806,-0.8701567,-0.31548557,-0.32664666,-1.6592287,-0.4754138,0.791835,-0.87658846,-0.016665462,-0.25267342,-0.3775069,-1.2134798,-0.6627308,-0.9321529,-0.5712587,-0.12885992,-1.4256861,-0.6885456,0.062321648,-1.2728877,-2.3987682,-1.3525972,-1.2822607,-0.8187717,-0.74139416,-0.5027434,-0.52187985,-1.0427665,-0.8437949,0.91013217,-1.2773057
0.8555464,0.67961,0.9512706,0.06959002,0.3107365,0.2972316,0.24249196,-0.8076125,-0.04301165,-1.4058493,-0.61647886,0.025425145,0.07925559,-1.5382787,0.1071856,1.4849558,1.3495032,-0.69105726,0.15553091,2.0984936,1.6551198,0.072570816,0.35461208,0.0011870551,0.5511079,0.63381225,0.08942585,1.6378732,1.4949493,1.0575353,-0.5842195,0.5454603,-1.4134827,-1.3885481,-0.5245658,0.6101817,-0.69111055,0.30373767,-2.2469952,-1.2675582,-1.2127635,0.42235383,-1.543624,1.114141,-1.4036808,-0.82572,-1.1441059,0.7491255,1.0784727,0.3024886,1.5888484,1.96097,2.159385,2.0866222,0.40397027,0.31809324,0.22617468,1.3006274,0.05976358,-0.32586887,-0.41532943,-0.5516733,-0.981696,0.10365417,0.42944783,-0.32747453,1.6908462,1.657613,0.2831831,0.20019218,2.4344647,-0.26009408,0.285128,-0.9843012,1.4637616,-0.8198018,1.622024,1.6309036,0.4863484,0.45416075,-0.20104861,-0.18422772,-1.6630338,-0.6222995,1.0423906,0.4991578,0.8858977,0.8319654,0.31670257,-0.445323,-1.0788748,0.7369741,-1.4220349,0.4366017,0.20870478,0.15168323,0.0074346606,0.46239015,1.2935842,0.679923
1.0759983,0.45788056,-0.921534,-0.72646856,-1.0000688,-1.1815847,-0.023878796,-0.6395528,-1.1300107,-0.055378422,-1.5447387,-1.4458516,-0.64552337,-1.831822,0.66129816,1.2664449,1.0388887,-0.33693373,-0.9186688,0.9522912,-0.62981284,0.5463993,-0.17490484,0.49258345,-0.78613645,0.27215454,-0.35023755,0.10294895,-0.081702426,0.17985326,0.48454234,0.20870095,0.7327977,0.6060038,0.091117874,-0.03034481,0.02179288,-0.062160604,-1.1218061,-1.5217383,-0.630563,-1.5388631,-0.60303587,-0.4109192,-0.21359101,0.19662715,-0.7208257,0.7826277,-1.4436712,-0.06049467,0.23780975,0.20893414,1.7649757,0.2932313,-0.7026452,-0.6498556,-0.5338096,-1.2714508,-0.58242494,-0.21571508,-0.07054051,-0.59882253,-0.364725,-0.81921655,-0.8912892,0.4697219,1.5000013,0.8127555,0.85380363,1.1572983,0.39469934,-0.2221494,0.21368055,-0.50889075,0.96083254,0.61199504,0.9958638,-0.20890819,0.09193292,-0.3589002,0.81417614,0.06112456,-0.47792444,0.29716474,-0.6428054,-0.52657145,-0.03831357,-0.13711978,0.4415183,0.06267219,0.17767824,0.27881122,-0.6539396,0.14291188,-0.021188302,-0.82385707,0.42733932,0.19434823,-0.98503435,-0.14847572
-0.46935517,0.8419986,-1.0020473,1.0804353,-0.54473823,0.06468359,-0.11968034,0.23073319,-0.22112516,-0.16897862,-0.007617265,-0.6726395,0.2528875,-1.9882182,0.08075162,1.0339528,2.051193,0.21373884,0.04020184,0.778733,-1.9731542,0.4005375,-0.005547883,0.4310749,0.07621758,-0.18115363,-1.7360886,-0.46811956,-1.4414343,-1.3973814,-0.43019292,0.13530107,0.47343588,1.7300799,1.4645497,-0.42599022,0.52788717,0.40482318,-1.4433901,-0.81937456,-0.27338564,-1.4493871,-0.036303032,-1.8715377,-0.40705055,-0.95668006,0.8873133,0.819728,-0.21197906,0.1433475,1.2250516,-0.13181092,0.5546714,0.6831317,0.09737634,0.30826464,-0.36173052,0.3031095,-0.87734157,-1.3549083,-1.1233186,0.69482577,0.03159344,-0.85798776,-1.1480166,0.06006984,0.5532912,1.1547922,2.2657814,0.67704517,-1.3864017,1.7206157,-0.8733032,-1.1189214,0.8183279,-1.251893,-0.5184712,-1.7276256,-2.1068785,0.037846606,0.70646346,1.7475654,0.34712467,1.1829624,-1.1220411,0.8102658,-0.042950485,-0.46287045,0.33192837,0.10492601,0.30617324,0.74246836,-0.040965803,-0.16135575,-0.53928655,-0.4540952,-0.60607326,0.57482654,0.43290958,-0.78795654
1.0994699,0.6257372,0.272946,0.88262707,-0.4620603,0.6692844,0.61688817,0.2798625,0.7184008,0.008935662,0.20638332,0.8307071,1.8475977,-0.71195877,2.557526,2.203411,2.6827009,1.2665985,0.9358602,-0.572652,-0.9835571,2.055304,0.4037732,0.51438445,0.63702863,0.26476154,-1.5528361,-1.0419362,-0.36851525,1.5508596,-2.508727,-0.63585603,-0.118484125,1.2721403,1.5910511,-0.26243165,-0.40604496,-0.8190273,-1.016124,-0.5013808,-0.5815088,-0.1858627,-0.29624006,-1.7233753,-2.1671472,-1.037749,0.24277619,1.4014698,0.4025097,-0.5835852,0.9280195,-0.3505835,0.50008017,0.51902604,0.60550463,0.31366855,0.02784208,0.051847346,0.0057568382,1.623109,-0.17734887,0.99463886,-0.60770714,0.33320707,0.80816966,0.7931427,0.89507556,0.97871333,1.2697169,1.1284392,-0.020161502,1.1028671,0.38818145,-1.3283958,-0.4326971,-1.2655585,-0.70588934,0.17419647,-2.8070064,-0.001896762,-1.1429737,1.6423551,-0.13697657,1.2621752,-0.8817172,-0.49638706,0.06295951,-1.4345102,0.1601605,0.20801732,0.7650872,0.33490038,-1.2449508,-1.2215757,0.4089494,-1.6968532,0.76586115,1.1937779,0.6655009,-0.424988
0.027402587,-1.9662296,0.12794578,0.3587924,-0.17177747,0.34434935,-1.2029268,-1.2926687,0.53110737,-0.30051172,-0.07483735,-0.5437159,0.015299316,0.6100803,0.7770501,-0.07021413,-0.477151,-0.04792013,-1.873565,-1.0362567,0.07164338,0.09927804,-0.12505572,-2.2814813,0.013741348,-1.2165607,-1.1253417,0.08027032,-0.6667909,-0.6017761,-1.1101618,-1.0378743,-0.025610091,0.06207665,-0.41018835,0.19785869,-0.9598559,-0.33183956,-1.5876139,-1.8077732,-0.26731765,-1.2350805,-0.5672845,0.10649848,-0.8601632,-0.66800225,-0.5058239,0.6459401,0.33242407,0.68691033,1.2525703,-0.93994915,0.09011596,-0.16196758,-0.8786204,0.6815117,-0.37906715,-0.12566768,0.19653298,-0.32741562,-0.04886204,0.21780951,-0.00089021324,0.5489858,-0.31588516,-0.05928632,0.17829013,0.67807674,0.5309601,0.5963558,-2.0518582,1.1379604,0.090376295,-1.1883696,-1.3785458,-1.1497256,-1.1977074,-0.6614326,-0.32095963,-0.5217492,-1.2518827,1.1974207,-1.0846266,0.53618354,-1.4527224,-0.6649548,-0.12594622,-0.43458953,0.03310428,-0.008450494,1.077031,-2.079607,-2.113229,-0.7644335,-0.3029018,-0.24684407,0.25664204,0.7816373,1.4176735,0.86565167
-0.68483746,-0.3388352,-1.2405205,-0.29615027,-0.3367267,-0.119790964,-0.6464403,0.039110173,-0.5944589,1.2630676,0.031044887,0.48331788,-0.8834077,-0.23803006,-0.44118574,0.8525193,0.3650228,0.09589694,-0.13089356,0.079282515,-0.2705954,1.0129057,-0.8536382,-1.1984192,-0.8078662,-1.3020484,-0.20367967,-0.61964995,-1.4729995,0.7089835,0.7693441,-0.49228966,2.087719,2.0565906,0.6075762,0.103821695,0.018981043,0.14752908,-0.74009275,-0.75445,0.5382689,-1.1371125,1.1722366,0.86916995,-0.8708105,-0.6463943,-0.02420436,1.4835827,0.45838925,1.0877914,0.08112999,0.41374904,1.2221224,0.15373951,-0.23615035,-0.945254,-0.18869317,-0.37693024,0.6173216,-0.6940424,-0.59017766,-1.0263975,-0.78161573,-2.0382326,-1.0581645,0.21139126,0.91161156,-0.29033163,1.6594845,0.63438386,-1.4102312,1.6039371,0.006335199,-0.1952252,-0.91466653,-1.5281643,-1.9599385,-1.3764108,-0.4053185,0.09151479,-0.996312,1.6821786,0.47452152,1.6747471,-1.1534319,0.83774936,-0.0035111767,1.20078,-0.15157934,-0.25177184,2.2613158,0.38552716,0.028575128,-0.034324795,0.4817377,0.26699919,0.090902954,1.4442087,0.68779045,0.7940784
-0.8308126,0.60112613,-0.15521994,-0.14055322,-0.83430743,0.010300482,0.39974877,0.7986103,-0.57452744,0.7462364,-0.604659,0.20491241,-0.48951176,0.8580553,-0.81467944,-0.09669561,-0.4275403,0.34497023,0.51192987,-0.99471295,-1.9550257,-0.18436286,-1.2936668,-0.5023728,0.1018137,0.20143747,-0.501013,-0.2855133,-1.2107081,-0.72872025,0.78372544,-0.63253057,0.1469396,0.11585668,0.17131096,-1.1461059,-0.46276167,-0.2517088,-0.37019056,0.9547379,-0.07750433,0.2514271,0.14483997,0.88449246,-0.34239092,0.70113975,0.57097477,-0.015843535,0.23004366,-0.13787809,0.28471237,-0.2622176,0.55451477,-0.06865391,-0.14642133,0.16390337,0.86051136,0.14094594,-1.1843486,-0.72252566,0.07366118,-0.111918226,0.33598074,-0.671622,-2.7126784,-0.78732705,-0.09594245,-0.02089821,-1.1081628,0.019654388,-1.8493364,0.44696707,0.2810165,-0.31420052,-0.95205045,-0.11075502,-0.41643742,0.48958668,1.2400073,-0.3303502,-1.2351217,-1.4611677,-0.5545107,-0.26081446,0.27545834,-0.7009513,-0.32836872,0.25245416,-1.8644421,-1.3697855,-0.64408815,0.18573861,-0.50472414,0.41517425,-0.4294749,-0.26264364,-0.007193445,-0.43987978,-0.043653905,-0.7232192
1.2577987,1.9015458,1.1865168,0.7262447,0.56510156,0.6451067,0.4621606,0.7065699,-0.74263394,0.18862054,-0.3569895,1.135895,1.1085578,0.2428413,0.3471758,0.8596553,0.5874667,0.9765922,0.32792783,-0.43246308,-0.12875451,1.8091077,2.1362505,-0.07652556,0.34664702,0.33318093,0.1971234,0.5263916,-0.9146404,1.2683288,-0.09020958,0.3837985,-1.2549802,-0.64368933,-0.010959057,-1.281163,-0.8547146,1.1802214,0.370363,2.456335,0.23848735,0.48417762,0.61152196,0.9092915,-1.357629,0.48355356,-0.105836116,-1.1124302,0.67912143,0.09840767,1.4265267,1.5480267,1.4975334,1.2621665,0.08709171,0.9148993,1.1216742,0.42211324,0.37527388,1.860813,-0.1294157,0.081970125,0.095268,0.61080456,0.3583113,0.45545235,1.1312389,1.4799113,-0.5315672,0.38341486,-0.4773657,0.7239641,0.2176438,-0.43495807,-0.40340978,0.21478067,-0.6500346,0.90013665,-0.26380962,0.36867628,-1.0150566,-1.6738012,-0.71883327,0.54088986,-0.057670876,-0.7962435,-2.5244157,1.1041104,-1.9663534,-1.2033427,-0.8293239,-0.82434195,0.1110389,0.21501331,1.1308788,-0.26788425,0.8044786,-0.2135446,0.046168566,-0.92312896
0.289098,-0.7906233,0.35664478,0.22980854,0.47860265,0.36214155,0.20962562,-0.29794174,0.022196889,-0.004649618,0.0064106155,-0.04564784,1.07102,0.35588852,0.57778645,-0.42374146,-0.7099734,-0.06988661,0.28044236,-0.7672544,0.35761482,-0.846809,-0.08263079,-1.2546847,-1.8882204,-1.0420113,0.35324246,0.34509417,-0.5931148,0.71432215,-0.5275166,-0.76817197,-2.0450978,-1.6317161,-1.2985266,-1.8489989,-0.6048555,-0.049236357,-0.1670723,-0.6342057,-0.031614453,-0.59766567,-0.5954646,0.53500193,-0.35941207,-0.2142217,-0.019338956,0.32702392,-0.24427529,-0.07596956,-0.41666663,0.15791571,-0.94511014,0.1615672,0.58767295,0.668191,-0.15468284,0.23960055,0.9448306,-0.24413018,0.7905036,0.28502768,0.40042618,-0.9158598,0.75090766,0.440191,-0.9486217,-0.6093743,-1.8555217,-0.8191293,-0.95910865,-0.2917925,-0.48693836,0.15435638,-0.41022766,-1.1686692,-1.6760564,1.7087665,0.4744792,-0.03362078,-1.5137798,-1.5205305,-0.7333285,-0.4227664,-0.7863306,-0.97590256,-1.523998,0.29240334,-1.5224975,-0.9454874,0.07685598,0.47485387,-0.16193444,-1.0865197,-1.7740664,-0.2758031,-0.46182194,-1.2647746,-0.3620264,-0.4056634
2.125589,0.6238793,0.53690577,0.6221329,0.5091715,0.8809216,-0.872869,0.19015063,-0.27314276,-1.4520532,0.9316541,0.83603615,0.3037538,-0.5913517,-0.61029077,-1.4453378,-0.51735115,-1.482045,0.39078206,0.06631615,-0.22492428,-1.6936821,-1.4814055,-1.5045804,-0.42279953,-1.659515,0.30269557,-0.8166479,-0.30572042,-1.2519095,-0.9868293,-0.90566576,-1.0514364,-2.0187154,-0.3113696,0.44641766,-0.3311701,-0.62259626,-0.42773333,-1.2227769,0.28534326,-1.4181942,-1.650093,1.7558806,-0.06885572,0.7740827,0.19822252,0.4090089,2.360413,1.3551413,0.40931502,1.2067838,-0.042543665,-0.30307308,0.43831453,0.5780131,0.08481916,0.4347597,-0.31557864,1.1351075,0.00955107,-0.27665657,-1.1925935,0.43510744,0.22984748,0.6244532,-1.7161478,-0.66968167,-2.125763,-1.9964664,-0.46686468,-1.8670738,-1.134623,-0.47749043,-0.78718233,-1.6093749,-2.202669,-0.42670974,-0.7437365,-0.08838165,-1.3374617,-0.821927,-1.3073192,-1.8676068,-2.6088917,-1.7293335,-0.47078562,-1.125671,-0.40408072,-0.22961704,-1.1448568,-0.36346784,-1.1367216,-1.4814252,-1.9192789,1.0321534,-0.9307086,-0.5070925,1.7014929,1.3298724
-1.0800912,0.33390847,-0.46995816,-1.0652786,-0.45658883,-1.4925895,-0.7260651,-0.46308503,0.8998505,1.6745481,0.5688375,0.23193145,-1.1877294,-0.24509516,0.7272227,-0.39614403,-1.1263026,-1.2149366,0.30809912,0.21113311,0.8388147,-2.3288817,-1.3437191,-0.53002745,1.28441,0.35002288,1.4405596,0.086987615,1.481808,-0.12477923,-0.52030516,0.07784927,-1.243567,-1.5132858,-1.5409414,0.635412,1.0488453,0.18967962,-0.120191716,0.5743081,-0.3747072,-0.77709424,-1.6889797,1.8428563,0.97965306,0.6852888,-1.2002785,0.21511185,-0.55910796,0.8888135,0.06903293,0.23130675,0.4974597,0.61720264,-0.4783216,-0.5796029,0.30490255,0.41869146,0.9296221,-0.39427495,-0.42305848,-1.6510236,-0.5257447,-1.3432381,0.39073685,0.5746382,-1.3103572,-0.9310195,-0.96959734,-0.78572726,0.25628227,-1.4348347,-0.49597308,-0.8847211,-0.09527446,-0.72761196,-0.36364573,0.0123478165,0.12807661,0.13234274,0.10219811,-1.5051568,-0.73374957,-1.555384,-0.37635425,-2.3365452,1.4606596,0.16718316,0.5110575,-1.556801,-1.30455,0.56474537,-0.23830932,-0.22075762,-0.81058615,-0.0011202603,-1.3576779,-1.1197443,-0.04055938,-0.03191703
-1.4342046,-0.71690154,-0.56779623,1.1814817,0.5354528,-0.963412,1.4259375,0.10030828,-0.07561739,0.50493413,0.42461854,1.9169638,-1.1395826,-0.68609476,0.66772425,0.6826479,-0.3526792,-0.21873175,-0.903866,0.3760778,0.29924685,-1.7128222,-0.43127257,1.0560926,0.9958688,0.07503619,-0.2708811,-0.56887037,0.94862384,-0.15911418,0.10836768,0.086939774,-0.24127275,-2.2564645,-0.8769167,-0.8433397,-0.13878056,-0.09045755,0.14648086,0.54374886,-1.0712041,-0.5053493,-0.66301066,-0.85442644,-1.3155671,-0.16336457,-0.9170537,-1.0116111,-0.41264528,-1.042309,-0.6143512,-1.125898,0.5731811,-1.3260616,-0.99662846,-1.0954286,0.53629345,-0.76428115,1.7388599,-0.22858655,-0.55252683,-1.9197192,-2.2560203,0.9764805,0.30791292,-0.64920384,0.019602256,-1.8471737,-0.80154467,-1.0118691,-0.05583486,0.09872666,-0.5288701,0.25987834,1.4390827,0.19147842,1.9564459,0.7847615,-0.95650434,-1.023377,0.31096148,-2.0142682,-1.9677707,-1.6167787,1.0075934,-0.7160964,-1.3489913,-0.8406932,-1.1155196,-1.4763159,-0.7170773,0.6658996,0.3925437,0.15565962,1.1089061,-1.7893842,-1.2852057,-0.62264025,-1.3497862,-2.2079265
-1.4252086,0.58295375,0.77777535,-0.16633865,1.3697687,0.040420573,0.41944852,0.38482958,0.19430757,-0.3358658,-1.4355348,-0.08907307,-0.080774546,0.063719176,-1.2353067,0.005635345,-1.3850677,-0.77824426,-0.60330105,-0.63293576,-0.5475379,0.5606164,-0.5875808,1.3647377,0.9088632,1.1205925,-0.9984187,0.075456485,-0.30023724,0.92148507,0.42623606,0.22437957,-0.27400547,-0.40022656,0.8060818,-1.8258988,-1.8737394,0.38255617,1.0813863,1.0787706,-0.679229,0.593139,1.1234936,-1.5651183,-2.5940988,0.3492402,0.7495022,-0.80189073,-0.9301058,-1.0535823,0.8502323,-0.28409186,0.5602538,0.31677228,0.56009394,-0.43472707,-0.4990239,0.31138745,-0.031543463,2.3759184,-0.68502337,0.8713525,-0.417559,0.65715575,-0.9972114,0.1353193,-0.6843089,0.21569878,-0.18180832,-1.3252192,-0.35955057,1.4857273,0.030919913,-0.6714599,0.95055926,0.92180413,0.14448616,0.09473538,-0.11156304,0.42083517,0.45456904,-0.716743,-0.9383337,0.6626498,-0.56253326,0.23865993,-1.6314908,0.623853,-2.797527,-0.498027,-0.44491497,0.521333,0.7996943,1.0496665,2.305587,-1.1447129,-0.2661513,0.5869239,-1.532886,-2.0822792
0.31348068,0.6749207,0.85234314,-0.07740833,0.8741853,1.9692892,1.782268,0.4835907,1.1185997,1.3336525,-0.17535084,1.1328696,1.5877718,1.5239657,0.6427095,-0.70949936,1.0247358,0.13897187,-0.37560782,-0.68816495,-0.15572275,1.3688735,-0.26036903,0.838517,0.06977994,0.5034814,-0.07263829,-0.6171077,-1.1168867,0.7001571,-1.1684262,-0.95402485,-1.5350535,0.21590768,1.2395289,-1.2168883,-1.7259165,-0.04901272,1.0479124,1.8777801,0.070951834,0.19476151,0.5139797,-0.7907445,-2.0493016,0.33174035,0.588415,-1.2223489,1.061028,-0.6765416,1.021705,-0.22664094,0.36914653,-0.1451044,0.3224814,1.9747378,-0.21617675,0.45240882,-0.35329875,0.6111891,1.721948,1.5424478,1.0994211,1.5744838,0.7055412,1.3269572,0.48135152,1.9754676,0.026655542,-0.38625208,-0.119537115,-0.08140033,-0.84709376,0.3325168,0.21912481,0.24171235,0.009986237,0.47078937,-0.6101855,-0.9958107,0.09668823,0.23000947,-1.192384,0.5027453,1.1305897,1.0581728,-2.2830017,-0.4397046,-1.6882114,-0.18269381,-0.8950562,-0.47864866,0.5630851,-1.2973398,-0.12784943,-1.1710916,0.07758227,0.45451623,0.6947812,-0.92375267
-1.2127327,0.34154242,0.6495823,-0.40033332,0.50636184,1.1661924,0.24566568,-0.7716308,-0.6545087,1.691766,1.2490642,0.33092448,0.57720554,-0.9960412,-0.79522014,-0.4216871,0.41593218,-1.3857034,0.2629196,0.07532299,-0.3272308,0.11506113,0.95214695,0.3860584,1.3520182,1.0801805,0.3989541,1.2597617,0.030996552,1.8145711,-0.25645283,-0.4026141,0.43400714,1.1815548,1.5947132,1.2938757,-0.17368677,0.24368869,2.7240338,0.06572528,0.4098932,0.9214179,1.6046134,-0.07266493,-0.77725154,0.7986204,0.9545638,0.38873398,0.16090947,0.30032334,-0.046067428,-0.20907983,-1.1122303,-0.8534262,0.22738238,0.5556856,-0.81248236,-0.5814082,2.1481655,0.7349517,0.98329735,0.5253628,-0.59321594,1.1622524,0.558131,0.08405019,0.75900126,0.37016028,1.1850637,0.052273467,1.2844552,0.9923381,-0.148916,1.3363225,0.4399442,0.46797818,1.0888233,1.848019,-0.25892752,0.82758665,0.7096401,0.97952604,0.12958525,0.82134223,1.2858783,1.1401803,0.32417724,0.90586954,0.4957103,0.9214233,-0.5204075,1.0755383,0.70500046,0.6293859,0.6383252,-0.13840757,1.2383709,1.3124961,1.3158385,0.34858087
-1.4162476,-1.1166296,-1.3738768,-1.1485417,-1.312547,-2.8790863,-1.2940576,-1.2503504,-0.50141025,-0.2725012,-1.3968986,-0.9030041,-1.8042736,-1.9800423,-1.5449371,-1.6775894,-0.78761214,-0.82210714,-1.6906939,0.30268255,-0.9835327,0.7946451,-1.1329558,1.1101981,0.76984763,1.4195651,1.4025164,0.8612342,-0.38770375,-1.8512354,1.3552839,0.6305038,-0.28731334,2.0067465,1.6483136,0.3700004,0.27721116,0.2687731,0.8733481,-1.0073732,1.0890697,2.00482,1.2156702,0.48043585,1.8843161,1.4800646,0.58239937,-0.22881645,-2.0646799,0.44930366,-0.83973444,-0.90558994,-0.5332709,-0.5107287,-1.0765687,-1.7051002,-1.0576127,-1.0429649,1.2168539,-1.8465308,-1.1039345,-1.5416279,-2.2763054,-2.5162566,0.07026317,-1.0990238,-0.27145994,-1.6807302,1.99759,-1.4095539,-0.15598656,1.4058354,0.34992653,1.5754749,0.2887063,1.4943187,-0.44111246,-1.4171323,1.0293854,-0.35417774,2.2930498,1.4278522,1.7406477,1.8608469,0.9535277,2.462843,0.6032762,0.41788045,0.98392934,2.499253,1.9410598,1.304871,1.813044,1.7793317,1.7662525,1.4906098,1.4482359,-0.0053667575,-1.0749534,0.6745958
0.42189607,-1.4108347,-0.77613384,-0.95715016,-0.9367216,-1.4975103,-0.84947294,-0.8531311,-0.64546865,-1.4204979,-0.26271373,-1.8369517,-1.2447414,-0.9939904,-2.5567334,-0.6475857,0.086089164,-1.2173641,-0.18139617,0.25203234,-0.9671855,0.29905733,-2.1417122,0.8241278,-1.4699391,-1.1697434,-0.404717,-1.1429361,-1.1829317,-3.2106004,0.8932834,-0.44535014,0.6496682,1.485112,1.9423889,0.78724504,2.409817,0.37731582,1.6061956,0.010177216,1.5162421,0.50694203,1.6305766,-0.204251,0.5930184,1.0251014,0.7519833,1.5584929,-0.6457992,0.60199904,-0.5662999,-0.7215669,-1.7643827,-1.3211758,-0.65447617,-1.4911808,-1.0876074,-0.3095307,-1.3700349,-2.607481,-0.7982751,-1.2044524,-0.41634384,-0.9853862,0.23832527,-1.2651376,0.0038751375,-0.7370204,1.295095,-0.27665725,-1.4152288,0.7351078,0.942667,1.0765474,-0.98965454,-0.9333258,-1.0124139,-1.759922,0.6792756,-0.66181684,1.9282857,1.7143394,3.1426961,2.259141,1.2674428,1.6464355,1.2277315,0.28815642,1.3871151,1.7205517,1.882393,0.71263915,1.9728683,1.7251304,1.3534596,0.31805187,1.1400406,2.3148258,-0.06838722,0.59955376
-0.899582,0.5787038,1.0080203,-0.3628387,-0.15147789,-0.3284074,-0.18527423,0.38034612,0.548791,-2.0517354,-1.101952,-2.3733397,-1.6330713,-0.13603629,-1.3443244,-0.3253008,0.076184936,-0.1914751,0.355959,-1.226991,-2.3911011,0.0445295,-0.7592811,-0.31689227,-2.2282224,-1.4758408,-0.2995275,-0.6967787,-1.1756184,-2.0406356,-0.47452635,-1.17316,-0.5703995,-0.58323425,-0.38298225,-1.4669677,-0.9662482,-0.5328064,-0.8626359,-0.628623,0.2854838,-0.9799183,0.6758647,-1.4800171,0.15225987,-0.2624302,-0.33835873,0.89054173,-0.7781671,-0.6377047,0.45857534,0.38010827,0.08905738,-0.27146432,-0.073507294,-0.7998822,0.33151835,0.51577204,-1.7328608,0.17085019,-2.1204567,0.090655796,0.33762434,-0.90692323,-1.0881687,-0.18461676,-0.4267383,-0.42325497,0.7274737,0.88511795,-0.023289641,-0.20688091,0.7568556,-0.18733875,-1.1997582,-0.33784255,-0.4124288,-1.2254884,0.29264453,-0.5760188,0.774507,0.49717373,2.2388804,0.14019929,0.12418069,0.72395116,0.27301574,-0.8983496,-0.34815383,0.8145877,1.6418148,-0.6749719,0.19853115,0.7352686,0.1095483,-0.7069589,-0.18113786,1.5580178,-0.6975095,-0.53429115
2.851424,0.97382915,0.9064047,-0.17128932,-0.027373902,0.66803086,1.5317309,0.8876927,0.9325056,-1.2741205,0.5175577,-0.790503,-0.4300746,0.034660544,-0.67530787,1.2460246,-0.10469359,0.67167115,-0.885595,0.78816414,-0.21751794,0.34811246,0.99266887,-0.101670384,-0.41325903,-0.027031263,0.8644589,0.6321047,-0.2285825,0.9889529,-1.6058103,-0.14359719,-0.5338171,-0.18354385,1.0263643,-1.3871739,-2.2426028,0.56934214,-0.040053274,1.6213814,-0.053666223,-0.24388479,0.21684389,-0.48501834,-1.3771083,-0.8156286,-0.47597873,0.4825656,0.78844666,-0.819172,2.284279,1.3346906,1.6083385,0.16555913,0.58204603,0.6179686,2.3111472,1.4441699,-0.13256083,1.1118253,1.1222427,-0.36179054,0.700828,0.78211623,0.3766961,0.014889618,1.3191894,0.2562553,-0.38046136,2.6752875,0.6266393,0.13521737,0.553185,0.44291595,0.086522035,0.34016916,0.40174514,1.0246214,-1.0723237,0.07472478,-1.2662084,0.44954845,-0.5913299,0.3675772,0.21720892,-0.51701516,-1.5068147,0.06277318,-0.9945255,-0.62374014,-0.15318595,0.20683618,-0.26299438,-1.3202463,0.5492721,-0.4782103,0.6451299,0.7669366,0.71922976,-0.3854195
0.94670254,0.5139004,-0.2550157,-1.1114167,0.41032755,-0.2735403,1.3774071,-0.11319384,-0.38869476,-1.022198,1.134174,0.4699136,-0.6652686,-0.46172276,-0.61531395,1.215841,0.77391523,-0.17858279,-0.1283548,0.12759927,-0.33955637,0.3418563,-0.18115227,-0.8360205,0.10898966,0.18653382,-0.43427697,-0.07324994,-0.24940138,-0.70066595,-0.7422107,1.2851696,-0.39408773,0.5228509,-0.20574062,-0.1169987,-1.218444,-0.28638855,-0.77589124,0.1269197,-0.102733046,-0.9677892,-0.45719236,0.59056103,-0.7892049,-0.56161124,0.4008824,0.7165518,0.8734905,0.06409277,1.560612,0.8567634,2.5044205,1.0733105,-0.8116982,-0.26406133,1.1395264,0.23205908,-0.78406733,0.8582296,0.27889627,0.12992983,-0.7538742,-0.8997569,0.011564511,-0.10445329,2.7408667,1.2211918,-0.109819345,1.573065,1.0939052,0.12774098,-0.60494787,-0.13019359,-0.6677515,-1.0325625,-0.13634814,0.333182,-1.3296221,-0.40020114,-1.5162375,0.3063469,-1.8924457,-0.63371015,0.19558398,-1.7784119,-1.8398647,-0.5718262,-0.8726804,-0.122897014,-0.5651902,0.7389287,-1.1448085,-1.3546515,-0.55969405,0.73708177,1.0843601,0.5319471,0.76042056,0.5860991
0.23177844,-1.583379,-0.6553622,-1.7228831,-0.20035157,-0.71031135,-1.4154369,-2.3279295,-0.39290267,-0.021878816,-0.2798973,-0.692928,-0.7765201,-0.20446645,-0.53115624,0.8242084,0.409577,-1.0687023,-0.7502527,1.9836391,0.5821955,-0.8373963,1.4089257,0.23635611,0.88088167,0.8675574,0.40466294,1.1620046,1.3279026,0.18178025,0.00057820324,0.58796084,0.15050448,-0.027086707,-0.20185821,1.1956494,-1.0840436,-0.079908594,-0.37518916,-2.2597258,-0.46928582,0.4273448,-0.7738273,0.4619342,0.045112643,-0.6149142,-0.9357892,1.0405685,-0.006438382,0.04646596,0.4331113,-0.7368228,0.0029010354,-0.38464355,-0.39779055,-0.79511577,-1.5624626,-0.49541223,0.75812435,0.9254146,-0.07382207,0.022750456,0.061789975,0.5424585,-0.0754,-0.052000567,0.97742033,-0.33474523,-0.22108528,0.2638608,1.3798125,-0.4969594,-0.41983858,-0.92139494,0.21303093,-0.62367845,1.0525969,-0.58935696,0.13127267,0.77792877,-1.0074084,0.008262014,-0.5957273,-0.12251537,0.70241594,0.027003516,1.1711503,0.03489095,1.3971258,-0.3059875,0.10615773,0.6795948,-0.675004,-0.55673367,-0.015499819,0.41234225,-0.4298619,0.38035607,0.2542756,0.37016276
-0.39955547,-2.218294,-1.8659612,-0.46633968,-1.918465,-1.4039193,-1.7655097,-2.451022,-2.480143,0.662269,-1.8085473,-0.09287305,-0.43157515,-1.9953223,-1.2608793,-0.3793999,-0.39305943,-1.3014258,0.35163355,0.5372575,-1.5139561,-1.0637549,-1.2602128,1.8595862,0.87269145,0.030241124,2.1574514,1.1980406,0.6451659,-0.54151773,-0.07790377,0.9502286,0.25324455,-0.6447523,-0.2591531,1.021862,0.48209333,0.0029281129,0.06559486,-0.176144,-0.55683124,-0.093308605,-0.5905604,0.41386887,1.4657379,-0.5416733,-1.1722964,0.6178877,-1.3659718,-0.5118769,-0.9737553,-1.8313048,-1.927216,-1.0228362,-0.83225286,-1.6826285,-1.2891974,-1.8434882,1.8520902,0.40873474,0.5152761,0.0039173933,-1.5843498,-0.30010998,0.8641562,-2.2174227,-0.40414223,0.30076498,0.7584518,-1.4451158,1.4964308,-1.0375286,0.5524047,0.6416459,1.7428741,1.8130875,0.9343538,1.1634347,0.8837135,0.4032833,1.4982415,1.0754362,0.33732238,0.45551926,1.1073413,-0.013494853,1.9279995,1.6086378,1.6970966,1.155191,-0.37840524,-0.09543247,0.26566443,2.7731583,0.67933655,0.9005451,0.7353958,1.3783654,-1.5056673,0.13427949
-2.08063,-1.3794737,-1.1680996,-0.69194347,-1.749268,-1.1160448,-1.3180418,-0.77069765,-1.1362555,-0.35405436,0.5588201,-0.83821887,0.13485768,-0.93618613,0.32106856,-2.2159772,-0.6921786,-0.9825579,-0.20427617,-0.77084374,-2.0522723,-1.3517164,-1.5033784,0.4263469,-0.6174465,-1.2919104,1.6280118,0.8744335,0.0381624,-0.8559491,0.067478,-0.37053403,0.008364665,-0.8431098,-1.1000527,-0.92774206,1.7885938,0.4994947,1.3898073,-0.8594594,0.53010607,1.5947714,-0.26646706,0.6015164,0.5980167,1.0718402,-0.86004406,-1.3252474,-1.2012718,0.20993355,-2.1710844,-1.1616722,-1.7472326,-0.826716,-0.94253355,-1.4407077,-0.03118617,-0.58111215,-0.30892193,-1.2195498,-0.4714148,1.0896399,-0.14186773,0.15656634,-0.6272,0.20938307,-1.553039,0.13693999,0.20937443,-0.62697226,-0.29521134,-0.45321247,0.71991885,1.0522425,-0.9128976,-0.10683914,-0.73664623,-0.796756,0.0043264306,0.3300801,2.1018603,0.8941531,0.94046104,0.8981281,0.73487556,1.3117046,1.6569227,0.70738083,0.26745078,2.2283845,1.4660366,-0.7911428,1.8185889,2.6063588,0.05226816,1.2008988,1.2479796,1.230325,-0.84493583,0.48818302
-0.6393703,-0.17111681,0.14884028,-0.45408955,0.08573728,0.48893896,-0.1486132,0.46534878,0.40984663,0.016128596,-0.77890146,-0.44782478,1.9890285,-0.12238533,0.71956784,-0.32988435,0.4667405,-0.20563768,0.02248737,-0.829412,-1.6449089,0.6366654,-0.24954027,0.062103387,0.95202124,1.0622424,-0.20183662,-0.8744127,-0.41872147,2.706482,-1.1598865,0.15691112,-0.12009319,0.426506,-0.09306041,-0.42259413,0.69107956,-0.028015496,0.034522325,0.26598153,0.37104553,-0.28121603,0.93659437,-1.243425,1.2848139,0.18183057,0.49873838,-0.07452477,-0.43148306,-0.32501316,-0.40373614,-0.4460795,-0.6819231,-0.77057487,0.87506336,0.6845994,0.2389476,1.1213162,-0.040343676,0.9837848,0.9175351,2.2387528,1.6389182,1.4792331,0.42088357,0.71959835,-0.27551046,-0.015809525,1.1531832,1.6562182,0.23393607,0.8141182,1.3601003,0.5086614,-1.0615797,-0.32666218,-0.79293746,-0.18221703,0.08606234,0.71618384,0.6701991,1.7434701,1.8909733,1.6055399,0.10285969,1.5740004,0.6482572,-1.1691291,-0.14897169,0.9096039,1.1664945,0.90864635,0.71433175,0.0695948,1.174563,-0.054132823,0.7525857,0.96629024,-0.37091133,-0.18950897
1.9134507,-0.30851796,1.112655,0.2041591,0.30790725,0.45498243,-0.05049419,0.86415577,0.028369911,0.28882352,1.0763656,1.0176631,1.0630127,-0.16432872,-0.31462213,0.4988257,0.6142419,-0.6393675,-0.7216336,1.0256927,-0.13737647,-0.39436406,-0.17002803,0.8042379,-0.13282627,0.058299806,-0.18152384,0.6898578,-0.14615683,-0.4815157,-0.054595035,0.038296748,0.6886543,0.5144539,0.7768542,1.6060151,0.10111106,0.59276724,-0.38181877,0.0871978,0.23759949,-0.24518017,0.04351729,-0.93846774,-0.08308463,-0.19482733,0.09762792,0.5202192,1.1421099,0.2993126,0.45780805,0.64829445,-0.3392869,-0.68152803,0.28002775,0.84744394,0.7714134,1.2587634,0.29889148,0.76314557,1.3879851,0.7840929,-0.43554533,0.36817867,1.0240332,-0.8941769,-0.0714783,0.34638542,0.27126074,0.94274044,-0.81730896,-0.74063486,-0.73890346,0.98772264,0.44252256,0.55312246,0.291742,-0.22173466,-0.049487077,0.75318706,0.073269084,0.618388,1.5075164,0.9680247,0.73317146,-0.08782046,0.26969263,0.53085876,1.5357789,0.027569475,0.2528774,-0.87166864,-0.21772988,-0.9335078,1.1725999,0.21603698,-0.18015191,1.0499144,0.93003255,0.28411767
0.953893,-1.3587394,-0.79304063,-1.7368937,0.4131475,-0.031169869,-2.375453,-1.0733365,-0.723063,-1.2983043,-1.7804598,-0.81380236,-1.9770569,-2.570015,-1.3996825,0.49702358,-0.008773252,-1.5788656,-2.2206411,1.5696018,-0.91576254,0.84666765,-0.79924464,0.8157417,0.18658723,0.8543242,0.33125666,0.187829,-0.04005322,-1.6922144,1.6398169,-0.3157692,-0.4412797,0.9477761,1.6338761,1.5324024,1.3726789,-0.37163225,-0.4759333,-1.8194166,0.0037386806,0.031368103,-0.08327205,0.2053493,0.6964506,-0.41343305,-0.828154,1.1048445,-0.21873355,0.46999857,-0.24919067,0.2153367,-0.95472306,-0.92601055,-0.1422546,0.28852856,-0.111571416,-0.38042903,-1.0011313,-0.79024833,-0.667727,-1.9132333,-1.6084744,-0.9591039,-0.6558029,-3.2842891,0.80660003,-0.75185543,1.018553,-1.1921027,-0.2873895,0.11530401,0.44721732,0.10517987,0.14886422,0.5935089,0.41802508,-2.2820573,1.288662,0.022700857,1.1896782,0.7180837,1.7536814,0.9125384,0.75205046,1.1455412,1.237251,1.3921496,1.5035098,0.676564,1.0500458,0.8854588,-0.08024173,0.49340683,0.5638404,1.61979,-0.66431427,-0.5950991,0.1177163,0.49475828
1.339243,0.25935408,0.94194657,-0.5249469,0.08821976,0.8780921,-0.61614937,0.47713697,0.33183467,-0.4462513,1.2264223,0.7475208,-0.50640345,0.3249127,0.2848981,-0.5963628,-0.5025638,0.24599789,-0.18056667,-0.16131012,0.19969226,0.20870854,0.13067251,0.93269205,-0.14349696,0.45403248,0.79011196,-0.1934283,0.30361354,-0.29927814,0.8325788,-0.5693849,0.28169942,0.57726645,0.61200225,-0.12208988,0.44933268,0.16687055,0.51348716,-0.27185294,0.48712036,0.5219446,1.592445,0.8531493,0.18793538,2.0506,1.5655353,1.0729942,-0.10798825,0.20279087,0.41755772,0.76813626,0.92043155,0.99935514,0.6439084,0.40822232,1.8466679,0.6763322,0.06464471,0.517496,-0.22031154,-0.529815,0.62434334,0.50602204,0.68373126,0.6284539,-0.08755532,0.74746674,-0.26060498,0.70815235,-0.0570225,-0.6073802,1.097305,-0.8232289,-0.020785047,1.3809255,1.0104767,-0.25786865,0.89143664,-0.8659902,-0.36507043,-0.46289262,1.0706122,0.056432977,0.54700345,-0.34506342,0.95278174,0.5667069,0.5032712,-0.19443282,0.51262337,-0.6235632,-0.73800975,-1.1165832,-0.77182066,-0.28687397,0.10737321,1.2735794,-1.0318798,-1.0470386
-0.6389549,0.07301458,0.08027548,-0.64375263,0.16697383,0.08771348,-0.45268446,-0.9748864,-0.38117266,-0.5391208,-0.060717203,-0.15184532,0.3017905,-0.26246724,-0.15368871,-1.1535426,0.08309797,0.0115271015,1.2424979,0.9135721,0.03224289,0.215674,-1.0045053,0.12775223,-0.58535314,0.008061811,0.30644542,1.2779253,-0.06444503,-1.0279344,0.97721606,0.91632843,0.11734672,0.21442738,0.84271836,1.3759441,1.1769316,0.81708676,0.053782314,-0.34607175,0.22088122,0.040841226,0.5387372,0.020035395,-0.08149849,0.31462547,-0.52357763,1.7217809,0.2540517,0.3694209,0.2205849,0.28871495,-0.7230865,-0.67287505,-0.44793925,-0.19357125,-0.085166894,-0.21109405,1.1410575,-0.33404934,0.62950337,-0.9330061,-0.06393318,-0.84532803,0.73571146,-0.6857538,-0.75260997,0.008160638,0.46029687,-1.0976098,0.76627934,-0.51610166,-1.3006674,0.937654,0.9250872,0.13695717,1.0347587,0.39699632,0.9091551,-0.31368008,1.1183898,0.620231,-0.08618319,0.9523596,1.0877199,0.12546535,1.0719413,0.87454295,0.3554503,0.49833694,0.19945422,0.22014937,-0.26074392,1.3573682,0.41853255,-0.3383862,-0.04840646,0.71913207,0.24616094,0.33733705
-0.034246072,-0.3634944,0.015366813,-0.10572536,0.43972436,-0.5096501,-0.43781945,-0.6247131,0.37849534,-0.6122806,-1.125981,-0.7850931,0.21153785,-0.22332366,0.8972211,-0.625256,-0.28449827,0.092653915,-0.055777013,0.52550215,0.124970384,-0.7012126,0.33327731,-0.16957651,-1.2932202,-0.5091443,0.93640554,-0.72695225,0.38863623,-0.67401356,-0.03583128,-0.84158736,-0.07484401,0.1895039,0.7231908,0.26295248,0.3717933,-0.7136893,-0.3588208,0.6586345,0.4330125,-1.0726025,0.35420614,-0.43009177,0.3289263,-0.7335524,-1.098148,0.60804045,-0.7636414,0.8647096,-0.90764266,-0.9346199,-0.48157793,-1.2767124,0.62067735,-0.04178569,-0.8697243,-0.6594122,-0.9832092,0.93997824,-0.5737251,0.12068217,0.59212905,0.17358282,0.47437224,0.39244452,0.2554453,0.71282566,0.38587,-0.44268683,0.97943264,1.1241974,-0.5657874,2.1416528,0.19548737,0.51879334,0.3685532,-0.21913849,0.33555606,0.47298506,1.6254098,1.6142405,0.5702133,0.7673096,0.5773112,1.0111446,0.40854198,-0.12881348,0.7797787,1.6801995,0.82761586,-0.03526254,0.28429312,-0.42795038,2.3829455,0.7233973,0.1487338,1.3751954,-0.035855792,1.0441833
1.606529,-1.1618191,-0.20092845,-0.8563193,0.8043331,0.85614026,0.3742635,-0.4686321,0.63845146,1.0815505,0.91648227,1.2241796,-0.5313118,-1.4555162,1.0834538,-0.50353,-0.5286242,-0.5203442,0.3776123,0.94690526,1.6226207,-1.1514547,-0.90245634,0.05784331,2.1385422,0.23621419,-1.06156,-0.346808,1.0968192,-0.00797715,0.039287504,0.5449933,-1.0834589,-0.83785546,-0.7519683,0.96663153,0.69911915,0.6959349,1.1336108,1.1145837,0.33299163,0.8385027,-0.16900215,0.23194666,-0.9547098,-0.107760385,0.6680996,-0.7906773,0.71525675,1.0294766,1.2386059,-1.0095882,-0.47001842,-0.7766189,0.42140195,0.05383073,-0.7601097,-0.33173114,0.2626998,0.7244459,-0.009018078,-0.84268945,-0.08158991,-1.0896857,1.0280627,-0.5070137,0.84534144,-1.2442955,0.32769546,0.13602811,2.1104732,-0.44211492,-0.4766264,1.3263367,1.0761479,0.3955776,1.7483722,-0.24752396,1.555891,0.05322724,-0.11348033,0.3132974,-0.61686707,-0.4946052,-0.31266788,-0.25802732,0.32691413,0.6104187,1.0301225,0.8398072,0.21689548,1.3050708,0.71440774,1.0526388,0.83986944,0.54714584,0.95264775,-0.0381473,0.30157712,1.4402417
0.80528677,0.22675806,0.77121896,0.28655815,1.0721354,0.4941337,0.303068,0.077402614,0.52754265,0.06219546,-1.2792097,-1.1294913,-1.3306788,-1.7033495,-1.780247,0.9417598,-0.0073642917,-0.27244008,0.59816587,0.98196906,0.83315897,-1.2818773,-1.0460178,-0.4954494,0.14042962,1.0983939,-0.3132667,1.2206284,0.2798756,-1.4211373,-1.0334259,0.415176,-1.1673553,-1.6027979,-2.0327294,0.5015934,1.2391715,0.17339867,-0.1863463,-0.96754503,-0.6534309,-0.7259984,-1.734276,0.9205751,-0.56057,-0.15635504,-2.2288537,-1.2090179,1.218579,1.3676052,-0.51536345,0.8789165,1.3726585,1.4432964,1.2482529,0.5819587,1.080155,0.5747057,-0.7992217,-0.7740964,-1.0610373,-1.1309735,0.2017982,-1.6886814,-0.60250294,-0.15113726,0.17821977,0.36956957,-1.8756889,0.97779775,0.51193285,-1.9580008,-1.0642506,-1.9860417,0.40575236,-0.9509687,0.91842145,-0.10333166,-1.05057,-0.06735348,-1.112647,-0.32956576,-1.1588666,-1.9222004,0.96093297,-2.744647,1.1760275,0.70308214,1.28045,-0.73815125,-0.6393529,-1.269494,-0.9777079,0.18685827,-2.1061835,1.5760492,0.2550672,-0.43934307,1.3863692,1.9508848
-2.0237021,0.27148822,-0.60555786,0.04103161,-0.62446064,-0.44751805,-1.0561957,0.60874635,0.7581927,-0.7549896,-0.24199104,-1.0367891,-0.102589086,0.079085976,-0.20616384,-1.0965109,-0.1867107,-1.2825778,0.76412815,-2.4795187,-0.19898489,-0.61441004,-1.2908643,-1.2924527,0.030443713,-0.5296619,0.73100877,-0.18295167,-1.5710962,-0.5250984,-0.37495005,-0.5562916,-0.43181434,-2.4809897,-1.1341405,-1.0337782,1.4449703,1.347552,0.27643564,-0.15278292,-0.33001488,1.4743922,0.4372953,0.9763463,0.6621913,1.3913934,0.0608333,-1.5292172,-0.29014784,0.31714818,-1.4053384,0.34364054,0.19231471,0.54387975,0.15863948,-0.34005165,1.1580182,0.19207805,-1.0484395,-0.6630177,-0.37448505,0.33830258,0.76420265,0.19149303,-1.3676265,-0.39118737,-2.1061766,0.6113191,-2.658838,0.28553176,-1.1695216,-0.60026264,-0.7277851,-1.0191017,-0.68916875,-0.9700451,-1.3920184,-1.1439608,-1.049856,0.06472751,-1.8762367,-2.5023723,-1.2013968,-2.2069435,-0.6920971,-1.7729007,-0.76201993,-1.5277308,-1.3803394,-0.6097135,-1.6436669,0.017073598,-0.34793124,-2.0642416,-0.9782579,0.624577,0.26830333,-2.3291445,-1.1312513,-0.009800335
-0.13108122,0.9412175,-0.5392535,0.562738,0.9137032,-0.3395414,0.23570073,0.44060522,0.10668617,0.08144631,0.34944427,0.86556214,-0.020379243,1.1808469,1.8415884,0.25548834,-0.9258636,-0.12929133,-0.50168025,-0.8525916,1.1745076,-0.9562753,-0.27975652,-0.90456,0.19518481,-1.1272415,0.47277573,-0.497252,0.43561915,0.0022945674,-0.53399545,1.5422398,0.057985745,-1.5932496,0.019101316,0.016661093,1.0285645,1.904631,0.7722614,1.3487872,1.3185868,1.9323143,1.2724346,0.6429422,0.39504617,1.949305,0.62465525,-1.6437701,-1.036909,1.7462994,-0.3515533,-0.7121574,-0.9746181,-0.063605115,0.7232595,-0.63908887,-0.70297855,-0.16532513,0.34309283,-0.41825116,-0.06240799,-0.61174685,-0.6845856,0.91103226,-0.24266279,1.988115,-1.8771989,-0.91446745,-2.8441231,-1.0424991,0.4483062,-1.7853571,0.058337424,-0.09269449,-0.27466726,-0.47546333,-0.3528045,0.31958315,-0.75909287,0.7046085,-0.47139254,-2.1982584,-0.26851842,-1.3085583,-0.79502666,0.039666086,0.03806467,-0.5492145,-0.6418393,0.9665188,-0.16692682,0.17938058,0.15874544,1.7185239,-0.29902485,0.18626551,2.8205276,-1.0730995,-1.308623,0.7352538
-0.061422687,0.096526116,-0.043998487,1.1445756,0.33035764,0.19532463,-0.49526873,0.1511812,0.5266283,0.63718575,-0.113594696,0.36843276,0.5121789,0.99475634,-0.050490644,-1.0121244,0.332747,-1.0370767,0.42289436,-0.4065527,-0.91278744,-0.73166156,-0.31013003,1.5903333,0.81313145,0.90486497,0.47373745,0.77580804,0.4497362,0.07374699,-0.05236387,1.3880508,1.7391542,0.6238391,-0.07386817,1.2124233,1.3921804,0.8494745,1.2044975,0.4410974,1.6181735,0.4422458,0.9534944,0.49618292,0.8974986,1.8616693,0.3319177,-0.09048874,0.02246432,0.97596544,-0.14692423,-0.2234335,-1.3331335,-2.265211,-0.14811817,-0.07239077,-0.6909379,-0.11275275,0.14241213,0.31436056,0.42931426,0.017595861,0.3202479,0.028503131,1.0582186,-0.63084626,-1.0896634,0.0074806386,-0.54381424,-0.41778982,-0.046038646,-1.6302373,-0.92900634,-0.48613223,1.0719612,1.6167542,0.8009257,-0.7226559,-1.3070436,0.42439777,0.28255385,-1.4215356,0.23205867,-0.29497167,0.049005684,-0.08949003,1.4429786,-0.0012826873,1.0233418,0.2387334,-1.1770238,-1.9403564,0.39143142,-0.61729395,-0.5728538,-0.03469147,-0.3578787,-1.599599,-0.70314837,0.27886465
1.0837936,0.5209369,0.32049146,0.31095916,0.45745993,1.2998868,0.01672587,-0.42866713,0.03474171,-0.45448026,-2.0426545,-0.34240448,0.07550205,0.90051144,-0.022189865,0.268277,0.4551413,-0.12630309,-0.9941178,-0.042518895,-0.59731257,1.4063745,-0.28121194,1.0371149,2.348069,0.7254633,0.4672342,0.40713164,0.31500226,-0.5858177,1.2620533,0.39848804,1.359197,1.271408,1.4698343,-0.7755438,0.47088125,0.17249036,1.6349459,0.3499953,0.13979846,0.44196773,1.103351,-0.9636487,0.91085166,0.1124886,0.87724984,0.74408174,-0.6028715,-0.1260784,0.6714602,0.485106,0.5561004,0.31168887,0.7486556,0.9341506,0.51056147,0.22451134,0.20456518,0.32592535,1.2435555,-0.43120384,-0.560739,0.5882608,0.18508996,-0.37751594,0.31748202,0.5548245,0.21994236,0.8616529,0.49198535,0.030326132,1.0345961,-0.47121,1.0247377,0.5191258,-0.64888644,-0.72956353,-0.8251413,1.2320989,0.3377195,-0.75892055,0.38804325,0.032260343,0.41519773,-1.0038774,-0.059627518,-0.59971005,-0.25599733,-0.7824543,0.7697868,1.4480516,0.071110725,-0.56199574,-0.16357617,-1.0949649,-1.0329221,-0.39681533,-0.3728686,-0.7380023
-0.055807073,-0.07909554,0.3841878,0.9359228,1.0494709,1.7450132,0.25797048,-0.06626115,0.31089222,0.8480455,0.24695837,0.2624443,0.46760637,1.1269715,0.6100639,0.10096194,-0.14750876,1.1871969,0.63912725,-1.0561321,-0.86170906,0.83476555,-0.24281944,-0.52828515,-0.06974665,0.33143836,-0.455789,-0.7560709,-1.1880596,-1.173766,-0.50195056,0.78706783,-0.40714005,-0.11384838,2.0721796,-1.9727889,-1.193457,0.6364847,0.7868629,-0.5592309,-0.30792293,1.9885588,1.0435271,-1.0248781,-0.2388311,0.6393593,0.70639116,0.71101904,0.0041809934,-0.41554323,0.8424967,0.81751734,0.048576605,0.59835285,0.45762005,1.2648777,0.32757357,-0.5642359,0.8115027,0.8897958,-0.20351781,0.21419525,1.7314216,2.1603148,1.0116007,0.6441568,0.84385103,1.6772635,1.1280681,1.1977073,-1.1418817,2.178965,1.0505278,1.2467129,0.26356637,0.6444001,0.32298854,0.87373716,-0.6775254,0.32935238,0.24292393,0.29596978,0.8565058,0.7656381,1.1604056,0.8688147,-1.4766634,0.20109154,-2.419335,0.15008998,0.53807795,-0.6798632,0.59289473,1.0386897,1.9625026,0.35455018,0.6435515,0.83484805,0.20226839,-0.28072754
0.58804476,1.1895344,0.47172722,1.1837989,0.24637243,0.45636514,0.6482823,0.7128873,-0.12110787,0.45991254,-0.06062824,0.42169356,-0.06668466,0.8974877,0.4784007,0.034849983,-1.3086518,1.4819572,-0.24248353,-0.18192093,1.6436054,-0.102551505,0.36512426,0.25493646,0.23146378,-0.69547945,-1.066986,-0.28844193,0.5283692,0.4394843,-0.8519959,1.9217982,0.16031896,0.096988745,-0.28366712,-0.72831887,-0.97779614,1.43537,-0.6028052,0.16757487,1.2665794,-1.3928345,0.5888743,-0.105581865,-0.37277827,0.5456404,1.2429327,1.0277063,0.6436935,0.5053277,2.2565093,0.20877713,0.2590065,1.031075,0.3139902,0.11366802,0.45094922,0.24383487,0.6679107,0.9390478,-1.602639,-0.14503759,0.3142354,0.82646114,-0.4621579,0.2592898,0.7690275,-1.1426553,-0.15529414,1.3200154,0.6118364,-0.71496964,-0.62945044,-1.4959526,-0.73930967,-0.81302625,1.1099055,-0.84715605,-1.2465723,0.8042698,-1.0657231,0.9766573,-0.5500093,-0.112127386,0.028004605,0.27221587,-0.46815106,-2.7926645,-0.573609,-0.7169573,1.2348503,-1.8940134,-1.2554606,0.8081256,0.2925255,0.018925142,0.49693933,1.4861778,1.068524,0.4938687
0.16783398,-0.66325647,-0.4835678,1.3775797,-0.14514236,-0.4419641,1.1375424,-0.62316185,0.3977512,0.08159625,-2.6979659,-1.912171,0.6602882,0.6578994,-0.112003505,1.782032,0.6106407,0.5331326,-0.317729,1.3510551,1.04603,0.6078507,1.3084615,0.53838253,0.35680124,-0.072394304,0.34371698,-1.0773119,0.6430868,0.19476329,-0.84902275,0.7604314,0.6464569,-0.34049648,-0.40379438,0.5307716,0.119200416,0.24476613,-1.8720195,-0.051559925,-0.12675819,0.09409432,-0.2594499,0.36717603,0.0067725806,-0.5914329,-1.0200053,0.88309395,-0.6560548,-0.4373463,0.4268511,-1.3608848,0.16190812,-0.42244345,-0.40797243,-0.4902613,-1.8045365,-0.3944066,-1.8296235,0.5151075,0.5288977,0.60926664,0.62725776,-0.41181138,-2.0629232,-0.016086526,-0.064173535,0.6736193,-0.95867634,-0.78603566,-0.23580214,0.29900628,-0.46212,-1.6552154,-0.39475048,-0.8275831,0.40092996,-1.7210348,-0.39642185,0.91400695,-0.7058856,-0.57816774,-0.16096619,-0.12619165,-0.45592064,-0.12446525,0.23250613,-1.0939521,-0.8075512,-0.8223037,-1.7124267,-1.1326091,-1.0128782,0.9705258,-0.1113155,0.83387065,0.056954943,-0.29049852,0.14010657,-0.06288158
1.3966421,0.5798463,1.0058547,2.2059991,0.3179233,0.75997925,1.93646,1.6409973,0.85328364,0.12520404,0.019724006,-0.22349426,2.1434052,-0.50468653,2.2113953,2.0212536,2.0650072,1.1315973,1.0527526,1.4807787,-0.280582,1.3929666,2.1361082,0.5865956,0.014051887,1.1546643,0.94952846,-1.3515519,0.114609234,0.6238607,-1.6180284,0.078782625,-0.17526361,0.42226434,0.5618848,-1.003804,-1.6537617,1.3661317,-0.06604398,0.08190879,-0.47559857,0.10279123,0.3607386,-1.4223623,-0.7734561,-1.5892661,-0.3910428,0.3369048,0.6196148,-1.1063012,0.37782556,0.8049841,1.3877134,2.0902479,0.014588665,1.3809526,0.14765163,1.0596181,0.1462388,1.4102423,0.9734596,2.546539,2.057753,1.9598436,-0.2795557,1.964833,0.8911385,1.8248999,1.0428565,1.5046959,0.5088623,1.380201,1.4588556,-0.61322474,0.7039349,0.2623967,-0.12798412,0.7193673,-0.5559988,-0.012951776,-0.13492309,0.39765406,-0.23322819,0.99703133,0.15305588,1.437578,-1.7789522,-1.1118174,-0.5426571,0.26071113,-0.9319659,0.18251163,-0.9436492,0.0795252,0.2814269,-1.2251061,-0.018567853,0.42981768,0.3641153,-1.1235237
0.8509484,2.7311141,2.1412432,1.6367342,0.82190734,1.7366272,2.0614636,1.8488709,1.5850201,0.32143003,0.38988888,0.7117586,2.040496,0.4886306,1.1970562,2.0676355,2.031508,1.4558564,0.96683836,0.89199215,-0.23302309,1.4310682,1.5648421,0.293854,0.7772891,1.7186165,0.20976107,-0.88006866,-0.3424722,1.5827584,-0.5433889,-0.12152257,-0.28609392,0.037404723,1.4684844,-0.76450676,-0.8141595,0.34562996,0.9326167,2.1598716,0.014298781,0.9626843,0.4179148,0.3870997,-0.626604,0.12495774,-0.22465348,0.63086677,1.7026341,-0.01412059,1.6955949,2.2189634,1.9712054,1.94562,0.90138066,2.044139,1.0228027,1.3834172,-0.065381676,1.3211128,1.6836,2.165257,2.5721931,0.9971233,0.30458975,1.1408303,0.68035936,1.766745,-0.1761444,1.5488304,0.4624592,0.7656482,2.0803063,0.0018292443,0.118977375,0.21869813,0.16225874,0.5948573,0.12968121,1.5898235,-0.6756645,0.16416697,0.7927602,1.0078896,-0.30050653,0.76510394,-1.7646103,-0.3959832,-1.3369391,0.41093025,-0.4710424,0.40099952,0.42096794,0.31015497,0.10161468,-0.047557537,1.2844418,0.033272374,0.84173167,-0.48500296
-0.8894201,1.2944887,2.0509083,-0.537826,2.2925138,1.0874642,0.45002612,1.7132066,1.2904744,0.2269265,0.3231241,-0.5068668,-0.50572205,-0.17170337,-0.77021307,-0.8482077,-0.7350992,0.17661542,0.41413683,-0.102266446,-0.15540555,-0.73326355,-0.26255396,-0.6678789,0.86451066,1.0182374,-0.55306226,0.04556978,-1.4718591,-0.062781416,0.8168367,1.6065,-0.7046836,-0.29593566,0.23152792,0.21823463,-0.13104543,0.96280605,0.019054167,-0.19303747,0.12729704,1.857085,0.4479207,0.038547006,0.014392708,0.4889424,-0.63632196,0.14404523,0.43120527,0.7567407,0.0626384,1.6316311,0.81068796,0.4800069,2.220617,1.0903484,2.109022,1.8619584,0.81693983,-0.66809654,-0.8549217,-0.67658836,-0.3440828,-0.53690845,0.48723644,0.41601002,0.10295811,0.4928539,-0.3329073,0.011650662,0.6925223,-1.3819658,0.12982005,0.06116989,-0.43096715,1.154303,-0.5162531,0.9449215,0.58433163,0.86684775,0.048729304,-0.5893195,0.49765095,0.3089044,-1.0917933,0.091942236,-0.4325078,1.4391211,0.79278773,1.6087035,1.8424383,1.10006,0.54029924,1.5721422,-0.33191672,0.25419354,1.0698788,1.1076325,-0.2021231,0.8461477
0.56600314,0.16691391,-1.2868506,-0.99040365,-0.17754622,-1.9262917,-1.2141614,-1.1811985,-2.1519845,-1.0391016,0.8451532,-2.2970245,-1.7444855,-1.2514514,-2.1745079,-1.1303886,-1.6122411,-1.7233394,-1.8785561,-0.5489688,-1.715677,-0.9909828,-1.4615418,-0.36980575,1.3695343,0.041823935,1.2218629,0.7674215,-0.24738643,-0.43648818,1.0297745,1.045897,0.04574401,0.6001077,0.69055635,1.0170863,1.9400501,2.121774,0.7433694,0.4766978,1.3578806,0.13455625,1.2161047,1.8581367,1.3880218,1.9065723,1.8513594,0.693455,0.18189876,1.8229738,-0.5072061,-0.16784178,-1.1643598,-0.9596831,-0.08430432,-1.5076295,0.099358805,-0.44402885,0.6850724,-0.8048513,-2.8373353,-2.119845,-1.6075308,-1.7544179,-2.0291777,-0.9075812,-1.4985225,-1.0466946,-1.7890706,-0.9284341,-1.4619156,-1.4753882,-1.9987997,-0.12850305,-1.7058939,1.3872306,-0.7751593,-0.31308118,0.81765157,-0.33546525,0.7113996,-0.8401222,1.8053216,0.59516674,-0.4177553,-0.014410026,1.2335398,1.0614496,0.3243761,0.70603275,1.6796106,0.43712074,0.11117854,2.1061509,0.06662255,1.0191362,0.6004853,-1.0907301,0.56258106,1.4097599
0.13856709,-1.6273105,-0.788665,0.8202928,-0.67720366,-1.4740776,-0.22813946,-0.8695547,-0.7915955,-0.656687,-0.97842366,-0.1319061,-0.28902227,0.13934158,0.47845787,0.09552986,0.10922221,0.9269514,-1.0126557,0.05032053,0.052013215,0.24412476,0.8003546,-0.96325713,-0.47350827,-0.79662645,-0.86456126,-1.4944383,-0.30772164,-0.6168562,1.922752,1.5966316,1.6562959,0.8354345,0.15474305,0.32889083,0.61639136,0.4625439,-0.77234274,-0.14837281,0.40776718,-1.1345103,0.66345686,-0.35628122,-0.18648589,0.43888313,0.20313554,0.7310748,0.7083369,0.36388144,0.8819821,-0.74097097,-0.3948546,-0.10976849,-1.1315866,-0.42543352,-0.4669606,0.561772,-0.28509006,-0.91114396,-0.50555456,0.6390437,0.804905,-0.3513072,-1.0808872,0.2088782,0.10324404,0.7447917,-1.1620444,0.3963973,-1.2723526,-1.2667416,-0.14663997,-0.6565899,-1.4376439,-1.0325195,-0.95861465,0.020231605,-0.40469912,1.3441651,-1.4900396,0.24950024,-0.18079719,-0.3445219,-2.1113498,-1.1217004,-0.03778412,-2.3778253,0.025117718,-0.45761228,0.44554508,0.8041179,-0.9031688,0.14282924,-1.9206328,0.10915047,0.121549174,-0.70493555,1.5441879,0.49395823
-0.21814844,-1.3136486,-0.83769745,-0.13022846,-0.60028183,-1.1884263,-1.0064238,-1.0634344,-1.4703482,0.19640335,0.6618205,-0.79673076,0.36911044,0.40853274,0.402285,-0.897917,-1.4368569,-0.83647245,-0.7692883,-1.0047454,-1.204305,-0.24673392,0.6657709,-2.2943377,-0.39431474,-0.6156953,-2.2343273,-0.467326,-1.1368248,0.32166898,-0.6480884,1.1505438,1.6741799,-0.1502011,-0.86862457,-1.1095276,0.4338576,1.2852007,-1.1405085,-0.16863878,-0.11501859,-1.0515571,0.66008,-0.03686593,-1.7201834,0.45349488,0.11219847,0.5529074,0.26259726,0.5114905,-0.2992933,-1.1955211,-1.4161316,-0.58647954,0.22569218,-1.0360309,-1.7661567,-0.8302784,-1.5117686,0.5075367,0.36677113,0.5737048,-0.12002598,0.8125147,-0.03569522,-0.86762375,-0.4527378,-0.02960574,-1.7026529,-1.1013136,-0.32387996,-1.1019577,0.111418255,-0.7183625,-1.6527222,-1.0233644,-1.5059733,1.2151903,-1.1253842,1.3024048,-2.0135384,-0.6756138,-1.3538698,-1.3037523,-2.0082138,-1.1819859,-0.7232032,-0.5988878,-1.655622,-0.09435706,-0.3306727,-0.74748534,-1.4538318,0.27419534,-1.027623,-0.40865135,-0.39003578,-0.8500528,-0.76810753,0.80807805
0.32893986,-0.47275165,-0.23342313,-1.235677,-0.42835554,-1.5279481,-1.023905,-0.08544188,-0.2566467,0.013480071,1.7233032,-0.5526612,-0.7802854,-0.22353153,-0.2444076,0.16812126,-0.13592,-0.23397435,0.14980115,1.7522771,0.4294911,-0.4514925,1.6138631,0.00039355602,0.7467311,0.09482486,0.30302787,1.6393821,0.88335216,-0.6754618,-0.35871583,-0.141726,-0.5260817,-0.08352723,-0.25148728,1.8755625,0.5573385,0.08625166,0.5399642,-0.2838619,-0.32726648,-0.2405317,-0.25524318,0.38841957,-0.68278456,0.79690427,0.44917038,0.029962689,-1.0309767,0.2957661,-1.1238544,-0.40880126,-0.23836164,-1.0032294,-0.46448612,-1.0654504,-0.62670475,-0.23045029,-0.6624267,0.28934819,-0.89462674,-0.52052045,-2.4904501,-1.0624073,1.4363804,-0.00049507694,-0.6674244,-0.35969412,-0.29454848,-0.19159941,0.78946275,-2.1575916,-0.8036386,0.8273356,-1.0651401,-0.5012601,0.97546107,-0.62357235,-0.26641312,-0.22332545,1.0391169,-0.24249765,-0.7673817,-0.8663345,0.090960324,-0.5766642,1.2702909,-0.94773376,0.9193524,0.72283715,-0.5366975,0.060890183,-0.09875932,0.047219366,-1.0303576,-0.6646699,-0.15727279,-0.04301201,-0.68167496,0.3647313
1.2037185,-0.58709794,-0.5634295,-1.3185385,0.24220894,-1.112121,-0.21245328,0.118862025,-0.58424485,-0.45442984,-0.95181435,-0.5451046,-0.25711307,0.4771275,-0.695108,-0.42733732,0.16960083,0.3178641,-0.12175288,1.0701416,-0.32422605,-0.10793691,0.4654348,0.38517484,0.39403552,0.40827373,1.1288289,0.8179601,1.0687095,-0.8900479,0.234664,0.56470364,-1.3673501,-0.8206908,0.11591393,0.7309492,-0.49311382,-0.045116443,-0.40280905,-0.14851987,0.33221617,0.9178526,-0.8957661,0.44773364,1.7111609,0.4471907,-0.07894395,0.28257915,0.50036067,0.049015112,-0.8768072,-0.8015472,-0.63287264,-1.8548934,-0.27311137,-0.8124163,-0.8516288,0.25056082,0.059060857,0.710363,-1.0434729,-0.02171688,-0.3995089,1.6380073,0.8907165,-0.8244702,-0.6461867,0.72809315,0.5110788,0.2906812,0.30439585,0.4858941,0.17548776,1.2957125,0.84216547,1.7799717,0.32914302,0.306143,0.6302047,0.73432535,1.5400245,0.19927406,0.8040039,0.10292075,1.0717467,1.1752113,-0.37306914,1.2050655,1.3241525,0.31469405,-0.66975766,0.22557248,-0.07117956,2.1528723,0.3516882,0.079801254,0.960436,1.7352033,0.91094494,0.14440107
-0.61649984,0.1520495,0.14919637,0.5524073,0.53205854,0.9673478,-0.36025992,0.9039469,1.5035167,-1.121276,-0.05739347,-0.48969063,0.41546163,2.44018,0.7018141,-0.3858825,1.0071492,0.10983033,0.82376325,-0.79240596,-0.2361002,0.68776184,-0.07096288,-0.7882939,-1.6878116,-1.2091063,0.9585278,0.5086797,0.99425125,0.15316339,1.178673,0.3529929,-0.7346384,0.652674,0.734451,0.9310126,0.4532796,0.76628125,0.17896742,0.49629644,0.6612464,-1.4555556,0.42044303,-0.27082524,0.7621971,0.23805729,0.82786894,-0.44318616,-0.040857915,0.32923597,0.15453301,1.4731826,-0.36216784,0.8339895,0.86493665,0.05072131,0.5479878,1.9067811,1.2658792,-0.5174775,0.274363,0.8208648,1.2690378,1.4699264,-0.52417564,0.4165307,-0.4876125,-0.29727453,0.41884682,0.3869184,-0.63094777,0.5091197,0.55290854,-0.13683912,-0.3713816,-0.0077393595,-0.28851196,-0.22266468,0.7516013,0.66563344,0.45134512,0.3024195,0.20693444,0.24007721,0.6619507,1.2660695,0.59685403,1.8918079,0.8343967,0.44942445,0.6272786,1.1736532,1.0679345,1.5937842,-0.029734306,0.73072356,-0.2023604,0.11193995,-0.7081043,0.16810596
0.39752132,0.3281319,1.7736917,0.2923348,0.16273385,0.835891,-0.5363181,0.86930144,0.92286766,-0.5972186,0.09269427,-0.706274,-0.63305324,0.4099776,-0.8403578,-0.1308954,0.7498642,-0.26356763,0.014749182,-0.6556847,-1.4572251,1.742766,-0.30182913,0.21359487,-1.2149919,-0.6764365,-0.77595836,0.5215844,-0.03472601,0.012615663,0.6000088,0.5462241,1.0801845,1.8190806,1.7293011,0.31719717,2.0225492,0.653889,1.7369943,0.31179833,1.5595852,0.77303416,1.5307341,-0.24173108,0.6638362,0.7410056,2.2055986,-0.08890172,0.15981637,1.015312,-0.25121877,0.84395176,0.18781042,-0.21045108,1.1847689,1.534328,0.6212392,1.8817766,-0.32007703,0.5150385,0.10258217,0.22737354,1.5398618,0.8840567,0.32393023,-0.35916805,-0.87744117,1.6281885,1.0430199,1.2175647,-1.1460899,1.511394,0.42605588,-0.024938911,-0.47537416,0.21840586,-0.05270006,-1.009182,1.2692938,0.3146959,0.5439045,0.061620176,1.3407855,1.2650949,0.18252118,1.5817761,0.2007193,0.30438745,0.6568014,0.7667012,0.14066677,-0.52925014,-0.1707922,-0.60595924,0.56984013,0.8101121,-0.45579016,1.1440612,-0.17153175,0.3704525
0.9074338,0.12385357,1.66782,-0.5677537,1.624426,1.5423616,0.6815618,0.79910797,0.87910295,1.4783212,1.1488082,0.6503746,-0.52800477,-0.23439716,-0.73106325,0.47456774,0.06505574,0.30696926,1.4444889,-1.5632223,-1.5885122,0.59749836,-1.1463588,0.29205057,1.5539776,-1.1439643,-1.6730002,-1.4540502,-0.86441797,-1.2700874,0.86337435,2.2890863,2.3295236,0.79457825,0.31525198,-0.8958328,0.34162837,0.47820896,0.51789266,0.81305164,0.391283,-1.9997132,0.5699192,-0.7197215,0.5161639,-0.19930518,0.0525097,0.9454853,0.836165,-0.7056202,0.88976127,0.9669521,-0.16137227,-0.23546,2.1158547,2.4209497,1.3005352,1.39329,0.28389558,-0.16132057,0.043687478,-0.31673512,1.0928397,-0.3349191,0.71036744,-2.0278366,0.44322065,0.83376354,0.45855585,0.22095415,-1.1805068,1.0398003,-1.8351786,-0.013143063,-0.23957524,-0.85635847,-1.3411728,-1.987051,-0.67314416,1.2367946,-0.11846164,0.9675293,0.73810315,1.4304942,0.048688643,0.98967224,0.3035503,-0.49100995,-0.2968175,0.1322777,-0.45500308,-1.1904763,0.113766775,-0.07412917,0.1790447,-0.77068347,-1.3754296,0.16754848,1.061363,-0.084908806
0.31368876,-0.84162253,0.3727867,-1.1266956,1.8084465,0.91825086,-0.017580705,-1.1962253,0.9640132,0.5648467,0.29519334,0.35459495,1.6682142,-1.8413044,-0.5134811,0.944768,0.51100165,-0.41315982,-0.96233743,-2.3802652,-0.2828354,0.5133168,-0.38828275,-0.8414389,0.19311297,-1.1336839,-2.3373518,-0.6736059,-1.3711712,-0.00033752236,0.67115146,2.3078108,1.2484641,1.0211804,-1.5691892,-0.662106,-0.23814036,-1.0361191,-1.1803955,-0.31144777,-1.3026875,-1.3512439,-0.28890368,-1.265567,0.54801637,-2.0418172,-2.0219097,0.22648476,-0.46410003,0.09480535,0.9755794,0.46196845,0.56736344,-0.11607268,1.4441913,0.5882834,0.04712743,0.4458449,0.6663913,-1.2378969,1.6456457,1.857778,-0.18107441,-0.6545466,-1.3252649,-1.5706223,0.30446878,0.24190499,0.9334454,-0.33063722,-1.6040589,1.7556518,-0.40986347,0.0694189,-0.19564503,-0.00894375,-2.2050812,-0.08226783,2.596453,3.607996,0.02669405,1.8545758,1.6206425,1.6108176,-1.2726866,0.60198957,0.1770027,-1.9556813,-0.25969782,-0.39800814,3.0394635,0.0750435,0.3294971,-0.80782825,-0.12348218,-1.2582086,-2.0897248,0.6788567,0.0015870497,0.9223891
0.004534548,-2.0042934,-0.32752678,-2.043669,0.21165705,0.70558983,-0.43491083,-2.7308242,-1.4893897,-0.27787277,0.8959854,1.5918826,2.2980373,-1.0906278,0.39607045,0.3243425,0.6229524,-1.7786516,-0.8886221,-0.7482142,-0.278146,0.41878286,-0.15590951,0.6935383,1.2011794,1.0824643,-1.0996857,-0.3629546,-0.42898396,0.98937535,1.3182782,0.77994984,0.7968627,0.15302534,-1.3474553,-0.43000928,-1.0987854,-0.077290274,0.02436348,0.5328028,-0.8333731,1.4567364,-0.8984786,-0.049254797,-0.3180546,-1.2647974,-0.1061743,-2.400987,-1.1500626,-1.1256217,-0.47688115,0.28231004,0.3713245,-0.9065711,0.901927,0.38994342,-0.44469196,-1.7136838,0.2910117,1.455018,3.0496376,2.2228236,1.3547958,0.41426444,-0.28347075,-1.2254864,0.07204041,0.35438114,1.1366996,0.29147744,0.29447302,-0.0017822863,0.87062454,0.10256239,1.5772264,1.8229712,-0.6410286,1.0590963,-0.34677055,0.99161273,0.65417725,1.003609,-0.6354999,-0.6167961,-0.36937758,-0.36316934,0.5040231,-1.5025625,0.45340455,-0.1701905,0.6469279,0.05809376,0.47546995,-0.29241708,-0.5231977,-1.7385623,-2.1497865,-0.31712598,-0.5172728,-0.43974358
-0.2722441,0.53654736,-0.16223747,0.74396497,0.06646292,0.26005328,-0.20185365,-0.97087175,-1.6783818,0.5577109,0.5551022,-0.98306155,-1.6474844,-0.44839063,-1.3350083,-0.4352434,-0.6333422,-1.4300059,-0.58417416,-0.50681084,-1.3849274,-0.24254023,-0.75836754,1.4714564,0.9576612,-0.18034817,0.9691908,0.09743754,-0.04096275,-0.51931643,1.5957558,3.3943455,2.4663022,-0.15786242,-0.4867217,-0.4166152,0.4538809,1.1700951,1.8559325,0.9210234,0.9446214,1.3027332,0.23990133,-0.40289754,1.8862708,0.65654063,1.0963914,0.7108094,-0.7340713,0.09509166,0.551065,0.41763616,0.6671382,1.4970924,-0.4594768,0.059786376,-0.47748667,-1.0019293,-0.47655475,-1.3572677,-1.5358822,-1.4088402,0.09041679,1.5533383,-0.4715861,0.07750707,0.02532259,-0.651807,0.38081893,0.33396426,-0.8699742,0.23199864,0.80541736,2.09538,0.3227282,0.07713616,0.25710428,-0.02636121,0.2813657,3.1752703,1.1206573,-0.3334924,-0.588033,-0.4743838,-0.87151974,1.4733686,0.51023376,-0.5686637,0.18335226,1.1432854,1.2257278,0.3563547,1.9947673,0.90739554,-0.58136135,-0.44618613,-0.1264847,0.55675787,-0.5596922,0.708503
1.9542713,0.40677047,0.31681395,2.4659495,-0.51580703,0.35222515,0.6979519,1.4712806,-0.6721062,-0.047061164,0.8801704,0.586361,-0.5385171,1.3832833,0.79835325,0.6040132,1.5529798,0.35662404,1.6673158,-0.9327333,-0.4962452,0.7406586,0.4068942,0.9453775,0.9128665,-0.30718803,1.0093024,-2.2625432,-0.63748485,-0.50463134,-0.66623,1.7421016,0.5251108,0.88174033,0.09732823,-0.46389154,0.52367586,0.99232244,1.2891122,1.7494484,1.642796,0.8381751,0.0836502,0.14951909,0.70312357,0.6092185,1.4001832,-0.8796555,-0.84431154,0.01743951,-0.1650629,-0.32384887,-1.6082169,-0.44255164,0.41790125,-0.8841873,-0.262861,-0.8943846,-0.53835636,0.3220271,-0.6968987,-0.70311654,1.2995102,1.3677508,-0.3886533,-0.018668748,-1.5793262,0.6753605,0.3729494,-0.4133351,-1.2347436,-0.37330848,0.8514876,0.3848508,-0.5628732,-0.39840993,-0.7969698,-0.206641,-0.6517928,2.0026593,0.8127631,-0.67687505,-1.2246128,-0.42736265,-0.19419499,0.2261562,-0.1274226,-0.31587768,-0.32542443,-0.3614036,-0.88215876,1.4566978,1.1473376,0.88669425,-0.5461572,-0.59501326,0.75952333,0.82025623,-0.37899154,0.6149388
1.162491,1.0463595,1.4150509,1.5669751,1.43313,0.6074688,1.2193066,0.7954155,-0.019734649,0.39711747,0.14108288,0.39388624,-0.5118526,0.57505697,-0.08606762,1.4271368,-0.38668224,0.4240604,0.4543211,-0.7439418,-0.64257723,1.0570849,1.1141264,0.36737126,0.9330782,-0.59483093,0.5722768,0.53695947,0.26764452,-0.5569239,1.6026975,4.916827,2.667937,0.7608938,0.29079914,-0.7484639,0.65337175,1.3942233,1.6005753,1.2523689,0.5175921,-1.368424,1.3549103,0.40919814,2.7362614,0.50938714,1.2216725,0.835276,0.22002971,-0.06762438,1.2797836,-0.02570782,1.1063042,1.0105219,-0.064845674,0.44873688,0.703726,0.21030928,0.26681215,0.099390775,-0.11176352,0.24850132,1.658752,1.2867755,-1.1192751,-0.308267,0.4004937,1.4458116,-0.15617883,1.0381975,-0.67218626,0.3204016,1.8313934,0.5966019,0.86387765,0.53603494,-0.031856768,1.2668713,1.1638495,3.9595652,-0.19501334,-0.44556686,0.2117953,-0.16876395,-0.3169011,-0.12956402,0.24346912,-0.68630743,-0.1511542,-0.058079604,0.38847405,-0.07020099,-0.014454468,1.1201184,0.11007078,0.2786964,-0.20930374,0.23690277,0.0025588928,-0.3401415
-0.01352208,1.1048925,0.006926878,0.30652872,0.816245,0.6093515,-0.23342781,0.7608104,1.4662206,0.9977306,0.907085,0.7199066,-0.3891374,-0.47315115,0.18752654,0.36051363,1.3238555,0.117168754,2.208751,-0.608183,-0.7164619,0.9509927,1.385836,0.6882019,0.6420752,-0.100126065,0.7671259,1.162135,0.11226446,0.83049136,-0.5615278,1.0797251,0.3907064,-0.00940435,0.7033963,-0.26443094,-1.4505957,0.2759118,-0.91864175,0.3604556,0.5456402,-0.065918595,-1.4669398,0.060482573,0.62979823,-0.53823304,0.30558428,1.024386,0.2320206,-0.69171757,-1.4372602,-0.4374311,0.12149982,0.13499199,0.47033235,0.16249998,-0.56038344,1.0064114,-1.1690551,-1.5639076,-1.6629374,-1.228719,-0.6754256,-0.7319784,-1.2325372,-0.7128327,-1.5279217,0.22882034,-0.8346072,-0.5877565,-1.4535911,-1.1027554,-0.05922257,-1.542219,-0.5641315,-1.3759037,-0.43103626,0.2271712,0.0914323,1.2556622,-0.6301087,-0.99382055,-1.9706243,-1.6565622,-0.29728982,-0.10402185,-1.0248808,-0.49990284,-1.6306102,-1.3435041,-0.9276239,-1.8071531,-1.7458411,-0.84654796,-1.1602031,-1.8739555,-1.1073918,0.7203095,0.026939036,-1.2216458
-1.3651447,-0.69487834,-0.41991735,-1.6323855,1.1645826,-0.089963645,-0.9640706,-0.7371021,0.69274634,0.9246006,0.47218952,1.5360901,0.6336188,-0.90750724,0.4119487,0.32329002,2.8752675,-0.5214755,2.1510081,0.8424651,1.0181427,1.5885029,1.0014536,2.3809214,0.4236909,0.38225222,1.3037536,1.9079721,0.6293499,1.5493257,0.6263289,-0.6203506,0.24404949,0.4332303,1.4004128,0.566988,-0.75196743,-1.3445967,-0.5293659,-0.8263311,0.22368312,1.4530491,-0.5155965,0.033432666,1.0538881,-1.118101,0.059086442,-0.6769992,-0.64230406,-0.7562637,-1.4023637,-1.5929015,-1.3379087,-1.8620174,-0.029778963,-0.6870892,-1.8587383,-1.2315744,-1.2585087,-1.9658686,-1.1400771,-0.9093085,-2.8781624,-2.132982,-1.0395719,-1.609122,-0.61302286,0.87791455,-0.44009936,-0.83458203,-0.20265418,-1.3195277,-0.12430114,-0.9697373,1.0181289,-0.52916723,0.33159056,-0.64069676,0.7572313,-2.1024148,0.08113721,-0.42239562,-0.97860426,-1.6555753,1.2927654,-0.92491597,-1.138272,-0.3043222,-0.44988188,-1.6322337,-1.608772,-1.93422,-1.2578467,-0.7302519,-0.49965203,-1.0057616,-1.8808858,-1.4011338,-0.77351,-1.0347389
-2.2652247,-4.277722,-3.5360591,-1.6147112,0.5745509,0.1075112,-3.0492318,-5.3565373,-3.8296983,2.2958164,0.29824385,0.34881568,0.34820065,-1.9000521,0.18891253,-1.7169337,-0.90841275,-3.8537757,-2.0097458,-0.7898513,-0.067301765,0.10986782,-2.3761132,0.16914518,2.009132,-0.13641605,2.4246452,1.7740753,3.2829947,1.3170879,3.206921,1.1976248,-0.5069204,-0.620619,-0.08603178,-0.63251036,1.4664844,-1.089708,-0.18163581,-1.8337679,-1.2455415,2.864233,0.1824571,1.7092471,2.7293756,-0.17992075,-0.63369924,-0.64152396,-2.328331,-0.5169853,-3.393092,-3.246175,-2.1720743,-2.4115593,0.44722494,-1.8906091,-3.8709874,-4.8904552,2.0186799,-0.47242102,0.5068165,-0.06317523,-0.49837467,0.023932287,0.46402115,-0.1406399,-0.62359285,-1.137257,-0.12573574,-2.895384,0.13963251,-0.90608716,-0.9052518,0.7848729,2.597332,1.1371645,0.852104,1.0274888,2.2557392,-0.027425123,1.6900285,-0.4640732,0.82665706,-0.27617005,1.7292943,-0.09807258,1.2083102,0.90123636,0.18160011,-0.19716641,0.04217984,-0.94589,0.62759507,0.98603433,0.554195,1.5019305,-0.94410855,-1.2773639,-1.0947868,-0.18591407
0.82964545,-2.0035675,-1.1553619,-1.1983712,0.42657802,0.24770044,-2.1452298,-2.2550318,-1.3237891,-0.7904282,-0.3738887,-0.37455508,0.99463075,-1.8731986,0.62194717,0.31729856,-0.0811308,-1.9676983,-1.4479282,1.058278,0.28802183,0.43288785,-0.008186021,-0.19601694,-0.21833041,-1.2631234,0.28019172,1.5060165,0.7963785,-0.16266204,1.4262918,1.2173132,0.4148838,0.4553503,0.9173458,0.94574314,0.438162,-0.44672215,-1.7063898,-1.7363448,-0.29248706,0.7274403,-0.8599376,1.5436734,1.8304602,-0.7008248,-0.25986606,0.39854428,-0.04401122,0.23794374,-0.118467845,-1.6030107,-1.7330697,-2.7158372,0.14992093,-0.59307206,-2.0341396,-2.5449994,-1.1030809,0.28596443,0.29367444,1.0131308,0.17339072,-0.18535984,0.45733806,-0.43369004,-0.6236106,-1.4569167,0.33014435,-0.196087,1.985794,-1.5352447,0.08288092,-1.7160662,-0.33154714,-0.5231118,-0.1623273,0.38324314,1.5922568,0.7099961,0.35850257,1.2127625,0.6991185,-0.36671534,-0.43082568,-0.006817273,0.8312894,-0.45294783,1.1721703,0.1520091,-0.83738756,-1.898481,-2.1077878,-0.42567566,-1.1631914,0.8382802,-0.9653528,0.8001421,-0.018905293,0.3468816
-0.095832735,0.10877538,-0.6944801,-0.32082695,0.29300392,-0.51952904,-1.2080821,-0.79295444,-0.59935075,-1.0049301,0.3308045,-0.53137386,0.6633761,-1.3972676,-1.1786231,0.9975541,2.3116837,1.28529,1.2218258,0.18582118,-2.3466094,1.6191704,-0.018968867,0.8239332,-0.2912768,-0.14116232,-1.414896,-0.18156469,0.32380742,-0.6076985,1.8003359,1.0416323,0.6545342,2.0448809,1.3747883,0.7330833,0.5414501,-0.6868161,-1.0336552,0.70974374,0.35584173,0.92587703,0.31971428,-0.37107843,-0.110276945,-0.9074615,0.57886165,2.3525445,0.8415431,0.37870315,0.06462113,-0.7529745,0.0825627,-1.850818,-0.39779866,-0.7709876,-1.0457813,-0.6923285,-0.6392401,0.015131313,-0.17290723,1.0088255,-0.49567375,-1.9786621,-1.0836898,-2.7738154,-0.7941079,0.8182303,0.92947483,1.1390063,-0.18678784,-0.2505858,-0.3692262,-1.2198182,0.05878435,-0.37214965,-0.3682873,-0.909291,1.7649813,-0.43484405,-0.7277955,0.6644433,-0.076190926,1.4631548,-0.9232394,0.782524,0.5586145,-0.86626077,0.3858265,-0.17146397,0.032597635,-0.27651614,-1.0697455,0.20972641,-1.4348935,-1.2100224,-1.1190128,0.5139324,-0.78272194,0.3746059
0.39720103,-0.34162015,-0.80422455,0.36329907,-0.37672836,-0.34272072,-0.25161403,-1.0835564,-0.6342319,-0.14123344,-1.1917224,-0.38877487,0.44537607,-0.58876103,0.7023789,1.3888617,2.5027544,0.86362195,0.9476771,0.17570636,-0.29560474,2.9249647,1.4939039,1.8434167,-0.014881575,-0.96461195,-1.3030547,0.12426299,-0.04281906,1.7916266,1.3535684,0.31906632,1.7903758,2.2424803,2.027531,-0.5763057,-0.43622288,-0.035659894,0.15681122,0.38403824,0.76746637,0.14035499,1.6050266,-0.54976225,-0.07669567,0.1371668,0.13598248,1.1573865,0.02329412,0.101537965,-0.58557993,-1.685365,-0.4749798,-0.9157284,-1.1674824,-0.48869288,-1.6033587,-1.2990239,-1.1557057,-0.41309786,-0.8472678,-0.13718101,0.008792802,-1.6171602,-0.10207873,-0.10995075,0.4154084,0.3325821,0.24838634,-0.035493646,-1.410254,0.23481505,0.25053027,-0.49599335,0.84917384,-0.87645537,-0.25181782,0.41757938,0.4582944,-0.010843512,-0.66579336,-0.823911,-0.4953706,0.11976122,-1.0200043,-0.5049883,-2.2343311,0.03214263,-1.1677984,-1.1995615,-1.0732394,-2.3318124,-0.92230755,-1.0656228,0.08418113,-1.3733207,-0.7189232,-1.1959352,-0.4706464,-0.9918802
0.451633,-1.5505772,-1.5209267,0.5475768,-0.243613,-1.9060836,0.6313129,0.19369127,-0.29729962,0.80095804,0.28061473,0.024532773,1.8560741,0.3460826,1.4637078,1.8096256,2.7727377,0.42897514,0.37720314,0.38073647,-0.051972523,2.2747579,1.3481063,1.837204,0.27923575,0.3905119,0.3636458,1.5561582,0.94894034,0.96692955,0.9342737,0.077971965,1.1841352,1.0454443,1.4178216,-1.249008,-0.16798571,-0.37356752,0.18934041,0.35205132,0.8110477,0.66062266,1.0240073,-0.037159424,0.8884423,0.27156243,1.4291785,0.4209526,-0.58760554,-0.17671892,-0.58681643,-1.7552755,-0.009436824,0.12883621,-0.76114863,-1.0817226,-1.3558513,-0.6114339,-0.5394364,0.018187705,0.05395559,0.7833645,0.6315503,-0.82874715,-0.044064872,1.2601558,0.35376257,-0.11858936,-0.3219821,-0.8523351,-1.1905131,0.32841054,-0.15992448,-0.30455145,1.0483267,-0.1501534,0.1498674,-0.86643827,-0.16214754,-0.7781432,0.2630977,-0.53226846,-0.37727103,0.09928127,-0.85253584,-0.65116316,-0.9838323,-0.02714377,-1.0457182,-0.5491099,-1.2189045,-1.1816434,-0.9494443,-0.5328423,0.19529693,0.29608536,-0.9854282,-0.5998235,-1.263847,-0.8103563
0.3701379,0.82390404,-0.24208167,1.27339,0.7574835,0.71629965,0.37062004,-0.13818139,-0.14899962,1.1726807,0.26854038,0.52470297,1.2976431,0.41626382,0.8732895,0.6560791,0.4689447,0.79005104,0.43543217,1.173369,0.48928216,0.71712726,1.3290021,0.44552135,1.2189021,-0.76068795,1.2624098,0.9903244,0.06368753,1.1028509,1.2595023,0.29777628,0.12167863,0.58260447,1.6061695,0.574334,0.9392181,0.6810008,0.2821191,0.40169185,1.2430941,0.19395924,1.1346176,1.1973902,1.530675,1.2841269,0.838044,2.0099275,0.9819019,0.57881343,-0.31474334,-0.5623508,0.39824304,0.2352066,-0.5823948,0.31052685,-0.23907216,-0.10911915,0.8654158,1.1107546,0.5858059,0.055155642,-0.8629255,0.6079618,1.1760054,0.07632482,0.5873926,-0.9242203,-0.22935146,0.9361099,0.45361403,-0.4155967,1.4502047,0.020642512,0.24065685,0.28269884,0.9429851,0.77800864,2.2584965,-0.0027900022,-0.6501302,0.51786363,0.38794923,1.1819997,0.20711714,-0.35689956,-0.21997507,0.399253,-0.39216062,-0.35223192,-0.16625503,-0.18603468,-1.1854416,-1.3950901,-0.1743781,-0.30717602,1.2650161,1.0207956,0.8970331,0.03181116
-1.4958993,-1.104487,-1.5110303,-0.400875,-0.33022428,-0.061402872,-0.18113726,-0.40863967,-0.53512836,-0.41709423,1.1643224,0.9440811,-0.6070957,0.08192053,0.36278757,-1.2708677,-2.3692498,-0.4853901,-2.2928655,-2.6401224,1.2532911,-1.256494,-1.9593042,-2.79441,-0.8795611,-0.60044646,-0.26719087,-0.2418286,-0.42048264,-0.3730861,-0.23658314,-0.69371814,0.40505227,-0.5514976,-0.9934608,-0.37328994,0.66513294,-1.5240272,-1.2503145,-1.4436256,-0.43355685,0.7694275,-0.16549508,1.980418,0.65365726,1.0810381,1.1529437,1.0156771,-0.40406996,0.36532754,-2.257034,-1.3650901,0.12797748,-0.06470811,-0.9049802,-0.7972133,-0.040480465,-0.55981225,1.4339454,-1.0769708,1.1786175,-0.44366294,-1.5763885,0.5630824,0.07783258,1.2327344,-0.9571447,-0.93715894,-2.3423717,-1.0969251,-0.38840628,-1.1066993,-1.9584106,-2.166135,0.63871527,-0.21368445,0.22184885,0.57826483,-0.804753,-1.0619705,-2.7637718,-1.1763136,-1.4140549,-1.077419,-0.5133889,-2.1377938,-0.53039193,-0.22991724,-1.5317175,-1.3354388,-1.0277426,-1.727614,-2.0789576,-0.8651874,-2.0519056,1.7654254,-0.5670296,-1.6768587,-0.9452166,-0.408671
0.13205247,-0.5698202,-0.8397432,0.12334388,1.219661,0.30652666,0.33485407,1.2176796,0.79863566,-0.67084134,0.5484093,-0.28885007,-0.47476116,1.3676229,0.6068125,-1.4293631,-1.9513338,0.09413523,-0.8614072,-0.7761904,1.4363632,0.113953404,-1.33615,-2.5030513,-0.43168372,-1.5963321,-1.0893501,0.2032887,-1.2638357,-0.8385489,0.874071,-1.0864797,1.7639933,0.24695708,1.1742378,0.21443176,1.6223228,-0.8969014,-1.1306814,-0.05497848,1.7410779,0.41243985,1.7013443,1.5968946,0.4645337,1.137802,2.0639656,-0.46341163,0.6190185,1.9203707,-1.5121144,-0.20524807,-0.69863755,-0.046587788,0.7051755,-0.06335333,1.1897796,1.5821831,-0.66134506,-0.11417027,-0.17201278,-0.29768524,-0.013904337,1.2128588,1.0147738,0.4294054,-1.0219558,0.2159818,-1.9905484,0.56952363,1.2120354,-1.8170431,-0.70484895,-1.6937017,-1.4662517,-1.5594127,-0.65553254,-0.7316926,-1.1149234,-1.5491989,-1.8554444,-0.92351913,-1.736212,-1.0869396,-2.112841,-1.4358815,-0.7681923,-0.42821074,-0.8019472,-0.49084094,-0.6504699,-1.802983,-2.4914258,-1.0279046,-2.3564515,0.5534579,-0.31329525,-1.068515,0.7208315,1.1701115
-1.3644954,0.49749377,0.116141334,0.30817595,0.08753574,0.15328938,0.013601667,0.3728428,0.7377025,-1.5689857,0.6247961,0.23466167,0.36082223,1.2841954,0.24081725,-1.3980923,-0.8812995,0.52108556,0.07942648,-0.6747101,1.3788443,0.26196787,1.8063399,-0.30630305,0.38157687,1.3017778,-0.9017926,0.17295876,0.035686042,-0.11774,1.0350294,0.25150606,0.42069414,0.7561824,0.41394505,1.6220558,1.0593774,-0.7103509,-0.7964509,-0.032837093,0.2759983,1.3299738,0.49886617,-0.40875277,0.217447,0.07399826,0.92608863,0.45965028,-0.72903186,-0.026829097,-0.37335727,-0.13556626,-0.3928649,0.32759303,0.039418723,0.8460966,-0.5381894,0.35432258,-0.8014405,0.064693116,0.3933734,0.6809936,-1.517745,-0.39987883,-1.1384542,0.7124853,-0.9893908,-1.0067384,-0.66624546,-1.0786896,-0.28010392,-0.60289353,0.41060826,-0.94220704,-0.34442616,0.04360735,0.41883096,0.6140631,-0.994408,-0.5227143,-0.9624667,-1.0594858,-1.258563,-1.4740531,-1.2889919,-0.34314865,0.029198186,-0.95528144,-0.61607105,-1.7112705,0.29073146,-1.2390847,-1.6081194,-1.6285052,-2.0648513,-0.8029654,-1.3050758,-1.4521633,-0.6487509,-0.97637445
-0.56318134,-0.90775764,0.26271117,0.8477861,0.29983276,0.55782425,0.23242824,0.31929952,0.5746387,-0.07069644,0.22479348,0.7742164,0.17002045,1.7365695,1.6971643,-0.8255732,-0.07043072,-0.51747036,-0.6056677,0.7667538,1.4163247,-1.1653589,0.41410717,1.085227,0.26662254,0.032387797,2.2596974,1.3413857,2.19215,0.52877766,0.43072376,-0.45017725,-0.5511266,-1.0549476,-0.61605465,1.627063,-0.14619389,-0.2007622,0.04403124,0.7507464,-0.4608109,0.4609723,-1.2771553,0.2010076,1.012048,-0.0228116,-0.4610484,-1.0664409,-0.7204915,-0.5644498,-1.6682558,-0.4090961,-0.46825406,-0.59216845,0.07525415,-0.42636803,-0.43140602,0.41687587,0.31913874,0.03248781,0.29184887,0.27875376,-0.6837767,0.35657972,0.028180577,1.167451,-1.0480887,-0.6104815,-0.25313696,-1.543382,1.2212049,-0.8768249,-0.41080832,0.7108541,0.6246017,0.32459146,2.0888221,1.1495411,-0.5284627,-0.6819804,0.09618325,-1.0553987,-1.2981228,-1.1433439,1.5400925,-0.3705657,1.2551286,0.8668447,1.0444701,-0.7055612,-1.1245219,0.5420921,0.8261894,-0.23379624,-0.7917905,-0.36463386,-0.734748,-0.5136279,-1.2760391,-1.0997715
-2.0154781,-0.8903807,1.1738268,0.32690033,0.6412525,1.0918202,-0.46926394,0.03054531,1.1435068,-1.7244829,-0.88089585,1.0421495,2.1362495,1.4964488,0.73651916,-0.46439055,0.26523134,-0.21092236,0.9715621,-0.4266529,0.052728523,-0.6822526,0.4910221,-1.5318002,-0.1355701,-2.551533,1.617752,-1.3522443,1.0244449,-0.20169227,0.55497783,-0.7386278,-0.38248643,-0.8302565,-0.41908237,1.7016467,0.60419005,0.002202621,0.3302236,0.4366981,0.7946216,0.41217357,-0.2632574,1.2422365,1.0663685,0.81361777,1.1876112,-1.3459322,0.8201276,0.76840425,-0.98143595,-0.66971314,-0.8126705,-0.40112442,0.3061597,1.1186221,-1.1757135,-0.33233684,0.10128786,1.7630614,1.0160382,1.7297889,1.2155304,0.19100185,0.32681334,0.032556895,-2.0089874,0.9065383,-0.10549756,0.016188484,0.32100904,-0.8633682,0.64764935,0.08778154,-0.86679417,-1.4388645,-0.2587568,-1.1442511,1.15209,0.19734147,0.038008742,0.10301856,0.41219822,0.054873526,0.40879932,0.83150816,1.7800314,-0.0069265696,1.0711478,1.1804502,1.0793256,0.5011943,0.31761077,0.09072617,-0.7772146,1.3689592,0.3190653,-0.26777977,0.6949737,0.7325344
-0.39093754,0.47557738,2.9985063,0.0023422674,0.12348607,2.4285285,0.40511525,0.77232414,2.21507,-0.47531754,0.18174377,0.7548589,2.0248444,0.8222792,0.11213097,-0.058317162,0.7593507,-0.095702186,0.69701445,-0.68040156,0.44112584,0.016442534,0.6585556,-1.1403915,0.8996693,0.19174947,0.38106677,-0.08786724,0.17712979,-0.1930739,0.38331997,-1.278838,-1.8709967,-0.32237187,-0.4748856,0.62260777,0.93977416,-0.12668331,0.089957066,0.42055938,1.0143273,2.3949046,-0.5103352,1.3825626,0.65361613,1.3512841,1.5160799,-1.3610133,1.7227097,1.3914021,-0.34857896,1.6090106,0.63049364,0.6681799,0.9277194,2.4817727,0.87944764,1.4553425,0.8253935,0.57943517,1.4353024,1.6944668,1.4604118,0.6365619,0.122966826,0.084502205,-0.8702381,-0.24604355,-0.17009823,0.07373552,0.38620627,-0.2164241,1.2873306,0.46716696,-1.1043954,-0.19906877,-1.3918769,0.22079949,0.74534506,-1.7482655,0.08405971,1.1079314,0.53405726,0.24142325,0.37632084,1.3372066,1.5820572,-0.5379591,1.2989614,1.8423171,0.6663419,0.82643586,1.4124639,-0.13983399,-0.35007304,1.787695,1.3227744,0.01333485,0.6553423,1.4148147
-0.34579054,1.1895106,2.0273385,-0.44236264,0.33007863,1.7719034,1.5244576,1.2978796,1.417104,-0.32861125,1.2843145,-0.878516,-0.9170339,-0.7631917,-0.71366763,0.10122299,0.39477128,1.3352463,-0.43713775,0.6456732,0.86414486,-0.6220269,0.5944431,0.61075914,1.1634548,0.09665492,-0.33255738,1.2401762,0.86373264,0.20492902,0.34943062,-1.7466867,-1.9655097,-0.14957166,-0.0033214,2.0718951,0.8825935,-1.176291,0.43646368,0.71206206,0.09965189,-0.110878624,-1.1029639,1.447972,0.5760848,-0.42516664,0.37807938,-0.41834706,0.70156264,1.4315553,0.10300443,1.5451331,2.0735009,1.0445415,1.9275899,2.8471437,1.5442511,2.0530944,1.5574408,1.3573765,-0.093853965,-0.88190985,-1.4194796,0.022132589,0.93100935,-1.3322754,0.77715135,0.03725442,1.0396626,0.94112444,1.1134602,0.12195414,0.112578705,1.1743786,0.34320322,0.20574532,0.17653386,-0.37153244,-0.28501028,-0.6395764,0.5541077,1.0791526,0.17777364,1.1098627,0.15967982,1.1900849,1.3930656,-0.45805916,1.7232847,0.8941798,0.6409711,2.2478862,-0.12785028,-0.5847291,0.38138658,0.69551986,0.1338398,0.20892179,1.5280021,0.7555353
0.4811698,1.2264106,1.0146713,0.14607596,0.97961664,-0.077406496,1.3555304,1.5279257,1.1252042,-1.8662118,-1.7328656,-2.6703463,-1.8181251,1.2042363,-0.38829947,0.9543762,-0.60366267,0.89366215,-0.11160994,0.93359464,1.1808519,-0.31921795,-0.0009213211,-1.088831,-1.5485139,-1.9717199,-1.4794556,-1.5005242,-0.11801292,-1.767366,1.251344,-0.9286378,-0.7755825,-0.54734975,-0.25004813,0.66319764,1.042608,-0.48099202,-1.612592,0.14345342,0.50466985,-0.1131683,-0.34536642,-0.101242386,1.0021309,-0.3295245,0.10353454,0.318303,1.6364894,1.4182098,0.989755,3.1371214,2.2166114,2.1159527,0.47652197,2.2884302,3.0686557,2.3323305,-1.576763,-0.05129186,-1.405093,-0.8899409,-0.5907234,-0.44680294,0.61588633,-0.60620564,0.13129254,0.3243849,-1.657644,2.7204983,1.1490712,-0.69928855,-0.96471405,0.5195013,-2.1378024,-2.274651,-1.9988477,-2.7146623,0.81146747,-0.77030456,-0.96157515,-0.5391808,0.040387355,0.24543805,-2.0307288,0.3024468,0.31656078,-1.3649473,0.7955968,0.39368975,-0.53156817,-0.067522645,-0.62852347,0.23810458,-0.82822514,0.0069119222,0.5634625,-0.27411997,1.1253067,1.381566
-0.8235956,0.59280556,0.85325235,-0.65710604,-0.95565987,-1.1057158,-1.1822138,0.9404753,1.147595,-1.0393625,0.07966929,-0.53200406,-1.5059366,0.65722114,-1.444956,-1.8432885,-1.5179622,-0.47916937,-0.25582832,0.6250695,0.09511835,-0.5542732,-1.1152816,-2.3419375,0.59224874,-2.1176536,-0.17434572,-0.17179365,0.7073413,-1.8168812,2.8833,0.37422198,-0.5428649,-0.44695842,0.057629663,1.4288557,2.3333683,1.2628037,-0.67285836,-1.08424,1.5751243,1.8692921,0.57547605,2.474149,1.906967,1.533186,1.7370923,0.48558873,0.31924382,2.1363761,0.8284421,1.8997825,0.047295112,0.8117224,-2.1255221,-0.24837555,1.6432444,0.7041918,-0.19571115,0.09850979,0.7068549,-0.9953093,-2.5413373,-2.256931,0.018324535,-1.1394958,-0.8028955,-0.74509984,-1.0198376,0.30959857,-0.02616282,-2.150719,-2.7797575,0.30877364,-1.6122911,-0.25994313,-1.2513267,-1.8607537,1.566821,-0.6009032,0.35543177,-0.14082949,0.99623305,0.17471428,-1.1011411,1.6875485,1.4672618,0.5321901,1.1750752,2.551555,1.7102096,0.31818244,0.22950542,1.8585029,0.32894063,2.3173919,0.79065365,-1.2452284,0.36402443,2.2898827
-0.71632785,-0.42096627,-1.8836519,-1.091896,-1.460062,-2.7799137,-1.6017464,0.818864,-0.63062453,-0.65198827,-0.40664253,-1.3153596,-0.77900106,0.8473821,-0.84155536,-0.919589,-1.1834924,-0.17282055,-0.35779583,-0.6049823,0.14621775,0.6596395,-1.0118146,-0.7713185,-1.9958521,-1.1072626,-0.005141357,1.1954135,1.1565021,-0.6686171,1.239982,-0.68002474,1.3523629,0.35698554,1.770574,1.2233394,1.9995054,1.4951392,1.2078259,1.0361302,2.0268831,-0.44119444,0.8072093,1.486476,2.3363752,2.3851085,0.6521754,-0.32905242,0.42936307,1.5441198,-2.0299253,-2.1321516,-0.70016557,-0.5328107,-2.4846373,-1.8302941,-0.7853501,-1.1757808,-0.06261426,0.682885,-0.75693583,-1.1865718,0.051379483,-0.88725287,-0.31479743,-0.08456028,-1.0992589,-1.2583888,-0.45612863,-2.7058823,-1.3685324,-1.1742694,-0.36899248,1.0352907,-2.1315498,-0.7970874,-1.5601918,-1.4033087,0.8200753,-0.44011402,0.19030204,0.5944445,1.7430749,0.74908763,-1.2321414,1.2737294,1.1201456,-0.23264769,0.61290306,3.1623993,1.3999581,1.1624513,1.2805544,1.1504303,-0.7445554,2.0871997,1.4056532,-0.07234904,-0.62146574,2.0835807
-0.66891325,-0.3576685,-1.2789214,-0.6241722,-1.3953433,-1.9742749,0.36777347,-0.040855873,-0.29141372,-1.4122317,-1.0612814,-0.86030656,0.074018404,-1.079789,-0.010568577,-0.13215584,-0.53712356,0.056493834,1.4314598,-0.33010432,-0.2993915,0.3476117,0.13441451,-0.8205569,-1.0906949,-1.6728315,0.95913315,-0.52639025,-0.69219023,-0.3596961,0.013363155,-0.46466297,0.0665953,0.58769476,0.42138317,1.2005948,1.5233096,-0.594063,0.23290353,-0.0039951946,0.2960855,0.04113221,0.24000068,1.2837365,2.4755988,1.1593051,-0.38856342,1.0574758,-1.026021,1.2988243,-1.1542767,-1.2988163,-0.053973082,-0.21157715,-2.2167134,-2.1592722,-0.8636083,-0.9464828,-1.2824378,0.371611,-0.27869043,-0.23224129,0.96909255,-1.1354518,-0.5080512,0.48299837,-0.75615925,-1.3536507,-0.42336684,-1.5342109,-1.0667287,0.34824803,1.7510586,-0.05772101,-1.1817842,-0.74001926,-1.6739863,-0.3442491,0.3110942,-0.4773377,-0.0373564,-0.043307982,1.9920152,0.7747684,-0.29952103,1.1073314,0.9393639,-0.05582636,0.17079724,1.253413,0.34855032,-0.097451836,0.035439394,-1.4881439,-0.7251049,1.5266917,0.48689747,0.3927716,-1.336664,0.68400514
-1.1184689,1.7538328,-0.003388746,-0.10672453,-0.26175612,-0.693709,1.979009,1.5145799,0.5892009,-0.020681906,-0.949714,0.17452686,2.2796462,2.2049663,0.7249985,1.2471668,1.7530903,1.6977681,0.32611647,0.33471754,0.39996982,1.6255351,1.5424825,0.7828653,-0.8164874,0.6611938,1.2734432,0.24528097,0.03364301,1.0109068,-0.6411509,-1.550623,-0.446352,1.1337428,1.287011,0.6213493,0.046031076,-0.8109428,0.49270704,1.0160447,0.79883635,0.6563588,0.4264941,0.6095166,0.04354128,0.13089292,1.2950652,0.9304288,-0.2752192,0.09373315,-0.48196188,0.47431597,0.3504076,-0.9504904,-1.0646914,-1.0087618,0.39773607,0.674174,-0.4651477,1.7251791,1.4347489,1.3045774,0.90812904,0.40293047,0.46410123,0.28354844,-0.2747275,0.6483694,-0.16870327,0.24783161,-0.14393991,1.6918931,-0.4952942,0.5563885,-0.6237242,0.5663121,-0.6125968,-0.24783875,-0.26565817,-1.5182636,-0.3947098,-1.026643,-0.045859866,0.75385654,0.8600936,-0.28456336,-1.0398657,0.47838956,-0.6654071,0.24177583,-1.610303,1.0806712,0.11915611,-0.6823729,0.52036655,0.34923837,0.982694,0.17315151,-0.33796778,-0.44682497
-1.7313716,-0.99707353,-0.3250282,1.4149357,-2.1821434,-2.2318137,-0.33413705,-1.514012,-1.1859304,0.45509934,-0.3013788,0.4326837,1.7877798,0.10872246,0.35960108,-0.4340535,0.98951024,0.44162047,-1.1374431,0.34434372,-0.101999335,1.4242756,1.3928651,0.548985,0.12124595,1.0585288,0.45467758,1.122046,-0.033647493,1.6633936,-0.04976538,-1.7036601,-0.8766985,0.51704836,1.0631961,-1.7037469,-0.94149756,0.1125521,0.78849566,0.8453318,-0.43750882,1.9465964,1.1906792,1.3135881,-0.06642706,1.2120314,0.63818735,0.73732257,-0.4215258,-0.83432496,-0.034582537,-0.3061207,0.5043987,0.4914755,-2.2237895,-0.91521364,-0.6270839,-1.591959,0.5549718,2.0571206,2.760821,2.479899,0.80847013,1.9790303,0.10337568,-0.044178244,1.0453382,2.100261,1.438391,-0.06773717,0.38906932,2.76896,1.7326134,1.3613007,0.7552703,0.89329404,0.3943183,0.61655,0.06626078,-0.63903594,0.55044854,0.18717144,-1.532587,0.3656483,-1.0275476,0.640156,-1.950479,1.5273882,-0.84533095,0.38454187,-0.063291535,2.444767,2.0856736,-0.5148608,1.2714059,0.6570217,0.77245545,-0.8207816,-0.17641859,-0.6001637
-1.2390547,0.74457335,-2.1316931,1.5108532,-1.523261,-2.3562825,0.3266803,0.627604,-1.3699582,0.15154955,-0.3209682,0.3657648,-0.54626817,1.117657,-0.37612632,0.06851955,-1.2862587,0.5245972,-1.2588166,1.2778049,-0.5312403,0.5159804,0.067962654,-0.43048912,-1.337425,0.622417,1.1785345,1.891907,0.5403772,-0.9661264,-0.5865378,-0.46995372,2.1210647,0.17955238,1.5501324,-0.46437806,-0.10698969,0.4541231,0.76726186,-1.0610076,-0.04748134,0.26045763,1.010944,0.7591412,0.19411983,1.407174,0.014916575,2.1444998,-0.5496418,-0.9457818,-0.84770995,-0.49347496,0.27946,0.7574085,-2.2858622,-1.8292936,0.15599886,-1.512436,-1.528115,-1.3183434,-0.65726435,-0.29410765,0.37497792,1.3515142,0.17156884,0.2803162,2.073266,-0.07042752,0.7461019,0.35413674,0.36055553,0.5974972,0.34843382,0.70847076,-0.7609346,0.072329,0.34124097,-0.3486436,-1.3493383,0.82971543,0.6433273,0.8767243,-0.95473546,-0.82293147,1.259841,0.6249488,-0.52451944,2.3197234,-0.26469257,-0.37688324,0.09655335,0.07377498,0.44507098,-0.22596695,0.694805,0.6823421,0.7135214,-0.3513814,-0.44238502,-0.7067841
-0.22847697,-1.5437367,-1.9420363,0.4045888,-1.266057,-0.6832454,-0.3952318,0.025610399,-1.0747598,0.57895476,-0.23882368,1.1109103,0.47989827,0.6546429,0.47502798,-0.56770396,-0.93951696,-0.72735137,-0.9820938,0.19019149,0.0201308,-0.8749053,0.116532855,1.4498843,1.166142,0.72233075,0.6144028,0.69765157,0.72238904,0.23082171,-0.5579704,-0.021539008,0.5413055,-0.8752511,-0.5081606,-0.2886957,-0.69584745,-1.4698329,-1.0530655,-0.33824998,-0.38112035,0.118353926,-0.67346716,-0.70082206,0.019560166,-0.78970337,-1.4055246,-0.18862246,-1.2470274,-2.0224357,-2.063022,-2.2987587,-1.8528178,-1.1993451,-0.7091087,-1.4350785,-1.1734496,-0.860418,0.053449694,0.10516477,-0.6104557,0.04148764,-0.40795794,-0.4780736,0.67967916,1.8543713,0.3959588,-2.2997649,-0.7491354,-1.2155255,1.3921983,-1.3875195,-0.99450505,-0.78127164,1.1977172,0.97125244,0.6391603,0.923704,-0.99627876,-0.94713,0.6820332,-0.49068567,-1.758965,-1.2026261,0.8283285,-1.7949835,-0.62977886,-0.25161973,-0.2839088,-1.5956229,-1.3166468,-0.14802349,-0.6035725,-2.2329235,-0.122681856,-0.9039624,-0.8735453,-1.1895791,-0.29688907,-1.365793
-1.2669309,-0.4561958,0.12056555,0.11995178,-0.22649269,-1.1624092,-0.9406851,-0.66925216,-0.79949564,-0.13008076,2.027767,2.1516187,0.6645029,0.23469369,1.0788239,-0.37570864,-0.75844955,-1.1829565,-1.1362602,-0.9208516,1.2091761,0.6541646,0.6525304,0.6538014,1.4343988,1.5944624,1.0175792,1.5520025,0.60798436,1.4152137,-0.10420093,-1.0920691,-0.66157,-2.4454577,-0.29892913,-0.7553996,-0.123896345,-1.4660307,0.5147173,-1.140725,-1.9507995,1.9972274,0.7405813,1.857594,-0.7199604,0.8275789,0.94182104,-1.5036385,-0.3955304,-0.7205027,-1.1241838,-0.53068167,-1.1896679,0.3553165,-0.1384947,-1.3655754,-0.9115707,-1.9482073,-0.023446023,-0.6524615,0.34992433,0.06407336,-1.9825087,-1.4560623,2.1322315,1.8707705,-1.9012029,-0.39618835,-1.8244559,-1.8706609,1.8735466,-0.6587305,-0.43569013,-0.89561915,2.448028,0.4240427,1.4509646,1.5285785,0.5836637,-0.3079567,-0.060607992,-2.588044,-1.8397442,-1.7964548,0.52422905,-0.7359402,-0.66664845,0.82538635,-1.1921991,-1.0754709,-1.5959874,-1.7172083,-0.342806,0.37536663,0.20347139,1.0643462,-0.5177819,-2.8589528,-0.89265305,-0.8971066
1.3561888,-0.5054396,-1.3228186,-0.9522172,-0.5414005,-0.36199176,-0.42334652,-0.39992693,-1.4050858,-0.09036373,1.4422336,0.70903116,-0.3543842,-0.14098532,0.04702601,-0.54867846,0.5278931,-0.024351161,0.6021923,1.1090347,-0.48960716,0.3874182,1.8806965,-0.15523371,1.3630568,1.4452044,1.084003,2.1469474,1.1778513,0.097395964,-0.9417429,-0.072031036,0.27277136,-0.08349604,0.9624735,1.1323398,0.5760668,-0.99838895,-1.2732778,-1.779575,-0.23265962,-0.82523185,-0.5307483,1.0610684,-0.31008714,0.3972102,1.5794711,1.8504931,1.1935841,0.5459367,-0.3513774,-1.1457076,-1.4339907,-1.0697433,-1.4024103,-1.9902629,-0.93933386,-2.3853657,-1.3160247,-0.13457882,-0.8733171,-0.55030215,-0.4166408,-0.6798754,-0.33101803,-1.3270518,-0.8324401,-0.30020583,-0.009357439,-0.32542512,0.55748713,-0.101073734,0.1514633,-0.38100737,-0.3317392,-0.4526456,-0.29003006,0.119049266,0.17471312,-1.0816771,-0.63555866,-0.3399207,-0.97891057,-2.1186492,0.16313325,-0.507835,0.31129032,1.9686627,0.4136837,-0.65088975,-1.1868222,-0.76509786,-1.2093135,-1.0395453,-0.8969569,1.5019822,0.15143076,0.20185967,1.2801276,0.590351
1.9026245,0.20566462,-0.14378493,-0.6814553,-0.19225807,0.61943465,-0.9083488,-0.2878034,-1.8340452,-0.89262545,-0.13782348,-0.8125083,-0.73457396,-0.20870495,-1.3706083,-1.4755412,-0.7656096,-0.4634288,0.109755725,1.5977201,-0.0033913106,-1.6621106,-0.11320111,-0.81306946,-1.2879838,-0.26476404,0.8429538,0.6065325,-0.055587944,-0.6470324,-1.7377414,-1.1960704,-2.2652755,0.5595686,1.0366775,1.707666,0.44707954,0.016240366,-2.0470464,-1.2057832,0.9006568,0.678305,-1.427373,1.5727336,-0.6445445,-0.26714894,0.3334509,0.9770072,2.5091598,1.0590378,0.032588664,-0.066871084,-0.9867216,0.60630983,0.08285747,-0.36562026,-0.55576575,-1.2067521,-2.0432305,-0.9906571,-1.5177263,-0.70356905,0.093310684,-1.7716607,-0.16082731,-1.0823624,-0.1406347,-0.49085438,-0.0033828106,0.36104268,-0.3823653,-0.8207489,-0.12348992,0.23858668,-1.103065,-1.3970557,-0.052483242,-0.30865112,-0.5994127,-0.780357,0.23369233,-0.28507888,-1.6624354,-0.8071072,1.3280382,-0.53541815,0.88723135,0.47827733,1.1983998,0.30415338,-1.2477329,-0.1585445,-1.2500091,-1.3951595,-0.057937812,1.8023926,1.2073075,1.510759,3.008821,1.7016287
0.36242884,0.3860392,-0.77213734,0.06441663,-0.1844309,-0.31140068,0.11357116,1.0058043,-0.028058944,-1.0404106,-1.2132397,-0.028340045,0.7361332,2.2422411,-0.34478685,-0.48265466,-0.53987455,0.39728254,0.83495045,0.3540993,0.66814405,-0.9971348,-0.17071885,-1.5087553,-0.23710284,-1.0801859,-0.18185022,-0.47161573,-0.88876057,-0.16369864,-1.0975231,-1.3037539,-1.0106665,0.8384465,0.51852065,0.69891477,1.5156153,0.79856,-0.059174106,0.7199144,1.771924,0.9884512,0.6928504,1.4718317,-0.41945106,0.9069004,1.1332554,0.67331374,1.849476,1.600191,-0.07832396,0.09326197,-0.90257835,0.50772494,-0.23514053,-0.525769,-0.166165,0.26058626,-2.1005158,0.4239489,-0.13913523,-0.45784843,0.48783126,0.8388915,0.45324978,0.59957814,0.024657285,0.0036157162,-1.2658715,-1.0368073,0.1967414,-0.79735523,-0.29033124,0.9572295,-2.1511908,-1.755977,-0.75819266,-0.44402435,-0.07032415,0.15418373,-0.4037096,-0.4861565,0.2121231,-0.29085165,-0.35187072,0.28019118,0.10505242,0.1678275,-0.17003258,0.8374613,0.5759296,-1.3505769,0.32333013,-0.27962,-0.8806119,0.56461513,1.1881318,-0.6378736,2.0917728,1.6484759
0.31973228,1.9817761,1.814025,1.3156065,1.5388798,2.0738456,0.15240856,0.72490966,0.60452,-1.8344215,1.3475589,0.27846313,1.4660393,1.3801675,0.6061679,-0.05280086,0.36073148,0.036802158,1.0708618,-1.4441454,0.81332,0.035567816,0.9589468,-1.2256908,-0.31673402,0.16204844,-0.97088563,-0.42806122,-2.3144622,1.5354437,-0.91501963,-1.019882,-0.3196554,-0.079945974,0.004053575,0.5908168,-0.5347032,0.36854428,0.9968804,0.3333622,0.40877688,1.164461,0.098601274,0.5245825,-0.57089394,0.7105344,0.17509829,-1.3794909,1.8302293,0.8302557,1.182265,1.2677805,0.10117574,-0.113683596,1.376236,1.5672503,-0.15728366,0.11771461,-0.5630748,1.2462074,1.5985018,1.0788418,1.3196098,1.853559,0.5866761,0.8622816,-0.80115193,-0.19500878,-0.78951705,0.4581022,0.11803343,0.17802525,-0.851207,-0.47396877,-1.679046,-0.98712337,-2.4200673,-0.3888741,-1.2798072,-0.7882381,-1.5074462,-0.24254894,-0.45176348,0.6222198,-0.9821353,0.8046735,-0.5753016,-0.26319095,-0.8062141,0.6739347,-0.89065814,-0.87336314,0.047190662,-0.04309779,-0.26169097,0.8017984,0.54766583,-0.05059268,2.0542006,0.7554602
-0.02064332,2.6166744,2.0286658,1.602399,1.6000193,2.0970304,1.575984,2.1101563,1.6627808,0.31586382,0.3775955,1.4513441,1.9712586,2.1617503,1.5382136,0.6701224,1.9528488,2.2810435,2.6489856,0.07327441,0.5909411,1.4102194,2.2341838,-1.0785921,0.4753305,0.2384703,-0.12228706,1.4503889,0.66657674,0.43148112,0.14454192,-0.25488728,-0.38084,-0.29560375,-0.029868985,-0.609023,0.18864001,0.70034546,0.23781998,1.294163,0.45727524,1.1817702,0.15950395,1.164959,-0.3999374,0.51174724,-0.82636654,-1.1604857,0.50301766,0.6145162,0.64313304,2.091923,1.3466669,0.6622874,1.0764112,0.8764915,1.7125874,1.954773,1.3590082,1.36449,2.2836251,1.6448551,1.9018737,2.2547047,0.95793426,1.4208597,-0.13776897,1.979824,-0.74508095,0.4955167,-0.3842268,-0.0789155,0.8770993,-0.72646254,0.20429787,-0.2491778,0.88559866,2.470526,0.41209406,0.29599574,-0.8226995,-1.5032648,0.28172347,0.114972815,-0.9669783,0.075676456,-0.8306738,0.49184456,-1.466862,0.28396192,-0.73826325,0.7005209,0.5373027,-0.14133543,-0.29673627,0.20632002,1.3142393,-0.9951452,-1.0369619,0.45589885
1.4158833,2.5273294,1.955115,0.5683081,1.4529881,1.5102885,0.44264176,1.1898081,1.3290493,0.64835405,0.6432757,2.5203037,0.611894,1.5561073,0.33855766,0.88479125,1.0824543,0.26525152,0.59501356,0.32114682,1.1211294,0.94085467,-0.016192568,-0.46263325,-0.5543165,0.47820732,0.5689538,0.64423764,0.37911478,-0.8710374,-1.0645789,-0.8405514,-0.41782278,-0.17150314,0.03915495,0.6096512,0.361279,-0.32308677,0.6242653,1.1268946,0.0026218584,-0.50004554,0.23771046,0.32132903,-0.056806598,0.54945785,0.8361999,-0.32786778,0.6320245,0.45270064,1.064379,1.815927,1.5753044,-0.3505036,1.1307933,0.69540846,1.7447904,1.3498436,1.4058335,1.5050633,1.1229807,0.48126507,-0.39168105,0.01518057,1.3518918,-0.3272709,-0.28996426,0.4413834,-0.38996735,0.4114386,0.03542824,0.55799085,0.009671697,-0.29907957,0.92863643,-0.79680204,-0.15591265,0.07601483,-1.1111982,-0.3922151,-0.20040056,-0.6069743,-0.012673101,0.30026078,0.50441897,0.5964442,-0.24129751,0.21778244,-0.26812136,-0.16390947,-1.0254734,1.1832666,0.42144024,-0.09902649,0.39871728,-0.031009808,0.6589151,-1.0626918,-0.17618676,-0.0989154
0.33453098,2.2250803,0.40384746,1.3686819,1.874118,0.3433495,0.36905447,1.8750668,1.6807368,0.0068409103,0.27636778,1.4955293,1.4659699,1.499158,1.6067238,1.5979576,1.7277976,1.388156,2.3015103,0.08616663,0.2469511,0.109015584,0.49636674,-0.2501606,0.29120758,0.57996285,-0.5901265,0.2935019,-0.5002825,0.2317358,-0.8410852,-0.35876822,0.9391374,0.17695092,0.96481436,-0.54041445,-0.23669179,0.9549777,0.16160253,2.114042,0.41821682,-0.7829807,0.49548152,-0.42357194,-0.4223939,-0.18535042,1.48206,0.1864837,0.79539204,0.29237887,1.5114635,2.2028666,1.8732065,0.11579968,0.39099655,0.5136257,1.5750782,0.9246077,0.19615582,2.059396,0.63299024,0.8765736,0.994561,1.4489303,1.0823312,0.72444326,0.4487263,2.042789,0.06487057,0.9106099,-0.39084575,0.59511024,0.85641605,2.502616,-0.7121988,-0.49086893,-0.80278987,0.1257054,-1.1640738,0.3009176,-0.79793715,-0.045644958,-0.27472407,0.5686871,-0.94993466,0.5403469,-0.87615854,-1.1532934,-0.863145,0.5853626,0.54060847,0.47214663,1.3233672,-0.29671204,0.5989206,-0.93708694,-1.0206101,-0.33908242,0.28228235,0.03606462
-0.5158223,-0.93432325,-1.7914126,-0.2649811,-0.3575321,-0.9641033,-0.76198995,-0.34049287,-1.348274,-0.65491426,-0.1650818,0.4703483,0.23460044,0.5324653,-1.183972,-0.869321,-0.36819363,-0.16651672,-1.7196287,-0.8346775,-0.52206844,-0.88787144,-1.4963742,0.55863845,0.25396007,-0.50703514,-0.95604473,-0.13911602,0.87685704,-1.2250153,0.34012404,0.6354279,0.07845258,-0.35379165,-0.70734334,0.16025904,-0.029655155,-0.5840305,-0.31210157,-1.2114582,-0.13755982,-0.038606897,-0.41559222,0.47474548,-0.36379993,-0.27030888,-0.6741687,-0.44340122,-1.0957497,-0.31147197,-0.44479373,-0.65789104,-0.78091687,0.003745571,-0.66311204,-0.963895,-0.72172683,-0.9307322,-0.9534321,1.1706918,-0.6640638,0.61124516,0.031593807,1.5820736,-0.59036833,-0.9229065,0.5260631,-1.5304738,0.5614649,0.116979085,0.1666823,-0.9649437,-1.5020283,0.26823467,0.61935914,-0.60146666,0.8670246,-0.6878073,-0.7799778,0.082045406,0.8983367,1.1623797,-0.50097597,0.030945856,0.65576935,-0.15041545,0.5034006,0.42444944,1.4925026,0.52168465,0.44974756,-0.87718385,-0.6255351,0.47273543,-0.51646334,-0.31667325,-0.6029558,0.8933762,0.70776254,0.7724083
0.98227835,-0.63971734,-0.20859177,0.326028,-0.10198927,0.47528046,0.092234425,-0.25292054,-0.19404885,-0.9676411,-1.9755186,-0.25540292,0.47467512,0.49009165,0.5688994,-0.24259047,-0.25146186,0.6246592,-0.28812438,-0.5593228,0.81398803,0.32237867,-0.3085744,0.5657535,0.30941647,0.3031165,-0.51473516,-1.4314687,-0.44327515,2.0292566,-0.5000026,-1.3281277,0.17614025,0.61796874,0.66723084,-0.58660215,-1.7851061,-0.9122216,0.20712212,-0.0074308706,-1.1331506,0.7808882,0.014895235,-1.6673212,-0.38428473,-0.46849653,-0.30492467,-0.99869746,-0.4147656,-0.9375286,-1.343087,-1.4581746,-1.6961093,0.56915957,-0.098378375,0.3913638,-0.410428,-0.63634175,-0.7003451,-0.80287546,1.3717769,1.1164534,0.8831054,0.88528955,0.75974274,0.65931016,-0.78512883,0.48744684,0.12268473,0.25648797,1.5769693,0.50819033,-0.08918918,-0.935176,0.4032132,0.26113033,0.36445913,0.5389714,0.23695546,-0.6256138,0.74415874,-0.21505633,0.15478444,0.2118007,0.9829845,-0.06816796,-0.52525294,-0.026454318,-0.19305226,-0.77218014,-0.9578622,0.025169725,-0.4435474,-1.2317305,-0.7654946,-1.7021037,-0.5743803,0.032626726,-0.16367625,-1.3208741
-0.5778054,-1.4649695,-1.0504942,0.05303956,-1.1518012,0.052090406,-0.47912708,-1.5721363,-0.21964696,1.5225048,0.6113347,0.7160691,1.4558129,0.39447367,0.67617327,-0.95129436,0.89129084,-0.039878704,0.34048894,-0.61171937,0.2583394,0.96627957,-0.006034539,0.30919844,-0.11434624,1.1612188,-0.19483085,0.548412,-1.2503668,-1.2861601,-1.1924015,-0.5048313,-0.34621194,1.2043991,0.8635512,-0.51562184,-1.5964129,-1.4134471,1.3051722,0.7631228,0.18497916,-0.8077249,0.2567895,0.22432992,-0.5572792,0.21150625,-0.91268945,0.524651,0.89950407,-0.6566579,-0.40887204,-1.4352869,-1.5990548,-1.3298218,0.6485533,0.4219912,-2.2846441,-1.177368,1.4219377,0.96497047,0.4268927,1.7928554,-0.1919474,0.9568228,0.3054284,0.44081533,0.3688354,-0.5611518,0.7755305,-1.4941983,-0.3938027,1.4513823,-0.6903981,1.5082064,0.6375749,1.0647899,1.2048987,0.3848204,-0.33094764,0.7238859,1.2123468,0.06763113,0.42149916,0.97162896,0.71866953,-0.2371954,-0.27375966,1.237586,0.14048544,0.322828,-0.3661388,-0.6667977,1.4029675,1.0510777,1.3986807,0.9893367,0.4676672,-0.3582054,-0.26310414,0.09937362
-0.13023633,-0.72499275,-0.5163746,0.3703666,0.048220407,-0.2384616,-0.7112053,-0.36321315,-1.042597,1.2597638,0.12864558,1.7532697,1.0991111,0.043583553,0.8453839,-1.7500476,0.62675,-0.8881798,-0.6524394,0.32924086,-0.31877065,1.199245,0.20575407,0.81765056,-0.65710753,0.85213524,-0.12455098,1.0411117,0.5290521,-1.8118105,0.083051085,-1.2030847,-0.11881703,1.1890662,1.085198,0.96106136,0.65731776,-0.26346767,0.7435522,1.3486192,1.0662975,0.221849,1.7906387,-0.1595234,-0.10476239,-0.5160611,0.14502491,-0.9310145,0.5230355,0.09248878,-0.08429234,-1.1029131,-2.4982076,-1.8423128,-0.48144177,-0.98345137,-0.91706294,-1.3338342,-0.38808483,1.5433614,0.45596775,0.38883248,-0.72055405,1.3355026,0.90549237,-0.18046881,-0.6399356,-0.051122032,0.23815358,-1.8777777,-0.04905892,-0.2638199,-0.52921003,-0.116334245,0.82373506,0.33636177,-0.03983237,-0.56184024,0.08983833,-0.6843238,-0.601752,-0.38356164,0.48171893,0.34143305,-0.43860218,0.6904941,0.0018084534,-0.15295169,0.5190349,-0.2358381,-0.52892345,-1.0193924,-0.067285106,0.19033399,0.58739114,-0.25461316,-0.41155067,0.12657455,-0.35987297,0.15758446
0.48198953,-0.8466045,-1.9205385,-0.42596677,-0.74081427,-0.93197566,-0.5887934,-1.3730253,-0.959068,-0.021074297,-0.14450479,-0.87420845,-0.47106835,-0.816716,-1.1171607,-0.100355685,-0.97454655,-0.8394333,-1.6895616,-0.08881783,-0.73850304,0.53149366,-0.40837938,-0.051759306,-0.4927513,-1.6181699,0.07045237,1.1262074,0.16319364,-2.1968043,1.2459786,-0.114699125,0.7216167,1.0081148,1.6563513,1.8431573,1.0303535,0.7788672,0.5491769,-0.26893473,1.4775777,-0.38199314,2.4677258,0.20620973,-0.107269935,0.77196,1.0930907,-0.17606124,1.0000992,1.2214867,-0.35623127,-0.9425902,-0.5002695,-1.3311965,-0.77051926,-0.7200812,-0.5882817,-0.5655018,0.6490774,-0.019508401,-0.7976522,-1.0632187,-0.14335833,-0.37530783,0.1934599,-0.23356749,-1.108264,-1.0983843,0.008015077,-1.0756595,-0.76254845,-0.27444917,-0.8728064,-0.9907119,0.21433562,-0.6398291,-0.030594926,-0.5906635,0.7800258,-0.12565523,-0.8479553,-0.16518314,-0.35750636,0.8354417,-1.4245353,-0.33470854,0.7462148,-0.869151,0.08514978,0.036315907,-0.021439603,-0.76348174,-0.88727736,-0.5158206,-0.20817992,-0.425151,-0.07175328,-1.5137652,0.077613555,0.012810504
-1.3552505,0.20807345,-0.31662902,-0.7212433,0.2983544,-0.012089921,-0.505417,-0.47036988,-0.6952629,-0.006608536,-0.0012994691,-0.69756204,0.4280014,0.14637849,-0.8909918,-0.061790947,0.3689933,-0.53735375,-1.2507592,-0.13572547,-1.1896079,1.2543693,-0.39641908,0.9748049,0.32069167,1.2718003,0.33519998,-0.615642,1.1068561,0.011098184,0.49476948,-0.5288549,-0.5210676,0.58555156,0.2040597,0.8433987,1.5731012,-0.22032273,0.6539111,0.12700357,0.20495825,0.9330883,1.3276156,0.22489294,0.34976485,0.22046867,0.10410963,0.17641765,-0.22299172,0.6207483,0.40618154,-0.50140506,0.19244188,0.0037769622,-0.6472048,-0.33890754,-0.601904,-0.7339243,-0.37649333,-0.80097747,0.70731807,0.11331281,0.80004454,-1.4442232,-0.1154982,-0.022211576,-0.6213731,0.06975815,-0.38531175,-0.98195803,-1.8098619,0.71029496,0.3659341,0.0063493443,0.7237059,1.0241454,0.53333044,-0.37682116,-1.067712,-0.38870603,-0.20523389,-0.84206665,0.007801672,0.1338081,0.029651789,0.18659507,0.3572722,-0.9040618,-0.6026377,-0.17153086,-0.55205375,0.060771305,0.6268718,0.92075884,1.5686102,-0.06553723,0.18456253,-1.5319265,-0.2949846,0.2635476
-1.1671854,1.3098155,-0.6407843,-0.13790177,-1.0147263,-0.40420872,1.3430536,0.17105466,-0.62682486,1.1180365,-0.027462158,0.579884,0.0081040645,0.2905674,0.34135982,1.1078137,-0.020513857,-0.09985128,0.09412278,0.7129652,0.18494539,0.7532877,0.6562138,0.48577294,-0.5345438,0.27060533,1.2432389,0.2698605,1.4914337,0.73887396,-0.5637401,-0.59209514,1.2987846,1.420113,-0.0152654955,1.673899,1.374218,0.73528415,0.8523122,1.9320385,1.023475,-0.80636823,0.2623873,0.74865896,0.48584604,0.49493983,1.1630731,0.37319306,0.33177704,0.8358087,-1.1002655,-0.61621183,0.74258196,0.05506668,-1.0925343,-1.0930735,0.09610625,-0.7648655,0.34664086,0.60070264,0.5418715,-0.10462516,0.48593017,-0.93804145,-0.6782399,-0.353689,1.0011803,0.0355994,0.91642433,-0.20051695,-0.29926285,2.2117445,0.71198505,1.7178473,-0.12448376,-0.5185249,0.13547477,0.055339474,-1.9146698,-0.6241608,0.8776909,1.3210665,-0.4063663,1.1535286,-0.07234039,1.1668544,1.6649307,-1.101768,1.0893883,0.5555687,0.24915107,0.7038748,1.0658307,0.29599208,0.80186355,0.5502841,-0.045435563,0.60183674,0.8467005,1.08384
-0.61379975,1.3949817,-1.3812057,-0.05999785,-1.3913573,-1.3981661,0.78552413,0.4537408,-0.22126782,-1.768197,-1.2363089,-1.7900025,-0.5527987,-0.9456587,-0.9953443,0.67766976,-0.7186094,0.3814975,0.7690493,0.00026874142,-0.72375065,-0.71465695,0.120079555,-1.3700787,-1.0183998,-1.8671743,-0.6844957,-3.2172978,-2.097241,-0.7021368,0.69571346,0.15861304,0.8800146,0.3043932,-0.6723467,-0.25077012,-0.01020337,-1.0005476,-0.5630461,-0.38644475,0.48445874,-1.2210038,0.048273582,-1.1366884,0.5975537,-0.06058996,-0.5838596,1.0030088,-0.06043049,-0.6515222,-1.072894,-0.360723,0.49717468,0.27609405,-0.8390339,-0.66465193,0.19589143,-0.5329489,-2.07958,-0.8745824,-0.4073141,-0.11162248,0.76143277,-0.20805934,-1.7289442,-0.8853569,0.18477462,-1.2124071,0.22512421,0.5902179,-1.866106,0.3526408,1.4260608,-0.15624624,-2.0815892,-2.3942072,-2.5911088,-1.929921,0.11356493,-1.4790509,-0.5258029,1.7321966,1.2166435,0.699864,-1.0435123,0.47588342,-0.5793341,-1.7446365,-0.99393255,1.482007,0.21670152,-0.51415956,0.0924812,-1.4620944,0.092008956,-0.4301387,-0.14433764,0.97144043,-0.90967387,-0.2423881
-0.05935851,0.13740736,0.15806271,-1.0127357,-0.07699331,-0.35554683,-0.26950157,-0.12847398,0.6395318,-2.0174885,-1.9569899,-0.7663949,0.84397084,-1.0737123,-1.1459585,0.3292901,0.8512225,0.5182861,1.3785504,0.27609318,-0.65630496,1.1733357,0.8285793,0.507351,-0.9152662,0.77402663,-0.29128742,-0.29745805,-1.1764178,-0.20386723,0.60018706,-0.094008885,1.1068989,0.22375463,0.4292761,-0.5659698,-1.929689,1.1528434,0.16309865,0.5545651,-0.035270642,-0.06508412,0.38615486,-1.1963307,0.41511562,0.4962426,-1.3828613,0.52294624,-0.37052366,-0.4497934,-0.9773785,-0.36289275,0.11838724,-0.6650429,0.5517178,-0.05000423,0.25927615,0.088789634,-1.3426496,0.78543293,0.021274734,1.5692222,0.6124042,0.006352601,-1.0476679,-0.3141787,1.0673188,0.5237817,1.0959662,-0.54882663,0.6847155,0.7100729,0.7762639,-0.2174301,-0.14762625,0.34300485,-1.1762606,0.29554585,1.0821923,1.4342897,0.5214375,1.3206997,2.0132384,0.8742189,-0.036156125,1.4564006,-1.0403267,1.6093897,-0.4366209,1.3488821,1.7444975,1.4391062,0.5345653,0.7350158,0.5435748,0.2041826,1.5667194,1.5379726,-0.38480797,-0.459589
0.005334569,-1.6983713,-0.46963176,-1.0359464,1.1340698,0.5014973,0.9424454,-0.9253401,0.47029558,-0.92740595,-1.0543506,-1.2091116,-0.13686289,-2.101121,-2.2419674,0.0961407,0.27238473,-0.60213715,0.01999808,-0.07858607,-0.5744534,-1.1114441,-0.35680905,0.68937474,-0.4764932,0.059838258,1.2107157,0.9059992,0.32548857,-0.702659,0.79183984,0.54833984,0.33023956,-0.148236,-0.23561215,0.6607766,0.18896614,0.35550353,0.5249943,0.71765804,0.041636907,2.0056431,-1.3833301,0.11011271,0.554325,-0.7033561,-0.28437096,-0.10094415,0.039694242,-0.28783533,-0.485275,-1.2086837,0.050874732,-0.99130183,1.0150605,-0.66099155,-1.6824795,0.42563495,-0.8333402,0.20294902,0.07099905,-0.32947963,-0.4368788,-1.2327772,1.05083,-1.2465692,0.845798,0.92697227,0.34613958,-1.3466738,1.1530527,-0.46929637,0.5605861,1.1065379,0.5898924,-0.6403292,0.5713839,0.81160957,0.9050904,0.48971868,0.95811754,0.6176403,0.870626,0.0825827,1.3231457,0.9898426,0.741418,0.18495592,1.1907527,0.956722,0.97352755,1.7888844,-0.06980441,0.75383854,-0.19040103,0.68641174,0.84054756,1.0198205,0.30182815,0.21509168
-0.60440856,-0.653487,0.15840137,-0.065140314,0.24388303,0.07024432,0.9862253,-1.0721662,1.2127051,-0.7907371,-1.2735202,-2.4221025,-0.41003975,0.048991896,0.0012370948,0.5084383,1.0725814,-0.90738225,-0.58400226,0.48329532,0.14982782,0.52208686,0.7107529,-0.19180253,-0.265083,0.081523664,1.2479553,0.8594031,0.32135397,0.14205776,-1.1888827,0.002349209,-1.3018062,-0.09584895,0.30037308,-1.2489415,-0.14698662,-0.035387777,0.641424,1.0563092,0.3775037,-0.9172928,-0.6980354,-0.23472154,0.49434915,-0.044468436,-0.66326016,0.75552356,-1.2169211,-0.18025608,-0.4352738,-0.7990844,0.74462175,0.34991547,0.47544083,0.043690328,-0.42764378,-0.039635822,-0.8216039,-0.6645805,-0.559066,0.998984,0.62531817,-0.5500481,-0.6425054,-0.34910792,0.79679835,0.16515945,-0.09094826,0.7931226,0.8464591,-0.44577956,0.0464761,0.35220492,-0.6075174,-0.20168926,-0.6380567,-0.96675277,0.027680725,-0.17805344,0.047579806,0.5757298,-0.50856024,-0.07165585,1.6641159,-1.641556,-1.1075159,-0.8386327,-0.32786793,-0.54094476,-1.3071843,-0.7603918,0.06337303,-0.8901793,-1.5467182,-0.6315566,-0.2509923,1.1025305,0.036378115,-0.701688
1.3341119,0.6105562,0.64772403,0.11091488,0.696538,-0.0830742,0.48399618,-0.084030725,0.00579616,-1.5023508,-1.6561265,-2.7433655,-0.89914566,-0.1897593,-0.34698462,1.4978864,0.6057513,0.5462004,-0.2762348,1.2596154,-0.5088505,-0.29683438,-0.1444567,-0.36796778,0.1259947,-2.3672965,0.89245695,-1.3502713,-1.6915922,-0.17347838,-1.3094763,0.22146921,-0.8981688,-0.6400456,-0.012208773,-2.2663543,-1.9495268,0.66793466,-0.41595095,-0.77592814,-0.19877033,-2.4043093,-1.2199278,-0.20541508,-0.9404604,-0.21417484,-0.5822609,0.26712036,-0.13190077,-0.21294802,0.7668242,0.09474957,0.7166498,-0.94992423,0.2683257,0.51439875,0.73151034,-0.6803097,-2.6805556,-1.6498471,-2.275133,-1.251064,-0.35137093,-0.2897898,-0.30800477,-1.138455,-0.08780064,0.20007393,-0.5561018,0.8485267,0.33334488,-1.7747388,-0.5053952,-1.2022873,-0.7103648,-1.8211381,-2.1817045,-0.17021397,0.07220471,0.19102229,-1.8175733,-1.3184263,-1.661151,-1.7450472,-0.5114843,-2.08428,-1.5236442,-0.9364297,-1.9529766,-0.9061735,-1.1684557,-1.9451674,-2.8411844,-1.8007592,-1.1436588,-0.3037584,0.16697964,-0.022862252,-0.836024,0.08531371
-0.3290957,1.2003992,2.1314332,0.36255482,-0.6576076,-0.7553166,1.0960836,1.1619239,-0.012349132,0.3893175,0.18117732,-1.9976124,-1.2176441,-1.1424454,-1.4165328,0.8913612,-0.61437917,0.82196116,0.078512095,-0.7136682,0.32890105,0.028771712,-0.4550455,-0.5794676,-1.3845831,-0.44289282,-1.6944319,-1.6157821,-0.45154127,0.3848117,-1.0464736,0.33308545,-2.2020552,-0.8674785,-0.99641484,-0.38206115,-1.0066584,-0.851312,-0.3791617,-0.571194,-1.4294065,-0.6770591,-1.2219802,-0.7634657,-0.69564486,-0.90716755,-1.1021055,-0.8107017,-0.585444,-1.1495835,-1.4462733,1.0011917,1.3245738,0.22086708,-0.41549748,0.3378251,0.16539194,0.24563083,-0.2729083,-1.7928152,-0.05061127,-1.5058571,-1.3521304,-0.20448348,-1.7740518,-1.4310532,-1.4873842,0.08366215,-0.96427923,-1.2736208,-2.556363,-0.71399015,-1.0764565,-0.38147333,0.48896065,-0.24810566,0.54103243,0.0704066,0.90683454,-0.8119175,-0.38879573,-1.6078291,-1.4705476,-0.825143,-0.5561041,-1.4510156,-0.1685297,0.10426838,-1.0889593,-0.34007552,-1.0504516,-0.6179299,0.1981249,0.173287,-0.7753103,-0.25436705,-1.0718865,-1.8191075,-1.0690533,-0.22800072
-2.0174649,-1.6134825,-1.2491982,0.23028153,-1.9805812,-0.8963554,-1.7416953,-0.26960793,-0.059899636,-0.47337964,-1.6659931,-0.39032757,0.14859782,-0.16755754,0.2364563,-0.5135801,0.0036032223,-0.024997924,0.59122646,-1.5507547,0.11691176,-0.052607264,-0.041740652,0.60950434,-0.7892823,0.2968556,-0.26575336,0.35479584,-0.3521786,0.05381448,-0.9244626,-1.5625861,-1.1654879,0.099272765,-0.3123903,0.5753725,-0.005851755,-2.1972194,-0.59011865,-0.9516719,-0.96765035,-0.45227754,-0.8715072,-0.84162533,-0.2654162,-1.636595,-1.2016602,-0.7949695,-2.21004,-1.8362772,-2.643571,-1.4982291,-0.87559736,0.56345445,-1.1902109,-0.69459844,-1.9022286,0.5248985,0.7528189,-0.27146882,0.6126804,-0.033005793,0.09119076,-0.22545171,0.76910037,0.0053584394,-2.134724,-0.6216271,0.36844146,-1.5555087,-1.1484886,0.34229586,0.05693304,0.1426912,-0.44580358,1.1663657,0.29485053,0.2161872,0.2561736,-1.2442797,0.88187736,0.12928024,0.067469895,0.40328994,0.42364216,0.62436944,0.5420054,-0.6412747,-0.013894027,0.26440656,-0.21955658,-0.56758434,0.42781872,-1.1687967,0.58535993,-0.86005336,-0.3862528,-0.40479985,-1.9684135,-1.3383309
0.4890305,-1.0543467,0.45804358,-0.7739879,-0.7398567,0.42336243,-1.3113256,-0.3768473,0.5224461,-1.7904468,-1.6427375,-0.39804062,0.26316556,-1.8930035,-1.6744412,-1.6015865,-0.20784914,-0.50497115,-1.0803707,-0.4632078,-0.32720858,-0.7577393,-0.41188952,0.19444683,-1.1257513,0.66384804,-0.6639903,-1.0691234,-0.1517775,0.13447395,-0.33262327,-1.0456051,-1.5295728,-0.5235757,-0.38956794,-1.1447253,-1.4960372,-1.9628918,-1.3826854,-1.539003,-1.3260807,-0.17716669,-0.5438262,-1.6038264,-0.22952488,-1.6175369,-1.1454343,-1.1765842,-0.83950996,-1.2727689,-0.18187769,-0.30273983,-0.9336835,-0.5077737,-0.81091136,0.35942534,0.054781042,-0.78054464,-0.28376463,0.012265597,-0.25253242,0.483455,-0.053809192,-0.50889844,-0.7796523,-0.815762,-1.2132875,-2.3080842,0.19409777,-0.33535203,-0.54889,-0.5234582,-1.432257,-0.49228454,-0.4913101,0.57154167,-0.45585525,-0.5577779,0.64724106,-0.66032815,0.26053336,-0.76247674,-0.5411308,0.13713165,-0.2462645,0.36352727,-0.3250802,-0.3211053,-0.18807358,-0.9315969,-0.6414383,-1.1128238,0.5064383,-0.31097004,0.36640844,-1.6565769,-0.9329728,-1.0674144,-1.2447085,-1.1123425
1.3901372,-0.55442154,0.82972026,0.33141112,1.108324,1.1427027,-0.0379212,0.41371447,-0.22615844,0.76401126,-0.47476998,0.7166051,1.6390133,-0.19607304,0.90016127,-0.33207643,1.515097,1.3539467,0.40706548,-0.049649205,-0.059348844,2.243996,1.2084955,0.28060517,-0.17588505,0.72403663,-0.7477845,-0.4207034,-1.9846557,2.6117382,0.9074901,-0.5452762,0.81363904,0.64038646,1.2385297,-1.7027975,-2.1148162,2.1100404,1.4079231,1.1497225,0.51879025,1.0916038,0.751797,-0.588456,0.38151675,0.57369,0.51952654,-0.51182437,1.4288212,-0.11666751,0.29335877,-0.35639912,-1.0556762,-0.76746076,0.7166217,0.59319234,0.5588065,-0.36427367,0.063198596,0.65590435,-0.3776966,0.522849,-0.07535897,-0.8027142,-1.1524633,-0.29869726,0.1798104,0.028325306,0.15081207,0.6672622,-0.17403647,1.1945342,0.7571337,1.0351145,-0.711608,-0.5970322,-0.35540372,-0.09944031,0.6961913,-0.54134685,-0.28193912,0.20628154,-0.15823609,-0.25472233,-0.47838116,-0.014415325,-2.2617898,0.5636296,-0.5593044,0.42100134,1.1528002,1.1093073,0.48050052,0.38449785,0.8185095,-1.1347888,-0.37223783,0.53254503,0.57566845,0.53322554
1.366136,-0.36329755,0.56390536,-2.3250313,1.5307422,1.5312037,-0.07087461,0.4358039,0.83617157,-0.41200933,-0.158305,-0.9725513,1.5415357,0.2169464,-0.15429464,0.24993259,2.2347438,2.0241745,0.71724695,1.1083329,-0.037840743,0.10390745,1.7440699,-0.0047549205,-0.5093184,-1.0812873,-0.8216059,-0.82900226,-1.3017511,-0.48531097,-0.08367709,0.012144951,0.87390393,0.4711248,0.8593953,-0.5728137,-0.48453152,2.037479,1.2412198,2.144912,1.4918597,0.410632,0.8126955,0.71216756,-0.24400176,0.7120049,1.0290796,0.648943,2.3911822,0.7592632,2.018062,1.6232007,-0.25280058,-0.6811521,2.1678927,1.5297095,1.2875543,1.5105171,-1.63534,1.5398288,1.2815086,1.4272693,0.51889694,-0.25918517,0.6292818,0.4226626,1.6345834,2.5691125,0.95288825,1.7049241,0.025027437,0.76765096,1.9689397,0.9589363,-1.2495129,-0.26943868,-1.692636,-1.5612769,0.53491765,-0.8144948,-0.140254,1.2686821,0.22003695,0.48679188,0.16995355,0.07638161,-1.287856,-0.0008468245,-0.036303576,0.90327597,0.19483986,1.7285122,0.29256842,0.054075535,0.12683581,-0.6519911,0.5054217,1.5454171,1.4936306,0.81998104
0.63938856,-0.67174006,1.2007916,-1.5966307,1.6640567,1.113395,0.9704715,-0.17289053,0.2663496,-0.91909766,0.07146971,-0.16001315,1.604407,-1.0567496,-0.11214774,0.24161556,1.9380399,0.5432806,0.9448971,1.2595849,-0.91511613,0.17898922,-0.76837885,0.12045078,1.0723076,-1.4891586,-0.3556404,-1.2804796,-0.4028749,-0.27125376,0.26056534,1.2781142,0.7593885,0.24905075,0.28971797,-0.5511344,-1.3719169,0.6895591,0.3133586,1.2355814,0.40070915,-0.6020069,0.0033789775,-0.34392473,-0.26536334,-0.4039368,-0.5542896,0.4414276,1.4757638,0.57844514,1.2982904,0.44378322,1.6379744,-0.15659924,0.9851704,2.2208452,0.15680729,0.99706656,-0.3029754,2.0081437,1.5811585,1.8853006,0.56453365,-0.9203179,-3.0646222,-1.0688125,1.6788723,1.6827263,0.32336617,-0.12282193,-0.24265993,1.4658294,-0.25519934,2.1270354,0.29869008,0.20658325,-0.8270566,-0.5056971,0.6943575,1.2589486,-0.26868048,0.4007308,0.8454277,0.8628966,0.01584292,0.59992135,-1.3182371,-0.42677283,-0.47216165,0.32841784,-0.17526403,1.7730078,1.6336355,-0.1470091,0.9559911,-0.31200218,0.469029,0.9196247,1.4611733,0.40186334
0.40601963,0.439864,0.94045883,0.046984527,-1.1536996,-1.2104672,1.3896115,0.51367414,-1.9798714,1.5889144,0.0058812085,-0.67619824,-0.75602305,0.98325187,0.4817767,0.6039807,-1.0074413,1.177591,-0.47456473,2.489033,0.7749511,-0.14034393,0.9910805,-1.2113978,-2.2053106,-2.1021714,-1.3854542,-0.1588399,-0.38978362,1.213416,0.90787363,-0.2290443,-0.76848,0.16925703,0.091336004,-0.8939217,-0.3449808,-0.35401323,-1.5091271,0.19013876,-0.08008011,-0.5043266,-0.5844401,0.38727766,-0.20988965,-1.0364068,-0.60527474,0.5367698,0.9661537,0.7180647,1.776633,2.1953418,2.611793,1.2158535,-1.0503793,-0.40932414,2.267344,0.40248272,0.17438157,-0.4056609,-1.1792395,-0.71457577,-0.83343583,-0.56203014,-1.9954863,-0.047226593,2.3296008,0.08772275,0.3864597,1.638273,0.9855359,-0.71653914,-0.052600358,-0.14901704,-0.7004659,-1.0333763,-0.09629347,0.17462924,1.5394821,-1.126899,-0.86004883,-0.17708206,-0.54556507,-0.5924807,-2.1351655,0.15415922,-0.3783279,-0.5318525,-0.20762122,0.60612434,0.7892481,0.1869908,-0.71300566,-0.6362773,-0.84760785,-0.0331229,-0.17931537,0.7998942,-0.19208777,0.32481122
0.37416378,1.1000947,-1.0953656,1.2897937,-2.4847395,-3.4688444,1.4423323,-0.029402854,-2.4202142,-0.010014643,-0.38069344,-0.3874651,-0.56660044,0.5761668,-0.25487545,1.473717,-0.5084179,-0.20096523,-0.93011904,0.53096324,-0.19654667,0.017518321,0.28836668,-0.7938834,-1.5617279,-0.9959317,-1.104921,-1.0676259,-0.97667074,0.73791564,-0.16158597,-0.21237768,-0.6130266,0.9161475,-0.15964605,-1.5327567,-0.40785065,0.87017536,-1.6176558,-0.92394614,-0.05662082,-0.5149036,0.08745495,-0.7607448,-0.93163586,-0.20386405,-0.116867535,1.3156719,-0.5050094,-0.27074486,3.0819418,0.62850666,2.273897,1.8829708,-4.160533,-2.5503113,1.4495231,-1.8960019,-0.1742091,-0.59881276,-1.137002,-0.5047108,0.018521152,0.2981204,-0.895993,-0.36693814,2.1243753,-1.2921456,0.59152645,1.4777147,0.6626766,-0.10761061,-0.7314152,-0.96659243,-1.4430985,-1.6193756,-1.1272285,-0.544536,-0.27209526,-0.30095088,-1.090091,0.1942679,0.24701358,0.033026073,-2.091049,-0.43212432,-0.47131336,0.0077401674,-0.48884785,-0.55788654,0.13294576,0.26758698,-0.5944453,-0.29646516,-0.19412206,0.17976248,-0.20698336,0.16207121,0.04541308,-0.43826646
-0.6677348,0.9965921,-1.6050225,0.74698174,-3.081631,-2.6410549,0.8142906,-0.52728033,-1.4748362,-0.14344919,-1.1777508,0.34578583,-1.1595001,0.3900827,-0.24338919,0.44314647,-0.8637746,0.2875087,-1.7386672,1.4584944,0.49318787,-0.30628064,1.0607563,0.15123981,-0.5091503,0.13627382,0.48683614,0.6902564,-0.2406651,-0.8281511,-0.44924328,0.06754044,-0.8613806,-0.06741861,-0.049838603,-0.1198323,-0.91119796,-0.16593398,-1.1375355,0.20171064,-0.59088,-1.7088863,-0.41123614,0.030523187,-0.75930226,0.122419596,-0.11532572,1.5970467,0.5411952,-0.052736085,0.77425915,-0.610287,0.95037013,1.3035283,-3.9147344,-2.7366285,0.3596279,-2.3359375,-0.37228513,-0.45513082,-0.90180147,-1.3313816,-0.8935629,0.33582562,1.3442972,-0.027882662,1.7203377,-0.40997118,0.6350695,0.45949262,2.005582,0.27874538,-0.10360649,1.3211709,-0.42084745,-0.99815804,0.434959,2.1062238,0.2234952,-0.68183863,-0.9301559,-0.33735427,-0.99346995,0.12801386,0.109657355,-1.2448841,-0.62607056,-0.24492404,-0.87506,-0.9982974,-0.7834985,1.710962,-0.596858,-0.66176766,0.05671339,0.18039347,0.6993818,0.79295856,-0.25687158,-0.442731
-0.35547513,1.0183268,-1.9393451,3.2563348,-2.8078868,-3.702815,2.4086092,0.6469338,-2.6307895,-0.93777466,-0.68571573,-0.7908274,-1.0212852,0.5048288,0.95644706,2.3241425,-0.40712646,1.1087945,-0.42160586,-0.4043481,1.4270341,0.99016446,0.43962607,-1.2534617,-2.4620621,-1.6482359,0.87928605,-0.37719408,-0.50659287,1.0151261,-0.7514435,-1.1445305,0.4311323,0.6810729,0.4027447,-2.066397,-1.6181965,-1.5274075,-1.3711022,-0.83101803,-0.8445938,-0.8698477,0.12365636,-0.36692098,-0.038790077,0.39543992,-0.80094045,1.2256415,-0.5914704,-1.2266123,0.48185226,1.6166183,2.7751732,2.1921656,-3.8613737,-3.07396,1.1041486,-2.6837895,-0.48810455,-1.4432349,-2.3695629,-1.1778218,0.117979124,0.6745977,0.51357895,0.28602377,1.9525319,-0.9951214,0.01209407,1.3939095,-0.08022547,1.0739146,0.8510035,-0.6301865,-0.5319112,-1.6853074,-1.0808729,-0.08918546,-1.8083984,-0.61200523,-1.8702452,-1.6594849,-2.1470256,-1.9108664,-1.7020589,-1.3936567,-2.0000727,-1.327866,-1.981488,-1.7833359,-0.94621056,-0.80408585,-1.0758363,-0.031907853,-0.8365568,-1.3035352,0.29886296,-0.8087535,-2.146864,-1.0733433
0.5825018,2.1657043,-1.4346135,4.6225634,-4.2700043,-3.32489,3.4868352,1.2154694,-1.8904743,-0.30880553,-0.4152746,0.80773306,-0.87838364,-0.4325973,0.6256286,3.186848,-0.026988931,0.31667235,0.052728225,0.2236095,0.85153055,-0.047769297,0.27234408,0.55344474,-0.71099466,0.034141913,0.94977766,0.3877041,-0.13934901,0.7290521,0.050887406,-0.2095211,0.7537934,-0.49300948,1.4127307,-1.3793353,-1.0495214,0.7185705,0.60975665,1.6855389,-0.05516897,-1.035091,0.5146306,0.14297733,-0.51331747,-0.119752005,-0.40454048,0.46365625,-0.40774345,-1.5274558,2.5181458,1.2510492,2.9778035,3.7357621,-4.218877,-2.266787,1.4230138,-2.1387064,-0.6649507,-1.0365239,-1.4153558,-1.0746984,-0.23843421,1.010056,-1.3706173,0.9818435,3.1148968,-0.41216558,0.47917223,0.8498413,0.41742554,-0.44980285,1.1788985,0.2397251,0.26704904,-0.16986293,0.2596967,0.9793195,-0.043600924,-0.39758766,-0.09509116,-0.1742276,-1.0239393,-0.50602394,-0.9387527,-0.47438192,-1.6278677,0.67213804,-0.8658035,-0.49706197,-0.030482369,0.72600555,0.53897417,-1.235588,0.06432581,-0.35666203,1.5416085,-0.67984486,-1.3299373,-0.54897153
0.3169493,1.4930944,-1.3858852,2.4833097,-3.3014884,-1.8076597,0.8142226,1.1768401,-1.9198648,0.67754614,-0.26187393,1.1899542,-0.43141112,2.8203905,1.8744214,1.2073973,0.1343331,1.8926504,0.67376316,-0.48744056,1.744782,1.0036273,0.4608604,-0.11853241,-0.3489346,1.2597816,0.6635331,-0.6774805,0.18914075,1.754892,-0.5564398,-1.01963,0.2164832,0.32957807,1.5021201,-1.0620047,-0.8586315,-0.9037361,-0.25821963,0.73154986,0.50243866,-1.4962449,0.50260955,-0.5884488,0.84153235,-0.028909372,0.70374495,0.646997,-0.33405304,-0.69498,0.54756904,0.116194524,1.1452715,1.7773541,-2.4004824,-2.2776527,1.6703812,-0.990724,-0.5891591,0.8102967,-0.25769463,-1.1721201,-0.021178855,1.5545413,0.80412704,1.8707749,0.26535687,0.59535086,0.48394662,1.0502846,0.45614743,-0.53273827,-0.0060731997,-0.26509863,-0.1185882,-0.46947584,-0.63323504,0.67324376,-1.6684463,-0.061918836,-0.92850995,-0.30183715,-0.7162073,-0.3998595,-1.1077125,-0.051256083,-1.0791608,0.68673944,-0.9135683,-0.10191596,0.21453795,-0.70622987,-1.2971808,-0.30637607,-0.7873624,-0.31200325,-0.12489449,-0.37985823,-1.4935365,-0.18131338
-0.5440995,0.5641417,-0.4530679,0.6018634,-0.60169697,-1.0025707,-0.20961757,-0.44159156,-0.91336983,-0.5902074,-0.5000833,-0.630047,-0.0503906,-0.6353143,-0.7582182,0.7024605,0.30845848,-0.37725738,-0.35435927,-0.4485833,-0.78473884,0.7030903,0.2288675,-0.6055944,-0.35721785,-0.5360191,-0.7302125,-1.1427085,-0.9405352,0.4588611,-0.63590276,-1.3819408,1.9058943,0.6367875,0.34165695,-0.4046038,-0.3699531,-1.3046838,0.5094239,-1.1714891,-0.004392784,-0.601382,0.64101076,-0.983099,-0.19364853,0.6514662,0.2404996,0.6925304,-0.78657967,-0.6107719,0.26886937,-0.9600188,-1.2153367,-1.0893116,-0.91694033,-0.5611913,-0.43772018,-0.7773591,-0.5672206,-0.10260148,0.14264074,0.8767903,0.2685924,0.54272676,0.7152251,0.9973071,0.15613542,-0.5894335,0.59633267,0.7632887,-0.74093616,1.2648835,0.7108375,-0.013274307,-0.03035704,-0.26159468,-0.6301926,0.95785874,-1.6807548,-1.3048102,-0.8041268,1.1330779,-1.1088438,-0.66007125,-0.6916848,-0.063621804,-1.1001567,-0.10324374,0.020264465,0.29359403,-1.9773569,-2.4882245,-0.268941,-1.3161191,0.059677746,-0.6505495,-0.7145733,-0.30364457,0.5208561,-0.42000636
0.36066562,-0.6562438,-0.7491988,-0.9457061,-0.59679013,0.20280123,-0.7534179,-0.91632867,0.19631058,-1.1842008,1.1301012,0.36996073,1.446713,1.4029503,0.63965094,-0.3921216,1.152735,1.2713785,0.033729568,0.35513434,-1.5290161,1.2636797,1.314105,0.2092707,-0.5016287,1.5421869,0.32128456,0.73457026,-0.060101397,0.56075215,-0.32710534,-2.0985475,-0.47665977,0.58277607,0.28063315,0.45167783,-0.27282554,-0.966696,0.97838396,-0.42512608,0.022774685,-0.4284034,0.31062883,-0.21087094,-0.1482101,-0.5519868,0.12929314,0.3411493,1.3030119,-0.42715082,0.39271644,-0.9230498,-1.102984,-1.065165,-0.02232921,0.7288085,-1.3485316,0.5227262,-0.212758,1.1833698,2.5754187,3.2380507,0.34855455,1.7201971,0.7375147,1.2469343,0.66478485,1.6266671,0.406556,0.049484413,0.27441937,0.68089044,1.606407,0.033891324,1.3311328,1.9688485,0.81431335,0.085676715,-1.1462692,-0.80517274,0.29698533,1.1190542,0.30233198,0.47840244,0.3778587,-0.47346172,-1.1057106,0.98807263,1.1617553,0.60687405,0.35138124,1.3564585,-0.3546861,-1.0948644,0.2476327,0.6902711,-0.41563308,0.6361462,1.2223052,-0.60036427
0.7724361,2.2103527,0.48865432,0.040550306,-0.3822008,0.44050017,-0.20799436,0.5901421,0.10836068,-1.2117931,1.0715951,0.6514927,2.6655529,-0.16910882,-0.0069555524,0.4378764,1.9082645,0.9356609,1.3308167,0.70274,-1.2214285,1.4208341,1.1690166,1.728253,-1.1410635,1.8192197,-0.015529009,0.4719506,-0.49525532,1.0009446,-1.4424616,-1.0348392,0.10327537,1.5416837,1.4559556,0.9495344,0.10619886,0.7144826,1.0208554,2.0158193,1.183081,-0.14407101,0.77466613,0.071023144,-0.0054279384,0.70434314,1.1117594,-0.13231613,0.88717836,0.5801363,-0.046045434,0.7502857,-1.4024341,-0.86140865,0.8303466,-0.2286838,-0.16624358,0.07461982,-0.9111902,0.5961756,1.7861788,1.9758672,0.69666624,1.1585162,0.33614936,0.8831974,0.4002242,2.4934795,0.6202059,-0.2695352,-0.727384,1.5723954,2.3640878,0.42321143,1.428202,1.1789442,0.4805353,1.9710937,-0.33381397,-1.0941074,1.1156932,0.4463104,0.960833,0.110232405,0.53382814,0.15799418,0.037300766,1.4358886,0.5684627,0.53219986,0.50318533,0.88498485,1.0938305,0.6769408,1.3186256,0.24230564,0.9519395,1.2724627,0.92365766,0.5323352
-0.54154783,-0.18857971,-0.89993435,0.73095316,-1.2833568,-0.0020714612,0.27852952,0.07030803,1.459267,0.28085062,0.4745319,0.024149144,-0.36874834,-0.5790711,1.0846907,0.7305383,0.41460815,1.3621473,-0.42772684,-0.4788342,1.2695622,0.06290328,0.13920219,1.5460784,0.11998505,-1.228487,1.0818504,-0.345302,1.1862844,0.021031296,0.65599316,-0.41548342,1.6881129,0.42545304,0.043431114,0.6747691,0.0455831,-0.66967297,0.0150384605,-0.07829279,0.6024074,-1.0158758,0.25527358,0.14549401,0.65739673,-0.5459019,-0.46355385,0.8131456,-1.6441834,0.26176333,0.025349107,-0.7588344,0.3228924,0.5476493,-0.8274776,-0.27043393,-1.1207566,0.18021567,1.0396613,-0.46963072,0.09781383,-0.290132,0.20587818,-0.5532649,-0.2379209,0.83764124,0.043017957,-1.3680516,0.8188144,-0.49910346,0.5124168,0.30572957,0.2832173,-0.8167394,1.3932593,0.6335253,1.0240917,0.93600017,-0.32152486,-1.1030693,1.302529,-0.087781526,0.29256174,-0.19655527,-0.24472922,1.087247,0.59910214,-0.5289536,0.7148492,0.060867745,-0.19901977,1.5866075,0.8453104,-0.11275995,-0.0038206687,-0.8835432,-0.598722,-0.81432825,-1.6613665,-0.3712791
-0.554061,-0.74872696,0.73011935,-0.7887893,0.19615842,0.4352274,-0.29611516,0.15626757,1.9999439,0.26679674,-0.16881372,-0.7140035,-2.1528141,-0.69794697,-1.0350357,-1.5468148,-1.194797,0.67989296,0.17638433,-0.16332923,0.75920314,-1.1763176,-0.60661507,0.56632084,-0.28042656,-0.36509046,-0.2548561,-1.4057608,0.5577286,-1.0687761,-0.35428685,-1.548097,-1.2859136,-0.21953171,-1.5302608,1.5957673,-0.38910702,-1.1431998,-0.5558851,0.08903378,-0.21346283,-0.4704522,-1.0014752,-1.0570927,-0.1710245,-0.9755411,-0.7237726,-1.7508163,0.1166104,-0.2700369,-0.579533,-1.3555678,-1.1892421,-1.555601,1.0111641,1.5765063,-1.0498332,1.0922838,0.43132892,-0.9878092,-0.17293367,-1.4966574,-1.0102525,-1.5033113,0.85127723,-0.8267525,-1.0996609,-1.2395471,-0.42721,-1.3802016,1.4366176,-0.6135621,-0.40077308,-0.03154685,-0.61767364,0.69163364,0.7904742,-0.58292735,-1.2040949,-1.8072016,-0.053983018,-0.536211,-1.1245996,-0.2597943,0.3962215,0.07799188,0.9089238,-1.3691155,1.3796256,-0.050169375,-0.94209653,0.38295868,0.23117508,-0.0025275713,-0.27063945,-0.7326037,-0.99133176,-0.96974987,-0.5638412,-0.40312725
-0.7329255,0.04785927,0.8833899,-0.9316738,1.0269685,1.3596066,-0.46590438,0.39766887,0.99821603,-2.3316665,0.25414792,-1.8128542,0.525253,0.011365128,-0.67643225,-1.812767,-0.72794104,-0.23530945,-0.99183357,-0.75400704,-0.3959567,-1.2487267,-1.6954888,-2.729204,-1.5112203,-0.4847921,-1.3708992,-1.8359942,-0.9017253,0.1028423,-1.3249546,-0.7077198,-0.7649454,-0.3226247,-1.5572726,0.30560797,0.58081526,0.18729846,0.3593875,-0.44912112,0.8366739,-0.73464674,-0.8826492,0.09009711,-0.92249036,-0.19013642,-0.25906327,-1.0961255,0.8144497,1.8862157,0.42194542,1.176326,-0.9700142,0.04390425,2.048081,1.3019005,1.4187415,0.74715006,-1.3352072,0.849909,0.64879894,-0.096451044,-0.25874206,0.7203854,-0.85778064,-0.6302768,-0.10460384,0.32855836,-0.91145265,0.029194655,-1.9607927,-0.08261939,-1.9153895,0.5232053,-1.7922643,-1.34948,-1.9852238,-1.3455731,-1.6225834,0.1289225,-1.14092,0.4451389,-0.7623567,-0.6507381,-1.5247394,-0.75316787,0.055898078,-1.2694631,-0.20896684,0.6999659,0.5715064,-0.18205714,0.27658933,-0.91493964,-0.25636405,0.05326975,0.16951196,-1.1280164,1.9991429,1.8565536
1.1393654,1.1580412,2.4738908,-0.2586999,1.3182938,1.5867723,0.6624953,1.5572168,1.3838434,0.21060057,1.5571325,-0.7882938,-0.9137524,0.119353846,0.23343973,0.043569554,-1.1192842,0.35655767,1.5424333,0.55556977,-0.5319177,-2.2561889,-1.2161483,-0.8427317,0.5419641,-0.9789788,-1.8654459,-0.653073,-0.9906813,-1.096957,-0.15226665,-0.27994257,-2.1294694,-1.6986012,-2.007053,1.0610646,0.6288299,-0.12276964,-0.70663464,-0.32735026,-0.09229423,-1.2592728,-2.1146262,0.3006013,-1.2836883,-0.41466743,-0.34818304,-0.9832664,2.3076608,1.9549519,1.3267713,1.4085706,0.2373638,0.23980348,1.3045106,1.8395746,1.0257564,1.6856483,-0.07390371,-1.034254,-1.2474943,-1.3497778,-1.2269577,-1.6284602,0.42409885,0.045638036,0.12002748,-0.26339483,-0.50584704,0.3019757,0.62317336,-1.642295,-3.0532262,-0.05304794,-1.032996,-0.12953585,0.12562592,-0.25004005,-0.31247956,0.5723205,-0.18814799,0.6376741,-0.54970795,0.038568318,0.44558653,-1.180284,0.7393156,0.7994282,2.121066,0.48093507,-0.34661558,-0.13707407,-0.76856875,-0.327654,-0.995926,1.010015,0.15565898,-0.17668831,2.2642653,2.0316095
0.48657975,-1.4254748,0.22415246,-0.60659385,0.82903147,0.03606643,0.20644695,-0.20621343,0.45193443,-1.4635087,-0.7029641,-0.81001776,-1.2514981,1.0324348,-1.283021,-0.30592343,0.01091409,0.25251973,1.5084305,0.95499337,0.2466609,0.13643329,-0.20972174,-0.27624273,0.3625466,-0.6365372,-0.24127494,-1.6126789,0.12791346,-0.87953776,-1.884142,-0.36345106,-0.858894,-0.35029414,-0.6886333,0.11559925,-1.2010438,-1.604073,0.096540205,-1.2116691,-0.2373869,0.11155056,-1.1976819,-0.96492773,-1.0591168,-1.0455549,-0.5760685,0.04158046,-0.6690787,-0.9360555,-1.0860857,-1.2904605,-1.0471854,-0.44419158,0.7430653,0.009605498,-1.0188131,0.6191123,-1.7406548,-1.5172726,-1.1877657,-0.6034386,0.49278265,0.19410409,0.21556224,-0.82860136,0.279044,-0.95817965,-0.3986595,-1.2329528,0.30171195,0.019543033,0.5148671,0.03304396,-0.26332518,-0.21561073,-0.2858227,-0.8342652,-0.5304121,-1.7667017,-0.014088659,-0.24032685,0.06733019,-0.48654085,0.43662524,-0.087980196,0.6440441,-1.3362137,0.5125896,0.29196605,-0.92454535,-0.5501994,-0.261671,0.33235094,-0.049237642,-0.078257374,-0.002146964,0.9010198,-0.026014175,-0.0025904828
1.7018964,-0.40242726,0.951923,-1.4866011,0.6834539,0.56766176,-0.5192245,-0.051040567,1.6706666,-0.20659843,0.2958031,0.25382173,0.24204737,1.4696535,1.1484047,-0.40672752,0.85663635,1.1036301,-0.012804194,0.20964022,0.8283816,0.4257912,1.4016068,1.0219184,-0.046993863,1.467632,0.23642644,-0.09938752,0.7420756,0.65038174,-0.15487345,-1.2101572,-1.5641129,-0.028135534,0.13663179,-0.032420516,-1.2404416,-1.3135277,-0.55982405,-0.9558353,-0.92184865,0.415124,-0.55143946,-1.1373072,-1.5071197,-0.0011578759,0.42055815,0.20264591,0.45507157,-1.4870619,0.332799,-1.504537,-0.5400765,-0.17576855,0.99238086,0.4092689,-0.37406835,0.7539001,0.4507085,1.324373,1.3288075,0.4922396,2.2569342,0.36350736,1.3288245,0.27515227,-0.31876606,-0.37096965,0.013308358,0.3816066,1.9798659,-0.11510897,0.38514733,-1.172135,0.038775895,0.42489392,1.076366,0.98909813,-0.2691779,-2.4219263,-0.35938206,0.07645955,-0.04124721,-0.4596867,0.84430873,-0.15746762,-0.30737707,-0.61908513,-0.7510999,-0.85180795,-0.8263349,0.08441012,-1.0510273,-0.56847066,0.15868412,-1.2223618,-0.14860317,0.69054234,0.4816934,-1.0090168
1.2131608,0.50158304,0.9707771,-1.1919109,0.92310035,0.9544131,0.2307546,1.2329593,0.69594085,1.4861015,0.57391137,0.27983037,1.8433453,0.72251475,0.38634473,0.17095344,1.2375426,0.54223967,-0.24513735,0.13390388,-1.0237916,0.30965194,1.264488,1.3196858,0.63206387,1.9054415,-0.28092057,0.39059213,1.0985478,1.0820765,-1.0499032,-0.6132302,-0.23770748,0.20456769,-0.24037392,0.46442482,-0.8568786,-0.030447861,-0.4325341,0.78407365,-0.7175789,0.29507536,-0.6247346,-0.74252754,-1.182438,-0.15485683,-0.2946181,0.044117413,0.1528213,-0.61631185,1.2517521,1.0823755,0.002073004,-0.947221,1.6370904,0.8971601,1.3913153,1.0543396,1.1394211,1.6474702,1.0583042,1.6027521,0.23377816,-0.7160885,-0.013586773,-0.095464766,-0.9863649,1.4034835,-1.3537772,0.68638223,-0.47875294,0.14443366,-0.5586757,-0.89002997,0.6001393,0.38838682,0.33945504,0.09833538,0.08299725,-0.20005873,-1.0552284,-1.3115377,-0.34246722,-0.44267792,-0.022456188,-1.1691058,-1.0498612,-1.310763,-0.7667774,-1.5529785,-0.07930812,-0.44033846,-0.53981715,-0.3070072,-0.24454166,-1.9397674,-0.67543995,-0.11251257,0.16937232,-1.1403582
0.18880773,0.2195355,0.97162694,-0.67916,0.32718447,1.2620564,-1.2159592,0.13198422,0.8410988,0.5735127,2.694308,1.463572,0.353929,-0.7567734,0.21518782,0.5432714,0.27831614,-0.43345213,-0.06943664,0.059401527,-0.25633878,-0.9632839,-1.3167397,0.19808313,0.7826177,-0.4679772,0.24302065,0.537306,1.8344886,-0.5397868,-0.86364037,-0.51559114,-0.95617443,-0.6346867,0.07791282,0.52576053,1.756368,-0.36856025,-0.27078167,-0.5779278,0.09907226,-0.23191954,-0.7236272,0.9841657,0.2849907,-0.3302584,0.3184433,-0.45782822,-0.3600822,0.48662683,-1.6594511,0.8086796,0.22673512,-0.41385397,1.6618996,0.6303611,0.701573,0.4368861,2.9391282,1.4246484,1.7846085,-0.54673237,-1.116463,-0.74478996,0.6302462,0.45598406,-1.4737948,-0.10088716,-0.73992145,0.46142966,-0.2840778,-0.42833674,0.9115966,-0.49891695,1.1700084,-1.1492074,0.5776067,-0.1109746,-0.80695105,0.5659364,-0.2781674,0.21361183,-0.77517396,-0.17644216,0.43994585,-0.77750725,0.7104035,-0.70322883,0.18166384,-0.7696149,-0.99597096,-0.4237717,-1.2716283,-0.37310243,-1.0026878,-0.026134595,-1.5593523,0.38846153,0.6724615,0.29429722
-1.748388,-1.2312607,-0.59760606,-0.69914275,0.8199246,1.067145,-1.260808,-0.3011239,1.0735234,-0.06366333,-0.79346544,-1.0878565,-0.33889857,-0.11025363,0.08596067,-1.4915026,-0.57767546,-0.1980796,-0.100780345,-0.852745,0.56078327,0.06809222,-0.9642506,-0.8273254,-1.0140966,-1.7097461,-0.32542962,0.19826625,-0.24129292,-0.23167078,-0.093938254,-0.21836197,0.5466657,-0.2408911,-0.5628868,-0.028523551,0.7458037,0.3869581,-0.49714065,-0.33645058,0.30086333,-0.7809587,0.7548632,0.60053873,-0.54866844,0.8119564,0.50518787,-0.46829692,-0.05341948,1.0203159,-0.0028646898,-0.79782164,-1.598042,-0.645829,0.970594,1.3122613,-0.32745606,0.35854867,-0.7498777,-1.8856881,-0.76659334,0.27354482,0.52204734,-0.8026601,1.1604086,-0.64368427,-0.4422749,0.32573465,0.64594394,-0.22415519,-0.24443103,-0.5561559,-0.64983976,-0.5783217,-0.4916591,-1.1794409,0.67864805,0.57585895,-0.058265887,-0.69419354,-0.20822196,1.4730803,-0.04810575,0.8307759,-0.16707967,-0.27340728,1.3208361,0.4854664,0.15461184,0.7378532,0.3781335,-1.4030449,-0.60460246,-0.6481888,-0.3138195,0.40743762,-0.014874,-0.31898004,0.30941185,0.43703917
-0.2612615,-0.84359056,-0.05749871,-1.6426741,1.51161,0.19584246,-1.5535465,-0.113918856,0.71744937,0.63126624,0.62379646,0.7793599,0.28516743,-0.013210743,2.2392988,-0.4023182,1.0795643,0.23365544,0.8879586,-0.4245012,1.0525959,0.6873009,0.2559871,-0.54205525,0.6510071,1.2837527,-0.16793059,0.7350787,-0.52159566,1.4125031,0.4775749,-0.24113202,0.59248936,0.51484257,-0.7524902,1.1015042,0.9559023,0.9474289,0.75348645,-0.50410646,0.45611438,1.588367,0.32815775,0.1992567,-1.0708743,0.9647614,0.021267552,-0.7548371,0.52135146,0.7013523,-0.339234,-0.8936512,-1.8565837,-2.0541387,1.5866576,0.66687995,-1.2605815,0.3487869,0.68918663,0.0286366,-0.28128764,-0.14114074,1.3547364,-0.37117007,2.278235,1.5488746,-1.1973474,0.6055542,0.6694219,0.15357828,-0.30912563,0.9176946,-0.026827121,-1.0515217,-0.09170311,0.7899811,0.08851025,0.53814876,0.65277535,-0.5036383,0.66557103,1.0058035,0.644993,1.8452268,0.31468552,0.41646785,1.1797688,1.1427613,0.19094001,1.1918447,1.1205639,0.55083644,1.239528,0.53836656,0.99891245,0.9353307,1.0712942,-0.7038508,1.1078207,1.0291791
-0.6179805,-1.0996565,-0.270454,-0.35045907,0.017962908,-0.31201288,-1.9301485,-0.77336663,-1.0068264,0.43300828,1.0047505,0.07008104,-3.2602968,-1.7155296,-0.74296844,-0.58402175,-2.8324885,0.23231208,0.78398937,-0.08252311,0.69111395,-0.46513528,-0.109218106,0.2639396,1.7672522,0.3263536,-0.8814888,0.2133247,0.041653942,0.09242958,1.8793682,0.18391652,-0.16818026,0.562234,-0.35751933,0.638062,0.7055213,-0.22105294,0.047656458,-1.9645579,-1.2128755,0.43783852,0.045745,-0.0708323,-0.67605305,-0.9968159,-0.048951954,-0.87360656,-0.4934099,-0.3719639,-1.2391213,0.34933713,-2.0921001,-0.17564036,0.60904634,-0.8386687,-1.5567372,-0.61178386,0.11976572,-1.2954717,-1.586897,-3.1284685,-2.2775717,-0.77432543,-0.097469874,-0.9225181,-2.7290218,-2.849392,0.1450227,-1.446901,-0.23681726,-0.5418102,-1.2612756,-1.0427122,-0.39250186,1.2967134,0.9199357,-0.4877886,0.589351,-0.14417659,1.1179357,-0.7063502,1.1548945,0.9669572,0.8684519,0.031073824,1.9489743,1.7895854,1.0383669,-0.024752047,0.14043216,-0.643873,-0.33144635,1.1305523,0.45650992,0.8534942,-0.48601276,-0.99701154,-1.3701098,-0.30776834
0.89024043,1.0293428,1.6202282,0.85118586,-0.11360649,-0.24577464,0.10221843,1.1753547,0.033781648,-1.1864897,-1.9150876,-0.90796465,-2.8083334,-1.2175727,-2.0563784,-0.04479526,-0.006335443,0.11239216,0.54992396,-0.58297044,0.41863906,0.25134057,-0.5985787,-0.1389526,-1.9540064,0.7087354,-1.8143345,-1.2275407,-0.46941957,-1.2471255,-0.2631088,-0.11815152,-0.9260157,0.49009037,-0.20372756,-0.31296942,0.6225652,-0.13220404,0.31148574,-0.38469902,-1.2287604,0.47196883,-0.004239164,-1.2905469,0.31317255,-2.003309,0.061038524,-0.5852503,-1.4795185,-0.5930572,0.6251381,1.4830134,0.49790195,0.8154807,0.4452848,-0.32533452,1.7150979,0.11464797,-0.87318224,-2.2191896,-1.9540601,-2.9987054,-0.5006254,-2.5102375,-2.027276,-1.4430807,-1.2544043,-1.3286222,0.6298695,0.33924443,-0.7085984,0.27321714,-1.1787757,-0.44772807,-0.57567203,-1.2082144,-0.8300848,-1.3963693,-0.36610433,-0.16959001,0.28934872,-1.0857198,-0.034321085,-0.06638173,0.07860577,0.25792116,0.44270244,-2.4860234,-0.7842885,-1.4276655,-1.0249724,0.20418535,0.59465617,-0.32389656,0.39107022,-1.7846321,-2.232105,-1.7082535,-1.6545337,-1.4023663
0.45418897,1.0191959,0.7942226,0.38549608,0.46109352,0.11585911,0.5544023,1.2071872,-0.5084116,1.2054927,-1.6079662,-0.44340384,-1.442487,0.07958371,-0.8478806,0.18090206,-0.09647902,0.79670256,-0.14035934,0.252219,-0.9251935,0.03880649,0.053605285,-0.19930516,0.4024959,1.2232715,-0.62031883,-1.3481026,0.16598077,0.46354455,-1.61015,-0.6032723,-0.68841,0.78125936,-0.43366826,0.6915877,0.016522737,-0.7064445,0.084590025,0.87578934,-0.79821736,-0.021842582,-0.6776633,-1.1526221,0.1862779,-0.6113057,0.06529222,-1.1774298,0.6021623,-0.559298,1.0611504,0.81535274,0.12291825,-1.0250369,0.4858793,-0.2668021,0.94465643,-0.1907228,-0.52943414,-2.6901963,-0.7310891,-1.6027244,-0.26652148,-1.6374571,-0.5100015,-1.2945317,0.50070894,1.1467781,1.3033942,0.35465908,-0.54993206,1.406881,-0.56881917,0.6362166,0.15580025,0.22968246,-0.48358604,-1.482895,-0.25780812,0.6494329,0.026358671,-0.20405963,0.4497695,0.28070423,0.1469447,0.21493505,0.31088996,-0.87685364,0.4824838,-0.1592046,-0.019795353,1.3133907,1.194642,-0.36256525,0.54691947,0.16979443,-0.28587747,-0.08781676,0.20571922,0.2677944
0.1956549,-1.6369462,-0.7451296,-2.253568,1.349635,0.9905658,-2.9180388,-2.2110772,-0.74080753,0.51118696,0.95924634,1.1248547,-0.41608223,-2.218048,-0.85363555,-2.0413325,-1.1752559,-2.627434,-1.2004238,-0.37430277,-0.5426655,-1.3429897,-2.6093974,0.9584943,0.9315793,2.130512,-0.76608694,0.17911445,0.61476076,-2.207122,0.16227162,0.07335509,-0.059318427,-0.6240486,-1.5613074,1.5482072,1.1337326,-2.218304,-1.1851227,-3.1619353,-2.0837393,0.5958366,-0.82830894,-0.7739659,-0.42256778,-1.7516714,-2.568442,-1.3645828,-0.18413432,-0.5967269,0.08952983,-1.1954081,-0.9051598,-2.0983484,0.91430664,-0.2498525,-0.9097263,-0.62150174,0.9491692,-1.1828809,0.73757106,0.060185455,-1.0246707,-1.1471891,0.25778934,-1.0535206,-0.51514035,0.18545872,0.29694283,0.35021403,0.5071691,-0.15280089,-1.4857334,-1.4196298,1.5379295,1.7190791,2.2021124,-0.33990708,1.0604147,0.343873,1.2460316,-0.08437061,0.2085829,-0.7221801,1.0983987,-0.6830229,1.6890837,1.0976369,1.6947548,-0.5380226,-0.044938132,-1.3438598,0.15167716,0.99726695,0.23506348,-0.20441905,-1.6602463,-1.3090595,1.1220857,-0.7573137
-1.7227542,-2.792199,-1.4032422,-0.9884118,0.52093506,-0.14477096,-0.83799714,-2.9506128,-0.07965565,1.9508281,0.4152651,0.9899694,0.4486097,-1.2085505,-0.3059251,-1.7702501,-1.4679605,-2.1219041,-1.2111753,-0.6364782,-1.0296633,-1.1201127,-3.2319615,1.3332617,0.77282387,0.40539452,0.1769477,0.6626059,0.46584255,-0.9283979,1.1391926,0.58733994,-0.24149983,-0.86164296,-1.121615,0.17952186,0.75341487,-0.19574557,1.3147242,-0.6862668,-0.41054302,0.840715,-0.062328406,0.6944728,1.5383618,0.38263077,-0.36489508,-1.1635461,-1.3687952,-0.3545652,-1.0207598,-1.7002273,-1.5061982,-1.392578,0.1687513,-0.41788504,-2.6163876,-1.4636496,2.3101244,-1.0048536,1.6488022,1.0000572,-0.25612673,-0.04434179,-0.8487741,-0.6927409,0.49322227,-0.42212868,0.18295711,-1.934449,-0.8035048,0.776428,-0.30391148,1.5976591,1.8725896,2.6099362,1.1935853,-0.334973,1.9028417,0.76285684,2.7246523,0.66267616,1.129029,0.15114664,2.1138601,0.18004978,1.5118799,1.8489226,1.336834,0.26498932,0.8343472,0.5014758,1.3866428,1.8210487,1.7341572,1.0644685,-0.9649988,-0.029384183,-1.0646385,-0.10197592
-0.9059124,-0.45052642,-1.237887,-0.3171214,-0.3765408,0.6380861,-0.65259546,-0.9805079,-0.9625952,1.088761,-0.39600867,-1.0734019,-1.90219,-1.2213137,-2.3258324,-0.83942026,-0.9518367,-1.154332,-0.28506166,-0.8399199,-1.762059,-0.6780486,-1.8048728,-0.25404108,0.21323168,-0.41172966,0.34388986,-0.8896852,-1.0478233,-1.5133399,0.8121298,0.60848665,0.52954894,-0.45807707,-1.4386079,-1.0941154,-0.18312727,-0.11531392,0.09315729,0.61463237,-0.91962504,-1.2902318,-0.13023223,-0.19518635,0.19128065,-1.2110176,-0.42592743,-0.5523653,-1.1323601,-0.6197736,-0.3872504,-0.3472449,-0.42503974,0.12290159,0.1500399,-0.15546933,0.107918315,0.6400998,0.56872237,0.22236957,-0.9238208,-1.0531448,-1.2166044,-0.471817,-2.4729016,-1.0050033,0.46392727,0.26592317,1.3114878,-1.3166522,-1.7340748,1.2829969,-0.6424534,1.5023986,-0.057835683,0.71841544,-1.2753994,-0.37450433,0.09879076,0.53081036,1.0970727,0.14387697,1.3741478,1.068509,0.68147415,0.34699112,0.53435165,0.8920358,0.24765386,0.015456488,1.1029309,0.8829635,1.5886185,-1.3520122,1.0732025,1.1491271,-0.6050221,0.8916319,-0.7459882,-0.37867534
-0.5228865,-0.21283601,-0.18498594,-1.5155206,1.8461643,0.24933508,-0.6995003,-0.8209,0.061691154,-1.202203,-1.2321348,-0.6620443,-0.60453635,-2.0954816,-0.983312,-0.80924493,-0.8089751,-1.2281214,-1.8579652,-0.3935422,-1.2644783,0.083531536,-0.8761666,0.32384726,0.16379191,0.28049427,-0.024995087,0.5797208,-1.2869624,-0.6564865,-0.21883625,0.37987146,0.9707277,-0.32467017,-0.020785451,0.47561452,0.28827554,-0.30833864,-0.46549964,-0.33977318,-0.7060113,0.4708691,0.7176084,-0.07484047,1.0022578,-0.1231623,-1.0106567,0.1508425,-0.67768276,-0.4757974,-1.4539034,0.27029407,0.78488225,-0.52241695,0.86032254,-0.20845222,0.8712182,0.8993701,-1.4157991,-0.7509293,-1.7073299,0.025810815,0.2197223,-0.19100186,0.3350167,-0.23598236,0.44539267,0.5434392,-0.0074615437,0.95471543,-1.0019188,0.42249516,0.31611073,-0.055454947,-0.23465335,-0.28757337,-0.8147067,-1.1357145,0.28549057,-0.4752572,0.3459717,0.54363525,0.8843675,0.8887151,1.0933076,0.10434955,0.87778515,-0.15202472,-0.1950562,-0.84202385,0.83526206,-0.7626421,0.97960037,1.741883,0.84999883,-0.01991845,0.17553484,0.33306077,-0.19965748,-0.43928468
-1.5498307,0.5381209,0.9925089,-1.1231166,1.371496,0.0806199,-0.9215581,0.99043614,0.8382101,-0.18273051,-1.2064328,0.3876235,0.8446074,-0.09919637,-0.1036038,-0.075275734,0.28428498,-0.08157829,-0.48736495,-2.1794755,-1.836968,-0.21970467,-0.049557958,-0.84374005,2.5809634,1.2978338,1.1435287,1.2594455,-0.7105856,-0.10565811,-1.2452334,-0.20096748,-0.56962496,-1.7592037,-0.006024547,-1.0647601,-0.09595858,-0.008926756,0.61320525,-1.1087526,-2.2162812,0.78435504,0.51605016,-0.23374954,-1.1162835,0.34673005,-0.9068356,-0.480817,-1.3176918,-0.9564313,0.56760347,2.0796676,1.5834312,0.15685928,1.2174134,-0.27783522,2.4622061,1.8875812,0.61801994,1.5609096,1.2301245,0.70856893,0.572046,0.963059,0.47954437,-0.264731,-1.4007807,2.956684,1.0135463,2.0952322,-0.20821618,1.0651587,0.15578006,-1.3470795,1.2455708,1.4053285,0.6860157,0.6903505,-2.019355,-0.2710903,0.7562882,-0.7255751,0.506611,0.33772054,2.2125254,-0.26853746,1.0185759,2.2899976,-0.700855,0.14315292,0.2933415,0.20509616,-0.6434474,0.83818215,1.3206785,0.30969486,0.35716483,-0.1810067,-1.3891158,-0.6204081
0.8666611,0.5273499,0.589844,-0.24228418,0.69749314,0.12462072,-0.3432501,0.4601749,0.20692998,1.1198803,0.9146913,1.8195883,0.68853843,-0.07749854,2.1816661,0.38803956,1.2812881,-0.9857163,0.6769611,-0.651707,0.38911352,0.103280485,0.7649531,1.0026555,2.2364845,2.54901,2.12031,1.0865042,0.16981262,1.337047,-1.5604033,1.0506968,-0.7823646,-0.98413354,0.23530705,-0.19983949,0.102248624,1.0206374,1.0703707,-0.11553086,-0.8743172,0.8251653,0.42870468,1.2902607,-1.14615,0.87453073,-0.38333634,0.30929914,0.310099,-0.0365549,1.5064183,1.5331117,0.0663365,0.94065434,1.7378445,-0.31094176,0.50992036,0.3929548,2.241369,1.2782645,1.3683233,1.0265713,0.01161904,1.5635334,1.2592558,1.8515606,0.28595155,2.4960911,0.57329607,1.0680507,1.4280262,1.3355602,1.6243933,0.25839287,1.5030155,2.185271,0.76170164,1.5365106,-1.0638919,1.8838162,1.210659,0.15367894,-0.08274015,0.11130432,1.7266654,1.1442327,0.29943758,1.7078389,0.87354755,0.52617395,0.76024944,1.4853868,1.3110342,2.0247507,1.4460814,1.6924605,0.64253736,1.2955129,-0.027479738,0.7397375
0.01362661,0.71404755,1.7698582,-0.6203118,1.3164295,0.45166022,1.0387362,-0.5206361,1.419567,1.07031,1.2773705,0.43452293,-0.7192679,0.2871703,0.0083221765,1.8439082,0.12509245,0.09248657,0.9776011,1.8358657,0.2085056,0.12960704,0.6331579,1.1400044,2.1652548,0.26768854,2.4672456,2.4627392,1.5454838,0.5957568,0.548369,0.5218041,0.5529683,0.3350891,0.6565056,0.4575183,0.99295366,2.004096,1.5898224,0.9017216,1.2078279,1.2030842,1.1315678,1.5416524,1.6654172,2.1387184,1.1178278,0.7153088,0.7635883,1.0238614,1.3273028,1.5796052,1.8061202,0.6487227,0.7437044,1.7205118,0.33687714,1.3704185,1.9959127,1.0898265,-0.27799165,-0.78467995,0.85561186,0.27861622,2.3747334,1.0145746,1.4156756,1.4120023,0.83609515,0.9558146,1.2609892,0.6527804,3.0816584,0.9513567,0.6318883,0.12047333,1.0054418,0.83206844,1.0095006,0.924503,0.998266,1.6656249,2.1852446,0.6939582,1.8009818,0.79847026,1.1093277,1.352897,0.7570007,1.0987605,2.494251,0.09591884,1.6385777,1.1312817,1.0263284,1.569734,1.3835323,2.2390428,1.1538699,1.2329693
1.6984403,-0.5964862,-0.339113,0.44785833,-2.0327384,-0.06603581,2.190502,-1.1547132,-1.1402862,-0.9728418,0.42656672,-0.38103545,0.60817116,0.34164658,0.110825956,0.36455187,-0.7016257,-0.5465605,-0.76905763,0.9728346,-0.49869946,-0.1726661,1.1074346,0.22024831,-0.8393766,-0.044040214,0.5120697,-0.77961415,-1.1719562,0.69898885,-0.3630974,0.3091716,-0.21522592,0.04810517,0.42360148,-0.7347079,-0.21511966,0.038672976,-0.36633053,0.9130425,0.5308984,-0.6342138,0.51215476,-1.3236418,0.05855523,0.5549601,0.041973058,1.5754844,1.1691358,-0.29364884,0.66576564,-0.8407012,1.1148446,1.4877288,-1.3523186,0.11475776,-0.74113643,-1.0564137,-0.43919837,0.7233408,0.3031345,1.8605847,1.5278666,0.8988267,-0.36546013,0.8419719,2.7975495,-0.060301945,0.45317072,1.1083717,0.7952622,0.6256951,0.58795744,1.4359357,-0.118600465,0.082269244,0.1052429,0.50478405,0.19626753,0.7341317,0.16404869,1.3051227,0.7048205,0.6721774,-0.36009592,0.207728,-0.8474244,0.076912075,-0.3459385,-0.34830275,0.59316254,0.13002881,0.04504597,-0.6214676,0.024155939,0.7526973,2.1724691,1.5117362,1.7581191,0.07544054
-0.12842897,0.09980768,0.061363596,1.0957602,-0.050558556,-0.33061454,0.56602293,-0.6801493,-1.2794284,0.6426059,-0.119057536,0.18740137,-1.0070835,-0.4891551,-1.1533629,-0.34575123,-0.8617041,-1.0525163,-0.9372212,0.26319787,1.071903,-1.3475853,-1.8740708,-0.20270818,-0.6977613,0.48298854,0.42838717,0.37579063,0.95429546,-0.458718,0.8384876,0.65507275,-0.6227967,-0.64961857,-0.56236976,-0.79747456,0.18007888,1.7739608,1.2936833,-0.05336227,0.06975607,0.6171411,0.6784726,0.51903635,-0.7263409,0.63057774,0.5122552,-0.6674882,0.03667482,0.28190953,1.44754,1.3351698,1.1372672,2.7997112,-0.25363487,0.17323709,1.2245946,-0.46202278,1.6983622,-0.72491485,-0.09662916,-0.733428,-1.2714099,-0.07679553,-1.8510498,-0.43589213,1.5288085,-0.45300058,0.057537466,-0.33152828,-1.446005,0.6332482,-0.691927,1.4983678,0.53661597,0.7443235,0.2237408,-0.18305387,1.4189163,1.0916134,0.51571923,-0.038926143,0.6760556,0.62481916,-0.10652435,0.90788317,0.62025607,1.0903068,0.26558262,0.7634142,1.5672772,1.1609471,1.7232776,1.6955297,1.150247,0.44290733,0.8194017,0.21470594,0.014513318,0.27772748
0.48671016,0.8267849,-0.07423299,1.3657402,-2.7488005,-0.7434402,1.0458679,1.0091515,-1.1408113,0.24792708,0.8636571,-0.180049,-1.1570572,0.89523405,1.6565254,0.39929843,-0.80713475,0.33117828,0.46799773,-0.22345217,1.0551274,-1.6816131,-0.80362594,-1.5905668,-1.577751,-0.7230869,-0.94767374,-1.1397879,-0.4066443,0.33564138,-2.4483435,-0.4021084,-0.59112215,-0.4094856,-0.764626,-0.94536436,0.14466508,-0.520228,-0.30768937,-0.6921911,-0.010671694,-2.0206678,-1.466023,-1.1068785,-1.4477708,-0.16226411,-1.0471039,0.54516006,-0.8593596,0.25334713,0.25906828,1.7742585,1.7416192,2.9158106,-2.01467,-1.2720906,1.4926566,0.74550825,-0.38079002,-1.4919775,-1.6136601,-1.2914784,-0.8511803,1.1499571,0.49557698,1.9875079,1.2904519,-1.2663306,0.4016622,1.4174463,-0.13938823,0.39234924,-0.96212935,1.9765491,-0.09281788,-0.9670939,0.48867893,-0.6468068,-0.63444185,0.07821366,0.21777758,0.9516217,0.344485,0.6755428,-0.29618168,0.8315238,-0.2876336,-0.26312453,0.44171625,1.1023159,1.2990817,0.41441453,1.4236865,0.02323643,0.4411678,0.77735746,1.4850045,0.9306835,-0.29985997,0.71044046
0.9388048,0.7759105,-0.07107757,0.9537584,-1.4725173,0.5803925,0.37215424,0.7111504,0.13550521,-0.013636516,-1.4501252,-0.31663087,-0.4574964,1.6876109,1.326752,0.24327469,-1.9536005,-1.4159181,0.042275492,-1.2214669,-0.061292376,-0.5496922,-0.20043874,-1.3052361,0.0071630003,-1.6503531,-2.2876816,-2.4193604,-0.8468073,0.22005421,-0.14572509,1.6782024,-0.071025886,-1.749817,-1.9108076,-1.3965335,-1.234861,1.417466,-1.6177609,0.21089658,-0.57805866,-2.417131,-1.0622611,-1.795156,-1.5988992,-0.52604175,0.460287,-0.98614246,-1.4627551,-0.6121992,0.90453553,0.5606861,0.33650947,3.118266,-0.5086025,1.2847291,0.10445794,0.74568456,-0.2594619,-1.3727393,-1.382753,-1.0440695,1.2605059,1.5213978,0.6457631,0.93106496,-0.40684587,-2.9324293,-1.2203344,-1.2268883,-0.3420317,-1.9502074,0.028514247,-0.6443797,-1.1849853,-1.1711072,-0.01974966,-0.4746341,-0.99761784,1.1859819,-1.8102304,-0.8188749,0.6592623,-0.7094284,-1.5810056,-0.5470036,-1.0868628,-0.9144757,-0.56430984,-0.49355042,0.08073681,-0.8086073,-1.6449213,-0.57680035,-0.69162124,-0.8787954,0.38162458,0.6083472,-0.60233897,-0.29807797
0.18560548,0.014469963,-0.005342759,0.98107725,-0.22455716,1.313885,-0.26462737,0.5931674,1.7008779,2.0136094,2.084869,0.31827834,-0.41543883,0.61407703,1.328806,0.542176,-0.13323872,0.6603211,0.26041278,0.13267209,1.0339794,-1.0092877,0.6358458,-0.7985941,0.44425985,-1.0882472,-1.3718092,0.07891699,0.23783949,-0.69635755,0.049851697,1.6240722,0.14083129,-0.27730122,-1.4500399,-0.2666777,-0.87163866,0.29679665,-0.50454533,-0.26145482,-0.45586216,-1.1700116,-1.1568033,-1.1225928,-1.3764039,-0.07717375,-0.55315256,0.027664494,-0.19161767,-0.0070620426,0.2621242,0.27328953,-0.39695224,0.64679384,0.45705858,0.59394735,0.30686966,1.2115242,1.353896,-0.04918684,-0.3199706,-0.14701219,0.62490654,0.60141796,-0.023837944,1.937775,-0.5436653,-0.77321434,-1.8118317,0.79924315,0.8808298,-2.110413,1.2212477,-1.6941408,-0.39338806,-0.7687143,-0.09359309,1.9960929,-1.7303276,0.31917313,-1.6976732,0.25763002,-0.5442718,-1.0237539,-1.4784793,-1.8121587,-0.793019,-2.0340579,-0.91405225,-0.900252,0.51972914,0.2340455,-1.3941623,-0.510473,-1.3272806,-1.330772,0.7459668,0.4022052,0.5151879,-0.08770098
0.42811567,-0.09285158,0.88328236,0.6281292,1.9015653,1.8933257,0.53487635,0.31702766,1.3232658,2.5091565,1.0725733,1.488105,0.80710095,1.0586188,1.5329963,-0.8669315,-0.63963705,0.7756214,0.18449244,0.63830924,1.2379864,-0.7512689,0.8897814,-0.027577518,0.206002,0.77656305,-0.22407636,-0.28325546,0.5786821,-0.023603356,-0.661015,1.0326701,1.1502423,-0.80916834,-1.3218098,-0.5616274,-0.54416585,1.9473776,0.44444147,0.6695683,0.288458,-1.2999157,-0.36892828,-0.09708751,-0.5183674,-0.11021721,0.18996228,-0.7923469,0.98304164,0.41213024,0.3648828,-0.08964781,-0.6270327,-0.49064192,2.9012525,2.3790784,-0.60114497,1.6407473,1.3877399,0.4696778,0.4808986,-0.31172338,1.3176827,1.3443204,0.9104884,2.1221473,-0.15064837,0.08068416,-0.6353726,-0.3113951,1.8935857,-0.46256736,0.19716004,-0.20251253,0.2553385,0.18309367,1.2240189,1.7673628,-0.56350225,1.5772858,-0.79817796,-0.7512418,0.40802944,-1.0469339,-0.07169587,-0.3973451,-1.2854296,-0.4123693,0.032244954,-0.30727035,0.4838465,0.025520122,0.6442097,0.42182142,-1.1976917,-0.13044937,-0.20289838,-0.88051003,1.4464811,-0.29932165
-0.9669126,-1.0778369,-0.095534705,-0.20192547,1.3948842,1.2770174,0.0044306335,-0.48575944,0.88382447,2.927511,2.1724489,1.4561303,0.7462253,0.4452945,0.43512905,-0.36873016,-0.5289717,0.4385012,0.22012782,0.74688905,0.42258927,-1.0827365,-0.5324631,0.9253175,0.16415979,0.10643621,0.23433858,1.2058307,1.8602903,1.341201,3.090726,1.7778883,1.3696496,-0.32915327,-1.0579947,0.21703328,0.41609475,-0.009016783,-0.4964647,-0.6081173,0.15477258,0.18738389,-1.0615482,-0.018521452,0.08908828,-1.4108295,0.20756748,-0.027583241,-0.74565154,-0.28765005,-1.8796525,-2.203755,-0.7626296,-1.0965798,0.90144366,1.2653527,-1.4902589,0.4118478,2.1428463,0.20172933,1.1488268,1.6035002,-0.4375543,-0.048834823,-0.33601394,0.32270294,-0.625246,-1.7219682,-0.38857237,-0.9069416,0.463051,-1.0425384,-1.2266101,-1.2535391,0.3855879,2.1308708,1.8055744,0.6098395,1.9408469,1.2734194,0.76954234,-0.13045898,-0.27279088,-0.80473053,-0.31258404,0.08697263,0.20726289,0.514531,0.7203521,-1.314681,-1.4273647,-0.34199515,-2.0464256,0.95615995,-0.61738306,-1.1472136,-1.3390515,-0.40861335,-0.42240974,-1.415492
-1.1163753,0.20374697,0.6707642,-0.2983813,1.3296348,0.11831156,-0.15434171,0.53758794,0.7850607,0.8219495,0.45917785,1.3627512,0.30676106,-2.1289113,-1.7101752,-0.037732355,-0.15264964,-1.5485765,1.0161846,0.14018106,0.6811419,-1.1509316,-0.38909516,0.73694265,1.1873913,0.030592494,0.9976628,1.6173912,1.6261058,-0.16911657,1.9937185,1.7353717,0.3522967,-0.6317689,-0.6934331,0.5409848,-0.09902806,-1.0692196,-1.143391,-0.3404972,-1.1079451,1.2043285,-1.3656614,0.69038725,2.55234,-1.1440499,-1.7632507,-0.9010536,-0.90572995,-1.0207418,-1.3787538,-0.19623724,-0.08564125,-1.1865208,-0.37854108,0.9105248,-0.41449687,0.28430516,-0.33984593,0.075496115,0.21228448,-0.76029843,-1.380076,-1.9271158,0.15046448,-2.6765304,-0.145562,0.6620845,0.304091,-1.0419961,-0.51461905,-0.17350003,0.018285489,-0.07676104,1.5755383,1.9036837,1.459797,-0.24395166,2.3957536,1.6083765,1.3004339,0.23030035,0.9338836,-0.037938774,1.3335887,0.88028485,1.3213408,1.5696576,0.5680924,-0.9015966,0.24064602,-0.051420607,-0.52571523,0.5795871,-0.32315174,-0.2477413,-0.55221105,0.5460536,-0.48181257,-0.9900752
