7Networks_LH_Vis_1,7Networks_LH_Vis_2,7Networks_LH_Vis_3,7Networks_LH_Vis_4,7Networks_LH_Vis_5,7Networks_LH_Vis_6,7Networks_LH_Vis_7,7Networks_LH_Vis_8,7Networks_LH_Vis_9,7Networks_LH_SomMot_1,7Networks_LH_SomMot_2,7Networks_LH_SomMot_3,7Networks_LH_SomMot_4,7Networks_LH_SomMot_5,7Networks_LH_SomMot_6,7Networks_LH_DorsAttn_Post_1,7Networks_LH_DorsAttn_Post_2,7Networks_LH_DorsAttn_Post_3,7Networks_LH_DorsAttn_Post_4,7Networks_LH_DorsAttn_Post_5,7Networks_LH_DorsAttn_Post_6,7Networks_LH_DorsAttn_PrCv_1,7Networks_LH_DorsAttn_FEF_1,7Networks_LH_SalVentAttn_ParOper_1,7Networks_LH_SalVentAttn_FrOperIns_1,7Networks_LH_SalVentAttn_FrOperIns_2,7Networks_LH_SalVentAttn_PFCl_1,7Networks_LH_SalVentAttn_Med_1,7Networks_LH_SalVentAttn_Med_2,7Networks_LH_SalVentAttn_Med_3,7Networks_LH_Limbic_OFC_1,7Networks_LH_Limbic_TempPole_1,7Networks_LH_Limbic_TempPole_2,7Networks_LH_Cont_Par_1,7Networks_LH_Cont_PFCl_1,7Networks_LH_Cont_pCun_1,7Networks_LH_Cont_Cing_1,7Networks_LH_Default_Temp_1,7Networks_LH_Default_Temp_2,7Networks_LH_Default_Par_1,7Networks_LH_Default_Par_2,7Networks_LH_Default_PFC_1,7Networks_LH_Default_PFC_2,7Networks_LH_Default_PFC_3,7Networks_LH_Default_PFC_4,7Networks_LH_Default_PFC_5,7Networks_LH_Default_PFC_6,7Networks_LH_Default_PFC_7,7Networks_LH_Default_pCunPCC_1,7Networks_LH_Default_pCunPCC_2,7Networks_RH_Vis_1,7Networks_RH_Vis_2,7Networks_RH_Vis_3,7Networks_RH_Vis_4,7Networks_RH_Vis_5,7Networks_RH_Vis_6,7Networks_RH_Vis_7,7Networks_RH_Vis_8,7Networks_RH_SomMot_1,7Networks_RH_SomMot_2,7Networks_RH_SomMot_3,7Networks_RH_SomMot_4,7Networks_RH_SomMot_5,7Networks_RH_SomMot_6,7Networks_RH_SomMot_7,7Networks_RH_SomMot_8,7Networks_RH_DorsAttn_Post_1,7Networks_RH_DorsAttn_Post_2,7Networks_RH_DorsAttn_Post_3,7Networks_RH_DorsAttn_Post_4,7Networks_RH_DorsAttn_Post_5,7Networks_RH_DorsAttn_PrCv_1,7Networks_RH_DorsAttn_FEF_1,7Networks_RH_SalVentAttn_TempOccPar_1,7Networks_RH_SalVentAttn_TempOccPar_2,7Networks_RH_SalVentAttn_FrOperIns_1,7Networks_RH_SalVentAttn_Med_1,7Networks_RH_SalVentAttn_Med_2,7Networks_RH_Limbic_OFC_1,7Networks_RH_Limbic_TempPole_1,7Networks_RH_Cont_Par_1,7Networks_RH_Cont_Par_2,7Networks_RH_Cont_PFCl_1,7Networks_RH_Cont_PFCl_2,7Networks_RH_Cont_PFCl_3,7Networks_RH_Cont_PFCl_4,7Networks_RH_Cont_Cing_1,7Networks_RH_Cont_PFCmp_1,7Networks_RH_Cont_pCun_1,7Networks_RH_Default_Par_1,7Networks_RH_Default_Temp_1,7Networks_RH_Default_Temp_2,7Networks_RH_Default_Temp_3,7Networks_RH_Default_PFCv_1,7Networks_RH_Default_PFCv_2,7Networks_RH_Default_PFCdPFCm_1,7Networks_RH_Default_PFCdPFCm_2,7Networks_RH_Default_PFCdPFCm_3,7Networks_RH_Default_pCunPCC_1,7Networks_RH_Default_pCunPCC_2
-7.9868474,-4.1084104,-5.1752324,-3.8531115,-2.74003,-4.0134606,-4.690341,-2.8651433,-3.0717728,-5.5529714,-5.283494,-3.5358922,-1.180227,0.072012015,-0.20505089,-3.3071907,-1.6805931,-1.2830306,-1.7855349,-1.2019732,-2.0576832,-0.8935464,0.21870296,-1.4391545,-5.7617536,-3.3734574,2.5828547,-0.31280208,-4.2217484,-2.1187758,-1.9842098,-8.999363,-2.795199,-1.7925088,4.842363,-0.9324554,-4.112713,-5.9089117,-1.5682158,-4.2227483,-1.991324,-3.2754467,1.3637166,0.2322194,2.2723074,4.094693,-1.3931434,1.4515824,-2.9431376,-3.3558981,-7.10353,-4.2894497,-2.4990187,-3.4332075,-4.728794,-5.5014863,-3.4288871,-2.13632,-2.9604435,-4.202917,-1.8163869,-1.9779265,-3.2643661,-1.7419624,-2.0768573,-0.49674445,-3.5944293,-1.1770558,-1.7437907,-0.94627815,-0.72654325,0.23831956,-0.7053808,-0.76202637,-2.4852867,-4.572272,-3.4006374,1.0890154,-2.850768,-7.961357,-0.69464546,-3.0918937,1.0934492,-0.22781183,1.8874301,-1.0308489,-3.1604552,0.92803615,-2.3141017,-0.032973163,-3.1429832,-2.9896162,-2.5902119,-6.4440217,-1.9318427,0.999877,3.9332087,0.5964037,-5.7715464,-3.5063004
-5.679355,-5.5652857,-5.437099,-4.991026,-4.578412,-4.449083,-4.417005,-4.042718,-3.7474554,-4.6181593,-5.0610495,-3.2736068,-0.7722455,-0.030277869,-1.1477231,-5.3546576,-1.4832921,-2.879763,-0.61510086,-2.7147205,0.056412145,-2.2597694,0.3158432,-2.7047858,-4.880118,-2.3771098,1.3188628,-2.0051503,-3.5838058,-2.098732,0.06943939,-9.14292,-4.3216095,-3.4530497,1.9132895,-5.0930543,-5.191057,-6.7149286,-2.4869492,-4.1743274,-3.4939919,-4.7893114,-0.71473914,0.34634507,1.6672195,2.971037,-2.3016775,0.09387991,-4.5409636,-4.396245,-7.735532,-4.795919,-2.7810555,-4.3476095,-5.3951573,-5.695338,-3.6210268,-3.4489,-3.2278008,-5.3661337,-1.8871175,-2.4592469,-0.78828317,-2.2722101,-3.9395773,0.09712153,-5.4915276,-2.4007459,-1.3798616,-2.4654791,-1.2497756,-1.8084475,-1.4641521,-2.720514,-2.6423717,-4.7586994,-3.765912,0.064638495,0.21231918,-8.285133,-2.0855372,-5.661129,-0.4211575,-2.4730878,0.018138196,-2.1381683,-5.5132017,-2.7066426,-4.088102,-3.5920253,-4.637751,-4.8028026,-4.530285,-4.3867517,-3.4153943,0.6845588,4.037857,-2.099321,-4.3416147,-4.750931
0.67440015,0.63155097,1.3537371,0.3264771,-1.011705,-0.30347607,0.8913636,0.94861305,0.8960198,0.96711975,1.0110394,0.30334598,-0.21410696,0.76317745,0.5676132,1.1249961,0.89707386,0.7819685,0.40092587,0.72822005,0.5137587,0.97404885,2.119427,1.0070606,0.44717988,1.9422996,0.5170531,0.40664625,1.7115043,2.0093458,-0.3075031,1.0957763,1.9289775,2.2114785,0.9420349,0.27042317,0.088970155,0.5293373,0.854448,1.2086341,1.2765905,-0.3054054,-0.1514447,-0.20673978,-0.65874255,0.07497059,0.1434788,0.8700898,0.5964982,0.7025033,1.0705274,0.52398413,0.7088892,-0.58570784,-0.7885499,0.107809365,0.3613364,0.62716573,1.2368163,1.4677929,1.7570525,1.3707901,-0.60341644,0.78454113,2.1941364,1.2538089,1.7151219,0.40777138,0.52217937,1.1182611,1.0199538,1.9025612,0.8953451,1.0728059,0.74151933,1.7332689,0.1521504,1.2296034,1.1887844,2.2591755,1.3501356,2.004639,1.4612911,1.5697739,0.8138474,1.8989305,0.088457115,1.5617772,1.3430359,1.3896625,2.216941,2.0268195,1.672523,1.1295165,0.8704579,0.39229548,0.08209707,0.64056444,-0.08987742,0.9610183
-0.057517845,-0.41013348,-0.5705731,-0.19441062,-1.0771649,-0.4100043,0.95363563,0.34349835,-0.91963655,1.3913999,0.45274103,0.9630242,0.97915936,1.435654,2.0887191,1.7171621,0.70160556,1.4643369,1.4567014,2.100951,1.4255033,1.2682496,2.5836334,2.6378253,1.1310269,1.6290612,1.8902794,3.0372233,2.4653428,1.5254464,0.9430251,0.41950318,2.7978144,2.3202193,1.2724656,1.0883583,1.7790908,0.74565405,-0.44787988,1.0469315,1.1236997,-1.0175189,-1.1684502,0.16964121,0.4386504,0.98268443,0.45757222,2.1797144,-0.119755276,1.0656521,0.546287,0.021283153,0.29985854,-0.71587294,-1.8676493,0.4092126,-0.07699548,-0.030499881,2.3336754,2.1498997,1.3649933,2.0632753,2.6337988,0.8779144,2.6095498,1.595821,0.66056657,0.57134074,1.2874755,1.496203,2.2661319,1.392895,2.2950606,2.0425262,0.6426433,2.3968148,1.2781842,2.555796,2.1430638,0.957468,1.9764315,1.4588214,2.8017542,0.6867043,1.3177986,2.542596,1.5165201,1.3153337,2.344647,1.5723368,2.9564664,1.5755019,2.1797054,1.5802681,0.12756625,0.6263253,0.7657132,2.1387448,0.31142366,1.1940233
0.87483066,-0.044774465,0.811185,-0.5408395,-0.9232398,-0.74852955,-0.042689335,0.12756929,0.3724328,1.3926376,0.17277215,2.226179,3.6412876,2.1562405,2.2006042,-0.08419818,0.43060592,0.62373656,0.49646574,0.5533282,0.34952962,2.0372906,2.5917802,1.1736802,0.10012536,0.25239372,2.4506588,3.062182,1.0305886,1.995563,1.157076,0.22828375,-1.1936053,1.4670515,1.9828848,1.1030505,1.6812576,0.7576619,0.0739262,1.2831485,0.049220204,-0.2884728,0.7564024,0.44640002,1.5932057,0.7389994,1.3837553,1.3681225,-1.1284807,0.23277952,0.8688555,0.58382595,1.4240948,-0.10781194,-0.8359822,-0.25635403,1.7486316,0.22464788,1.5097353,0.7863787,-0.20413707,2.2376993,2.8388336,2.1811826,2.953539,1.7586051,2.236138,2.3864038,1.4378362,2.8162208,1.4138782,2.061816,3.5369873,2.426582,1.2591627,0.62453735,1.5710907,1.5597701,1.4333614,2.703373,2.0490565,1.8797102,3.0801938,1.6317394,3.0805287,3.3937898,-0.09009538,2.698146,2.3435113,2.3068955,1.2788619,3.0095208,2.0021179,0.04157245,1.7629334,1.4716234,1.4006301,2.815131,-0.63609576,0.6446104
-0.5358703,-0.4593594,-0.6113074,-1.1260461,-1.1751181,-1.8093957,-0.86224204,-0.089925595,-1.0111353,0.5433783,-0.04658405,1.4580221,-0.13751827,0.24244069,0.36949313,-0.83037674,-1.5271966,-0.8625316,-1.0738124,-0.8584923,-0.2573971,0.3885719,-0.45793313,-0.583175,1.7800442,0.5358328,1.4765184,1.0132365,0.16574825,1.0176277,0.08012685,0.1911896,-1.2759067,-0.36354983,0.9370877,0.5568256,0.28141224,-0.38893285,-0.08821383,-0.7788927,-0.16910176,0.19288433,0.61352324,0.98083246,1.2901621,1.6883088,0.6242486,1.1403327,-0.26129025,-0.25197765,-0.016621778,0.01737827,0.7045217,-0.2660966,-1.5161903,-0.8314468,1.1139859,0.10773834,1.0463871,0.37798622,-0.32653162,0.57047576,0.49185666,0.05358759,0.14144598,1.1545725,0.98019594,0.57420313,0.19641145,0.6327279,-0.07660616,0.75787354,0.75821495,0.60243315,-0.2396439,-0.42472562,0.64079356,0.780297,-0.49099883,0.38567728,-0.48796886,0.62687355,1.2373888,1.7895778,1.8743356,1.6320332,-0.833267,1.129967,0.16568254,0.548115,-0.20429191,0.656602,0.45852062,-1.5393746,-0.20559274,0.91568786,1.0136008,1.6830788,-0.6870091,-0.16422094
1.2966825,0.96884555,1.9252515,0.19164887,-0.5842628,1.4678836,0.90265244,0.47429007,1.3340983,0.93798083,1.0014061,0.31851977,1.5967063,0.61779225,1.2139376,1.3891834,0.5775633,1.669427,2.2070096,0.48570237,1.5436511,0.4183343,0.7288387,0.25603095,0.614415,-0.4829356,0.10173513,0.65350485,1.0720959,2.2557259,-0.4531979,0.912174,0.886265,0.9031354,1.7390268,0.15700151,0.26366118,2.3758318,2.0349734,2.2472985,1.7540205,0.8461445,2.478609,0.33859208,0.25797775,1.0390542,2.1487327,-0.07591351,0.59572446,1.690609,0.9778886,1.1551034,1.1861061,0.10899606,0.7214923,0.92085636,0.5430139,1.2902962,1.3457017,0.3750624,0.033030644,0.74662066,0.4095383,1.5246962,1.488027,0.96618026,0.81804127,1.2976246,0.48817304,1.7599878,0.3714573,0.69983447,1.3039591,0.8972105,0.23267053,1.0827384,-0.21154745,0.5028341,0.2871652,1.1144155,-0.24765147,0.44198748,2.4996583,0.67930746,1.2537818,1.7518334,0.84240454,0.26955023,0.109546885,0.3947972,2.0756726,2.4944923,2.5135772,1.0402341,1.0019728,0.4012062,1.7792567,0.054980144,-0.16121972,0.8147625
1.1681175,0.7711831,0.46520868,0.5576672,-0.09375931,0.22290255,0.20756754,0.28267768,0.78050935,1.380079,1.081184,0.9596687,-0.1615539,-0.46400192,-0.41340938,-0.0978647,-0.10363528,0.2349411,-0.78625214,-0.82493895,0.64987767,0.45207986,-1.0464857,0.88955176,0.79684514,-0.036751192,-0.58530694,-0.45663473,0.9807862,-0.33681354,0.32956654,0.86217016,-0.060301553,1.1172042,1.0665911,1.4885641,1.4668583,0.9066751,0.6807535,0.7967043,1.0875237,1.6356543,0.5472889,-0.002094229,-1.2060782,0.5719686,0.027385509,-0.15728533,0.38709724,0.9268821,0.4335085,-0.10226216,-0.17667957,0.0720315,-0.12082044,-0.008706268,-0.33307093,-0.27203348,0.2951609,0.19350475,0.93172795,-0.083824895,0.8680891,-0.48090023,0.47400758,-0.28213978,0.61504686,0.3002116,-0.6805002,-0.80193883,-0.08500834,-0.25172135,0.42739886,0.31358746,-0.14985824,0.60657835,1.1006676,-0.27251378,2.067155,1.3205403,0.396063,1.2867014,-0.7512734,1.0575162,-0.5566106,0.07272266,1.5689151,1.3446794,0.19512478,1.1079013,1.1904236,1.0120178,0.9127914,0.959102,1.0165185,0.8932189,0.87828815,0.6394345,0.65480506,0.843881
0.28812966,1.2081014,1.2716962,0.9534653,0.45386463,0.81539625,1.5978093,1.2069497,0.31072974,1.756488,1.555567,0.93391114,0.41577402,-0.14127026,1.6426497,1.0463045,1.2774123,1.6615484,0.536497,1.0485083,1.5383129,0.0022661837,1.185219,1.8897128,1.1301507,0.69011873,1.2196687,2.2644646,3.1137369,0.18959764,1.081071,0.78285235,0.24883206,2.6167886,0.28058246,1.1746556,3.4233212,0.89835846,0.5379864,1.5779318,2.199417,0.6168096,0.4981647,-0.29803956,-0.84280425,-0.038456243,0.50195575,-0.18495734,0.26641855,1.369951,0.29943216,0.52958274,0.027751733,0.039126854,0.7215294,-0.2966951,-0.18465357,0.073824234,1.4840357,1.893638,2.184395,0.22429593,-0.39975032,-0.9209101,0.46999234,1.3699238,0.57846797,0.5660409,-0.022549069,0.8765971,0.50230575,0.35965866,-0.24058777,1.7943777,1.2410437,2.133574,1.9710004,1.6996422,0.72879696,1.1741915,1.1807379,2.3283694,1.7692277,0.4735567,0.5379223,1.6727263,1.9653822,2.340478,1.343583,2.8173144,2.1287313,0.8426769,1.1796443,-0.61766297,0.7999469,1.0178126,1.5400372,-0.026363304,0.26415956,1.2339513
-0.21659496,1.3802377,0.93028706,0.48832813,-0.05072714,0.5179987,0.7014701,0.7065872,1.0927638,1.9499216,0.51655734,1.5626106,1.811244,0.35015613,1.8833404,0.55635554,1.0436261,0.99791557,0.40257746,1.287233,1.508434,-0.7335049,1.8041611,1.8882037,0.55206233,1.4994667,2.6261554,1.708496,1.3978906,1.2753845,-1.7841552,-0.14064918,-0.44792867,0.7826735,1.3106093,1.5605091,0.98869556,0.63355803,0.21355082,1.00372,0.5611654,-0.48230544,-0.18777142,-0.65847814,0.7755229,0.7358126,0.3783968,0.9762715,-0.8625676,0.32778513,0.18258639,-0.39142382,0.8797811,0.14367107,0.06778896,-0.3829406,1.0462359,0.05737433,0.43524095,0.2464255,1.9625276,1.9914452,1.6470759,0.69211847,2.4411395,2.04208,1.1440313,1.8441263,1.1959976,1.0461892,3.1675417,1.6740886,1.5921863,1.4863993,2.3755405,0.08430772,2.6289814,3.197805,-0.38297296,0.6164874,1.19245,0.25261205,1.1415017,0.9379159,2.2445114,2.3930495,0.5291728,1.7457763,0.7780391,1.8118812,0.13908032,0.07009251,2.125096,-1.2355875,0.15618774,-1.2034274,1.5394661,1.4656237,-0.16718583,0.3971057
-0.74920195,0.5101366,0.17235154,0.31533426,-0.51569027,-0.8334139,0.63983625,0.2381828,-1.0024465,0.54225093,-0.41471124,1.002734,0.82436776,0.2856091,-0.3043698,0.3090029,0.24820097,0.33134705,0.55675346,0.54568195,0.3019048,1.3882259,-0.83782095,-0.21831797,0.23873283,1.9567039,0.54550296,0.50842506,0.5478248,-0.18887934,0.18897459,0.4170743,0.6652609,0.293606,0.10040336,-0.08206034,0.94863105,0.5009501,0.28759244,-0.037150335,-0.13790357,0.38519394,0.68775684,-0.14153406,-1.4887813,0.5989391,0.96855724,1.6441357,-0.42509717,-0.1352841,0.14311318,0.91737974,0.81600446,0.8986325,-0.8423866,-1.1559078,0.33226627,-0.6700831,0.22468461,-0.030634878,0.7002198,0.76046175,0.89303815,0.27799818,1.1920853,-0.7438192,-0.4133394,1.2125417,0.29153687,0.7035868,-0.07780157,0.8771028,1.2476245,0.43019092,0.678323,0.18283732,-0.17664716,0.34710428,0.57110167,-0.6177077,0.6038674,1.4508922,0.25972703,1.2970248,1.4274406,2.2013583,-0.3722181,0.8545179,-0.38428533,0.9415533,0.34017318,-0.14149839,1.3668802,0.39088163,0.4303342,0.45958337,-0.18552934,2.100233,-0.27020764,-0.5407014
0.22099641,1.8702345,1.4337437,1.1843224,0.13064034,0.3124924,1.6147902,1.0320569,0.818017,1.1346207,0.74267733,0.80504394,1.0905646,1.545201,1.7377536,1.2726784,1.2270901,1.2108904,1.10278,0.6952499,0.28006428,0.6718842,1.3543252,0.9303946,0.09801066,0.63772196,1.4327723,0.09045181,1.3875725,2.616515,0.5947411,0.18361567,1.6222179,1.5450493,1.6992972,0.7820778,1.2266008,0.030720364,1.0183054,1.3213043,1.1339648,0.51070696,-0.20183556,0.4825838,0.7249693,-0.13678299,0.58406675,2.6677163,-0.6978783,0.27441514,0.44223025,0.7985427,1.2137102,0.64880776,-0.24155088,-0.67967224,-0.33724952,0.10848631,-0.21395381,0.12669863,0.274139,1.1031415,1.7238415,0.59197927,2.6988833,0.99993134,-0.0029800509,1.3193684,1.3951131,0.3178774,0.43574557,0.28068206,1.9389268,0.97346294,-0.112839706,0.5131435,0.3261224,1.4850644,0.48200816,0.54810196,0.50018835,0.40662602,0.83804065,0.5383017,1.2898966,1.7024398,-0.21247642,1.1814795,0.02532067,0.33802968,0.42703792,0.7140253,0.40016901,-0.18174678,-1.837629,2.1836812,-0.28791153,2.1748126,-0.044391718,-0.29156902
0.25993314,1.5328034,0.48438224,1.1775359,0.14618917,0.5822146,1.2640015,0.8908685,0.50096214,0.6985402,1.1511527,1.8662431,-0.1770466,0.92618996,0.8502629,1.6850019,3.1247368,1.3447924,1.9044651,0.77424943,2.3645172,0.24791637,0.99756,1.438695,0.8001252,0.6723304,-0.22693567,-0.0052345153,1.2300112,-0.047995143,0.19052978,1.2036004,0.8159635,1.0072253,0.3908948,0.7581573,1.0836744,0.38304368,-0.12693743,1.2008593,0.9278798,-1.1724808,-0.0070102504,-1.0788269,-0.80330646,-1.8337936,-0.37936214,-0.1420418,0.89015776,-0.32482854,1.0023588,0.5936184,0.4116161,-0.024262145,0.04862507,0.21813552,0.59568685,-0.8067828,0.409557,2.657365,2.3630233,-0.46380943,-0.6432179,2.1565382,0.68011427,0.6197341,0.43281493,2.069652,0.7675092,0.56439537,0.9097917,0.8915334,0.66953695,1.297493,2.013072,2.0105984,1.1089876,0.4316318,1.4316664,1.2200532,0.22651094,0.5029006,0.73013335,0.33542353,0.1779793,0.8415538,0.62808263,0.10372998,0.31954125,1.0891114,1.5518275,1.2138213,1.445908,0.788369,1.0657471,-0.56855136,-0.5877063,0.61861026,0.3945843,0.44408938
-0.95969075,-0.4797358,-0.65989316,-0.33382377,-0.7342803,-0.702384,-0.20536548,-0.15099293,-1.133719,0.028849052,1.1185141,1.2930547,-0.71172696,-0.067678645,0.30534577,1.1561669,1.3944079,0.28666547,1.0372404,2.259296,1.4843488,-0.42961487,-0.2045015,2.6033661,1.255838,1.6997342,1.1527828,0.59192103,1.0048053,-0.329164,0.41654888,-0.4223362,-0.28641823,0.69711596,1.1127784,1.1524472,1.1963469,0.5263093,-1.7932389,0.63411695,0.10718265,-0.43220818,-0.98155564,0.8509494,0.02099678,-0.08257057,0.8614013,0.28990138,0.03865651,0.014795358,-0.25216916,-1.09317,-0.30953228,-1.0672443,-0.2328786,-0.73736507,-0.5746117,-0.69917595,1.5086032,1.3836458,1.6697698,-0.7451253,-0.027822722,-0.09345635,0.32953355,0.25308675,1.3542368,1.4533173,1.6435053,-1.462967,2.2961988,0.9887438,0.28124905,1.6515366,2.2582195,1.1698471,2.0091207,2.6243265,-0.030729337,0.126881,1.8583186,-0.5682551,-0.30024937,0.76106346,0.52688575,-0.12153636,0.8331494,1.2777544,0.90295345,0.93867993,1.2874129,1.1988178,-0.031220373,-1.0190749,0.20254011,0.8108157,1.4125165,1.0264633,-0.6361668,0.29991648
-0.714008,0.6732912,-0.33848643,0.41462132,-0.35944954,-0.2961672,0.0977978,0.3779932,-0.2400151,0.16846068,1.6742867,-0.080973014,0.7904774,-0.7592155,0.13414113,1.0821767,0.51407176,0.04991352,-1.1509976,0.9494209,-0.49921164,-0.83516395,1.400142,1.1049209,-0.11491273,0.5799406,0.49191585,0.35041845,0.31950456,0.33585465,-1.0282954,0.6594173,0.186761,0.110973224,-0.3843199,0.3220541,1.0638119,-0.6799534,-1.1079739,0.7410734,0.46131676,0.38604292,-0.81360924,0.27226496,-1.666071,-0.55345416,-0.51891375,-0.22084093,0.15412752,-0.18858689,-1.0140632,-0.8738812,-0.06474845,-0.21103527,-0.22570065,-0.62965864,-0.048802774,-0.6894469,0.6793492,-0.018266462,-0.20511661,1.5211904,0.66000426,-2.240163,1.174523,0.008780583,0.34330985,0.34300712,-0.29263666,0.041759904,0.7590956,0.7505678,0.5513587,0.87622523,0.86674094,1.1727297,0.89500207,1.3239026,1.0495894,0.11819097,1.1971034,0.5707015,-1.5003413,0.17147277,-0.3917887,-0.6663534,0.24327472,0.8373728,0.35603523,0.8288206,0.30218098,-0.47900522,0.28115854,0.025288088,0.1508109,-0.32276168,-0.038180392,0.30742085,-0.7307219,0.17148422
0.93036246,0.8863897,0.36628386,0.7239312,-0.25141147,0.8470421,1.0109216,0.5743205,0.76251745,0.7025324,0.8363182,0.764558,-1.4339666,-0.86052954,0.051705204,0.62843496,-0.9371455,0.77621263,0.077505976,0.9798768,0.078202575,-0.67232066,0.16065183,1.6449265,0.065223634,-0.74736744,0.32492915,-0.49141937,0.6169296,0.25999534,-0.5681402,0.7031628,2.0331078,1.6284624,0.01212702,2.4145029,1.0221812,1.1277312,-0.27264276,1.7313247,1.9705815,0.6906964,0.81493545,0.38580716,0.21333136,-0.1393277,0.6179408,-0.23668094,0.92668533,1.3365504,0.434414,0.1420453,-0.49453455,-0.18186179,0.13721363,0.78664714,-0.52075577,-0.8366473,1.2464684,0.84993106,0.3583825,1.0712548,-0.14469795,-1.1709841,-0.2687499,0.5337521,0.682035,-0.58437675,-0.33893982,-1.1945434,0.49036506,0.2707561,-0.5517435,1.4345582,-0.23820622,1.1848202,0.33068678,0.5521701,1.251035,1.4026017,1.1565804,0.6882946,0.19972998,1.9638593,0.06449852,0.8120847,0.7237783,1.0673265,0.7684463,1.8161454,0.915718,1.122209,1.5303278,0.05603908,1.5564121,-0.106457,0.9722643,-0.32279897,-0.09267183,0.99969673
0.18463427,1.5491453,1.5005606,1.2903887,0.46073928,1.1368874,1.6011525,1.2097332,1.5911192,0.3808591,0.4896132,0.84031963,-0.2121067,-0.1540146,0.31646132,1.51686,-0.023468956,1.0038172,0.13973595,1.4980106,0.5293225,0.61209893,-0.89019966,1.3866602,-0.1460298,-1.3962129,-0.23978162,0.8268215,0.04344231,0.41085508,-1.1397607,0.6742911,1.7244438,1.3311992,0.34546083,1.5804543,0.50159466,1.8222891,2.3108766,2.3992522,2.2416544,0.5970853,0.66764545,0.99110883,0.92442644,1.6323993,0.997979,0.4832346,0.5485763,1.775529,0.9781294,0.1375945,-0.2514846,-0.12142046,-0.11023344,0.3259796,0.7434743,0.9230567,-0.51403916,0.5305527,-0.49363387,0.8793564,-1.6600168,-0.38716757,-0.9003077,-0.8507214,1.1337996,-0.20153336,-0.18534125,0.168769,-0.2524473,0.45927817,-0.9524073,0.8079849,-0.32024556,0.32408875,0.23138098,-0.7732885,0.6127246,1.438743,0.40287095,1.0957527,-0.6976271,0.48524663,0.5053861,0.7379681,1.8276075,0.7239855,0.8303054,0.7460217,1.3645109,0.68413085,2.0325162,-0.047996037,0.6506193,0.7877867,0.9275858,0.8069795,-0.28340465,1.4128722
0.41218764,1.2273788,0.5293476,1.2320069,1.1938428,1.5971067,1.0566976,1.4470204,1.437889,0.24107927,1.1808851,0.489554,0.27346206,0.06509641,0.6915368,1.3529541,0.71414936,1.6658949,1.545678,0.29583138,0.4391619,0.26951516,0.78970176,0.4614584,0.4050623,-0.8660367,-0.15097705,-0.09685091,-0.2482869,1.6340913,-0.6012146,0.5651203,0.63528025,0.5992261,-0.06671277,0.85223126,1.4314847,1.3518071,1.2313081,1.065162,1.9039159,0.4010064,-0.21139598,1.6797898,0.0016743926,1.7356973,0.74099493,1.1146454,1.3338246,1.9809719,-0.032241613,0.07286835,0.098645285,0.3702841,1.071423,0.6351318,0.2393302,0.215289,0.6402994,0.09536349,0.34148633,1.1289153,0.7975625,0.8002885,0.8125675,-0.14666788,0.50243145,1.3044859,0.016536368,0.29135996,-0.021096809,-0.06835459,-0.15781572,-0.8568513,0.56056935,-0.14397965,-0.10217501,0.4197183,0.78128225,0.7583961,-0.467137,-0.42807174,-0.7000804,0.21683401,-1.4066403,-0.07067493,1.0666298,0.47539854,0.08109554,0.5293031,0.8776201,0.015543612,1.2764679,0.19118771,0.47889563,1.2628059,1.5246117,-0.411394,1.288331,1.727703
0.35819796,1.473809,0.18830487,0.8570234,0.7259957,1.2581844,0.41759765,0.51944923,1.2817512,0.75153714,-0.7826371,1.4186419,2.044537,0.818035,0.650887,-0.20417798,-0.42147675,0.98663545,0.5942436,-0.505874,0.34010828,-0.35183036,-1.2729547,-0.9262971,0.73082525,-0.7546006,-1.1564779,-0.00285677,0.46870148,1.0371786,-1.2466769,1.0433526,0.3024297,0.0350958,-0.15103951,0.16709396,-0.6537781,1.6019715,1.6543593,0.55047333,1.6519593,0.6108903,0.410094,1.0089693,1.7477293,1.7718909,1.4269953,0.22597316,1.9928862,1.6204636,0.8483929,0.58330756,-0.21124762,1.0294306,0.27782673,0.6573629,-0.06276478,0.5058888,1.0977854,-0.04099663,-1.1498259,2.2663085,1.0789065,0.90272105,-0.6200215,0.67356646,0.3831434,0.62072957,-0.35548487,0.21849973,-0.2016212,-0.6119562,0.40614069,-0.004520382,-0.17193788,-0.47254556,-0.028668322,-0.4765112,0.49607775,-0.057217743,-1.1858073,0.49801493,0.73689854,-0.7892277,-0.80344117,-0.035858143,1.0339719,0.94422406,0.036407307,1.0095032,1.3021647,1.1095666,0.70179665,-1.205195,1.5325063,1.6138074,1.9018162,0.38000926,0.82912624,0.08859517
-0.82127774,1.3945448,0.85570174,1.4180983,1.3900658,0.8289192,0.9062992,1.0273461,1.207679,0.97247475,1.7584398,0.038553957,1.0119922,0.53068614,1.4538108,0.8680296,1.7925699,0.8783656,0.61408126,0.8070301,0.96748185,-0.26948357,0.46861744,0.94163847,0.8634375,1.3374475,-1.2870585,0.2953282,2.0874126,0.5444985,0.24630098,0.8228879,-0.11862622,1.1960186,0.0376953,-0.6065269,0.45238444,0.5075662,0.078966275,1.7031664,1.3074099,0.4870931,-1.2136552,0.85536325,-0.49247846,0.0856965,-1.1093818,-0.42667145,0.80008745,0.7021978,0.7959032,0.40927154,-0.014177475,0.95951265,0.79569477,0.65780944,0.10071739,0.40020654,1.1373801,1.7355812,0.6796851,1.9193044,0.13093917,1.2195606,1.7352227,1.8404527,0.992383,0.78901327,0.37423036,0.77566445,0.8826882,-0.33975053,0.50205,0.40245184,1.0854453,1.2947711,-0.46663928,-0.099424735,-0.32792008,0.88192624,-0.010335021,1.7056897,-0.3782187,-0.20419474,-0.61981875,0.46806738,1.5124913,1.1444871,0.6450987,-0.068091325,0.47601044,0.4624818,-0.35088006,0.9654231,-0.7879662,2.269019,0.23057742,0.68599796,0.8728228,0.87536657
0.41242555,1.2466245,1.2986171,1.0163137,0.4160846,1.5312675,1.3646579,1.0687083,0.9864223,2.8485122,0.44730684,1.1913534,0.32010102,0.59523207,0.9288187,1.9358733,2.4024122,2.3265789,1.3919368,2.790823,2.6202157,-0.17611012,0.37077487,1.5943327,1.7049936,1.2791219,1.5020596,2.0055156,2.3403327,-0.17125793,0.74884325,1.2147763,0.36063218,2.1492872,1.8902131,1.9801389,1.3981973,0.514072,-0.5404651,2.1449227,1.8286316,1.1758112,0.039689176,0.87915987,0.732678,-0.17246534,1.8822889,3.0418954,0.94733363,1.7077329,2.050597,0.80748045,1.289538,0.41123173,0.73987335,1.3623884,1.3336382,0.6373153,1.4598022,1.614848,0.19658011,0.1406371,1.5176294,1.1042211,1.6647247,1.454968,2.4153404,2.0763981,2.5690844,1.8579378,2.561332,1.0282719,1.8720063,1.171346,1.1771977,1.0521126,2.6941457,0.23163146,1.0441024,1.4860357,1.6020845,2.7724872,0.90359795,1.8879584,1.1769379,2.364876,1.4370186,2.0390663,2.7215652,1.704658,2.009824,1.6369927,0.22266598,1.0499133,0.24232236,0.59970784,0.061273616,3.082686,0.61643237,2.1019993
0.24197164,1.0036169,0.16178776,1.0689603,0.15718193,0.13891377,1.1277481,0.8701352,0.77590007,-0.1116796,-0.18680112,0.47611308,-0.8951016,0.6809629,-0.14742243,0.70337754,-0.8621406,0.32868314,0.7150287,0.7568954,-0.20700969,0.6746762,0.29964358,0.049576435,-1.019611,-0.26227778,0.5738017,0.599408,-0.52085924,-0.36957124,-0.95120275,0.6415591,-0.56717837,0.38461503,0.8897752,0.6470456,0.7608349,0.5995701,0.30485412,0.7814915,0.7856502,0.8269484,0.5038907,-0.94304544,1.5995584,-0.27468392,0.4521973,0.6824312,-0.122693636,0.37843147,0.21062,0.068827726,-0.0138312355,0.30310822,0.24978815,-0.062288895,0.43535638,0.5553569,-0.5582214,-0.90384716,-0.32231298,-1.2918605,0.049151734,0.26749954,-0.31245047,-0.46848157,-0.20221545,-0.53301555,-0.48649967,-0.41560483,0.7754999,0.04939307,0.54506177,-0.44558677,0.13769485,-0.77778965,-0.16950122,0.03530529,0.46652654,0.8494551,0.11644145,1.4083261,0.58009493,0.61023223,0.67778444,0.27428412,-0.09690357,-0.7630607,1.156178,0.45206594,0.15043277,0.56652635,0.39210024,-1.2560022,-0.2850662,-0.5261508,-0.041670382,0.15892796,-0.534466,0.09711851
-0.50833184,0.6376291,-0.1315579,0.81997985,0.14806364,-0.21614122,0.48719192,0.4099776,-0.8690479,-0.22560996,-0.0074572028,-0.9911846,-0.7307104,0.07995232,-0.43156415,-0.22080792,0.004126946,0.1585667,0.5595267,-0.79738444,0.0962108,0.1497961,-0.6568594,0.20995493,-1.4396268,-2.933639,-1.9944092,-1.5543696,-1.7518054,-0.9187966,-0.28582582,0.07090437,0.26175824,1.4987556,-0.6961409,0.33586505,-1.6689376,-0.23604974,-0.40514594,0.19936274,0.8071895,-0.4951857,-0.5396045,-1.3448509,-1.4434422,-0.9109038,-2.3809898,-0.65226734,-1.015851,-0.32833394,-0.29224342,-0.2716588,-1.0119926,-0.5409159,-0.7627574,-0.74506974,-1.8016477,-1.6299813,-0.9312302,-0.56459177,-1.0540621,-0.9988095,-0.788119,-1.4394554,-1.2944502,-0.51021695,-2.0336025,-1.3818774,-2.2581055,-1.4104255,-1.4569118,-1.1195265,-1.7588745,-1.706381,-1.4730526,-0.5427266,-1.4086233,-1.4249094,-1.1488135,-0.8418002,-0.8479296,0.48258728,-0.67940915,-0.28319076,-1.2736474,-0.63274395,-0.78781265,-0.7960921,-2.2635245,-0.81526107,0.53695136,0.27270204,-0.7872667,0.2384132,-0.072631955,-0.67358696,-1.5609193,-1.5212151,-0.5072942,-0.4085753
0.29798037,0.16328189,1.1839006,0.51971215,0.44010535,0.7218599,0.72179353,0.49831423,1.0195826,-0.15178655,0.36254606,-0.20269799,-0.029416926,0.52579224,1.792241,1.0242951,1.6345224,0.0067045926,0.551176,0.43060425,0.121929206,-0.41816965,-0.1287619,0.3194619,1.5313945,-0.65470904,0.5558009,-0.5993971,-0.09846279,-0.2681387,1.2896526,0.3966924,-0.23321392,-0.09266959,0.05849792,-0.14743046,-0.17826171,0.38644555,-0.27482802,-0.5065239,0.4693665,-1.2087587,-1.1717647,1.7258351,-0.39865437,0.22954087,-0.6283274,-0.44181946,1.9987258,1.1547166,0.50915897,0.384726,0.04979452,0.15042913,-0.16332157,0.2918512,0.10417546,0.03942153,-0.30040783,-0.38875762,0.08074979,0.78216577,0.36802867,0.07254982,0.4983689,1.406856,0.3821741,-1.18315,-0.3164563,-0.10862264,0.66112363,-0.4835558,-0.09116769,-0.1462606,1.1516753,-0.31891873,0.5325807,-0.4137528,0.92537194,0.4408831,-0.4951014,0.27616808,-0.16467279,-0.071041696,-0.09511755,-1.2529197,1.0020006,-0.9280939,-1.814447e-05,-1.3857725,0.86158574,-0.4915605,-0.11765982,0.06880809,-0.6711237,1.5695163,0.6730463,0.89715874,2.2412336,0.9727647
1.8850385,-0.25583315,-0.41312113,-0.09962627,1.1537505,0.49700153,-0.83446753,-0.71428186,-0.3619738,-1.0648711,-0.0792342,-0.32714996,-0.8465491,-0.2752863,-0.15278395,-0.32511625,0.8444849,-0.85409015,-0.91255504,0.9139289,-1.0406675,-1.3917283,-1.5096725,-1.2311763,0.72021663,0.5352114,-1.2080406,0.57709235,-0.81716084,-1.7115704,-0.33718887,-0.047752667,0.17313235,-0.67019755,-2.1435645,0.41934732,-0.9345332,0.754412,-1.2472223,-0.6638983,-0.5897217,0.50982994,-2.0605197,1.4269878,0.23604603,-1.1036671,-1.4383653,-0.28990486,2.4074736,1.6545372,1.7679405,0.15872186,-0.43252793,0.699535,-0.40711632,0.7638598,-0.4362306,0.021611538,-1.0279001,0.10662845,-1.593602,-0.51853514,-0.9563563,0.11485347,-1.6081914,-1.0263418,0.74152243,-0.6206458,-0.014814942,-0.15754564,-0.7917672,-2.1446378,-2.082628,-0.540256,-0.8670972,-1.3479333,-0.16433524,-2.1083288,-0.3481325,0.42692393,-0.20263161,0.12826136,-1.5206954,-1.7874874,-1.8551744,-2.9359791,1.3469503,-1.1803567,1.3303453,-1.4774925,-0.5341366,-0.111125946,-1.1363415,0.21285807,-1.0556102,2.502661,-2.0570476,0.3859831,2.4180639,2.350084
0.7079875,0.017389985,-0.46785596,0.4503624,-0.06418153,0.34842962,0.55852807,-0.38694748,0.20989275,0.24463113,-0.22982264,-0.12775715,0.19514821,-0.25001225,0.7689983,0.23226081,-0.10208284,0.19361481,-0.46555308,1.3402458,-0.33335334,-0.8688498,-0.88729674,-0.4292213,-0.062056903,-0.48197985,0.1502457,0.70920557,-0.16019139,0.625432,-0.9441682,0.48750895,-0.003927107,-0.036142252,-0.67832184,0.93338907,-0.47683376,-0.40751433,-0.8528547,-0.79979473,0.3946385,-0.7726111,0.0707997,0.44594178,0.35907194,0.40397936,0.51416916,0.8944929,1.2825269,0.9660329,0.3379283,-0.04391397,0.2594485,0.37870646,0.47584018,-0.118687354,0.64846635,-0.35017422,-1.2719522,0.27971056,-1.1750476,1.0692996,1.1312834,0.119880006,-0.09843924,-0.47089455,0.8036084,0.6314796,-0.93819046,0.33735886,-0.71788263,-0.7657983,0.24499351,0.29488555,-0.6753878,-1.301437,1.1976154,-0.33985642,-0.22818281,-0.3307988,0.2642007,0.76465535,-0.5823826,-1.1227094,0.5482409,-0.029068148,-0.5011252,0.10692861,2.131659,0.60876054,-0.9039637,-0.7123738,-0.17071326,-0.17192148,-0.19322374,0.34199,-0.0071732923,1.810735,0.75248456,0.9957125
0.63849694,0.83672416,1.4056181,0.887171,-0.192868,0.21275574,1.6738733,1.544078,0.7868156,-0.27363142,0.79914415,0.39273965,-0.34884632,-0.37187263,0.45309815,1.2737454,0.5655659,1.075324,0.4365536,0.995043,0.85138017,0.9984149,-0.2176541,0.47700873,0.56197506,0.95950854,0.09938933,-0.026194196,1.1943117,0.46317387,0.17631283,0.97721034,-0.2892684,1.0552324,0.43262672,0.89380753,-0.051210236,0.16784362,0.47377375,0.9775017,0.600602,0.14192533,0.6486768,-1.7514378,-1.0603938,-1.2539374,0.96133155,0.7364542,-0.89935505,-0.37616757,0.6373886,1.025549,1.6427294,0.35210395,-0.046151146,0.18268776,1.3124554,0.36172768,-0.038816646,-0.14657082,-0.16371357,-0.8124248,0.83559895,0.3438843,-0.6275462,-0.48091644,1.1362194,-0.03805244,-0.17604335,0.2604873,0.9923046,-0.13503927,0.9698897,0.6669799,0.5755745,0.28457052,0.4042359,0.84091496,1.1798799,-0.13276446,-0.022710245,1.2718887,0.24389173,-0.3346464,0.3597756,0.5412929,-0.52577454,0.51725197,0.4801014,-0.31393066,0.34120247,0.1976303,1.1959282,-0.1355534,-0.6139969,-1.864453,-1.0624201,0.64417094,-0.37866816,0.17962731
0.40848374,1.0139832,1.1098691,0.6418524,0.4850393,0.56142795,0.61212254,0.09552252,1.0773027,0.091966435,1.0486493,0.573686,1.3105633,0.20068952,0.92999405,1.1732275,0.73480535,0.27961296,0.19942644,0.30960673,1.1441412,1.6326181,0.8823204,0.9757313,1.5582057,0.55973655,0.10466033,0.47046122,2.3268235,1.2390541,-0.94557595,0.87090236,0.3066203,1.055292,0.46943638,0.71262187,0.5588789,-0.725114,-0.8266276,0.80706614,0.31016785,-1.3252383,0.109898806,-1.7293991,-2.4845223,0.16231899,0.01421235,0.2631266,-0.36721033,-0.2879139,0.45136333,0.3455299,0.48138434,0.87630135,1.2641973,-0.041900396,0.80229604,-0.0607906,0.5217416,1.0426959,-0.02986926,1.4324754,1.7651572,1.0694671,1.6171169,1.4995078,0.082218006,2.1728308,1.8399199,0.777488,1.6486332,1.3182603,0.97765636,-0.17394255,1.6012443,0.456511,1.5272496,0.826475,0.44492134,-0.08671434,1.9022547,1.4627208,-0.148978,0.9476341,-0.15428911,1.9035192,-0.11776468,0.20821872,-0.38659865,0.7395077,0.4568845,0.21136585,-0.36716297,-0.034157835,0.6448004,-2.0265863,1.1031035,1.5866152,0.02650581,-0.9890573
0.19640625,-0.91826355,-1.3563813,-0.7403846,-0.3824441,0.0003255375,-1.0082242,-1.3160088,-1.516607,0.04830018,0.44914192,1.5480587,1.2419624,-0.6458295,0.31420764,0.017547214,0.35097858,-1.6093204,0.28948826,-0.3527481,0.22728738,-0.13652745,-0.093824975,1.0581529,1.4873861,0.9139514,-0.33879402,1.5510389,-0.4455586,1.047646,0.19612367,0.40424827,1.6524763,-0.3340157,0.3109889,-0.651529,0.85475904,-0.23935103,-0.7443082,-0.4917469,-0.91402817,-0.055104133,0.18849665,-0.07300918,-1.1962764,0.4307084,-0.40507936,-0.44673944,-1.3281456,0.018892333,-0.12740329,-1.2800999,-0.08514779,-0.35334817,-0.6963417,-0.31272018,-0.26565483,-1.554683,1.412486,0.53771067,0.77971214,2.305199,2.1247625,-0.42291585,0.77563506,0.93211937,0.7033642,-0.075538106,0.4244043,0.046179757,0.18981735,1.5024582,0.049591072,1.1156267,0.8034185,1.9102868,0.52761847,1.5055673,-1.4616963,-0.09899991,1.5296247,-0.49977857,-0.27044198,1.610949,0.37838992,2.084617,0.41281867,0.7916344,-0.4774271,0.28265032,-0.24481967,1.0628605,0.054628033,-0.2198672,0.6560352,-0.38217455,-0.061621755,0.058702927,0.222535,-0.93843365
-0.6419641,-0.18240239,-1.3320153,-0.2643593,-0.0657818,-0.38246042,-0.5874712,-0.4937701,-1.8705848,0.6165175,-1.7104938,0.55817,-0.49584803,0.2882624,0.8932238,-0.15607682,1.0481756,-0.42025596,0.17758295,0.73917663,0.79523814,-0.25504628,1.9388574,2.1140873,2.6848679,0.4685794,1.9735458,1.5368325,0.7486598,1.6895885,0.6405257,0.31696424,0.4994374,-0.17340003,0.8011732,-1.2646831,0.2490771,-0.11510445,-1.4644213,-0.14619644,-0.9583785,0.13585682,0.25904852,-0.49005032,-1.0585439,-0.75227576,-1.0176573,0.9924354,-0.31584036,-1.420067,-0.03780106,-0.60651016,-0.27958024,-0.13233623,-0.34320852,-1.0587938,-0.06890383,-1.2529019,1.2528625,0.23222281,1.3371482,-0.11585601,1.1410948,2.5112655,2.4296293,0.24713181,0.4517637,0.35961014,0.8965818,-0.427472,1.9478298,1.1668055,1.4675843,2.150129,1.4627985,0.74519706,2.24667,1.6531172,-0.8243201,0.9450612,2.065917,-0.6008958,0.030630419,0.9399728,1.8417634,0.33110955,-0.11764634,0.32539117,0.23756757,1.0281359,-1.6895843,0.43938765,0.045077264,0.807545,0.48319033,0.018913044,0.8410344,1.7178681,0.32866526,-1.2815727
0.30748504,1.1265045,0.6119988,0.9426717,1.1625454,1.113243,0.7992953,0.50085515,1.0616612,0.62170815,1.4755797,-0.37293038,-0.30087125,0.21190499,0.702535,1.3072404,0.06907958,0.6805482,0.193543,1.9936824,0.74724245,-0.38881359,0.41784933,1.4373347,0.87082434,0.21882892,0.6153424,-0.057547837,0.07078191,0.23400001,-1.0069295,1.1175503,-0.1547989,0.6023615,0.55480355,0.89530194,0.2346558,1.098751,-0.09185253,1.533555,0.20313929,0.3641439,-0.49204785,-0.5577569,-0.04218154,-1.1787549,-0.04097738,0.5088541,0.959536,0.48217115,1.1114576,0.71147287,1.2445333,1.3477318,1.1782513,1.9952104,0.4581757,0.8951157,1.6645918,0.86818475,1.2924255,0.6350799,1.3491719,1.4735663,1.2168372,1.3054429,1.4128544,1.7425009,2.009214,0.69871193,2.2940803,0.40330467,0.7941118,1.0395142,0.94502866,1.0297112,1.7855694,1.349704,0.1774843,1.7008029,1.322559,0.8366241,-0.5638535,-0.20456663,0.67683005,0.29175815,0.43061423,0.20317096,2.152725,1.2450215,0.47644138,2.0731971,0.4469552,1.1756977,-0.24977182,0.405211,0.069434024,1.114346,0.38799778,0.5557901
0.7263982,-0.17456746,0.29724476,0.23477243,-0.22899796,-1.4349983,-0.5524709,-0.3063955,0.5620179,0.0042429017,-0.46384716,-0.6264358,-0.9205691,-0.33544838,-0.500709,-0.64907074,-1.5238024,-0.47277233,-1.2029635,-0.3566762,0.6591671,-1.0093359,-1.2436616,-0.39850926,0.22740941,0.30558044,-0.1697847,0.9648543,-0.7922257,0.14216138,-0.18214181,-0.028358659,0.13934602,0.123794876,-0.42610398,0.7265456,0.12370109,-0.6400497,-0.9956273,-1.3207577,0.07011986,0.09748953,-1.5492721,0.47534683,1.8752197,0.40429917,0.40622914,-0.3327026,-0.24548896,0.62855124,0.076785445,0.05578709,-0.7632452,0.0708117,-0.38649574,-0.57290506,-1.2617964,-0.20846291,-0.19801502,-1.0974318,-0.5012196,-0.8145387,-1.0243613,-1.6171399,-1.020434,-1.0788543,-0.24806722,-2.2403407,-0.9275394,-0.12328005,-1.3612765,-0.7544732,-0.7055279,-1.3340724,-0.54259217,-0.8103647,0.7914863,-0.4686701,0.23071207,0.4312902,0.09226176,0.14198095,-0.141648,-0.15345292,-0.30267456,-1.76056,0.572935,0.9052608,-0.3598528,-1.1718298,0.18615471,1.0620067,-0.26952845,0.9746778,-1.0981367,0.61031264,-1.1687657,0.15548584,-0.9612995,0.231817
-0.23144569,0.17849787,0.40800115,-0.008977043,-0.57193,0.07391164,-0.7640235,-0.3316184,-0.004143928,0.47901154,-0.9025664,-0.94479,0.8163857,-0.49283937,-1.2889208,-0.29926276,-0.69533193,-0.21987695,-0.60337824,-0.6360105,-0.369746,1.158714,-0.11547441,-0.0026247557,-0.19627185,0.49012318,-0.89309543,-0.79380566,-0.12922049,0.45737633,-1.014963,0.6514046,-1.1112719,0.27599472,0.5291489,-0.20967542,-0.35111654,0.3029822,0.39666364,-0.24282038,0.034854542,-0.55025643,1.029168,-0.91356224,-1.220652,0.8918898,0.8997808,0.65868807,-0.5905154,0.0031958702,0.35720146,-0.10803396,0.39510873,0.602523,0.05425782,-0.34370342,-0.09863768,-0.38574076,0.37458035,-0.32842365,-0.46482015,-0.17569669,-1.5752773,-0.4734058,-0.28532234,-0.7509091,0.417411,-0.61419535,0.6813209,0.24745168,-1.1869135,0.34939972,-0.14237885,-0.7688052,-0.8753659,-0.10682304,0.17189546,-1.0964168,-0.98469484,0.4507922,0.13013713,0.04264138,-0.82300556,0.13275105,-0.7215185,-0.5958631,-0.08057455,-0.7406238,-0.19283392,-0.32176986,-0.25719985,0.008236013,0.041238535,-0.39738646,0.47873947,-1.4080647,-0.48753807,-0.49440154,-0.20810002,-0.46648842
0.067168504,0.010239957,-0.17681782,0.12976597,-0.22429292,-0.35089576,-0.39009294,-0.15681402,-0.29571944,0.9735556,-0.09136123,-2.306881,-0.7149949,-1.2404298,-1.3801956,-0.4732805,-1.9436094,-0.470993,0.14211974,-1.9412333,-0.9509849,-0.31961244,-1.8816236,-0.21333599,-0.25252458,-0.56000936,-0.43763655,-0.9390931,-0.7058094,-0.9443782,-0.55036354,0.5939121,-0.6957333,-0.28665483,0.18754056,-0.04555343,0.2000235,0.57192355,1.2032616,-0.035540238,-0.6131029,-0.41165802,2.2373512,0.31469274,-0.59899545,-0.8403324,-0.18368486,-1.3118951,-0.1088851,-0.58543414,0.11547269,0.26323748,0.26949716,-0.40626812,-0.20474899,-0.13224503,-0.21756825,-0.817649,-0.855046,-0.87364477,-2.067884,-0.7311597,-0.34750575,-0.448021,-1.8234571,-1.5338418,-0.68848795,-0.34356812,-1.6387495,-0.44410184,-1.5820487,-1.0809326,-1.0475441,0.22661714,-1.3830675,-0.99360985,-1.4443771,-1.3231578,1.6041188,-1.0158136,-0.349847,-1.1262503,0.90816927,-0.4026791,0.56283665,-0.44188398,-0.3199137,-2.4900799,-0.71511656,-0.62631905,-0.6950927,-1.1404246,1.2664237,-0.4088909,0.4396644,-1.0405836,-0.8577896,-1.8052771,0.35583058,-0.037314296
0.7673172,-0.04927257,0.5710474,0.18961042,-0.21857452,-0.5476923,-0.4122411,-0.20524895,0.015014255,1.1558586,-1.0505736,1.1668646,-0.030151201,-0.00480311,0.05093487,-0.8589927,-2.257642,-0.9170757,-1.747389,-0.7544381,-2.6223955,-1.1537733,-0.37627783,0.29966578,0.665456,0.39092743,0.7710974,-1.0094378,0.11371724,-0.10505858,0.8730021,-0.08537045,-1.5106845,-1.5854791,-0.37116876,-0.23729691,0.09933636,-0.6109896,-0.6408324,0.068638116,-1.4215889,-0.8379776,0.13677129,0.18180054,1.0318519,-1.5754695,-0.60645396,-1.498646,-0.049994156,-1.2032737,0.06980244,0.46627286,-0.4133881,0.25084525,-0.45706803,-0.6077859,0.20787983,-0.07052782,0.7016649,-0.10431202,-0.9113154,0.13565594,2.3937063,-1.0646002,-0.1055714,1.140965,0.27368894,-0.3986492,-0.57793415,-0.28938133,-0.516388,0.49103668,-0.82161754,1.2231987,-0.40462676,-0.31848505,0.68832356,0.10985562,0.381955,-0.016777188,-0.74204093,-1.7362084,-1.2578101,0.23459527,0.89631194,-0.5530238,-0.9061328,-0.95180315,-0.4950343,0.008036326,-1.2469422,0.54354084,-0.14019613,-1.1590967,0.43202662,-0.9668545,0.45737076,-0.14306846,0.38141954,-0.15082999
1.365769,-0.39585692,0.13653682,-0.60861486,-0.7615303,-0.3957729,-1.1438664,-0.8829438,-0.0921153,-1.7048042,-1.1518995,0.18857008,0.051281977,-0.5589584,-0.925952,-1.1609612,-1.4717797,-1.155557,-1.2645506,-0.3631779,0.5362281,0.7315126,-0.12955669,0.061102286,1.1704485,-0.017811187,-0.0925566,-1.0343328,-0.43069044,0.10625687,0.8676904,0.17418227,0.17775625,-0.2528387,0.1906431,-0.8611908,-0.47772807,-0.20383042,-0.19015417,-0.29357928,-0.37463966,0.92021227,-0.23003669,-0.52762276,-0.6024505,-0.39001378,-0.57245594,0.102466576,-0.30472502,-0.034506172,-0.5982862,-0.45097306,0.0018435727,0.12762435,-1.1293879,-0.5564197,-0.8801497,-1.2661262,0.46063334,0.5756934,0.44951537,0.49570578,0.20073292,-0.040883284,-0.58879864,-0.23814303,0.79404074,-0.3720582,0.05425159,-0.86916137,0.13825522,-0.0015247137,-0.55967593,-0.44209346,0.43674606,0.05310595,-0.46985465,-0.30313087,0.5371608,0.98972094,0.60165703,0.07395004,-0.2329179,1.3028888,0.5860795,0.3121871,-0.42370334,-0.122349925,-1.1246914,0.11908032,0.3426751,-0.36720774,-1.1135827,1.0888399,0.92766154,-0.47465506,0.21503131,1.1184008,-0.1298517,-0.29636025
0.60961133,0.37798348,0.32879323,0.5144533,-0.18355381,-0.5685651,0.39522475,0.38926184,-0.29469675,2.0262663,0.8461146,1.0810134,0.7312846,0.5878894,0.72327685,0.6098225,1.179524,0.6677025,0.9965602,0.13012537,0.6775386,0.5986112,-0.056695342,1.6254743,1.3866513,0.77314407,0.1844117,0.7933991,1.0655826,-1.408582,-0.958651,0.47717723,-0.7800591,0.3108434,-0.17569134,-0.0224142,0.50740033,0.43128985,0.43702918,1.3819633,0.09813672,0.3947598,-0.25527868,-1.0781615,-0.93902487,-1.2911084,0.23230965,-1.5062579,-0.83830976,-0.15526694,0.18141206,-0.3010653,0.49188128,-0.23048155,-0.7785604,-0.5563182,0.14724326,-1.2167381,1.7134676,0.7527502,0.3004575,1.0340011,-0.1828443,0.71352947,-0.09256354,0.39203238,-0.4639005,0.43725446,0.34406704,0.038826007,0.7642903,0.38752723,0.13532929,0.48280546,0.7761898,1.2934906,0.15673567,0.25211403,-0.34300566,0.9129968,1.9091246,0.3669774,-0.09463242,0.89409006,1.0745447,1.2837415,-0.27126643,-0.43955702,-0.12069172,1.4016439,-0.018023636,2.633577,0.23826085,-0.8395331,1.0053697,-1.4544055,-0.16793786,0.8868878,0.41966203,-0.31002885
0.6632663,-0.11104237,0.03650357,0.3336344,-0.28559077,0.06893439,-0.5427962,-0.1999268,-0.16017967,2.0175238,0.4705521,0.82003534,0.82435584,-0.17159389,0.17506905,0.53212917,1.477881,0.26915643,0.33213645,-0.046969164,0.8990783,0.10142333,-0.7275399,0.7432762,0.9773608,-1.6750333,-1.2883605,-0.27288276,0.4897032,-0.023556784,0.2925497,0.8303559,1.0681357,-0.14324227,-0.07554881,-0.8764554,-0.6361643,1.4866033,1.1217887,1.6793436,0.6493253,0.5905047,1.4542265,0.32953036,-1.3912642,1.3236455,1.4631153,-0.19946994,0.43947336,0.34583429,1.5815068,-0.23818542,-0.13845137,0.66797405,0.36108008,0.6599744,-0.5405503,-0.87774056,0.23337536,-0.45628944,-0.40634194,0.8331793,0.44232464,-0.031989384,-0.5037356,0.8613679,0.5155316,-0.7183019,0.21034269,-0.1322892,-0.72954416,0.17868319,0.6268999,0.92856866,-0.3596003,-0.08093862,0.5023301,0.2891549,0.3823697,0.738692,0.01960391,0.565816,-0.93813527,0.73499805,-0.3808161,1.7478338,1.1938138,1.0213895,0.1374659,1.9816022,0.9837662,-0.2834937,1.8860617,-0.10157862,1.3913558,0.514844,1.2972063,0.040311363,0.34330538,0.44904414
0.36760792,0.37065116,0.19562902,0.114495344,-0.05691224,-0.8475483,-0.33913878,0.38997415,0.90824986,0.033539575,0.22877862,-0.47993043,0.20768045,-1.1382343,-0.9264729,-0.23884466,-0.015914224,-1.0177085,-1.9414562,0.23263216,-1.6471733,-0.6626102,-0.5143154,-0.4608405,0.30108744,0.34503493,0.795397,0.37204066,0.6475189,0.98385286,0.3081583,-0.11763073,0.92275476,-0.67499906,-0.28884944,0.7923714,0.6818227,1.4939581,1.9851506,0.07058639,0.17454962,0.70283467,0.24766082,2.0143096,1.8091038,0.68080497,-0.15489435,0.08559609,0.76511073,0.9477449,0.026229206,0.70515776,0.053439606,1.0636054,-0.43582025,-0.14209297,0.4066297,0.095340356,-0.30244797,-0.34142724,-0.11739182,0.46880737,-0.83363515,-0.12084227,-0.92787766,-1.4386336,0.39832145,0.3197846,-1.0346055,-0.51711154,-0.86852443,0.058140397,0.21678849,1.1678514,-0.2096734,0.19743434,0.26264066,-0.90409034,-0.84622747,1.0697225,-0.1893914,0.9318562,0.17850287,1.0044732,0.70579237,-0.56483257,0.25830486,0.6723957,1.416095,1.4813032,-0.41873875,-0.42396295,2.5700467,-0.03268859,1.174917,0.53036314,0.62458426,-0.26075453,0.18331653,1.0344989
-0.11635931,-0.2800609,0.15059584,-0.3237341,0.87354445,0.038887735,-0.84785235,-1.066076,0.55139136,-0.28763816,0.054344147,-0.7662747,0.61760294,0.34514475,-0.82868636,-1.0013148,-0.7067376,-0.6836304,0.16111134,-0.2758002,-0.68646,2.3633244,-0.67634046,-1.1319879,0.56497216,0.39375508,-0.33235258,1.0740073,-0.29508573,1.0434479,-0.53832144,1.1424744,0.35282317,0.33465672,0.96950877,0.16062824,0.21614647,1.1643691,3.248744,0.18589854,0.16768986,2.43921,1.9590943,1.0848827,-0.42344427,1.2600573,1.2520399,-1.5244486,-0.70528585,0.42536113,1.0864391,-0.30309877,-0.14312918,0.82212555,0.1729786,0.43085212,-0.4799383,-0.6023641,-0.20526783,0.20573641,-1.9745761,-0.3408346,-0.67063326,1.4274321,0.84197414,-0.7804055,-0.24676512,-0.52472395,-0.07021459,0.48060164,-0.15987429,-0.6782865,-1.2352368,-0.52133864,-1.3534042,-0.8105707,-0.6848358,-0.34562424,-0.09253602,0.2463979,-0.92701405,-0.041918058,0.7987898,0.061479725,-0.21351628,0.23033746,0.35278043,-0.48840716,-0.6975762,-0.45864087,-0.4411202,0.59416944,1.450318,1.3335257,1.3084767,0.2163335,0.55208933,-0.7282388,0.10942837,-0.04339553
-0.11383619,0.05004615,0.5190328,-0.19747883,0.86362946,-0.13516434,-0.06416522,-1.0520345,0.044421326,-0.18934959,-0.7347904,0.41026905,0.73458004,0.120001316,-0.30276865,0.28685072,-0.36434218,-1.1011053,0.53388613,-0.6537021,-1.0642021,-0.09485318,-0.16414317,-0.89743876,0.47592032,-0.13322987,0.7386404,-0.7999297,-1.0197419,1.0770639,-0.5997091,0.70588475,0.4400946,-0.7892432,0.8224533,-0.31297317,-1.147646,1.7131528,1.5329336,0.7993715,-0.28628045,1.3554318,1.3030417,1.5366935,-0.30958408,1.5835227,1.1901886,0.1581658,-1.089215,0.00683824,0.24530554,-0.3203704,-0.03755178,0.800811,1.081639,0.024601964,-0.7258981,0.30386305,0.08707827,-1.2351077,-1.7369876,-0.24718024,-0.8447284,0.8428293,0.83996135,0.0997808,-0.023481717,0.74443585,0.58171433,-0.52244216,-0.6975735,-1.6186798,-1.0076766,0.10472276,-0.44080967,-0.75348836,-1.1590836,-0.75191903,-0.49834168,0.0020520175,-0.70656765,0.2490535,-0.84728265,-0.79353815,-0.66666937,0.7748999,0.4440929,-0.1853756,-0.50276893,-0.5106879,0.35186192,0.97859883,1.27881,0.31764635,0.03380719,0.14984903,0.16017288,-0.08254225,0.26589477,0.24833558
-0.16144344,0.4317745,0.255411,0.05944094,1.0632539,0.5539615,0.59197855,0.12418604,-0.11631349,0.9790144,-1.0163502,-0.31863156,0.28866115,0.15018858,0.16132791,-0.101419054,-0.7544615,0.26112372,-0.28186625,0.6345919,0.24489678,-0.41467,-1.2745502,-1.0927038,-0.14721191,-1.3488053,-1.1111463,-0.37034747,1.4158353,0.34795323,-0.14620878,0.2613271,1.296949,0.26637262,-0.54991984,0.38485372,0.2571917,1.2150381,0.6713632,-1.0232377,0.6886096,-0.3703493,0.544183,0.16349228,1.709135,0.72502655,0.8342235,0.071636096,-0.24503861,1.3473057,1.1754173,0.033190086,-0.42116854,0.5577213,0.932162,0.45638463,-0.57900137,0.41655144,-0.85442805,-0.14800386,-1.1503779,-0.053250235,-0.020704532,0.5990872,0.18828078,0.64865196,-0.44098032,-0.57607436,-0.27564368,-0.24070731,-0.4832627,-1.1943954,0.14794861,-0.462634,-0.84918797,-0.41773686,0.20610511,-0.47356018,-1.331274,-0.29902786,-0.85675895,0.59259,1.8480457,-2.0334353,-0.0323496,0.5108202,0.7917998,-0.86661905,0.36346546,-0.07305581,-0.21504219,0.3715153,0.0016125657,0.24394774,0.28948158,0.04558279,-0.29188934,0.24246736,1.1937033,0.7789247
0.45301464,1.0899272,0.008464058,0.81093854,0.5700136,0.4647678,0.93871564,0.8575982,0.78192097,0.37677315,0.8565397,1.5817627,0.77527595,1.0671922,0.02686948,1.1480924,0.95718515,0.7302208,0.6397065,0.09865865,-0.32075918,-0.68828744,0.38448808,0.69790727,-0.32183927,0.013642255,0.60342693,-0.17279351,-0.24146064,-0.29781824,0.14983812,0.24023123,0.0023762318,-0.20069064,0.58301747,-1.242028,0.17733227,0.21536075,0.22179799,0.8866344,-0.0023360923,-0.9673935,-1.852322,1.0360731,1.0143392,0.31083474,-0.75773287,1.0613865,0.807501,-0.78305143,-0.07730551,-0.15278721,-0.3500096,0.29630834,-0.066949956,0.08328821,-0.28314713,0.9406942,-1.0716304,0.041740194,-0.9058418,-0.23716828,-0.55170786,0.004337131,0.17988046,-0.48736653,-1.6758816,-0.54964775,-1.3098025,-0.70148957,-0.1108715,-1.2880104,0.4209851,-1.1284857,-0.2939662,-0.110629454,-0.43317282,0.26196215,-0.006927373,0.57660973,-0.63795835,-0.73397076,-0.11964915,-0.90176874,-0.77784884,-1.6537708,-0.4107995,0.5588433,-0.10638579,-1.5168515,0.4834487,-0.4883033,-0.018288089,-0.6462479,-0.84387755,1.3671105,-0.06900374,-0.121136084,-0.006318137,-0.3819856
1.6331024,0.11068442,0.73226446,1.1351308,1.4043732,0.64198476,1.0046859,0.64806783,-0.046919268,-1.1723369,0.5935182,0.6651323,0.8286112,1.5173825,-0.08651168,0.6339905,0.9760128,0.40270802,0.83337706,0.48185247,-0.47291848,0.34561193,0.12868041,-0.4812864,-0.9901418,0.16083051,-0.6145793,-0.656707,0.214508,-0.66521025,0.71411324,1.1105458,-0.3708537,-0.18053985,-1.2608582,-0.6769477,-0.6204938,0.39401573,-0.47184807,-0.01173109,-1.1484784,-0.82526433,-0.8244097,0.058755897,-0.44021234,-1.2179652,-0.86167574,-0.24931404,-0.7230972,-0.48450476,-0.5722332,0.6278216,0.95739007,0.99719995,0.88384354,0.21960759,0.6348821,1.7459801,-0.5172534,0.0801962,0.12169434,0.7678043,0.27561757,-0.17938343,-0.10961379,-0.6009582,-0.1321007,0.1938263,0.047211565,0.87231994,-0.31396958,-0.7158261,0.4748203,-0.57792085,0.16680717,0.21717554,-0.2302126,0.2983657,-0.13827713,0.7791778,-0.3131626,-0.6307525,-0.9309144,-0.037358515,-1.2340556,-0.3028838,-0.6765998,-0.65523136,0.34223402,-2.0948725,-0.5287501,-0.5916016,-1.1796229,1.289281,0.28093946,0.27768683,-3.326999,0.06519788,-0.09155906,-0.6229847
1.9828279,0.47185156,0.29601866,0.82620305,1.067667,0.45249406,0.98587215,0.40720984,0.13950466,-0.7947183,-0.0019805592,1.2635366,0.7902616,1.4148753,1.6674565,1.1333642,0.22552945,0.89516693,1.5563898,-0.5189169,1.9824083,0.9407306,0.55839545,-0.78954685,-0.2033549,-0.17412753,-1.7771705,-0.62736446,1.9233564,0.010458332,0.053027153,0.8316357,-0.24317898,0.8091323,-0.68157643,-1.4294798,-1.2219945,-0.21519879,-0.3825389,1.1484165,-0.53309983,0.57822335,0.13434838,-0.96654904,-1.4344034,-0.7386645,0.1566784,-1.5127276,1.4351364,-0.3890167,0.88051736,1.438556,0.9672692,1.4929527,0.30651662,0.3266467,-0.06242014,0.7217141,0.16315499,1.2044883,0.98820883,0.51921326,-0.71606743,1.7048315,-0.16407052,2.4313343,-1.034428,0.20043913,0.4187763,0.9727422,-0.29554367,-1.353826,-0.032780834,0.03371777,-0.47164926,-0.41125357,0.39942572,-0.68878746,-0.39480546,0.13673703,-0.72742033,0.61683184,0.90224415,-0.9668293,-1.3650842,0.24482903,-0.18851243,-0.85716736,-0.22865768,-1.7680849,-0.85444444,0.5567331,-1.8691684,0.83778733,-0.8027044,0.73789084,-0.31727976,-1.081,1.2938886,0.10078418
1.8752251,0.71786344,0.052018106,0.8069434,0.6255081,0.98978996,1.1919926,0.65341777,0.32302082,-0.24795787,1.7979316,0.24950936,0.21628183,1.1313369,1.5489147,0.057658553,1.6043304,0.80702025,1.0068818,0.9804229,0.8891458,-0.28412488,0.9459095,0.44386694,0.11030357,1.0624073,-0.64935553,0.46265027,1.7235701,0.056864027,0.6754603,0.98991877,0.8769953,1.2893491,-0.20562689,-0.21582258,0.21313691,-0.02306077,-0.764588,0.93828255,0.7855538,0.30088773,0.31721723,-0.7395589,-2.3010283,-1.0969762,-1.4269538,-1.4420083,2.028584,0.9426734,1.1372774,0.4324892,-0.14821936,0.22748908,0.5539733,0.9851421,-0.11097479,0.0063883993,-0.7972911,0.40015444,-0.21427885,0.8390517,0.9774232,-0.4911203,-0.37665355,1.6470217,0.72535866,0.18248439,-0.30060416,0.22227004,0.7405759,0.24888487,0.19899878,0.36765242,0.689967,0.604093,1.0530695,0.43656272,0.35335946,0.65409493,-0.009782551,0.7272661,-1.5796754,0.1957824,-1.3730512,-0.65748453,0.8390913,-1.1391686,0.6253982,-0.8740248,1.9578023,-0.29760247,-0.0382784,1.8826146,0.6441231,-0.2078459,-1.0860124,-0.08687129,2.817355,1.0625423
1.5013973,2.38888,2.4825516,1.8564742,1.9353613,2.023497,2.6644611,2.372266,1.0689933,0.014712619,1.5267812,2.6706772,1.3259996,1.66575,3.1214478,2.6142726,2.3446136,2.625197,1.7824733,1.846671,3.183351,-0.349088,1.3437183,1.8260205,1.2413052,0.19552995,0.7722921,1.2477916,0.03299359,1.8662031,0.6302734,0.8266754,0.3804737,2.6134827,0.9486307,1.181096,-0.04573121,0.53540224,-1.0084535,2.1030993,1.7894855,-0.83477485,0.66163,-0.6253827,-0.7544875,-0.3966386,0.07371752,1.5399412,1.0731672,1.2253242,2.003809,2.6738904,0.7895972,0.7803381,1.6606855,1.605646,0.56745636,1.5598141,0.11092255,2.148586,0.99235445,1.703327,2.6538842,1.766349,0.46666303,1.8348007,0.55201393,1.0130702,-0.47941393,1.3488196,2.1909666,1.1338865,1.7302966,-0.20874195,1.3038257,1.074669,1.0198395,2.1907232,0.3369384,1.0347133,1.375163,1.0042506,-0.86999625,0.68543875,1.2604287,0.31672543,0.43875185,0.4649268,1.6458381,0.25554377,1.259004,0.7489046,-0.23789331,1.1665214,-0.022802994,-0.46681643,0.8184047,1.1216944,-0.19213128,1.1393757
0.11326612,0.7111918,1.2867924,1.0137866,0.78497577,-0.1897743,0.8680525,1.1723131,0.2150827,1.1744426,1.034762,0.73092365,0.048982553,-0.32419273,-0.4958388,0.702608,-0.07636058,-0.18233569,-0.6720761,0.72569644,0.72191346,1.9516929,0.34668756,0.7333975,0.52600944,1.180141,0.31379014,-0.3478843,1.0186921,-0.6231194,1.2400854,0.38663438,0.49950883,0.86105543,1.3031347,0.7878059,1.7410259,-0.10935182,0.24226335,-0.007795541,0.5733806,-0.23644955,0.25397614,-0.66565144,-0.850987,-0.50922465,-0.43250856,0.9725984,-0.7755984,-0.1920028,-0.48927897,-0.34168172,0.7219105,0.6061355,0.4446523,-0.017219506,0.30542144,0.6010647,0.42901486,0.5015637,0.8996647,0.38984346,-0.54324037,-0.036086738,-1.1672012,-0.21804097,0.21612248,0.18120845,0.43253174,0.04506052,0.6821457,0.8520772,-0.5337781,0.39799717,0.67988676,0.27683628,1.0190309,1.156329,0.010299093,-0.0092866495,1.3584671,1.6209047,0.3069641,-0.30158183,1.1618025,0.6248167,-0.6695587,0.81661373,1.0169092,1.4194593,0.46448287,0.1292001,0.62868047,-0.12712419,1.4951199,-0.3573017,0.94977075,0.30153856,-1.5703316,0.045209486
0.8339424,0.7865994,0.9206586,0.82942605,0.3882192,0.84040624,0.79291236,0.64256066,0.44682732,0.11127206,-0.08424831,-0.3273518,-0.20322552,0.25510433,0.04927942,0.2769383,-0.018053979,0.20645954,0.47188777,-0.31969446,-0.2417045,-0.19829005,0.096454434,-0.45084223,0.23606627,-1.9921635,0.27545074,-0.33954215,0.051540203,-0.012371915,-0.8560131,-0.33041105,-1.2826877,0.06724549,-0.73290545,1.2444321,1.1489799,-1.2077496,-0.6700669,-0.002572533,0.60703933,-1.3577914,-0.71885186,0.17833427,1.2261056,-1.1612047,-0.11610189,1.1585002,1.1559488,0.58655685,-0.7860565,0.34803957,0.43051153,0.8312133,0.77762705,0.2603771,-0.23325175,0.5812479,0.291874,-0.38790148,-0.2431432,0.30233514,1.023228,-0.6875342,0.45856377,-0.3944465,-0.75144815,-0.49635506,-0.2357707,-0.51144487,-0.59594744,-0.36056572,-0.40768644,-0.34414092,-0.2802735,-0.7843493,-0.07566346,-0.8557128,1.8767246,0.69386154,0.14118911,-0.27789047,1.1879066,0.047865443,0.71470165,-1.4299005,0.102373146,-0.13096811,-0.20014386,-0.5293709,-0.2841433,0.5392095,-0.6995088,0.41372547,0.47748676,0.97771084,0.87245286,0.03094533,0.02399068,-0.33676368
1.1917506,0.41758442,0.74758756,0.8903195,0.82450294,0.5199003,1.2137886,0.89952964,0.6713199,0.604228,-0.15688051,-0.045710333,-0.6711574,0.23961852,-0.41500974,0.7690891,-0.2908997,0.4383184,-0.44704357,0.4242898,-0.296325,-1.8950003,-0.3304944,-0.7803395,0.5089721,-0.8899532,-0.101760544,0.12285511,-0.1756198,-0.71504414,0.22078563,-0.1480687,0.7638326,-0.13003878,-1.2826197,0.8225835,-0.111058034,0.043447357,-0.90231997,0.10339963,0.3193699,-0.021334657,-1.6512145,0.95687634,1.3603188,-2.1244378,-0.48269838,-0.17340939,1.7108043,0.3491671,0.7042692,0.876787,-0.31077716,0.6145294,1.0156398,0.23611382,0.4936798,1.2762364,-0.21247724,-0.1073153,-0.9473583,-1.6189562,-0.59105647,0.25452447,-0.029863898,-0.30947953,-0.01175383,-2.5720754,-0.6110416,-0.23034061,-0.12525123,-1.0822695,0.08844624,-0.43921503,-0.5195761,0.49938425,0.3806139,-1.8441112,-1.8771164,0.42036274,-0.7814199,-0.30780837,-0.007658834,-1.1055777,-0.25363556,-2.0368657,0.89484906,-1.159267,0.7062776,-0.7652025,-0.10815144,-1.2248529,0.28222057,-0.2478995,-1.2551489,0.08297142,-1.060008,-0.019944517,2.3639188,0.8674483
0.50417167,0.6653479,0.8642035,1.5815324,2.066331,0.6765778,2.0322118,1.617168,1.3624974,0.23962109,-1.2926613,-2.5136209,-0.37907436,0.9443517,-0.18947184,1.1151794,-0.8580705,0.8905806,0.5192277,1.0687463,-0.80507725,-0.13663779,0.44072044,-1.0964206,-0.84723216,-0.6169527,-0.6732206,-0.29235914,-0.12449293,-0.5629029,-0.59101045,0.20062028,-0.34073433,1.0591176,0.1959218,0.9734623,0.31380135,-0.5437188,-0.24525174,-0.36860922,0.9457592,-0.34623048,-1.3429608,-0.57024425,1.0034322,-1.2801558,0.40092823,1.7087153,1.6488808,0.95588934,0.40310735,1.0249988,0.33605394,1.4251881,1.2984058,0.968747,1.0114343,1.1331221,0.36349028,0.6450182,-0.4875178,-0.8810077,-0.23373851,-0.14312422,-0.43886468,-0.36002362,-0.9126333,-0.8889886,-0.06736539,0.85341364,-0.7311358,-1.4942758,0.35251415,-0.9790754,-1.2558334,-1.0155547,0.32675138,-1.4732621,-1.5010637,0.66812664,-1.71409,1.4765589,-0.8495865,-2.5095944,-0.30175307,-0.833514,0.09754882,0.37336192,2.1852772,-1.1977643,-1.8356379,-0.6382107,-1.2909083,-0.083528586,-2.2242103,-1.4005729,-2.9587176,0.07087782,1.5199344,0.6593759
0.65371776,0.3299928,0.79429936,0.84269285,1.4902433,1.0858749,0.590544,1.1977215,0.49740782,0.11818144,-0.3385621,-1.3279347,1.2419373,0.81761694,-1.2155579,0.3355373,1.4594165,0.47008616,-0.9230521,1.1173997,0.64617646,-1.7874789,-0.8064412,-1.3756948,-0.6701426,-1.2892479,-0.65179336,-1.0795344,-1.4576739,-1.5007851,-0.72157425,-0.49321175,0.00026382942,-0.074453935,-2.5521164,0.7365368,-0.3050378,-2.1585076,-1.842352,-0.9139659,-0.70210123,-2.7233124,-3.6721008,-1.0004131,1.756287,-2.4074657,-1.8263804,-0.5674065,1.7863624,-0.09790479,0.43574768,1.1385658,-0.017255196,0.9404274,1.2044733,1.4561217,0.74508625,0.8994401,0.12541929,0.3997757,-0.27929842,-0.68797934,-0.25357753,0.6135104,-0.72520167,-1.3954822,-0.5940241,0.004089606,1.1314796,1.0472414,0.1599041,-0.66663986,-0.009360066,-0.62062544,-0.5853618,-1.2641418,-0.24020953,-1.5695916,-1.5235109,-0.54800606,-0.8805371,-0.3283608,-0.6540378,-0.87588876,0.057981227,-1.5883942,0.2899739,-1.5798012,0.4015108,-1.5081788,-1.3173033,-1.9317175,-2.1587973,-1.1757812,-1.8522276,-1.7185491,-2.546339,-0.88717383,0.6705367,-0.547052
1.5687274,1.0658985,0.7785385,1.4632509,2.0558884,0.99274725,1.2682352,1.3823634,1.0397369,0.5044401,0.79421836,-0.34010488,-0.6603902,1.278186,0.5608605,0.1114582,-0.5316913,1.0005726,0.3165236,0.8316623,1.3815053,-1.2677115,-0.1866909,-0.80022895,-0.7754192,-1.0206819,-0.08344975,-0.44605005,0.43069658,0.24593262,0.40698326,0.42807662,1.2723053,0.32927328,-0.10911686,0.43386072,-0.45726156,-0.10813388,-0.6676291,0.05595844,0.23325531,-0.4496861,-1.6812259,0.75378096,1.6540645,-0.007749787,-0.68368644,-0.033441693,1.8442037,0.7500993,0.13275681,0.14698832,-0.4475674,0.54357946,1.505431,0.9228442,0.86872464,0.032769937,-1.225777,0.2880186,-0.3440207,0.115056306,-0.26275977,-0.034969952,0.02153085,0.30061963,-0.0379614,0.43166152,-0.4233512,0.0909186,0.26908597,-1.2355248,0.16950357,-1.1394417,-0.95907027,-0.79801834,0.069907755,-1.2227622,-2.4035306,-0.15680425,-1.113593,-0.5503534,-0.45971322,-1.7971182,-0.6648037,-0.78518873,0.25221008,0.5989962,0.087368324,-0.61382216,-0.018426655,-0.5437421,-1.0701617,-0.78862613,-1.2731854,0.0079339985,-0.6118531,1.0301324,1.739151,-0.16909108
0.20168245,0.088845335,0.6889328,0.72399646,1.677037,2.2890954,0.6195255,0.7513552,1.5304219,-0.16298611,-0.85942984,0.015527412,-0.47920972,0.92972255,-0.41471854,-0.7227979,-1.1653249,0.45483148,-0.3341313,0.70529723,-0.43654168,-0.66960144,-0.95708853,-1.4740045,-0.8219223,-0.94133484,-0.8713102,0.36781085,-1.2775496,-0.7040148,-0.6019907,-0.08569394,1.0800877,-0.31467927,0.095762245,0.7299268,-0.09376216,0.014409998,-1.2903371,-0.8529387,0.382167,-1.0396593,-1.707011,0.887591,2.7094944,-0.28248513,-0.20769437,0.9233771,2.9747446,1.6579227,0.1819613,0.37308046,-1.1314379,0.4989944,1.8253695,1.590652,0.9937092,1.1178449,0.8858933,-0.33059466,-0.110764086,0.6531717,0.42759126,-0.18861783,-0.6131135,0.6811289,0.25096124,-0.44911653,-0.775841,0.15259935,-0.52888364,-1.3217932,0.2251525,-1.4589618,-1.2117442,-0.9961811,-0.11729703,-1.8470799,-0.108373605,-0.18923143,-1.5176688,1.4208006,1.158915,-1.8369929,-0.25451657,-1.8530822,0.81215495,0.61585605,1.9044471,-1.1018409,-0.32651284,-1.0050312,-1.1199836,-0.3851967,-1.7941403,0.925957,-1.247595,0.25076303,1.9202156,1.5402259
1.3116863,0.50575674,0.26349407,0.31117722,0.5105404,0.47532025,0.32167363,0.14913073,0.7044332,-0.8712166,0.82063943,1.2992114,-0.3163423,-0.29396528,1.1655686,0.23892426,0.1390957,0.27856255,0.41976807,0.53029305,-0.67134994,-1.0456957,0.62571174,-0.14102839,-0.9583853,-0.2864231,0.29766357,-0.30279407,0.41608557,-1.4998763,-0.5894191,-0.11447149,0.11303319,-0.40493068,-0.83415633,-0.091116294,0.1963981,0.6722468,0.37503284,0.19330508,-0.002309862,-0.14177647,-1.644013,0.27228972,0.73040295,-1.4413525,0.5584544,1.0957298,1.270423,0.11991272,0.6244262,0.91691566,-0.28758755,0.39312768,0.6907163,0.7853736,0.6357914,1.6279751,-0.4343131,1.35557,0.6331723,0.05704109,-0.061476815,1.1658838,-1.1286311,0.303468,0.36719662,-0.4566439,-0.19884552,-0.85146147,0.8170765,-0.05734603,0.9995383,-0.0813073,1.3152837,-0.7834783,-0.17818639,0.15741436,-0.8391132,0.35710678,-0.7607525,-0.53184575,-0.6831705,-0.92886615,0.023140175,-2.3459163,-0.007871511,0.41450435,0.82840073,-0.8010493,-0.69922316,-0.49943498,-0.19708724,-0.06131723,0.38035053,0.9568198,-0.35106102,0.17443344,0.27817848,0.16914216
-0.06894561,0.1482241,0.6456824,0.4498517,0.6588266,0.8129769,-0.24215715,0.82669187,0.7234253,0.04083014,0.5556154,-0.6958898,-1.7059171,-0.428669,-0.901165,-0.16160856,-0.6027104,0.6585669,-0.56694674,0.39649,-0.8281008,0.322391,-1.173159,-0.054500245,-0.9596644,-0.2198282,-0.8335657,-0.77314436,-0.28573406,-0.77809614,-1.1464683,0.31254008,0.7534777,0.8651794,-0.14158453,1.4858092,0.5039211,0.025414443,0.9676147,-0.034507524,1.178154,1.5015801,1.4980927,-0.968957,-1.3135847,-0.7214976,1.4254941,-0.9108539,0.0074052247,0.46738768,-0.11801681,-0.054604307,-1.0275396,-0.41586354,0.77086,-0.64067304,-0.23084398,0.6952682,-0.57199436,-0.16907266,0.08568391,-0.11780594,-0.49144495,-1.232746,-0.32611826,0.060429472,0.49445227,-0.21836337,-0.5543266,-0.12687829,0.0057170824,0.15564024,-0.6140132,0.740022,-0.40244237,0.60356534,-0.08568567,-1.098692,-0.15303582,0.64335,0.98372954,0.33883578,-0.108823135,0.6282404,-1.0714874,0.84005696,0.34694222,-1.298103,1.1393117,0.5241015,0.49456948,0.26271364,1.091908,-0.031820025,0.41667187,-1.3592438,0.1546305,-1.0630069,0.15776034,1.0187149
-0.11037172,0.087617934,-0.24542478,0.3433928,-0.48581636,0.6468723,0.39561638,0.7945031,0.64456326,-1.4038936,0.0911181,0.6505285,1.3242961,1.2405936,-0.10813564,0.7254997,-1.0820056,1.1739755,1.6771133,0.35732317,-1.0823127,0.9959181,0.68500286,0.30064267,0.15110888,0.31155702,-0.17046607,-0.5449198,0.695479,0.3496519,2.243141,0.28977686,0.10614822,0.68839264,0.05434211,0.48875588,-0.43874797,0.77510023,1.7151498,1.070491,0.35244235,0.43001565,0.65563977,-1.4070671,-0.6625137,-0.68649757,0.4108648,-0.90891486,-0.34581682,0.0871158,0.82553744,-0.12422433,-0.5803375,-0.45917022,-0.4661534,0.15412782,0.8988379,0.6385692,-0.16455892,0.53308505,-1.0402237,-0.3703853,-0.3877617,-0.8748677,0.3624511,0.15716429,-1.7040147,-0.22880955,-0.43454286,-0.15796702,-0.56017804,0.46436763,-0.1412807,0.10022807,-0.9042053,-0.35010442,-0.43640175,0.1680673,-0.0006442579,0.20273764,-0.77269626,-0.51174915,-1.0048336,-0.07347508,-1.0827284,-0.35793784,-0.5787457,-0.8864338,0.30068764,-0.12159333,1.0625509,0.3849189,0.97289383,0.92680246,-0.114053816,-1.0807227,-1.3869593,-1.7831637,-0.026381709,0.12299349
0.111582436,0.6284192,-0.23755758,0.5779344,-0.50574064,-0.98134977,0.43578455,0.42451897,-0.32330018,-0.60027236,0.98945814,-0.02220133,-1.1959536,0.41717693,0.44926053,0.16954713,-0.83888596,0.17921883,0.90290713,-0.82168853,-0.86006904,-1.3400053,-0.28328142,-0.89766204,-1.3367548,-0.09276475,0.5419155,-0.497855,-1.3765975,-1.8522723,0.5386314,-0.40939376,-0.85292125,-0.9350179,-0.557507,-0.082936466,0.34251845,-1.851475,-1.207209,-0.7274198,-0.7549477,-0.5267247,-0.4049974,-2.3687701,-0.79057103,-0.6578148,-1.5340759,-0.78579175,-0.9057638,-0.933042,-0.97686744,-0.0821645,-0.043979336,-0.4354461,-0.6146018,-0.41019472,-0.115922295,0.14459606,-1.3532896,-0.29257333,-0.45141506,-1.0689499,0.38532448,1.1882215,-0.14930108,-0.6844394,-1.2887274,0.3276986,-0.6617921,-0.050203625,0.019087372,0.2634115,0.025166467,-1.3248188,-0.34708726,-0.20888115,-1.179838,-0.02195699,-0.24499941,-1.0992358,-0.2760694,-0.38895202,-0.16119792,0.78092426,1.1269048,-0.19571538,-1.7101489,-0.71803176,-0.88078314,-0.109545514,-0.6190091,-0.9290352,0.20182374,0.4549477,-0.41130823,-1.3266219,-0.7429869,-1.1332815,-1.5243933,-1.4235225
-0.97990024,-0.5957647,-1.593781,-0.38658115,-0.20925714,-0.19236714,-0.4360504,-0.4999571,-0.15985556,-1.805577,-0.8255563,-1.0761878,-1.4711089,-1.6103861,-1.3731349,-0.694009,-0.12173707,-1.002502,-2.0502615,-0.3903579,-0.17516856,-1.020272,-1.489038,-0.12974392,-1.3431276,-0.47287846,-0.40010226,-2.176762,-0.10353221,-1.247336,-0.123921424,-0.62573826,-0.1287299,-1.0215018,-1.4144378,-0.39265308,-0.5158481,-1.1061852,-1.7017622,-1.0618159,-0.92947733,-1.6663738,-0.37932026,-0.055549927,-0.5773471,-1.684155,-1.6569217,-1.2160175,-0.8452341,-0.67344296,-1.4667602,-1.9944806,-0.64676756,-0.31633812,-0.41527632,0.6602491,0.017120082,-0.527894,-1.2160597,-0.72835624,1.0946804,-1.7641565,-1.0500774,-1.5617073,0.3444378,-0.9226159,-0.40789908,-1.1031018,-0.22249143,-0.6911724,0.21190172,-0.24382356,-1.8332943,-0.06683256,-0.1296873,0.51228523,-0.30100897,-0.87035286,-0.0062074917,-0.31179762,0.064877436,-2.0512228,0.4997059,0.23306592,0.7509428,-0.5276248,-0.80251324,0.2159405,-0.5113166,-0.9103707,-1.1253264,-0.06388017,-0.86600405,0.22426723,0.6868512,-0.8088205,-1.202254,-1.2035007,-1.7482722,-1.0011852
-0.21496132,-0.9592429,0.42954668,-0.06561241,-0.6930543,-0.6847697,-0.88679564,-1.0994288,-0.2550847,0.25493044,-0.4472545,-0.7403664,-0.59533525,-0.2513763,-0.9199586,-0.63800454,-0.2778264,-1.5035977,-0.18946417,-0.13817242,-1.5566198,-0.7586261,0.5149665,0.3216406,0.25717747,0.49828038,0.62470007,0.89914864,0.14868912,-1.0501369,0.46172485,1.0833688,0.2067895,-1.1477426,-0.41209,0.39751413,0.47649905,0.33082545,-0.4414948,-1.1629134,-1.3675478,0.5362017,-0.28601205,-0.29470637,0.760489,-0.7426853,-0.85474515,-0.13080595,-1.1972549,-0.7122222,0.95745397,0.72454107,0.5999423,-0.13720454,-0.08408298,0.02497333,0.42370763,0.15666509,0.5815387,-1.1137064,1.6515929,-0.4825053,-0.5122876,-0.41620964,-0.35843703,-1.2675363,0.8342794,0.17680265,1.5659745,-0.14076066,0.036776043,2.125099,-0.535541,0.35696414,0.14578901,1.1728097,1.1218952,0.9632709,0.38728344,0.33732376,0.41720045,-0.8382964,-1.0588413,1.3184073,0.81602067,-0.6121613,0.6834377,-0.5622211,0.03499617,1.3807805,-1.6479697,-0.37384212,0.31926674,1.1235179,1.9921327,-1.1849267,0.86619186,0.41880918,-0.24854432,-0.65598077
0.78504544,-0.40647715,1.1265873,0.13571702,0.58533245,0.39139938,0.8610534,0.07900964,0.7317622,-0.8424865,-0.82614625,-0.37403217,-0.323439,-0.6048303,-0.8438839,-0.42280555,0.2803938,-0.7234222,-0.32478335,-1.1676879,-1.3549207,1.8943609,0.53729296,-0.98198104,-0.09748398,-0.12519574,-1.0361583,-1.8327124,-1.5913811,-0.6280358,0.3106381,0.847544,0.40389705,-0.70721334,-1.9017786,-0.42139798,-0.4448723,-0.06321968,-0.16837046,-0.05974821,-0.87178206,2.1715684,0.41650853,-2.0617003,-1.30259,-0.42870048,-0.44069475,-1.8719257,-0.8024459,-0.6672908,0.51981986,-0.052722044,0.13060065,-0.13441308,1.9668442,0.9179723,-0.23088162,1.3391294,-1.0607861,-0.58153105,-1.1605328,0.5722398,0.80417603,-0.37735286,-0.9448229,-1.3991915,-0.4613333,-0.93575,-0.9653473,-0.63426983,-0.9575259,1.1884476,-0.53070325,-0.8600312,-0.48493713,0.7558527,-0.7389352,-0.20536475,-0.060523212,0.99672836,0.33651382,0.48810992,-1.060152,-0.17406835,-0.889757,0.5590827,-0.68848234,-0.95869356,-0.7113668,0.024832388,0.3637599,-0.5167411,-0.9507273,1.1876597,0.78928083,-3.0268862,-1.3513904,-2.3016558,0.15104169,-0.41301394
-0.10613615,0.026970858,0.38278958,-0.6137111,0.7852579,0.26789412,-0.02564373,-0.4115509,0.26599914,0.26768994,-0.574494,0.11203025,1.247911,-0.3460015,-0.6747991,0.2985946,0.15698889,-0.5059152,-0.7485963,-0.99807197,-0.04536265,0.9721163,1.0552143,0.100701556,0.41384572,1.093711,-1.2820487,-0.66040534,0.06060241,0.6537232,0.13372476,1.4376861,0.8310592,-1.3751621,-1.1183811,-2.4818647,-0.32284108,1.2964833,0.45173976,0.0140315,-1.2775869,1.3918502,0.7090058,0.125026,0.26357067,0.73542297,0.77475727,-0.5180711,-0.31042787,-0.93798846,0.14953627,0.3519655,0.39592332,0.39106777,1.3939245,0.72367865,0.48396596,1.1082406,-0.9452569,0.5270778,0.58774287,0.46968636,-0.5439357,0.12595451,-0.6267967,0.030710021,0.7052456,0.72317517,0.5470242,0.0022642578,-0.49533153,0.08473109,0.07095244,-0.58169734,1.4752184,0.9531194,-1.1274915,-0.74934983,-0.41065848,0.75812495,0.49277925,-1.5866888,-0.59163797,-0.50977355,-1.1135077,-1.3163397,-0.5666662,-1.0044374,-1.0857078,-0.406261,-0.723126,-0.2683541,-0.24070153,1.1536579,-0.078586325,-1.3655419,-0.36397782,-0.9605131,-0.59433854,-0.6027677
-0.08233198,-0.37617707,-0.17824523,-0.6574125,0.9272265,0.5822009,-0.07659855,-0.3574921,-0.027104225,-0.018075714,-0.10526996,-0.40188947,0.44988492,-0.17613503,-0.62132394,-0.44713494,0.32379842,-0.2310037,0.64789015,-2.0927873,0.17912224,1.9791454,0.3527351,-1.0911387,0.88333535,-0.9816785,-1.951421,0.43618777,-0.013447092,-0.6171822,-0.1698172,0.56816983,-0.21745388,-0.13038298,-1.8015525,-1.2932111,0.85907465,0.69419867,0.783021,-0.19086085,-0.1696575,1.4720755,0.77673525,0.84757483,0.035225578,0.7557514,0.65381455,-0.8300501,-0.3375104,-0.023139786,-0.43353105,0.44870433,-0.097394854,0.5891161,0.9100183,0.34269616,-0.4961518,0.47968122,-1.3761975,0.055902008,-0.9873933,0.09619351,-0.8691195,0.5942111,-0.7134033,0.31481242,-0.08843998,-1.4532628,-0.026595078,0.16088665,-1.060757,-0.78651,-0.10931676,-0.9381825,-0.43861023,-0.03605401,-0.1844146,-0.5469501,0.7398666,-0.0049760225,-1.2952198,-0.8411158,-0.41255057,-0.55355304,-2.706006,-0.92733353,0.33261985,-0.8525178,-1.7884008,-1.9853184,0.53185403,-1.6780416,-0.96522665,1.0881459,0.4927009,0.49949837,-0.7795402,-1.3207288,-0.19862233,0.25016052
1.2531945,0.3448588,0.2998829,0.08691669,1.0293283,1.0881964,0.30856478,0.41238406,0.10317143,-0.33735433,1.6429503,0.8903576,1.4084929,1.1602736,0.94521254,-0.07472419,-0.6558278,0.49394217,1.7898097,-0.81622934,0.4774763,0.37071094,0.45476794,-1.5579928,-0.1891239,0.4448621,-1.2338194,-0.0784832,0.47870377,1.4221857,0.758538,0.811282,-1.0868722,-0.6410504,-1.4128435,-1.0548319,0.32001466,1.0965798,1.6473693,0.51594734,0.2482232,1.1075753,0.18677297,1.0482398,-0.20164883,0.98792225,1.4402103,0.8641829,1.4845603,0.45398334,0.6274934,1.356711,0.97439593,0.58250886,0.9446656,1.7109334,1.22338,0.8359323,1.3193215,1.1896476,0.94896996,0.71723473,0.6091704,0.8950414,-0.047129985,1.3834033,0.046416,1.4098231,0.56149286,0.67843765,-0.37978595,-0.17118455,-0.7049165,-1.1107645,-0.7621303,-0.18508159,-0.17056026,-0.69751346,-0.8074953,0.54729354,-1.074289,0.7035796,-0.6027298,0.1500447,-1.832355,0.5821362,0.7060732,0.7711035,-0.85028136,-1.1643318,1.7375305,0.7405392,-0.9995514,0.82999533,-0.32062185,1.7739179,0.26747465,-0.077417165,2.1480498,0.51243263
0.57325137,-0.16877665,0.26010194,-0.17473623,0.77363014,0.8373072,-0.1493378,-0.12076206,-0.17493503,-0.61918175,1.0986315,-0.768037,-1.0140148,-1.0801007,-0.51321846,-0.7633746,-0.7930739,-0.44013527,-0.690245,-1.5332512,-1.7892241,0.36627194,-1.5366654,-2.039157,-0.7581941,-1.036645,-2.4967957,0.28969884,-1.6198909,-0.3979986,0.52174234,0.5115781,0.4545021,-0.123849876,-1.2837161,-0.87557083,-0.37926862,0.18625629,1.6899457,-1.3423506,0.6562759,1.873753,0.7050151,0.87318224,-0.4776603,1.4597471,1.2972862,0.018657967,1.3390031,1.747169,1.2230252,0.42162055,-0.6972264,0.2380201,1.0359805,1.7142824,-0.34081528,0.12551057,-0.7974177,-0.3737638,0.08928057,-0.4344468,-1.0352039,-0.7893824,-0.9574138,-1.3184676,-0.6531286,-0.44180447,-1.1246607,-0.41484982,-1.4118627,-1.9975704,0.620589,-1.676668,-1.2789524,0.2637518,-1.865229,-1.4113584,0.30500153,0.26656595,-2.240997,0.583291,-0.023163037,-0.43938676,-1.3295189,-0.5207193,1.0682749,-1.2265996,-0.9269316,-1.5716735,-0.5724559,-0.78703487,-0.7138118,1.4214139,0.5016327,0.9187834,-1.7152731,-0.84062725,2.2164035,1.165124
0.8445248,-0.95831823,-0.5982256,-0.7698517,-0.32776633,-0.19855225,-0.4016532,-0.9540647,-0.8724813,-0.8477188,-0.9691659,-0.59690934,-1.0488076,-1.3842326,-1.3127645,-1.6352978,-1.4480412,-1.0869671,-0.8719414,-2.5783916,-0.71210414,-0.48247615,-2.1301913,-2.491883,-0.7395574,-2.2200692,-1.30408,-2.371941,-1.7799042,-0.35793605,-1.0346116,-0.41268504,0.9752874,-1.3804433,-1.2530617,-1.6938463,-0.6019776,-0.45076177,0.43198386,-0.66216445,-0.82094735,-0.20842007,1.0168465,0.8634492,0.15979163,-0.1397006,-0.56063443,-1.4683694,-0.74240595,0.5214945,-1.1737072,-0.36615148,-0.35924172,0.14001025,0.24729301,-0.50610584,-0.11108367,-0.16247034,-1.2513206,-1.989815,-1.7968129,-0.45192122,-0.67458916,-0.49324352,-1.5516882,-1.2244637,-0.9199762,-0.78075564,-0.657199,-0.7742408,-2.0052898,-1.8771001,-0.4905355,-0.13017714,-1.5210512,-2.1011953,-2.3372705,-1.6238905,0.61181474,-0.14983255,-2.1712792,-0.32673585,1.6886004,-1.9722944,-1.7930104,-1.3291215,-0.94349915,-2.5959177,-1.4891999,-1.3740261,-0.673397,-0.35003218,-1.6658436,0.31901622,-1.7301526,-0.39379272,-1.1075908,-1.1942625,-0.2815456,-0.35862166
-1.3005443,-1.2877791,-0.8990852,-1.3397309,-1.2043288,-0.6851912,-1.415281,-1.7134624,-0.72506547,0.074197665,-0.74267286,-2.0522547,-2.5094469,-2.1453638,-2.8011239,-1.7605282,-1.7938391,-1.851843,-1.8064904,-2.3735259,-1.623829,-2.1527889,-0.5565122,-1.6364782,-1.5998496,-1.657125,-1.611933,-2.0964215,-1.9063392,-2.213604,-1.9142035,-0.83907187,-0.8373558,-2.3870535,-2.8486924,-0.8866156,-0.95327944,0.60668,-0.4117258,-1.0396645,-1.3762625,-0.40893134,-1.672055,0.34766224,-0.4016846,-0.35310006,-1.9783832,-2.3450944,-0.64092773,-0.5931634,-0.9268417,-0.7974534,-1.3172241,-0.96968514,-0.07739873,-0.09039339,-1.176459,-0.4381948,-0.7595951,-1.3890392,-1.4067159,-2.7492123,-0.99339134,-0.5070267,-0.22316249,-1.9042286,-1.4287806,-1.3385632,-1.7719477,-1.7647632,-3.1572795,-1.3820183,-2.5042892,-0.397575,-0.6778599,-1.4954525,-1.4748069,-3.0210261,1.6569151,-0.77276313,-2.0675542,-1.0455122,0.07901668,-2.1798022,-2.0485582,-1.6617259,-0.56373066,-0.40694258,-1.9937704,-1.4137373,-0.6220679,-0.78481096,-1.0830448,0.056944918,-1.1042285,0.0682073,-0.25686768,-1.7335359,-0.4803374,-0.59542584
0.52969253,-0.57007027,0.048695363,-0.748451,-0.56161505,-0.24823888,-0.8570531,-0.50603765,-0.10553343,-0.55116796,0.7274195,-0.377191,-0.9806398,-1.9264923,-1.6077487,-1.2536442,-1.0227891,-1.3353014,-1.128446,-0.99499786,-1.4023739,-0.6027623,-1.1957229,-0.8320944,0.35978696,2.1110182,-0.70452434,-0.09521221,-1.1419313,-0.79974765,-0.104016125,0.53351724,-0.86482584,-1.0407099,-1.016766,-0.5521491,0.16244905,-0.2979848,-0.01029548,-0.76673716,-0.7776332,0.97254074,-0.77302253,0.02314078,0.88672334,-0.018051136,-1.0705861,-1.4376601,-0.44849163,-0.18707897,-0.2855693,0.58527786,-0.75986195,-0.16821507,0.22475167,0.9335475,0.8603542,0.6890858,-0.5057141,-0.49905157,0.24316177,-1.2923086,0.00868247,-1.05471,0.5704687,-1.7016777,-0.081390716,-1.379256,-0.3568569,-0.15196781,-0.5866078,0.28447816,-1.5222172,-1.3265634,0.7415302,0.012353949,0.015921304,-0.74606127,0.92571384,0.84570944,-0.6780387,-0.50071037,-0.9154164,0.020107094,-0.5243053,-0.56947887,0.0049020885,-0.025330974,-0.8685966,-0.21309763,-0.41436282,-0.5118046,0.75115174,-0.3353552,0.8702271,0.25283346,-1.0621642,-2.1591268,-0.053738154,-0.105024755
0.6195396,0.22410636,1.4313998,-0.025907623,0.119295865,-0.06403386,0.25546095,0.30406156,0.97711927,1.209127,1.1377691,0.067644306,-0.060097586,0.25850505,-0.34255546,0.3608224,0.101093225,0.41842175,0.6681313,0.39061424,-0.45439616,-0.7429208,-0.6986725,-0.52365744,0.033083312,1.0494299,-0.41227484,-1.0356355,-0.013487026,0.4757762,0.20167471,0.4027905,1.4521458,-0.22591545,-0.065415874,-0.011715585,-0.9210543,0.12703975,-0.017757365,-0.54634917,-0.3395892,0.43189067,-0.115377076,-0.6375755,-0.090338476,0.3169447,0.21016125,-0.32437065,-0.13257162,-0.15461475,1.5527828,1.261186,0.27638882,0.19924547,0.70228255,0.40713707,0.3964716,1.0893484,0.043026514,1.549257,-0.28385526,-0.6520366,-1.600819,0.2750222,-1.2841766,-0.57300526,0.21173398,1.7041675,1.0225178,0.5567428,-0.28264573,-0.26406056,-0.34728888,-0.7767629,0.8641571,0.2520598,-1.3233635,-1.258595,-1.3623316,0.31177327,-0.64700884,-0.028757423,-0.7310508,-0.26339513,-0.15941396,0.20476012,-0.027409732,-0.46440896,-0.20722751,-0.6867475,-0.040282898,0.238007,-0.20895252,-0.24395707,-0.68428344,-2.0878105,-0.9917112,-0.97748756,-0.564589,-0.20691171
1.9033927,0.6355762,0.7994474,-0.27591914,1.3021276,1.0860957,0.53276473,0.74754953,1.0798682,-0.15787072,0.6871238,0.42643142,0.45534617,1.4806671,0.75141704,-0.08334063,0.21736538,0.6168173,1.2767181,-0.68874943,-0.15372607,1.181694,-0.47965562,-1.3506128,-0.52098364,0.30584958,0.28040457,0.1315645,-0.08649426,0.6863155,1.0154555,0.41576704,-0.34653988,-1.9624943,0.3442924,-0.93655145,-0.66023165,0.9387826,1.2642252,0.6886013,-0.64243835,0.46014157,1.7808542,-0.5345803,0.26098934,0.3502297,2.2018363,-0.41651872,0.86528367,-0.50962603,1.5047051,1.0407437,2.0710711,1.2645396,2.007811,2.3996143,2.4865034,1.9032624,0.8772711,-0.2801409,-0.44512603,0.7567343,0.26176465,2.4772995,2.0280151,1.592249,0.035512224,1.6534827,1.2821146,2.112685,-0.348084,0.06839648,0.92068636,-0.1978802,0.04956519,0.2034425,-0.92714256,0.5910237,-0.86288357,0.25866386,-0.897627,-0.21440282,0.6576721,-0.46408442,0.78229207,-0.13442156,-1.4659584,-0.069824055,-0.04336078,-0.8275238,-1.2489077,-0.2706872,0.9395377,-0.31649458,0.20527458,-1.2005047,0.2953418,-0.7116302,-0.3202163,-0.4801211
-0.47045442,-0.8638503,-0.62699395,-0.61380696,0.09537731,-0.52885574,-0.9649164,-0.9222077,-0.27365005,0.16870931,-0.75857604,-1.0675714,-0.24301095,-1.0752571,-0.7564623,-0.65366256,-0.62575877,-1.3047887,-1.418187,-0.9095001,-0.092059344,1.2612934,-1.511567,-0.47996628,-0.8547476,-0.8064207,0.35317752,1.1511592,-0.44565523,-0.3852859,0.5764324,0.6280777,-0.568888,-1.0393796,-0.22234808,-0.70063514,-0.2770339,-0.24137679,1.1508387,-0.6092572,-1.3444622,1.2350817,0.27803332,0.7278292,0.5697334,-0.93859965,0.6114601,-1.4116069,-0.5442735,-1.0974499,0.39199206,0.30326068,0.1622734,-0.7651716,0.19652727,-0.26663485,1.2683605,0.3550094,-0.039022133,0.8120888,0.33399674,0.0031843104,-0.56250757,0.84789205,-2.1117606,-0.27729595,-0.06704704,1.0136279,0.094538495,-0.32971236,-0.16204613,-1.0882628,-0.8815699,-0.302235,0.94311124,-0.5913059,-0.14709528,-0.50668514,0.02158732,-0.14247535,0.32141468,0.1730207,0.8464336,0.114554755,-0.20179951,-1.1172687,-0.527427,-1.1491477,-0.5338162,-0.5437957,-0.6606775,-1.4534483,0.13086566,0.40770975,-1.396168,-0.11396526,-1.1942086,-1.5747784,0.112395465,-0.41176295
-0.41926828,-0.8485446,-0.15325734,-1.1653463,-1.0955076,-1.0867733,-0.2784173,-0.4468407,0.03614971,-0.17093414,0.06031995,0.06796884,-0.3289941,-0.47902855,-0.54197425,-0.09302178,0.5094464,-0.37578386,-0.61152506,-0.83448434,0.47902948,-1.2287594,-0.027956542,-0.24465942,0.2747054,0.529848,0.2930147,-0.74185973,0.6469123,-1.6199614,0.15593992,-0.40526298,-1.8310664,-0.97571874,-0.27026287,-0.62320113,-1.5378942,-0.9294856,-1.9266251,-1.7372419,-1.9725435,-0.274206,-0.9901201,-0.68873507,0.58445776,-2.341489,-2.4917147,-1.1388346,-0.3277292,-1.4301863,-0.14911589,0.26923642,0.80502325,-0.7671982,-0.5768151,-0.45764866,1.315619,0.8313708,0.049762756,-0.5209519,1.4753509,0.1457243,-0.082143925,-1.1428661,0.09878127,-1.1024671,0.1386518,-0.7772458,0.51174754,0.8191498,0.60103637,1.084323,0.9965927,-0.0115618715,1.5343882,0.9520711,0.23424177,-0.8626132,0.21121362,0.19124553,0.18349895,-0.81758416,0.56543666,-0.23184836,-0.053032648,-0.9056887,-0.9041052,0.24934229,-0.11412501,-1.0687399,0.033165604,-1.0247123,-1.3411409,0.49183407,-0.594951,0.27813056,-2.2600799,-1.5327035,-0.7397314,-1.241668
-0.772603,-0.99022835,-0.30046716,-0.51569974,-1.4606118,-0.84994423,-0.30198228,0.03148025,0.8264715,0.17535084,0.1390699,0.5021506,0.75277907,0.54873127,-0.40486577,-0.5528435,0.6645603,0.19869575,0.18136999,0.33195224,-0.026512317,-0.040395062,0.06810224,0.22317697,0.33508608,0.8361834,0.43035197,-0.81584615,1.185311,-0.2950986,2.2179418,0.56395215,-1.714741,-0.7125391,-0.90735406,0.27174333,-0.45268762,-0.41892895,-1.8560224,-0.2376724,-1.4348799,-0.29436266,-0.51972735,-1.48309,0.70313066,-2.4715412,-0.11582076,-1.2173873,-0.655215,-0.7730969,-0.2813603,-0.10059045,0.7945684,-0.34739563,-0.23654671,0.2331676,0.9764956,1.4237859,0.44077766,0.50745505,0.92971575,-1.4807873,-1.2267458,0.54217803,0.7774871,-0.5884389,1.2266454,-0.2917826,0.706156,0.5973487,1.3052416,1.1745707,1.1058841,0.69886655,1.1718565,0.16063528,1.2517357,0.45743647,-1.3783574,0.04423476,1.0631851,-1.1967714,-0.8243544,-0.03839585,0.8243667,-0.8006116,-0.22722766,0.29790524,1.3316214,0.61275506,-1.5906973,0.30337235,-1.1092008,0.6458605,-0.31503844,-0.7324824,-2.0801609,0.016104527,-0.066335365,-0.27720273
1.2853105,-0.49874985,-0.3405536,-0.21132281,-0.4422605,0.70766026,-0.9489474,-0.83400846,-0.39651984,-1.639413,-0.15840684,0.033359256,-0.038255695,0.16869521,-0.7440043,0.08195986,0.6308475,-0.6147154,-0.9924448,0.6960553,-1.8290932,-0.7243318,-0.8336314,-0.107013255,-0.2194997,0.32337055,0.004418682,-1.0006022,-1.6262705,-0.26022843,1.6994008,0.58705264,-1.1884186,-1.2120365,-1.5903522,-0.117050275,-0.4323531,1.1474829,0.22220378,0.24608654,-0.3388849,0.19733629,-0.2671399,0.90261775,-0.43717775,-0.3691727,0.73541313,0.69723177,-0.059664633,0.05682634,0.46642756,0.012406146,-0.49845147,-0.12697697,0.65630096,1.1877004,-0.13355033,0.9507179,-0.76220596,-1.3942165,0.09008667,-1.0880715,-0.11560708,0.20468982,-0.20641945,-1.4504586,1.5469382,-0.3747169,-0.5752428,-0.22096297,-0.59184957,-0.24601394,-0.6291489,-0.3043865,-0.65901953,0.1313159,0.51197624,0.03890592,-1.8152171,-0.062406126,0.40495983,-1.1158259,-1.143145,0.15456493,-0.65245175,-1.0696898,-0.05808086,0.53052324,0.779254,-0.4078009,0.14157727,-0.76835144,0.08616567,1.4406011,0.3519094,0.27492452,0.3352381,-1.1182718,0.09330972,0.3792804
0.9510012,-0.43945652,-0.48587003,-0.44812644,0.041081123,-0.6743358,-1.1292864,-0.54555273,-0.32961,-1.1949081,-1.2238948,-0.7330821,-0.78022915,-1.6084574,-0.93058217,0.0260883,-0.94648314,-0.76710814,-2.0071185,0.7068527,-1.1103469,-0.43261912,-0.22910085,-0.9022155,-0.3197075,-0.7565655,-0.27491057,-1.2191167,-1.135285,-0.55798435,-1.5818497,0.4252748,0.6552499,-0.9217879,-1.1972682,-0.2132126,-0.49265522,-0.5532282,-1.085878,-0.32828,-1.1433707,-0.7105648,-2.0053754,-1.2861943,-0.82355124,-1.4077702,-2.1214688,0.3959144,-0.07355698,-0.60815287,0.4966176,0.7176292,0.26179048,0.3136066,-0.28240258,0.24173395,0.5837533,-0.18549103,-0.5605748,0.8068952,-0.16285716,-0.2279715,-0.41604012,-0.5146549,-0.18182991,-0.86514884,0.81034654,-0.29595268,-0.15193537,-0.19999088,-0.34228766,-0.10131891,-0.9912728,-0.73975366,-0.41500592,-1.0061454,-0.43357864,-1.4495991,-0.73840445,0.26834705,0.10137577,-0.35185587,-1.2402129,0.089279346,-1.0347261,-0.07548795,-0.58290696,-1.5266447,0.5433241,0.109171264,1.0632037,0.23982573,-0.118656,0.7859112,0.37273198,-0.3511651,-1.5311852,-0.30498996,-0.10725652,-0.2962238
0.30253297,-0.9719423,-0.39000252,-0.11442218,0.20523617,-0.4797452,-0.43907616,-0.34544724,-1.2175134,-0.47319543,0.82705355,-0.9372928,-1.2682773,-1.7777188,-1.2003195,0.16424239,-1.127946,-1.1374509,-0.7349188,-0.19176602,-0.58481205,-0.85910904,0.23094767,-0.5395537,-0.36498314,0.13238434,-2.070526,-1.4916776,-0.8401611,-1.4252368,0.2414098,0.59809977,0.6909368,-1.4404407,-0.4448345,-1.3286713,0.026755942,-0.16979925,-0.708319,-0.394935,-0.28912565,-0.5937146,-1.9789512,0.20489506,-1.1264765,-0.97426623,-0.48993176,-0.4567308,0.011230661,-0.09248605,1.648262,0.3606045,0.3364751,-0.15864396,0.33262593,1.1735435,-0.25211757,0.42952052,0.8297056,0.61461735,-0.47112855,-0.76447886,-0.1048691,-1.0600278,-0.9334813,-0.31872585,1.611118,-0.932607,-0.09476934,-1.1352507,-0.6912501,-0.28584433,-0.22798136,0.96025383,-0.10613186,0.28712228,-0.7365957,-1.7273543,0.5212701,1.3819889,-0.5920425,-0.7936041,-1.0959544,-0.6101669,-2.31637,-1.4813178,-0.30544662,-1.2055043,-0.036749892,-0.48812875,1.6523986,1.5510237,0.27566096,2.2257497,1.0944588,0.733695,-1.0382673,-1.1842779,0.7824647,0.6155141
0.38006738,-1.2307138,-0.6528804,-1.3562802,-0.8771896,-0.27834558,-1.5248833,-0.5764027,-0.70308805,0.9300288,0.43987238,-0.011094521,-0.32237306,-1.2073464,-1.1007107,-1.4381882,-0.3937556,-1.0600567,-1.7079118,-0.59064317,-1.010444,0.45259547,-1.6512963,-0.091141574,0.17505324,0.22591527,-0.24201427,1.1129713,-0.16518342,-0.947372,1.9559027,-0.83528066,-0.36528152,-1.2409667,-0.5529607,1.2121146,1.184276,-0.42482772,-1.1814402,-1.7430836,-0.7981262,0.9938934,-1.516201,0.39038822,0.90488553,-0.28509492,-0.2791034,-0.5145964,0.24217053,-0.11776086,0.041913014,-0.65420693,0.4002749,-0.714843,-0.5444848,0.58749235,0.9216903,-0.188878,1.0443023,-0.43021283,0.10623945,-0.07907014,-0.20936532,-1.2601424,-0.52977437,-1.3198473,0.31579137,-0.6699505,0.4650828,0.5346746,-0.46199104,0.9169018,-1.0180693,0.7238998,0.5064635,1.165719,-0.3479798,-1.0854778,0.65059686,-0.6288471,0.13383384,0.08685715,0.44921538,0.026887309,-0.15748903,-0.8543488,0.6857553,1.1128918,0.27088267,0.8799915,0.36393502,0.9959572,-0.5408657,0.25258976,0.73123044,0.40563732,0.60198224,-0.50320446,-0.39240047,0.24538626
-0.83636653,1.0782843,0.28613633,0.68131024,0.92487484,1.3310146,0.26807082,0.6938999,-0.77298415,1.6072733,-0.16635942,-0.41775954,-2.5858865,0.20223555,-0.8610388,0.54355466,0.710785,0.34553108,0.65111244,-0.9796459,1.0254283,0.50804585,-1.7352377,-0.05955071,0.3255381,0.043128107,-0.5396411,-0.5070046,-0.9065473,-0.9745252,-0.7525373,-0.2498423,-0.29552218,0.3997802,0.5167668,0.11598713,-1.4806219,0.40386227,0.6648127,0.028674746,0.73814696,0.83725363,1.1967596,-0.7105724,0.16958527,0.35257697,1.6017491,-0.7490986,0.8844587,-0.117470294,0.42966333,0.12751597,-0.13958263,0.38229626,0.022103397,-0.6859438,-0.00011674558,-0.2852986,-0.5173047,0.10916037,0.6235532,-1.088953,-0.82286006,-1.4019848,0.0993089,-1.7469753,-0.7429837,-0.5909492,-0.81497115,-0.5703956,-1.1359344,0.0004901129,-0.6857321,-1.0430387,-0.11254231,0.8722511,-0.9751341,-0.22712876,1.64763,0.36230996,0.36154354,-0.46334752,0.33967835,0.46008778,-0.5176806,-0.31595197,-0.18836983,-1.2938298,-0.6581243,-0.22591059,0.1519759,1.0550975,-0.486696,-0.2571431,-1.1322526,-0.13110287,-0.9742089,-0.9049678,-0.730888,0.22454923
-0.8895128,0.33688036,-0.7404203,-0.0633954,-0.30951515,-0.39135277,-0.062837996,0.4096274,0.10080229,-0.021547168,-1.8102629,-1.4902282,-1.1582795,-1.2254069,-0.60117626,-0.3557149,-0.38796043,0.16823457,-0.048107397,-0.94470805,-0.64304733,0.6246756,-0.37369743,-0.29784358,-0.57090783,0.09980354,-0.54270995,-1.3136262,-2.0343301,0.5119239,-1.3632847,-0.6335254,-0.49445358,0.015520533,0.2188811,0.6412581,-0.526135,-0.9279871,1.1044338,-0.47648174,1.1804262,0.14457111,2.2927139,-0.766625,-1.0027148,0.4164062,1.4751395,0.052324954,0.022351509,-0.054245852,-0.7711516,-0.3500724,-0.40232953,-0.5660492,-0.31276852,-0.4460365,-0.5611299,-0.43040943,-1.5475484,-0.49507597,-0.7765814,-1.6136367,-0.99705845,0.14963308,-1.410087,-1.4839017,-1.2746223,0.5299927,-0.9510192,-0.64929783,-0.9108065,-0.7526886,-0.29153797,-1.234879,-0.6776171,-0.9462203,-1.8805057,-0.645892,1.1164317,0.11676781,-1.0994952,0.04622502,-0.1571117,0.008288924,-0.37665257,-0.07869399,-1.8346364,-0.83609045,-1.3981053,-0.10741477,-0.8580207,-0.6199886,-0.84139365,-2.7961977,-1.2387854,-1.7388749,0.21714965,-0.8297125,-1.5952226,-0.29262018
-0.79311574,-0.8939735,-1.3166424,-1.5613643,-2.1103463,-0.9475816,-0.83614147,-0.83705324,-1.5220468,0.35152856,-0.86237687,-0.371882,-1.1378621,0.0019558098,-0.26753336,-1.4163629,0.81167954,-0.34127802,-0.26365465,-0.8500522,-0.53874046,-0.27613196,0.46623468,-0.1633917,-1.2777312,-0.16513,0.0011860303,-0.40137285,-1.285434,-0.20038739,-0.467065,-0.75110525,-0.68076265,-0.19238448,-0.041680105,-0.94629395,-0.46183345,-0.31484914,-1.0854343,0.16839078,-0.02029371,0.27707037,0.97714967,-0.28727368,0.45075348,0.06427497,-0.79042995,-0.3778119,-0.16403915,-0.70890516,-1.6356556,-0.5988813,-0.20429778,-1.0911108,-1.5449953,-0.93636495,-0.4480797,-1.4343476,-0.2583175,0.26937413,0.40861684,-1.1644098,-0.99209684,0.44545358,0.5778621,-0.5589948,-0.73174095,0.20149663,-0.21250218,-0.87312454,-0.82325697,-0.9187761,0.58195317,-0.06603784,-0.6849354,-1.4155521,-1.2679839,-0.0692036,-0.663549,-0.58994746,-0.34119165,-0.34434673,-0.77027905,-0.5727601,0.4573107,-0.45985714,-0.12254776,-2.0392869,-1.7684377,-0.7818186,-0.6997664,-0.5911845,-0.018939385,-0.81261486,-0.40439186,-0.27723968,-1.1680045,-0.24881434,-0.9218315,-0.884913
-0.10841394,1.0432407,0.35540226,0.55564314,-0.55907136,0.7247865,1.150964,1.318824,0.22164199,0.2332058,-1.4913585,-0.7832046,0.36558935,1.3475747,1.0553823,0.97387075,0.35148346,1.6891162,1.473396,0.7003056,1.4246047,0.17300183,1.7661949,0.8671899,-1.003389,-0.37275323,0.2745197,0.15221842,-0.11966253,0.6310899,-0.45482695,-0.43851936,-0.4068899,1.0205522,0.9547204,-0.78623205,-0.75782025,-0.011474326,-0.22801141,0.80401367,0.55408156,-0.08356402,-0.14065662,-0.6631641,-0.2499841,0.2759424,0.82501864,2.0513546,-0.17955264,-0.5185614,-0.08533559,-0.053822126,-0.19031449,-0.18378207,-0.28062737,-1.0287756,0.42612186,-0.38900766,0.4562076,-0.464874,-0.11267058,0.071585484,0.087005176,0.6136375,0.7922812,1.0973628,-1.2151163,0.6971854,0.45782188,-0.03237868,-0.4354619,0.27983162,0.66477823,0.64356434,0.10472679,0.021793414,-0.37334222,1.4927797,-0.019141579,-0.4574201,0.38673988,-0.59272784,-0.72860956,0.044809453,0.8187733,1.0679643,-0.607934,0.039077055,-0.10149117,0.14325799,0.091015756,0.15547279,-0.03685928,-1.3435819,-0.35513225,0.13908283,0.9037939,-0.10150047,-0.21323696,-0.30890855
0.3891346,0.40736592,0.1847145,0.062087577,-0.81645244,0.37081498,0.9937843,0.57965994,0.6517802,0.8175597,-0.40456718,-0.1644492,-0.0048466143,0.35382438,0.47274455,0.5754353,0.54230744,0.8155018,0.5092445,-0.98647094,0.8592398,1.3349807,1.6527525,0.5908087,-1.3608705,-0.81393874,1.6885586,-0.8652487,0.010536385,0.5352254,2.328417,-0.45704043,-1.4932321,0.71635747,1.7573434,-0.05160069,-0.36187592,-0.7636081,0.06796609,0.51065725,-0.45205703,-0.07662401,-0.047946442,-1.9559308,-0.0711275,-0.19553375,-0.6611899,1.27791,-1.363286,-1.7730347,-0.5004347,-1.2363513,0.28837875,-1.0015048,-0.3187022,-0.7498765,0.13294181,0.04364121,-0.73003703,-0.35846275,0.21588118,-0.4638885,0.89890885,-0.2527929,-1.1333704,-0.21855378,-0.36353967,-0.6251175,1.0028988,0.7174335,0.1016385,1.9178413,1.2705027,-0.30187494,0.23540281,-0.29548565,0.13711876,1.1562207,0.21421072,-0.6862811,0.4754142,-0.4665759,1.019793,0.38458946,0.9209234,0.3531207,-1.9942974,0.9770094,-0.61243606,-0.3353778,-1.5679466,-2.4265676,0.2304292,-0.000696175,0.27493653,-1.1645404,-0.09877644,1.0847766,-1.4395661,-1.8284626
-1.909313,0.52921546,0.53484064,0.06365899,-0.5875729,0.3469566,0.69471335,0.31649393,0.060634386,-0.5812559,1.2812426,0.44742027,0.2952817,0.5590633,0.24994715,0.050608907,1.6345716,0.42979994,-0.13153175,0.08800883,0.368585,-0.22338368,0.026893979,1.0800823,0.22990683,-0.14896728,0.47132507,-0.94736713,0.7379448,-0.341265,1.1370592,-1.0083797,-0.60233724,-0.2775616,-0.123516895,-0.6283954,-1.0443314,-1.9452219,-0.75719494,-0.43569103,-0.6101824,-0.85199314,-0.92928004,-1.1400076,-0.8457019,-0.96532094,-0.7416247,-0.82812303,-0.19430609,-1.7588395,0.7516422,-0.7408031,0.15865508,-0.7767398,0.053409424,-0.32688054,-0.7887197,-0.4894512,0.070769854,0.77591175,0.9964729,-0.35912377,-0.79383594,0.33320028,-0.5446691,0.010160751,0.25006434,-0.0063568386,0.21613416,-0.54183716,0.70480716,0.5850636,0.7929954,-0.6316672,0.7973129,0.43023524,-0.14045793,0.76648116,-0.032467213,-0.60705215,1.0067402,-1.8136715,-0.76804906,-0.15486121,0.2956914,-1.0529264,0.051650822,0.5203139,-1.1232371,-0.098715395,-0.90967053,0.083209604,-0.7683079,-0.099280804,-0.7226412,-2.0062382,-0.18882248,-0.21693274,-0.5980793,-1.7834727
0.34701988,-0.40313596,-0.17176694,-0.019328935,0.08760667,0.701439,-0.3284423,-0.9879612,-0.6612652,-0.3202122,0.5228394,-1.9323419,-1.5798264,-1.1764741,-0.7448484,-0.71733814,0.24281949,-0.718094,-1.0804639,-0.35976514,-1.050104,0.3013125,0.49778363,0.510759,0.40323782,-1.037376,-0.6397563,-1.4171197,-0.82227737,-0.27661356,0.63963115,-1.3210777,-0.61410606,-0.58403206,-0.43566662,-0.9511407,0.15470201,-1.4689835,-0.6261673,-1.0831631,-0.7397875,-0.6083744,-0.39640263,-0.0039752447,-1.8221126,-1.3107922,-0.92642206,-0.6839164,0.6996142,-1.1366673,-0.63597775,-1.2417642,-1.1310138,-0.62989825,-0.18214831,-0.22162063,-1.1318809,-1.0189847,-1.3938304,-1.638682,-0.6589962,-1.0292934,-0.90344834,-1.8804492,-3.3475275,-0.878398,0.015219653,-1.0993192,-2.3018777,-2.314991,0.5334196,-0.60489565,-1.8479741,-0.55250394,-0.060957465,-0.21379165,0.8871177,-0.059906658,0.063299134,-0.8085802,0.31593746,-1.7745457,-1.9794716,-0.5872691,-1.4556618,-1.3434582,-0.4616282,-1.0723635,-1.1049889,-0.64569247,-2.6162374,-1.1620764,-1.4511069,0.109811716,-0.67704934,-0.3828142,-0.38462082,-0.61653495,0.53367954,-1.350834
-0.6776341,0.8263598,0.27161777,0.42127198,-0.09282637,-0.33748502,0.49290472,0.96982545,0.9329068,-0.11408027,1.0175111,0.36811095,0.777645,0.029291902,0.73928386,0.8058376,2.6104426,0.7089676,-0.16377659,1.3913256,0.597938,0.80377406,1.3742797,1.776391,-0.452009,1.902105,0.7280586,0.016842533,0.52188104,1.4868053,0.29393214,-0.06296287,2.1013808,0.44882295,0.31653517,-0.0010141125,0.12472314,-0.5141898,0.36057,0.16035677,0.2541729,-1.0582135,0.13428307,0.025112653,0.36515158,-0.04001173,-0.051008925,0.59515613,1.3681976,-0.31644347,-0.07145248,0.14995915,0.026648363,-0.1799245,0.39002648,1.5448344,0.34124726,1.7804211,0.38921276,0.7712243,-0.31272203,0.8191838,0.42551675,0.312574,-0.945593,1.5341864,1.5880541,0.45603898,0.42169076,-0.35680532,1.3423225,1.489193,0.72014123,0.9314452,0.6369954,1.22125,1.3286322,2.3725119,-0.30605164,0.1639878,1.3393567,-0.1656474,-0.6434846,0.97071683,-0.20338206,0.08203306,1.5432266,1.6578188,0.5440231,0.8636861,0.58042413,0.39723417,0.4173564,-0.0161126,1.1465003,1.1500973,1.5215303,-0.19307204,0.7787266,0.25451168
-0.25085703,0.104290634,0.19155739,-0.2805853,0.067443706,0.738217,0.32622927,0.6853137,0.73044586,-0.0019321443,-0.5619651,-0.3770559,0.47642982,0.44165385,0.16056083,0.90473753,0.4842697,0.52787626,0.38831347,0.23117231,1.0824747,-0.3154287,-0.12564045,0.35201386,0.2160139,-1.4352298,-0.26328048,0.056799408,0.9518275,-0.62679523,-0.19130646,0.006289745,-0.4827953,0.59984845,0.66733575,0.82524794,-0.56942827,-1.8125509,0.0011237292,0.8157982,-0.032346256,0.61677796,0.090352684,-1.4627798,0.24077843,-0.5437061,-0.57732844,-0.011994762,-0.3198421,-0.32347035,1.757145,0.22822379,0.4350121,-0.3552548,-0.10659004,1.0401958,1.1573336,1.2836813,0.39261428,-0.2117002,-0.7437537,-0.43167517,0.7497399,-0.6170584,-0.9938699,0.4638294,-0.03563944,-0.58216435,1.2310843,1.3321708,1.054247,1.4821819,0.72055745,1.0518794,-0.4821562,0.36701742,0.76559794,0.30404323,0.7328517,-0.034350872,0.38490057,0.21424596,0.16545606,1.1489564,0.7377168,0.23505437,0.08517775,-0.40353104,1.4376394,-0.04271433,0.8418968,-0.15445948,-0.25871363,0.3784555,0.50332123,-0.29647517,-0.50939,-0.29216352,-0.3889887,-0.25450704
-0.07270774,-0.01995319,0.3515107,0.0032305461,0.24983978,1.046509,0.36621228,0.6413606,1.3500196,-0.9467388,-0.5456064,-0.82217914,0.14466307,1.1193242,0.4344894,0.501325,0.9344989,0.87788385,1.0234733,-0.17295425,-0.38356492,0.22018033,0.2617228,0.0064346874,-0.19636674,0.9491385,-0.5861142,-0.96540695,0.96694607,-0.39427772,0.43065482,-0.4883353,-1.7280678,0.05267937,0.16482374,-0.8768686,-1.2630234,-1.3594656,-1.4129218,0.12923,-0.8496514,-0.8737492,0.9169033,-1.2321048,-0.15688509,-1.0485098,-0.59056485,-1.2015852,0.52927434,-1.5475332,0.61597615,0.6357929,1.7551341,-0.33977726,1.4223144,1.2038603,3.399038,1.4012469,-0.091787845,-0.16884331,1.1168444,0.044943817,1.0409738,0.5078255,-0.08108785,0.13030069,1.1256618,1.9034147,2.5987806,3.105922,1.1658885,1.8348948,1.3277063,0.5108278,1.1440026,0.3587974,-0.15964964,0.6408594,0.3775786,-0.2389629,0.09037301,-1.1413944,-0.95673513,1.0480683,0.057894163,1.3805611,-0.7486234,0.8096076,0.045281082,0.9583441,-1.8128089,-0.71205115,-1.506304,0.73681337,0.042094704,0.2849012,-0.37733644,-1.5513611,-1.1131096,-1.1239682
-0.14999387,-0.70632607,-0.44064498,-0.39810073,-0.16837671,0.18230167,0.25318247,-0.18607725,-0.42668828,-0.90833163,0.2807512,-0.21257327,0.31160125,1.1337526,0.77771807,0.78991896,-0.23149197,0.67619544,0.94506466,-0.474823,-0.046419486,1.0986032,1.4052763,-0.34405813,-0.8400656,-0.1776819,-0.85042095,0.2169092,-0.96257806,0.5217493,0.4186459,-0.4739737,-0.49354008,0.88525337,0.45986736,-0.8954351,-0.90468115,-1.7396393,0.2515426,-0.47626516,-0.40141848,-0.28295988,0.81263196,-1.5749834,0.10178056,0.416992,-0.8652561,2.010452,-0.5698918,-0.60508597,-0.30831176,0.6315437,1.3984843,-0.43815455,0.4759114,2.9704056,1.8607535,1.0435048,-0.85157365,-0.60158134,-0.14136596,0.4186517,0.49528217,-0.783729,0.542495,0.43803814,0.8628397,-0.5133004,3.1326876,3.3852992,0.5305246,2.0036926,0.20393911,-0.44195557,0.03069894,0.47388306,-0.21739331,0.0036388885,0.022696681,0.36558783,-0.2725357,-0.7700312,0.8568529,0.60963553,-0.30424687,0.39657938,-1.3788835,-0.5609117,-0.31181088,0.5297833,-0.17886722,-1.4409534,-1.373131,-0.033233434,1.1391262,-1.5548078,-0.080625206,-0.40144634,-0.4575782,-1.2737163
-0.0063718674,0.03847178,-0.6835462,-0.13303748,0.08090635,1.390248,1.0549425,0.2704192,-1.0038792,-0.5195085,-0.6912115,-0.9835433,1.2463454,0.92781204,-0.10124504,0.9241293,2.2009554,2.0185585,2.3052268,0.7698102,0.9233108,1.6311698,1.6881706,0.42602283,-0.55988526,-0.39871207,-0.112368464,-0.02972706,0.43874907,0.3414759,1.1747756,-0.019772869,-0.99667656,0.940489,0.7269469,-1.3727658,-1.6374356,-1.303725,-0.51714486,0.936554,0.37339205,0.8528282,1.2695757,-1.5140405,-1.3182164,0.68674034,0.5787332,-0.13348019,-0.38124207,-0.6764281,0.021984626,1.5792474,1.7517252,-0.24698368,2.0978193,1.6165731,1.5557605,1.7062544,-0.0854418,-1.3870156,1.1193362,0.29251665,1.7089928,0.5422928,0.5247386,0.15356597,1.0135036,2.6016688,2.5855894,3.6240823,0.93279475,1.9518505,1.7109238,0.27668104,0.79455286,1.1524109,0.34900698,0.72906643,-0.44807926,-0.238442,0.5779225,-0.798335,-0.50498265,1.8307376,-0.8014011,1.0635992,-0.6883935,-1.0696646,-0.22414331,-0.7852742,-0.73109156,0.2724666,-0.9711347,1.213562,0.97931343,-0.77163994,0.07035052,-0.3425596,0.46051627,-1.2245603
0.3708942,-0.55837876,-0.3741115,-0.883179,-0.0037654298,0.4941518,0.088049956,-0.50856346,-1.0370897,-0.6650165,0.52614737,-0.19472125,-0.67187333,-0.24946836,-1.7480409,1.0258512,0.35611027,0.51588714,-0.4335094,0.37887564,0.07261673,0.41990474,-0.75971574,1.1979308,0.18251234,0.85236484,-0.457331,-0.6435052,1.0295137,-0.75595236,0.02240004,-0.97752094,0.009656954,0.27497795,-0.6070651,-1.3722131,-0.2251088,-1.4139005,-0.28125894,1.1013947,-0.4239251,1.014876,-0.019110367,-0.82464,-1.3622078,-1.3273674,-1.3508968,-1.2139056,0.12538745,-1.2081237,-0.5258843,1.5855001,0.8412982,-0.8448442,0.36877614,0.9001516,1.3393391,0.92008215,0.5930179,-0.1358493,1.8647827,-0.5353494,-0.12091953,-1.3910962,-0.91696393,-0.76214707,0.490424,0.055351567,1.7790716,1.0074146,-0.017560491,1.6910921,-0.48234847,1.6249484,1.0054464,1.3100098,0.47088662,0.18278247,0.69101465,-0.22249572,0.40016946,-0.6132234,-0.43548954,1.2924445,-0.8170904,0.4853428,-0.8173355,0.65161383,-0.32496127,-0.54245377,0.6051513,1.4258093,-0.48262435,2.5490122,0.90746766,0.37825704,-0.30397135,0.26316598,0.5173451,-1.1575227
0.05979224,-1.2912123,-0.78166974,-1.3550583,-1.27745,-1.8608617,-0.98036855,-1.0705553,0.0691102,-1.3762699,-0.99835765,-0.7921406,-0.9817269,-0.55935645,-1.5051662,-1.5991045,-1.7391514,-1.7692629,-1.6963676,-0.61205614,-0.4224312,-0.50843537,-0.16793284,-0.42331895,-0.04727379,-0.58048195,0.43511212,-1.2667999,-0.48886427,-1.3173543,-0.13327254,-0.67571086,-1.4990444,-1.0552408,-0.6993643,-0.045844097,0.33733547,-0.55132145,-0.84694296,-1.0398232,-1.2014116,-0.32663542,-1.2879231,0.10389183,0.9194442,-0.51539224,-1.6798136,-0.46538857,0.1916679,-0.6731483,0.52121526,-0.26344284,1.2712998,-0.9041857,-1.0373008,-1.2012299,0.034283187,1.169566,0.32092342,-0.65807307,0.036540087,-1.183935,-0.1353054,-1.3518162,-0.32893857,-0.6002017,0.0630452,-2.0915127,0.40685752,0.70515627,-1.0193498,0.3074571,-0.5413619,0.92072946,-1.3782805,-0.38077992,-0.8069666,-1.8956982,0.57592034,-0.7430782,0.19714196,0.5043212,1.393239,0.6946121,0.91564274,-0.9356843,-0.35115752,0.21441928,0.22757648,-0.03613559,-0.719403,-0.5515197,-0.17190377,0.9209863,-0.80380267,1.377273,-1.3106786,0.68853664,-0.26290727,-0.30445293
1.5077882,-0.5725926,-0.36513472,-0.7005756,0.39398453,-0.19363013,-0.82849693,-0.8129423,-0.46609375,-0.061881665,-1.2839892,-0.32439595,-0.090801366,0.45595506,0.38858342,-2.0680494,0.16756982,-0.70054466,0.15237343,-0.044777174,-1.5666727,-2.1960735,0.339571,-1.908637,-0.2603817,-0.7959138,-0.17043172,0.17890966,-0.5079125,-1.4670409,-0.5208956,-0.45992696,-1.0317467,-1.213701,-0.34648016,-0.64191496,-0.30546176,0.022328224,-2.0227997,-1.6300008,-1.6365048,-0.8415495,-2.2564254,2.139396,1.7834324,-0.09247397,-1.3369803,1.2276081,1.123501,0.5644136,0.8318592,0.49317986,-0.4563168,1.7842159,0.35242757,0.17223388,-0.48926803,1.4368426,-0.30788308,-1.0444605,-0.64575344,-0.051756624,0.22799863,0.53021455,0.38352242,0.02557904,0.24065779,0.12311731,-0.27496648,0.73380095,-0.8803239,-1.9555628,0.02752986,-0.70126975,-0.39229968,-1.1180409,0.04452467,-1.3348628,-2.2945344,-0.7202059,-0.3394422,-0.45899832,-0.3890383,-1.2097865,0.9694039,-0.79839575,0.3647167,0.1728717,0.74072635,-1.9657774,-1.5519726,-0.6331604,-1.7350559,-0.8113087,-2.997293,1.3540956,-0.34375554,1.6837785,1.2306117,0.3823092
-0.8888958,0.27735677,0.0762962,0.15504315,1.0111902,0.06430655,-0.600443,0.31052524,0.4248903,-0.39299452,-0.077485815,-0.5136238,0.21924496,0.35394606,0.26532593,0.14254296,-0.993779,0.1088872,-0.49205738,-0.23243538,0.08802555,-0.27679157,-0.39734775,-1.396521,-0.23868905,-1.0343074,-0.30016217,0.5959982,-1.2371746,-0.72998816,-1.4572004,-0.9417759,0.5733826,-1.8583341,-0.8632129,0.086297035,-0.4521789,-0.721335,-1.1633801,-0.37817994,-1.0528616,-0.60616803,-0.8480923,0.58639467,0.07259875,-0.77689964,-0.12678733,-0.16274165,0.35882825,-0.15407296,-0.67960626,0.2917913,-0.9203115,0.6718944,0.40110406,0.22204176,-0.2908143,0.11802104,-0.48451883,-0.7411611,-1.1309282,-0.3186404,0.6774147,0.652452,-0.4957284,0.62610734,-1.1347089,-0.96950567,-0.46074936,-0.45888343,-0.19652061,-1.6408256,-0.5135707,-0.7270653,-1.1962132,-1.6415769,-0.813492,-0.5327824,-1.1750529,-2.140092,-1.3934147,-0.77501553,-1.018566,-1.6777267,-1.521192,-2.4819787,-0.14200976,-0.5773106,-0.4222526,-2.1211405,-0.5056067,-1.1978518,-0.9120825,0.78886116,-1.726958,0.1802106,-1.0719776,-0.8625082,1.0236596,0.10660369
-1.3102006,-0.8246298,0.4186735,-0.56753725,-0.40809485,0.08368087,-0.2819584,-0.017112043,0.4298463,-0.6917707,0.16727038,-0.4108324,-1.269054,-0.7689289,-0.41471243,-0.83623135,-1.2433654,-0.71336365,0.3524692,-1.8060519,-0.04297017,-1.1830798,-0.34577966,-1.3161823,-0.76055264,-1.3851749,-1.1833401,-0.90508515,-0.7825288,0.22165515,-0.63513696,-0.90002877,-0.5522687,-1.1227117,-0.3719545,-0.5617781,-1.3073202,-0.43742436,0.265807,-0.89163065,-0.04498022,0.4030786,-0.2952175,-1.0055865,-0.25852466,0.19270293,-0.09540509,-1.6814985,0.044888694,0.5241308,0.18844871,-0.5350025,-1.5059168,-0.82734513,-1.047506,-1.1881024,-1.3303055,-0.6432891,-0.9034342,0.56893814,0.5655759,-0.19422863,-1.9748447,-1.1958244,-2.1336458,-0.1766224,-1.1856604,-0.97806346,-2.0134027,-1.9669291,-0.85074896,-2.12954,-2.6641338,-2.0741782,-0.15260826,-1.2213136,-1.8317363,-1.7246687,-0.41813025,-0.4462171,-1.752792,-0.45806766,-0.59670556,-1.5111098,-1.3402927,-1.5016507,-0.70220876,-1.3710939,-1.9163632,-1.5797138,-0.4030889,-0.56909573,-1.7651461,-0.63431853,-1.0476313,-1.3505033,-0.14749472,-1.9524564,-0.38959673,0.4785473
-1.4028082,-0.4910893,-0.68529576,-0.5524066,0.36030462,0.10773721,-0.62292695,-0.5114012,0.55063325,-1.8354145,-1.774157,-2.2866952,-0.3822356,-1.5425822,-0.8770709,-1.2868656,-0.7837065,-0.45870745,-0.43023512,-1.6785733,0.20793612,-0.3025354,-0.89523053,-1.4285707,-1.7977333,-0.12392348,-2.1087885,-1.2973691,-1.6752788,0.17355928,-0.06916115,-0.5461149,-0.13349633,-0.35102007,-0.3274115,-0.3293406,0.012482557,-0.5895445,0.8969141,-0.9329465,0.4646929,0.5469479,0.5150598,0.8180804,-1.4751141,0.3332925,0.834265,-1.6892676,0.11852374,0.43669263,-0.88624257,-1.6060873,-1.8116772,-0.8495688,0.16131312,-1.1469893,-2.2719486,-2.1182454,-1.6348816,-0.076466426,-0.8901817,0.360602,-0.80810654,-0.56926084,-0.89685875,-0.7035798,-2.0889137,-0.4143388,-2.4276812,-1.9170524,-1.5187792,-2.0193632,-2.588681,-1.8617489,-0.72462064,-0.88743186,-2.2016907,-2.0268676,0.6320357,-0.9488847,-1.4434544,-0.45375606,-1.705977,-1.601462,-2.690944,-1.4514315,-0.3729831,-1.3256036,-1.8029419,-0.8378186,-0.9651026,-1.500797,-0.090427496,0.07248847,0.03805717,-0.36093354,0.55783796,-2.7393477,-0.71822315,0.22764754
-0.8203947,-1.8472687,-2.1058557,-1.2208588,-0.57583445,0.03944518,-1.8952558,-2.5826478,-2.2106025,-2.20225,0.16760606,-0.46531057,-1.2972971,-2.3099732,0.89009225,-2.1838918,0.23873079,-1.4487138,-0.50517386,-0.4073176,-1.2322669,-0.114782274,-1.3053788,0.33962163,1.5211346,0.14302844,-1.4996558,0.47620562,-1.0838852,-0.23536858,-0.7597244,-0.9362781,-0.029407173,-0.8284186,-1.5720019,-1.1109259,-0.7073876,0.3877742,-0.782028,-1.4008843,-0.7576244,0.098202296,0.6505018,0.07777624,-1.3284647,0.1683461,-0.24800265,-1.5726066,-0.36514106,-0.36548746,-1.1203532,-2.8544443,-2.5722876,-1.7338147,-1.4883502,-1.3640577,-2.6481416,-3.4312441,-1.5865964,-0.18587027,-0.14538732,-1.1324575,-0.7645757,-1.5879649,-1.0306339,-0.026056927,-1.2335763,-0.41525856,-2.016767,-3.5549502,-0.98677456,-1.37652,-2.5312743,-1.9510745,0.850749,-0.96479267,-0.24326617,0.54260874,0.36794505,-1.4132419,-0.5338058,-1.7130787,-1.9464424,-0.37192717,-2.1507847,-1.5594501,-0.81855255,-2.2621133,-1.9476329,-1.2591958,-0.1511353,-1.0388886,-2.2398136,-1.5348331,0.4876486,0.14655471,-0.71140945,-0.99403614,-0.17484073,-0.0054757944
-0.55073184,-1.7810818,-0.84174776,-0.9416882,-0.39187166,-0.46189412,-2.0479085,-1.5175337,-2.504962,-1.9553075,-0.7155443,-0.77672374,-1.443454,-1.7420942,-0.5861364,-1.7600785,-1.2567505,-1.4974079,-0.47967353,-0.28521898,-1.0727626,-0.4648351,-1.4397804,0.026688255,0.10379047,-0.900744,-0.5114001,0.40516514,-1.1311723,0.317026,-0.6232521,-0.0015311511,-0.2581297,-1.045964,-0.90483564,-1.2309414,-1.6688889,-0.14425334,-1.9697177,-1.028368,-1.6163979,-0.8414608,1.0373608,-0.34534344,-0.66197044,-0.37722328,-0.32391778,-0.49758384,-0.80230343,-1.4839432,-0.3262086,-0.1423495,-1.1104634,-0.6185813,-0.6179049,-0.5598516,-0.422713,-2.0164104,0.4583131,0.13889752,-1.3235084,-0.46491113,-0.15835257,0.52248466,-0.7050492,-0.6735232,-0.64667314,-0.6583265,-0.30963454,-2.2383401,-0.09546586,0.1377038,-0.17350402,-1.2175629,0.9847441,-0.8038343,0.1161676,0.13517103,0.12919484,-1.610352,0.765743,-2.338149,0.50546724,-0.06733612,-0.5808033,-1.3861678,-1.1138148,-1.746784,-0.90516555,-0.5531729,-1.3185613,0.06380733,-1.2738522,0.14717028,-0.21248832,-0.8920611,-0.6412302,-0.8605852,-0.50191915,-1.5426267
-0.3733009,-1.268233,-1.0795431,-0.9134586,-0.431671,0.3344413,-1.0921648,-1.5289239,-1.8946731,-1.3183397,-0.67341477,-2.4990072,-1.6495312,-1.7342099,-1.9992732,-1.9670706,-0.95158046,-1.1563208,-0.6065635,-1.9423558,-0.6508986,-0.1464961,-1.206106,-1.1974491,-1.7480729,-1.0679528,-1.7172186,-0.07476522,-2.7004855,-1.9636981,-0.09140587,-1.2591863,-1.325574,-0.6182364,-1.7777591,-0.4309134,-1.1030128,-0.726629,0.13749518,-1.7367729,0.0674878,-0.6485,0.6862922,-1.2341744,-2.000795,0.078796335,-0.5616884,-1.5808895,-0.9326685,-0.37635726,-2.2003846,-1.7039407,-2.4703383,-1.2208853,0.2517938,-1.1077538,-1.7864286,-2.1283867,-2.3267365,-2.3140996,-1.8168168,-1.5442764,-1.7700094,-0.35142896,-2.0543582,-2.792929,-3.4651608,-1.555972,-2.726313,-2.2414587,-1.9760494,-2.829875,-1.5633123,-3.6479397,-0.7190963,-2.280454,-3.4732327,-2.1315675,-2.216854,-2.345187,-0.82368904,-0.5612106,-0.80976236,-1.9162089,-1.4050279,-0.58646107,-0.3764174,-1.6062337,-1.6616648,-1.5518595,-3.556906,-3.065599,-1.6252145,-1.9482945,-0.66947484,-2.284124,-0.06070259,-2.5251706,-1.6323768,-1.044591
-0.9944863,-0.040533803,-0.33173588,0.6305943,1.0259913,0.6491399,0.5823616,0.280826,-0.30273694,-1.1599685,-0.18242733,-1.4726925,-1.4526352,-0.25348514,-1.5148271,-0.71995306,-1.0961956,0.85470355,0.5844583,-1.3583287,-0.43388274,1.6844728,-1.3753936,-0.9507486,-2.0082085,-2.4047215,-2.4115157,-1.7834945,-1.425996,-0.47308272,-1.1185517,-0.7776216,0.44739848,1.413542,0.25890285,0.06496926,0.8329237,-0.27564293,2.7101705,-0.14815883,2.1368697,1.0517267,1.5577309,-1.0396637,-2.3221784,1.4913236,1.0786045,-0.60243547,-0.25525472,0.36926687,-1.8325173,-2.1649902,-3.0490074,-0.73409605,0.56382483,-1.0297177,-3.0501552,-1.6037034,-3.5857997,-1.5098027,-4.261527,-3.1809883,-1.4675689,-1.5827682,-1.9616075,-0.8564005,-3.1628008,-2.3766072,-3.2069747,-2.5278018,-2.5548995,-3.0149002,-2.9356163,-3.9561634,-2.9860265,-2.4674792,-3.2178502,-2.4355848,0.5535814,-0.81644464,-2.8804133,0.4343146,-2.0151434,-3.099899,-3.048148,-0.68173975,-0.97965217,-1.3818932,-2.0317545,-2.604309,-0.83068484,-1.8422463,-1.576084,-0.78556913,-1.215581,-2.5006568,-1.4187444,-0.5971451,-1.1540428,-0.73206484
-0.83549327,0.008361179,-0.02567504,1.0723462,1.45705,0.8506088,0.48337325,0.8417974,0.17747372,-0.33587557,-0.7304778,-1.948139,-1.7005936,-0.4798335,-0.07487904,0.07606659,-2.035172,0.9651105,1.4906142,1.0434997,0.6386306,-1.1662443,-0.8428274,-1.257837,-2.6043472,-1.2370331,-1.274171,0.2737298,-0.07684268,0.46685213,-0.3203604,-0.26240212,1.7916969,0.9975705,-1.4156573,0.36731422,-0.029352037,-1.1825185,0.18566531,-1.4344854,1.4004269,-1.3326986,-0.4354703,-0.08700606,-1.0184073,0.03667072,-0.38538495,1.3453995,1.155833,0.090822205,-1.0733994,-0.6344056,-1.9843847,-0.077242084,1.0522318,1.0829538,-1.6321164,-0.40597874,-0.9480241,-0.26480332,-1.7870153,-1.3398428,-2.2461305,-1.6141889,-1.1331533,-0.52740914,-1.4556714,-2.0157826,-2.0144882,-1.318495,-1.3605806,-1.3277318,-1.0644203,-2.1689975,-2.9766622,-0.65155405,-1.7982652,-0.84070295,-0.6948388,-0.50942796,-2.054078,-0.22776045,-1.121993,-1.915944,-1.0465671,-0.63393885,0.8432805,1.0827265,-0.82821965,-1.160797,-0.20719764,-2.3973238,0.24240157,-1.2103806,0.5265002,-0.9590801,0.07671687,-0.7439733,0.37381396,-0.29418713
-0.46933758,0.5619126,0.43019092,0.79636693,0.948885,1.3625313,0.44702476,1.3738333,0.8678744,0.1026317,-0.07428755,-0.083822496,1.0486178,1.1012043,0.015652912,0.35840014,-0.7193351,0.6177739,0.8310781,-0.006002006,-0.12601832,-0.010643393,0.36207804,-0.94640344,0.3088472,-1.0678126,-1.2485527,-0.22176737,-0.013990997,1.0043106,0.63686985,0.19166233,0.4868925,1.7724272,0.16609259,0.010468446,-0.25302953,0.08197185,0.28958926,-0.24318197,1.9054091,1.5224216,0.2840865,-0.74655414,0.10324414,0.22693714,0.33075178,1.4949212,0.18146853,0.70343995,-0.3627916,0.5236043,-0.9796669,0.44822484,0.8200104,0.71713907,-1.4247723,0.4536924,-1.8351305,-0.6954308,-0.52676994,-1.0316327,-1.1167681,-0.83104,0.48179084,-0.0021754086,-1.180492,-0.47011423,-0.992838,-0.07118492,-1.5423952,-1.7112949,-0.62258756,-1.384093,-2.414798,-1.9822936,-0.92817533,-1.0038555,-0.3066594,0.86396354,-0.44703895,0.8656022,1.204581,-0.32736483,-1.3267928,0.7636874,1.0467798,-0.5368608,-0.55349356,-1.3032278,0.48960167,-0.088925816,0.17729752,-0.90366185,-1.5650569,-0.5740733,-0.5228585,0.78626496,-0.14433266,0.16471523
-1.5104473,-0.25500327,-0.39750436,0.18705845,0.95706624,-0.37589017,0.20107321,0.06957243,0.3643243,1.4132304,-0.42413247,-0.6983186,-0.26183334,0.67717046,-1.0334504,0.06189434,-0.10599343,-0.16801475,-0.3073999,0.7118709,-1.5285352,-0.9617498,-0.26526734,-1.0183439,-0.8025782,-0.40580982,0.039761998,-1.346877,-1.1776932,-1.793607,-1.4607881,-0.5381249,0.46610263,-0.05481972,-0.31680664,0.309269,-0.078061804,0.4943648,-0.5095942,0.4313564,0.016306438,-3.338337,-1.2765489,-0.28843167,2.1597455,-1.0141098,-1.025733,1.0231758,0.2301052,0.7743164,-0.6072255,-0.10855281,-0.010305549,0.41126952,-0.22617087,0.058154278,-0.34533295,-0.08102192,-0.8851136,-0.79994875,-0.8007087,0.7591946,-1.1718909,-1.1844143,-1.5636702,-1.022842,-0.6032783,-1.2617726,-1.0067215,-1.1957396,-0.2763568,-1.7277464,-0.3135571,-0.32034552,-1.5699166,-1.2900059,-0.85832024,-1.3771434,-1.5367347,-0.5014961,-1.0596727,-0.9767392,-0.3846372,-0.8834809,0.78154385,-1.9913701,-0.9457681,-1.1954887,-0.07486143,-1.2702088,-0.10671419,-0.2210918,-0.3305056,-1.3549471,-1.3479674,-1.4303493,-0.4565118,-0.06553255,0.19160365,-0.13937078
0.637176,0.35859805,0.4926449,0.46522185,0.12364672,0.282764,0.3753201,0.7840988,0.8056389,1.352146,0.54776037,0.34861895,0.25473475,0.7039238,0.19204013,0.91553444,-1.1807146,0.82038695,0.73664683,1.0640513,0.4755049,-0.545095,-1.3710861,0.002161262,-0.8949473,1.050965,-0.19015314,-0.64690894,-0.05782927,-1.0603744,-1.3688242,0.12334468,-0.16385959,0.46887478,-0.09349853,1.1153988,0.48717296,-0.30977485,0.4094449,0.6987639,0.715908,-0.36556545,-1.511791,-0.79967445,0.64152944,-0.25269037,1.0661739,-0.48169005,0.615478,0.5014379,-0.08995991,0.522928,-0.59299403,-0.66888565,-0.3249025,-0.18762954,-0.6800301,-0.5126469,0.21860297,0.64280355,0.34273937,-0.33602402,0.5033493,-1.1845088,-0.020553898,-0.37216568,0.008312543,0.124841034,0.14422363,-0.512522,-0.24600577,0.07786432,-0.3178276,0.13745898,-1.0856984,-0.5152129,0.19588853,-0.26172158,0.2977,-0.22100133,-0.51872545,0.17725539,-0.21147668,-0.6885225,0.07611425,-1.4146216,0.5364277,-0.2662702,1.0235626,0.7945773,-0.5944411,0.026206654,-0.5921579,0.32172406,-0.44564334,-0.86265826,-0.094825886,0.025677554,0.29291773,1.0396067
-0.1573748,-0.1761427,1.6703526,0.54440814,0.8812469,1.8735437,0.29063076,0.6465755,1.6482393,0.6829778,0.4809715,-1.0572287,-0.4428485,0.4919939,0.82650167,0.65801233,-0.37657523,1.1748608,0.23403575,1.0929818,-0.74371535,-0.40800405,0.2021944,-0.43262196,0.20816918,0.9531373,0.24397716,0.7340701,-0.97176737,0.015163015,0.048241563,-0.01809841,-0.5476017,0.62200123,-0.023979,1.0682352,0.4763798,-0.031377953,-1.1710662,0.095378816,0.6227165,0.6973289,-0.56014574,0.111139245,0.8125579,0.6383627,0.73611206,1.2659516,0.83152187,0.47712898,0.48353076,0.3035681,0.22764336,0.78406346,1.5996182,1.1059343,-0.49560708,0.35272717,0.3301361,0.50047696,-0.5079108,-0.8067484,-0.59822387,0.98097706,-0.44629458,0.75794864,0.0074934447,0.33606234,-0.22775885,0.18399043,0.66524094,-0.5615335,0.06279123,0.045664825,-0.67303944,-0.71445423,0.71205634,-0.57071394,-0.84518385,-0.37607884,-0.20721056,0.7008706,-0.12162906,-0.27791467,0.3752107,-0.32459772,0.74049807,0.17979059,0.6802986,-0.03091797,0.24479994,-0.34777004,0.06199593,-0.2070908,0.39965662,-0.1463838,-1.059864,0.51736295,0.9939514,1.290298
0.6180762,-0.37868854,-1.008922,0.4046318,1.3296992,0.65016663,-0.24108252,-0.17529833,-0.11981196,-0.631316,0.83429736,0.8761369,0.94595814,0.22624654,0.26970407,-0.11396676,0.32285535,-0.17614764,0.864129,0.67259395,0.18707722,-0.011970123,1.0704534,0.58590144,-0.39007175,0.25989664,0.10547089,-0.114663474,0.5370698,1.1235342,1.0896872,-0.035612326,1.900982,0.08847367,0.20674628,0.12647219,1.1878663,0.46854243,0.14778729,-0.40767545,-0.14069435,1.234338,-0.120463125,-0.31001133,-0.35992083,0.95372784,0.67843,0.051499847,0.38100332,-0.1053213,-0.69707125,-0.10490515,-0.39060956,0.62289363,0.8185823,0.6648216,-0.6855595,-0.07861851,0.5762068,-0.057537638,0.7420793,-0.61269945,-0.016672969,0.5467219,1.084272,-0.25678644,-0.34893587,0.48328435,-0.3306184,-1.5326186,0.9658778,0.083562605,-0.120719984,-0.64790606,0.42635718,0.4779211,0.19643916,0.82226187,-0.24883077,-0.38863012,0.11102377,-0.6305457,-1.2719945,0.026699474,-0.13949849,-0.0736051,0.81497926,0.56865376,0.20545681,-0.2781963,-0.10971531,-0.47596377,-0.2168904,0.86186093,0.24138343,-0.63488835,-0.163167,0.25616625,0.12567443,0.19235393
-1.2553557,-0.10144152,-0.5925497,-0.33643985,-0.71331805,-1.154168,-0.072035015,0.0619441,-0.28603247,-0.23411334,-0.80931914,-1.3005679,-1.2063124,-0.06126683,-0.9776053,-0.3563592,-1.1886024,-0.24199295,-0.68785745,-0.19815432,-1.6011486,-0.6406646,-0.81895906,-0.31071472,-0.8863323,-1.3672068,-0.6713695,0.5753074,-0.4631465,1.5655833,-0.6015996,0.37467703,0.034203514,-1.097389,0.4865067,0.06965314,0.19868438,0.4666843,0.3159609,0.6077052,0.15672106,0.8901332,0.5971753,-0.053131502,-0.08619292,1.0472571,0.40171,-0.09376893,-1.6369225,-0.36791024,-1.7904197,-1.3511788,-1.2464981,-1.0994115,0.04617096,-0.6992191,-0.6861728,-0.49120829,0.2336406,-1.796597,-0.14870682,-0.41958863,-0.975109,-0.84761924,-1.2181689,-0.20385687,-0.8569398,0.34399307,-0.299266,-0.64897174,-0.6940418,-0.24804616,-0.49462876,-0.16408867,-0.8425308,0.098336704,-0.14338332,0.4260118,0.8528236,-0.5549424,0.2570971,0.39645708,-0.48504162,0.252602,0.48041573,0.33571061,0.0739656,0.3632826,-0.7451523,0.44512036,0.017014708,0.4496739,0.673386,-1.6655427,0.23905483,-0.48613274,0.8753829,-0.5452666,-1.825872,0.23692286
0.13352785,0.97512704,0.17786936,0.47706428,0.47547075,0.09617465,0.26239982,1.1266012,0.063394666,0.23315896,0.017741466,0.9162558,-0.53061336,0.2979585,-0.7217935,1.0413145,0.07272879,0.08156001,0.1408713,-0.11485789,0.44013485,0.21063764,0.9964953,1.2278093,-0.15376589,0.062118135,-0.2112079,-1.4852091,0.0422595,-0.6225366,1.0803342,0.0070328116,-0.16940711,0.17175236,-1.2576275,-0.6747684,-0.92936003,0.78584343,0.87579054,1.2022458,-0.08741696,-1.1701571,0.6865485,-0.67205065,0.012382558,0.18734995,-0.45895112,-0.85703146,-0.8183396,-0.27279824,-0.7900741,0.13959548,-0.6872266,-0.05262931,0.3094319,0.25918582,-0.5463379,0.13595867,0.07641867,-0.309932,0.6154582,-1.762864,0.41975227,-1.356065,-0.7993525,-0.6492922,-0.56999946,-1.6955253,0.22559422,-0.4230188,-0.43044546,0.052895464,0.44673574,-0.13749519,-0.57432806,1.0107083,-0.0770495,0.34164295,-0.45370775,-0.13871561,0.21913892,0.46729884,0.3873574,0.2976285,-0.5800146,-0.38419884,0.15841429,0.0020903433,-1.0530407,-0.21227378,1.1515105,0.47766602,-1.1364696,0.2023152,-0.2819988,-0.9456308,-0.73901457,-0.30904722,0.99413115,-0.02383441
-0.263507,1.536536,1.7640368,1.9889094,1.4705344,0.94272876,1.1491358,1.8225843,1.4382162,0.21745005,1.8520252,0.08548022,-0.057207253,0.5976542,0.67534846,2.1056483,0.10751051,1.252793,0.48452666,2.6576018,1.5374243,-0.4679033,1.8812455,2.2870424,0.22234824,0.5453292,0.35815588,0.08975231,0.7906491,0.7427794,-1.6176686,0.05144735,0.54111993,0.87049264,-0.5189662,0.74382204,0.74597585,-0.42273778,0.70803005,1.1896005,0.8010809,0.34691933,0.3654801,1.5507321,-0.98048556,-1.1199274,-0.52421135,-0.34632277,0.9892863,0.69115794,-0.19515014,0.77874315,0.26290753,0.8233485,1.3668032,0.9890118,-0.53611237,0.0507897,-0.26086786,0.18612126,0.9479476,-0.07438701,-0.2404945,-0.8032142,-0.20354876,-0.16057467,-0.069381155,-0.41569617,0.6249779,0.011945329,1.4812721,0.59231925,-0.41368547,0.814972,0.43851745,1.6074427,1.0436486,0.7594355,-0.48162323,0.06147215,0.74837536,0.12837675,-1.2708001,0.8469105,0.7659675,-0.0037843017,1.2141637,-0.41152838,1.1446564,0.15693599,0.057812605,-0.57759315,-0.5460226,0.7051033,0.02764012,0.16020447,-0.6018712,0.6091805,0.7114965,1.2198467
-0.4548994,-0.45725033,-0.44790035,-0.14839976,-0.33757135,-0.9940387,-1.0598456,-0.75940037,-0.6239477,-0.72336704,-0.74229157,0.052380264,0.12849876,-0.46391705,-1.3896616,-0.7266889,-1.2901254,-1.1569132,-0.9145559,-0.6472283,-0.60787153,-1.2131722,-1.1706953,-0.3054792,-1.0276921,-0.43061647,0.5365328,-1.7097625,-0.9108915,-0.87585837,-0.57021654,-0.3381874,-0.32245418,-0.9889034,-1.1044779,-0.6104675,-0.12742828,-0.4794558,-0.33487344,-1.3069662,-1.2554016,-0.25583416,0.45527878,-0.7531653,-0.9916621,-2.5395257,-0.23120748,-0.7825199,-1.0975784,-0.8382645,-0.6202179,-0.3087478,-0.04417392,-0.4182616,-0.7769132,-0.51797086,0.09848219,-1.2301404,-1.5669854,-1.336722,-0.014135761,-0.42799318,-0.20816225,-1.2941109,-0.6409097,-2.480804,-0.5369318,-1.9640538,-0.0016521182,-0.38602898,-0.9650335,0.10095407,-1.3969502,-0.30446017,-0.9198352,-0.8538536,-0.39819083,-0.0597766,0.98588336,-1.0324299,-0.0019129021,-0.72906935,-0.54211384,0.07485864,-0.78317994,-0.79785687,-0.3152845,-1.3841739,-0.8944595,0.009880425,-0.91664886,0.49101076,-0.62688124,-0.68833274,0.48417148,-0.5431048,0.04900333,-0.92654634,0.06081627,-1.1174312
-0.4899009,-0.31553435,-1.3399694,-0.6170192,-0.49078643,-1.0822945,-0.36951238,-0.37363777,-1.2486093,0.1266365,-1.5225924,-0.60618293,-0.6159547,-0.61343133,-0.17253439,-0.83968866,-0.6031453,-0.9939057,-0.9719682,-1.594929,-0.46433657,0.5815119,-0.062406145,-0.45745865,0.1909059,0.35051465,1.5982937,-0.48199305,-0.21377124,1.3673608,-0.58276266,-0.85402864,-1.476936,-1.4559157,-0.33214334,-1.3696613,-0.6824138,-0.6122692,-0.4322674,-1.1003389,-1.5626556,0.174561,0.17844403,-0.5563452,-0.6482942,-0.064449884,1.1648753,-0.11832243,-1.5673131,-1.8147314,0.21829605,0.40385452,1.1020625,0.29833615,-0.55292463,-0.52697474,0.5799342,0.10753026,-0.7879948,-1.0031779,0.106972314,0.07337444,0.44256327,0.19591247,0.95801544,-0.2291145,-0.030604145,0.076497555,0.4193403,0.6587308,-1.2405021,0.8678085,0.29203486,0.950399,0.49384564,0.38600588,-0.30967283,0.49795803,-0.17573367,-0.40969822,-0.19800322,-1.258821,-0.6261386,0.2994974,0.14076452,0.69425297,-1.7662373,-0.09494003,-1.6316338,-0.28514758,0.29468828,-0.61521316,-0.35960984,-0.08547384,0.7629485,-0.25175166,-0.94178575,-1.4073911,-0.7244516,-1.7899014
0.16776742,-0.2817945,0.08514106,-0.30671668,-0.3932472,-1.1055684,-0.39744878,-0.71717346,-1.3108603,-0.7994029,0.6195632,0.013995079,1.0432179,-0.37335712,0.6765775,-0.41285464,0.95241547,-0.7939796,-0.24869844,-0.09137781,0.54514986,-0.37851834,-0.31363824,1.006247,0.10290514,0.06252278,-0.6196466,-0.54577386,1.2302378,0.33272395,-1.0110251,-0.6409437,0.067847915,-0.63461524,-1.2301737,-0.80037117,0.8330659,-0.454974,-0.22914967,-0.14203319,-0.48915383,-1.250125,0.2084388,-0.720792,-1.0874997,-1.501224,-1.0346903,-0.90238214,-0.95595336,-0.55301565,0.7637132,0.049943518,0.43871194,-0.49636176,-0.054879416,0.870986,0.4474936,0.1284759,1.5007701,-0.8054441,-0.36806145,0.47637334,0.552067,-0.0853453,-0.98636985,-0.033388596,0.60494834,-0.5288366,0.20743048,0.4067668,0.6076357,0.8467886,-0.18671359,1.6907326,1.7607747,0.774307,0.7736972,0.93800277,-0.55577797,0.9704351,0.68532825,-1.0964394,-0.8629833,-0.054351863,-0.39141485,-0.39747676,-0.4493711,-0.055666316,-0.7982329,0.6771845,0.50307834,-0.027606362,1.1897012,0.5595597,0.120192155,-0.61317074,-0.86451346,-1.2851009,-0.41330978,-0.58628184
-0.12961707,-0.21775071,0.25548312,-0.44983605,-0.6751408,-0.032427214,-0.7181424,-0.16524221,-0.35332212,1.2859329,0.28956088,0.7454741,1.0986385,0.48345932,0.86193305,0.039271478,1.4677924,0.59080935,0.54236394,0.7378191,1.6744488,-0.34350094,0.8994711,1.2328277,1.4997705,0.49321723,-0.06229718,-0.3557704,1.0867741,0.46404892,0.4953625,0.011056612,-0.16508164,0.6654541,0.022795897,1.20097,1.4918649,0.2367984,-0.017289463,0.80702144,0.13373406,1.3065805,0.7665183,0.38856673,-0.71093595,-0.033210214,0.22799626,0.3567805,-0.16573495,0.24818908,1.2684088,-0.6364728,0.452908,-0.27284116,-0.22274789,-0.8519005,0.040775936,-0.6202094,2.5609756,0.7560724,0.67369276,0.39778674,0.21403712,1.6690792,3.000831,0.63557875,0.91640437,1.2114438,0.180786,-0.032781113,1.830348,1.2196288,0.5503223,3.0105994,0.7370999,0.85981375,0.24852489,0.36903372,1.2055068,1.1106954,1.1114713,0.75878316,0.9471645,1.4643183,0.07896484,1.5875983,0.9787075,0.7117422,0.30985618,1.4762523,0.45984527,1.9942253,1.539793,1.1094847,0.324106,0.5830898,0.4980288,0.57010335,-0.57578814,0.38245413
0.9686865,-0.96283054,-0.65973735,-0.46794182,-0.7467553,-0.10363878,-0.09563655,-1.1775943,-0.84541184,-0.22424865,-0.47341722,-1.37442,-1.4786988,-0.84002876,-1.3901037,-1.0562501,-0.1633644,-1.1005352,-0.9937386,-0.9354683,-1.3914717,-1.2026247,-0.6299312,0.31997117,1.0589422,1.1381004,0.070331715,-0.41487205,-0.046811663,0.5351937,0.61927885,0.42745978,0.6147765,0.018875383,0.1551556,0.19785447,0.28144118,0.40500873,0.5150885,0.089479886,0.16335124,1.2372164,0.48288882,0.5309932,0.22192097,0.16072941,-0.89543927,0.18194894,-0.63725775,-0.059211813,-0.3231543,-0.8490971,-0.69284195,-0.097412884,0.19271287,0.33200863,0.1238556,-0.69744885,1.0112382,-0.0819339,-0.20454392,-0.45939973,0.20512366,-0.90499026,-0.5503585,-0.46869907,0.56048805,-0.41209397,-0.6004114,-1.1479036,-0.73093456,-0.57375824,-1.021565,1.3349512,-0.59776247,0.12917086,-0.3033899,-0.04391113,2.0965974,0.82410675,-0.74452883,0.11399751,-0.40737674,0.10166462,-0.25984618,0.54080284,-0.11286545,0.23492181,-0.2350823,0.68411434,0.742475,0.72983223,1.560661,1.0252162,0.7956551,0.79460984,-1.5593413,-0.26600555,0.11927551,0.37301713
0.04310694,-0.29347998,-0.7276102,-0.94344854,-1.4553797,-1.5394665,-0.6968094,-0.694338,-0.5096943,-0.7736714,-0.4342171,-1.0065693,-1.473969,-1.2525464,-1.0624328,-0.2577561,-2.4555988,-1.4978935,-0.22571985,-1.3955127,-2.234959,-0.76434034,-1.9806858,-0.8131574,-0.03456918,0.41818404,-0.609967,-0.9960861,-1.533166,-0.2344846,0.77827317,0.41555727,-0.39323246,-1.3107133,-0.37464988,-0.9139475,-1.0950245,0.2742653,0.039764334,-1.730552,-0.7241189,0.80265796,-0.15393686,-0.23925047,-0.26862484,-0.047187876,-0.26521757,-1.618113,-1.1743709,0.19013903,-0.4282575,0.3163125,-0.18013437,-0.996727,-1.0729593,-0.68908864,-0.17366923,-1.1236885,-0.71962756,0.0138086,-1.4650822,-0.5944634,-0.7501793,-1.1025658,-0.74688894,-0.9928271,-0.31100997,-0.7938813,-0.5634904,-0.1613301,-1.7409958,-0.16906957,-0.67560035,-0.07658484,-1.0705777,-0.4956828,-1.434544,-1.2980012,0.26865342,0.36859334,-0.79693156,-0.24879,0.5539616,-0.06840354,0.15670335,-0.41478693,-1.114477,-1.3913866,-0.8929638,-0.07847978,-0.6809222,0.19408758,-0.0060072113,-0.1256463,-0.46385,-1.304345,-0.9998017,-0.42022765,-0.25139725,0.54580194
-0.483072,-0.71065545,0.1722478,-1.1134211,-0.5855409,-0.3854813,-1.1332113,-0.9190505,-0.12305444,0.592315,0.5116314,0.3688647,0.65839,-0.5548058,-0.55051595,-0.49303594,-1.0775725,-0.32008237,0.46362355,-1.2523704,-2.132225,1.6261153,-1.1040891,-0.45845914,0.33378682,0.8665728,-0.41934004,-0.59559846,-0.36887726,0.22282594,-0.18618794,0.6662643,0.9742403,-0.07939897,-0.005387535,0.41896784,0.5463856,0.769797,2.7747247,-0.39363825,0.0677451,-0.2623516,2.5028827,-0.2832603,-0.23819199,0.6497385,1.8238937,-1.1895097,-1.1992911,0.069132455,-0.047389146,-0.76812756,-0.2718294,-0.37271646,0.11786488,-0.74179286,0.20147935,-0.7297063,-0.06082094,0.26175544,0.13069507,-0.0016116553,0.03339235,-0.06446169,0.7734761,-0.029674983,-0.06331251,0.30340064,1.233155,0.3368358,-1.3345786,-0.14432967,-0.901906,0.23988168,-0.22475944,0.122079104,-0.3372032,0.6681446,-0.86543703,-0.25557032,-0.122950435,0.5292218,-0.4829794,0.5639613,-0.016232228,1.1934649,0.019177744,0.31940612,-0.57251054,0.66134304,-0.04623415,1.8512282,0.93152267,0.41873083,0.4016891,-0.8611492,0.19922891,0.09229854,-1.6915677,0.019265156
-0.35088375,0.18312357,-0.5807957,-0.4777192,-0.53269076,-0.034538716,-1.5010219,-1.1078458,-1.2747223,0.27242583,0.048666745,1.2595145,0.6317399,0.33968353,1.0466492,-0.32623562,0.0818587,-0.8419355,-1.0470381,0.24541284,-0.5615148,0.84823257,0.69024026,0.5969421,0.30597517,1.3062259,0.40517384,0.5098136,0.028150806,-0.09018131,1.7280704,0.8050828,0.8409001,-0.8055832,1.0368205,0.9787727,0.15899895,2.0309544,1.2159854,-0.4971245,-0.31118777,0.99151814,1.3429972,0.4293297,0.7398688,0.46555018,0.7439458,0.9677173,-1.1887444,-0.13825557,0.37007248,-0.2030387,-0.10627482,0.3312082,-0.1258028,-0.16078989,-1.0204203,-0.8582899,-1.0235513,0.15924081,1.1435215,0.8701022,1.7874885,-0.068286665,-0.40891019,0.20744927,1.1865201,0.1653441,-0.6735384,-0.85054135,-0.74025726,0.8429615,-0.5402077,0.948874,-1.2588199,0.96266073,1.318067,-0.29353175,-1.0282582,0.09093859,0.7408129,0.12955281,0.011591665,-0.13919412,0.8345542,1.3475455,0.09971658,-0.39388344,-0.17183214,0.61340183,0.04901683,0.97822464,0.9918223,-0.65896463,0.5569551,0.9613192,-0.0804505,1.233158,0.2640258,-0.4029837
1.53168,-0.33487916,-0.6770782,0.08315731,-0.28308943,-1.046933,-0.21455044,-0.38703218,0.052578796,0.6537226,0.56694555,1.4370233,0.23379636,1.038254,0.2815926,0.27565035,0.33420426,-0.59811646,-0.26484257,-0.15491717,-0.6278899,0.5620633,1.7110122,-0.18225646,1.2718688,-1.2831852,2.5729935,0.7979815,1.131424,0.96106786,-1.6405269,0.6369897,-0.12403043,-0.8840604,0.62636614,-1.3580439,-0.21997747,-0.21355593,0.34338358,-0.30303872,-1.5009458,-0.6517261,-1.7856199,0.1521527,1.612023,-0.43247876,-0.62408215,0.88783246,-0.76763046,-0.9088322,0.47680447,0.8855148,1.8667942,0.6474855,-0.46123022,-0.030821327,0.59771204,-0.16598378,0.08808529,0.3193837,0.06647939,0.1837328,-0.6376302,2.2497156,0.81486887,0.56331545,0.9361486,0.5497952,1.6346583,0.96227944,1.2466407,0.12697127,1.3519781,-0.13226764,-0.050076846,-0.049587272,1.0418035,0.002926812,-0.26170173,0.61922216,0.37442556,-0.7292261,0.7884678,1.5172013,1.3364762,-0.16506064,-0.32183582,0.29624197,-0.6617033,-0.35051402,-0.28030878,-0.5422136,-0.5960901,0.7174121,-0.6788771,0.35258874,-1.0262299,0.8225906,0.12995012,-0.9338861
-0.20537332,-0.7175988,-0.87552834,-0.5218252,0.12921833,-0.2232081,-0.78719914,-1.1963261,-0.7968162,0.048080605,-0.0453863,-0.16879341,-0.06659571,0.04786187,-0.39190668,-0.9444222,0.165636,-1.0406632,0.004048516,-0.7200642,0.3222397,0.3501048,0.99429303,-0.5775987,1.0310781,0.24718475,0.7746845,1.9748361,-0.5724607,-0.38587365,1.3108363,0.7455949,-1.462128,-1.3972976,-0.7211748,-0.21729468,-0.4767304,0.52881014,0.2390489,-0.5090974,-1.3522329,0.9257346,-1.08245,0.39964914,1.4448189,-1.1229388,-0.04102113,0.72851336,0.4344156,-0.10387236,0.85577947,-0.08132914,-0.28950363,0.6932456,-0.44289112,-0.39069483,-0.01715034,-1.0055152,0.24142596,0.2737856,1.5078651,-0.5631763,1.4928938,1.5201571,1.6498446,-0.32481167,0.2519627,0.14162046,0.5662901,-0.7003621,0.3020684,0.4597371,0.48932377,0.064215176,0.29551536,0.87216526,0.7139257,-0.11492472,0.58895457,-0.073274754,0.16718657,-0.6538081,1.0507814,-0.648498,1.1054447,-0.97564614,-0.23863618,1.2470157,-0.10913263,0.2873305,0.06806799,-0.515505,-0.7713376,0.06700568,-1.9185069,-0.22220005,0.6339014,0.9506638,0.7282489,-0.8388005
-0.6326529,-1.0915232,-1.1353545,-1.281769,-0.16200656,-0.8682163,-1.2975482,-1.8192029,-1.7571164,0.36835295,-0.78606135,-0.7692378,-0.20086594,-1.4929297,-1.8551193,-1.2537917,0.55399513,-1.7919472,-0.9083291,0.6706305,-0.34352872,0.11030505,0.21113765,0.6788647,1.1823381,0.6838779,0.42646044,0.22666927,-0.7578777,-0.41626182,1.4062145,1.0637523,0.7207255,-0.95644253,-0.26611653,0.026248496,0.62884784,0.23673071,0.028474307,-0.7488376,-0.924899,-0.45365497,0.08135418,0.02379639,0.24153444,0.6120062,-0.87072605,-0.13202485,-0.14247826,-0.031416092,-0.18715297,-1.0988455,-0.70086557,-0.18104927,-0.14232822,-0.006170483,-0.48925555,-1.3858409,0.48957708,0.5776504,0.25201875,-1.1751847,0.16271444,-0.07469523,0.6748393,-0.46391654,0.9703261,1.399728,1.5240586,-0.76847434,1.1939754,0.56561404,0.5147014,-0.81355816,1.7687858,0.78891426,0.43880776,-0.07370385,-0.17707948,-0.18558101,1.6282262,0.2613464,0.12753521,1.7093669,0.2479196,0.48217052,0.024352519,-0.5827155,0.78361946,1.3024335,0.63353443,-0.5845548,-0.31787273,1.1291864,-0.27161357,-0.3719647,0.21161953,1.1345335,0.64395314,0.06368854
0.70050764,0.33760297,0.77437025,-1.0026889,-1.0951817,-0.68323827,-0.89084023,-0.68862104,-1.1659772,-0.43637413,0.40344676,0.5621453,-0.44916588,-1.061652,-0.080502175,-0.08300274,1.2959981,0.41799682,-0.3420034,0.50661385,-0.15258789,0.6236935,-0.47204196,1.3322171,0.28140885,1.188093,0.5534363,0.014936766,0.6442508,-1.4105507,-0.8877258,-0.23475495,-0.24443287,0.19321595,0.4367954,-0.14531706,-0.5282835,0.2923894,0.91142505,0.037080314,-0.8957603,0.29156995,0.9637808,-1.2028434,-1.5434932,0.44405645,0.6468398,-0.7875828,-0.36247346,-0.8400832,1.0224383,0.1741855,-0.09651485,-0.26235268,-0.46564746,-0.5607243,0.54261917,0.67584896,0.38923642,0.4040212,0.639076,-1.0672944,-0.8984385,-0.322079,-0.2463652,-0.31251177,0.25463003,1.3919177,1.9150778,0.9148662,1.5464815,0.91786724,1.0232121,-0.17229994,2.4312248,0.87609535,0.43439227,1.6055411,-1.5356001,0.06007103,1.8135239,-1.1430987,-0.19497357,0.5243314,0.8341068,0.3145153,0.05346629,0.6670703,-0.042637244,0.7222029,-0.073797055,-0.452298,0.36384124,-0.33932823,0.6110227,-0.4810896,-0.7106379,-0.3575061,-0.120945394,-0.5750991
-0.37821713,0.13457482,-1.2062056,-0.7468147,-1.1441312,-1.7528248,-0.3104286,-0.6332899,-1.0272838,-0.063366435,-0.31496224,-0.28581202,-0.08767115,0.3967091,0.4760162,-1.2105005,-0.3465703,-0.6518746,0.037126444,-1.3672569,-0.049080193,0.032657176,0.2072064,-0.9034667,0.21180877,-0.711745,0.23377064,-1.1662399,0.057572614,0.3629212,1.1349922,-0.28786436,-1.9028331,-0.85132056,-0.5332616,-0.8811685,-1.0725061,-0.6864668,-2.0386622,-1.3213241,-1.3747969,-1.1846144,-0.254382,-0.25193158,-1.1325947,0.54632545,-0.09622053,-1.676942,-1.272175,-1.6326818,-0.12483301,-0.9615953,0.6961712,-0.64657986,-1.0771497,-1.9113008,1.0647366,-0.38789922,-0.649262,-0.72552574,-0.5503128,0.20837183,0.00025782053,1.1941959,1.3204448,0.8138122,-0.20957103,0.4310139,0.5254817,1.2803669,-0.36987635,0.639428,1.1501856,0.15387344,1.162979,-0.34121263,-1.0672611,0.7718711,-0.7103462,-0.24419923,0.101496235,-1.361852,1.0161337,-0.021688001,1.0064296,0.7111449,-1.2953353,-0.47845674,-1.3037021,-0.1754407,0.35361913,-0.9928148,0.28317457,-0.73765516,-0.5291345,0.15861239,1.0214204,0.16093223,0.062284283,-1.5160159
-0.64125586,-0.42372653,-0.64760554,-0.62154007,0.80947155,-1.0283453,-0.46710512,-0.7750284,-0.45962605,0.7199135,-0.20886877,-0.12882379,-0.39320755,0.15838495,0.39562836,-0.32468456,-0.72757965,-1.1024671,-0.36572465,-1.3008332,-1.1384263,-0.684807,0.3925174,-0.75985235,1.6373823,0.68779844,0.560882,-0.013531849,-0.3346154,1.3429317,1.5701872,-0.25586683,-1.1035377,-1.5175931,-1.0024005,-2.3955705,-0.8404964,0.05006459,-0.6938344,-0.58516127,-1.8493452,0.46039966,-0.19262472,-0.51691705,-0.36866403,-0.96569765,-0.58746564,-0.760897,-0.89936924,-1.5844928,0.31185043,1.2458905,1.6547828,0.59582376,1.1274278,1.0737083,0.42684636,0.4930462,0.26303416,-0.112794064,0.6345945,-0.03831078,-1.3821026,-0.27491546,-0.40582675,0.19002679,-0.16857344,-0.23159775,0.7612667,1.4009165,-0.9213103,0.49964663,-0.42509457,0.41027278,0.50041926,0.3357337,0.16491634,-0.73479474,-0.8259436,-0.5105894,-0.79638207,-1.9316244,0.25009462,-0.24377415,0.7070387,-0.2618351,-1.1516672,0.17433769,-1.6446308,-0.5258768,-1.1118037,-0.8576651,-1.0810405,0.22607915,0.4756575,0.3290372,-1.0590804,0.009833993,0.043173846,-1.5099269
0.49110487,0.58243626,-0.41981563,0.12928684,0.6839312,-0.44522503,0.7767837,0.088634714,-0.42086965,1.0968448,0.24704286,0.95653343,0.5623301,0.8770637,0.40909192,-0.13941649,-0.092793934,-0.6996022,-0.30915377,-1.2517036,0.3676929,-0.23614214,-0.035701778,-0.5094816,0.95341104,-0.07136019,1.3125883,1.0709609,0.6875045,0.4391066,-0.75067973,0.44742244,-0.96028376,-1.3517838,0.2714432,-0.19743282,0.309599,0.87393916,-0.03614926,-0.13386533,-0.7073919,-0.6220742,0.39506298,-0.2007143,-0.12868822,0.023068441,-0.7187965,-1.5055727,0.10632613,-0.26053828,0.6864135,1.742789,1.809955,1.060736,0.7565551,0.914951,0.96056753,0.88107854,0.5176163,-0.1434341,0.6091256,0.65522575,-0.25250888,0.68314534,1.0735456,1.5464327,0.44692907,0.17360345,0.43396154,0.7100436,-0.0664104,0.6839296,-0.10155275,-0.13394798,0.3365924,0.42120346,0.0726454,1.1293415,2.2630684,-0.6158066,-0.8046704,-0.3461548,1.4040762,0.56373394,0.98061794,-0.11626672,0.11381669,0.6306738,-0.33302855,0.78080404,-0.3847282,-0.33576903,-0.48911986,-0.14171101,0.43627554,1.0906953,1.7378516,-0.103151895,-0.13824515,0.46600026
-0.0592039,0.72524524,-0.31439728,0.22714654,0.17838186,-0.4604677,0.301811,0.006661417,0.106496416,0.93559414,0.59860957,1.0083101,2.0803213,1.2399176,1.3251781,0.5985681,1.249579,0.4189926,1.080589,0.6137158,0.10947121,0.49593416,0.5515728,-0.48770636,-0.8347325,0.41309494,-0.47880173,0.2095618,-0.539878,0.9410618,0.62610364,0.28055817,-1.245071,-0.16061428,0.5043933,0.4162933,0.6348357,1.1932436,0.24309887,-0.04691164,-0.24410781,-0.0720731,-1.3707345,0.50205564,1.5650953,-0.2209265,0.73145366,-0.5104807,0.14105281,-0.20106477,1.6019119,1.1641631,1.2591263,0.87822455,-0.31095317,0.90963113,1.2539842,0.018858325,1.9035097,1.2033644,0.85836583,1.9398525,1.2373426,2.0891387,1.8437995,1.6148767,0.38668036,2.4654493,0.7747659,1.4194611,0.8193275,0.025586793,0.24063505,0.80219805,1.2358141,0.43709198,0.33274958,1.0113609,0.47041503,0.5380285,0.3829293,0.2867261,1.7452883,-0.02466255,0.8913422,0.51389074,0.14649844,0.9920301,0.41279966,-0.51911163,-0.9060369,-0.20352547,0.49775136,-1.2667861,-0.9607475,0.16001132,0.071765155,-0.24339573,-0.22444905,0.54038334
-0.29439443,-0.16026652,-0.38221768,-0.14604801,-0.07527412,-0.1969389,-0.19635071,0.6001123,0.07385617,1.1394801,0.7072408,-0.4023638,0.023824837,-0.010175141,0.58383715,-0.13008499,-0.059843995,-0.19740854,-0.8229576,-0.13064894,0.1814452,-1.471636,1.1343192,0.27416062,2.0313232,1.6385617,0.48650688,0.44015273,0.377436,0.72778004,0.18744195,0.28316024,1.6517441,-0.5939624,-1.7342358,0.8404006,-0.017296704,0.04064332,0.28758892,0.27724737,-0.11866252,-0.047175903,-0.7243479,0.35567197,0.98321867,-0.87360525,-0.1925413,0.13001405,1.0487208,0.12401181,0.52008826,0.07512226,0.491855,0.6069561,-0.1516414,1.0469632,0.3119309,-0.15443696,2.160065,1.355553,0.083415754,0.4177853,2.0831244,1.4662329,1.7937785,1.0738142,0.6389841,0.81434363,-0.8953345,0.29553622,1.0636187,0.13659646,0.54019636,1.2804024,0.78754663,0.48931536,1.1121393,1.4278382,-0.9811628,0.5050128,0.069585375,1.522984,0.21836261,-0.43830588,-0.00858957,-0.4796174,0.8621683,0.930559,0.6058922,1.5412945,-0.33389047,0.6487968,1.0901009,0.4618764,0.5169732,0.22116524,0.6431649,-0.20005836,0.6334125,0.17191605
-0.2767089,-1.8020123,-1.369341,-0.9889872,-1.1606762,-0.3678623,-0.8707206,-0.6758858,-0.52856517,-0.4623372,0.61282825,-0.003789548,-0.44830602,-1.8396074,-0.51743543,-1.0779152,-0.8864083,-0.7694287,-0.9777151,-0.3770519,-0.5723614,-0.013816653,-1.1122683,0.6568853,0.6314003,0.4263793,0.3594522,1.5747118,1.0385377,-0.9224847,0.98128545,0.061784394,-1.4370538,-0.0921432,-1.5890638,0.43736416,1.0447232,0.68270624,-0.84094745,-0.76546305,-0.5035371,0.7531375,-0.7427204,0.9940914,-0.68031794,0.4623984,-1.1796316,-0.4080765,0.41720468,0.5588486,0.020416807,-0.6156699,-0.5811711,-1.0889363,-1.012701,0.16789691,0.48152232,-0.44302198,0.3936427,1.1010816,2.1566114,-0.30036473,-1.7441475,-1.6643026,-0.76491714,-1.2128578,0.7102966,0.9081871,0.5059929,-0.7697469,0.73166305,0.5021916,-0.8233573,0.009356812,2.3172805,1.2792532,1.1620574,0.8111174,-0.4678796,-0.39190826,0.16562083,0.81728137,0.25156954,1.5219592,0.23103754,1.2584839,2.3861122,-0.25502226,1.0395265,0.9129494,-0.16484569,-0.73311,-0.1621789,1.6571596,1.8370155,0.94909436,0.9330237,0.31160122,1.3029163,0.59984016
0.19076103,-0.5158804,-0.29213086,-0.8024605,0.071520165,0.4385244,-0.8328823,-1.1950102,-0.5741972,-1.6888498,1.1704166,0.39414105,-0.25039032,-1.6754036,-1.3138901,0.12961553,0.65873814,-0.65554583,-1.211453,0.45895702,0.44027054,0.7012479,-1.0129389,0.708767,1.1333089,0.76419395,-1.7342051,0.2556228,-0.4335605,-1.1620038,0.28306797,1.0557518,-0.2183579,0.020183492,0.45615062,0.08049441,0.18523663,1.0466908,-0.65357023,-0.34474114,-0.28081974,-0.68388194,-0.13277528,0.67390054,-1.3871601,0.18298869,-1.3072683,0.6013865,-0.48819593,-0.20938328,-0.22539958,-0.002123017,-0.022929225,-0.5838122,-0.11449343,-0.06722329,-0.4920593,-0.766104,-0.20271987,0.7451724,1.3450958,-0.42359203,-0.025108267,-0.035738222,0.03799495,-1.0700296,0.2990901,-0.19970542,1.4456823,-0.40580225,1.3138485,-0.10897949,-1.0247179,-0.62992656,0.0530289,0.08109682,1.0113535,-1.0817475,-0.25222784,0.4706404,0.8774699,-0.5994828,-2.0295188,-0.0770564,-2.137306,-0.54858017,0.19805087,-2.3614504,-0.09067933,0.065470375,1.3876181,1.0271232,-0.4165779,1.3122245,0.049988817,0.30604362,-0.2646542,-0.36575606,0.8404126,0.64391345
0.002575367,-1.06805,-1.2281554,-0.94554394,-1.1323802,-0.98100775,-1.0824256,-1.26809,-1.3703858,0.4426599,-1.5606868,0.31863162,-0.28760678,-1.6688335,-1.0309153,-0.061803903,0.52937734,-1.1238062,-1.0929492,0.72487223,0.45607674,1.02791,-0.38085422,0.15854344,0.6240176,0.34430975,0.032341886,1.1979855,0.028098125,-1.0251744,2.5029473,-0.5212939,1.0695982,-0.22956887,-0.29881716,-0.7010801,0.19649705,-0.43041685,-0.5005992,0.18365717,-0.5091247,0.22342868,-0.21266752,-0.01659267,-0.6821743,0.06489507,-0.88678247,-0.5287508,-0.3081607,-0.24648592,-0.32430464,-0.5589121,-0.07105163,-0.6325222,-1.0302395,0.16052476,-0.009570044,-0.13152368,0.78546137,0.21096249,0.40909064,-0.2562306,0.10593932,-0.6784606,-0.2542469,-1.151341,0.6319117,-0.76478386,0.89734787,-0.10946332,0.8736984,0.8777563,0.8653294,1.3295888,1.1271495,0.15145963,0.015912099,0.19689299,-0.78022975,0.5562707,0.7450441,0.7727005,-0.09902517,1.2559674,-0.015387865,-0.13580725,0.0034504342,0.11970788,0.7400859,0.6991601,0.5399307,1.3391275,-0.46358362,0.62405217,0.23597787,-0.07819918,-1.0476158,0.71721375,0.3424399,-0.065738365
0.53260386,0.32768187,0.9431475,0.31783363,-0.21890381,0.7443567,0.34918866,0.9048393,1.3277544,2.1603727,-0.9760752,1.1187401,-0.13086224,-0.03541435,-0.2560938,0.8161155,0.67151606,0.19937271,0.6863399,0.22236566,-0.2551248,0.9624433,-0.17079,0.25418004,-0.07258585,0.82322234,1.0063052,-0.106114104,0.13980477,-0.27172747,-0.17316614,0.38415223,0.512348,0.34918946,1.0653859,0.11562363,0.039480347,0.35759532,0.81873786,1.3735719,0.52535826,-0.25218576,0.68990153,-0.39455348,0.7890806,-0.1335778,2.2385228,0.67926604,-0.8707295,-0.31827453,0.06983211,0.44150862,0.9890666,0.8486474,0.8538253,0.55547595,1.5922819,1.294225,0.6101706,-0.2160683,-0.04450805,0.30209464,0.43456337,-0.71694183,0.15615378,-0.1243308,0.91093516,0.19362068,0.30652693,0.5294969,0.4469238,1.0689291,1.0311943,0.108614415,-0.0641873,0.115693845,0.66354287,0.47098726,-0.39911202,-0.22632897,0.45189726,0.35509238,-0.30621603,0.8274917,0.30965614,0.38608027,0.35431147,0.04423205,0.51047057,1.1755519,-0.71876603,0.08997848,-0.016523805,0.67947745,0.6773885,-0.3202234,0.89788747,0.58934486,-0.11280431,-0.18209109
-1.047362,-0.7119408,-0.1089304,-0.015673509,-0.503475,-0.85741353,-0.29862076,-0.12344233,-0.100986674,-0.55115646,0.30600786,0.5896102,0.7826575,-0.19757356,1.0766057,0.9744952,0.110404894,-0.06618465,-1.2010397,-0.21316734,0.38327557,1.3759826,0.3184619,0.18691869,-0.21916729,0.34938926,0.08796718,0.63247925,-0.14746737,1.4585586,-1.7528361,0.1771545,-0.029793764,1.1878314,-0.49031603,-0.2872546,-0.19406438,-0.024223013,0.06587948,0.059902623,0.054125294,-0.17272148,0.63233703,-0.36220586,-0.93560743,0.6663928,-0.32118174,1.3998058,-0.5842112,-0.13521163,-0.69597954,-0.12101114,0.2462701,0.0006321502,-0.05449897,-0.17142431,-0.20041387,0.026709396,-0.31072018,-0.14677314,1.0019733,0.10401233,1.3276168,-0.11176602,0.49673846,-0.2468578,0.4371229,-1.0579534,-0.2918026,0.2130241,-0.43138608,0.5861325,0.3532071,-0.056284674,-0.6017115,0.31506512,-0.443866,0.19128199,-0.905958,0.22476372,0.82278126,-0.101946205,-1.1249838,0.23753026,-0.058154706,0.6293428,0.114102565,-0.98027915,-0.33790183,0.36781806,0.27233198,-1.061605,-0.15430303,-0.5984255,-0.13473201,-0.647888,-0.79277945,0.4561385,0.5412306,-0.13470465
-0.5450291,-0.92305833,-0.95715636,-0.7885739,-0.77866757,0.31531745,0.19130802,-0.30383092,0.123309426,0.70532894,-0.07662184,-1.6455398,-0.36525005,-0.3147602,-1.2394171,0.033056173,0.27642438,-0.045812253,-0.39491805,0.2698911,0.9028891,0.4522074,-0.13639669,0.29894766,0.14712405,0.6516067,-0.39840063,0.4321471,0.36402148,-0.32347864,-1.4337437,-0.21170749,0.24426323,0.8932585,-1.2065436,0.654671,1.0295287,-0.47239187,-0.67842454,-0.18771796,-0.17892335,1.6243423,0.4534412,-1.6134098,-0.76092094,-0.09428261,0.7027932,-0.20767418,-0.46586406,-0.12053835,1.2731097,-0.85996944,1.3207272,-0.6668318,-0.048256624,0.022470124,0.0008788598,-0.027977617,0.34568495,-0.40412667,0.45317113,0.38801697,0.8599449,-1.0846223,-1.5932384,-0.4258243,0.9947224,-0.56472147,0.56727463,0.12350837,-0.4861469,-0.14153038,0.26888245,0.8473357,-0.23033486,0.3288324,-0.49012876,0.89894956,-0.2323616,-0.48281148,0.21937023,0.35143805,-0.4562756,0.6327482,0.4223429,1.0093544,-0.12664013,-0.20567915,0.34365463,-0.02203531,-0.7742357,-0.67691296,0.44369525,-0.82983965,1.4092561,-1.8799565,-0.8985591,-0.08749827,-0.40653813,0.10207024
-1.0285788,-0.69134915,-0.41024882,-1.1181936,-0.75661397,0.40711594,-0.7771771,-0.48169178,0.130355,-1.2967594,-0.3283057,0.6731474,-0.5291218,-0.7601363,-0.33649778,-0.84445286,-0.7972562,0.061317272,1.557249,-1.405982,-0.6139546,0.09712535,-0.171105,-0.61915886,0.084056854,-0.7179679,-0.49097297,-0.39869446,-1.3708696,0.5198836,0.6061575,-0.7399004,0.7813356,-0.7288608,-0.2035418,0.0035765613,-0.04827475,-0.22638075,0.50912,-0.74428743,-0.27171323,0.18995053,0.6546051,0.3851635,-0.75330096,-0.17723683,0.085992925,-0.7563347,-0.43957874,0.11571448,-0.7304269,-0.28262514,-0.909731,-1.2805759,0.072256744,-0.31410202,-0.9514739,-1.1993433,-1.4874616,-1.4907147,-0.49460188,-0.34530905,0.06794253,-1.202597,0.68473876,-0.64434165,-0.29899585,0.4590408,-0.88157094,-0.49819088,-1.6640848,0.06505542,-1.509909,-0.31768218,-0.88097084,-0.25505215,-0.1853907,-1.1485919,-1.0936551,-0.73653495,-0.3842256,-0.8803652,-0.35617843,-0.16671829,0.22419281,-0.18583685,-0.18503349,1.8263586,-1.0722269,0.58076096,0.33080658,0.005486682,0.97873527,0.0771983,1.2459856,-0.8217095,-0.3164733,-1.3919381,0.24253662,-0.0401851
0.5245837,0.31128073,0.37088087,0.07377525,-0.7086686,-0.11269155,-0.34190422,-0.05967222,0.32930827,0.047387294,1.2799778,0.23851469,0.81531703,-0.43154082,0.4985776,0.30862504,0.42868888,0.1130748,0.055535473,-1.2971131,-0.97174954,-0.20842147,0.65083396,0.1249915,-1.0017405,-0.3434713,0.527741,0.6936282,0.49079606,-0.10415402,1.4716164,-0.01116787,-1.2089798,-0.22667398,-0.7693446,0.12342211,0.6027495,-0.21436822,-0.10376553,-0.38865483,-0.0059634103,0.8621047,0.22368672,0.5441061,0.07177728,0.6509521,0.62985826,-0.39528376,0.31733337,0.061632387,0.097184956,-0.025123252,-0.82450765,-0.018556194,-0.12592372,-1.2605034,-0.601814,-0.18337359,0.087974004,-0.62786067,-0.70984346,0.21124846,-0.8309838,-0.34023008,-0.020327413,-0.57385826,-1.5566854,-0.45997486,-1.1183076,-0.30101854,-0.98402095,-0.83635044,-0.32015064,-0.9354122,0.14683689,-0.4000744,0.42115492,0.72285795,1.8234156,-0.8803625,-0.5882012,-0.6987095,0.47220752,-1.128023,0.22851603,-0.024582515,0.5748886,0.06586413,-0.67542464,0.0925798,-0.9369673,-0.27422515,-0.22637254,-1.9085689,-0.039408028,0.2534711,1.1957027,-0.80745,-0.53498197,0.43728098
-0.32082257,0.4340065,0.0866366,0.30473927,0.035135113,0.82791084,0.62146044,0.50062305,0.14637372,-0.5165722,-0.13688014,-0.44007736,-0.90633047,0.031051205,-0.07475261,-0.9168875,-1.2451808,0.16112849,0.19116056,-1.4004503,0.47515678,0.51728624,0.69590294,-0.7039404,-0.51038927,0.35121182,0.50648165,0.775711,-1.06955,0.68181765,2.3566418,0.33706307,-0.5356776,-0.6635208,0.088895984,-0.54483014,-0.27356634,-1.4287031,-0.1325011,-0.21303725,-0.37533626,0.33609802,0.58700496,0.10070962,1.3648144,-0.48616695,0.29485285,-0.14942308,0.7885422,-0.23625612,-0.6385679,-0.5835903,-0.5517364,-0.03533455,-0.43377593,-0.72230613,-0.3300758,-0.19593062,0.051365737,0.124584205,-1.4455508,0.19097368,-1.8746839,0.2655883,-0.6537063,0.26473755,-1.4502561,-0.77425563,-1.2455819,-0.6467565,-1.5693674,-0.8366005,0.52343094,-1.9655097,-1.6761453,-0.9573497,-0.48427036,0.2349936,1.6733954,-0.7176145,-1.1346912,-1.2157295,1.4391742,-1.2073009,0.45362487,0.13988148,0.1423399,-0.29625893,-1.1644347,-1.2775207,-0.17856172,-0.46662825,-1.3956856,-1.4890944,-0.33676425,0.37103206,1.0512011,-0.5020714,0.30031472,-0.58914447
0.22946839,1.210857,1.7583448,1.1402345,1.8635681,1.4582562,0.8416713,2.1670299,2.21703,0.20926476,1.3088746,0.88938856,0.3992084,2.174051,1.1792266,0.8530002,0.8785597,1.3992552,0.9399256,1.213815,0.44774714,0.75536066,1.8926402,0.89963216,1.2292762,2.5199943,0.7779489,0.73109823,0.7675816,2.5329127,0.27707323,0.6219173,0.30897784,1.3619127,1.3100063,-0.6436238,0.08224063,0.16216703,-0.25576788,1.4950556,0.54834694,1.138999,1.4030379,0.8606616,0.67585987,0.5499012,1.819231,1.4166639,1.6142479,-0.4467565,-0.4761886,1.3189466,0.8126637,0.7385439,0.95327455,0.51730436,1.5744528,1.4278647,0.53177667,0.4783667,1.0788357,0.72386354,1.9819956,1.4974844,1.0112212,1.4281175,0.4205187,1.6095191,0.6582153,2.4136596,0.7326613,0.8826899,2.1373503,0.9970309,-0.05379509,1.3500904,0.3846856,0.95634586,0.32027972,-0.0865346,0.76865673,-0.60989183,0.746188,0.92110807,0.07490127,0.6537267,-0.3327049,-0.18320191,0.6853688,-0.18347105,-0.74747515,0.15629154,1.339553,0.5007528,0.8528141,-0.02601419,0.7412707,1.279226,0.41766042,-0.9895412
-0.29454178,1.020336,0.64371103,0.6809848,1.2628239,1.4062041,0.03916247,0.49720767,0.5606096,-0.065685295,1.3056755,-0.06990895,1.125855,-0.27510232,0.30186102,-0.33321363,0.048624434,0.06638059,0.2291869,0.072111264,-0.21398495,0.014047449,0.3812919,0.6536952,0.3150754,0.9781252,-0.1301803,0.8916731,-0.30743623,0.4788074,0.21958216,0.14415711,1.7420093,-0.53531504,-0.028587641,-0.1453506,1.7649487,0.30679908,0.6013404,-0.27905542,0.6663412,0.7915937,0.6552642,1.5306113,0.22716543,1.1269306,1.1801583,-0.15887317,1.2447573,0.027140431,0.2307229,0.20954277,-0.5458262,0.49622855,2.0446932,1.7635373,-0.306623,0.58275163,0.71874475,0.062532775,-0.21534388,-0.2174805,0.9051508,0.32881862,-0.13097079,0.53187567,-0.13145126,0.07090323,-1.0604781,-0.91595817,-0.42808878,0.4685591,-0.6115321,-0.2973361,-0.19997339,1.4198399,0.6738809,0.36662483,1.2189355,0.064554214,-0.25788403,-0.7871983,1.0450584,0.95412725,-0.6882032,0.5372189,0.10631523,1.211944,0.048724663,0.50650066,0.5790049,0.7241246,-0.18071727,0.75583625,-0.21085261,0.7067547,1.7161074,0.4017151,0.9501349,-0.08917544
-1.5646894,0.19718961,0.534447,0.011372372,0.3897564,0.4470239,-0.10311164,0.5633456,0.24906868,-1.3075421,0.3377255,-0.65274394,0.060976587,-0.15379423,-0.2434937,-0.29611272,-0.21936178,0.12719628,0.21662703,-0.07758633,-0.15366712,-0.49824917,-0.0056489776,-0.06788757,-0.01020062,-0.0062839543,0.29089928,1.4993055,-1.2147955,-0.061134506,0.3319021,-0.6818122,1.7055112,0.280527,-1.2244015,1.0236732,0.42298356,0.2983206,0.58575076,-0.15549527,0.6513359,1.3720089,0.58750457,1.1877927,-0.21944717,1.1156824,-0.5604692,0.5314005,0.5217643,0.64412206,-0.7452781,-0.37588704,-0.9273469,-0.10157464,-0.31053835,-0.7381585,-0.44503123,-0.0021446852,-1.5154264,-0.42086944,-1.5573448,0.26094538,0.32466468,-0.7914634,-0.5003085,0.5614859,-0.89347667,0.56778055,-0.8232175,-0.7108494,-0.2847725,-0.083975665,-0.7038522,-1.4425844,-0.61017203,-0.4006978,-0.31688407,-0.47590184,-0.22319175,-0.7921087,-0.70331943,0.8184423,-0.87834615,-0.7566933,-0.7484059,0.23210429,1.6718813,0.9947339,-0.13928156,-0.4022834,0.26898578,0.8947242,1.5649658,-0.10965257,-0.4759115,1.0269083,-0.48318884,-0.7567546,-0.3091408,0.68682027
-0.1367119,0.16348429,0.7361434,0.5844178,0.27818304,1.60821,-0.11868649,-0.0011596115,0.09356602,0.08670476,0.8600344,1.4884624,0.02696263,0.38807014,-0.90627,0.7061606,0.11457537,-0.06354524,0.37320936,-0.27330276,0.7242906,1.9007049,0.1575716,-0.34495926,0.49085632,0.27188316,-0.7916479,0.15815996,1.5433689,0.17064796,-0.7725333,0.9747412,-0.36140847,0.8977201,1.2016373,0.8148721,0.74922204,1.8074565,1.999838,-0.067547075,1.390308,1.1364208,1.0231984,1.7000822,0.30654043,1.1311291,1.040517,0.49874777,1.5492887,1.621354,0.0262592,0.95210093,0.06088622,0.063649096,0.17580569,0.13383983,-0.073932394,-0.78815883,-0.77401966,0.5707904,0.8473731,-0.080455646,0.15546009,-0.12947617,-0.31784245,0.23303229,0.8046879,-0.40128738,-0.18080477,-0.023972316,-0.64479643,-0.6957017,-1.0567386,-1.1724399,-1.5690063,1.1233119,-0.9455846,-1.0117595,0.026624015,0.40226433,-0.8552121,1.1293819,-1.2096469,-0.5553947,-0.7638096,1.0817432,1.6684551,-0.3631601,0.8514263,0.3501223,0.19627587,0.17706825,0.62045985,1.0037932,-0.21830684,1.6207677,1.462578,0.25077847,1.2204928,2.2276359
0.98093677,0.033511084,-0.19305116,-0.84083384,-0.5447501,-0.38842732,-0.42989373,-0.48123452,-1.0783589,1.0880747,0.084980324,1.4864391,-0.4202828,-1.0493873,-0.5877228,-0.14512685,-0.87778854,-0.54470617,-0.56853044,0.03664712,-0.01893596,0.21565594,-0.5570611,-0.027778583,0.19027415,1.1825972,-0.3676434,1.3121516,0.17579456,-0.80256414,-1.4544592,-0.17843944,0.5547217,0.9075636,0.5561862,0.58806086,0.114691906,0.25397035,0.21598156,0.0003383945,0.6066543,0.5617975,0.015856367,1.0287656,-0.6259865,-1.086985,0.46161938,-1.1069382,-0.3561746,1.1623738,0.07673612,-0.70430773,-1.2936345,-1.0111163,-0.86204857,0.2518491,-0.38203037,-0.88497037,-0.535031,1.2589122,1.314906,-0.9882527,-1.7985996,-1.0015203,0.4997596,-1.5312293,0.7267267,-0.7961102,-0.004042538,-1.1878592,-0.407407,0.041143782,0.24827293,-0.044580415,0.059940767,1.0839585,0.6288735,-0.041026212,-0.82690144,-0.24730645,-0.045589633,0.71416783,-0.8585717,0.49527606,0.22895324,1.042649,-0.05754829,0.7186568,0.56691897,0.09330691,0.10497181,0.24827853,-0.3432635,-1.5803883,1.032722,1.474857,-0.17657822,0.033289686,-0.24383573,1.7356298
-0.18209495,-0.28866175,-0.6293309,-0.3338328,-0.8333373,-0.34761852,-0.14916173,-0.38371277,-0.6445168,0.4577841,-0.9307483,-0.35979736,-0.57430786,-1.2879437,-1.7539432,0.25744125,-0.23658809,-0.47521597,-1.5142211,0.032245275,0.07068526,1.6845607,-1.4582828,0.34816194,-0.08438139,1.2254394,1.7304802,-0.7064268,-0.10027938,-1.0933889,1.0475594,0.38098684,-0.3481177,-0.04497866,1.3195094,-0.42967188,-0.3048908,-0.36084825,-0.089495815,-0.16708261,-0.23328085,-0.06549391,1.0105898,-0.6357899,-0.40767598,-0.31106004,0.6823997,-0.22834003,-1.1407567,-0.90146726,-0.07079561,0.059260286,0.24727947,-0.42280078,-0.42432472,-0.53157043,-0.27661687,-0.22684407,-0.48087168,-0.21498995,0.55456173,-1.4630393,-0.039013017,-0.7578686,-0.95573765,-0.28578582,0.35383442,1.2075238,-0.32975975,-0.5553877,-0.8470495,0.548022,0.40465772,0.051647097,0.15693225,0.7864965,1.1338402,0.1839055,1.1255723,-0.28650346,0.584607,-0.25664225,0.7005711,0.13499078,0.43116772,0.45951256,-0.3987619,-0.48187736,0.3836478,0.37992758,-0.87384,-0.80308706,-0.2832357,-0.03702956,0.5316402,0.5773033,0.64718455,-0.17480443,-0.5445791,-0.1391479
0.19841729,0.40288106,0.45500746,0.36477873,0.6794038,1.1677914,0.0074288384,-0.77184594,0.3730082,0.038562115,-1.2233416,-0.75077784,-1.4363827,-0.70505655,-1.3806952,-0.49176088,-1.1816142,-0.6507815,-0.80727845,-0.80601305,-0.5475901,0.9764351,-0.54191756,-0.8416372,-1.1218276,-0.8623914,-0.60300523,-0.58956033,-0.7542589,0.6091055,0.5419047,0.5117096,-1.4168926,0.11325097,1.1444163,0.62600666,-0.06327831,0.26896352,0.33670163,-0.20322004,0.99511254,1.4534209,1.5991282,-0.44120607,-0.6954302,0.8824015,1.1066052,-0.4081404,-0.0337929,0.5754662,-0.25890824,-0.39493328,-1.0554185,0.4378247,1.1965474,-0.030256506,-0.45545024,0.0808862,-1.1740695,-0.41666937,0.012357701,-0.74096215,0.2795837,-1.0129801,-0.5418786,-0.51278275,0.08030515,-0.39730182,-0.89087594,-1.446462,-1.1179177,-0.20659778,0.06727199,-1.0511098,-0.34891972,-0.031540368,-0.60208637,-1.1401645,1.2183509,0.029340466,-0.7661754,1.3131182,-0.3058325,-0.06166827,-0.4943268,0.33471587,0.3946753,-0.19273509,0.32376984,-0.11101281,-0.29902118,-0.088672265,0.91077,0.069273785,-0.063366644,-0.3701517,1.0406419,-0.0043563945,-0.21645732,0.06112706
0.7789255,1.0045726,0.30102357,0.63704795,1.4571885,0.77515304,-0.25973564,-0.025202805,0.33837825,-0.053582583,-0.45587474,-1.4005675,-0.6827415,-0.14833292,-0.7703383,-0.4490031,-1.6753457,-0.7112191,-1.1217778,-0.085396215,-0.58030516,-0.916884,-1.2258159,-1.3724239,-1.8574165,-1.2238348,-1.2958503,0.43274695,-0.421527,0.4307292,-0.6048332,-0.46852738,0.032543577,-0.6546086,-0.49224484,0.33844158,0.27760273,0.9953573,-0.2872024,-1.2137207,0.65885335,0.077393554,0.55565614,1.2159331,0.51459044,1.0800027,0.229345,-0.77828634,1.0070324,0.89188063,-0.60217357,-0.40718302,-1.6968791,0.4950029,1.0526005,0.42770573,-1.5407845,-0.5678874,-0.86650246,-0.97720754,-2.0403168,-0.31407726,-0.43603528,-1.3436363,-1.0572442,-0.63126236,-0.598054,-1.1515449,-1.0102515,-1.4658562,-1.4163926,-1.0295005,-1.5299929,-1.2481612,-1.8827513,-1.0635,-0.4680301,-0.72876334,-0.0789073,-1.0348469,-1.2668648,-0.11509144,1.0546458,-0.94781864,0.3385406,-1.1198361,0.4013606,0.5175629,-0.58817345,-0.73356014,-0.3023057,-1.402045,-1.4659485,-1.2348471,-0.45005983,0.71665865,-1.0074267,1.1236819,0.29540223,1.1923646
0.54059124,0.5388241,0.9947162,1.2435428,1.5042669,1.3806865,0.5111607,0.3779323,0.78710693,1.1202166,-0.014967505,0.73320144,0.025659716,0.0066434555,-0.32368377,0.12484762,-1.5466322,-0.079568855,-0.92340076,0.18171854,-1.3511435,0.039813768,-0.4947147,-1.2661188,-2.3277552,0.26756755,-0.88508046,0.10931978,0.8541931,-0.038433153,-0.28236353,0.23879763,0.9971724,0.59680265,-0.046895865,-0.14043139,0.72580355,0.5247763,1.4928933,1.1358048,1.5357071,-0.27356693,0.6331175,-0.38586617,0.13769576,0.99932134,1.4272993,0.3760839,-0.64638233,1.3288417,-1.5000763,0.71414024,-0.95463926,1.0297966,1.7871325,1.3003241,-0.49522993,0.7040302,-0.84555936,-0.27080846,-0.7902491,0.12832977,-0.5405699,-1.710971,0.19902024,0.24902411,-0.71823025,-1.2210585,-0.34185737,-0.89088935,-0.53313386,-0.1601498,-0.15761274,-0.06518048,-1.6704588,-1.7863235,-0.34327474,0.0064217467,0.7331686,0.37940162,-0.9945742,1.0010507,-0.27241006,-1.0796165,-0.4763468,0.8541891,0.9866778,0.4932191,0.52043045,1.0338082,0.39304164,0.055045165,0.8556049,-0.48076305,-0.0820788,-0.102492705,1.411123,0.8444504,0.97725785,1.1913581
-0.73238856,-0.6827659,-0.20717809,0.08428202,0.24838662,0.19529411,-0.12937336,-0.5755555,-0.6854404,-0.79947835,0.52423173,-1.7534912,-1.3491133,-0.9616908,0.3936106,-0.5054663,-0.11036786,-0.39653602,-0.2763422,0.0031684623,0.6512342,-0.7839947,-0.47228777,0.3243708,-0.104406,0.103491254,-1.7541842,0.46459162,-0.034119856,-1.4242113,-0.63434637,-0.6630388,0.91376686,-0.99871767,-1.2510936,0.9137521,0.093921475,-0.020980906,0.053931594,-0.44260892,-0.11285817,1.612859,0.2518389,-0.36003637,-0.5320618,-1.0392026,-0.24118677,-0.27092195,-0.3821464,0.6092346,-0.52116144,0.5770178,0.1410238,0.44398707,0.7014248,0.65001255,0.67372805,0.03079986,1.2665972,-0.26061916,0.773465,-0.092629395,-0.7813477,0.736041,1.3587658,0.7744599,-0.1606205,0.030438522,1.0417652,0.0077421484,1.5360464,-0.22279142,-0.8780233,0.030279454,1.3460175,-0.20079008,0.47371614,0.113989845,-0.82460445,-0.5576403,-0.23589975,0.31825778,-0.07647207,-1.8980546,-0.46520287,-0.09527856,0.29472342,-0.42795187,0.048087433,-0.013277786,-0.6264109,-1.0624641,-0.118292876,-0.4712879,-0.7935295,-0.74507517,-0.7482793,-0.7593129,-0.0042818533,0.7611296
-0.71541005,-2.2453756,-1.830025,-1.6747069,-1.4585209,-0.8880092,-2.3267505,-2.9412637,-1.7308037,-0.3858444,0.30251026,-1.267672,-0.5612857,-2.0581002,-0.5533449,-1.7554795,-0.28831697,-1.4203175,-0.47804642,-0.19872673,-0.8083778,-2.2193425,-0.93864834,-0.22643726,0.3822185,-0.06371268,0.8946901,-0.078114964,0.6452252,-0.784244,-1.3280379,-0.79290235,-1.2284454,-0.43623468,-0.021135712,0.23385338,0.7756043,-0.28802997,-0.22678305,-1.9612823,-0.5569027,-0.7081713,-0.11287766,2.9928327,0.59757453,-0.30661446,-0.59726197,-1.0705414,0.03380249,-0.019218601,0.13070375,-2.0127118,-1.9771353,-1.1843306,-1.4250184,-1.1702836,-2.2441761,-1.5190551,0.9411158,0.5199876,-0.47835463,-0.66100204,-0.6723904,-0.51130134,0.16411163,-0.33677435,-0.6719369,0.33915278,0.052336346,-0.74993163,0.70639795,-1.4038647,-0.6383591,0.50638324,0.7863551,0.43654487,-0.27466297,-0.21942917,-0.6574838,-1.1199937,-0.1727709,0.45444432,0.4844026,-0.6346373,0.14830546,0.67826194,0.6150943,0.60919094,0.031114003,0.6570392,-0.6694398,-0.6851082,-0.93466574,0.15626183,-0.16639473,2.47173,1.868447,0.85110444,0.45608845,0.476384
0.09088561,-1.0926557,-1.778399,-0.7847454,0.60506654,0.7405802,-0.55692184,-1.6832489,-0.89311063,-1.2604554,-0.3958905,-0.66947997,-1.7935431,-1.4417241,-1.566097,-1.5508956,-0.7228029,-1.507504,-1.2397372,-0.37449205,-0.611425,0.48511958,-1.0146283,-1.6040572,-0.1810062,-0.62295014,-1.2741953,-0.751006,-0.59390336,-0.98322564,-1.5310209,-0.18321669,0.5198547,0.10989418,-0.707394,0.45481837,-0.45937878,-0.027258776,0.07959571,-1.3144014,0.38012603,-0.7124943,-0.55422014,0.93557626,-0.37638637,0.6144237,-0.6890977,-0.2202441,0.9744508,1.2645689,0.70952034,-0.83813334,-1.1981297,-0.25322753,0.71293455,0.3420116,-1.0104955,-0.83798903,-1.1495417,-0.15759994,0.3552739,-1.1082995,0.098980255,-0.10925941,0.19176845,-2.053487,-0.75230443,-0.4964016,-0.5732527,-0.66569185,-0.1656833,-1.1102567,-0.5362378,-0.66522586,0.08563798,-0.5602301,-0.972473,-0.4972228,-0.62161523,-1.5347962,-1.4808965,1.1169977,-1.3064451,-1.6874297,-1.2071203,-0.95251054,0.24231304,-1.3219905,-0.10995902,-0.32694054,-0.78128994,-0.50032455,-0.8573914,-1.3904792,-1.5971506,0.13136232,0.17610979,-0.29894066,1.2554253,1.2569083
0.32900816,-0.9073413,-0.8661972,-0.87793034,-0.2573024,-1.9236841,-0.2697992,-0.6408765,-1.1963369,0.5055221,-2.4539678,0.08277498,-1.0999596,-0.8556548,-1.118786,-0.47706643,-0.4371547,-0.17943652,1.113762,-0.3306381,-0.72216344,-0.06663453,-0.845054,-0.6976288,0.18695723,-0.11117479,-0.44721058,-0.105399,0.061320327,-1.4966537,-0.06705512,-0.4694253,-0.5081771,0.31983635,0.95454895,0.07526322,-1.1841468,0.6010515,0.68668735,-0.6596133,-0.018539859,-0.7765432,0.19940227,1.0573964,0.8426498,0.6965182,0.017980585,-0.34611657,-0.7753512,0.3379593,-0.31615382,-0.38199762,0.75447327,-0.048571497,-0.81179696,-2.0182652,-0.8717751,-0.51316553,0.30052495,0.3835888,-1.0601679,-1.0253686,-1.2701551,0.0460616,0.49770865,-1.2550409,-1.3612568,-1.61558,0.17304397,0.93467957,-0.6044081,-1.4653745,-0.013530289,-0.33988708,-0.40402782,-1.3195146,-0.8998328,-1.0458621,-0.6952567,0.14519109,-1.2541376,0.65726596,2.058766,-1.368608,0.12456998,0.09158048,0.62598485,-0.5099298,0.36520925,-0.3565196,0.47501618,1.3569725,0.80868375,-1.0142195,-0.797547,0.34251553,-1.1349968,-0.22333634,-0.7562014,0.7315018
0.32020313,-0.78257495,-0.64810735,-0.3420966,-0.838945,-2.0193353,-0.5668246,-0.3479016,-0.49441987,0.9145178,-1.495143,-0.37521192,0.03422534,0.2804513,-0.19409841,0.358725,-0.16971427,-0.3925618,0.59826404,-0.22546221,-0.53610903,-1.168736,-0.38974753,-0.12313825,1.3330089,0.8471204,0.5019762,-2.121599,-1.0492144,-1.5641519,0.010127594,-0.37163857,-0.12042753,-0.2411389,-0.18851562,-0.00902287,-0.44554844,-0.08654594,-0.7426921,0.064209744,-1.392061,-1.3628318,-0.95408607,-0.9300625,-0.3208109,-1.162097,-1.0759394,0.36809674,-0.9861819,-0.85178953,0.18830402,-1.7445298,0.6928513,-0.039510366,-1.2680457,-1.3890787,-0.29200742,0.42406812,0.769479,-0.3464284,-0.22659078,-0.4770641,-0.8212258,0.034310397,0.022610744,-1.0340542,-0.32918704,-0.6598034,0.6101793,0.2705036,0.27454913,0.31442824,0.12349875,1.0466696,0.40177253,0.09986559,0.26759586,0.3296137,-2.263264,0.21510974,0.062561356,-0.6507519,-0.8240391,1.0302006,0.3230101,-1.4174427,-1.0333452,-0.3702094,0.06732203,-0.41214824,0.9652308,-0.5177992,0.5731392,2.1059954,-0.043720342,-0.25649405,-0.059130553,-0.38205427,-0.50617427,-0.66151893
-0.9274401,-1.4751798,-0.8263434,-0.82375497,-1.0306327,-2.0613506,-0.5101448,-0.7988818,-0.5082521,-0.6489169,0.028368443,-0.4205451,-0.326288,-0.068658985,-0.3897199,-0.42973548,0.60395354,-1.1231956,0.52707493,0.26628336,0.43095815,-0.4926756,-0.6653858,-0.8475263,1.908829,-0.021693617,0.28563723,-0.9616407,-0.11401173,-0.6353656,0.2792901,-0.17735477,0.43060794,-0.89582694,-0.19477297,-0.2583158,-1.06673,-0.2534672,-1.2255934,-1.2733015,-0.9880382,-0.21116975,-0.91868675,0.93329155,1.1624421,-0.06739797,-0.1100947,-1.2747453,-0.4157206,-0.6207832,-0.28970122,-0.46117505,0.44710386,0.06856692,-0.9699485,-1.2338212,0.7350939,0.18800755,0.84767747,-0.62637615,-0.66074723,-1.127552,-1.4793464,-0.34288678,-0.04712168,-0.19450583,0.73552173,-0.6959607,-0.87279606,-0.31691957,-0.058401458,-0.0035376803,-1.049651,0.07599744,-0.18985304,-0.38559878,0.13453421,-0.76949555,-2.0015767,-0.30945697,1.1134067,-0.6936869,0.43453094,-0.18585154,1.1781871,0.98562443,-0.20860876,-0.71350086,0.43564528,0.14089255,-0.13578822,-0.5229632,0.16644242,-1.1330559,-1.3593827,0.6467176,0.07119496,0.66938776,-0.6602267,-0.45889476
0.3688323,-0.90963537,-0.94965285,-0.5144488,-0.13284646,-0.73727757,-0.40012637,-0.158239,-0.7790814,-0.7598307,-1.3387158,1.1610391,0.22007154,-0.06457754,-0.5815881,-0.26546472,0.2938411,-0.17457132,0.03716853,-0.02582752,-1.1296084,-0.8138056,-0.96107376,-1.2771492,0.12329844,-0.44979674,-0.1614197,0.77852285,-0.33759597,-0.45300373,-1.1695111,0.14980185,0.12404101,0.2565282,-0.55060893,0.47854137,1.1491957,0.36332667,0.8299779,0.16235223,1.0872282,-0.8379243,-0.29498422,1.4371667,1.3650472,1.9030937,0.46887836,0.6225124,0.764077,0.8898724,-0.31198877,-0.5250986,-0.9026021,0.06705323,-0.03363054,-0.62753284,-1.0000317,-0.36384538,-0.87517434,-0.048396222,-0.46172014,-1.0884447,-0.7929714,-0.33372447,-0.8597823,-0.5844249,-0.43138146,-0.7970296,-0.61492383,-0.75835985,-0.7026066,-1.8555255,-1.5426993,0.30214956,-1.5147378,-1.1746209,-0.77498907,-1.3242179,-0.50855803,-0.2357392,-0.60008305,0.10887651,-0.9749961,-0.7817689,-0.5636188,-0.4326439,1.0084585,0.8071882,0.25880623,-0.19678497,-0.9518928,-0.957879,0.6319147,-0.8431443,-0.590624,0.05213725,0.21247566,-0.056336746,0.35373896,0.46834326
0.2808343,0.49424636,-0.11795407,0.2224381,-0.16303301,-0.7516539,-0.40750936,-0.02371666,-0.23369025,-0.027926523,0.87278575,1.1114764,1.098729,-0.33715132,-0.36519575,0.46061072,-1.4869845,0.22877346,-0.06628368,0.7345822,0.85998017,-0.853355,-1.5593237,0.13511822,0.33686516,-0.100915544,0.7804469,1.063499,0.59822255,0.6235196,-0.7484296,-0.59442437,1.1433985,0.35441065,0.34463397,0.68567926,-0.26815307,1.5520669,0.95891726,-0.616632,0.9980528,-0.81268144,-0.85589397,0.7895861,0.062070005,1.0154603,0.21821244,-0.9037818,0.00430912,0.76613724,-1.1143181,0.046706375,-1.0228572,-0.12897897,-1.2767992,-1.4292719,-1.3890262,-0.5360322,-0.8491219,-0.6230068,-0.70054567,1.1907232,-0.45291755,-0.5025341,-0.24741113,-0.39322734,-1.2780129,-0.82123655,-2.4289556,-1.7584051,-0.77393717,-0.5620469,-0.4883052,-0.65928614,-0.48687106,-0.48053247,-1.3079566,0.12817365,-0.9813669,-0.31706822,-1.259979,0.15970849,-0.42417258,-0.26208258,0.42092013,-0.34803334,0.694955,0.37105158,0.555339,-0.31666183,0.95941466,-0.060115498,0.041308492,-0.21462363,1.2062118,0.268839,0.44407144,0.35544854,0.117126666,0.72747827
-1.7891959,-0.1606253,-0.25600043,0.03331753,-0.77261287,-1.2180046,-0.1875194,-0.18269375,-0.30193773,0.33410254,0.018246442,1.3542997,1.2011527,0.5287032,1.6214025,-0.18557826,-0.14991538,0.10480195,0.51165247,1.2003223,0.38903973,-2.0388026,0.34574845,1.0058333,0.13191627,0.81927735,1.0623707,0.058832195,1.1035976,-1.4752921,-1.8098483,-0.20020932,0.51473105,-0.063081495,-0.42049024,1.0456707,0.8030602,0.23159534,0.2782605,0.37706178,-0.21044369,-1.9546133,-0.62357384,0.047968585,1.2515018,-0.09717884,-1.1903831,0.35019556,-0.6236028,0.26851737,-1.3236128,-0.38477886,-0.38949123,-0.9045722,-0.96600944,-0.7617936,-1.010752,-0.9212453,0.61234325,0.7311082,0.83691555,1.2985978,0.16391847,0.9409862,0.15952049,0.42484206,-0.36790416,-0.28472805,-0.7005843,-0.87715054,0.8222242,-1.0662256,-0.591365,-0.2941052,0.70247823,0.33766967,1.3676947,0.26241776,0.21565391,0.21055238,1.1072979,1.3154906,-0.82955855,-0.43780753,0.25223693,-0.42762995,0.97834176,0.051453505,0.8679748,0.09884993,1.2112085,0.53720784,-0.3217642,-1.0534388,-0.0036231957,0.17411205,1.5416502,1.0881869,0.008743506,0.4805357
0.54145825,-2.0759258,-1.7111223,-1.267102,-0.9875107,-2.142513,-1.909943,-1.8980576,-1.4450617,-0.8952685,-0.4031177,-1.0875216,-1.1606469,-2.237632,-2.0390904,-1.5934091,-1.7855368,-2.2402194,-2.419663,-1.6403366,-0.8054366,-1.1388335,-2.1408918,-0.72162366,-0.22265626,-0.6887873,0.006252311,0.5443391,-0.49714977,-0.31351566,1.3833463,-0.7489371,-1.4895022,-2.4260614,-1.7922131,-1.004214,-0.22631265,0.085313305,-0.6784656,-1.0012003,-2.1300435,-0.20478213,-0.889174,1.2082062,0.6114376,-1.4676535,-1.4894315,-0.6083635,-0.72954327,-0.47567818,-1.2469835,-0.48683363,0.25706118,-0.29259166,-1.5002403,-1.8126587,0.10101613,-0.47863397,0.13797234,-1.2804757,-1.2048138,-0.34643734,-0.69316274,-0.32750636,-0.42193508,-2.093474,0.592681,-0.77884346,-0.83672523,-0.22620691,-0.7245064,-0.19069391,-1.1939806,0.43203536,-0.45217353,-0.7840912,-0.208604,-0.6738869,0.37453598,0.4051425,-0.6968406,-0.49172705,0.7153891,-0.04672108,0.41302758,-1.1564772,0.05415854,0.20364131,-0.59635913,-0.4188072,0.0047057476,0.01918707,-0.25771004,-0.30629513,-0.12029652,1.5143546,-0.35116115,-0.61126155,0.8090261,-0.019868242
-0.18908826,-0.854198,0.18731362,-0.43457937,-0.08892431,-0.83610207,-0.36305806,0.06827747,0.65361595,0.24360906,-1.06957,-0.45145997,0.7590219,0.573485,1.2134215,-0.7140989,-0.57195854,0.28665954,1.2263477,-0.88404083,0.6061748,-1.4064147,1.1040705,-1.4725467,-1.5835755,-1.0813646,0.23371805,-0.3409931,-0.93893945,-0.66456926,1.1642987,-0.9381057,-0.122595474,-1.260385,-1.2572162,-0.18562731,-0.5379916,-1.1257824,0.24362694,-0.07782618,-0.8451912,-0.016930625,0.8230469,-0.013467818,-0.82821363,-0.21128629,-0.055421047,-0.15355395,-0.80066746,0.002977364,-0.78281075,0.15098973,0.68918526,-0.38875476,-0.20274727,0.46069884,0.18075968,0.25101706,-0.10911378,-0.8712377,-0.5075609,0.41275144,-0.16660656,1.4781785,0.8679438,0.39879262,-1.002493,0.5427647,-0.15954149,0.8543098,-1.1282458,-0.16218656,0.43989876,0.31770986,-1.4333432,-0.7271206,-0.8712402,-1.0241269,-0.5997399,-0.55349,-1.5932335,-1.5423735,-0.122568056,-1.0777133,-0.46080223,-0.5414184,-1.0449994,-0.60795027,-0.30657396,0.08781459,0.5764096,0.46637392,0.38968536,-0.456294,-1.5489726,0.18306804,0.09284776,-1.2070674,0.2860523,0.47529653
-0.48712218,-0.9562795,-0.87180877,-1.0081174,-0.81084144,-1.6781266,-0.8600583,-1.1530339,-0.83521825,-2.286324,-0.5188907,-1.4641471,-0.39806557,-0.5438546,-0.6751419,-1.7438937,-0.8929426,-1.9223777,-2.035125,-2.1666257,-2.897775,-2.216478,0.29438332,-3.2470787,-1.172925,-2.1432304,-2.3756497,-2.1535351,-1.1811732,-0.85896045,-0.08969708,-0.8516924,-1.5686296,-1.1702652,-1.2473073,-2.5649965,-2.0745757,-1.2037922,-0.8208996,-2.6026595,-0.61297894,0.3281262,-1.0969539,1.5437807,0.16720507,0.28676388,-1.7588888,-2.427347,-1.0155587,-0.04042713,-1.3845173,-0.04236127,-0.5737306,-0.3540661,-0.98563814,-1.367712,-1.685405,-1.1870404,-2.1948857,-1.8794484,-2.0562494,-0.16897647,-1.5340896,-0.50585485,-0.84350145,0.5409461,-1.7911241,-1.5765525,-2.1542675,-0.94021183,-2.2870033,-2.3762276,-1.0476509,-1.758667,-2.855436,-1.9773047,-1.9596584,-1.9615462,-2.4034162,-1.5358096,-2.9823685,-0.9096486,-0.1355533,-3.0014708,-1.3302037,-1.6666018,-1.4044079,-1.9280607,-1.9338992,-1.3112367,-0.42113766,-1.2913686,-0.54817384,-0.89703333,-1.4043711,0.7885187,-0.30056742,-1.9650053,-1.184855,-0.7102613
0.19826604,0.31089306,0.72451526,-0.11605962,0.6224075,-0.50922734,-0.0014210183,-0.28097242,-1.5219756,-1.7821966,0.85516876,0.9199505,1.2329417,1.5013299,1.0267183,-0.09169379,0.6066591,-0.033337098,0.28605244,-0.96323603,0.8723067,0.9541586,-0.40332237,-0.963014,-0.8663299,0.4992955,-2.113658,0.5075149,1.1072598,-0.3633572,-0.21924812,0.045784973,0.88542897,0.041245136,-1.5128254,-1.6331649,-0.66881764,0.7019409,0.9340326,-0.83250046,-0.02628491,-0.08565282,0.6300932,1.2634087,-0.7821377,0.6213456,0.37929773,-0.29477495,-0.30858535,0.014415463,-0.8970502,0.6166861,-0.10319556,0.15027273,-0.24678746,-0.7353593,-0.7781333,0.11398034,-0.58112067,0.9463433,-0.16365084,1.0980653,-0.073175155,0.49303868,0.350976,2.0883658,-1.4512265,0.41227195,0.55249256,0.6508643,-0.15038481,-1.581912,0.15848684,-1.222089,-0.55650365,0.0025271822,-0.49484017,-0.3551373,-0.14617725,-0.683617,-1.1570805,-0.81042385,-0.08474514,-1.1558449,-2.5287607,-0.73025274,0.37574458,-0.26996052,-1.3307341,-2.0503106,-0.058006864,-0.7056979,-0.39416984,0.8645,0.35034192,0.65229553,-1.0450494,-0.6206895,0.48565403,-0.14108543
-0.32453105,-1.0816019,-0.6852869,-0.36808667,-0.3779413,-1.0423204,-0.40836406,-1.5049349,-1.3165746,-1.772494,-0.24791235,0.5263935,-0.18384954,0.43207258,0.40620047,-1.1310034,-0.1886784,-1.1010668,-0.35926098,-0.74996275,0.5816613,0.02660784,0.21402909,-1.8518637,-0.8806996,-1.7639679,-0.8268663,-1.230259,-1.0346379,-0.2539084,-0.14618832,0.17034703,-0.19131757,-0.6918176,-0.19701916,-0.95131123,-0.058159534,0.13278897,0.6299909,-0.019012826,-0.62131494,1.6648277,0.35190192,0.43033206,-0.11338488,1.35799,-0.080876306,-0.96301645,-0.65222067,-0.39486033,-0.5538923,-0.9802562,-0.3626222,0.6871315,-0.5906116,-1.1144596,-1.2811991,-0.0941772,0.25751585,0.5080255,0.2373234,0.16295318,-1.0203505,0.5105471,0.63330543,0.642747,-0.9208984,-0.4170042,-1.297514,-0.5817697,-1.2021534,-1.472729,0.43621358,-0.5731166,-0.18855506,-0.9567917,-1.0686613,-0.64969695,-0.91996735,-0.5553457,-1.7842286,0.8722005,-0.5087619,-1.1446766,-0.78232527,-0.09018175,-0.8785308,-0.93857217,-1.579111,-1.9630725,0.60208315,-0.87755466,-0.1281056,-0.41127723,0.50571233,0.10902714,0.8862736,-0.19265474,-1.1158053,-0.64341944
-1.0132575,-0.3321607,1.1643019,-0.13299643,0.013426829,-0.2692438,0.6516243,0.29253352,0.73048353,-0.66358143,1.5498836,0.15505421,0.9443467,0.15860863,0.47110552,-0.3749211,-0.03395517,0.5274778,0.15364888,-0.7340258,1.5827913,0.19008535,1.4736028,-0.80575734,-1.2415085,0.068619184,-0.29200882,0.7911575,0.08021432,0.5796811,0.04941032,-0.26133975,-1.0496503,0.17218176,0.68404126,-0.006002428,0.74820524,1.0709895,1.2058698,-0.31703296,0.7741718,0.79565734,0.8485041,0.7262168,0.6847518,1.6239641,0.29964662,-0.44379497,-0.39945278,1.5265356,-0.80116546,1.3641063,0.7646319,0.3031951,-0.3681506,0.58743936,-0.11711522,0.13717559,0.84512746,-0.08029116,0.31745267,0.30715966,-0.079272814,-0.460389,1.4249263,0.9353111,-1.0532726,1.0126817,0.38060588,0.9959958,0.1557044,-1.3312299,0.32155162,-0.6143098,0.2519042,-0.3011157,-1.0297284,0.7441045,-0.7137444,-0.14857799,-1.5943406,0.9873669,1.3184521,-0.60089916,-0.17785007,0.98772573,0.70565253,0.10582234,-0.4390182,-0.21158196,0.42696765,0.08262939,0.03509058,0.21905038,-1.3755333,0.6297235,0.7133055,-0.08848975,0.24403268,0.7605259
0.08800595,-1.4451795,-0.8634357,-1.9512763,-1.4708618,-2.3336809,-1.1445572,-1.6020823,-0.25348687,-1.0779405,-0.8975686,-0.24263336,-0.009668675,-2.3037004,-1.2049599,-1.3278866,-0.94032127,-1.679025,-1.7404963,-0.8440822,-1.7262709,0.9088714,-0.8320156,-0.79016894,0.29464743,1.3454485,0.397485,0.5510714,-0.30552545,-1.1508883,1.0067639,0.15859339,0.93988645,-1.0852453,-0.48127657,-0.15276821,0.38478735,1.0039216,0.8322582,-0.46608752,-1.0330611,0.22094373,-0.21007058,0.5859416,0.51645595,0.63557625,0.2597875,-0.013639032,-1.4625672,0.53519803,-0.44239807,-0.43697456,0.1639448,-0.3039511,-1.5639416,-1.3491157,0.007151018,0.50712836,0.090213984,0.5388445,-0.08666879,0.1381024,-1.5875659,0.3663388,0.27840516,-0.97058725,0.31870285,0.8254373,-0.67413557,-0.35832348,0.6572132,-0.3366559,-1.3589319,-0.39920902,1.224295,0.49097958,0.13216391,-1.3590578,-0.61031944,-0.31859118,-0.19495822,0.18451811,0.5406277,-0.35814303,-0.3441555,0.14473407,-0.26343313,-0.82945466,-0.6419468,-0.435107,0.20507932,0.97373015,-0.44652298,0.49867117,-1.2936531,0.35103908,0.16887265,-1.1254139,-1.5438935,0.40086895
-1.0044597,-0.024876889,0.18220726,0.054584786,0.5717303,-0.037434805,-0.049898077,0.74832124,1.469805,1.392784,0.5303713,1.3311281,0.4644241,-0.3647743,0.35098484,0.32992288,0.9224625,-0.13591543,-0.327641,1.7441683,0.82461655,0.8935389,0.04506361,1.199828,1.5360366,1.1231416,1.121269,-0.27751273,-0.13773239,0.8472886,1.2311232,0.123359494,-0.16505834,0.41745558,0.5810717,0.5996686,-0.5226604,0.03253856,0.39578453,0.13345653,-0.8536221,-1.0048434,-1.2847824,-0.35050055,-0.3985335,-0.75513464,-0.5106448,0.15886913,-0.011951864,-0.36816043,0.2256019,0.38098374,0.09196665,0.35103244,0.46343896,0.58371985,0.117096856,1.3956736,1.0587946,1.376453,2.7843728,0.20903271,-0.6998435,-0.49284118,0.79254544,-0.035737332,1.5504935,0.41489553,1.1379601,-0.17414072,1.6483129,1.7183701,-0.3545733,1.3781908,1.1201539,0.44940576,0.85986483,0.9550582,-1.2971253,-0.33337206,1.5032637,0.8472433,-1.7279007,0.5869783,-0.02427468,-0.089460276,0.7386036,0.12463313,1.8376013,0.7925316,0.051869996,0.55097204,0.46357507,-0.0010538067,0.24035995,0.039032903,-0.7657999,-0.04610595,1.270939,0.10256401
-0.35982496,1.1007541,1.4107493,1.4472351,1.7769471,0.013281209,0.65055865,1.7634284,0.53643537,-0.20551373,-0.48128152,0.27011606,-0.50563174,0.78128535,0.51633173,1.1399479,1.4766876,0.6997518,1.1105133,0.094575085,-0.71688056,0.28807762,0.9533932,0.50479585,0.2000825,1.9815999,1.3093812,0.64752233,-0.19553153,-0.029232763,0.52172977,-0.44682547,-0.7412334,-0.78885996,0.62943727,-0.6377584,-1.6693678,-0.9927604,-0.8531229,0.25221166,-1.5772202,-2.1145086,-0.28106192,-2.0022523,-1.0311618,-1.6441272,-0.33178884,-0.35945097,-1.0636089,-2.1654522,0.25746685,1.7764379,2.2202003,2.3362918,0.79789627,0.7138629,1.5048602,1.954215,0.15587635,0.54228693,1.6385684,-1.0148339,-0.9760111,0.087151736,0.43359655,0.4606742,-0.9033201,0.6836915,1.1257466,1.3087757,0.7590882,1.5541158,0.76418364,1.2050183,0.67396575,1.5314716,0.5337471,1.4664948,0.20890978,-0.8556581,1.4144892,-0.5914706,-1.0672243,1.2210566,1.0003351,1.023312,-0.8892189,0.57731646,1.0362074,0.39321598,-1.8722475,-0.26494032,0.4689926,0.16347834,-0.13271298,-1.3802189,-1.0494169,-0.8553558,-0.38763708,-1.4158239
-1.9069055,-0.92019445,-0.9377266,-0.13062344,-0.6505024,-1.2816153,-1.0218701,-0.8089452,-1.3556595,-0.55282193,0.0041440204,1.1854073,0.1537911,-0.7055034,-0.7927653,-0.8113132,0.07995922,-2.1056697,-1.2445194,-0.63233465,-0.7427067,0.12232119,-0.6228385,0.26232547,2.553278,1.2383696,1.5849545,-0.5706093,-0.37744915,-0.3261139,0.15950902,-0.20525703,-0.5289874,-2.128012,-0.26737797,-1.0665369,0.26603222,-0.94532764,-1.7894722,-0.40986615,-2.4694288,-1.3047196,-0.9899947,-0.9501313,-1.0149289,-1.7965319,-1.2542192,-0.10556337,-1.5693016,-2.0284595,-0.097751044,0.4049985,1.1288036,1.0343454,0.07106591,-0.19771664,1.1039433,0.66159654,1.745417,-0.59337515,0.7325592,-0.18122515,-0.24154806,2.2588031,2.1769178,0.82434666,0.41313416,-0.107540056,0.40377524,0.13962683,1.1297408,1.7499412,0.21013689,1.42982,1.7280202,1.2342023,1.04998,1.2195612,-1.7542164,-0.7683931,1.1578195,-0.6133206,0.93193245,1.1400925,1.1924102,-0.1742667,-0.8263144,-1.0344532,-0.11616311,0.37916315,-2.437795,-0.6732553,-0.51298136,-0.4620446,0.08999819,-0.44357583,0.36464405,-0.5260995,-0.565813,-1.2210618
-0.23331936,-1.3522835,-0.40650186,-1.636134,-1.0846373,-1.8347015,-1.5205363,-1.3436292,-1.2073967,0.023787027,-0.25035635,-0.9075459,-0.50758487,-0.75851893,-0.3697598,-1.0012465,-0.644076,-2.5474267,-2.6260653,-1.4769119,-1.6748054,0.568737,0.20900165,-1.1043241,-0.11119246,-0.16843215,0.5955291,-0.532588,-0.45803416,-0.25380135,0.15563735,-0.67917913,-0.21226884,-2.0809896,-1.1644218,-1.5565408,-0.8595532,-1.1085556,-0.3289012,-2.439176,-2.7693498,0.8407305,-0.180365,-0.093118906,-0.41203645,0.051685363,-0.65734625,-0.9067992,-2.3054576,-1.8798572,-0.061468773,1.3256599,1.1220742,-0.70619833,-0.149736,-0.7291864,1.8286061,-0.11978226,0.5012899,-1.4584835,0.3496888,-0.81391996,0.28702718,-0.308353,-0.61250144,-0.4132345,-0.4731375,-0.32026792,0.8761284,0.17320198,-0.59463453,0.5208585,0.24710447,0.55362236,-0.07456934,-1.120868,-0.33686003,0.09503591,0.69298816,-0.23042974,0.6155402,-1.0118781,0.19555365,-0.44737196,1.3277303,-0.15480824,-2.0800724,0.19095743,-0.78224546,0.36069876,-0.93164265,-0.46937105,-0.7360702,0.62039804,0.03052441,-1.3753889,-0.5596052,0.72648424,-2.0366137,-1.7049217
0.14547087,-0.22382468,0.15576915,-0.33525395,-0.7306264,-0.7015764,-0.4851792,0.12454549,-0.158537,0.08943406,-0.92276156,0.41910747,0.0066945464,0.052812736,-0.023425309,-0.9529794,-1.6564611,-0.42080685,-0.6122621,-1.1848942,-0.706361,0.9436047,0.34027898,-0.9172864,1.4164691,1.6071486,1.1171952,0.857968,-0.027570589,0.15469848,0.6411043,-0.29530278,-1.0745316,-1.2658178,0.33645085,0.0046968567,-0.011922591,-1.3329371,-0.23525141,-0.7416663,-1.2405708,0.64954287,0.24483395,0.5144429,1.3399048,0.5684527,0.09283335,-1.2423967,0.0884185,-1.5823803,-0.106797636,0.1388666,0.56418616,-0.87243146,0.33359677,-0.31975934,0.860904,0.59857917,0.55953854,-1.0839304,-1.0724951,-0.9056991,1.5703508,0.2519147,-0.0382968,-0.2984336,-0.20455033,-0.2062776,-0.7491593,0.42052254,-0.8089193,1.2063917,0.9392633,0.4344599,-0.7514905,-0.07925926,-0.0526602,0.29754433,0.64641756,-1.3044856,1.1254121,-0.6241045,1.2567337,0.99497586,1.2843529,0.46737134,-1.5078678,0.2271031,-0.3344505,0.17321014,-0.59602,0.46304843,0.33533168,-0.23310307,1.4809859,-0.32604945,1.4358889,1.070651,-1.0577143,-1.0650401
-0.20196703,0.013679637,0.42073375,-0.6807391,-0.7779012,-0.22772574,-0.24387205,0.49084023,0.14979279,1.1132882,0.62691975,0.74549717,0.8341364,1.1809759,0.78681207,0.720358,1.2796422,0.2279724,-0.47934029,0.8894267,0.76675785,0.48460326,0.9079327,0.43598253,-0.34048226,-0.12387084,1.0253155,1.0056292,0.19940251,0.7795134,0.9148462,-0.16495493,0.070839986,0.58571833,0.122187555,0.38530642,0.9350618,-2.0077507,-1.3901365,0.16233824,-0.28289407,-0.39591667,-0.09487513,-0.5249424,0.98025274,0.6744919,0.38560417,1.1806258,0.43010503,0.40472335,-0.16435744,-0.2210101,0.3233916,-1.1824225,0.024016287,0.1905075,1.097587,-0.29586297,1.130784,2.0922713,1.3052917,0.70582104,0.6367813,0.62184465,0.25527254,0.69339323,0.5602418,0.83704036,0.3162916,0.75112545,-0.28537616,1.1267064,-0.009573959,0.90794206,-0.45363227,1.2243373,1.5796994,0.6751999,0.21997476,-0.18359342,0.8548191,0.4026898,0.6466599,1.086435,1.585457,0.9134024,0.9847309,0.5217607,0.9591301,1.9025936,0.61259097,-0.42929596,0.304784,0.507513,0.95376706,0.289213,0.18107785,1.1550697,0.61294186,0.6003302
-0.114830956,-1.0297474,-0.4011046,-1.0213498,-0.9499473,-1.9125417,-1.7527477,-0.76864046,0.37787274,0.14777629,-1.7170299,-0.9678561,0.8367787,-0.18275912,-0.64310384,-0.02410975,-0.7242866,-1.3316159,-2.1728446,0.7260156,0.1594262,-0.38254538,0.29857928,1.1705025,0.77455604,0.84850967,1.0442358,0.4646849,1.5856073,-0.35151312,-1.4722567,0.012015109,0.7577454,-0.7022391,-0.46464473,0.255731,0.96486944,0.40867543,0.16393954,-0.43527305,-0.76216125,-1.0200965,-0.31597,0.11729898,-0.3233097,-0.00021391785,-0.2929594,-0.32238084,-0.5598495,-0.38715002,0.3087374,-0.6080922,0.026705056,-1.1326257,-1.7212586,-0.39312166,-0.44809362,-0.33727592,0.80805695,-0.28565195,0.40572143,1.7051687,-0.51005036,-0.103221454,-0.26128235,0.16254185,2.3272202,0.34540558,-0.08213299,-0.6020996,-0.27948615,0.9275594,0.22468337,0.9320963,0.48846027,0.9239281,0.9106472,-0.14591803,0.33581147,0.5719144,1.7818261,-0.14544924,0.574953,1.6513523,0.2137661,1.0987657,-0.14849937,-0.7193994,0.82327646,2.46799,1.1116704,0.3241201,2.0740159,0.7480392,1.5412835,0.26004356,1.0255159,0.6469739,0.384473,0.5382185
-0.8075443,-1.5052216,-1.5172217,-1.7068101,-1.087298,-0.30298576,-1.6487811,-1.54647,0.40391967,-1.4729701,1.1889783,-0.54236126,0.3266038,-0.34464896,-0.3404319,-0.86265075,-1.3884784,-1.6252408,-0.8850091,-0.6194656,-0.8247743,1.4391714,-1.2618558,-0.33920628,-0.305132,-0.79246116,-0.65286344,1.3896955,0.33842558,0.93918467,-0.99935925,0.42316082,0.045453522,-0.30650452,-0.21467948,-0.034529418,0.7124591,1.3889941,1.9572985,-0.46670523,-0.17068277,2.023725,1.4529172,0.4638685,-0.8259362,0.8361494,1.6595386,0.98721594,-0.22636041,0.09097809,-0.3584401,-1.2759632,-1.0583267,-1.4440427,-0.397459,0.13727498,-0.5310746,-0.117198065,-0.06456868,-0.86102355,-0.87616867,-0.3729246,0.5510354,1.3542677,-0.4470861,-0.01946721,1.4422163,1.1406721,0.25598556,-1.0210288,0.60645866,-0.109899245,-0.63794243,0.38623574,-0.27346233,0.5309624,-0.5148172,0.10243283,0.11748214,0.34104723,0.017291702,-0.48959267,-0.1835759,-0.09093013,-1.3133568,0.26005846,-0.2614465,0.46680743,0.15052487,0.23324458,1.61933,0.26818162,2.0563202,1.4397697,0.77073944,-0.5640554,0.9923657,-0.8708256,0.54051554,0.04317285
-0.8097091,-1.0010087,-0.9534272,-0.53521794,-0.2259723,0.16603756,-1.3459251,-0.7234117,-0.6048287,-0.8827239,0.30745488,1.250491,-0.25316203,-0.4191187,-0.7276631,-0.39502403,1.0243284,-0.23317504,0.34785235,0.6803304,-0.2019295,0.80044705,1.2373518,0.93285495,0.74944127,1.3537683,1.0294715,1.53222,0.36037123,0.11900344,-0.23453438,-0.07787454,3.1028602,1.0617111,1.1376187,0.93425167,1.5996778,0.4896972,0.43552515,0.5107646,0.9030055,0.40947932,-0.200756,1.1510421,1.3330581,1.1958631,1.0542803,1.0946554,0.31779608,1.367724,-1.007775,-1.155345,-0.5871822,-0.51828265,-0.2513106,-0.5775931,-0.47771072,-1.7395786,0.76498777,2.1546664,1.9294618,0.6488936,1.1048009,1.1559293,0.18114269,0.11822085,1.8312107,0.006543256,-0.67560714,-0.9080592,1.2814654,0.18566816,1.0785952,-0.5870352,1.4964569,1.9930211,0.64001477,1.0788682,0.68442166,-0.008549762,0.9534455,1.5191393,0.39762226,0.7796691,1.0809596,1.7075897,1.9022732,2.1561804,1.367161,1.514471,1.4954985,0.8986209,0.52598876,1.0140457,-0.12409941,0.37119064,1.6375272,-0.10810233,0.032341283,1.6604294
1.6469702,-0.92835826,-0.6163414,-0.4578056,-1.1335937,-0.14041111,-0.66793245,-0.30751076,-0.7730741,-0.04822183,-1.0595329,1.0326304,0.16113932,-0.45163134,0.00068589166,-0.45317036,0.03684147,0.4808104,-0.15971908,0.6153868,0.85872304,-0.33398202,0.07321657,-0.40343493,-1.5296032,-0.082923144,1.3030025,-0.2961693,0.020506952,-0.14293152,-0.9152117,-0.5477751,0.9670889,0.1013822,-0.06011634,0.9333353,-0.33789426,0.69061697,-0.16004956,-1.0907145,0.1176958,0.3851387,0.50636035,-0.041308317,2.2522972,1.0767124,0.73251736,0.52983034,0.06503797,0.49364358,0.3436071,-0.8744602,-0.37775117,-0.3042414,-1.1114608,-1.4125271,0.91153157,-1.4060667,0.20830746,-1.8414874,-0.050943278,-0.79783326,0.19065562,-0.7964855,0.27806357,0.28052992,0.27769014,-1.6486309,-0.9469295,-0.35381365,0.5146744,0.2637377,-0.50992316,0.21297105,-0.69650114,0.45669246,-0.22656494,0.70104665,-0.10523827,0.1741887,-0.15873884,0.6251145,0.9988718,0.033949513,0.5503759,0.057156567,0.46486744,-0.31438836,0.89598376,0.92314833,0.5529555,-1.0037848,-0.08563874,-0.8852888,1.3263214,0.18476793,0.046642292,0.7653735,-0.6575587,0.16968052
-0.36533305,-1.1465696,-1.3060445,-0.8179237,-0.40323123,0.08313694,-1.1923083,-1.3449762,-0.9235217,0.39670968,-0.66378385,-1.8852162,-0.9977512,-0.6927686,-0.7687524,-1.0112315,-0.95842993,-0.56834936,-0.076800935,-0.24451931,-0.39768818,1.752054,-0.5429437,-0.74502015,-0.09747993,0.9642024,1.1960925,2.3458164,-1.5621141,1.5310881,0.02056806,0.1441187,0.28707594,-0.36844158,0.28587198,-0.22791773,0.12810087,0.4191839,1.2624229,-0.52379787,0.18509053,2.7296677,1.4005696,0.6965317,1.5690473,2.726425,1.826374,0.10491105,-2.1006894,0.010856611,-0.27457485,-0.66586196,-0.9988916,-0.33649,-0.22453122,0.67764145,-0.9207596,-0.2308587,0.031108622,-1.1842395,-0.95319563,0.09433824,1.001042,-0.39036843,-0.28589967,-0.40655252,-0.39795864,0.39878142,0.34008995,-0.22424449,0.08123644,0.48244196,0.14725174,-1.0944172,-0.27684984,0.4488267,0.08268968,0.4607874,-0.33159587,0.04931583,0.26317075,0.5312352,1.1531193,0.3251614,0.8752545,1.3879304,-0.24105307,1.5372788,0.5381515,0.95969445,0.063124366,-0.77349514,0.7094541,-0.23255289,1.2392883,0.0066455617,0.86748123,0.89272213,-1.0021735,-0.6516049
-0.71950066,-0.38206288,-1.3972152,-0.21664645,-0.08012375,-0.3723554,0.04244248,-0.82408994,-0.4174687,-0.2952584,-0.7636824,1.416717,-1.1951715,-0.87915456,-1.2819532,-0.7882174,-0.56451327,-0.13750961,0.51756215,-1.0045347,-1.1815981,0.107199356,-0.298726,-0.5613468,-1.1142522,0.26956776,-0.7841939,0.5765549,-0.43961176,-0.30146465,0.08715037,0.43360245,1.2632723,0.06432801,0.57280535,0.3684883,1.7509924,1.4332777,1.2912878,-0.52012295,0.7508812,1.2146189,1.4275479,0.870706,0.22334489,1.497844,0.65523,0.3977966,-0.31518325,0.4916782,-0.49969864,-0.5433099,-0.94510376,0.062280845,0.2925079,0.08666578,-1.7807815,-0.8466215,-0.6616204,-0.91806936,0.040335868,-0.6910034,0.44896635,-0.22512949,0.19444457,-0.72527957,0.016428763,-0.2696167,0.38147023,-0.7246928,-0.933707,-0.7616977,-0.5831096,-1.0586294,-0.06772542,0.40193948,-0.2323444,-0.5676896,-0.1043892,0.08192977,-0.12703744,0.47236308,1.9115206,0.06264406,-0.24456108,-0.36623123,0.9040738,-0.16043636,0.111482896,0.7031395,1.0337038,0.5219336,-0.92614853,0.0028309892,-0.050777894,1.1211901,0.9063428,-0.9152545,-0.23198453,1.2984419
-0.59189284,-0.98772186,-0.83881694,-0.74751735,0.81388474,-0.0642235,-0.95381224,-1.6787038,-0.762667,-0.34444126,-0.44558182,0.25307468,-0.8474299,-1.0783335,-0.86622506,-1.3311843,-1.5321057,-0.7824848,-0.074665025,-1.0377241,-0.47517008,0.02361586,-0.29535756,-1.1974663,-0.6306143,-1.7926645,-1.8484021,-0.09161803,-0.7115556,-1.4383932,1.10981,-0.08845596,0.24944133,-0.80069333,-0.63497865,-0.444235,0.4812441,-0.1272861,0.21812735,-0.37246105,0.10541709,1.9209645,0.37469825,0.5973978,-0.37085918,0.992888,-0.7721676,-1.7015108,-0.18641764,0.953829,-0.4266512,-0.5734505,-1.2557057,-0.30635667,0.018542776,0.11615916,-1.7467176,-1.2498811,-0.6309137,-0.6465077,0.14568438,-0.63812745,-0.34202603,-0.93612826,0.26381817,-1.170204,-1.3400936,-0.8723386,-0.8165801,-0.5779427,-1.2226379,-1.3352035,0.14406092,-0.9400162,-1.6836332,-0.6425502,-1.0011404,-1.0449516,-0.37107283,-0.90946066,-1.4396348,0.5852046,1.00912,-1.079554,-1.2380471,-0.4273062,0.6132151,0.7025984,-0.7222326,-1.2450551,0.6210932,0.8047821,-2.3785963,1.0886425,-0.5509151,0.81557465,-0.32563555,0.52729535,0.026048286,1.2333388
0.12976333,-0.60470015,-1.099427,-0.5998751,-0.3549383,-0.607283,-0.52861357,-1.2213776,-1.6470393,-0.99933213,-0.8152048,-0.5286509,-1.3060035,-1.6602814,-1.1766557,0.25591293,-1.0559409,-0.8288902,-0.41030112,-1.6164212,-0.77575815,-1.9797351,-0.91497046,-0.84216464,-0.8126734,-1.0925636,-0.8699056,-0.28457227,-1.2289429,-0.18721391,0.5340911,-0.5951527,-0.18730754,-0.55011076,0.15706965,-1.5700433,-0.82075447,0.31156152,-0.6770361,0.07952184,-0.39135173,-1.6421856,-1.859252,0.72932386,0.1046438,-0.7582963,-0.79074395,-0.70534456,0.054895777,0.43323657,-0.42671525,-0.89638555,-0.98749304,-0.38775527,-1.5038655,-1.3166342,-1.3358495,-1.7582104,-2.2142816,-1.1007694,-0.49428323,-1.8757551,-0.75556326,-1.3510795,-0.18141864,-1.894057,-1.478183,-0.9489793,-0.35943964,-0.5287175,-0.4670602,-1.1900232,-1.0302025,-1.3772646,-0.48005748,-0.3356119,-1.1456121,-0.35843536,-0.33311787,-0.5353352,-1.4642086,-0.7675544,-0.5250916,-2.1626227,-0.73011124,-0.7649443,0.40483147,0.3207117,-1.129631,-1.6605676,0.45642436,-0.11586002,-0.91702837,-0.017899945,-2.5617764,0.8167386,-0.35917115,-0.6781079,-0.30017877,-0.19214915
1.4043643,0.90777385,1.0458174,0.41968253,0.29123852,0.24393545,0.7618378,0.75671,0.45323563,1.1614759,-0.9762392,-0.3394759,0.037731133,0.09070972,-1.218849,0.46466875,0.17478576,0.8952362,1.027789,-0.705201,1.0840861,0.016338374,0.37971607,-0.42934096,-1.2586251,-0.6304866,0.42691225,-0.537313,1.4244691,-2.086897,-0.148641,0.32854792,-2.6321342,-0.48672605,0.9422064,-1.3431042,-1.4089909,0.0797594,0.18714201,0.6475159,-0.62538475,-1.010188,-0.9129391,-1.1713158,-0.2630142,0.052778132,-0.7020582,-0.436654,0.2205312,-1.0074029,0.98772657,0.63249785,0.42598122,0.782143,0.05361323,0.3906971,-0.37983227,0.76104486,-0.30568776,-0.66283256,0.7059891,-0.9856125,-0.39506218,-0.9933864,-0.70173454,0.17821757,-1.1426839,-0.89048547,0.3573092,0.33939993,-0.70586365,0.6784011,0.44306934,-0.891331,-1.0021034,0.85891575,0.31403917,0.57521135,0.6648706,0.44428477,-0.107281365,-0.96660095,1.7283,-0.27526852,0.08998366,-0.23884085,0.13961981,0.81847376,-0.5236153,0.27626947,-1.0000143,-0.052263614,0.4788822,0.7899981,0.87915605,0.76647055,0.65348893,-0.48490313,-0.27172142,-1.4122514
-0.4805492,0.6620692,0.37338427,0.32253984,1.0262185,-0.21400005,-0.2053072,0.00827267,-0.5820522,-0.4402147,0.48608306,-0.9183895,-0.24692422,-0.32234815,-0.3038613,-0.93330437,0.29061583,-1.1038111,0.32453874,-2.1593156,0.64643866,-0.34918225,-1.049385,-0.9467717,-0.23632999,-0.90850383,-1.1926117,-1.3188597,-1.0265031,-0.23628034,-1.1156064,-0.8176176,-0.34504628,-2.087785,-0.5214734,-2.4613826,-1.0877379,-1.359865,0.07465492,-0.5314901,-1.1773311,-0.8558794,1.3950899,-1.2000296,-0.69856274,0.31514293,-0.8850254,-0.63541704,-0.33651432,-1.5265828,-1.0158542,0.9444674,0.316586,1.7033628,0.42741132,0.5721718,0.5560378,1.2915223,0.13384567,-0.98935217,0.5956957,-0.6409362,0.6168121,0.1722582,-0.11824688,-0.5373894,-1.6619146,-0.89188427,-1.305327,-0.46238422,-1.790894,-0.5105007,0.38038614,-1.4596164,-0.5223405,-0.51773316,-0.5103883,-0.017142592,-1.2770513,-0.21088143,-1.3154972,-1.8042601,0.77070487,-0.50095683,-0.9938201,0.088558376,-0.8093677,-0.929384,-1.5634104,-0.7211728,-0.23889625,1.4371542,-1.4800988,-0.42950374,-0.092157595,0.018982032,-0.49340245,-1.0618998,0.28363118,-1.3074971
0.659819,1.4469125,1.5276718,1.1261414,1.4552811,0.62806857,0.79427224,2.0292547,1.2384268,0.09029207,0.5136703,1.5086251,1.8432535,-0.23266296,0.982676,0.9841885,1.8597589,1.5334189,-0.52127254,1.1522796,1.29996,0.75250953,0.2263286,2.2855735,1.4484845,1.8633462,0.3201132,1.6111792,0.36241895,1.6942921,1.6989144,-0.2782679,1.3579457,1.3535024,0.4730299,0.59864587,-0.09766028,-0.56047434,0.57304865,2.136667,0.64249986,0.3923116,0.18253505,-0.8466546,-0.15611388,0.18851063,0.011288131,1.4338281,0.83171195,0.026737044,0.013453901,0.57719594,0.25186813,0.90931326,-0.19830611,-0.1760879,-0.26862642,1.5014544,0.8865072,1.9761778,1.9051527,0.9806469,-0.45023164,-0.056134485,0.2989206,0.9937714,1.0068433,0.7266522,0.7299902,0.61222833,1.6804068,1.0550456,0.9562345,1.6726186,0.94955283,0.6791652,1.5091922,1.4721098,1.4186519,0.56486666,1.7476751,0.5355304,-1.3198553,1.6287661,0.1166269,0.6257782,-0.23659281,-0.34992176,0.676009,0.8830441,1.7527353,0.26274693,0.87263346,-0.47050834,1.1864849,0.6975191,-0.79751277,-0.306011,0.8853641,0.123844
0.7179369,0.08448587,0.46843883,0.526735,0.47902024,0.7106669,-0.036485333,0.6901269,1.2874948,1.2608117,1.4874445,1.1473553,1.3586968,0.35817224,-0.0667104,0.9110263,0.83632,0.8743177,0.51708347,2.0972934,2.0520926,0.7193444,2.0658238,2.3921285,0.7963552,2.4166973,2.0232375,2.4173443,1.9073995,0.48265362,-0.04893926,0.61338127,2.7921314,1.2244983,1.194337,2.5376258,2.3842313,1.0251044,0.6522538,2.1467013,1.621365,0.54195756,-0.5426746,1.0128386,1.6977113,-0.0024322383,2.2411318,2.4723647,0.84307086,1.6530997,-0.1908396,0.38881,-0.12762454,0.4078701,0.4199555,1.101837,0.84164166,1.0103782,2.18314,1.2897902,2.6836355,0.5907716,1.0715784,2.2108967,1.6743516,-0.4197345,1.7701654,0.2241619,0.16698226,0.3583187,2.00347,1.6321498,1.5023798,2.252124,0.9727281,1.0083741,3.0277112,2.0390863,0.061045628,0.80024326,1.4865297,0.5420881,-0.1104618,1.2902081,0.8898732,1.5599015,2.5136216,2.1898296,2.724233,2.6396155,1.1119887,3.2793517,1.3187099,1.5633801,1.6685426,1.735768,0.72036016,0.8076949,0.5343957,0.631415
0.8582011,0.21759242,0.19813205,-0.35940814,-0.98938614,-1.3671252,-0.41369972,0.027935198,-1.0578493,-0.02840939,-0.3211349,-0.012718815,-0.08107451,0.2715446,-0.2229222,-0.05967933,-0.683716,0.34021944,0.13708198,0.47920632,-0.09341544,0.57364976,0.43405122,0.29455763,0.9008696,0.54597455,2.1697938,0.35798383,0.596614,0.35734245,0.31004828,-0.6457747,-0.4939243,0.30406836,0.9837223,1.3635885,-0.025404496,-0.6796861,-0.35397038,0.3373877,-0.20402859,-0.9917849,-0.5198795,-1.3035977,0.8859857,0.31040263,-0.018514913,0.71232647,-1.3119239,-0.46745825,-0.05450652,-0.8501905,0.28610823,-0.33239734,-1.7107606,-1.1672045,1.1952544,0.73398894,0.37598407,-1.250672,0.60023487,-0.95695925,0.22520946,0.7704826,0.09589891,-0.800799,0.47768992,0.020591367,0.8481767,0.12307804,0.39833796,0.664574,-0.14927241,0.87936944,-0.03619283,-0.15650533,0.4682123,-0.42711937,0.90071195,-0.3410922,1.4662018,0.6918013,-0.030472515,0.32801804,0.4245093,0.05196034,0.12307357,0.035053574,0.713024,1.109989,0.59155446,0.04738498,0.547052,-0.012687092,1.0969421,-0.40342,0.36015645,-0.32812712,-1.215998,-0.5990204
0.17328832,0.9487525,0.50822526,0.25416225,-0.32012954,-0.905007,0.19535108,1.1322225,0.46487537,0.21249369,-0.6185047,0.51133555,1.5130466,2.0394242,1.122114,0.4633273,0.59773594,1.1572834,0.5026245,-0.0070838756,0.64556885,0.017566163,0.68843967,1.2231655,-0.7433761,-0.5967212,1.140321,-0.38146117,-1.1986817,0.5602747,0.20820107,-0.9191564,-1.0927699,-0.68724096,1.3888228,-0.40306088,-1.6463882,-0.8414621,-0.5836883,-0.093433,-1.453611,-2.248991,0.63339365,-1.3933734,0.803206,-1.2785401,-0.4264527,1.0590231,-0.6922678,-2.0803213,0.95819944,0.69656134,1.7414428,0.45074156,-0.17134406,-0.03904227,2.3569047,0.34412053,0.5807661,-0.620661,-0.7493362,0.90847456,0.40714028,1.1302454,-0.13728462,0.03041905,-0.448667,1.2238058,1.1422374,1.0434148,0.15656073,1.0012281,2.3124738,0.5259586,1.3163065,-0.1979043,0.57024133,1.1982967,0.04192067,-0.3836544,0.7729401,-1.4726456,0.478573,0.53058314,1.9475682,0.36611962,-2.0239787,0.87993294,-0.76079834,0.87516725,-0.27113792,0.59952736,0.07542187,-1.7781167,1.3391573,-1.9575325,-0.8304938,0.38477784,-1.392109,-2.4629836
-0.15554908,0.26058614,-1.3730237,-0.52898854,-0.4956508,-0.73724437,-0.38495994,-0.31443137,-0.27920082,-1.1602068,-1.7046708,1.1810931,-0.2565949,-0.82383263,0.62348115,-0.33607087,-0.40360177,-0.63512015,-1.190739,-0.8934728,-0.6044113,-0.61720246,0.24369484,0.2624235,1.0138366,0.118654594,1.1454282,0.11147685,0.30275604,0.10140517,0.21031027,0.16646558,0.20674305,-1.9328105,0.6946763,-1.4571217,-0.6226494,-0.40858263,-2.0601327,-0.79270864,-1.6843946,0.028476411,0.8273969,-0.6676619,-0.9994284,0.17301606,-0.13992505,-0.6297189,-0.70152336,-1.4665494,-0.22392167,0.23745632,0.8600799,0.5712521,-0.00839963,0.20682107,1.776128,0.1698198,-0.43407074,0.014001214,0.34511292,1.2702544,1.3502507,-0.13532333,0.8835535,0.4730779,0.33352816,-0.45329913,-0.8785962,-0.2916007,-0.03171874,1.5085198,-0.7176563,0.6555747,0.5698579,1.1934562,0.3887033,-0.1499128,-0.19384414,-0.5272475,0.94878423,-1.8943734,0.3384177,1.7648096,0.6803633,1.641962,-2.2553058,-0.7819285,-1.1399102,0.021412062,-2.017828,0.018252237,-0.5864227,1.2572094,1.9124038,-0.49631774,0.9629798,-0.7655474,-0.8938842,-1.3526528
-0.28330576,0.2349395,-0.22461039,0.26975483,0.104206584,0.3767387,0.73546845,0.5594626,0.2904285,1.2772328,1.1397098,0.6474626,0.9884966,0.23164156,0.6728867,0.39724675,-0.15902723,-0.0998548,-1.0935907,-1.4590235,-0.086920686,-0.2799757,0.0029743707,-0.30774757,1.6943837,0.2555676,0.7913994,0.1949525,-0.356129,-0.40693146,2.0333626,-0.19395243,-1.3106767,-0.996512,0.44221476,-0.7021472,-0.13884883,-0.19694616,-0.8674329,0.20803654,-0.9535,0.49793318,-2.2409503,0.0008280098,0.50255007,-1.4618684,-1.2926041,-0.7212083,-0.05605666,-0.8059555,0.19054984,0.34466517,0.56642556,0.22901322,0.21625191,-0.6749448,0.025854878,-0.084706195,0.09971845,1.283045,1.2713944,0.26786053,0.09825491,0.31407598,0.3742376,-0.35811484,-0.061093386,-0.8271184,0.2959842,0.16165115,-0.6382478,0.39783645,1.0387384,0.86155707,0.33895123,0.45396864,-0.3730764,-0.47985938,0.6134605,0.18032616,0.06371846,-1.1276182,0.4690551,0.46944687,0.21171938,0.3049555,0.6553437,-0.4679276,-1.2084869,-0.56039536,-0.13580522,-0.4892616,-0.45302606,-1.1572595,-0.13595095,1.0339423,0.904172,-1.2749002,0.55240214,-0.36804792
0.012580782,0.2857883,0.7545173,0.105883166,0.45908532,-0.2502996,-0.0034999754,0.012378524,0.31328458,-0.34726444,-0.09328124,0.27641147,1.4774296,0.12293129,0.024192028,0.20034349,0.55515665,-0.10272185,-1.8969002,-0.5099972,-0.13201272,0.71367896,0.6174992,-0.7160214,0.18039118,0.99508816,0.25745544,0.6025837,-0.16967437,0.80604374,1.7510133,0.7188745,-0.4851347,-1.3272586,-0.8914393,-0.19376324,-0.3322612,0.083023585,-0.3152054,0.7952252,-1.3034854,0.33713713,-0.448633,0.77503693,1.3711903,-0.3600636,-1.0826662,-0.66158146,-0.09998864,-0.9648548,0.36038423,1.0201311,1.6745958,1.025294,0.9218207,0.5177768,1.1236271,0.021851402,1.5613074,1.1273152,0.291608,0.92204106,2.1063597,1.2542398,-0.8655888,1.497255,0.49126673,0.22953603,1.2629814,1.45163,0.77109754,0.6536038,2.4619162,0.18318331,1.4098514,0.43521944,0.7628453,1.018719,0.0076602367,-0.08173371,0.1345679,-0.90011716,2.0269573,-0.38007408,2.2413626,-0.34300715,0.22630627,0.63686264,-0.4341337,0.7101909,-0.45862404,-0.18584973,0.12500286,-0.69676423,-0.7851523,1.0704724,-0.10910779,-0.042998444,0.7641721,-0.3407569
-0.20309582,-2.0258205,-1.3592899,-1.4430215,-0.68225753,0.13993187,-2.045229,-1.996342,-1.398109,0.58840644,-1.0677587,-0.5937663,0.4097017,-0.66023755,0.40794477,-1.1530161,-1.01237,-2.5239534,-2.7346783,-0.8848375,-0.9002174,0.9472873,-0.8321922,-0.22956493,0.16918288,-0.14961237,-0.8316789,0.13072251,-0.23936372,-0.142393,2.018548,-0.17664857,0.6299724,-1.3110075,-0.06702318,0.34709895,0.5600884,0.19069445,1.0200946,-1.4470845,-0.7840307,0.13839093,0.3106099,1.364801,0.9131602,0.843986,-0.5689048,-0.43990368,-0.40937176,0.33846217,0.48117423,-1.1055194,-0.7799882,-0.18406424,-0.21787408,-0.2592864,-0.5331688,-0.5914462,0.37435377,0.83792883,-0.26128474,0.16788304,-0.6293925,0.041562986,0.5126163,-0.07857681,-0.19168174,-1.2753168,-0.8596576,-1.4283668,-0.1313075,0.0973579,-0.9723275,-0.020481661,0.1948788,-0.7487833,-0.42257637,-0.67807597,0.9252596,-0.1973432,-0.41883984,-0.17379694,0.55151176,1.0610626,0.19031566,-0.4615005,-0.11678025,-1.0246462,-0.05019945,1.2746775,-0.10983732,-0.8853897,0.34634084,1.4450698,1.2817204,-0.3789925,0.24224302,-0.24034391,0.73209125,0.09737898
0.8872642,-0.17852437,-0.36611283,-0.06342482,-0.5980036,-0.024886964,-0.27412564,-0.423465,-0.123772815,0.44423515,0.7588839,0.46144763,1.067314,1.8649107,0.02775476,0.20235243,0.4760795,-0.45550627,-0.47452,0.31921533,0.6178201,-0.076926075,0.45058346,0.34623384,-0.5954689,0.63546443,-0.5632523,0.5233598,0.26499075,-0.10583692,1.0938121,-0.37077993,-0.4818291,0.6000208,1.2106124,0.0016239326,1.273399,-0.7036921,0.23245257,0.1778761,0.54710186,-0.012766814,-0.4223182,0.11293724,0.8419627,0.44623643,0.7460576,1.5415038,0.58971405,0.5824256,0.15078714,-0.044063248,0.43767333,0.20864433,-0.9194416,-0.3126626,-0.592238,-0.5759064,1.1179345,0.8559036,0.6837235,0.8727456,-1.0122668,1.4702405,1.0331998,0.48664826,1.0557778,0.6182454,0.8271865,-0.4763613,0.08714429,0.7261226,-0.5028202,0.7666285,0.58534205,-0.66717213,0.383919,-0.14480545,0.75359994,0.6024722,0.60607624,1.2287592,0.88259,1.1010113,-0.23715486,0.5307261,0.54198617,-0.6961115,0.5771967,0.84652984,1.0426929,1.8146379,1.2796688,-0.019504998,0.14168803,0.32899114,1.2225648,2.0921893,0.8308077,0.22316971
-0.20671904,0.5848551,1.6409754,0.75383455,0.019019831,1.2656664,0.7583524,1.6390908,1.4584465,1.2572048,3.1918542,0.7543792,1.748646,1.8522762,2.4211955,1.2003373,0.13244118,2.2380464,1.3394846,2.248923,1.7373142,0.93911934,0.9198871,2.3769941,1.4056367,0.7024979,0.30924955,2.7829676,0.3880154,-0.07659928,0.090940095,0.95581675,0.4259836,2.3211625,1.9073311,2.9766922,1.7824508,1.7727091,1.4032642,1.9327115,2.5662303,0.62843627,0.5204926,1.3778872,0.20633456,1.4964299,2.3051887,3.251579,1.1198103,2.1504254,-0.02620327,1.0968589,0.179572,0.2701196,-0.16359131,-0.18978985,0.19217758,1.6883641,1.4546349,2.4332948,0.44014496,1.7943739,0.5995955,0.78952223,0.6185885,2.4075367,0.66953135,0.77254957,-0.04136431,0.7451464,1.4370718,1.1313316,1.0190419,0.43523514,0.37521613,0.7165935,1.3595698,1.0455972,1.2457097,0.61855215,1.4189115,1.9888198,1.5932876,0.50087553,1.1098431,1.2481886,0.82505196,1.3813149,2.544032,1.9189483,1.6723539,1.9712121,1.806162,0.19993965,0.6858672,0.9825677,1.5674385,0.89881456,0.39496022,1.6463012
-0.15314598,-0.09383024,0.02179417,-0.49549112,-0.39030102,-0.4057023,0.15252383,0.017194591,0.45526135,0.2658334,-0.75722325,0.6511984,3.1718836,0.8959557,0.66267496,0.0540436,0.89604455,0.09730423,0.006221236,0.257151,-0.94035643,0.69426143,0.39246175,-0.54193366,-0.02494969,-0.079589956,0.5284231,0.4606843,0.29844573,0.84354216,0.9546113,0.7717742,0.49026975,0.28632092,1.7407253,-0.14820549,0.67319167,0.40809843,1.2152997,0.0031103934,0.28885016,0.75072604,0.3846638,0.9355828,1.9949352,1.5313828,1.3322097,1.2719854,0.5721771,0.55663174,-0.37626964,0.4392855,-0.18742535,0.08003002,0.105508834,0.18146718,0.08123976,0.8801026,0.39672837,1.0282212,-1.0743009,1.4258697,-0.6793467,0.55937773,0.2391162,0.95530623,0.38548407,0.98896515,0.5209956,0.35374582,-0.2610768,-0.5193717,-0.2984199,-0.7423101,-0.9829114,-0.4629742,-0.60606056,-0.0903717,-0.34572378,0.55236655,-0.85724247,0.41491103,0.607635,-0.19065064,0.32607526,-0.2867424,-0.2967992,-0.6344074,0.8823045,-1.379748,-0.23970883,1.5829276,0.40897256,-0.31543085,-0.28398374,0.8604494,0.30045775,0.040571637,0.16977085,0.03689592
2.7381496,-0.23392306,-0.80282706,-0.7618478,-0.23074038,0.66102237,-1.1287186,-1.6992449,-0.54882675,-0.5801543,-0.2679623,0.5457791,0.20085736,-0.124431185,-0.8663862,-0.4862405,-1.1931984,-1.2934008,-0.83227587,0.029054739,-0.6038604,-0.4437805,-0.39126688,-1.541424,0.12666139,0.63192546,0.04923423,1.2595232,1.2134609,-0.4760323,-0.8432395,0.4201815,-0.21908043,-0.7095583,0.2834361,-0.66037345,0.31442422,1.2704967,-0.9170755,-1.1401883,-0.33700952,0.26970208,-1.0111895,2.5632598,1.0551251,0.7814943,0.31694666,0.83539194,1.6429781,0.7856931,1.0533497,-0.43142924,-0.6102846,1.113334,-0.29451653,0.38472083,-0.40795118,-0.8198304,0.5405317,-0.19007684,-1.1371548,1.1731936,-0.25728068,-0.55224854,0.6671222,0.10573529,1.6215813,-0.29966736,-0.6743305,-0.4064012,-1.141113,-0.8326324,0.60620683,-0.90782124,-0.5820029,0.093937226,0.12775815,0.4953887,-0.43095437,0.5342861,0.04165585,1.1140766,-0.8510607,0.6081525,0.5537423,-0.43243283,1.1887884,0.70593345,0.34202915,0.23662412,0.36434612,0.016837893,-0.71715385,0.39706695,-0.08642794,2.869459,1.2623837,1.5028497,2.0156107,0.7297791
1.8702372,-0.14786293,-0.082877606,0.55906206,0.58645254,1.1787496,0.69657046,0.032770056,1.2410146,-0.14990222,-0.00536382,0.26825008,0.050364736,-0.08736193,0.16341302,1.213197,-0.23903044,0.9278168,0.41626325,2.9940708,1.4573371,-1.429848,0.12944542,-0.04060076,-0.05631155,0.19296037,1.3122102,-0.12990561,0.40829724,0.25264284,0.5450197,0.6100148,0.052019343,1.1499977,1.7360536,1.1146582,-1.1573944,0.5649312,-0.29340044,0.3412996,0.9226403,-0.32905042,-2.0539687,1.321109,0.96558094,0.025781069,0.10147242,2.486413,1.7225764,2.3153343,0.33596554,-0.7606144,-0.16222705,0.86798614,0.25636598,-0.29541016,-0.4779499,-0.08311653,-0.3009613,0.6896468,-0.2016542,0.7381036,0.083185524,-0.49624893,-0.19836824,0.70134354,1.8464156,-0.24801989,0.43477568,0.90840065,1.4353551,0.41801316,0.71627456,0.4680769,-0.5001165,0.011523455,1.314074,0.034812335,-0.7456325,0.6057184,0.86048585,0.40102544,0.37549025,-0.684593,0.5752762,-0.5093366,0.7577913,1.8300555,2.895962,0.72717494,0.09210216,-1.1394871,-0.31233713,-0.07626283,-1.4760109,1.7230878,0.5867289,3.4444387,1.3398564,1.808746
1.3381289,0.8425038,1.4144928,1.2026877,1.1605256,1.3035762,1.7699896,1.9170378,1.1582121,0.34936246,-0.07751815,1.6907448,2.1108031,2.026803,1.5771824,2.2232275,0.56712246,2.5087583,2.0172994,2.460384,2.4727275,0.3922318,2.640517,0.88691103,-0.7458231,-0.19498529,0.29770714,-0.88530177,3.09693,-0.6721665,-1.3200834,0.30472898,1.0145797,0.9074746,1.2743967,0.41513437,-0.7982625,0.38726267,0.53717357,1.328002,0.9646607,-0.1564393,0.6765404,-2.1261191,0.2936835,-0.1816804,0.8443485,0.8708392,0.06063874,0.08282014,0.9475657,2.1299105,1.3288174,1.5904399,1.5800278,1.7358383,0.5194348,2.2339058,-0.5028691,1.7063923,1.4729047,1.8189243,0.9893985,0.9026149,0.41183183,2.0004666,0.59333384,0.749891,1.3995616,1.8672578,0.809243,0.49026674,0.31814796,0.23970383,1.0084021,1.9131762,0.45284048,0.89897704,-0.8165888,0.6927132,0.81996787,0.2009731,-0.4579959,-0.14028543,0.3896153,0.45006108,-0.09928529,0.76013476,1.0004056,0.52525115,0.8864316,0.26416016,0.65895844,0.28626582,-0.15640278,-1.4945737,0.6216298,-0.50656986,0.29979983,-0.11861565
0.93111795,1.382901,1.6646895,1.7750822,-0.022753648,0.4161923,1.1690888,1.5912719,0.8188785,0.3877497,0.60985965,-0.41258618,-0.21745542,1.0763922,1.0383028,1.3219506,0.384822,1.8222947,0.8338387,0.39752612,-0.056088958,-0.17800015,1.018452,0.0487592,-1.9221607,-1.1872808,-0.023757963,-0.7988983,0.18106776,2.2041965,-0.10995276,-0.24557143,1.3001276,0.569188,0.7679579,-0.49248144,-0.567679,1.0228657,0.43628448,0.3568657,1.4179841,0.058938205,1.4151489,-1.3381094,-0.4361179,1.0431684,1.315474,0.2169387,-0.66709256,-0.14661793,-0.7518635,1.5864,1.1894344,1.8947296,-0.007549588,0.36682695,0.49763384,1.109839,-1.3589886,-0.11277159,-0.896705,0.5270533,-0.4308556,-0.49152395,0.8163431,1.5820917,-0.91158587,-0.2598339,-0.6118753,0.5453054,0.4226605,0.72894233,1.1078465,-0.8821069,-0.24535127,-0.4712127,-1.7098492,-0.08918688,0.32773536,0.4436963,-0.23463425,0.16075492,-1.0135801,-0.39212686,-0.9061448,1.3594847,-1.4994648,-0.9564388,-0.53720033,0.18082498,0.7768514,-0.6326406,0.8165354,-0.7597062,1.2901437,-1.6967682,-0.16252826,-0.98390675,-1.7966452,-0.7552612
-0.27594182,1.7244451,0.9759504,1.9189574,1.5563247,0.04563556,1.5496988,1.4972285,0.84708816,0.4015061,-0.48352787,-1.0542346,1.4590317,1.5981218,1.3928933,1.2594007,0.63061523,1.0242085,1.1636914,0.18428048,1.4486309,1.343403,0.43725875,0.20189793,-0.584707,-0.58427525,-1.1669372,-0.35513765,0.71548045,1.8346467,-0.47757915,0.28034732,0.24092382,0.4529504,0.75858074,-1.4337083,-1.111677,-0.39144865,0.93539923,0.855478,1.1075133,-2.0203402,1.7460523,-1.5012524,-0.5639454,1.7387147,2.0557263,0.22317995,-1.8114808,-0.3642012,-0.56656754,1.9554524,1.9167672,2.6529396,1.5104911,-0.09276842,0.44980934,1.2275982,-0.22413523,1.1744509,-0.6914303,2.4354942,0.08396047,1.0301511,-1.0668921,1.3145845,0.109108515,1.3623013,0.36578673,0.9108427,0.5157505,-0.24627416,0.99089634,-0.08948688,0.35326713,-1.2350656,-1.1570994,0.3321,0.14732364,-0.26294765,-0.025849864,0.088753745,-0.77260983,-0.0077916146,-0.52018857,0.034553714,-1.6312569,-1.5966688,-1.2007691,-0.513393,-1.0590596,-1.1054244,-0.4899863,0.031115074,-0.1936374,-2.452715,-1.0898455,-0.8165584,-1.1258644,-0.9302702
-0.055013284,1.3255843,0.4993968,2.2541893,1.1150619,-0.006125161,1.3397719,0.59242463,0.27392793,0.82994443,1.0767871,0.62394416,0.56151885,0.40320447,0.059353016,1.4475597,0.61715347,-0.63454264,-0.64318997,-0.41235784,0.2646084,0.3998001,0.427638,0.05301118,0.71284574,1.7806095,1.0280455,0.3983711,2.0806823,1.7039293,3.152201,0.73384255,0.2636681,-0.5570228,-0.43344432,-1.7544658,0.110372834,0.6391769,0.8386065,0.03996941,-0.5479156,-0.021950161,-0.63858694,0.21321079,0.8399436,-0.1041576,-0.76496506,-0.030305797,-1.1655786,-1.5156009,0.25358957,1.6543207,2.644163,3.045252,0.3770815,0.5825547,1.0495257,0.38863,1.6974211,1.3768983,1.0812815,-0.01947159,-0.4775926,2.0763657,1.2734693,0.77005833,0.32441312,0.7086084,1.2344688,0.5953263,-0.29006112,0.60434806,1.0251248,0.7164017,0.69953525,0.9732396,0.5486071,1.4624112,-0.3337196,0.5207993,0.42260048,-0.42738572,-0.04865968,0.17119263,0.3326157,-0.68448144,-0.5444953,2.2616906,-0.76488674,0.5569739,0.2531452,-0.07358464,0.555892,0.11340948,1.8497559,-0.37044984,-1.0573664,-0.77021986,0.31659904,-1.0503303
-0.7869922,1.0057137,1.1097351,2.0110807,0.77050126,-1.1904923,0.36457133,0.61179984,0.49782914,0.07323215,-1.040875,-0.19948691,-0.88315564,-1.4129673,-1.65915,0.2968016,-0.70591563,-0.84990704,-1.4072628,0.32054785,-0.14647718,0.4506928,-0.74458194,1.0713638,0.7283346,1.1803154,0.81826633,0.307521,-0.01922212,-0.5371543,0.6395474,-0.18090563,0.90245485,-0.18793249,-0.22180094,0.36167374,-0.52517563,0.41152892,0.5089428,0.19978306,-0.38008705,0.70591766,0.4445512,-0.19282767,0.9514795,0.29197615,-1.6491678,-0.2728106,-1.0646589,-0.70128304,-1.0454012,0.05006345,0.40572613,1.914999,-0.37639067,-0.9509379,0.61645675,0.7379744,-0.13428834,-0.69045585,1.0270032,0.27806252,-0.6815811,-1.5889024,-1.6473829,-1.1400365,-0.29194754,-1.3526345,-0.9437672,-0.44963226,0.50992846,0.81162125,0.7362211,0.7548516,-0.020135839,-0.4374812,0.24684739,0.37265936,-0.72149783,0.31879824,0.8725273,0.7565521,0.09742721,-0.4956336,0.13649075,-1.2925941,0.040867705,0.52782357,-0.747088,0.72030026,0.35570437,0.8987154,1.154008,0.6404199,0.7316933,-0.8184125,0.75518095,0.5467671,-1.1460323,-0.9496661
-0.3432334,1.8764931,-0.22088256,1.666325,2.149326,0.22756046,1.3889886,1.957643,1.5616044,0.4348823,2.0981681,1.1203063,0.9595593,2.2170904,2.035822,1.7412883,1.4479955,1.2063091,1.8194909,0.027691683,1.4103506,-0.42270637,1.644792,0.9875676,0.67544526,0.29989055,1.0458158,-0.93557584,-1.1547085,-0.059967563,0.6631517,0.48465094,-0.8104099,0.20542793,0.20171821,-0.4724002,-1.0399871,-0.35846895,0.051244408,1.3632326,-1.035956,-0.16036554,0.25684574,0.3079365,1.3654988,-0.66935277,-1.2058718,0.2529011,-0.4725655,-1.6885781,0.1338253,1.9244094,2.4172683,1.778775,1.6223346,0.64863783,1.9021906,1.8344706,-0.011766484,1.149394,-0.030654047,1.2794654,0.88096863,1.3353033,1.4698107,1.7460319,-0.44194,1.9701339,2.203078,1.8320544,0.89589566,0.9832488,0.50447583,1.3681755,0.769623,0.49577236,0.58707565,0.8908407,1.830515,0.38649207,1.2397898,-1.4251606,1.8848112,1.5444769,-0.03478284,-0.16201347,-1.2231562,-0.4860822,-1.1442404,-0.5337582,0.5423206,-0.2238386,-0.12339333,1.4270296,0.70251894,-0.05061363,0.16920377,-0.58755493,-0.57704747,-1.2679008
-0.23709704,0.6471362,-0.6436841,0.6917071,1.9333975,0.41665533,0.7374056,0.0645232,0.52976817,0.6037763,-0.1126389,-0.2645499,-0.7367414,0.22740132,0.118281916,-0.03579953,-0.28900847,-1.0601892,-0.068622015,-0.10707921,0.9525512,-0.19038986,0.12688911,-0.10509156,-0.88616145,-0.06882872,0.091320425,0.8353202,-0.67803663,-0.65377426,-2.1320653,0.061773587,-0.043892976,-0.04625939,-0.70242035,-0.36611643,1.14859,-1.1817396,-0.99405575,-0.6716064,-0.36104533,0.028759023,-0.05650657,-0.6977905,-0.7917219,-0.349859,-1.1619471,-0.1799955,-0.90579635,-0.8586706,-0.39314845,0.5831711,0.908857,0.77535945,1.5826995,0.46471104,0.97908294,1.2429401,0.6866853,0.31254914,0.11581039,0.26880324,-1.1507896,0.14716358,-0.19847648,-0.013112864,-0.92772174,1.2573819,0.7330009,0.81385916,0.2509063,0.87649494,-1.0409577,0.008593959,0.12719177,0.6481935,0.19011992,-0.09365894,0.82451,-0.7336883,0.6843172,1.465711,1.198299,0.23651645,0.18197478,0.61603314,-0.17571023,-0.3127317,-0.65363127,-0.25937563,0.9460681,-0.28589973,-0.0027112388,-0.70513195,-0.5919224,-0.49052262,0.2419272,-0.06720499,-0.36605185,-0.5482307
-1.7087312,-0.8842097,-0.26739335,-1.1686908,-1.5668925,0.2082597,-0.89914095,-0.8104036,-0.4200854,0.92034644,-0.5802403,-0.29769075,-1.1247853,-0.65108407,-0.49716976,-0.75677013,1.6436796,-0.58469117,-0.06946047,-0.57593334,-0.9611301,0.14088677,-0.55048805,0.2936519,-0.29749554,0.9278585,0.68092793,-0.97938484,-0.23458984,-2.7545283,-0.17098464,-0.80608046,-0.2590991,1.2968526,-0.7087971,0.43640608,-0.77601826,-0.7856724,-1.6878419,-0.37239233,0.15432076,0.6664827,0.11852773,-1.7939235,-0.18597415,-0.52748483,-0.5041628,-1.4730914,-1.6269368,-0.7054159,-0.53295434,-2.0689113,-1.3919289,-2.6256666,-0.34160754,-1.0308623,-1.6940755,-0.8992515,-0.39941588,-0.768252,-0.52180374,-0.511698,-1.1058836,-1.1168073,-0.72840166,-1.2808179,-0.8777146,-1.5919781,0.28028288,-0.9105009,-0.81299776,0.27001998,-1.7094656,-0.113420986,-0.6449785,-0.07394667,-0.6967896,0.25607398,0.58891225,-0.10191252,0.9417353,0.8871817,0.82043177,0.03452521,1.1931721,0.6538316,0.70657814,1.0393269,-0.42123616,0.31353855,-0.31967145,-0.1579577,0.16002797,-0.32088196,0.90854776,-0.023689676,0.8094144,-0.49324504,-2.295509,-0.2263399
-0.29521084,-1.2606636,-0.026664913,-1.932522,-1.0870142,-0.15294458,-1.3988304,-1.6853461,-1.0582434,-0.88804466,-0.31551108,0.49990025,-0.35796925,-1.6346371,-0.34128898,-1.3331244,-1.9075903,-1.2625303,-0.11937203,-1.5001473,-1.2379607,1.0652871,-0.90709984,-1.2433133,-0.28631386,-0.28349143,-0.4439997,-0.2920022,-0.85049206,-0.69181544,0.17093317,-0.18689708,-0.6455636,-0.14341718,-0.42772558,-0.31486487,-0.05689329,-0.56799024,0.4120093,-0.67928946,-0.40427366,1.9856967,0.86069465,-0.44738197,-0.14702272,0.5063732,-0.007223818,-1.1457312,-1.1125736,0.047582347,0.091834076,-0.7148368,-0.69578236,-1.9832318,-1.3029674,-0.688204,-0.21516474,-1.0015622,-0.3901856,-0.20971027,-0.9881031,-0.23134536,-0.7731157,-0.9590408,-0.95284295,-0.614173,0.10479205,0.44166675,-0.32708392,-0.7498144,-0.7828494,-0.31951553,0.19073814,-0.66242385,0.32123354,-0.9603132,-2.0966718,-0.032062173,1.8892351,0.28783602,-0.6996096,-0.4669917,0.9111547,0.3363069,-0.9003823,-0.6028399,-1.1547754,-0.77407736,-1.2254162,-2.2201076,-0.026052162,-0.21009287,0.027945774,-0.56488085,-0.7044922,0.43228686,0.34634104,-0.10639034,-0.88054156,-0.13742602
-0.96569484,-1.1791044,-0.92073816,-1.3566023,-2.4336674,-0.91570365,-1.0376323,-1.7740524,-1.1940607,-1.0437365,-0.21320963,-1.363012,-0.85075706,-0.71047133,-1.9801306,-1.3243476,-0.9620151,-0.64703345,-0.59880614,-1.5053947,-2.1549234,0.91642874,-1.2440867,-0.4319144,-0.8216253,-0.77398974,-0.54748213,0.018935397,0.2444584,-0.14825054,-0.35193765,0.02504336,0.45346588,0.7452482,1.2318306,1.0482453,0.795656,1.3753098,1.5328356,-0.4194341,1.0169792,0.459022,1.0727203,1.8901533,-1.2943995,0.8493611,1.5591317,0.35471693,-0.4568438,0.6180928,-1.1928562,-1.7161813,-2.3636158,-2.847164,-1.4890548,-2.0346882,-1.709055,-2.4754663,-0.7749759,0.20988815,-0.71707135,0.06905432,-0.51645184,-0.024180023,-1.6442541,-1.2737786,-0.7425752,0.17652357,-0.9824169,-0.83667564,-0.8115926,-1.0386614,-0.744877,-0.06585408,-0.71227854,0.34630182,-0.76117545,0.030800952,1.9701384,-0.22609997,-1.3436812,0.45573598,0.4167363,0.21639164,-0.43954253,0.17254017,0.83698946,0.12615293,-0.4355491,0.13841493,0.57437885,0.44378248,0.98225385,-0.25017416,1.3845491,0.97041845,0.58032674,-0.107013345,-0.83427775,1.9843372
-1.3804189,-1.2691733,-0.3991549,-1.353881,-1.6109829,1.4151218,-1.124156,-1.3296121,-1.3864872,-1.8558415,0.37469783,-0.5198206,-0.87247336,-0.7441191,-1.7305244,-0.34283867,-0.31201258,-0.36551067,1.2788335,-1.1361257,-1.5715942,-0.479211,-0.84536415,-1.0233073,-1.1574984,-0.9016898,-1.9648297,0.79661804,-0.37563342,0.8310688,-0.56252277,-0.6287403,0.03877979,0.7624896,0.030032378,0.642682,1.7708005,1.1940888,1.6536678,-0.97782266,1.7765807,0.6004665,1.810758,2.0962062,0.49256483,1.0641006,0.84037113,-1.0365288,1.6863871,1.5630416,-0.13465828,-1.3414669,-2.3486128,-1.7414725,0.09688706,-0.489621,-1.753247,-1.4424425,-0.7575263,-0.22148293,-1.0911248,-0.44750413,0.20041558,-1.0319929,-1.0465313,-1.061889,0.31057987,-0.26008955,-1.3303226,-0.9882872,-0.3928871,-0.0022914798,-1.4061786,-1.0304626,-0.8596759,-0.8655785,-1.0108143,-1.4193008,0.847913,0.2809073,-1.4786342,1.3021218,-0.44105744,-0.1715136,-0.7227319,1.3071233,1.9526908,1.3790948,0.04375259,0.8502298,0.7491382,0.26375493,0.69450355,0.17203066,0.06189553,1.3738372,1.6471046,1.0604717,1.5901793,2.63839
0.39512277,-0.9075246,-1.6597027,-1.3336021,-2.0205972,-1.6449442,-1.2758323,-1.1265521,-1.4147071,-0.096607715,0.15203361,-0.64135015,-1.1422131,-0.28537393,-1.7146344,-0.7172288,-0.4093325,-0.28803632,0.85237104,-0.5951702,-0.79320776,0.3602589,-0.5184206,-0.86960685,-0.17035198,-0.10891215,0.6952402,-0.19875856,0.25109136,-1.3711561,-0.33261493,-0.6469183,-1.1071043,0.5442795,2.341337,0.37080538,-0.30997282,0.96417946,-0.34547314,0.09104738,0.28924114,-0.33207077,-1.3675964,0.75854164,2.2077725,0.7535246,0.25058338,-0.67043656,0.07123024,1.3082048,-0.87125415,-2.0738056,-0.82472444,-2.1108673,-2.901702,-0.84617335,-0.21642137,-2.2832246,-2.0390499,0.060758565,0.17839213,-1.7105056,0.34957883,-0.60966086,-0.40895224,-1.7107277,0.04209445,-0.20798056,0.6953554,0.12067954,-0.63148046,-0.6730222,-0.2064317,0.6449184,-0.051650386,-0.09000995,-1.3794541,-0.46303603,-0.287413,0.468184,-0.36220938,0.48742676,2.5563626,0.22009884,1.3544426,0.4896499,0.26812077,0.05387875,0.20461312,-0.01183982,0.20153864,0.8195471,0.40778333,-0.38745302,-1.8682246,1.7643529,0.13323896,1.2757317,-0.02168889,1.0347692
-0.6423618,-0.15867622,-0.095544964,-0.6171941,-1.4945403,-0.81611484,0.12557764,0.5603888,0.58928514,0.19726093,-1.0057176,-0.6891085,-0.34762037,0.46780807,0.305317,-0.16220333,0.30889368,1.0015125,1.0993667,-0.2799895,-0.68987167,0.2129239,-0.7167564,0.24890314,-0.8309462,-1.105842,-0.19307476,0.084123835,0.07086384,1.5584673,-2.2136137,-0.18060486,0.45977616,0.8632001,0.5458642,1.1699437,0.26764792,-0.4806654,0.62487674,0.1387051,0.73636883,-0.71605176,0.22402713,-0.8395826,-0.88546056,1.1372778,-0.47462195,0.44250688,-0.34776232,0.41296986,0.557118,-0.43687138,-0.07426464,-1.262167,-1.2934825,-0.5661108,0.13321404,0.023808395,0.59842116,-1.5957752,-0.8115188,-1.0684625,0.15444952,-0.5180125,0.23073442,0.23829158,-0.30285656,0.14620027,-0.550479,0.4680528,0.5210768,-0.005036462,-1.1773173,0.5276373,-0.1638059,-0.6012178,-0.6819774,-0.74957955,0.4002482,0.012715992,-0.5158393,0.6677195,1.7432432,0.5919929,0.40192458,0.89234,-1.1325799,0.90999675,0.5440781,0.8506275,0.6642208,1.1092421,2.2480297,0.99445045,0.6977557,-0.5481223,0.676461,0.32159168,-0.50219935,0.37393215
-0.6950969,-1.3432531,-1.9041343,-0.6797347,-0.01496582,0.1552038,-1.4404211,-1.2733055,-1.1158375,-0.87635994,-0.65366745,-2.229548,-1.6256691,-0.400586,-0.029965727,-1.3069891,-2.212336,-0.8356687,0.39503616,-1.0871338,-1.9159874,-0.007625718,-2.9894638,-1.5043015,-1.5050286,-1.3566138,-1.5710068,-0.06466226,-0.32067078,-0.6608221,-1.1076422,-0.361961,0.74447906,-0.44154054,-0.2104648,0.22575752,-2.0386412,-0.3346064,1.0585898,-1.0612559,0.6995641,-0.0743645,0.25240415,-0.15984319,-0.7395974,1.0122613,1.1215912,0.11978017,-0.9913826,0.5237757,-0.8468584,-2.116232,-1.9309279,-1.408561,-0.6575649,-0.42829925,-1.4895201,-1.627356,-1.3663265,-1.9947128,-2.2522385,-1.1376932,-1.3187152,-0.78051573,-0.23422103,-1.0836548,-1.5879135,-1.5801686,-1.8525493,-1.5791472,-2.2345915,-1.2986684,-1.8042036,-1.5061924,-1.5270435,-2.567577,-1.0851803,-1.0416695,0.3088051,-0.63379896,-1.5742017,-0.3948689,-0.38031715,-1.429367,-1.5815351,-0.82531774,-0.3173918,-0.18985426,-1.1473472,-0.6711081,-0.62324756,-0.7279584,-1.2959949,0.088977665,-1.2589444,0.51643664,-0.65218186,-1.2894337,-1.0621896,-0.024547646
-1.1993791,-0.27392292,-0.9798257,-0.007176757,-0.5441049,-0.7974922,0.78612936,-0.51444775,-0.4957642,-0.43111843,-0.63626355,-1.4723345,-0.8032658,-0.055062387,0.1919585,-0.64055496,-1.1215672,-0.06406999,0.123611085,-0.124633655,-0.62355906,-1.4717375,-0.4191653,-0.5206422,-0.63820064,-0.20751941,-0.5773719,-0.66952366,-0.6676964,0.10724574,-1.4701374,-1.0847036,-0.6947936,0.0070980177,-0.077233136,0.044777904,-1.0579817,-0.61009485,-0.98215234,-0.18453372,0.98899174,-0.039842714,-0.290699,-0.428685,-0.98615515,0.25404802,-0.31892276,1.0612916,0.669322,0.7842418,-0.36558446,-1.1656657,-0.107362606,-1.0882641,-1.4330797,-0.5652388,-0.5964024,-1.221071,-1.2965003,-0.4508508,-1.2108248,-0.36151597,0.30400032,-1.6887054,0.0040420927,-0.23832938,0.19071555,-0.20893268,-0.18844485,-0.3047453,-0.38811237,-0.96904707,1.0653183,-0.56339216,-0.52931434,-1.9843332,-0.6506231,-0.29990122,0.3588046,-0.02762107,-1.2543241,0.009598707,-0.8107712,-0.6598318,-0.43987322,0.041513484,-0.1411558,0.13679972,-0.49565318,-0.649241,0.30459133,-0.599609,-1.0570846,-1.6729486,-2.6613927,0.7319054,0.99507874,0.8694989,-0.58893204,0.17836992
-0.64486045,1.4426656,1.5184346,1.3119023,0.4067403,1.4206908,2.0176346,1.3240393,1.1354603,1.0808717,0.30279025,0.03078301,0.7041277,1.3191913,1.8525211,0.90537065,1.006603,1.5296142,1.8720286,1.2838784,1.5651214,-1.3254791,1.0952988,0.24789701,-1.3358958,-1.8086916,0.0025499137,0.5327101,0.63608104,0.98497283,-2.2525678,-0.49286896,1.2911114,1.084262,-1.1680229,1.3200738,0.5969412,0.21755862,0.1415783,1.1703497,1.8879914,-0.6450805,-1.039003,0.061913453,0.82068634,0.8196047,0.88813925,1.1221488,1.2015915,1.3175212,-1.239665,-0.4586556,-0.28533152,-0.4675634,-0.76792437,-0.25234786,-0.64026487,0.45725277,-0.8285371,-1.1031878,0.15815543,1.268088,0.8953284,0.03409696,0.9472513,0.9605027,-1.0364361,0.45756486,-0.6004131,0.29323632,0.4653385,-0.5482976,0.95565236,-0.123740375,-0.51965684,-0.72952574,-0.7434406,0.47014788,1.7343068,0.083131604,-0.58718616,0.73448646,0.98616576,-1.5074695,1.5193586,0.28427228,0.13385786,1.6338423,1.1332358,-0.036737274,0.44574213,0.091192506,0.5023,-1.3690146,-2.2232482,0.12304393,0.9802964,0.9564688,-1.4066947,0.7203655
0.89551574,0.4784317,0.08924295,0.38504547,-0.72513175,-1.3256401,0.5940286,-0.2938893,-0.19816634,0.43053392,-2.0299964,-1.2898718,-1.7630525,-1.1489469,-0.059955373,-0.024767298,0.8536019,0.12139205,-0.8475161,0.11973041,0.47980833,-0.4211554,-0.611333,-0.1498347,-0.311542,0.53428733,0.29909775,-1.2612942,-0.16885476,1.0362676,-0.36504826,-0.3132509,-0.41463333,0.228801,-0.3515644,-1.0268899,-1.1344905,0.112183064,-0.34697393,0.0317169,-0.344224,-1.4052771,-0.04828171,-1.0517187,-0.21650912,-0.12621142,-0.93577385,-0.59995943,-1.0640761,-0.3997675,-0.07118242,0.6757857,0.7970884,-0.6408025,-1.1584618,-0.4746647,0.5139126,-0.5450336,-0.30295774,-1.0880831,0.38484448,-0.19997254,-1.5737313,-0.69012606,-0.14252414,-0.25757763,0.081675775,0.36362368,-0.009837347,0.132654,-0.44216597,-0.009614713,0.94687474,1.0394157,-0.3631104,-0.3546331,-0.76911783,-0.1335694,0.7098045,0.6892788,-0.1045495,-0.98047495,0.09240081,1.0935016,0.05655364,-0.6444444,-0.84465843,-0.8111443,-0.91496485,-0.26495618,-0.08754939,-0.4089492,0.44116586,-0.75478125,-0.097341806,-0.8474218,-0.85895306,0.6219531,-0.29691955,-1.44988
0.033684522,-0.55052096,-0.14407967,-1.2233651,-1.5318977,-0.037703007,0.13669832,0.0045403116,1.0707703,-1.4332653,-0.9282663,1.4986107,0.770236,0.45487356,0.9036851,-0.17421561,0.6647976,0.28907764,1.0290052,0.07672969,0.95783436,1.7495574,1.100587,0.5635109,-0.21406224,-1.8055778,-0.3609959,-2.0133193,0.70805913,-0.038218945,-1.1461396,-0.0023662494,-1.1288673,1.0309805,1.217441,-1.0009089,-0.558576,1.1158706,0.123864666,0.42051104,-0.04469746,-0.76683897,-0.106275156,-0.28134653,0.34740373,-0.0926891,-0.09159461,-1.3211138,-0.45477098,-0.42382312,0.074312076,0.14465396,0.4562191,-1.5187104,-0.9060551,0.07848869,-0.22706363,0.3532451,-0.6984511,0.6492131,0.46763584,0.37793934,-0.2452053,1.085394,0.5990941,-0.09387378,0.76689285,2.521489,0.21079783,-0.20006332,1.2707335,-0.335527,0.040861327,0.64266706,0.8485586,-0.5623182,-0.15284964,-0.62253034,0.5914266,0.12542276,0.51090735,-0.37702182,0.31434986,0.06416861,0.03644001,0.46952847,-0.74070513,-0.08276749,0.4118866,-0.22283173,1.1076808,0.11029809,0.26877025,-0.06945733,0.13542998,0.5848536,0.5995718,-0.85356295,-0.3926672,-0.26459563
-0.0026926745,0.106174104,2.0355973,0.0731093,-0.39520508,0.66257054,0.7420588,0.97207695,2.5216472,1.2122732,0.11349448,0.90981495,1.1331836,1.0924531,1.8934008,0.49942166,-0.59159213,1.4370993,1.5956943,0.6910132,-0.2307851,0.24495143,1.1986036,0.93839073,0.08495937,0.34955633,0.45084512,0.058296338,-0.059917737,-0.36579636,-1.1733848,-0.5919522,-0.2778831,0.9895419,0.13511996,-1.0315459,-0.13026033,-0.9521986,-0.86135495,0.2729192,-0.39444998,-0.68089217,-0.1632117,0.57405293,0.809214,-0.4828025,-0.3309388,0.250167,-0.2576885,-0.62098795,0.7788586,1.1291147,0.7798945,-0.1939955,0.4309795,1.7967569,0.5952303,2.2733557,0.51044166,0.32738256,-0.3814665,1.1494862,0.88927346,0.04492757,0.3971027,1.3851258,1.257523,0.20420918,1.0020525,1.511012,0.9643571,0.8075101,0.9548876,0.8711888,0.3378049,0.1898733,0.5225264,0.11083187,-0.108988315,0.44779104,1.6028445,0.06559103,-0.7648361,-0.085801,0.078603975,1.119757,0.05359675,-0.36482793,0.86946464,-0.49988666,0.9313951,-1.0434791,0.23959321,0.05872089,-0.7317701,0.1870759,0.22204852,0.91040534,0.6462966,-0.2502148
0.053161528,2.0587692,1.9755586,1.3660798,1.4295585,0.8862296,2.586011,2.4835415,3.222508,1.6299512,0.04180939,1.0190315,-0.17406829,0.5262248,1.1145626,1.1071701,1.3967862,1.2206601,0.16987519,1.3525859,1.072148,0.19435187,-0.33752882,2.0835779,0.7210262,0.43019968,1.0479555,-0.4336381,0.92704314,0.14499801,0.22321439,0.52791667,0.22178863,1.3651054,1.2204573,0.9122302,0.54544646,-0.51376444,-0.007752669,1.4618284,1.0973876,-0.5479626,-0.44589546,-0.870614,0.30581257,-1.2816609,-0.56420535,0.53016156,0.51937944,-0.50646096,1.0933046,1.4573865,1.0117737,0.50293416,1.7268101,1.0898197,1.1269202,2.3751626,2.0473566,0.0267519,1.032539,-0.45910084,-0.00979519,0.60357165,0.84964114,1.1294615,0.816965,-0.3341629,0.3439721,0.55463135,1.0722024,0.31191733,-0.21253245,2.062184,0.18517162,-0.15129255,1.8057276,0.7860333,0.9895304,0.81131846,-0.010422937,-0.001074549,-0.6299275,0.13731563,0.27841514,-0.053908553,-0.16530143,1.1659557,0.5402494,0.82956284,0.114390455,1.1486157,0.5157549,-0.62105846,-1.9641411,-0.37469494,0.059052534,1.1365231,-0.14259633,-0.039014537
-1.2654572,0.53489274,1.0428176,0.36954743,-0.101528525,0.23317266,1.161463,1.1779144,1.5263183,1.052212,-0.06734263,0.52425855,0.5256344,0.40583876,1.7324059,0.49168435,-0.10259015,0.38099185,-0.605827,1.111073,0.58332455,-1.1208441,1.1092683,0.13213621,0.45610395,-1.0887607,0.6302327,0.7528508,0.27171534,0.054072324,1.1981813,0.11582113,1.068969,0.48351628,-0.29096615,0.9679908,0.31442115,-0.5464047,-1.4144404,0.98768604,0.63920313,0.025299663,-2.3352973,3.3746,1.4936101,-0.2877769,-2.094068,0.5997583,1.8257784,1.2569897,0.4258221,0.4231647,0.48015106,-0.25487137,-0.5284413,-0.3001577,-1.0268143,1.141298,2.1663327,0.81514966,0.8843675,2.3100233,0.9619365,0.04070907,-0.15952808,1.431562,0.6594638,1.0976858,-0.3093301,-0.3588757,0.90662706,-0.22845216,-0.0008419862,1.1368792,-0.13602266,0.88659954,0.555214,-0.20180464,1.0383607,1.0066911,0.3457707,1.524558,1.0825697,0.64419204,1.136957,-1.1339412,1.7847606,1.708269,0.49280614,-0.06941111,1.036239,1.4282488,0.7920131,0.6631011,-0.5088315,2.7742043,0.5034174,1.5911924,0.51503056,0.7811693
0.13600636,0.5982382,1.4712923,0.72377014,0.6729056,0.092506185,1.3545656,1.5466487,2.0325556,0.17399251,-0.8167145,-0.20298778,0.42124778,1.7758173,0.62227786,0.87564886,0.9810397,1.293912,0.2555543,1.1976141,0.679684,-1.2273316,1.7742261,-0.4276469,-0.89754057,-1.467699,-1.1746547,-1.3960171,0.18758628,-0.050683413,0.097601205,-0.24670461,-0.33157805,0.10886749,-1.545483,0.9535189,-0.5649016,-1.1265798,-2.4643562,0.94610935,-0.04306926,-1.2408563,-2.7605507,-0.42892027,0.6695878,-2.2178552,-1.8478259,1.4732282,1.8408698,0.3295065,1.0203054,0.5729425,-0.541643,-0.0454377,0.7162453,1.4695735,-0.059996545,1.5733165,-0.19396578,-1.0822096,-0.44634804,0.42054898,0.86649114,0.8566689,-0.5148128,0.4944795,0.4290088,-0.065082476,-0.9116092,-0.1326868,0.56282574,-1.1754955,0.5398155,-0.1019763,-1.0437535,-1.0570587,0.65686756,-1.9703689,-1.068994,0.31642148,-0.31021518,0.97109556,-2.1490283,-1.3558344,-0.064745165,-1.0543678,0.25326955,-0.96665365,1.1130582,-1.0608764,-0.69592696,-1.0783806,-1.4907584,-0.4178107,-0.8915212,-0.12036876,-0.34774435,1.1592166,0.096851,0.9150432
-0.09159545,1.2980579,0.8065728,1.5625067,1.3367918,-0.85475,1.3437704,1.375825,0.47675806,0.12553568,0.8841952,-1.4183276,-0.22930421,0.5555753,1.1522777,0.25998083,-0.0028595347,1.2389194,0.08372601,1.0883441,-0.08907747,-3.4332979,-1.0121938,-0.6144383,-0.7355385,-1.1094759,-1.9152251,-2.08075,-1.086599,-1.9106979,-2.1089618,-1.0242677,-1.4864702,0.24239963,0.07557827,-0.10131736,-1.6062262,-1.3886864,-2.1978297,0.2390996,0.21431175,-1.8565476,-2.1691198,-2.3003037,-0.44506052,-2.2424984,-1.1127892,0.34073,1.0303838,-0.05798715,-0.35673216,-0.024509083,-0.51872754,1.1046757,0.533825,-0.87907976,-0.49878803,0.8552519,-0.83014774,-0.46261397,-1.8774886,0.0069707865,-1.1545362,-1.1736503,-0.6783696,0.35340613,-2.1399627,-1.556991,0.34921908,0.30859786,-0.14531577,-1.3449056,-0.004782577,-0.5780666,-0.6172004,-2.36227,-0.7547181,-0.55912983,-1.9035664,-0.051779076,-1.0798357,0.21086173,-1.6456681,-2.0106359,-1.2562426,-1.4506065,-1.1264727,-0.7728426,0.025674297,-2.4351234,-2.5797417,-0.59935963,-2.150352,-1.9006392,-3.0866942,-1.5786688,-2.5430033,-0.68937325,-1.4455268,-0.8071165
2.2564297,0.8438332,1.3325748,1.1271468,1.426606,1.9855896,1.9907835,1.9148943,0.72973573,0.086164325,3.0473037,2.3722491,0.43888468,1.8230096,2.488224,1.7754608,1.0261456,2.6445832,2.64328,1.6110016,0.80967116,-1.5665556,0.7196228,-0.40778977,-0.2801767,-0.35895798,0.30016583,1.5689784,1.527384,0.41679838,0.53800243,0.12044149,-1.7713706,2.1910741,0.47321603,2.041833,1.187186,-0.072257966,-0.30981472,0.19614331,1.6102548,-0.6545192,-0.19721824,1.8451124,0.11402617,1.0140061,0.38716686,1.7682436,3.2384272,1.7698392,1.2879066,1.242288,0.6560241,0.87664545,1.4246339,1.0797782,0.60414124,2.1597886,1.273447,2.0239453,-0.19321212,0.5116225,0.10075398,2.499048,1.841134,2.8125358,-0.039490335,1.261311,0.24427305,1.5707493,1.0324159,-0.535206,0.03233789,-0.9791026,0.852649,1.0568321,1.103871,1.2376697,0.3795733,0.14857279,-0.56491387,1.4028482,0.5953041,-0.9078382,0.8664839,0.23503672,1.5234959,1.8635967,2.171497,-0.9146651,-0.18084271,-0.68104315,0.08264596,-0.00020315623,-0.34849602,1.8751057,1.0811751,2.0487337,2.6797245,1.7988423
-0.018891748,-0.39667434,-0.5733871,-0.4801555,0.14280726,0.24643852,-1.1150243,-0.049710583,0.030482652,-0.22281802,0.9115648,1.0541157,0.70961344,0.338312,1.6267498,0.20222212,1.180188,0.7113668,-0.39834943,0.8413339,2.2811668,0.75350446,0.5704247,1.524931,0.48609614,1.0535443,0.80752116,3.6536145,2.341742,0.1423199,0.36711183,0.3968379,-1.60134,0.81958944,-1.1878629,1.8043023,1.5682935,0.24774878,-0.45142058,0.16144755,0.06966667,0.3539596,-1.3012723,0.8667175,-0.26611236,0.41087714,-0.3198176,0.10315117,0.6181871,1.5057598,0.07278002,0.30375502,-0.4546307,-0.18209904,-0.386422,-0.44435024,-0.254641,-0.11818757,-0.86992973,0.9275949,2.0355194,1.4289919,1.8383721,0.28344542,-0.0239906,1.257633,0.53065956,0.47708687,0.8898902,0.3372132,0.794419,1.5495346,1.0335466,-0.23742609,1.7410647,1.5583661,1.579215,0.4143518,0.3927296,-0.3822097,0.03807446,0.40759933,-1.3424977,0.16589025,0.4841905,0.54091424,2.8494327,2.8044882,1.5702548,1.2117345,-0.535399,0.8733527,-0.49564594,0.5052895,1.0932293,1.1662145,0.04489153,0.7127064,0.81293,1.6344556
0.58173025,-0.61193967,-0.5234942,-0.90822315,-1.9794235,-3.3430183,-1.1006497,-1.1511035,-2.4223733,0.01575322,-0.85083866,-0.5112096,-0.30215862,-0.018242951,0.25067768,-0.3235364,0.7512853,-1.3601832,-2.3463817,-0.36829582,0.24562177,-1.3362665,0.4221648,0.13289131,0.18055755,0.54995334,1.7461293,-1.2398285,0.7229261,-0.3369556,0.8700512,-0.38890094,-0.46011835,-1.3517245,-0.19361159,-1.7571431,-0.8133569,-0.29599717,-1.0525186,-0.4351624,-2.5603871,-1.9646503,-1.4266514,-0.93301773,-0.10236875,-1.1386324,-2.0121317,-0.32583135,-2.5316076,-2.1485562,-0.111858174,0.32200938,1.5241579,-0.6246184,-1.558022,-1.6716231,1.802543,-0.32893094,-0.31017414,-1.4760568,1.8479178,-0.6938819,-0.71703523,0.49977666,0.5034765,-0.32755166,0.7215121,-0.13702206,1.1192644,0.81257105,0.6254918,1.1724273,0.91129774,1.7299851,0.7902166,0.33894497,-0.12118162,0.86414754,-0.43725902,-0.09362622,0.955788,-1.4694815,0.16952626,0.6472991,0.9562264,-0.3672822,-1.4737432,-1.0743965,-0.60803384,-0.07368439,-0.8219605,-0.759685,0.1065018,-0.047607668,-0.2640472,-0.36369446,-1.3236878,0.10347429,-1.2735606,-1.7528358
0.11880946,-0.94411695,-0.13920838,-0.9880896,-0.79421705,-0.79827225,-1.7949524,-1.1575884,-1.5355033,-1.5753385,-1.4887819,-0.84124523,-0.9157833,-0.82906795,-0.5824686,-0.1531628,-0.9435516,-1.2912678,-0.55306065,-0.26013708,-1.02579,-1.0692705,-0.34534043,0.06748329,0.71764296,0.21842246,0.10377004,-0.8070051,-0.71580946,-2.3424978,-0.41906315,-0.5955166,-1.1047527,-1.4634829,-0.751076,-1.726245,-1.6090556,-1.1784358,-2.117514,-1.2792373,-1.9799023,-0.2571737,-1.0648365,-2.1351595,-0.7000266,-2.1103604,-1.5473994,-1.1615038,-0.94701517,-1.7954503,-0.09990072,-0.73920184,0.5672556,-1.1838408,-0.6468062,-1.2182986,0.7604674,-0.48562008,-0.6464444,-0.820934,0.20317541,-0.8382429,-1.0519184,-0.63476276,-0.05383916,-0.5684365,0.18157974,-1.3318098,1.1888021,0.041145287,0.27167213,1.2350191,-0.051827632,0.17424929,0.8563385,-0.43889657,-0.42485303,0.41733962,-1.3866594,-0.31780392,1.2770288,-0.7164757,0.42745006,1.6330308,0.43226087,-0.22661668,-0.92998993,-1.0228688,-0.6029967,0.6588997,0.33102313,-0.36939093,-1.2938738,1.6669229,-0.7259075,-1.644537,0.29627264,0.7126696,-1.0258251,-1.0885493
-0.40057224,0.43684575,0.46879965,0.32570153,0.88039625,-0.5023104,0.39561084,0.41212887,-1.0359635,-0.112522185,0.85894704,0.39531457,0.74824977,0.56672704,0.4637277,0.25834712,0.60663754,0.09286564,-0.10214994,-0.40330505,1.2135285,0.83536524,-0.03154146,0.3010289,1.5238543,1.1960169,0.5796743,1.392103,-0.2546585,-0.046399545,0.6876461,-0.5649943,-0.71543705,0.20099322,0.60226,-0.31278324,0.5866391,-1.235,-0.66480553,0.21949092,-0.3194242,0.1757932,0.9168285,0.09985908,0.39776006,0.013865797,-1.0075643,0.024367925,-0.95857066,-0.49565086,-0.26250157,-0.49936873,0.2699769,-0.08122224,-0.5331664,-0.08346015,0.73636854,-1.221715,0.37594065,0.27957833,0.1552492,0.26799673,0.67370135,0.28007507,-1.422652,0.22037041,-0.2430629,0.26609275,1.049916,1.4064245,0.36494038,0.46575776,1.3624848,0.013412889,0.5712749,0.8866446,1.1787132,1.3560638,0.51667506,-0.09063112,0.6182218,-0.17375639,2.1609228,1.1744218,1.0917361,0.6782526,0.21386099,0.8755664,-0.3701796,0.518379,0.88193786,-0.3889392,-0.93275064,0.2470117,0.7081061,0.47965133,1.4293526,0.39209586,-0.36060432,0.10386491
0.33071285,1.366331,0.754018,1.0375462,0.6823865,0.68946564,1.4235263,1.1839601,0.9729482,-0.55720294,-0.5564374,1.7428967,1.7149173,1.9106225,1.0031499,2.0406609,2.1341298,1.9623597,1.5372912,0.5885557,1.1357857,2.0544698,2.0038683,1.3257513,-0.094777055,0.2488407,1.2456582,1.2177807,-0.2033119,2.1869676,0.57882667,0.7875917,2.0248086,1.7429951,2.4337583,-0.74769545,-0.6814507,-0.14375395,0.39226544,2.6573334,0.88735324,-1.5047153,0.87482864,-1.5460825,-1.5384667,0.7085554,1.2442677,1.3321263,0.3726912,0.40822226,-0.2846859,0.32391372,0.5972711,0.46722466,0.41230235,-0.21087067,0.91822344,0.20809956,0.41945457,0.18375753,-0.16492896,2.087934,1.928962,1.4101712,1.1068027,1.9128368,0.33723986,1.972828,1.0887862,1.2597464,0.96008056,0.81692076,1.3587878,0.28195715,0.94772476,0.15066126,0.6827998,1.2410457,0.6511111,0.15055881,1.7661059,0.2329015,0.03986782,0.77147645,0.38792512,1.0656434,-1.3930258,-0.37518325,0.42702326,-0.34072167,0.7536626,2.0260894,0.47796822,0.24765134,1.4752655,-1.0175091,1.1538681,0.9046145,-0.96498394,-0.6378912
0.14237128,2.0273697,0.25681505,1.6174127,-0.014728842,0.254745,0.98118263,0.16783065,0.19440746,-1.0511564,0.6012066,-0.024841603,2.2988648,1.6840497,1.4063809,0.43505007,1.5661383,0.27519566,-0.8025874,0.7322555,1.5421383,2.4216995,1.3477625,0.9022284,-0.0074551916,-0.95165235,0.79609644,-0.8864859,0.28361484,2.3975391,-0.69235766,-0.108771175,0.20078968,0.3652837,2.0587573,-1.6478804,-2.160293,-0.8573747,0.94740844,2.0492997,-0.4824931,0.11901371,1.0370469,-1.8779312,-1.5924541,0.15382425,0.421981,-0.14449234,-0.35650435,-1.2909093,0.79648554,0.8114047,1.1318644,1.3851279,-1.027938,-0.36515042,1.7927305,-1.6547747,-0.049037326,-0.32919243,-0.21428685,2.538836,0.8407893,1.1772547,0.4716549,0.6607453,0.34472942,1.5987281,1.9921547,1.5339756,0.6348963,0.9495641,0.9438852,-0.2788645,0.5935309,-1.5216997,-0.25106725,1.0926348,0.5911168,-0.533127,1.4927179,-1.3534582,-0.49725553,1.5702641,0.49073237,0.2072688,-2.98805,-0.008851014,-1.1529757,-0.56914943,-1.4173023,0.8815043,-0.33383313,-0.08409413,0.925111,-1.4856952,-0.36113986,0.3346125,-0.69999045,-2.6643345
-0.23190805,2.3808606,-0.7592488,2.3922691,0.841357,0.27244484,1.0704975,1.1235244,-0.82073146,0.49140364,0.06952379,1.0387979,1.2433221,1.8848753,1.8508083,1.7231324,1.1457037,1.034633,0.42178404,0.98586446,1.3281528,-0.56412387,1.0969726,0.8195116,0.20750166,-0.000689914,1.3432043,0.21890627,1.5505728,1.2873075,-0.61658627,0.14350086,-1.3803385,0.082019314,1.4751551,0.6670987,0.523904,-1.4634019,-0.75588083,1.0638044,0.09482036,-0.72310024,1.5478916,-0.23207445,-0.027192988,-0.6682538,0.79797137,2.6296697,0.18313073,-0.53036344,0.88174266,1.5539455,2.6150467,2.359717,0.048751727,-0.17740275,2.426743,-1.2299075,0.8436851,-0.35757545,-0.39679217,2.4415226,2.7021654,2.3393881,1.368811,1.2022897,2.0957077,1.3090305,1.313699,1.8853445,0.6899268,1.3330516,1.7978586,1.6335125,1.0735478,0.19852914,1.5781716,1.8962997,1.9510792,0.96794766,1.6303513,0.11117077,-0.28012812,2.4945133,0.60905826,0.39458236,-1.1226258,-0.18488531,1.1675488,0.10308342,-1.2175572,1.0908293,-0.008784786,0.14046016,1.1524919,0.8249449,-0.12425519,1.2417144,0.97971356,-0.8105298
0.3949477,0.04945168,-0.33593634,0.93901795,0.8003272,1.8910973,-0.15312983,0.26215008,-0.16063726,0.04978664,1.163952,0.1096156,-0.44873726,-0.65501016,0.0786223,0.20539775,1.6239648,-0.46129248,-0.2596426,1.2218882,0.29700938,0.43902633,0.20262252,1.3871855,1.3301601,0.6779237,1.1537982,1.7576733,0.30461216,-0.12237612,1.1388093,-0.13745864,0.70586455,-0.42523772,1.1088612,1.9463248,1.357979,-0.13870385,-1.1490922,0.65169173,0.5582975,0.84250194,-0.6398528,0.9581404,-0.071979634,-0.01510351,0.26297137,1.5245255,0.13356394,0.7943862,-0.7974543,0.40981886,0.28028926,1.1710519,1.0320143,1.3787035,0.035292797,-0.659083,2.5257916,0.5910118,0.28678197,-0.6617058,2.5762107,0.4082644,0.09702293,1.0675924,1.2731643,-0.661691,-0.52939326,-0.7433653,2.3964558,0.83144724,1.4199069,1.7979875,1.7338308,2.9402661,2.2982807,1.7175807,0.43513027,0.557634,1.4945409,1.4365804,0.4701907,1.1012855,1.1644206,0.8577808,1.1624606,0.04503244,1.411595,2.7407155,1.9024134,0.6889684,0.92203045,0.49696618,1.6882122,0.89549834,0.48036268,0.52585924,0.84045833,0.6389727
-1.1012685,-0.011734515,0.017542789,-0.27511457,-1.3576161,0.2588358,0.55007637,0.400566,-0.3424591,1.3029381,-0.32283595,-0.66342086,-0.1486542,0.4202377,0.33531237,-0.14488703,0.8985102,1.2456268,0.97386557,0.9979883,0.13739891,-1.0698303,0.77598,1.102119,0.24931821,-1.7336215,0.96653533,-0.39502344,0.06681775,1.3881799,-1.0901172,-0.22502226,-0.051774815,0.19243819,-0.5552695,1.003136,0.8911585,-0.6791301,-0.41967252,0.49457842,0.6316008,-0.6524265,-0.056548458,-1.1148273,0.8497435,0.081543535,1.0832658,1.6339428,0.41729924,-0.5348473,-0.0254741,-0.8900034,0.14655079,-0.8797018,-0.97207916,-1.108453,-0.29943886,-0.265787,0.48670506,-0.75739837,-1.5825254,-0.6435278,0.6364893,1.0220277,0.25638047,-0.41927987,0.046701767,0.3014848,-0.4583856,1.2543037,0.9812438,0.25829864,0.121950835,0.61309636,0.87424105,-0.98331755,0.40204272,0.4909449,-0.34275407,-0.78134805,0.74791974,-0.024156129,0.5320009,1.2652364,1.1416736,-0.23646416,-0.5632958,0.733931,0.6031308,0.6494864,-0.79618853,-0.5814464,0.27971807,-0.43429822,0.9334565,-0.22717738,-0.35989922,0.07268075,-0.42967463,-0.7017668
-0.23444326,-0.104241446,0.13101882,-0.7268315,-1.7207706,-0.2689165,1.0643225,0.79080695,0.98142505,-0.14139134,-1.0537856,-0.32158798,1.5814958,0.5753483,-0.037794754,-0.072748095,0.29165652,1.5994391,1.4505047,0.76430315,1.2017916,1.1329559,0.47704208,1.707311,0.14360863,-2.125834,0.61281407,-2.033161,-0.057567213,0.77934444,-0.3724012,-1.0316429,0.4798766,1.3864813,0.35190082,-0.25882512,0.1168847,-1.4900743,0.9858846,0.32514036,0.28432563,-1.2173644,1.0179126,-1.484653,-2.1942027,0.027182946,-0.7360311,-1.1113988,0.59592897,-1.1360397,0.30290347,-1.1995369,-0.6587334,-1.6953199,-0.6206209,-0.6554499,-0.4191626,0.5966324,-0.89243525,-0.017331658,-0.45095992,-0.28233486,0.17812717,-0.077764265,-1.661361,-0.28348133,-1.2086109,1.322803,-0.52272743,-0.12645884,0.17749529,0.3016846,-0.7558771,0.5802184,-0.8812915,-0.78150606,-0.41630882,-0.17003046,-1.5470539,-0.025790805,0.71507084,-0.077744424,-2.3398492,0.14089093,-0.36596084,-1.0425442,-1.4955903,-0.12354437,-0.2512638,-0.99576354,-0.15071084,0.57918143,0.6629132,-1.5579559,-0.7173562,-1.854482,-0.8335981,-1.7312329,-0.010716283,-1.7443632
0.8379176,0.5629284,0.07034616,0.28301167,0.3709708,1.226387,1.1822863,0.9396058,1.3147188,-0.22938293,0.44162908,-0.05915612,-0.24422921,0.45321518,0.23217072,1.2634004,1.0708259,1.8774236,1.4524344,1.5376446,-0.78209794,-0.8603348,0.8953241,1.6831567,0.32318434,-0.46396354,-0.78333974,-1.1125292,0.76226413,0.07351038,0.24896343,-0.087083,-0.76380926,1.5030994,0.40235284,0.15878525,0.8245644,0.034120273,0.54657656,1.2914943,0.8029834,0.14793244,0.14193305,0.057449665,-1.3244042,-0.66473067,-0.8304211,0.14527446,1.306426,-0.16199665,0.32885945,-0.28921506,-0.6462382,-0.3324736,0.9841468,1.7522366,-0.047165688,0.758524,0.32299215,0.52092564,0.040802218,-0.608365,-0.9691469,-0.18249357,-0.958395,0.4396163,-0.2316428,-0.26657516,0.426797,-0.29881102,0.62910515,-0.3946804,-0.5604478,0.67776996,0.06227029,0.3814489,0.74404615,-0.4532257,-1.372714,-0.32108197,0.11728641,-0.33248723,-2.558494,0.35941562,-0.86240494,-0.6729243,0.96533257,-0.7468747,0.16303597,-0.16920263,-0.42176366,-1.1152049,0.14568478,0.874971,1.1998329,-0.7547249,0.325942,0.32218146,0.52724576,-0.18938258
0.21406463,0.53107,0.10846515,-0.29007718,-0.15685157,1.1401821,0.39734957,0.5252434,0.2593998,0.16462168,1.8036062,-1.1588665,-1.5424399,-1.3807241,-0.8262571,-0.21319845,-0.601121,0.40923652,0.9089939,0.97343284,-0.97038585,-1.7213165,-1.5059489,0.024438793,-0.32355633,0.03637845,-0.34094837,-0.48072886,-0.15064539,-0.3621797,-0.81278455,0.9443113,1.7936229,-0.16715804,-1.7345352,1.0479589,1.4159348,-0.35147646,-0.64060163,-1.0051786,1.2851347,-0.08619158,-1.2900746,1.0663437,-0.7563775,-0.9782004,-0.65533304,-0.6675095,2.1652539,1.4721258,0.8111832,-1.0874314,-1.3021517,-0.9806365,-0.08880398,0.58705956,-0.7617585,-0.26695335,-0.13502994,0.28553453,-1.2419062,-1.4289145,-0.93370193,-1.69814,-0.95344764,-1.5056838,-0.8155951,-1.4023194,-1.0828962,-1.3784397,-0.89163464,-1.803529,-1.5827127,-0.3665557,-0.5274761,-0.6422443,-0.108380474,-0.9740442,-0.49627867,-0.76739085,-0.6339361,0.26778686,-0.011718297,-1.6975693,-0.95806533,-1.0979359,1.727962,1.7955244,0.51683223,-0.20391193,-0.20118497,0.009485778,0.27281547,0.13179378,-0.91324395,1.5854232,-0.54650646,-0.07546224,1.8582162,1.3635879
-0.43620646,-0.8522128,-0.57475597,-1.3182538,-0.9141761,-0.15371668,-0.40361452,-0.94385797,-0.85479885,-2.491626,1.0975502,-0.279732,-0.07474722,-2.0493598,-1.0400187,-1.3141305,0.38309318,0.23973128,0.05698528,-0.6807189,1.0648025,-1.5491105,-0.94215447,-0.67837334,-0.45101917,0.083870165,-1.2565871,-0.012011254,0.088613085,-0.37370133,1.1141994,-0.27872568,-0.046598136,0.09355701,-0.418272,0.94838035,1.0137191,0.57625103,-0.12460836,-0.6762732,1.1984848,0.36642203,0.6024036,1.3491445,-1.7557515,1.2329919,-0.25026196,-0.5316628,0.83300674,2.0001116,0.72164387,-0.8035743,-1.1775593,-1.2415917,-0.55305755,-0.40234262,-1.3273591,-1.0986199,-1.148465,0.44753838,-0.029674118,-1.0019839,0.47782305,0.33094415,-0.16552652,-0.24614361,-0.3201352,0.4364311,-2.2103968,-0.3318666,0.5868756,-0.982518,-1.1673853,-1.3308359,0.66604364,-0.15473743,-0.24331464,-0.66256064,-0.28182393,-0.9495233,-1.7701815,0.25247175,-0.5115877,-1.3714002,-2.7565513,-1.3989947,1.5224527,-1.1836169,0.28287932,-1.1906304,0.17991233,-0.36262786,-0.743761,-0.6999505,0.090669736,0.58688366,-0.7814246,-1.3224669,1.6772355,2.058416
-0.18524505,-0.13236828,0.22514996,0.17882477,1.2090343,1.4338534,0.12656002,-0.06743488,0.49238694,-0.49359623,-0.04435988,-1.2062317,0.04537995,-0.4941052,0.18695791,0.32023248,0.32398343,0.4968926,-0.38081565,0.098698296,0.41592976,0.5233878,-0.96633375,-0.4926904,-1.1180056,-0.32805315,-2.3535058,0.40968633,-0.52213,0.3868405,-1.1894767,0.8696147,0.38277987,-0.029824086,-0.62712234,0.68901795,-0.42876142,1.5018753,2.7740571,-0.41948804,1.1047117,0.6207687,0.6761435,1.8277067,-0.86238045,-0.017749913,1.3332793,-1.1243778,1.134392,2.1844268,-0.22065204,-0.06819405,-0.786082,-0.08846347,0.52011704,1.3568178,-0.64800334,-0.48878264,-0.3978709,1.209288,-0.24331161,-0.31378317,-0.24322182,0.5326331,0.10382513,-0.25942174,-0.39435226,1.4706122,0.5158339,0.5748221,1.4367425,-1.4355304,0.36922532,-1.2615275,0.31688398,-0.38332292,-0.33294365,0.91376096,-2.4516437,0.54217464,-2.4848242,0.7723281,-1.8424358,-2.3392167,-2.6481972,-1.7706215,0.89276624,-1.4331672,-0.07617257,-1.297855,-0.7521341,-0.62288415,0.31931055,-0.5269355,-0.38841856,-0.3432396,0.32057497,-2.1940417,0.047200445,2.0928037
-0.9524055,-0.31160003,-0.92025286,-0.6805062,-0.021888942,0.2536733,0.44195175,-0.67314094,-0.40973297,-0.8603722,0.47115624,0.7462913,0.01444699,-0.7727684,-0.8394419,-0.4010175,-0.17503393,-0.59281856,-1.0261776,-0.9314835,0.06972747,0.6121325,-1.5225878,-0.15033293,1.0972915,-0.59129316,-1.0978652,-0.24354795,-0.21711297,-0.3877464,0.23961356,0.56943774,0.6480787,-0.1361885,0.36314207,0.7664225,1.2081529,1.7380142,2.1961436,0.45026833,0.862087,0.1661196,0.81555766,0.696954,0.28640524,0.7658182,2.2462478,0.13804074,0.4871848,1.8376637,-0.34533635,-1.0779482,-0.66415495,-0.33798045,-0.078049585,0.27955538,-0.52735525,-0.18334629,-1.1832155,0.61197877,0.9165514,0.37068367,0.68800074,-0.8616806,0.5945683,0.3277377,0.89470315,-0.11812185,0.6370901,-0.23816736,0.023452457,-0.7540427,-0.4923661,-0.20245795,0.67359173,0.03297343,0.2242083,-0.5896472,-0.32481557,-0.25205073,-1.3353078,1.5317715,-0.8275581,-0.5053835,-1.3574481,0.08245124,0.64781916,-0.31768376,0.57420254,-0.47378775,1.1092513,-0.82602686,0.09206599,0.35008958,-1.1624429,-0.70430136,-0.7121072,-1.5548557,0.7785864,1.5168312
0.5396763,0.092099845,0.53761524,-0.041283663,0.6382332,0.66299284,0.44769698,-0.07961954,0.37413743,0.038857818,1.368819,-0.09150939,0.9657219,0.091569684,0.14812437,-0.32116705,-1.138085,0.5019611,0.9654492,0.43919542,0.544601,0.5828908,-0.36898938,-0.0005763158,0.71546507,-0.6337641,-1.8783377,0.10958142,1.0384102,-0.5464389,-1.043602,0.3486702,0.11257462,1.0273752,0.49327812,2.1793501,0.43993708,1.2989519,1.7765262,0.082013935,2.0114143,0.9835795,1.6358197,1.0935396,-0.91979206,2.2096353,2.6752424,-0.67232466,0.7499303,2.5786874,1.5658262,0.1702887,-0.736024,-0.44324836,0.8517233,0.08052366,-0.034226887,0.49450698,-0.8000394,0.8510401,-0.40883145,0.61003256,-0.09258184,0.124463916,-0.3402403,0.45832703,0.3059078,0.96349466,-0.26769444,-0.5479043,0.27341947,-0.6033472,-1.3002031,-0.50473124,-0.8280994,0.39513153,0.8460461,-1.4253782,-0.3224134,0.9070341,-1.2517076,1.9189146,-1.4286076,-1.1692168,-2.4190683,-0.15382949,1.9997172,-1.1547532,1.67845,0.73063576,-0.49693048,0.24579445,0.30782795,0.20481028,0.9317766,-0.8876989,0.8920659,0.20796187,0.9857692,2.2904277
0.52353644,-1.3028251,-0.32781234,-0.78585386,-0.27032796,-0.5119638,-0.26831943,-0.7972043,-1.5121499,-1.4014243,-0.88632536,-0.6306318,-0.4300169,-0.61531544,-0.75157475,-0.8303609,0.059548628,-0.87850034,-0.018874537,-0.8654513,-0.5995625,-0.5637425,-1.1062618,-1.9597459,0.32999307,-1.1262443,-1.1275164,-1.2686156,-2.0937123,-0.40337342,-1.7394873,-0.13101886,-0.28284585,-1.1635134,-2.1034145,0.060676664,-0.8371216,0.72354186,0.9035935,-0.35979223,-0.014124368,-1.3730241,-0.036842726,0.27768826,-2.149685,-0.8979555,0.42131114,-1.129615,-0.29168767,0.7605316,-0.7567398,-1.4556699,-1.8164722,-1.181249,-0.1989632,0.62690026,-2.1085503,-0.3761729,-0.7340394,-0.4457377,-1.5232258,-0.5697191,-1.2735355,0.8500384,0.7545413,-0.22146106,0.11581913,-0.12367489,-0.07632523,-1.0654527,-0.46195155,-0.6922847,-0.5869765,-1.4971228,-0.8239361,-0.8507484,-1.1754262,-0.8701227,-2.0285165,-0.015611528,-0.6827548,0.27231145,-1.5849825,-0.77190036,-1.7612665,-0.28551027,-0.1598497,-1.6385587,0.30789277,-1.1279447,0.2723424,-1.7793446,-0.51280814,-0.019857775,-1.0114056,-0.856242,-0.17595527,0.21096551,0.5122883,0.42888743
1.1901577,0.68973356,0.080059126,0.8469653,1.1373088,0.03198354,0.8019848,0.41029,0.24401695,0.01467519,-0.9903816,1.0636657,-0.3317296,0.6028047,0.4356575,0.32207975,1.610513,0.5796931,1.4900632,0.9735218,0.29964054,0.79837966,1.9874226,0.6012584,-0.16758555,-0.17924437,0.0017661825,-0.2311677,0.25683147,-0.1874822,-0.6583797,0.29538032,0.3539241,-0.07909842,0.28254956,-1.6727746,-2.0599606,0.3445724,0.13449329,1.0578572,-0.8481642,-1.0923477,1.1394032,-0.20922542,-0.41799387,0.24112011,0.42978153,-0.21986164,1.003603,-1.7514427,0.86543566,0.50513786,0.9277515,1.3729087,1.5447259,0.38681546,0.58688116,0.28805754,-0.19220361,-0.13965596,0.17158018,-0.8193872,-1.1927661,0.23140788,-0.09416104,0.39300162,0.73555446,1.5710181,1.2957646,0.7879447,1.4786174,0.05617137,0.18837178,0.94012594,2.3496141,0.40379512,0.6507511,1.5743665,0.3515909,0.3373483,0.7212702,-2.2794182,-2.315761,-0.7091931,-0.61641806,-1.3789662,-1.4124664,-1.2300059,-0.5562525,-0.699133,1.375553,1.348951,-1.1391842,0.4481389,-1.409327,0.5534087,-1.8089793,0.009017393,0.7116669,-1.9186311
-0.49398702,1.9914623,2.4818828,1.9466751,2.5972629,2.210256,1.5694172,1.859128,2.4386337,1.2098858,-0.10527169,0.16086322,-0.06552217,1.9839195,1.5368844,1.1512303,0.620862,1.7220137,1.7783918,1.0762824,-0.70292705,0.78983814,0.9799983,0.60133004,-0.48733434,-1.0771879,-0.7407362,-0.13563332,1.097198,0.6238609,-1.4703239,0.3060475,0.1414523,1.5062582,0.83736813,0.5569829,0.19820361,0.45267576,0.077235624,1.3883727,0.37269372,-0.049775634,0.45202494,-0.32359847,-0.7842392,-0.15543562,-0.24319696,0.06968374,0.986799,-0.5389677,0.6976475,2.1973155,0.9260198,1.7644703,2.7549543,1.2364408,0.40737393,1.6205064,1.080479,0.29237285,-0.037040867,0.5248124,0.15213224,-1.0619216,-0.54299486,1.9221867,0.31687862,1.0798597,0.30882013,0.5572158,-0.15617795,0.05416968,0.87316895,0.7222549,-1.106554,-0.15179577,0.38332736,-1.1258007,1.6230032,0.74611557,0.4859555,-0.20558433,-0.5667518,-0.16016851,0.010631987,0.6720656,0.19915171,1.3170589,0.69140923,0.46385607,1.4534533,-0.669524,1.5042685,1.0731934,0.13258874,-0.45756638,0.3009316,-0.25796303,1.135849,-0.11686549
0.2702002,2.0309415,1.9164425,2.755149,2.6695933,0.05660175,1.3414692,1.2569537,2.0042627,0.8906611,0.9002572,1.265184,0.93091464,1.2697264,0.43600234,0.9631487,0.28823477,-0.13763894,0.35864666,-0.22446856,0.5017767,1.5996093,-0.7552078,-0.6111244,-0.3642771,-0.5274791,0.44666287,0.01969147,0.22140837,0.41987482,2.408441,0.9382547,1.0071883,0.2831819,0.23393466,-0.5826669,0.9017697,0.24386689,-0.321121,0.09648295,-0.5064517,1.5506796,0.1331827,-0.6789162,-0.0067274463,-0.48798183,0.16553982,-0.1794343,-0.790589,-0.748737,0.7145044,3.4393082,1.9013895,3.397415,2.9447713,1.1281995,1.0012178,1.8258824,1.0276148,-0.25243494,-0.33003557,-0.18806417,-0.74896747,1.2609054,0.054765016,0.11937917,-0.41027337,0.40761098,-0.16039747,0.017168203,-0.17619114,-0.5004137,-0.019012472,0.5071571,-1.6823968,0.34740558,0.062321253,-1.075281,2.1231136,0.12574866,-0.14231728,1.0190237,0.43234065,0.5299489,0.8166353,0.9617244,0.66447216,1.39108,0.48265532,0.61556256,1.1992716,0.32142976,0.07444874,1.2523227,0.575693,-0.6622971,-0.080893114,1.3990713,0.51380974,-0.29768154
0.21125555,1.6254988,0.487589,2.9975274,2.817577,0.7370964,1.7277961,1.2417263,1.1323498,1.2104117,0.77600366,0.9094714,1.5727577,2.725947,2.1631372,1.7828331,1.5873164,1.0556232,1.3964791,0.807653,0.867717,0.9417563,-0.028038912,0.12610911,-1.2859502,0.13042937,-0.3748563,0.1184331,0.45930955,1.5344204,-0.11899232,-0.06958864,2.2140856,1.5736997,1.5291506,0.013693839,0.1176673,-0.0877226,-1.0350876,0.7006112,0.8327309,0.044478178,0.18910179,-1.1398593,0.7912952,0.48288348,0.7775217,0.22554316,0.17552881,-0.0554756,0.33674365,1.0814964,0.87184894,2.8214417,0.94003576,0.44714636,-0.9493957,1.1630992,0.13711913,0.15134834,-0.45072448,1.602904,0.96503353,-0.3419968,0.19261886,1.2070173,-0.23080415,1.0723301,-0.24987017,0.19308342,-0.056852955,-0.9708585,1.2107476,0.3884356,-0.6669613,-0.2999759,-0.04133818,0.49820298,0.4591525,0.23151413,-0.050522022,0.7669283,0.43629268,-0.6154503,0.33592436,1.0809298,-0.3718707,1.5218575,-0.047112543,-0.90317005,0.6131586,-0.52437896,-1.1349623,0.33550936,-1.3671644,-0.69153446,-0.25808465,0.44542605,-0.6853019,-0.31805536
-0.26030758,-0.15599282,1.007366,0.74610615,0.06801712,0.6119118,0.27231634,0.7436373,0.10950027,0.7648394,0.7868163,0.5280973,0.77155364,1.0401955,-0.11412609,0.7226747,-0.36253145,0.57880473,0.52200675,-0.45744964,0.78096396,0.8243785,0.4967515,-0.9509666,-0.8481643,-1.0930718,-0.730462,0.71251345,0.16935934,-0.21627189,0.37855765,0.9227683,-0.8449071,0.45867363,0.12217189,0.35397896,0.004698383,0.16475283,-0.42254522,0.010332472,0.43305153,0.11004801,-0.8097079,-0.43634957,-1.2085793,-0.06136829,0.24090803,-0.5501103,0.356692,0.78233343,0.14671001,-0.52918285,-0.80383015,-0.107408874,-0.26318684,-0.02239843,-0.5430483,-0.35487056,0.9331696,1.1096343,1.3544143,1.8072114,1.4862962,-0.073998846,0.542934,0.59173924,0.08374841,0.27513137,0.09556379,0.5817645,-1.002335,0.43721223,0.26003006,0.07203573,-0.70631397,-0.058297545,-0.29155403,-0.54917485,-0.0749427,0.02747992,-0.57478577,0.67939025,1.2095243,-0.13738029,-0.041635748,0.52083594,0.24973866,0.41629162,-0.10014049,-0.3323619,-0.17638472,1.1636274,0.62474275,-0.20653942,0.76692134,-0.21954449,0.3004818,0.03772377,0.46802184,0.8416997
0.003917732,0.2509666,0.04576187,-0.11772521,0.054821085,0.90569717,0.019457156,0.7573594,0.6098162,0.7717789,-0.22117916,0.55560637,-1.250978,0.17327884,0.304726,0.6791323,-0.6590013,0.23939341,0.09375852,-0.47284675,-0.044095714,-0.3672003,0.33884612,0.298463,0.55914664,0.5440148,-0.69830245,0.42492178,0.567429,0.28900418,-0.8084372,0.3407456,0.45525804,-0.29549792,-1.1632357,0.3230297,0.5416241,0.34590518,-0.70095795,0.1854419,-0.12272234,-0.4942483,-1.0776645,-0.48223427,-0.18274486,-1.0688338,-1.0408623,0.22401051,0.2676863,-0.11816004,-0.4661133,0.93192524,0.3678995,-0.2338815,-0.10413344,1.4163316,1.1794368,-0.26825178,1.042274,0.6390595,1.3285313,-0.7920575,0.5049808,0.92093676,0.9337048,0.8921889,-0.113953136,-0.45873687,0.6728577,-0.3360404,0.26170868,0.81850404,0.18830252,-0.197532,0.58020574,0.39617112,0.43864104,-0.16205496,-0.42054313,-0.7281795,-0.03318543,0.15955883,0.31402004,-0.59963894,0.44209346,0.096036315,-0.29035398,1.4063946,0.49251416,1.3302885,-0.39295655,0.09988317,0.36733636,1.0543219,0.5251877,0.4875225,-0.16648643,0.5729392,-0.6227309,0.11157553
-0.06921196,-0.47803074,-0.20752427,-0.6216155,-0.8495218,-0.0017347963,-0.11996883,-0.18070869,-0.38264862,-0.24778394,-0.7395796,-0.20490643,0.09559227,-0.64467824,-1.2294627,0.48142123,-0.91094494,0.64192957,-0.22125117,0.405557,-1.3215952,-0.14982235,0.13393451,1.118122,0.21316537,0.4494079,1.0461508,-0.05237673,-1.5367563,0.36907765,-0.5414201,-0.31597486,-0.67236704,0.6950594,-1.5459356,0.95724714,1.6152222,0.10931706,0.5020931,0.85387796,0.9614499,-0.40769333,0.16354318,0.18281682,0.0167614,0.750306,0.04738262,0.3070294,0.09270472,0.76968974,0.12086343,-1.1609428,-1.7903762,-2.0098372,-0.7935173,-0.58133656,-0.6983919,-1.3856139,0.5557298,0.030336672,0.34521502,-0.6984124,0.88358384,-1.2799406,-0.45647374,-0.9160416,-0.24410659,-1.7523148,-0.22253126,-0.28769267,-1.2147067,-0.5284635,-1.9378004,0.049168732,-0.5914117,0.7095936,-0.012147451,-0.12979533,-0.98447233,-0.30000553,0.7812716,-0.6438286,0.45501083,0.21420705,1.0108757,-0.64709437,0.9344082,-0.0100671165,0.28330612,0.95436573,0.061648432,-0.38618103,0.3848903,-0.3886427,0.60551745,-0.31557456,0.2644792,-0.20419711,1.2302526,1.2765648
1.0880184,-0.80239886,-1.0196611,-1.3277533,-2.0470636,-0.5716701,-0.82828575,0.24896285,-0.19426996,0.16469043,0.36498588,-0.2858084,-0.12339337,-0.026654933,-0.5911166,-0.74031854,0.030637708,0.9451127,-0.0025519566,0.14898987,0.363179,0.10527288,-0.035739213,-0.5228129,0.8375992,-0.5766925,-0.81144667,-0.7191269,-0.0424881,-0.64213926,0.014379321,0.08240745,-0.9903778,-0.36305556,-0.8057375,1.2330908,0.2862172,-0.32981884,0.14167003,-0.79353243,-0.3694659,0.6129024,-0.49971932,-0.9110451,-0.6600543,-1.0022603,0.18540059,-0.5310412,0.41180336,0.062824726,0.10141818,0.26025084,0.04742119,-1.4373186,-1.2097161,0.032146964,1.0444801,-0.48576227,-1.2189165,-0.6684375,0.017075649,0.12363,-0.6987966,-0.28436318,0.015062716,-0.99640477,-0.020938119,0.2429757,-0.0020898187,0.689025,-0.7009201,0.02152872,-2.0374694,-0.42178583,-0.45597523,-0.39313564,-0.7157333,-0.29708138,-1.6922235,0.009979301,-0.14520244,-0.67004585,-1.5050893,-0.2611079,0.3265051,-0.41028067,-0.53330415,-0.5109825,0.06287977,-0.101453654,-1.7235917,-0.56089234,0.72876954,0.18078068,-1.2451813,-0.6345152,-0.6367204,-1.1215646,-0.008689692,0.7830182
-0.10731154,0.091572374,0.23834023,-0.57523346,0.5361168,-0.483906,-0.33158424,-0.10906045,-0.5864049,0.75264937,-0.50658214,-0.41404268,-1.0459837,-1.3559242,-1.7300353,-0.6083063,-0.020081991,-0.4514475,-0.30354103,-0.1271155,-0.34690243,-1.4629296,-0.40844104,0.13814646,-0.04124736,1.3384032,0.069266625,-0.475008,-0.29077798,-1.3344759,-2.391999,-0.56024027,-0.42609167,-0.9086378,-0.69010097,-0.6105397,-0.74769866,-0.9713538,-1.1315533,-0.21681556,-1.685565,-0.6504388,-0.7402384,-0.86649,0.16121781,-0.9778491,-0.7598794,-0.82272553,-0.7544452,-2.0741842,-0.3784682,-0.29252812,0.4211031,0.26520884,1.9953688,-0.16109888,0.25371957,0.75877,0.009342654,-0.44706875,1.7710763,-0.23643842,-0.15851311,-1.8637449,-1.2354795,-0.8996875,-0.5271096,-1.1072769,0.039744347,-0.7316757,-0.14730954,-0.14626029,-0.60583174,-0.49906948,1.6406509,0.76966846,-0.09751045,0.07916463,-0.48714784,-0.41065848,0.2824275,-2.4441078,-1.0272619,0.40346906,0.30119932,-0.18800312,-0.57265264,-0.96118283,-1.3511478,-0.16912179,-1.4124492,-1.1447219,-1.5241805,0.036456227,-0.015536006,-0.15408237,-1.3640295,-1.5583694,-0.77044,-1.110089
-0.026510533,-0.29274943,0.026439132,-1.021901,-0.15783806,-0.69416106,-0.8844762,-0.4184034,-0.40020916,0.15841568,0.19981809,-0.48582506,-2.1310925,-1.3299217,0.17058675,-1.7687088,0.23349023,-0.7673235,-0.88250345,0.14407408,0.5697562,-0.962887,-0.68727833,0.6706046,0.355157,0.025630182,1.23536,-0.07935849,0.0052158902,1.4721668,-0.18897988,-0.22866645,0.62714833,-1.6571085,-0.078809455,-0.08300036,-0.1650556,-0.1193279,-0.8625137,-0.17815474,-0.38119102,-0.04414783,0.17177173,0.46376306,1.7082548,0.70535713,0.47290552,0.5040879,-0.39158258,-0.4070921,0.9674483,0.21693523,0.14025508,-0.4731614,0.56849086,-0.5978341,1.6414201,0.78586215,-0.3318838,-1.1957158,0.50391966,-1.5901386,-0.46466568,0.45219976,-0.12078869,-1.2783217,0.7349306,-0.34565002,0.13451298,-0.14854866,1.0993917,0.51963633,0.93712395,0.942677,1.452176,0.33482856,0.2379645,0.95419854,0.8505829,0.11307881,1.2773821,0.030958684,0.64867747,0.639222,0.592141,-0.4672298,0.2913549,-0.003283933,0.43183723,1.3076162,-0.010486451,0.8151012,1.1546097,-0.5337439,-0.09893573,0.34725344,-0.943046,1.1594838,-0.75505686,-0.35696438
0.84734106,-0.3826638,-0.73489225,-0.89903456,-0.9669019,-0.020250062,-0.36081252,0.003695191,0.55572164,0.0031249814,-0.21861523,-0.7161125,-0.5369733,-0.8618795,-0.72947514,-0.9438044,-1.3435045,-0.09661614,-1.2902024,0.640498,-0.71062535,0.034817398,-1.4869909,0.556852,0.018661343,1.3388996,1.1264,1.1212953,-0.46302128,-0.034305315,0.80311775,-0.20257956,0.36697677,0.024332976,-0.12094284,0.8590122,1.8868269,-0.16595693,0.09865649,-0.28676647,0.37222722,0.8420937,0.16036735,0.6052983,1.0379572,0.93824524,0.09401999,1.6134412,0.08997635,0.76300234,-0.8275782,-1.142675,-1.2568305,-0.7318912,-0.04692523,0.7293185,0.03728769,0.15965155,-0.37421688,-1.108869,0.2560741,-0.8339591,-0.97981626,-0.31652874,-0.0168719,-0.6317418,-0.67662305,-0.078188375,0.12976879,-0.9403687,0.29850054,-0.34449372,-0.2531794,-1.5870197,0.40563607,0.09915421,0.6124388,0.59038365,1.0847144,0.065374725,0.6343766,-0.36944246,0.2710751,0.3727065,0.9715404,-0.660908,0.6629183,0.038607717,0.18407048,-0.040287506,-0.5784293,-0.71731925,-0.47033623,-0.96861875,0.7342308,-0.18706311,0.17347577,-0.5879987,-0.2150296,0.2937724
0.91804206,-0.76715225,-0.27273372,-0.6901694,-0.4794928,-0.25120687,-0.4095059,-0.61235243,-0.46024245,-0.63578755,-0.07268047,-1.2374017,1.0657928,0.26109138,-0.1071639,0.0031336993,0.32359597,-0.42384014,0.23591569,-0.6851232,-1.2020215,0.24006067,2.0525537,-0.4960254,0.41110334,1.9287752,0.25074154,0.7299276,0.3255454,-0.5053182,1.3134904,0.5342149,-0.62544596,-0.3874131,-1.0008048,-0.5042379,-1.5097078,-0.12397699,-1.2659512,-0.38380995,-1.233215,0.19497293,-0.9901219,-1.012739,0.55185854,-0.68294096,-0.5383571,-0.6039291,0.7738627,-0.54979736,1.4764427,-0.032582577,0.1720735,0.35716566,-0.064084165,0.31793776,0.6877153,0.6017175,0.5648363,0.128167,0.01916437,0.8927709,0.79078126,1.1828315,-0.37224108,-0.18879381,0.43999895,-0.4723997,1.2436411,0.3538625,0.018832227,0.97423255,0.58279943,0.12801068,0.7783284,-0.07921579,-0.019069804,-0.7179418,-0.86183584,0.87371296,0.89164203,-0.23697145,0.37682217,0.0070187515,0.9363988,-0.57204336,0.21971947,-0.11789933,-0.3199047,-0.5065297,0.6148413,-0.18569447,-1.5357894,0.9186065,-0.2790034,-0.6723741,-0.7295587,-0.37261003,1.8654305,-0.26014054
0.47470838,-0.67497015,-0.15517946,-0.32947043,-0.6146994,0.5191957,-0.72706795,-0.45651868,0.12660366,0.8291295,0.6847847,0.61635727,1.3064227,-0.5428826,0.34315422,0.08067075,-0.29395762,-0.107377894,-0.12090373,-1.5021561,-0.76739436,1.2260463,-0.8047748,-0.12101084,0.7299382,-0.024558004,0.50034344,-0.5254662,0.5618729,1.6445402,1.3619897,-0.15509275,-0.8416501,-0.6216373,-0.023908647,-1.8972716,-1.5280167,0.7186124,0.17019954,-0.1073761,-0.6020728,1.3317794,1.5917993,0.0035762368,-0.16498025,0.13641039,0.8882593,-0.54595584,-1.7203217,-1.161912,-0.94449425,-0.37272203,0.30788884,-0.044890948,-0.39387828,-0.20071907,0.03256918,-0.99014455,-0.5983932,0.09010643,-0.5906594,0.5526037,1.6118679,-0.40128753,-0.6063447,0.6714224,-0.35613158,-0.8761398,0.13916655,0.57435006,-0.9600368,1.216376,0.5112967,0.046641123,0.5605903,0.74790573,-0.80859596,0.55025756,1.684805,0.84993386,0.60672826,-0.8361709,1.6072203,2.0643556,-0.14093503,0.9465052,-0.5736126,-0.21804844,-1.160286,0.3853821,-0.19656228,-0.39239442,-1.3570905,0.1767675,1.5438786,-0.333258,-0.15772535,-0.65434283,-0.32351738,-0.90092033
1.0316753,1.9704932,2.457899,1.8742114,1.7152597,3.3105366,1.8642354,1.4395974,2.7314737,1.0440325,0.784081,1.8331419,3.0486083,2.9905918,1.5554554,2.3046598,2.1321511,2.0241172,2.7575955,1.5223488,1.3200517,3.6866794,3.0426989,1.549808,0.94731605,1.7388812,0.54075086,1.1925018,1.0244758,2.9449854,0.09458546,1.5494118,2.4595897,2.5744908,2.9466195,-0.46406332,-0.1568167,1.5194736,1.4087269,3.0399723,1.568646,1.3808504,1.2732211,-0.58793867,-1.0938817,1.0089247,2.20064,0.4405779,1.3224192,0.6653504,0.47035536,1.1093788,0.36517334,1.1888217,0.5342491,2.6312463,0.06514353,-0.5229902,0.088507995,2.6674836,0.18566449,2.5246768,2.164152,1.7552537,0.45679423,2.0064878,1.2447994,2.3710217,1.1214492,1.366232,0.7357807,1.8333571,2.1178408,0.95387685,0.38111454,0.85530543,0.7265996,1.8062203,0.31652912,1.4712636,0.9531069,0.3517066,0.32154098,2.2564006,0.19275518,1.7828957,-0.22042012,1.3158511,0.3520535,0.45451817,1.224926,1.687058,1.1421939,1.7166283,1.298284,1.0632355,1.3927231,1.8644009,1.32932,0.028503038
0.49950758,2.2344003,0.6000211,2.5945,1.3374399,1.1589715,1.5082825,0.6931749,-0.24154212,0.5903487,-0.19022979,0.9239808,-0.042313203,0.18459715,0.44835493,2.1263444,0.7127351,-0.4189524,-0.39208177,0.01760248,1.6206104,-0.06855202,0.39180195,-0.4550937,0.5826602,-0.95222205,-0.026885595,-0.08762963,-0.09269706,0.24145553,-0.19507492,1.3178021,0.13454701,0.55220926,1.0700812,-1.5341462,-1.1814468,0.3360131,0.34898344,1.478886,0.09118126,0.46131316,-0.3004416,-1.2016838,-0.4687371,-1.1477562,-0.18349963,0.80827045,-0.519438,-0.412088,1.3478531,1.7957712,2.361453,2.1852226,-0.079987265,0.6387346,0.53636724,-1.3013244,-1.3919024,0.19665964,-0.445519,-0.36487767,0.7168352,0.3381375,1.3059248,0.009891949,1.3548452,-0.09305454,0.08864403,0.96872973,0.0754475,-0.01816251,0.7470574,0.34176847,-0.33943418,-0.80247414,-0.46820557,-0.17677732,1.8851057,1.0592568,0.2041199,0.61026716,0.07154341,-0.26573193,-0.8577569,0.6894474,-1.5039456,-0.5829019,-0.30325648,-0.3873323,0.9838398,1.2648752,0.67764026,0.6046474,-0.22657049,-0.7175431,0.4308896,0.76449883,0.5217838,-0.77888405
-0.039389633,0.9086752,-0.10091974,1.4645287,0.121773235,0.29172212,-0.18355957,0.4997056,-0.86545813,0.38565484,0.76077294,0.8267401,-0.5210124,0.32137004,-0.13446854,0.76060575,-0.4961327,-0.24112163,-0.5247463,-0.46157044,-0.3356333,-1.3897963,1.091315,0.14857414,0.43081206,1.1168007,-0.48869738,-1.2569559,-0.4206719,-0.8140622,0.6927595,0.4727288,-1.1376454,-0.64412,-0.15640567,-1.0143431,-1.1591897,-0.2264498,-0.4374439,-0.2864037,-0.4080538,-0.8621207,-0.39139166,-1.1501814,-0.3756648,-2.2003741,-0.9828624,-0.4156627,0.36143374,-0.7324637,0.47119492,0.3570022,1.3705899,0.88616043,-0.08865318,-0.7798034,0.5944777,-1.3172483,0.07513996,-1.3315507,-1.0561172,-0.5561482,-0.13906488,-0.6258697,0.0801416,-0.7704622,0.092363514,-0.3213441,-0.23482299,-0.1513522,-1.1559588,0.26217166,0.5188345,0.28184876,-1.2693696,-0.17341322,0.15405326,-0.91059303,1.4608821,0.0025314966,-0.44644487,-0.41177842,0.5124759,0.5857621,0.5661717,1.6740685,-0.34002236,-0.33274388,-0.65276754,-0.85562676,-1.4826597,-0.07393997,0.14678939,-0.5989536,0.088262886,-0.36407754,-0.9406416,0.20062967,-1.3081665,-1.1105537
0.20382163,0.55767787,1.3010402,0.53276396,0.68169755,0.68431896,0.5938219,0.6560819,0.33308417,1.7033218,0.3235681,-0.25874323,-1.7751647,0.6150496,1.6009592,0.5182842,-1.0027244,0.33193865,0.8610858,0.43321624,-0.42805588,-1.0357114,-1.066246,0.2339316,-0.086546615,-1.3794829,-0.0021790452,-0.44098982,0.30084485,-0.8183764,-0.38416758,0.14016302,-0.07062142,0.9851348,0.76829326,0.13214476,1.2169752,0.4645679,-0.46978694,0.2668201,0.9183839,0.32922944,-0.23858076,-0.04809847,0.85061705,-0.3252284,0.047685478,1.6992241,0.42902583,0.1651237,-0.24406195,-0.028940648,-0.8407621,-0.06852338,0.2695791,0.016419113,0.097738154,1.4395293,2.278662,-0.45914495,-1.5735891,-0.33968955,-0.14941615,-0.47402924,0.6027388,1.0285242,-0.71271396,0.09996964,-1.2249624,-0.76899856,0.17320156,-0.16836318,0.07291061,0.3291734,-0.34684536,-0.3122034,0.09978868,0.077236295,1.9183311,0.28201002,-0.8100394,0.7122339,0.59802073,-0.7795839,0.7738138,0.32433456,-0.38471755,-0.250035,-0.18368249,-0.419955,0.4847717,0.40877134,0.47795653,-1.2992429,0.3692653,0.0755745,-0.17080401,1.2236997,-0.9738532,-0.25075272
-0.841865,-0.65480304,-0.67889,-0.9426377,-0.6473194,-0.063122116,-0.8404494,-1.0309861,-1.1753924,1.0641929,-0.09282983,-1.3244027,-1.3853594,-1.3314925,-1.5593297,-1.2913355,-1.7004893,-0.60512745,-0.4179278,-0.48403147,-1.4299695,-1.5284005,-1.2451153,-0.14081937,0.90768397,-0.3760504,-0.96772665,-1.4926124,-0.349056,-2.0737774,-0.43705776,-0.02572547,0.4066959,0.401862,-0.6088564,0.72029674,1.6210651,-0.8209211,-0.3624892,-0.4490068,1.019219,-0.8093684,-0.40653133,1.3667265,-0.14371166,-1.1462755,-1.2174804,0.4670065,0.15186149,1.2204237,-0.5800927,-0.7392491,-2.1352344,-1.3833102,-0.6980705,-0.84531254,-1.5989956,-0.046630517,0.15312213,-0.5091421,-0.02394168,-1.7636473,-0.6822658,-1.4331083,-0.68038523,-1.7030064,-1.0245427,-1.8537494,-1.4552608,-2.079516,-2.2005982,-1.5690647,-1.8236357,-0.3579924,-2.0241783,-0.18350857,0.30740932,-1.9338734,-0.5153548,0.20509954,-0.8665241,0.84119046,0.16115163,0.2043782,-0.8679149,0.30298918,1.5400336,-0.56923574,0.037009586,0.43978018,-0.5235445,1.0342331,1.1538937,0.55937594,-0.660422,0.9244658,-0.33539444,-0.38103303,0.17119572,0.79448605
-1.1320652,-1.146526,-2.0284908,-1.644741,-1.78278,-1.0434115,-0.7498491,-1.244339,-1.2841332,-0.2942827,-0.69230884,-0.7733583,-1.8847098,-1.8167032,-1.6713922,-0.8766049,-0.4994292,-0.8461303,-1.4324212,-0.038872212,-0.20155342,-0.8374599,-0.97310954,0.32590374,-0.5748128,0.94171876,-0.084675975,-0.2919997,-0.46553576,-0.78212893,1.0164706,-0.5114721,-0.60316736,0.18396117,-1.4890709,1.1666428,0.6749902,-0.3750542,0.6055489,-0.952947,0.7329836,0.4165733,0.54257417,0.81839633,0.35520878,0.281569,-1.442262,-0.15173922,-0.20844479,0.37799832,-0.38128853,-1.8397847,-1.4179883,-1.7527378,-1.4537591,-0.9455513,-0.8851322,-0.31359842,-0.9154295,0.26616794,-0.46864444,-1.6257776,-1.3641391,-1.8303418,0.24857393,-2.1475499,0.114151664,-1.4268183,-1.7916951,-0.9232037,-0.51245964,-0.615352,-0.14005582,-0.34295997,-0.54770786,0.6633206,-0.19697602,0.16121264,-1.7117336,0.47541955,-0.76121074,0.03770796,0.1504839,-0.5877917,-0.37954023,-1.2550846,0.49706778,-0.84768355,-0.7652867,-0.29065228,-0.40723234,0.66442627,0.12760511,-0.8906732,0.17656739,0.9728988,-1.0348397,-0.432923,-1.1870519,0.25314423
0.3955646,-0.37885603,0.277039,-0.6548267,-0.5533952,-1.0863557,-0.5096469,-0.0935116,-0.028835408,-0.14633691,-0.32426944,-0.3016404,-0.7875384,-1.194659,-0.37307253,-0.7204775,0.37533957,-0.45806938,-0.30616274,0.7762718,0.7904808,0.49673912,-0.4136881,1.4576716,0.0463263,-0.32789117,0.9204174,1.7712072,-0.71198547,0.43432036,1.3206357,0.29397628,0.006066928,0.7047582,0.060741156,1.5214629,1.3029569,-0.06943861,-0.4708482,-0.91987073,0.30004665,1.216067,-0.3719301,0.17463237,1.1959261,-0.48837784,0.33615512,-1.3157024,0.2899284,0.3968095,0.5496401,-1.2002308,-0.54780376,-1.1926526,0.48891738,-0.93372583,-0.5906392,-0.68292457,-0.48497579,0.87600374,0.5216485,0.6734196,0.11611464,-0.16503349,-0.17526212,-1.2203364,0.38593262,0.21256585,-0.16271412,0.12365444,0.9290489,0.48869714,0.4252664,-0.632471,0.8083007,0.7667407,0.4687981,0.35870695,-0.81393826,0.15570515,1.3255469,0.5279317,0.41333842,0.5174826,1.0871524,1.1626656,0.07396898,0.16180936,0.51190895,0.8087044,0.3765467,0.50400555,-0.10101689,-1.8537539,-0.0490713,-0.67205715,0.464983,0.46984383,-1.1007186,0.25480384
