7Networks_LH_Vis_1,7Networks_LH_Vis_2,7Networks_LH_Vis_3,7Networks_LH_Vis_4,7Networks_LH_Vis_5,7Networks_LH_Vis_6,7Networks_LH_Vis_7,7Networks_LH_Vis_8,7Networks_LH_Vis_9,7Networks_LH_SomMot_1,7Networks_LH_SomMot_2,7Networks_LH_SomMot_3,7Networks_LH_SomMot_4,7Networks_LH_SomMot_5,7Networks_LH_SomMot_6,7Networks_LH_DorsAttn_Post_1,7Networks_LH_DorsAttn_Post_2,7Networks_LH_DorsAttn_Post_3,7Networks_LH_DorsAttn_Post_4,7Networks_LH_DorsAttn_Post_5,7Networks_LH_DorsAttn_Post_6,7Networks_LH_DorsAttn_PrCv_1,7Networks_LH_DorsAttn_FEF_1,7Networks_LH_SalVentAttn_ParOper_1,7Networks_LH_SalVentAttn_FrOperIns_1,7Networks_LH_SalVentAttn_FrOperIns_2,7Networks_LH_SalVentAttn_PFCl_1,7Networks_LH_SalVentAttn_Med_1,7Networks_LH_SalVentAttn_Med_2,7Networks_LH_SalVentAttn_Med_3,7Networks_LH_Limbic_OFC_1,7Networks_LH_Limbic_TempPole_1,7Networks_LH_Limbic_TempPole_2,7Networks_LH_Cont_Par_1,7Networks_LH_Cont_PFCl_1,7Networks_LH_Cont_pCun_1,7Networks_LH_Cont_Cing_1,7Networks_LH_Default_Temp_1,7Networks_LH_Default_Temp_2,7Networks_LH_Default_Par_1,7Networks_LH_Default_Par_2,7Networks_LH_Default_PFC_1,7Networks_LH_Default_PFC_2,7Networks_LH_Default_PFC_3,7Networks_LH_Default_PFC_4,7Networks_LH_Default_PFC_5,7Networks_LH_Default_PFC_6,7Networks_LH_Default_PFC_7,7Networks_LH_Default_pCunPCC_1,7Networks_LH_Default_pCunPCC_2,7Networks_RH_Vis_1,7Networks_RH_Vis_2,7Networks_RH_Vis_3,7Networks_RH_Vis_4,7Networks_RH_Vis_5,7Networks_RH_Vis_6,7Networks_RH_Vis_7,7Networks_RH_Vis_8,7Networks_RH_SomMot_1,7Networks_RH_SomMot_2,7Networks_RH_SomMot_3,7Networks_RH_SomMot_4,7Networks_RH_SomMot_5,7Networks_RH_SomMot_6,7Networks_RH_SomMot_7,7Networks_RH_SomMot_8,7Networks_RH_DorsAttn_Post_1,7Networks_RH_DorsAttn_Post_2,7Networks_RH_DorsAttn_Post_3,7Networks_RH_DorsAttn_Post_4,7Networks_RH_DorsAttn_Post_5,7Networks_RH_DorsAttn_PrCv_1,7Networks_RH_DorsAttn_FEF_1,7Networks_RH_SalVentAttn_TempOccPar_1,7Networks_RH_SalVentAttn_TempOccPar_2,7Networks_RH_SalVentAttn_FrOperIns_1,7Networks_RH_SalVentAttn_Med_1,7Networks_RH_SalVentAttn_Med_2,7Networks_RH_Limbic_OFC_1,7Networks_RH_Limbic_TempPole_1,7Networks_RH_Cont_Par_1,7Networks_RH_Cont_Par_2,7Networks_RH_Cont_PFCl_1,7Networks_RH_Cont_PFCl_2,7Networks_RH_Cont_PFCl_3,7Networks_RH_Cont_PFCl_4,7Networks_RH_Cont_Cing_1,7Networks_RH_Cont_PFCmp_1,7Networks_RH_Cont_pCun_1,7Networks_RH_Default_Par_1,7Networks_RH_Default_Temp_1,7Networks_RH_Default_Temp_2,7Networks_RH_Default_Temp_3,7Networks_RH_Default_PFCv_1,7Networks_RH_Default_PFCv_2,7Networks_RH_Default_PFCdPFCm_1,7Networks_RH_Default_PFCdPFCm_2,7Networks_RH_Default_PFCdPFCm_3,7Networks_RH_Default_pCunPCC_1,7Networks_RH_Default_pCunPCC_2
-2.5828855,-2.9141033,-2.7575629,-3.138936,-3.45766,-3.6537662,-2.8544748,-2.3868756,-2.639781,-2.2785556,-2.0340376,-1.7834376,-0.86494243,-2.291709,-2.2339149,-2.8362272,-2.1806784,-1.8599942,-1.7683623,-1.341329,-1.9632092,-2.123161,-2.1079502,-1.7765454,-0.9745914,-2.296358,-0.7924175,-1.6230772,-2.1506166,-1.9983164,-0.58857685,-1.8650186,-1.248577,-2.0475342,-0.66577584,-0.9302417,-1.8508683,-2.2568572,-2.1794686,-2.3996756,-2.2198436,-2.0124433,-0.29585582,-2.2452664,0.5766157,-1.0555395,-1.3309188,-1.3340812,-2.9348369,-1.3417865,-3.7606099,-3.0277045,-1.1863086,-4.0984874,-4.2355847,-2.928397,-0.07082681,-0.42546365,-1.9782337,-2.4097264,-1.7227988,-0.27919817,-0.31587434,-1.8324144,-0.06271933,-2.2197053,-0.5707888,-1.8503993,-0.38957003,-0.2172943,-0.9738466,-0.7654618,-1.8757505,-0.5764755,-0.059967354,-1.6306013,-2.1959069,-2.9427693,-0.36766624,-1.9429495,-0.017300572,0.12778696,-0.9146496,0.21989477,-0.6160951,-0.240417,-1.5057397,-1.3188614,-0.47528294,0.6389683,-1.7461267,-1.4673105,-1.4975474,-2.4936578,-1.1766754,-2.1180654,-1.2921515,-2.8303938,-2.6628597,-0.7659773
-1.596874,-0.09438253,-0.47211912,-0.22001453,-0.20150673,-1.0073723,-0.7334345,-0.35225987,-0.7136411,-2.1285748,-1.1789037,-1.7086046,-1.7704788,-1.291772,-0.14945665,-0.56084144,-0.855797,-0.446586,-0.67977285,-0.54620755,-0.40445498,-1.1319458,-1.2584131,-1.2050036,-0.70644253,-0.28149372,-0.43045822,-0.5803148,-0.56855094,-0.09590589,1.2455717,-1.1210304,-1.311528,-0.37688497,-0.3401029,-0.77854776,-2.079607,-0.37849954,-0.40436321,-0.41223386,0.0056979437,0.41040716,0.95495564,-0.21444026,0.6178706,-0.7661437,-0.19208442,-2.2807887,-1.0194411,-0.5534615,-0.51210165,-1.1819665,-2.2317524,-0.8210855,-1.3403463,-0.8326798,-1.2154835,0.121672,-2.674587,-1.8731711,-2.0522144,-1.4952532,-1.7143247,-0.8213451,-0.5460225,-1.244625,-0.55402356,-0.19959746,-0.4195975,-0.72008973,0.21479338,-0.4597139,-1.0526146,-0.5924499,-0.9681514,-0.3864018,-0.61745584,-0.8574398,0.3111845,0.08757472,-0.23162036,0.25333408,0.24282722,0.23360473,-0.14159544,0.12297734,-1.7686155,-0.20575343,-1.1041266,0.13746959,0.24036004,0.7229768,-0.7359851,0.23487864,0.92222494,0.00573355,0.27718315,-0.5191482,-0.978121,-0.4825381
-1.2660539,-0.4850646,-0.44006085,-0.23309363,0.3701598,-0.23623896,0.3328182,1.0873035,1.5643089,-0.0013000243,-0.42064795,-0.24504521,-0.105355464,-0.053599767,1.9173437,-0.3924242,0.23821029,0.64423275,0.19659255,1.3758572,0.6499089,0.6847584,0.8294807,0.2875483,0.50441176,0.6417932,1.8043202,0.9767816,0.27514488,1.1215079,2.5354393,-0.8000687,-0.09318476,0.15361895,1.173143,0.53394705,0.16626072,-0.52526397,-0.25147313,0.63534087,0.7418669,1.0556326,1.8267329,0.78022146,1.3831472,1.2470225,0.44998637,0.49104086,-0.15894803,0.74648607,-0.8912391,-0.92595327,0.111963004,1.153101,-0.7840287,-0.6023482,1.0022285,1.9558997,-0.4660549,-1.0920727,-0.37490213,-0.3224342,0.24275415,0.3469978,1.270209,1.5640731,0.32350013,1.8367537,0.7746938,0.8572356,2.3715973,1.5765644,1.1773856,-0.34739554,0.2072113,0.35172787,-0.1151184,0.8935482,1.0384208,-0.67827725,0.31988415,0.72601974,0.9080814,1.7208828,1.16431,0.97786623,0.6856965,1.1042087,0.76885396,0.30460888,0.1593914,0.8612342,-0.71451706,0.80868435,0.9168995,0.3094194,0.90393025,0.9496953,-0.16666687,0.4234358
-0.50263697,-0.88688976,-1.0347251,-1.2198994,-0.28064758,-0.9087222,-0.5818305,-0.11827574,0.3434088,-1.1375517,-1.2539538,-0.76262325,-0.5728479,1.0979109,1.196851,-0.7375751,-0.28479278,0.523762,0.5865547,1.4122813,0.5863099,0.25755003,0.76672864,-0.11211445,-0.14709488,-0.34825197,0.29224962,-0.06313325,1.0417866,0.66035753,0.29776654,-0.64834917,-0.21943402,0.1702014,0.10636932,0.44665268,-0.8138617,-1.1013252,-0.7067979,-0.15979001,0.348066,0.01601436,0.7779588,0.39470348,0.64725333,0.60823184,0.37815753,0.4055627,-0.07097875,0.25568157,0.5384221,-2.496988,0.21028401,-0.616155,-2.0419338,-2.322198,0.2875366,1.0043659,-1.3549297,-0.7911176,-1.0138922,-1.2172506,0.94695646,-0.18102407,1.3463691,0.7291747,1.392448,0.61049676,-0.24828212,-0.5991329,0.21555746,-0.13090858,-0.0661354,-0.467745,-0.65014124,-0.70556664,0.68177795,-0.45586383,0.91728854,-1.4948235,-0.39323774,0.20273349,0.4321198,0.29099095,0.12412487,0.5468668,-0.8312098,-0.19469443,0.6106644,-0.91679543,-0.058607597,-0.3808152,-1.7285705,0.12825099,-0.4656336,-0.112543724,-0.44278997,0.19932425,0.13995309,-0.53300637
-1.0772408,-1.0924889,-0.6491522,-0.879384,-0.88794357,-1.5156072,-0.94164604,-0.58902985,-1.0768979,-1.0639071,-1.5706853,-1.5228492,-0.45050612,-0.67256415,-0.20060132,-0.8675248,-1.3924131,-0.88064176,-0.9695875,-0.23900189,-0.8593068,-1.5024173,-0.82264656,-1.0295758,0.04619886,0.52887404,0.23271619,0.13533083,-0.6875814,-0.5396452,0.119499534,-2.1052606,-0.41143778,-0.3509175,0.055292092,0.032312017,-0.72489053,-1.7927214,-0.7923735,-1.2231811,-1.0409386,0.040785983,0.3842751,-1.1005763,0.6044546,-0.04047573,-0.4222169,-1.1764897,-1.5495561,-1.3447156,-2.8291178,-1.9895289,-2.470881,-2.5419044,-2.274485,-1.4393405,-0.4005337,0.035676938,-1.541403,-0.5478294,-0.9884147,-0.24689992,-1.0243247,-0.36018968,-0.5189058,0.06720667,-0.62944037,-1.0444514,-1.028534,-0.9988362,-1.5289162,-0.32480502,-0.38999817,-1.1065902,-1.1107101,-0.89175683,-0.19854519,-0.5749642,0.30130804,-2.1840115,-0.4040326,-0.038009178,-1.603672,-0.30685356,0.04491669,-0.45887023,-1.9581846,-0.35913703,-0.57125175,-0.5615948,-2.6140268,-1.4148809,-1.6096907,-1.2680954,-1.312506,-0.5287466,-0.8735984,-1.3229215,-1.6502643,-1.3095576
-0.8164163,-0.11237919,-0.007414643,-0.19967158,0.69022626,0.10151054,-0.5286776,0.016643813,0.47227153,-0.8589368,-0.010500842,-0.24587758,0.31772196,0.48012018,1.4411081,-0.11325509,0.4414225,0.7602157,0.63047415,0.50013065,0.8038606,0.33426654,0.73119915,0.4180523,0.20464833,0.050996613,-0.08196524,0.64321685,0.072214246,0.4438415,0.70548457,0.021719849,0.02591728,1.0757744,0.8874664,0.049650688,-0.6596805,-1.365065,0.43468413,-0.08890097,0.05424235,0.06674079,0.9835438,-0.73792994,0.6028379,0.08972446,0.37296423,-0.69728136,-0.12087445,-0.28648278,-0.9659491,-0.619408,0.22707415,-0.59743696,0.17594525,0.6440508,0.5675565,0.7863548,-0.9223732,-0.286029,-0.3975587,0.13202496,-0.30861032,0.6136064,-0.4930123,1.2555219,0.9303544,-0.2383775,0.43559524,0.896683,-1.0183295,0.9063111,-0.43528178,1.0419687,0.46977144,0.889964,0.40376452,-0.011705536,0.5338087,-0.43132317,0.74576813,0.7432493,0.95762455,1.509379,0.7532017,0.85720843,-0.36432332,1.356653,0.59901685,0.27541658,-0.49876288,-0.096114285,-0.09974248,0.2151648,1.6908618,0.77962524,0.6050015,0.29285038,-0.32876736,0.38275373
-0.08038088,0.06547061,0.2320119,-0.046139676,0.5782579,-0.19923957,-0.1634942,0.39799166,0.47524488,0.10584533,0.1956012,0.14318083,0.1297092,0.3003717,0.48477405,-0.33103597,0.15963364,0.22488536,0.33293355,-0.23281546,0.24137071,0.04778582,0.26525083,-0.09391258,0.84439677,0.2523185,0.81243277,-0.0036607198,0.4303862,0.41574422,0.90518785,-0.028505111,-0.41792235,-0.3886768,0.7221875,-0.6442808,-0.49877563,0.6162816,-0.024512364,-0.1303595,-0.25201237,-0.10966394,1.1496638,-0.18759105,0.5044101,0.30423775,0.17933801,-0.43991962,-1.1076175,-0.79066753,0.2789046,0.20977958,0.9493569,0.051536497,0.11457942,-0.6490361,0.8422417,1.4765465,0.17882912,0.06443621,-0.6906302,-0.4272139,0.19596718,-0.1261334,-0.3216225,-0.28624877,0.63954294,-0.032170776,0.8298847,0.89034736,0.4714469,-0.12802361,0.007803889,-0.88742024,0.047405183,-0.22140081,0.25758886,-0.22181176,0.75948715,0.36427814,1.4395335,1.8375897,2.0171735,1.0285583,0.8348313,0.7883278,-0.05796626,0.5495618,-0.10076668,1.1587934,1.2932187,0.028711185,0.08906575,-0.65353423,0.30547518,0.24013619,0.17361458,0.4406244,-1.445782,-0.52290887
-1.0810409,-0.43448347,-0.5208105,-0.32720357,-0.09649656,-0.22302802,-0.042071097,0.6364043,0.73480964,1.3528178,0.9169043,0.86643744,0.8992753,0.40463218,0.4937708,0.12446757,0.98798203,0.86132425,1.0068203,0.47632545,0.02610815,1.6990964,0.7850097,1.1940324,1.2697804,1.8232265,1.3575221,1.3542864,1.3261722,0.74122196,0.8293495,-0.06718627,-1.0974448,1.1466535,0.91324073,1.5327356,1.2356625,0.25151193,1.2157329,0.051084865,-0.05877228,1.0814776,-0.08295333,0.15838212,0.7628205,0.24138255,0.45658818,0.65262234,-0.5905643,-0.11300402,-1.4371269,-0.8180845,1.3989052,-0.47968256,-0.29950386,-1.3415165,1.8142159,0.97381365,0.8692275,-0.017577413,0.029325327,-0.4259665,1.1025983,1.1226261,1.0660485,1.0668656,0.45681357,-0.29649222,0.9529145,1.4248221,0.70017415,0.1572832,1.1545793,0.2693625,1.3621289,0.60486,1.8658588,1.8786658,0.036684413,-0.9102628,0.37032557,-0.588478,0.37036473,0.6610134,1.4910288,-0.47317693,-0.35318005,0.31470385,0.94313437,-1.1971025,-0.92467636,0.45652953,0.41114202,-0.041049037,-1.0328805,-0.76077646,-0.15995008,0.15257692,-1.0697516,-1.049904
-0.45850745,0.025220564,0.37561116,-0.67097956,-0.76872206,-0.5036904,-0.64012295,-0.5946289,-1.0029445,0.9743461,-0.5170819,0.2963197,0.23913014,-1.5774829,-1.5037438,-0.26156566,-1.7685763,-1.6867113,-1.9000272,-0.81196463,-1.8080562,-0.12204857,-1.2750789,0.20313989,2.103097,2.5319827,2.5701444,0.9997553,-0.44211182,0.0058795977,0.6003613,-0.56325555,-0.57278585,-1.778924,0.45781377,-0.53679675,-0.81122434,-0.87933344,-0.059618242,-0.46030563,-2.2705228,-0.04193862,1.1264782,-0.07653491,1.325586,-0.4632083,-0.24848953,-0.98892367,-2.0992167,-1.8285224,-0.79871464,0.8054519,-0.61358845,-0.060883258,-0.23561358,-0.8450881,-0.41185674,0.51579654,0.5262359,0.88709,-0.68104124,0.88349104,0.56091255,-0.32546866,0.1091456,-1.6111906,-0.0901698,-1.4858204,0.16707161,-0.8930776,-0.99464047,0.29929176,0.86392087,0.09944718,2.3434825,1.9870017,-0.3615669,1.5400002,0.18237895,0.05356177,0.9027035,-0.51285625,-0.19370955,0.053661752,1.2480121,-1.4269271,-0.3556481,1.1351209,-0.7686821,-0.06814074,-1.6655551,-0.58864725,-0.15845719,-0.19407226,0.48208463,-0.680757,-0.11541769,-0.6285348,-2.1290054,-1.6733984
1.1976143,0.62105495,0.39699784,0.33075613,0.7814891,0.07862907,0.18419893,-0.017669775,0.30200225,-0.52620757,-0.5093161,-0.8674024,-0.40418494,-0.6843238,-0.9324131,1.0661519,-0.55349606,0.15247582,-0.5885864,-0.16798615,-1.4403147,-0.097389296,-0.8418628,-0.012217614,0.37856698,-0.022302845,0.5807818,-0.39637953,-0.6465965,-0.24133584,-0.7116533,0.47962174,0.6745659,-0.17120503,0.43572956,-0.72244465,-1.0003346,-0.822251,0.17525312,-0.059615195,0.30346712,-0.27351522,0.90431577,-0.043798562,-0.23213409,0.8109676,1.151564,0.32695526,0.15647341,0.028912406,0.34814084,0.06571344,0.26403412,-0.42294943,-0.3300047,0.13270763,0.09216926,-0.19645077,-0.80462945,-1.4833416,-1.0332928,-0.37257168,-1.6426754,-1.656449,-0.9843301,-1.120964,1.4315544,-1.6306834,-0.04103754,-0.03679072,-0.92516917,-0.124239355,-1.4306756,0.17415784,-0.4240418,-0.26083618,-0.47003424,-0.67958325,-0.24831028,-0.60860145,0.35172698,0.24387912,0.57976,0.46357363,0.09897454,0.5945679,-0.34740695,-0.15105677,-0.2452996,0.48045963,-0.78993005,-0.5889487,-0.26615742,-0.26485294,0.13504432,0.3204062,0.50230193,0.48024747,0.5229939,-0.012527729
1.008861,0.38653475,0.8943776,0.72528636,1.3048575,1.0873114,2.0130203,1.4421118,1.1916407,0.9253132,1.7564242,1.3010595,0.07476729,1.1391481,1.2567451,1.5018817,1.5968214,1.5108614,1.3883716,1.349424,0.8704647,0.69309735,1.5159142,1.1874907,1.4011453,0.48391467,-0.6010478,-0.010422258,1.2300256,0.36952016,1.3061838,0.79529536,1.982418,1.675444,1.3986335,0.79572797,1.0798692,0.9346953,2.2569246,2.4968781,2.250729,1.8690908,1.3016931,1.7697415,0.710002,2.1234298,2.8911967,2.1635196,2.2307887,1.7174836,1.8727028,-0.636208,1.8959235,1.0021725,0.31975943,-0.12742664,0.47160763,-0.058314156,-0.2540631,-0.04903097,-1.0659128,-0.37554485,1.2232044,2.002299,0.992827,0.17181545,1.6546613,0.97871184,0.2026676,0.12765358,-0.4218436,-0.7816448,1.2413747,1.0670372,-0.9641441,-0.62249184,0.29214853,-0.37192875,0.3973547,0.12214635,-0.7599622,0.5506464,0.6756588,0.26308045,-0.8292148,0.93316567,1.0961534,-0.03902443,0.6655704,-0.76294494,0.53232545,1.5087038,1.229632,1.5815352,0.5176536,1.429482,0.8500658,-0.02227667,1.8685069,1.194288
-1.1985067,-0.7678401,-0.8903933,-0.9964341,-1.3326175,-1.3104765,-0.6208306,-0.93736243,-0.9093814,-0.9431742,-1.7247876,-0.351083,0.349765,-2.3120317,-1.9927436,-0.8375866,-1.7181523,-1.4078836,-2.6657352,-0.99546564,-2.4612966,-0.9636671,-1.5697726,-0.6263895,0.05135237,-0.30818254,0.8940916,0.28878534,-1.6729531,-0.3680707,0.6649374,0.032586697,0.26084036,-1.4649862,1.1055284,-0.8450915,-1.2896242,-1.5075669,-0.20188054,-0.89045775,-1.0921104,-0.9246883,1.1786622,-0.7781964,1.7606949,-0.570128,-7.169277e-05,0.18639265,-1.8529524,-0.9811564,-1.0495683,0.19999555,-0.41503084,-1.1834697,-1.2324297,-1.0729098,-0.010032968,0.49676126,-1.0730331,-0.13534975,-0.086303204,0.08696171,0.7289739,0.22476673,-1.3159419,-1.0652798,0.17184845,-0.9877534,-0.3954364,0.12238059,-1.4324979,-0.30889055,0.56554383,-0.4599911,0.45440173,-0.16524595,-1.1578532,-0.63792527,0.81121254,0.23146015,0.95851976,0.9445521,0.9739039,0.89672244,0.38962314,-0.39830124,-0.43685752,-0.0125996815,-0.8530379,0.6157533,0.23292908,-1.3045627,0.2871336,-0.39386687,0.17281212,-0.37262607,-0.28326455,-0.54223937,-1.0383741,-0.8731233
0.24770729,-1.0631169,-0.9735585,-0.8557982,-0.80920774,-0.74884427,-0.9268727,-0.84883595,-1.0344586,-0.8062965,-0.58608127,-0.30867144,-0.6761282,-0.03178117,-0.6095124,-0.8318947,-0.0019951977,-0.30355784,-0.20991643,0.5465293,-0.4662686,-0.61748236,-0.58742654,-0.03862555,0.03020439,-0.22324075,0.31971362,-0.10957898,0.18939538,0.023263033,-0.36809435,-0.8811541,-0.36636716,-0.46065193,-0.36893073,0.17835678,-0.2949109,-1.168563,-1.3494772,-1.1662431,-0.43442455,-0.46978983,-0.42418334,-0.109012604,0.45051897,-0.27019525,-0.98281544,0.21231376,-0.27740023,0.21908188,0.5070946,0.27531907,-0.17152515,-0.5011221,-0.97840357,-0.08299483,0.6651821,-0.02876958,-0.18476364,1.086137,-0.9964402,-0.6377889,0.053791426,0.36531785,0.70294535,0.2680786,1.0065721,0.41307932,-0.11560929,-0.22247566,-0.8539024,-0.5562125,-1.1128361,0.035215583,-0.4707439,-0.743241,-0.21216883,-0.3026031,-0.057661213,-0.49807253,0.030855682,-0.13648435,-0.4324866,-0.31946895,-0.46923617,-0.684388,-0.17033342,0.17341852,0.58598584,-0.08034271,0.07875926,0.73641056,-0.122164994,-0.8401417,-0.950623,-0.14868337,-0.94967926,-0.4859526,0.39897743,-0.053988874
-0.40545982,-0.9157986,-0.64133316,-1.4955674,-1.6683954,-0.9930227,-1.4075569,-1.3162624,-1.5957882,-1.4051248,-1.8512927,-1.4926168,-0.55845934,-1.9397737,-2.0612793,-0.95605415,-0.9920413,-1.3027209,-1.4155602,-0.8050528,-1.6377826,-1.0948017,-1.2998068,-1.1591995,-0.5512501,-1.2151964,-0.27340934,-0.77646005,-2.03009,-1.6167837,-0.86776334,-0.96709526,-0.81581753,-0.9614957,-0.65094894,-0.29831773,-1.1482689,-2.271848,-1.5527679,-1.1372153,-1.4111288,-1.0716381,-0.54702383,-1.0125747,-0.6545814,-1.5024476,-0.17271754,-1.2687355,-0.78815967,-0.5913992,-1.2228954,0.0850382,-0.7148481,-1.0567458,-1.3701322,0.43480048,-0.49103546,-0.22119379,-0.4982565,0.41902924,-0.81658626,0.08417884,-0.77302736,-1.139194,-0.25929067,-2.4100928,-0.8046768,-1.159345,0.58956516,-0.15806012,-0.9688434,-0.017238677,-1.4158463,0.41516128,-0.51263046,-0.43155763,-2.7903955,-2.2620292,-0.8825274,-1.2718692,0.6727257,0.7713735,-0.6154085,0.14060146,-1.5107737,0.43245447,-0.58742434,-0.8327927,-0.21518447,0.6281186,-0.8244032,-1.518416,0.4781958,-0.7289422,-0.062776536,-0.5948441,-0.76729125,-1.8437335,0.03610042,0.39840364
-0.9355392,-0.30062982,-0.7876446,-0.60057646,-1.1232337,-1.3282421,-1.0952811,-1.0784031,-0.90623623,-1.0852484,-0.9417752,-1.1075863,-0.93178594,-1.6326371,-1.2191976,-0.8464147,-1.2839661,-0.9848572,-1.7599535,-0.5152766,-1.5980268,-1.0313764,-1.6408856,-0.60015476,-0.3381524,-0.66132796,-0.081535436,0.11702332,-1.1311737,-0.44169536,-0.17411287,-0.023760116,-0.8253671,-1.0931987,-0.13662484,-0.4807226,-0.61415243,-1.4779097,-1.1092119,-1.4841448,-1.1192324,-0.52852017,0.02192747,-0.43952957,0.39530382,-0.8565856,-0.8021139,-1.0174787,-1.3455999,-0.8699679,-0.60041493,-0.21875724,-0.38985002,-0.07189971,-0.44144747,-0.22371002,-0.4957571,0.027861338,0.06940483,0.052594792,-0.075059086,0.022837851,0.37170023,-0.84211636,-0.29196572,-1.033466,-1.1235547,-0.16172983,0.31066024,0.41635358,0.3617007,-0.06264463,-0.8896372,-0.83614355,0.5755772,0.24899521,-1.1031718,-0.34973404,0.15428182,-0.82604146,0.6513443,-0.21842235,-0.59533715,0.4759032,-0.044871423,0.009353246,-1.0299141,-0.15532859,-0.65351444,-0.0013323367,-0.668702,0.3693732,-0.7622348,0.17521046,0.47595838,-0.38528892,-0.037260946,-0.6948667,-1.455112,-0.24248424
0.83349055,0.6186461,-0.028317686,0.27715352,0.22158666,-0.06817108,0.14368375,0.19592735,-0.3010401,-0.004070874,0.6741685,-0.04634116,0.67886037,0.05462077,0.049523246,0.21475527,-0.09264429,0.2618035,-0.04925684,0.5609317,-0.09456723,-0.25720316,-0.32347396,-0.10002016,0.7156407,0.48975194,1.2970151,0.83870894,0.008299586,0.1391419,0.87280506,0.8756084,0.43615386,-0.24528924,1.2976384,0.38317004,0.13564913,0.8909515,0.49762204,0.44252467,0.0051552583,1.7608851,0.92995805,0.972506,1.6726354,0.49151385,0.92391676,-0.07136751,0.45149177,0.093563005,0.21999933,0.49943843,-0.17335518,0.4079906,0.9355683,0.52720594,0.9182043,1.1943656,0.074498415,-0.28743935,-0.038013734,0.8600389,-0.27739722,0.75749266,0.3365092,0.0067864875,-0.012648156,1.4496473,0.54132694,0.00821073,0.5584612,0.11216499,-0.45034423,0.78476655,0.14234594,0.4664133,0.30665645,0.4660494,0.94693553,-0.47359303,-0.03682917,0.5215445,0.32384938,0.6108738,1.1459044,0.47598505,0.2489766,1.0617747,1.1568521,0.92430264,-0.62435585,0.40603918,0.5599222,0.3211822,1.5555149,0.45467114,1.5674925,0.62210375,0.74900055,0.5410635
1.8857678,2.202867,2.143632,2.6308827,2.1185827,1.621926,2.973153,2.0357683,1.4923029,1.6239909,1.9995321,1.1129059,0.5003863,1.7094219,1.3075399,2.5280583,1.2060888,1.475812,1.1752566,0.60763615,0.9481446,1.0013007,0.45009974,1.0376164,1.2333047,0.13461372,-0.20094816,-0.4918761,0.78631574,0.7887272,0.47793406,1.9511716,2.4201105,0.9650774,0.13008222,0.6769307,0.94581777,2.0409982,2.605123,3.4451513,2.0437486,2.1073482,0.034113478,1.4971316,0.18794046,1.9818492,2.049949,1.2291042,1.7921779,2.0924466,1.1498667,-0.17290649,0.38127938,1.1702968,1.5155684,-0.5672145,-0.75284266,-0.9249288,-0.07741876,-0.113540865,-0.81796086,-0.5049787,0.7771348,1.3375113,-0.96234125,1.0126766,-0.5722898,-0.8705673,-1.1251127,-0.69267076,-0.3212183,-2.0433383,0.3423141,-0.05063675,-1.5064671,-0.91784686,-0.35940424,-0.19652247,0.53877443,-0.5976102,-2.1002033,-0.93633336,0.1287704,-1.7722037,-0.7647407,-0.29479256,1.1142398,-0.18147746,0.492905,0.1302305,1.3292447,1.2900019,0.4732205,0.15849428,-0.4011673,1.8273121,1.55918,0.7694981,0.77249986,1.6044165
0.5097317,2.0342553,1.1377598,1.6616029,1.6488886,0.98434883,1.7830468,1.57951,1.6832155,0.8329218,0.5895008,0.3461981,0.10802542,1.2512984,1.170089,1.8131968,0.071069166,1.563552,1.011587,1.925368,1.7904721,1.1810806,1.2683152,0.4407173,0.37334067,0.8593519,0.72290677,1.6292729,0.14193214,1.7151811,1.4928899,0.8509018,3.1131296,1.4943329,1.8151015,0.8955803,0.11159833,0.631078,1.7766157,1.9678391,1.7499994,1.6974672,1.3898695,1.9824693,1.1705983,1.8454387,1.270963,1.2996144,0.5908313,0.80862623,-1.1955508,0.50556034,-0.70494497,0.5385815,1.7530631,-0.21857446,-0.57794374,0.27597648,-0.49829316,-0.57701796,0.10890857,-1.3813361,-1.0761364,0.25936458,-0.2464292,-0.03978578,0.2641205,-1.0431927,-0.25492263,0.19485551,0.5334887,-0.29885155,0.7393048,-0.0735744,-0.75353736,0.2776698,-0.36352888,0.69485146,0.4950851,-0.4852292,-0.7818943,-0.5672751,1.5007564,0.6816646,1.1022749,0.7404376,0.2108612,2.1279864,1.0167494,-0.4860243,-0.58402455,1.2184314,0.79897887,1.0162772,0.8756603,1.8834268,1.8159089,0.3638778,-0.3076142,0.65619147
0.91403556,1.5452791,1.4246405,1.5160998,1.4936655,0.84144694,1.1181606,1.1112789,0.9434246,0.53245986,1.4051,0.028619284,0.117468424,0.8646273,0.36364776,1.5569677,1.5232406,1.0176082,1.2692466,0.1943227,0.86218226,0.8782646,0.732407,0.24049968,-0.11452989,0.3222403,-0.8229416,-0.8421876,-0.12914646,0.9662576,0.4744875,0.9718202,1.3184153,1.051879,0.29180387,0.26053277,-0.2753481,-0.12700258,1.0720816,1.2576865,1.2431513,0.58766204,-0.46850163,0.63228947,-0.12611836,0.62862265,0.8637378,0.3752478,0.8787815,0.8174203,-0.103629865,-0.07029996,0.29385042,0.5476432,0.9214488,-0.66277444,-0.7251436,-0.9639138,-0.574162,-0.96887153,-1.2162595,-1.3210175,-0.7651273,-0.020167679,-0.92504656,-0.18378451,-0.74191284,-1.7473247,-1.658465,-0.6510707,-0.12201168,-1.7645733,0.5049727,-1.14487,-0.50476295,-0.55168986,-1.2020873,0.07750631,0.26231995,-1.1303215,-1.524471,-0.46073577,-0.21432386,-1.002979,-0.17442976,-0.17342654,-0.2586215,0.073822774,-0.3904378,-0.43871474,1.4103749,0.18394916,-0.7164939,-1.6786263,-1.3160553,0.6101578,0.2904453,0.2588389,-0.1105062,0.17587565
1.1882813,2.232315,2.2454388,2.816343,2.7747989,2.276519,2.504552,2.4809566,2.0765548,1.1076833,0.4235418,0.44643286,-0.81564677,1.3006759,1.7924858,2.3852148,0.6460723,1.8884852,1.4670815,0.48663062,2.0400798,0.1154978,0.3422181,0.63800395,0.58657396,-0.07293067,-0.31133592,0.4350659,0.06342804,1.2359743,1.0338093,0.39094052,2.256719,2.0073771,0.36439508,0.93980145,0.52694696,-0.24968934,1.6900576,2.5315354,2.3700612,0.3316706,-0.09103072,1.3896745,-0.44751298,1.3236668,-0.13535263,0.1744857,2.2365277,1.7264085,0.5491694,-0.14113434,-0.30899817,0.49400306,1.9001733,0.8741262,-0.39726853,-1.4679222,-0.7655136,-0.8389272,-1.9825253,-1.6698003,-0.99073195,0.20361087,0.5534586,0.934625,-0.43928212,-1.1845706,-1.115272,-0.30284142,0.3684998,-1.2689365,-0.31584254,-0.5119011,-2.4778242,-0.07370252,-1.0369612,0.6739446,0.62507564,-1.5407481,-2.356187,-0.29683805,0.66234493,0.03672555,0.143061,0.21424459,0.07447585,0.10873942,0.1864142,-1.5149567,-0.68432295,1.477011,-0.9755533,0.7986792,-0.4670642,1.3265531,0.43140364,1.4259337,0.7038839,1.1549257
0.07181785,1.8822801,1.5783354,1.9792602,1.9033018,1.1235435,1.6945678,2.006467,1.6718987,1.6662592,1.1336138,1.2507813,1.0916284,1.9497398,1.4858238,2.132157,1.6022089,2.0054092,1.7421998,1.3488241,1.9306223,1.8328484,1.1845042,1.2056113,0.8505345,0.065221004,0.74115014,0.6192998,1.6085832,1.3601795,1.7855406,1.3692971,2.7331147,1.4827305,1.5654337,0.69638026,0.5807611,0.93616617,1.8871857,1.4102466,1.5544373,1.0792814,1.1099383,1.8868346,1.444191,1.8169813,1.6584744,0.94301575,0.46520266,0.86018044,-0.86699885,-0.22292043,1.458139,0.719648,1.4612198,-0.9244186,1.4892287,-0.4797009,-0.3429201,-1.4874766,-1.312031,-1.421164,-0.5537798,0.472465,-0.60071254,0.46669614,-0.74565554,-1.1603929,-1.1536329,0.48417857,0.49290666,-1.817386,-1.2451323,-1.7266698,-1.2207471,-0.39141282,0.23693506,0.59017366,1.8113253,-0.8397225,-1.6860031,-0.7346081,1.2527636,-0.7567874,0.18192464,-0.5820062,1.3728591,0.41667622,0.2794641,-0.92387193,1.108983,0.360837,-0.2027244,-0.01589206,-0.60760206,1.4757915,1.1115164,0.03501204,-1.1912856,-0.16222799
0.14322016,2.1686924,1.9815935,2.1933305,1.8976427,2.0524645,1.9407191,2.467057,2.1519773,0.9951986,-0.1797697,0.47254908,1.0007095,0.98993105,1.2583946,1.8683933,0.6308017,1.5280313,0.5594815,0.40918058,1.4701504,0.993817,0.5926891,0.35304403,0.24057186,-0.19204642,-0.019796971,0.86659145,0.8581675,1.5924612,1.7108248,1.2459548,1.917396,0.6050428,1.0834169,-0.54544485,-0.994742,0.60226125,2.0413854,1.6660124,1.3249552,1.063973,1.3901452,1.1972449,0.43590084,1.3683453,0.51933485,-1.0004086,0.6578459,-0.31713593,-0.011159235,0.2810272,-0.14434223,-0.47175866,1.7942388,0.4777362,-0.41539982,-0.46899924,-0.21589154,0.14192735,-0.09312579,-1.028606,0.041585706,1.8186778,-1.3599032,0.96050817,-1.4803411,0.6594648,-0.87651896,-0.81970656,-0.47603673,-0.58049685,0.5525353,-1.1373175,-1.6510977,0.43878233,-0.8509959,0.8307879,-0.40697455,-1.3513862,-1.9956737,-0.99672186,1.4399748,0.70080113,0.61825645,0.64030004,-0.76460296,1.2361678,-1.3149935,-0.13585848,-1.3962685,1.0563961,0.13066438,1.8983625,1.7349019,1.192479,2.3724787,-0.48979846,-0.7505989,-0.65987486
2.7915018,1.8647321,1.7555599,2.2917893,1.274996,1.5802183,2.045195,1.4903224,1.2551643,4.1136007,4.3460975,3.6976388,1.77886,4.053072,2.3772075,2.143337,3.8453758,2.1201365,3.5876913,1.4581475,2.9487364,1.8303392,2.6681187,3.0459113,0.7497038,0.13595805,-0.63857925,-2.2661781,3.4313235,1.2361623,-0.35268334,1.8434237,2.0777826,1.0135567,-1.7264955,0.4616561,1.860985,2.6926262,2.4425774,2.0991025,1.4135178,-0.25385758,-3.433796,0.44630858,-1.0989985,0.3736208,-0.5383329,1.5457376,1.4330223,0.869005,1.95232,1.031869,1.600131,-0.9533475,1.7341086,-0.0569394,-0.9509577,-2.9301882,2.297225,2.1452749,0.90626204,-0.3331179,1.1555188,2.2387187,0.5976287,3.1126182,-2.9693053,0.75420576,-0.4026078,-0.97218585,1.3021494,-1.7113929,-0.2688936,-0.8512538,-0.39095223,-0.51934874,3.0562592,0.34780332,0.56057084,1.5053265,-1.4039633,-3.2157037,-1.2920974,-2.7857985,-1.6898448,-2.9026756,2.2365193,-2.2831495,0.37227488,-2.0687568,1.167581,1.552335,-0.20188943,-2.7308629,-1.9262328,0.32016325,-0.59496385,-1.2121391,-0.08707692,-0.7051208
3.1880276,0.93993837,3.033733,2.4792836,2.5764308,3.0026057,2.2895186,1.9891253,1.6326277,4.3695674,6.0295115,5.3575892,2.8483531,4.6224356,3.107221,2.3284695,5.3140645,2.3604612,4.6752915,-0.0874924,3.4605742,2.4700418,3.5113032,4.7593713,3.192157,2.756619,-1.1201233,-0.6620331,4.9891286,2.2207408,-0.21226895,2.7531936,0.9866584,2.3693786,-1.2331581,1.5596663,5.31428,4.1914816,3.7886982,2.3543108,1.5920446,2.046302,-1.643062,0.5687194,-1.4738235,0.6427451,1.5427113,1.0099053,2.4738607,1.8015407,2.779308,-0.33873415,4.2894278,1.226681,2.0439477,-1.0702713,1.9650404,-2.6337917,3.6347384,1.3208346,0.06699856,0.8366418,1.825659,2.5261369,0.009773326,3.3192816,-0.3298158,1.0606132,0.05854782,-0.036161095,-0.38615903,-1.3413799,2.517556,0.12471267,1.827596,0.82773995,3.5262625,0.93779904,1.6276563,2.873752,0.016421214,-1.9263947,-0.30600637,-2.6493075,-1.4682854,-3.7667565,4.7930865,-1.6985246,0.49725214,-1.3432595,3.8589907,1.414735,2.6974878,-0.41898188,-2.3075168,0.61637616,-0.40546703,-0.1284694,-0.27730882,-0.12209018
-0.72321707,0.36895174,-0.12343796,0.055797383,0.103284486,0.3673433,-0.06426288,0.51963794,1.0426933,-0.015807994,-0.16666546,0.034856737,2.1688397,0.30573013,0.6203299,0.050274294,0.23308791,0.7711424,0.5720924,1.5752344,0.4531249,1.2224942,1.41255,1.0235704,0.6692188,1.5241559,1.9063914,2.2520301,1.3628513,2.286103,1.3343365,1.1379209,0.33575413,1.2419745,0.8731067,2.3129182,1.0232044,-1.216418,-0.16323021,-0.79955864,0.57640946,-0.25366783,-0.1850428,0.71715915,0.7910439,0.41062975,-0.9676392,1.0709171,-0.20140511,0.35098767,-0.005592786,-0.59179944,-0.17681035,-0.7779394,0.07334797,-0.3738778,0.7137728,2.0834937,0.86672413,0.86820996,1.8661479,2.1557455,1.979484,0.16888759,1.3034055,0.7342986,0.9121624,0.66406596,0.5059778,0.7916843,2.504218,2.080513,1.6702458,-0.31014994,2.2045887,1.9961896,1.8703793,2.7881649,2.3575768,0.32196218,1.2017032,-0.8530868,0.9614643,1.9231107,2.8138626,0.14114784,0.46264797,2.15951,1.2912124,-1.4451424,-1.6848407,1.0228559,-0.9200059,0.61654985,0.32774517,0.80825824,0.70085275,1.0080832,-0.5423895,-0.41693035
0.0047516553,0.29435268,1.1487033,0.6419068,0.5618997,0.7942201,0.58676904,0.9204419,0.94746155,0.6173188,-0.005794806,0.35040483,-1.392702,0.24334586,0.9189664,0.5701205,1.0637465,0.9555567,0.7688096,0.9831495,1.0694973,1.2704731,0.9560364,2.1944895,1.253358,2.1433158,1.3504556,0.57442695,1.3483078,2.098727,1.2024993,0.59636945,-0.34235832,0.55275905,-0.19265296,0.2335004,1.3283771,-0.113174014,0.88520014,0.09513003,0.5569209,1.153625,-0.014734287,0.2609985,-0.2582494,0.8020904,0.1766044,0.4973413,-0.05229147,-0.16250278,0.96836376,0.086853266,-0.15885267,-0.9633588,-0.08247263,-1.1749384,0.64289343,0.7981364,-0.60656804,-1.2934713,-0.45712185,-1.4202192,-0.795248,-1.6130695,-0.9710513,0.38915494,-0.5570978,-0.74171937,0.079794675,0.124184355,1.5016183,0.8109315,-0.18538627,-0.8573748,1.901618,1.6092085,1.5381767,0.5081261,2.5991423,0.9912861,0.94786537,-1.3303604,0.15523815,0.17326643,1.1239973,-0.5297082,0.5707271,0.6125531,-0.29610467,-1.5339963,-0.16745014,1.8560592,0.30922964,0.98396355,-0.2613337,-0.16659977,0.8469371,0.03829572,-1.5492405,-1.198044
0.043194782,2.221211,2.6934857,2.5182612,2.55769,2.5090199,2.1747723,2.4630752,2.4398277,0.6365051,0.29795453,-0.588219,-0.9474387,1.1360492,1.7367184,2.4973867,0.77455705,2.0584683,1.2335742,1.2194033,2.2007432,0.9880708,0.66183114,1.0319647,1.2373872,1.5491401,0.29855198,1.6951625,1.8537973,2.104079,2.0185568,1.4250929,1.568682,2.422981,0.8278132,1.3946483,0.6673425,0.22191429,2.4371681,1.8571696,2.4733527,1.7954795,1.4227942,1.778091,0.71382576,1.1069725,0.49341884,1.0120531,1.9237044,0.88482076,1.943534,-0.2962436,-0.038192067,-0.67789096,2.0160398,0.23315002,-0.939634,-0.05164384,-0.41516873,-1.8476121,-0.3495459,-1.2326565,0.33979517,-0.32703274,-1.1020824,1.0755048,0.19168198,-0.64686716,-0.8193259,-0.17758895,0.5996282,0.26541185,1.550462,-0.80053085,-1.1180711,1.8756565,1.0925733,1.315008,2.2853968,0.7603133,-0.45492318,-1.2114619,1.7700679,0.99722636,1.1835474,0.5654529,0.17374279,1.4905424,0.2705323,-2.3089864,-0.261956,2.5455453,0.23382664,2.0122082,0.39649647,1.0786111,1.3754,1.9712657,0.61521363,-0.10454242
1.2693138,2.0020993,1.9245291,1.8723574,1.8878226,1.5097454,1.8308481,2.0556898,1.5590873,1.7382255,1.092755,0.68908244,0.27147767,1.7514874,1.364494,1.8500296,1.2933348,1.9693414,1.4354402,1.3640202,1.3514342,0.7430638,1.7994736,1.4956362,1.7623446,1.1957752,1.4797399,1.1699977,1.7854563,1.0235531,2.3708167,1.2413894,1.5095345,1.6178527,1.7041252,1.3223989,1.5341187,0.7858666,1.4276162,1.4012325,1.7819384,1.4928825,1.649943,2.0543559,1.1422689,2.1065533,1.7118413,1.3498113,1.009687,1.2941899,0.97668624,0.29357955,1.0514569,0.39544943,0.6755302,0.6370338,0.580562,0.710153,-0.03240756,-0.4166032,-0.5564166,-1.2926635,-1.1915302,0.38406405,-1.3169826,0.41467884,-0.15124007,-0.92200977,-0.59341615,-0.20086142,0.5691652,-0.575366,0.6963162,-0.6869511,-0.68707925,0.9993912,1.5716635,0.9837252,1.8579599,0.25547168,-0.9277962,-0.815337,0.77083325,0.27741155,0.46537164,0.12647387,2.313126,0.23399763,0.57361954,-0.9161136,-0.17111419,2.1716998,0.49239048,1.2214025,0.81300896,1.7318574,1.5873954,0.22725278,0.023102839,0.422201
1.4645233,1.8009406,1.8622954,1.905512,2.0570164,2.0389316,1.8684635,2.0920208,2.4120579,1.2966619,1.2853327,0.26636326,-0.502038,1.8965433,1.7389357,1.6275201,0.6617959,1.4168575,1.1757238,0.9620912,1.4591662,0.6597119,1.1452507,0.51840246,0.7599652,0.06410669,1.2466944,0.81909066,0.98884624,1.4148444,0.96652144,1.8824967,0.65459424,0.814757,-0.23617037,1.1016532,1.153743,1.1103069,1.7448906,1.7973713,1.520121,0.52770966,-0.46924746,0.7063341,1.3114376,0.9468563,-0.86459786,0.21346585,1.588326,1.1045666,1.7597394,0.7170325,0.67824745,0.717019,1.7000095,0.1420614,0.78062373,-0.056209445,0.45801908,0.76951844,-0.47519764,-0.7089036,0.43864554,1.1013739,0.55048823,1.4645993,-0.034939494,0.5311854,-0.8127126,-0.43865463,0.83883655,-0.3779854,1.2696202,0.17775397,-0.83054245,0.56237686,1.1275485,1.1660999,0.9976475,1.0526359,-1.3780485,-0.2317763,1.4506178,-0.33231583,1.848732,0.8569653,0.9960664,0.82679576,0.83526766,-0.3369003,1.2860825,0.8784612,0.36893523,0.9447298,-0.08975777,0.9724104,1.1305008,1.816177,0.7850626,0.31408653
1.2705433,0.54489005,0.9634081,0.7716183,0.6340405,0.616813,0.9927883,0.9733193,0.6464532,1.2847195,0.22810432,0.20550196,0.045549016,0.96440846,1.4555699,0.5988721,0.7908586,0.9973024,0.9634669,1.3893708,0.9157486,0.3132563,1.1177707,1.1772199,1.0278888,0.7519318,0.87106496,0.9560872,2.3461049,1.3262936,1.0299749,0.52596134,-0.07670144,0.9996009,0.14708725,1.2673635,1.61771,0.44753984,0.8146563,0.2813609,0.7940936,-0.6136046,-0.34639266,1.1146561,1.1462373,0.8840034,-0.13559078,2.211803,0.38276723,0.53461486,0.07902848,0.11513179,1.3821654,-0.9570708,0.5564386,-0.8350011,0.12523828,-0.16806993,-0.042883936,-1.3454143,-0.6717301,-1.030554,0.06132813,-0.10682901,0.2289949,1.3922849,-0.16832015,-1.9201201,-0.93327963,-0.6456516,1.3904164,-1.5318034,-0.22365387,-1.2591124,-0.50846887,0.45439976,1.95956,1.022488,1.4395963,-0.2255139,-0.9175705,-1.5231607,-0.3239419,-1.0711824,0.71456856,-1.6547195,0.23441777,-0.31450105,-0.26241848,-2.1903858,-0.88741404,0.8760239,-0.75421506,-0.43196067,-2.2550912,0.49542925,-0.36041394,0.20847903,-0.1630523,-0.7742721
0.27655667,0.80012876,0.58763134,1.4235516,1.2161902,1.0886211,1.4255424,1.4094229,1.5429147,1.3239633,1.0954732,0.45145294,0.79367834,1.3365777,1.9237473,1.3408663,0.5924552,1.4689046,0.66772,2.639937,0.64756286,0.29836604,1.2023076,0.71709913,0.6827849,0.84269625,2.2452488,0.80686337,1.128365,1.1882651,1.3783951,0.6606635,0.8684431,1.448106,0.5395786,1.7541399,0.967004,0.82264125,0.87983245,1.1305294,1.6659971,1.6244078,0.26794136,1.7734307,1.5233926,0.78087026,0.9661669,2.0591009,1.4732629,1.0715947,0.85655737,-0.9664452,0.48314556,0.6610829,0.5191299,-0.18115383,-0.14012402,0.7723811,0.14261903,-0.5204745,-0.47707626,-0.10882457,1.6272627,1.4390544,0.598753,2.3986762,0.90470296,0.8437701,-0.89818496,0.21195333,-0.27390763,-0.8765978,0.50792825,-1.1817558,-0.5966472,-0.0052453997,2.2898452,1.6954238,1.342144,-0.6790476,-0.5349085,-0.6512464,0.28328505,-0.07023514,1.8623308,-0.40490544,0.59005666,1.5256389,1.4781108,-1.1124915,-0.91503847,0.79928464,-0.35335702,-0.3557976,-0.9827813,1.6345608,0.9213314,2.6962903,1.1862993,-0.27429372
0.08199868,0.7166937,1.3072554,0.70694155,0.31559178,1.4623609,1.0211886,1.3074936,1.1839705,1.2895325,0.6800625,0.82507616,0.34908417,0.72463757,1.1676373,0.91543984,0.37337056,0.98936075,0.63624614,0.84205586,1.1086411,0.44755313,1.2416928,0.74431163,1.5867715,0.28871936,0.19440065,0.34790647,1.3921825,0.93091667,1.3829769,0.1715585,-0.3712763,0.27231574,-0.43602392,0.5673888,-0.07453175,-0.1570088,0.62130064,0.06736294,0.36837882,0.37456092,-0.5316694,0.1528738,-0.4195606,-0.17279278,-0.31047916,-0.08439076,0.60273886,-0.40855467,-0.16762766,0.43464518,-0.241921,-1.5010123,0.48065585,0.37892514,-0.68292874,0.265444,0.28359717,0.076928034,0.9183031,0.36047134,1.3786818,1.2337235,-0.13977633,0.9607843,-1.0635492,-0.7285562,-1.6443437,-0.7685659,0.5100587,-0.5904265,0.49144694,-2.116481,0.26799273,1.0404457,0.45623076,0.6054451,2.2607727,-0.46458906,-1.1727145,-1.4218218,-0.10304227,-0.57806635,0.35888886,-1.3794405,-0.676475,-0.07604456,-0.29260117,-1.5998086,-0.9418514,-0.42460805,-0.87417674,-0.57887346,-1.2580527,-0.49259487,-0.95524496,-0.92295164,-0.39037323,-1.3077264
-0.63465846,1.2264518,1.2044694,1.5393243,1.582954,1.3440917,1.4468218,1.5981861,0.91614264,1.8503484,0.67872757,1.5445782,0.35093644,1.1645983,1.735345,1.4627845,1.0373434,1.3880014,0.80566126,-0.16462697,1.3020706,1.6153332,0.8087067,2.0413353,2.5118606,1.6894443,-0.10237947,0.4661208,2.327426,1.0525043,1.6358248,1.3253064,0.118176565,1.3616608,0.27325818,-0.032029845,-0.10728498,1.3399048,1.7352936,1.0871314,1.102818,1.8387167,1.7947352,0.8283012,-0.31298116,0.8269552,0.761758,-1.0138322,0.44167924,0.02276929,-0.23278384,-0.66930705,-0.68806547,-0.019756455,0.7221824,-0.6813409,-1.1785827,-0.36934975,1.6630077,0.16596277,0.8517591,-0.2935972,0.3011009,-0.08103862,-0.6583164,1.2295226,-0.3865786,-0.22354534,-0.018210955,-0.8285814,0.10390359,1.888011,2.2061641,-0.836555,0.10331598,1.75365,1.3737863,0.87090707,1.7708375,1.2516055,-0.9061465,-1.4447699,0.4409574,1.287758,-0.19567184,0.20357372,0.1193099,0.4048462,-0.50181437,-2.0979733,0.4039535,1.9242798,0.43924546,2.8558574,0.989867,0.28552955,0.89735234,-0.06868587,-0.54960495,-0.52913386
2.329508,1.5213723,1.7153294,1.7736052,2.0420022,1.896947,1.9476293,1.6629642,2.025253,1.9224778,2.540419,2.052164,0.49803945,1.574064,1.7957762,1.9777107,1.6187723,1.7318443,1.6199374,0.25685054,1.7066011,1.7862993,1.7426717,2.0961695,2.225891,1.9511933,0.4362619,1.1983092,1.5367509,1.5970436,1.1220127,1.4906,0.726291,1.5311081,1.3329529,0.0057105874,0.83156985,1.4243605,2.220676,1.5144503,1.7709734,1.3113106,1.7543613,1.5640986,0.31572562,1.6038961,2.1246831,0.60557914,1.9832636,0.7474062,1.7195035,0.67299074,0.6350585,1.4621813,1.6688834,0.972464,-0.15611267,-0.54216444,1.2648484,1.8763485,0.842312,0.29570317,0.19393113,0.670976,-0.48509008,1.6500127,0.052831877,0.6620587,-0.24259366,0.16212942,0.34636092,0.19500698,0.53569454,-0.3414586,0.03848174,1.8320302,0.6109739,0.38263255,1.7097682,1.6226416,-0.98502636,-0.5531372,0.9773506,0.34981024,0.1284626,0.87514675,-0.43711132,0.47230953,0.04301543,-1.2472574,0.12206291,2.0365481,0.6600354,1.3883135,1.4414057,1.736886,0.93215424,0.12837149,0.48049694,0.25282165
1.6032248,2.1944664,2.0474107,2.0056741,2.1578503,1.8988736,1.7251633,1.452095,1.3901265,2.1097622,2.0270019,1.743075,0.6494179,0.8735622,1.0783443,2.4134574,2.2539096,1.9136223,1.3275133,0.9499301,1.5213207,2.1325796,1.5541826,2.0540807,2.4698024,1.9106522,0.6330988,1.1168362,1.1938289,1.0054234,1.8125181,2.969305,1.4773788,2.1849244,2.329017,1.2105441,1.7917433,0.90360993,1.6766526,1.239761,1.5832449,2.785024,1.6975657,2.111595,1.3724941,2.011275,2.3938906,1.6229565,1.2015749,1.1053922,0.19752322,1.3104694,2.0033717,2.5853012,2.0307503,1.7126863,0.5499057,0.6456074,1.1141407,0.18991205,0.6056103,-0.788433,-0.6159769,0.21011889,0.057216562,0.0016838451,0.2144867,0.04710815,1.6615918,1.6539246,1.1776494,0.99693197,1.952889,-0.17938815,1.194694,1.8688086,1.0156138,0.63729596,1.2706141,1.486013,-0.25818816,-0.14739774,1.5200137,1.297752,0.38952243,1.2510272,1.8725876,0.7261947,1.1472764,-0.8051132,1.0423105,1.6950052,1.1462134,2.2918987,1.0729997,1.298546,1.6846616,1.0684572,1.218028,0.722371
0.55014354,1.7268587,0.7399644,1.8240067,1.7169812,1.1657498,1.5738378,1.5346881,0.66294837,1.4232084,0.45264292,0.7873018,-0.03462333,0.9344273,0.5910794,1.6945173,1.1928905,1.3690561,1.0609834,0.77467024,1.0796667,1.829468,0.9968252,1.750949,1.0532603,1.2202879,0.961029,0.7271212,0.8948633,1.0473816,0.60206723,1.5938395,2.117607,1.6339159,1.9686232,1.0164671,1.4635824,-0.52560985,1.4427401,1.3740671,0.9810715,1.3781458,1.2602644,1.1628013,0.19577305,0.66787034,1.8202262,1.6619369,0.92168415,0.52494985,-0.032589547,0.24904582,1.4715053,2.44319,1.9883376,-0.93039584,0.017020734,-0.16377324,0.63222647,-0.60611844,-1.2830709,-1.1304908,0.026300348,0.63674647,0.5399163,0.27393073,0.33011305,-0.19434641,1.2996392,0.55351317,0.82186776,-0.58819467,1.5126508,-0.7695761,-0.16449907,0.6175245,0.7357969,1.0616863,0.1053216,-0.05561405,0.4584713,-0.03515848,0.50050616,0.3970861,0.23139675,-0.08416467,1.7925631,0.6302839,0.16167769,-0.7771167,0.88736105,0.7470364,0.6834294,0.65352595,-0.075596154,1.5816253,0.826008,1.7210883,0.46819267,0.35810792
1.7298964,1.8100567,0.8929693,1.5867819,1.7987143,0.94558907,1.2467619,1.0459965,0.7678797,0.57766896,0.41504163,0.5810297,0.65080416,0.8797409,0.72381735,1.3280307,1.0343083,0.97946525,0.7936527,0.20100649,1.2867248,0.90439636,0.69648147,0.76900154,0.068991154,0.18456697,0.21922351,0.79621613,0.55376935,0.89149165,0.23447154,1.178754,1.9000857,0.8340911,1.5192223,-0.24283646,-0.27587608,0.68438256,1.3563898,1.0038408,1.3940581,1.1976538,1.4342922,1.1688453,0.38725334,0.97119987,1.1103884,0.3127043,1.4727689,0.098849386,0.82480425,0.9527041,0.56029207,1.6786737,1.486831,0.4297576,0.22394024,-0.78801656,-0.075403474,-0.2879541,-0.13717467,-0.92360216,-0.5324061,0.55232805,0.47557735,-0.3701494,1.3322958,1.3190383,0.90696204,0.42903993,0.42045748,0.4580567,-0.22618948,0.12521546,-0.5845697,0.1032544,-0.44417083,0.7791867,0.62031347,0.33267596,-0.06288102,1.2793328,1.3851867,0.76474285,0.069868326,1.2791085,0.12870263,0.6018535,-0.23529872,0.40819916,1.0522258,0.06941312,1.3189728,1.3687409,0.7931395,1.8998524,1.4620237,2.1392798,1.4624506,0.8403602
1.8384413,1.3676937,1.4112155,1.072412,1.5874557,1.2383682,1.2209531,1.3968949,1.2434952,0.67824477,0.62010187,1.2502528,0.54419875,1.1408144,1.2564772,1.2217518,2.0288205,1.629952,1.37177,1.0105397,1.4402136,1.9089686,0.91756094,1.0889897,1.2665858,1.4066768,0.39348957,-0.13606137,0.91824275,0.47058436,1.1309453,0.5800478,1.4002624,0.8699081,1.5154294,-0.353567,-0.2512463,0.19771124,1.309137,0.8143942,1.2375822,0.24144183,0.9370091,1.4705429,1.3170713,1.4465876,1.0578958,1.6953954,1.5992006,0.63943,1.3477906,0.2882355,1.167828,0.5063953,1.1718516,1.8622876,0.74944603,0.005549491,-0.039741058,0.7268908,-0.1482142,-0.30823725,0.10160906,0.5958491,-0.46076128,0.6592474,0.54601884,1.5573894,-0.10642723,0.84878063,0.93236303,-0.2519534,-1.1817753,-0.28496033,-0.2213336,0.75960493,-0.42839342,0.4754489,0.18709978,0.14745663,-0.484888,0.11469499,1.6130197,0.56827873,0.18422373,0.08930728,-0.07757304,0.76016414,0.9415706,0.58808297,1.4761796,0.71758723,0.235194,-0.16110817,0.2436794,1.6638504,1.8135358,0.4383665,0.38828313,0.25016576
0.23010525,1.0349344,1.4038255,1.4055144,1.0293299,0.64415514,0.9591284,1.0018363,0.9298691,0.8373591,0.5385377,0.3304659,-0.3691638,0.7755959,0.6766614,1.4256281,0.8060908,1.3060757,1.3596928,0.7900501,1.4108037,1.5473771,0.85916257,1.1125448,1.2106653,0.6075094,0.76524985,0.25536948,0.85906214,1.2253553,1.3536135,-0.112852536,0.5970546,0.7581121,0.6219941,0.57395273,0.64021844,0.13276373,1.2848225,0.981237,0.059561748,0.100914635,0.4052401,0.5197228,0.68210644,0.54478663,-0.40585193,0.25904337,0.13375787,0.024681302,-0.056404248,0.4770747,0.6726443,0.20820484,0.8592095,-0.3537413,0.09939565,0.4328853,-1.0422256,-0.68292356,-0.21843836,-0.82581395,1.0175157,0.2199547,0.5014008,0.610116,-1.2732506,-0.64546055,1.4625161,0.30210957,1.6732329,0.060054027,-0.25505012,-0.6840481,0.22053874,1.1393621,-0.057880152,1.5087945,1.2881298,0.07958533,0.20211032,-0.6099171,1.2754942,0.1355972,0.34366015,-0.055238817,-0.19431275,-0.3452385,-0.45476583,-1.1809728,0.3060998,1.294077,-0.00090808864,-0.12882264,0.2054578,0.4703701,1.0079409,-0.85980064,-0.78547573,-0.83558744
1.4385948,1.5241071,1.2966176,1.3857877,1.5340718,1.5370315,1.5539492,1.5955034,1.636937,1.0406938,1.3464115,1.5666773,0.15223968,0.9497084,2.0233283,1.87174,2.1631901,2.337525,1.8940767,1.7013533,1.3581871,2.2097354,1.2341733,2.122326,1.567599,2.232045,1.8255963,1.4432838,1.3635671,1.9988297,1.0008477,1.4429421,1.583216,2.1804082,1.8909615,1.3748925,0.4133928,0.26784077,1.5342883,1.3627596,1.540991,1.5401924,0.95368564,1.5950665,0.7367404,1.3654081,0.39474687,1.4450513,1.0921357,0.76948625,-0.15424742,-0.5252726,2.0457497,1.1758641,1.2788205,1.1205077,0.96624166,0.20546134,-0.36095434,0.2495093,0.1989314,-1.5616583,-0.4167053,0.65834486,1.1658473,1.6139364,0.11401014,0.5307562,0.9991019,1.2736213,1.6236529,0.98094034,0.5514452,-0.4468886,1.0150446,1.763888,1.3249866,1.9684439,0.3116419,-0.02451371,0.35505852,-0.5795661,1.5690894,1.1389164,1.3046441,0.042175755,-0.2651036,1.1908656,0.93038404,-1.6193949,0.071684614,1.5114077,0.24796063,0.58188814,0.8335551,0.9010059,1.3374385,1.1338791,0.21935259,0.00060301716
0.7229831,1.5524875,0.5728692,1.0944668,0.5149107,0.7646724,0.54176736,0.8188848,0.47401643,1.1111071,0.2710763,1.1219877,0.23491295,0.68149483,0.3679112,1.1048377,0.51907194,0.6076695,0.8777254,0.8611199,1.1454111,0.2630299,0.51689816,1.2569994,0.56047267,1.1517482,1.2591373,0.8844756,0.9181554,1.1246454,0.47830528,0.34221467,1.1100924,0.057021834,-0.23284464,0.61684227,-0.10801851,-1.6024774,0.259422,0.13822773,-0.54326874,0.07385973,-1.3920429,-0.037866015,0.84366596,-0.330904,-0.6012007,0.44569775,-0.44913447,-0.78954643,-2.3823714,0.042816453,0.8062629,0.10542091,0.66093796,-0.07123587,-0.27170926,-0.045653127,-0.4007452,0.29550767,-0.47677165,-0.5986482,-0.5252753,-0.97234505,0.8489156,0.06864979,-1.2204728,-0.115926445,0.12316984,0.229351,1.3074622,-0.7239648,-0.37591726,-1.439496,0.79267853,2.147293,1.2505462,0.25451723,0.04221588,0.041722126,0.38975617,-2.0349002,0.11701649,-0.6708288,1.1529579,-1.7253699,0.1442075,0.17401366,-0.14989334,-1.3898368,-0.44066,1.3049666,-1.800167,-0.60023254,-0.56131035,-0.06532945,-0.2606045,-0.5309635,-0.8356766,-1.4353943
1.4948256,1.3514344,1.0782464,1.3182764,1.1663836,1.0941527,1.3755252,1.4497062,0.9807901,0.95535505,5.88027e-05,0.32026124,0.019466378,0.9551317,1.1565454,1.394189,0.8829739,0.98271525,0.8801189,1.4456713,0.582178,0.07670718,0.15032142,1.0779573,1.0350384,0.6488767,1.2911209,0.55846834,1.0902512,1.1080829,1.078195,0.8367579,0.6667551,1.2635568,-0.17573303,1.6847072,1.4729061,1.1440142,1.5484203,1.4905988,0.8801537,1.8770534,-0.770802,0.50677437,1.0940263,1.2880633,-0.4855714,0.23210704,0.85604113,0.8389195,1.317388,-0.123832725,0.02482698,-1.2791278,0.36969048,-1.023558,0.15265897,0.12817629,-0.79276127,-0.91635835,-1.4500566,-1.6543411,0.7748272,0.7584696,0.4587255,1.276452,-1.5174003,-0.14957847,0.004571742,-0.26170614,1.1435969,-1.0865787,0.7814305,-1.023349,-0.1691272,0.43848813,0.6244688,0.27122694,0.91129714,-0.2716052,-0.6272579,-1.9990914,0.38038093,-0.9685306,1.2106138,-1.6289555,-0.007090709,0.43432626,0.8756436,-2.056285,-1.4113327,2.2082124,-0.7072531,-0.42652127,-1.1032953,0.48141026,0.121087566,-0.63902926,-0.38904026,-0.48275045
1.7334267,1.1060735,1.2264388,1.2136726,1.2363032,0.7568018,1.7667446,1.2010213,1.2262061,0.29012913,0.48231927,0.6887836,0.386093,0.9886816,1.046639,1.1627415,0.6548711,1.1943505,0.4855494,1.2815971,1.1600002,0.6877179,0.823141,0.29949528,0.06691133,-0.09878264,0.53150046,-0.28778335,0.7880822,1.3004907,0.88437384,1.4102677,1.2098641,0.9423203,0.43055612,1.4523325,0.42315787,1.4338943,1.4648341,2.4279983,1.6475205,1.3226981,0.26578856,1.3356901,0.6443391,1.5081009,0.7997757,1.0009885,1.209952,1.5325015,0.26232767,-0.8378999,-0.507751,0.07603658,0.14771383,-0.83270925,-1.1251935,-0.46255705,-0.8849244,0.6153523,0.057094846,-0.11195456,0.02847932,-0.0840165,0.38953555,-0.22540635,-0.23163986,0.21677962,-0.8049404,-0.6597163,1.0480502,-0.69599855,-0.43883115,0.10551297,-1.0598712,-0.45130646,0.30447373,0.59622955,0.44595245,0.24289837,-2.0014544,-1.0663651,-0.21635148,-0.45303687,0.20834367,-0.78050154,0.041855577,0.1543506,1.1234652,-1.0341967,0.42159367,1.8033334,-0.35295218,1.0804186,0.29303497,1.3365585,0.6271208,0.23858738,0.77536803,0.8558129
1.4236538,0.69356817,1.186653,1.5076022,1.539346,1.8345506,2.428875,1.8202786,1.8495629,1.0953611,1.5968301,1.2388109,1.2541798,1.8200501,1.8459306,1.0676816,1.1426922,1.6024181,1.3501941,1.9512542,2.0546153,1.0952231,1.9111795,0.90245587,0.96683055,1.048985,0.98111117,1.6367371,2.217054,1.6920831,1.8085532,2.4530337,1.7574285,1.7739077,1.6645206,2.3594406,2.191701,1.3073195,1.667076,2.5350618,2.7159393,2.3539891,1.0010003,2.527205,1.6868516,2.2518287,1.8440814,1.6105857,2.7594512,2.5885162,1.5693152,-1.3164167,0.32043213,0.6597306,1.5087616,0.33953708,-0.69118685,-0.5109958,0.46615505,-0.037536178,0.25637028,0.121146105,1.745121,1.3655303,1.131388,1.3665885,1.3738755,1.5907571,0.061581384,0.1427258,1.5206465,0.3976069,1.2508073,0.83962345,-0.49882433,0.42037773,1.328608,1.4926251,1.6292596,0.45481482,-0.8490998,0.056799382,0.578152,0.76148933,0.7459027,1.0665627,2.5280252,1.4255888,2.1237342,-0.021859165,0.4172836,1.3306371,0.8386923,2.169258,0.45155528,2.5264204,1.4114251,2.508793,2.5578856,1.5748831
-0.019683393,0.057885267,-0.5181411,0.029955124,0.17601857,-0.24305299,0.69752604,0.77320075,0.8106717,0.36712316,0.83847415,0.005658087,0.7619023,-0.37065622,-0.34972304,-0.117517956,0.41954634,0.58892024,-0.10218184,0.34726244,-0.54104483,0.87459016,0.23276997,0.057086088,-0.4891076,-0.5047539,0.096316084,0.107257865,-0.46644005,0.3250253,1.0114915,1.195891,0.28959778,0.7861387,1.0387864,0.5386958,1.2129871,0.097758815,-0.022086866,0.5265972,1.4369559,-0.023552168,0.692246,1.5665324,0.6426145,0.970704,0.46684766,1.0292405,0.33584198,0.923873,0.9553709,-0.0006988409,-0.27535895,0.71653706,0.48299748,-0.49223745,-0.8345428,-0.37427217,0.38362235,0.21981335,0.61732364,0.6304824,0.15648842,0.5886156,-1.2098479,-1.1214063,0.09637027,0.70201665,-0.94348514,0.5643718,0.5046335,-0.107328825,0.55626166,-0.59861004,-0.19953756,-0.6654021,-0.44474232,0.279102,1.0502753,1.5290579,-0.0081382105,0.4322255,0.7895503,0.81226677,0.100696996,0.47537193,1.1898834,0.40139014,-0.32784984,0.21650328,0.84680355,0.39590263,0.5774386,0.39381588,0.5235921,0.922858,1.1216872,1.0941944,-0.6897086,0.94543564
0.39742196,0.71131873,0.3733545,-0.06685099,0.010348393,-0.39799148,0.24890307,-0.11270638,-0.14460732,-0.12821887,0.36495414,0.048996955,-0.31089813,-0.50920755,-0.39910242,0.10919965,-0.14834295,-0.5418324,-0.9880556,-0.32663128,-1.0205156,-0.7371768,-0.6193701,-0.5799684,-0.4695934,-0.24365067,-0.57061493,-0.97575253,-1.135027,-0.41510034,-0.32281283,-0.26912466,0.7901357,-1.1369987,-0.7747772,-0.47640646,-0.95035815,0.5156834,-0.30826402,0.5721507,0.34487242,-0.21675336,-0.13480997,-0.28585485,-0.09055758,0.1459397,-0.06028295,0.48651776,-0.2732258,-0.057380315,0.696111,1.3249145,0.091878995,1.5960072,-0.026049802,-0.014902907,-0.86871743,0.033864565,-0.21353391,-0.410836,-0.49275824,-0.39038295,0.57425624,0.34277454,0.17467608,-0.12974991,0.24374971,0.42450815,-0.03128145,-0.571932,-0.48896444,-0.64453727,-0.25947872,-0.1775665,-0.728242,-1.2536948,-0.6652601,-0.9214344,-0.3265603,-0.30281985,-0.44825682,1.0560484,0.055073805,-0.7421974,-0.7454773,1.107091,-2.0251584,-0.6094506,-0.015459836,0.9815744,0.67735887,-0.9641106,0.035479456,-0.78064364,0.10353796,0.82655096,-0.38731793,-0.1592326,0.6366409,0.33355048
0.8546647,0.6575404,0.8093082,0.6525525,0.7732723,0.7864233,0.49268815,0.28468344,0.9349518,0.514843,0.103080474,0.28995308,0.36983067,0.31258863,0.7221905,0.6583138,-0.06112224,0.51612216,0.20477164,1.4172329,0.5531318,0.574834,0.5199911,-0.11229028,0.38251844,0.35523462,0.3694004,1.3645171,0.78252965,0.42898166,1.0614911,0.6807539,1.4836823,0.75462353,0.94520205,0.5879822,0.6046181,1.6641604,0.4741754,0.44386533,0.46299055,0.4285308,0.46153465,0.80717856,0.8459803,1.1202531,0.3069208,1.0459286,0.41384205,0.35827017,0.5807364,0.33372438,0.08197833,1.279288,1.5584178,1.0891324,0.34987542,0.97343045,-0.16677606,-0.20771857,0.6611333,0.023623738,0.5523711,1.9209145,0.085320145,0.776154,0.5038286,-0.21499202,0.28476855,1.2268115,0.7928939,-0.34265953,-0.12808013,0.30421773,-0.21425238,0.089389235,0.74868923,1.0069412,-0.012348897,0.29010773,0.26523024,0.8378423,1.2090863,0.39453265,0.80906796,1.014512,0.7248227,0.9699712,0.8569298,1.0540679,0.6570015,0.20460863,0.5066299,0.49181625,1.0274726,1.0992169,1.4035721,0.9428419,0.26159695,0.7026826
0.00048559366,0.32139537,-0.293608,0.29839456,0.9874071,0.45845568,-0.21259823,0.39084587,0.09092881,0.4006596,-0.47764367,-0.4052677,0.91290116,-0.013988862,-0.5006686,0.5160922,0.47235402,0.38632295,0.0955878,0.33900145,-0.1387009,0.7064276,0.121626645,0.20110734,-0.58361375,-0.18959096,0.882733,1.062479,-0.53363115,-0.44494772,-0.43961775,0.29345232,0.7829662,0.8296807,1.4991574,0.71604824,0.27411604,-1.5392206,-0.24258792,-0.2659654,0.07408359,0.4749805,0.53238165,1.0544157,1.124916,0.6644923,1.3507746,2.1896646,0.67004406,0.082717374,-2.2258928,-0.41215533,0.30863956,1.8794131,0.81644595,-0.44132465,0.27154994,0.31487036,-0.22915265,0.3863372,-0.25849965,1.0069093,0.3254684,-0.10719124,-0.15907489,-0.33202875,0.30167896,-0.37787935,-0.2375035,0.63447773,-0.2723933,-0.032333884,-1.4102483,-0.74530786,-0.10204696,-0.12922744,-0.021670882,-0.04715238,-0.051504385,-2.3863144,0.8356719,0.7062397,0.89489686,1.0841602,1.1096587,1.0246087,0.23479383,1.242887,0.6045697,0.5174055,-1.885689,-0.992756,-1.7608325,0.53726107,-0.6798572,0.47418067,0.61835283,1.1773242,0.0644413,0.29849306
1.0583721,1.1938044,1.1942511,0.7960411,0.7452237,1.260557,0.5003067,0.85893714,1.1187587,0.22291224,-0.09835248,-0.05834623,0.38641125,0.7334459,0.35721856,0.8668806,0.17981029,0.4721689,0.13772312,0.5556374,0.34991303,-0.22220296,1.101731,0.018124131,0.5717509,-0.0486943,1.253016,2.0023293,0.12859763,0.4655213,0.61625713,0.92081773,1.1210258,0.22544073,0.20653887,0.43001387,0.30428421,0.19818528,-0.059263043,-0.2911503,0.019728253,0.17509171,-0.98009163,1.2499738,0.94916356,0.6198025,0.39685807,2.1208086,0.76477927,0.29171762,0.40780684,2.701066,1.0822195,2.4264777,2.0460968,2.1560018,1.0720983,1.6030141,0.66806835,1.9538395,1.1685028,0.846933,2.0951214,1.5674736,1.6710935,1.7290393,1.4240471,0.50484496,0.4079142,0.4394298,0.48033983,0.5475609,0.97424984,1.271432,0.61583984,1.3484837,1.0221446,2.1253128,1.7050337,-1.7112885,0.45630527,0.88241863,2.1349487,0.8111633,2.5171008,1.6345174,-0.35709924,2.4211473,0.82422173,1.3462931,-0.17895767,0.785517,0.42706668,0.058474455,0.8296403,2.04831,2.5426712,2.306525,0.8183309,0.97159415
1.2921495,-0.5234744,-0.6527655,-0.6418182,-0.75271595,-0.52508,-0.82819384,-0.5195805,-0.3411474,0.26492637,0.13158613,0.0846644,1.0080612,-0.24998412,-1.1737314,-0.5703634,-0.6166385,-0.42542133,-0.3188782,0.47652686,-1.0091385,-0.3158972,-0.41197518,-0.24419066,-0.27211788,0.16818814,0.8987067,0.7267006,-0.18145268,-0.39832956,-0.21288608,-0.06887762,-0.7640838,-0.07678995,-0.26947823,0.92316353,0.4145438,-0.23603217,-0.8236299,-0.8810577,-0.5999672,-0.9729418,-0.7722142,-0.147727,0.04440814,-0.95634043,-1.0644758,0.8798779,0.19426532,0.09554648,0.3705365,0.25836065,0.16405393,-0.09187342,0.095197745,1.1935496,0.6262781,0.7377571,0.95391864,0.23827013,0.52091354,1.7405679,0.7299497,-0.107867524,1.3141786,-1.23889,0.27023625,-1.0269154,-0.17774726,0.6727182,0.5011492,0.23162182,0.30034405,0.20411941,0.31078655,-0.26224378,0.07970504,0.050880697,-0.38484803,0.5971603,0.57211685,-0.78122354,-1.2495744,-0.5830686,0.63669074,-1.3786236,0.4876249,-0.06377903,0.8932393,-0.8819158,-0.49472544,-0.05600845,-0.5785669,-0.31527883,-1.1742004,-0.9796038,-1.3686044,-0.24097605,1.1178932,-0.2580628
-0.8354231,-1.2409881,-1.279273,-1.4738739,-1.353481,-0.5212107,-1.0978566,-1.2400291,-1.0375111,-1.2018441,-0.97404134,-1.0776899,-1.2136877,-0.6729935,-1.0508498,-1.4231222,-0.6111237,-0.53370976,-0.8529603,0.16949551,-1.0852084,-0.006386507,-0.22849482,0.07094459,-1.1126662,-0.85814565,-0.27257422,0.53696567,-0.57933176,-0.64567405,0.2294755,-0.86106384,-0.5593433,0.010202629,-0.13695282,0.77399075,0.65428054,-1.7250249,-0.9970815,-0.1765528,-0.6389088,0.7034515,-0.19640806,-1.0714577,0.3063345,-0.4331352,0.17881736,-0.22749281,-0.43593034,-0.18891183,-1.3434001,-1.3710666,-0.80537355,-0.6101447,-0.6619143,-0.5275718,-0.73874396,0.06686447,-0.70294076,-0.71666735,-1.2219058,-0.82968926,-1.0937276,-0.22771208,-1.0091516,-0.59133667,0.34887108,0.5173942,1.3719679,0.031831138,-0.31962144,-0.24087253,-0.4164603,1.0092555,0.9273555,-0.10325132,0.4638257,-0.2665206,0.20161238,-0.561375,0.69369256,0.49394497,-0.49082148,-0.13344117,-0.21581693,-0.78655875,0.300659,0.5655141,0.22471507,0.53445584,-0.20381299,-1.5583109,-0.3715499,0.13426454,-0.100787774,-0.5546418,-0.89676076,-0.32974362,0.21172728,-0.14861996
-0.6112647,-0.58303326,-1.0251142,-0.69255155,-0.6864109,-0.8385881,-0.75978464,-1.2979155,-0.74869853,-1.1471204,-0.8973847,-1.4319469,-0.71450096,-1.6467994,-1.3993319,-1.0485926,-1.3041762,-1.0878471,-1.1265448,-1.5553293,-1.1209035,-0.3838479,-0.83907115,-1.115968,-1.556993,-1.3394274,-0.57411295,-0.632555,-1.3390272,-0.22379082,-0.7103354,0.40954313,-0.35426036,-1.012183,-0.16342284,-0.82497525,-0.5727622,0.8324928,0.24974103,-0.05038545,-0.8264912,0.32139993,0.7250808,-0.68715465,-0.7264369,-0.2877039,0.45547414,-1.0418105,-0.9459564,-0.4684164,-0.7152751,0.4524499,-0.17117678,-0.30918828,-0.49201035,-0.88132966,-0.7717222,-0.47833243,-0.77195483,-0.40283403,-0.5289818,-0.49923086,-1.6341069,-1.1997799,0.64544207,-1.6242868,-0.40932456,-0.23245211,0.49501583,-0.18470415,-0.4993715,0.06861829,-0.45410094,1.026986,-0.06119948,-1.0341456,-1.7420791,-0.39784423,-2.0922246,0.47868654,0.16365215,0.71016264,-0.5763411,0.37538347,-1.3895118,0.33284527,-0.52231526,-0.7679034,-0.70202893,0.87348694,-0.39139542,-0.70366865,0.6264318,1.5406406,2.0676794,-0.800476,-0.3309959,-0.7249511,-0.39669287,0.1211147
0.3856856,-1.334155,-1.4895203,-1.0366111,-0.84585595,-1.3339163,-0.7519179,-1.3932114,-1.1243258,-1.8970625,-1.6939437,-0.9964763,-1.7882972,-1.4892927,-1.8875076,-1.1359739,-0.55328506,-0.9321859,-0.84660614,-1.1360005,-0.9735889,0.30130717,-0.99738497,-1.882292,-2.4120994,-1.5691204,-2.094423,-1.441434,-1.6713386,-1.5577797,-0.28784993,-0.5169613,-0.2532433,-0.47594786,0.39919198,-0.8766336,0.08380038,0.5134236,-0.2764377,0.8696091,-0.13700278,0.16000326,0.8486919,0.02727744,-0.7801543,-0.042427126,1.8763396,-0.493453,0.15023863,0.8628366,0.6013765,-0.32111973,-0.47427186,0.56734836,-1.1011487,-0.17190199,-0.018473519,-0.3997718,-1.6697674,-1.5106733,-0.54643494,-0.52402556,-2.6410265,-0.8329354,-1.0755761,-1.9759405,1.0152777,-0.34578907,-0.074582376,0.42189255,-0.7138717,0.20818771,-0.50147766,1.9383104,-0.68107396,-1.7160909,-1.8440453,-1.0565945,-1.4665445,1.2909421,-0.5152728,1.4647677,-0.8484439,0.26314816,-1.7946539,0.58259714,0.24183479,-0.91878116,0.13998419,1.2866439,0.7840555,-0.897886,0.6255906,1.1653036,1.0459695,-0.30733243,-0.8320356,-0.049341068,1.8133979,1.5248101
-1.3209096,-1.1757042,-1.0335692,-1.4511746,-1.8239152,-1.792695,-1.1916378,-1.517291,-1.1242957,-0.7582005,-0.39978668,-0.9150456,-0.46189287,-2.06505,-1.5942392,-1.4140294,-1.9185816,-1.5420313,-1.6264384,-0.98763204,-1.5237405,-0.8567387,-1.6870993,-1.1051807,-0.12720554,0.13135801,0.7471106,-1.0216768,-1.302854,-0.81220555,-0.2461701,-1.0192405,-0.89495873,-1.820664,-0.14485452,-1.6954935,-1.4014649,0.66254485,-0.74676114,-1.074486,-1.3895708,-1.2812918,0.6688377,-1.0259002,0.35253152,-0.68073714,-0.5627716,-0.84768534,-1.7017176,-0.8715538,0.24918061,0.62096286,-1.1040422,-1.6260042,-1.671436,0.1501585,-0.8536338,-0.3183498,-0.6431735,-1.2569815,-0.09305311,-0.32787848,-0.45035085,-1.127025,-1.0469177,-1.6234356,0.24976234,-1.3250309,0.5140005,0.032546386,-0.05206033,0.2506238,-1.1279823,0.3048209,1.4131479,-0.09210352,-0.5280258,0.27604648,-1.2304568,1.674367,0.6362209,0.676695,0.067367114,-0.12658145,-0.5306033,-0.3776513,-1.027221,-0.18083054,-0.8027545,1.4589201,0.007917445,-1.3871528,0.2304673,-1.4018778,0.61680627,-1.0039461,-1.1059273,-0.78801465,-0.6884706,-0.41600272
0.16239795,-0.9379102,-1.0302552,-1.0414305,-0.8695617,-0.719037,-0.4717678,-0.85838383,-1.0531023,-0.50519115,-0.5081713,-0.58489186,-0.5470466,-0.5649944,-0.30902213,-0.8873675,-0.53779507,-0.6054921,-0.20039041,-0.24614863,-0.45768696,-0.3689944,-0.6284032,-0.6665047,-1.0565393,-0.70803726,-0.5984406,0.16932692,-0.56237805,-0.6160626,-0.02180163,-0.60488003,-1.2042276,-0.23128492,0.3847895,0.004522283,0.030109176,1.7416936,-0.8857919,-0.15165742,-0.73804724,0.37544444,0.34150308,0.48472616,-0.13886784,0.49676403,-0.15270256,-0.69905615,-0.47124654,-0.21945846,-0.3254306,0.045856975,-0.2335706,0.13945457,-0.33514598,-0.034745086,0.020031761,-0.46879587,-0.4268847,0.29725358,-0.1023593,-0.020894803,-0.34633592,-0.27169448,0.47441217,-0.81949013,-0.39300767,1.349689,0.66054773,-0.014275407,0.45259234,-0.074579194,-0.017600477,0.5499376,-0.38510218,-1.0747964,-0.33507788,-0.23514903,-0.6287015,-0.3378008,-0.30796626,-0.09694926,-1.1265401,-0.36460093,-0.29061705,0.14267728,-0.45130274,-0.43637562,-0.2043833,0.23246638,-1.2584763,0.31844455,0.07266639,0.07852435,0.8074264,-0.24667282,-0.14138417,-0.28029975,-0.7722679,0.32371795
-0.187523,0.0016459837,-0.529478,-0.10276551,-0.41702265,0.038752817,0.052789655,-0.490475,-0.6052437,-0.5290762,-0.42721215,-0.10783345,-0.12279112,-0.96646905,-0.41766527,-0.07754321,-0.99437714,-0.7813682,-1.4016079,0.3417002,-0.9177301,-0.7609261,-1.3120719,-0.8413923,-1.1588945,-0.47646573,0.63888997,-0.6069583,-1.1744039,-0.87843746,0.10759146,-0.21394236,-0.5515564,-1.2463772,-0.10297598,-0.5557222,-0.8795536,-0.30137986,-0.5720614,-0.48901868,-0.3062375,-0.4025949,-0.00084184826,0.29543692,0.66456735,-0.0004533966,-1.1212829,-0.570919,0.37368685,-0.5933797,0.16520222,-0.70635825,-1.8323526,-1.0485772,-0.5109898,0.5312496,-1.5569888,-0.416452,-0.5678994,-0.08021466,-0.2206844,0.4258266,-0.4555013,-0.2732228,-0.7642029,-0.019375682,-0.6758344,0.30910328,-1.0760571,-1.1616535,0.4044941,-0.7195073,-1.4389803,-0.061621264,-1.3032556,-0.2215107,-0.49605504,-0.5471449,-1.1221801,0.34729806,-0.94373184,-0.81693274,-0.85658294,-0.95652705,-0.21408433,0.039856855,-1.5651865,0.62852925,-0.44149825,-0.30386552,-1.0994719,-0.38566315,-0.11143746,-0.8330026,-0.22136794,0.20309167,-0.21214409,-0.35399744,0.63366884,-0.46490636
-0.5348651,-0.747549,-0.8376788,-0.15437448,-1.0543708,-0.49160218,-0.65178853,-0.79272896,-0.79574513,-0.83994776,-0.3805731,-1.6547196,-1.6367061,-0.558228,-0.103188045,-0.7227964,-0.7782056,-0.816936,-0.42224398,-0.37906277,-0.07618693,-0.7470006,-1.3569617,-0.7482389,-1.7053355,-1.0892906,-0.63917357,-0.6818175,-0.5235107,-1.096772,-1.4858569,-1.4927657,-1.6606082,-0.8632363,-1.0721966,-1.3314024,-0.991239,0.06779312,-0.78074354,-0.5768994,-0.6526859,-0.39444643,-0.40523908,-1.0330291,-0.26715478,-1.4018309,-1.7563581,-1.0565518,-0.5071195,-0.87201595,-0.489648,-0.5016556,-1.8966362,-0.58027667,-0.60402745,0.56760335,-0.71842325,-0.11945527,-1.442166,-1.0016053,-0.6098281,-0.6642614,-1.2770855,-0.34642842,1.0508332,0.8041344,-0.4072161,0.9055164,-0.3604709,-0.47277498,0.3946694,-0.34146023,-1.0872929,-0.47668266,-1.3785266,-0.68744946,0.088791326,-0.5178236,-1.2967318,0.37877807,-0.36516833,-0.17197914,-1.0216124,-0.44464335,-0.30200657,-0.89340156,-1.9702765,-0.9153069,-0.74127305,0.18883751,0.018357184,0.63243705,-0.2150769,0.53715414,0.078623064,-0.5144099,-0.86889464,-0.70901066,0.04204326,-0.72403276
-0.68276083,-0.48013005,-0.2726312,-0.5606779,-0.30656627,-0.53983015,-0.2593422,-0.63848436,-1.1289151,-0.42656326,-0.6709169,-0.72845626,0.12656932,-1.0528781,-0.4896608,-0.9302124,-0.6423109,-0.5480678,-0.55480635,-0.7733434,-0.5291141,-0.3897288,-0.67149055,-1.0029353,-0.6022484,-0.5940494,-0.75329995,-0.8171912,-1.2894232,-0.35869688,-0.6277084,-1.7502434,-1.6310503,-0.48576576,-0.83926,-0.46570396,-0.79338735,-0.58752966,-0.3459121,-0.41518214,-0.23851857,-1.6455576,-0.63379234,-0.27594104,-0.68917245,-0.4179328,-1.6896609,-0.8464201,-0.48637253,0.12979063,-0.11436721,-0.23899338,-1.0239934,0.9146743,-1.1576519,-0.29531354,-0.0714678,-0.43121886,-0.323691,0.3517871,0.17675006,-0.118448734,0.7042554,-0.37489432,-0.59428835,-0.35732123,-0.6443801,0.046243705,-0.18471241,-0.057066347,-0.1913088,-0.76399326,-1.191423,-0.2648855,-0.20927799,-1.3390079,-0.4254693,-0.38172197,-1.01554,0.32858315,-0.67340374,0.6802324,-0.743611,-0.4096843,-0.6778354,-0.48941278,-1.7467415,-1.263406,-0.5094593,0.38204193,0.06664807,-1.2118065,-1.3285881,-0.7564839,-1.4168483,-0.64701414,-0.62722576,-0.082352825,0.1791631,0.7989298
0.65108895,-0.99761444,-1.0561569,-0.76463985,-1.2864605,-0.72304416,-0.7675259,-1.1531866,-1.6489904,0.028619999,-0.30034572,-0.06131087,-0.83355886,-0.8878277,-1.2771097,-1.1429093,-1.3682368,-1.6346599,-1.692713,-0.88795704,-0.9302665,-1.1789544,-1.7319579,-1.322613,-0.8412161,-0.9504855,-1.5364877,-1.5335196,-1.1652118,-1.0945269,-0.97896874,-1.9451,-1.239304,-1.679104,-1.4456019,-1.2974703,-1.2928401,0.41466555,-1.3778535,-1.0829111,-1.7414733,0.34392893,-0.9227845,-0.8746765,-0.7705635,-1.1757693,-0.7424153,-1.0698436,-0.70768565,-0.7097833,0.26673055,0.49021754,-0.5720597,-1.1076875,-0.60048336,-0.12958382,-1.4340377,-1.7243304,0.09289047,0.7957088,-0.55618304,-0.2779307,-0.74694437,-0.28283218,-1.0778512,-0.84155196,-2.1816633,-0.6387122,-0.71937966,-1.2082651,-1.2896556,-1.8464688,-1.8208691,-1.2809693,-0.9388855,-1.3061779,-1.1826763,-1.0457863,-1.7947161,-0.8119537,-0.8403053,-0.6111567,-1.7238859,-2.0927143,-1.8714479,-1.4228959,-1.1509132,-1.9743383,-1.4219216,-0.56348705,-1.6120443,-0.73434144,-1.120784,-0.9807883,-1.0141098,-1.990195,-1.8959063,-1.9274622,0.14789769,-0.36492088
-0.7603396,1.0018034,0.6684897,0.54533684,-0.1540731,0.0788841,-0.054496743,0.010082429,-0.12088926,-0.9804196,-0.49001035,-0.41921377,0.34340513,-0.9502969,-0.23391147,0.35378504,-0.5253041,-0.34142983,-0.8552779,-0.5272124,-0.49353474,-0.66245574,-1.3614275,-0.6116017,-1.0013028,-1.181523,-0.70711225,-0.4946704,-0.7712453,-0.78198355,-0.28129026,-0.2781756,0.4688975,-0.59005755,-0.04356383,-0.11923881,-0.1621859,-0.6676289,-0.16949695,0.16674103,-0.1357332,1.327064,0.22689764,0.47973776,-0.16591051,0.21701731,-1.3778559,-1.9390337,-0.6039742,-0.20611154,-0.5879391,0.16746251,-1.9005337,0.118049465,0.5658286,1.1337355,-1.5784974,-0.3287506,-0.19549085,0.68329436,0.09040297,0.21995169,-0.7714697,0.778436,-0.38014406,-0.2452317,-1.2573283,0.6809564,0.1312855,-0.52835476,-0.5456028,-0.33233622,-0.4354152,0.0098418575,-1.2614766,-0.26524025,-1.3407114,-0.9279915,-0.9584707,0.121772304,-0.50757414,-0.2196313,0.4679616,-0.31793833,0.00209007,-0.047056455,0.38235083,0.28922018,-0.2627194,0.78385514,-0.24619251,0.5023316,0.48415065,1.3274926,0.9780882,0.3421897,1.0803871,-1.2795866,-0.43724003,0.77698153
0.1361639,0.16570492,0.091697514,0.5288976,0.7429969,0.48412612,0.7556881,0.2197532,0.21322814,0.4525848,0.035726804,0.6456273,0.6310986,1.5443479,0.72036034,0.15397048,0.3909884,0.64853084,0.7506786,0.12573005,1.3422985,0.047334127,0.8901683,-0.2374152,0.20051354,0.22556178,0.75348264,0.70674264,1.4624128,0.6212827,0.7078035,1.082605,0.15630749,0.7176658,0.96930945,-0.50858384,0.11781983,1.3729837,0.88834983,1.0143812,0.68206495,1.366349,1.4859068,1.1025599,0.8744377,1.2810932,0.9672448,1.0437665,0.32271937,0.45324576,1.3596845,0.2923104,-0.616723,0.21603732,0.7957439,1.5619762,-0.42600968,-0.39517972,0.43867025,0.605279,0.6429579,0.18346167,0.33041432,0.92411166,-0.40440875,0.20204179,-0.60585153,-0.005472159,0.10242943,0.07487648,0.5347906,-0.7238475,-0.2874557,-0.121907145,-0.34632248,-0.5859156,1.123305,-0.029807813,-0.60822153,0.54857415,-0.677238,0.43376282,1.0337269,0.5021021,-0.037260037,-0.09749129,0.44022143,0.31421494,0.43878993,0.57426023,0.2370446,0.20793715,1.1121109,1.0123271,1.3007221,1.490109,1.0780125,0.27280068,0.7184665,1.0471983
-0.063880585,0.5683871,0.5521156,0.78740627,0.5835257,0.4781784,0.60875195,0.43446746,0.4152445,0.31551164,0.28842592,0.4437124,-0.27719304,0.5919631,0.5849395,0.6917584,0.24912696,0.36840186,0.21386528,0.71910036,0.34703854,-0.48277852,-0.12803134,-0.49530953,-0.40203106,-0.3562714,0.54880494,-0.54415816,0.20450142,0.97406596,0.4879246,0.65742964,0.59676766,0.352959,0.059305985,-0.61756176,-0.5339007,0.5287982,-0.3038578,0.23775056,0.70049953,-0.31466338,-0.39458174,0.22558899,0.84603196,0.4369676,-0.7868163,0.38055202,-0.3625256,0.06023867,0.15789293,-0.81992954,-0.9326782,-0.122384995,0.8203562,-0.11656321,-2.098578,-0.93987536,0.06651541,-0.3971835,-1.1479957,-0.52022797,1.5036279,0.38030398,0.07579337,0.4262002,-1.9078377,-0.8522634,-0.79726315,-0.3980122,0.2878254,-1.7438507,-0.67797023,-2.1565597,-1.3493522,-0.8268276,-0.24790594,-0.79322696,-0.7284388,0.47302195,-0.70282215,-0.8652613,-0.04423167,-1.2117382,0.07025806,-0.5334564,-0.14445215,0.26872143,-0.4128153,-0.95836383,-1.2272823,-0.036330786,-1.1621743,-0.98383313,-0.9501482,0.80776423,-0.55547965,-0.53715646,-1.074209,-0.36152217
0.20951265,0.3109322,0.18219589,0.16184372,0.34113014,0.38965368,0.580861,0.26148728,0.17877227,0.355252,0.12602852,0.112422824,0.46084,0.32112694,-0.5264444,0.49493498,0.2827167,0.119925946,-0.38467306,0.29907042,-0.40160978,-0.022346498,-0.60488933,-0.47023568,-0.3604832,-0.22529903,0.3066525,0.10467709,-0.6823023,-0.52739924,-0.12693782,0.49566582,0.09795301,0.004038491,0.5199273,0.2135763,0.064485416,0.42240816,0.11467903,0.54335475,0.41141382,0.34583035,0.032369055,0.48926583,0.6355759,0.60079294,-0.052621663,1.1807703,-0.25723886,0.96056116,0.15118733,1.8835782,-0.20189014,-0.9325415,0.9500912,1.320347,-0.14316383,0.90931445,-0.046556,0.9806794,-0.19346622,-0.220177,-0.6248133,-0.47977564,-1.8761274,-0.8191168,-0.5107109,-0.21862558,-0.47757232,0.024956133,0.5799211,-0.5990415,0.044825237,-0.8561752,0.032216907,-0.0048458343,0.2940637,-1.1311429,-1.0822332,0.11884453,0.02208822,0.95283204,0.31287146,0.404961,0.084621616,0.54782486,0.101725675,0.67191243,0.40864646,0.55476767,-0.73882484,-0.197666,-0.76692945,-0.40230638,0.22779308,0.53475,0.08741496,-0.023549557,-0.6435157,0.98129636
-1.1733502,0.20428135,0.19309069,-0.097794585,-0.41525686,0.029941197,-0.18768269,-0.69957685,-0.8254166,-0.5749161,-0.663832,-0.84960955,-0.56506133,-1.2648426,-1.2397383,-0.21994025,-1.3933003,-1.1151079,-1.341852,-1.6229801,-1.1892439,-1.7938691,-1.7181815,-1.4519614,-1.0871764,-1.4415046,-0.5626737,-0.80872476,-1.6269046,-1.8498338,-0.35442334,-1.0810086,-0.7564437,-1.6506016,-0.86092216,-2.208625,-2.1004438,-0.4484836,-0.42568067,-0.35896686,-0.61521804,-1.3977419,-0.064228795,-0.6399598,-0.12717623,-0.54949474,-1.3793585,-1.2862598,-0.7279901,-1.2303208,-0.37864813,0.107732594,-0.62960964,-1.1671348,0.32551116,1.2066581,-1.6061532,-1.6524844,-0.37535617,0.011959381,-1.1454712,-1.2581886,-1.3946693,-1.1886395,-1.3228654,-1.9095268,-1.1959357,-1.263232,-1.4774616,-1.2699369,-1.4219394,-2.3480823,-1.6867373,-1.310968,-1.7861608,-1.0000813,-0.9706807,0.39513245,-1.2074351,0.6584738,-0.48445785,0.27343982,0.21917938,-0.5613111,-0.7189234,-1.2628386,-1.2460932,-0.58690953,-0.8880451,0.40035954,-0.3404706,-1.5166715,-1.0483354,-0.571198,-1.7292795,-0.62213546,-0.7320004,-0.122284845,-0.61223084,-1.0225226
-0.37710047,0.25833136,-0.06825834,-0.02438539,-0.35563707,-0.66784996,0.10448427,-0.31195393,-0.36384124,0.034670632,0.5934641,0.010887718,0.9062932,-0.7565589,-0.7179512,0.17395031,-0.20362857,-0.68585116,-0.9102574,0.004643869,-0.57460195,-0.32468343,-0.58218354,-0.49593723,-0.31076893,-1.0241809,-0.718877,0.18963113,-0.3079355,-0.8637875,-0.2662231,0.31459385,0.3012748,-0.33838153,0.42717674,-0.4071442,-0.43949354,0.27020824,-0.1516169,-0.12779844,0.27629265,-0.6423214,-0.12241562,-0.0155675765,0.22247529,0.011815184,-0.36912677,1.2253102,0.11221769,0.042645156,0.70163125,-0.20799857,-0.041593906,0.014130964,0.5512718,1.1300355,-0.79717296,-0.1980059,-0.36035296,0.12575981,-0.099396065,0.47382352,0.9022454,0.360368,-0.23992558,-1.1574638,-0.5641672,-1.1466151,-0.07877799,0.175696,0.27097774,-0.48911002,-0.35077834,-1.3632334,-0.6316699,-0.5258464,-0.7140154,-0.50471103,-1.2878375,1.3064578,0.28340322,0.890363,-0.19576517,-0.36127034,-0.17061599,0.36602592,0.515512,-0.15800911,-0.061554044,0.12369265,1.2982043,-0.100361586,-0.6533034,-0.020629631,-0.19850358,0.046522297,-0.2746492,-0.19518022,0.4602488,0.7889003
-0.16048548,0.35566014,-0.138785,0.44856337,0.24776539,-0.041972466,0.16510515,-0.02320359,0.22761078,-0.4483652,-0.48633504,-0.27586997,0.6458304,0.03680325,0.36168897,0.3095478,0.45701638,0.3495053,0.47635728,-0.0074035237,0.6633941,0.60854536,0.296324,-0.8399969,-1.2472073,-0.37576357,0.50994235,0.093068145,-1.2405268,0.3086961,0.94631857,1.0923258,0.3858281,0.81048167,1.3496518,0.17946857,-0.34850463,0.49718863,0.76974,0.5556593,0.6546529,0.36408797,0.9126646,1.1965272,1.2777238,1.1566926,-0.08890188,0.46728897,0.21353668,0.34805277,0.07836762,1.0291638,0.6663405,0.6991587,0.7969079,2.5490413,0.3373169,0.21192095,-0.04202101,0.51110095,1.4149516,-0.13170873,-0.45235306,0.1314938,0.64872396,-0.21235296,0.62637323,0.3200855,0.22715752,1.2484193,0.8348078,0.11974752,-0.8313963,0.39552978,-0.04565184,-0.03076541,0.55228853,0.20787619,-1.0838617,0.22682647,0.3448978,1.1554413,1.1470046,1.5249977,0.66875285,0.6484428,0.77438796,0.96654373,0.71414596,1.2701467,0.73423064,0.19986944,0.233133,0.5737518,0.93842643,1.9236034,0.89555156,1.1905502,0.9121599,1.0709627
-0.4450127,-0.47409472,-0.8537595,-0.18623114,-0.71222293,-0.5177488,-0.3012853,-0.33646053,-0.31719282,0.225568,-1.4798986,-0.8078245,-0.9403565,-1.3244436,-1.438205,-0.51174766,-0.6590804,-0.52702606,-0.703255,-1.0641766,-0.70249695,-1.0328428,-0.6094384,-0.47064036,-0.5701862,-1.1432874,0.03790451,-0.6853695,-1.3669072,-1.501569,-0.18518376,-1.2985171,0.34844708,-0.71886206,-0.22961509,-0.9270961,-0.9949961,-1.11664,-0.64194393,-0.64002126,-0.6973179,-1.5983207,-1.1163577,-1.2535689,-0.6356163,-1.2711166,-1.3201116,-0.13316156,-0.6564024,-1.2103773,-1.1035645,-0.10042674,-0.7379562,-0.33613685,-0.88501424,-0.020150091,-0.7877196,0.4083886,0.08627327,-0.38554054,0.4133555,-0.34551477,-0.99267954,-1.453442,-0.28877616,-1.2206982,-0.57814944,-0.9929115,0.15708134,0.45435172,0.01531974,-0.14822973,0.030198026,-0.9806128,0.5808146,-0.22463349,-0.44607812,-0.47346702,-1.0642052,0.510788,0.89223975,0.32571283,-0.32492295,-0.48039278,-0.05568006,-0.35825536,-0.16230756,-0.66454226,-0.8113638,-0.22631441,-0.8659408,-1.1210197,-1.1520904,-1.1821997,-1.8131952,-1.178566,-1.2136991,0.14029193,-0.64165664,-0.8487147
0.56953436,-0.4220098,-0.23501422,-0.09282732,-0.06388136,-0.15407519,0.4165639,0.8024241,0.51574856,0.23456447,0.30560055,0.42412055,0.12444202,-0.45004869,-0.2912227,-0.037106607,0.9238632,0.78330433,0.59034973,1.0459036,-0.23322272,1.1363562,0.32235998,1.2495114,0.3157073,0.6551569,1.1116244,1.0268787,0.27037582,1.0895863,0.86743295,0.35132205,0.9301676,0.90797395,1.2967446,1.385388,0.27899528,-1.1117729,0.017881833,0.51853734,0.44855908,-0.7017383,0.29028845,0.40140036,1.1903615,-0.03362696,-0.40445963,0.052216355,0.30474332,0.13244367,-0.37147978,-0.8896479,0.90739894,-1.0551572,0.0528495,0.6750232,1.1326993,0.6282853,-0.51746106,0.3090571,-0.74472487,-0.86391985,-0.9627028,-0.8601073,0.3461923,-0.9223286,0.82085735,0.2346482,1.4681007,1.9909405,1.0617222,0.0058444915,0.5984604,0.15699501,1.0636965,0.728689,0.46171132,0.22959591,-1.3491919,-0.24003606,1.4656954,0.5205678,0.4360003,0.69558936,0.85494554,-0.5895353,0.4830168,0.5852322,0.6938323,0.17632417,-0.22492652,-0.688904,-0.006389351,0.251315,-1.1257602,0.09766702,0.1461055,0.38053393,0.47115594,-0.40451247
-0.050271858,-0.20335636,-0.6716764,-0.32450217,-0.8133916,-0.6198977,0.051867127,-0.35357237,-1.1272159,-0.5025424,-1.1341228,-1.0750883,-0.91895777,-1.9030392,-2.1102161,0.1783178,-0.4742147,-0.072282314,-0.48503757,-0.47829992,-1.6227137,0.44874528,-1.106184,0.079252966,-0.5229206,-1.2823993,0.020548703,0.3914483,-0.91591537,-0.97871023,-0.31166676,-0.21797606,0.7605827,-0.263472,1.4672662,-1.1022035,-0.6013937,-0.3206148,0.75573766,0.55231863,-0.23494473,0.7902507,2.6973248,-0.39089283,0.7101736,-0.05617682,0.91961414,-0.6523199,-0.61779195,-0.98759955,-0.022823334,0.28069723,0.34380645,-0.82881165,-0.89044523,0.09836949,-0.10740737,-0.7268458,-0.99882287,-0.84659564,-1.6064432,-0.6028303,-2.037872,-1.0082139,-1.7639104,-2.2286656,-0.18205468,-1.9073488,0.88578665,1.436922,-1.2702281,-0.24923313,-1.0275345,-0.6468204,-0.5657288,-0.879279,-0.6993399,-1.0740608,-0.8400459,-0.2398469,0.35960925,0.2172211,-0.5136768,0.22233714,-1.1617628,-0.45257694,-0.19581696,0.07744719,-0.65329057,0.101332374,-1.0357234,-0.57714105,-0.80651885,1.9825994,1.0279726,-0.15677775,-1.2561939,-1.2202439,-0.6506574,-0.48563904
0.016050324,0.7007932,0.16902778,-0.1729232,0.29083756,-0.19671187,0.036248658,0.1947473,0.6890305,-0.14574805,-0.51271075,-0.15945017,-0.10418932,-0.1865344,0.43380883,0.026460722,-0.42765522,0.025170976,-0.89050275,0.8900678,-0.24866317,-0.4310591,-0.609264,0.24567552,-0.3010186,0.30506462,0.80798423,0.9577845,0.120846815,-0.62766725,0.31389117,0.105452165,0.76900667,0.05942531,1.0842943,0.21876015,-0.8817614,-0.6586132,0.38179195,0.6832165,0.5074019,0.21892789,1.139159,0.6624045,0.6294068,1.041805,0.83099455,0.9358657,0.14657488,-0.19262078,1.2916546,0.74989945,-0.73692507,0.2986963,0.19166425,0.85985917,-0.27713397,-0.10765118,-0.45217195,0.9171542,0.36162195,-0.606535,-0.65831083,1.2471713,1.7010047,0.082435116,1.4658638,0.9880082,0.6445976,1.018344,-0.02319478,0.5207298,-0.13407491,1.1346797,-0.07890786,-0.0013568423,0.21286002,0.7358328,-0.29352292,0.70229363,0.6230408,1.6505897,1.6777396,1.1313527,0.08544594,1.4931979,0.6356307,0.8925939,1.4578841,1.540969,-0.32642272,-0.3343543,0.9314287,1.4122761,1.7936283,0.7058751,1.2256864,0.41394892,1.1872495,0.3758829
0.95722234,1.1045114,0.7285363,0.3365018,0.19959724,0.35829875,0.4399848,-0.19474025,-0.045257345,0.17127354,0.0051175654,-0.10690931,-0.35450625,-0.4720116,-1.2741054,0.587736,-0.61264724,-0.5083991,-0.6219762,-0.8998699,-0.5392948,-0.24586223,-0.50246966,-0.24948074,-0.42457733,-0.3139617,-0.8715211,-0.681453,-0.69332355,-0.12088779,0.24841672,1.1975887,1.0833703,-0.13160506,-0.37358463,-0.6172282,-0.054407842,2.0681193,0.5301738,0.84835356,0.18283299,-0.06087569,0.64277154,-0.37403998,-0.5248709,0.22336954,0.5285228,-0.4579075,-0.15511216,0.29004073,0.647173,1.9753073,-0.032043967,0.7833769,1.1139985,0.6377689,-0.45034918,-0.52070695,0.53216606,0.07365942,0.2904528,0.2549763,-0.1919042,-0.53689927,-0.76706886,-1.583246,-0.38736027,0.5663921,0.27808318,-0.45817128,-0.9088726,-0.20935115,0.98572195,0.41018048,-0.036256135,-0.05896394,-0.7412352,-1.0932293,-0.92707783,1.1994969,-0.2551052,0.44639325,0.16313761,-0.14541526,-0.33261693,-0.21887012,-0.6585331,-0.57610524,-0.3385637,0.9523168,0.8407156,0.62310374,0.95856726,0.9991768,1.2779591,0.4148895,-0.10928264,-0.18226364,-0.23271139,0.48595536
0.24273431,0.8290931,0.29886937,-0.036202986,0.12086499,-0.160304,-0.0051823608,0.1396038,1.0209985,-0.15163445,-0.2175174,0.047203407,0.2685265,-0.46656728,0.122300126,-0.41018143,-0.037973013,0.17355523,-0.5584938,0.5256381,-0.618362,0.098189645,-0.31029636,0.26644602,0.42248073,0.64585066,1.3352574,1.7746987,0.57558817,0.49147078,0.86348516,1.6082724,0.21088736,0.9698012,0.41954085,2.2584996,0.49400198,-0.16546635,-0.09913256,-0.35474423,0.18994474,-1.054085,-1.384733,-0.1899224,1.4054372,-0.013169092,-1.4168967,0.50083643,0.0019466846,0.32562515,0.57272893,0.29170325,-0.7942572,0.5434772,1.5395027,-0.2524399,0.23166724,1.3135097,0.5264856,0.57397753,1.1341716,0.23342332,1.82669,1.0017034,1.9255239,0.6192073,0.60868895,1.0929474,1.2859601,1.7092378,2.1580327,1.0144098,0.7158414,0.8749915,1.2345451,1.4005951,0.029776342,2.0406275,0.9889315,2.0146067,1.0501741,0.23456839,2.0153253,0.72125566,2.7274077,0.4289114,0.21537739,1.810534,1.7910637,0.33621806,1.2693181,0.8576099,1.2365875,0.45816898,0.5228925,1.1477934,0.87465614,1.3777677,0.4797323,0.15696344
-2.0703373,-0.19864216,-1.9875479,-1.2620187,-1.7225907,-1.945401,-2.790107,-2.0525484,-1.9749581,-1.3042343,-1.2266324,-2.2685537,-1.0466979,-1.7607032,-1.9008068,-0.8594605,-1.2660457,-1.6440245,-1.3639838,-0.8927511,-2.008932,-1.8483725,-1.6329682,-0.3297295,-1.1220835,-0.9938862,-0.780976,-0.9971065,-0.71864253,-1.1066382,-2.1234188,-1.4300412,-0.18797737,-1.0079163,-2.1648614,-0.0290987,-1.0516597,-2.2024624,-2.1961684,-3.6509001,-1.7040316,-2.5015216,-2.577676,-2.5547347,-2.034499,-2.9376054,-2.397879,-0.54002,-2.0466862,-1.896463,-0.9950717,-0.16582572,-0.76665735,-0.20108978,-1.2729435,-1.4964982,-0.8097522,-0.99979776,-0.12335533,-1.4934304,-0.08425761,0.063943855,-0.79839325,-1.7519064,-0.8916232,-1.0893192,0.030938832,-1.729228,0.6411297,-0.44738755,-0.42874998,0.6371485,-0.03199208,-0.22296178,1.9382361,0.37068683,0.66897655,-0.46045047,-0.15932813,-0.015670963,1.8089926,-0.94545114,-1.3682913,0.46232322,0.77448475,-0.42405728,-0.6841277,-0.32871354,-0.6664789,-0.5129814,-1.2307549,-1.334857,-2.1963477,-2.0520942,-0.48135138,-1.6712451,-1.2771165,-0.5228789,-1.0356523,-1.4849741
-0.9685801,-0.41148746,-0.3606295,-0.4731694,-0.6073698,-0.49200392,-0.2777936,-0.52618605,-0.73046356,-0.2619514,-1.2323636,-0.0713598,-0.37592968,-2.195707,-0.8804696,-1.0275213,-1.2458721,-1.0840747,-1.220983,-0.66882193,-0.7298807,-1.0084597,-2.0342724,-0.220359,-0.091022015,0.32496694,0.4190244,-0.5576699,-0.86823297,-0.27085415,-1.0305289,-0.90118927,-1.7044016,-1.5032194,-0.6757727,-0.8303651,-1.1947846,-0.7386021,0.108327225,-0.6587096,-1.7404459,-1.41902,-1.0451387,-1.9389046,-1.0148783,-1.6463386,-2.8139756,-2.153137,-1.534814,-2.2855399,0.6859326,0.7214244,-0.937655,-1.7866199,-0.37484205,-0.5773627,-0.830096,-0.8728539,-0.9136305,0.49338448,1.1144748,-0.34899345,-0.5680949,-1.347668,-0.1519964,-1.0298146,-1.541365,-1.2054613,-0.012380186,0.058576584,0.79276353,0.21309477,-2.4475558,0.05972702,0.62778515,0.9213579,-0.36787003,0.16770774,-1.1559911,1.3653532,1.4097629,-0.9209573,0.9250302,-0.018055817,0.97849387,-1.365332,-1.3684152,-0.6947838,-0.663808,-0.04536739,-0.61189204,-0.4574033,-0.01504441,-0.15812245,0.8136126,-1.3081441,-0.92167866,-2.506276,-2.1634727,-2.004753
-0.2612233,-1.5420531,-1.3218598,-0.6754753,-0.8042647,-0.14637615,-0.27451667,-0.8903299,-1.4235991,0.6227012,-0.58800304,0.89089894,0.12288452,-1.6235201,-2.5462615,-0.68412524,-0.6335585,-1.296733,-1.4501406,-1.9441406,-2.0259771,0.47026458,-1.4411556,0.28206313,0.69730836,0.3096178,-0.08305356,-0.24082775,-1.2955046,-2.068717,-2.027377,0.087419055,-1.0556742,-1.6705691,-0.78666115,-1.704037,-0.056691926,-0.1118162,-0.6426827,-0.50351846,-1.472881,-0.6410452,-0.8047118,-1.0432185,-1.5172094,-1.9103044,0.30596837,-1.3378618,-0.18143333,-1.2042716,-1.121375,0.0023608673,-0.6032073,-0.93917614,-0.032765333,0.18788421,-1.449864,-2.2745955,1.5126597,1.06473,1.66075,0.96305376,-0.05534114,-1.561689,-1.10225,-2.2965288,-1.0986187,-0.53726643,-0.5469636,-1.3487138,-2.4476273,1.116912,-0.4923152,0.40623528,1.1405411,1.1461004,-0.5929601,0.34333956,-1.7638279,0.0025262262,0.09641026,-1.8457078,-1.662056,-0.99156666,-1.4824558,-0.76060545,-0.5183929,-0.21444553,-1.6636965,-0.49333954,-1.5128652,-1.3371083,1.0236475,0.8918401,-0.22115204,-1.8916293,-1.2705529,-0.7730816,0.3714033,-1.325045
-0.05552901,-1.4381279,-1.7550868,-2.4656286,-2.3464625,-2.3332183,-2.5522723,-3.1612682,-3.022342,-0.9021044,0.5011562,0.75036514,0.98899615,-1.8834658,-2.677844,-1.9757375,-1.1311815,-2.6862445,-1.9142095,-2.4025235,-2.5623634,-0.9769793,-0.93196476,-0.8317689,-0.080678225,0.28233826,-0.06814179,0.35764095,-0.90653056,-1.8871529,-1.2093409,0.1420088,-1.9825615,-2.1973648,-0.095793806,-1.1397399,-0.09693462,0.45213988,-1.4872689,-2.6803658,-3.0503993,-0.9916911,-0.15667486,-1.1668515,0.40316108,-0.553782,0.7645521,-0.19503307,-2.3640635,-0.79944134,0.026207356,1.9227058,1.298872,1.9334499,-0.8490164,-0.858178,1.6054367,-0.47440112,1.5411431,1.8163679,0.5802474,1.9839165,0.6337532,-0.46215618,0.0028741553,-2.2956867,0.75541496,-0.44346297,1.6235054,0.53304905,-0.8752935,0.23487127,0.02752592,1.8178382,2.5126472,0.2641107,-0.7814221,-0.009334643,-0.086897105,2.688348,1.6090465,1.5790316,0.19458488,0.08349479,-0.28150886,-0.5997595,0.69827145,-0.46541178,-0.16304325,2.3524282,1.5530692,-1.393918,1.6843805,-0.4507724,1.1180137,-0.62976867,-0.7162953,-0.9566341,-0.8013151,0.52760166
-1.610313,-1.7597138,-1.9839171,-1.9412869,-1.7832291,-2.0446556,-2.6411283,-1.9965997,-1.4113823,-2.9730926,-2.1853814,-2.6529944,-2.6853116,-1.5837265,-0.9010193,-1.9449333,-1.6286467,-1.4417021,-1.1421858,-0.73465556,-0.9596948,-2.3573954,-2.1570597,-1.6585639,-2.2264817,-1.5023257,-1.4419417,-1.5008836,-1.7302945,-1.8732071,-2.8552582,-2.771635,-2.1173277,-1.7759308,-1.681182,-1.5158885,-2.4649527,-3.1047528,-3.3394547,-2.9985654,-2.1718264,-1.5062689,-1.6671947,-1.9400629,-1.8826747,-2.1467545,-2.567501,-1.0862894,-1.0863836,-1.4840499,-1.1016688,-2.5365493,-1.5544319,-0.92510575,-2.41182,-0.9087965,-0.9443676,-0.1571503,-2.0630996,-1.1824238,-0.70484364,-0.9281346,-0.9156679,-0.95406365,1.4331347,-0.46520415,-0.9018128,0.14186601,0.35044512,-0.5287351,0.031106822,0.6101187,-1.7321583,-0.42913082,-0.34981686,-0.77720344,-2.1205738,-1.7716293,-1.4511107,-2.469992,0.41759798,-0.29404792,-1.7071413,-0.36429164,-0.81681406,-0.27815077,-2.3221493,-1.3325248,-1.0772458,-0.51315147,-2.010841,-1.2611462,-2.5955193,-1.8653861,0.015113866,-2.3568373,-0.900968,-1.3128757,-0.16620938,-0.9991694
-2.7351122,-1.2984235,-2.0295014,-1.1296602,-1.21103,-1.5943623,-1.7292265,-1.5144366,-1.7093066,-3.142129,-2.3831258,-3.6144476,-3.361204,-2.542166,-2.2219937,-1.7092738,-1.9618446,-1.4080342,-2.0206316,-2.3019218,-1.2214411,-1.8310918,-1.7777284,-2.3942044,-2.5701156,-2.3578389,-2.762657,-1.9161428,-2.6476827,-2.2522957,-0.3704658,-1.3688473,-1.1668372,-0.46422985,-0.60473806,-1.2159624,-1.8480809,-1.5492727,-2.4920661,-1.3733183,-0.23355226,-0.5677377,0.73925185,-1.4587615,-1.0751219,-1.6867841,-0.122555666,-1.894768,-0.62535655,-0.45276824,-1.8418112,-1.5343988,-2.2701194,0.13252291,-1.8145382,-1.2009254,-2.0020113,-0.59778374,-2.5477552,-2.2505624,-1.2761265,-0.80522454,-2.1438468,-3.094202,-1.2988942,-1.8047277,-0.053522542,-1.1689805,-0.34767243,-0.9382732,-1.111782,0.03296114,-1.0670403,-0.4847526,-1.5529519,-1.4620941,-2.6826684,-2.140717,-0.13707031,-0.9868424,-0.56819177,1.4912583,-1.2716246,0.6493873,-1.3950883,1.3803298,-2.1770978,-1.1104505,-0.9694568,0.12105756,-0.17031552,-0.009082194,-2.6767488,0.7811669,0.9779214,-0.81388193,-0.7369129,0.10934922,-0.007775442,0.755157
-2.1347868,-1.1284384,-1.3608097,-0.80954766,-1.3726574,-0.8055824,-1.1786808,-0.9199076,-1.2220833,-1.656268,-1.4387997,-1.8799547,-1.6468768,-2.0164895,-1.1589681,-1.7873014,-2.2197247,-1.4858401,-2.1187148,-1.3469745,-0.85667163,-3.0696745,-2.4062607,-2.5094752,-1.8003875,-1.967646,-1.7774776,-1.4959476,-1.9822218,-0.9656325,-1.0800804,-3.1985343,-1.9822943,-1.6537851,-1.8844944,-1.2485869,-2.4032009,-2.3391583,-2.4701507,-1.4507879,-1.0135593,-1.4466358,-1.2477119,-0.5443053,-1.166163,-2.379886,-2.2221255,-2.447793,-0.34172666,-0.9747717,-0.993736,-1.7034347,-2.1818202,-0.9691353,-1.4388673,-0.7463352,-2.097934,-1.5495063,-1.6612798,-1.0091722,-0.590546,-1.2740762,-1.8052003,-2.7491627,-1.1800144,-2.0663116,-1.4029067,-0.9282294,-1.8874795,-1.551557,-1.0373236,-1.2293983,-1.624714,-1.2355655,-1.9181073,-1.7520225,-2.2806756,-1.95102,-0.3838941,-1.5237727,-1.1607335,-0.8086351,-1.8570706,-1.4451264,-1.4558557,-0.19096099,-1.9357365,-1.4135115,-1.0295372,-0.51507413,-0.69221616,-1.2732604,-2.6597896,-1.3564258,-0.75239265,-1.3794017,-1.6281307,-1.5857997,-0.38920102,-0.51748353
0.12802441,0.22360483,-0.87585914,-0.7677011,-1.0305984,-0.47913495,-0.8731948,-0.92320603,-1.311009,-1.6315076,-1.9596335,-1.4734504,-0.41268164,-1.1260546,-0.9736244,-0.52283925,-1.7621125,-1.0696893,-1.6038346,-0.33574823,-0.35402808,-1.8273088,-1.4108356,-1.54396,-1.0460368,-1.1061064,-0.77385676,-0.6671496,-1.6746088,-0.3578476,-0.6660963,-1.2506256,-2.329955,-0.5770533,-1.1627198,-0.5353209,-0.97742665,-1.4550099,-2.011072,-1.2500001,-0.751508,-0.44679976,-0.7685842,-0.24982123,-0.5944134,-0.3627406,-1.8631313,-1.7639514,-0.4288204,-0.40321067,-0.06531399,-0.7201224,-2.4488075,-1.3775561,-1.385541,-0.045897447,-1.4470596,-0.5284419,-1.8560147,-1.0233096,-0.58196694,-0.5480568,-2.2490883,-1.5130932,-0.9932585,-1.0139828,-1.1650786,-1.4126406,-1.4937863,-1.583165,-0.08244315,-0.76951563,-1.7137644,-1.1402159,-1.1317228,-0.82278895,-1.6093013,-1.0716687,-0.6114929,-1.0614054,-1.1946188,-1.2952901,-1.9666754,-1.1137755,-0.4277406,-0.12964743,-1.5076844,-0.8506884,-0.6100835,-1.1293565,-2.2189386,-1.0455927,-1.2054343,-0.6565185,-1.1699386,-1.0940425,-1.1656307,-1.9313992,-0.22603324,-0.38402098
-0.76010644,-0.6516662,-0.7584965,-0.79265445,-0.58335567,-0.8093903,-0.715772,-0.5591278,-0.6526641,-0.32726562,-0.57509625,-0.46874532,0.3173604,-0.5502422,-0.54312044,-0.6368453,-1.4134333,-0.96093655,-0.95342785,0.3914443,-1.0528333,0.15511684,-0.69495857,-0.4890303,0.6043464,0.7698196,1.1870515,1.2804476,0.082259744,-0.58323705,0.107013986,-1.1472602,-0.68682444,-0.03371289,0.16435976,1.3987448,-0.58078843,0.110748716,-0.70189714,-0.29317963,-0.47176227,0.72411454,0.99718934,0.22420263,0.82987875,0.41066718,0.37104535,-0.2245394,-0.71720475,-0.058513816,-0.8427705,1.2597414,-0.784851,0.9459261,-0.36063403,0.695769,0.61608166,1.5058855,0.4148297,1.3382686,1.2805992,0.9286869,1.569921,0.2731527,0.42323053,-0.90259165,0.49997222,0.45842877,1.1953051,0.5793498,0.03582754,1.5909922,-0.1239846,0.8825661,0.76187354,0.6209025,0.35134143,0.159456,-0.7972607,-0.7943342,0.9478265,0.45348018,-1.1300527,0.5298636,0.74967355,1.0438852,-0.94762003,1.1265085,0.67880154,0.29266837,-1.463809,0.6284957,-0.22952123,1.8122718,0.5743087,-0.56202334,-0.8833664,0.23210835,0.4393594,0.12199999
-1.0053642,-1.7576549,-1.7666615,-1.8260965,-1.7661201,-2.003596,-1.8265153,-2.2090833,-2.0020454,-1.0909978,-1.6762187,-1.3295233,-0.9426411,-1.7617034,-2.1020277,-1.6182595,-1.3826735,-1.8219823,-1.4138325,-2.232837,-2.1932883,-0.5545734,-1.9570633,-1.2819196,-0.024843259,-0.48698413,-1.2467291,-1.2779626,-1.0121913,-2.6623497,-1.7295945,-1.0450895,-1.4847233,-1.6092573,-0.9313792,-1.4711251,-1.3293077,-1.6711895,-1.2803335,-1.568849,-2.1223714,-1.3900492,-0.29190123,-2.1634226,-0.821065,-2.0714073,-0.15637486,-1.7753253,-2.035929,-1.3249135,-1.0605499,0.14292312,-1.0965734,-1.1348127,-1.6193365,-0.7574551,-0.203475,-0.7039095,0.7657641,0.078932226,0.5622745,0.40295336,-0.58082646,-1.1074004,-0.7423976,-0.71169823,-0.33902517,-0.45874774,0.24284057,-0.16261086,-2.1329672,0.14704481,-0.52961266,0.40682158,0.53097254,-0.465199,-0.90292305,-1.7005222,-1.675706,-0.051691074,0.74713624,-0.121720724,-1.2436465,-0.36345926,-0.9249666,-0.31037083,-0.030148279,-1.1991271,-1.1944191,0.5638265,-0.33531478,-0.7315399,-0.26853222,-1.4513777,0.21088393,-2.147175,-1.3919166,-2.327357,-0.89557165,-1.1215298
-0.98552465,-1.2800636,-1.8019621,-2.068407,-1.7543075,-1.9479696,-2.410872,-2.288768,-2.0673063,-1.1495,-0.94040656,0.24115524,0.39354974,-1.2516205,-1.5011858,-2.1870944,-1.507414,-2.3531466,-1.777276,-1.3702842,-1.7347419,-1.6516268,-1.1711955,-0.78796434,-0.14748071,-0.08592789,-0.068872616,-0.6384651,-1.0494081,-1.1646268,-1.4430093,-1.2184054,-2.9337907,-2.5743747,-1.3874794,-1.9435242,-2.3577676,-1.880284,-2.0072865,-2.6783018,-2.8313432,-1.4126699,-1.5272605,-1.7492099,-0.7824408,-1.4414284,-2.551875,-2.1640623,-2.8352385,-2.5351052,-0.71342,0.5231802,-0.8152276,-0.47593564,-1.2924037,-0.3855276,-0.05298326,0.93661857,0.7176159,1.0850023,1.2575656,1.3783529,0.8947405,-0.2769774,0.53716147,-0.82121354,-0.56395,0.78710306,1.1815383,-0.25168508,-0.24211158,0.97430855,-1.5008087,0.2563965,1.3752842,0.32860678,-1.0549457,-0.47235277,-1.4391612,-0.9950664,1.5617545,0.04131409,-1.4412892,-0.51012933,-0.18155682,-0.12908983,-2.1096945,-0.45271236,-0.87519634,-0.15877599,-1.3464139,-1.1284004,-0.18644358,-1.0647935,-0.64467925,-2.0826702,-1.7779437,-1.682644,-2.0249436,-1.6924593
-1.1889538,-1.278157,-1.2346525,-1.6351352,-1.1643181,-0.95444864,-1.579485,-1.6171534,-1.4205755,-0.9979652,-0.2612829,-0.4892455,0.5304042,-1.315739,-1.5540237,-1.3099939,-1.5231599,-1.8119674,-1.8550353,-1.084312,-2.646364,-1.1878536,-2.3012636,-0.88676906,0.6802484,-0.24340995,-0.43171695,0.09003052,-1.3673192,-1.6387459,-1.3640208,-1.3186468,-1.934308,-0.9412402,-0.21633868,-0.36999387,-0.15702079,-0.57183945,-1.7635086,-1.56456,-1.5653796,0.23852633,-0.22874308,-1.668353,-0.45489538,-1.6184937,-0.48805258,-0.34815797,-0.5098855,-0.87058437,-1.0587523,-0.14977431,-0.27904555,0.099895984,-0.7266187,0.7385223,0.59348613,-0.5009237,0.8097106,1.1939261,-0.07138561,0.98815906,0.9764512,0.39591354,-0.32357427,-0.9536947,0.5624749,-0.246074,0.88609284,0.46754608,-1.5485538,0.30194658,-1.123382,0.293181,0.9796109,-0.097008936,-0.2380321,-0.6491024,-1.1037302,-1.1196263,1.1992823,0.2731394,-1.2220024,-0.14406185,-0.5295263,-0.20348363,-0.44522664,0.4385826,0.17394206,0.25917804,-1.5828394,-1.4908599,-0.21247877,-0.5029067,-0.41344234,-2.0715895,-1.2865608,-0.65428036,0.9266758,-0.28432694
-2.1280484,-1.7250941,-1.9708871,-2.1552148,-1.720165,-2.1576512,-2.1340287,-2.2020397,-1.9934988,-1.0636182,-1.1541668,0.28257772,0.46957198,-1.4778461,-1.5786349,-1.8446716,-1.5890757,-2.4083927,-2.1525238,-1.8837875,-2.1013443,-0.4599669,-1.4201335,-1.1132774,-0.046594337,-0.4652473,-0.7952159,-0.43149605,-1.7097218,-2.2408936,-1.410877,-1.3434064,-1.3926845,-1.984643,-0.019651918,-1.5082314,-1.1489071,-0.5290501,-1.7371831,-1.7628331,-1.8910831,-1.3254594,0.9507503,-1.1009858,0.040720206,-0.8558149,0.46401817,-1.010761,-2.5454614,-1.4624857,-2.4050257,1.9900364,-0.0048606037,1.337926,-0.43017367,-0.08279714,0.18760182,0.25541845,0.95744,1.0784286,1.6847796,1.8850684,-0.46669286,0.23227873,0.36568394,-1.482783,-0.6572644,1.2586815,0.87061965,-0.25852332,-1.5718957,1.8726891,-0.518258,0.9024908,0.9085672,-0.059758056,-0.731608,-0.39425257,-1.604236,-1.288854,1.3486614,1.3030974,-0.5898317,1.2924697,-1.0624135,1.1453629,-0.5631624,0.07929151,-0.91379,1.582617,-0.7144976,-1.4654597,1.032126,-0.9510522,1.5082617,-0.739206,-0.7071122,0.1024405,-1.5048318,-0.5711194
-1.3109525,-1.4475515,-1.7664472,-1.8543869,-1.3797256,-1.6530956,-1.875272,-1.9945805,-2.1142058,-1.316285,-0.56511825,-0.5529782,-0.26594082,-1.6427847,-2.1920214,-1.5360876,-1.4559222,-1.9454453,-1.3779117,-1.21379,-2.2639139,-1.1702338,-2.3446167,-0.8739458,-0.49610916,-0.4081463,-0.32985407,-1.0388417,-1.7341378,-1.7548327,-1.431149,-1.135076,-1.0254219,-1.7061781,-0.36189413,-1.3771147,-1.0825824,-1.6317226,-1.5380231,-1.355684,-1.5088497,-1.6275408,-0.49297032,-1.7386303,-0.14138363,-1.5435573,-1.2980033,-1.611609,-1.2288209,-1.430352,-1.0882473,0.4095191,-0.14990453,-0.042930625,-0.82133913,0.12496418,-0.44942185,-0.4483345,-0.40042165,-0.39850578,-0.57803774,0.4099249,-0.7682867,-0.18399763,-0.004923584,-1.8369098,0.110317014,-0.58254635,0.6637375,-0.27657345,-1.2315245,0.2663559,-1.4503512,0.895008,0.56826,-0.83017236,-1.237568,-0.96087366,-1.6389512,-0.9800671,1.1275076,0.655735,-0.70451474,0.39451018,-1.0038568,0.9800781,-0.15985608,-0.4166114,-0.5285607,1.1784794,-0.030214634,-2.059767,0.28815377,-0.67557925,-0.061259545,-0.83204824,-1.2529831,-0.6149467,-0.56239414,-0.10841202
-2.4724183,-1.3346475,-1.28053,-1.6384287,-1.491572,-1.1598896,-2.0356414,-1.7686026,-1.3429587,-0.32051024,-0.8434544,0.332788,1.0699116,-0.6040622,-0.20686194,-1.4850699,-0.9643882,-1.800441,-1.0398835,-2.1073148,-1.3823218,-0.20442328,-0.8958311,-1.2519476,0.57830435,-0.06060121,-0.28888077,-0.8098987,-1.6619374,-2.038947,-1.6002092,-1.7010798,-0.62766755,-1.9325677,0.22151674,-2.7766414,-2.46763,-0.28812268,-1.335198,-1.7361606,-2.0683064,-1.1218673,1.0314027,-1.6367768,-0.6444763,-1.6662148,-0.47643483,-1.5672145,-2.2465708,-2.7369444,-1.199365,0.43042323,-0.47771552,0.44053826,-0.04641733,1.3758105,0.1310421,1.3237256,1.4345529,1.5614028,1.4254636,2.4771116,0.6268512,1.4005958,2.0589416,1.4371555,0.9524384,1.730596,1.3604318,0.24097496,-1.0016713,2.4047775,1.2023091,1.8371823,0.9520946,0.54988986,-0.26136094,0.04909476,-2.469122,-1.0504493,2.0066931,1.76696,0.4175424,1.4034123,-0.6426482,1.3578191,-1.8458239,0.22443263,-1.2904733,2.8656392,0.9565885,-1.1990824,1.4869204,-1.1509204,1.6914608,-0.88123554,0.17135903,-0.39275488,-0.93000084,-0.70085835
2.3883176,-1.5124803,-0.8133751,-0.5738302,-0.068963595,0.47357434,0.57826686,0.42648685,0.84005904,1.2838689,1.5391704,1.2784393,1.7566344,2.4431815,1.2936732,-0.3268757,2.4960728,1.947666,3.2405086,2.2151504,1.74927,1.8612475,2.8579938,1.3948818,-0.951623,-1.7019553,-0.6136247,-0.13479583,1.5243331,0.30982798,-1.7453749,0.98246014,1.3960435,2.442704,-0.5968861,2.971187,2.6494238,1.4565086,0.18824042,1.108198,1.629482,-2.0143392,-3.2454383,0.6162435,-1.0055327,0.13808507,0.41543305,3.1763241,3.2047796,3.0429635,0.10875894,-1.7686741,2.5584214,0.31637567,0.6351141,0.9805404,3.3792462,0.60725254,1.8194044,1.3465085,0.74702454,0.79968584,1.8113071,1.9632881,4.20321,2.547348,3.4849956,1.3139122,1.4508126,2.9502628,1.9161378,0.7533784,0.76562333,2.9559379,0.4666795,-1.6228424,1.695119,0.20653944,-0.8548127,-2.1403909,0.60869265,1.1407505,-0.5519117,0.15237778,0.70076704,0.56702065,1.8050582,-0.02278631,3.0480227,1.0877692,0.32518235,-0.9015092,0.9101998,-1.946349,-2.509281,0.50852305,-0.4937742,2.71026,4.488423,2.5032468
2.9689066,-0.3423933,1.476962,0.55210274,0.08741528,1.8299507,1.1454622,0.45213762,0.7030588,1.8952274,2.7074003,2.520432,-0.4195014,2.1534827,0.8873897,0.7709436,2.5845988,1.2548906,2.8081503,-0.0057196477,3.126503,1.0766414,2.9397762,2.0866864,-0.3138714,-0.11844046,-2.3648796,-2.749211,2.502522,0.8030816,-1.5730534,1.3263434,-0.28162387,0.6425274,-2.8087993,0.38271132,2.5505376,1.8865936,1.2532943,0.8699938,0.509946,-1.5124857,-3.5735898,-1.3813174,-2.8417394,-1.0469183,-0.42872542,0.65395343,2.1505415,1.0076435,2.8915296,-0.7151772,3.4549015,-1.0070772,0.28827384,-1.0344528,0.87708217,-2.327184,0.8626705,0.22227934,-0.19116709,-0.7839858,0.37356383,-0.9528376,0.28182992,1.9376787,-0.20738183,-0.7700738,-0.8471954,-0.2348018,1.4664071,-2.1594303,0.21360579,0.0012564808,-0.083567254,-0.6423686,1.4924091,-0.7136855,1.2704115,3.0394225,-1.1189432,-1.6302316,-0.6553842,-3.3280156,-1.8034618,-3.3745039,1.6311975,-3.9714067,-0.5050683,-1.4793507,3.5947354,-0.13522504,0.75739384,-2.230539,-3.0051708,-0.7575875,-2.1422973,-1.1115761,1.1850824,-0.7497069
0.33554125,3.0040612,4.01833,3.1290386,1.140512,3.8915102,0.9167439,0.51194483,-0.82615805,3.6451123,1.2838337,2.4509068,-0.87941027,1.0741717,-1.6070075,2.543541,-2.1502566,-3.3924947,-1.1932377,-7.5200787,1.956097,-3.1952226,1.1841478,-1.2372327,0.62433356,0.76202035,-6.2415013,-5.092874,-0.74871284,-2.1724684,-6.1812744,-1.9612796,-0.464824,-5.048082,-7.674579,-6.890179,-1.9898702,0.68929607,0.10987764,-1.1696489,-2.8942707,-3.9892814,-3.3125827,-4.668096,-8.858904,-5.2047067,-1.8151268,-4.1932745,-0.5379787,-5.2039413,-1.597546,4.209544,-0.45430702,-0.21949634,0.5892608,-1.617431,-6.339698,-5.902678,3.9044473,0.63021374,4.293623,3.4096398,0.327725,-4.5715795,-5.866238,0.23516952,-6.600768,-3.666984,-7.965135,-10.195904,-6.664565,-1.6264205,3.1600306,-5.8614902,-2.5291834,2.3368466,-3.0113454,-1.0463902,-0.655233,1.5160123,-5.668145,-7.325275,-5.390321,-7.350405,-6.319149,-4.8155146,-2.4974854,-7.0096903,-10.141832,-6.1963487,-0.44807002,-2.1919808,-2.3893511,-1.5076197,-4.349534,-5.727498,-5.5745974,-4.0017567,-2.9032652,-7.0230074
2.2697737,0.11722369,1.4561399,1.719122,2.0526297,3.5424232,2.212734,2.6988575,3.1069112,0.6740477,1.5765083,1.491319,1.3091695,3.1052995,2.8237357,1.2883179,4.1891503,3.7828279,4.8345413,3.1111562,3.4382825,3.941873,3.959164,2.5151722,0.23657806,0.61984736,-0.23540801,2.4465654,2.5077553,2.8408027,-0.042021677,2.3660622,0.107162006,3.9254882,-0.4824328,3.7696853,4.8879795,2.0328252,1.0309908,1.5124215,3.2276595,0.33105788,-3.0177777,2.097031,-2.4827824,0.16799572,-0.3496306,1.7761593,5.070256,5.024951,3.7081826,0.41587865,3.4860916,1.6961248,2.9977796,4.5434437,4.303778,2.148858,2.7152777,1.5069968,2.2502544,0.49953905,1.3562285,1.7155848,2.8141737,2.6848855,3.9883769,2.7777689,2.3419302,2.9981694,3.2558267,3.237244,3.548504,3.466091,2.6026864,1.9956403,2.6667168,2.447105,0.6854042,0.43910587,0.7741222,0.42853048,0.6630637,1.7914808,2.1263213,2.3203526,4.1646852,2.3173504,3.0771391,0.02751778,2.877458,3.2716048,2.347459,2.5160913,0.5320013,1.2565975,2.5105553,4.1101494,5.4835143,4.6956863
-0.98345757,-2.9902549,-1.8954214,-2.4785895,-2.5971384,-1.9194398,-2.2300427,-2.0413365,-1.3472323,-0.88585114,-0.76127285,-0.6899364,-0.99807614,-0.64115804,-1.0533792,-2.5140533,-0.87377805,-1.5249418,-0.81593555,-0.70516044,-0.73183966,-1.3256962,-0.22911225,-0.3862212,-0.8511677,-0.6985494,-0.40517306,-0.42818317,-0.28040832,-0.51165724,-0.02670174,-1.0575235,-1.4757015,-0.94571817,-1.2182885,-0.050246865,0.19117442,-0.46133077,-1.6288092,-2.1078157,-1.6906236,-2.288687,-1.4936817,-1.8971568,0.06920687,-1.8141656,-1.1384292,-0.26264971,-1.512667,-0.6546941,-0.1942487,-0.70908475,-0.5015036,-2.1012092,-1.5527854,-1.1071005,0.60624975,0.22430669,0.21548074,0.46297505,0.2322971,0.06928671,0.56022453,-0.6119608,1.0133044,-0.007930246,-0.023969503,-0.009357196,0.58381975,0.48907167,-0.088314645,0.89171314,0.8134375,0.6815631,1.6464788,-0.24680564,0.77406913,-0.46454284,0.96751267,1.3732685,1.745277,0.5611196,-0.54781586,0.7024766,0.067056075,-0.67643386,0.6844614,-0.61114687,-0.0888326,0.66753584,0.3397211,-1.1933517,0.2780515,-0.9110904,-0.054035056,-0.8461793,-1.2821577,-0.5072709,-0.67940533,-0.08620427
-2.6851556,-2.0496213,-1.1596546,-2.229696,-1.789191,-2.0831094,-2.5097883,-1.7828397,-1.7263637,-2.0505202,-0.68597716,-1.357247,-1.0810075,-1.1677039,-0.84972376,-2.099362,-1.2433951,-1.3200085,-1.1653721,0.030330028,-1.2452698,-1.322649,-1.0204756,-1.3707947,-0.96957976,0.077013634,0.16820109,-0.19621539,-1.0355259,-0.88599277,-0.38395017,-1.5515002,-1.7102816,-0.984063,-0.64010715,-0.22130732,0.2892882,-0.71361,-1.7034942,-2.5786493,-1.809433,-0.5073246,-0.6919046,-1.1417115,0.44322437,-1.5533913,-1.8097508,-1.2407309,-1.8323258,-0.78877723,0.4089732,-0.60703325,-1.0839549,-1.2916566,-1.353646,0.060667083,1.3750541,1.0035697,-0.656514,0.065496184,-0.7029129,0.028656002,-1.5681657,-0.70619905,-0.54086286,-1.253268,-0.094313234,0.818578,0.19949162,1.2477883,-0.43867216,0.8164323,-1.3311692,0.5351676,0.9066166,-0.7911671,0.1104907,-1.0755126,0.03207145,0.96351045,2.1032052,1.4586332,0.15339838,0.50623643,0.3104445,0.90002126,0.30189702,0.2948881,0.3625568,1.5650345,1.3362072,-1.5427308,0.74371713,-0.8937169,-0.3795304,-1.2486639,-0.5345618,-0.58853954,-1.0145,-0.16052651
-2.2391315,-2.0942786,-2.8088903,-2.295133,-2.2795005,-2.7249627,-2.4575565,-2.409601,-2.862893,-2.0525818,-2.2617338,-2.3802009,-2.7797534,-1.73325,-1.5931532,-2.530354,-1.8050367,-2.2221713,-1.5940862,-1.8986406,-1.034629,-2.236374,-1.5849397,-1.9680617,-2.8140628,-1.8582984,-1.6217672,-2.8259318,-1.5910195,-2.5923867,-1.739088,-1.9383757,-1.7106694,-2.0549562,-1.8094453,-2.4687896,-2.1857069,-1.4262419,-3.170416,-2.0685709,-1.8970578,-2.4375024,-0.9674332,-2.6442049,-0.775838,-1.9304781,-1.4206283,-1.5874662,-1.9507908,-1.2963765,-2.5102594,-1.6071414,-2.4153955,-1.0370404,-2.6345267,-2.1059322,-1.2051111,-0.9496964,-1.5340724,-1.7733319,-1.6974155,-0.61064225,-1.1966923,-2.9342532,-1.1373805,-0.807728,-0.8664534,-1.6133232,-0.21433155,-0.6904348,-0.69260454,-0.54898185,-2.941434,-0.84019756,-0.96877956,-1.5427917,-1.5492828,-2.9532194,-0.34525988,-0.5795016,0.5729659,0.93029547,-1.2251716,-0.6289074,-1.428992,0.03396712,-1.642503,-1.9473494,-1.2088898,0.9681987,0.09694823,-1.7844914,-1.8844734,-1.5151415,-1.0855063,-1.3840345,-1.9528157,-1.3320878,-1.1097045,-1.0270168
-0.3779741,-1.8036572,-1.3924358,-1.4404142,-1.4796325,-1.5594839,-1.3078139,-1.2779026,-0.9035738,-1.1273578,-0.39394447,-0.85228264,-0.5316247,-0.00974314,0.6138915,-1.8754449,-0.68605316,-1.0779018,-0.10954856,0.1773443,-0.5635803,-0.7914407,0.15192036,-0.78662884,-1.2694173,-0.7585306,0.39706203,0.039088923,-0.22985038,0.14224899,-0.77405614,-0.8089204,-1.4110641,-0.6041304,-0.5848126,0.6197532,0.13261135,0.71729183,-1.2669343,-0.52034974,-0.4782482,0.37903193,0.41311046,0.920475,-0.20935017,0.049914088,0.045248672,-0.44071794,-0.08343859,0.2605437,0.97160894,-1.0800413,-0.59662145,0.88542753,-1.4916996,-0.14862692,1.5451947,2.0681126,0.8005384,0.74724936,0.8063415,1.3355212,0.88408124,1.0036969,2.477575,0.83859783,1.7694589,2.299568,1.4911911,0.98327476,0.1230815,2.0499775,2.020916,3.048859,0.14330131,-0.55775166,0.57624274,-0.1500346,-0.27108377,0.14593327,1.2628989,1.4187385,-0.87833965,0.808175,0.110819034,1.2136612,1.1258394,-0.36633906,1.3233596,1.3475981,1.4219841,0.4586272,2.175415,0.34972697,1.101899,-0.36540517,0.27369627,1.3630706,1.8467946,1.3217129
-0.8352346,-2.3161402,-1.8473057,-2.025489,-2.030449,-1.853667,-1.4745859,-2.2781515,-1.560951,-1.4295919,-0.5439452,-0.42498007,-0.09083444,-0.704496,-1.1249765,-1.8931293,-1.5206852,-2.0099204,-1.3127692,-1.4114314,-1.0589443,-1.4102662,-1.1842333,-2.2590115,-1.8995191,-1.7450505,-2.1552813,-2.0986998,-1.4453557,-1.6703554,-1.6976757,-1.5010313,-1.6972314,-1.4455324,-1.3799448,-0.46592426,-0.10491123,0.04013307,-1.8915375,-0.7103934,-1.2641538,-2.4135654,-1.0727623,-1.9616048,-1.4050478,-1.0506607,0.32181627,-0.786507,-0.7555662,0.1480227,-0.7564107,-0.77492785,-0.6288561,-0.9527939,-1.8660605,-1.2237947,-0.19377796,-1.3323957,-0.5123754,-0.46805406,0.39034304,1.2885257,-0.42592612,0.38725302,-0.085342444,-0.59955406,0.33906424,0.027897423,-1.0697365,-1.0116462,-0.9337695,-0.70148987,-0.26532078,1.2218868,-0.7889625,-2.0339212,-1.5351784,-1.5511326,-1.1438811,-0.0088376915,-1.1420186,0.36307144,-1.8673553,-1.4788996,-2.0229905,0.048759557,0.19507708,-1.7556627,-0.6181075,1.2093498,1.2375636,-1.0142808,0.0787305,-1.7070209,-0.85832757,-1.4577447,-1.7353109,-1.1292758,0.5896094,0.36932418
-1.6670165,-1.9372916,-2.2156808,-1.6753194,-1.7178692,-1.6179775,-2.0331922,-1.9149336,-1.8314152,-1.6205643,-0.21583372,-0.4394648,0.32532158,-0.32310846,-0.18677591,-2.1675334,-0.90912217,-1.5296326,-0.5385088,-1.4232881,-0.5075355,-0.7346603,-0.33223125,-2.0795996,-1.58478,-1.4655752,-1.4066365,-1.5208986,-0.63681245,-1.4101425,0.05050236,-1.8646729,-1.7662205,-0.7449669,-0.99369186,-0.36404556,-0.10763189,0.8848838,-1.8112175,-1.4276755,-0.82317555,-0.82928157,0.20833987,-0.46613708,0.16186784,0.010564634,0.5665534,-1.3075823,-0.92653185,0.75368893,0.25663617,-0.51844627,0.007967984,0.38193232,-2.3660498,-1.1971799,0.4655941,-0.7546433,0.1682746,0.4119913,0.9093885,1.0442762,-0.1566741,0.32884166,0.06556158,-0.28968233,-0.3557917,0.7845914,-0.28420904,-0.67455834,-0.20961513,-0.43224293,-0.17922248,0.30653858,-0.72378635,-1.683016,-1.1149822,-0.98406035,-1.2000918,1.1230654,-1.4493221,0.80035394,-1.1976712,-0.6200868,-1.2958862,0.755854,0.0942195,-1.3440844,-1.0236113,0.84600663,0.24062915,-0.87651104,0.20961265,-0.32399702,-0.40587202,-0.13866884,-1.3057127,-0.14528935,-0.40585688,1.3003107
-1.3274236,-1.9505901,-2.04269,-1.4888233,-1.7703239,-1.8512563,-1.6574525,-1.9750518,-1.5525577,-1.6944574,-1.2523692,-1.173248,-0.0007476727,-0.9138109,-1.2385703,-1.540531,-1.6059152,-1.5243899,-1.2490708,-1.3098166,-1.3419417,-1.3231668,-0.46140987,-2.0934286,-2.1606283,-2.3604755,-1.9538751,-0.9596692,-1.9948288,-1.850216,-2.1973627,-1.3015368,-0.718086,-0.83020055,-0.527312,-0.7780662,-0.81705064,0.2556634,-1.5061693,-0.6835699,-0.871516,-0.90796506,0.12789296,-0.7007013,-0.6767189,-0.66627306,1.1715323,0.21113314,-0.7099664,0.17600821,-1.26818,-0.24971597,-0.9600738,0.014034597,-1.8821371,-1.8859036,0.3764097,-0.19341177,-0.45559067,0.12526669,1.234516,0.6827046,-0.90625036,-0.70698863,-0.1840197,-0.47330403,0.68256044,0.1884891,-0.7092982,-0.74556804,-1.447948,0.17562234,-0.0028088253,1.1171671,-0.08802102,-1.6138164,-0.8161325,-0.74345815,-1.1185971,-0.06589858,-0.52632976,0.75548345,-1.0902325,-0.4506398,-1.3125321,0.53404874,0.053238355,-1.6080941,-1.1028162,1.1595198,-0.30289334,-0.9918959,-0.25744778,-0.68108875,0.18242566,-0.7492315,-0.6845813,-0.28655145,0.1971289,0.5784959
-1.0804062,-2.472401,-1.6343259,-1.802172,-1.7747482,-1.0417731,-1.8576118,-1.1302329,-0.88249564,-0.99689037,-0.21237086,0.32167527,0.7961208,-0.050307076,0.17552444,-2.394041,-0.7907881,-0.7668253,-0.3032581,-0.24905086,-0.1436044,-0.27393535,0.26872006,-1.2860439,-0.43103257,-0.08173359,-0.16095746,1.0586722,-0.6758588,-0.76433325,-0.16544907,-1.3876871,-1.919606,-0.6155961,-0.33578295,-0.7441338,-1.2706679,-0.050845206,-1.501482,-1.2466731,-0.9909297,0.17361307,0.46481603,0.016698908,0.7182413,-0.45741928,-0.44581306,-1.1432494,-1.105313,0.086286396,0.15429708,1.0335982,-0.83392423,0.28353903,-0.7486167,1.465145,0.77425,1.8273548,1.0885413,1.4734555,1.851335,1.4118431,0.2819086,0.31262335,-0.4548926,-0.5353191,0.25206414,1.3703736,0.10994135,-0.0033277166,0.16432805,1.7117959,0.12804434,0.9803895,0.37712145,-0.2744671,-0.20996653,0.25151184,-0.76867837,-0.17981574,0.10357566,1.0959809,-0.6255636,0.34940696,-0.41098803,0.83427346,-0.8909196,0.34058383,-0.06781805,1.2254225,0.56849885,-0.726281,0.82651836,0.32803997,0.6420271,-1.1385447,-0.018945534,-0.5930775,-0.3222068,0.690037
-0.67092276,-1.7706767,-1.7593783,-1.4701103,-1.8025947,-1.4968753,-1.6022351,-2.145387,-2.070426,-1.2391934,-1.0947657,-1.0435315,-0.6423918,-0.61207134,-1.2287194,-1.5723233,-1.6157838,-1.9120575,-1.214334,-0.7287252,-1.1128011,-1.893454,-0.7083237,-1.8308845,-1.9282286,-1.8851521,-1.5937581,-1.8542037,-1.2073559,-1.2246977,-2.9593418,-1.3853077,-1.5020286,-1.9325305,-2.0318365,-1.596459,-0.5755586,0.91752064,-1.9861331,-1.6466748,-1.8992589,-0.84416443,-1.2178228,-1.9933238,-2.1059165,-1.1455493,-0.6538159,-0.77309376,-1.0310053,-0.8519725,-0.63911974,-0.05194896,-0.7361672,0.3880855,-1.5443082,-0.70652896,-0.90888035,-0.49634355,0.009819979,-0.80761915,0.3792315,0.6377532,-1.1148967,-1.1180499,-0.39758113,-0.76853967,-0.42150116,-0.88437366,-0.67147106,-1.1935234,-1.0650792,0.2528172,-0.38857976,0.74288476,-0.47910511,-1.9982951,-1.132278,-2.2379422,-1.8514018,-0.6789353,-0.35961583,0.05407157,-2.735281,-1.2192521,-2.1400824,-0.22831994,0.018794773,-1.5268294,-1.313541,1.0218544,0.05369677,-2.2128994,-0.89337873,-0.8196386,-0.10096363,-2.4939158,-1.494762,-1.2363788,0.15684144,-0.38792384
0.4899588,-0.680547,-0.61134624,-0.89936537,0.054109696,-0.2433357,-0.35127524,-0.67534417,-0.1722525,-0.9753062,-0.23049311,0.38656288,0.39776593,0.8162494,0.80260336,-0.5995134,-0.0011607726,-0.14305273,0.5338813,0.80908674,0.79210943,-0.3209764,0.5286216,-1.0390868,-1.6269332,-0.60664773,-1.0750797,0.05574544,0.53685313,0.4798922,-1.1037244,0.158732,-0.5590266,-0.019420957,0.13516834,0.7805775,1.4888281,1.9059023,-0.45906565,0.32845983,-0.055892736,-0.08018184,0.3172274,-0.19426681,-1.108914,0.14869244,0.3913506,0.33616737,1.2633215,1.1330031,0.6243854,0.88922805,0.9529853,1.9274434,0.07374064,1.6169232,0.8831544,-0.27645838,0.94133383,0.56895787,1.2875112,2.002055,0.16868445,1.0120039,1.0942262,0.27423915,1.6817499,2.436129,0.77929574,0.89535594,0.9675642,1.4978832,1.2793471,2.0180957,0.02440721,-0.15215272,0.20954402,-0.03717715,-1.2355796,0.97475064,0.2911589,1.2349155,0.02322655,0.99605834,-0.2802213,1.6973424,1.2794139,-0.316457,1.1577439,1.3611957,1.0808554,0.15540062,2.2328267,0.53174675,1.9344187,0.1850031,0.42764723,0.3286024,2.2758725,1.4828663
-1.4182492,-1.9506352,-1.1111641,-1.9807167,-1.106582,-1.4516337,-1.5843874,-1.6754963,-0.9771513,-0.6033149,-0.7340274,-0.32153326,1.0488975,-1.176018,-0.8439433,-1.7848942,-0.7350457,-1.3755063,-1.6157746,-1.2917919,-2.0761445,-0.7838626,-1.1409589,-1.0015295,-0.35753232,-0.7914798,-0.324926,-0.43109363,-1.199148,-2.0669508,-1.0754399,-1.4987503,-0.51414055,-0.7408272,0.24939422,-0.4404039,0.19143313,-0.19659688,-1.131572,-1.003766,-0.8981495,-0.6778205,0.19895323,-1.2211714,-0.064338304,-0.47123897,-0.0033582132,-0.059134044,-0.78378123,-0.6785181,-0.06341386,1.0709479,0.7694605,0.6209638,-0.9165616,1.1894022,0.88178664,0.5922491,1.1478397,1.7304604,1.7508363,1.9951828,-0.3026006,0.64451236,0.031169325,-0.43182734,1.826771,1.3632755,1.1724837,1.3469293,-1.3791287,0.80345273,-0.4894035,1.8470807,0.3364657,-0.29845828,-0.75856,-1.0915142,-1.1300967,0.65733296,1.4354968,2.5743165,0.3493635,0.56198364,-0.4840395,0.7623269,0.51147306,0.5116823,1.1339566,2.5181656,1.222572,-1.6410652,2.1527405,-0.49706006,0.5172673,0.068239555,-0.1841625,0.12439536,0.51375026,0.6898359
0.028072169,-1.0492918,-1.4226669,-1.221107,-1.0048257,-0.8775822,-0.86283535,-1.1305337,-0.92593926,-0.993283,-0.9457138,-0.8841675,0.28256372,-0.65751,-0.5313098,-0.99302983,-0.8539332,-0.9295158,-1.1617444,-0.1775352,-1.8370019,-1.1620508,-1.1352626,-1.4957825,-0.39321536,-0.9907853,-0.20210233,0.2642136,-1.0644829,-1.1566291,-1.4271295,-0.34240404,-1.971317,-0.25319773,0.27328655,0.65088826,0.07699854,-0.7745481,-1.2661893,-0.26631483,-0.52181524,0.54215086,-0.24817733,0.07366342,0.46320483,-0.61669654,-0.49201432,-0.45496184,0.24794884,0.30111054,0.28274238,0.8525198,0.4293752,1.1536295,-0.47722813,1.5394627,1.1638896,0.63625145,0.5915814,0.18543212,0.40702334,0.97667766,-0.3579028,0.71222454,0.2607365,0.07850192,1.9439087,0.9725723,1.0078534,1.4561952,-1.1686183,0.8645678,-0.29873458,3.180172,-0.04153553,0.11524617,0.014056256,0.2804057,-1.1474842,-0.47145382,1.0182585,2.2606783,0.74359596,0.6677361,0.45007253,1.8827769,0.2972145,0.37482283,1.8900602,2.646713,0.81191605,-1.7612408,1.1991744,0.15315028,1.3168966,-0.22319505,0.3063698,1.0093597,1.5593802,1.1630664
-0.24990161,-1.4920386,-1.5000663,-2.1545186,-1.854503,-1.8267422,-1.8179604,-2.1762388,-1.9534,-1.884676,-1.0411514,-1.358414,-0.93281484,-1.3722012,-1.8645941,-1.963667,-1.2052681,-1.9530505,-1.5871606,-1.1066681,-1.8978935,-1.6732541,-2.3056397,-1.8888606,-1.5658126,-1.5977848,-1.5864184,-0.91447663,-2.2250662,-2.2655697,-1.8167989,-1.7292688,-1.5620277,-1.2125846,-0.6753641,-0.37526673,-0.69345814,-0.06026853,-1.8398659,-1.1221886,-1.5261533,-0.87608904,0.2665223,-1.4545487,-0.9705235,-1.3913059,0.4945881,-0.30694863,-0.15168193,0.06114426,-0.10601152,0.9687482,-0.8291679,1.0733054,-0.83849835,0.7855834,0.27631077,0.80956286,-0.7972818,-0.18167159,0.5199084,0.49565375,0.5865259,0.13528143,0.09429657,-1.2870356,0.9798814,1.3397933,1.0032635,0.014125236,-1.0589728,0.23772931,-1.1497637,1.21645,-0.008070653,-1.6635611,-1.1959007,-1.5167017,-1.4306462,-0.38116613,1.0320945,1.4745859,-0.9070818,-0.6160314,-1.5170883,0.70402706,-0.42409176,-0.8465609,1.034738,2.0449693,0.75075024,-1.2615626,0.6602833,-0.55458766,0.3404894,-1.4718568,-0.4166642,-0.74251324,1.346766,1.4832586
-0.22693504,-1.2907417,-1.3137977,-1.4955066,-0.8624981,-0.62409014,-1.264865,-1.2420523,-0.62277555,-1.6696497,-1.4417619,-1.233961,0.2955898,0.0064031724,-0.18074897,-1.7062445,-0.77267987,-0.62326205,-0.26952714,-0.24823888,-0.5806228,-0.49287945,-0.49020308,-1.1423923,-2.0616953,-1.5093539,-0.71028155,0.043696333,-0.10383111,-1.0050622,-1.4614617,-0.81081724,-0.15341014,0.09022352,-0.23276362,0.43122503,0.9726039,-0.6556242,-1.2990949,-0.83878326,-0.5643928,-0.47501752,-0.86887735,-0.6659888,-0.9130848,-0.33304304,0.9764633,0.5773609,0.5408664,0.6669758,1.4556991,0.4866894,0.96023226,0.9897848,-0.119538195,1.0996953,1.8447715,1.1706406,0.0060325335,0.41773042,0.21527126,0.5287907,0.6879673,0.48535648,0.4819076,1.0136479,1.0222667,1.3704315,0.600425,1.4375288,-0.846233,0.80461025,-0.4962094,1.8560609,-0.07885178,-1.4052066,-0.61494654,-0.5761083,-1.5087748,-0.96137774,0.8294078,1.4651182,-0.26505265,0.08201136,-0.029650899,1.1711186,1.037085,0.46201256,1.0598536,1.9648901,0.052868176,-1.0418167,0.87623256,-0.119494505,1.2075343,-0.88061357,0.4311688,0.730492,1.8253269,1.7702651
-0.6313349,-0.84474885,-0.24413434,-0.24417132,-0.58911306,-0.04779283,0.0741192,-0.06683245,0.30859336,-0.07119173,0.23428938,0.48209426,0.5018114,0.48051786,0.5167117,-0.6144135,0.018428164,-0.21885678,-0.119532846,0.026023919,0.34394348,-0.21538027,0.48525512,-1.0864983,-0.7993642,-0.63370425,-0.6995694,-0.08246355,0.30751425,-0.27380502,-0.2852032,-0.052166693,-1.1466094,-0.45214602,0.21973918,-1.0453503,-0.7880709,1.0176857,-0.76073503,0.16051899,0.47384262,0.16741472,0.091222286,0.5850341,-0.82211906,0.29626232,0.37363574,-0.053730197,-0.2843892,0.21079093,-0.20164931,0.2611524,-0.19690841,-0.20549478,0.38012844,-0.0017165969,0.49156862,0.97599137,-0.047265194,-0.19323397,0.7496086,0.23875093,0.4481284,0.9719215,0.45285964,0.5478626,0.4845266,1.4390059,-0.19098835,0.007143046,0.2214643,0.562431,-0.042194203,1.1455315,-0.5011845,-1.026262,0.0056007872,-0.018683018,-1.1114866,0.6981553,0.10398616,1.4098657,0.28257394,0.4208666,-0.5215401,0.91490847,-0.3941429,-0.494607,-0.32786897,1.5711048,1.1988463,-0.5143635,1.6230558,0.64614606,0.46730834,0.18531153,0.14759044,0.35013652,-0.40092167,0.75131404
-1.1980914,-0.2642603,-0.15704037,-0.59316033,-0.5632422,-0.5483108,-0.57920814,-0.19031172,-0.6792515,-0.7805504,-0.047075164,0.24528906,-0.15677494,-0.059765186,0.19632004,-0.12357147,-0.22690295,-0.34586436,-0.03861514,-0.18183406,-0.1968415,0.14110251,-0.22143579,0.10351981,-0.3954713,0.38563937,-0.6674987,-0.30667758,-0.524071,0.3116072,-1.5414923,-1.0577551,-0.14980182,-0.38526928,-0.33355075,-0.3477793,-1.2203248,-0.8947794,-0.39396465,-1.0075239,-0.74054843,-0.27250135,-0.33314005,-0.9193156,-1.207441,-0.61040986,-0.19866697,-1.3499464,-0.93850595,-1.4043689,-0.28996456,-0.45974216,-0.011208954,-0.061419033,-0.31386155,-0.48500818,0.6026637,-0.753828,0.013482985,-0.110427305,0.323043,-0.32411957,-0.8616169,-0.05987946,0.10006182,-0.4580451,-0.4850911,0.46855834,0.40856826,0.025107529,-0.19078317,0.7099661,0.25159103,-0.018525176,0.73772895,-0.041754212,0.502989,-0.14464839,-1.7168399,-0.46401823,0.3539461,-0.38608426,-0.24713333,0.030990073,-0.44159222,-0.777111,-1.011576,-0.17679238,-0.56141263,0.29314062,0.6860253,-1.1579477,0.32840183,-0.4825338,-0.2936299,-0.96972364,-0.67256975,-0.31218696,-0.9455379,-1.3198352
-1.9160643,-0.59441835,-0.733681,-0.8230801,-0.69425476,-0.541992,-1.5841854,-0.8319486,-0.5154223,-0.10923624,-0.67432284,0.056565613,-0.031900752,-0.5185388,-0.6940201,-0.8055993,0.3211966,-0.66032225,-0.021514732,-0.84373254,-0.27357316,0.17485632,0.32362857,0.25892323,0.2944383,0.81272316,0.68975323,0.750011,0.3578648,-0.9488112,-0.9541552,-1.2228205,0.046284374,-0.10541238,0.023355396,-0.4869487,-0.08024859,-0.27289557,-1.0262525,-1.9775918,-1.4301599,-0.9299083,-0.39318675,-1.568779,-1.2992519,-1.5616161,-0.35551608,0.33920455,-1.6004578,-1.4104269,-1.9130814,-0.8313262,-0.926584,0.18780534,0.11542509,-0.26844838,0.59094423,1.042055,0.94472104,0.42747277,0.038890358,0.7666241,-0.074578166,-0.18240988,1.7845186,-0.18584408,0.07087576,0.48070407,1.6422002,0.8655571,-0.38954005,1.722403,1.056773,0.45552123,1.9317436,1.0009078,0.935062,0.71066505,-1.1883134,-0.508769,2.0732474,0.4723656,-0.82517934,1.1471092,-0.031453334,0.18260436,1.018417,0.68796813,-0.65616673,0.41680446,-2.2450998,-1.1662228,0.042119738,-0.26207408,0.08510423,-1.4816169,0.053678315,0.11874084,-0.91130984,-0.5323806
0.64377,0.6349025,0.82934076,0.10481234,0.24864493,0.49419203,0.053315677,0.4627745,0.68765277,0.74691665,0.8468342,0.7053415,1.2939955,0.042381536,0.033135068,0.38974294,0.27369618,0.23920931,-0.13448094,0.10868745,-0.8418091,0.4754752,-0.09439935,0.20163399,0.90854734,1.2393852,0.61856717,1.2977092,-0.34444433,0.38153788,-0.3899278,0.45415154,0.41191974,0.76562184,1.3451332,1.0167146,1.0495441,-0.43009257,0.43666267,-0.36408466,0.25108042,0.93536127,1.0778319,1.0311137,0.4395736,0.3452163,0.0067006517,0.69655526,0.24347544,-0.047480576,-0.26396987,1.7501891,1.527998,0.17524749,0.62110955,1.6475668,1.6885711,1.2948629,1.731592,1.0121888,1.479473,0.8739429,0.91199136,1.1438733,-1.1226351,0.15747021,0.5176721,0.7707907,0.19217256,1.0696921,-1.1925116,0.21828023,0.25854594,-0.44565806,0.14551231,0.55425555,-0.0780529,0.26960307,-0.3343404,-0.37652686,0.40400872,0.6061385,-0.35887474,0.6279157,1.0432328,0.2068544,0.35562816,0.87471896,0.4674881,-0.3761187,0.08884107,1.1869388,1.1986239,0.18122852,-0.41794544,0.13976501,0.3367152,0.6153612,0.21843213,0.059535597
1.1068923,0.3688961,0.3595374,0.3214037,0.514892,0.035483867,0.2597039,0.24503475,-0.068062104,0.2669766,0.82070154,0.11380205,-0.09239322,1.1286359,-0.21528058,-0.042940065,0.25564483,0.11919897,0.7870671,-0.9190892,0.1868473,-0.34003127,0.9123543,-0.29961145,-0.78202516,-0.719552,-1.5631473,-0.9767277,0.24047449,-0.13096751,-1.5335267,0.15953994,0.21039742,0.09559603,-0.7040736,-0.35413334,0.49514496,0.7511299,0.666877,1.1067187,0.2318403,-0.8110402,-0.8713143,-0.45310524,-0.842799,-0.2074137,1.1461396,0.7969511,0.5460572,0.12091152,0.43041435,1.6571174,0.57144076,-0.0012510226,0.38819608,-1.2826426,-0.74577475,-0.42124966,0.338754,0.08288481,0.33975255,0.35614893,0.20870543,0.29999286,-0.78720087,1.0975636,-0.086165115,-0.21686488,-0.46194834,-0.7535712,-1.868697,-0.82847023,0.51059866,-0.8040768,-0.9257622,-0.79152215,-0.3677728,-0.35453102,-0.8343415,-0.08767766,-1.4394206,0.33774206,-0.6213658,-0.90492314,-1.0584831,0.76339895,0.59043163,-1.1981695,-0.40864742,-0.79110223,-0.56607234,-0.8115653,-0.6055944,-0.63818645,-1.2872683,-0.95171064,-1.0884877,0.05498227,0.2239314,0.14035715
-0.90490186,-0.3425823,0.24295571,-0.118323974,0.096357174,-0.38442966,-0.7113547,-0.20887506,0.32298642,-0.6278146,0.82218754,0.15886435,0.12458784,0.30067536,-0.22913423,-0.72329456,0.19071144,-0.39289898,0.3695458,-0.8371112,-0.52715206,-0.32468462,-0.12930268,-0.5836385,0.29845053,0.8231607,-0.47077495,-0.6915941,0.13406977,0.47404543,0.5233341,-0.11788476,-0.03510103,-0.37774777,-0.41702932,0.112147026,0.2577214,0.6506897,-0.17792344,-0.52601695,-0.5808647,-0.76013726,0.10881219,-0.059727713,0.37812957,-0.52577275,0.3343593,-1.0420781,-1.3051951,-0.09845567,-0.5310592,0.057377633,1.1509026,0.61413187,0.33097723,-1.3022027,0.95676756,1.1349305,-0.17863043,-0.36527175,-0.6021652,-0.19683355,0.5478041,0.45800084,0.3123572,0.21038468,0.3297546,0.37352058,1.077872,0.23407225,-0.56748897,-0.09414605,1.1298234,0.67109495,0.34625542,-0.46047717,0.61549544,-0.18896358,-0.8502542,-0.17608736,0.6814985,1.1316292,0.76115215,0.13946265,0.6536902,0.92323935,0.49925324,0.27873567,-0.21583551,0.99571854,1.3212957,0.16023317,0.25602916,-0.69562936,-0.09197572,-0.42472422,0.22777031,0.34602955,-1.0440764,0.32830587
0.77914953,0.3614631,0.41835928,0.19459464,0.121396974,0.21913578,0.081694365,0.35046613,0.24066205,0.5743467,-0.67919016,0.3145277,0.6270065,0.49998444,0.5250078,0.3664992,0.47396973,0.08677452,0.22228603,0.56047475,0.1157558,0.5094472,0.738566,0.19684276,0.534529,0.14245436,0.08605824,-0.034617536,0.71675843,0.23537482,-0.057067595,0.43197697,-0.44475108,-0.088531815,-0.16463888,-0.015039196,0.084242426,0.41913742,0.19980198,-0.22842564,0.024895081,0.099760555,-0.21141437,-0.5159502,-0.41157305,0.5090232,-0.36796027,-0.2334662,-0.38677636,-0.6737349,-0.14248908,0.6445395,0.67278254,0.82237744,-0.14657643,0.7578832,-0.08295188,0.29211622,0.8649781,-0.11680427,1.0582765,0.41824773,0.4983189,0.23082373,-0.4444413,0.92732483,0.2524824,0.49271235,0.14870895,-0.61476994,0.85824466,0.3236406,1.278943,-0.06769215,0.28956118,0.07888788,0.8087532,0.31361777,0.32333246,1.0504442,0.74677724,-0.66079056,0.0068767127,0.01800006,0.10764182,-0.27585036,-0.5132303,-0.074024804,0.018846612,-0.17591259,0.7107197,-0.40043786,-0.11438521,-0.1974505,0.45023555,0.023271244,0.029292077,0.28742397,-0.8441831,-0.6154101
0.07360058,0.4520702,0.5851539,0.07177703,0.51006246,0.3520808,0.0038854927,0.24942407,-0.13404842,0.29732627,-0.34175885,-0.58311033,-0.2558371,0.03710054,-0.87400055,0.09759016,-0.68715334,-0.4357546,-0.4348881,-1.3829005,-0.13945995,-0.5136608,-0.12199634,-0.5692783,0.2713786,-0.7859978,-0.21660696,0.1213579,-0.20863661,-0.8487908,-0.6959589,-0.46138552,-0.1834961,0.093238324,-0.31468713,-0.64557993,0.504857,-0.023656351,0.06895794,0.053327326,0.015887933,-0.32727462,0.9165914,-0.8282333,-0.58254963,-0.29103568,0.49555165,-0.24140072,0.049504597,-0.22975434,0.6297496,0.6472902,-0.47220954,0.2854898,0.48058453,-0.00909552,-0.06413032,-0.3368081,0.27038097,0.12240243,-0.19532736,0.3077047,0.40052354,-1.8743798,-0.9787752,-0.77758193,-0.35891923,-0.71592784,-0.96991706,-0.60471183,-1.16977,0.16316758,0.15343101,-0.5309969,-0.3938554,0.4850606,-0.5984409,-0.48691547,-1.3244368,-0.3376371,-0.49639478,-0.16639867,-0.7165068,-0.30064404,-0.23866764,0.09163272,-0.97858304,0.1832041,-0.7660322,-0.14787562,-1.3945469,0.47802222,0.29667163,0.8099324,-0.020238401,-0.5553268,-0.66743976,-0.20219027,-0.24584176,-0.40219194
-1.0276228,0.14248848,0.023936521,0.22462004,0.14797297,0.05367911,0.26745564,0.35679346,0.5158169,-0.24689364,0.39915454,0.37384468,1.3537736,0.86224324,0.25129125,0.016358892,-0.12594683,0.3901025,0.6176646,-0.2734519,0.69646025,0.9943524,0.58599716,-0.12007395,-0.07178324,-0.20420337,0.011518608,0.518467,0.91245455,0.6967374,0.2665745,0.5402032,-0.037064612,0.3807782,-0.30678207,0.16562746,-0.11837805,0.8065999,0.59835887,0.6074045,0.5393522,0.7776351,0.21567336,0.3651031,0.21927346,0.1895371,-0.14091098,0.01796182,0.46803966,0.51940393,1.0829827,0.3986977,-0.2521371,-0.24403346,-0.47451094,0.41235048,-0.05293934,0.4567398,-0.16400906,1.0689577,1.1381464,1.1981069,1.6622524,0.79947716,0.75485504,0.6399097,0.6270619,1.5401405,0.117945015,0.4297046,-0.41585,1.4261862,1.167495,1.0615461,-0.58124256,0.18028508,0.2715897,0.8737332,-0.24744102,0.77544147,0.086388856,0.58130014,0.26052463,0.70118994,0.23904869,1.6109421,0.3139076,0.30651456,-0.046863455,0.22292706,0.97782433,-0.14862871,1.3743818,0.96111286,1.126382,0.6963829,0.48912963,0.5044341,0.69457656,0.082235344
1.1653795,0.7006546,0.7247827,0.16200252,0.06454819,0.5627583,0.027346143,0.20068987,0.46652505,-0.2200578,0.78676426,1.3018695,0.5734519,0.46173427,0.3345373,0.22495174,0.29796726,0.118854895,0.18886061,-0.2945143,0.28388423,0.24067092,0.0563588,-0.13723074,0.04802301,0.6580157,-0.0731671,0.32712373,0.031126102,0.838406,-0.33700582,0.53152436,0.43848202,-0.8315745,-0.34510806,-1.3095633,-0.66989636,1.5730543,0.15754904,0.007190493,-0.15499224,0.74448615,-0.004686969,0.4585483,0.0032879796,0.45031255,-1.2501823,-0.38228068,-0.3626536,-0.5754509,1.5306207,1.5570002,0.8792388,-0.13149309,0.7963741,1.7696236,-0.20137647,1.0504694,0.049517043,1.2858732,1.6274252,0.767698,0.72246563,0.80239475,1.6208843,1.143788,0.08383054,0.8294923,0.41457376,-0.061237816,0.4792585,0.8659691,0.803607,0.54016465,0.9177564,0.24525751,0.88730276,0.6957769,-1.0660555,0.70731366,0.2204618,0.25509122,1.2805349,-0.16344069,0.50250363,0.48783028,-0.42920747,-0.069962606,-0.45061404,0.74313384,0.5114274,-0.3481335,0.68244845,-0.5958022,0.99782634,0.7029975,1.3461651,0.08225341,-0.94411355,-0.1644635
0.03316625,-0.3567016,-0.22528091,-0.1006904,-0.20077844,0.33930677,-0.37543756,-0.18899645,0.49246827,0.5288435,0.18754733,-0.4399962,-0.021442115,0.09376232,0.4541137,0.0041544987,-0.054579962,-0.18471952,0.22893646,0.011436494,-0.073364,0.23956442,-0.1932355,0.7384562,0.09305933,0.4804085,0.6166732,-0.41767797,0.1506829,-0.2854108,-0.4688915,0.020598453,-0.8282542,-0.12814514,-0.8839398,-0.06943701,-0.16876937,-0.26505744,-0.29845038,-0.8342818,-0.81233925,-1.4698617,-1.8086871,-1.3852957,-0.4115144,-0.8736573,-1.1973628,-0.21561304,-0.529792,-1.20076,-0.08890177,0.27907187,0.3954764,-0.56617844,0.3209012,-0.31400052,-0.36250103,0.444289,0.8600072,0.43382925,1.6964374,0.61871845,2.4178565,0.17560859,-0.10303464,1.0446585,-0.9986133,1.0158826,-0.046734877,0.31088242,-0.065054074,0.7884678,-0.13512543,-0.63475674,1.5320666,1.1054424,0.7590896,0.52733624,0.37795657,1.1828324,0.8499719,-1.3430142,0.39768022,-0.2923693,1.0999562,-1.269496,-0.8220171,0.25366303,-0.44781598,-0.5088838,0.711613,1.0539131,-0.89802074,-0.9879737,-0.13882086,-0.35786575,-0.096364625,-0.052195784,-0.9991105,-1.6594194
0.11341361,0.01767882,0.13174625,-0.40208343,0.22290531,0.03691737,-0.68285793,-0.2884817,-0.31743428,-0.10065539,0.47154936,-0.015259506,0.09254895,-0.43931,-0.13573666,-0.10373998,0.45823285,-0.16651304,0.47299135,-0.49867374,-0.9858328,0.7617327,-0.3086347,0.30598494,0.44376472,0.9757353,0.2617127,0.78812367,0.289274,-0.82683796,0.24928929,0.006203475,-0.17427908,0.041280147,1.0885875,-0.47071382,-0.13821827,-1.0627351,-0.10231561,-1.077108,-0.7803289,0.5551822,0.6930785,0.13617341,1.1265386,-0.29439518,-0.07747705,-0.38008386,-0.672149,-0.93296516,-0.2803101,1.6382989,0.085812464,0.45099214,0.35224685,1.747195,0.5429636,0.6647612,1.072171,1.327433,0.2922322,0.23494813,0.09044912,0.8083288,-0.58590275,0.5045363,0.047632914,1.1297137,1.2853254,1.0212164,-1.2419493,0.5730362,-0.33664143,-0.5007189,1.5108385,0.8210924,0.43617108,1.0504932,-0.8607093,-0.3559753,1.7505623,0.81833464,1.6905155,1.102668,0.5423824,0.9385369,0.2980056,0.5437608,-0.33507374,0.74108154,-0.9835858,-1.2568854,-0.13736597,-0.17539285,0.4497073,0.32768223,0.09543034,0.4360198,-0.71333444,-0.4697286
0.23878947,-2.2238762,-1.5165906,-1.8255957,-2.535347,-1.1130223,-0.96241486,-1.890838,-1.17614,0.009226285,0.059362944,0.833425,0.7698349,-2.414112,-3.2505066,-1.823893,-1.2468014,-2.078107,-1.7514465,-3.360194,-2.3716083,-0.7076936,-1.5190156,-0.9073789,-1.8172437,-0.8290959,-1.2274626,-1.1595311,-1.6663247,-2.3018365,-1.9094974,0.27701518,-1.1201267,-2.3233297,-1.6442792,-2.7637823,-1.3415726,0.460551,-0.8377094,-0.7451698,-1.8686001,-3.44914,-1.4916676,-2.4274776,-0.98995703,-2.250684,-2.1258228,-1.9035093,-1.2617617,-1.8471595,-0.39400816,0.006123328,-2.4666066,-3.5530336,-0.9823402,0.10551465,-2.5877283,-2.2315087,1.7205489,2.4790719,2.4825308,2.5440347,-0.2732172,-2.1400065,-2.4137535,-2.3574853,-1.1435094,-1.5195997,-0.9813332,-0.83606374,-2.6692235,0.6955883,0.064577915,0.24278556,1.3215052,0.20685081,-1.1938637,-0.24984711,-1.6414956,4.702015,0.4272055,-0.691638,-0.28032967,-1.3198433,-1.4289639,-2.694982,-0.6353845,-1.1754236,-1.6463447,0.9138028,-0.09860699,-3.190659,-0.2613662,-0.40051448,0.24862121,-1.1756915,-1.7679974,-1.1160969,-0.82640284,-1.7166296
-0.040206444,-0.53614855,0.7267504,-0.06760574,-0.23544058,0.93346155,0.61063534,0.69482386,1.5011722,1.5533938,2.4348161,2.1292224,2.4663036,1.1314644,1.6329699,0.0048702634,1.8791425,0.75624305,1.3420526,0.69818175,0.6510134,1.8483397,1.698131,1.6873934,1.2729734,2.0826595,1.3284005,1.6375194,1.6075149,2.3525934,1.9207613,2.1060998,-0.62899315,1.1367303,-0.040065918,1.7106569,2.0107975,0.66176766,0.537329,0.1283983,0.29671016,-0.044232126,-1.6157864,0.92821676,0.43545562,0.6795082,-0.48579437,0.19915827,0.7088283,1.7371033,1.6699088,0.0046247197,1.204902,-0.67246336,1.1047258,0.7507035,1.9974228,2.6424901,2.950336,2.9006314,2.0214882,2.6954608,3.151013,1.3339705,1.408756,2.0605512,0.018965947,1.5626625,0.8081756,1.150819,1.8937937,1.8344544,2.6748796,0.5359541,2.89061,1.7570413,1.7130066,2.4710102,3.2106633,2.6139011,1.0456501,-0.30362567,0.982642,0.53313285,1.9321307,-0.6415235,1.9663999,1.1735277,1.299446,-0.5216082,1.6443352,1.4275299,0.5207729,0.7676963,-0.6146196,0.6120951,0.5607196,1.1081825,0.15207686,0.78889245
-0.5294049,-1.1918361,-0.8813652,-1.4044245,-1.9757713,-1.6160318,-1.7717674,-1.7686871,-1.3935692,-1.2843071,-0.40679556,-0.78592134,1.2256856,-0.64294213,-1.0425705,-1.1026045,-0.7547849,-1.3234125,-1.038381,-0.32884368,-0.23435931,-1.8109212,-0.86888397,-1.7707002,-1.8770183,-2.9336522,-0.4544768,-1.7511251,-0.7643018,-1.4826595,-0.67439866,0.49584618,-1.2177452,-1.4497223,-1.0622966,-0.30368203,0.37044662,0.21571375,-1.85019,-1.6833968,-1.5008671,-1.7697607,-1.3841356,-0.68659353,0.315914,-0.6090574,-0.6641431,0.17865926,-1.1286114,0.19041966,-0.05540475,0.18876061,0.41992253,0.2085211,-1.2983377,-0.45056632,0.8205562,0.24872997,-0.5709909,0.1345324,-0.57216907,1.6942855,-0.13117398,0.24801262,-0.058291472,-0.47067085,-0.7007779,-0.6941176,-0.8836494,-0.09730663,1.0761216,-1.7593595,-1.6855636,0.046304923,-0.87873596,-2.1455896,-2.0306568,-1.8665705,1.5360441,-0.48126498,-0.2842699,0.18420732,-0.5171937,-1.2065163,-0.97467554,-1.3565762,0.950152,-1.0121738,-0.09830586,0.79197,0.42346495,-0.42117935,-0.6686629,-1.9635127,-0.38676316,-0.5229197,0.09838981,-1.2190253,-0.68242556,0.4408494
-0.6946839,-0.5984217,-0.73809314,-0.050498806,-0.33464998,-0.8537113,-0.6162796,-0.13956752,0.17192796,-1.9910529,-1.8568536,-1.6494337,-2.2926612,-0.9139773,-0.7122574,-0.8370994,-0.9072026,-0.23015143,-0.38636205,-0.26989087,-0.12822679,-1.8857406,-1.0589641,-1.6402053,-1.7182372,-0.86831915,-1.0119213,-0.69576573,-1.0559082,-0.40182146,-0.06995419,-2.4380727,-1.5215353,-0.45706198,-1.6402317,0.20081575,-0.60432917,-2.303472,-0.91851413,-0.4429369,-0.30949208,-0.9189513,-1.9323196,-1.1462327,-0.4705214,-1.1583697,-1.7111129,-1.249834,-0.72041243,-0.11001551,-0.7710536,-2.1066113,-2.203726,-1.6859719,-2.2693958,-2.922295,-1.7978019,-1.5571764,-3.3939724,-3.3326485,-2.9126709,-3.3900473,-2.9241238,-2.3682864,-2.3696415,-1.4962121,-1.2774544,-1.9713309,-2.0544071,-1.2002776,-0.9996765,-3.0787652,-2.1314054,-1.9386034,-1.9425625,-1.4507914,-1.766094,-1.0784161,-0.4364724,0.6753591,-2.262419,-1.1547005,-1.0877321,-2.4895983,-0.80271566,-1.9144192,-1.1002305,-1.4234529,-0.5386871,-1.623379,0.080984436,-0.3428657,-2.9755921,-1.320011,-2.4068887,-1.4312837,-1.8307779,-1.5780501,-1.2610158,-0.6229753
0.8423676,0.4236242,0.2000283,0.061555676,0.34703344,0.13499193,0.050681036,0.49044085,0.5552241,-1.2012118,-0.4193488,-1.7869111,-1.0476514,0.12513539,0.61109006,0.13815625,0.19093232,0.83783937,0.8894175,0.6814455,0.3692512,0.7845536,0.5194155,-0.10914881,-1.3572426,1.083391,0.30216458,0.5375505,-0.35736305,0.4425754,0.7589698,-0.17947161,0.0778186,0.7786352,1.0594293,-0.5564546,-0.74630696,-0.8955624,0.15704946,-0.2643246,0.78651136,0.5318421,1.8434389,0.9500856,0.22223732,1.2295662,-0.28132027,-0.12540811,0.5262306,-0.15144281,0.49171534,-0.6982544,-0.11914159,0.17919545,-0.8451751,1.3988562,0.16123271,1.133155,-1.0704497,-0.86375725,-0.8651601,-0.71507496,-0.6063067,-0.33279687,-1.3221776,0.21316282,0.8045214,0.4188409,0.46536854,0.8853752,0.2189662,0.8789822,0.021897249,-0.67529297,-0.42465243,-0.0813467,0.1357243,-0.05969118,-0.15606599,0.5627159,-0.18192065,0.50326097,0.08171556,1.0596154,-0.068729565,0.9523473,-1.5530375,0.3316173,0.35384902,-0.19427407,-0.37712103,0.18338828,-0.89365613,1.2400719,0.8393107,0.9230044,0.8474506,0.9836197,0.87085074,0.18869902
0.15093778,0.42078993,0.51467514,0.63952005,0.80335635,0.37991634,0.49308735,0.5493332,-0.11728315,-0.053724602,0.28603974,-0.6183339,-0.11158642,0.23079579,0.3834492,0.6280734,0.41723293,0.47186545,0.75631356,1.0094519,0.71040523,-0.025872136,0.6478832,0.12847286,-0.10992435,0.53797084,0.7854117,0.30569068,0.14777432,0.4798654,0.018231945,0.15415898,0.4173185,0.08720428,0.17272693,0.24505682,0.22027789,0.56261986,0.41183817,0.49166864,0.7052797,0.35745597,0.13443278,0.1722164,-0.23767824,0.38032266,-0.31890184,0.68225986,0.56087524,0.48806202,0.54361635,-0.21878418,0.31685326,0.3878262,-0.3997973,0.26004985,0.22816482,0.23570956,-0.71420735,-1.1443342,-0.13903044,0.008288749,0.2694311,-0.2501331,0.85951984,0.24474782,1.3665236,-0.15400451,-0.82376665,-0.3339881,0.2708646,-0.23680064,-0.19378184,0.16300914,-0.53166837,0.28682184,0.46042487,0.21162483,0.22296157,-0.24613792,-0.15522748,-0.18864986,0.3840681,0.029004067,0.31115258,0.049392123,0.22820449,-0.011374462,0.07811589,-0.21434171,0.9036648,0.759463,0.86933446,0.008919827,-0.026921386,0.86142814,0.84325784,0.7203114,0.34118712,0.22326422
-0.58254033,0.6331502,0.39291874,0.0057790866,0.26091552,0.063935414,-0.005384375,-0.012302408,-0.88087565,-1.0260917,-1.0704175,-0.25330222,-0.8791227,-0.46880975,0.24876547,-0.2848534,-0.42496267,-0.16381338,-0.34582707,1.0007497,0.038748518,-0.071762346,-0.13854682,-0.45869908,-0.6350981,-0.07069156,0.6473032,0.223905,-0.5784289,0.6906523,0.5724214,-0.23461771,-0.87155026,0.18195309,0.53296226,0.9814505,1.6428643,0.7640712,0.041183356,0.71030384,0.07299424,2.0859861,1.1262877,0.66130316,1.3832366,0.8462851,0.2824026,-0.35742497,0.8480316,0.76125157,-0.29440135,0.8793755,-1.5750239,0.1627153,-0.46232077,0.24658355,-0.65714264,-0.15948537,-0.8952871,-0.47165066,-0.16122955,-0.44840008,-0.62579685,-0.60235435,-0.9848538,-0.35239705,-1.3779309,-1.1607678,-1.3085438,-1.1033484,-0.44872105,-0.32436106,-1.0815161,-0.041450556,-0.7101023,-0.16039082,-0.5146441,-0.66010046,0.8761449,-0.589748,-1.3023932,-0.29317206,-0.49586952,-0.32282326,0.24523735,0.43344897,0.3687066,0.4218839,0.2362721,0.02086592,-0.19590656,0.4374213,0.25062594,-0.08044615,0.5267076,0.39482617,0.67592466,-1.1375741,0.65655136,0.9816019
0.719844,-0.64856184,-0.39171422,0.088172965,-0.21409404,0.34849203,0.34006146,-0.1187983,-0.019868711,-0.49252385,-0.6670171,-0.077851,-0.69537807,0.49368337,0.23449236,-0.240394,-0.315306,-0.26226026,-0.36243746,0.051956832,0.37701383,-1.0454774,-0.10364485,-0.9646538,-0.52215666,-0.315819,-0.7369153,-0.68752533,-0.61702573,-0.76741755,-0.44925767,-0.4614125,-0.25356674,-0.46546108,-0.47089943,-0.04505554,0.13240063,0.1812204,-0.7282822,0.4193397,0.41641882,-0.2275905,-0.23865978,0.0988441,-0.2603828,-0.203192,0.6230977,1.0076562,0.4381672,0.8400726,-0.29347345,-0.93479663,-0.5048992,0.49720284,0.09916463,0.08287708,-0.8492717,-0.014983807,-1.1554286,0.1805183,0.11813135,-0.39375275,0.3192235,0.3117009,1.0431502,0.4326704,-0.36158413,0.63702077,-0.6000882,-1.0959569,0.07093014,-0.32264692,0.3892291,0.08597015,-1.1865277,-0.34675756,-0.71496874,-1.6749191,-0.42662126,-0.4058732,-1.0299028,-0.33062318,-0.64622194,-0.5560317,-0.73385924,0.55310065,-0.24552676,-0.5530745,0.021105262,-0.05630474,0.48155633,0.33364505,0.09176242,0.5558944,0.40042657,0.21925552,0.046807792,-0.4029333,0.9035763,1.3483591
-1.2155924,-0.5247808,0.07531946,-0.0076695806,-0.14504665,-0.23837015,-0.56455576,-0.52210164,-0.78636336,-0.5109888,-0.833132,-0.99752176,-1.163472,-0.18741369,-0.34094346,-0.33709103,-0.7884964,-0.8005899,-0.36307043,-0.71578616,-0.11817939,-1.5803397,-0.7936197,-1.1882275,-0.55146337,-1.1631628,-1.1900725,-1.1767658,-1.3944985,-0.71679914,-0.5443213,-1.4247509,-1.0906452,-0.9732086,-1.4456812,-1.156222,-0.972141,-0.1474138,-0.2956388,0.13297257,-0.2281668,-1.1314754,-0.50965893,-0.70479196,-0.741106,-0.6259609,-0.47480768,-1.3691539,0.08030435,0.38337666,0.7328759,0.3707945,-0.49938846,0.94842905,-0.30326313,0.6864305,0.20920163,-0.6605085,-0.5331351,-0.69790155,-1.0721903,-1.0214835,-1.263143,-0.32573918,-0.29275364,-0.06033538,0.19792083,0.41844246,-0.61832815,-0.49686247,-0.2060395,-0.619025,-0.4001607,1.3912818,-1.0693637,-1.2240111,-1.645282,-1.5832458,-0.06604874,-0.44174352,-0.43220708,0.7219511,-0.8246956,-0.16384898,-1.0571376,0.92151195,-0.1954862,-0.7545075,0.094180204,1.7004472,1.9421179,0.22213963,0.598812,-0.5016949,0.029555729,-0.73547095,0.33002952,-0.32352513,0.3807484,1.5783252
-0.45871392,0.10724204,-0.25360653,-0.24742067,0.07195236,0.018417578,-0.26035127,-0.25213942,-0.40867582,-0.86687905,0.039625045,0.34225324,0.06793103,-0.31908944,0.31417444,-0.27843943,0.2905948,0.030855067,-0.3368014,-0.34004268,0.33660376,-0.7256602,-0.40454832,-0.44608635,-0.28404653,-0.03740937,-1.1074108,-0.4317042,-0.15878652,-0.44760475,-0.208731,-0.33134955,0.44480386,0.38857657,-0.24522538,-0.18852417,0.11688434,0.59047526,-0.28022268,-0.059636537,0.137925,0.566181,0.3772193,-0.35042706,-0.106348135,-0.35877624,-0.33453685,-0.92607677,0.46049926,-0.02229317,0.48414865,0.019571848,0.0589948,0.8778308,-0.047063224,0.6577626,0.002690126,-0.5014108,-0.31447983,0.27254212,0.3433283,0.70226455,-0.77778286,-0.3101832,0.095053546,0.47344166,0.71876025,0.68939894,0.8235478,0.4511824,-0.43635556,0.46795392,-0.8775331,-0.04814369,0.019242777,-0.13820153,-0.55504245,-0.83981586,-0.5235567,0.58615184,0.8502389,1.0846083,0.7012126,0.8263918,-0.3177694,0.5142505,-0.31669366,0.1045252,0.889177,1.1328174,1.3194649,1.037937,0.023337329,0.5664587,0.6610452,0.72856224,0.45540375,-0.120877974,0.74906975,0.7999254
0.85175705,0.09892878,-0.09195559,-0.17119908,0.6455277,0.15175645,0.12832965,0.104810424,-0.4678804,-0.067030005,-0.26364222,0.086274266,0.4723916,-0.4300013,-0.28945598,0.3541341,0.3341944,0.5808707,0.38226795,-0.33335122,-0.24803649,1.4989928,0.4579905,0.3356866,0.5825796,0.18618155,-0.08097255,0.38468185,-0.30122972,-0.084505804,0.1483228,-0.10779139,0.87671155,0.7956233,1.3674686,0.048910048,0.21318297,0.06026462,-0.023496471,-0.34321564,0.4590202,0.46661636,1.5298531,0.23188055,0.134859,0.5404957,1.5646868,1.4271256,1.0482019,0.30183086,-0.55825925,0.40531754,1.1141936,0.8743699,0.38318247,1.0722458,0.1939693,0.57728285,0.08035084,0.2827921,0.4826976,0.76299,-0.9361537,-0.2824967,0.08391809,-1.0042348,1.479444,0.14025906,0.31233343,0.37388957,-1.1933044,0.5652955,-0.49975157,0.60312754,0.3729886,0.26379916,0.1957476,-0.5379561,-0.17023385,-0.6983287,0.45430645,1.1193576,0.28542283,0.47107342,-0.34181443,1.6770259,-0.08604547,0.46988663,-0.0178225,0.6598286,-0.96161884,-1.5152407,0.38411766,0.64918596,0.0134990215,0.86379164,0.008739991,0.9954394,0.8464586,0.55083656
0.54173875,-0.77730185,-0.7174855,-0.30552888,-0.31929186,-0.4096358,-0.1397043,-0.39653647,-0.12211758,-0.3135136,-0.5029933,-0.22288223,0.36195862,-0.007960465,0.36736128,-0.006038952,0.014819017,-0.015333131,-0.5152907,0.48547918,-0.65343845,-0.41831768,-0.049844474,0.27215138,-0.33397737,0.13428026,-0.348424,-0.3587737,-0.06772456,0.41140944,-1.2211641,-0.39587954,-0.12067873,-0.1368495,0.09636837,-0.97160804,-1.0143044,-1.0954976,-0.08963235,-0.478587,0.12785661,-0.50961596,-0.61946964,-0.8106572,-0.97248214,-0.93841875,1.4123122,1.2743982,0.54714066,0.018089166,0.67408043,-1.1495926,0.70860094,0.2392874,-0.2680373,-0.12337649,0.065063745,-0.507178,0.076500565,-0.11852402,-0.32050502,0.38548818,-0.203281,0.52215654,0.828665,0.31740627,0.9339379,-0.0075385375,-1.0825359,0.033516616,-0.14105567,-0.4174953,-0.40251222,0.17566593,-0.061050706,-0.39114624,-0.5941936,-0.56891155,-1.4887986,-1.4140779,0.103982225,0.4247098,-0.9121854,-0.17495982,-0.7412657,0.2905348,-0.48717564,-0.730805,-0.98786616,0.07127756,0.33206502,-2.15582,-0.6693533,-0.5592859,-0.5066575,0.35399118,-0.77160627,0.2166686,0.40254384,0.38106057
-0.12768418,-0.6192277,-1.0525333,-0.47404498,-0.015356102,-0.41323203,-0.24360356,-0.46617144,-0.74473226,0.16395187,-0.44011113,0.2617869,0.19887365,-0.35462448,-1.1452053,-0.4085191,-0.17513382,-0.44367635,-0.7212742,-0.32807058,-0.7644731,0.606211,-0.0274628,0.56070626,1.1349864,0.6585927,0.7962801,0.095159195,-0.03252064,-0.49865627,-0.43996912,-0.7176662,-0.43948942,-0.83531564,0.40668646,-0.1794606,0.05938105,-0.4277098,-0.030939765,-0.027881816,-0.7895161,0.63556415,0.44324896,-0.18147105,-0.15966246,-0.36381903,0.5939831,0.34893,-1.0825934,-0.8560385,-1.5144289,-0.60951436,-0.749633,0.021619556,-0.21410188,-1.6075214,-0.14321686,-0.02018587,-0.15462066,0.72242385,-0.12482488,0.17680407,-0.11725083,-0.37269777,-0.26999885,-1.2082977,0.50516546,0.122022904,0.81346655,-0.15663084,-0.28793365,0.4732816,0.04034863,0.50059617,1.0803751,0.3519045,0.38797185,1.0695887,-0.54512626,-0.786248,0.81047165,0.59865075,-0.17786802,0.22254512,0.22136593,-0.11446037,-0.042255733,0.22111696,-0.03108795,0.36377376,-0.21857294,-1.3007175,0.32255182,-0.54826266,-0.25863865,-0.9600412,-0.100331664,-0.42868277,-0.3182313,-0.9862688
0.023781994,0.02705874,0.15872745,-0.19462392,0.35558543,-0.09089045,0.07813945,0.1654213,0.5494907,0.30805418,0.7207956,0.7678331,0.42880458,-0.3126406,-0.013047736,0.25348538,0.42814088,-0.04717962,0.24944505,-0.16159473,-0.20423074,0.594785,0.069348894,0.96378773,1.1451604,0.97482395,0.57756644,0.5509122,0.14949785,0.4318472,-0.8895849,0.031799246,0.20867938,-0.61740375,0.029408153,-1.1561346,-1.1594291,-0.026754992,0.67856795,0.10906741,-0.28698647,-0.2403148,0.6069373,-0.39735013,-0.100907736,0.2339737,-0.2636068,-0.6332864,-1.0072534,-1.7011359,-1.4573746,-0.63978124,0.5625842,-0.6087588,-0.07374265,-0.37624538,0.9586295,-0.65567243,1.0202028,0.37449682,-0.39388907,0.27928677,0.7296915,0.8175849,0.633795,0.26154757,1.1334339,0.4787622,1.5192537,0.042916905,-0.3310576,1.149394,1.3404037,0.9911002,1.5116084,0.91212124,1.558981,0.29782042,-0.51880795,-0.5629667,1.6613859,0.31442526,0.98332566,0.9283218,0.9631658,-0.08731821,-1.0892628,0.75495166,-0.6057718,0.6191979,-0.26996234,-0.14918233,0.70651597,-0.32431132,1.1246544,-0.17512985,0.24051806,0.46889424,-0.9597189,-1.2955667
0.46439835,0.19523197,-0.38012296,-0.052183885,0.1790027,0.06659094,-0.04079615,-0.068201,-0.36071628,0.624105,0.002628678,0.6496167,1.1463821,-0.38944447,0.236082,-0.05794939,0.15539287,-0.23624943,0.28092986,-0.0077103046,-0.32953557,0.33047011,0.20665789,0.6692998,0.9119409,1.4157151,-0.109727435,0.11430807,-0.110790126,0.39044586,-1.0688062,-1.33106,-0.088698424,-0.44368437,0.55829006,-0.5017572,-1.3016862,0.24744684,-0.0021023857,-0.25813994,-0.58766806,-0.18224151,0.64060175,-0.023295496,-0.29575092,-0.029610358,-1.1877648,-0.77499175,-0.49609745,-1.3220474,-1.749338,0.6210267,0.61938477,1.7681665,0.07106118,0.81567943,1.2933458,0.05003777,0.9654101,0.994988,0.5749171,0.9912296,-0.86371315,0.49868122,0.5880413,0.6432132,1.2608842,0.7806802,1.1394218,0.37825847,-0.2040807,1.2471613,0.53905576,0.62860644,1.0362008,1.0405954,0.2331542,0.98008716,-0.66275156,-0.471128,2.2893825,0.82950985,0.33599755,0.81567127,0.54865766,0.16457635,-1.6499053,0.7686487,0.11673654,0.6999536,-0.2413897,-0.62507737,0.09613855,-0.09872477,0.60041744,-0.23663075,0.14897357,0.7293763,-0.5075911,-1.4065049
0.9976331,-0.28553575,0.08135961,-0.30533916,-0.12334776,0.11110575,-0.027201165,-0.055044085,-0.42416203,0.46596918,1.2970337,0.9337177,0.7367962,0.29204953,-0.41831836,0.07662724,0.06873421,-0.055366352,0.39575174,0.16407107,-0.61644894,0.5943784,0.23671038,0.7761822,0.34026086,0.4801915,0.31571805,0.7183477,0.46247754,0.24131565,-1.0130408,-0.43858382,0.078765295,-0.11140604,0.086723655,0.45563996,0.2887318,-0.086505584,0.53597206,-0.5033872,-0.4226171,-0.22176272,-0.31654048,-1.2621595,-0.976608,-0.60578907,-0.8395326,0.090988405,0.25254318,-1.2214861,0.148216,0.33960566,1.0078285,0.5152429,0.13698116,0.3050879,1.3352568,0.23853794,0.9856184,0.10712194,0.21975179,0.5991516,0.75873005,1.0168306,-0.09213482,-0.7213682,1.2693026,1.0073254,1.3912957,1.2568982,-0.65843034,1.1768808,0.30812684,1.0125198,0.8843744,0.73802143,0.7493718,1.2721869,-0.40537515,0.43328413,1.055941,0.059978813,0.14348334,0.4990464,0.5259283,-0.26727805,-0.61731225,0.47625208,0.53777397,0.5687719,-0.08068446,0.12705901,1.0036088,-1.1794387,0.16172089,-0.8475182,0.18669003,0.7025487,0.90616244,-0.8001605
-1.1206089,-0.7143113,-0.4433763,-0.5179046,-0.99788576,-0.41681364,-0.91110164,-0.6606325,-0.8564438,0.30634883,-0.0645381,0.25983757,0.3729671,-0.45966563,-0.68852377,-0.60999495,-0.08425741,-0.6605189,0.0045394357,-0.84478194,-0.61641026,-0.47921,-0.6278283,0.019093487,-0.04801651,0.8149814,0.29772305,-0.40952477,-0.41234586,-0.74886894,-1.497325,-0.41193238,-1.1556523,-0.95326984,-1.6296811,-0.23411454,-0.7397268,-0.6110053,-0.22784741,-1.0965377,-1.5830334,-1.8669384,-2.1022513,-1.1794312,-1.0771067,-2.041911,-1.4666448,-1.5726153,-1.0910356,-1.4335628,-1.7419256,0.4167142,0.5522511,-0.36178583,0.04188659,-0.050749294,0.19894995,-1.12964,0.69021416,0.6690647,-0.18211618,0.020377377,-1.4049687,-0.8994987,0.10081147,-1.0517851,-0.3943179,-1.2978926,0.6549758,-0.08674564,-0.6953132,-0.6416801,-0.80805194,-0.34142712,0.3274327,0.17501369,0.2765964,-0.3578066,-0.4946327,-0.8197787,1.1036019,0.00034272976,-0.57533187,-1.0951716,-0.08868215,-1.4897435,-0.80913955,-0.55990505,-0.23763222,0.09156519,-0.6516232,-1.3376809,-0.7813644,-0.88869876,-1.622627,-1.8926858,-1.8392628,-0.68693125,-1.0357896,-1.455077
-0.27817494,-0.2806838,-1.0298629,-0.90813136,-0.92953265,-0.43366262,-1.102838,-1.0427288,-0.6261327,0.3048575,0.09859077,0.84529996,1.3851568,-0.5620482,-1.142927,-0.6291787,-0.17139834,-0.8704062,-0.3862061,-1.0208621,-1.1615306,-0.2650805,-0.28377137,0.3354197,0.8143489,0.7298899,-0.1908549,0.24242271,-0.19781326,-0.5301143,-1.3551542,-0.20513773,-1.2755965,-0.8151663,-1.0861144,-0.32322386,0.13051972,0.22473614,-1.1397265,-1.4225545,-1.5408641,-0.5420919,-1.6846461,-0.99188185,-1.1436125,-1.3632892,-1.4105841,-1.2518479,-1.2089674,-1.3897201,-0.24861406,1.7778664,0.8652416,0.7527571,0.4672838,0.8621381,0.4428065,-0.79524773,1.8348039,1.3397912,1.7904301,1.4816389,0.9877304,0.07802788,-0.16310076,0.5717759,0.013329427,-0.11309987,0.9393487,-0.2266354,-0.85630935,0.4031246,-0.27882597,0.7570609,1.408898,0.68771887,0.3917338,0.85001457,-0.4875608,0.8275523,1.4665444,-0.9195402,-1.0093657,-0.442538,-0.17718506,-1.8887419,-0.69900376,0.0025746336,0.4071397,-0.047147293,0.4594333,-0.43528387,0.10439422,-0.31991938,-0.13182615,-1.274067,-1.38197,-1.60592,-0.97809094,-1.361066
-0.98048604,-0.5674939,-0.85972196,-0.912885,-1.0932089,-0.48173782,-0.98499316,-1.1126921,-1.3473227,-1.2649724,-1.3182664,-0.8074976,-0.70704216,-0.9617364,-1.0222033,-1.1867254,-1.0063637,-0.91063166,-0.7851247,-0.17400014,0.27793673,-0.5058301,-0.30169204,-0.49238214,-0.97520894,-0.52638733,-0.59668916,-0.30483016,-0.38547847,0.28376737,-0.6793438,-0.13385619,-0.6654783,-0.9490201,-0.6019216,-0.0879198,-0.22111146,-0.8190018,-1.4550189,-1.1367503,-1.113402,-0.6722674,-0.5993184,-0.8742998,-1.1559744,-1.1834452,-0.4993203,-1.095362,-0.44013855,-0.19754031,0.13411012,-0.8772314,-0.542217,-0.44456014,-0.36637753,-0.6444011,0.12599526,-0.20684126,-0.4483383,-0.9313349,-0.11107674,-0.082124315,-0.6675491,-1.4825275,1.3386075,-0.9231039,0.0009902439,-0.4060213,0.6624713,-0.41341358,1.6886916,0.8434672,-0.61113435,0.7174277,0.8834186,-0.09460004,-0.39275843,0.020308577,0.85944146,-1.4617869,-0.06280605,-0.18914045,-0.95860887,0.34108,0.16621374,0.29449397,0.24343827,0.023676552,0.2015933,0.5099761,-0.6648972,-0.5955683,-0.21713044,-0.44206256,0.7490884,-0.5429766,-0.09689088,-0.7865362,0.18882369,0.66484827
1.6413774,0.64532965,0.9324425,0.27676716,0.50279206,1.4262558,0.60043883,0.6035813,1.2686596,-0.18812324,-0.18329406,0.4824332,1.436383,0.25763044,-0.35917774,0.8289552,0.9459203,0.7835827,1.124777,0.62615794,0.18873739,2.1221373,1.7612146,0.77102786,-0.67120373,1.0579997,0.7748064,2.0307345,-0.062454835,1.5390427,-0.32870504,2.5924442,1.3550822,0.64721113,-0.06841818,0.7775706,1.4525794,0.35553944,0.1805646,-0.009664906,0.30204588,-1.4537473,-1.3941946,-0.007877154,-1.2795656,0.6977703,1.4396875,1.6554059,1.5025518,2.2716372,2.7275963,3.0950346,2.449209,1.0417223,1.5702108,2.7033486,2.5378783,3.579836,2.183884,1.8171352,3.1503928,2.9111736,1.9275998,-0.44032514,1.0311706,0.38324463,3.2068768,0.6307942,1.3766651,1.9118538,1.1867431,3.1980245,2.1727266,2.3619144,3.1561155,2.3393736,1.2032609,1.7912946,2.0560675,2.5409992,1.1929108,1.3738886,2.8195043,2.0043476,2.6270015,2.5951285,2.1633654,1.70979,1.1467077,1.7492585,2.186337,0.63181704,0.96703106,2.1874294,1.6606727,1.7029833,2.070921,2.6488929,2.3044443,2.5887353
-0.20047247,-0.46544838,-0.58217967,-0.5055642,-0.77252686,-0.0290819,-0.36571574,-0.5052816,0.055386256,-0.4971232,-0.6212212,-0.7850463,-0.68814933,0.33243313,0.017409472,-0.12695931,0.3111481,-0.20091783,0.31185353,-0.5126512,0.4781846,-0.2677066,1.0372458,-0.08316275,-1.8254513,-1.8890002,-1.9946768,-1.7851806,0.17196834,-0.013168558,-1.6595106,0.39980382,-0.67277724,-0.61062026,-2.6062305,-0.73890775,0.22721477,-0.07255742,-0.81296617,-0.6347592,0.087028384,-2.2399852,-2.9576194,-2.1793516,-3.7496216,-1.549305,-0.9382693,0.018849652,0.5735257,0.80038303,0.6499236,-0.39049685,0.49559638,-1.0754989,-0.75557137,-0.80519193,0.03695687,-0.18001084,0.64658976,-0.36584976,0.46018633,0.58652574,0.6691027,-0.8713993,0.32632014,1.3577752,0.11207373,0.46918365,-0.72532505,-1.3884203,0.013440291,0.6068928,1.9557781,0.51563865,-0.26756003,-0.74906904,-0.7277856,-0.78646564,0.18922465,0.5139841,-1.0424104,-1.3009567,-1.2182955,-0.40824142,-1.3511223,0.2520564,0.96570563,-1.710993,-0.9753433,-0.9152818,0.7029858,0.25449553,-0.039571065,0.029926773,-0.20813738,-1.6748507,-0.7656671,-0.51671547,1.065035,0.5766876
-0.8788906,-0.9513582,-0.6445676,-0.55507964,-0.12633508,-0.1597273,-0.4611826,-0.2530059,-0.12554714,-1.3411003,-2.1202974,-2.0264418,-2.650073,-0.62630606,0.17634188,-0.43450236,-0.3391119,-0.15537654,-0.34462956,-0.17434841,0.16806379,-0.75558996,-0.11795226,-0.9892222,-1.1250297,-1.7367215,-1.2598,-1.1265609,-0.5027157,-1.2347566,-0.25485706,-1.0465873,-0.7604269,0.108625166,-0.607544,-0.51333946,-0.24361473,-1.3352022,-1.2824113,-0.344014,0.39078426,-0.4766267,0.6363338,-0.9153417,-0.80837363,-0.620398,0.5681821,-0.37175426,0.6182481,0.41413966,-0.062382575,-1.1377786,-0.33257908,0.17871599,-0.6895396,0.11639781,-0.34583092,0.25367334,-1.9140589,-2.8012412,-0.9260956,-1.5942715,-1.0737376,-0.98430777,-0.66439384,0.48092654,1.2712314,-0.4763982,-0.77902204,-0.35113263,-0.3298158,0.018136362,0.63421196,0.48376253,-0.6526766,-0.69479245,-0.12844315,-0.8738189,0.38121238,-0.93173414,0.27803177,0.7807423,0.48763064,0.7884425,-0.19671477,1.440933,-0.61030096,-0.41772524,-0.6882771,0.49820316,-0.29140127,-0.45530862,-0.3912291,0.37815213,-0.06833675,-0.10384784,-0.5546484,0.8763392,0.8426031,0.61931586
-0.727119,0.26640147,0.57627344,0.26362836,-0.005459932,0.3474037,0.5378632,0.28353605,0.76010287,0.5455127,-0.10948218,0.7357354,-0.3127435,0.88421214,1.0908594,0.27825803,0.33261734,0.3209357,0.83443373,0.8225448,0.99985415,0.37208593,1.3017082,0.32018337,0.03156264,-0.113235205,0.4755114,0.1903613,0.65119946,0.25920668,0.6800271,0.2804622,0.38445047,0.8042333,0.75029576,0.45924106,0.71899927,0.76011974,0.6882052,1.0260106,0.32142997,0.4103616,0.75583404,0.6559374,0.14192607,1.1838677,0.89030975,1.0585424,0.4362635,0.5672364,1.3770472,0.7134339,0.92123944,-0.40265653,0.22651467,-0.5935031,0.45056605,0.38833106,0.48232412,-0.16994284,0.8688877,-0.0677273,0.03690881,0.5972586,0.21439958,0.44767871,-0.052225783,1.5911646,0.8701153,0.5179206,0.7241752,0.6621766,1.5265692,1.1922721,-0.30556053,-0.10164096,0.9634086,0.22166559,0.4710738,0.3107497,0.3881093,0.516089,0.6146798,0.6158609,-0.14665459,1.6299028,2.649622,0.19569685,0.3812304,0.400157,0.36057982,0.4213204,1.4698281,0.6415281,0.8545906,0.64903927,0.8559593,0.116333485,-0.3627239,0.58772165
0.35501003,-0.13343357,0.030784847,-0.12193632,-0.21403195,-0.046298318,0.4733356,0.17645037,-0.24503225,-0.35563412,-0.34371415,-1.0151219,-2.0256732,0.1358936,-0.041557837,-0.017930403,-0.54657143,0.06880197,-0.07345471,-0.27742064,0.21006204,-0.5590919,0.8288765,-0.27927792,-0.34325,-1.1204879,-1.4911294,-0.3241121,-0.4519677,-0.37390995,0.21131171,-0.7608588,1.2163513,0.5819786,0.13992424,0.4593762,0.36392203,-0.38755193,0.026835045,0.74464893,0.8398282,-0.078547694,0.4151058,-0.12971488,-0.7337087,0.4539062,1.7279295,1.0957811,1.1342031,0.9338598,0.50447786,-0.25873893,-0.77415097,-1.2460172,-0.53260523,-0.8971089,0.21475539,-0.22970764,-1.0103112,-0.7093222,-0.23955919,-0.882801,-0.47492796,-1.2930815,-0.18985666,-0.008425254,0.7841331,-0.5480173,-1.0789015,-0.59749943,-1.0655727,0.30100363,0.50888264,0.55746716,-0.88414043,-0.47500178,0.64284,-0.8244645,0.9114931,-0.5393257,-1.1870822,-0.2875838,-0.5496847,0.2099922,-0.6981801,0.63563424,0.59994423,-0.48615733,0.1189806,-0.13964501,-0.51326126,-0.08509224,0.023573147,-0.21282648,-0.06127125,-0.22384991,-0.75203633,0.54130083,1.5124626,0.7394983
-0.41939905,-0.7279903,-0.441505,-0.22151805,-0.38001192,-0.86663675,-0.09797034,-0.2340008,-0.3081534,0.42794335,0.55548936,-1.1025748,-0.16882539,-0.26048762,-0.5066205,-0.3783897,-0.72891146,-0.198083,-0.16710569,0.17317556,-0.21501555,-0.56325215,-0.4122375,0.046524134,0.64790404,0.15167439,0.34539077,-0.008158709,-0.25190303,-0.60356724,-0.013397185,-0.61327314,0.17878173,-0.0988252,-0.428473,0.8824703,0.83107245,-0.96737,0.2802618,-0.11308088,-0.27311453,-0.7796568,-0.3494312,-0.13612905,0.34269848,-0.31040558,0.76762164,0.7556959,-0.27943957,0.369048,-1.6955605,-0.53153753,0.20924097,-1.011753,-1.4190578,-0.8863097,0.0066359555,-0.3357969,-0.48590916,-1.6763927,-0.39633718,-0.24720784,-0.9888242,-0.85137814,-0.8977261,-0.47844896,0.05836387,-0.25288582,-0.6492654,-0.043206602,0.44407225,-0.10910173,-0.74428695,-0.5808152,0.4993736,0.13548969,0.37660033,0.23048174,0.83620906,-0.19725928,0.17685701,-0.6270019,-0.61926794,-0.3038058,0.5788458,-1.020284,0.9469843,-0.43688542,0.24515635,-1.3749505,-1.2378578,-0.9044033,-1.2282797,-1.5354749,-1.5362848,-1.2423207,-1.2469848,0.22396901,-0.07874439,-0.56138176
-1.1797537,-0.29788715,-0.85721064,-0.27583292,-0.36816952,-0.84618646,-0.90312916,-0.55684674,-0.2777448,-0.68631965,-0.7529873,-1.25255,-2.0815032,-0.77347434,-0.40111968,-0.77697176,-1.2059004,-0.84336174,-0.82179964,-0.5750549,-0.49440253,-1.7110159,-0.9317769,-0.6069629,-0.97781605,-1.4839708,-0.5695599,-0.94770867,-0.38526413,-0.5505404,-0.05863271,-1.1382427,-1.0037805,-0.7395874,-1.3627142,-0.37941852,-0.007893853,-0.6315896,-0.5188337,-0.6311546,-0.7472284,-0.58108836,-1.189821,-1.8168752,-0.8871805,-1.4300926,-1.2264223,-0.6256859,-0.5693603,-0.7320947,-0.7738606,-1.586486,-0.9912719,-0.7888268,-1.6323154,-2.2655156,-0.7277103,-0.892528,-1.0607139,-2.4380405,-1.5199937,-0.755288,-0.9273774,-1.7653027,-0.7995617,0.72990316,-1.0084486,-1.9076315,-0.50165343,-0.73999965,-0.35737377,-0.5425666,-0.7389309,-0.2551211,-1.0991826,-0.92242503,-0.5039199,-1.240382,0.22120653,-0.7443436,-0.18956518,-1.1750908,-1.7073442,-0.72830313,-0.18527748,-0.045371916,0.2269847,-0.8103277,-0.53324234,-0.523233,-0.8678945,0.9291861,-1.0081518,-0.7539314,-0.4598499,-1.6530058,-0.5551928,-0.7392478,-0.54431695,-0.69618565
0.09988517,-0.41501462,-0.094632484,0.09478246,0.4758658,0.37719673,0.4899603,0.34699896,0.4910002,-0.157643,0.7540716,-0.6160045,-0.36254257,0.61749613,0.48180145,-0.1705146,0.20641415,0.36426008,0.6425117,0.44912836,0.71583605,1.095487,0.50643206,0.35112765,-0.6025383,0.64122164,-0.3485558,0.08635519,0.46650785,0.7408066,-0.109481536,-0.16534103,0.6509385,0.2610099,0.32146755,0.63727313,-0.0949884,-0.26423493,0.33474013,0.7511415,0.83807814,0.43401873,0.8095082,0.48013023,-0.86657995,-0.05073715,0.6868093,-0.15208866,1.1190962,0.49682236,0.8481051,-0.12325907,0.20241031,0.89171815,0.6490132,1.2413876,-0.101843044,0.29557478,0.24133107,0.2535108,0.7632145,0.1713521,0.5160415,0.3915263,1.4736775,0.22063231,1.6042718,1.0668828,0.4280548,0.4921387,0.27144063,1.1114904,1.4801244,1.5182794,0.53273135,0.6173537,0.5920482,0.8552279,0.40724865,0.5089292,0.64636743,0.82444024,1.0685328,0.69734603,-0.1017144,0.54911697,0.12179712,0.30035555,1.0477635,1.2409263,1.9899156,0.62843347,1.569684,1.3985661,1.1071877,0.46860272,0.5211327,1.5511605,1.8125806,0.8329953
0.19527872,-0.08122309,0.70183367,-0.0044459063,0.029966136,0.40129474,0.34096542,0.25342694,0.48097107,0.3736816,0.44733012,-0.12151128,-0.24032997,-0.27537525,-0.68437725,0.48545283,0.14032884,0.06131331,0.102720745,-0.56693894,-0.24933164,0.22291316,-0.13072062,0.6542748,0.8099981,0.6385884,0.26924363,0.27103508,-0.21328594,-0.59614694,0.49962062,0.32578722,0.7612748,0.020338053,-0.20880066,-0.366447,0.589478,0.21351482,0.33045807,0.41436753,0.46243185,0.6902172,-0.08883594,0.5027126,-0.42479092,0.3486352,0.8282021,0.3441142,0.36142597,0.35669455,0.39385986,0.27694067,0.845879,-0.25995922,-0.09916535,0.21557337,0.53955466,-0.44344375,-0.2569815,-0.28900468,-0.42449495,0.003781212,1.2892978,-0.8328147,-1.6249038,-0.6604156,0.52710235,-0.80319047,0.11462701,-0.09500219,-0.089876555,0.26263657,0.13679376,0.60621625,0.23605536,0.5774152,0.5612765,0.21799643,0.41062233,-0.2491834,0.4794132,-0.1659287,-0.06666781,0.08460937,-0.11201946,0.26124835,0.64620924,-0.20086707,-0.32477725,0.18933237,0.052573286,-0.21978673,1.0016173,-0.039256483,-0.5588857,0.40205836,0.051086348,-0.22333087,-0.06603265,0.41681296
1.682488,-0.6392075,-0.25149897,-0.5471328,-0.08464298,0.0457977,0.12409206,-0.03443999,-0.35246578,-0.15752137,-0.0957687,-0.36589205,-0.061136067,0.530681,0.22061136,-0.3059921,-0.016861534,0.14690238,0.047175605,0.21542901,0.4046221,-0.24503142,0.40159896,0.16441825,-0.41989014,-0.91192776,-0.91623193,-0.6805247,0.43043247,0.0033153805,-0.2572815,0.6620448,0.06157763,0.41105255,-0.5026244,0.64951557,1.2279155,0.9698883,-0.17631176,0.51094913,1.126446,0.30247793,-0.18148191,0.9566143,0.055183988,0.012593655,0.31361574,0.81823266,0.99214965,1.6152496,-0.021691099,-1.7398117,0.32189375,-0.40304524,-0.4794532,-0.8470402,0.24838643,-0.5251294,-0.38297996,-0.33246857,-0.29781702,-0.2786533,1.4468524,0.8628937,0.030029008,0.09937706,0.6372645,0.56685066,-1.2989521,-0.45864278,-0.06107261,-0.99887353,0.4312888,-0.23119314,-0.84801555,-1.2186012,-0.7933181,-1.1331933,0.26565632,-0.23208492,-0.9194318,0.2903069,-0.3153266,-0.5753579,-1.1133538,0.18794665,0.85026455,-0.47830614,0.25354034,0.044795975,0.47475693,-0.122373305,0.83769363,0.21721935,-0.9324935,0.31842443,0.2817396,-0.061619397,0.66786915,1.0321853
-0.34901276,-0.4551313,-0.39305425,-0.06307832,-0.3200499,0.21311949,0.031193674,-0.024211148,-0.1515874,-0.03301216,-0.9297676,-0.25015748,-0.30843818,-0.16023892,-0.84811574,-0.16670743,-0.5312235,-0.27895215,-0.53499854,0.25968072,-0.20526154,-1.1868212,-0.4056178,-0.6456446,-0.5574745,-0.3157422,-0.108071126,-0.04408703,-0.64554965,-0.7792515,-0.40563697,-0.20065463,0.6038709,0.1370071,-0.44569433,0.09917545,0.6842833,-0.27584264,-0.32434052,0.5281509,0.32019958,0.2788684,0.29124376,-0.70189273,-0.19277531,-0.39382696,1.1179786,0.13371499,0.40711,0.6182516,-0.6187086,-0.82326394,-1.212199,-0.7707041,-0.5952065,-0.17783765,-1.185886,-0.21195754,-0.406717,-0.8434084,0.27144682,0.057091985,-0.2542517,-1.1873115,-1.1958623,-0.77223045,-0.480043,-2.339667,-1.3659186,-0.86980295,-0.8019845,-0.88537806,-0.523744,0.017049557,-1.1142818,-0.4900585,-1.218197,-0.8450306,-0.22547592,-1.0615752,-1.5230124,-0.518339,-0.99270123,-1.0755669,-0.90733856,-0.6621111,-0.21818103,-0.5882144,-0.18551572,-0.45429733,-1.2312138,-0.27801082,0.98999965,0.3900521,-0.54960674,-0.7861462,-0.20365888,-0.8567101,0.85819423,0.19477612
0.6158963,0.2709494,0.64247566,0.005162838,-0.09910467,0.1851054,0.39300978,0.44415966,0.399273,-0.35574636,0.48968893,-0.21556738,0.2464587,0.16540878,0.4372412,-0.02584772,0.7359855,0.27625576,0.35687476,0.4054642,0.43578503,-0.52499694,0.52050304,-0.77029496,-0.76660585,-0.9763798,-0.42814955,-0.9416178,-0.13559367,0.42428726,-0.29414254,0.15466678,0.43834695,0.41514543,-0.41500884,0.89882344,0.9266069,1.6574576,-0.2159892,0.6378771,0.69966197,0.2744713,-0.3379942,0.8691412,-0.62550455,0.5994979,0.3652506,0.7249252,0.8667614,1.3052653,0.5239503,0.01443553,0.19476633,0.849072,0.048263032,0.19116163,-0.10976646,0.026119351,-0.08667944,-0.40545684,-0.22719115,0.55358034,-0.95108694,0.41746083,0.01910582,0.5219065,0.30161312,0.66342586,-0.40999353,-0.4236759,-0.26302376,-0.280131,-0.116913505,0.70486,-0.5556014,-0.53933483,-0.6756078,-0.3340832,0.23058091,-0.27355018,-0.56970763,0.28637928,-0.62323177,-0.7913388,-0.56131697,0.029025722,0.43928596,-0.44526172,0.4583424,0.1714027,0.34990424,0.14488465,-0.27866876,0.093779966,-0.2907511,0.44273505,-0.2163663,0.40339828,0.82232136,1.1795769
-1.5157992,0.17294277,-0.06899222,0.011678212,-0.058523964,0.010108771,0.07276553,0.11128833,-0.5189468,-0.3332024,0.57699317,-0.1572154,0.09741124,0.20899002,0.08371144,-0.14422892,0.13888061,0.047517266,0.121637985,-0.15977499,0.41524816,0.2664295,0.48086196,-0.26245692,-0.7739857,-0.5851756,-0.5475617,-0.9463276,-0.04541209,0.21711315,0.07044834,-0.40539554,-1.0823586,-0.07816788,-0.61215186,-0.1312515,0.08201883,-0.18297036,-0.66799927,-0.4090887,0.4432575,-0.5619991,-0.88539976,0.94272715,-1.1991758,-0.33601528,-0.38405845,-0.26215115,0.44467986,0.5965493,0.046568383,-0.3923659,-0.23624308,-0.04549155,-0.39689696,0.4210037,-0.444114,-0.64964825,0.536635,0.2643789,0.63032395,0.43519488,-0.5461582,-0.4516071,-1.281461,-0.31237683,-1.1254474,0.18403338,-1.2959322,-0.46716833,-0.6666904,-0.5780876,-0.24575755,-1.0581084,-0.34652886,-0.0676189,-0.14817715,-1.0387554,-0.24736272,-1.0406839,-0.83873147,-0.38449234,-0.94961745,-1.0481998,-0.54499656,0.2540388,-0.042468093,0.1287998,0.08408054,0.0081355125,0.24840418,-0.8846292,-1.0441027,0.058218714,-1.558845,-0.17245948,-0.77706194,-0.0041298713,0.49307647,0.52515644
0.12868668,-0.106701106,-0.008000625,0.20595104,0.1273968,0.45937312,-0.08934458,0.13740787,-0.6498175,-0.3312162,0.08775294,-0.11158218,-0.2242582,0.27847227,-0.16636309,-0.012574087,0.009488551,0.03027184,0.17351128,-0.40849546,0.0014080955,-0.6347115,-0.1740486,-0.47255078,-0.42073503,-0.36228922,-0.24908036,0.42280114,-0.539874,-0.66627777,-1.0850135,-0.29777473,-0.30372962,0.033452023,-0.3073216,0.059319016,0.3960171,-0.7376694,-0.25044045,-0.16033275,0.55523956,0.026653957,-0.58532107,0.8707887,0.1659317,-0.36282867,-0.19883965,0.14266297,1.4070885,0.26237813,0.22700669,-0.05685245,-0.015284509,0.11701257,-0.34970182,0.89779365,-0.6484682,-1.0756001,-0.24551329,0.16565667,-0.047631312,-0.3081561,0.1146025,-0.7976361,0.0004103357,-0.90735406,0.39818746,0.27604437,-1.6522362,-0.6287648,-0.4621457,-1.2795222,-1.2878836,-0.9421592,-0.15212725,-0.6743923,-0.2116886,-0.45436504,-0.6077869,-1.6736326,-0.8491965,-0.11120583,-1.4098845,-1.0791397,-0.80492646,-0.47267315,-0.08018838,-0.019172298,-0.30262154,-0.40966064,-0.6040216,-0.117004536,-1.1461773,-0.0047338298,-1.7592317,-0.33635715,-0.43455744,0.5865751,1.0732701,0.40875036
-0.1533524,-0.1533162,-0.18070447,-0.25284865,-0.3325552,0.11872377,-0.3550383,-0.24339381,-0.12517324,-0.573162,-0.5257123,-0.5494003,-0.5540305,0.17927292,0.13204046,-0.15713727,-0.1518116,-0.31218073,0.05917445,-0.23470418,0.16029379,-1.1698942,0.09797006,-0.99783885,-0.53799856,-1.7398409,-0.78138834,-1.0372441,-0.7204265,-1.2935275,-0.9667275,-0.3323822,-0.9744205,-0.8416803,-1.4978977,-0.90745413,-0.0029452427,0.24342038,-0.92061234,-0.6544743,-0.14440767,-0.050023887,-1.2152331,-0.6488546,-0.76424223,-0.96300274,-1.8781865,0.16027036,-0.30933776,0.40611383,-0.67281693,-0.62421703,-0.69912755,0.63075787,-0.4639202,0.2244255,0.71934164,0.28441983,-0.2718142,0.43421328,-0.7400839,0.73408663,-0.48319146,-0.23450783,0.14380813,-0.058518562,-0.26311776,0.7359527,-1.3021222,-1.1116575,0.6624684,-0.6004823,-0.4560649,-0.24775106,-0.42410752,-1.0374026,-0.43091193,-1.2364637,-0.876133,-1.7001479,-0.7888876,-0.21251827,-1.3123555,-1.0505567,-0.7710604,-0.88597137,-0.18441774,-0.6326732,-0.5697911,-0.27775383,-0.4547862,-0.26342034,-1.1019864,-0.51000315,-0.6131796,-0.5499938,-0.59777933,0.37042528,0.22773781,0.4736796
-0.16087551,-0.49371895,0.22100386,0.00782622,0.09112421,0.39043397,0.06666827,0.23878822,0.060651753,-0.090175286,0.38591582,0.108488634,0.42746493,0.36346716,0.86629164,-0.06916351,0.40409538,0.36731812,0.49828818,0.7909199,0.073710635,-0.029876655,0.65466535,0.087348185,-0.55183035,-0.37056652,0.46452174,0.16520436,0.67799646,0.4145946,0.33538577,-0.8923796,0.07041375,0.115227595,-0.78357905,0.59391904,1.4280626,-0.37425956,0.08487984,0.12563567,0.26695478,0.4181676,-0.34204295,0.19398949,-0.2081807,0.50107247,-0.76765066,0.5700791,0.3132114,0.21640381,0.22014424,-1.9456487,0.18976079,-0.06508437,0.31367812,0.9088819,0.6922605,0.13996728,-0.23908316,-0.980756,-1.2730676,-0.90824157,-0.4283574,0.44559306,-0.77420574,0.6495113,0.17438185,-1.4859533,-0.7282483,0.36302194,0.021021247,-1.4107509,-0.19244727,-0.6928718,-0.4968063,-1.127967,0.37789086,-0.66085047,-1.0023679,-0.5990761,-0.37496808,-0.41052464,-1.3310494,-0.8249064,-0.25313726,-0.6006142,0.98332036,-0.058368597,0.15207687,-0.6392432,0.17289056,-0.59716654,-0.40487313,-1.2866354,-2.1768496,-0.31504372,-0.52571857,0.2766683,0.5577462,-0.105633706
0.64988804,-0.574911,-0.3793491,-0.35768393,-0.17422378,0.12877208,-0.26706162,-0.22210324,0.2380685,-0.20605709,0.11758223,-0.5015978,-0.019259488,-0.16753788,0.43845835,-0.009304609,0.58990276,0.15145662,0.41422862,0.2593223,-0.026274992,0.19072224,0.4922401,0.6599174,0.62478244,0.59534,1.234682,0.7026472,0.35321873,0.15900686,-0.69628704,-0.2621654,-1.0645039,0.052954525,-0.14269732,0.42043114,0.29141757,-1.9650087,0.06353295,-0.62777114,-0.414096,0.7551374,-0.14388128,-0.1095506,-0.48068738,-0.113447316,-0.59658825,-0.47069898,0.31858203,-0.64770246,-0.5007072,-1.0368829,0.8951864,-0.20963082,-0.70773804,1.1401538,0.32628688,1.1774608,-0.23974997,-0.13699917,-0.5918267,0.61607665,-0.35635012,0.42870155,1.1838387,0.6885806,0.72436506,0.6317647,0.1818006,0.016121384,-0.09450248,-0.19313395,0.28004023,0.5473133,0.40536544,-0.33805782,-0.0061798235,0.13041735,-0.36656943,-1.3798485,0.33496723,-0.6708138,-0.49656007,0.22514518,0.33708194,-0.8744759,-0.5206971,0.21937269,0.77214575,-0.8586017,-1.4593503,-0.4957571,0.23219393,-0.28630197,-0.59625524,-0.40259045,-0.5784467,-0.09802846,0.63175863,-0.6596213
-0.1620729,0.12076397,0.18830511,0.13728957,-0.3436004,0.39011967,0.10547143,0.17229012,0.023646347,0.77066827,0.3694516,0.43733165,-1.182645,-0.0079617575,0.15209107,0.12930688,0.018931903,-0.16549313,-0.0337447,-0.051662073,0.7254868,0.06859164,0.545371,1.0026395,0.24410586,0.049428385,-0.21670428,-0.25806332,0.6157918,0.8781239,0.14992839,-0.7960018,0.24715365,-0.3353574,-1.1588829,0.38113266,-0.07687252,-0.060932808,-0.236646,-0.20276259,-0.36149547,-0.8847883,-1.1113276,-0.85955155,-1.0043076,-0.97062194,-1.0611022,-0.5277255,-0.41584024,-0.44706324,-0.45837826,0.2658943,-0.6039136,-0.64673215,0.275486,-1.1456305,-0.15670252,-0.616133,0.40819168,-0.6810053,-1.3065032,-1.0310482,-1.5715811,-1.1741128,0.4494755,-0.43691617,-0.54589075,-2.5120912,-0.7138202,-0.7515224,0.891616,-1.3272775,-0.1609003,-1.0488223,1.0759977,0.5424612,0.509679,1.2211506,0.68429494,-1.0852001,-0.55480635,-1.0240332,-1.1927125,-1.4693968,-0.22907577,-2.446032,-0.5309152,-0.45711935,-0.8156049,-0.66051424,-0.744229,-0.11378971,-0.9070397,-1.0416901,-1.0859404,-0.15125659,-1.1892878,-0.19119522,-0.33957016,-0.8547427
0.31102574,0.79347295,0.51172835,0.3056703,0.74413836,0.37777576,-0.07181484,0.09159484,0.53941417,0.44991836,0.709285,0.45054257,1.4767492,0.3572375,0.0745746,0.4065244,0.64169633,0.32781258,0.29731914,0.64264745,0.21853873,0.3481717,-0.058455087,1.0640894,0.71169376,1.0825557,0.93199813,0.53261745,0.5225916,0.46819144,-0.8165728,0.3734804,0.47175944,0.09619715,0.3484785,0.23144871,-0.3830919,-1.0806632,0.2559255,-0.2846867,-0.2423669,0.59268475,-0.28989324,0.27649432,-0.39658612,0.17366867,-0.3750057,-0.26960105,0.19620754,-0.33217138,0.020979682,-0.18066762,0.77893674,0.89734036,0.83260536,0.6361227,0.8357487,0.5138769,0.63548946,1.6522905,0.9345413,1.4746833,0.51153636,0.3404577,0.9033699,0.3303395,0.52565646,0.62393194,1.6614974,0.7340395,1.3660424,1.3786325,-0.2747711,1.5450586,0.9476728,1.0941557,0.22681323,1.1265309,0.122454606,-0.96193916,1.7711643,0.50872713,0.41244313,0.6197384,0.7208409,0.15430917,0.78594434,0.9019398,1.0598018,0.64958256,-0.57720745,-0.6282551,1.1500349,-0.45712996,0.9172251,0.0032909252,0.97225565,-0.036703493,0.07968094,-0.26952022
0.25237533,0.22421351,0.85211235,-0.061234318,-0.18303919,0.3582907,-0.1732157,-0.51760495,-0.41783,0.733444,0.9182841,0.81665343,0.11184348,-0.032003116,-0.97213566,0.13739282,-0.057711996,-0.48545745,-0.38230652,-1.3165668,-0.30288088,-0.06226197,-0.22666511,-0.2219578,0.27310058,-0.21052775,-0.49984527,-0.50430053,-0.14914611,-0.7998249,-0.6645844,0.41982567,0.8624898,0.15086703,-0.059769586,0.04986613,0.71382713,0.90952456,-0.18088514,-0.15297107,-0.20294489,-0.74493784,-0.003572315,-0.022247303,0.18650565,-0.03380334,0.73116195,0.80051285,0.0763571,0.27403837,0.19637407,0.3456037,1.4012094,1.0783285,1.529453,0.06092349,0.71192014,-0.26638123,0.9965624,-0.32781237,-0.56717646,0.706142,0.70618904,-0.61446553,0.23281312,-0.69979817,0.5498039,-1.2528739,0.43856332,0.66982657,0.450643,-1.1859298,0.30321166,0.13388793,0.06832133,-0.1752451,0.33066717,0.38016075,-0.20717762,1.3402115,0.5498265,1.5396422,0.79442745,-0.9484242,-0.08413132,-0.48598534,0.578798,-0.24705936,-0.13850534,1.376388,1.7653599,-0.9336532,1.7960557,-1.0471282,-1.2456934,0.41053206,-0.29715863,1.1407062,0.1088484,0.41140237
2.0935476,0.048538595,1.0249,-0.15400767,-0.41902047,0.2521111,0.034547646,-0.58390266,-0.42017,0.5456784,1.3227912,0.8235896,-0.44172892,0.6045073,-0.8190477,-0.15670832,0.19115826,-0.36038396,0.3853605,0.25275815,0.2650742,0.5821925,0.4378892,0.14419328,0.9983529,1.4382827,0.6226609,0.08629939,0.5264888,0.3718809,0.08057265,1.2678614,-0.06606232,-0.61590713,0.18339227,0.26354504,0.8930482,0.64446664,-0.25562346,-0.71715385,-0.99903506,0.15244249,-0.60181576,0.33199134,0.6291001,0.14472145,0.32649073,0.8027757,0.13996138,0.71434855,0.43179294,1.2598964,2.1273794,1.5253197,0.83732426,1.2089568,1.4763283,0.5145625,1.0153059,0.8600023,-0.130638,-0.17517906,0.4980314,0.063628845,0.24980445,-0.47912315,-0.02660999,-0.1203901,-0.08345628,0.13433284,0.52830786,-0.9232115,0.1680542,-0.10197249,1.3302281,0.5314326,-0.6242867,0.5681238,0.730333,0.3539204,-0.24184789,0.024626663,-0.5684191,-1.5502512,0.15347682,-1.1984153,1.284111,-0.60612065,0.46495774,-0.068131395,1.7906612,-0.64761734,1.3078463,-1.4926865,-1.3943729,-0.4994337,-0.55980104,0.03913573,0.87288964,0.27175903
0.6553531,-0.26590562,-0.24583572,-0.83260435,-0.52950054,-0.820796,-0.8338891,-0.51966816,-0.42437777,-0.6594731,-0.6033761,-0.6506585,0.110900335,-0.25574514,0.04076429,-0.70785856,-0.6484633,-0.2903917,-0.036399387,0.18416288,-0.122163706,0.3487134,-0.010122289,-0.061450943,-0.21613427,-0.2404964,0.32483843,1.711892,-0.23579417,-0.13617596,-0.48854885,-0.0054824026,-0.26332504,0.36230585,0.44316992,0.66737586,-0.0049656057,0.5361967,-0.5033589,-0.38914788,-0.69061047,1.1939889,1.1034333,0.3794726,-0.10121933,1.1736768,0.1890818,-0.1352423,-0.4626666,-0.050690677,0.34121376,1.2773095,-0.5359171,0.84417486,-0.5359872,0.42927134,1.4761847,1.7300798,0.39234778,0.7625911,0.9338605,0.5604406,0.16370346,0.17071418,1.8465883,0.11241748,0.5018807,1.5877395,1.7862486,1.4710153,0.2947991,2.0087185,1.2640871,0.94920933,0.9390268,0.03244162,0.12053523,0.5111967,-1.0244694,-0.72167414,0.877114,0.73813194,-0.21998602,0.903459,0.21011597,1.110855,-0.29414725,0.3495941,0.59009254,0.64434737,-1.4354256,0.6799751,0.5468822,1.7228612,1.7015852,-0.6731181,0.8511616,0.013054431,0.13637011,0.70566463
-0.046661243,-0.56229126,-0.7461518,0.19441994,0.42479792,-0.5216052,-0.032923255,-0.22161864,0.0352205,-1.0047101,-1.5003723,-2.4148169,-2.460362,0.34062335,-0.13570406,0.05521702,-1.1698945,-0.15243337,-0.31127232,0.17995395,-0.07340397,-0.9239461,-0.40140513,-1.1421473,-1.0282056,-1.5332347,-0.7797158,-1.0072682,-0.25971773,-0.106947765,0.10673867,-0.3428201,0.77972555,0.011513165,0.1433414,-0.34765285,0.19409516,0.37565032,-0.08213833,0.50510275,0.49626583,0.17422758,0.9366945,0.085818596,0.024184072,0.115851514,1.6192726,0.7080034,-0.050050177,0.67945516,0.6786922,-0.5537207,-0.3373217,0.66106075,-0.48985097,-1.9233606,-0.2619723,0.853279,-1.498214,-2.82974,-2.2082973,-2.174735,-1.5370626,-0.017801095,0.3722876,-0.28510186,0.7923327,-0.7356553,-1.0315511,-0.36908934,0.03740154,-1.5415214,0.16373907,-0.6514037,-1.6918542,-2.3934767,-0.8744592,-1.0770637,-1.0914208,-1.5793282,-1.3919475,0.56911224,-0.15900783,0.16617443,-0.6891834,0.7952522,0.57133424,-0.9390766,-1.1507322,-0.27019063,0.3519327,0.030779343,-0.3003222,0.31741947,-0.64573103,-0.6172166,-0.4366501,0.046417605,-0.07007161,0.39820132
-0.11301102,-0.00016915164,-0.6668012,0.16542119,-0.001735091,-0.8058419,-0.3703031,-0.21122791,-0.42835927,-1.0482609,-0.9584333,-1.5702279,-1.3642501,-0.5794392,0.058842994,-0.16281117,-1.0167556,-0.34702787,-0.7150956,-0.48945567,-0.14997338,-1.4275641,-0.4348975,-1.414638,-0.9450978,-1.6088712,-1.0646085,-1.3956984,-0.84982246,-0.62201357,0.71664155,-0.8378672,0.9765532,-0.5687191,-0.86746866,-1.1992643,-1.3679078,-0.6526873,-0.63205147,-0.48044866,0.23374067,-0.947325,-0.10534399,-0.17990202,-0.3101585,-0.46379337,-0.46219656,-0.7859766,-0.43036187,-0.43264687,-0.0028966325,-0.4905591,-1.0135046,0.5281999,-1.0258751,-0.4731679,-0.7913689,-0.6185503,-1.6824492,-2.075146,-1.309534,-0.21069261,-0.38389665,-0.16734016,-0.4146218,0.40635723,-0.098995276,-0.14356373,-0.9280769,-0.5534595,-0.84693784,-0.8862089,-1.2721803,-0.539031,-2.1616259,-1.4530092,-1.1448766,-1.2592248,-0.34249637,-1.0746416,-0.45802784,1.4048699,-0.07658837,0.27958116,-1.0190476,1.4076526,-2.1733043,-0.3844027,-0.73818076,0.2779585,0.5856131,0.02667457,-1.7288204,0.03697004,-0.12571052,-0.18623398,-0.17511363,-0.2960873,-0.5037364,0.1170543
0.042145144,0.56161505,0.8969208,0.75152093,0.14881465,0.28458384,0.7902919,0.484353,0.2664432,0.08359161,-0.14444594,0.08076445,0.101338245,0.31040293,0.61844075,0.4231751,0.22724466,-0.050232362,0.07143679,0.490167,0.23881279,-0.5339655,0.71762174,-0.6011873,-0.7555307,-1.0355202,-0.9650374,-0.6583661,-0.7707275,0.11403356,-0.567403,0.39025024,0.06130152,-0.4146245,-0.682779,-0.14423317,0.18460108,0.901978,0.6362109,0.8781699,0.523376,-0.07909832,-0.9215324,0.5331687,-0.49883044,0.18315133,-0.32733226,-0.045863744,0.207601,0.3908852,0.3807685,0.34107545,-1.0661728,-1.4037738,-0.36052704,-0.009679829,-0.7915636,0.07675223,-0.018153332,0.06417655,0.18207242,-0.08254311,-0.0010198234,0.73980707,-0.95458794,0.59453213,-0.42390043,0.4272779,-1.0842134,-1.174596,-0.10260239,-0.86560625,0.45165655,0.4040609,-1.4744112,-0.8547322,-0.5699619,-0.28256878,0.061903026,-0.24435146,-0.8124881,0.16053149,-0.27454078,-0.5973719,-0.5356689,0.15337373,-0.43652505,-0.7462998,-0.3422535,0.13433455,-0.85065454,0.28899488,0.4809555,-0.56919134,-1.2037206,0.3396413,-0.028474038,0.5209655,0.21542685,0.5522347
-0.051872253,-0.64785594,-0.6812488,0.20285583,-0.2544692,-0.025463521,0.17029263,-0.039534345,-0.08303914,0.6180447,0.83670723,0.09707861,0.5278118,0.7664747,1.1657323,-0.18628074,0.22484499,0.10206563,0.43806747,0.80300677,0.32185367,-0.048516892,0.3419612,0.4660985,0.26090407,0.008026141,0.7392553,-0.38501954,0.25870606,0.13490869,0.34705976,-0.64681506,0.22032142,0.00034042407,0.029476903,0.68205947,0.44632867,0.537287,0.17838806,0.3634011,0.44107768,0.4441242,0.18550132,0.57036215,0.23446842,0.287331,0.1288675,0.016457666,0.30573985,0.6949707,-1.0208101,-0.4884409,0.10846073,-0.2601212,0.0030665365,-0.09370764,-0.13732049,0.54941505,1.1534228,0.6257204,0.261474,0.84607255,1.5220125,2.4863722,0.35472554,1.5289792,-0.88668436,0.9731693,-0.28687602,-0.46263105,0.26656187,0.15650347,0.86835,-0.09566526,-0.0903516,0.30170527,0.4604703,-0.08131934,-0.6509701,-0.46836197,-0.50092554,-1.0196565,-1.2129309,-0.19672647,-0.5955248,0.02520031,0.5480566,0.062133618,0.29571775,-0.19830109,0.035196174,0.62310857,0.61388916,-0.32918233,-0.22297475,0.21830866,-0.18512584,-0.42774424,-0.16137427,0.39414856
-0.73890406,-0.72800237,-0.22841178,0.05805216,-0.019197717,0.07326566,0.13313363,-0.11511118,-0.63490117,0.7512446,0.8490787,0.6949277,1.1512425,0.2399621,0.39700672,0.09847194,0.04599583,-0.26680225,-0.4282815,-0.33274752,-0.08901247,0.42925882,-0.23994716,0.3445945,0.37017316,-0.44844544,-0.6913639,0.12929198,0.31126198,0.26282316,-0.3775856,-0.355768,1.0953832,0.40339416,1.0774859,0.3369393,0.29232666,-0.06767503,0.6155944,0.57003284,0.03954918,0.57717603,1.1327298,0.37967733,0.6515728,0.075110964,0.36020932,0.57980156,-0.37099162,-0.31861907,-0.5256722,-1.1737772,-1.1306487,-0.27993545,0.07790008,0.32716677,-0.8830489,-0.13979225,0.015419205,0.4401007,-0.4471314,0.7302555,-0.19101046,1.1392109,-0.12028452,0.29498523,-0.41334593,-0.002476324,-0.39504027,-0.13527672,-0.919074,-0.45842996,0.10612249,-0.009503772,-0.2552122,-0.6340158,-0.06091911,-0.6572725,-0.3276912,-1.1992383,0.015528244,-0.19156721,0.15831001,0.7588208,-1.2751411,-0.36733863,0.18553899,0.24016835,-0.4984957,0.31322372,-1.1530417,-0.80724806,0.50015324,0.6112911,-0.17380223,0.19401462,0.1795523,-0.42775512,-0.4263836,-0.16688064
-0.06214949,-0.18644004,-0.1755797,-0.5056029,0.20086533,0.10552893,-0.35400617,-0.32336864,-0.17610545,0.32974812,-0.27321836,0.37005943,0.7516624,0.4267421,-0.16436371,-0.1394449,0.3112742,-0.18785472,-0.19160947,-0.19375038,-0.20136149,0.5780546,0.13325942,0.2825419,-0.3740768,-0.21930854,-0.5524491,0.48985416,-0.49638116,-0.3795748,-0.108386666,0.2756493,0.71142715,0.21181351,0.35771766,0.063727684,1.1884669,1.0353324,0.1907854,0.67271847,0.090769686,1.3395138,1.0785998,-0.27485397,-0.45817506,0.5126425,1.3096775,0.07109883,0.44474706,-0.22866893,-0.9895688,0.5702646,-0.44198555,-0.14073825,0.81294847,1.8996646,-0.2508442,-0.24751104,0.99956095,1.1967552,1.5698066,1.0974494,0.43599784,0.54081064,-0.24953839,0.07232849,0.113076076,1.3090954,-0.11418669,-0.18436222,-0.4416253,1.1928741,-0.1674198,1.1700519,0.21990377,0.14498079,0.04793315,-0.14448173,-1.137542,-0.3727225,0.6466072,0.3742398,-0.39363277,0.7087778,-0.697242,0.71118945,0.61381465,0.10081633,0.0156221185,1.0882401,-0.0505672,0.68983084,2.0894003,1.1595805,0.7024167,0.45649308,0.09695557,0.18679221,0.7359614,0.5857611
0.19251037,-0.49522746,-0.76348126,-0.76299703,-0.28561863,-0.5966732,-0.4704649,-0.80931574,-0.8830877,-0.5240263,-0.84182125,-0.3441454,-1.0194517,-0.6862126,-1.0620217,-0.74360615,-0.9838822,-0.8490515,-1.0209229,-1.1175427,-0.39010015,-0.4035831,-0.029142898,-1.0183651,-0.6926131,-1.1978482,-1.2190089,-0.9261101,-0.8932689,-0.9864116,-0.9541882,-0.9670951,0.20739193,-0.38870552,-0.70071393,-0.777305,0.3005136,-0.010241794,-0.49373963,0.58190113,0.07405752,-0.038597357,-0.3113132,-0.7983927,-0.9495616,-0.9643171,0.56451124,-0.39825115,-0.011890651,0.56856763,0.1574078,0.0035525775,-0.3477034,-0.80000144,-0.4504659,-1.086757,0.5013525,-0.76949185,-0.49183634,-1.1949325,-0.15526204,-0.40517682,-0.77118075,-0.50533473,-0.42413348,-0.8524406,0.15345842,-0.13938276,-0.33124888,-0.5322529,-1.4088585,-0.038359854,0.16925412,0.859585,-0.8379329,-1.0099485,-0.68910956,-0.2634547,-1.8421855,-0.95298713,-0.6241309,0.82578534,-1.041063,-0.15951243,-1.4822981,0.38034675,-0.31897315,-0.6398977,-0.27466977,1.0521883,0.87484854,0.06990781,1.1909715,-0.22807343,0.1538209,-0.19961497,-0.7661885,0.05617924,0.33462083,1.1077996
-0.20098177,-0.6488723,-0.05916382,-0.40265548,-0.14796628,-0.03895637,0.2164912,-0.18372773,-0.022306306,-0.2623658,0.19055454,0.3917421,0.7479084,0.6718961,-0.026440972,-0.26838517,0.15987043,-0.15108229,0.017713271,0.2797346,-0.19615668,0.40412298,0.121585764,-0.32027668,0.030873451,-0.29836088,-1.1081125,0.10770809,0.014198263,-0.07644089,-0.46657157,-0.33427572,-1.1234632,-0.41967842,-0.39207026,-0.31066078,-0.052127793,2.0712693,0.12087404,0.26183066,0.32644334,-0.24829131,-0.20769697,-0.19982286,-0.9996853,0.20726065,0.16964033,-0.278961,-0.6175146,0.6175492,0.8935471,0.4755058,0.6436508,-0.0471437,0.4359296,-0.3981873,1.7189592,0.64904493,0.626404,0.15645234,-0.16018638,0.37928006,-0.13127191,1.1353523,0.008612802,-0.19058603,1.3556439,0.40540832,0.49078074,0.12586847,-0.24496228,0.5538709,1.1986428,1.5590279,0.22956814,-0.42075172,0.20390679,-0.69784945,-0.26098981,0.3361511,0.3753774,1.1973265,-0.25706872,0.31975162,0.0056658494,0.9193541,0.57178485,0.13423008,-0.0791531,1.4854562,0.6481327,-0.017527975,1.5481625,0.32786462,1.219491,-0.7917561,0.070454635,0.53378534,0.034292158,1.3464417
0.5869658,-0.55630916,-0.3591927,-0.50086397,-0.51299804,-0.35835537,-0.01975986,-0.53864217,-0.56079525,-0.09234378,0.2576329,0.72355556,0.023297036,0.79462916,-0.66913915,-0.54154927,-0.117116995,-0.6218117,-0.1426168,-0.8100299,-0.09749473,-0.6045644,-0.3293542,-0.427884,-0.18645866,-0.061031636,-1.9594407,-1.2189391,-0.14247112,-0.8225178,-1.2627398,-0.47638226,-0.32311407,-0.7870668,-0.7619797,-0.5080858,0.43723065,1.2764407,-0.46145362,-0.061600376,-0.42876124,-0.29768744,-0.721569,-0.6338781,-0.7424433,-0.7821407,0.87022614,-0.63038397,0.12742507,0.41018587,-0.22145237,0.21573807,0.9046896,0.2536938,-0.09011614,0.19295481,0.3448993,-0.4122199,0.48841685,0.032730706,0.16619064,-0.7081324,0.2522559,0.52243745,1.2891744,0.10212611,0.16079915,0.6844581,0.18453741,-0.22841676,-0.8398582,-0.22968762,0.46482244,0.7383971,0.009988733,-0.8588879,0.29237622,-0.21768989,-0.49364263,-0.4397556,-0.035077613,0.9815831,-0.9985746,-0.9996133,-1.2925937,-0.18231983,0.4775634,-1.0014267,0.22892267,1.3121252,1.4109085,-1.3677183,0.42598054,-0.6064086,-0.7026208,-0.49568605,-0.6417218,0.043864094,0.21621415,0.3301145
-0.19046983,-1.0419695,-0.55200315,-0.9110553,-1.0916414,-0.7750884,-0.77561206,-1.0839889,-1.1880174,-1.1308146,-0.21274163,-0.4079932,-1.0959032,-0.7384906,-0.5652723,-0.87000865,-0.4263056,-0.92975706,-0.17626761,-0.4840805,-0.16090097,-0.92458963,-0.85345405,-0.98325145,-0.91808254,-0.8055532,-1.2041264,-1.0342513,-1.0458376,-0.5307307,-1.12674,-0.72405803,-1.5935118,-0.7419761,-0.9420578,0.18581848,-0.5383478,0.2900494,-0.18910645,0.460882,-0.83073694,0.097198285,-0.43761557,-0.8865996,-1.0685973,-1.2418633,-0.7937265,-1.4876037,0.27994505,-0.021880683,-0.434363,-0.93754005,-1.5074555,-0.8140983,-0.8857223,-0.11511689,0.10674718,-0.9740753,-0.8620477,0.4472771,-0.7756244,-0.382949,-0.20285408,0.04830613,0.2833361,-0.5361364,-1.3771197,0.39485288,-0.9254459,-0.28544405,-0.87018794,-0.7737165,-1.2061749,1.2936924,-0.48550153,-1.0495867,-1.2588478,-1.182478,-1.1610531,-0.62097096,-1.0179464,-0.89459884,-1.8390728,-1.6297709,-1.2331771,-1.366323,-0.5517557,-1.2310283,-0.587887,0.13032761,-0.23717591,0.5084431,0.11999591,-0.72975504,0.09920519,-1.2746569,-0.8610071,-2.4839299,0.8282445,0.11088868
0.027917614,-0.8403946,-0.20916167,-0.64791304,-0.6524917,-0.077469155,-0.63253576,-0.4894455,-0.30526802,-1.7313701,-0.69553727,-1.4838929,-1.1109393,-0.5916576,-0.9270369,-0.91380143,-0.6102608,-0.5397594,-0.12506329,-0.7290008,-0.09895873,-0.47002488,-0.9431956,-0.6864101,-0.9891758,-0.74316585,-1.4098692,-0.97289073,-0.35618246,-1.5345376,-0.29697925,-0.75713015,-1.3354808,0.09940147,-0.2762389,0.20875645,-0.42401555,-0.42495131,-0.95476604,-0.12178473,-0.290754,0.25403568,-0.2161761,-0.6481903,-0.9466926,-0.606952,-0.28090447,-1.2362396,0.2692724,0.4352219,-0.3890883,-0.7102987,-1.00453,-0.65029585,-0.93239784,-0.72311383,-1.0546228,0.055313084,-1.1887052,-1.2011516,-1.2355253,0.3608718,-0.9827147,-1.047564,0.06299719,-0.86533767,-0.22265951,0.31137785,-0.2710959,-0.27559862,0.08374332,-0.9001807,0.045887098,0.24489702,-0.82169133,-1.0415618,-1.8018858,-1.7705661,-1.07517,-0.03410507,-0.821031,-0.28036055,-1.3741312,-1.0761969,-1.181025,-0.4504271,-0.5631376,-0.6881103,-0.4068816,-0.67408043,-0.85479546,-1.118863,-1.1905425,0.72190964,-0.28081986,-1.0904535,-0.8342299,-0.8486187,0.35178843,0.029260725
-0.63134855,-0.4636466,-0.07320261,-0.48451036,-0.30949757,-0.16906321,-0.015625935,0.03692933,0.032790434,0.1708844,0.3288759,0.21585828,0.74176663,0.24100892,0.13163574,-0.4406573,0.06840795,0.025523936,0.3028699,0.1442158,-0.0637858,0.3536221,0.37636557,0.0537734,0.012182499,-0.29986256,-0.40533844,-0.73568904,0.44956577,0.14499772,0.36611363,-0.040591348,-0.62413377,-0.17666103,0.21862505,-0.48309517,0.2764886,1.4128009,0.79750025,0.95179063,0.23096603,0.17862426,0.3735546,0.4076215,-0.16276368,0.86902845,0.9962808,-0.47913682,0.07131564,0.55496716,0.8526616,-0.24604724,-0.07139482,-1.3260802,-1.0912116,-0.80855036,0.8119375,0.43417424,0.65684,0.28750825,0.050311185,0.57018036,0.08584426,0.5302656,0.67276394,0.36026454,0.9493492,0.781197,0.37596688,-0.14840852,0.34200758,0.618964,0.6263263,1.2960627,-0.009508633,-0.49321568,-0.34899706,-0.78824484,-0.28140616,0.030496517,-0.091852896,0.38534316,-0.32402816,0.8779805,-0.21526581,0.39694923,0.07996329,-0.08214874,0.19267006,0.8528131,-0.32007757,-0.05890476,2.2265658,-0.2611254,0.42807588,0.040022556,0.0917659,-0.31405735,0.2809117,0.7491409
0.22951789,-0.88085383,-0.5216061,-0.26866633,-0.7664827,-0.8038344,-0.28097922,-0.80402035,-0.3889064,0.13679989,0.083526485,0.10044603,-0.20729484,0.35569587,0.5582118,-0.5527557,-0.2210063,-0.840232,-0.055847805,-0.662372,0.17908995,-0.6653863,-0.22968301,-0.60037136,-0.7116043,-1.5207655,-1.6349249,-2.4910884,-0.18671158,-0.11002501,-0.3567072,-0.96619135,-0.41123632,-1.3507713,-1.4754162,-1.1776571,-0.96428,0.8535338,-0.07109039,-0.13026933,-0.09449751,-0.8349157,-0.62027436,-0.79932207,-0.9974849,-0.77271336,-0.42047942,-1.3165212,-0.34491542,-0.61159366,0.23210965,-1.1630324,-1.4032142,-1.3250909,-1.4154764,-0.58153635,-1.4873588,-1.0352216,-0.5117378,0.08078383,-1.4052823,-0.84793526,0.6460778,0.80274594,0.35263073,1.0654013,-0.9379406,0.18929274,-1.3721842,-1.8249784,-0.31276602,-1.8928788,-0.8090173,-0.9489496,-1.5800536,-2.1372867,-0.49269313,-0.54555935,-0.3122702,0.0959567,-1.4580733,-0.23305027,-1.8878597,-2.1552553,-2.0302825,-1.2866721,-0.56275135,-2.7235236,-1.4046277,-0.52265304,0.4674136,-0.821237,-0.32758272,-1.7104238,-1.5669104,-1.0003793,-1.369815,-0.99425685,0.28090805,-0.7036727
0.6377783,1.1273191,1.1279334,0.99185485,0.80344874,1.2620913,1.0262699,1.2028506,1.6698698,0.72787476,-0.20473026,1.1720554,0.7026274,0.93744487,0.8698084,1.0990728,0.7010898,0.5838678,0.50022066,0.3109717,0.5612961,0.3420864,0.9554551,0.55007106,1.1856337,1.2479957,0.62214875,1.2052302,1.4244606,1.0062711,0.14659196,0.63575745,-0.5423388,0.08591938,-0.7332252,-0.3482635,-0.13987182,-0.31891233,0.51923156,-0.20606722,0.3224312,-0.1664782,-1.7120596,-0.28732237,-0.8892035,-0.28251812,-0.722277,1.0258484,-0.03646761,-0.6548075,1.3331629,0.35018894,1.3772138,-0.2711707,1.2669685,0.2512672,0.04566438,0.3980685,0.3380106,0.0023715983,1.3569756,-0.05351638,1.5236251,0.8733579,1.1113136,0.7685444,-0.59255564,0.29045585,-0.20715733,-0.57967484,0.82512105,0.15300465,0.93195033,-1.5300112,0.2592834,0.86888206,1.4164195,1.1018558,0.78903717,0.9148264,-0.172059,-1.3231981,0.038603317,-0.7451914,0.7941282,-0.60184795,-0.063362844,-0.21857756,-0.81867063,-1.9829953,0.9890695,-0.15383479,-1.2914765,0.21286485,-1.137671,-0.14749433,-0.26332814,0.15167446,-0.5303792,-1.039683
0.2544287,0.7815978,0.7072202,0.53956187,0.6642599,0.6448017,0.38837627,0.59943265,0.7487223,1.2007499,1.8610559,0.777074,1.3221179,0.39081076,0.3634813,0.4681822,0.2521336,0.5031444,0.20389912,0.2053293,-0.11817507,0.26271877,0.17042893,1.1562561,1.7808703,1.2769306,1.8563696,1.2391785,1.0753263,0.40192682,0.001184427,0.5761362,0.26064157,0.3265258,0.55043733,0.45805407,0.7610181,0.33815855,0.8058983,-0.043988988,-0.0028397494,0.7010431,0.094108604,0.16926304,0.93426734,0.028845374,-0.7853998,-0.20429772,-0.526861,-0.74921167,0.044249907,0.5892882,0.44445527,-0.36456513,1.3598945,1.2301422,1.0470737,-0.060904387,0.97675145,1.6322882,1.3379245,0.359248,0.7958843,-0.20588231,0.11118374,0.083086066,-0.33638373,-0.819021,0.9415214,0.77580774,0.7643162,1.0944698,0.22239012,0.2821533,0.9011398,1.2085207,1.5054073,1.8833588,0.71397257,0.10076526,1.2131037,-0.6775087,0.6932696,0.5695927,1.3422229,-0.14156964,0.5650973,1.2954131,1.1086645,-0.60482025,-0.6242165,0.7344024,0.7998873,-0.4200996,0.07766283,-0.20823917,0.51487464,0.41739914,-1.0100464,-0.80476415
0.3492256,0.79521257,1.1266962,0.70995265,0.868337,0.86910105,0.7502631,1.0683708,1.2157284,0.45748478,0.70426244,0.28071696,0.021149645,0.181641,0.858599,0.9807786,0.388088,0.9976531,0.3157471,0.14074203,0.35658544,1.2314005,0.18991774,0.9906193,1.1923314,0.89714295,0.6485,1.3935716,1.0045984,0.64482695,0.8579509,1.1781483,0.5934448,1.3258985,0.73747116,0.8533708,0.91286343,0.51898557,0.4552758,0.47601628,0.6562553,0.9948144,0.9209102,0.8338458,0.2168204,1.0367486,0.15934323,0.47520596,0.15061249,0.4088474,0.09809968,-0.10376125,-0.53663135,0.36035746,1.1474872,0.8125017,0.48696953,0.657614,0.5649897,0.43207029,0.20823456,0.00073778053,0.019886937,-0.16714263,-0.6112655,-0.5903724,0.2638526,0.01143722,0.849487,0.6633042,0.21099626,1.1319058,-0.20522575,0.28011534,0.7147004,1.4235597,1.1469513,0.69172597,0.6216303,0.65009993,0.86709213,0.121953756,1.1559943,1.3092119,0.79124033,1.160788,0.8328607,1.1539477,0.91675496,0.09055779,-0.05951109,0.50317603,0.966846,1.2898557,1.5904531,1.0048398,2.1065602,1.5515534,-0.7630292,0.5269534
0.5222226,1.6706263,1.4721296,0.96095264,1.0795268,0.43510535,0.8729678,0.80166686,0.3666513,0.57029533,0.10061896,-0.23876214,-0.77763987,0.19316562,0.98782593,0.67562723,0.5787358,0.6610009,0.21084473,-0.014461272,0.7206748,0.48414296,0.090237185,0.29174104,0.082158834,0.9866248,0.39218727,0.9878698,1.691921,0.4044339,0.33800355,0.2906871,0.6893636,1.1518472,0.07768751,0.85657954,0.91625285,-0.14621373,0.29613534,-0.24835706,0.3991989,-0.32103726,-0.40167156,0.045396455,-0.37077445,0.6536027,-0.75118744,0.8479993,0.26739094,-0.19808254,0.5909885,0.56808084,0.35383978,0.5914947,1.1454194,2.00086,-0.10645172,0.65053046,0.06138324,-0.07247836,1.403176,0.3065991,0.192748,-0.28799114,-0.282556,0.8390911,-0.6950483,-0.11002988,0.5853479,0.5742421,-0.21583173,0.86146206,-0.18318954,-0.51252687,-0.46578482,0.83238786,1.7001233,-0.20503989,1.10352,1.2641824,0.46272886,-0.09848829,0.37020138,0.51246566,0.7293083,0.2086237,0.7101416,0.43430278,0.79741067,-0.318505,1.1831106,0.5701792,0.11280036,0.39436904,0.6142727,0.8842726,0.9060289,0.91020143,0.18389392,0.15387544
0.008199186,0.1716899,-0.21888544,0.742761,0.80333084,0.1129471,0.7420949,0.8541993,0.74717623,-0.42547736,0.44440314,-0.21305898,0.31808043,0.5132842,1.0997264,0.28995568,1.3523898,0.82873017,1.016377,1.0103155,1.0817119,0.23012556,0.56627494,0.12889548,-0.063361615,0.366286,-0.5085226,-0.049542986,0.114529796,0.0072244965,0.6524652,0.52595425,0.012455041,1.1560159,0.7037026,0.50721455,0.35071135,0.019155383,0.33532867,0.440245,1.5192431,0.7939937,0.43727636,0.7880052,0.2911939,1.0839092,0.52593404,0.09821815,1.1977495,0.65072,0.26876444,-1.1995908,0.87638825,1.6047949,0.056463066,0.73088217,-0.3858265,-0.8841851,-0.4338954,-1.141621,-0.52705485,0.05239231,1.1128961,0.6796761,-0.38600022,0.381764,1.5366277,0.020849213,0.33204374,0.62363386,1.1626961,0.048129573,-0.28097075,-0.1344458,-0.88995415,-0.5633102,-0.06009761,-0.06965297,1.3803501,0.3648761,0.9396355,1.031075,0.71706265,0.93771195,0.48660094,1.1051145,0.3607268,0.6504601,0.7191918,-0.12664312,0.59860665,0.76529056,-0.14941354,1.181607,0.5087268,1.2141718,0.05842257,0.97313064,0.916392,0.5389117
0.15627666,0.17876038,-0.033385646,0.4468392,0.55534846,0.23592663,0.28280646,0.35089236,0.43229234,0.10828791,-0.40549275,-0.23167102,-0.05749949,0.047021963,-0.16349193,0.46111822,0.049010176,0.36855912,0.056400783,0.13943046,0.12585795,-0.31371695,0.068962015,-0.21464205,-0.78588766,0.28770578,-0.11570801,-0.43789202,-0.7394204,-0.61569166,0.96779543,-0.4925896,0.57063854,0.4868438,0.010711205,0.021010013,0.39913663,-0.7132901,-0.030428344,0.19110973,0.58686614,-0.8589994,0.0013330454,0.48826885,-0.27206466,0.44562224,0.20139723,0.28255647,0.39407673,0.27773565,-0.3959037,-0.82864416,-0.33366394,-0.5021075,-0.23088302,-0.19051337,-0.8865259,-0.67959106,-1.019977,-1.3197826,0.22699611,0.33787093,0.046868388,-0.70908815,-1.9620513,-0.2966399,-0.50450695,-0.7797354,-0.44608244,-0.90808505,-0.44559088,-0.25997624,-0.3871287,-0.58589774,-0.42205092,-0.25337976,-0.69513404,-0.5403575,0.9202772,0.902967,-0.86903316,-0.27311587,-0.35209268,-0.13770802,-0.6694886,-0.38642454,-0.42487788,-0.5945714,0.030187389,-1.1559474,-1.398284,-0.75949305,-0.86498106,0.020206692,-0.86782354,0.2720057,-0.5194808,-0.22072159,0.1297132,-0.0031526284
0.033607826,0.75919515,0.6158191,0.6403088,0.42138112,0.5055155,0.11926451,0.29894033,0.33651862,0.26666677,-0.5163012,-0.06811647,-0.6240651,-0.1826596,0.33526465,0.07907653,0.049660403,0.29596603,-0.0803648,1.1726555,-0.14679883,-0.10190358,0.39417133,0.28506425,-0.44046885,0.76532686,0.67399997,0.8455868,0.57393783,0.92420477,0.38685542,-0.3163412,0.3966582,0.47009975,-0.11283533,0.9613899,0.31675008,-0.81217843,-0.37439322,-0.5291299,-0.0058488813,0.655354,-0.3118737,0.40491122,0.08572185,-0.09177561,-0.5871821,0.07330614,0.18152168,0.1493627,1.340567,0.31367895,-1.001322,0.056668554,0.07772154,-0.15354215,-1.2323977,-0.08689973,-0.44489542,-0.68461525,-0.23662782,-0.63749456,-0.7433194,-0.08879072,-0.0945495,-0.39394987,-1.4254564,-0.473865,-0.7936299,-0.24574257,0.3874742,-0.03858816,0.08133632,-1.0812557,-0.012238218,0.7357182,1.327694,0.6367769,0.28687426,0.46670142,-0.23791404,-1.1878997,-0.67974985,-0.45953062,0.5036383,-0.5683714,0.55907816,0.4416904,0.6895947,-0.84146357,-0.15347703,1.3098927,-0.6880796,0.025453921,-0.46597376,-0.45517677,0.16524617,-0.44272393,-0.08618175,-0.13567613
-1.0220262,0.9437644,0.6181424,0.7541587,0.84166545,0.40652475,0.32053486,0.85819024,0.483637,0.29539457,0.11936653,0.66834277,0.31983098,0.53437626,0.5971319,0.6397717,0.7011286,0.6704439,0.20382537,0.7798868,0.34040546,0.5775695,0.00534917,0.56681436,0.6245354,1.5372736,1.2736831,1.3952318,0.028059216,0.670459,1.1243026,0.6934523,1.1850752,0.43628034,1.1086048,-0.39717984,-0.54542285,0.14087933,-0.057157073,-0.6151788,0.29311222,0.64998275,0.4724701,0.53101355,0.89176387,0.9163663,-0.5267359,0.41644546,-0.42401892,-0.3513105,1.2220473,1.0101694,0.025648365,0.41205683,0.7523976,0.43932807,0.5415202,2.0738,0.36581975,0.6841768,1.3169996,-0.08078686,1.2803655,0.08677322,0.5263953,0.19380216,-0.9006595,0.062409386,0.24200808,0.3559045,0.7764862,1.2195114,-0.3883981,-0.71428585,0.9179316,1.9654315,1.0725179,1.4782712,0.13679801,-0.22867635,0.39627746,-0.47696933,0.87007546,0.6382304,0.9831115,-0.034655735,0.046862546,1.3149855,-0.16881134,-0.48607686,-0.4079813,1.3966906,0.0017886604,0.13496181,0.87280434,0.6731281,1.0470923,1.0139546,-0.84004766,-0.5793058
-0.55386716,0.90912205,0.88452035,0.9255019,0.78688115,0.6356538,0.5719281,0.93769777,1.0329332,0.5571061,-0.39066318,0.281104,0.18217097,0.42511407,1.0278896,0.9635661,0.9738569,0.75173753,0.89948577,0.7091477,0.924899,0.5930895,0.772663,0.8783363,1.2481196,0.7134051,0.63485765,0.88186884,1.0413591,0.058931857,-0.026368365,0.8850001,0.0062546744,0.4290539,0.701316,-0.25955415,-0.34541652,0.5022269,0.3533882,0.2865672,0.2538091,0.6422103,1.0115137,0.01843479,0.72368747,0.6460919,0.09104662,0.53364813,0.14692993,-0.8431353,-0.1377117,0.28573754,0.4181594,0.39213955,0.8865062,0.011357798,0.63564026,0.975955,-0.27492085,-0.1905775,0.4899335,-0.5414227,-0.21370494,0.45108202,1.2525439,1.1066707,-0.23576279,1.2975713,0.6925541,0.57701254,0.521841,1.0824019,1.5753018,-0.26244515,0.7459614,1.5386978,1.2149391,1.0170859,0.03106447,0.15216395,0.34768942,-0.36614087,0.96355766,0.23205867,0.68727565,0.31062272,-1.4512541,0.61509496,0.22778805,-0.48570126,0.0005640999,0.19930111,-0.7371416,0.27525514,0.96263826,1.0213511,0.81468904,0.51286566,-1.0202862,-1.2087258
0.5146153,1.4507414,1.0229032,1.1326299,1.2277282,0.7777918,0.67102545,1.0624216,1.5950726,1.1550729,-0.0025331788,0.88879734,0.5225989,1.1198424,1.3947351,0.8765166,0.76936567,1.0137992,0.5718339,0.9859424,1.2407664,0.46004304,1.2210971,1.2918504,1.043418,-0.024907291,1.4146857,0.69327706,1.2798865,0.5113825,0.6479953,0.42686096,-0.4445923,0.4244656,-0.2846786,-0.05812161,0.12743184,0.024970975,0.89812416,-0.010748275,0.14273193,0.47034413,-0.74034697,0.36429638,-0.14624284,0.70596755,-0.49074066,0.72403187,-0.15478852,-0.5509212,0.7763928,0.76410955,0.32962698,-0.12561752,0.7565754,0.40135196,0.52800727,1.1699717,0.6314819,0.16042279,1.0101286,0.1630318,0.5334727,1.0307177,1.3710673,1.9887345,-0.11785299,0.9408542,1.5598232,0.8362636,2.5586715,1.4229715,1.1770096,0.018938886,0.8139304,1.3572971,1.6961797,2.4730723,1.124685,0.43651074,1.0191543,-0.32077107,0.81402904,0.10479108,0.9022417,0.053364772,0.6094944,0.9979545,0.14746176,-0.5921326,0.11050403,1.258054,0.59499294,0.06250296,-0.42074963,0.28002426,0.41320965,0.5435439,0.06904844,-0.66510874
-0.06759704,0.6060847,1.087502,0.66153616,-0.19300467,0.74612445,0.3150052,0.61648285,1.0795015,0.3612843,1.1383998,1.9038688,1.6542324,1.1044033,0.5620734,0.59370685,0.54212946,0.3999072,0.5620815,0.50168055,0.23470078,0.35155332,0.30938935,1.2434586,1.3540553,1.5518947,0.95192736,0.8607834,1.2092746,1.777305,0.13451211,0.17772071,-0.74208707,-0.28713948,-0.027576879,-0.45098463,-0.22444841,-0.38855615,0.13940015,-0.4450608,-0.075334325,-0.29964346,0.09916717,0.050863594,-0.091951914,-0.4238343,-1.5979422,0.57630813,-0.48469266,-0.75102305,-0.47382185,0.9458673,0.4581288,-0.7321129,0.68994397,1.3987526,1.1116887,1.0466645,0.77838635,1.973344,1.8625125,1.2600425,0.6853919,0.61991024,-0.520171,1.0660447,0.038277082,0.91442907,0.33729428,-0.037214864,0.7203435,0.5997137,0.8969706,-0.44214368,1.1091506,0.7987363,2.0615327,0.9727101,1.3782989,0.8086952,0.7490725,-1.2942972,0.26287213,-0.31004325,1.0187428,-0.87558794,-0.510393,0.8453697,0.29408786,-0.9153085,-0.54750097,0.9225599,0.08404189,-0.32822305,-0.3309936,0.36864978,0.19586547,-0.5182025,-1.0811124,-1.3338073
0.0073891263,0.43305674,0.17097561,0.62411875,0.29286277,0.6772795,0.21773738,0.28323284,0.53619796,0.95106614,0.34819293,0.76899797,0.48197293,-0.23183826,-0.06690264,0.6999897,0.7244031,0.22174086,0.421104,0.42874405,-0.04927888,0.11038563,0.18213123,1.0177929,1.5726562,1.1524737,1.2841899,0.69538075,0.19601364,0.66247696,0.083726935,0.29747543,0.40362617,-0.04443301,-0.28069228,0.29315317,-0.11823439,0.20631765,0.8367403,0.2135293,-0.33501163,0.23334824,-0.95321286,-0.17349058,0.09917831,-0.59772915,-0.70787346,-0.8060681,-0.64241064,-0.282423,0.07719619,-0.1516485,-0.9025921,-0.26928917,0.7046303,-0.13400035,-0.20327513,-0.47171116,0.6756918,0.40287343,-0.67918885,-0.058039423,0.07609997,0.27119672,-0.1662783,0.44029042,-0.7543768,0.11843422,0.4470155,-0.4469444,0.87711596,0.34421992,0.47257265,-0.06348954,1.5149919,1.7597761,0.42356503,0.91065174,0.0597151,-0.021718713,0.797457,-1.6079369,-0.17139336,-0.045446046,1.0972952,-0.95035285,0.6961976,0.77322924,-0.40889975,-1.0702491,-0.6878639,1.5565801,-0.32786366,0.47887814,-0.7936522,-0.39783987,0.29020146,-0.7212932,-0.45037672,-0.99031
0.17781901,0.7387992,0.8574013,0.7351407,0.6153794,0.7339612,0.9157597,0.9195011,0.5916548,0.86974716,-0.028493702,0.3309477,0.51331836,0.40831107,0.7017109,0.5512994,0.3322564,0.49602953,-0.22146751,0.56021786,0.79372317,-0.053432204,0.17471819,0.6171399,0.34570765,-0.19340481,0.4602387,0.68358225,0.95125854,0.49076784,0.9801654,0.54557824,0.79151475,0.5011978,0.10957177,0.8545581,0.7484103,0.105546646,0.49084926,0.7781767,0.785572,1.5047834,0.020822085,0.8230992,0.36913663,0.93796885,0.6620388,0.41152832,0.8938017,0.59515226,1.623345,0.8385797,0.17719182,-0.4158595,0.5878079,0.2147297,-0.06000703,0.78069836,0.5384071,-0.5185441,0.27655882,-0.2824241,0.23137349,0.108936034,0.36343333,0.002237785,-0.187082,0.45916998,0.40247557,-0.030461404,1.3537483,0.2337839,0.18265101,0.5071782,-0.20155871,0.17400478,0.37915218,1.0415156,0.6726795,0.6155842,-0.31362158,0.078962445,0.5140918,-0.041651208,0.57873654,0.001583157,1.5102007,0.6074666,0.42020285,-0.3517868,-0.11161208,0.7624231,0.5847486,1.2897887,0.792184,0.2826255,0.20588712,0.5268097,0.49683943,0.5912139
0.53693765,0.11743337,0.30154017,0.5397664,0.63339454,0.48583108,0.63102686,0.21531454,0.42344964,-0.7236519,0.9053752,0.6171091,0.7578686,0.5778871,0.4499577,0.16584764,0.4633632,0.3299477,0.5606283,0.09286247,1.023312,-0.09250896,0.90438443,-0.51966864,-1.3306013,-1.0850859,-0.8066219,0.04455616,0.6005247,0.40675342,0.982095,0.47775093,0.22671211,0.09624425,0.29046726,0.21850829,0.24832107,0.70953315,0.24692413,1.1477381,1.1333097,0.801009,0.4980061,1.9320948,0.47330526,1.0961407,0.77979153,-0.29400423,1.0195765,1.4840673,1.2643225,-0.08739954,-0.4484901,-0.12977389,-0.06914422,-1.0833827,-0.42641088,0.023201296,-0.3214466,0.28603148,-0.29863995,0.44587052,0.85594267,-0.6756162,0.20391874,-0.41364124,0.3311613,1.1125603,-0.6914767,0.21784289,-0.16494882,-0.8983163,0.06676373,-0.19530949,-1.4488202,-0.94913405,-0.41574252,-0.7840394,0.39149153,1.7105466,-1.6957427,0.8778844,0.4110246,-0.17590648,-0.8775371,0.52115774,1.0177656,-0.23308855,0.8260136,0.71382177,1.2105683,0.36699113,-0.19382878,0.6724472,0.6522699,1.3755585,0.26971605,-0.39468497,0.81011117,1.6666881
0.52246916,0.22985676,0.28401697,0.6645937,0.27534324,-0.25737485,0.06692651,0.0017130356,-0.4651353,0.17044474,-0.29600537,-0.16543639,0.18711875,0.00840121,-0.052913528,-0.05463433,-0.09914963,-0.4199402,-0.58942056,-0.4289254,0.16745068,-0.7943574,-0.41752398,-1.1871272,-1.284562,-1.4655778,-1.0313822,-0.9027061,-0.5563097,-1.2095757,0.14781633,-0.3890842,-0.20272838,-0.6166474,-0.7805613,-0.26223242,0.68117774,0.82674956,-0.6347056,0.06824651,0.09830006,-0.5529551,-0.5525196,0.39127043,0.16856818,-0.10948243,-0.22695304,0.021422641,0.057140782,0.89005184,0.43474436,0.34424308,-0.4480558,0.86790997,-0.2859684,-1.013264,-1.1542943,-1.2370833,-0.8423664,-0.46705672,-0.328064,-0.28629488,0.564431,-0.16029648,-0.07065052,-0.3593495,-1.4276865,-0.4483984,-1.5280424,-1.1338431,-0.42936444,-1.4785333,-0.4180933,-1.5439446,-1.5663548,-1.49944,-1.5082046,-1.0452597,0.22810516,0.9390836,-2.1045537,-0.47678065,-0.33297643,-1.080588,-0.5204136,-0.5526891,1.399632,-0.91481674,-0.56510097,-0.23069578,-0.06879217,-0.9341967,-1.1068202,0.05681495,-0.32144943,-0.10825041,0.2767011,0.15607831,0.03719836,1.0253059
0.473217,-0.43979067,0.7284567,-0.0023185418,-0.13009512,-0.21061017,-0.09261175,0.10417427,0.88626176,-0.3280862,-0.64523965,-0.24231763,0.3100643,0.39308056,0.6040537,-0.6121793,-0.07922469,-0.00024103241,0.4082385,-0.3150679,0.3789503,-0.34539366,-0.261037,-0.9319402,-0.50081736,-1.0654557,-0.79297537,-0.26125237,0.011424455,-0.43877482,0.6544971,0.4723573,-0.69210917,0.091244645,-0.7463231,-0.16412158,-0.32966518,0.053721786,-0.64628804,-0.17895226,-0.05775699,-0.7494932,-0.043650452,0.30511492,-0.008540683,0.4458149,-0.5802953,-0.7381583,-0.24028064,0.1324426,0.085686706,0.50567555,-0.6393249,-0.79103595,-0.50140387,-0.9554963,0.2369458,1.1762923,-0.22767936,-0.2893295,0.31914496,0.78437,-0.26368678,-0.38511044,0.64798266,0.8049446,-0.8019298,0.5952461,-0.27855903,-0.19532824,0.44911098,-0.118193105,0.88906324,-0.005591205,-0.80041224,-0.80817026,-0.59158033,0.027684748,-0.00963161,0.398102,-0.9391918,-0.5220653,0.8932816,-0.16547336,0.04562653,-0.037452385,-0.52112883,-0.41442826,0.10171696,0.41954538,0.46388954,0.6470452,-0.6668496,-0.3205426,0.7457535,0.33400816,0.8963541,0.20360786,-1.285036,0.32393816
-1.2804542,-0.30722618,0.3777541,0.4436931,-0.07810566,0.76693887,-0.08534733,0.24522987,0.6550513,0.9882604,0.99782896,0.39195997,0.30722597,0.13308851,0.7992275,0.36834496,0.17420101,0.4983623,-0.0017553802,-0.17158344,-0.09474822,-0.49146622,-0.5940516,0.55671966,1.2862208,0.90423334,-0.4019229,0.014066165,0.06758724,0.6512845,0.10377264,-0.032014325,-0.5044181,-0.017333327,-0.14811769,-0.47974446,-0.6178267,-0.27170044,0.109203674,-0.3050829,-0.18821618,-0.29390532,-0.3163883,-0.04676405,-0.09910752,0.045251243,-0.61248535,-0.5050667,-0.16151497,-0.90211374,1.1316743,0.05545834,-0.7935319,-1.568128,0.30062574,0.5115177,-0.64921546,0.67588407,1.2629176,0.69002265,0.18014412,0.5717951,0.60418254,0.5195513,0.5873956,0.6980771,-0.75600535,-0.6710003,-0.6999827,-0.1700386,0.14273998,-0.09662679,-0.3922229,-0.64489377,-0.6954709,0.8306038,0.9987122,0.4729148,0.19571999,0.5657983,-0.19146681,-1.0640787,0.23253846,-0.24539614,-0.05686619,-0.7872506,-1.3922647,0.26694623,-0.21272862,-0.72472686,-0.90081286,0.53286153,-0.5289946,-0.23041318,0.34927997,-0.19768324,0.18804203,-0.46597406,-0.365631,-0.8931668
0.4481583,0.18520242,-0.25090358,0.39043528,0.78001225,0.75268,0.26998055,0.36132875,1.1701152,0.62597233,-0.086756766,-0.095553786,0.41567808,0.2735571,0.89337385,0.6579047,0.9277541,0.5148368,0.27731436,0.3312482,0.26504633,0.6441975,0.059336763,0.9624261,0.4922235,0.54983515,0.35097644,0.10850628,0.16598684,0.22168374,0.7874319,0.81969714,-0.7212521,0.86609846,0.21040931,0.3702384,-0.18513517,-0.26146588,0.17860879,-0.1845732,0.47390923,0.018872177,-0.07696867,0.8101717,-0.08476629,0.23761044,-0.07068138,0.42834896,0.71076524,0.23795839,0.62484676,-1.0483516,-0.38107595,0.0007510416,0.37060398,-0.26047197,-0.532359,1.4787183,-0.3897933,0.6209953,-0.24778426,0.39198145,0.8833398,1.6274529,0.98111093,1.2429831,0.061120164,0.6830259,0.12229018,-0.16407618,0.11793398,0.26412976,0.8143002,-0.68523145,0.17785214,0.69159204,0.28841275,-1.3953184,1.3929262,0.21705727,-0.17661478,-0.48948243,-0.3578626,0.18923149,0.4657505,-0.38004208,-0.20286228,0.42747802,-0.182104,-0.7442054,-0.14624676,1.0365344,-1.1639112,0.58764267,-0.4136147,0.6759571,0.33592457,0.13858798,0.0010005237,-0.10537833
0.20842202,1.2204908,0.3280207,0.899944,0.9551952,0.6436957,0.9354412,1.0514088,0.9852965,1.0853107,0.88971454,0.43232593,0.9933433,0.90920025,1.205809,1.2618877,1.2052876,1.0332904,0.78271663,0.82849014,0.51228696,1.3311191,1.0554236,1.7687291,1.1677897,1.0159923,0.6700637,1.0009245,1.1454465,1.2610602,0.760662,1.1054988,1.1537634,1.2501675,1.318221,0.50864,0.28909948,1.1017627,0.816185,0.9796872,1.0999267,0.8298211,0.6515357,0.7541961,0.41127926,0.8929551,0.5156897,0.80035096,0.7167138,0.65703785,0.6821929,0.8384292,0.34439582,0.16205685,0.8090141,-0.5651312,0.2569899,0.048277076,1.411839,0.6543867,0.95129895,0.8172984,0.85514754,0.85926944,0.5386098,0.61669165,0.4716097,0.95000845,0.6033799,0.40188307,-0.46988982,1.2126105,0.7337641,-0.075447716,0.6617666,0.60864353,0.5417016,1.2974013,2.2132518,0.6933559,0.54203403,-0.26069665,0.8941551,1.5474712,0.4343303,1.0323241,0.69486123,0.9763499,0.49780002,-0.21925908,-0.21861447,1.3123512,0.0889963,1.3807203,0.9871767,1.2679951,1.6955376,0.7411003,0.19993941,0.4135604
-0.5608153,0.0005757681,0.35298637,0.1627098,0.5336407,0.13475356,0.032067295,0.30711964,-0.23126566,0.7243116,0.9850616,0.8322128,-0.015572292,-0.06275658,0.46462557,0.1982188,1.0001745,0.587559,0.6920696,-0.40968448,0.08751112,1.1128386,1.0107876,1.1720198,1.1990796,1.0003113,0.71466076,0.7296028,0.451956,-0.39678764,0.2141551,0.4443364,-0.037141617,0.56747025,1.2018229,-0.11088063,0.26816934,-0.928664,0.6915982,-0.44068035,-0.07406652,-0.13340497,0.693512,-0.043920886,0.63409925,0.18702875,0.750445,0.24728744,-0.06690919,0.0040528625,0.05118482,-0.9182778,0.628489,0.35396087,0.22573991,-0.33415782,0.7622637,-0.55086404,1.1246086,0.14205562,0.26912084,-0.6115387,-0.15046376,-0.55335593,0.120076455,0.54201674,0.89695656,0.35976762,1.5285511,0.94413006,0.24574204,1.4301628,-0.23777786,0.5544779,0.9432994,1.4137719,0.7009408,-0.028365584,1.1099291,0.53575164,1.4106917,0.56850904,1.2637216,1.4832245,0.32277977,0.46846956,0.56970483,0.23365913,0.12173063,0.65920424,1.2093956,1.137267,0.34515107,0.50101775,1.3179443,0.9846256,1.3205407,0.58513314,-0.20791972,0.45033896
-0.9291637,0.30589738,-0.51599956,0.25217018,-0.25183973,-0.27231073,-0.111710235,0.02789332,-0.3272153,0.07740668,-0.7395146,-0.3253779,-0.4734995,-0.4973333,-0.45402923,0.14781445,0.23222733,0.30317277,0.089620136,-0.2981457,-0.047659803,0.4628596,-0.081771314,0.72594535,0.060897477,-0.4133523,0.25985682,-0.16716571,-0.11253015,-0.6907678,0.8008421,-0.006312807,0.7704556,0.5348086,-0.30177158,0.69584984,-0.1303007,-1.2424089,-0.06760705,-0.17496836,-0.17015496,-0.6176613,-0.961406,-0.51836246,-0.5587756,-0.55409104,0.52689546,-0.8581107,0.26264948,0.045444213,-0.22844833,-0.16396037,0.8320688,-0.5714584,-0.1312191,-1.2381843,0.49556983,0.03418943,-0.19871214,-1.2987595,-0.44819227,-1.2757237,-0.2059074,-0.5014869,-0.50994384,-0.17749423,-0.32417923,-0.6665266,0.85288715,1.0103953,-0.6374087,0.7920622,-0.17523934,-0.20122723,0.020434527,-0.5698709,0.1551631,-0.0519168,0.72757214,-0.041417036,0.64957947,0.039172176,0.32421145,0.23672506,0.3046571,0.6246283,0.36044824,-0.3006321,0.34587556,-1.1418456,-0.02590263,0.1197381,-0.77170634,-0.36597604,-0.87883216,-1.0437907,-0.6174303,0.060134716,0.02544664,-0.51795095
0.24012616,-0.34646156,-0.7522048,0.018204954,0.31397232,0.5120691,0.1766663,0.23008995,0.400064,1.0605572,1.1755677,-0.4360109,0.58683074,0.15186648,0.49803844,-0.056051362,-0.2422384,0.5219307,0.20611428,0.44113538,0.31906945,0.604277,0.35188073,0.305175,0.2263733,0.43771103,0.022363042,1.0862341,0.24179256,0.75826263,0.8584316,0.80622375,-0.2570874,0.6649851,0.35065332,-0.1435707,-0.35349125,-0.073961414,0.21145304,0.11698851,0.6375211,-0.57132596,0.4002032,0.6091128,-0.3554819,0.6386171,0.37804562,0.52822214,0.61663264,0.9698478,0.61788684,-1.2982695,0.2647867,-0.63651,0.13280194,-0.5081379,0.43232235,0.5514174,0.92388445,-0.054795183,-0.13495424,-0.070989594,0.96706456,0.08634614,0.74226534,-0.3443432,0.49632964,-0.25693995,-0.39462113,-0.42186862,0.06444809,0.21793753,0.28284785,0.47899142,0.023962408,0.29044396,-0.11470972,0.816364,0.6471163,0.9146013,-0.53030634,-0.2312644,0.022838755,0.5770932,0.0059443945,0.0973023,0.05095774,-0.61481994,-0.28764638,-0.8153359,0.19294648,0.81313246,0.09368946,1.6206322,1.1949215,-0.070972905,-0.44731358,-0.4039282,0.46310273,0.47906864
0.13673265,0.51026326,0.52171916,0.6058706,0.5896444,0.10324664,0.70756686,0.77870977,0.6399761,1.3723537,0.6723715,0.70253825,1.6628568,1.0451252,0.8449891,0.55661,0.6272291,0.8791672,0.9619493,0.31723666,0.86316204,1.1906376,0.69835913,0.3950016,1.5397263,1.1059754,1.2894186,1.2851365,0.66115135,0.9320655,0.99948865,0.44694158,0.62071395,0.80494577,1.5332004,-0.32477003,-0.48392692,0.38734952,0.84673744,-0.16086829,0.69591135,0.22475202,0.64741,1.1256063,0.88096267,1.3669304,0.6504257,0.96032685,-0.03064159,0.16137889,0.011467877,0.045585316,0.6185387,0.5026931,0.16626056,0.51510245,-0.3112824,0.02377437,1.1053638,1.400536,0.90942174,0.97259647,1.3529673,1.0654346,-0.03505549,1.0035347,0.2569861,0.0076079536,-0.36049336,0.032894254,0.20757757,0.862952,0.11041837,-0.8935481,-0.15149972,0.9470347,-0.139317,1.8204664,0.9960791,1.4043348,-0.51327854,0.13282908,0.881216,0.96634084,-0.18102424,-0.10137041,-0.38554057,1.3388288,-0.41169932,-0.41176724,-0.36252946,0.16004899,1.2469586,0.52655125,1.1457939,1.4269526,1.0739877,0.7260477,-0.39832544,0.22941558
-0.06208619,0.6576235,-0.04188259,0.70628726,0.6083778,0.40575472,0.21824719,0.11292359,0.37085867,0.46765348,0.29799423,0.08206955,0.6607468,0.9412445,0.30827707,1.0773207,0.5961504,0.5812299,0.40153816,-0.13727838,0.4643944,1.0437497,0.620402,0.1864264,0.23566508,0.14656742,0.15006286,0.10500279,0.46415544,0.34677204,0.4043123,1.5181066,1.3236114,0.84124815,1.1288159,-0.77208275,-0.944885,-0.3696367,1.0871949,0.114147894,0.27475363,0.9321717,1.0572524,0.24065365,0.19072013,0.5411162,1.4868813,0.865258,0.19668324,-0.5070516,-0.91045576,-1.7587705,-0.2292588,0.75747806,0.16795948,-0.3642602,-0.16851977,0.0028723178,0.28631678,-0.5959164,-0.8573887,0.16985224,0.94669706,-0.08192003,0.0013033121,-0.009683384,-0.62990075,-0.14584514,-0.6531321,-0.15186644,-0.4448126,0.064827494,0.88867944,-1.130976,-0.948112,-0.36409184,-0.18229647,0.8278834,0.86434305,-0.053174295,-0.32421255,-0.25724152,0.33273426,0.32212117,-0.037214186,0.14979014,-1.3859458,-0.0030728418,-0.8681835,-1.1322538,-0.12474803,0.9443245,-0.6090836,-0.045196537,-0.1885457,-0.0029389544,0.0640626,1.223925,-0.04292639,-1.0958204
-0.025980137,1.1051376,0.87460035,0.79730487,0.6906093,0.7320409,0.32652688,0.5357251,0.5991495,1.155834,0.9616085,1.2927847,1.3098388,0.7212372,0.7924871,0.73802686,0.9819402,0.58311117,0.72943246,0.18295258,0.6634106,1.018849,0.71490985,1.2268004,1.6715685,1.8268261,1.2998115,1.2377456,0.95679295,1.6598182,0.34188697,1.2479075,0.37899306,0.18372719,0.08008554,-0.20807703,-0.6002176,1.6176119,1.1287941,-0.5570653,-0.20323701,0.64522433,0.10412485,0.4448577,0.09742771,0.93794644,-0.43077824,0.06917178,-0.2324117,-0.583136,1.5328443,2.045663,0.84989405,0.88284147,0.98941797,1.9087467,0.51558673,1.5269032,0.9669306,0.8081932,1.5406648,1.088211,0.5824164,1.3153534,1.488133,0.49782464,0.25716904,0.32695174,0.95564103,0.6020391,0.41951472,1.5203236,0.7089468,0.20675887,1.4247859,1.5571996,0.80079955,1.7390538,0.42960334,0.49945432,0.97057813,-0.29581243,0.6395168,0.8361515,1.1028922,0.07556902,-0.31224146,0.7453307,0.05792805,-0.38360235,0.2387137,1.20742,1.7078913,0.9039859,0.8215875,0.4101038,1.096393,-0.38205552,-0.71610695,-0.8380843
-0.32208386,0.5487224,0.81649786,0.32222736,-0.29935354,-0.026324695,-0.018533835,0.24472865,-0.07261225,0.08970262,0.81476575,0.48592955,0.9893124,-0.2580237,-0.32041246,0.48171607,0.571503,0.23438282,0.36020958,-0.05048357,-0.33767805,0.04824057,-0.16876973,0.20472556,0.8602058,0.7120092,1.078719,0.06627579,0.18447548,1.0887544,0.5570453,0.7013962,-0.88252676,0.28499934,0.12452982,0.054045416,-0.6256936,-0.17138977,0.07557266,-0.25277287,-0.22799526,-0.48696837,0.07031692,0.09579261,1.2386972,-0.5132586,-0.3763705,-0.6444009,-0.81777215,-0.09286292,1.6637982,3.5265749,2.2247639,0.5245209,0.431811,0.7552705,0.85404944,0.66960424,0.37208274,1.4316639,0.92105997,-0.06262574,-0.49563682,0.58222055,-0.55692226,-0.08728992,0.00034984466,-0.027591078,0.99590015,0.44894332,-0.40193743,0.5739204,0.27316278,-0.013673283,0.8857016,0.49745187,0.577087,0.1331359,0.83622634,1.2217275,0.8905946,0.7963679,0.98386484,0.3696132,1.014453,0.51403123,-0.3814524,0.20206715,0.72863466,0.3746383,1.6982775,0.17449188,0.5836762,0.095526695,0.84135437,0.8411262,0.864313,-0.21790697,-0.7751413,0.33449385
-0.63536155,0.90319955,0.18006533,0.55824035,0.19859971,0.4302718,0.2914785,0.4446097,0.33578998,0.3966343,0.6448127,0.31154555,-0.37697664,-0.079338826,0.07880042,-0.05650557,0.070250146,0.16154034,0.2332597,0.42832273,-0.12201467,0.45267686,-0.26216656,0.8429262,0.4815875,0.71866935,0.2305128,0.99736387,0.26538453,0.93712205,0.37854293,0.36414766,-0.2465833,0.16185212,0.1441195,0.6810995,0.7603973,0.62096196,0.21985245,0.05570843,0.020188365,0.7233015,-0.371756,0.9353806,0.27125013,-0.12184843,0.057064686,-0.07896468,0.17824316,0.16764486,0.8377974,1.052686,-0.0503781,1.7687856,0.08490223,0.08546485,0.9692039,0.80548376,0.6961298,1.0610287,0.73914486,-0.21483678,0.8556087,0.5119481,-0.34778142,-0.022461323,-0.7345724,0.96140534,1.2587267,1.1983509,1.3060195,0.6810228,1.4045247,0.012590495,1.957393,1.0528708,0.78568095,0.9520637,0.5798319,0.6149079,0.71091574,-0.18260644,0.994062,0.4214919,0.8390043,0.5865451,0.578808,0.18960595,0.20699485,0.1292326,0.37157547,0.6934713,-0.6096321,1.1089618,0.3024189,-0.30509058,-0.028282221,0.8481762,-0.28504947,-0.3070307
0.13003263,0.696355,1.0289321,0.50283015,0.42776167,0.124718,0.3668165,0.7452606,0.3503444,0.17307235,-0.22012448,-0.18313023,-0.41970414,0.02498572,-0.12695284,0.40939444,0.5743148,0.65667164,0.555202,0.9710529,0.32292286,-0.06297059,0.20255585,0.4468307,0.42931402,0.65961343,2.2294188,1.2279112,0.14540277,0.76971143,1.1356932,1.1487743,0.8760586,0.94360167,0.52643615,1.1452012,1.6511188,-0.5875419,0.079936735,-0.20871687,0.17074454,-0.25420457,-0.40652257,0.13546889,0.8654249,0.20129135,-0.35223848,1.2649863,0.25984034,0.45981768,-0.055922177,0.64501125,0.5650948,0.4351187,0.7863233,-0.43854544,0.5697963,1.1080686,-0.2378934,-0.061357025,-0.18590374,-0.6558828,-0.05148677,-1.0481005,-0.36426583,-0.90018404,-0.12398042,-0.58871984,0.79772556,1.1436982,0.87029964,0.65849453,-0.17825846,-0.30802432,0.6366082,1.0517676,0.67581105,0.87848324,1.4524407,0.4625203,0.9078195,-0.3269059,1.3853453,0.48601973,2.3940086,0.9001016,1.8743949,1.5866339,1.3142688,-0.31465828,0.14681652,1.016623,0.12683822,0.6191191,-0.20795351,0.94717807,0.9618345,1.1335604,-0.29159576,-0.037105516
-0.8211426,0.7921123,0.32595488,0.46232817,0.08817831,-0.14771257,0.27837038,0.5713126,0.1659861,0.36937734,0.3583773,-0.25454557,-0.6961432,-0.21083543,0.042539828,0.36932734,-0.14398868,0.7892965,0.353172,0.53519607,0.11869995,-0.18609807,-0.0142833395,0.10518348,-0.38661733,0.050703637,1.2554507,0.7974193,0.3825427,0.46093115,0.9153105,0.78556985,1.2659878,0.5084212,0.7833388,0.7310066,0.0159373,-1.5757879,0.3114295,0.024087157,0.3519693,-0.23695004,0.8838543,0.76763445,1.719753,0.7044816,0.06535176,1.066248,-0.26991436,-0.43195128,-0.31776714,-0.34440276,0.04858036,0.33022794,0.0119424,-0.07714,-0.30677122,-1.1949921,-0.8395733,-0.6243007,-0.5065098,-1.4831101,-0.2408236,-0.16675988,-0.5010274,0.46223456,-0.8787742,-1.0845231,-0.25996867,0.6673295,-0.24438338,-0.42482606,-0.4074375,-1.2043997,-0.7329185,-0.12698491,1.1222664,0.7414475,1.4366739,0.26415852,-0.17655212,-0.85760295,0.79291576,-0.02277602,0.95247006,-0.34203672,0.009096108,0.8022174,0.30057392,-0.86537296,-0.024964442,-0.1341735,-0.5204951,0.09304766,-0.7178654,0.37032095,-0.3722588,-0.38396153,-0.7532907,-0.8419282
1.1094322,0.13080198,0.06943744,0.09535664,0.012884067,-0.6217678,0.18639755,0.17869183,0.32055438,-0.3711917,-0.31722766,-0.7550172,-0.23711346,0.3304456,0.20936903,0.1285743,0.39162347,0.3218318,0.48192868,1.162214,0.6108712,-0.31141078,-0.22852403,-0.19679219,-0.67905694,-0.81179374,0.38689455,-0.73365694,-0.9069285,0.4849729,0.7090376,0.065677896,0.4870993,0.57285607,0.7087288,0.6686534,-0.15757564,0.3976023,0.23396517,0.46094948,0.17694452,0.4784008,-0.014206258,0.22761685,1.3225783,1.6004578,-0.13527195,0.8463388,-0.018902257,0.37948605,-0.39672562,-0.5728158,0.043709654,-0.15810646,-0.714045,-1.0405837,-0.41086406,0.31655148,-1.2830925,-0.14791952,-0.8031882,-0.7229355,-1.4524013,-0.34848803,1.111027,0.95875704,0.25696716,0.18205759,0.59918356,0.6349793,1.2041359,-0.7088193,0.1585467,0.26519907,-1.1834415,-0.69305575,0.089576304,-0.9346789,0.56752485,-0.1750145,0.09992396,-0.30424914,0.8070534,0.47536844,0.5872448,0.17344244,0.024991278,-0.63628185,0.38241965,-0.330281,-1.099268,0.3995603,-0.795669,0.8138874,-0.58012915,0.3154912,0.020290904,0.49348125,-0.16885774,-0.20500544
1.1905925,-0.106948845,-0.1884592,0.02519733,0.0058086077,0.22050364,0.5582494,0.25669688,0.19286063,-0.18366326,-0.41761357,-0.09625776,-0.2756269,-0.22919779,0.14915976,0.13610813,0.01727017,0.5955575,0.097265095,0.96893126,-0.31537825,-0.83515316,-0.59107304,-0.2682357,-0.3548009,0.47058055,0.4164842,0.5644203,-0.049456034,0.5300504,0.283483,0.608962,0.683696,1.0750004,0.93887836,0.7874783,0.6421535,-1.0927422,0.45545956,0.6737597,0.747577,0.46170694,0.9564831,1.0546745,1.445092,0.73824275,1.2219932,1.3691969,1.3629681,0.85379225,0.12961762,-0.04133107,0.30316707,0.103244275,-0.034237668,1.0132217,-0.11491449,-0.6387808,-0.7434825,-0.26211295,-0.4733315,0.1059772,0.44786575,0.3284306,0.2739073,0.11006397,0.65859133,0.16193248,-0.52281976,0.78586465,0.47419795,-0.6191763,-1.5025926,-0.0760971,-0.86729395,-0.24613762,0.8898505,-0.4426873,0.25037584,-0.13675754,0.051892646,0.49389145,1.27905,1.2030909,1.0111079,-0.3606653,0.44027498,0.57927024,0.8550362,-0.026384484,-0.22935915,0.14596437,-0.83607346,0.2213815,0.07671914,1.2762327,0.007991259,0.87026507,1.4773251,0.3623993
-0.15615949,-0.4660177,0.038133502,-0.18965991,0.0005712039,-0.28620094,0.01571122,0.10108492,0.5468507,-0.14986885,-0.1524703,0.007126104,0.4219367,-0.16026878,0.09641757,-0.014613731,-0.16101646,0.38099334,0.018448072,0.03801019,0.26392147,0.6844273,0.17659973,-0.30104375,-1.0384996,-0.16144022,0.44604757,0.67072284,-0.36847973,0.48636082,0.8512765,0.3896513,1.5780467,0.3777842,1.0899479,0.29501542,0.1634121,-0.24225733,0.3173558,0.14302522,0.61445224,-0.19303678,1.0437062,0.17307465,0.36329585,0.13771759,1.4415482,0.9192235,0.2724707,0.52815974,0.18479472,-1.1249187,0.15057836,0.2903645,-0.1335196,-0.2133191,-0.17569813,0.56610364,0.06606236,0.13950661,0.5122772,0.016210867,0.15402019,0.66168356,-0.42189723,-0.11824068,1.340836,0.67211777,-0.053039595,0.69012916,0.18298426,0.70751315,0.56124914,0.23427068,-0.78987473,-0.5837754,-0.42041183,0.75407517,0.5958371,0.44345373,-0.086700015,1.6932473,1.2519625,0.45386112,-0.11207187,0.81077206,0.45288923,-0.04991162,-0.020124227,1.0580689,1.587118,0.19819073,0.8145428,-0.19859537,0.6830981,1.2229202,0.83020014,1.3256727,0.330123,1.1033024
0.46543363,0.82871354,0.97366154,0.5702252,0.008585162,0.50353223,0.37219244,0.5220217,0.8151548,0.2357895,-0.24448939,0.8180875,1.280457,-0.10021291,0.6451811,0.6358268,0.5390768,-0.10393745,0.3547192,-0.5248896,0.2440686,0.18167989,-0.010908641,0.58424705,1.017557,1.19601,0.3255178,0.18536884,0.46571898,0.6690496,0.66240644,0.6153831,-0.02866468,-0.5300688,-0.5471415,-0.6979449,-0.599199,0.38545406,0.6114425,0.0856597,0.26116958,0.36840093,-0.07175191,0.04847115,0.045939308,0.76315117,-0.055849094,-1.0561473,-0.78085923,0.048102435,0.8989626,1.6111974,-0.4696392,-0.91582793,0.61193264,1.3743125,0.10392833,1.7088847,-0.42301613,1.4553933,1.183908,0.7871101,0.19267549,0.22994325,-0.107890554,1.2058524,-0.43257207,0.8386825,0.96565133,-0.26057264,0.72223324,0.77181643,-0.5284167,0.31893945,1.0849296,1.560541,0.3018319,0.7653219,0.68074554,0.4871573,0.047218803,-0.08411753,0.16246563,0.012298158,0.5175426,0.0030900068,-0.5088704,0.48806056,-0.5027932,0.48237193,0.077067174,1.1962088,-0.11819182,1.1225681,0.6678079,0.41870588,1.1436228,-0.041770853,-0.86479896,0.2070644
-0.93698,1.0960162,0.85191154,0.9118491,1.153314,0.5562415,0.44034967,0.7624948,0.5610385,0.81624854,0.6451621,0.82986695,1.1752548,0.8663859,1.4926345,0.8138107,0.86851364,0.57731783,0.60525775,0.615265,0.4021632,0.73135555,0.048656624,1.5366669,1.5932761,2.049128,1.6600074,1.2166601,1.336163,0.8564171,0.8685029,1.1929414,1.1123415,0.4479717,1.1881566,0.49768147,0.7489814,1.3398702,1.1192809,0.25063375,0.30954146,1.3137376,1.0705961,1.3830242,1.0114127,1.4845312,0.5590647,0.16175114,0.19740902,0.18319172,0.5847093,0.9421221,0.634161,2.2415617,1.0717086,0.9621432,1.6351966,0.46386886,1.7359092,1.3358158,1.0675749,0.39535144,-0.19945699,1.6314448,1.0848033,1.1834099,0.84695375,1.3380113,1.7969711,1.0001979,1.394639,2.23549,1.146412,1.2920954,1.7628229,2.366509,1.7085274,1.4771776,1.3973594,0.7161084,1.2100621,0.52370083,1.4017307,1.3364669,1.1089933,0.82981354,1.5453573,1.8778466,0.7880115,0.35604456,0.63387907,1.33919,2.3319054,2.44168,2.0705507,1.1261061,1.9848449,0.46317047,0.5213029,0.31337076
0.9020087,1.044614,0.7121428,0.5244699,0.43134007,0.2019402,0.1810235,0.3220398,0.75270855,1.7171298,0.9769114,1.5456803,1.4868026,0.26630598,0.58630395,0.57261944,0.5431789,-0.0043526907,0.020566676,-0.11254846,-0.12546241,-0.08608985,0.24033812,0.6823113,1.9164112,1.0814338,1.0503631,0.41568145,0.4960681,0.7845132,0.41426352,0.9610318,1.1362597,-0.48725373,0.3834925,-0.43229097,-1.0719872,0.54673463,0.3710728,-0.124460995,-0.63164115,-0.24633403,-0.22453181,0.37333563,0.4085557,0.056789245,-0.02107386,-0.70135075,-0.5304675,-0.88021815,0.29396656,2.3481197,0.93803614,0.4846636,0.9502782,1.2588321,0.14541747,0.5370631,2.2813518,2.2669058,1.3612278,1.4927918,2.2124164,0.8416094,0.22065093,0.6846316,-0.5356226,1.3579121,0.87695265,-0.10766262,-0.3072668,0.43042406,1.1317495,0.4696834,0.80438286,1.5268545,0.006223336,0.62576413,-0.2605812,1.0263638,0.9911881,-0.11124738,1.4720985,0.83008635,0.8571674,0.2972844,0.039537575,0.59003377,0.10096182,0.5644187,0.1654936,0.7200638,0.26941794,-0.3430545,1.2652155,0.5180863,0.4164768,-0.14319819,-0.8894521,-0.507569
0.67434,0.31662777,0.40400076,0.12291979,-0.5549708,0.22988303,0.10877138,0.12680238,-0.35334596,0.22548778,0.23338115,0.66674316,0.82990426,-0.51590526,0.058234517,0.42607483,-0.4143658,-0.27722535,-0.26072508,0.3323403,-0.5419774,-0.44493884,-0.87453777,-0.2725559,0.29756147,0.48512533,-0.0027348544,-0.061894927,-0.23997162,-0.60338205,-0.22295089,-0.6689228,0.016366418,-0.507292,-0.45459256,-0.48919752,-0.49598736,-0.16837642,-0.06901893,-0.0058250516,-0.37826273,-0.34186023,-0.010701816,-0.5154233,0.28757796,-0.385834,-0.035594415,-0.0666136,-0.256979,-0.42344272,-0.8716272,1.2832265,0.23871242,0.32502493,0.28653076,0.34566015,-0.18311565,0.2096925,0.30556127,0.8484755,-0.26870972,-0.02742623,1.4131715,1.0804156,0.6676289,0.775422,-0.57868165,0.24974997,0.3817732,0.30472663,-0.3147249,-0.28986207,-1.5114499,-0.30861,-0.5592788,-0.07088135,-0.58131754,-0.6376251,-0.49064335,-0.32811493,0.27837753,0.2065591,0.9111383,0.26632178,-0.14205438,-0.0144114,-1.533202,-0.37142944,-0.38894138,0.066425055,-0.6112559,-0.63790894,-0.710245,-0.43313396,0.5636704,-0.27212977,0.34310418,-0.94864213,-1.0579903,-0.29797462
-0.5337246,0.57056254,0.04299503,0.25055724,0.95083797,0.7674918,0.2508376,0.4249151,0.37057886,0.120153636,0.8846903,0.9905173,0.98029137,0.28925973,0.6408207,0.5079272,0.5126218,0.4910403,-0.01920813,0.13236502,0.65026754,0.027647978,-0.0231751,0.22436227,0.033036772,0.14580525,-0.3476896,-0.109503314,-0.10166317,0.2647394,0.5357143,0.14858367,0.44952542,0.5563275,0.36981714,0.38066036,0.26810542,0.58652097,-0.05804254,0.46069816,0.6143642,0.39670867,0.7860017,0.8062759,0.21703027,0.44424137,-0.096639425,0.010714304,0.43639895,0.30794603,1.4162236,0.29705372,0.1538757,0.5076996,0.98258835,1.005689,-0.5848314,0.91839546,0.19770151,0.98730546,1.2926337,1.1139715,-0.8771109,0.94251704,-0.61251694,0.04528162,0.19732721,1.260587,0.3610701,0.59855425,0.7915995,0.68221426,-0.7744296,0.71548015,-0.48014876,0.39876622,0.0073943106,-0.35549232,0.5216346,0.7874573,0.34965295,0.53384626,1.1961119,0.90225935,0.25397286,0.54632133,-0.28896216,1.2667924,0.65450776,0.45710313,0.31626233,1.21645,-0.3620883,0.943374,1.5796787,1.4641451,0.8692969,0.20715351,0.18572012,0.41472584
0.16838071,0.75115854,0.3089038,0.4336028,0.35827464,0.63104576,0.36160874,0.79274523,0.8410846,0.4752305,0.69012064,1.1802905,2.8076525,0.27621496,0.5637812,0.47922644,0.81423193,0.8691799,0.7599318,1.1224858,0.72074085,1.6757791,1.162226,0.40395382,-0.062320843,0.6683254,0.43062693,1.0559348,0.29274875,1.2916541,0.5715646,0.96157193,0.65447617,0.8970959,0.9365804,0.20576768,0.4201064,0.67615175,0.8517853,0.41645315,0.78034985,0.527301,0.404465,0.3154677,0.24712628,0.5237626,0.28969944,0.24912322,0.46498486,0.59829146,1.1282039,-0.42329732,0.35625142,-0.4974452,0.1958589,0.46289,0.078006566,0.37959546,0.5347352,1.4698896,1.5733758,2.356115,1.0533997,0.5896778,0.61861247,1.3865824,1.1992081,0.14539263,0.5999146,0.2345213,0.848512,1.4752449,0.8463028,0.30186963,0.08470921,0.8642691,0.5992523,2.3092048,1.0629357,1.6123605,0.12665033,0.5837021,1.5041474,0.5906967,0.432641,0.5230146,-0.41808373,0.6579666,-0.09186532,-0.028441772,0.38173562,0.16016522,-0.09594635,1.4960127,0.7369326,1.177739,0.56491923,0.6812789,0.1230741,0.21541436
-0.17277484,0.0059751873,0.5497992,0.2773328,-0.3367845,0.35317248,-0.011422603,0.034277458,-0.3819907,0.3970131,-0.04972249,1.1470933,1.3123904,0.24750087,-0.18815875,0.2649905,0.3420941,0.12895887,0.23694518,-0.5305671,0.33945912,1.1957399,0.20194808,0.43154204,-0.3414396,0.79599935,0.32023263,-0.11129209,-0.0938689,0.12088745,-0.23432648,0.19313428,-0.37033945,-0.4942781,-0.40886077,-0.77579814,-0.49923012,-0.48472568,0.13436913,-0.44853285,-0.74350077,0.2603407,-0.23617992,0.24255803,0.0020141571,-0.11937238,-0.47655153,-1.0046175,-0.59776473,-0.8120257,0.05749156,0.29195032,-0.1566339,-0.41100374,0.17536506,0.6551651,-0.13322514,-0.8000103,0.33038625,1.8984687,0.6175671,0.012960367,-1.2851148,-0.049373563,-0.5796714,-0.4013222,-0.90505326,-1.0348558,-0.44141006,0.07248252,-0.5551239,0.13838983,-1.7465974,0.06543957,0.96667707,0.70309305,1.1198003,0.37761936,0.65195024,0.55339307,0.23148759,-0.32207716,0.28024685,-0.30577388,-0.05487883,-0.71824855,-0.69662267,-0.32493895,-0.72289747,0.08580306,0.013186669,0.009801151,-0.031717062,0.42665583,0.49316925,0.32156795,0.42551267,-0.94254535,-1.5326974,-0.78098685
0.18843974,-0.30206388,-0.7483838,-0.34916484,-0.55180466,-0.52630526,-0.6161886,-0.57592046,-0.67919457,0.05426329,-0.91052425,-0.57745814,-1.4381781,-1.8047609,-1.4204211,-0.22390676,-0.18527003,-0.5763658,-0.61118156,0.024110131,-0.3172502,-0.8733546,-0.8743103,0.71492004,-0.0780628,0.035787176,0.22533965,0.36710086,0.05503454,0.009117336,-0.47836053,-1.1525886,0.2810899,-0.30122453,-1.0612749,0.32337084,-0.8892396,-2.2662354,-0.64130014,-1.2796079,-1.3834568,-0.9428728,-1.9454341,-1.4195272,-0.4213995,-1.3224947,-0.9739396,-0.78568447,-0.6552032,-1.3992304,-0.65314364,-1.435519,-0.6754759,-1.3032749,-1.3092984,-1.4534597,-1.2127622,-1.5835551,-0.4067516,-0.2580643,-1.2034308,-1.1150372,-1.2689601,-1.4569734,0.2902455,-0.9183233,-1.4137988,-2.2755413,-0.24180369,0.034094833,1.3997684,-1.5960197,-1.7060798,-2.0270355,0.025935635,-0.02572916,-0.16561934,-0.26235065,0.8339172,-0.7467641,0.22850761,-2.3552132,-0.73120886,-0.7350154,0.20106462,-2.5402803,-0.5466313,-0.967719,-0.4313827,-1.8976847,-1.6852727,-1.2702701,-2.7202594,-2.0827413,-2.0701199,-1.4179364,-2.7576063,-1.8816689,-0.32983863,-1.8539474
-0.68569,-0.99764174,-0.69285816,-0.34501606,-0.4070906,-0.32294297,-0.13628986,-0.18880035,-0.00798071,-0.34442228,0.59030044,-0.73161125,-0.8079613,-1.5172482,-0.40948746,-0.11525055,-0.1577814,0.49889454,-0.37891796,0.8199213,-0.68732065,0.45346698,-0.3545331,1.0822382,0.48751178,0.2036949,1.341476,0.79406327,0.59113055,0.4413127,0.8783413,0.37394336,-0.097439215,0.1066514,0.35862654,1.6995801,0.7857037,-1.5755869,0.49002284,-0.4045997,-0.0009418161,-0.37494957,-0.106474794,-0.3201009,0.61943406,-0.55166095,-0.6810638,0.22285224,0.15204343,0.4234365,0.0820674,-1.5669038,-0.41410208,-2.5214298,-0.95377123,-0.43842682,0.3769607,0.23646362,0.29818794,-1.363275,-0.4245073,-0.26341414,-1.4882276,-2.1089017,-1.9442916,-2.1370955,1.2252631,-2.550761,1.0516207,1.1508032,0.9886165,0.65273577,-0.866634,0.8826513,1.1760985,0.69375414,1.1539268,0.88984126,1.3639334,0.6361217,0.83554274,-0.07498914,0.76912117,1.173625,0.84375733,0.16544174,1.1797802,1.141832,2.028929,-0.29017553,-1.5007907,-1.0519549,0.48768154,0.62123877,-0.053397432,0.52557623,0.3322708,0.7134424,0.7202144,-0.3340097
-0.32793963,0.16006675,-0.1750945,0.15978776,0.33958167,0.42792025,0.1316375,0.33112684,-0.27358153,0.44120345,-0.46783516,-0.1540805,-1.4625994,-0.42309186,-0.69921225,0.20701048,-0.113864355,0.27795514,0.17178215,0.1640922,-0.18921751,0.35450536,0.046405453,0.7412671,0.6347046,1.2673403,1.7516708,0.43824628,0.13033503,0.36191118,0.13641909,0.06685262,-0.2665288,0.45773658,0.305598,0.49169058,-0.357853,-1.4476488,-0.24287508,-0.6196898,-0.39958844,-0.7621433,-0.14393495,-0.51870185,0.45659935,-1.0870357,-1.1719606,-0.2524164,-0.45367602,-0.7512831,-0.69218016,0.080650695,-0.13475329,-1.24067,0.66011924,-0.486351,0.10411263,-1.063297,-0.92574704,-0.6557441,-0.71540886,-0.7469656,-0.13026929,-2.3697286,-0.83089364,-1.1412549,-0.42046127,-1.5717947,0.2268554,0.33778086,-0.36560765,0.22342172,-0.9269405,-1.3202903,1.6810968,1.7868985,1.292143,0.8696467,1.5915418,0.7675792,0.90736103,-0.58027124,0.93501896,0.8716728,1.9989647,-0.57249016,-0.122654505,0.79406476,0.2453925,-0.991173,-0.63527125,0.8068042,-0.9352654,0.19899035,-0.0910793,-0.03445472,0.20557019,-0.16590692,-0.7330211,-0.71702194
1.1608074,0.8904799,0.41688785,0.81368834,1.1997591,0.8421013,0.62177545,0.6219616,0.75852495,0.68311924,-0.48578477,-0.10203623,-1.4228212,0.35287324,0.9709854,0.78030914,1.0124646,1.1199461,1.0364588,0.98378056,1.1462783,1.3923386,1.3495783,1.7464825,1.4077402,2.0989883,1.3328202,1.181557,1.3763504,1.2600988,0.524195,0.7553099,0.3169846,0.91131294,0.60671586,0.5177493,0.1579107,0.35270664,0.19490327,-0.1493521,0.10465636,0.5999746,0.0019807797,0.6934717,0.6094989,0.69582105,-0.6064477,0.834066,0.48490444,-0.10898057,-0.04299128,-0.33347523,-0.19736178,0.8045579,1.1559098,0.16431518,0.8070767,0.5879496,-0.12754261,0.3395038,-0.13443519,-2.6393545,-1.6523074,-0.55086863,0.31771207,0.33537176,-0.19587876,-0.291592,1.3011855,0.6349585,2.5030394,1.662733,0.37841356,-0.5843053,2.2870023,2.329334,1.6346917,1.0876637,1.3607992,0.30438462,1.4700636,-1.0776405,0.740776,1.0300831,1.9865615,0.17803767,-0.31525263,1.0603878,0.4058911,-0.9899754,-0.83715945,0.28889552,-1.2050442,-0.08557912,0.40422377,0.068979636,0.8194631,0.44317186,-0.224771,-0.6782778
-0.8602788,0.1686223,0.2285403,0.40367353,0.25163123,0.5650119,0.5415125,0.583121,0.26155472,0.09089364,-0.077420376,-0.29428875,-1.5308433,-0.56223154,0.061762393,0.4929153,-0.12585251,0.50737596,0.20861761,0.062434733,0.5154157,-0.06562573,0.84305555,0.74316144,0.2612432,0.60073566,0.7086766,0.28754658,-0.3145738,-0.24779333,0.3460035,0.7391812,0.7578796,0.64682037,0.17634209,0.39025506,0.38296837,-0.8947863,0.6858477,0.82263,0.41577044,-0.23306929,0.19357873,0.54341334,0.37234935,0.28046402,0.26002508,0.40366685,0.17952557,0.28826097,-0.25023735,-1.0767316,0.6905882,-0.51144856,0.1454656,0.010662433,-0.49552733,-0.07587044,-0.8633894,-1.840802,-1.1286073,-1.7797205,-0.2197239,-0.8628591,0.53897053,0.19244581,0.27154684,-0.724458,0.6801626,0.37951058,0.47701657,0.511198,-0.37418246,0.76634043,0.08831073,1.1969405,-0.021511897,0.023434393,0.7163805,0.33930254,0.85097885,0.29187334,1.7281502,1.2722908,0.66766226,0.33651817,-0.27103493,0.27441263,0.1929287,-0.06435517,-0.8132125,0.6644251,0.04483396,0.5989287,1.0335467,0.9579621,0.71846837,0.7229264,-0.10520007,-0.19442171
-1.0280149,-0.04192388,-0.013873693,-0.213047,-0.13434295,-0.38702944,-0.30982798,-0.09564771,-0.7464503,-0.12188878,-0.53667074,-0.01685515,-0.48145536,-0.28583062,-0.31993333,-0.49379122,0.006312412,-0.15096293,-0.1568022,0.19247223,-0.2700612,0.017845836,-0.65744233,-0.1033232,-0.6994526,-0.42506865,-0.6190996,-1.3938564,-0.45266452,-0.57855284,0.37742501,-0.74158245,0.1256818,-0.48682863,-0.2297353,-0.87065417,-0.3333259,-0.66046095,-0.32661274,-0.4652275,0.066677265,-1.5381355,-0.73707455,-0.17977346,0.5131522,-0.7303172,-1.0578878,-0.44365162,-0.0152207855,-0.1303883,-0.036353532,-0.18480656,-0.44838125,-0.7051828,-0.33354688,-1.091056,-0.16957255,-0.98200023,-1.2072216,-0.5948158,-0.9099708,-1.2160238,-0.5695057,-0.6644876,-0.5902427,0.20374267,-0.1735579,-0.7762155,-0.93976784,-0.46434098,0.2734013,-1.0394162,-1.3135269,-0.606629,-0.54018736,-0.6845765,0.2507055,-1.462324,1.2247437,-0.15994833,0.36689806,0.22972795,0.021825366,-0.10902916,0.29783544,0.08847863,-0.48876897,-0.42059773,-0.84957665,0.24548438,1.1538953,-0.20779836,-1.394137,-1.8242427,-1.4111485,-0.097285,-0.48317105,-0.33245444,-0.14971428,-0.5120831
0.26805374,0.6238192,-0.08729063,0.7061174,0.71315473,0.10230106,0.25048286,0.19775052,0.3857412,-0.07818196,-1.1014813,-1.4696754,-0.8068622,-0.03567232,-0.4845944,1.1124532,-0.49053508,0.15177263,-0.2726136,-0.62938094,-0.11547414,0.56632286,-0.27891284,-0.1266846,-0.20565157,-1.0692167,-0.48380214,0.24758972,-0.73545206,-0.57151055,0.19558033,-0.019893102,0.6788446,0.59153146,0.5986278,-0.6271136,-0.7098438,-1.1860988,0.138871,0.08188753,0.049262974,0.1966709,0.42661977,-0.14630072,-0.2951609,0.7651612,1.8505739,1.6885026,0.34098044,-0.2661462,-1.0685384,-0.26677653,0.84273773,2.0969036,0.48492277,-0.8352284,-0.37446436,0.6383762,-0.9154286,-0.8920287,-0.9791674,-0.17432575,1.3190495,-0.26652858,0.2023742,0.31006745,-0.55104184,-0.48643035,-0.20090787,0.464045,0.21750307,-0.47787526,0.26461908,-1.6968311,-1.3086352,-0.80455285,-0.81772166,-0.1814237,0.29838234,-1.1231742,-0.23194364,0.18147537,-0.15277514,0.18180802,-0.062957324,0.7792396,-1.8493416,-0.3440968,-1.5832045,-1.8764706,-0.6407029,0.2129188,-2.1117742,0.84912544,-0.91405606,-0.58470434,-0.528522,0.9157115,-0.08685843,-0.7623229
1.4990468,2.3534007,2.2383306,1.98939,2.3583882,2.5513048,1.9989948,2.2790794,2.685396,0.7356924,0.44326675,0.64358383,0.8029675,1.8412613,0.94657534,2.2523491,1.3984456,1.6388897,1.1546874,0.2972369,1.6784357,1.443671,2.6997201,0.65591234,0.77375484,0.22201774,-0.0042365105,1.6029571,0.62234616,1.5243361,1.3513227,2.4401443,2.2398303,1.2539341,0.5577697,0.18689597,0.67766565,0.56442463,0.99193585,1.6529583,1.8427132,1.0038371,0.2786795,1.7323545,0.027268888,1.8674988,2.543865,2.0703819,1.8084445,1.5807352,-0.40699905,2.2274582,1.9639438,3.5057979,2.6861305,0.5692096,1.0548525,1.793507,0.45829833,1.1625592,0.816004,1.2237923,1.7741545,0.99649864,0.9219574,1.6114699,1.1151235,2.0169318,0.029149588,-0.45378423,0.5985631,1.11784,2.9456465,0.32347238,0.346474,1.0969161,-0.60687923,2.071537,2.3748295,-1.9752986,-0.9416792,0.93637335,2.1365917,0.8847431,0.9672997,2.3871374,0.22914718,1.7759023,-0.006008102,0.25778204,0.76122,0.85044926,-0.19546129,1.6712999,1.0563653,2.1136782,2.7413666,2.9331226,0.61259854,1.4705458
1.4787811,0.5821595,0.49676594,0.5048543,0.29306966,0.38273463,0.7086711,0.69919914,0.6812229,0.46881273,1.4692283,1.3756485,2.5900342,0.58416665,-0.0050083967,0.385941,0.69259214,0.6509861,0.725215,0.9074969,0.6037444,0.48172992,0.8490057,0.11233636,-0.9974862,-0.79704803,-0.28753257,-0.041056093,0.22640598,0.59598184,0.13222949,1.2351346,1.4535506,0.41048267,-0.86534977,0.5376208,1.4409528,1.443708,0.38964447,0.9671444,1.2536494,-0.08999253,-1.1015466,0.73509896,-0.37034258,1.0170242,0.5280269,-0.016437145,0.9928584,1.6400676,0.25506625,0.68863934,-0.29222566,-0.46172765,-0.068446614,0.4661659,-0.25179863,-1.0718659,0.79043925,0.94631,1.7094339,1.4530758,-0.4204363,0.26755387,-1.0963851,-0.9446522,-0.64229786,-0.41360027,-1.5519791,-0.3082827,0.3059304,-0.5064426,-1.2002028,-0.19428614,-0.4186365,-1.0859814,-0.7514058,0.023242136,0.19599405,0.42207173,-2.1673114,-1.1960313,-1.0684949,-1.7773399,-0.7572994,-0.69195133,1.425683,-0.48253545,0.6628864,-0.046151742,0.28268728,-0.8478215,-0.003058681,-0.117645755,-0.71358186,0.34483907,0.35226277,-0.24526344,0.48997608,1.1888787
-0.30756682,-0.87623835,-0.8588795,-0.9473749,-0.888431,-1.1475794,-0.8516877,-0.92379415,-0.86884195,-1.2902657,-0.75986433,-1.1548418,-0.6691945,-0.12045757,0.06251213,-1.2058744,-0.85990405,-0.73468256,-0.6989577,-1.0408092,0.17388059,-1.2975786,-0.42897817,-1.0808825,-1.36373,-1.6039356,-1.4253438,-1.5743877,-0.56257033,-0.8869418,-0.2348151,-0.879656,-0.26729152,-0.38731667,-0.97143364,0.23130059,-0.19920783,0.008989577,-0.62257016,0.6981794,-0.016618842,0.24272469,0.3724499,-0.33378989,-0.08984954,0.08550745,0.65308744,-1.0530568,0.1878494,0.861449,-0.7970936,-1.0839888,-1.3731912,-1.4734584,-1.6945168,-1.2241378,-1.5893599,-0.9212694,-1.3204738,-0.30018213,-0.30619997,-0.32888666,-0.35727924,-0.39197654,0.26245764,-0.68263394,-0.54165465,0.80629355,-0.8010573,-1.4740872,-0.44271135,-0.78177524,-0.8428061,0.57123923,-1.5623212,-1.6515205,-0.9766628,-2.1201067,-0.19162768,0.29088214,-1.3920918,0.34691066,-1.7769563,-1.0104468,-1.898446,-0.20529252,0.2522966,-1.2270082,0.17693378,0.6838393,0.27500907,-0.004221564,-0.45323044,0.02439834,0.8067145,-0.074821815,-0.10390576,-1.2965456,0.5922411,0.9939806
0.58492666,-0.24942905,0.13114366,-0.27265096,-0.10205633,-0.35574818,0.15527165,0.05691622,-0.46083215,-0.84946203,-0.4844457,-0.8738023,-2.454249,-0.5685957,-0.0417301,-0.34163737,-0.18086986,0.3453432,-0.21983269,0.0060530175,-0.04537978,0.4743187,-0.98006207,-0.22890235,-1.0252056,-0.5038437,-0.13589503,-0.86227304,-0.28410676,0.28923678,0.92293507,0.09555635,-0.4110271,0.084200226,0.22330323,0.32072178,-0.5548414,-1.1453016,0.2889049,0.6463542,0.4859935,0.90236586,0.25470123,-0.26850176,0.2274763,-0.6213931,-0.24516109,-1.3903413,0.7997146,0.7111792,0.20353785,-0.66158396,-1.10147,-0.72239614,0.3190787,0.47230816,-0.7173788,-1.3484634,-1.5139112,-0.37918395,-1.3162975,-2.2246056,-1.7489631,-1.2012689,-1.0858783,-1.0207081,-0.7953518,0.40449658,-0.70662206,-0.14809161,-0.15730743,-0.93925846,-1.5619179,-0.19691756,-0.32152045,-0.6518411,-1.0721043,-1.3880842,-0.08050229,0.33405665,-1.1481225,0.71255195,0.1616499,-0.062150538,-0.38521105,0.5095373,0.5057431,-0.28775987,0.28832513,1.0481007,2.183076,0.29492742,0.54640293,0.41380718,1.6962912,0.65633345,0.5851927,-0.9857368,0.6145348,0.8523061
-0.70145434,-0.33726394,-0.61959237,-0.28701967,-0.0054864073,-0.24064146,0.4491106,-0.036526527,-0.24778289,-0.77706647,-0.39428115,-0.5728404,-2.233137,0.1800743,-0.2627721,-0.7744691,0.11331049,0.016223097,0.029890139,-0.32432055,-0.10217863,0.032569766,0.38964167,-0.7649385,-1.8476453,-1.8458052,-1.0446011,-0.81148595,-0.61941236,-0.4875325,0.9922912,-0.7289749,-0.16802542,0.48923934,0.8992805,-0.27886587,0.39172012,0.3070456,0.29780042,1.2426695,0.8758413,0.43448323,0.556011,0.56822205,0.77118546,0.7801143,1.3419936,0.7410734,0.57513255,1.4068952,-0.48219913,0.409843,-1.0143582,1.0731244,-1.0075774,-1.009945,-0.83351254,-1.0297954,-1.3575957,-1.1273787,-1.7065674,-1.8955818,-1.5892653,0.12357203,-0.5909924,0.103148036,0.15608159,0.30649427,-0.1418222,-0.18719195,-0.44482788,-1.3284496,-0.508452,-0.22935563,-0.86880004,-1.7999923,-0.79739636,-0.81125265,-0.12380445,0.11906353,-0.97519904,1.9613911,0.33216733,-0.22173592,-0.7166994,0.78983873,0.39579976,-0.55506945,0.21757114,1.0870454,1.2100579,0.518178,-0.47035804,-0.014606703,0.39010742,1.0979433,0.096334234,0.97603536,0.7059559,1.5678456
-0.3303793,-1.2679459,-0.74182415,-0.72018296,-0.62667954,-0.77708113,0.19263673,-0.38861215,-0.65562344,-0.42708597,-0.41736078,-1.33313,-1.4239674,-0.42355514,-0.25650632,-0.63845503,-0.3323471,-0.3172023,-0.62239695,0.49780777,-0.4621439,-0.5678297,-1.2930123,-0.97860414,-0.5073214,-1.9588524,-1.0394661,-1.6727393,-0.80770606,-0.67574835,0.02060186,-0.51628554,0.37092432,-0.03520798,0.22604889,0.4524328,0.08816141,-0.23797992,-0.6463772,1.062842,0.33215678,-0.9451515,-0.2517054,0.17511477,0.5582297,0.008925266,1.4777853,0.28557512,0.69328654,1.1066833,1.2226582,-1.4544536,0.116998106,-0.36695135,-1.1823823,-1.5919507,-1.3147233,-1.6786593,-1.6859614,-1.2496814,-2.6437461,-1.9528048,-0.38611943,-0.6350861,1.0217872,-0.107441634,-0.43464655,-0.37779793,-0.59385604,-0.29419968,0.76384205,-1.7669799,-1.2885463,-0.4097499,-1.9233794,-2.0779853,-1.1579714,-1.1915971,-0.29852432,-0.7070599,-1.1736199,0.8904206,-0.80951273,-0.8151976,-1.2231535,-0.39000663,-0.76235646,-1.3874534,0.5662414,0.27152908,0.14555329,-0.37881526,-0.78624135,-2.1610582,-0.75117654,-0.15981632,-1.0629432,-0.73497254,0.9752681,0.7321708
-0.39691412,-0.79937947,-0.50011146,-0.22753355,-0.2948891,-0.5613908,0.19601369,-0.37630826,0.031365126,-0.018273259,0.7902474,0.9187795,1.0614389,-0.5496397,-0.046012655,-0.3898799,-0.19424762,-0.18647015,-0.8246144,-0.13928342,0.12091839,-0.049491964,-0.3102795,-0.7523387,-0.6879873,-1.1078868,-0.6905055,-1.0347613,-0.11844384,-0.34682062,-0.10858507,0.32157013,-0.79543287,-0.043584105,0.07556837,0.39022556,-0.2741932,0.5172426,-0.20335087,1.0573806,0.36327115,0.8971157,0.75565386,-0.42392284,-0.07919947,-0.29341874,1.0182427,0.056150082,-0.017673172,0.71596515,0.19923674,-1.7247937,-0.49985045,0.38883427,-0.49769896,-1.7577424,-0.53865695,-1.0509812,-0.92604953,0.08590222,0.5437784,0.698885,-0.2839302,-0.0914602,0.5894991,-0.5111545,-0.09394399,-0.7365275,-1.2702805,-0.5383125,-0.12768604,-1.1414685,-0.6769724,0.5319584,-1.3256941,-1.6727148,-0.73222816,-0.9498535,-0.4639133,-0.61940885,-1.5245377,0.008857989,-1.0247531,-0.956613,-1.65919,-1.2768841,0.35181922,-1.5746199,0.12538417,-0.03148345,0.29844922,0.15666525,-0.4222131,0.051310055,-0.38687968,0.17287427,-0.75291693,-0.7998152,0.14263074,0.8795242
2.4691641,-0.20537958,0.24985425,-0.4259471,-0.15201403,0.30822343,0.27437568,-0.10342369,-0.68161714,0.45408338,0.9507973,1.4843289,1.7902739,-0.22143379,-0.26300058,-0.30607358,-0.2426121,-0.114828944,-0.3717821,-0.1262544,-0.12847461,0.13954838,-0.35526425,-0.6203985,0.066693656,0.02828152,-0.06696646,-0.6804984,-0.5867809,-0.9935492,-0.29294074,0.5110181,-0.15912159,-0.123082474,0.27431995,-0.013538383,0.19678831,0.42440054,0.22987504,0.6452952,0.6272368,-0.058166716,0.3493029,0.87417066,0.47050747,0.28022283,0.16604908,-0.12671386,0.86709815,0.96602285,0.86788887,0.41556817,-0.027774993,-0.032850415,0.3883611,-0.13805787,-0.45472434,-0.9539876,0.47949553,0.80304456,1.3825052,1.1777232,1.4897596,0.17573002,-1.1884456,-0.33188194,0.27210006,-0.41342714,-1.3720943,-0.4881933,-0.8680165,-0.36719942,1.0562567,-0.01973475,-0.86100894,-0.87275684,-1.6419518,-0.26939976,0.4953803,1.0545775,-0.5423145,0.0042614383,-0.12801878,-0.36540613,-0.10057779,-0.7216837,0.19823772,-0.20073904,0.4905947,-0.09473556,-0.07778457,-0.32880878,0.6819415,-1.481069,0.040923715,-0.017962754,0.09168994,0.062054794,0.9850013,0.6366522
0.044612605,-0.16966762,-0.07403594,0.22060026,-0.5987282,-0.09208826,0.12299629,-0.050781783,-0.42649293,0.10302096,-0.4350415,-0.8725535,-1.2564112,-0.3941273,-0.18733743,-0.18190394,-0.6275468,0.037480425,-0.27248663,-0.49274883,0.012593245,-0.64714825,-0.33682886,-0.9752887,-1.2419221,-0.5440706,-0.8204058,-2.1625414,-1.1050681,-0.9618279,0.5252116,-0.64456475,0.052323475,-0.33690682,-0.41753075,-1.0312601,-1.5736234,0.12814468,-0.18969761,0.3498889,0.5238569,-1.1024561,-0.30763206,0.1732054,-0.028660202,-0.8780044,-0.03628292,0.1587682,0.3499899,0.19843005,-0.13410841,-1.3065879,-0.7020869,-0.7963134,-0.47473243,-0.43928376,-1.8894476,-1.4482139,-1.1498252,-1.1798725,-1.3808005,-1.9363927,-2.0299072,-0.56355375,-0.31144527,-0.79240894,0.119659685,-0.7417782,-1.5326235,-0.69597125,-0.9486108,-1.8770771,-0.46502468,-1.5056243,-1.4733583,-1.2877383,-1.3050178,-1.1571822,-0.5237815,0.18809368,-1.9579419,-0.25442788,-1.1745441,-1.0176011,-1.2759911,-1.4217018,-1.0170611,-1.3763222,-0.7178826,-0.058148105,0.7070889,-0.41601962,-1.3422223,-1.4642109,-1.3199842,-0.30355522,-0.9730588,-0.16325267,1.2573116,0.29906854
0.8452187,0.29324126,0.07263798,-0.1073015,-0.61725926,-0.14095573,-0.06914774,0.5348619,0.8023243,0.5989111,-0.1245387,0.06638869,-0.22893223,0.20205589,-0.21867818,0.27451667,0.9021341,0.56585777,0.39305833,0.17555344,0.16734312,0.603765,0.571733,0.9953074,1.0413209,0.95100194,-0.05963945,-0.013975931,0.2830259,0.2012168,0.56183726,-0.24301235,0.60411566,0.2060952,0.3066761,0.8103628,0.45180508,-1.0281401,-0.06474615,-0.26931468,-0.32071173,-0.0029754576,-0.11362047,0.024227215,0.3585235,-0.25743344,-0.6479029,0.07989569,-0.683635,-0.6639449,-2.025848,0.6830775,-0.5466998,-1.1136894,-0.2552509,-0.12333295,0.5929591,0.59290045,-0.34191546,-0.47110936,-0.95803094,-1.2874701,-0.15354502,0.41024974,-0.18289447,-0.420074,-0.6972074,-0.8385492,0.2653802,0.66698295,0.8862608,-0.58825856,0.12676187,-0.6902667,1.1506356,0.3032069,0.1568807,-0.052648142,0.59072906,-0.67371297,0.11606808,-0.4156111,0.0061594876,0.054611895,0.3223261,-1.3426496,-0.5468183,0.22226423,-0.1462072,-0.24083179,-0.31210983,-0.5999652,-0.49464095,-1.4232256,-0.2762055,-0.40485388,-0.049714148,-0.7724589,-1.1486977,-0.8091888
-1.0321605,-0.16226372,-0.06595763,-0.044463366,-0.028729044,0.047359485,-0.41079345,-0.010327557,0.26779962,0.4406366,-0.6685048,-0.09874703,-0.4843821,-0.3865932,-0.37216002,0.12962723,0.53492343,0.11091811,-0.14780405,-0.67645687,-0.8287437,0.22818302,-0.6535405,-0.108197175,0.4849316,0.019342357,0.21603784,0.17091183,-0.84186095,-0.5719181,0.9154148,-0.5428905,0.047398664,0.3122892,0.26660705,-0.34980872,-0.5275794,-1.2203761,0.19127844,-0.86149,-0.48718613,-0.86079234,0.19574195,-1.0118052,0.5728846,-0.42277,0.001825091,-0.8555355,-0.8979268,-1.5195324,-1.1053135,-0.3466934,-0.076166235,-1.8274065,0.124834426,0.09132445,-1.0272917,0.44886363,-0.041480735,0.590892,-0.50019467,-1.0657214,0.029740175,-0.6088467,-1.317426,0.036617137,-1.024321,-1.188537,-0.36869392,-0.21379201,-1.2015653,-0.7235853,-0.6055204,-1.3072298,0.040834308,-0.000327385,-0.31574038,-1.0891932,-0.68425816,-1.0117259,0.16876623,-0.8577531,-0.112251475,-0.05478103,0.18848039,-0.4957047,-0.87143475,-0.50655174,-1.0991235,-1.111076,-1.2180475,-0.45978758,-1.7196786,-0.50425833,-0.93360424,-0.46276507,-1.0448861,-0.4180559,-1.8550116,-1.3855263
-1.4215554,-0.30873725,-0.2908894,-0.30123752,-0.06875631,-0.107545204,-0.21384832,0.11881057,0.09163441,-0.09808761,-1.0656345,-0.69608444,-0.9787198,-0.86749005,-0.501975,0.23073749,0.017546289,0.4410821,0.13596135,-0.2176167,-0.7592648,0.8584786,-1.0988803,0.6687091,0.38374195,0.28662825,-0.5155371,0.008486311,-0.16193782,-0.14324547,0.43168294,-0.9500083,-0.2575145,0.62700444,0.8757292,-0.14834058,-0.16631353,-1.3242242,0.092801295,-0.050363075,-0.12114033,0.0011503653,0.47009552,-0.5996067,0.28630754,-0.64023477,-0.2248004,-0.29045883,-0.16180651,-0.5634557,-0.79764414,-1.4084979,-0.19956958,-0.8632503,0.22202484,-0.39516622,-0.60718024,-0.3540506,-0.006390133,-1.0158275,-1.7601888,-0.8137098,-1.17113,-0.4728521,-1.9486756,-0.68238205,-0.2814151,-2.6968386,0.5223386,0.3520975,-1.20419,-0.72369134,-0.24449494,-0.41710168,-0.28263244,0.15370418,-0.16703755,-0.50995904,-0.13456357,-1.078647,0.44056308,-0.5035427,-0.19790271,-0.27228528,-0.5778678,-0.84786856,-0.43925253,0.8518153,-0.11465299,-0.19006084,-1.1065285,-1.0062479,-1.0441734,-0.30368927,-1.2170625,-0.67381275,-0.1942419,-0.019515557,-0.54241496,-0.8783503
0.4197163,1.0839844,1.2343558,0.6589008,0.7555513,0.6573778,0.27621898,0.76897717,0.6217278,-0.1293788,0.70912087,-0.16915312,-0.08127102,0.7675273,0.052276194,0.8328991,0.3912198,0.98760164,0.5013016,0.40829787,0.28883064,1.170748,0.21995948,0.17155391,0.44949865,0.6443388,0.40706578,1.306337,0.41898334,0.32251707,0.8625137,0.63446116,0.17878576,1.0945096,1.6931804,0.5168174,0.3613295,-0.061238367,1.024483,0.18494731,0.37116596,0.74359745,1.2932302,0.08068963,0.70767754,-0.08277876,0.612037,0.9252551,-0.067045674,-0.012903997,-0.9563186,0.54150915,1.48881,-0.58404493,0.9657569,1.0308975,1.7861229,0.7765034,-0.31245002,-0.81538033,-0.735217,-1.0863422,-0.34932274,-1.2841648,-1.2114309,-0.89496475,-0.10719096,-0.5860656,0.3413183,0.9965064,0.42825562,-0.3001302,0.46838224,-0.8973435,-0.0005448092,1.0378503,1.0868278,-0.16580613,-0.19120017,0.9257203,0.8282507,0.4455928,0.59494066,0.8566269,1.0323007,0.23493972,0.8820503,0.7262688,0.6573681,-0.7028065,0.33084008,-0.23450242,-0.886632,1.0205562,0.14571771,0.37380815,0.35183188,0.575985,-0.24861677,0.3493907
0.13065457,0.8429832,0.46854043,0.34216672,0.5938607,0.052915536,0.007914182,0.28456217,0.117080346,0.22587532,-0.590816,0.16121884,-0.003948593,0.25355756,-0.24371016,0.3209905,0.10900872,0.14071442,0.45055568,-0.38128987,-0.22431183,-0.47641876,-0.17267959,0.32607123,0.89364314,-0.19637084,0.17264427,0.44534025,0.3856294,-0.012158574,-0.11139763,0.6743384,0.24838352,-0.24425592,-0.018542046,-0.67574745,-0.56556535,-0.49593762,-0.29459387,-0.16461556,-0.25407895,-0.23581326,0.17572364,-0.2857041,0.27298182,-0.35754427,-1.4678949,-1.06123,-0.7151366,-1.0603316,-0.50637823,0.5105649,-0.09894753,-0.52665806,0.03827039,-0.087573,0.19319269,-0.044589065,-0.0591648,-0.77424073,-0.38506767,-0.62306273,-1.2505912,-0.8296124,-1.5713568,-0.26671803,-0.9139055,-0.44250473,-0.027447542,-0.16371591,-0.5816574,-0.051958732,0.05283973,-1.2812507,0.36246365,0.5349194,0.058502354,0.5235175,-1.1519846,-0.5720188,0.13828668,-0.4400483,0.54648954,-0.14640819,0.756875,0.6571464,0.22635363,0.40039578,-0.5656318,-0.10197615,-0.41732493,-0.39753488,-0.4944403,-0.37039307,-0.673268,-0.2977937,-0.10413155,-0.19572362,-0.88838893,-1.0312506
-0.599491,0.029457357,-0.111023016,-0.08727885,-0.24258474,-0.5035334,-0.6310376,-0.43013915,-0.08636067,-0.40004805,0.55592793,-0.5517768,-0.87151754,-0.1517509,-0.33861437,0.14938137,-0.6731308,-0.7306222,-0.39512718,-0.35486597,-0.5359103,-1.1759287,-1.01116,0.09367016,0.3185535,0.13600844,-0.11190953,-0.65679085,0.33068952,-0.35493603,-0.6340026,-0.6142728,-0.5935564,-0.75174123,-0.6046547,-0.29356536,-1.1569638,-0.790229,0.004737956,-0.39536622,-0.77663255,0.24230959,0.03199558,-0.38547194,-0.21062206,-0.44048563,-0.62903315,-0.85552496,-0.9218178,-1.1885974,-1.2514267,-0.71101964,-1.0260389,-0.67260414,-0.4384137,-0.85960937,-1.0985116,0.30364355,-0.42480198,-0.19578625,-0.9665459,-0.13252611,-0.48206085,0.1759422,-0.0021931275,-0.3681127,-0.51895,0.0016572683,0.4932415,-0.36750075,-0.4749571,-0.16124928,-0.6382972,-0.2248395,-0.008765733,0.42028335,0.14179659,-0.78318244,-0.7827539,0.1389953,0.074996054,-0.8114779,-0.08627061,-0.48993388,0.07302172,-1.2958803,-0.7305112,-0.18376637,-0.55910623,-0.31353122,-0.5732581,-0.7979978,-0.4353504,-0.101105146,-0.083478555,-0.37906054,-0.61431015,-0.941993,-0.87538946,-1.436017
0.76361805,0.46540385,0.5012064,0.036412645,0.0848572,-0.025837203,0.26912263,0.06687883,0.35683808,0.17706114,-0.5430054,0.26832566,-0.40284854,0.26202592,0.38966015,0.19564976,-0.21231085,0.24905314,0.12609236,-0.13484846,0.29707223,0.42493165,0.2961499,0.2426099,0.13460404,-0.4372807,0.4693841,-0.061133627,0.20167908,0.050554592,-0.0037764474,-0.2706739,0.55679977,-0.049714416,0.686812,-0.18303062,0.022353938,0.14005673,0.5609367,0.53502,0.33396932,0.78150356,1.1694244,-0.058513764,0.30855808,1.0649781,-0.16536233,0.23599656,-0.17028399,-0.12599826,0.96670365,0.12803201,0.5578158,0.39661688,0.40817073,-0.1263802,0.015385346,0.26562548,0.68771076,-0.69556737,0.305588,0.07390441,1.3693314,0.4717383,0.7397957,0.99190503,1.0578437,1.4351628,1.3581709,0.5009029,1.1554238,0.41574478,0.7204712,0.8423969,0.24449362,-0.3163791,0.06737071,0.14536381,-0.8519181,0.37087673,1.1065103,0.67465675,1.0939686,1.3251392,0.03860321,0.74712,0.6349533,0.50041884,-0.021116355,1.0770994,-0.4760674,2.4974282,1.4606309,1.8794605,2.094721,0.3059189,1.4663154,0.8416459,0.021501955,0.20763093
0.7248156,0.5878289,0.38714072,0.107833564,0.7183629,0.27509767,0.53267515,0.6305653,0.7135068,0.85838175,-0.01883266,1.3240536,1.4430629,1.0851135,0.95854384,0.58550435,0.5259488,0.4634117,0.38837498,-0.22279567,0.48096108,1.0040224,0.7769125,0.19394755,1.376856,0.48619032,0.39401615,0.77525014,0.56741947,0.21900985,0.017038941,0.3674661,1.235151,-0.12308731,0.8091151,-1.1473916,-0.7109665,1.6126679,0.79383844,0.36295792,0.59136885,1.1021671,1.0491058,0.7550152,0.29067206,1.6046182,0.6467742,1.2209104,-0.17103796,-0.20014302,0.16975316,0.642545,0.49973938,1.0454268,0.3633395,0.17494301,0.7034639,0.19752444,0.8825095,0.50817144,0.47051126,0.643111,1.5095546,0.9766424,1.1703353,0.21569496,0.2079824,-0.18807167,-0.017844174,-0.461914,-0.095837146,0.40943205,1.1733651,-0.45696515,-0.48865277,0.4991571,0.036261622,0.6375154,-0.5321817,0.4758506,0.18587567,1.0507419,0.8972323,0.8952953,-0.037815284,0.97207534,-0.39936095,0.1014886,-0.6215789,0.6621689,1.115835,1.5367961,1.2275323,1.2905313,0.5511271,0.54742473,1.1916611,0.10706925,-0.23018104,-0.120288245
-0.2701233,0.34189403,0.64758694,0.5898775,0.6340317,0.42450702,0.19032244,0.36288744,0.78874224,0.21310064,0.24653575,-0.05164461,-0.60963017,0.6470821,1.0506414,0.5364587,0.52481127,0.08751838,0.46864396,-0.46214232,0.6131837,-0.5285803,0.35156974,-0.28200287,0.60995173,-0.09426367,-0.20669581,-0.81475705,-0.12745637,0.027607907,-0.4309499,0.22085208,0.012928222,-0.15463617,-0.050619807,-0.99096084,-1.2612017,0.018897977,-0.19343197,-0.22398333,-0.15856759,-0.5380652,0.19794396,-0.18919073,-0.41519138,0.9017343,-0.39540517,-0.21784309,-0.31606156,-0.9921176,-0.025701761,0.11751156,0.4098598,0.7685872,0.27489156,0.9670795,-0.0068075196,0.84753704,-0.15914245,0.4227639,0.061640978,0.22063132,0.989026,0.7325033,1.2221107,1.6421432,-0.7699367,0.313808,-0.25304276,-0.5108338,-0.61516833,-0.6034909,1.2763957,-1.4796903,-0.5933918,0.18449083,-0.77250504,-0.15195833,-1.128407,-1.1965033,-0.8654155,-0.17652397,0.34584764,-0.75477314,-0.43126088,-0.23394589,-1.3365883,-0.6523135,-1.0341356,-0.43255326,1.2826515,0.5821079,-0.3631046,-0.52699524,-0.6141112,-0.52821875,0.46796486,-0.70716715,-1.1316718,-0.24695095
0.40924278,0.5547905,0.1722255,0.39457372,-0.06452754,0.22095022,0.32756257,0.21751298,0.44003367,0.3068285,0.63440496,0.95371777,1.0606091,0.6943215,1.0288439,0.27732566,0.39545092,0.35821238,0.71423876,0.5216628,0.45418915,0.45949063,0.6363306,0.10839874,0.11288204,0.10884054,-0.13516544,0.030322645,0.5424515,0.7183556,0.49116528,-0.799402,-0.12850912,-0.51285154,0.521478,-0.965238,-0.47743404,0.9287901,0.3040336,-0.085326225,0.05102784,0.329055,1.030341,-0.19156681,0.34006366,0.27865872,-0.46569043,0.4518109,-0.46990794,-0.5654238,-0.74264115,0.72880274,1.0355309,0.28831583,0.7143195,0.9162699,0.17209569,0.30869216,0.42099848,0.7758919,0.12270947,0.14912687,0.58918595,0.41839808,0.1628322,1.2616851,-0.7907322,1.719136,-0.5008095,-0.31948966,0.3520473,-0.3934512,0.7042116,-0.41374624,-0.06438983,-0.012938488,0.37054068,0.11124649,-1.7805893,-0.26684424,-0.4331442,-0.42969528,-0.03527588,-0.531446,-0.26461908,-0.7607274,-0.47402245,-0.42591837,-0.7291513,0.033212706,0.23856905,0.14008489,0.002723275,-1.450096,0.34079742,0.37429622,-0.1458898,-0.6689824,-1.052297,-1.0683749
-0.6259166,0.032831803,0.014669364,-0.2675788,-0.06023768,-0.2257976,-0.040483538,-0.27844065,-0.5421872,0.638792,1.5591619,0.7459437,1.1853167,0.2487779,-0.111915536,-0.13487466,-0.54313546,-0.49428746,-0.63984853,-0.06716021,-0.7435744,-1.0273217,-0.39366162,0.057844847,1.234214,0.59602636,0.2394042,-0.104929574,0.5145437,-0.26009724,-0.87185997,-0.6016999,-0.5939954,-1.1307726,-0.4136067,-0.3119516,-0.5579969,0.19213963,0.45094913,-0.2697398,-0.8150542,0.18191779,-0.6007201,-0.16817603,0.96874714,-0.88866454,-1.2816626,-0.1119302,-1.1126951,-1.2866545,-0.15814646,-0.46343336,0.293142,-0.51560163,-0.03207536,-1.2478495,0.30424318,-0.6670353,0.42395258,0.667292,-0.7404092,0.3318611,0.3613756,1.7185645,0.03370689,-0.3845361,-0.4504365,-1.0360141,-0.33783895,-0.49965498,-0.83745295,-1.3310862,-1.3243841,-0.7749786,0.22960211,0.08923659,0.24352011,0.65003073,-1.292386,-1.2185286,0.04056133,-0.8733404,-0.8207533,-1.2753607,-0.23955908,-1.6985687,-0.16374917,-0.69169015,-0.31927872,-0.31109548,-0.50029325,-1.6317604,0.534978,-1.522495,-0.90624636,-0.78086394,-0.9976488,-1.4125676,-1.4062064,-1.4986855
-1.2595893,-0.35215405,-0.1395258,-0.4074919,-0.52102804,-0.28064865,-0.51058304,-0.44868577,-0.23850757,0.18764113,-0.45454326,-0.11299794,0.5474245,-0.27170336,-0.2498719,-0.2804497,-1.4402198,-1.144463,-1.1692603,-0.042810656,-0.95939124,-1.897209,-1.5116119,-1.1462129,-0.026267238,-0.14583701,1.0076605,-0.49275097,-0.45256382,-0.22094056,-0.30420843,-0.91815275,-1.3115362,-1.1207914,-1.2620078,0.12823334,-0.7057317,-0.64738685,-0.43318528,-0.61371046,-1.2311908,-1.0469003,-1.1428549,-0.5077314,0.5612246,-1.4150443,-2.0835576,-0.4345668,-0.42041883,-1.0193373,-0.4835775,0.6478966,-0.20237306,-0.9526631,-0.69932324,0.6820402,-0.60916203,0.3042843,0.6207523,-0.06016297,-0.14202371,0.84869224,1.6120964,1.8554932,-0.037469618,0.7446501,-1.6230932,0.16734608,-1.4736733,-0.9252777,-0.5678255,-1.8973463,-1.0303115,-1.8095725,-0.8034034,-0.659717,-0.1489069,-0.38719583,-0.6460356,-0.38096574,-0.8187356,-1.7531488,-1.1412972,-1.3257025,0.37096786,-1.9713916,-1.0642483,-0.26000234,-0.52299374,-1.847205,-1.9928657,0.074987665,-1.1300231,-1.8901957,-1.4317068,-1.3136333,-1.5154346,-1.5197843,-0.67514557,-1.7483698
-0.6895955,0.1964177,0.29450098,0.11145154,-0.2386844,-0.16814803,-0.089986384,-0.083567545,-0.17578797,0.5546867,0.63047,0.5024366,1.6543628,0.3485516,0.36375076,0.2511461,-0.45404652,-0.20404428,-0.49760312,0.2506232,-0.736434,-0.680334,-0.47559965,-0.15197608,1.6983646,0.1302748,1.1866045,1.03817,0.39161003,0.98358196,0.649009,0.06204035,-0.34499753,0.11555351,0.434312,0.60473883,-0.009953899,-0.030453818,0.16497804,0.14184141,-0.11578701,1.1126037,0.23288548,0.42208356,0.9546285,0.6208299,-0.32177788,-0.82519084,-1.0412219,-0.06221482,-0.017147426,0.3943657,-0.3680853,-0.45655864,0.39064792,0.9355085,-0.61037827,-0.16505915,1.3971096,1.5006365,0.57772917,1.2958262,1.1115264,1.2329426,-0.372243,-0.41984847,-0.5194694,0.04918465,-0.15520869,0.16308978,-0.775104,-0.04430901,0.0800007,-0.11397041,0.22049059,1.0419967,0.5929859,0.6854716,-0.4582937,-0.36778572,-0.11620871,-0.3100673,-0.46722257,0.30437046,0.83547926,-0.16099821,-0.5221692,0.7671283,0.6587778,-0.10071331,-1.0610837,0.94021714,0.16475423,0.3400191,-0.7833576,0.026493082,-0.18705513,-0.38868344,-0.65570784,-0.4608924
-0.4127219,0.009514177,-0.23508963,0.0032002488,-0.075350165,-0.032986164,-0.20553589,-0.14868852,-0.87692714,-0.14674291,-0.4976237,-0.13808526,-0.040352352,-0.5288122,-0.81687814,-0.4610911,-0.64246845,-0.6758967,-0.6102278,-0.61354136,-0.38283736,-0.18165226,-0.8235766,0.074473,0.7935821,1.4790729,0.28549606,0.8157293,0.22231185,0.11179022,-0.2683426,-0.4658766,-0.43159455,-0.5754651,-0.24826479,-0.22673422,-0.39201316,-0.89038914,0.10007716,-0.5266692,-0.75551534,-0.10016679,0.42377,-0.1331712,0.3540645,-1.0999023,-1.2551454,-1.3169603,-0.6647199,-1.2517428,-1.3888586,-1.0731531,-0.95861626,-1.2924453,-0.089505464,-1.2269602,-0.76525605,-1.8966264,-0.054857194,-1.5377994,-0.6796814,0.11213194,-1.3621681,-1.4493463,-1.4646366,-1.072327,-1.0252899,-1.7894447,-1.2179531,-1.6013895,-0.2988757,-0.41892347,-0.5919986,-0.87991494,0.56326807,1.0829633,-0.47617283,0.47316504,-0.89281946,-0.57581323,-0.25244892,-1.9304513,-0.7026522,-0.73459363,0.13676591,-1.174546,-0.5705668,0.6811894,-1.0313398,-1.1030527,-1.4041358,-0.65163565,-0.09528731,0.38534716,0.47045228,0.314197,-0.94961214,-1.4372531,-1.1458081,-1.1931593
-0.7973857,-0.28597093,-0.17904234,0.006345364,0.05222684,-0.13881229,-0.27963895,0.2672856,0.094756365,-0.22156589,-0.8310918,-0.6711771,-0.22569089,0.21731853,0.44404975,0.07775143,-0.100149915,0.40262124,0.35978422,0.5650057,0.5127267,0.4568213,0.29431495,0.65869075,0.30987278,0.5332808,1.212919,0.8386955,0.613965,0.47141048,0.317963,0.026693668,0.08072909,0.5106364,0.86201376,0.11543786,0.73563147,-0.015889632,0.33105722,-0.6749979,-0.007309475,0.22020675,1.2835463,-0.46899873,0.4602615,-0.09291808,0.42925665,0.36669332,-0.65986896,-0.1088659,-0.07877353,-0.96340555,0.346193,-0.11448865,-0.5660761,0.06717788,0.37840495,-0.028564382,-0.5214054,-0.6906595,-0.55520034,-0.6116456,-0.4846006,-0.430328,0.11544798,-1.0146149,0.24410386,-0.34930152,0.8181311,0.5461948,-0.13148518,0.9244006,0.9529292,0.2867539,0.9921406,0.52925843,0.8225988,0.52944,-0.48227632,0.49534762,0.8707711,0.14000252,0.334133,1.3681263,0.5101812,0.47990906,0.5040858,0.73622704,0.37452024,-0.15002666,-0.4697525,-0.103382476,0.8309308,0.77500033,0.5745936,-0.3754774,0.6630547,0.6113554,-1.068584,0.12828515
-0.3305324,-0.8797593,-0.43240044,-0.2019163,-0.23116703,-0.9716837,-0.28690815,-0.22531658,-0.65458274,-0.6855896,0.05506945,-0.4066444,-0.8096703,-0.6506227,-0.6044448,-0.15139964,-0.5801675,-0.1785728,-0.14459872,-0.4034617,-0.46847123,0.69810605,-0.46827534,-0.27620962,-0.20584083,0.53782886,-0.13734008,-0.38060698,-0.45218384,1.1223934,0.5459385,-0.5740009,-0.39926502,-0.077335924,0.8874588,-0.40819597,-0.12503552,0.7529993,0.9192537,0.92271984,-0.06375397,1.4988029,1.823262,-0.029455833,0.52287316,0.19055846,1.172275,-0.6644541,-0.80643547,-0.40684974,0.47696403,0.2163655,0.11581814,-0.6532741,-0.6076979,-0.9503193,0.8496016,-0.07710362,-1.5327475,-1.342707,-0.89610523,-0.94441205,-1.9139423,-1.0611328,-0.93730634,-0.9481205,1.0274872,-0.8389202,0.41637853,0.77702796,-1.5058228,-0.1788754,-0.3879249,0.5984749,-0.13696313,-0.6665675,-0.103435464,-0.4131385,-0.06569582,0.82925606,0.34544256,1.5568779,1.0203636,1.4874818,0.26118243,1.0888876,-0.010527448,0.16234423,-0.12515585,1.1634005,1.8014997,0.78695583,1.8064623,0.67593104,0.7085694,0.14279565,0.38776585,-0.8486219,-1.2325025,0.32527968
-0.13793547,-0.3576055,-0.70388484,-0.40908122,-0.17956388,-0.4160978,0.0075162174,-0.38762453,-0.7889189,-0.15972057,-0.0017770823,-0.031914577,-1.1005262,-0.4856399,-1.1484573,-0.045771815,-0.1387011,-0.21454442,-0.22374192,-0.37257603,-0.69900894,0.41089526,-0.138457,0.4199985,1.0303953,0.9291353,0.006336771,-0.18853207,-0.44984162,-0.12926957,-0.5859573,0.20835572,1.362683,0.10514855,0.8804728,0.15022232,0.28878516,0.07001015,0.14832339,0.70075375,-0.4933938,0.77403706,1.1433263,-0.1088133,-0.13956316,0.32209268,1.6056312,0.12395977,-0.44146454,-0.28896216,-2.8676147,-0.4244697,0.6927613,1.0535655,-0.066436216,-1.763879,1.0362715,-0.056866955,-0.8034129,-1.3341537,-1.5904257,-1.4839458,-1.1601663,-0.44115576,0.67321676,-0.4050405,0.7419168,-0.40524817,1.1200675,0.60379463,-0.2702001,0.19066097,0.46538696,0.7727778,0.97466284,0.021617953,-1.177161,-0.5306367,-0.47483787,-2.2532089,0.8663111,0.07964918,-0.11669928,0.59113973,-0.67561126,0.2659836,-0.4798795,0.056117833,-0.13999069,0.22183678,-0.17293057,-0.2544563,0.7470489,-0.79190856,-0.00949123,-0.72932005,0.21040966,-0.6152642,-0.59304243,-0.35529417
0.9513012,0.9165223,0.53111786,0.73920655,1.6842268,0.972747,0.9022221,0.6690598,0.98786443,0.2656207,-0.16563971,0.008271592,0.715346,0.8478463,0.4836523,1.1700265,0.24223456,0.77713853,0.35338846,1.094404,0.5724138,1.7514588,0.89912057,0.9173945,1.7043785,1.0562012,1.2464979,2.2762127,1.0799153,0.8689306,0.306369,1.2497424,1.0670711,1.29543,1.981845,1.8028128,0.7120898,-0.3977808,0.7674894,1.0471506,0.71399695,1.9291141,1.5656884,1.6602958,0.581015,1.5131135,2.8400254,1.999113,1.1301184,1.0729997,-0.90293044,-0.24763176,0.91797066,2.285467,1.7767597,-0.12572116,1.194811,1.6175216,0.7243554,-0.3629215,0.12502527,1.4453411,1.4768177,0.77421623,2.1305566,-0.16732976,2.09422,0.71811455,1.2502718,0.6602824,0.79988545,1.2506533,1.2303089,1.3432916,0.72203887,1.4622302,-0.3057507,1.9180523,0.8217794,-2.9257574,0.008288817,0.22342288,0.5913943,1.5206759,1.1898525,1.6929452,0.8114329,2.4133072,1.2766197,-0.35879573,-1.8773574,0.8123488,1.7198788,2.2951941,1.3340392,1.1346533,1.4777731,1.9437011,1.7040067,1.0666543
1.4998955,1.0785979,0.36667526,0.6513493,0.7168744,0.84108716,1.459616,0.69107616,0.36692542,0.32470483,0.23955335,0.30423045,0.78736484,-0.04187051,-0.25731438,0.58179665,-0.6717484,0.17719114,-0.43705666,1.2287766,0.14054744,-0.38589823,0.65098894,-0.5401903,-0.7821487,-0.19566171,0.22925524,0.169431,0.40562403,0.4442144,0.7745467,0.7889547,1.5726645,-0.14979973,-0.061475083,0.45409337,1.0121496,1.185831,0.48121548,1.2027988,1.4311744,-0.2296418,0.026728172,1.7041698,0.40246978,1.2961049,0.97836065,1.1391041,1.4515848,1.3909395,0.16609973,-0.13372234,-0.009656237,1.0239874,-0.06489238,0.8666175,-1.1334944,-1.5353258,-0.1300077,-0.5080623,0.17518306,0.320529,-0.16257355,-0.064781904,-1.2932516,-0.9164758,0.9166008,-0.52792686,-1.8751819,-0.882753,-0.20671259,-1.3976805,-0.2837423,-0.29420394,-1.2653614,-0.72956467,-0.39849836,-0.14665157,0.10581805,0.26495668,-2.046046,-0.63088924,-0.28353345,-0.9139924,-0.38642475,0.46343088,0.5341752,0.15332519,0.35978296,-0.57649046,-0.54087913,-0.91095877,0.15642288,-0.054941397,-1.1212426,0.72755224,0.058008645,0.9615144,2.3973572,0.59511393
0.9808106,-0.09389429,-0.40306392,0.18731536,0.50534236,-0.14242889,1.0122542,0.36975983,0.35109323,-0.8723189,-0.03130162,-1.1759484,-0.83571917,0.32815126,0.17626937,0.043551017,-0.38227594,0.41518423,0.16341503,0.74586,0.54267496,-0.19387136,0.31346673,0.11975669,-0.3495136,-0.45242515,-0.7498951,-0.5283015,0.38797012,0.3294377,0.84865934,-0.32138214,-0.5796726,0.091525845,-0.010090005,0.12502833,0.4914311,0.052542284,0.22636557,0.79433465,1.183912,0.9677185,0.30652195,0.84068304,0.44808146,0.58142626,-0.8415336,0.27107763,0.98839134,1.0425307,0.10165265,-1.8566941,-1.6997972,-0.46154785,-0.5358001,0.08354527,-1.0309004,-1.2801208,-1.0886023,-0.78459585,-1.3632723,-1.5466926,-1.3979571,-0.13546158,-0.48052135,0.34809875,0.4940381,-0.22548516,-0.6963747,-0.8951117,-0.110209435,-1.2506032,-0.82541436,-0.27339312,-0.74797237,-0.4788473,-0.50388026,-0.42050576,0.27007425,-0.9754663,-1.4990599,-0.62645686,-0.69313204,-0.4653387,-0.46211126,0.04256243,0.6908769,-0.36454654,0.42907482,-0.6822088,-0.3479235,0.48574334,-0.8099551,-0.015749343,-0.015514861,0.7287472,-0.029523717,0.13867466,1.25295,1.1388034
1.9854223,0.38933524,-0.029186623,0.16559221,0.29245183,-0.186337,0.62957287,-0.016356876,-0.63518345,-0.20000468,0.49484262,0.25475192,-1.9035364,-0.09958201,0.18072061,0.2884424,0.5726316,0.04106212,-0.021137545,1.1640778,0.12775616,-0.017359229,0.16431437,0.47630575,-0.41415447,-0.8885119,-0.35962453,-0.565212,0.8936358,-0.54964566,0.8084757,0.2672609,0.09112991,0.3166413,0.015415687,1.3145927,0.8968207,1.5972695,0.3371897,1.14281,0.7229279,0.6132809,-0.05687615,0.105108276,0.9491048,1.0509303,0.75632966,1.0453311,0.8585334,0.93592334,-0.00441942,0.20472251,-0.33446214,0.5976496,-0.47889534,-1.0638572,-0.9844034,-0.7609253,-1.5325613,-1.0779235,-1.1881193,-1.8687714,-1.0508822,0.8355289,0.69316703,0.17998259,0.31099963,-0.12678511,-0.4553958,-0.09651426,0.4964601,-1.507341,-0.5124944,0.04975694,-0.83503103,-1.260144,0.6645659,0.029140754,0.27196127,-0.05736677,-0.85773754,-0.073426604,-0.86149895,-1.5512975,-0.39326322,-0.32940933,0.3609825,-0.3754497,1.2680923,-0.33164388,0.008922478,-0.834747,-0.45101497,-0.574018,-1.0688703,0.1919126,-0.4825308,0.7908685,0.9845545,0.38496485
0.1702119,0.43835634,0.0640699,-0.09187385,0.49681792,-0.65411717,0.054437045,0.18544854,0.35614517,-0.6411947,-1.3375882,-1.1630348,-0.9445349,-0.12449837,0.18667594,0.13996734,-0.0874471,0.4195723,0.18308893,0.83480656,0.22813825,0.10714749,0.15196444,-0.69564474,-0.35868457,-0.6208449,0.45753086,-0.04663348,-0.5526905,0.6859508,0.46501073,0.18899153,0.6167714,0.60335124,0.86442053,1.6537673,1.1210752,-0.0025290272,0.50298727,0.7163551,0.20693506,1.3355521,0.35527536,0.57048225,1.0899963,0.6344494,0.66598237,-0.019760327,0.18216965,0.4257731,-0.34398517,-0.2893289,0.070780054,0.40033892,0.19475134,-1.4388822,0.7260977,0.10371165,-1.7676395,-0.93707734,-1.0758752,-1.3971716,0.09091951,0.50280964,-0.21921736,-0.07922921,-0.4298641,0.49666202,-0.3287147,0.5539184,0.4469179,-1.2290263,-0.1855554,0.30225846,-0.930796,-0.89827377,-0.38623968,0.030192338,0.24884588,-0.64233357,-0.4281066,-0.078271,0.15566215,-0.14828832,0.8767887,0.48999032,0.18026325,1.0163609,0.54279906,0.034112792,-1.1730312,-0.20463502,0.5488313,0.4124039,-0.4266421,-0.024639327,0.3727167,-0.34190923,-0.4237255,0.3496219
-0.16182682,0.1344258,0.10031741,0.33122522,0.3356903,-0.2385646,0.10659442,-0.039189797,-0.21897244,-0.08028701,0.6985033,0.37624082,-0.08181296,-0.22074404,0.2368213,0.09449646,-0.3417069,-0.051898673,-0.27886146,0.2958132,-0.18262169,-0.27184486,-0.28082404,-0.20102556,-0.32297426,-0.046763003,0.7159465,0.30535778,-0.045513917,-0.58282304,0.37282714,0.14715868,-0.44801724,-0.14005062,0.254052,0.46192443,-0.7734332,0.9858688,0.4750974,0.48022535,0.09341017,0.2982727,0.05895757,0.22386545,0.46903566,0.38114378,0.3666917,-0.017820725,-0.7649219,-0.07349657,0.9417374,0.00022848179,-0.25308523,-0.58143955,-0.4995762,-0.41488793,-0.2173276,-0.07546116,-0.44032875,-0.24269317,-0.6577303,-0.6957244,0.091486394,0.48689005,0.14119367,-0.045698546,-0.28320667,-0.59204227,0.19737498,-0.44108382,-0.036361527,-1.0928736,-0.029162424,-0.0696527,-0.57489264,-0.66003025,-0.5760755,-0.32216996,-0.20430788,0.04629645,-0.30872968,0.23741138,0.2030493,-0.35613826,-0.27784368,-0.07825233,0.100851566,-0.8575834,0.070844665,-0.055599958,-0.271099,0.5470056,0.04311747,-1.1178278,-0.48693585,0.8598679,-0.37240738,-0.045568135,0.18539536,-0.4373519
