7Networks_LH_Vis_1,7Networks_LH_Vis_2,7Networks_LH_Vis_3,7Networks_LH_Vis_4,7Networks_LH_Vis_5,7Networks_LH_Vis_6,7Networks_LH_Vis_7,7Networks_LH_Vis_8,7Networks_LH_Vis_9,7Networks_LH_SomMot_1,7Networks_LH_SomMot_2,7Networks_LH_SomMot_3,7Networks_LH_SomMot_4,7Networks_LH_SomMot_5,7Networks_LH_SomMot_6,7Networks_LH_DorsAttn_Post_1,7Networks_LH_DorsAttn_Post_2,7Networks_LH_DorsAttn_Post_3,7Networks_LH_DorsAttn_Post_4,7Networks_LH_DorsAttn_Post_5,7Networks_LH_DorsAttn_Post_6,7Networks_LH_DorsAttn_PrCv_1,7Networks_LH_DorsAttn_FEF_1,7Networks_LH_SalVentAttn_ParOper_1,7Networks_LH_SalVentAttn_FrOperIns_1,7Networks_LH_SalVentAttn_FrOperIns_2,7Networks_LH_SalVentAttn_PFCl_1,7Networks_LH_SalVentAttn_Med_1,7Networks_LH_SalVentAttn_Med_2,7Networks_LH_SalVentAttn_Med_3,7Networks_LH_Limbic_OFC_1,7Networks_LH_Limbic_TempPole_1,7Networks_LH_Limbic_TempPole_2,7Networks_LH_Cont_Par_1,7Networks_LH_Cont_PFCl_1,7Networks_LH_Cont_pCun_1,7Networks_LH_Cont_Cing_1,7Networks_LH_Default_Temp_1,7Networks_LH_Default_Temp_2,7Networks_LH_Default_Par_1,7Networks_LH_Default_Par_2,7Networks_LH_Default_PFC_1,7Networks_LH_Default_PFC_2,7Networks_LH_Default_PFC_3,7Networks_LH_Default_PFC_4,7Networks_LH_Default_PFC_5,7Networks_LH_Default_PFC_6,7Networks_LH_Default_PFC_7,7Networks_LH_Default_pCunPCC_1,7Networks_LH_Default_pCunPCC_2,7Networks_RH_Vis_1,7Networks_RH_Vis_2,7Networks_RH_Vis_3,7Networks_RH_Vis_4,7Networks_RH_Vis_5,7Networks_RH_Vis_6,7Networks_RH_Vis_7,7Networks_RH_Vis_8,7Networks_RH_SomMot_1,7Networks_RH_SomMot_2,7Networks_RH_SomMot_3,7Networks_RH_SomMot_4,7Networks_RH_SomMot_5,7Networks_RH_SomMot_6,7Networks_RH_SomMot_7,7Networks_RH_SomMot_8,7Networks_RH_DorsAttn_Post_1,7Networks_RH_DorsAttn_Post_2,7Networks_RH_DorsAttn_Post_3,7Networks_RH_DorsAttn_Post_4,7Networks_RH_DorsAttn_Post_5,7Networks_RH_DorsAttn_PrCv_1,7Networks_RH_DorsAttn_FEF_1,7Networks_RH_SalVentAttn_TempOccPar_1,7Networks_RH_SalVentAttn_TempOccPar_2,7Networks_RH_SalVentAttn_FrOperIns_1,7Networks_RH_SalVentAttn_Med_1,7Networks_RH_SalVentAttn_Med_2,7Networks_RH_Limbic_OFC_1,7Networks_RH_Limbic_TempPole_1,7Networks_RH_Cont_Par_1,7Networks_RH_Cont_Par_2,7Networks_RH_Cont_PFCl_1,7Networks_RH_Cont_PFCl_2,7Networks_RH_Cont_PFCl_3,7Networks_RH_Cont_PFCl_4,7Networks_RH_Cont_Cing_1,7Networks_RH_Cont_PFCmp_1,7Networks_RH_Cont_pCun_1,7Networks_RH_Default_Par_1,7Networks_RH_Default_Temp_1,7Networks_RH_Default_Temp_2,7Networks_RH_Default_Temp_3,7Networks_RH_Default_PFCv_1,7Networks_RH_Default_PFCv_2,7Networks_RH_Default_PFCdPFCm_1,7Networks_RH_Default_PFCdPFCm_2,7Networks_RH_Default_PFCdPFCm_3,7Networks_RH_Default_pCunPCC_1,7Networks_RH_Default_pCunPCC_2
-1.6425776,-0.2672889,-0.8043731,0.16423385,-0.7847852,-1.0016997,-0.59193265,-0.910358,-0.4061706,-1.0429782,-2.5857472,0.8302542,0.28857803,-0.45602012,0.32698143,0.23001009,-0.011184103,-0.09604578,-1.5013589,0.058968484,0.35391212,-0.54106224,1.9332409,0.83895385,-0.33970076,1.5236326,-1.6022764,-1.2288933,0.37559858,1.3629959,-1.081411,-2.8871863,1.2763298,0.58275944,-0.65757966,0.2471893,-0.8756163,0.41817853,0.79244214,0.9974472,0.57370526,0.5478554,0.44096196,-1.3583133,0.23947667,-1.2827886,1.7046148,1.3972973,-1.9480278,-0.7557923,-0.32179433,-0.65108955,0.10925704,-0.7776709,-1.3429129,-1.3482016,-0.5858777,-0.82633215,-0.60424083,0.14500046,0.074498445,-0.4785992,1.093934,-2.2838783,0.8342403,0.11437551,0.98642546,-1.0224584,0.19380093,1.3119204,0.2943484,-0.7942426,0.45341107,0.2367733,-0.5666801,0.29026622,-0.6883606,-0.37617382,-2.5307386,-2.6646688,0.9464916,1.973038,1.3550606,-1.1913755,-0.9093892,0.6708877,-1.2602589,-2.0699415,0.753283,0.74891484,0.87908226,-0.20422979,0.041241746,-1.3364003,0.18147379,-1.5181526,-1.4126037,1.4426708,-2.0605009,-0.0093534
-0.9663001,0.5608803,0.03992665,0.38710406,0.03902934,-0.87332135,0.5871731,0.11005946,-0.28139406,-1.5308632,-0.49790588,0.4623898,0.42690352,-0.11187537,1.400414,-0.4604704,0.5577131,1.283002,0.6182695,0.8357459,0.929653,0.71108997,0.71365064,0.18294077,0.86551297,0.4066683,3.685592,1.6264282,0.9957208,0.3166928,-0.88017404,-1.2353437,-1.518954,0.016171366,1.0970998,0.359562,0.6204071,-1.0069807,0.3146949,-0.61402595,-1.3074157,1.7580831,-0.72046536,1.274346,-0.54758316,0.87682015,-2.0311432,-0.77872366,0.124092534,-0.87905234,0.36208257,-0.21045214,-0.08925436,0.064704575,-0.6303284,-0.85791796,0.18154828,0.08841838,-0.6571242,0.52435356,0.78685254,1.3981873,0.6100319,-0.17554268,0.13500986,0.022980565,-0.4723195,1.1436151,1.5473702,0.9333649,1.0072092,1.729268,1.3091606,0.8904466,1.1801492,0.8665978,1.2311851,1.344326,-0.79592246,-2.0549757,1.1851825,-0.089777775,0.18552749,1.5051476,2.4182858,1.0917001,0.386111,2.1908274,0.25869024,-0.2878946,0.40818542,1.0574604,0.8902567,1.2190338,1.5306948,0.8144136,2.3546965,0.87145066,0.13469845,-0.31461787
-0.8422512,0.34814775,-0.33545524,0.78412,-0.03327221,-0.62263507,0.73743796,-0.47535574,0.7987366,-0.5271747,-0.4247629,-0.023550043,0.23924941,0.26189345,2.2088137,-0.4526507,1.0949548,1.5084637,0.33843425,1.1315553,1.364216,1.2702181,1.1798965,0.8159418,1.0542599,1.1159835,1.1070837,2.2274206,2.574301,1.9701977,0.21853167,-1.1277564,-1.3320016,0.54366183,0.6753381,1.6291066,0.042540047,0.1892082,1.0342525,0.82457805,-0.49756157,2.000365,-0.036670275,1.6818582,1.1386476,0.7859057,0.94688535,0.026863737,-0.038863294,-0.03873053,1.1842803,0.7283911,1.7266543,0.7178118,-0.32894826,0.26749712,0.9971952,0.3999773,1.4032642,0.6655447,0.9415487,-0.9648548,2.4367008,-0.024067005,1.0697128,2.0640965,3.015081,0.8222804,1.2945427,2.355203,1.5625712,2.085409,1.7306082,2.8085513,0.6661564,1.9342589,2.0499606,1.7179728,0.35516372,-2.1574833,0.9383455,0.54338574,0.9992235,1.6294085,1.4707696,1.8031684,1.6163665,1.6605842,2.7463393,2.6374924,1.5550941,1.7531093,2.4460857,-0.16502418,1.8981023,2.3840857,2.196144,2.7657394,0.8707762,0.9034706
0.06744381,-1.0009108,-0.43981108,-0.41707447,-0.8738012,-1.0036658,-0.06466662,-1.2897034,-0.86360884,-0.7441857,0.15203717,0.20885354,-1.1594524,-1.0799166,0.45560974,-0.18255712,-0.58164454,0.6242102,0.2659785,0.662915,0.9204143,1.2956221,1.0091403,-0.029810132,0.64126366,0.13780965,0.34144527,1.1034436,0.5964587,-0.66017926,-0.4695175,-1.7301491,-0.48570487,-0.42973334,1.4227003,0.31888437,-0.17388082,0.07374964,-0.28519374,-0.8753932,-1.574512,0.060488034,0.1231445,1.217722,0.26333594,0.1766496,-1.0078357,0.15225723,-0.013451423,-0.38138145,0.86893296,-0.52244806,0.26703104,0.24866405,-1.2250589,-0.75058794,0.20365588,-1.0059743,-0.346748,0.83171517,0.2572737,-0.27882147,0.7674305,1.3279366,-0.009668922,0.35847828,1.3245565,1.5796258,1.159117,1.9382061,0.78663766,-0.1997669,1.5853249,0.41870663,0.6295791,0.007927388,0.5247547,0.06019181,-0.7619531,-1.8162396,1.3106931,0.3648304,-0.3281897,0.75010663,1.0839205,0.915564,-0.25563142,1.1475003,0.29772335,0.16584055,0.36800954,-0.0012618899,0.04214963,0.074564904,-0.94645244,0.681409,0.8054181,2.6107628,0.5898425,0.34290764
-0.64264476,-0.02661032,0.331871,0.20827909,-0.15577434,0.14544939,1.1640724,0.43437696,0.031784955,-0.3953622,-0.9274405,-1.1649356,0.34055522,-0.2834199,-0.21706115,-0.8961733,-0.8649737,0.3912892,-0.24433878,1.7104167,-0.999181,-1.36864,-0.61895317,-0.6075425,-1.4174818,-1.3803061,-1.8388228,-1.308082,0.3688985,-0.51545095,-0.89936465,-1.0468061,0.36623013,-1.0819312,-1.5046645,0.40777522,0.207684,1.276395,0.0018142451,0.719029,0.43074778,-1.3216254,-0.4313935,1.0432655,0.4314033,0.0836992,-0.6341664,0.80554813,0.26047057,1.3805513,-0.050837483,0.6176282,1.1387737,1.0002526,-0.006913344,0.7985454,0.77366126,0.035656594,-0.46093798,-1.6862427,-0.9327862,-0.27247253,-0.3073431,0.52288836,0.90849996,0.6342506,3.014757,-0.31918606,0.47573498,1.5760926,0.61783254,-1.834513,-0.2055368,0.8933628,-1.3820264,-1.2918667,-1.0345427,-1.1704519,0.78558606,-1.3210409,-1.0632173,0.7311545,-0.055043932,-0.5992422,-0.3047144,-0.26582235,0.5563928,-0.7882742,1.4611045,1.6190732,1.966474,-1.2730831,0.13259003,0.34886867,0.06024951,2.2728965,0.2774313,2.1733239,1.8534135,2.1605268
-1.0769901,-0.7269743,0.37180445,-0.17454329,-0.36338443,-0.17206591,-0.41844857,-0.35706466,0.04596064,0.07724386,-0.98227674,-1.9748143,1.250567,1.8777162,0.72598773,-0.2143389,-1.1107073,-0.6031381,-0.6926934,-0.46667182,-0.7168611,0.51790226,0.3649611,-0.58665353,-0.17529328,0.24303727,0.06223549,1.4187987,0.22189756,1.355363,0.17492686,0.2523828,-0.7147406,-1.0113983,0.114459425,0.08755542,0.2955046,1.5429041,0.48015988,0.2733628,-0.12368862,1.4423395,0.8831995,1.8262063,0.252676,1.5027012,-0.37083545,0.7696575,0.7989217,0.88778704,-0.46045664,0.05659251,0.72256404,0.35475382,-0.33381644,0.14179774,-0.16523223,0.15567192,-1.0252962,-0.54487354,-0.50002456,0.6755105,1.211873,-0.2818762,-0.3487431,0.88839716,0.17973182,-0.09108493,-0.5763344,-0.2952013,-0.8123832,-0.27053982,-0.9968413,1.3578488,-1.4315863,-1.1546704,-0.12021493,0.43045184,0.35525382,-0.5233885,-1.579839,-0.4860972,-0.43316823,-0.66469127,-0.56542385,-0.756659,0.22008142,1.0132893,0.25480154,0.4203869,0.29647097,1.0575013,0.15743847,1.3706276,0.987989,2.0919576,1.3427576,0.65672356,0.14073502,1.101619
-1.5726656,-1.120632,-1.1358871,-0.9033846,-0.22521052,0.5084099,-0.8926819,-1.0139996,0.099186175,-1.0266129,-0.72175866,-0.69912106,0.9856198,1.0054598,0.63451475,-0.37179786,-0.6360618,0.003851139,-0.43231273,-1.0266738,-0.48447758,1.0892862,0.011032933,-0.36420986,-0.13143687,-0.57038593,0.18193148,1.3621316,-0.2928665,0.6837222,0.8465977,-0.117675684,0.93555725,-0.7403605,0.9281034,-0.24133363,0.313168,1.4379947,1.8340255,2.080038,1.4592527,1.4876037,2.6090088,1.7641098,2.6764784,2.338012,1.6299646,1.2612568,0.20616588,1.4802395,-0.87943125,-0.3177442,1.2483546,-0.33549827,0.33529803,-0.10436951,-0.34413755,-0.15306363,-0.1962852,-0.28276253,-0.0015729833,1.0091044,0.69059324,0.80643046,0.88544524,2.1972294,1.9217074,0.16868971,-0.5407269,-0.11922259,-0.104126014,-0.25048104,-0.34934086,0.6944727,-0.8452297,-0.84547246,-0.20826046,-0.8504759,-0.018818667,-0.7465598,-0.074537955,0.5318668,0.9568127,0.29531842,-1.2746627,0.103125274,0.85736126,0.4164628,0.60470474,1.9785571,0.07345478,0.8176794,0.010285076,0.8304566,2.900556,1.7214932,1.3931316,0.42606506,-0.36553606,1.5395973
-2.356017,-2.2431748,-1.6732639,-1.8364381,-0.930892,-1.0272824,-2.4113984,-2.3161623,-1.9053956,-2.7835257,-1.2437913,-1.7418495,-0.79539347,-1.8102831,0.0952738,-1.9556221,-1.5782075,-2.9805262,-1.1470888,-3.3169847,-1.9546657,-0.16003664,-2.031566,-2.603359,-1.8315388,-0.9372528,0.43137985,0.55583906,-2.4555974,-0.85260236,-0.41646165,-1.4041265,-0.13101773,-2.6413786,0.8452818,-2.3389041,-0.03459318,0.3348716,-0.8699282,-0.5633485,-1.0850158,1.1116766,1.5668911,1.6860799,0.9293098,2.0497892,-0.87116295,-0.6640942,-1.6766073,0.15813321,-1.7107389,-1.6287637,-1.0924728,-0.23990895,-0.61591625,-1.0301837,-1.2868698,-0.6612435,-1.0895079,-0.23441757,-2.1780899,-0.46524063,-0.14973822,0.4980711,-1.0095762,0.15974852,-0.51161426,0.16723761,-2.0479116,-1.3012133,-1.6507293,-1.1991749,-1.2525784,0.6450091,-1.5791312,-1.8953813,-1.0107138,-1.7939521,-1.4438543,-1.332575,-1.0523446,0.66519827,-0.71498877,0.41941833,0.25637597,-0.12305628,-0.5258333,0.57344526,-0.8386771,0.29952845,-0.39458728,-0.51102614,0.07935318,0.64607126,1.0751853,1.7076273,1.7976938,-1.0388964,-1.2309893,-0.47895932
-0.22009555,-0.6881883,0.22012025,-0.9949339,-0.31480408,0.13148528,-1.7957454,-0.9884924,-0.24779437,-1.16612,-0.23641968,-1.212859,-0.51404554,0.36841127,-1.3619236,-0.9270189,0.40718952,-1.0430778,0.80903894,-2.2509577,-1.2064749,-0.070694245,-1.7122608,-1.7820271,-1.0606188,-0.65026736,0.11511069,0.6259372,-0.9392826,0.30245334,-0.560384,-0.72262263,-0.16597804,-1.1507761,-0.004708502,-0.19634674,-0.6467522,1.0331706,1.4119601,-0.302214,-0.6149458,1.1907506,0.8753603,2.2411094,0.6307848,2.0967104,-0.37551874,0.57871133,-0.6201728,0.22518075,-0.17100751,0.018981453,-0.6501601,0.15134595,0.27180156,0.46469787,-0.16534103,0.3132905,-1.1232454,-2.030916,-1.7533314,-0.46677834,-1.8169554,0.9115291,0.37859073,0.12410827,-1.6835698,-0.21764381,-1.1002725,-1.107355,-0.9855165,-1.5877485,-1.2729044,-0.6439493,-1.1545737,-1.6607571,-0.99521995,-1.1815442,-2.1830091,0.34758514,-1.4561191,0.17729199,0.32721502,0.76992476,-0.41069767,-0.86707056,-0.3186811,1.499478,-0.88021797,0.08204962,1.3472908,-0.82229364,-0.5335981,1.049733,0.46472526,2.117831,2.178044,-1.6828713,-0.47548693,1.0790292
0.036499303,-0.61726254,0.100287,-0.24033065,-0.2344433,-0.0052734264,-0.76659685,-0.6492845,-0.44377336,0.29954726,0.17535749,-0.97691894,0.11587806,-0.4459243,-1.2164813,-0.51991934,-1.2386248,-1.4674459,-0.5467721,-2.2067697,-1.9097892,0.8634977,-1.3935143,-0.7793229,-0.33920464,-0.8696732,-0.10922129,-0.14368095,-1.1048597,-0.5515058,0.24562135,0.03330581,-0.2317742,-1.2652818,0.37732792,0.059969567,-0.37215623,0.11184483,0.99750835,0.45257527,-0.26316923,1.1041831,1.2685046,1.6125883,0.42635882,1.802334,0.9995231,0.4904838,0.28426525,0.097732715,-0.47817695,-0.12795043,-1.953662,-0.13564937,-0.25953504,-0.33033815,-1.4365418,-0.22852972,-1.882951,-2.0764725,-1.2849106,-0.37708583,-0.052918687,-1.2586706,-1.2816904,0.12806213,-1.9487988,-0.30681115,-1.539567,-2.2164516,-1.6129915,-0.53820586,-1.5169339,0.2802667,-1.2530812,-0.8136619,-0.7088357,-0.6567227,-1.5792477,0.44192782,-1.6185745,-0.8236085,-0.47548833,-0.36883074,-1.6571338,-0.18351103,-0.48932165,0.613714,-0.44338846,-0.5920021,-0.12311509,0.62319267,-0.16779338,1.1658064,0.99807936,1.4559672,1.4170898,-1.4345171,-0.29336753,-0.090268776
0.2694413,0.73593855,-0.011989693,0.5892412,-0.1804415,-0.59717834,0.24152921,0.20112775,0.58425325,-0.7491246,-0.8567649,-0.18175018,1.6387551,0.34091902,0.6157781,0.059159815,1.2762591,0.21157756,0.317428,0.60444987,0.6393312,0.4480366,-0.17820387,0.20561208,-0.6124767,1.3196017,-0.5125084,0.25039753,0.5417853,1.1585181,-0.72272766,0.14943752,1.3848864,1.6641399,0.54633427,0.75305164,0.3444874,-1.1149186,-0.23870522,0.6470577,0.5011774,-0.9926023,0.7229228,-1.1213332,0.95180446,-0.34658283,1.4248246,0.52613866,-1.2260616,-0.25504714,-0.6237763,0.5487767,0.7102969,0.98145723,0.67630315,-0.21086136,0.47292462,0.6967712,-0.00032347222,-0.75196785,-0.60062665,-1.1817662,-0.5364646,-0.12577453,0.81571186,0.8586229,0.58056384,0.39416873,0.5445472,0.50365543,0.5542978,0.79748553,0.5305887,0.26137567,-0.6791574,-0.7628614,0.9790122,1.4614085,0.35399494,-0.051504873,0.2659237,0.7766943,-0.028731376,0.51613575,-0.3265811,0.87094176,-0.43448964,-0.32734972,1.3575463,1.1228501,0.66705686,-0.16470625,0.30087408,-0.41377556,0.40481725,-1.5401322,-0.41967377,0.7200378,-1.0323725,-0.40769666
-1.0781435,0.49105924,0.14929372,-0.05221582,-0.06853092,-0.7572659,-0.916261,-0.9952976,-0.9760395,0.5187786,-0.032693677,0.46653363,0.075132504,-0.041705195,-0.043993257,-0.14577463,1.3906684,0.1775396,0.38560393,0.39981812,0.40827334,1.8657618,0.7838937,0.23945242,0.80320686,1.4014038,1.1164286,0.97459966,0.7664511,-0.53866094,-0.22560637,-2.003685,-0.25209826,0.65080124,1.2312263,-0.11431692,-0.56509763,-0.9799536,-0.16497862,-0.8371292,-0.9830474,-0.06565046,0.4819713,0.09274982,0.4362707,-0.629398,-0.3860855,0.9723587,-1.2320231,-1.0659375,0.29630822,0.6604283,1.8404263,0.82956856,-0.13343291,-0.5196167,1.0585228,-0.33218363,1.0707664,1.3513592,1.2720089,0.28478742,0.5207622,0.63129133,1.3550681,1.2360169,1.4409728,1.416124,1.9418793,2.168585,2.272343,0.8023917,1.2133663,0.56859046,1.0770841,0.63196295,0.8537594,1.9659122,-0.31474113,0.41824257,1.1721225,1.1464642,1.2815394,2.0189922,1.7192456,0.6409838,0.5025816,0.7932828,0.65619755,0.46123552,1.0018519,-0.13011977,-0.34149796,-0.032119032,-0.33551311,0.010551716,0.0823018,2.1413317,-1.1761972,-0.6557593
-0.04770788,-1.0783819,-0.68553275,-1.3689734,-1.2521539,-0.94016165,-0.7063281,-1.7229463,-1.5555738,-1.0553659,-2.7155325,-2.4583507,-0.66836506,-1.4167466,-1.1831385,-0.52045196,-1.4790314,-1.2447939,-0.16003224,-1.4340887,-1.6957716,-0.17527452,-1.0215697,-2.1958158,-1.6495906,-0.8715502,-1.7525483,-0.7673818,-1.3426958,-1.3089329,0.44754297,-0.48349518,-0.45785636,-0.9328984,-0.12982117,-1.0680429,-1.0829009,-0.5613067,-0.16821265,-1.037813,-0.71231735,-0.6450762,0.1515994,1.0407398,-0.7685112,-0.024117913,0.013553247,0.81204885,-0.7297615,-0.22358774,0.32112432,-1.0062523,-1.3968859,-0.49082693,-0.89055234,-1.0686027,-0.4216355,-1.2895371,-1.2094067,-1.186962,-1.9004226,0.51460344,-0.97492164,0.7123765,0.43617645,-1.2989866,-0.6158239,0.030863784,-0.74732167,-0.609244,-1.0248319,-1.7952828,-0.7897773,-1.7817934,-1.2184378,-1.9621646,-1.8167282,-1.8685011,-1.0670757,0.065737225,-1.7048596,-0.43269062,-0.38639918,-0.84932196,-1.4780747,-0.8068868,-1.1206226,0.093045875,-1.1004417,-1.2259887,0.6384075,-1.3273414,-1.6979473,0.24600607,-1.9708847,0.81391126,0.6227451,0.44374463,-0.95938486,0.3998488
0.21847135,0.32822514,0.6453209,0.65218043,0.23180343,0.6308915,-0.22154634,-0.11664739,0.42208514,-0.58793133,0.6867047,-1.2451034,0.39049158,0.9851058,-0.1358281,-0.06519315,0.0147725735,-0.8414342,0.8869229,-0.051325858,-0.81829995,0.24301115,0.20027527,-1.4758707,-0.13902211,-0.58739996,-0.043293968,0.9260431,-1.392662,0.95366013,-0.43858233,0.92504925,-1.5373567,-1.8778329,-0.81091785,-0.7252783,-1.1971759,1.5518534,1.2530013,0.49487802,-0.36362427,2.2868543,0.15559042,1.6674138,-0.5977642,0.8254137,-0.36810192,0.30369174,1.0442683,0.13636677,0.008741697,0.27830848,0.05641996,0.74422604,0.26683527,0.32541758,0.14339441,0.6370893,-0.7661501,-1.7019818,-1.6624613,0.9215304,0.21794347,1.1044387,1.2420039,0.24420035,-0.44574073,0.65647036,-0.6742662,-1.2205323,-1.3281434,-1.0980372,-0.5965201,1.3021004,-0.88102025,-0.6625865,-0.45127207,-0.58176845,-0.41700992,0.8271348,-1.0433301,-0.42675158,0.53031486,-1.3756354,-0.70207745,-1.068917,-1.1830025,1.3618296,-0.67531383,0.69094867,-0.03438146,1.1648686,0.87947774,1.8449463,1.2916884,1.9759061,1.4451822,-0.29213926,1.8792888,0.8562366
0.08449423,0.13380994,0.8479031,0.79760957,-0.15980244,-0.071553625,1.3116324,0.58573806,0.5267028,0.51115555,0.34795323,-0.36591443,-0.22912237,0.74955416,1.6798258,1.1671801,0.9041919,0.3744676,1.1713463,0.45313177,0.8160763,-0.38096473,1.3995019,0.23731004,0.14841916,-0.093904555,0.07762433,0.5596062,0.7052652,0.1611406,-0.15479621,0.6153545,0.22688128,1.2249925,0.72882146,1.2774423,1.4069632,0.6896346,0.26967624,0.742722,0.7248145,0.1834845,0.12158165,-0.20011994,0.60670537,-0.3447205,1.0081047,0.45854786,-0.76186687,0.41778845,0.2709193,0.8329099,0.15521011,0.4530338,-0.027117139,-0.1664558,0.20838937,-0.09656925,0.122524075,-0.2943092,0.11197279,-1.3875202,0.8617449,0.82976377,0.29798245,2.251423,0.46393862,0.9973497,1.167117,1.5450972,0.73707604,0.24482009,1.9860798,0.14388733,-0.4061626,0.14963175,0.34037295,0.21750204,0.09547213,-0.33184034,0.5492247,1.7616175,0.47184527,0.9481265,-0.5891708,1.7129022,0.8413383,0.18159647,2.4739385,0.9423211,0.9851887,1.5334902,0.823616,0.1212842,0.46104506,-0.6728818,0.7067841,1.7956818,-0.5010254,0.34301865
-0.5020242,-0.7283013,-1.1619025,0.46253052,-0.033475034,-0.9654231,-0.8467888,-0.91623354,-1.4493902,0.23089857,0.6733323,0.79103905,-0.53576934,-1.2965196,-0.4819043,-0.6896634,0.5903388,-0.3514619,-0.7546803,-0.5911995,-0.52459854,0.6014666,-0.66831946,0.562407,0.15240154,-1.1744919,1.562541,-0.15692565,0.35348502,-1.2130218,0.34600592,-0.86352354,-0.8700054,-0.51307017,0.424942,-0.3764097,-1.3302721,-2.3709269,-1.318178,-1.3772779,-0.91627264,-0.22981739,-0.08940475,-0.9006047,0.009250493,-0.7845322,-0.7000953,-0.2337953,-1.821762,-1.182754,-1.5896121,-0.5931733,0.19582516,0.48214695,-0.66457564,-1.7454079,-0.5334278,-0.9371414,-0.124982305,0.71034306,0.36122677,0.76348954,0.8010678,-0.4320877,-0.51825583,-0.3670288,-0.68449205,0.5189182,0.63504046,1.0377207,0.23145449,0.24465309,0.06419228,-1.6963156,0.6648403,0.011614145,-0.37560505,-0.34242862,0.581886,-1.2919397,0.4141617,0.05640886,0.5215856,0.535814,1.1441805,-0.19283335,-0.22622877,0.28534815,-0.35551333,-1.5183604,-0.0008664732,-1.0246652,-1.6175796,-1.4844773,-0.65241754,-0.7516582,-0.4842868,0.7578677,-0.82175523,-1.7690784
-0.16717432,-0.7927392,-1.096768,-0.22483437,-0.4691936,-0.7954232,-1.7242727,-1.7508758,-1.5372386,1.2860347,0.6329806,1.4653525,-1.2979401,-0.86038435,-0.848826,-1.1351708,0.405939,-1.4384557,0.39248672,-1.2910331,0.31750533,1.3714654,-0.5665868,0.033403803,1.4271904,1.0830156,1.7040988,0.66576797,-0.22035499,-0.7401597,-0.96313477,-0.39246455,-1.201917,-1.2857558,1.0828701,-1.2824557,-0.39328933,-0.6043504,-1.5087198,-2.5568604,-2.886539,-0.30952343,0.21047698,-0.72100234,0.008191276,-0.5744902,-0.66861653,0.2918693,-2.3638494,-2.5195677,0.19863191,0.04329044,-0.061854854,0.76293397,-0.34328976,-0.7798785,0.2937788,-0.43635565,0.38087857,0.014742785,0.6722186,-0.60961103,0.06314228,0.8656674,0.3722212,-0.5738189,-2.0579321,1.5946629,0.6804523,0.081282064,0.8979663,0.19751872,1.0618805,-1.5547917,1.2845696,0.53993857,-0.22805457,1.4061327,-0.023502545,-0.24289133,0.89846635,-1.5413496,-1.1254096,0.31476068,0.8744158,-0.7172952,-0.6829313,-0.1010942,-1.9904839,-2.8626359,-2.6287992,-2.1577291,-0.47174314,-0.7821666,-0.5856325,-1.5673276,-1.4268091,-1.6533368,-2.4679487,-2.6860785
2.0578103,0.5865255,0.9237822,0.48352256,0.18899886,0.49305415,0.89666104,0.76659113,0.2863924,1.2803502,1.3013037,1.7143645,0.1300491,0.70790935,0.04864637,1.404758,1.4085628,1.9151505,0.20375133,1.2169036,1.4403516,2.1342287,1.166406,0.50135463,1.1011047,0.19703344,0.8259487,1.6032133,1.7146733,1.0820291,0.5365648,-0.4288758,-0.20489259,1.4578472,1.2490907,1.3741388,1.079885,-0.35189563,0.096723884,-0.20623371,-0.1089353,0.46265218,-0.0039981194,-0.736888,0.051999982,-0.20841007,0.66223145,0.16000848,0.18162148,-0.36322427,2.0149722,0.64868015,0.674092,-0.20201382,0.3104729,0.60856074,1.2971172,0.17544499,1.9696859,2.0570242,2.0000298,-0.29110345,0.24718651,1.1477538,1.5125723,1.5899215,0.41209498,1.7646942,1.1921384,1.4803419,1.191518,0.770422,1.3300697,-0.25001517,1.4947158,0.26011407,0.67798436,0.2292009,0.99356055,-0.13750732,0.9474053,-0.5057624,-0.12699702,1.2462025,1.0280598,0.42747274,1.1531391,0.17301264,-0.09978985,-0.39635697,-0.0055423197,1.2105873,1.125227,0.2543792,-0.9597916,-0.56662965,-0.3809569,1.0334444,0.7967876,-0.6909009
-0.647541,0.23963718,-0.09097363,0.7353953,0.021626621,-0.2820121,1.1669763,0.2892198,0.38591975,0.4843196,1.5011182,1.4249957,0.89222527,0.7593098,1.3207374,0.50219023,0.24250732,0.2847109,-0.103818975,0.17670566,0.9092928,1.5192324,1.1551447,0.50503725,0.71804136,1.470795,2.3827329,2.1432083,-0.32581475,3.2705395,0.11609942,0.2627193,-0.027326247,0.35200462,1.7738448,0.32796204,0.73221797,0.13687082,1.4951954,0.68180555,-0.8521782,2.518965,1.4207547,0.15220633,1.1854919,1.2255602,1.3120924,-0.912981,-1.1350697,-0.22006254,-1.2886816,0.4193414,0.87862206,0.4468879,-0.04400533,-0.07349287,0.55208874,0.76084316,1.039151,1.930246,0.5491178,1.7957186,1.2835903,-0.74631685,0.03512846,1.485486,-0.030440534,1.8549583,1.1304568,1.2560146,0.8202157,2.3612683,1.9774404,1.30601,1.3192909,1.7698407,0.8483386,1.8409002,-0.4541613,0.7646821,1.5459108,0.14288794,-0.28296548,0.83081394,2.4859164,1.0712917,0.84929216,1.9511752,0.65146554,1.0027928,-1.1826004,0.3145925,1.6902441,0.36474192,2.2536442,-0.13671233,0.31065488,-1.5406443,-1.142096,-0.42726192
-0.11503827,-0.5869561,0.1031929,-0.97501713,0.17086712,0.055900134,-0.82572716,-0.4069536,-0.580836,1.0836594,0.13583378,0.9716136,0.3781133,-0.37436992,0.9083448,0.45538834,0.061908953,-0.2976464,0.038699176,-0.16389549,-0.23253237,1.2058443,1.3259537,0.7476028,1.8511744,2.5053487,2.5309474,0.27236778,0.2678646,0.85866094,0.36092362,1.1582441,-0.004086828,0.56440187,2.739803,0.558628,-0.559256,-0.24867935,-0.053588986,0.03127515,-0.032430492,2.2184484,1.9352298,0.17247374,1.9193039,1.301098,1.1998127,2.2714326,-0.4876129,-0.028381828,-1.5301354,-0.1380354,0.43604866,-0.7554598,0.11159539,0.012974692,-0.64581656,0.20257466,0.13723853,-0.08590583,0.42411765,0.2397639,1.4528589,0.4579063,0.6975903,0.4815485,-0.7263617,-0.08929189,0.22996765,-0.24814056,-0.40464228,1.8979728,0.39689842,1.4658407,0.55722696,0.48441586,-0.08365164,0.6070839,-0.46869364,-0.46369967,1.0634545,-0.12575203,0.17837544,1.119875,2.4571629,0.40607747,-0.77755463,0.9233237,0.15794389,0.13746698,0.26457295,0.65432763,1.2617098,-0.19643778,2.652445,-0.5571692,0.27845204,0.7686655,-0.48472923,-1.070047
1.40379,-0.38201237,-0.34804848,-1.1122764,-0.2555054,-0.2234186,-0.84030527,-0.9588343,-1.1268334,1.2889248,1.4570811,1.3621554,1.1757604,-1.0748888,-0.4169869,0.116439715,-0.24301128,-1.6018984,-1.1516564,-0.84385073,-0.61749136,1.1751051,0.07389985,0.54217124,0.32157934,-0.15433192,0.9944219,0.75782925,-0.7355777,0.88721645,-0.61218816,1.5873501,0.86598516,-1.0640284,0.8909038,-1.764288,-0.9530252,1.1059309,0.39972052,0.17640784,-1.1383218,1.2451468,0.041618716,0.11195639,-0.84908587,0.10695614,0.10272084,1.5490037,0.09173506,-0.66748226,0.54889214,-0.15113296,-0.83047646,-0.6155643,-0.39028862,0.18333167,-0.20842357,-0.0046973503,0.3977015,1.3210936,0.953033,0.23048027,1.4371248,-0.10179044,-0.5183857,-0.2946178,-0.058522865,-0.3312217,-0.14586063,-0.7671126,-0.20232864,0.5756297,0.002575409,0.10489001,1.1613594,1.6509961,-0.27976394,1.2412881,-0.51227534,1.197513,0.7167635,-0.43087435,-0.03282884,0.47021124,1.6128904,0.18631697,-0.5060109,0.98179036,-1.657919,-0.35310483,-0.94419193,0.329065,1.2013446,-0.120162286,0.2749366,-0.7810528,-0.24012567,-0.8527276,-0.12068671,-1.4081361
-0.69853467,-0.5745373,-0.2816351,-0.2913051,-0.23424388,-0.39400712,-1.4489887,-1.3527694,-0.7109102,0.66779536,0.8150459,1.3809264,-2.1461282,-0.7921342,0.7097195,-0.6846848,-0.51990515,-1.561834,-1.7566229,-1.2513378,0.28691235,-0.035377353,0.12477921,-0.4594927,0.70223093,1.1404408,0.406932,-0.4614916,-0.28030476,-0.95135766,-1.2048019,-0.35822058,-1.1639365,-1.211712,-0.41050887,-1.7792205,-1.4447259,-0.2653816,-1.3318125,-2.3121457,-2.4900818,-0.36925608,-0.42254472,-0.8784922,-1.7005131,-1.484825,-1.6633567,-0.70424724,-1.7571613,-2.0734148,0.10304846,0.07541154,0.46457288,0.51435727,-0.2851584,0.37868056,0.9632559,0.479195,1.3982486,2.1551497,1.7309699,0.261458,1.8940992,0.98147714,1.2673807,1.8851602,-0.024001988,1.4883952,0.6888703,0.5855392,1.1747596,0.7525967,0.9383536,0.1033393,1.9870336,0.7554986,1.0431215,1.9389089,-0.76828957,0.18211135,1.5620506,0.08341234,-0.28653327,0.7852989,1.2427769,0.5283462,0.101325475,0.23763345,-1.11858,-0.30237693,-1.1696492,-0.6299797,0.1545922,-0.7878391,-0.88617826,-1.6901711,-0.6605535,0.22373204,-0.9191836,-1.5567799
-0.45673865,-0.47678953,-0.94279796,-0.6030938,-0.174428,-0.58800125,-0.5250015,-0.61000866,-0.6838314,-1.3573515,-0.19165681,0.34057313,-0.9614073,-0.49777022,-1.117414,-0.42730588,-0.39061317,-0.585421,-0.36915258,-0.96580863,-0.20828608,-0.17872532,-1.0513792,-0.5483191,1.3873962,1.1626959,1.2412146,0.75330675,0.13084957,-1.1937308,-0.49827644,-0.07540539,0.22534463,-0.24704061,0.449737,0.20368959,0.074884936,-1.0621486,-0.86843854,-0.50884867,-0.9448512,-0.22443384,-0.39249116,-0.98835355,-0.26637217,-0.45444608,-0.5842505,-0.20318577,-0.83598906,-0.9955362,-0.27153778,-0.11091494,1.2429278,-0.4546027,-0.34180135,-0.573208,0.5985785,-0.4615927,0.043324877,0.9078747,1.0551876,0.8985886,2.0383945,0.85446817,1.2843728,-0.044309195,-0.0667487,1.3178909,1.090695,0.7613442,0.4695127,0.74812025,-0.42598227,0.1623575,1.2168224,1.0781912,1.518933,0.65864736,-0.10699881,0.01439707,1.408311,0.14208733,0.13147543,0.27342996,1.5846472,0.18811944,0.030613447,0.026451463,-0.17028457,-0.4930987,-1.108707,-0.15024614,0.42075673,-0.46188903,0.59670776,-1.3375808,-0.39681992,-1.3480892,-0.10493874,-0.9689658
-1.5204598,-1.8991671,-1.667949,-2.336882,-0.7728947,-0.98223835,-3.4820178,-3.1418319,-1.9416416,-1.8655101,-1.4099238,-0.11214985,-2.068782,-1.7837563,-3.863817,-2.750645,-2.1245117,-2.897161,-2.6235492,-3.2821982,-2.9635458,-1.8905356,-3.5195844,-3.1854076,-0.5343501,-0.4413803,-1.4476808,-2.3265567,-3.0127254,-3.3729923,-0.5100272,-0.09161546,0.398904,-2.339562,-0.5141672,-1.7445275,-0.32277524,1.0564936,-0.59731424,-0.6418347,-0.95346445,-0.74246675,1.4242426,0.33710626,-0.18195121,0.8161717,-0.816891,-1.377785,-1.7867972,-0.17028604,-1.133596,-0.8602041,-1.0158076,-0.2918915,-0.84106344,-0.8262217,-1.2941824,-1.5886781,-1.3062408,-1.559064,-0.9831921,-0.59040904,-1.6833866,1.5979879,-1.0635875,-1.5357455,-0.8439706,-0.6116719,-0.39004692,-1.5778228,-2.328379,-1.477598,-1.7601873,-1.2149669,-0.63848794,-0.3922329,-2.6473427,-2.4084682,-1.3204834,-0.38002348,-0.69949836,0.9780603,1.712785,0.9580914,-1.0844866,-0.65432936,-1.5276811,-0.28935236,-0.37892517,-0.2606366,0.99819005,-0.3411542,-1.4829133,0.24332318,0.013223122,0.33541653,0.39165157,-0.21524364,-1.589125,0.5098964
-1.6078013,-2.3895686,-1.8144311,-2.533136,-0.90186554,-0.6940663,-3.9551203,-3.1284266,-1.9807938,-1.8331587,-1.7410128,-1.3999624,-0.72318447,-2.7623482,-2.5616484,-3.1568651,-3.1907184,-3.2256382,-2.308321,-2.7577772,-3.0479379,-2.6999476,-2.9239876,-3.818517,-1.8702245,-2.7541025,-2.6422641,-3.0337892,-2.6863303,-2.22277,0.6755928,0.35540116,-0.2515244,-2.8124244,-1.9498721,-2.7352614,-0.24021086,1.5112925,-1.0773436,-1.349047,-0.8380512,-1.9798585,-0.27766755,1.2174251,0.39202037,-0.38558683,-0.3875124,-0.14067404,-0.79527056,0.008953993,-0.092430666,-0.8942059,-3.120941,-0.5833546,-0.7162825,-0.7783955,-1.151111,-0.4830326,-1.5753888,-2.0765157,-1.4702548,-1.1761737,-0.655758,-1.37175,-1.6364453,-0.7661516,1.4589957,-0.9311797,-1.7442645,-2.2969131,-1.9590211,-2.4665744,-2.4718816,0.52637225,-2.2998617,-2.2260723,-2.4826283,-2.646854,-0.59251314,0.93840283,-2.4354565,0.30744916,0.21192215,-1.5932486,-3.0734859,-1.4333994,-1.7591804,-2.2287898,-1.5921304,0.5145927,1.0517317,-0.14543915,-2.1277266,-0.09211837,-1.3809074,2.3225436,-0.0064522526,-0.37037638,0.609394,0.8561142
0.23841627,-1.4674163,-1.2448772,-1.2546524,-1.1435527,-0.43811902,-2.0101476,-1.4887989,-1.1654516,-1.6189468,-1.8432198,-0.94261634,-2.1946003,-2.5826461,-1.8864274,-1.7537705,-2.3442214,-3.1916037,-1.9041083,-1.7167538,-2.661088,-2.0609808,-1.9858114,-2.0444741,0.13204898,-1.4408747,-1.9613556,-3.469522,-1.3288969,-2.4538956,-0.6912264,0.2271599,-0.34324166,-1.8388059,-1.0592322,-0.9736403,-0.11359354,-0.17403099,-1.2316054,-1.4589599,-1.358862,-2.1643043,-1.7963176,-1.1895889,-1.1519257,-2.466736,-0.6523359,-1.9314172,-0.52898455,-0.72069836,0.41172713,0.038610004,-1.1662136,-0.63070196,-0.8158784,-0.17402339,-0.50700116,-0.1360417,-1.331697,-1.5921872,-1.3685838,-0.27794474,0.56409967,-0.78497386,-1.1245377,-1.5973396,0.130727,-1.158036,-1.3171902,-1.7305214,-1.7690377,-1.3649751,-1.4933556,-0.118588865,-1.3525648,-1.396805,-1.7529995,-1.780089,-0.25290707,0.7401833,-1.4546878,-0.6289482,-1.5264231,-2.0451655,-1.7487155,-1.7931355,-0.9950372,-2.6954832,-0.71141607,-0.3714514,-0.2691812,-0.11971469,-0.7700558,-1.2093364,-2.145011,-0.0075196126,-1.5751976,-0.5294679,-0.07260609,0.6046086
-0.7464016,0.8301955,0.1560325,0.70811874,1.0753324,0.30218798,-1.1808076,0.030107247,-0.16181824,0.47965583,-0.032287363,1.2332025,-1.0642978,-0.09036676,-0.9790536,-0.3168056,0.3397619,-0.2220155,0.5390968,0.021765357,0.4725198,0.38724792,0.40893018,0.10941211,0.3105776,1.1314443,0.35990316,-1.3122685,-0.6099686,-0.2160244,-0.81923074,0.21638337,0.55162966,1.1468815,-0.09518349,-1.1121838,-1.7187796,-0.32467943,-0.90000844,-1.5115421,-0.304453,-0.3362999,-0.060695216,-2.2501094,0.775395,-2.1314266,0.312456,0.75308263,-1.1813945,-1.0808599,-0.5202329,1.073825,0.29717883,0.9095328,0.8653411,0.19773144,0.5969902,0.91476357,0.3938879,1.1335877,0.78694564,-1.9875457,-1.1528006,-1.0951091,1.2843024,0.46057308,0.350817,-0.05905208,1.6879139,0.7444641,1.4161454,0.42544484,0.9902008,-0.11268524,0.41907153,0.6800073,-0.13630825,0.4613552,-1.041208,-0.16908312,1.0407625,0.53609514,0.5343873,-0.25238267,0.05401367,0.38284746,-0.99184215,-2.1148024,-0.8585565,0.4068206,0.3091936,-0.6355456,0.670598,-0.31022415,-0.17025012,-2.4038124,-2.8845696,0.7987979,0.40194327,-1.8470777
0.7384586,1.6276757,2.2456768,0.83985883,1.2473904,2.386544,1.6533008,2.6878846,1.8452076,1.8227717,0.05793749,0.51057434,-1.3097507,-0.4611421,0.15517576,0.84454465,0.8053785,1.3718947,0.25996473,1.6545413,1.567927,-1.3462143,1.1569983,0.9736133,-0.10164174,-0.43557408,-1.0398084,-1.7761759,-0.17943335,-0.030841226,0.24953392,0.8058534,-0.8434032,0.28444335,-1.8782517,0.9496822,-1.1086274,-1.3553903,-1.0528688,-0.84768564,-0.37083974,-1.6495119,-3.399388,-2.89238,-2.9076416,-3.203891,-1.4411798,-1.0412873,0.8372501,-1.0851395,0.84074146,1.0801846,-0.013895086,-0.9507152,1.6389836,2.2381763,0.98382837,1.4291505,0.62810034,0.9365853,0.6486427,-1.0273589,-1.8820361,-2.4057543,-0.9578503,-2.5361562,-2.4423208,-1.5307974,-0.3622391,0.39113605,1.4763585,-0.06764613,1.3020825,-2.0392118,0.52817076,0.772317,0.6263601,-0.3785827,0.67723584,-0.006966229,0.21502315,-2.3159015,-1.6884588,-2.244461,-0.765757,-0.8999542,-0.66640526,-1.7816997,-0.62138236,-1.5460066,-1.0940617,-0.569262,-1.2438635,-0.5686942,-2.3688436,-3.268173,-3.0158792,-0.4138249,1.3856229,-1.5114907
1.013072,1.2617362,1.7751402,0.75623083,0.6302507,1.2690768,1.2316399,1.8404332,1.9650891,1.714313,1.2433193,0.69967616,0.35319752,1.1406654,0.765592,0.61047596,1.4222186,1.4372199,1.7698953,0.98249525,1.9020311,-0.65393,0.28231508,0.94056135,-0.017597578,1.0960765,0.09724433,1.4401109,1.48631,0.879149,-1.0040109,-0.8472028,-0.30439714,0.8140743,-1.195051,0.8163308,0.596044,-0.72291636,-0.28960344,-0.4979814,0.042101502,-1.4936062,-1.3406998,-0.70657116,-1.2872152,-0.4881694,-0.9518128,-1.1488022,0.58528143,0.12460017,0.18387395,1.2723278,-0.22151625,0.42499894,0.72821635,1.5147556,0.7930602,0.9266023,0.50100464,1.0644652,1.310347,0.2639628,0.5753173,-0.018946769,0.8734962,0.013116655,-1.8124335,0.027427606,-0.679637,-0.3742935,0.6752588,0.32273588,0.7310793,0.021858342,0.34837753,1.1332529,1.0167015,1.2586243,-0.31669867,0.92136204,0.35775128,-2.4075637,-2.3905454,-0.9674245,-0.42508107,-1.3792102,0.5036431,-0.78221947,0.13332684,-1.292152,-2.36377,1.3447534,0.08213239,-0.9754178,-1.1112553,-1.2111026,-1.5586149,-1.7580585,0.09755415,-0.75536656
0.6682316,1.2189956,-0.10679674,0.5362088,0.3758476,0.34255123,1.5001942,0.76186657,1.0573794,0.9828592,0.48168534,-0.010264938,-0.904303,-0.74053913,1.1065924,0.5630774,1.9797405,0.86333567,1.1138794,2.1981032,1.5231355,-0.4787157,0.1753698,0.74980927,0.1971302,-0.56694585,-0.82065654,-0.04910197,2.352838,0.7536174,-2.3484547,-1.2104703,0.62943715,0.74145794,-0.5199667,1.3062342,0.98899394,-0.43259367,-0.39826772,-0.37723106,0.06468806,-1.8469819,-1.1601316,-0.9535245,-0.75660634,-0.49948123,-0.59623307,-0.70904803,0.21592405,0.39134872,0.38624477,0.35664853,-0.70737994,1.4208689,0.5835614,0.27070242,0.5092598,0.5552758,0.2608637,0.65653265,1.2271651,-0.29450098,-1.5907173,0.7873129,0.5564861,0.09694281,-0.6630299,0.29206815,0.586199,0.600233,1.345506,-0.5649073,0.90109843,-0.7920123,1.3334612,0.5922868,1.5519123,0.39199802,-1.4116942,-1.1623183,0.2003242,-1.6836979,-2.194332,-0.684456,-1.8171853,-0.7946269,0.30990624,-1.0238113,0.3450587,-1.5044874,-1.6926074,0.21486327,-0.69884133,-0.947248,-2.4821267,-1.6736733,-2.1142848,-0.5236763,1.0898236,-1.143963
0.32303193,0.14640218,-0.02422609,1.0378532,0.24397443,0.69466406,1.144451,1.371452,1.018356,0.72375584,0.12237898,-0.65271205,0.4048454,-0.1642502,0.9188133,1.764488,0.8746947,2.0966356,0.27142045,1.8747678,0.7244562,-0.098605394,0.023283724,0.668958,-0.5616425,-0.5076188,-1.3422776,-0.50975424,2.0976179,-0.7305219,0.4505794,-0.1990385,2.1404183,2.1530282,-0.45151016,2.6701806,3.2857666,-1.6095082,-1.8053638,0.29124463,1.868963,-2.6260774,-0.81321406,-0.4823428,0.18336315,-0.07552474,-0.4683577,0.22621576,1.8937162,1.4750305,0.43888175,-0.6343631,0.19145264,0.4843138,0.4240651,0.29131567,-0.0068065636,-0.04639008,0.536605,0.8916919,0.94875824,-0.34120992,-0.2727585,0.16805346,-1.104608,-0.51141775,-0.52895135,0.026950963,-0.35194734,0.23532799,-0.23001961,-0.71831983,-0.87827396,-0.87492627,0.6561109,-0.36309186,1.2155226,-0.09289968,0.24724765,-0.07766847,0.43555927,0.117813855,-0.79743385,0.26056826,-1.8724128,-0.7126799,2.6665654,-0.2151116,1.7825217,-1.194161,0.17049642,-1.1052593,-1.3350956,-1.0987252,-1.7141874,-0.48666218,-0.5732353,-0.78679025,0.69931376,0.37476924
-1.9658611,-0.02826946,-0.2743443,0.10021154,0.45898706,0.07646542,0.65193635,0.7628672,0.26544195,-0.009814417,-0.116388716,-0.25667822,0.5149078,0.98400855,0.4689305,-0.14149292,-0.17156418,-0.25001094,-0.39796013,-0.38069442,0.2296739,-1.3115876,-0.94397926,0.8806647,-1.5898452,-0.1795118,-0.0036084342,-1.0409949,0.5702073,-0.31820762,0.6764494,0.4522205,0.20584768,-0.03718895,-1.7332836,-0.41039768,-0.0852301,-1.1103306,-1.0779548,0.34008867,0.7242603,-1.408611,-0.058315787,-0.4582816,-1.1896033,0.094481565,-0.7009331,-1.9218132,0.43947393,0.28890932,0.12592815,-1.2757925,-0.8841817,-0.7027614,0.2806501,-0.45355958,-0.5177029,-1.050231,-0.39007214,-0.5314495,0.047986094,0.5222964,-0.6070597,-1.2439746,-0.9489728,-0.47618872,-0.8156655,-0.7292914,-0.45984542,-1.3586513,-0.10648536,0.10926499,-1.4703927,-1.0472382,-0.15960243,-0.12995674,-0.36320207,0.47234994,0.18237984,-0.12982586,-0.5777894,-0.7946598,-1.6179132,-0.43408427,-0.9442032,-1.6583431,0.21978815,-1.3063625,-0.91544384,-1.8379374,-2.2229176,-1.8642004,-1.435156,-0.7599817,-0.38324782,-0.595245,-1.2155682,-2.103036,-2.0644617,-0.37331855
-0.4372828,-0.22184983,-0.011522743,0.09007013,-0.13209742,-0.14662439,0.5261428,0.23141341,0.320779,0.5531477,-0.120716475,-0.17745057,-1.0685527,-0.5098665,-1.0567278,-0.39636958,-0.6556036,-0.48418653,-0.6977264,0.2936469,-0.24616355,-1.2041258,-0.19637157,0.22328259,1.3891032,0.9307577,-0.7610366,0.75510526,0.38465625,-0.8866288,-1.3005154,-0.8897169,0.40146834,-0.70529866,-0.91315854,-0.67284447,-0.5768245,-0.07130928,-0.78841287,0.8195179,-0.35364994,-0.8098265,-0.40965414,-0.5925893,-0.60880727,-0.7498159,-0.55251944,-0.48221287,-0.74526733,-0.30935034,-0.9769672,0.58104557,-0.2809849,-0.5070102,-0.19497204,0.73190683,0.70089203,0.15828921,0.75060356,-0.00726958,0.014539351,-1.8955896,-0.50557446,0.0035901351,-0.63272685,-0.8231351,0.33505306,-0.60621905,-0.37878916,-0.9296937,0.57226765,0.23580699,0.19342442,0.35524848,0.092803836,0.76487535,0.72902906,0.9435897,-0.40334886,0.0068368986,-0.27495375,-0.8431442,-0.4928374,-0.26465863,-0.087166205,-1.0110849,0.045815714,-0.27993888,-0.7430574,0.47050193,-1.3467296,-0.6480974,0.5613288,0.47665563,-0.17971788,-0.5446414,-1.0226376,-1.682428,-0.1855953,-0.071131684
1.1363847,2.5480177,0.720975,2.089429,1.3450439,0.2703356,1.5241834,1.9691722,1.9985007,2.044451,1.4637152,0.8869551,0.11901102,0.8049215,2.7373302,1.2651113,0.9829898,0.8941084,-0.72960246,1.9313724,0.8487943,-0.44316328,0.38369238,0.6437228,1.8439118,-0.22611488,0.396024,0.5311542,2.37495,0.99185836,-1.2963786,0.0045806435,0.7007975,0.75882345,-0.7804991,0.80705154,1.7896608,0.16592966,0.4873762,-0.39797875,0.40667596,-1.3031963,-1.252183,-1.7327194,-1.1890965,-0.93581504,-0.35460868,-1.174251,0.30444086,0.4190762,0.9015594,1.6391839,1.2171228,1.3090504,0.93870145,0.9663703,1.7009902,1.6875583,2.1601808,1.332864,1.5002713,1.297364,1.8895125,1.189316,-0.08551774,2.236449,1.6821502,0.58287704,1.2899684,0.84703845,1.5468097,1.4072578,0.86250097,1.0034573,1.7778583,1.3067315,2.5653465,2.110741,1.2941936,2.5713005,1.2754787,1.2400998,0.30052257,0.81574905,0.6167684,1.1025001,2.6998045,0.20518133,1.3415632,1.3032755,0.18464893,-0.26576126,1.533755,-1.1059165,-0.3129958,-0.36559966,-0.1948344,0.11428899,0.64423627,0.5394429
1.0900667,0.65049505,-0.05431866,0.702352,0.7556659,0.3727536,1.1908222,1.6702142,1.2443187,-0.053916875,-0.056628153,0.3132271,0.14518586,0.5530611,0.102940775,1.1682457,1.1215433,2.263586,0.4929158,2.5559978,1.7986803,0.25874847,-0.24519578,1.13078,0.37991068,0.9723622,-0.42790875,0.39008117,1.1917874,0.79219437,-0.13337238,-1.4861187,-0.3433027,2.5928495,-0.6020633,2.898763,1.6035194,-0.51862276,-0.0798469,1.5173393,1.5411378,-0.90947884,-0.44426313,-1.0056009,-0.47213584,-0.41801396,0.50584275,-1.1173105,0.96714324,1.2669958,-0.15052997,-0.54947037,0.44770324,0.31881884,0.27863574,0.3081204,0.27604026,0.5344445,-0.30426154,-0.36821204,0.52071136,-0.05527255,-0.5187084,-0.47694176,-0.25617138,0.56127924,0.65806484,-0.6379528,0.63112795,1.0960416,1.1922861,0.3758335,0.41732675,0.65004265,-0.3549658,0.6003518,1.4411088,0.36298952,1.4905138,-0.8435478,0.59634674,0.5828252,1.4264035,0.5267203,1.1090199,1.1479723,2.5839076,0.9642196,2.735586,1.259765,0.35150075,-0.6103422,1.0456376,0.6236032,0.61483973,-0.7415167,0.6094294,0.16485003,0.50140506,1.1545552
-1.5865026,-0.94607013,-1.0326898,-0.15923238,-0.50281376,-0.14533861,0.2720427,0.06478277,-0.5749059,-2.2079053,-2.387318,-1.5226518,-1.9048833,-0.9811101,-0.627316,0.057289552,-0.2745889,0.49536288,-1.0798666,0.9122082,-0.055544145,-0.18825395,-0.7510433,-0.6570598,-2.5266948,-1.7154716,-2.0316813,-1.9057448,0.29119706,-2.7067258,-0.8270427,-0.22619332,1.442553,0.33056927,-0.5407354,0.837888,1.9400996,-0.822827,-0.26800063,0.7108086,2.5011022,-2.747673,0.5869768,-0.013597577,0.44547397,0.38747013,-0.60267663,0.022219846,-0.2184597,1.5134685,-1.102497,-2.1997845,-1.4912635,-1.5450748,-0.32970294,-1.018174,-1.1004213,-1.7597688,-2.0368233,-0.9733616,-2.0173047,-0.84089446,-1.6207643,-1.5869144,-1.2472143,-1.1888232,1.1108242,-1.0035081,0.5030732,0.8535153,-0.4471627,-0.88529503,-2.2025805,-2.0334966,-1.513019,-2.3195047,-0.20061667,-2.6322346,0.444711,-1.266393,0.7766229,3.310792,2.2576745,2.1476572,-0.13250259,1.4020286,2.1798744,-0.040238004,1.4006023,0.35998097,0.9073515,-0.61500573,-1.8351783,-1.8122567,-0.13435107,-0.21666268,1.1482295,0.97843045,-0.13930269,1.8365074
-0.95634717,-0.22752929,-0.23616034,-0.44366375,-0.8498955,0.023437325,-0.3430114,0.41088033,-0.005910419,-1.1173669,-0.69575125,-2.1917503,-0.4039215,-0.7922185,-2.0676935,0.2069928,-1.614222,-0.82695746,-1.6077209,-1.1645511,-0.52525127,-1.0022997,-2.3379543,-1.7498802,-1.3579539,-4.4475727,-1.5431706,-0.83459985,-1.121212,-1.3972311,0.24967201,-0.41851982,0.054133527,-0.55214834,-1.6099657,-1.222767,-0.63169277,-0.50193506,-0.60954064,0.43221486,1.0210319,-2.5169775,-0.09776513,0.36333764,0.151266,0.41658843,-0.5314782,-0.9930411,0.6856312,0.41555485,-1.8451704,-1.1753368,-1.9409379,-1.5662937,-0.5478409,-0.20224163,-1.3943958,-0.8377202,-1.4562981,-1.1287978,-1.9481874,-0.1447703,-2.6591046,-1.0758181,-2.6368902,-1.92435,-1.00188,-1.8374412,-1.8919,-1.3319627,-1.4897165,-1.9517465,-2.254432,-1.9378368,-1.617825,-2.5184715,-1.3540764,-1.7916449,-0.15977089,-1.237374,-1.6539389,0.51071894,0.3177809,-0.24210945,-2.1680942,-0.50947505,-0.46635368,-0.37277898,-0.6747168,-1.2657418,-0.985894,-1.1312598,-2.4997797,-0.9202373,-0.726591,1.0404905,0.5108422,-1.511993,0.12943412,0.70612806
1.0049664,0.6022783,-0.063893765,1.0737923,-0.27460766,-0.0005514203,0.9684178,1.2017132,0.74815035,-0.24321558,0.7399423,-1.2861737,1.0466827,1.0038726,-0.69206816,0.3334257,-0.2425997,0.3069275,1.1826051,0.6917593,-0.1891591,-0.6667187,-0.7036343,0.25828472,-1.4027596,-0.17284693,-0.44389138,0.70013136,-0.063163705,-1.0109013,-0.013116104,0.49716732,-0.0886058,0.7805153,-0.37625453,0.4529244,2.0959916,-0.16562551,0.60699576,0.43266907,0.84561235,-0.7710046,-0.101009905,-0.06711666,0.52929395,0.1141911,0.012434709,-0.6203274,0.59831643,0.87758917,-1.0131061,-0.53074867,0.09721784,-0.27718535,0.120726824,0.09838013,0.0023832205,-0.03662106,0.5272499,0.59149265,0.41490662,-0.24713942,-0.96786064,0.41146344,-0.013832302,0.5897844,-1.0602012,-0.7120928,-0.93487835,-0.6705309,-0.86017346,0.0051766634,-0.048282273,-0.554469,-0.26186803,-0.45552272,-0.26840732,-0.40911695,0.24777003,1.0338815,0.0879892,-0.108644634,0.48861784,0.31323546,-0.33548674,-0.732872,2.208548,-0.55383295,0.4523047,-0.6057854,0.05596902,1.0085298,0.22276285,0.20465401,0.30975527,-0.377226,0.1306972,-1.9198308,-0.12743591,0.36949885
0.63836473,1.5465138,1.9944253,2.0197723,0.7321186,0.33404765,2.1157246,1.9621401,1.7807274,0.34800377,0.31007662,0.45630214,0.9621921,2.203174,2.1770105,1.4419385,1.3006428,2.1817863,1.117671,1.8038865,1.526601,1.2518312,1.275068,1.4823743,1.2843236,2.9208238,0.6411252,1.5103549,2.0862393,1.3265799,-0.61493546,-1.4123864,0.10977207,1.6110358,0.775031,1.0118634,0.8473913,-0.692839,-0.42464244,0.32742113,0.603082,0.21546695,0.36860973,-0.30455798,0.32689294,0.0014181226,-0.19460544,-0.5223141,0.035291057,0.052290637,0.58252007,1.785133,2.2770832,1.4882808,0.30796945,0.892024,1.2359717,1.5282725,1.1974458,2.4119632,1.6723925,0.90466595,0.6269176,1.8046855,0.33581075,1.7541786,1.2109613,1.3233498,0.62233245,1.9316484,0.9966872,0.87165856,0.7329877,0.42103484,1.1955613,1.3828506,2.0408022,2.018106,0.73622,-1.3028457,1.2342858,0.44318882,1.0955672,0.19607936,0.79842657,0.21577062,1.4601772,0.7360779,1.7575502,0.3068747,-0.582835,0.8043214,0.9267941,0.2613439,-0.028426666,-0.031088794,-0.0058342176,1.2235713,-0.69484025,0.08934946
0.8430314,-0.4762174,-0.026894983,0.20856722,0.37545106,0.0664158,0.6362335,0.59495384,0.27480856,-0.3076141,0.495656,-0.57651514,0.8189515,0.33134893,1.1118715,1.0981075,-0.3209557,1.095616,-0.43158266,0.7235004,0.29126182,2.0317395,0.41068143,0.92089736,-1.0346062,0.19561347,-0.17912297,1.2270396,1.3388114,0.14313556,0.885378,0.95871717,1.2257621,1.1810799,1.460391,0.4672615,1.3924235,-0.835833,0.62597764,0.2634981,1.0445689,-0.30664676,0.6930108,-0.6588991,0.78613645,0.684258,1.044713,0.30146116,0.30283803,0.43216297,-1.96037,-0.8753145,-0.26889798,0.08003609,0.09343661,-0.13940632,-0.17251381,-0.5567907,-0.4536608,0.057221323,-0.33756426,0.89598405,1.3816749,0.53915274,-0.49791008,0.23870067,0.4296253,-0.6431709,-1.0786316,-0.55922914,-0.4459323,0.35402095,0.57229877,-1.3482372,-0.8127128,0.27770847,0.9192315,1.1029465,1.3592035,-0.62387866,0.012320793,0.40336895,-0.019935165,0.716034,-0.022093423,0.4660306,0.76262766,0.40070316,-0.043845255,0.47297066,0.04954697,-1.7810521,-0.28255874,0.24597955,-0.21671401,0.07934748,0.7734579,0.10236127,-0.9131162,0.06090298
0.35361093,0.2785524,-0.0027673987,0.31086946,-0.18437807,0.37525997,1.2499001,0.90067697,0.89761716,1.2895731,-0.28350395,0.6054109,0.5185739,1.2002845,1.635336,1.4235467,1.0383221,1.2677723,1.0032141,0.3119109,1.4484068,0.63481116,0.15639926,1.2647468,1.3112493,0.69641274,-0.5779953,1.3557156,2.0719075,1.3205719,-0.026306422,-0.25654018,2.1438658,1.3824009,0.6668764,1.0992733,0.57892585,0.4263314,1.1710708,1.025904,1.6826801,0.20790888,0.9467027,-0.45028344,0.43329102,0.6139539,1.2403635,0.9411935,0.8126865,1.014305,1.256086,-0.3935916,-0.062419157,-0.084495336,0.12614314,0.12938075,-0.32552433,-0.8636294,1.403589,-0.012446647,0.52977073,0.681423,0.47892973,0.2865022,1.2086946,0.07230604,1.1170405,-0.19045714,-0.69467175,-0.40429282,-0.0558189,1.1991693,-0.7017351,0.028579703,-0.011934518,0.56895167,0.9289017,0.9064031,0.15447555,0.48742777,0.72541076,1.2151293,1.445485,0.8292776,-0.005718537,1.2654248,0.03523083,0.6302356,0.9553329,0.9686024,0.77108425,0.14598584,0.5842111,0.9413871,0.70324373,0.036120906,0.81294066,0.5135682,0.40562537,0.7157768
0.017714912,0.20711705,0.3518481,0.7180593,0.1291891,0.016676335,0.94454134,1.0444137,0.80636483,0.8199848,1.1094015,0.4005285,0.26724714,1.2529083,1.7467968,-0.07838991,0.68539417,1.3588681,-0.5923171,0.7104106,1.5350102,-1.1198331,-0.07079674,-0.2559736,0.20013519,-0.59252256,-0.5840894,1.0962889,1.4362593,1.4936534,-0.25579193,-0.6656219,-0.5100827,-0.15206753,-0.8728052,-0.20629244,0.28495684,-0.023736063,0.041759614,0.550252,0.37921053,-0.7814866,-0.5387588,-0.05273489,0.7853615,-0.41739795,-0.8626459,-1.7659588,0.29138634,-0.017609546,-0.33015618,0.56608397,0.28590694,0.96508807,0.46705776,0.3806989,0.673416,0.861452,1.0633078,0.75184083,1.1216456,-0.23607473,0.42340502,0.59068626,-0.5208377,0.45340312,0.6627258,0.2754547,0.07337002,0.5588416,0.5909792,0.7183119,-0.25234628,0.18958014,0.53710884,0.6905932,0.7999131,0.8771396,1.076584,0.23170204,0.73608536,-0.3312689,-0.07673989,-0.7158369,0.47871357,-0.5139512,0.20373507,-0.25540125,0.008796461,0.33570057,0.16339634,-0.7967308,0.8992464,0.11519466,0.14950186,0.3303876,0.025640098,0.36029193,0.41367212,0.09810618
0.74998975,0.032746527,-0.21911179,0.35012525,-0.1597033,-0.19278479,0.92825454,0.04754943,0.35403204,0.22682121,0.75560904,0.3188127,0.43342775,-0.26918736,0.205018,-0.4064547,0.22830388,0.73238426,0.69120985,0.38654748,0.3292436,0.1896559,-0.31880125,1.4679085,0.18647464,1.1575392,1.1220572,1.7366964,1.3791088,0.8752336,-0.17147413,-0.43969926,-0.9463741,-0.19006495,0.6312808,-0.24187568,0.7421992,-0.2624897,0.94312525,0.9369732,-0.0801513,1.7487432,0.6658076,0.93140334,1.3534756,0.8907614,-0.32385546,1.0562898,0.7600443,0.9148735,0.52508956,0.1335565,0.49771854,0.33603457,0.18591087,0.100875005,0.70181555,0.67770624,0.73648727,1.429576,0.9995391,1.0685456,0.6165654,0.52049327,1.1626912,0.6506744,-0.52810603,0.12975542,-1.1449069,0.16167066,0.21778162,0.8827747,0.51890963,0.9241965,0.9007626,0.58127916,1.3546448,1.5937271,0.097462684,-0.5071403,-0.009035919,-0.7722369,-0.5827701,0.053205516,-0.069262534,-1.1709375,1.2247818,1.4522957,0.118043676,-0.05401281,-0.8444192,0.67005974,1.2535495,-0.10216974,1.1518594,1.1082432,0.34301206,-1.4915733,1.421311,0.45536563
0.0012096796,2.3380828,0.34877285,1.8237022,1.3223358,0.810743,1.8203876,1.9270804,1.8401808,0.8326304,-0.45141727,0.45970076,0.05488338,1.8855608,0.34497917,-0.095469885,0.54100055,0.7537547,0.6657586,0.91157323,0.8874299,-1.2721138,0.42082497,0.78126144,-0.7001497,-0.18699695,-0.30268437,1.1557248,0.38880172,1.5136435,0.6567736,0.8288088,0.43846166,-0.41011173,-1.4590505,1.3141114,0.8268244,1.6653265,1.8242284,2.3719454,1.5219111,0.45738724,-0.28080046,0.8713839,0.8032731,1.1564543,-0.4612426,-1.140038,1.1128472,1.6359833,-0.5745002,1.3117381,0.5579143,1.76784,1.1543758,0.5443104,0.68209106,1.027648,0.5964092,0.46049398,-0.2619406,-0.8016859,-1.412735,-0.30554703,0.5456558,-0.5904315,-0.71834487,0.04184427,-0.31831515,-0.33570758,0.12817195,-0.07355756,-0.309392,0.10245396,-0.27602112,-0.5561761,-0.43824276,0.14353852,2.1808681,1.9183029,-0.50531375,-0.051111415,0.612483,-0.061758623,-0.21308255,0.5311932,1.3135333,0.5644328,1.8053685,0.1898876,0.5435943,0.21927375,0.7203543,1.335162,0.2573546,0.825843,0.7431023,-0.8730202,0.22738607,1.6286358
0.1866573,-0.52483827,-0.028379116,-1.1765834,-0.37606308,0.38945594,0.044496756,0.19272083,0.23167832,-0.21895216,0.26072428,-1.0530311,1.5414265,0.6048052,-0.383338,-0.59038043,-0.9870719,-0.122796394,-2.0816653,0.46625444,-1.0775846,-1.0252049,-0.94691247,-1.608585,-1.6095678,-2.1183536,-1.6647928,-0.10671945,-0.4506239,0.1243916,0.6745994,0.8354375,0.9284794,0.06021931,-0.3098737,1.5592407,1.77355,-0.11301319,0.9726323,0.7665106,1.4548497,-0.48778757,0.32533902,0.88259214,-0.5466543,1.1829971,0.7547927,0.11367273,3.3486059,1.9083853,0.8108587,-1.1287903,-1.5066633,-0.8667488,0.46145058,0.26565132,-0.7248385,-0.44428968,-0.42980957,-0.8411784,-0.41924185,2.3013766,-1.101183,0.26613376,-0.5773498,-2.1982567,-1.9175073,-1.2760745,-1.2452204,-0.61002684,-2.006665,-1.321273,-1.9909266,-0.98647135,-1.0168189,-1.4698677,-0.15675011,-1.2663742,-0.5366833,-0.040121846,-1.1020169,0.7398445,0.8549375,0.06668864,-1.6550542,0.96388966,2.3198016,0.730814,1.1807178,-0.16008626,1.2615203,0.67063296,-0.62192726,0.41916132,0.20109977,0.67795837,0.8448572,-0.7589454,1.1529299,1.1442194
1.0661032,1.9600661,0.8671445,1.3712704,0.58963025,0.21127945,1.8647846,1.8056676,1.4084331,-0.044836354,1.7159934,-0.9200269,3.020603,1.3221345,0.41123953,1.6873308,0.18246238,1.045335,0.0007305325,2.2584748,0.6167608,-0.79851806,0.4211737,0.6926663,-0.3170718,-0.08060401,-1.118328,0.4710673,0.8581828,0.84980327,0.24702978,-0.37711957,1.0107223,1.3597496,-0.5842312,1.6180319,2.8031175,1.122785,0.66533244,1.8304516,2.0330403,-0.034368105,-0.3185981,0.16540615,0.66185564,0.9060819,1.1306953,-0.13991,1.4182597,1.7295952,-0.016505484,0.39035437,0.41384256,0.44070154,0.5132762,0.40885273,0.618491,0.51168317,0.7987836,0.70398146,0.91358984,0.17908181,0.4908873,0.44623306,-0.8980279,0.8442254,1.5069696,-0.016779164,-0.68136144,0.6205696,0.19668813,-0.84243774,0.6009114,0.8955452,0.03495254,0.44110522,1.329081,0.06333018,-0.114769444,0.4905633,-0.2139891,1.3776981,1.6547843,0.6147412,-1.0774014,0.20588334,1.85801,0.2618501,1.8538486,1.0743392,0.8927241,0.27436504,0.0951053,0.26036182,-0.20731707,0.7359391,0.19190079,-1.0689706,2.0736587,2.1186981
0.5571717,0.46944398,-0.254177,0.9058642,0.69963527,-0.33961946,1.0453331,0.35548562,0.022313481,1.0477617,2.4405017,0.3410733,-0.77418095,2.0304348,1.1352546,0.41913944,-0.28476924,0.8361273,-0.51302564,0.99832654,0.9173018,-1.02983,-0.58141196,0.56561416,0.48272225,0.54837257,0.19663629,0.704514,0.8090443,-0.064715035,0.55880994,0.11874249,-0.17239211,-0.5239965,-0.010448019,0.27495903,0.6579877,0.07909148,-0.2701143,-0.2797229,0.52704024,-0.6866436,-0.44769856,0.47697306,0.05575818,0.14171568,-0.43981934,-0.29887646,1.061787,0.008335795,0.9269685,-0.5547482,0.73523486,-0.040390715,-0.006567978,-0.21495943,-0.27093047,-0.05130801,0.911077,0.12197219,0.93836045,0.3343038,-0.34957972,-1.1327186,-1.9998554,0.25459456,2.4036298,-0.31682044,-0.9074207,-0.8936585,0.40577847,-0.29099873,-0.74544847,0.2958683,0.43549442,-0.1910861,-0.44541642,-0.5758253,0.45248997,-1.0987811,0.017194182,-0.3364052,-1.003551,-0.14069276,0.098558985,-0.25183773,0.2208959,0.6762575,-0.038468488,0.5550697,-0.43049976,0.07298488,-0.625794,-0.17183487,0.68969756,1.165852,0.82162493,-0.10130828,0.9239966,0.20384178
1.9912524,1.0740696,0.5981432,1.7663707,0.730461,0.19577946,2.0790894,1.3343173,0.8348728,1.1810818,-0.42698708,0.40821365,-0.70728415,-0.48035887,-0.04404986,1.0328339,0.67447513,0.5538885,0.3527926,1.6241788,0.52927214,0.4227013,0.5255546,0.066073306,1.6228607,1.4628971,-0.17889112,0.8302354,1.6768379,0.34437984,0.47568443,1.307804,0.049532328,0.28826758,0.15670455,0.816402,2.3812928,0.6137112,0.47033724,0.56870466,0.12676813,-0.15642074,-0.37326804,-0.15602066,0.24290933,0.025528856,-0.088963576,0.890641,0.1649678,0.16784719,1.3472168,1.0096921,0.89723504,1.295875,0.7621511,0.52619725,1.1935533,0.4682349,1.2513568,-0.38706428,0.48097253,0.15868165,0.08056983,0.13751724,-1.1202255,0.41474655,0.8403209,1.6970985,0.71984035,0.29746065,0.7891336,-0.745957,1.1352423,0.4997561,0.76972425,0.48496166,1.676328,0.62748414,1.2193868,0.82115024,0.28434667,-0.6019193,-1.1726203,-0.1289765,0.9482938,-0.9688623,0.3827481,0.13141488,-0.07414179,-0.014357946,-1.1914659,-0.8544215,-0.6844341,-1.6689558,-1.4065851,0.32456344,-0.7091123,0.30406412,0.121789604,0.9130796
0.16734852,0.2964236,0.23978633,0.71254873,0.16364838,0.34031275,1.5867928,0.8873564,0.5298216,0.51349664,-1.8818796,-1.3684973,-0.5452215,-0.8648165,0.050064012,1.7833936,0.11209329,1.2854233,0.94723773,1.7759737,0.52752596,0.0042668744,0.13004023,0.07727726,-0.5830271,0.2473292,-0.31132963,-0.070758484,1.0341505,0.22522528,0.17595609,-1.0253597,1.0135642,1.3842726,-0.03958411,1.4265188,3.3169065,-0.58466417,-0.5307473,0.92823625,1.0322355,-2.3533437,0.15947738,-0.50433576,0.3429378,-0.42981386,0.45476872,0.18003368,0.2634569,0.8767033,1.3346016,-0.32532927,-0.0483852,0.30307648,0.35326156,0.3299263,-0.107060574,0.31738946,-0.4868226,0.13868816,0.5257542,-1.0363187,-0.33882853,0.51578665,-0.5992314,-0.9308533,0.22630268,-0.06344849,-0.35128456,0.34785032,0.65532166,-1.0297545,0.0942798,-1.023457,-0.19033015,-1.0188395,0.34088412,-0.70862776,0.4963197,-0.9217101,-0.25032175,0.47373042,-0.329519,0.025463644,-1.318287,-1.0061766,1.9505345,-0.26689762,0.122132644,-0.4481271,-1.1686296,-1.4531868,-0.84453917,-1.3198179,-1.3044655,-1.0843025,-1.6134527,-0.8839552,1.0507551,0.5710865
0.45292813,0.74195284,0.42436546,0.33501405,0.33416563,0.30053064,1.8001479,1.4655265,0.91872907,0.7346618,0.6933245,0.5804051,1.2929142,1.373625,0.34182772,1.7267743,1.526116,2.021543,0.8146317,1.9435195,1.4915334,0.8111485,1.2928216,0.76980114,0.089772545,-0.32798156,-1.1141741,1.1300204,0.8036366,0.45669615,0.13946395,1.614945,1.2261078,2.0686452,1.1137002,1.8027204,1.5690652,-0.4227993,-0.7986394,1.2285352,1.7649115,-1.6711708,0.902527,-0.18089756,1.8660882,0.2974421,0.48292947,0.58800614,0.6643464,1.3891945,1.1852187,0.59929514,0.22256203,-0.51428646,0.18121536,0.46324706,0.23296861,0.39044163,0.5230319,0.53480613,0.6217053,0.34493965,-1.1594641,-0.21319008,0.04871853,-0.4929973,2.5165148,-0.04949756,0.4745834,0.49368045,0.4175577,0.44556007,0.87642014,0.8614261,0.47048676,-0.14217235,0.51013106,1.2926823,2.023323,0.4715515,0.6203488,1.1940441,0.85515434,1.2224097,-0.29748985,1.0302882,0.7495327,0.8514044,1.3741692,0.80353594,1.0723349,-0.68351096,-1.0116322,0.32174745,0.71901476,0.021890098,0.06991652,1.5323819,1.2918537,1.3669776
0.92420876,0.5157961,0.46795696,0.4876366,-0.078781575,-0.67515844,0.57150424,0.8031493,-0.8348529,-1.5745656,-2.1351278,-0.35700843,-1.1084701,-1.0320418,-1.3824496,0.86307275,0.27403134,1.7972769,0.2658859,1.204978,0.27416328,0.7540959,1.2484204,0.42948127,-0.96980083,-0.54268616,-1.129569,-1.0106891,-0.5040562,-0.100878276,0.57861376,1.4012318,0.10621196,1.9511749,0.70182467,0.45762223,-0.07640628,-1.5796851,-0.25938883,0.87900436,1.3215542,-1.2251017,0.6691707,-1.8386525,0.7220138,-0.7484832,2.1233678,-0.5845014,-1.1298257,-0.6079162,-0.83755445,0.529989,0.29830235,-0.8214165,-0.7400211,-1.1002307,-0.19062242,-0.897664,-1.7823635,-0.78048456,-1.4581771,-3.407294,0.3122368,-1.1306618,0.108032554,-1.6628462,-0.612371,-0.23315866,0.605208,1.7147859,-0.56540847,-0.86800885,0.4339021,-2.991546,-0.45215335,-0.955079,-0.8905465,-1.4378943,-0.0484556,-0.33592838,-0.67732036,1.1756219,1.1992638,-0.0037960538,-0.35457158,1.5781109,0.3653038,-1.375375,0.6437302,-0.84661746,-0.51617676,-2.0488064,-2.297724,-1.923947,-1.0102309,-1.6487875,-1.1400465,0.86017483,-1.1645608,-0.07354251
1.2767305,0.0013495525,0.7744459,-1.224956,0.24070556,0.279186,1.0663705,0.9812987,-0.51654625,-0.21593295,1.5055791,0.18627806,0.6491786,1.0054362,0.23921624,1.0437723,0.32710183,2.1218383,2.1812773,-0.5299487,0.2154829,0.3311759,0.24464971,0.42859507,-0.34797326,-0.0445491,0.01859259,-0.60192925,-1.3804913,-1.5309147,1.930109,0.43745512,1.2440622,1.4405881,1.3716723,-1.1284276,-1.2838972,-0.4877972,-0.13731578,-0.15736726,0.3643957,-1.2951993,-0.10210818,0.02242313,0.93302464,-0.6074973,1.3456542,0.44259694,0.38334006,-0.901919,1.3536533,-0.21759751,1.6408592,-1.5726389,0.33289,0.6832884,0.77876425,-0.5041918,-0.36515266,-0.6204444,-0.38952717,0.14491639,-0.5643146,0.94654775,-0.063735954,-0.3621907,0.030185869,0.6176606,0.7708096,0.7694507,-0.7855382,0.8118071,0.15714195,-0.8143614,-0.32548192,-0.3318543,-0.49801698,-0.44037083,2.5159552,2.1519198,-0.4527132,0.3629029,0.28182212,0.5496761,-0.13018736,0.11111456,-1.2753389,-0.5890219,-1.6710826,-0.492007,0.24044381,-0.22190805,-1.2253641,-0.30317944,-0.41966987,0.6182573,0.23753339,-0.30757117,-0.18021499,-0.83223224
2.1735451,-0.05072217,1.153032,-0.7406701,-0.37313104,0.08156626,1.7489483,1.1914538,0.096385576,-0.13827197,0.9101393,0.67809343,1.8580381,0.6737146,0.70027715,2.1437747,0.84783816,3.098939,2.6970108,1.2532798,0.9121131,1.6162808,3.1767209,2.1969926,-1.095231,1.0647966,1.4406675,0.82079524,-0.22238943,1.4354575,2.5642931,2.0224023,-1.0891317,1.7570267,1.4375967,-1.1869173,-0.974397,-0.59786534,-0.12910756,0.61928475,0.31780785,0.14820533,0.045217723,0.45704934,0.16579461,0.0089954985,-0.6114454,0.65468776,1.7152401,-0.5385541,2.3953667,-0.057941437,0.93392277,-1.8886925,-0.37595287,0.25934976,0.8208778,-0.8052063,-0.06531521,-0.12678704,0.019418176,1.5368481,-0.95419794,-1.6572934,-0.76208353,-0.32105586,-0.4139591,-1.0585606,0.20044556,0.7589717,-0.23976718,1.4448273,0.5839979,-0.25031883,0.22781397,0.27925608,-0.20009202,0.38290852,1.7177118,0.26553485,-0.5614085,-1.8587705,-1.4968804,-1.2380279,0.013340877,-1.0678067,-2.0409634,0.17601159,-2.3992229,-1.7069474,-2.0798562,-0.8751927,-1.4086739,-0.7512334,-1.2109447,-0.063931994,-0.72980887,-1.1720473,0.53851676,-1.190076
-0.5564547,0.7926383,0.42825896,0.34439716,-0.052088365,-0.27456406,0.80797476,0.8165362,0.95973337,0.16885814,-1.3020988,-1.4882102,0.9298885,1.3028643,0.212022,0.7299596,-0.17137787,0.5769222,-0.2012223,0.14537242,-0.56806195,-1.3340505,0.07460155,0.1251116,-0.5340847,-1.3431566,-0.9365321,-0.98443854,-0.2755623,0.8236665,1.633777,-0.08994428,0.7184018,0.5923415,-1.4460102,-0.082860164,-0.9525771,-0.6332287,-0.105778106,0.062293638,1.3602351,0.37004414,-0.26567912,0.48839816,0.5995348,-0.0989468,0.83592254,-1.44321,0.04418335,0.74317455,0.16579032,0.27640176,0.034016266,-0.33172366,-0.20817924,-0.4022716,-0.70302546,-0.0776806,-0.530458,-0.6575334,-0.6614095,-0.24960795,-1.0521466,-0.57360935,-0.8033649,-1.1633823,-1.1964626,-2.1120539,-1.3601547,-0.77141,-1.1213219,-0.59288603,-0.087015696,0.23097159,-1.0289775,-0.5702207,-0.55775225,0.17613895,1.3447877,1.0139154,-1.5238554,-1.0979111,-1.4572202,-1.4607575,-1.8946332,-1.020634,-1.0871606,-1.5503684,-0.38903725,-0.07330811,-0.09254217,0.06164358,0.021189474,0.08597355,-0.46798852,0.0785647,-1.0007062,0.07778553,-0.96912277,-0.09563759
-0.15367709,0.53781444,0.54625463,0.93883914,0.43965462,-0.14260586,0.16735804,0.15761292,0.7315005,0.028718414,-0.24035785,-0.9665395,1.8683593,-0.096548244,-0.6015375,-1.0734289,-1.056704,-0.23524043,-0.7875142,0.6592088,-0.0814111,-1.3363181,-0.24892868,-0.06751319,-1.026299,-0.017426034,-0.8923555,-0.7892092,-0.9100612,-0.13768697,1.4766387,0.41444007,0.43318176,-0.1769869,-0.18180053,0.7125441,-0.008011072,0.33763117,0.7748275,0.68280894,0.8739692,-0.06463591,-0.04593958,0.02855582,-0.81848717,-0.1324923,0.49002907,1.1236179,0.28081432,0.7074865,-0.7185458,0.012609397,-0.32114485,0.8352236,0.42624193,-0.3151279,-0.48890954,0.04992885,0.13243616,-0.5741167,-0.115033895,2.383865,-0.2149986,0.9417606,-0.9673247,-1.7646048,0.71750313,-0.7348899,-0.85901487,-1.0723815,-0.3315813,-1.3493776,-0.76382625,-0.33513367,-0.38524467,-0.8071523,-0.411128,-0.6991924,1.5324428,0.9696303,-0.73036647,0.395434,0.7259032,-1.2041942,-0.49646288,0.707419,0.45483813,-0.6507231,0.7567665,0.66178256,0.9752361,0.8513247,0.48236546,0.37155208,-0.89696157,0.46608737,-0.06827629,-1.0250578,1.136166,1.2610708
0.62875295,0.4137998,0.37023583,0.30817834,0.7183869,0.75911987,-0.25272134,0.6475628,1.0164549,1.3405932,0.9282257,1.1522734,-0.015526186,0.029541282,1.0777473,-2.1364584,0.4985773,-0.6900037,0.14572799,-0.37228122,0.1346418,-0.95609266,0.4498439,0.34282023,0.64913464,0.16267173,1.6041721,0.13101335,0.28688362,-0.7238883,0.222043,-0.68939495,-2.817572,-1.536356,-1.1509489,-0.076153874,-2.604089,-1.6835028,-1.6344436,-1.4327545,-2.0039122,0.14476737,-2.4191842,-0.19525923,-1.4763162,-1.7279835,-2.2811103,-1.3143951,-0.050164495,-1.3555416,0.22871365,0.67362136,0.26062065,0.13262303,0.49611878,1.6116858,0.39443347,0.938171,2.2673402,0.79332024,1.7510906,2.0309896,-0.036505215,-1.057589,-0.43480116,-0.28406817,0.2836518,0.9691219,-0.29247218,-0.42865497,1.167329,1.187424,0.7644116,1.3056146,0.74273425,1.7911679,1.6394975,1.5404632,0.7765666,1.7646987,0.47773275,-0.9674111,0.23514639,0.0387439,1.0574642,0.2339035,-0.39880958,0.87853134,0.16486445,0.41617534,0.6506825,1.5397238,1.2357948,1.3019199,0.37139708,0.226066,0.7219365,-0.6728011,1.3395683,-0.86203235
1.2560478,1.9624417,1.7532244,0.9349744,0.9833649,1.418666,0.6288073,1.8520555,1.9084605,1.4767896,1.7392572,1.7619615,-0.74763834,0.6574077,1.3066707,-0.93646806,0.6832584,0.8872357,1.5145701,-0.06250361,0.4758065,-0.94233394,0.26641253,1.4647077,0.7770254,-0.72590935,1.1638172,-0.978798,0.8415985,-0.33155724,0.87477434,1.192662,-2.0720303,-0.026778316,-0.47000018,-1.0307442,-1.4158239,-1.5081019,-1.0665797,-1.0323373,-0.6380584,-0.75443363,-1.8758584,-0.035949837,-0.91804755,-0.654295,-0.7730394,-1.7228519,-0.09784189,-1.1896939,0.23769796,1.8612742,0.73309326,0.8473846,1.498697,1.9440454,2.0638342,1.3387921,1.1325854,1.0174053,1.1498061,0.18660486,-0.13969205,-0.11621902,0.042478614,0.09516738,0.5221725,0.82142097,1.5485728,0.36512414,1.1765696,1.1742698,0.94981945,-0.5303243,1.7349569,1.6829149,1.6283349,0.76298296,2.268634,0.44456902,0.5293031,-0.8398344,0.39454058,0.23113105,1.2918439,0.62553173,-0.77979386,0.2541474,-0.765771,-0.21197242,0.20419578,-0.061192755,0.87948185,0.5803906,-0.75478303,0.20993143,0.8299058,-0.533882,-0.085080974,-0.6791008
-0.46640545,2.2490287,1.386707,1.5078647,1.1638304,0.720276,1.2170353,1.7791873,1.4460094,1.1452324,2.0616064,1.2633418,-0.26523185,-0.038955495,2.0071461,1.1203617,1.312108,0.52373695,2.2367394,0.51545966,0.47401193,0.52396464,0.7225046,2.4072356,1.5437587,0.4436679,1.1253232,0.59622276,0.4879433,0.43316978,0.91859156,-0.050441224,-0.9745944,0.84119594,-0.57436466,-1.2985759,-1.390547,-1.1402193,0.11100415,-0.9600842,-0.5017675,1.056345,-1.3897978,-1.0083467,-1.0106354,-1.6055466,-0.5598968,-2.3079932,-0.2723861,-1.5783151,0.9949397,0.9604243,1.1471946,1.2300268,1.133391,0.19703327,0.60123104,1.8980991,0.51632774,0.7348024,0.75355685,0.86395484,0.44675148,1.1446985,1.2230252,0.86900145,0.51285535,0.76084244,1.6462312,-0.078811355,0.82157785,0.97348535,1.4187369,0.2768242,0.9624318,1.0964808,0.4497149,1.9012194,0.9127503,1.8937606,1.2453256,0.27866027,0.25529042,0.25986633,1.5610799,0.70790774,-0.3573107,0.28657746,-0.87870175,0.4801995,0.082209304,0.7800372,1.4011989,-0.6925906,-0.1581764,-0.4854528,0.40191457,1.0587558,-0.90298873,-1.1252949
0.6270877,-0.00063602126,0.42154053,1.2425648,0.56812423,0.43780765,0.76474655,0.16684951,-0.63910085,0.8605585,0.1323523,-0.45047072,0.8130388,1.4970226,0.44273028,0.8742147,0.17496675,0.51817185,1.661267,1.3704329,0.87720394,0.7168878,1.511166,2.066902,0.11474122,0.64905113,0.45201883,-0.7498471,0.3879311,-0.20645954,1.4794667,0.0754788,-0.51980317,1.4688865,-0.24082717,0.3106568,0.6457437,0.41343752,0.34061664,-0.48074022,0.4898231,-0.62667173,-0.56389445,-0.88335913,-0.36148563,-1.1760551,-0.10584499,0.62201643,0.97829336,0.25177917,0.40439844,-1.0637947,-0.75720847,0.38511205,0.28466287,-0.062098663,-0.71725833,-0.7257055,-0.34056512,-1.4331026,-1.1902381,-1.440766,-1.0661298,0.32973573,0.41877988,-0.90196246,-0.7090807,-0.8270488,-0.64506716,-0.33758247,0.03025734,-0.87620443,-0.84310824,-0.8065312,-0.74967784,-0.2752697,-0.08360025,-1.0055547,1.0637437,0.63797396,-0.6722865,-0.11563401,-0.4676592,-1.5645498,-0.5301301,-0.6256184,-0.4536959,-0.96886057,-0.75723374,-0.98150307,-0.6733732,0.58373827,-0.62736624,-0.37667733,-1.4856626,0.1500071,-1.2393587,0.8878393,0.3463267,0.36228406
-0.07288251,-0.553331,-0.17082322,-1.3136487,-0.3969615,-0.039981768,0.3671314,-0.37756765,-0.4030369,-0.4767002,-0.41540408,-0.9901533,0.34138006,-0.15838547,0.5388012,-0.1701328,0.23878057,-0.095637105,0.5119117,0.13943008,0.16604829,-0.095664494,0.5078034,0.090071745,-1.1719704,-1.8731204,0.34013662,-0.6147862,-0.8506828,0.5326045,1.3292106,1.8043956,0.08008943,-0.26946312,-0.48179862,-1.3382019,-1.0039048,1.3661838,-0.10906033,-0.08065705,1.1504296,0.36043006,0.46515504,1.4893206,0.77407336,0.44879496,0.11405437,1.4503343,1.3125693,0.9862444,-0.87260693,-0.99499005,-1.2732993,-0.65005493,-0.2799243,-0.122563556,-1.2844418,-0.43091226,-0.8700334,-0.9556954,-2.015772,-0.63746834,-1.346079,0.367223,-0.062456504,0.9663277,-0.21770144,-1.0090982,-1.4360504,-1.0879816,-0.047315333,-1.1829487,-0.7287758,-1.3514719,-1.2942777,-1.1044697,-0.817765,-0.45516542,0.2276472,2.883462,-2.3543825,-0.58884025,-0.53831816,-1.520544,-1.2181448,-1.0024172,-1.5490731,0.20424353,-1.951948,-0.10762795,-0.63234717,-0.33181253,-1.2319258,-0.6593743,-0.29588822,1.3979887,0.49510464,0.26859,-0.09501332,0.68418866
0.37742096,1.1532812,0.54137814,1.30317,0.5228319,-0.36651698,1.0893041,0.7680758,0.25109208,0.39174882,1.4802512,0.24737327,1.2885395,0.43281853,-0.20800045,-0.092355125,0.9629541,0.50425774,2.801619,0.51763994,0.1567659,0.9200859,0.7793766,1.5667031,0.41726878,0.87515295,1.6205426,0.32204932,0.9893932,1.2881976,1.314152,0.44131273,-0.35786435,0.67046076,0.22576141,-0.34329313,-0.3666991,0.58030945,-0.3476754,0.71094,0.08958653,0.36589348,0.41132882,0.6563864,0.4636763,0.54190224,0.008890093,0.020992232,0.6134132,0.2173523,-0.9912408,0.78202564,1.1934382,1.7980582,0.1500242,0.19881839,-0.12463425,0.0668557,0.13904713,0.19540519,0.13759056,-2.1459942,0.23393442,2.6770744,-0.38922238,0.6419171,0.054330382,0.39497092,-0.17568558,-0.26836327,0.11374541,-0.551636,0.5849432,1.5678777,-0.06465232,0.57680666,-0.6174152,0.8534021,-0.3699995,0.7351938,-0.74537385,-1.424143,-1.5723001,-0.98086596,-0.124592386,-1.3836795,-1.0814464,-0.59696925,-0.10126427,-1.1813538,-0.38833597,1.8005404,1.3752083,-0.12934661,0.43860924,1.0140396,-0.29665855,0.06102456,0.083867654,-0.012711377
0.17923519,0.90647066,-0.33331767,1.6397134,0.7514345,0.13040465,0.37962002,0.8481446,0.62907803,1.2264686,1.4602505,0.85153574,1.3331442,0.96336275,1.232443,0.6356417,0.37994573,-0.27635068,1.079277,0.41926652,0.11424363,-0.9012422,0.41867876,1.031234,1.3268183,0.25909153,0.3204011,0.8628354,0.6824932,0.8579936,-0.09917693,0.25724816,0.27437675,0.3457575,-0.72531825,0.41440508,0.48877642,0.57211965,0.032659203,0.6372535,0.70000136,0.2529297,-0.5466219,-0.09062873,-0.5623561,0.7910378,0.19271018,0.46319088,0.80031157,0.78913164,-0.8171559,0.9021822,0.3808306,1.7824702,0.096921384,-0.6857244,-0.48235315,1.0671098,1.2013563,0.46751192,-0.70501006,0.1413818,0.6651847,0.7219187,0.7105667,0.862141,0.3265623,0.72863185,0.36712754,-0.41289604,0.22689193,0.40050623,0.13912573,0.40939742,0.79586315,0.6499732,0.07362004,0.7889105,0.5881029,1.6938349,0.32729912,0.63120353,0.15173127,0.1758606,0.71055263,1.0563043,0.8228758,0.53634423,0.9611429,0.70054954,0.6538009,0.0203272,0.465704,0.25820717,0.24439569,-0.09228084,0.7829912,0.11716664,-0.34492227,0.72486395
0.99851483,0.8827835,-0.0021687583,-0.040740147,0.010587813,-0.10503256,-0.28028092,0.25002092,0.34759694,1.5648415,2.608518,1.887345,1.0431808,0.39060238,-0.40629444,-1.1146983,0.93821454,-0.5064955,0.53204113,-0.1843354,0.39945653,-1.0453161,-1.5035272,0.8801775,0.21525356,0.19740264,-0.9557361,0.21022081,0.4863191,-0.84167135,0.3906175,0.40808025,-1.4552664,-1.1195183,-1.8467922,-0.45138115,-1.5154806,-0.7249535,-0.62347054,-0.589976,-1.2810732,0.20666265,-2.2587361,-0.8194182,-1.511544,-0.56344694,-1.7009785,-1.1885262,0.6556027,-0.74020714,-0.11376596,0.27711642,-0.389073,0.418957,-0.38348857,-0.3319818,-0.8703699,-0.033974756,1.7433212,1.444989,1.1924797,0.14812918,-1.1512462,0.23486716,-0.78926384,-1.3098989,-1.3216126,-1.043347,-0.5858961,-1.2574646,-0.50757444,-0.34978953,-0.1293845,-0.2624545,0.792039,1.889715,0.12462712,-0.32403642,1.2114774,0.33180505,-1.0822829,-1.8318609,-1.279185,-1.2581079,-0.33757812,-0.18407166,-0.6549402,-0.7510548,-1.0095146,0.11138366,-0.9660774,0.24560548,1.4245884,0.8937395,-0.41261423,-0.48420644,-0.178419,-0.43620953,1.0910616,-0.62030625
-0.345121,0.7485,-0.16209532,0.23141603,-0.019916808,-0.38159993,0.22442527,0.060416263,0.74128735,0.7173825,1.4554845,0.75829697,-0.661546,0.97223103,0.81242603,-0.30931354,-0.46411315,-0.40259004,1.7552005,-0.6551872,0.33745775,-0.89198494,-0.16000272,1.36387,1.1312494,0.9436551,0.24501733,0.3909818,0.54231167,1.4773799,-0.54043657,-0.67001534,0.2285595,-0.051410448,-0.33218265,-1.0752249,-0.24547544,-0.19990598,-0.20254104,-0.5400297,-0.10448291,0.33518416,-0.5845453,-0.51684403,-0.9500699,-0.50179195,-0.21546516,-1.2871872,-0.35306895,-0.3468412,-0.8338963,0.6357424,0.9732629,0.9810578,-0.0129406955,-0.15150712,0.73568076,0.35467768,1.3835256,0.5412641,0.9627766,0.13852811,-0.3580798,0.9829129,1.081739,1.1178557,0.74933165,0.9023762,0.26509845,-0.45623904,0.9883046,1.4260106,0.8203081,1.1826582,1.5848968,1.9344381,1.1324706,0.81515753,0.7891216,0.23730837,1.0519158,-0.08046003,0.14904861,0.08604763,0.92296034,0.5281887,0.37508217,0.6389242,-0.07823029,0.17995597,-0.450658,0.20587562,1.937599,-0.4069793,0.7660511,-0.3367861,0.08588622,-0.61061054,-1.1693486,-0.753638
1.1240177,-0.16436714,-0.17237133,-0.8026274,0.04008766,-0.28006586,-0.026789157,-0.50545925,-0.6435072,0.88676107,0.43579447,0.7462047,-0.2738341,1.421043,-0.07176186,-0.034210578,0.42322442,-0.35431725,-0.015462987,-0.78325546,0.43355468,1.1178143,0.63597304,1.2411172,0.28280893,0.7008988,0.39229244,0.29405493,0.32079533,0.9521155,0.31807613,-0.110928506,0.62106586,0.85383797,0.6863248,-0.1865794,-0.3930915,-0.0903092,1.1761788,-0.09889516,0.47874126,1.3330628,0.6862833,0.015697692,0.14970657,0.4334913,1.0051811,-0.3710363,-1.0690148,0.13131545,0.3638297,0.07816098,1.8920796,0.067367375,-0.17843498,-0.010414074,-0.047440067,0.082756706,0.24446058,0.018492281,0.7711934,-0.26850516,2.2252579,2.2185452,1.05722,-0.28972477,1.8347613,1.1700183,1.7820914,0.60737604,0.22707903,1.6112517,1.6210427,2.2947154,0.86023885,0.8516716,-0.00965441,-0.20715338,1.2263566,1.1797678,1.4570119,0.9065803,0.48924738,1.4698921,1.25101,2.0396206,0.934669,0.64746064,0.73718053,1.7248101,2.3589132,0.15758088,2.3160667,1.9809057,0.6803524,0.47879168,0.7192921,1.6659853,0.8459603,-0.18765941
0.5649265,-0.531401,-0.5156259,-1.2903769,0.19918914,-0.034681875,0.22850136,-0.32009885,-0.04669806,0.24870862,1.5538137,0.56119204,0.3936603,0.4645768,0.020261467,0.9238328,1.0823956,0.5566988,0.8315002,0.43869585,0.50684,1.1036296,1.1516824,1.4351314,0.45243225,0.21857078,0.5907905,0.18165295,0.2348728,-0.7318743,0.0657862,1.0061824,1.9531142,1.3412943,0.76943576,0.46343583,0.8015879,0.2791528,0.5276312,0.1974053,1.2338979,0.3756222,0.66968584,-0.1552552,0.9276176,0.5734259,1.4681636,0.5783458,-0.036144402,0.35974333,2.0760484,-0.28935993,0.45457008,-0.73342806,0.0878812,0.7129948,0.42460454,-0.1592554,2.3889525,1.8941512,0.833814,-0.3065328,0.36009684,1.0757445,2.046869,0.8418905,1.6217468,1.2274699,1.3006617,1.3659451,0.63583916,1.6092712,0.9825667,0.5160538,1.4486253,1.1186816,0.83095306,-0.45904845,1.2825135,0.20946017,1.6527146,1.2913363,1.3336195,1.0627357,0.89167756,1.2576208,0.7345272,1.2151446,0.8680808,1.441868,0.8980969,0.041825257,0.84058344,0.31452563,-0.04003564,-0.7426417,0.24908425,1.2446924,1.7803298,0.23897578
0.12135626,-0.82616997,-0.50036186,-1.8308455,-0.19989206,0.45210487,-0.36154032,-0.5452404,0.019298166,0.32655573,0.9100608,-0.17951638,0.40757242,0.73371845,0.6960217,1.7437732,0.40937006,0.41049576,1.3221314,-0.34628007,0.45500726,2.1966925,1.2064083,0.2018048,0.13022158,0.36854294,-0.6837142,0.9757226,-0.19753213,0.061098184,0.026090609,-1.0813453,1.6922517,1.8188493,1.4480395,0.9439706,1.3456151,-0.29035607,0.3817369,1.1897908,1.3305433,0.6743375,1.8472424,-0.23331715,0.39687717,1.2642224,1.8450885,1.8978497,0.5441041,0.6489909,-0.55673206,-1.245163,0.9675165,-0.9264859,-0.47331128,0.47827977,-0.27554685,-0.15354836,1.7323552,0.5585586,-0.37024367,1.3022169,0.21589711,0.33388814,0.6726676,-0.21556354,1.7732857,0.88376975,0.8631035,0.45130602,0.3815523,1.4108706,0.4462663,0.59817964,0.8734413,0.7760496,0.023350062,-0.091654666,1.335772,-0.90691555,1.7419698,1.9743108,2.0014484,2.2630773,0.4694826,1.778949,1.3378649,0.731829,0.49894586,1.1895186,2.1215544,0.54691565,0.23515983,0.30989537,-0.16937056,-0.56804657,0.7144489,0.7781576,0.9003785,-0.2291115
1.2152746,1.129789,0.64749837,0.14848931,0.0924407,0.097037524,1.5583619,0.5338399,0.3015722,-0.14625652,0.5440063,1.2035424,-0.18036868,0.7850939,-0.1334921,1.1556349,0.19943257,0.642067,1.2598549,1.0203433,0.3195146,-0.3590246,0.6497286,0.78975725,0.72446704,-0.16160807,-0.07333722,-0.98885775,-0.11000007,-1.188974,0.5371354,0.797268,-0.12947541,0.83502465,-0.36618087,1.0871203,-0.07189596,0.3291761,0.55397904,1.0733001,1.0047591,0.4967755,0.19054471,0.42333037,0.073304646,0.25894135,0.2113512,1.3331777,0.6878264,0.87020904,1.1126586,0.4696638,0.60186183,-0.6868569,-0.056900155,0.30436584,0.31792018,0.47115502,0.10031634,-0.18391909,0.0910931,0.9769044,-1.0435995,-1.2774016,0.45522386,-0.5022935,1.2935665,0.487077,0.7068683,0.4351268,0.13689266,1.0001007,-0.017894415,0.73955953,0.50762844,0.50060385,-0.43841878,-0.25361967,-0.21275188,0.08276597,0.1190278,0.16138819,1.1543297,0.87789744,0.09299036,0.29671648,1.4892572,1.1748013,1.3974031,1.0876164,2.3555896,2.1042764,0.46054804,1.7232032,0.9520234,0.71381795,1.2129557,1.5636678,1.8197023,1.4748136
0.6543252,0.12264622,0.03792925,0.5591739,0.8249807,0.2173693,0.9547992,0.40353438,0.4714928,0.132419,0.53307736,0.32082194,0.9085743,-0.06558731,0.6132867,-0.39356372,-0.7812159,0.37471962,1.2011796,0.78173053,-0.40533242,-0.56968343,1.3588613,-0.4096992,0.14810038,-0.10362804,0.06998148,0.50556904,-0.11616307,1.0005652,-0.038112,0.003037067,-0.14348768,0.42753762,0.33802152,0.8017991,0.63344157,2.4237819,2.0006552,1.3505838,1.0606049,0.19364895,0.30122706,2.4742355,0.03604749,1.9005748,0.35584775,0.91314316,3.0795162,2.2126558,0.7386574,0.015605127,-1.0087608,0.66188806,0.37829933,0.6674267,0.5762918,0.81321746,0.53970987,0.5915298,-0.01871571,0.88851935,0.62659615,0.0703054,0.8151076,0.8906615,0.8072902,0.34525973,0.27129543,0.2996943,-0.023363024,-0.16208243,0.2574122,1.3966298,-0.53687894,-0.6681832,-0.07732179,0.20763347,-0.02244623,0.9596024,-1.6664151,-0.076463096,0.013020897,-0.68903023,-0.47294828,-0.35299894,1.2364205,-0.114113115,0.6418479,1.2647548,0.9160212,2.323004,1.630684,1.4156348,0.5040042,3.0628498,1.3237458,-0.6613011,1.5419903,3.2219398
-0.6972249,0.0059992056,0.52757394,0.8723111,0.48572543,-0.19346778,0.5677464,0.109834224,0.521854,-0.33478275,-0.5229267,-0.3507188,0.39100847,-0.25202525,0.20827144,-0.31130698,-0.5269348,-0.09093309,-0.2157265,-1.7243195,-0.6064622,0.62064445,-0.3235218,-1.1889633,-0.5951829,0.8192892,-0.25356266,0.93199694,-0.4533013,0.7890236,0.12762652,-0.4897142,0.36601046,-0.2812958,-0.064895995,-0.34539717,-0.3783077,1.0501795,0.47970238,0.6077351,-0.139253,0.97968674,0.65622973,1.1268611,0.52162,0.7088365,0.57138336,0.0838837,-1.1565136,-0.042402454,-0.018739143,0.56151146,-0.3499628,1.5940931,-0.14410402,0.077994004,0.1724771,0.66010785,-0.903542,-1.1847186,-1.2849495,0.526463,-0.39963216,-0.13291225,0.25213295,1.0145513,-0.48702046,-0.36655182,-0.9658761,-1.4969115,-0.11980043,-0.5301756,-0.56253046,0.10178234,-1.1042126,-0.7714222,-0.4857963,0.27090877,-0.88389313,0.9979414,-1.3907337,-0.6050168,-0.3062432,-0.5854549,-1.0972725,-0.82702386,-0.90017253,-0.63652635,-0.7842372,-0.42176107,-1.2735608,-0.4273526,-0.06601204,-0.1924482,0.40019712,0.62113583,0.2639384,-0.6636618,-0.6481798,-0.539348
-0.6248701,1.673725,0.84736574,1.8367634,0.9424507,0.49863997,1.0453458,1.2541512,2.0988798,0.9863923,0.19643918,-0.26791131,-0.5476472,1.5540724,1.408052,-0.05154818,-0.042812902,0.59200644,0.7675527,0.3833419,0.5161416,-0.7529544,0.5785281,-0.1558125,-1.4233681,-0.36850196,0.46635333,-0.07988337,0.5666867,0.65490186,-0.47053483,-1.2762662,-0.72007334,0.8724344,0.5666259,1.3865516,1.2549549,0.37583363,1.1965376,0.18695514,0.42066535,-0.6945457,0.49741852,-0.0017756784,0.2517725,0.3073334,0.7783695,0.54063183,-0.8371193,0.08198129,-0.520666,1.9586022,0.71302974,1.9062394,1.0502794,0.75672716,1.8240908,1.8709257,1.2702698,-0.14357564,0.15234569,1.2661636,0.6798063,2.112007,1.6217371,2.1322625,0.36265042,0.7563264,-0.0601484,0.7242359,0.7356982,0.015597797,0.4807784,1.5261976,-0.15943126,0.26105776,1.0479786,0.5233094,-0.6004059,1.3222698,0.048299495,-0.3327031,-1.0543873,-0.37376684,-0.18907239,0.30757013,0.8800393,-0.15203923,0.5335344,0.6161128,-0.277819,1.1416886,1.330236,0.61425114,-0.025250288,-0.22698459,-0.39329302,-0.449743,-0.6220628,-0.22153012
0.4002926,0.100857764,0.46147206,0.16251616,0.23860185,0.12849781,0.13920861,0.21193103,0.15119524,-0.15765922,-0.17291328,0.86731184,0.81030935,1.2670982,0.6818614,0.17675395,-0.4077975,0.07189847,0.72446716,-0.5503857,0.17054728,-0.30987158,0.19891745,1.3726587,0.26160213,0.48947564,0.23840936,0.2115609,-0.47340184,1.5660355,1.24845,0.7570664,0.12793165,0.5533721,0.7822978,-0.25568196,-0.8039939,-0.015945042,0.2887448,0.12856285,0.7102809,0.14862204,1.1592517,0.6853137,1.0039426,1.0707726,2.106007,1.8124081,-0.27120188,-0.5703146,-1.5106297,0.3831038,0.0801802,0.58766943,0.5083332,0.1825044,0.25694293,0.6588372,0.23373495,0.4016192,0.076108195,1.679625,1.030488,1.1936201,-0.4083389,0.14460675,-0.060924012,0.3534253,-0.22776672,-0.8318131,-0.15207104,0.35247558,0.54848117,0.4829674,-0.28265083,0.6711234,-0.5715906,0.9994376,0.36911586,0.84463596,-0.48700288,-0.30392146,-0.36064458,-0.65341514,0.51546323,0.31980407,-0.4868384,-0.6604819,-0.7946874,-0.3616826,-0.12294108,0.6819189,1.5474048,-1.717283,1.0541378,-0.26318145,0.12142325,-0.7305886,-0.7217211,-0.35177192
-0.3206661,0.41861463,-0.6044404,0.58016974,0.7436294,0.3075458,0.7986913,0.63502246,1.6605631,-0.085143216,1.0788682,-0.22503082,0.6545383,1.8980927,0.93903583,0.22915962,-0.058915313,-0.20250203,-0.7281339,0.50446975,-0.1335933,-0.53918445,0.5105411,-0.36583307,0.5953107,-0.109472625,-0.59184545,-0.23093477,1.4591051,0.77364105,-1.2915691,0.47616863,1.5059317,1.1948267,-0.28132537,1.2863251,1.432987,-0.22787182,-0.19987215,-0.8175504,0.94364905,-1.1598274,-0.31744772,-1.1850498,0.16018331,-0.54736423,0.82723796,0.31800297,0.653172,0.7761999,-0.1850869,0.2688142,1.0488116,1.0776331,0.70089763,0.6889456,0.6834296,1.3558557,0.6161866,0.7301742,0.25459912,1.4626695,2.2910938,1.2561735,1.410353,2.666297,1.7445041,0.7162696,0.49748462,1.5077342,0.84706545,0.26992556,0.6238198,2.414375,0.7328015,0.18075189,1.3496672,0.4265886,0.059293576,0.7444148,1.1582415,1.7044951,0.58234084,0.8245699,0.34924617,1.3533138,-0.07808413,-0.38100854,2.4081204,2.2810345,1.8400128,0.7666916,1.8813281,0.0839819,0.23966332,-0.77168524,-0.48381642,0.47677544,0.47715572,0.4103417
1.0801613,-1.0192996,-0.79249364,-0.47234693,-0.3680766,0.39910778,-0.025915684,0.11648741,0.021377964,-0.2631282,0.28440884,-0.14557724,0.42042503,1.8273687,1.2877673,-0.41537476,-0.18831415,0.29613614,0.31299782,0.441243,0.7400172,0.045540918,0.30816653,0.6668834,-0.028902374,-0.4042192,0.46023136,0.6630976,-0.1463803,0.86874294,-0.5401424,-0.1260434,-0.49494988,-0.13924706,-0.6082521,1.2440255,0.24959539,1.4046963,1.1824651,0.9981109,0.3218183,1.1889467,-0.629823,0.35038722,-0.7429777,0.33911976,0.14217195,0.039367206,1.7502494,1.0275999,0.27647388,-1.037226,0.90945077,-1.0936085,0.13854912,0.65755105,-0.40197292,-0.4165216,0.36551866,0.52149916,0.0692839,0.7280007,-0.2239117,0.45565048,0.51749504,1.0252414,0.42844382,-0.12793274,0.3482029,0.60311913,0.50833607,1.5318183,0.20073557,1.1136079,0.9522121,0.7347993,0.67534447,0.9576272,0.6701124,-0.21753521,0.93721443,0.96089065,1.1911736,0.87395746,1.371309,2.047544,1.516721,1.6144179,2.1532915,0.5461167,0.8823613,0.95346403,0.9798149,0.70732576,0.36623266,0.4680065,1.4750122,0.8120734,1.0242424,1.351574
1.0721264,0.6789557,0.49066293,0.23007028,-0.12736835,-0.031700093,-0.32184434,0.21736306,0.3322078,1.8434572,0.28237116,0.9260894,0.5046436,0.8554946,0.703959,-0.09841061,0.019501366,0.45065105,0.5027993,0.91613364,1.1521593,-1.565025,-0.5326768,0.3697136,-0.33874226,-0.47285166,0.21053642,-0.7600391,0.10255265,0.41512966,-1.1138241,0.08815155,-0.17058165,-0.9892894,-1.7962393,-0.42076808,-0.29480588,0.28123906,-0.24989471,-0.59880924,-0.8047913,0.30015668,-2.4440863,-0.09694061,-1.9074292,-0.62473404,-1.5485922,-1.7353263,0.8362065,-0.9273171,0.98040956,-0.1067766,0.007988791,-0.16480233,-0.49307272,-0.5704991,0.15422204,0.41535613,1.0608113,0.011588864,-0.3279097,-0.54822236,-1.1305958,0.51066095,0.4932962,0.7148957,0.7374799,0.93058056,0.45889425,0.70850354,1.3947014,0.637035,0.08715829,0.379541,1.0766927,0.5829954,0.581873,0.24958052,-0.26477015,1.4778152,0.17289196,-0.66813266,-0.26459965,-0.58651733,1.5838695,0.5085004,-0.46608862,0.5547189,0.04454529,0.7728519,-0.603718,0.8208923,0.20863293,0.2251261,-1.2652158,-0.2084592,0.21773446,1.2346429,1.0538309,-0.6003226
-0.85020846,0.07874947,-0.3336551,0.6586804,-0.27219713,0.072431006,-0.42800522,0.0007901895,0.19431528,-0.662268,0.012644387,0.27221277,0.39676756,1.1294364,0.35243794,-0.65738064,0.79474646,-0.40938923,-0.29674512,-0.15527977,0.06563165,-1.4517546,-0.9961725,0.1456252,-0.045593984,-1.5982968,-1.1754725,-0.57970506,-0.33323395,-0.18279964,-0.47147375,-0.15745994,-0.38086003,0.7241251,-0.6946074,1.2722882,0.3269743,-1.0557498,-0.13147715,-1.0489216,-0.019661179,-0.68874097,-1.688984,-0.8349261,-1.2428632,-1.0626062,-0.9412322,-0.11069795,0.45020574,0.4525312,-0.364381,-0.27532306,0.8446236,0.9414901,0.0023385861,-0.41681963,-0.22238964,0.026065841,1.2428784,0.8146021,0.815519,1.746758,0.7866619,0.9751054,1.8288245,1.3305429,0.9988303,1.1118493,0.9922586,1.1681676,-0.24011381,0.8058719,0.70957345,0.65567946,0.5055363,0.7595581,1.4342633,0.46787384,-0.14488266,0.12903826,1.0169857,1.5686017,0.5895462,0.32012284,0.36242792,0.61424637,1.0098321,0.3311434,2.0366843,0.984076,1.9056013,0.87956506,1.2323246,0.46779934,-0.5965223,-0.082952045,0.555978,0.4473006,0.951886,1.0909185
-0.36999118,-0.60257924,-1.1646436,-0.2465995,-0.95549923,-0.52817404,-0.9292045,-0.76548654,-0.9997162,-0.9988013,-0.95781434,-1.5314788,0.93961954,-0.25744084,-0.9992009,-0.7097903,-0.89978844,-0.84252656,-2.1747632,-0.20934187,-0.82849497,-1.3850584,-0.27180594,-0.50950444,-0.5576551,-1.0345885,-1.3956816,-0.95286924,0.38693082,-0.65018624,-1.4929696,-0.14519653,0.9328525,-0.98052645,-1.0299511,-0.15422931,0.21821818,0.7542114,2.0155869,1.0427223,0.31396276,-0.113730036,-0.023834262,-0.55653685,-1.7984978,-0.08332149,-0.2159625,-1.460444,0.043818556,0.35167536,-0.76515496,-1.1293615,-0.30901363,-0.275656,-0.0930828,-0.1405884,-0.6470651,-0.7771174,-1.1809176,-1.2427028,-0.38200834,0.39804533,0.75542104,-0.29107517,0.34027386,-0.88125557,-0.16287442,-0.5997859,-0.5853735,0.5343894,-0.5873146,-1.2237768,-0.21107145,-0.36331034,-0.9033458,-0.527475,-0.32145116,-1.8507493,0.22284994,0.25024047,0.317624,0.78648156,0.587277,-0.11409973,0.106180795,0.6300171,0.5102318,-0.5084431,1.4030037,1.3330405,-0.72591335,-0.50521237,0.14488621,0.00997902,0.48461023,-0.21245714,0.62733275,0.19043273,-0.93148714,0.5555842
-0.02128141,-0.015658459,-0.6414932,-0.45905596,-0.4990467,-0.27262464,0.20071585,-0.45672688,-0.20293373,-1.422553,-0.7733886,0.022509651,0.7142562,0.54304093,-0.44490325,-0.3133974,-0.08583366,-0.038359806,-1.0134171,-0.8123072,-0.45952913,-0.4148555,0.039051402,0.06723229,-0.4744406,-0.6305715,-0.50413024,1.0238215,-0.16414244,-1.0221494,-1.0838195,-0.17015743,-1.205285,-0.92062604,-0.6965944,0.37179634,-0.35654593,1.5473944,0.28561413,0.05351243,-0.21517888,1.3227309,0.09912743,0.10766298,-0.042097196,0.5014179,-0.0981448,-0.37477052,-0.5239692,0.650595,-0.626373,-0.7572914,-0.3072962,-0.47084764,-0.5785771,-0.803317,-0.9613551,-0.605773,-0.72341675,-0.13849732,-1.155908,0.712457,0.46277088,-0.8890092,-0.036123488,0.83462006,-0.212364,0.14392729,-0.659862,-0.46208632,-0.20997374,-0.9586316,-1.0920779,0.28587204,-1.2009541,-0.028352775,-0.28240234,-1.020867,-1.0422196,0.9943366,0.14450377,0.649232,1.0767661,0.7035714,0.5247303,0.56748444,-0.80474937,1.1533773,0.3095992,1.0780617,1.4673234,0.2922799,-0.09204998,0.94017404,1.6428866,0.1872901,2.2014124,1.1931862,-0.016042812,0.84366786
-0.6688836,-0.27761856,-1.2535807,-0.41733593,-0.58370394,-0.6259602,-0.9972251,-0.52576834,-0.46904767,-0.75019056,0.1728048,-0.40094292,0.2697522,-0.5262122,-0.69719595,-0.5948971,0.59053564,-0.7927392,0.13657516,-0.4140556,-0.75785667,-1.2076378,-1.0027648,-0.13938615,-0.2639217,-0.050368767,-1.1373706,-2.037793,-0.8690859,-0.8331003,-0.9507649,-0.44767058,-0.054564364,-0.36486632,-1.0826008,-0.52156,-0.6785529,1.033748,0.17491543,-0.27853063,-0.33196297,0.18827607,-0.72285134,0.31156227,-0.95933837,-0.34800297,-0.72906923,-0.7867652,0.3818051,-0.047638204,0.55830836,-0.63051546,-0.52572364,-0.011350856,-0.040308505,-0.48743716,-0.17951177,-0.038936533,0.22435303,0.41947988,-0.6688313,-0.14556667,0.43226886,-0.13452812,-0.14991081,-0.40442502,1.5654825,-0.82132936,0.515642,0.30381036,-0.1658491,-0.10557478,-1.0824083,0.4071452,0.3143454,-0.18745421,0.23305891,-0.27060056,0.07026197,0.82375854,0.6352153,0.69604605,0.15186441,0.39370525,-0.53443605,0.52762467,0.35729676,-0.50646573,-0.21110179,0.36598065,1.423279,0.28443074,0.89831394,1.9474589,0.42983386,0.49413273,1.0931817,-0.3878098,0.49067527,0.44863406
-1.1585438,-1.2793713,-0.75111204,-1.3832512,-0.8297186,-0.45892447,-1.6493473,-1.3047115,-0.72332686,-0.79035574,-0.03659512,-0.68905896,-0.30063626,-0.81577224,-0.5366129,-1.4868912,-1.3720224,-1.4694592,-0.033607513,-1.4998249,-0.83269733,0.0767373,-0.8809197,-1.2149234,-1.2414933,-0.63832164,0.27970403,0.2015218,-1.3538054,-0.25077465,-0.24794817,-0.03518599,-1.2449294,-0.9328841,0.20173517,-0.62798154,0.17259261,-0.63461,-0.8949866,-1.2869024,-0.86962926,0.0800697,0.25565237,0.5302064,0.66139126,0.08814329,-1.0646424,0.24507639,-0.41606203,-0.050639454,-0.4800332,-1.0309756,0.0097801825,-0.5580365,-0.40001684,-0.37580764,-1.1761577,-1.098287,-0.35444605,-0.21526945,-0.7525258,1.1430228,1.2628973,-0.15725069,-0.11477445,0.8887107,0.64711845,0.19266595,-0.5753684,-1.1910625,-0.6979805,0.9417861,0.3541695,-0.61559564,-0.8940113,-0.12576546,-0.3263411,0.40962648,0.20913562,-0.286021,-0.12210937,-0.013584883,-0.05451584,0.23300682,-0.08034993,0.23238859,-0.40627292,0.79489374,-0.43787175,0.850953,0.73018014,-1.2931166,0.12790035,2.0608935,-0.3963014,0.3260961,0.5136615,-0.72562855,-1.1898692,0.250094
1.1328257,0.10857297,0.76363444,0.13396709,0.3243294,-0.28942707,1.0253905,-0.004654992,-0.8981315,0.080729246,-0.5301396,0.6610094,-1.5150051,0.31452832,0.13743125,1.5339147,0.77547723,0.66622335,0.5891154,-0.8227074,-0.26028568,0.8035597,0.015363811,0.7487113,1.0534378,1.340201,0.48596722,-0.3689443,-0.38664135,-0.2118006,-0.17603567,-0.59222096,-0.14273643,0.65927845,1.3694799,0.65180314,1.3321747,0.8293627,1.1336144,0.395228,0.77202326,1.4137019,0.75763255,1.281058,1.7441388,0.9020164,0.8019036,1.2121714,0.7444857,0.72011626,2.10666,-0.022199348,0.3756248,0.091654345,0.06188865,-0.2509016,-0.23872098,-0.029588012,-0.12338198,-0.45681286,0.14513595,-1.5914699,-0.47340754,0.7989359,1.151446,-0.6882342,-0.09593741,0.22465032,-0.1208279,-0.56537044,-0.62483245,1.0412748,-0.36326128,0.28660378,0.48179445,0.11336101,-0.386746,-0.39469683,0.23525466,0.4038863,-0.45823216,-0.20016167,-0.45023707,-0.13166569,0.93724847,-0.18633927,0.1972207,0.081365325,-0.71131843,-0.03260626,-0.3311819,-0.12814303,0.48791575,0.6759253,0.12914492,0.908118,0.25736263,0.78223795,1.2662269,0.18773909
-0.47911367,0.81287694,0.42268676,0.9578707,0.40140224,-0.41999406,-0.14958096,-0.07998918,0.33060884,0.055199888,-0.3225786,0.9789015,0.39821613,1.2409161,-0.17397678,-0.08596039,0.26392612,-0.52015704,-0.26969102,-0.10658373,0.114533335,0.272764,-0.19307445,0.12187841,-0.4640026,-0.8023501,-0.576022,-1.8444448,-1.4557452,0.7342515,1.0350566,0.0065635336,1.4631187,0.48601025,0.5348604,0.3400504,0.25354686,0.7160812,0.7776983,-0.30143106,0.54703647,0.434956,0.2781155,-0.26564658,-0.6536272,0.3817487,0.56260735,0.629752,0.32557392,0.3602387,-1.0416788,0.5461036,0.25847208,0.6946981,0.26289478,-0.20938747,-0.058797844,0.17006342,0.14305621,0.4592636,0.83365923,1.1314518,0.34532508,0.52199244,1.0050943,0.13631743,-0.289955,-0.5607143,0.9135455,-0.008885958,-0.21203087,-0.3336999,-0.34712493,-0.06989141,0.20767213,-0.41460437,-0.6740347,-0.060021546,-0.21209803,-0.5364182,0.5057562,0.8716601,-1.0227025,-0.64775443,-0.012822263,0.69035137,-0.24891272,-1.1689137,0.54211056,0.30637482,0.080645785,-0.12768039,0.15926349,-1.490454,0.11319778,0.31614465,-0.70242095,0.2885879,-0.12855253,0.09449133
-0.9722243,0.31011334,0.076259434,0.3872229,0.21559818,0.24736384,-0.21828565,-0.08706966,0.32320786,0.6379383,-0.43409994,1.0675272,-0.9201981,0.081774384,-0.5126824,0.6915536,0.58642,0.18568137,1.0142738,0.7578178,0.9837705,1.3006986,0.7380587,0.68500566,0.8295789,0.46707705,0.04948221,-0.1226645,0.9019149,-0.93490213,-0.36371893,-1.1918585,0.6305746,0.9131505,1.1770183,0.7685529,0.16097882,-0.31273413,0.2468971,0.32848197,0.22139002,0.7344895,1.3279926,-0.12485474,0.700239,-0.012371283,1.292641,1.1422137,-0.23116317,0.07932546,0.4829642,0.8336331,1.4915018,-0.21406204,0.103239164,-0.3741992,0.040092696,0.06903139,0.43476388,-0.40351823,-0.03467851,-0.70300657,0.7332917,0.9214434,1.4735553,-1.2684144,-0.23946783,1.0288888,0.37066585,0.02359197,0.058336362,0.600352,0.4304806,-0.33810568,0.31570357,0.016506916,-0.2129712,-0.6364356,-2.3953426,-1.221808,0.54493046,-0.6445139,-0.48233613,0.65812093,-0.21341637,-0.38318008,-1.0010675,0.022570027,-1.0564994,-1.00381,-0.4768662,-1.0663902,-0.48890546,0.37063688,-0.3265991,-0.673545,-1.3093119,0.673788,-0.4285621,-1.1400584
-0.052973904,0.07583037,-0.13006452,0.5997444,-0.08684927,-0.5916908,0.87316996,0.22411087,-0.029833963,0.6578914,1.5072098,0.72057104,-0.24649677,-0.35375085,-0.052156966,1.1931462,0.29971853,-0.1546667,-0.15362997,-0.30989334,-0.09121853,1.0390188,0.3481526,0.44276085,0.40174946,1.6178526,1.1989436,0.19364466,-0.1602036,-0.13480939,0.19026284,-0.33443168,-0.008264486,0.26418206,1.3246561,-0.47689795,0.23625381,0.07693079,0.6295676,-0.13629079,-0.20415433,0.466665,0.7902117,-0.4631653,0.65974736,-0.19868551,0.9873117,1.5062466,-0.6747569,-0.75613034,-0.13805676,0.011329274,-0.34343478,-0.96323144,-0.24566506,-0.06326369,-0.017720472,-0.019001588,-0.8820547,0.22449782,-0.02844023,0.5871646,-0.42427412,-1.5887595,0.1629162,-0.055792306,-1.8199334,-0.033895746,0.43905008,-0.4565802,-0.5846706,1.0453424,-0.26967353,-1.0858964,-0.08870834,0.5079357,-0.34341976,-0.11095872,-0.8307051,-1.2355149,0.31517825,-0.21557485,-0.16050157,0.4660658,0.9699459,0.2272752,0.09793995,0.008590664,-1.7429074,-1.7171198,-0.8708551,-1.2752649,-1.2677461,-0.8993872,-0.18620557,-1.4765819,-0.48868245,-1.7031633,-1.448987,-1.06248
0.5733996,-0.69658154,-0.09655974,-0.43449432,-0.32045394,0.34105727,-0.34222507,0.20857562,0.08332865,0.1161432,-0.020368287,0.1443295,1.1076837,-0.6646171,-0.063081466,0.7218293,-0.33692,0.5168222,0.7779921,-0.4592345,0.504913,0.6299401,0.38385347,-0.64833814,0.69812715,0.38161737,-0.124795094,-0.11693889,-0.91892457,-1.2475334,-0.80650115,-0.7891647,0.55079955,0.855823,0.8802575,0.66502064,1.3316493,-0.32852918,-0.025512625,0.23454596,0.50718784,0.25964367,0.12053383,0.40399268,-0.18677546,0.73931974,0.19496994,1.3377181,1.1196882,0.23271403,0.64068025,-0.5591971,0.438651,-0.9199759,0.011685132,-0.0062223477,-0.348496,0.12641782,-0.69585097,-0.28605646,0.008100212,-0.993902,-1.5138031,-0.88983047,-0.39891684,-0.95935416,-0.65702516,-0.45009428,0.3734703,-0.5045346,0.06910674,0.20501804,-1.025328,-0.31871778,-0.08503365,0.42014226,-1.3810763,-1.0681022,-1.1642562,-1.3636804,0.5609894,-0.029417876,-0.17092681,0.34871224,-0.15016748,0.26217556,-0.36995685,0.7201427,-0.034199614,-0.21148433,0.3748571,0.05194936,-0.41930068,0.6387498,-0.1415462,-0.63502795,-0.083827764,0.31131122,0.68701714,-0.08938175
1.1242999,-0.07734525,0.7947384,-0.23440528,-0.26873636,0.4198471,-0.29053554,0.1665877,-0.38166222,1.560269,0.67845684,1.0165042,0.71806246,-1.098094,0.73064625,1.3005403,1.5257941,0.4231042,1.1041565,0.7837663,0.65501326,1.0377574,0.82613987,0.8252508,-0.011130824,-0.1821482,0.29432756,-0.040577635,0.02601777,0.3786918,-0.23412909,1.470639,-1.222826,0.12277698,-0.13120359,-0.36289442,-0.8305497,-0.54389745,-0.6425768,0.019698085,-0.4298582,-0.4608868,-0.43154365,-0.5051423,-0.9523486,-0.124364115,-1.4210844,-0.6860977,0.6517294,0.30659676,0.23662792,0.03005722,-0.20271806,-1.220639,-0.3004683,-0.15887119,-0.3335006,-0.72351,0.88547903,0.683645,0.78414845,0.32208154,-0.780688,-0.72495127,-0.17899744,-1.0080992,-0.9361753,0.65756947,0.48191366,0.31490302,0.13006328,0.6263017,-0.3698079,-1.827847,0.6055868,0.8418409,0.07356136,-0.17381936,-0.0797488,0.4758417,-0.29269746,-0.9556199,0.23404728,-0.11532632,0.51896495,0.35767928,-1.3893898,0.473819,-0.7532934,-1.2016735,-0.9110435,-1.3440275,-1.9100562,0.11433031,-1.1394073,0.12415205,0.024213577,-0.10030162,-1.0299077,-0.3341504
0.7252492,-0.14415959,-0.16503572,-0.47066906,-0.0043230527,0.51973933,-0.6121002,-0.16280565,-0.30630216,1.4579499,1.6675835,0.6913164,-0.9840608,-0.074830435,0.06262588,0.04548816,1.3447217,0.122961015,0.23427477,-0.15142372,0.69368654,0.8855356,0.43259585,0.63922924,1.1263192,0.13957301,0.26860788,-1.0303925,0.42698395,-1.1488099,1.0160944,-0.35933203,-1.7750511,0.8945973,0.8984279,-0.18466672,-0.90597445,-0.9662181,-1.252746,-0.15951574,-0.07210165,1.1428972,-0.22606216,0.17828573,0.3729578,-0.36735317,1.0683674,0.34749198,0.27394247,-0.48016247,-0.46133107,0.5796313,0.16410418,-0.3286951,-0.29731566,0.024716254,-0.033892088,0.06542609,1.019148,0.013593195,0.543239,0.06779819,0.36562786,-0.98059607,-0.41044933,0.18545654,0.12308408,0.19123243,0.93892515,-0.16862798,-0.14017639,0.60125786,0.30452976,1.3950006,1.0431309,0.3677333,0.6188942,-0.1288725,0.49071902,-1.1285561,0.5214751,-0.32533854,-0.000854047,0.26812163,1.1787328,0.8301104,-0.47009295,0.23445788,0.12615697,0.21581398,0.30384487,-0.026969684,-0.26009366,0.08526404,1.0108627,-0.16372511,0.15357222,1.4410342,0.37364292,-0.27387097
0.79731804,0.23662455,0.24797228,-0.36973247,-0.32831943,-0.22845963,-1.1110697,-0.5607105,-0.5086827,-0.79223204,-2.161877,-0.6298647,-0.877903,0.111824065,-0.010017352,0.21264242,-0.7632242,-0.47885618,-0.79753864,-1.0042185,-1.2749848,0.21985123,-0.20608313,-0.70002407,-0.7917948,-1.2674736,-0.20909998,-0.9313257,-1.1615742,0.5175445,-0.07764852,-1.2237947,0.49144244,0.8344817,0.65492696,-0.7844646,-0.5963327,-0.2965253,0.9391338,0.29128975,1.0940061,0.28701016,1.6121601,0.2849776,-0.15959707,0.7477887,2.1160917,0.09686135,-0.6884075,-0.002181811,0.26348117,-0.87262684,-0.6035567,-0.8761413,-0.39091608,-0.22207537,0.093813494,-0.35809427,-1.3862135,-1.7589414,-1.2110825,-0.5261087,-0.33465424,0.8858156,0.9467422,0.37601998,-0.79291993,0.21220183,-0.51243037,-0.00076457224,-1.4181085,-0.04794651,-0.3015199,-0.8177972,-0.61639476,-1.3662077,-0.22238919,-1.591361,-0.7062715,-1.4897912,-0.63079935,1.1729678,0.67405653,0.42331675,-0.63579345,0.38311183,-0.22481875,-0.12179658,-0.15582229,-0.10897395,-0.25097513,0.2624929,-1.0753984,-0.17107248,-0.24835205,0.26394036,0.7349159,-1.0216705,-0.5647153,0.03741448
-0.76067907,-0.60380775,-0.52439404,-1.2978255,-0.771847,-0.31566983,-1.4840002,-0.91970366,-0.5587034,0.61562276,-0.18828356,-0.01895247,0.4326647,0.51008445,0.71124387,0.12478187,0.881422,0.37112662,0.628994,-0.031681202,0.6499467,-0.09423642,-0.25873014,0.047287203,-0.39291215,-0.18169905,0.16389477,0.07752313,-0.9446714,0.5725735,0.19799618,0.4008818,0.024305914,0.3315275,0.58652234,0.42884943,-0.43940777,0.34311554,1.055538,0.43852863,0.47269145,0.8843705,1.0949408,-0.6531947,1.3175198,0.633866,1.3590517,0.8761186,-0.52970177,0.16343696,-0.021774657,-0.8278921,-0.76909393,-0.8896044,-0.7308347,-0.69989556,-0.46758237,-0.52085245,0.5571391,-0.19377625,-0.19991985,-1.3436714,-0.6558049,0.038974077,-0.98756784,0.0005886107,-0.17624395,-0.67271906,-0.6486313,-0.6118337,0.0066892644,-0.326611,-0.9760792,0.3412161,-0.91435903,-1.2884718,-1.1321497,-0.99552196,-0.9413262,-0.29490843,-1.4163976,-0.36318687,-0.19373155,-1.152593,-0.38633484,-0.40535367,-0.90017897,-0.57527363,-0.26935944,0.9293026,0.5823133,1.87991,1.0851147,0.13106374,0.65741634,0.053760048,-0.56174797,-0.9126356,-0.70496863,-0.21969342
-1.1622287,1.1385429,0.18174061,0.97472477,-0.41708285,-0.51786095,-0.36311802,0.45117766,0.43859968,-0.07364288,-0.33583924,-0.6300281,1.5651549,1.6195943,0.66625875,-0.08375465,-0.3874054,0.35490033,-1.04381,0.84147507,0.8364195,0.036204327,0.6169173,-0.12416242,0.387454,-0.7083554,1.3659762,-0.85732603,-0.44572502,2.398397,0.19343181,0.8790752,1.2020285,0.53710717,0.26542246,-0.3677047,-1.1118188,1.7082498,1.5492854,0.94683474,0.7338876,1.6328703,1.0778553,-0.2773281,1.1080282,0.66005826,2.16828,0.5492592,-1.0411587,0.05473932,-0.92888796,0.41223344,-0.3710252,0.61961925,-0.14563173,-0.17151187,0.42262277,0.12434741,-0.13754395,0.38832638,-0.110526614,0.31688544,-1.1164393,-0.094261885,0.082654245,0.6799347,-1.2901851,0.034582406,-0.1963539,0.4501891,0.7406067,-0.95899373,0.69781625,-0.10472275,-0.17900866,-0.10976197,0.29402357,0.44083712,-0.26548702,0.08216363,-0.7908996,-0.29465774,-0.5848162,-0.8034419,-0.29085618,0.12851512,-1.5825835,-1.3783963,0.12700146,0.40137526,0.33215767,1.967137,0.8323357,-1.1454135,0.78326136,-0.68681115,-0.36170423,0.33067185,-1.6865484,0.020244578
-0.61138934,-0.8236468,0.061093103,-0.86258614,-0.4519976,0.58867085,-0.5827307,-0.46937564,-0.03253873,-1.4059485,-0.75290805,-1.9983532,0.60590094,-0.043273214,-2.0066466,-0.48212424,0.059561156,-0.5192314,-0.3114605,-0.77313364,-0.57551724,0.23759301,-0.8005204,-1.1181258,-1.2333168,-1.5274268,0.65926325,-0.01691513,-0.5432436,0.7377489,-0.5799972,-0.53408295,0.6439737,-0.68677497,-0.6526674,-1.8361319,-0.74394757,0.71833813,1.2267914,0.19035625,-0.30265403,1.8396622,-0.17103866,0.4597711,-0.3114285,0.71866816,-0.6213211,-0.24461466,-0.43710077,-0.16870373,-1.0756357,-0.36598405,-0.44185624,-1.1960005,0.006404836,0.28682217,-0.44957283,-0.8181457,-1.0142411,-1.6476535,-0.81008327,-1.3554891,-0.25776717,-0.07933364,-0.44796267,0.02684921,0.3546801,-1.3380774,-1.2804155,-0.79711115,-1.044022,-1.5468702,-0.43664923,0.43254676,-1.2486525,-0.6070772,0.078933306,-1.5295715,-2.4436116,-1.3089309,-1.2259725,-0.23732324,-0.3587762,-1.7302029,-1.7125598,-1.4875062,-1.1518767,-1.0303977,-0.8987932,0.15112841,-0.71357524,-0.32233346,0.2688019,1.22321,1.0282618,0.91929126,0.20682746,-0.23078735,0.12757814,-0.22915289
0.19475013,-0.49536857,-0.79309183,-0.87209225,-0.28164944,0.33795464,1.0066074,-0.32585916,-1.2914988,-0.99165356,-0.5150035,-1.1642398,1.6045617,1.7844967,0.7057982,0.14795338,0.4562072,0.782346,1.4513439,0.16171038,0.3836725,0.22844988,1.8593794,-0.43461087,-1.1207683,-0.32277754,0.28886464,0.256489,-0.6834931,2.658013,1.6375319,0.9342761,0.970243,-1.1343356,-0.5302677,-1.7836732,-1.1724905,2.3459404,2.2560785,1.7152852,0.8997253,2.777082,1.9617532,1.8056128,0.576857,1.5247084,0.95910615,0.60454327,0.27527732,0.8981145,0.03005212,-1.3177344,-0.13857968,-1.540309,-0.10826726,-0.3946834,-0.2480112,-1.6633352,-1.2860368,-1.1207275,-2.0488377,-0.048356947,0.5108798,1.3958656,1.3322586,0.017242426,-0.051238205,0.71763605,-0.42126295,0.1698274,-0.23653865,-0.8024919,-0.5032044,-0.6741612,-1.1390569,-1.5884053,-1.7731004,-1.2965171,0.22344387,-0.8120145,-0.8180446,0.13944422,0.7821737,-1.068618,-0.6661756,0.54630464,-0.55604166,-0.22653437,-0.8375512,0.42723826,0.97752017,-0.4614168,-1.3081436,1.7557274,1.056246,2.00325,1.0599182,0.51963073,0.17481148,1.4842311
-1.3517724,-0.10891325,-0.4190951,0.09736062,-0.6917806,-0.22052288,-0.2560826,-0.6512096,-0.5270608,-0.52865547,-0.49712077,0.11852016,0.8939728,-0.82556534,0.78820884,-0.7151325,0.2423116,-0.65275407,-0.2801421,-0.8074273,0.3437387,-0.0771875,-0.24649516,-0.37021983,-0.22838059,-0.2224248,1.0848053,-0.5407902,-0.7367732,0.99371994,0.08874311,-0.40998217,-0.16415027,-0.88108575,-0.4437934,-1.3452225,-1.01041,1.0884137,-0.020072708,0.20702721,-0.5695775,1.2637595,0.58170485,-0.15005985,-0.046783775,0.023298768,-0.046250924,-0.74884045,-0.7930701,0.24136965,-0.543402,-1.0978988,-0.9629699,-0.4977006,-0.32845736,-0.8863526,-0.85735077,-1.1873856,-0.71408224,-0.52083564,-0.75020105,-0.46693957,-0.44728443,0.4593199,-0.6025655,1.04017,-0.9509652,-0.36875293,-0.15194352,-0.4055855,0.46186978,-0.29391983,-0.535166,-0.08416714,-0.3212929,0.014869047,-1.564055,0.059744153,0.51573765,-0.451863,-0.6503923,-0.041493166,0.65472645,-0.752722,0.5131694,-0.28777546,-1.0727018,-0.15433426,-0.037263975,-0.0046400786,0.17687994,1.5189042,-0.049551994,1.0795283,0.277883,0.8693172,0.32479832,-0.69789845,-1.176581,0.39933205
-0.23576015,-1.6285741,-1.5857887,-1.2379138,-0.4043514,-0.38351303,-1.5928218,-1.4101274,-1.4564141,-1.0051811,-1.2690396,-1.0935463,-1.6948249,-0.49118832,-0.9492237,-0.5910626,-0.7142573,-0.73727316,-0.54694396,0.3600584,-0.6298772,-0.19973046,-0.2817853,-0.33356413,-0.62415874,-0.59265167,0.22733678,0.062209707,0.4040511,0.22416042,-0.6060963,-0.5254706,-0.8253468,0.18304306,0.121426485,0.23234685,0.13398497,-1.0343016,-1.7462534,-1.1897379,-0.77333635,0.74135005,-0.30428192,0.011281637,-0.3504051,-0.88468426,-0.922695,-1.0303807,0.0067498027,-0.16306998,-1.7406625,-1.3686619,-1.542168,-0.50163066,-0.5422756,-0.6716118,-0.9482414,-1.4263257,-0.69315517,-0.9112561,-0.45491692,-1.9718081,-0.21875006,1.7698972,-0.4205142,0.407987,-0.7845524,-0.10300679,0.04835114,-0.25963694,0.69445795,-0.5338556,-0.46732128,0.36495245,-0.24461463,-0.9239381,-0.5526467,-0.018258302,-0.26502255,-1.3570851,0.18759666,-0.055276953,-0.6038223,0.19269323,0.30009413,-1.0148726,-1.7421527,-0.3063466,-0.16500334,-0.769627,-1.4623945,-0.91969144,-0.5972323,-1.6068075,-0.7741094,-0.17814352,-0.8409038,1.2463969,-0.0836656,-1.0366817
-0.48607478,-1.5861942,-1.2770733,-1.6139458,-0.867323,-0.83756506,-1.8952906,-1.199732,-0.8085916,-1.8042101,-1.6078619,1.0604677,-1.4367499,-0.23420666,-0.49561563,0.112853326,-0.29840836,-0.55940545,-0.3983812,-1.8971689,-0.35123846,-0.347667,-1.1419446,-0.75888383,0.13861102,-0.28797656,-0.77733886,0.08569513,-1.1410993,-0.88233805,-1.3345542,-0.9407965,-0.4022528,0.483658,0.6846797,0.56554127,0.47830176,-1.0409029,-1.1504887,-2.0488884,-1.3564043,-0.5352324,-0.7372104,-0.6693844,-1.1282833,-0.90437645,-0.4745628,-1.2335643,-0.6053438,-0.37544727,0.6092788,-0.97440255,-0.86541075,-1.1165888,-1.1760576,-0.85351104,-0.8507168,-0.9210878,-0.74508226,0.022606956,0.038836,-0.37453815,0.3590239,-0.15694566,-0.030224912,-0.93274796,-1.4035275,1.7069368,0.86516744,0.10106952,-0.83221203,-0.44427174,0.24007818,-1.033566,0.66166496,0.8550013,0.2287494,0.27854517,-2.3205705,-0.9133683,0.74800664,0.16710451,-1.0145259,0.36404887,0.06512198,0.24020156,-0.38646865,0.7491018,-0.5733997,-0.77699137,-0.8150413,-1.962359,-1.1332449,0.147499,-0.81692606,-1.1884586,-0.7192049,-0.28933156,-0.10302319,-1.2235156
-0.96017236,-1.0530056,-1.1064094,-1.6149409,-0.36846793,-0.049564704,-0.1773435,-0.8860819,-0.56268996,-1.3323033,-0.5695062,-1.3815157,-0.8792464,-0.39789158,0.103579365,-1.0347815,-1.1570439,0.5148724,-0.20716873,0.6472806,0.45644477,-1.3672242,0.046433903,-0.47749415,-0.5944188,-0.9695264,-0.34076527,-0.37719476,0.0028707732,-0.3047598,-1.8081127,-0.89735204,-0.88208556,0.037630558,-0.26496997,1.3331844,-0.3455777,0.67055756,0.44451365,-0.030719245,0.09891961,-0.31990153,-0.33903116,-0.6448487,-0.6178823,-0.1394533,0.30846035,-1.4761764,1.0869071,0.28412306,-0.060125742,-0.98342675,-0.3652682,-0.79989547,-0.5681344,-0.3213987,-0.6005191,-0.70822185,-0.991412,0.64438564,-0.45219338,-0.50594926,-1.5753095,0.08980515,0.5098777,0.024031946,0.5230134,0.16182928,0.7872482,0.91811985,1.2542247,-0.12393646,1.1078637,-0.058431998,0.09487882,-0.5849145,0.035793096,-0.84992427,0.45985726,-1.2280657,0.26892385,1.3642776,1.0615575,0.4629528,-0.16458753,1.6134708,0.71055514,0.9240953,1.4416168,1.3221613,0.7575746,-0.77663255,0.8441296,0.82567716,0.0033997647,-0.52136016,0.33044147,1.3919172,-0.032184295,0.256793
0.35532328,-0.4211219,-1.0949411,-1.120929,-1.1860297,-0.86830217,-0.4363984,-1.0730306,-0.685617,-1.3618686,-0.8471147,-1.0111333,0.26579317,-0.52293575,-1.1136029,-1.6145686,-1.2927213,-1.0326453,-0.16858965,0.2939724,-0.679349,-1.0923735,0.053520106,-0.37242714,-1.0853262,-0.786483,-0.45347407,-0.9545805,-0.6282543,-1.1443117,-0.502362,-1.6724396,0.46479216,-0.96974415,-0.8972815,0.8481558,0.6828178,0.7750938,0.4655465,0.67399716,-0.01940674,0.4907573,-0.9839228,-0.06718988,-0.8059524,0.08731647,-0.76082486,-0.468102,-0.6130332,0.8095298,-0.5055756,-0.86967623,-1.4520189,-1.166104,-1.5220482,-1.003732,-1.1374378,-1.1166309,-0.33283177,0.025205417,-0.2870328,-0.88667315,-0.6962745,-1.928983,-2.263191,-1.139895,0.4616141,-0.9344893,-1.0200956,0.24352697,0.048944272,-0.40646443,-0.19902311,0.4317801,-0.63567406,-0.6596173,-1.030718,-1.5795135,-0.53560716,0.3544418,-0.05248506,0.8311894,0.9440188,0.4821666,0.3717885,0.84797305,-0.030863458,0.3234388,0.5280387,1.4332027,-0.5381833,-0.016004065,0.16424802,1.6506803,1.2485315,-0.13192621,1.3079128,1.0003257,-0.32920322,0.8229851
-0.74624807,0.27215883,1.3626328,-0.16318671,0.2768708,1.0488524,-0.5304617,0.46929592,0.5873365,-1.6290962,-0.80399984,0.7504403,0.4337392,-0.64803344,-0.09472043,0.26894912,0.14135858,0.82062817,-0.14541249,0.44430566,0.07099258,1.0723895,0.6088908,0.19268988,1.0467638,0.45705038,-0.19629821,-0.732561,0.8501149,-0.9945793,-0.13703103,0.47915077,-0.08727959,0.23715958,-0.019943373,0.09370357,-0.64288205,-0.58861995,-0.32766998,0.06362631,-0.26081404,0.5939522,0.0497948,-0.18590845,0.27353415,-0.4825951,0.4864953,0.5915764,-0.06940721,-0.48720378,0.24169244,1.5416783,0.8039331,0.06673525,0.6021325,1.2510992,1.1860374,0.8519996,-0.9494641,-0.36807463,-0.090083525,-0.22742735,0.13316508,-0.36576793,-0.19140427,-0.034594014,0.22286926,-0.9309919,0.7194579,0.7724356,0.28808007,-0.21262492,1.1013726,0.5110126,-0.031043697,-0.051390596,0.9767244,0.2889678,-0.5461982,0.09928596,-0.08000488,-0.036653306,0.60737413,0.15451342,-0.11493189,0.11335371,-0.5018309,-0.46632037,-0.2769998,0.6217409,-0.11873213,0.09280823,0.38945752,-0.19303797,-0.82765645,-0.9235317,-0.65540916,0.8843222,-0.08924302,-0.0452767
1.2197609,2.521706,3.6755998,2.47567,2.4054036,3.0410056,2.4381034,3.0595434,2.7978306,0.5037098,-0.9499215,0.3167025,0.47704896,0.0800464,1.8828442,1.9780792,0.33926445,2.546589,0.21809842,1.652772,1.3643162,0.21802342,1.925938,1.8043612,1.0390083,1.2073934,0.34790498,1.2806523,1.1737492,0.4134345,-0.2102882,1.2695484,0.86106473,0.63099724,0.7920352,0.17698571,0.7210506,-0.38275352,-1.1523765,-0.03746245,-0.24188745,-0.74678206,-0.14513542,-0.46972984,0.2582064,-0.62978864,-0.320922,0.48864403,-0.38000053,-0.51647395,0.71306455,3.3184805,1.6598343,1.427131,2.590364,3.089351,3.1674764,2.8966444,-0.9331354,-0.4077686,-0.10852351,1.2288071,1.0217395,-0.9907748,0.09779413,-0.9408081,-0.40036485,-0.7341486,0.91815096,1.2829348,0.8287313,1.0326159,1.1923498,-0.8582019,0.0991839,0.42008713,0.3038996,1.6273749,0.23479404,0.36229602,0.37850872,-0.5546576,0.11955266,-0.037046712,1.0379555,-0.029105257,0.24083601,0.022631107,-0.22799799,-1.1118641,0.13546173,-1.8224312,-0.71809644,-0.20466833,0.07813765,-1.5339457,-0.93583065,0.54747796,0.54589576,-0.6596455
0.8469942,0.13824444,1.478952,0.41935137,1.5757546,1.8279977,0.40948433,1.6740222,1.1735779,1.0429279,-0.4011384,0.8441639,-0.5863797,-0.62604076,-0.96760803,0.4634528,0.49955153,0.39480302,-1.562196,1.2316858,-0.34257984,-0.07669598,-0.2484097,0.08235197,1.2496094,1.2182299,-0.5557914,-1.1338904,0.39039928,-0.80545956,0.55188143,0.67386603,-0.16037709,0.36993718,-1.0274591,0.29352412,-0.6281146,-0.5420848,-1.3087907,-0.85937047,-0.24894834,-0.716927,-1.21457,-0.70309424,-0.34989285,-1.6187232,-0.5199403,0.22255294,1.6636039,-0.36827007,0.31977704,0.5004166,-0.053358465,0.010455661,1.5141592,2.2112663,1.4044585,1.8517134,0.6140555,-0.5005248,-0.26095957,-0.45585847,1.3168305,-1.9789912,-1.6506311,-0.5677144,0.15272573,-1.5970414,0.31735486,0.1594691,-0.09491435,0.61541367,-1.029019,0.60249895,0.09758636,0.21557614,-0.18325254,0.07923975,1.5827042,-0.15990698,0.9620078,-0.4373693,0.05284956,-0.050127305,0.16799025,-0.38091156,0.13141432,-0.9969887,0.007115378,-0.18894987,0.00069786026,0.084205955,1.3545405,-0.22334784,-0.81468636,-0.049905542,-1.4300491,-0.14243835,0.51278526,-0.41211468
0.32565495,-1.4844286,-0.6012423,-1.5219467,0.83295447,0.63785547,-1.0432397,-1.3936237,-1.3740488,-1.3858459,-1.4526978,0.26187357,-0.79799104,0.0592391,-0.3425474,0.3353553,-0.30209282,-0.8027385,-1.0972364,-1.2262622,-0.6966982,0.2659865,-0.863572,-0.0071983165,-0.354987,-0.34054917,-0.38708985,-0.287968,-0.56630105,-1.7536923,0.86061084,-0.08875889,0.4795679,2.3214001e-05,0.6165392,0.09941873,-0.18867084,-0.5701116,-0.43168905,0.07047384,0.2946651,-0.62436974,-0.09952283,-0.081177235,0.19727369,-0.3409268,0.29277614,-0.22006352,0.45824754,0.21329473,-0.37127602,-0.8428223,0.47632432,-0.82067704,0.45607716,-0.51931226,-1.0656612,-0.71315193,-0.7004119,-0.618992,-0.13498294,-0.9245217,0.22732888,0.8763552,-0.9840042,0.5082381,1.1451235,-0.4678437,0.08846958,-0.29854757,-1.5346384,0.6377393,0.15137233,-1.2386526,-0.31378722,-1.3563246,-0.9227486,-0.06510843,0.7165071,-0.12500244,0.5332817,0.6741544,0.18393196,0.40062064,-0.16770482,-0.30638537,-0.23399672,0.124883294,-0.6451011,-0.5920816,0.5030733,-1.1145284,-1.3472769,-0.43426043,-1.7573833,0.30832306,0.17214839,0.9275518,-0.034407444,-0.07235069
2.0268166,-0.38924545,0.2050084,-0.42784095,0.71143615,0.6411003,0.5575356,-0.28946206,-0.4570101,-0.016516658,0.31478795,-0.76770926,-1.1704851,-1.1615716,-0.5057271,1.9353793,0.2964937,-0.39095014,0.4200056,-0.0065792953,-1.3884426,1.3106835,-0.3386697,-0.06916071,-0.43683463,0.82808906,-0.92561024,-0.43344465,-0.8994806,-0.49982002,0.60252213,0.42796135,2.1146321,0.58270293,0.28958797,0.2533782,0.60952127,0.60233974,-0.850303,-0.35002622,0.5188662,-1.4340765,0.31038272,-0.8647847,0.5917224,0.07419972,1.311534,0.7755831,1.1252973,-0.38534644,0.8258622,-0.21600862,0.7487788,-0.20716928,0.72168463,0.47528183,0.07045175,-0.19322988,0.39625993,-0.15476738,0.14572807,-0.2616295,0.8532012,-0.023487292,-0.38410062,0.010081907,1.1898971,-0.52706647,0.25839773,0.06768041,-0.0045091133,0.023218576,-0.6830336,-2.080978,0.04161338,-0.07712438,-0.5397672,-0.3153458,0.393917,-0.9133494,0.24754763,0.5041595,0.45223692,0.75610155,-1.2477442,-0.609721,-0.86451566,-1.2104821,-1.1241475,-0.52448946,0.34458634,-1.5518776,-0.9650951,-1.4076716,-1.7041974,-0.792867,-0.98646903,-0.41981265,0.13600464,-0.7670675
-0.026304936,-0.28818,0.8067516,-0.36030722,0.44189727,1.3205712,-0.3414425,0.67431206,0.23761928,0.20309913,1.0713782,0.7136345,0.32632834,-0.93024945,0.4385238,0.57652885,0.63821477,-0.29230264,-0.2412418,-1.3425272,-0.11632588,1.2147801,0.6164675,-0.23572007,0.2538755,-0.046641134,0.5636043,0.85829484,0.55702394,1.264819,-0.19007885,0.62686837,0.64732236,-0.47398856,0.35101438,-0.8911014,-0.9348047,0.12670279,-0.46773976,-0.83674246,-1.7529141,0.29783535,-0.075916894,-0.0066138627,-1.5116944,-0.38650298,-0.27190715,-0.69258773,-0.2949047,-1.5833642,0.91079575,0.90828615,-0.11790262,-0.36217746,1.0137322,0.5693128,1.5532149,0.521531,-0.5087809,-0.31136993,0.92492425,-0.8046978,1.0325009,0.40811884,0.12129587,0.7780749,-1.4688679,0.4925966,0.28687358,-0.2656762,0.042679995,0.796337,0.017275939,-0.44708344,0.7401408,0.18320316,0.23431157,1.7299228,-0.3809979,0.011290782,-0.42259628,-1.4915738,0.5392386,0.16878559,0.05311726,-0.7426112,-0.93678766,-0.64618665,-1.8713498,-1.7235897,-0.46684223,-0.73528093,-1.2155998,-0.40425053,-0.41778582,-0.6441102,-0.5345816,-1.3065416,-1.1501594,-1.4303249
0.46628693,0.27024883,0.31748763,0.78413785,0.659138,1.4274873,-0.47735503,1.0408762,0.9926918,0.74821985,0.7703112,0.1679557,0.70494264,0.3069596,0.56484485,-0.1330103,0.6570005,-0.384173,0.016875116,-0.62794375,-0.51757866,0.3295491,-0.8197528,-0.53116804,-0.2899399,-0.74904066,-0.48030144,0.43045247,-1.025933,0.86835724,0.8379341,1.5852144,-0.95677745,-0.992408,-1.113059,0.5796685,-0.12669975,0.23726879,-0.30462155,0.59050494,-0.39485973,-0.052611817,-0.23564926,0.44702747,-0.17237356,0.16037,-0.19671415,0.1324378,0.26037794,0.61385554,-1.2388785,0.46991408,-0.7573694,1.0127457,1.3020684,0.7935597,0.7088671,0.31110823,0.3265339,0.16163683,-0.107361436,-0.65035844,1.2883292,0.17821202,-0.3624377,-0.13893537,-0.73558724,-0.17375396,-0.12827377,0.023346305,-0.5291649,-0.6888425,0.25144222,0.013275348,-0.4189813,-0.7162713,-1.6165429,-0.025020503,1.3287171,1.110782,-0.32004568,0.42805374,0.8628168,-0.05776869,0.47076973,0.14803968,0.18482482,-0.09096685,0.6044901,0.04014805,0.9106857,-0.6378671,0.3969317,-0.29234552,-0.042595636,0.46994394,0.4187172,0.23781753,-0.42088357,1.0919409
-1.2614354,-0.19883075,0.64665633,-0.24683793,-0.38157538,0.4645567,-0.44199848,-0.09740234,0.15314047,0.74790007,-0.20552044,-0.36382294,2.923192,-0.40159538,0.038444128,-0.44685212,0.7460611,-0.7870065,0.38884494,-0.020458283,0.23342416,0.52010536,-0.12817118,-0.3722493,1.3586407,0.31187895,0.80444455,0.09270414,0.40930155,1.5083818,0.48334494,-0.35086122,0.6218384,-0.49893185,-0.5574018,-0.6897954,-0.66928667,-1.5693364,-0.7828482,-0.8856621,-0.8626408,0.3256237,-0.5056009,-0.5619271,-0.1073688,-0.3229606,-0.7087174,-0.5573276,-1.5954182,-0.78002876,-0.9295026,0.18582551,0.8210515,-0.084254175,0.54206836,0.21543285,0.015357897,-0.07305841,0.72400886,-0.26087415,0.7754466,0.8281199,0.6392863,0.4472365,-1.3116126,0.16311437,0.3477617,0.19918837,0.0038396548,0.34341788,-0.22585396,0.32212266,0.57576793,1.2371732,0.34828997,1.0587769,0.38051516,1.5883456,0.07190833,0.77506864,0.36982894,-0.13549638,-0.3984199,1.1864333,0.75018615,0.22348613,0.6521323,-0.30831444,-0.49896988,0.5458262,0.12815656,-0.072717056,1.1414297,-0.25765112,1.3627175,-0.7874448,0.11825288,-0.78172845,-1.2489334,-0.7721348
-0.2188456,0.2529487,0.15713434,0.6802501,-0.6814447,-1.2811888,-0.3392891,-0.6239205,-1.0243839,0.46279588,0.55267286,0.6014269,-1.4784607,-0.3324559,-0.004613443,0.607038,0.771844,-0.40611967,-0.9217996,0.4424681,1.1697626,0.6960356,-0.043430433,0.28149584,0.8189541,0.9078264,-0.30595282,0.117763415,0.6139788,-0.5742166,-0.41730642,-0.26511952,-0.5074233,-0.650058,-0.032960005,-2.1981127,-0.4366849,-0.3055319,-0.10927901,-0.28910658,-0.98757917,0.19418688,-0.43543735,-0.8934812,-0.83070606,-1.1121424,-0.6001253,0.65751094,-0.7679139,-1.022605,0.46417004,0.16037315,0.6257407,0.50546557,-0.8165091,-0.85535085,-0.23191951,-0.8869981,0.31841257,0.47880763,1.7782816,-0.6995749,0.15849726,-0.29847053,0.08661653,-0.4358332,0.05280436,-0.2675938,0.55601734,0.11831775,0.856758,-0.10774908,0.5231226,-1.4097172,0.84970826,0.5281372,-0.017893692,0.35652143,0.84296453,0.0003487303,0.9341997,-0.026438791,-0.032832563,0.1941033,0.8781102,-0.049254064,-0.7646013,0.098976724,-0.95322454,-0.7196314,-0.742562,-0.37174505,-0.59901863,-0.41918308,-0.9279801,-1.0904263,-1.381691,0.8187745,-0.9812716,-1.5589777
0.7378698,-0.633375,-1.1403848,-0.564215,-1.4620957,-0.46137825,-0.82064515,-0.5513342,-1.4095514,1.2016562,2.0785966,1.6544181,-0.7595589,-0.54127944,-0.19015272,0.2552095,2.0151434,0.4811236,0.85867256,0.2619979,0.58721447,1.0660535,1.0062873,0.5031156,1.3166435,0.11845362,0.8157786,0.55846685,0.2728252,-0.8441421,-0.25404704,-0.79769707,-1.7027789,-0.26512837,0.7237699,-0.2926137,-2.636971,-1.7093692,-2.289348,-1.6546152,-2.2898805,-0.96538967,-1.4597191,-0.5629151,-2.1262598,-1.342041,-1.7070558,-1.318188,0.29731128,-1.5405817,0.3475043,-0.22189766,0.39589533,-0.11162838,-1.2101612,-0.8585381,-0.28913173,-0.8669192,0.6765717,1.4859142,1.4290816,-1.7948464,1.1318771,-0.7253361,1.3362871,0.2037862,-0.68034214,0.9371392,0.75884956,0.7334422,1.6016182,0.54831296,0.7778746,-2.1020272,1.4442608,0.8591562,0.7356246,0.32628328,1.4075339,-1.522584,0.3992916,-1.4137875,-0.89409554,0.53007245,0.18630965,-0.5294337,-2.208068,0.7041364,-1.2714638,-2.8708582,-0.68478924,0.15411621,-0.6230479,-0.50173074,-1.2315277,-0.88955635,-1.0443186,0.170165,0.09000954,-1.9833174
0.02265594,0.12675421,0.14774704,-0.5587282,-0.92166275,-1.3677888,0.46498466,-0.29255375,-0.34400105,1.044381,0.36632153,2.2420666,0.740133,-0.39962482,1.0625559,1.2083206,0.8554682,1.0400004,-0.10682942,0.26198965,0.9046664,0.30968678,0.047644943,1.2153865,1.1653463,0.03414634,-0.015059664,0.49988103,1.5886071,-0.036725324,-0.11691507,-1.0138953,-0.40520465,0.81553227,0.3677275,0.46160775,0.7232851,-0.6945802,-0.2678953,0.614737,0.015950097,0.4709371,0.014466257,-0.86280763,0.45947814,-0.4906678,1.284569,-0.19590007,-0.1764843,0.32042122,0.38013965,0.34374318,1.2258557,-0.57917243,-1.0642157,-0.15818842,0.15890646,-0.30496612,1.2530779,0.84498376,2.1734054,0.07906408,0.15468463,0.8947382,1.5460671,0.30193833,0.7050037,0.28078863,0.73495024,0.4700823,0.73151696,1.0634722,0.59917146,0.2815316,1.2540185,1.3105664,1.1183639,1.1651311,0.43209055,-0.8114107,0.5795801,0.24710695,0.7213596,1.1030251,-0.10418153,0.5597848,0.8164769,-0.54157555,-0.48508894,0.3425175,0.65816593,-0.49863034,1.025791,0.12713596,0.4257851,-0.31459686,-0.11936842,1.1768037,0.8300517,-0.3729095
-1.2745967,-1.7010939,-1.6777836,-1.6664205,-1.4497275,-1.8100679,-1.4692094,-1.8771527,-1.5691541,-0.50384504,0.62629944,-0.39595595,-0.4689871,-0.5802497,0.70266545,-1.465758,-0.4225104,-2.0852194,0.13165505,-1.3909347,-0.7199073,-0.7783649,-1.5333138,-0.051624395,0.13071394,0.46013674,-0.75009793,-0.5856276,-0.4748354,0.32998553,-0.34584486,-0.29194614,-0.8146674,-1.5278414,-0.34207404,-0.4341226,-1.5528032,0.025094775,-0.9113096,-1.726835,-0.9654987,0.3205572,-0.28072727,-1.0930415,-0.39423412,-0.9453708,-0.3301499,-0.21624255,-1.7321832,-1.5256671,-0.7470768,-1.0011704,-1.1762441,-1.326308,-1.7834508,-1.7672989,-1.8091432,-1.6146891,-0.28363973,-0.08776944,0.12905821,-0.7676815,0.44985458,0.75740534,-0.30036536,0.644691,-0.81901896,-0.07795259,0.02804924,-1.518235,-0.96031827,0.61799896,-1.4023001,0.20162866,-0.21662064,0.019520927,-0.43751937,1.2151793,0.15922147,1.1656116,-0.023807626,-0.22325715,-1.0563834,0.40176237,0.47802162,0.22984329,-0.93325883,-0.5163077,-1.3484737,-0.36357436,0.48899472,0.20182206,-0.8639252,0.6383069,1.265064,-1.1417764,-0.39400053,-0.5313784,-1.1227659,-1.5571167
-0.024911145,-0.50555694,-0.39789134,-0.045167472,-0.23742308,-0.6076312,-1.1322516,-0.8780776,-0.86675066,-0.3520327,0.08596384,-1.0106726,-1.3880147,-0.9699108,-0.7656484,-0.19498007,-0.22937924,-1.157743,-0.36563092,-0.34666675,-1.164231,-0.31761324,-1.4486917,-0.667776,-0.05316921,-0.24838136,-1.3077735,0.42560393,-0.6560569,-0.545404,-0.8051212,-0.31578702,1.5561644,-0.592736,-0.57450604,0.4389239,0.07825646,-0.26435545,-0.3821002,-0.5300221,-0.41507033,-0.7483301,0.53540987,-1.1639514,0.6593619,0.12937687,0.19538574,0.948194,-1.2710801,-0.8243215,-1.4974962,0.06422364,0.30193377,0.95496273,-0.3182956,-0.55288136,-0.4512098,0.02778184,-1.4801712,-1.8083414,-1.3331898,-1.1640872,-0.77446747,0.56519866,0.8012259,-0.0976192,-0.7728797,0.50616014,0.6696105,0.18492806,0.19813013,-1.4636693,-0.2927774,-1.6512738,-0.341552,-1.299719,-1.155022,-1.3152428,0.022930287,-0.7952381,0.2989945,1.1496067,1.3400705,0.110259846,-0.28411916,0.5528605,-0.04736287,-1.110418,0.5343963,-1.1164758,0.786441,-0.8152861,-0.56526995,0.011400381,-0.58751315,-1.496348,-0.47399276,1.1977715,-2.0908217,-0.50257343
-0.57831836,0.4429577,-0.11679216,1.2195339,0.18363386,-1.440252,0.4170701,0.59886706,0.30399036,0.14847241,0.42693344,0.0746612,-0.72112375,-1.5744518,-0.99088717,-0.04512948,0.2889153,-0.13193242,-0.166652,1.6543286,-0.11100963,-1.3261626,0.19937116,0.07824578,0.27237388,0.22695912,-1.4568058,-0.0023746255,0.14669949,-0.4237511,-1.4514068,-0.77684724,0.07700474,0.13508172,-0.9856202,0.860838,-0.0874155,-0.31998393,-0.59248155,0.9432323,0.6608244,-1.0736054,-0.91319275,0.2353137,-0.2447986,0.17202997,-0.6652566,0.20308015,0.5413057,0.63055074,-1.2862356,-0.05422141,-0.32478765,0.5073296,-0.79454046,-0.99094975,-0.4958708,0.23236665,0.35623378,0.6836421,-0.01548536,-0.6734202,-1.2088424,-0.82655025,-0.3567498,-1.2651994,-0.4452411,-0.28749767,-0.020147972,0.2582443,0.0033750045,-0.75538284,0.3579323,-0.254161,0.39013106,0.18992344,0.08675878,-0.13732015,-0.45453754,-1.1711841,-0.2784893,-0.46888694,-0.23343743,-1.3508974,-0.6487793,-0.99504435,0.26363117,-1.5488862,0.5513572,-0.7659312,-0.027512183,0.76841533,0.047235534,-1.1273249,-0.71301794,-0.15041511,-0.6996148,0.42230067,0.48370478,0.6877477
0.5635357,-1.1915339,-1.0241625,-1.2081797,-0.86687577,-1.1741788,0.06758304,-1.2274939,-1.6459235,-1.8026001,-1.4930327,-2.4153936,-0.7189624,-2.98663,-2.2468526,-0.11890531,-1.8842206,0.02857669,-0.81687963,0.65449166,-1.1485299,-0.9531842,-0.3504566,-1.0920722,-1.4330411,-1.0829788,-0.4074904,-1.0626557,-0.38338742,-0.9145632,0.7093738,1.1982653,0.5428263,-0.46397433,-0.2942361,0.5948706,0.023418777,0.5869243,-0.07363092,1.0522403,0.6763461,-0.68218946,0.19188233,1.1336821,0.59818864,0.5914533,0.08516265,1.8703825,0.9026036,1.2676709,-0.078467354,-1.6660376,-2.0754206,-1.196951,-1.1048957,-1.5688466,-1.8029761,-1.9089631,-1.916855,-2.0119164,-2.3946462,-0.6695887,-1.9814135,0.19327031,-2.3486443,-1.8682424,-0.754636,-2.5586903,-1.4837971,-0.8097982,-0.9940486,-2.3916492,-1.1408415,-0.3008466,-1.5011725,-1.9141268,-1.4171975,-1.8899887,-0.1364779,0.028435916,-1.7434154,-1.9569113,-2.1707978,-1.9908557,-1.4644024,-2.1693585,-0.26464468,-2.2750478,-0.43897134,-0.21395911,-1.5851521,-0.07277964,-0.3947312,-0.73772144,-1.5650123,0.24795519,-0.73495257,-0.056458052,-0.16870944,0.9626384
-0.46475017,-0.069162466,0.31296596,-0.57516736,-0.47584003,-0.40512994,-0.19470547,-0.5350526,-0.1382339,-1.5550996,-1.3001122,-0.74649835,-0.12670323,-1.334714,-2.0569594,-0.02390897,-0.65457624,0.51573473,0.5776276,0.053058337,-0.46536627,0.61054015,0.86727655,-0.19652477,-1.00177,1.3143674,0.10186305,-1.5127516,-0.2329613,-1.0365515,0.98261446,-0.22879674,-0.22368307,0.5225025,0.60060066,0.7187428,-0.47852948,0.039431255,0.4013339,0.08083429,0.40967578,0.47799534,0.5970798,0.06954025,1.6926214,-0.26399288,0.042880874,0.79617894,-1.1391015,-0.036758956,0.33420002,0.18203515,0.25019565,-0.33402002,-0.596433,-0.26864192,-0.6213833,0.08643849,-1.7901059,-1.0805302,-1.3443741,0.46811366,-0.18117778,-0.35794446,0.55419105,-2.1011257,-0.7401822,-0.9902208,0.028184948,0.14873531,-1.1593127,-1.418257,-1.1703887,-0.6305327,-1.0965316,-0.75582,-2.2432811,-1.2257446,-0.27334747,-0.8866986,-0.3908467,-0.28863135,-0.6114504,-0.95770913,-0.9085306,-0.91422355,-1.4493533,-1.1592506,-0.1717679,-0.37132856,0.56080097,-0.3519251,-1.2125593,-0.08324812,-0.8819001,-0.6016734,-1.2700003,0.18558587,-0.8110967,-0.14020824
-0.5523573,-0.85041606,-1.0821925,-0.2053474,-0.80012715,-0.7532837,-0.9139575,-0.8664706,-0.34286067,-0.5084474,-1.3039714,0.19080195,0.22960165,-0.0741175,-0.5277622,-1.3654176,-0.4379872,-0.8096344,-1.492338,-1.4783185,-0.63598853,-1.024074,-0.90526867,-0.5680932,-0.40738615,0.6800513,-1.3387796,-0.44921067,-0.743788,0.017034672,0.50189954,-0.55260915,0.6937038,-0.5447657,-0.59811854,-0.1779999,-0.3182712,-0.3667023,-0.4333462,-0.6989285,-0.1833989,0.82963747,-0.012575288,-0.55413806,0.030174633,-0.38709694,-0.5278092,0.6080932,-1.1850377,-0.2912017,-1.5396879,-0.84624463,-0.92103004,-0.3799555,-0.8448602,-0.9584109,-1.0121309,-0.6240661,-1.0186872,-0.31823823,-0.37660939,-0.26319668,-0.7681044,-0.5439206,-0.5142465,-0.98234373,-0.13198625,-0.29896548,-0.9964983,-0.36524308,-0.62206715,-1.0390906,-0.4860065,0.11769667,-1.092444,-0.73246956,0.0276117,-0.4398636,0.25608405,-0.36233836,-0.36060834,-0.3393082,-0.921111,-1.3300972,-0.8206962,-0.8014877,-1.4768398,-0.85626554,-0.22282958,0.23679881,0.04963258,0.026458437,-0.85131466,-0.6123086,0.11281202,-0.008275525,-0.4814881,0.26698807,-0.61539006,-0.4872313
-1.4074782,-0.49705496,-0.44232324,-0.5956057,-0.7172265,-0.8588213,-1.628549,-0.61869395,-1.2292595,0.4363228,1.3964788,-0.1891495,-0.16999154,0.19749016,-0.7886363,-0.9908017,-1.5537599,-2.067174,-1.1875353,-2.0194254,-2.0798287,-1.1011579,-1.1617057,-2.4857225,-1.127263,0.40816203,-0.7374336,-0.23359126,-1.3599457,-1.0629382,0.492906,1.1620374,-0.13118048,-2.4356463,-0.8537781,-2.3882754,-1.7738212,-0.09008245,0.35171726,-0.767114,-0.72119343,0.8477627,-0.28092656,0.14146228,-0.21695475,0.22759138,-1.3916339,-0.017380076,-0.8842219,-1.2082065,0.10269736,-0.16782275,-0.8470522,-0.00701612,-0.62307185,-1.2232835,-1.3555534,-0.7075389,-1.2258403,-0.33108574,-0.7828936,-1.4599948,-1.1096778,-1.3098425,-0.91931206,-2.3439832,-1.154623,-1.676081,-1.3175464,-2.1564133,-1.5744984,-0.5082866,-1.3687369,-0.3293232,-1.0895505,-1.0405388,-1.2112086,-0.9404752,0.34196135,0.4807539,-0.6387893,-0.10885521,-0.3044724,0.057335373,-0.26294684,0.14951916,-2.3243227,0.6905754,-0.8502803,0.34853178,-0.33674392,-0.90368944,-0.6487194,0.29725918,0.82595634,-0.02696433,0.34972668,-0.3226787,-0.726719,-0.677284
-1.4598037,0.39530018,-0.25609347,0.87576073,-0.10542173,-0.79362893,-0.7345354,0.25891587,-0.85930777,-0.30182165,-0.7859487,0.10978425,0.0042454186,-0.6013557,-0.57787204,-0.86833465,-0.9933539,-0.97180456,-0.3529094,-0.5434031,-0.39493173,-0.94601476,-0.9999281,-0.45123902,-0.42073056,0.43549028,0.24364054,0.43073562,-0.22872366,0.4796451,0.31610158,0.19695455,0.12374982,-1.8438299,-0.79718506,-2.638279,-1.987706,-1.0647874,-0.81646854,-0.7366584,-0.37389746,0.1082359,-0.05269009,-1.0722526,-0.21693797,-0.9366747,-0.28170964,0.21321557,-1.2960122,-1.324615,-1.5285413,0.1024878,-0.11299468,1.009873,-0.10788594,-1.4636521,-0.08061536,0.28564185,-0.34470668,-0.16628069,-0.27065778,-0.21351048,0.059835345,-0.069270775,-1.1247648,-0.30447733,-0.32880497,-0.84411216,-0.59908277,-1.4254905,-0.080503434,-0.81139493,0.016500905,-0.41443628,-0.8421515,-0.13813616,-1.0170331,-0.2612783,-0.3526033,0.089809075,-0.8936495,0.13113339,-0.018498642,-1.4380497,0.09711277,1.1169766,-1.225301,-0.89938366,-1.2901845,0.7922665,0.9051954,0.010827148,-0.65156025,-0.29770106,0.91140085,-0.8377303,-0.1200936,0.4336587,-0.81204355,-0.830602
-0.6639524,-1.0106771,-0.77633554,-0.3709249,-0.14913186,-0.8628838,-0.36169177,-0.99301285,-1.332159,-0.83640146,-1.0237551,-0.057067845,-0.5016052,-0.093767405,-1.041049,-1.4787152,-0.88088405,-1.4989531,-1.4544379,-1.5246292,-1.4921364,-0.060515057,-0.19837745,-0.49843514,-1.0915318,0.75705266,0.21124561,-0.22684564,-1.2275096,0.49467683,0.5637784,-0.109554715,-0.72514325,-1.2358352,0.22064267,-1.6908123,-1.0001506,-0.22209446,-0.28727633,-0.41671544,-0.29347053,0.59068644,0.407019,-0.17970008,0.49790332,0.4005029,0.12579487,-0.7795333,-1.5821679,-1.3986543,-1.3725458,-0.53364426,-0.6452283,0.12988697,-0.53833115,-1.6852908,-0.963875,-0.47079867,-0.8527052,-1.0487124,-0.5314575,-1.0541965,-0.26547033,0.013595979,-1.0335044,-0.8172574,-0.38516927,-0.33595613,-0.5767552,-1.0701916,-1.1448811,-0.5650605,-0.46166307,-0.62918794,-0.38769364,-0.4830698,-0.78259605,-0.45512262,-0.18037876,0.16296835,-0.7306701,0.707804,0.86578625,-0.5094159,0.091867216,1.076752,-0.53199434,-0.25957713,-0.2825801,0.50524765,0.93885434,-1.1143081,-0.25498137,-0.6245422,0.5397672,0.03228376,0.7138951,-0.33229733,-1.0060929,-0.6818929
-0.8789856,-1.1577028,-0.64495903,-1.3197819,-0.77228594,-0.81186455,-0.60832274,-0.95216596,-1.1051354,-0.31482133,1.3114837,-0.13968013,-0.10340765,-0.8512514,-1.909115,-0.058243908,0.44249105,-0.086690575,-0.42438993,-0.012649364,-0.757113,0.91462076,0.26649383,0.31627104,-1.3343108,-0.11363064,0.23325762,-0.014210633,-1.6205925,-0.2692832,0.69263935,1.3668642,0.57590526,-0.26579547,0.4178459,-0.3636552,-0.27602962,1.2350043,1.3953383,0.59483486,0.14843853,0.52512956,0.6640646,0.10024915,-0.08191417,0.81208533,0.88250196,0.5558661,-0.26011065,-0.36178598,-0.99908304,-1.7832423,-0.63725924,-1.1301317,-1.1477038,-0.65599936,-1.192723,-1.1802416,-0.47901762,-0.36062297,-0.1252678,0.008898725,0.06531584,-0.620024,-1.2345532,-0.60288566,-1.4308289,0.06026753,-0.8307737,-0.43907237,-0.4274401,-0.40224326,-0.4988266,-0.54305816,-0.3859833,-0.9589753,-0.7495009,-0.38776588,-0.92348224,0.81246066,-0.455087,-0.33618218,0.3093108,0.38029894,0.11076875,-0.3711081,-0.64532024,0.48012015,-0.3044795,-0.7850089,0.09659583,1.3903556,-0.08784303,1.6889498,0.2997963,0.17783608,0.0042045587,-0.24129014,-0.20636898,0.0560201
-1.4887316,-1.3160747,-0.7680552,-0.93288815,-0.40901273,-0.29916924,0.32378343,-0.8331949,-1.1359076,-0.21704732,0.74625844,0.5912886,1.4696854,-0.9205003,-0.84028494,-0.06756046,-0.1770963,-0.054238293,-0.2652252,-0.6228154,0.17432857,0.81653994,-0.036615726,0.37452784,0.67534286,0.9755179,0.9128979,1.6552579,-0.67209,-0.1509932,1.6022545,2.338789,0.03768737,0.009459936,0.90095776,0.23870501,0.30672356,0.39695197,0.81854415,1.0876701,0.75517434,0.7553564,0.26443967,1.0531738,-0.08977584,1.5155866,0.2876953,1.42266,0.6969877,1.063618,0.46542537,-1.5299027,-0.63950247,-1.480555,-0.80426353,-0.17362586,-1.4438435,-1.299587,0.424233,-0.38337386,-0.11091603,1.4392278,0.11930044,-0.6235655,-0.7612052,0.9704128,-0.40971622,-0.88773507,-0.15147799,-0.7049044,-0.72138053,-0.026798196,-1.2517804,0.26542985,-0.043036282,-0.4310863,-0.2870599,-0.14779417,0.7359866,1.1515765,-0.52122086,0.16898827,0.48608556,0.14583944,0.11456951,-0.6525877,0.95488036,0.9563307,0.390316,-0.7267873,0.8243041,-0.5264023,-0.5464506,0.48527887,1.3192483,0.8964586,0.96440333,-0.62246954,0.5514134,1.5268071
-0.09584743,-1.472628,-0.96673334,-1.8926615,-1.3917339,-0.99819255,-0.27874807,-0.4519345,-1.3204962,-0.99303514,-0.72156286,-0.2930524,-0.52420014,-0.95837665,-1.1656096,0.14604259,-1.0295635,0.0041800346,-0.2730282,-1.3664659,-0.6582464,0.45766369,-0.24237782,-0.74480706,-1.473713,-1.3751552,-0.54168546,0.6513134,-1.92413,-1.2756189,0.85209453,1.6244872,-1.0542758,-0.9804792,0.10616646,0.32503408,-1.1642892,-0.11597044,-0.12981565,-0.1643889,-0.033123337,-0.45997667,0.39734384,0.924434,-0.54340166,1.2539073,-0.5597247,0.8641981,0.90118974,0.36568174,0.24059735,-1.4685874,-0.03165948,-2.107935,-1.1188649,-0.24415271,-1.2206501,-1.3837776,-1.1578524,0.4878382,-0.6725983,1.069261,-0.2873259,-1.345451,-0.6652142,-1.4141871,-1.1258299,-0.87383,-0.6422021,-0.92979324,-1.1669481,-0.31936142,-1.0433612,-0.39395022,-1.0211389,-1.3752514,-1.319048,-0.96709543,0.8421309,0.79496515,-0.8948067,-0.35046113,0.1735088,-0.42499757,-1.0727247,-0.45401105,0.5035275,0.1017358,-0.356234,-0.60671014,-0.21363097,-1.0776131,-0.4097688,0.16735645,0.075943395,0.24816091,0.49467418,-0.91143465,2.0446732,0.75597674
2.1571813,-0.9019962,0.2785413,-1.1780044,-1.5481168,-0.52777684,0.15588726,-0.8342571,-0.76917464,0.21495518,-0.38780355,-0.25277212,0.9742959,0.8119979,-0.85873836,0.5403536,-0.025687851,-0.0768364,-0.19557443,-0.5582561,-1.0719192,0.78010154,1.0221596,-0.25451407,0.12107027,0.28615925,-0.06590913,0.27210495,-0.7008394,-0.16277328,1.7911386,0.52469265,-0.01853292,-0.9033217,0.22155571,-0.37419122,-0.26301032,0.024058547,-0.598891,0.2044551,0.0002859576,0.046231322,0.41432938,2.1075454,-0.39093196,0.37026498,-0.44735813,1.7395939,1.1691121,0.50634134,3.471502,-0.33874145,1.0875541,-1.076461,-0.7832996,0.08272085,-0.4311192,-0.9164446,-0.84442604,-0.85538644,0.14963129,1.0834987,-1.0007224,-0.01760044,0.454306,-0.31853285,0.3150038,-0.9474904,-0.35077304,-0.21969216,-1.2669405,-0.21169922,-0.52894914,-0.0047044302,-0.48532593,0.20165636,-0.44616443,-0.4307714,0.23091657,-0.12419982,-1.3684349,-0.68641406,-0.48282102,0.1172103,-1.280034,-0.01218352,-0.0958367,0.110959746,-0.8455994,0.0012491506,0.48027995,0.82242876,-1.6333157,-0.06378209,1.0236602,1.5480965,0.74867886,0.34045509,2.1376262,0.5730292
-0.3371271,0.16369988,0.09174642,0.20161808,-1.0924841,-0.84501845,0.7715894,-0.07670105,-0.39386517,2.160274,-0.031719048,0.09070701,-0.58624214,1.3678676,0.5014877,0.17928259,0.06617837,0.12603202,-0.33448154,0.3111503,0.6962435,0.74227875,0.9865719,0.6100492,-0.099885724,0.18050262,0.062004223,-0.41838798,0.5695328,1.3626847,1.9484882,-0.2849774,-0.78241813,0.01394727,1.1875149,-0.5445458,-0.06503819,-0.7757186,-0.6911699,-0.103829354,-0.14339364,0.4289481,1.0801026,0.20082219,1.1283888,0.00036517205,0.20616157,1.1082234,-0.922508,-1.0886809,-0.2488173,0.79163605,0.42922118,0.205268,-0.85007405,-0.7834181,0.22785002,-0.02254351,0.6389435,-0.7247052,-0.6013839,-0.3643379,2.3774593,1.1748109,0.9410537,0.018199624,-1.3785489,0.96624815,0.45525554,0.39110607,0.9722883,0.3157083,1.1880172,-1.8990086,-0.25873688,0.025567802,-0.26822954,1.6032842,0.17646328,0.574023,-0.3792369,-1.4202579,-1.5185672,-0.62472564,0.016956294,-1.0081536,-0.34063208,-0.2288069,-1.3148849,-2.2279603,-0.7686588,0.073844284,-1.2536546,-2.352105,-1.0940795,-0.5588875,-1.91523,-0.99343497,-0.76206267,-1.5275632
0.4404108,-1.0243151,-0.5907748,-0.34568027,-0.13348965,-0.25430197,0.60294145,-0.46563527,-0.828687,0.37706393,-1.5219227,-0.427703,1.972125,-0.45885822,0.25071967,-0.032728083,-0.44139493,0.41892454,-0.22523609,-0.1469057,0.15028508,0.7091143,0.41415045,-0.09138231,-1.079319,0.15676145,1.1165199,1.3071191,-0.575718,-0.046030447,0.5005851,0.9609935,0.70234096,0.04290474,0.6209369,-0.92253876,-0.5000618,-0.72818637,0.043544665,-0.27936062,-0.4856651,-0.7238675,0.20834422,0.07018066,-0.2660162,-0.22441423,-0.62724704,-0.012625811,-0.44753662,-0.77012146,-0.039081965,-0.4380424,-1.9700091,-0.05437061,-0.5267405,-0.91777724,-1.2438939,-0.65092677,-0.5980693,-0.9526149,-0.3786951,0.047537178,0.14700106,0.5276136,0.41293105,-0.2869573,-2.391098,-0.42157468,-0.8616394,-0.9472874,-1.1203096,0.73868,-0.32782245,-0.38774258,-0.7309657,-0.28306746,0.0040567755,0.8060337,-1.2082472,0.88090074,-0.56766444,-1.6627967,-2.372616,-0.043599833,-0.3166016,-0.3014213,-0.61106116,-0.17255315,-1.6559373,-2.2429652,-1.7523564,-1.4045384,-1.5121846,0.5971539,-0.6039967,-1.0331329,-0.5439808,-1.3064439,-1.1663907,-1.6647627
-0.969905,-1.6140138,-1.0932459,-0.8917055,-1.0774584,-1.1984564,-0.96506995,-1.2363139,-1.3580896,-0.24687687,0.036340937,-0.35076374,-1.4657156,-1.5678356,-0.4950231,-0.98852557,-1.1292999,-0.8667224,-0.9118863,-0.53775036,-0.66621,0.494918,0.27897286,-0.5514189,0.27763233,-0.7178647,0.43128163,-1.0320201,-0.74497676,-1.5367053,1.8798753,0.48450115,0.64240474,-0.422571,0.34195995,-0.8193245,-0.14443348,0.15268423,0.34918028,-0.8096065,-0.15001757,-0.6430285,0.08074551,0.058858134,0.1807772,-0.7079629,-0.13088755,0.6358566,-1.3783519,-0.8015449,-0.059391662,-1.3826379,-0.15008308,-1.0105207,-1.1985322,-1.0728294,-1.4528406,-1.7279407,-1.2118756,-1.0123943,-0.18761612,0.23707277,-0.20449786,-0.29080746,-0.68873537,-1.1572078,-0.5666626,-1.0849856,-0.15718715,-0.60866344,-0.6331164,-0.3987199,0.49068585,-0.72681403,-1.1911745,-0.099106565,-0.7476084,-0.20789605,0.8015685,0.14677629,-0.5783883,0.1963987,-0.19572873,-0.18107098,-0.19816856,0.38800588,-0.6169038,-0.5161186,-0.65048265,-0.6231631,0.30751365,0.2145965,-0.9055281,-0.48801932,0.082358904,0.1931388,-0.15701273,0.5140953,-1.1524686,-0.23296618
0.42055908,-0.22018334,0.16361412,-0.21544476,-1.2325662,-0.90798783,0.026690912,-0.13551088,-0.1246396,1.0608678,0.956025,0.48853427,-0.5409332,-0.40495482,0.17763051,-0.19408147,-0.4917308,-0.35752276,-0.40015665,-0.62249583,0.046746705,0.6661152,0.7396421,-0.23959757,0.33350274,1.0018246,-0.059025977,0.10718152,0.7161636,0.5237567,1.0275673,0.56013376,-0.30010635,-0.58924216,0.52440816,-1.8879113,-0.6191712,-0.556312,0.05661123,0.6008246,-0.28590253,-0.44618684,0.6495491,0.4637891,1.683978,0.27339235,0.30957437,0.860961,-0.70967615,-0.975351,0.15088579,0.7226675,-0.19729185,-0.35657808,-0.75661504,-0.54887456,0.3994864,-0.07610546,1.2101287,1.0566492,0.66530335,-0.24547246,1.2845486,-0.7051212,0.9728619,-0.35114336,0.6406707,0.6944592,-0.80723363,-0.34440306,0.5046054,-0.35060042,0.49969363,0.2591762,0.32766792,0.82501054,1.1875734,0.59769666,-0.4409949,0.2173834,-0.009240215,-0.8811315,-1.0256635,-0.34902325,-0.61402977,-0.8576339,-0.8694579,-0.21631308,-0.9908915,0.18623893,-1.3025106,0.07334771,0.18641095,-1.9330935,0.88655025,-0.09621298,-0.5758066,-0.8661137,0.51449794,-0.85546404
-2.874252,-0.69413024,-0.5394448,-0.8925137,-0.510799,-0.6163795,-0.5103718,-0.9706366,-0.93502325,0.5984226,0.6330526,0.36110994,-1.3162227,0.68391454,1.5930248,-0.49961072,-0.053507183,-0.19159065,-0.32961816,-0.14953355,0.5583422,0.5148496,0.76777315,0.751979,0.6328479,0.63009864,1.0993277,-0.23495968,0.34782538,0.68329006,1.5925903,0.8781583,-1.3823042,-0.6358589,0.4742204,-0.69866437,0.4737207,-0.8141916,-0.30408955,-0.47740066,-0.73839474,1.3949788,0.63360274,0.25552922,0.8653183,0.22858909,0.3731267,0.69339645,-0.62821615,-0.54972816,-1.0447664,-0.3482968,0.6679811,-0.09325801,-0.68835866,-1.0771246,-0.6910036,-0.277438,0.47627977,0.6038293,0.62252825,-0.3852702,0.14622423,-0.53233606,0.9377867,-0.51565737,1.0670482,0.081416026,-0.57570636,-0.24697341,0.33506498,0.72159845,1.1630952,1.3171297,0.14679769,1.4472094,1.0853996,0.967841,0.9081814,1.1690924,0.07899308,-0.18741336,0.12235488,-1.0895095,0.50350493,-0.62898123,-0.78159606,0.70196784,0.32037577,0.2965134,0.92015857,0.8404065,1.8635235,0.8889801,2.3997252,0.17590916,0.26397458,0.9636706,-1.2087818,-0.6990874
-0.07497298,0.04111072,-0.75285894,-0.35783345,-0.77780503,-0.93053275,-0.48965195,-1.003067,-0.63632256,0.2865661,-0.080300026,0.22918877,-0.30211022,-0.14513212,-0.69192755,-1.1342041,-1.5162748,-1.3775619,-0.45217648,-0.74670523,-0.38959956,-0.9210061,-1.2105925,-1.3941453,0.36346707,-0.48427585,-0.20643023,0.4449417,-0.6232264,-0.32123253,-0.54312795,1.0100126,-0.017944861,-1.1842653,-0.63301533,0.048996627,-2.6143534,-0.5193579,-0.03541214,0.31244352,-1.0782049,-0.50403243,-0.74508226,0.38696727,-1.2123004,-0.47505325,-0.69070023,-0.29123402,-0.40863028,-0.5073487,-0.29403877,0.32878175,-0.1413269,-0.6421206,-0.6596861,-0.7728818,-0.6726534,-0.4975838,0.25819254,-0.45828855,-0.22761899,0.4447134,-1.6991929,-1.1749996,-1.0007951,-1.5613151,-0.5822212,-0.8498916,-0.69901854,-0.1632857,-0.5328773,-0.40748852,0.26197517,0.25095057,-0.86958134,-0.5800543,-0.30088276,-0.44609055,-0.23801501,1.2756681,0.112807676,-0.13786729,-0.4820003,0.009382058,1.2444086,0.6246141,0.6421575,0.5258811,0.6491589,-0.17398298,-0.5068423,1.3556768,0.68116564,-0.3945597,1.3873475,-0.59195936,0.6839832,-0.81874233,0.44738382,0.09643125
-0.5677421,-2.277114,-1.6621741,-1.6957781,-0.62612873,-0.40610597,-1.8007728,-1.9662805,-1.5552244,-1.9376684,-0.11093542,-0.59777904,0.61625594,0.29337776,-1.1938024,-2.7901738,-1.2665223,-1.363571,-0.95750135,-1.3576725,-1.7026142,-1.236732,-1.0906831,-1.6622406,-1.6147745,-1.5626243,-0.098137856,-0.6502855,-0.6163814,-0.19799164,1.4142739,0.6761816,-0.94111335,-1.6035674,-0.4547864,-0.6447295,0.056646504,0.88831323,0.04227467,0.075846,-0.32920897,0.5173089,0.3823115,1.1827986,-0.45321682,0.68093884,-0.29464722,0.31499037,0.78620464,0.8503323,-0.89368385,-1.5169705,-1.3776687,-1.1537873,-0.8492925,-0.23671025,-2.311483,-1.7003833,-0.5041984,0.17234737,-0.5164662,0.8303515,-0.41503298,-0.2557392,-0.5391423,0.0014083653,0.18439886,-1.215881,-0.72133607,-1.164153,-0.2691381,-1.7668545,-1.332643,1.0386289,-1.144052,-0.46939737,-1.1854489,-1.1098319,1.25163,0.34983537,-1.0131674,0.26093954,-0.14722699,-0.39673233,-0.5322567,0.51241857,-0.28096846,0.073240966,-0.096846506,1.3038732,1.6861359,2.3891516,0.58335334,1.8255653,1.4010072,2.0774996,1.0998715,-0.080892734,-0.15705144,0.73326206
0.86445916,-0.56753683,-0.08557214,-0.3890689,0.30046752,0.010515589,0.57839364,-0.15930119,-0.38063377,-0.3442506,0.33478713,-0.7110539,0.99827516,-0.45321274,0.32556406,1.4367903,-0.8152602,-0.16372105,-0.58486134,-0.4702262,-1.1793491,0.88004214,1.1828144,-0.21050231,-0.5784222,-0.9066488,0.5281187,0.9781259,-1.2577654,0.16102457,0.10757564,0.87537694,1.0299718,0.15106386,1.118261,0.40221664,0.61168736,1.109566,0.4846458,0.9995266,0.31006166,-0.8769079,1.337711,1.292084,0.3988462,1.2211591,0.7438972,1.0263697,0.06749252,0.92474073,0.14027157,-0.029241895,-1.3452692,-0.22435343,-0.0971621,-0.20276573,-0.30283168,0.008202872,-1.5445906,-0.9578137,-1.7559992,1.3100506,0.123984985,-0.020966116,-0.5039714,0.4404013,-1.0079284,0.0046932576,-0.2189959,-0.0036039462,-0.73154145,0.09584034,-0.25002092,0.2965663,-0.6958584,-0.9625642,-0.48289555,0.12114722,-1.8465351,1.7314053,0.26210904,1.0572984,0.44921848,1.3887802,0.6747825,0.8379748,0.6379089,2.0149152,0.30487353,0.13962062,0.19174412,0.5507921,-1.8761277,0.53895473,0.38559872,0.34597248,1.3351277,0.0031520228,-0.34240317,0.9732645
0.96429884,0.69481486,0.41704693,0.96007574,1.0535183,0.41576356,0.8032119,0.39071807,0.30541447,0.85426193,0.95846534,1.2880652,0.014638482,-1.0971613,0.9265717,0.8708061,0.5691135,0.7165288,0.13378267,0.9496583,1.2545857,-0.5179962,0.21450387,0.92094564,1.0181849,1.415245,0.27013272,0.4621787,1.2290305,0.40532705,-0.14223307,-0.6466216,0.58983374,0.07199191,-0.596704,-0.12719204,-0.4509325,-0.31851363,-1.1447984,-1.5345746,-1.255153,0.11350785,-1.561245,-1.0565876,-1.2356145,-1.2129393,-0.84045744,-0.74716693,-0.968523,-1.6733714,0.78502744,0.66972506,0.14875226,0.9614513,0.6899226,0.13280657,0.85273993,0.16957992,0.16956994,1.0879937,0.39498544,0.6285835,1.4589604,-1.7270259,-0.028707169,-0.052947637,1.0534323,1.0708797,1.5540192,1.5983112,1.2387323,-0.040082317,1.5877687,-0.4025926,1.6276836,0.716555,0.33582237,1.1319162,0.9386208,-0.24037068,0.9441731,0.36795032,-0.026677413,0.34161955,0.9719158,1.3542672,-0.60425484,-0.43815672,0.07009324,-1.2456212,-0.8190027,-1.7255557,-0.34476212,-2.991513,-1.6919814,-1.7792304,-0.61648405,1.2079368,-0.30066362,-0.8000554
-0.75048405,-0.92741334,-0.65974534,-1.3402481,0.06925197,-0.5568592,-0.16113278,-1.2860718,-1.2685399,1.4555389,2.139107,2.9692037,-1.4178056,-1.6874669,-0.43486324,-0.7866008,1.9101207,0.10648121,1.3520099,0.31654823,1.5642036,1.8449831,1.208626,1.3405017,1.5860835,1.1351635,1.2888534,1.0735301,0.766607,-0.2687354,1.5048556,0.35295674,-2.5739946,-0.7089999,1.128104,-1.777527,-1.7037181,-2.9234662,-2.8099587,-2.383138,-2.0941577,-0.794425,-0.75057805,-0.35209894,-0.31801927,-1.4812632,-1.338312,0.33374673,-0.8192985,-2.117398,-0.48948467,-0.79879266,0.91340196,-0.16700855,-0.2808618,-0.4935169,-0.056669667,-0.57048637,0.96341205,1.9512683,2.1049404,-0.9090137,-1.0243999,-0.6123437,0.105197005,-0.896232,-0.3998466,1.6349962,1.564674,0.7143085,1.4301025,2.4621708,2.3928947,0.019276673,2.0112193,1.8625596,0.7619543,1.4872025,0.8341255,0.5680812,1.4692066,-1.48748,-0.34104812,0.6387962,1.4687992,-0.70945966,-1.5402776,1.4896952,-2.8903341,-1.3150514,-1.4862618,0.60342765,-0.48707408,0.27400365,-0.88593554,-0.6179767,-0.2788914,0.80044544,0.3153605,-2.456019
1.3749394,0.51499414,-0.60174274,1.111607,0.95850515,0.24196865,1.1433182,0.88679916,0.46747816,0.7004231,0.07564106,1.1552721,-0.6734704,0.02205396,0.8007092,0.4065234,1.3889755,1.1626638,1.1080093,1.0126154,1.7388546,1.4231274,1.8515637,1.4255532,1.1859524,0.8980463,1.110481,-0.051129688,0.85394645,0.14062187,0.51441383,-0.18763863,0.6594093,0.9467439,1.3548838,0.41735628,1.4206513,0.39861965,0.8951768,-0.6238454,-0.20333618,0.26169485,-0.26645508,-0.28590867,-0.024736905,-0.6457751,0.78575623,0.4611027,0.29182565,-0.30062237,0.0770624,0.3072974,1.0796378,0.70502186,0.8395772,0.332784,1.1721727,0.6239676,2.0392737,2.0006492,1.7412906,0.22229263,0.73752147,-0.24748081,0.7202341,0.8922629,0.22518258,1.3905255,1.8793457,1.4932395,0.8178979,1.2108794,1.3486775,0.08394233,1.560359,1.9262713,0.38388473,0.9337679,0.4290218,-0.6915073,1.3094734,0.36190355,0.5562809,1.1680461,0.6727472,0.56151944,0.7348175,0.4990072,0.26563963,-0.20068301,0.5599779,0.6368249,-0.12615065,0.9379523,-0.55194116,-0.2951914,-0.5057968,1.2476751,0.3622032,-0.9211291
-0.16299862,-0.3097115,-0.15493365,0.0017906855,0.44200575,0.04795577,0.4541627,-0.30825368,-0.08204674,-0.37460047,-0.8356609,-0.96435237,0.26246932,-1.2228156,-0.33722356,-0.8777506,-1.1053743,0.014423065,-0.3888315,-0.303553,-0.030636828,0.4639716,0.5740883,-1.0174224,0.02123259,-0.39805818,2.1223533,-0.12687398,-0.9570076,-0.27863398,1.7095325,1.1373519,0.1303802,-0.38558042,1.5104725,-1.293473,-0.6059635,0.96566063,-0.42477366,-0.17578563,-0.41272286,0.7778613,0.36128077,1.0966285,0.69081223,0.3163292,0.8902165,0.48554495,-0.34358552,0.13230243,0.6672852,0.28088096,-0.42308766,0.89834917,0.6075586,0.12740245,0.4558821,0.18372506,-0.38518333,0.04372076,-0.4934096,0.64392525,-0.13592201,-0.25793716,-0.5119675,0.24036656,-1.2646966,-0.66968554,-1.1044741,-0.8745234,0.015145991,-0.5485952,-0.45413792,0.06514897,-1.5144252,-0.28270727,-0.7129047,0.9126598,0.14874472,0.63780546,-1.681072,-1.5801932,-1.1681942,-1.007463,0.18672386,-1.9086757,-2.0055213,-0.45944393,-1.8467668,-0.8711308,-0.72160447,-0.9425563,0.21226056,-0.45555758,-0.5046441,0.2504993,-0.33669186,-0.3907475,-0.56894344,-0.67828536
0.821305,0.08988064,0.76739323,0.3782364,1.6012311,1.4374009,1.035485,0.7235246,0.8241525,0.8539983,0.14124285,-0.50445986,0.92881393,0.47276708,0.56314045,-0.06728803,-0.4284507,0.4880581,1.3691603,-0.34482557,-0.667844,-0.8979242,1.1915431,-0.6904671,-0.037430704,-1.371172,0.27152857,0.37749726,-0.35300407,0.466018,1.8179144,1.870724,-1.1885612,-0.48710486,-0.061971735,-1.2110155,-0.036596667,0.582154,-0.992526,-1.0550739,-0.63888574,-0.34543717,-0.4528364,0.89173174,0.15303573,-0.06697886,-0.29693523,-0.6725287,0.8192163,0.6270132,1.2900876,1.0157701,-1.0580443,0.13294575,1.551098,1.1957417,0.15296778,1.0938498,0.6580981,-0.045282383,0.48810118,0.8323435,1.7104588,1.6060973,0.36101335,1.0265515,-0.6558747,0.9411007,-1.7769737,-0.5066608,-0.48084092,-0.53033596,0.9239341,-0.03585619,-0.41733208,-0.8054132,-0.58306706,0.16264251,0.6997168,-0.31321368,-1.791191,-2.1658926,-2.4547923,-1.6558264,-0.9574843,-1.6927551,-1.7256231,-1.0834792,-1.9929495,-1.6450969,-0.7435318,0.2116287,-1.5311766,-0.9139317,-1.5057563,0.59385306,-1.0266235,-1.187762,1.4721307,0.28197694
-0.10276545,-1.3622857,-1.3731145,-1.7892493,-0.86988646,-0.09477138,-1.329475,-1.2371495,-1.0939534,-0.52053064,0.03165907,-1.26456,0.43708295,-0.63870525,-1.8353473,-1.3471333,-1.4198332,-1.5239474,-1.9202453,-1.2124506,-1.5263695,-0.7094001,-1.374532,-1.7885822,-1.1984217,-1.5857245,-0.13280123,-0.46294037,-2.116284,0.23868273,0.6826733,1.0852393,-0.33164284,-1.9466197,-0.42467865,-1.4707711,-0.47046852,-0.26824614,0.38046518,-0.85762614,-0.4668693,0.6137936,0.32577124,0.6642618,0.008538582,0.62023276,0.7505362,-0.714056,0.24514875,-0.07266925,-0.24781623,-1.2086712,-1.9110101,-1.4358518,-0.2875056,-0.24868317,-0.7627509,-1.094634,-0.46061087,-0.39717376,-1.0117276,1.246772,-1.1845167,-0.34502617,-1.2822459,-1.0242642,-1.3455073,-1.0156727,-0.97756743,-1.5744648,-1.0442644,-0.8273588,-1.0917965,-1.0824355,-0.67837054,-1.0905442,-2.1009068,-1.1093334,-0.7816243,0.69975936,-1.2952341,-0.5587691,-0.4054547,-0.45445055,-1.3732631,-0.54060686,-1.0827515,0.09624284,-1.417165,-1.0621923,-0.2543816,0.09103668,-1.5554277,-1.7451205,-0.28129193,0.8904407,0.4186185,-2.2801874,-0.40277734,-0.22511767
-1.7143153,0.040184204,0.15348935,-0.4938807,0.27946734,0.4979817,-0.2114772,0.036894344,0.18604626,0.16119589,-0.8975705,-0.9983922,0.5540266,1.3969096,0.6819337,0.19887336,-1.2861168,-0.47405967,0.0023596084,-0.6632106,-0.07399097,-0.47404417,0.26444164,-1.2437091,-1.1470731,-0.009382927,0.64141047,-0.025462238,-1.1554967,0.9831073,0.995751,1.2489517,0.65306884,-0.39922023,0.38563624,-0.09719238,1.2619807,0.061448433,0.52298427,0.005458083,0.70632106,-0.14347188,0.81988376,0.52149093,0.9395275,1.3178576,0.52077067,-0.7777459,-0.7402207,1.1350777,-0.49906603,-0.5244107,-0.44846958,-0.76702935,0.26170123,0.28572273,-0.26805654,0.4811914,-0.33473268,-0.32469833,-0.7454592,1.1978655,-0.09012624,0.4672965,0.33788222,0.94217414,-0.0252552,0.36657593,-1.0090803,-0.5790182,-0.26418805,-0.8982009,0.1295868,0.42656004,-0.94088876,-0.6999441,-0.40784496,-0.50755525,0.6161557,0.57967174,-1.6904899,0.5131466,0.024695417,-0.027943669,-0.87585557,0.15931049,0.118069306,-0.52961546,0.7099061,0.967984,0.81781787,0.17430879,0.24416368,-1.4198272,0.9150553,0.7563462,0.8493631,-0.83088243,0.35334858,1.3538518
-0.72993666,0.020904943,-0.8582516,-1.1590292,-0.4698404,-0.5338353,-0.9281329,-0.5045384,-0.509651,-1.1393143,-0.98003477,-1.4667231,0.828578,-0.84464955,0.09218934,-1.449907,-0.5224129,-0.78901917,-0.63944143,-0.6820661,-0.24214393,-1.4566783,-1.6279837,-1.701901,-3.3367825,-0.52178353,-0.75021905,-0.7274404,-2.1730437,1.0419974,0.43530992,1.1875944,-1.2585791,-1.4473495,-0.22724882,-0.62561935,-0.016561987,0.90194845,1.2841628,0.9391578,0.8948937,-0.021900883,0.66716695,0.28116712,0.5908463,0.954225,1.0564027,0.18827483,-0.77379656,1.0364784,-1.065223,-0.9364112,-1.7615314,-0.69423074,-0.43491384,-0.28097877,-0.36823347,-0.09294642,-1.2739688,-1.853158,-1.7685978,-0.15231672,-1.758174,-0.77003187,0.5330404,0.67231494,-0.61114895,-0.6071481,-1.1426235,-0.7504412,-1.2851839,-1.4855015,-1.3905941,-0.4105954,-1.7568265,-1.7392778,-1.9966921,-1.8087032,0.09294453,1.3542184,-1.7531939,1.1600729,1.3486942,-0.705878,-1.077034,0.70735985,0.44538698,-0.16001153,1.4809246,0.7750697,2.390018,-1.0256021,-1.1305953,0.92127454,1.0965009,0.9887721,0.9331392,-1.2371012,-0.55683446,1.9341284
-1.0456456,-0.34714526,-0.31130564,-1.0066378,-0.3099002,-0.36084077,-1.1701092,0.086520046,0.012180966,-1.0375296,-1.0800349,-0.5176579,-0.36801478,0.19952944,-0.6168965,-0.052251343,-0.5363665,-1.0926121,-1.0600041,-1.2958509,-0.49120036,0.56486875,-0.9458483,-0.46144804,-0.4635559,0.028547134,0.20649204,-0.19479324,-1.0597724,0.46180835,-0.4146338,0.47734913,-0.23130621,-0.8848802,-0.8249021,-0.35851,-0.16154228,1.464313,1.9470333,0.44047534,0.24663462,0.29916453,1.463191,-0.7981091,0.31174386,0.50926495,-0.026720162,0.23224726,-1.0902573,-0.11407446,-0.2803563,-0.3954467,-1.84741,-0.9853913,-0.13287354,-0.13951333,-0.33748746,0.25291702,-1.4334213,-0.14735788,-1.0213861,-0.9672328,0.58979934,-0.0028668216,-0.06320872,-0.5971405,-1.9432595,-0.7454823,-1.5853249,-0.7687032,-0.66845465,-1.6269786,-1.727418,0.21287206,-1.6130868,-0.9653499,-0.94778866,-1.5819125,-0.5524102,0.685229,-1.4283066,0.45885786,0.8000029,-2.2351494,-0.4718852,0.79017305,-1.0037355,-0.7701792,0.34153655,0.17986152,0.6554826,0.6787704,-0.39483547,-0.6708754,0.41385835,-0.33223093,0.6950054,-1.3050166,-1.9807616,0.47664824
-0.5205282,-0.15327948,0.031118898,-0.4208119,-0.24225307,0.17886102,0.10616977,-0.20937908,-0.3693735,0.2394741,-1.1106374,-0.25455835,0.23126559,1.0832633,-1.5326252,-0.63510007,-1.3125917,-0.20983097,-0.49780962,-0.72336036,-0.5394106,0.17408134,-0.31992418,-0.4107226,-0.36635122,0.27221683,0.26538104,-0.7225767,-1.2909974,0.20019281,1.6967458,0.6462564,0.7553994,-0.5895653,0.09019825,-0.79804224,-1.0181543,0.986536,1.3847854,1.1729095,0.1719051,0.94178545,0.78768724,-0.17162462,1.5439758,-0.19564448,0.10487297,-1.0044899,-0.750394,-0.43987632,-1.248588,-0.023264023,-0.4830833,-0.7367824,0.09815119,0.44467837,-0.18875667,0.19437025,-2.737921,-2.180002,-1.3237906,-0.7993796,-1.1011463,-0.97252375,-0.5517955,-1.8395334,-0.71543473,-1.4667704,-0.9847865,-0.86616105,-1.8113269,-0.6620249,-1.5972097,0.25742847,-1.1828206,-1.2088778,-1.4593114,-0.6286864,1.1388763,-0.09045315,-0.82288945,-0.16467986,0.42628738,-0.67996097,0.30891976,-1.2538401,-0.4408899,-0.13912183,-0.8880261,-0.6771251,-0.8285611,0.3873488,0.26881444,0.038867533,0.9938263,-0.11482093,-0.5875038,-1.0058534,-0.4862562,0.26642
0.35636637,-0.57911557,-1.0438436,-0.9130679,-1.7492915,-0.62797767,-1.1071224,-1.7508113,-1.1732361,-1.9225823,-0.638433,0.23013973,-0.4579172,-2.1827154,-2.1648645,-1.2609472,-0.42870042,-0.836143,-0.113893546,-1.1654785,-1.0371897,0.10508865,-1.2595314,-0.34973064,-0.7117559,0.37533796,-0.63105685,-0.75722903,-1.5575203,-0.7130084,-0.93939966,-0.240136,-1.3988487,-0.22635311,-0.6887356,-1.7184585,-1.2919388,-0.06741986,-0.12194007,-0.6437308,-0.8906617,0.9326713,0.016049441,-0.90194684,-0.3058447,-1.1377376,-1.3534176,-1.2558818,-0.77592975,-1.4171729,-0.66556436,-1.4273072,-1.7366633,-0.7989372,-1.1112815,-0.9194938,-1.5328865,-1.4058975,-1.8061017,-1.2998308,-1.533475,-0.12801427,-0.69460243,-1.9179404,0.33068413,-1.2396134,-1.1038826,-1.0843351,-0.7476367,-0.58789426,-1.7606335,0.57434154,-1.6394022,-0.8582322,-0.5016234,-0.38427636,-1.2429234,-1.3150462,-1.274391,-0.48361805,-0.33104405,-0.53109646,-0.28992,0.13342257,1.0082644,-0.95535934,-1.5519615,0.21051511,-0.8228616,-0.6960955,-2.3411167,-0.7826627,-0.996033,-2.130574,0.6826534,-0.9104472,-0.5091266,-0.07646431,-0.67486525,-1.3384993
1.9468676,-1.1669898,-0.30260652,-0.8120877,0.0020966104,0.29084638,-0.28118625,-1.0200784,-1.3529763,-1.3838396,-0.36149314,-0.9951882,-0.168574,-0.7620595,-1.0929548,1.681057,0.058844235,0.1861945,0.103891775,0.10384333,-1.3470675,1.2732443,0.7547484,0.19207601,0.17493905,-0.10966154,-0.65113616,-0.39933437,-0.9462111,-0.9970848,0.63535386,0.6313912,2.1509705,1.7936907,1.3751975,1.1958988,0.7690311,0.33834204,-0.19580527,0.48779213,0.94053847,0.24368168,0.7449858,0.058036394,-0.032410417,0.0058784876,0.77508664,-0.29683647,0.99792236,0.63594353,0.046336252,-1.1850463,-0.33776027,-1.219986,-0.15458427,-0.3327248,-1.1220747,-1.2436341,-1.9784765,-1.1461058,-1.0786359,0.8546892,-1.2162071,-1.2404041,-1.5638034,-0.49874014,-0.107685745,-2.364893,0.5914665,-0.061494377,-1.6834065,-0.019976338,-0.74197674,0.68671125,-0.4032236,-0.8776117,-0.64555293,-2.1997192,0.6074208,-0.5069445,-0.033415236,1.0392636,0.4627948,1.0803127,0.73568916,0.8494083,-0.27772754,-0.09599939,0.5088947,0.34004375,0.37464824,-0.12198023,0.21666566,0.21932901,0.41711545,-0.22408615,-0.32711488,-0.7189357,-0.48788735,0.5038039
1.0843097,-0.85243386,-0.34662443,-1.0555351,-0.4055751,0.13689983,-0.4728018,-0.65855265,-0.37588242,-1.383573,-0.52313447,0.4242519,-0.13937934,-1.2683071,0.0814032,0.5386871,0.42439574,0.27801883,0.1233266,0.87782717,0.13079634,1.0191889,0.26918516,0.12007303,-0.7020324,-0.8609725,0.29248902,-0.5783176,0.7393538,-0.3188591,0.14357223,0.6330596,0.31850338,0.81260765,0.55226356,0.74283135,0.34067753,0.27424982,-0.090167455,1.3540039,0.7375005,0.02664645,0.59774214,0.3860051,1.1690811,0.5405737,0.64360327,0.98512685,1.0645771,0.9363872,1.3373741,-1.0838895,-0.68679494,-1.0849767,-0.36688805,0.022065025,-0.75814104,-0.51124555,-0.21671101,-1.3614782,-0.17104526,-0.5497967,-1.0361546,-1.2112542,-0.02402702,-0.34406018,-0.40152356,-0.64390206,-0.057595782,0.38114157,-0.41260505,0.26753002,-0.505519,0.95094204,-0.10019703,-0.64798373,0.065395296,-0.9970232,-0.8430931,0.44307566,0.11237466,-0.3040971,-0.13469532,0.13291353,-0.3722396,-1.0792952,-0.5077282,-0.60851663,-0.26398098,0.9282193,-0.7013782,0.40194792,-0.5078645,1.0991193,1.0160108,0.5083798,0.35941315,0.37101793,-0.42281023,0.47579998
-0.4107198,-0.42682886,-0.31412235,-1.4047432,-0.030905858,0.1610914,-0.18451399,-0.5719513,-0.48785493,-1.4053049,-0.5397954,-2.247885,0.7896304,-0.6568067,-1.6383427,0.07416073,-0.84935755,-0.43766308,1.4899102,-0.7273299,-1.1967273,-0.44742626,-0.038861547,-1.2834843,0.05631235,-0.26438013,0.123104624,-0.56251836,-1.2077618,-1.217474,-0.03134649,1.0370225,-0.32483307,-0.47834602,0.7762205,0.20700103,0.9567234,1.7431362,1.1416516,0.86154896,0.63053143,0.62610203,0.8165723,1.4551076,1.3610089,1.2432052,0.17519626,0.43424436,0.73666435,0.68688565,1.045436,-0.5292281,-1.5690206,-1.0319691,-0.3568031,-0.6154345,-0.81549454,-0.97638327,-1.6225712,-1.5368367,-2.2236843,-0.9672712,-0.64200985,-1.7861389,-1.0076555,-1.5279042,0.085530594,-0.83182025,-1.278518,-1.9105366,-0.8147812,-0.58154947,-1.6714736,0.7846465,-1.9260325,-0.91199267,-0.9234886,-0.80979544,-0.7269097,0.66862756,-1.1672887,-1.4414486,-1.139155,-0.46994257,0.3271414,-1.2619534,-0.7859653,0.9174926,-0.18082458,0.45288667,-1.1591645,-0.28885847,-0.014189468,-0.419717,0.67540896,0.7356292,0.6744358,-0.29373628,0.5216063,0.53706706
0.18088074,0.377974,-0.04898461,2.2871327,0.33563405,0.06401389,0.4451721,0.92916626,0.05401303,0.6445959,0.040812604,-0.19218113,0.62353253,-0.1351158,-0.002154782,-0.18180162,-0.71783775,0.10823017,-0.17942522,0.043822076,-0.5533634,0.39299902,0.79892147,-0.84480166,-0.041374046,0.034295585,0.5535061,-0.52095056,-0.07701507,0.3455471,-0.25102028,0.20727944,-0.030101093,-0.8492329,-0.6993738,-0.85022783,0.6560484,0.8278652,1.2045366,0.4522583,-0.6740821,0.44638732,0.021978151,0.45093235,0.86226624,-0.22799723,-0.6853653,-0.42846096,-0.76848876,-0.24933581,-0.78607297,0.27095145,-0.7447925,1.5747529,0.1802807,-0.9179576,0.18882366,0.6280562,-1.7869546,-2.2586057,-0.99524504,-1.2135656,-0.4076432,0.062471185,-1.0873288,-0.12735632,-0.016557012,-0.20548521,0.52601194,0.17651233,-0.7184526,0.36241668,-0.10667902,-0.66912645,-1.250089,-0.21317981,-0.33596402,-0.4439818,-0.1225547,1.3941739,-0.16052939,0.16335411,-0.30856138,-0.48064172,0.30865917,-0.007053297,0.8856264,-0.18558122,0.85195196,0.074094966,-0.7089988,-0.2417439,0.43570533,0.39422923,0.7628619,0.06265821,0.27786338,1.7832284,-0.26743722,0.022526773
-0.029062517,0.8632945,0.050666258,0.8082702,0.509779,0.036612153,0.68789625,0.36246428,0.05147445,-0.03971837,-1.0550587,-0.2341724,-1.0920106,0.19218324,-0.16061419,-0.583349,0.29443446,-0.45145673,-0.4191733,-0.38264862,-0.64688903,-0.14105088,-0.31220594,-0.87699527,0.3286462,-0.4770652,0.41727424,-1.1962237,-0.6602288,-0.53900504,1.0609711,0.3257852,-0.32812035,-0.9602157,0.2517919,-1.3213009,-1.4300933,-0.11868358,-0.5551561,0.016575182,-0.13651402,0.82548016,0.47710705,0.19925769,1.4068402,0.03065982,-0.21347955,-0.30200875,-0.6862577,-0.39947832,-0.48224595,0.67537767,-0.010747259,1.4887627,0.5171399,-0.094032004,0.22842263,0.54169244,-0.42776036,-0.80761063,-1.3496737,-0.8932965,-0.7468139,-0.11053984,-0.9724151,0.009479371,-0.006975885,-0.79784954,-0.57819253,-0.8675259,-0.17301182,-0.33491927,-1.0620186,0.05636805,-1.0052418,-0.7801679,-0.4863918,0.16381696,1.9571185,-0.29039034,0.24748772,0.55118126,-0.030201394,0.26589343,0.1430071,0.15683733,-0.79572344,0.060999304,0.75928825,-0.14647658,0.54972655,2.2373595,0.23664252,0.38605264,1.0153956,0.7672702,0.09210067,0.24392523,-1.3510792,-1.0432088
0.05864438,0.7378573,1.1064544,1.5006597,0.14831741,0.42676553,-0.93681115,0.41988367,0.24994963,-1.6024668,-0.7630169,-0.48845237,-2.0423353,-1.293479,-1.3678269,-0.9324319,-0.44274047,-1.1145087,-1.4834993,-0.59969705,-0.7859622,-0.77233833,-1.4206247,-1.1237545,-0.26656818,-0.8918312,0.96491075,-1.0727346,-2.1436586,-1.2140224,-1.0126189,-0.054637503,-0.08740097,-1.4249904,-1.386771,-1.071201,-1.2421283,-0.095314465,-0.21411371,-0.642555,-0.90568864,0.63209516,-1.3759819,-0.45154455,-0.7782168,-0.5969083,-0.9667024,-2.1171575,-0.07084776,-0.4377311,-0.019947972,0.7011856,-0.15644078,1.2113713,0.22092395,0.4987039,0.05120495,1.0136278,-1.391901,-1.6757221,-0.78392696,-1.804493,-0.6903653,-0.16830462,-2.347958,0.025716718,-1.1205515,-1.8986559,-1.027573,-1.1730012,-0.66559994,-1.1100856,-0.8801908,-1.2053552,-0.735168,-0.47432187,-0.9178136,-0.8640785,0.9300083,0.5456691,-0.6018988,-0.8080545,-0.07890526,-1.1847188,0.12526467,-1.2433615,-0.37994185,0.09471041,-0.9157618,0.06453884,-1.4935229,-0.42080477,-0.8481564,0.78442824,-0.10006384,0.4079084,0.14889452,-1.1051958,-0.55478853,0.031287666
1.1979591,0.8414606,0.7200751,1.1299895,0.7667021,0.62021667,-0.4149966,-0.06946615,0.2658544,0.6332365,0.10759724,0.68682,-1.0527415,0.39657995,-0.4278448,0.42805034,0.11413422,-0.33344287,-0.2987619,-0.62822485,-0.023175132,-0.6098815,0.28465506,-0.0007940324,0.6137548,0.8077235,0.5392151,-0.85452795,0.15204637,0.60910654,-0.17085354,0.9017774,0.41243201,0.05937173,0.23450138,0.06613595,-0.3436246,0.45058692,0.6108148,-0.22435325,-0.2535451,0.05305825,-0.7239667,0.064242475,-0.78902954,-0.47734725,-0.36156318,-0.10360661,0.6578486,0.264949,1.1994591,1.0127118,0.1679756,1.921789,0.73927385,0.7957437,0.09414793,0.5030806,0.07072494,0.46321028,0.6894716,0.12856191,-1.8309065,-1.1662111,0.5206081,-0.6078859,-0.90656185,-0.5110198,0.4475284,-0.096660085,0.31932023,0.038138833,-0.4360838,-1.3142518,0.47445926,-0.073225126,-0.7302248,0.24445735,-1.2368872,1.6512368,-0.26627374,-1.100799,-1.3064132,-0.6353722,0.21587479,-0.51514345,-0.15949447,-0.39021972,-0.95799255,-1.3813292,-0.7693981,0.005355442,-0.8018271,-1.7811023,-0.6012799,0.031458635,-1.3008367,-1.1235226,0.63894725,-0.12560046
0.7398262,-0.22236466,-0.1619032,-0.7460345,0.21616979,0.49825493,0.50519484,0.07675389,-0.109060034,1.2137884,1.7477973,0.64760494,-0.19533087,-1.0495039,-0.35398152,0.72548014,-0.15502405,0.14360842,0.5550895,1.0266886,0.16987889,0.830354,-0.123074114,0.8140423,-0.1680481,-0.33735365,-1.0448213,-1.1983583,0.012050359,-0.27671656,0.78936553,1.0841395,-0.08575434,0.9627948,0.28594756,0.34102255,0.2629428,0.34725705,0.33645073,0.49900052,1.0570935,-1.3660158,-0.1570288,-0.6710967,-0.17703137,-0.36780578,0.5281744,0.052605283,0.436753,0.5227097,-1.1695848,0.27498174,-0.8549639,-1.0813533,0.46468246,0.55845785,-0.8519547,0.08371348,0.16309088,-0.1700341,-0.41359395,-0.056166165,0.14998369,0.09097932,-0.69442385,-0.86802447,-0.59229016,-0.27133894,-0.16041553,-0.6477809,0.50807846,-0.037371222,-0.37799847,-1.6200793,0.33251622,0.10072153,-0.14957793,0.110474125,0.97392726,1.104223,0.20519364,-0.5077991,0.36413655,-0.07146738,-0.28680786,-0.32102934,-1.1854753,-0.16138749,-0.67912465,-1.2800258,-1.43439,-0.6115233,-0.5022408,0.30237782,-2.08643,-1.4057915,-1.7568215,-0.7985659,0.6380111,-1.012752
1.7562903,-0.45526558,-0.68370277,-0.39194998,0.33912876,0.07299594,1.1478842,-0.19540538,-0.81253755,0.3963276,0.33044598,0.40900564,-1.0101613,-0.6682572,-0.851087,0.8876499,0.34649152,0.6112279,0.26627535,0.7574342,0.45979878,0.919927,1.4653398,1.0258551,0.5460547,-0.41226852,0.7084969,0.13443814,0.36964926,0.27562088,1.1247847,1.9932382,0.98693055,0.64796335,1.2893002,0.97501934,0.17167962,0.4668422,0.78672177,0.30396327,0.38099122,0.33025852,0.24284773,0.4281942,0.0025836849,0.3773721,0.8378732,0.55732965,1.1370502,-0.10040684,1.4412633,-0.9547346,-0.97622186,-0.5572444,-0.075763114,-0.6940558,-1.3514006,-0.92849725,-0.6657855,-0.010535349,0.91406095,-0.23596224,-0.6169463,-0.5375663,-0.78703225,-1.7586886,-0.7392508,-0.044386078,-0.26792246,-0.941137,-0.06571359,-0.17718315,0.7601534,0.16792256,0.45667195,1.0595311,0.21561725,-0.13818794,0.009342209,-0.28315726,0.37001377,-1.9102814,-0.7321456,-0.5612504,-0.07908941,-0.47742712,-0.2948778,0.24258205,-1.244939,-0.7759658,-0.2719967,0.20815085,-0.46458077,0.69682616,0.5063185,-0.43788356,-0.82670975,-1.1722995,0.8268332,-1.6877472
0.75107443,-0.037049558,0.40418833,-0.2423237,0.6960818,0.9367456,0.11937313,0.6849713,0.48358634,-0.042473003,-0.49574327,-0.19270678,-1.8806573,0.28426343,0.120222345,0.35152304,0.51676303,0.8814509,0.21481884,0.4947512,0.8302996,-0.81901634,0.4232397,1.0279465,0.60783064,0.39020044,0.018092059,-0.65938526,0.4397305,-0.3203764,0.38854763,0.9515256,-0.25936753,0.9377484,0.032939788,0.15725257,0.30771124,-0.458655,-0.70440775,-0.7492573,-0.037737418,-0.04962033,-1.0478637,-1.1628281,-0.81420684,-1.1552922,0.22712316,-0.33860597,0.8231307,-0.7813431,-0.93309444,0.66215265,0.31136492,-1.3149892,0.1216983,0.66219074,0.4439265,0.13754484,1.0773271,0.7565827,0.66617495,0.51657796,0.05987184,-1.7046534,-0.58165646,-1.9042766,-0.7432057,0.033419907,0.47031274,0.1906603,1.082626,1.0360465,1.0726024,0.28108823,1.1947142,0.72835,0.32273114,0.68950677,0.69001913,-0.38373926,1.503242,0.021159273,1.1557252,0.26556066,0.56894296,0.8947985,-0.06860847,0.27563342,-0.70507807,-0.6642559,0.53398365,0.40953502,-0.10088145,-0.3780715,-0.44457266,-1.3710988,-0.8751125,0.27804527,0.8639303,-0.49606776
-0.38176417,2.551059,3.5718107,1.6322018,2.5376465,3.1753066,0.37158906,2.1652992,2.3638601,0.19026928,-0.32425022,0.9478476,-0.326285,-1.9483018,-0.49869215,-0.48873043,1.2500018,1.2769281,-0.15500763,0.35949495,0.30506608,0.7879377,-0.4070111,-0.21476236,0.8408675,-0.15630007,0.5363867,0.28535184,-0.29547787,-0.95422584,-0.9752748,-0.1889202,-1.4300559,-0.008921817,-0.31726217,-0.00932054,-1.4244132,-0.9295214,-1.875127,-1.1416495,-1.5197462,-2.0591571,-1.0080508,-0.8274268,-0.43908754,-1.1172961,-1.5236077,-1.165841,0.029552612,-0.81451535,0.94052696,3.1001296,1.1648456,2.2437587,2.9366422,3.5762908,2.964777,2.6289265,0.26987782,1.685053,0.9236992,-0.24117368,-0.938811,-0.7983719,0.27868238,-0.9718517,-0.8975586,1.3461374,1.7602475,1.8615407,0.94229704,0.45990238,1.2972227,-2.3718147,0.56301504,0.7231931,0.79511386,0.39899278,-0.16001442,-1.6192949,0.98445135,-0.01931873,1.6601871,1.5604321,0.43451566,1.3056355,-0.053471953,0.593222,-0.44498932,-1.3607289,0.35727417,-1.4206483,-1.3970104,-0.93716633,-1.6969997,-0.43047976,-0.053931173,-0.02726945,1.2693707,-1.8619859
0.7627529,2.774693,3.1935754,3.0931146,3.5406804,3.548645,0.57647985,2.0182564,2.5971816,1.6994994,-1.8093576,1.1578592,0.0070350477,0.10616908,-0.22071192,0.7239785,0.47565684,0.38186994,-0.03445454,0.8532958,-0.1697468,0.35194993,-1.0192949,-0.24659096,-0.35711718,0.22781046,-0.32763982,-0.62059754,0.17338249,-1.705999,-1.030688,0.257396,-0.48685858,1.132789,0.022294698,1.7802054,0.24130659,-1.1611601,-2.7049181,-1.2138104,-0.66670835,-1.1796812,-0.9890432,-0.8978088,0.4453523,-1.1849868,-0.26064444,-0.36398774,1.2183812,-0.48732018,1.3948218,2.5092573,1.5375645,3.0260315,3.706584,2.902836,3.0120964,2.7380857,1.1391933,0.106270924,0.94069934,0.90789545,0.59457886,0.17102,0.2575971,1.012957,1.2289543,1.0634843,1.4269593,1.8794847,0.95025784,0.7751932,0.58496696,0.021762999,1.6049912,0.30722883,0.7267145,0.5259424,-0.57918525,-2.0048435,1.6426891,0.62987375,1.8681319,1.4060637,0.586511,0.07958396,-0.12622184,-0.12158468,0.72120094,-0.48845896,0.16374761,0.21744427,-0.51070124,-0.18669201,-0.7711473,-0.10551483,-0.41444483,0.5738572,2.728398,-0.59254223
1.2885058,3.706573,3.4791536,3.1850173,3.9037566,2.8629289,1.0566964,2.4707608,2.8582613,0.8543019,0.9672916,0.84627694,0.6474262,0.6142981,0.41094205,1.8093154,1.4507633,1.28134,1.0650628,1.01208,1.0769612,1.2067515,1.0491999,0.71122384,1.3254803,3.0359344,1.7182615,1.1870854,0.9806173,0.061374355,-1.3047309,0.34583405,0.23835728,1.6058488,0.9166494,1.1118369,1.0352615,0.5568566,0.55960804,-0.94489413,-0.58800185,0.5109861,-0.0013380717,0.56483,1.272657,-0.35847417,1.1135919,-0.9794137,0.7502127,-0.56273526,2.19439,3.976594,2.4242527,3.1390522,3.496016,2.137256,3.5267215,3.62665,0.5901476,1.8278028,1.4242741,1.0069472,2.2751956,-1.34587,0.3118359,1.163434,1.1905304,1.9100212,1.7966655,2.1229787,0.9118805,2.1645417,1.8745266,1.2710388,1.618989,1.2586262,2.1981952,2.1209538,-0.39220574,-1.033357,1.618472,0.29017568,0.84334815,1.5082625,0.9223145,0.081105106,1.0014043,1.5783623,0.5771096,-0.38083637,-0.64010507,1.1455498,0.8314476,1.2805501,-0.27622297,0.47268087,-0.45437905,1.0887669,1.6083268,0.0895987
0.09174678,1.6861207,2.0413702,1.9093689,2.5901406,1.7476245,0.6008385,1.8017838,2.22146,0.0052708085,-0.5445112,-0.09765416,-0.42780283,-0.17315802,0.29443496,0.18230861,-0.4157267,0.28139362,-1.0876825,-0.049784843,-0.59968734,-0.9356505,-0.15136757,-0.47019807,0.15349315,0.3232746,-0.08724771,-0.36298633,-0.15073523,-0.3927889,-0.69437444,-0.5314902,-0.05908658,0.6614382,-0.35987204,0.89658624,-0.113468535,-0.71506035,-0.8876929,-0.6832027,-0.14548662,-1.2771894,-1.0000705,-1.2395871,-0.9548334,-1.3317155,-0.14121409,-0.78526485,-0.8231768,-0.3463492,0.81352645,1.1515893,-0.24408449,1.0260923,2.271733,1.795148,1.467912,1.8196834,-0.36446258,0.9954813,0.68825936,1.1297992,-0.06327343,-1.1264782,-1.9254384,-0.5578356,-0.15987015,-0.30202714,0.82113177,0.48361525,0.34574577,0.42021942,0.8562637,-0.90930843,0.9837131,0.6809649,-0.75683385,0.31368223,-1.3762553,-1.6351832,0.49849242,0.33657554,-0.15292217,0.018314153,0.19790465,-0.01768802,1.2125357,-0.0030362036,0.40364096,-0.8504829,-0.608872,-1.0492442,0.094301954,-0.40123573,-2.0710537,-1.1148555,-1.130744,-1.2548517,-0.6776902,0.15352026
-0.16186409,-1.5977458,-0.26866314,-1.3151773,0.6964201,1.1096008,-2.150473,-1.3232858,-0.6748279,-1.018524,-0.31720304,-1.5074303,-0.43753976,-1.1258361,-0.97911865,-0.10513281,-1.4200091,-1.8513973,-0.73325515,-1.6278042,-1.5255847,0.07665153,-2.0414288,-1.3233445,0.10069675,-1.5618948,-0.4843535,-0.3819687,-1.606755,-1.2178472,-1.0507679,0.13579117,0.52761114,-0.57295173,0.3631709,-1.209683,-0.3614038,-0.8015795,-0.3980773,-0.94496006,0.10643409,-1.1344868,0.34985417,0.07983562,-0.5984205,0.27712065,0.056981135,-0.71521705,0.3216606,-0.2684259,-0.544668,-1.5806074,-1.8737869,-1.1962633,0.6935079,0.09300407,-1.4532964,-0.70846736,-0.31146473,-0.33210945,-0.85543233,-0.6822087,-0.49504295,-1.5299553,-0.5177642,-0.45456898,-0.61046463,-1.2110808,-1.5974224,-1.5471033,-1.3316307,-1.055955,-1.1982453,-0.22972004,-0.5305046,-1.4461373,-0.45998433,-1.4494773,-2.1482844,-0.7789028,-0.3126707,0.30092958,0.32894412,0.635413,-0.48336133,-1.483366,0.66383255,0.25903463,-0.50878066,0.3594502,-0.40054053,-2.2946312,-0.142129,-1.7287662,0.14701237,0.013496342,0.40773344,-0.6532339,-0.5203643,0.54097915
1.5724975,1.6416492,2.8381276,1.3283662,2.295338,2.7497995,0.60223955,1.9640869,2.523688,0.90204716,-1.1637747,-0.49064785,0.7173595,1.2747558,-0.1684141,0.9283836,0.13923039,1.1590743,0.22964379,1.1904817,-0.059123907,-1.152271,-0.48077556,0.31429696,-0.017961187,-0.38600284,-0.9877207,-1.1035681,0.5940862,-1.556573,-0.419834,0.8676756,1.0499724,0.6830486,-0.9412301,0.46154985,0.46124458,0.6345039,-0.3343602,0.51751727,0.9494939,-0.3973569,-1.1163071,-0.44313198,-0.5228956,-1.0332787,0.13670503,0.7631337,2.1746356,0.57509005,1.4907608,2.0846338,1.0755353,0.99538785,2.659683,2.1389635,1.9736711,2.2072926,1.0357219,0.5899753,0.08723081,0.29851344,0.4552926,-0.42581064,-0.47642052,0.043045837,2.0086522,0.06780842,-0.14012533,0.13763739,0.018800084,-0.20300855,0.26459062,0.69161737,0.26972753,0.7325882,0.32161167,-0.4603075,-0.20200683,1.7125005,0.2755622,0.38017362,0.7776372,-0.098610796,-0.38410905,-0.44225445,0.34546196,-1.1160096,0.7919468,1.7726448,0.84160495,0.92090994,0.34059748,0.12157902,-0.40191367,0.37984762,-0.047526862,-0.074711375,1.9183513,1.4249454
1.0506586,-0.573055,1.0270282,0.39505917,0.93427455,2.0338907,-0.806656,0.5990926,0.49930286,-0.5790601,0.4351955,-1.4000854,-0.15157062,-0.14627764,0.20070502,-0.81517696,-1.2243599,-0.9827707,-0.8890272,-0.87630874,-1.1248561,0.82577807,-0.6567926,0.009329438,0.100511335,-0.47591576,1.1666968,0.09639625,-0.37074557,-0.65447253,-0.48072383,0.70890844,-0.9699721,-0.3927288,-0.22413476,0.07952279,-0.22044657,-0.27079332,-0.74731535,-0.2698982,-0.60498977,1.2117391,0.06678852,0.42926285,-0.60134524,0.3235067,-0.46833235,-0.1500626,0.75102514,-0.05148799,1.3731885,1.0358807,0.26307532,0.45508274,1.6704174,1.531111,0.17389998,0.8869569,-0.31641367,-0.89008474,-0.31251904,1.5320637,-0.45129043,-0.54709834,0.034931574,-0.40011442,-0.13279767,-1.6035373,-1.45881,-1.231334,-0.8589901,1.0352131,-0.4941777,0.617179,-0.58447075,0.22890644,0.72327733,-0.0010890316,0.1322069,-0.25913453,-0.32037887,-1.4054503,-0.10203481,-0.6324373,0.23717341,-1.6321726,0.72069836,0.8037955,-0.31404838,-0.038523726,-0.87355864,0.034773108,0.9639797,0.9480311,1.1037743,0.67211777,0.45392796,0.042112686,0.45482695,-0.8887081
1.2972263,-0.34293061,0.5839373,-0.986683,0.096779704,1.35231,0.33279356,0.5843414,-0.15448755,-1.4173506,-0.37922993,0.0715701,0.31151932,-0.9533506,-0.5546275,1.8670624,-0.25152054,0.50154805,-0.5680166,0.85509604,-0.9065327,0.06881779,0.8767102,-0.06311575,-0.47823495,0.40064874,-2.1273074,-1.2561959,0.29782727,-0.8492524,0.34481505,0.6341365,1.0316411,1.9331499,-0.12785101,2.3153577,0.7686314,1.452479,0.119190894,1.688403,2.4699612,-0.24578163,0.8196186,0.41307333,0.30271685,0.46340698,2.3464935,1.581168,2.6629663,2.0149426,0.73514587,-0.55927396,0.19255906,-1.575493,0.16159047,0.31166723,-0.42342588,-0.6425892,-0.6325338,-0.10971995,-0.65317297,-0.40791357,-0.1328831,-0.3106782,-1.3443105,-1.1641271,1.1724972,-1.8580129,0.0960062,-0.25529343,-0.76680505,-0.77579236,-1.3910509,0.10330873,0.18114689,-0.8116717,-0.77155834,-1.3032638,0.17601377,0.8202522,0.03874875,0.359043,-0.26924405,0.251602,-2.010993,-0.4414674,1.3105725,-1.6241907,0.6958078,0.49339443,0.26023647,-0.3265847,0.22269408,-0.7455938,-1.7009683,-0.56425637,-1.696656,0.54913014,1.0646424,0.9925064
-1.2173234,-1.7805749,-0.52130836,-1.5360428,-0.87537456,-0.18858518,-0.67091984,-1.3754005,-1.23464,-0.5861659,-1.186069,-1.7988522,1.1542544,-1.4695885,-0.78049546,-0.81299466,-2.9215245,-0.8753011,-1.4899956,-1.6797417,-1.7794307,0.3684489,-0.9516907,-1.60832,-0.9338831,-1.6368014,1.3043544,0.95689106,-0.9236809,-0.39699322,0.09771509,1.85024,-0.56597304,-1.1654643,1.4217156,0.7375519,0.72419333,0.6462777,0.82374436,0.92446834,-0.34913725,0.6450534,0.665112,2.1214304,-0.27980837,2.141447,0.019002805,1.1032122,1.4205467,1.3374192,-0.5771194,-1.0635885,-1.1421021,-1.8523711,-0.32300428,0.42086607,-0.9556498,-0.8005229,-0.43531203,-0.5551418,-1.0784693,1.3192763,-0.6085025,-1.1570786,-0.9133324,0.20986243,-0.82675827,-1.039033,-1.5022888,-0.70039785,-1.1380548,0.0669418,-1.189106,-0.18995066,-1.043111,-1.1103902,-0.3588165,-0.9643814,-1.1243813,0.6249334,-1.3312559,-0.24137399,0.26559508,0.7574851,0.49264136,-1.2048041,1.112541,1.5091004,-0.09518175,0.30186823,-0.4873002,1.1356589,-0.29460526,0.79112035,1.5225263,1.7526879,1.5037795,-1.562833,0.9234816,1.1840209
0.21545303,0.57635283,0.18870732,0.47684988,0.01297759,0.74022096,-1.0010647,0.42826414,0.9471616,0.47814068,-1.4563639,-0.9733982,0.90579545,-0.009114022,-0.6106773,-1.0432326,0.13751143,-0.29773685,-2.0311182,1.7308402,-0.10466001,-3.5789726,-0.28057134,-1.5392308,-1.3650374,-0.68437266,-3.3806543,-3.2714167,0.5588971,1.2423431,-0.46807763,1.0308208,0.18079007,-0.224298,-4.519409,1.5466815,-0.5610721,2.1733224,0.9443705,0.581017,1.5242494,-1.2112409,-2.4848933,-2.335583,-2.7636995,-2.0465865,0.8429775,-0.30356967,1.1942636,1.2971811,-0.46857202,0.49404314,-1.0756992,-0.4274178,0.011078878,0.7477377,-0.58189005,-0.49059206,0.065685704,-0.15983911,-0.1462537,-1.8295382,1.0773836,0.249117,0.673986,-0.17907067,0.28634715,-2.2738948,-0.44680306,0.8064171,0.5165501,-3.4191496,0.056822285,-0.09881523,-1.2064589,-0.13971406,-0.2674996,-2.07142,-0.4962311,1.073686,-1.3477079,-0.74682903,-0.9942618,-3.8996117,-4.0070095,-0.110680364,-0.2657203,-5.1112447,2.0404642,0.36776024,0.7312851,1.8035768,0.7996605,-0.7514456,-1.9300704,-1.0822736,-3.2469308,0.34329054,2.0042214,1.4381067
0.69557196,0.3010984,0.8043248,-0.39429954,0.22114922,1.4663585,-0.51919246,1.1677792,0.62017155,1.4000212,-1.0859265,0.65703046,-0.89809525,-1.0588776,-0.92566353,-1.0200351,1.2065345,0.44042698,0.019397087,1.7096835,0.5217955,-3.3795087,1.1191715,1.0083598,-0.0078087626,0.1782744,-4.225303,-4.372529,1.3183608,0.7451444,0.7679924,2.0592427,0.5986062,-0.27390587,-5.5101986,-1.0352224,-0.91209143,1.2447485,-0.7499483,-0.40863702,1.0317909,-1.9275124,-3.1098135,-2.7624617,-3.3882434,-3.5043182,-0.3399596,-1.274655,1.0495032,0.12641452,0.570049,0.65597254,-1.0208497,-1.5705227,0.33818704,1.5647806,0.5161002,-0.3062657,0.8483415,-0.37203065,-0.20575091,-2.5069103,0.5631215,-1.7289268,0.29622814,-2.2447648,-0.24712124,-2.0151474,-0.21656206,0.15685092,0.7355854,-2.7284842,0.42022973,0.46918097,0.019832103,0.5386873,-1.3426608,-1.4477692,1.2340612,1.6155146,-1.0455412,-2.231812,-3.2114065,-4.519953,-4.003125,-1.5710179,-2.0027103,-6.197242,-0.3070259,-0.6906345,-0.049690943,2.317197,-0.26787192,-1.3650731,-3.0231276,-1.2920917,-4.961504,0.75232434,1.5773419,1.0072773
-0.069833025,0.4066916,1.549173,-0.3118923,0.88887215,1.3112022,1.6874615,1.1149689,1.1027106,-0.06361088,1.0241021,0.9534548,1.2115258,-0.36115146,-0.3079559,-0.68786395,1.2973185,0.97625154,2.0841987,-0.27920303,1.67052,1.1760725,1.1317505,1.1951295,1.714101,0.621603,2.6067553,2.6568737,0.3763971,-0.4815292,0.14448631,0.25351465,-1.8121023,-0.9389294,1.2059559,-1.1852826,-1.3551998,-1.3830345,-1.254141,-0.12255855,-1.72395,1.3842231,-0.3419678,1.189976,-0.15320769,0.9746543,-1.8091731,-0.7813097,0.54469484,-0.8665225,1.4223139,0.47577277,1.3164119,-0.98802996,0.84457165,2.2616985,0.679732,0.9652622,-0.32211724,0.14376411,0.04016969,0.8166935,-0.27305868,-0.39350215,0.3484399,-1.8502719,-0.93150836,1.2859721,0.016723119,-0.34655502,-0.06643215,2.317026,1.092138,0.058902066,1.1634221,1.8757577,1.3980706,1.4779539,0.15220991,-0.7012281,0.48344076,-2.7713163,-1.4246721,1.0114702,1.9099082,-0.82343805,-0.87794834,3.3063033,-1.7505994,-1.603214,-2.005457,-1.5230703,-0.98022836,2.0162787,0.6477008,1.180145,1.3019874,-2.0020807,0.5655658,-0.77651876
1.2563026,2.2873607,2.3923845,0.40340763,1.2565696,2.256842,1.5939006,2.580461,3.0667293,2.9298298,2.0849755,1.1306807,-0.7779869,0.18289012,1.1561625,0.5391912,2.4295514,1.6926125,2.3529122,0.49486828,2.6915145,-0.15593785,1.6588707,1.7176285,1.0272762,0.18437587,0.28259674,0.14220998,1.40929,0.96062106,-0.34767863,0.09808225,-1.4430965,0.96285194,-1.1824294,-0.19711731,-0.2823474,-0.016332688,-0.34557143,-0.24947211,-0.9633615,-0.66406846,-2.0461042,-1.7298814,-1.2647955,-1.4289957,-1.0833676,-1.1983594,0.24658972,-1.5200325,1.5342228,2.7596734,2.1939428,-0.20659368,1.6275182,3.364309,2.8495746,3.2022114,1.8113356,1.2227901,1.1837364,0.034989916,1.748562,-1.2807542,2.2023087,-0.22047108,0.54527783,1.5500479,2.1306007,1.9633766,1.7345934,0.8610574,1.9789004,0.5336582,1.8889159,1.9508917,1.1460543,0.7690605,1.3795503,0.58717513,1.3260514,-0.4717742,0.04326876,0.57267374,-0.041999966,1.0339558,1.0552562,-0.32256162,0.00552334,-0.6041344,0.32210255,1.2728302,0.9283271,0.37782738,-0.3942159,-0.92709863,-0.74766,0.31365702,2.0203993,-0.08419244
-0.08339168,0.40910038,0.5003442,-0.42554525,-0.0046811034,-0.09405805,-0.069943845,-0.11678425,0.3882419,0.12841292,0.6481075,0.33644804,-0.37066895,0.0779604,0.5414959,-0.6009527,0.093591645,-0.5335409,-0.4577638,-0.8585606,-0.14366825,-0.52404773,0.07041494,0.334509,1.2631942,0.092857935,1.594895,2.0208025,0.047172207,-0.3590606,-0.6666222,-0.569779,-1.3560072,-1.252551,-0.10841697,-1.262374,-1.9581132,-0.793264,-0.95626754,-0.6612756,-2.1518211,0.043887235,-1.4862837,-0.24768898,-1.8213298,-1.0798815,-2.9737515,-0.946554,-0.8337087,-2.1937184,0.53608054,0.7498615,0.96084875,-0.038174834,-0.062987074,1.3553337,1.1638517,1.3735673,0.21016417,1.1604512,0.19441591,0.97137284,0.5268685,0.5396208,1.2198902,0.78715724,0.018140428,1.5295318,0.7956642,0.5095721,0.8507291,0.83328086,0.9686099,0.55336124,1.6323538,1.0855981,2.0130804,0.9092742,0.08952754,-0.74026895,1.2400702,-0.38461596,-0.24218534,1.0691217,1.2922682,1.092935,0.38786963,2.2303627,-0.17970026,0.17292468,-0.96888536,-0.40067217,0.032935876,-1.245276,0.29238194,-0.7901341,1.0506707,-0.015946217,0.19486256,-0.862102
-0.14127454,-0.33375102,-0.47380948,0.2912748,-0.9365674,-0.6925861,0.61129266,-0.64509064,-0.15528455,1.0536375,0.0065395357,1.5590779,-0.82873744,-0.32974795,1.6193464,-0.23294686,1.6885359,0.2695343,0.061680134,0.9984843,0.79239273,0.38170958,1.3577949,1.3909196,0.67072845,2.0370696,0.8243589,0.3422659,1.2154975,0.35368952,-0.31693977,-0.7797712,-1.6977754,0.07550773,0.39888868,0.04273443,-0.048128456,-1.2698232,-1.0687191,-1.4930841,-1.2958969,-0.1564489,-0.3300908,-0.8560136,-0.4055654,-1.0472256,-0.64972043,-0.18081285,-1.3018473,-1.6112028,0.38076848,-0.097808495,1.838416,0.45014438,-0.6347762,-0.20415251,0.6660243,-0.06954921,1.0029613,1.4584733,1.4269166,-1.0534625,2.1717448,1.5428109,1.5003963,2.0756848,1.2766834,2.02469,2.2434797,2.717373,2.1559327,1.1246969,2.6278577,-0.1237354,2.500486,1.2496997,1.4382455,1.1621523,1.2683761,0.09422073,1.5165673,1.0737305,0.9354851,0.4130263,1.2457224,1.3044453,0.27523878,0.4357641,1.0247116,-0.30578625,0.07918678,1.0902791,0.42151293,0.37753615,-1.0816952,-1.0852131,-0.41272178,1.7712693,0.12610076,-0.7052934
-1.3153447,-1.0583595,-1.0318565,-1.1660366,-1.1435776,-1.4088196,-1.3255193,-1.5598103,-1.8154085,1.2822096,1.1571678,0.46357352,-1.3374617,-0.3864219,0.5254012,0.008487769,1.8027061,-0.17891,0.30200216,-0.03541127,1.3362306,1.1097593,0.09212977,0.89278257,1.2610492,0.51082885,0.3874729,0.8118491,1.6188271,0.18165658,-0.763561,-0.95295733,-0.8289171,-0.39740875,-0.016150445,-1.82518,-0.88871074,-0.75058407,-0.5492904,-0.64523906,-1.4478096,-0.2610841,0.25291172,-0.519821,-1.0814651,-0.23498622,-0.13635594,-0.88574386,-2.6507506,-2.2687232,-0.80423975,-1.3692963,-0.18746772,-1.1277003,-1.3208894,-1.6822435,-0.18929923,-1.3636922,0.99233276,0.14640531,0.39250952,-0.8979777,0.31006688,1.2663754,1.6189672,1.2868096,0.5422892,1.9865729,1.7206516,1.1901172,1.6735471,0.53291297,1.3172567,0.048625056,0.5610593,-0.32848838,0.27838686,0.721474,-0.13987154,-1.354687,1.2054325,1.0520383,0.5773876,1.741703,1.0396416,1.9449812,-0.4071858,1.1165515,-0.4621617,-0.21057256,-0.30576888,-0.8492566,-0.32440695,-0.74842405,0.032729473,-0.108504705,0.9546224,1.6393245,-1.0569695,-1.0065055
-0.75920445,0.78253675,0.29793105,1.3428413,-1.0492045,-0.88190407,-1.2280389,-0.38309494,-0.38920772,1.791249,1.8192929,2.0943515,0.40229854,0.69078153,-0.26693305,-0.49104387,1.1029923,-1.0954229,-0.47270963,0.21770841,1.0181422,-0.43759003,-0.44959027,1.0790619,2.7924342,0.31342804,-0.5173019,-1.0665818,0.8085864,-0.16577975,-0.5858674,-2.1857166,0.09429895,-0.6155625,-0.23457563,-2.027482,-0.5863383,-2.0520492,-1.2299024,-1.3759279,-0.8676293,-1.3889436,-1.5242424,-2.2003136,-2.5285227,-2.4265587,-1.2324368,-0.9907159,-1.6873802,-2.1987753,0.20582677,0.302634,0.31995168,1.1852281,-1.0946667,-1.2391926,-0.06460288,0.10540916,0.905388,1.6444321,1.5663078,-1.2075343,-0.6504679,0.0028778082,1.1955204,0.116348036,0.023439167,0.36473536,0.50210685,0.3890163,1.3046763,-1.0086023,1.1781564,-1.8871636,1.2476338,1.2754738,0.56465256,-0.5574854,-0.053216495,-1.7927965,0.58710176,0.3971547,0.5828666,0.003647281,-0.53189987,0.6760474,-1.373733,-0.5290145,0.047522478,-0.2353316,0.1956627,1.8433435,-0.70917773,-0.4042043,-1.6568046,-1.3983709,-1.345508,0.72443795,-1.489747,-2.0634494
0.6767533,-1.1734016,-1.3093413,-1.0544513,-2.071109,-2.0089936,-2.0656798,-1.8834938,-1.9768841,-0.08107086,0.3786131,0.48907974,-1.1243025,0.67077196,-0.1243993,-1.1569321,-0.9617948,-1.4638661,-0.18127312,-1.785193,-0.5734079,-0.077756085,-1.393287,-0.28154308,-0.11182455,0.9357283,-0.45195338,-0.701176,-0.52687275,-1.2198173,-1.5013071,-1.0206405,-1.1911179,-0.92187214,0.17852065,-0.71750176,-1.5983492,-1.66823,-1.6137267,-1.9492614,-1.5373254,-0.66050875,-0.38609532,-1.2271504,-0.29075065,-0.659863,-1.2208658,-1.3620646,-0.9285735,-1.6673858,0.44613174,-0.79846495,-0.259652,-0.9495942,-2.2016098,-2.1902392,-1.5001988,-1.2082361,0.15531544,0.08278276,-0.06762897,0.051921755,-0.2343893,-0.26339978,0.34137917,0.95475996,-0.92310715,0.21683952,-0.57289857,-0.6901583,-0.11365935,-0.0434758,-1.0122176,-0.5346937,0.3446681,0.98460716,0.580659,-0.43513075,-0.9213739,-1.4214319,0.20583399,-0.15314245,-0.024550129,0.88055664,0.040010042,-0.23825489,-1.5049202,0.08211731,-0.394969,-0.0271104,-0.4098787,-1.3939011,-0.26855773,2.68733,0.40361065,-0.59838974,-0.384921,-0.20415632,-1.4325204,-2.087667
-0.01836337,0.06915585,-0.8902763,-0.051130105,-1.221367,-1.3044125,-0.7377272,-0.31621346,-0.34189415,-1.6905196,0.15428022,-0.9584165,-1.2110629,0.9457732,0.35597923,-0.79609287,-0.6114704,-1.2367135,-0.8202527,-1.166173,-0.48008016,-1.0554829,-2.071539,-0.80791426,0.24672557,-0.29877576,-1.3757392,-0.056740526,0.4577866,-0.77195734,-1.42439,-1.9906175,0.28760064,-0.54397935,-1.2117261,0.44582593,0.74856335,-0.4947908,0.38759795,-0.50779927,-0.12722006,-0.32539323,-0.12381921,-1.3268186,0.548384,-0.899174,0.6444741,-1.3213954,-2.18259,-0.3714847,-0.09127539,0.19042511,-0.10414789,-0.3122969,-1.1634091,-0.83178127,-0.18768299,-0.7849493,-0.22326547,-0.076600656,0.09556478,0.004845813,0.1474103,0.9591695,0.5462206,0.57791835,0.1533937,0.4487854,-0.80893433,-0.59260637,-0.4518078,-0.26093253,-0.07133655,0.5505548,-0.25553954,0.2744384,-0.5017567,0.88528633,-1.8599527,0.5553201,0.53093654,0.89971405,-0.8087679,-0.7051874,-0.12677918,-0.28789648,0.86430246,-0.96338207,0.71824723,0.40226933,-0.44890568,0.7257591,0.6421874,-1.0970961,-0.09182048,-0.8812789,-0.73234147,-0.8925441,-2.0075438,-0.27402133
0.8611969,-0.6055255,-0.86554116,-0.09708201,-1.276903,-1.9231501,-1.110467,-1.1522111,-1.6041576,-0.11628546,-0.12007561,-0.19000086,0.017645001,0.8750519,-0.29341528,0.5390223,-0.58460104,-0.6603806,-0.4829331,-1.2080686,-1.0552669,0.11523839,-0.9209854,-1.1380223,1.4219818,0.26724887,1.042486,-0.25163054,-0.64616996,-2.491482,0.43093324,-1.0542413,-0.24228483,0.611934,1.1269317,-0.35967958,0.7443777,-0.19868222,-0.36912864,-0.41877002,-0.07617019,-0.5012826,1.080883,-0.33864346,1.0832309,-0.092020005,-0.40750715,0.43980908,-0.74865246,0.28846392,0.28829682,-0.44583744,0.2375578,0.66177005,-1.0499734,-1.5786402,-0.54333466,-0.1804743,0.04028633,0.1873021,-0.06027863,0.05393944,-1.757487,-0.72690076,0.46505487,0.06477224,0.68654954,0.24577826,0.16150957,-0.21943174,-0.9180502,0.6541141,-0.6868078,-0.070815034,0.3424321,-0.37356892,-0.7237295,-0.31423652,-0.4867857,0.1716881,0.350323,0.3063891,-0.28953913,0.8502336,0.6195774,-0.9252851,0.3385212,0.61521995,0.5650704,-0.108166955,-0.14227717,-1.0664824,0.14435181,0.068235986,0.45490754,-0.39378494,-0.50273603,0.20036621,-0.2662467,0.4750444
0.7863588,0.64028466,0.19652314,0.30730093,-0.55338943,-0.75255847,-0.26368907,-0.01421352,0.35706523,-0.13735582,0.17969877,-0.08496198,0.06419838,1.5045414,-0.7433987,-0.100320086,-0.2523525,-0.4819641,0.1660145,0.3881779,-0.7378421,-1.5449859,-0.24408296,0.08180384,-0.053637005,-2.0690806,-0.68409705,-1.6599278,-0.08367719,-0.16189696,0.086271204,0.05553332,-0.23920693,0.68508804,0.2128253,0.42054135,0.17705783,0.66380095,0.1832653,0.16633318,0.43245426,-1.2105486,0.29341164,0.22053668,-0.31188706,-0.3967708,-0.048940297,0.035662793,0.7212564,0.6822947,-1.1213473,0.57274723,0.1032111,0.6464073,-1.1418737,-0.09597834,-0.21616173,0.4918138,-0.17023918,0.34146446,0.0369314,0.1587478,1.1663699,0.2101022,0.35040137,-0.35632974,-0.56383497,-0.50674707,-0.58439296,-0.5200553,-0.9280027,-0.21067682,-0.5897139,0.0952653,-0.73493195,-0.005806534,-0.5823139,-0.4503583,0.23571545,-0.7999076,0.20912108,-0.63055813,-0.79812026,-0.980226,-1.151293,-0.08320522,1.1774276,-0.45116124,0.2917105,-0.29766786,-0.9333243,0.62353814,0.17220324,-1.0404547,-0.4280204,-0.15985441,-0.97423273,0.5032864,0.52497935,0.19970173
-1.0707425,-0.29816952,-0.56172097,-0.24054678,-1.1664081,-1.3358799,-0.3489673,-0.39687237,-0.26927483,-1.1871793,0.37341878,0.27003384,-0.5693147,1.2657427,-0.99328864,0.082437284,-0.15621799,-0.6369986,-0.7518005,-0.725618,-0.30201778,-0.085009456,-0.8262855,-0.50772065,0.7868999,-0.72973007,0.68715876,-0.3196368,-0.15702017,0.73664325,-0.31873384,0.023048084,-0.91103774,-0.3594947,0.34590995,-0.5209083,0.4137266,0.42970967,0.98539776,1.5229603,0.07415033,1.2041616,0.99520785,0.5880905,-1.0056742,0.61533207,-0.73252773,0.13149662,0.27132022,0.322414,0.12115376,-0.0056696474,-0.90841407,0.6626496,-1.0920681,-1.6092784,-0.14040141,-0.39005762,0.08775671,1.1192677,-0.08925829,1.2540878,-0.24047768,-0.5332891,-0.3338418,0.03967889,-0.30768907,-1.1898766,-1.0453767,-0.82511246,-0.42392766,-1.2919177,-0.6172708,0.7470866,-0.58274543,0.33794376,-0.75943255,0.44866598,-0.8951218,0.4061983,-1.4756079,-0.55747694,-1.1578361,-1.8353734,0.33853078,-1.551112,-0.43288466,-0.26844084,-0.22589235,-0.8198195,-0.16535637,0.9935579,0.43879798,-0.7633519,0.9920669,0.78043216,0.04545394,-1.7377629,-0.516159,0.6855588
-1.2614931,-0.06279017,-0.88865334,0.6655275,-0.6351207,-0.8733904,-0.737355,-0.8096064,-0.28343308,0.060969993,0.25689524,0.8165735,-0.6105534,0.49869218,-0.03775847,-0.65328485,-0.21625364,-0.97909826,-0.42578116,0.08433577,-0.5665618,-0.23310746,-0.37556437,-0.7210733,0.18078953,1.6545782,-0.21926115,-0.18032256,-1.1724236,0.9298644,-0.91029626,-0.75640815,0.77478456,-0.92094785,-0.3960806,-0.9580408,0.3187864,2.0599728,1.286977,0.62838054,0.50069535,1.9025342,1.239253,0.51303315,0.66207397,1.0319908,-0.19535077,-0.2619431,-0.19217287,0.8724067,-1.3717333,0.54752487,-0.54200655,0.93448895,-0.3241629,-0.6887809,-0.14439704,-0.006711823,0.4651014,0.8188383,0.16838056,-1.695474,-0.14081798,1.5102476,0.091300085,0.8575577,-1.7562884,0.10016529,-1.4766743,-1.110988,-0.4122394,-1.1057239,-0.52529377,0.1614905,-0.47243217,-0.31057733,-0.3560581,0.13269758,-1.9391365,0.6356749,-1.2970815,-1.4205285,-1.377724,-2.1967096,-0.6147662,-1.5439523,-0.2663497,-0.94096226,-0.7926831,0.10811933,-0.8923471,-0.063417986,1.0442151,0.20941342,0.7071026,0.30477983,-0.34327558,-1.6538146,-0.8972423,0.09516121
0.8535283,-1.0974365,-1.1241854,-0.11029998,-0.2437047,-0.5485861,0.25987586,-0.5141437,-0.46308205,-0.8125219,-0.26507413,-0.9435292,0.6456287,-0.039773773,-0.038589038,0.28004602,-0.666137,-0.41539416,-0.89460367,0.13598305,-0.87854534,-0.17913513,-0.3659775,-0.804076,0.6153881,0.22361362,0.5480272,0.6885988,-0.6042468,0.0649813,-0.57890683,0.23765495,0.6098291,0.09278248,0.69397104,1.5533853,0.88521844,2.7152643,2.723062,1.9718125,0.75420034,1.4254155,1.0955942,0.9655396,0.40675128,1.8450687,1.2539515,1.2337588,0.23837471,1.57125,0.47916734,-0.5751243,-0.35117403,-0.16837947,-0.36540848,-0.80030406,-1.3849303,-0.5795919,1.0100422,0.57916236,0.23713118,-0.24327776,-0.26946127,1.0150969,0.3122045,-0.087236345,0.5770207,-0.07108912,-0.4344895,-0.6971134,-0.74610656,0.34062052,-0.86133575,1.8673261,-0.0066943346,0.18561718,0.6947934,0.41401225,-1.6724538,0.47369215,0.36900395,-0.2000795,-0.18126087,-0.41527182,0.84616977,-0.91414297,1.8510491,0.83505577,1.1314334,1.8344631,-0.45120707,0.54979235,2.1151044,1.8896167,1.6154475,0.8800866,0.5970059,-1.2252598,-0.6522923,1.4306743
-0.9514961,-1.467758,-0.8150487,-1.0499389,-0.94031686,-0.38292542,-1.075084,-1.04569,-0.9555257,-0.020616628,-0.8211621,-0.29962072,-0.24409819,-0.31278685,-1.3886029,0.06544938,-0.6861242,-0.6142038,-1.709564,-0.55235976,-1.0093368,-0.022213861,-0.16561247,-1.1166998,-0.13293171,-1.4149815,-0.5364732,0.071317375,-0.9265269,0.52111614,0.17619556,0.15939157,0.12247955,-0.5973412,0.10249506,1.1051809,1.2548621,0.82032233,1.1910694,0.9925753,1.0608568,0.3662476,0.92657447,1.1952131,0.24263564,1.4180278,0.063363634,2.1116316,0.26719067,1.9978389,-0.7545393,-1.7566379,-1.1435162,-1.7286072,-0.9677918,-0.9261032,-1.9119623,-1.3536737,0.24675171,0.37521315,0.19190298,1.4069766,-0.4111686,0.86591107,-1.739168,0.19500734,-0.9443037,-0.92820585,-1.0114728,-1.0649415,-1.4187996,-0.4618505,-0.9544614,-0.25122997,-0.44308272,0.15003017,-1.2392664,-1.2578847,0.65807635,-0.0874024,0.06313905,0.52325326,0.18512054,-0.19177806,-0.72776634,-0.1642342,1.4275204,-0.31449193,0.124655694,0.1938755,1.0288588,1.5298727,-0.4485168,-0.2316246,1.4231145,0.37301952,0.6346536,0.34059542,-0.30243656,0.9475297
-1.0605924,-1.3467493,-1.1727475,-1.0363493,-1.1872756,-0.7691922,-0.47741395,-0.64975154,-0.4548705,0.09681348,-0.09442447,-0.7856185,0.071450174,-0.15989253,0.4065188,-0.062406152,-1.2408631,-0.88772124,-1.4234879,-0.35950276,-0.6062356,0.0071644853,-0.8474472,-0.28539774,-0.20341077,-2.0573492,-1.0273552,0.27143618,-0.6364215,-0.43903527,-0.29818168,0.2717803,0.7102731,-0.45049402,0.13738257,1.4912425,1.3695408,0.63682604,1.4356973,1.8548843,1.8424337,0.12488204,1.4764477,1.2325064,1.2415655,2.1007502,1.4986016,1.2340678,0.8898849,1.9547069,-0.30515835,-1.7360848,-2.0198088,-1.7823094,-0.86690223,-0.9963942,-1.6503795,-0.27451912,0.61173433,0.38742515,-0.50001633,0.31637272,0.19393565,0.405324,-1.8643118,0.9220659,0.13077766,-1.0796899,-1.2940851,-1.4491104,-0.96414375,-0.33419988,-2.1501665,0.3528623,-0.4821477,-1.3017478,-0.012952585,-1.1396667,-0.025148155,-0.57804304,-0.18402429,0.5834716,0.85023487,0.7095744,-1.0040014,1.1208466,1.5043391,0.6928788,1.5841007,0.48845413,0.6768533,1.4681864,0.039211076,1.1593273,2.2480204,1.13242,1.9803244,1.0053129,-0.45749605,2.1094928
0.27923188,-1.191972,-1.1982507,-0.11348468,-0.9035651,-0.8958692,-1.067355,-1.2961502,-0.87536824,0.29102165,-0.17191797,-0.25399128,1.0428956,1.4139444,-1.6122572,-0.77007496,-1.279891,-1.1674639,-0.39961585,-0.54551864,-0.9907212,-1.2115011,-1.3072387,-1.2572254,-1.4155225,-1.4227521,-1.048026,-0.49770978,-1.6322453,-0.7504006,-0.81065834,0.63710415,1.156862,-0.8628192,-1.2781775,-0.5879496,1.650283,2.442399,1.1150173,2.4269967,2.2878742,-0.22077443,1.2890489,1.8185229,1.0106814,2.2279887,0.74930954,1.4736674,1.5715762,2.0990298,0.11061947,-1.2901592,-2.1241286,-0.68286747,-0.93542707,-0.6932631,-2.346294,-1.0821606,-0.43959317,-0.84982985,-0.7079984,0.63577765,-1.1543317,-0.049329627,-0.27910465,-0.6264633,-0.2894572,-0.26809084,-1.0286558,-1.8905483,-1.8566736,-1.0042356,-1.8594103,0.083230436,-1.0319729,-1.873147,-1.5750501,-1.6905261,-1.356826,-0.118258834,-1.1500196,2.0023067,1.5277961,0.23617959,-0.91011715,0.13629587,1.386929,0.8605921,0.16563614,1.0184112,2.5713937,0.02949473,-0.085763015,2.5268457,0.84925693,1.7907362,1.4206167,-0.080297984,-0.2775529,2.8628247
-1.7597764,-0.23029582,-1.2137345,0.48262662,-0.000624544,-0.84008056,-0.19105004,-0.4371424,-0.09533227,-0.81554,-0.89052635,-0.94286996,0.7828224,0.20104843,0.74416834,-0.5216477,-1.5478884,-0.41433772,-0.7686375,-0.027157232,-1.3461696,-1.3693646,-0.5219389,-1.1466693,-1.3197838,-1.7817605,-0.9841728,-0.48435995,-1.0325425,-0.5149165,-0.5718404,0.04209823,1.1205022,-0.39941314,-0.14514023,1.1033553,0.6734806,0.7595902,0.908887,1.1097994,1.6516834,-0.29654306,0.8072113,1.0787516,2.024795,1.583019,1.1889076,0.54554754,-0.7408597,2.4370136,-2.0201848,-0.74597865,-0.5356858,0.5518074,-0.26212534,-0.68907464,-0.69853824,-0.20554036,-0.6929483,-1.2757909,-0.33001348,-0.5848592,-0.84721595,0.2979683,-0.66563696,0.4925938,-0.4687786,-1.153391,-0.9625575,-0.8879999,-1.0693762,-0.9371947,-1.252821,-0.15455306,-1.5647024,-1.6929986,-1.3339564,-0.35656735,0.12662356,-1.2959338,-1.0631564,0.90377283,0.8453286,-0.7092696,-1.2205505,-0.76699305,0.78183645,-0.3579592,1.8581396,1.2659911,1.2879555,-1.2294848,0.20878807,0.8594294,1.0230328,1.429778,0.78790843,0.4970322,-0.19040284,1.443666
0.9661634,1.0883981,0.723693,1.0135602,-0.30326244,-0.8102469,1.1642172,0.5564819,0.12429801,-1.2547737,-0.1369597,0.63257104,-1.5652019,-0.8324894,0.34603515,0.19938149,-0.6899662,0.16971733,0.16368593,0.50855196,-1.095992,0.10622822,0.15394367,0.7971496,-0.07647162,0.9455352,-0.13393083,-0.95792454,-0.07479068,-0.5781913,0.25059888,0.00054599217,-0.5352292,0.2420665,0.29862878,-0.015113207,-0.26004264,-0.36296025,-0.71528167,-0.56517494,-0.01546018,-0.699601,0.3558216,-0.27199078,1.3819956,-0.31712252,-0.59785837,-0.13782853,-0.44353423,-0.478753,0.02733019,1.6644707,1.8967487,0.44761404,-0.38145858,-0.6105274,1.402687,0.36218902,-1.2892723,-0.97691655,0.11242373,-1.1296436,-0.036570452,0.098086394,-0.44159248,-0.32413748,-0.34483185,0.46109295,1.0769486,0.81371504,0.26970536,0.6926135,-0.45089042,-0.9530251,0.13089153,-0.6492719,0.2677048,-0.3410415,0.37954074,0.13205694,-0.07909385,-0.6932324,-0.3724851,-0.35782257,0.07565657,-0.17315125,-0.09447533,-0.34852847,-0.17514841,-0.4988506,-0.18162565,0.35729384,0.0012306574,-1.2764565,-0.53597677,-0.13066414,-0.81976527,0.7269187,-0.42180437,-0.79242676
1.2213194,-0.5390357,-0.43697762,-1.2580645,-0.813914,-0.48330006,0.14004703,-0.17936851,-1.3520715,-0.76740795,0.52409625,0.2166713,-0.1962108,-0.68129826,-0.19119492,1.5549428,-0.25429943,0.52515185,0.0292001,0.40471667,-0.36751008,1.1885066,0.70025843,-0.38935488,-0.1514105,0.45070276,0.12642075,-0.5525747,-0.051497243,-0.031425998,-0.79030466,-0.4329914,1.1226832,0.8139187,1.0399305,-0.46801695,-0.20365681,-0.5307574,0.29279134,-1.1619921,-0.54684424,0.1331498,0.799854,-1.0453165,0.29744688,-0.5630573,0.56719327,-0.25009966,-0.5872083,-0.67373914,1.1096224,0.014410969,0.60866904,-1.5582385,-0.5488841,-0.93344855,0.94094175,-1.4751863,-1.0537149,-0.14505932,-0.26777467,0.7629977,-0.5461077,-0.1777359,-0.23219359,-0.691991,-1.6735678,-0.570459,1.0033841,0.4553942,-0.56687796,0.31568566,0.005118459,-1.6124572,-0.32536125,-0.43645012,-1.7024127,0.08821664,-1.4772097,0.6984167,-0.123230524,-0.53572965,-0.87528616,0.08087529,-0.07329812,-0.6044032,-1.2971404,-0.7001574,-1.9614238,-2.093327,-1.8908408,-0.75509304,-2.0207524,-1.5426459,-0.62266016,-1.4247926,-1.1514776,-0.73678005,-1.4199979,-1.5480871
-0.3350307,-0.8482943,0.09866557,-0.82045114,-0.4435126,-0.2795813,0.7519496,0.34451216,-0.19912678,-0.9053099,-0.8273714,-1.4246554,-0.11277006,0.360521,-1.1693403,1.2552896,-1.0663201,0.4523691,-0.06408034,-0.6732359,-0.3898159,0.48741373,0.3342309,-0.071930036,-0.8674185,1.3034586,-0.06022799,-0.18812561,-0.6362923,-0.9536009,1.1710818,0.70546347,1.8310634,0.7306652,0.8903986,-0.28991953,0.12025659,-0.6391684,-0.34998184,-0.5942271,0.6398471,-0.34901172,0.7514178,-0.79140097,-0.030064583,0.010988269,1.2443602,1.6072688,0.19449484,0.016208882,1.2620323,-1.1403027,0.49505782,-1.2683419,-0.1595313,-0.47548252,-0.54366535,-0.8308629,-1.5307807,-1.2291671,-1.0102131,-0.24583508,-0.0026204756,0.3712311,-0.2206164,-1.8655928,-1.2228578,-1.2104515,-0.8886387,-0.90262675,-0.89245594,-0.68938303,-0.38419184,-2.111469,-1.1518011,-0.5297233,-0.9488371,-0.22588466,-0.31803408,-0.22310938,-1.2320101,-0.36542034,-1.3694264,-0.35194415,-0.70089567,-1.7903081,-0.88836205,-1.6323051,-2.1019378,-2.0961325,-0.46724677,-0.4712985,-1.7336922,-0.3540026,-0.89492154,-1.5486116,-1.6234287,-0.68019736,-0.6336362,-0.30176857
0.659647,-0.44392672,-0.60643953,0.46117866,-0.20940632,-0.94098395,-0.22554742,-0.13254341,-0.2376929,0.15816364,0.96801245,0.016034303,-0.8882678,-0.87647474,0.74304223,1.0218511,-0.87540674,-0.001950312,0.35658076,-0.9255466,-0.31441587,1.0350628,-0.14461401,-0.4957888,0.061030753,1.0774618,0.87445456,0.047702283,-0.17018339,0.6104105,1.9191409,1.1617244,-0.06494138,0.39535686,1.6097443,-0.086785376,1.1209735,0.57967085,0.5645578,-0.3292451,-0.0010155434,2.0169604,1.4106847,0.90205145,1.5180671,1.0464838,1.2348472,1.1736876,0.55826294,0.5974222,0.4129664,-0.30296338,0.49174914,0.55495656,-0.9786533,-0.9390239,-0.26230583,-0.44691756,-0.18490559,-0.7554622,0.5641474,0.8586223,0.30219576,0.5887439,-0.06316694,0.8910819,-1.019871,-0.008133557,-0.12830201,-0.9379544,-0.88631153,-0.13210726,-0.1328628,-0.3029656,-0.8528192,0.8584245,-0.6145523,-0.33903688,0.5423397,0.7903383,-0.7315536,-1.4988886,-1.9381114,-0.35919604,-0.20068683,-2.0884142,-0.12374967,-1.1970642,-0.8651878,-1.1133127,-1.0448898,-0.53561896,-0.14213388,0.007673045,0.037322633,0.039593037,-1.0538025,-0.90683013,-1.0816758,-0.6374259
0.1147105,0.8409444,-0.36414862,1.2181773,0.9411491,-0.51481533,-0.3349513,0.15270777,0.19902511,-0.11115387,-0.30458257,0.47403544,-0.880205,-1.6033103,-1.9121342,0.095759615,0.21875727,0.5714958,0.7032674,1.0778742,0.6756034,0.60118645,1.4087718,0.55905545,0.33464715,1.449167,0.5200344,0.5983475,-0.60429716,-0.46109504,-0.19090448,-0.10502331,-0.20473543,0.8308669,0.56657684,1.4356254,-0.2599904,-0.7237702,-0.27103516,0.46816662,0.100003734,0.87597585,0.2852473,-0.035463464,0.5820873,-0.6521875,0.18730408,0.76348436,0.29899988,0.33735964,-0.92126006,0.70819104,0.2071007,1.429483,-0.07215762,-0.16533664,0.5936655,-0.10973958,0.09510549,0.12753105,0.15103465,-1.3948729,-1.034974,-1.0779369,0.13672142,-1.0921822,0.36933076,0.21094534,0.31682688,0.9724337,0.30022404,0.14560378,0.13147505,-0.14104839,0.35187203,-0.02233256,-0.14919941,-0.15531102,-0.68616116,-0.97388256,0.9758806,-0.45777792,-0.103830956,-0.0066933595,-0.24462624,-0.17290586,0.38777503,-0.2484812,0.49827707,-0.47445473,-0.7349982,-1.0461493,-0.840201,-1.330461,-0.6268052,-0.34914866,-1.3219887,0.18267408,1.0176572,0.028764881
-0.47531712,-0.4676857,-1.1076769,-0.5841899,0.033583,-0.72741026,-0.37170085,-0.73807967,-0.20356983,-1.6795214,-1.8165234,-0.22442164,-2.87343,-1.4895074,-1.51403,-0.7629473,-0.4729263,0.23827733,-1.4292909,1.0880789,0.1755687,-1.3998625,-0.9615117,-0.5250301,-1.2035546,-2.0377054,-0.9991211,-1.1585943,-0.14116937,-1.7519575,-0.48845473,-1.5183126,-1.2992764,-0.5218431,-1.8037195,1.0038152,-0.919384,-1.0597246,-2.242961,-1.3343477,-0.8156033,-1.2135227,-2.0395463,-1.2174753,-0.7499211,-1.7957491,-1.3199666,-0.8930532,0.038831588,-0.38099882,-0.09241452,-0.90572596,-1.7858545,-0.4496862,-0.39347365,-0.7792118,-0.30822894,-0.86795545,-0.33910125,0.2225459,-0.0299282,-1.455353,-1.5222998,-3.2645533,-3.1578982,-1.7624762,0.17562878,-0.90022635,0.12778433,0.63798416,0.27459103,-0.039314896,-0.3511902,-0.32519713,0.65292346,-0.69929457,0.4256582,-1.222443,-0.23563322,-0.9628143,-0.17531922,-0.44798815,-1.5745867,0.0072252857,-0.6044958,-0.8656895,-0.061656374,-1.032694,0.46420425,-0.35871458,-1.7019144,-0.5428995,-1.2123386,-0.9020757,-0.8402999,-0.891848,-1.1363304,-0.11822923,0.7786484,-0.65379864
-0.06986005,1.190807,1.5373275,0.3171408,1.6612831,1.3497114,-0.74825066,1.251687,1.1759247,0.5021028,-0.15332606,2.205518,-1.7000977,-2.0842419,-0.87717783,-1.2082467,1.1624044,-0.09591878,-0.44349012,0.66586536,0.22796327,-1.2755942,-0.23422793,0.69802564,0.87147546,0.6679778,-0.3692751,-1.0877868,0.9949278,-1.1143755,-1.9045292,0.43633682,-1.5167402,-0.18420158,-1.8889306,0.30412138,-0.43399757,-0.91959304,-1.634257,-0.7216288,-1.0712047,-0.5467766,-2.015614,-2.2933676,-2.1759253,-2.0685415,-1.6189775,-1.563359,-1.3526285,-1.1543121,-0.8117435,1.3752202,-1.4079255,0.96559584,1.3884434,1.1693044,1.040569,1.7145454,0.23659588,1.1689678,1.169507,-1.708982,-0.25026438,-2.091507,-0.6446774,-1.9520688,-1.8217938,-0.3757945,0.58421534,0.33243796,0.5853317,0.8345306,0.13611795,-0.70263886,1.0954893,2.0486047,0.5496121,0.75537527,-1.2065467,0.13705194,0.9323483,-0.24049407,0.10339986,-0.59526163,0.532082,-0.76166654,-0.30531988,-0.01278942,-0.12266832,-1.2237406,-0.7024221,-0.18021263,0.50758284,-0.4493992,-0.3291323,-1.8751255,-1.0097176,0.030908896,-0.12309465,-1.0420442
-1.9138672,2.3464909,2.5023675,1.7940745,4.139507,3.7282462,-0.71153307,1.5246416,2.3855329,2.3086193,0.060654633,3.041266,-0.5716659,-0.7310743,0.8471338,-0.29581305,2.2173717,0.099648505,2.0211,-0.13653357,1.5455586,0.2203641,-0.35418862,1.5704247,1.8845578,1.7227727,0.77048296,1.1824293,1.2450812,0.16038333,-1.8183502,-0.43433037,-0.7776729,-0.39325416,-0.7986659,-0.72351164,-1.4760365,-0.49917507,-1.0242068,-1.5666972,-2.1101656,0.4404625,-1.062755,-1.5226575,-0.34569144,-1.0831355,-1.172693,-0.77336615,-1.3407404,-1.7789834,0.09462046,2.98312,1.4725088,2.3107133,4.09578,3.5686202,2.7189054,3.3976982,2.1524467,2.0061426,2.227621,-1.8646604,-1.1273388,-1.1130018,0.8068126,0.49814808,-0.03475415,2.144466,2.2783248,0.30083662,2.2864497,1.6560613,1.982256,0.7570703,2.4261718,2.2171755,1.3562735,1.5700737,-0.55587447,-0.8004001,1.8777505,-0.9455792,0.41902333,1.3444989,0.20155595,-0.1949008,-0.14184678,0.27211455,-0.000616317,-1.0734737,-0.30800787,0.21773028,1.321544,1.2386287,-0.3363605,-0.75943005,-0.53842616,-0.17986073,0.76821685,-1.0924805
-0.55561405,3.0021043,2.6274416,3.0805535,4.309766,3.3822951,-1.3255109,2.030794,1.9117235,0.23833372,0.1979366,1.0574957,-0.50358623,-1.019249,-0.57257956,-1.3613027,1.0809541,0.023419572,1.2108996,-0.28671202,0.87575495,-0.4071182,-1.6934314,-0.36906323,1.0190903,-0.49608308,0.60607654,0.20738943,-0.05365261,-0.95302284,-2.7030234,-1.9797738,-2.1528506,-0.45299274,-1.1601936,-1.0344429,-1.8956548,-1.4355655,-1.2404039,-2.311326,-2.3575778,-0.314841,-1.4832779,-0.996304,-1.1440911,-1.1887448,-1.7975813,-2.1389828,-0.9239573,-2.1710303,0.93483484,3.0334995,0.32541364,3.9619448,4.2139053,2.5551353,2.846636,3.1759171,1.2580005,0.22323053,1.094037,-1.443306,-0.59671557,-1.1491203,1.1082022,0.13989261,-0.69937783,0.63496363,1.3118657,1.1278663,1.1562734,0.33380756,0.93159837,-0.34140536,2.002031,1.1953113,0.069723904,0.49191096,-1.8264638,-1.9448123,1.7181594,0.2833569,1.019269,1.1845683,1.6813344,4.1232888e-05,-0.17416532,0.9302823,-0.39143366,-1.6379702,-0.23825632,-1.0773396,0.3979381,0.76887196,-0.7370958,-0.70993984,0.54958636,0.6585026,0.018272098,-0.83134145
-0.09959614,1.0972655,2.001357,0.9768893,2.9299562,2.9881246,-0.5389505,0.7118006,1.5931958,0.07573013,0.15298653,-0.42456836,-0.043382995,0.042570636,0.2989363,0.3000739,-1.1243416,0.084871516,-0.6170417,0.6220174,0.26841718,-0.5578989,-0.9194253,0.067836165,0.9719824,-1.6468178,0.45222956,-0.49230993,0.89686215,-0.45891884,-2.2108023,-1.4551504,0.0655351,-0.38411182,-0.61439055,0.45145342,-0.41137624,0.08687626,-1.1204784,0.051543947,-0.2706339,-0.6162663,-0.25418553,-0.1005029,-1.1660767,0.05842671,-0.9082994,-0.18933149,1.9300947,0.63433945,0.9442336,1.7459646,-0.83867323,1.5624789,3.0387266,2.2925546,1.906762,2.1312065,-0.16101333,0.7305569,0.77657914,0.71806073,-0.036521282,0.30175972,0.03072502,0.8860772,0.8758271,-0.33628455,0.10170481,0.41355816,1.3421515,0.09101357,-0.052452333,0.23863967,0.73851895,-0.4868821,1.0772945,-0.6646031,-1.4235201,-0.46041474,0.6088462,-0.47931376,0.9215114,-0.08071378,0.5341375,0.18201102,-0.08402188,-0.817349,-0.2508434,1.3559496,-0.37455434,-0.011863697,0.7915664,-1.1377252,0.9648213,-0.38799083,0.47900364,0.8006527,1.744088,0.37063444
0.8229307,0.055766575,1.2546852,0.056110274,1.5876684,2.5597537,0.16042712,0.7882278,1.3180728,0.2676001,0.1886037,-0.024358144,0.6647371,-0.4712836,-0.7762451,-0.5214709,-0.13597739,-0.6042877,-0.64847136,0.2648826,-1.3575993,-0.8680943,-0.8545237,-0.743474,-0.006421778,-1.0725735,0.5059083,0.47170317,-0.59511834,-0.8674035,-0.7105242,0.39540532,-0.894717,-0.1325014,-0.33861277,0.47314802,0.02955731,0.47018224,0.5602097,1.8430841,0.23609944,1.0329176,-0.33867437,0.5209059,-1.3490365,0.96412617,-0.5822228,-0.16067728,2.058924,1.1853558,1.6367965,0.78711206,-0.5722961,0.41839287,1.7887756,2.2494552,0.7992049,1.5530995,0.13643873,0.36005694,-0.027254352,-0.40025955,-0.40391257,-0.64963794,-0.92952955,-0.12447248,0.35836038,-0.40024742,-1.076313,-1.1542643,-0.6190816,0.75974125,-0.8077312,1.3062038,-0.8578506,-0.2458175,0.36385244,-0.4890851,-1.2945449,-0.6892195,-0.31760898,-0.43778926,-0.37282372,-0.0069981855,-0.12677518,-1.3271394,0.38746795,0.9171492,0.13278535,0.9892928,0.9993106,1.3848413,1.8205179,0.8405186,-0.08971496,0.92826897,0.7809438,-0.5908334,1.6439698,0.9827451
0.36205462,1.0425714,2.153117,0.6196767,1.789331,2.4544475,-0.12213636,1.5084474,2.2295814,-0.46141252,-0.4785151,-0.9819865,-0.10982856,-0.33941975,-0.51055664,-0.030034726,-1.5126989,-0.32032052,-0.7867477,-0.33087063,-0.9019514,-0.62373745,-1.0442865,-1.070967,0.35480538,-0.6460184,-0.23042873,-0.29935628,-0.82994497,-0.779465,-1.9186109,-0.5643605,0.36696273,-0.31198186,-0.46940657,1.6067849,1.4228997,0.4381614,0.34658316,0.74733794,-0.20531052,-0.55787927,0.018267332,0.3342591,-0.8562493,0.51559937,0.008152247,0.1824049,0.84683543,0.9423594,0.33394545,2.0723658,0.734268,0.5910762,2.257206,3.252258,2.1653068,2.0932097,-0.059918653,-0.2698497,0.42977944,0.89576244,0.4503924,0.34868264,0.35400298,-0.44446048,0.052045908,-0.021385627,-0.2682861,-0.7538081,-0.5198943,0.07475793,-0.021054199,1.6169674,-0.038379543,0.69314635,0.74684423,0.110205784,-1.7064502,-1.3327707,0.22335035,0.029727148,0.12225865,-0.3734165,0.42589903,-0.52910143,1.73223,0.64375466,0.5782246,0.44503254,-0.28821537,0.2565622,0.3210402,0.66859007,0.072324984,0.25453183,0.4661539,-1.238172,1.9236583,0.45713103
0.0038858312,0.2963227,0.9822195,0.38035527,2.0411959,1.7124542,-0.46080974,0.19535212,1.340599,-0.35768417,0.46087876,-1.0631768,1.2933367,0.0809621,0.4736643,0.7538603,-0.9116157,-1.0275886,-0.41069236,-0.7814406,-0.43143326,0.8583951,-0.24345158,-0.56284785,0.36585107,-0.8542842,0.23247096,0.8647402,-0.9519805,-0.65341085,-1.0967207,0.25399736,1.1001419,1.1414607,1.9309802,1.2019584,1.9918691,0.51857996,1.0953228,1.0542487,1.455795,0.8487548,1.8920226,1.5076518,1.0253351,1.9870925,1.735018,1.6046566,1.3253143,2.1523027,-0.6577976,0.61164886,0.39046523,0.8416556,2.1217933,1.561571,0.5437634,1.7769938,0.38881013,-0.07806226,-0.09983864,1.7583786,-0.061829645,1.7517654,0.18234219,1.8419882,0.056311384,0.6241085,-0.8152801,-1.0986674,-1.2905798,-0.071026094,-0.4408579,0.86610514,-0.36418086,0.6780195,0.8871791,-0.38595164,-1.7371364,-0.37371132,0.6540618,0.7998972,1.0881652,0.84632474,-0.21025199,0.7798768,2.1613169,0.91888285,0.30087614,1.0349684,0.91443783,-0.30699602,-0.08676336,0.9560725,0.7745283,0.6534228,1.6490096,-0.7742898,0.82277304,0.4522138
0.09015731,-0.24610807,0.069624715,-0.10987739,1.4257768,1.2678505,-0.20341724,0.32289207,0.6696109,-0.2730972,0.50958216,-0.6257379,0.76461506,-0.2993046,-0.032855213,-0.31556293,-0.9750562,-0.4603711,-0.44641152,-1.2137544,-0.65902865,-0.59810007,-0.75255424,-0.771604,-0.67309886,-0.5934317,-0.36813554,1.4465222,-0.9964546,-0.61406803,-0.39437628,-0.15206505,0.44379392,-0.49105027,-0.16376825,0.9396782,0.26278695,1.1452127,1.2287166,0.7040252,0.42028588,-0.28309125,0.040222846,1.3318118,0.07914498,1.0368494,-0.45320946,1.1688856,1.3880125,0.68158805,0.8287606,-0.2913433,-1.5076706,-0.615986,1.236068,1.4353491,0.0759742,0.92104656,0.4864907,0.33748302,0.19047967,1.6215625,1.1894422,0.46063203,0.10816545,0.2424618,0.5066656,-0.50961757,-1.2452646,-0.7847811,-0.83374757,0.024986066,-1.4060471,1.2500813,-0.562043,-0.08920759,0.10659023,-0.88454866,-1.243904,-0.8905873,-0.48402917,-0.07645004,0.8885203,0.13433874,-0.37577277,-0.7109178,1.0193092,0.5139509,0.37040043,0.7078295,0.51335573,0.52096725,0.9224294,-0.029267106,0.30939952,0.85819846,1.008052,-0.70592654,1.4459283,0.8175353
-0.64128006,3.158612,2.8450003,2.6026256,3.308709,2.793149,1.8503909,2.9391577,3.24953,1.0705485,1.1213701,2.4727702,0.29251567,1.5120431,2.6489456,0.055862173,1.5482717,0.90974545,1.8899949,-0.14782557,2.329263,0.020118564,0.35395208,0.74788713,1.9726454,1.1844243,0.38920632,2.6675332,1.2012411,1.3478874,-1.7741865,-0.5869974,0.7842802,0.73046297,-0.75112045,1.2440015,-0.08988614,0.46974653,0.040958956,0.40142763,0.25514022,0.14436466,-0.30210498,-0.3295705,-0.28240457,0.36982366,0.014855809,-0.10866909,-0.19493178,0.16184904,1.7338814,2.5432754,0.99894416,2.1405804,2.649127,2.635958,2.6919417,3.3154147,1.7346461,1.8290254,1.7914915,1.3804169,1.4597304,0.56587887,1.9186022,2.199371,0.29060608,2.1794627,1.1872432,0.9524308,1.428034,1.7486745,1.4593681,1.1382691,2.0114546,1.7371472,1.7769842,1.6366806,-1.2460417,-1.540003,1.3888646,0.3972098,1.6483041,0.31645572,0.21924101,1.210346,0.079598784,0.5136162,0.98802733,0.7442256,1.0741514,1.2866024,1.400544,0.5196682,0.77371,-0.550175,0.68843144,-0.6957001,1.3289462,0.39859757
-1.1557648,0.18461452,-0.3124741,0.41561508,-0.91999227,-0.29752514,-0.94349706,-0.7747242,-0.5256076,0.31804025,0.057226352,1.4162059,-2.3694007,-0.315877,0.13074803,-0.15002307,1.8156358,0.403242,0.99016726,-0.024189053,1.8717642,0.61842847,0.010840504,0.2000911,1.3719306,-0.12591688,-0.5098175,-0.23890005,0.95232344,-1.2681843,-1.6878338,-2.1811006,-1.5736722,-0.13750854,-1.2766312,-1.1234971,-0.96597475,-2.541508,-2.8158183,-3.0267978,-1.6806682,-2.059559,-2.4860718,-1.7448708,-2.1883173,-2.0285707,-2.2196443,-1.6338389,-0.24497879,-2.2348137,-1.5169218,-0.46567687,0.5496016,0.26606828,-1.2330608,-0.29602486,-0.34683722,-0.6540999,1.4290515,1.941715,0.970059,-2.0225177,0.7436869,-0.34116042,1.1118817,-0.11062243,-0.1973427,0.8577393,1.327947,1.1092819,1.5676816,-0.10711861,1.1717414,-1.1943763,1.3317562,0.5053889,0.96298695,0.12838404,-0.31733325,-2.2805197,1.2277857,0.10217796,0.8829957,0.50188065,1.003357,1.1031787,-1.3554618,0.010622057,-0.218666,-0.71105397,0.52957726,-1.5909915,-0.10929977,0.6160845,-0.704178,-0.9116639,0.44215098,1.9556088,-0.02442546,-1.1102487
-0.029919075,-0.12838434,0.16212948,-1.2002509,-0.6522345,0.11326143,-1.4986591,-0.35455015,-0.125275,0.59644556,0.2845525,2.0468411,-0.818241,0.30883044,0.9951724,0.055685252,2.746321,0.98439455,1.0839577,0.04322267,2.5770633,0.4642036,-0.3668941,0.4954286,1.7957959,1.4723935,0.66654617,1.0407348,1.6366587,0.014947141,-2.4381127,-2.637584,-1.8838677,0.33640358,0.21523817,-0.61129683,-0.60492903,-0.8693583,-1.2060996,-1.4780729,-2.0612214,0.28977337,-1.4546174,-1.1958985,-1.343952,-1.0225558,-1.8143001,-2.5467145,-0.5855866,-1.496349,0.40545124,0.0647505,0.9913166,-1.6878933,-0.60846925,0.5969693,1.1209981,-0.36441803,2.2066522,2.6905973,2.653755,-0.55693185,1.8191183,-0.5762258,2.5352252,2.1491272,0.790024,3.1416502,2.9947197,2.7784111,2.9338772,1.7521509,2.4067335,-0.38974243,1.9823004,1.8885162,1.5807605,1.0861971,-2.1391149,-2.9496062,2.1828163,1.1613336,1.9119968,1.5233289,1.6013883,1.9292547,0.39312503,1.3562572,0.12051615,0.21445064,0.83216596,-0.001560986,0.0036222308,2.230409,0.3910561,-0.7487357,0.8671383,0.5977765,0.93101853,-0.2283297
-0.77622765,1.3354362,1.1833353,1.0841216,1.0925854,0.90032566,-0.9636338,0.7678835,0.54703075,0.02896046,0.54568756,1.538131,-0.4710218,-1.1954691,-0.3419702,-0.8270587,1.0942726,0.63860506,1.0090802,0.545556,1.1548002,0.54866374,-0.8631367,-0.7657768,-0.5694949,-0.5471917,-0.1503597,0.74773926,0.76631004,0.39074782,-2.7572348,-1.8608291,-1.1656537,0.5737997,-0.58428663,0.4009974,-0.4853805,-1.3117146,-0.3460997,-0.5143487,-1.3281606,-0.68096143,-1.425036,-0.95807785,-1.1236378,-0.7575369,-1.0169213,-0.810551,0.28615212,-0.9137009,0.5561459,1.1062047,0.30429697,1.3303696,1.0753531,1.2709973,2.2803938,0.52490723,1.0414951,1.5379474,2.1062868,-0.36952308,-1.2759682,-1.7499219,0.82688546,0.13282728,-0.015732646,1.6222813,2.356979,1.7769327,1.8132614,0.6681913,0.6947357,-0.29017112,1.4890703,0.82196116,2.0534644,0.0865436,-2.3899877,-1.7186886,1.328387,1.3149296,1.591728,0.71166646,0.48573443,1.3737628,-0.053175338,0.28070024,0.07755388,0.9239062,1.0689596,-0.92443895,0.07783499,1.6973069,-0.2694353,0.20994839,0.83164,0.007984808,0.39133555,-0.15601985
-0.123830594,1.4604883,1.3673378,0.43778437,1.1751442,1.1489471,-1.0011402,1.0840486,0.603794,0.3641245,0.7113904,1.4563422,-2.1257622,-0.9706301,-0.12643705,0.08943298,1.0789958,0.5611312,-0.031377252,0.8478489,1.4399059,-0.3284546,-0.18396476,-0.08262328,1.254485,-0.6935683,-0.78955215,-1.289417,1.3669734,-0.56971127,-2.6494467,-2.3975675,0.009341814,0.57195944,-0.8061623,0.7556237,0.47858384,-1.2388337,-1.1011273,-1.9619915,-1.5036693,-1.3431814,-2.4174807,-1.9184108,-2.7493446,-2.0970254,-1.906613,-2.1048152,0.7672808,-1.2518077,1.2696851,1.4431798,1.1926903,1.0581135,1.104324,1.5544283,1.8776563,1.1298568,0.6157131,1.7279356,0.72568023,-0.8313601,-1.2414411,-1.7025813,0.73185295,0.51189816,0.10826026,1.4182823,1.9179066,1.588534,1.9990658,0.75342023,0.94938946,-0.7439458,1.2247448,0.4400691,2.1747634,0.14519835,-2.506832,-0.9594523,1.5966195,-0.14718542,0.46659803,0.08107549,0.5570754,0.20863184,0.7317372,-0.47937608,0.73082757,-1.0324312,-0.29269844,0.42202786,-0.9497446,-1.4204077,-1.9848509,-1.6062012,-1.3513336,0.9579652,2.3829525,-0.901754
-0.5122544,0.2124432,-0.59198993,0.21082841,-1.0554768,-0.54739624,0.49457368,-0.11967073,0.41823688,1.0299046,-0.19764489,1.7577152,-0.9570889,-0.06304014,1.7031885,-0.79108757,0.8127755,0.6671276,0.866685,0.9987587,2.1398475,-1.1055809,-0.038326796,0.51459974,2.367402,0.4967175,-0.27329138,0.44438243,2.0323005,0.15480174,-2.2147484,-3.0071657,-2.4829125,0.046587437,-1.093312,0.7507361,-0.12209923,-1.1248624,-1.648135,-1.8666656,-2.3794363,-1.3514684,-2.819108,-1.4881996,-1.7202122,-1.9208674,-2.5206618,-2.3627818,-0.3389501,-1.2346013,1.4925786,0.61335796,1.8676769,-0.44943988,-0.5672985,0.71661115,0.75200355,0.20719607,2.5296526,1.7410182,2.161788,-0.3116926,-0.81145364,-1.7883672,1.6875331,0.7994481,0.87207556,1.7257926,0.899003,1.6480145,2.7531989,1.0016956,1.4543594,1.2767467,1.8883085,1.5418532,2.759529,1.6056371,-1.0159482,-0.90185714,1.5755563,-0.975343,-1.4135193,-0.32956117,2.1254442,-1.0985813,-0.4256735,0.14189848,0.76947373,0.2842647,-1.9059114,0.6187186,1.3795779,0.6532282,-0.8198857,-0.8984677,-1.1640205,-1.0939178,0.6468645,-0.3344965
0.058171388,-0.8707974,-1.136907,-0.76240456,-2.5466378,-1.7536548,-0.7942665,-0.953864,-0.7789975,1.3112665,-0.31788108,0.83990556,-0.7978734,1.9469314,-0.01885132,-0.99852973,-0.5929906,-1.3355911,-0.116247185,-0.6000406,-1.2447497,-0.89462835,-0.5611428,-0.3697158,0.7846967,0.46249768,-0.6126226,-0.80884033,0.776821,0.3642034,-1.830647,-2.2708426,0.0075546466,-0.67921686,-0.19341736,-0.21911834,0.15211618,-0.4295125,0.017739259,0.35704604,-0.21580487,0.1693252,0.027775705,0.11666868,-0.09500337,-0.34130958,-1.1691778,0.18676503,-0.8826367,0.026254766,0.3293393,-0.08567903,0.6777598,-1.9182606,-1.8663768,-0.9141941,0.30143017,-0.11336759,0.8299748,-0.2725506,0.7407236,0.8329034,1.3998942,-0.014596835,-0.04157735,0.3556902,2.7434745,0.23582752,-0.07662893,0.21586224,0.42446822,1.5319526,-0.56320906,2.28353,0.78655624,0.34933123,0.43516135,0.48543295,-1.1752737,-0.11965508,0.9732021,1.0343943,0.14015178,0.5544445,0.8085145,0.1943161,1.3384743,0.84096843,1.3821771,2.8258355,-0.35169253,1.6197312,1.9159466,0.44850892,1.286668,0.36672634,0.53922766,0.4264771,-0.8242897,0.7280682
-1.2819372,-0.8872665,-1.4828694,-2.2454739,-2.3697524,-1.5276477,-1.5840068,-1.1066375,-0.34510884,0.23666556,-1.530489,-0.09501375,-1.0725843,0.48773116,1.0957025,-0.83049697,-0.12650345,-1.4023479,0.827581,-1.4505157,0.16390476,-1.7330272,-0.9203987,-0.50012636,0.1550265,1.3644832,-0.64442056,-0.30919188,0.56140465,-1.3171837,-1.928316,-3.2864676,0.44863242,-0.158804,-0.21190631,0.6946328,1.2051369,-1.6056598,-0.87828094,-1.4576468,-0.7753239,-0.98610646,-0.17022532,-0.65738636,-0.45755652,-1.1517419,-0.23280452,-0.9224482,-2.3818765,-0.8933697,-0.211153,-0.9166212,0.70877194,-2.2462275,-2.7204666,-0.98263377,-0.09920567,-0.79401267,2.6351902,1.0117792,0.39405313,2.6097834,0.51035726,1.4906021,0.82198966,2.105286,1.6811059,1.8439322,-0.074194126,-0.20033203,0.24476026,1.1818238,-0.18386224,1.7058964,0.76656705,1.8853033,1.7721138,0.9615618,-2.1835873,-0.18855134,1.1232145,0.9435651,0.91636664,0.9345546,-0.03714843,1.3597472,0.8617799,0.15499681,0.3134211,2.128039,1.0221299,-0.20882724,1.5423151,0.6413441,-0.2381398,-0.26864532,0.19752502,-0.48741946,-1.4412712,0.08594625
-2.149582,-1.1584526,-2.4769394,-0.68894845,-2.3301995,-2.1598897,-1.9634371,-1.9342014,-1.5005182,-0.49033144,-0.9280151,-0.44449863,-1.1672564,0.08409942,-1.4879098,-1.396202,-1.5497448,-2.2569466,-0.56215006,-1.6415489,-1.294384,-1.8396734,-2.310684,-0.6245826,-0.50838155,-1.6805238,-2.3967888,-0.88937926,-0.7378644,-1.8664261,-2.3863716,-2.3045287,-0.037433796,-0.8366116,-1.2607895,-0.49536714,0.42892176,-0.11738509,-0.6038098,-0.40521398,-0.28508362,-1.9139112,-0.771923,-1.0261698,-0.8832986,-1.3132261,-0.6913465,-1.7405274,-1.3112987,-0.34709162,-1.0505296,-1.1034664,-0.8077802,-0.08115188,-2.3816416,-1.5753235,-1.9518691,-1.4250262,0.22945654,-0.25603643,-0.027620057,-0.32288834,-0.0060389475,-0.23858328,0.6283021,0.17765029,-0.35373864,0.20512761,-0.67082554,-1.7844856,-0.77655613,-0.75818396,-1.5524797,0.53803104,-0.6814973,0.1829329,0.043289956,-1.0032303,-1.3620398,-0.5954639,0.8346119,0.98738426,-0.95919454,-0.6542376,-0.40709096,0.15786473,0.043275923,-0.70678943,0.27798316,0.810781,-0.7006956,0.07791235,1.0777377,-0.59976864,0.08205138,-0.4882195,-0.38459194,0.6523764,-0.44012544,-0.49451357
-0.7240692,-0.679542,-0.2584218,-0.24362281,-1.7676948,-0.93314767,-0.5325245,-0.5756377,0.17546964,1.3184279,1.3774076,0.43514153,0.110657774,1.173551,0.48325595,0.53136337,-1.6415648,-1.0207137,-0.4411816,-1.2868221,-0.36876127,-0.94705206,-1.488259,0.5208086,0.014032986,0.14518982,-0.9090518,1.5737276,-0.3572149,-0.3991883,-2.1640165,-0.7496277,0.6618601,0.105579905,-0.5976423,1.3710153,0.8666957,0.9985322,0.4379049,1.323731,0.39293653,0.19404604,-0.012880628,-0.23435347,-0.9852461,0.57221437,-0.25810024,-0.88666826,1.1295612,1.2319945,-0.53035676,0.45877114,-0.5338891,0.38061154,-1.4896822,-0.29503748,0.16089675,0.008177294,1.8881806,1.080463,0.80396557,1.697166,-0.18232054,1.4904045,0.6735202,2.110008,0.55344373,0.6377834,0.20084417,-0.19674507,-0.12490039,0.025754139,-0.2826142,2.221895,1.0166165,1.5304545,1.2181304,-0.038010616,-0.6581251,0.49282616,1.7486115,1.5205821,1.5526248,1.0571721,0.55891556,0.27822527,1.325308,0.93328196,1.1647174,2.8451169,1.8246553,2.9340367,2.2906098,1.9730407,1.5597622,-0.1471571,1.4773258,0.24150829,0.49777225,1.1770974
1.2830237,-0.6472891,-0.7258518,-0.99163365,-1.5060983,-1.2141339,0.4951126,-0.3239542,0.00039036034,-0.80702186,0.7342084,0.36073625,-1.1928623,0.8257507,-0.39327085,0.135185,-1.0943815,-0.07270161,-1.0919548,0.28116962,-0.19986346,-0.6165553,-1.1430855,0.30352995,0.26797968,-1.5278305,-0.6394458,-0.79439735,0.75992703,-1.1844096,-1.4086375,-0.52340496,1.1042844,-0.20890142,0.13817006,0.45916674,-0.081561975,-0.62103146,-0.13833667,0.13441433,-0.023137413,-1.3667462,-0.5906585,-0.9993599,-0.9874689,0.048769422,-0.33475915,-0.6698022,-0.38710675,-0.22456501,0.5785458,-0.5467793,-0.78426695,-0.07077183,-1.4187872,-0.51487124,-0.057115,0.78873724,1.6795235,1.2971662,0.011208953,1.1958873,-0.0431905,0.7203739,0.10920458,-0.43104094,0.449026,0.14789523,-0.09520999,-0.024241192,-0.09167337,0.81118894,-0.6615727,1.3047284,0.8136487,0.99680954,1.6705687,0.15696323,-0.43773085,-0.183289,0.6172059,0.20182225,-0.2520637,0.3400554,0.016204879,-0.17078602,0.5070572,0.66526836,0.53236836,1.5641414,0.45597613,0.88468456,2.2460277,0.4087906,0.65276486,-0.32522854,0.38618785,0.2819186,0.052678775,0.46454483
0.13770336,-0.81333584,-1.637041,-0.496696,-1.4568799,-1.5132539,-1.358115,-1.2313722,-1.5990329,-1.0441747,-0.5653932,-0.35803962,0.50528735,-0.089677826,0.36882615,-0.07208793,-0.7290238,-1.896845,-0.7104706,-1.4882113,-1.5349659,-0.26833162,-0.8239104,-0.63708884,0.19479571,0.17628337,-1.1084157,0.12047982,-0.41733652,-0.783375,0.21806815,-0.42552933,0.8041333,-0.17367451,0.23253754,-0.30799946,0.26368275,-0.124472655,-0.29156762,-0.68476486,-0.15112542,-1.0517975,0.07408515,-0.1483569,-0.0561015,-0.5008654,-0.26608354,-0.13775752,-0.13726641,-0.1627955,-1.3016261,-1.0521564,0.26673844,0.2036144,-1.540033,-1.8093053,-0.9719741,-1.5279597,-0.7902861,0.07690582,0.32807466,0.8940585,0.5703273,1.1033244,0.5442813,1.1706598,0.1395287,-0.26089624,-0.12958099,-1.449152,-0.6855241,-0.023657676,-1.625834,-0.28010848,-0.3210797,0.5166609,1.0251949,0.18913315,-0.31094936,0.4988451,0.43746498,0.7553519,0.35691634,0.28089896,0.46241802,-0.2536792,-0.21823163,-0.50729376,-1.1547177,-0.47875538,-1.2231566,0.03384476,0.7460058,2.3305988,-0.123523764,-0.73129916,-0.9512487,0.020593967,0.2509528,-0.51239437
-0.86642444,-0.25948447,-0.87165767,-0.16115418,-1.0304724,-1.0716405,-0.118270345,-0.65215534,-0.30697212,-0.6310729,-0.98147196,-0.7802438,1.0479925,0.8370375,-0.8104376,-0.8782138,-0.91732836,-1.2630129,-0.39989704,-1.6807071,-0.9059706,-1.1444188,-0.9468922,-0.31913778,0.5189012,-0.9729854,-0.6110543,-1.1562893,-0.41173917,-0.47152078,0.49608666,0.55468804,0.24716863,-0.34087828,-1.1660622,-0.19892876,1.1058564,0.62182546,0.3037819,-0.015560092,0.16490066,-0.03612145,0.017387096,1.1969067,-0.96652806,0.16933787,0.1297247,-0.7765355,1.0944399,1.2024767,0.736245,-0.85120744,-0.12725334,-0.5468674,-1.050926,-0.7018455,-1.2168235,-0.82630634,-0.22378117,-0.63499194,-1.1905054,0.6318708,-0.5089065,0.79136926,-1.053564,0.12724835,0.3011627,-1.0266057,-0.72837055,-1.3058584,-0.80830544,-0.7129969,-0.75898373,0.24201016,-0.12852035,0.096340194,-0.690731,-0.013883259,0.4311337,0.023323083,-1.1441799,-0.11250003,-1.2981577,-0.117794774,-0.8315955,-1.1325542,0.40406954,-0.28891587,-0.33133245,0.062270064,0.6548528,-0.9546267,0.21422546,0.89356226,-0.9003503,1.6054517,-0.5077218,-0.33599642,0.58759075,1.3649898
0.63330823,0.29356307,0.090560794,0.12543194,-0.29965836,-0.4770162,-0.023271484,0.2719311,0.807505,-1.4035552,0.52848816,-1.679039,0.20603207,0.32607412,0.8857339,-0.19595972,-1.3089659,-0.30377343,-1.6684278,0.0166898,-0.18241839,-0.44067177,-0.37623918,-0.98816437,0.46924692,0.37267968,0.13176042,-0.5059213,-0.2930814,2.0740864,0.7296887,1.3328496,-1.2558554,-1.0639476,-0.32826662,0.3195342,-0.45167086,1.9397984,0.90123534,1.0165304,-0.11522685,1.8463582,0.082658246,1.8927114,-0.17539221,0.7576038,-0.5904753,-1.1433125,1.7839117,1.116633,0.578434,0.3310016,0.24493988,0.2285816,0.35740054,-0.26211378,0.34165415,0.49457005,0.18678714,0.6811311,0.37337872,1.167091,1.2469603,-0.9160151,-0.2384342,-0.097846635,0.17034775,0.16451405,-0.6256888,0.09439648,-0.068051696,-0.7691255,-1.3277538,1.7679727,-0.8375802,0.05768644,0.44476062,0.5854423,0.27550036,0.30870444,-1.0302923,-1.698485,-2.8439746,-1.8107877,-0.653993,-3.0553458,0.46956527,-0.6166187,-0.19564398,0.31945673,-0.89212656,1.1095687,1.1374325,-1.010777,-0.07687979,1.4518075,-0.6207457,-1.2152379,-0.24829932,1.5855625
-0.83537585,-0.76288587,-1.1577309,0.12356049,-0.83760977,-0.8555057,-0.15086618,-0.8394068,-0.6225676,-0.714357,0.07016933,-0.70073956,1.2740963,0.69683564,-0.34633794,-1.7791022,-1.4065071,-1.0922234,-1.4652483,-0.858079,-1.8330653,-1.7896982,-0.88295174,-1.3668317,-1.814995,-1.0225527,-0.673045,-0.79727465,-0.69654137,1.6698798,1.1977597,1.1108295,-1.10691,-1.9017392,-1.4026734,-0.7738278,-0.85156345,1.6074902,2.1731088,0.65858996,0.9215186,0.79766244,0.066362165,1.3828194,-0.44286236,0.726837,0.5430978,-0.560516,0.7383644,1.8153642,-0.034660026,-0.47368106,-1.6584518,0.8151068,-0.7324522,-1.0764362,-1.4604163,-0.7542333,-0.6439845,-0.85072917,-0.85194534,0.7288806,-0.9274053,-0.24157129,-0.1747343,-0.08266282,-0.9253502,-1.7425674,-2.4165719,-2.5476255,-1.0654736,-2.737754,-2.0564446,1.2591741,-1.1847333,-0.8969451,-1.932032,-0.14838322,0.119609036,0.5633849,-2.8198483,-1.5737946,-1.7935135,-2.168996,-1.0379114,-2.3150876,-0.4339301,-0.71522844,-0.32129392,0.3137123,-0.18934251,1.6577716,0.13953489,-0.0834552,0.74615425,2.2971451,-0.3366262,-1.5174005,0.3042657,1.2027714
0.5224895,-0.2853176,-0.48202977,-0.19393899,-0.6390249,-0.4288481,0.49899566,-0.123514295,0.07306853,-0.0065572313,0.21566246,-0.22550014,0.12631729,0.024034224,-0.5785508,-0.60477144,-0.12223806,-0.32265323,-0.6848946,0.62134516,-1.0512915,-0.5764705,-0.6130435,-1.4383881,-0.51632804,-1.0015656,-0.41684717,-0.41457975,0.23034467,1.2195387,-0.3492471,0.5746479,0.37054273,-0.2608442,-0.7727542,-0.3495689,-0.30738792,0.40056348,0.6096071,0.6798634,-0.09887462,-0.05048959,-0.836585,0.8852385,-0.76059395,0.12003668,0.35047325,-0.55168736,1.7688793,0.96455824,-0.29853952,-0.118554085,-1.0349263,0.6549393,-0.17877859,0.21244207,-0.30657467,0.18984517,0.29952568,0.36426088,0.20656487,0.34337583,0.51031023,0.6503707,0.104191415,0.6713379,0.5501434,-0.90474087,-1.6810315,-1.0378411,-0.6034781,-1.1262625,-0.7376028,1.7673235,-0.46039882,0.41023156,-0.40666205,-0.04126016,0.04638504,-0.025289157,-1.7119445,-1.5791966,-1.689826,-1.4242976,-1.664631,-1.3103756,-0.8954622,-0.49460608,-0.20616622,0.6070464,-0.096555956,0.92843693,1.4873173,0.17228255,0.29237336,1.2559652,-0.8907501,-1.3310112,0.8060871,0.966334
-0.42591012,-0.16714443,-0.7144251,-0.03189429,-0.9626876,-1.3460044,0.087853424,-0.36155495,-0.19287609,0.49268,0.29280016,0.20937407,0.58881557,1.5180438,1.9106025,-0.17941435,0.3128258,-0.3420012,0.4723017,-0.6722142,-0.29011324,-0.71912134,-1.008406,-0.18718918,-0.29318327,0.5478275,0.9552568,-0.22999029,0.121811196,-0.86809075,-0.66363025,-0.6533753,0.17925517,-0.07035258,0.22456297,1.000332,0.8755769,0.016707236,-0.2986109,-0.2875008,-0.65206915,0.12736589,-0.35936373,-0.17702225,0.31458822,0.09490991,-0.7262159,0.7957103,-0.81800723,-0.56286263,-1.1615565,-0.27072045,-0.25180426,0.26952162,-1.0476263,-0.92299426,0.052420665,-0.5311766,-0.012981266,0.8435025,0.69540143,2.051245,0.17497101,1.6644791,0.06486803,-0.16200325,0.6496373,1.5452479,-0.4892976,0.738557,-0.001650775,0.6532702,0.5083833,1.2144704,0.42912725,1.146823,0.17358299,0.963429,-0.96103,-0.72246104,0.5485407,0.6654469,0.50174147,0.46269667,1.2330605,0.90117705,1.1161066,0.7559533,1.4213963,0.9560696,0.9662467,0.41648164,0.33487144,0.40029544,0.008368484,-0.06465433,-0.028728427,0.31388757,-0.6103377,-0.51727957
-0.11366006,-0.14290637,-0.9581218,0.12118324,-0.6379033,-1.1407043,0.102891944,-0.7327867,-0.42558193,0.25603303,0.3946596,-1.0238326,-1.3471757,1.0256159,-0.35861632,0.1287049,-1.0003086,-0.45737427,-0.3704805,-0.6307125,-0.4331261,-0.43834776,-0.37561363,-0.2751765,0.9437962,0.9590488,0.25026295,-0.5089518,1.0503831,-1.1328506,-0.15160136,-1.6195551,0.5832837,-0.17635855,1.4411129,-0.16085011,0.29932627,-1.4142686,-0.7279459,-1.4023015,-0.54715854,-1.5187179,-0.33516565,-0.9944044,-0.106413275,-1.5996794,-0.45649758,-0.7801411,-1.1305282,-0.8161519,-0.63732666,-0.6433569,0.68606937,0.32241896,-0.58358276,-1.2353559,0.29548475,-0.04188097,-0.038566776,0.9226054,0.22054812,0.22187115,0.72461486,0.72609377,-0.22404684,0.502313,1.4661111,0.22968431,-0.35011825,-0.2867611,-0.14918417,0.94687754,-0.36564007,1.0572345,0.48137307,-0.1659267,0.47478703,0.32831752,1.0888712,0.7622953,0.36017472,0.47479624,-0.0066919564,0.6185288,0.68734545,0.23023893,-0.10450616,-0.8882388,0.115936644,0.30164075,-0.60983664,-0.12960038,0.13929476,-0.6147814,-0.2831407,-1.2846924,-0.6782209,0.16112046,-1.1916512,-0.4713553
0.5632693,-0.8367062,-0.98179334,-0.9444067,-0.81888896,-0.9979068,1.3252244,-0.2937052,-0.8827828,0.11678445,-1.2568449,-0.117600545,-0.98310274,1.2166535,-0.6537686,1.2218746,1.2069784,1.3494347,0.42300242,0.81124604,1.1546428,1.6284803,0.58244115,1.3502477,0.6497038,1.4001404,1.2497827,0.5859483,1.9947531,0.4789202,0.1471869,0.74263936,1.3026805,1.7730594,1.1615677,-0.5293793,-0.019244598,-0.756736,0.041370727,-0.08960963,0.5022466,0.20600833,0.912039,-0.4047983,1.4561553,-0.26273707,0.9631166,0.7597804,0.020639766,-0.38488406,-1.1079711,-1.0526863,2.24816,-1.417237,-0.9288393,-0.20956963,-0.28562933,-1.4295871,-0.3108465,0.8747197,-0.21714433,-0.74710554,0.065313846,-0.5607556,0.906047,0.07904229,0.8116,0.03183632,0.74621993,0.57990825,0.5407649,0.4977541,0.80330855,-1.0901511,-0.19653165,0.33662048,0.1357778,1.0401188,0.3872227,-0.5708643,0.4420144,0.5528086,-0.00043054717,0.5648435,-0.2906863,0.57903206,-0.7853568,-0.3331947,-0.32968777,0.36013106,-0.9615352,-0.80952466,-0.10509054,-0.1373973,0.24831004,-0.6624346,0.06801148,1.9333553,0.10308445,-1.0587507
-1.2095827,-0.90225035,-0.3916455,-0.6417069,-0.44655505,-0.62620187,0.62353593,-0.61082536,-0.27866516,-1.5387723,0.8862287,-1.0238581,-0.75186783,-1.2338667,-1.5105253,1.1477256,1.2241988,1.4254955,3.35583,0.5839954,1.3535824,1.2316014,1.9308882,1.5975739,-0.961032,0.54741424,-0.086187854,-0.2505458,-0.08557534,0.20405087,0.10151098,-1.141568,1.0691795,1.2246844,1.1936259,-0.06985786,1.6287783,-0.49941686,0.30858746,0.3301762,0.89398533,-0.15026756,1.0767814,0.36743093,1.2281277,0.71711725,-0.38595045,0.63597625,-0.76175267,0.54551375,-0.0049876575,-1.5836034,0.13743696,-0.7040462,-0.4595785,-0.46455374,-1.0383037,-0.8376676,-1.3327073,-0.088302046,-1.3642069,0.0404497,-2.0786338,-0.3558721,0.2451645,-1.0278132,-1.078182,0.76747113,0.84781027,0.5899104,0.99977106,-0.93241775,1.2390336,-1.4064933,-0.4892275,-0.88540924,-0.75041544,-0.22530973,-0.38021344,-1.5662767,-0.40398216,0.8716215,0.67625964,1.1392868,0.2291408,0.5532765,-0.38100958,0.25381362,-0.51814723,-0.7788558,0.21583205,-2.9376938,-2.31368,0.65796304,-0.032116234,-0.48313737,0.09678869,-0.79408497,-0.9385345,-0.37845582
-1.0356482,-0.5023441,-0.2155553,-0.30240548,-0.3700531,-0.9207896,1.0967387,-0.026098,-1.6981225,0.18165363,-0.83495504,-1.1141244,-0.2814501,-1.7185262,-0.6544644,1.0441387,1.4833155,2.6770732,1.269657,2.3289592,2.216893,2.1532972,2.7765741,2.6463335,-1.095752,0.3430067,1.0034907,1.122948,1.1926949,1.4759763,0.45895976,0.07771051,0.9876171,1.010489,1.4046625,-1.6291367,-0.934572,-1.4922047,-0.91034704,-0.3661035,0.25579232,0.73008317,0.7784834,-0.117239915,0.29499802,0.4005,0.14653313,0.34840578,-0.27766216,-0.677951,-1.5593799,-1.5318879,-1.2569003,-1.3733051,-0.7510638,-1.6599277,-0.34843385,-2.0666447,-1.3786428,-1.1413162,-0.63916725,-0.8995001,-2.016117,-0.8628981,-0.34245494,-1.579302,-1.7926805,-0.65471655,0.40309733,0.5623465,1.5298115,-0.12363793,2.060673,-1.650697,-0.7158806,-1.0415629,0.014100389,0.53863114,-0.75543123,-2.154829,-0.23273541,-2.0578043,-1.2814541,-1.505861,-0.14684051,-1.0893382,-2.1285622,-0.03271353,-3.1658604,-2.7979662,-2.180185,-2.4110875,-2.289058,-1.4586093,-0.4985091,-0.4869503,-1.0074896,-0.39463276,0.34073913,-1.7344615
0.31346047,-0.11249157,-0.15063263,-0.28222346,-0.74138045,-0.9730543,0.71646833,0.16975233,-1.0375347,-1.0253152,-0.3965122,0.5644517,-0.22798626,-2.110379,-0.15667053,0.8999442,0.49674955,1.3824943,0.91807234,1.8456275,1.1526526,1.6155249,1.8957498,1.656658,1.0523055,1.2195714,1.9237696,2.0513046,1.5103127,0.47791234,0.13467078,0.051662065,-0.7496437,0.4999538,0.42318457,-1.1882962,-0.2909903,-0.53836834,-0.26281205,-0.2813795,-1.0655389,0.19057831,0.026489029,-0.113454945,-0.30001846,-0.54885906,-0.7166057,-0.52139616,-1.9670608,-2.0162203,0.2244365,-0.80695134,-1.5266705,-1.0820379,-1.0651462,-1.1958239,-0.21164966,-0.9079835,-1.066039,-0.29551592,0.014427543,-0.83464754,-0.97440606,-2.4586656,-0.81137735,-0.42256826,-1.73743,-0.5891451,0.118604586,0.49990025,0.692234,0.12649442,0.7065492,-0.810785,-0.15652035,0.2822947,-0.2643364,0.27997577,-0.98687094,-2.059391,0.081872985,-2.2526023,-1.9204873,-1.4392544,0.6949014,-1.4264023,-1.6898576,0.059875544,-1.2095336,-1.5182573,-2.8386924,-1.0583729,-1.6078861,-1.8693355,-1.5175459,-1.1502062,-0.7555504,-1.6010226,-1.9648626,-1.4984881
-0.23902293,1.1777332,0.17294118,0.4585296,-0.5345451,-0.38617355,0.8551763,0.3630638,0.3487233,-0.44956008,0.47518623,0.23008445,2.1006017,1.2696366,1.0122583,0.8701959,-0.19016646,-0.051044274,0.5675086,-0.8154878,-0.35546264,0.8468782,0.26356453,0.08736433,-0.65885794,1.0180844,0.5460009,-0.03853771,-0.35336632,-0.23539703,1.0277116,0.8219044,0.76378703,0.7537302,0.9850837,0.81907153,1.8889358,0.81591374,1.5607786,1.0718255,0.6553739,0.712238,0.7534239,0.6563615,0.85729665,1.3656762,1.1966778,-0.60318536,-0.050841242,0.69709754,0.61295426,0.6985492,1.0049764,-0.18698536,-0.38838717,-0.36970958,-0.18213464,0.008481536,-0.9361292,-1.5921869,-0.56769717,0.6384077,0.5006646,0.86528146,0.3983455,0.23219787,-0.5246283,0.05658907,0.25492483,-0.3173986,-1.5158907,0.99474895,-1.2001406,-0.059170797,0.012204876,0.444174,0.033611547,0.36840746,0.6076379,0.4161232,0.67975736,0.7324375,0.6777221,2.2245998,1.516495,0.66839427,1.5085219,1.1393837,1.5192693,0.42115027,0.40731943,0.35317752,-0.5890518,-0.57702935,1.4820244,0.49722224,0.9292501,-0.7107815,-0.83261657,0.57572436
1.0899631,-1.1039071,-1.3075675,0.25559562,-0.087998524,-0.43268552,0.53546053,-0.321043,-0.9685967,-2.3063436,0.53865784,-1.74877,-1.1977963,-1.0272297,-1.141783,0.45069045,-0.7056671,0.08737617,-0.7363687,-0.039393697,-1.5515606,0.37205473,-0.042363565,-1.2474988,-2.1308322,-0.104502395,-1.4635488,-0.77748144,-1.6816266,-0.4527698,1.5014135,1.6419845,1.5204647,1.0122898,0.5236698,1.2444158,0.40720436,2.0851197,1.7129631,2.4404895,2.6043081,0.041760683,2.0326502,0.729369,1.1002933,1.590871,2.732961,1.3992854,0.6150215,1.426818,-1.4095256,-1.0376121,-0.47075847,-0.3029977,-0.25329244,-1.0664655,-1.7050084,-1.095369,-2.255982,-1.7718883,-2.6923704,-0.73421466,-1.0942519,0.5587215,-1.9060572,-0.78195095,-0.5482872,-1.5003849,-0.19387542,-0.8591145,-2.7464514,-1.3206826,-1.5567812,-1.2886758,-1.6185435,-1.6174535,-1.8043205,-2.8455122,-0.33760366,-0.5242207,-1.1167207,1.003137,0.80435264,0.38834512,-1.1017574,0.8535763,0.6396852,-0.12222908,1.0057037,0.109222695,1.3855491,-1.4817456,-1.363781,-0.0538192,0.83728576,0.70326275,0.93841994,0.09310664,-1.1430583,1.6871793
1.4617896,0.59876627,0.28966102,-0.46841976,-0.18641794,-0.019376073,0.12606712,-0.5303251,0.32580423,-0.36067206,-1.0924145,-0.6814691,0.15493578,1.3512504,-0.42092627,1.6554269,-0.77387136,0.06336929,0.521961,0.55121493,-1.7789389,-1.0024633,0.9187336,-1.307258,-0.859979,-0.94262195,-1.8372223,-0.8686443,-1.0577345,0.035758983,0.5130302,0.15841576,1.108222,0.75470424,0.17372356,1.7929053,1.8975776,2.8490791,3.190053,2.8515778,2.7659743,0.87479526,2.196124,1.515931,2.1880891,2.140082,1.8930926,1.9442618,0.81497705,2.3471582,0.7750768,-0.08376194,-0.46216682,-0.6578122,-0.3900586,0.044909123,-0.46727258,-0.21152338,-0.30799612,-1.0327084,-1.4745395,0.38481218,-0.76941276,1.342302,0.73935676,-0.3248425,0.5872572,0.22766308,0.046938933,0.29453734,-1.0949743,0.00870226,-1.0001631,-0.078579135,-0.6387357,-1.3538064,-1.7391131,-1.8253368,-0.21886589,1.4106841,-0.8737588,1.9709734,1.4145678,0.12910542,-0.6412472,1.0025207,0.8295878,-0.027113415,0.98234713,0.65278846,1.0733703,0.63818777,0.040388476,-0.16477826,0.82925564,1.2056649,1.3023874,1.1984566,0.38034102,1.5740762
0.12659669,1.155717,0.22402026,1.1505562,-0.071647,-0.38140252,1.0795211,0.7461669,0.6162327,1.6643624,-0.518963,-0.16698341,0.33398902,-0.79421,-0.17898938,-0.059295665,-0.14647928,-0.9382402,-1.0816978,-0.35644448,-1.0214548,-0.5175465,-1.2234993,-0.17226502,1.3856876,-0.15109234,1.2790647,0.14846079,1.0286623,-0.7728127,-0.14292806,0.8535663,-0.5648899,-1.2567478,-0.33439973,-0.82020885,-0.57197785,0.5642011,0.14876986,0.41665328,-1.0021808,0.7007435,-0.6506012,0.89117926,-0.48339692,0.33342952,-0.7704952,-1.7640461,-0.67066854,-0.58938515,0.6093271,0.99599034,-0.025310298,0.9938208,-0.036169246,-0.025582328,0.48511893,0.9051937,0.51395625,-0.4577709,0.5308529,0.37542242,2.7625813,0.9146968,-0.4722242,0.5974978,0.40125385,-0.3506558,-0.6697419,-0.5212517,-0.08029606,1.0522273,-0.7947472,0.4770443,0.052766226,0.46647537,0.87733394,0.8430019,-0.21280001,0.24381591,0.10717891,-1.3744568,-0.13858429,0.12776478,1.5170571,-1.1862342,0.122590505,0.46113956,-0.025371525,1.0987302,-1.0561575,0.31055543,1.6385932,0.056226194,0.5194225,0.92933893,0.75880915,-0.025906585,-0.006610355,0.31494585
1.099238,1.6239086,1.3683355,1.8642963,-0.13664998,0.4958648,0.934279,1.1682975,-0.009026486,0.5694081,-0.26535857,0.31319934,-0.48423815,1.7535994,0.64719987,2.1331544,-0.23772912,0.33289567,0.6178218,-0.10815936,-0.33151227,0.8564246,-0.7745498,0.66557336,1.5418245,1.0361121,1.2115964,1.2407156,-0.38081262,-0.05639666,0.5699293,1.6943973,0.88816404,0.14909063,1.2416296,-0.33551833,-0.2842869,0.046360735,-0.49105218,-0.29280576,-0.4387733,0.82211566,-0.03758123,-0.023508737,-0.032329157,-0.39277998,-0.55349576,0.5429554,0.15226369,-0.79658854,0.6751936,0.8653063,1.1339034,0.9096502,0.081675105,-0.4175124,0.96033794,0.14966765,0.17299017,-1.2077504,0.11507689,1.8650119,-0.33909032,0.34274065,0.041979022,0.43850288,-0.74246645,0.75248784,0.6019918,-0.671499,-1.2135342,1.3588499,-0.55121064,-0.42609006,0.44650668,-0.20243235,0.833017,1.3066963,0.48928446,0.6024518,0.44874248,-0.5635991,-0.42211026,0.72816074,1.8247919,-1.6895818,0.76329124,1.4194598,-1.0313021,-0.78453475,-1.1761868,0.03932363,-0.13210152,-1.0188923,0.7332106,0.20306118,0.14193243,-0.76427615,0.067893885,-0.71621823
3.576568,0.7972406,1.9263115,0.5032412,0.15109962,0.7386631,1.822999,0.8594498,0.78241646,1.4376252,0.71318233,-0.17546952,1.2367045,1.7591997,1.7624481,3.7022557,-0.13931067,1.176376,0.5516106,0.905188,0.3612638,1.5993211,2.228116,1.4924353,1.9977854,1.9208722,0.9662787,0.34204113,-0.34207436,0.24175702,2.170445,0.9110469,1.0026575,1.9896597,1.9230456,-0.32258058,0.8081435,0.003397575,-0.054601595,-0.0723317,0.7625106,-0.06672498,1.126679,-0.38768455,0.99180466,-0.41442814,0.73987824,1.3287343,2.2923002,-0.2650661,2.935731,0.6945351,1.9689583,-0.34252086,0.41946808,0.5514118,0.702245,0.24417636,0.024079263,-0.15660691,0.41043258,0.6753099,2.110858,2.0011804,0.3067227,0.6697248,0.24175899,-0.018811105,0.2641781,-0.17071277,-0.14022997,1.0818973,0.4914422,-0.07566758,1.2181928,0.82628876,0.49516454,0.99313766,0.80846995,0.7581692,0.097399294,-0.25056013,-0.8982071,1.0077049,1.0709676,0.2307017,-0.1599776,-0.37923852,-1.3990645,-0.9528765,-0.38318807,-0.1493559,-0.027263239,-1.0146785,0.3682677,-1.4313886,-0.75700223,0.22931622,1.5770661,-0.4754109
4.8026285,0.350773,1.0641433,0.34430093,0.37376097,0.7751675,2.1592803,0.6760161,-0.311927,1.1195244,1.7216337,0.37548468,0.074699886,2.1264398,0.7491396,3.3397067,-0.0014251522,1.5098791,1.4952693,0.9480566,-0.15690182,1.9227444,1.7631661,1.7012126,1.1127723,1.7461201,-0.35475907,1.1667589,0.8744665,1.524887,1.4881535,1.529085,2.7223356,1.8941623,2.1100137,0.23779126,1.9210795,0.56657135,0.36383945,0.36096692,1.046388,-0.85826313,1.4332043,-0.7133078,1.1738373,-0.77631485,1.6804482,1.4055511,1.990943,-0.068599224,2.8405516,-0.063218646,-0.2773564,-0.111746244,0.42191797,0.611503,0.29735455,-0.27523088,-1.1091748,-1.0950783,-0.82623947,-0.06787221,0.7754677,1.4230318,0.34815523,0.73314154,-0.07856102,-0.9988983,-1.1639904,-1.1225262,-0.6428107,1.2390383,0.057160705,-1.667819,-0.15508415,-1.6070405,-1.3005732,0.6141243,-0.12381634,1.6331301,-1.1176844,0.2965514,0.012576987,-0.3370233,-0.3343122,0.54711,-0.009720983,-1.3632368,-1.0561917,-1.7217252,-0.36526558,-0.89463806,-0.948395,-2.1625125,-0.72153544,-1.5697831,-1.4632187,-0.8768884,1.1575769,-0.6419998
1.1830776,1.128972,0.35657647,1.2731483,0.48674718,-0.27465644,1.9379193,1.2826471,0.68903995,1.2114024,-0.27770835,0.11592262,-0.043518253,1.0393764,0.06785305,2.0309727,0.17084266,1.7064099,0.88777333,1.2120985,0.5725101,1.2609737,1.6329173,1.517133,-0.9452335,0.9183326,0.16945054,0.017553793,-0.18581198,0.033875998,2.3447328,1.5074435,1.0351063,1.7979994,1.7093335,0.9736719,0.37349877,0.14573833,0.8742606,1.2457883,2.01313,0.46301994,1.858244,0.45806044,2.3950489,0.44028452,1.2245901,1.6210599,0.8033189,0.6241243,-0.6837967,0.70404744,-0.0097699175,0.89912254,0.109460175,-0.086968526,-0.4959231,-0.07401452,0.2418034,-1.4748389,-1.1093221,-0.642175,-1.1637781,-0.1219052,-1.2020013,-1.1296424,-0.66105473,-1.2977295,-0.41769743,-0.9888111,-1.5455061,-0.25805053,-0.5770971,-1.6381642,-0.8690679,-0.5742123,-0.93326473,-0.23967183,1.8494835,0.34821293,-1.0688138,0.08776231,0.17627834,0.05946705,0.33927697,0.47855508,-0.25896192,-0.14075315,-0.1922328,-0.9786264,-0.67347085,-1.109052,-1.0589163,-1.0159755,-0.6808185,-0.23442161,-0.97364986,0.12418037,-1.6240458,0.23380716
0.89086187,-0.2950953,0.05481217,-0.6392197,-0.45792273,-0.16070902,1.317474,0.06049595,-0.15198404,0.10509781,0.33300388,0.10296491,0.005984766,0.6037114,0.4675731,1.3841946,0.19071786,0.5964745,-0.86466223,0.3666582,-0.009104955,1.0943596,1.094455,1.1596689,0.837531,1.3964511,0.946509,0.6745849,-0.92617816,0.4492704,0.9363635,1.0584939,-0.93511003,1.2971507,1.3627712,-0.012886635,-0.1184556,-0.026345711,0.20137842,0.49371672,0.58419454,0.95002633,0.97606426,0.32461485,-0.042834423,0.8883522,0.29341957,0.89244866,0.7027952,0.3780222,1.2400819,-0.58636206,-0.8037999,-0.52323425,-0.23689847,-0.13060506,-0.9376994,-0.20662388,-0.2233487,-0.598061,-0.19851029,0.9984143,0.36185062,-1.9604484,-1.3970361,-0.99859905,-1.6930792,-1.7901034,-1.0214344,-0.61990005,-1.5272408,0.53974074,-0.5077404,-0.58533734,-0.24707213,0.034661952,-0.02680844,0.18298121,0.21325028,0.8712206,-0.27191722,-0.58738893,-0.9953573,-0.58745027,-0.15325874,-0.33155635,0.4547557,0.02227922,-1.1515373,-0.43332908,-1.0994339,-1.3192539,-0.73224914,-1.0638473,-0.036633357,-0.5667158,-0.67920506,-0.7882763,-1.6384346,-0.4705813
-0.1891663,0.5051789,-0.33709374,0.51637065,0.27538854,-0.73291016,-0.33341214,0.21276776,-0.11839259,0.87929696,0.3745932,-0.035900664,-0.08140184,1.0618112,0.58033025,0.26244375,-0.55522645,-0.67435807,-1.3537376,0.008988699,0.9315619,-0.020830065,0.018258391,0.16586657,1.0412763,0.7596411,1.4444451,0.38406727,0.53217834,0.88634837,0.4164195,0.54639053,1.7812717,0.44054243,0.91967374,0.3892013,-0.4538281,-0.10057679,0.9614292,1.1507313,0.2865028,0.53546023,1.4200138,-1.0195544,1.0283577,0.1474793,1.5117182,1.1854302,-1.0730677,-0.040525984,0.1990285,0.5283168,0.5393435,0.2723712,-0.22015214,-0.7145797,-0.35015625,0.61012304,-0.10744641,0.4152912,0.19096814,0.40568012,-0.7505885,-0.30824605,-0.7357588,0.98755914,0.4533803,0.050417576,0.19301254,0.2954891,-0.21284336,0.46103704,0.2316652,1.6686062,-0.078949556,0.92988116,0.23761939,0.9618084,-0.7344377,1.6500468,1.0128778,1.0826141,0.13002495,0.49142274,1.0964298,1.7512445,1.0717806,1.3228184,1.3895507,1.8186011,0.5409796,1.1340839,0.5667134,-1.5401064,0.9950165,-0.73774004,0.8776947,0.56934243,-1.7973775,0.25367996
-0.120852575,1.2660364,-0.50737566,1.2832326,0.5121608,-0.6841076,-0.1539259,0.2648837,0.063365296,0.9625314,1.8682127,1.2267077,-0.2307633,0.6205121,1.814258,-0.15702273,0.14867887,0.36835143,-0.13048686,0.8691139,0.3625516,0.4047601,0.50057834,1.0893179,0.5435922,0.6998315,0.1274649,0.49787715,0.6241807,1.7472152,-0.10168369,-0.14747661,1.4608917,0.9387343,0.800717,1.1276398,0.8081755,0.12982625,0.84962744,0.5513368,0.76053786,-0.2355135,0.87548167,-0.040079802,2.3849418,0.63584757,1.5950459,0.74733126,-1.3951839,0.5331019,-2.5946858,0.20498244,-0.4999373,1.2068197,-0.12746117,-0.6506896,0.48603326,0.057960812,0.32280254,0.9109739,0.97368604,-0.28685406,-0.35708928,-0.3412655,-0.14069264,2.1316147,0.85889524,0.21036421,0.09850315,0.2819849,0.9720389,1.4155941,-0.0006764157,0.70476747,0.6701409,0.6345168,0.82013196,0.33537427,0.71288615,1.3387029,0.3940273,1.8003747,2.27497,1.2803622,0.8641179,2.4416575,1.7162865,0.82939863,1.4506084,1.1426004,0.2901426,-0.3509045,0.7242935,1.2892503,1.8830603,-0.65296626,0.7093748,0.6551329,-2.172484,-0.0025943834
0.5795003,-0.73307157,-0.7445697,-0.013707509,-0.1645723,-0.6821928,0.2762487,-0.66545886,-0.8927699,0.6019484,0.69783443,0.82032615,0.40713933,-0.32512408,-0.07954143,-0.47955012,0.12145965,-0.4101561,-0.2852861,-0.6819523,-0.6167244,0.2235061,-0.6625892,-0.49650288,-0.18586142,0.011463538,0.22710861,0.46119457,0.097607024,-1.0150768,0.79606783,1.3668413,0.6457282,-0.23568025,0.11347281,0.655976,-0.84605175,0.6631056,0.102422945,1.708954,0.42577913,0.63310736,0.9003584,1.5604191,1.3603444,1.0989214,0.44752282,2.1094737,0.011912615,0.3415168,0.9080773,-0.65284383,0.24786015,0.4578473,-0.46900398,-0.59742546,-0.94022334,-0.36949077,-0.42184815,-1.2749076,-0.3152321,-1.2722412,0.09246251,-0.7365886,-1.5260235,-0.12455364,0.3123435,0.055948593,-0.26859462,-0.5020244,-0.75708044,0.29489428,-0.97757894,-0.054184906,-0.7296513,-0.09407616,0.395274,-0.3950009,1.023336,0.5925004,-0.026839767,1.2494905,1.7768523,1.3374809,-0.2091905,0.96265435,1.1420135,1.5102233,1.1715955,1.1184759,0.60752386,-0.034265183,0.16000347,2.0858102,1.0278344,0.68419945,1.0946892,0.43338934,0.39439875,0.55848765
0.84509844,-1.3364062,-1.0380876,-0.76470816,-0.08567862,-0.28157502,-0.39280835,-0.60980505,-0.7481369,-2.213203,-2.3428955,-1.0125226,-0.7952672,-0.6870975,-2.0104716,-1.4201313,-0.9864501,0.029182795,-1.5478586,-0.53496695,-2.0740385,-1.424511,-0.6384601,-1.1308433,-2.3583994,-0.23506914,-1.0084134,-2.1164799,-0.7789243,-2.1212852,1.1995941,0.49933127,0.62141794,-0.3468715,-0.49385864,1.061495,-0.00083777006,-0.5676112,-0.47041583,1.1087626,1.2340947,-0.34619176,-0.4495012,0.9540261,0.6264201,-0.10146252,-0.5464929,0.9165953,0.52368724,1.2567093,-1.098242,-1.941629,-0.994691,-1.082863,-0.516374,-0.86351615,-1.3313823,-1.244985,-2.305308,-2.0644944,-1.633282,-0.70401037,-2.156764,-1.2182505,-1.430931,-2.0817857,2.28954,-2.125539,-0.35404482,0.46953472,-1.0367479,-0.90970045,-0.9890649,0.16072524,-1.4324068,-1.3521025,-1.3696207,-1.5487205,1.0514026,0.12319946,-0.06497722,2.0848742,1.4036444,0.044347152,-0.7819643,0.7638826,0.5542435,0.9850981,1.8434012,2.0018108,1.8160567,-0.09513475,-0.67211646,1.3723055,0.040797446,1.8740733,1.399882,1.017919,1.3413955,1.9202344
0.7086226,0.23763332,-0.70827734,0.26212668,-0.0055106534,-0.4562682,0.31179076,-0.011453595,0.060288087,-2.272552,-2.3642933,-1.531001,1.1762484,-1.6905998,-1.3853124,-1.562969,-1.3605587,-0.74374413,-0.83422005,0.13288909,-0.58837014,-1.214253,-1.256888,-2.174964,-1.025495,-1.4545221,-0.23197207,-0.82585317,-1.5715953,-0.027605059,0.14742693,0.8883712,-0.9876084,-2.263885,-1.6679523,-0.30379185,0.8535424,1.4211478,0.98703766,0.9997766,-0.13981014,-0.089173034,-1.1717273,2.4803817,-0.4404667,0.90523404,-1.4911984,-0.6208759,1.0740227,1.7668166,0.72284037,0.016052702,-2.1712778,-0.01949329,0.0070385695,0.22228028,-0.61454326,-0.027985444,-1.8636193,-1.6736674,-2.9479437,-2.2571888,-0.59478605,-0.42812642,-2.9527295,-1.3599422,0.16979606,-1.9555693,-1.8747783,-0.7916125,-1.1458538,-2.5057366,-0.9991909,0.5176173,-2.3142068,-2.1559584,-0.44278532,-1.6721973,0.4764633,1.0164503,-2.37519,-1.7355244,-1.2895153,-2.576303,-1.0419453,-2.4732318,1.0884161,-0.38417712,1.4005952,-0.06658338,-1.7210258,0.44012144,-0.3836032,-0.6314505,-1.0617799,2.4317932,0.40245754,0.07448195,1.6115481,2.2272565
-1.1985892,0.30126414,0.20431462,0.64437395,0.5048385,0.58654,0.33825073,0.43150017,0.90110314,-0.4024264,1.3445965,-0.06730145,3.0376759,0.23306482,0.3475947,-0.7963202,0.6460943,-0.75936514,-0.47424677,-0.16403595,-0.66944367,0.86269575,-0.7596097,-0.29725862,-0.45897353,0.02049261,1.3901997,1.8120685,-0.3530789,2.256344,0.7493891,1.0568326,-2.193559,-1.5929959,-0.24859555,-0.087753974,-0.18171045,1.7519193,2.3990595,1.2702711,-0.005030545,2.3954933,0.25889623,2.4974675,0.00901679,1.9328263,-0.65421,-0.34699225,0.7940783,1.4320986,-1.241444,0.04479514,-1.0755621,1.0609114,0.80670685,0.133283,-0.13735452,0.45104718,0.21015711,-0.28280136,-0.5269462,1.1040542,1.4799951,0.11295745,-1.0236177,0.34212053,-0.7831128,0.09211428,-1.4877878,-0.29917377,-0.4224991,-0.5761436,-0.31518364,1.0542442,-1.0788747,-0.7732472,0.13710195,0.053004313,1.0021131,1.1921831,-1.1621083,-0.97087216,-0.60469,-0.213769,-0.22911602,-0.6475428,0.6974748,0.32604587,0.5655085,-0.3882198,-0.8843468,0.5372762,0.32873663,-0.0518397,0.8285622,1.8956974,1.9669542,-1.7120771,0.07717097,1.571418
-1.0314355,-0.30454656,0.04371234,-0.6537803,0.2977331,0.4316909,-0.10093136,-0.2590491,0.19952744,0.08439908,-1.5938501,-1.5805689,1.5214127,-1.1356052,-0.9321907,-2.0838811,-0.82328194,-0.3136914,-1.8005435,0.89656883,-0.345857,-1.249022,0.10233624,-1.9512216,-2.0505567,-0.5805985,0.21672411,-0.7495462,-0.2046828,2.0000007,0.22762348,-0.075648785,-1.9655895,-2.0347812,-1.7919993,-0.7466331,-0.9111968,1.3388847,0.7768029,0.84752303,-0.073863596,1.1934317,-0.1614486,2.0827196,0.27355376,1.0896939,-1.1383878,-0.7788219,-0.029940445,1.6869845,-0.271902,-0.11050911,-2.081587,0.25328875,0.4480296,0.28600156,-0.9763473,-0.07098893,-0.85097975,-1.1029185,-2.0397825,0.54107267,-0.37490785,0.0140166795,-1.9134582,-0.0030828877,-0.24255371,-0.7516261,-1.8909084,-0.5108042,-0.67480606,-2.6301346,-0.68714917,0.4936164,-2.133478,-2.5651653,-2.2100945,-0.54644686,0.36816487,2.060041,-2.048798,-1.469295,-2.1071548,-2.2938893,-1.2411709,-1.7038416,-0.8851501,-1.1704468,0.49711725,0.4667937,-0.3539837,0.094311476,-0.13428809,0.1829653,-0.5130393,1.9358656,-0.1235381,-0.10561364,-0.51966715,1.2444242
-1.2984343,-1.004896,-0.12521829,-0.6676765,0.27566186,0.5133691,1.0058182,0.0025202993,0.025747867,-1.3366648,-1.1840558,-2.4056704,2.5378513,-0.42836568,-0.87228566,-1.4533477,-0.5920402,0.47661915,-1.12176,0.6496043,0.2848446,0.6669405,0.20427547,-0.023965286,-1.6605618,0.08246787,0.81982315,0.9943344,-0.1063925,1.25842,1.5002363,0.28607607,-1.1000237,-2.307401,-0.71009344,-2.319158,-2.2643948,-0.13663322,0.7048501,-0.55113286,-0.44553766,2.488018,0.5247418,2.5684261,0.3831016,1.7874938,-0.373069,-0.058373038,0.027487295,-0.32189408,1.521025,-0.87017,-1.2097001,-0.06289746,0.33910042,0.023949934,-0.43155438,0.22701141,-1.2542127,-2.2357955,-2.0844052,-0.85274446,-0.26145813,0.056462076,-0.9491692,0.42997447,0.329862,-1.8087167,-1.7454369,-0.330397,0.1903644,-1.123549,0.3850217,1.6084398,-2.0003238,-2.8122833,-0.6668962,0.86288005,0.59459746,0.28910184,-3.402124,-2.769211,-2.1009672,-2.2464888,-0.5053565,-1.6762358,-2.8289483,0.40386423,-1.5048969,0.60226524,-0.76555574,-0.9362148,0.9754702,0.79595476,1.1935321,2.3314292,1.6107539,-0.22153483,0.065022856,0.7666733
-1.489493,0.27972355,0.7912556,0.27430782,0.5080377,0.80391943,-0.45713612,-0.1755144,0.63326424,-0.033216022,0.819246,-0.6329302,1.5826623,0.47013977,0.24663083,-0.9330964,-1.403948,-0.75340015,-1.1693009,-0.89341366,-0.49747518,-0.81011283,-2.328483,-1.0910069,-0.32975262,-0.27677414,0.27116665,-0.29846972,-0.5282327,0.096378475,0.6772191,0.8790433,0.29387918,-1.808397,-0.3352237,-1.3426156,-0.8003923,0.6283436,0.28325883,-1.0654317,-0.6632397,1.1798497,1.1619506,1.817242,1.5887026,1.372598,0.37634706,0.24968354,-0.9989666,0.4237987,0.09439483,0.71806276,0.2222241,1.1644081,0.8912042,0.38938448,0.3732678,0.066055536,-0.8023484,-1.1588049,-0.4923663,1.7673852,0.041741963,0.7959163,-1.475553,-0.22072655,-1.0134953,-0.22385906,-1.8263739,-1.581518,-0.996589,-1.2223172,0.06790176,0.82010025,-1.5140347,-1.578821,-0.44533643,-0.12418137,-0.58818215,1.7254295,-1.8037957,-1.6573508,-0.9592072,-1.5511973,0.118989564,-1.114437,-1.5335548,-0.264785,-1.0844196,-0.13462108,0.76631016,0.71597,-0.10334614,-0.098665394,0.3429487,1.9182886,1.1486712,-1.0411736,-0.71655613,-0.061978646
-1.6496681,0.57164115,0.49712247,0.9283486,-0.017357618,0.30151424,0.6848507,0.6636901,0.6605949,0.45289713,-0.28441674,-1.0354491,1.2399224,1.8171307,1.1598773,-1.1773428,-0.64584535,-0.5693179,-0.3176697,-0.7077906,-0.11729155,-0.013544591,0.13355872,-0.9820561,-0.9428717,-0.7564455,0.4825845,0.32781962,-1.2358197,1.202287,-0.66028607,-0.526428,-0.9508703,-0.91642785,-0.58227026,-0.24782746,-0.063724674,0.525103,0.23865545,-0.18367556,-1.008616,-0.2040238,-0.576708,0.70999813,-0.16263212,0.1521057,-0.6943276,-1.4054984,-1.1539882,-0.4206944,-1.7810228,0.31006768,0.2825433,1.5701938,0.61121887,-0.22752726,0.64481133,1.1086439,-0.416893,-0.53842115,-0.72380906,0.7499764,0.9307479,0.91916627,-0.8456428,0.9033373,-0.7923432,0.46423936,0.12243111,-0.019685276,-0.4939942,-0.19479698,-0.048039448,-0.040355895,-0.7678145,-0.4536956,-0.42824626,0.23685642,0.39996096,0.6454549,-0.5298321,0.15487438,-0.06910925,-0.07560492,-0.31675053,-0.20879665,-0.18828024,0.7915359,0.10427248,0.024591459,-0.94884473,-1.408032,0.17820475,-0.08833706,-0.03485167,0.6881691,0.9183737,-0.94566256,-1.3119767,-0.8044621
-0.7485971,0.21436012,0.043165118,0.34908777,0.024697192,0.2684961,-0.09785823,0.25683883,0.508069,-1.3185762,-1.2357873,-1.2510821,-0.06050511,0.48714072,-0.7814097,-0.98861754,-0.5082735,-0.0036426005,1.2761275,-0.48647007,-0.026742924,-0.515962,0.41221002,0.008937403,-1.6933278,-1.3822976,-0.78479695,-0.2630179,-0.524505,0.5479378,0.21449067,0.50421065,-0.18366475,0.8960236,-0.2811823,-0.36121005,-0.43779972,0.030494377,0.3426817,-0.44209504,0.4056717,-1.2714349,0.0012249845,-0.79957306,-0.5759938,0.0016678373,1.5211388,-0.11955374,-0.8503039,-0.72371805,-1.2337768,0.5049184,-0.09158493,0.99531835,0.4249015,0.06682496,0.20832247,0.69913006,-0.5626646,-0.6309917,-0.9960902,-0.41380987,0.22296892,0.78848636,0.9630047,0.35215843,-0.5920305,0.00475081,-0.03130459,0.14837557,-0.050089747,-0.5365789,0.60848486,-1.8792194,-1.2725749,-0.78017765,-1.0963147,-0.21444368,1.38763,1.0399581,-0.31421095,1.2986666,0.6875119,-0.9202856,-1.3436697,1.6759833,0.23562104,-0.119666,0.5125452,-0.56523514,1.8496712,1.1606205,0.41772422,0.06276884,-0.30807814,-0.16828957,-0.021701679,-1.4617541,-1.0027524,-0.8517363
-0.39812458,-0.3248709,-0.3079639,0.12970327,-0.36222443,0.25827822,-0.33463994,0.30062616,0.2803147,-0.714477,-0.7550865,-0.63327,-0.31589797,1.7387515,-0.14786015,-0.047342863,-0.2696915,0.32598734,0.43930912,-1.4979653,-0.07728696,-0.5880357,-0.11664121,-0.8519979,-2.6183512,0.21902102,-1.8170844,-0.60323155,-2.145529,0.23007208,1.1925387,-0.2947436,0.195913,0.26618117,-0.8745073,0.4751429,0.31006426,0.37334803,0.28221932,-0.07582721,1.0992825,-0.4989456,0.3025824,-1.19445,0.55729455,-0.8011246,1.2326007,-0.42982167,0.7959402,-0.5698024,-0.069313705,-0.5439672,0.46691567,-0.69253695,0.22962178,0.09331304,-0.1594087,-0.215103,-0.8015354,-0.5654923,-1.3352137,-0.53474754,0.32483596,-1.0417372,0.9860331,-0.76528215,0.43791214,0.24390653,-0.1143368,1.0906916,-0.08202647,-1.0535026,0.82458276,-2.142529,-0.99634147,-0.5604174,-0.7702471,-0.85907197,1.021889,-0.40887958,-0.0036362377,1.893982,1.2357774,0.0041659554,-2.2347875,1.5288976,0.1107181,-1.089877,0.99070317,0.23712891,1.3201598,-0.07144404,-0.7509184,-0.3427395,-1.2319137,-0.6508231,-1.0592781,-0.32671738,-0.06125435,0.6098104
-0.23603499,0.62126994,0.8931816,-0.685006,0.076631956,0.07645913,0.07563315,0.4652109,0.44709343,-0.06496411,-0.47311503,-0.50496596,2.32943,0.92780375,0.97731096,0.09997645,0.11184035,0.8103519,0.6607533,1.0859126,0.3489918,0.8400896,1.1524903,0.54048115,-0.654215,-0.5182512,-0.41539404,0.085236676,-0.53622746,1.906217,1.5858972,0.4207914,1.7494901,0.6827326,0.97661084,0.36429834,0.46193388,0.53207636,1.3168144,1.0005288,1.5901842,0.4971112,1.4223657,0.031486694,2.0333147,1.274341,1.6814802,1.3362275,-0.49251965,0.8357646,0.035290442,-0.14715,1.0533823,-0.6837036,0.10560653,0.043925412,-0.3926546,0.47997928,-0.5285188,-0.60758376,-0.5642795,0.45185724,0.1966392,1.0502312,1.5339758,0.9481689,-0.826002,-0.2972228,1.1294292,1.7252723,-0.6745254,-0.12408819,0.29801598,-0.3458905,-0.73203653,-1.0093399,-0.7891925,-1.4184579,0.888192,0.988156,-0.6199921,2.006875,1.6998142,1.0646158,0.0341809,1.61403,0.44936273,-0.016744098,1.2073177,-0.35391524,2.1851888,0.61309683,0.07828214,1.9492481,1.7680205,-0.2953926,1.1644071,0.86088157,0.29512933,0.5156148
0.6503677,-0.6134866,0.20160298,-0.5605888,-0.0021124168,0.31848487,-0.48638284,-0.32085133,-0.19084671,0.9628256,0.8440082,-0.3095707,1.4019529,-0.623863,-0.4890989,1.3970617,1.4598033,0.21946073,1.0386313,-0.22249073,-0.15219893,2.6220524,0.9535225,0.011369173,-0.6505554,-0.52484274,-0.5109456,-0.70884943,-0.57330734,0.7471489,0.63461524,0.18867354,1.801665,1.423158,0.81741315,-0.49805576,1.2639924,1.0090849,0.36828792,0.58285785,0.63480663,-0.8640784,0.8203035,-0.40795022,1.0435723,-0.30991825,1.7857269,2.0217962,-0.32898942,-0.089115724,0.14213137,0.037456263,1.4264265,0.4232989,0.087960444,0.36425138,0.2367331,-0.62492484,0.5880529,-0.04419758,0.24590625,-0.83726436,0.54677355,0.45223528,2.5581872,-0.25568578,1.3031077,1.1518114,0.48128685,0.656233,-0.2367432,-0.85362387,0.41784337,-0.51754177,-0.6991853,-0.6866825,-0.6962853,-0.7414215,0.67087597,0.72206384,0.04697172,1.1812627,0.84739834,0.9488222,-1.5944932,0.70518875,0.3697179,-0.7044341,-0.48456463,-0.3205659,1.8997445,1.1397109,0.19344576,-1.6605424,-1.4726092,0.00018773512,-0.7085504,1.3651227,0.27038893,-0.69953746
0.5378938,-0.4641236,-0.53352416,0.27513173,-0.18646257,-0.0914611,0.15046412,-0.16435455,-0.583233,1.3309362,0.51265126,0.9620186,-0.16331904,-0.17392878,1.0463887,0.68033177,1.3837992,0.7886434,0.52288944,0.28092095,0.89588284,1.340158,0.79936415,0.096177675,-1.2470487,0.6241838,-1.2529244,0.1897032,1.409183,-0.1304637,0.6928533,-1.2875865,0.057223428,1.8476076,0.85293794,0.1509367,0.7636976,-2.4155986,-1.3788875,-0.9253752,1.0170763,-0.95893204,0.4273879,-1.448984,1.0757433,-1.0372467,1.8646781,1.4727428,-0.32331324,-0.108608566,-0.53608394,-0.6583525,1.4688073,-0.44060376,0.10871651,0.06556516,0.068516545,-0.8346226,1.1471676,1.2152804,0.94456905,-0.29572496,-0.052483015,1.1700783,1.8410971,1.3929231,0.78392935,1.162611,0.4641358,0.91925687,0.8342794,-0.6677604,1.3001852,-2.3073053,0.79961795,0.4582814,-0.8928063,0.46016353,1.3657457,-1.3157206,0.28143102,1.8774102,2.0671732,0.91301584,-1.9070232,2.056223,0.42363778,-1.218489,-0.11263738,-0.50234735,1.8928317,-1.3199911,-2.4822257,-0.3567954,-2.4421625,-0.2638467,-0.011953433,2.019888,0.75262094,-0.08266405
-1.6058532,0.9554402,0.70880747,0.81850404,0.2019543,-0.17473856,1.0811366,0.6466734,0.65999705,-0.13484418,-0.1779134,0.5691679,-1.1321256,0.5367524,1.4024692,1.6341417,0.6546373,0.64883626,2.3873808,0.5527872,0.72596544,0.66630673,1.0331019,0.17546196,-0.42383808,-0.07171324,-0.4566274,1.0561098,1.0437247,0.85693586,0.3269506,-0.15740058,1.0271554,1.7958654,1.1867731,1.6034304,1.0969173,-0.48262298,0.28925928,1.1172987,0.674766,-1.003708,1.2114497,0.31542915,1.2634656,0.63074,1.1161184,1.0834092,-1.1446112,0.25798044,-2.7008493,0.7779492,1.3433408,0.7591571,0.85904264,0.5022344,1.1800568,0.57616603,0.0016622428,-0.37211168,0.38155398,-0.22368775,2.094366,2.2212167,1.0801026,0.33156538,0.9404181,1.6754164,1.5265173,1.1586694,0.36403123,0.38537714,0.5710403,-0.5866311,0.22407506,-1.1497767,0.3605016,0.63050973,1.5531976,-0.98895776,0.10447399,2.0086567,1.4837413,0.799545,-0.12841201,1.6634066,0.7034709,0.6174688,0.74926585,0.6605776,1.3543146,-2.2573202,0.23676112,-0.024385968,0.3674526,0.4354564,1.0422024,-0.3938247,-1.0347487,0.4315566
0.56669635,0.24863762,-0.30195475,0.21121842,0.3146056,-0.5896916,0.5153108,-0.030284733,0.37226605,-0.8897506,-0.62656593,-0.7655934,0.056338575,-0.40532172,-0.12792431,-0.7651881,0.96626127,-0.022063993,-0.19217946,0.5613208,0.28667638,0.11015068,0.46645576,0.3645324,-1.7494569,-0.074642554,0.2878262,0.16776632,1.3029935,0.93537307,0.6035926,-0.86108226,0.35429558,-0.09414423,0.40627873,1.3143063,1.0793165,-0.8869552,-0.01618407,-0.28723025,0.14343013,-0.4834176,0.027240355,-0.11005801,0.4334134,0.32445282,0.1083299,-0.2072301,-0.6562085,0.6984229,-2.0711017,0.12686577,1.0860677,0.5309883,-0.18203674,0.05606024,0.4833977,0.19727701,-0.10804759,0.7769301,0.23506588,0.23151655,1.540001,-0.039406765,0.17862236,0.6408214,1.0163018,0.9080181,0.98135465,0.64313495,0.60658616,0.750466,0.58615285,0.89601475,0.6516965,0.4198423,0.09787723,0.93113226,1.1395234,-0.60206574,1.1511445,-0.06337105,0.29417625,1.3300894,0.23236805,-0.4165471,1.9566635,-0.30239016,1.0699794,0.9213236,0.2919153,-0.45388335,0.7873351,0.004622922,0.25753403,0.42649594,0.059363708,-0.38978827,-0.16841517,0.24003874
-1.0515054,-0.460056,-0.21528612,0.16621551,-0.4662661,-0.5266017,-0.9088976,-0.1623788,-0.67967224,0.0429077,-0.80977225,0.74551123,-1.0873166,-1.7559747,1.3459421,-2.1531765,1.2602292,0.190406,-0.26338732,0.5870409,1.5658287,-0.5821936,0.22394685,0.6310886,0.5010233,0.78182703,0.99268806,0.68003833,1.7790523,-0.14176916,-0.9142148,-2.1451688,-2.3404982,-1.2803295,-1.9812025,-0.6410397,-1.3759656,-2.5743887,-2.3941634,-2.6517696,-2.4988825,-1.4380478,-2.7482963,-1.2013994,-2.3065884,-1.7535416,-2.3571935,-2.0396695,-1.3424106,-2.2535298,-1.4383016,-0.49889308,-0.29250696,-0.4210364,-0.40544844,-0.16878387,0.49018714,-0.35485268,0.27616897,0.93688375,1.5265561,-0.87166137,-0.6511705,-0.34576762,1.6098111,-0.74606496,-0.547306,1.8200667,1.6665376,1.4451337,2.5255206,0.22579364,2.603526,-1.306115,1.5828571,1.4608201,1.7107714,1.8598729,0.43512347,-0.45284253,1.2487527,-0.980739,-0.96832,-0.23064978,1.3811904,-0.21197876,-1.5045393,0.18964507,-0.06952657,-2.071256,-0.73809457,-0.8015212,-0.92183006,0.5639619,-1.7617624,-0.825755,-0.6818364,1.0880611,-1.0623634,-1.534201
-1.5404631,-1.3033904,-1.2790536,-1.0591477,0.0009085096,-0.20497595,-0.7133364,-0.059906725,-1.4850032,0.655873,1.5717814,2.633761,-0.035903703,-0.12511772,1.3136123,-0.12564279,3.6913013,1.7009252,1.8501608,0.5487948,2.0831788,1.0730982,0.7055895,2.355762,1.4836826,1.4938205,1.5443399,1.2665746,0.41907007,0.35970086,-0.07926955,-0.43049076,-2.010856,-0.010244039,-0.378013,-0.7859435,-1.0900251,-2.7956698,-2.5112915,-2.0666435,-1.8302804,0.47230253,-1.4267693,-1.1182473,-1.1678774,-0.4074568,-1.4769633,-1.1775973,-1.2806703,-2.2109852,-1.0359561,-1.1129235,1.4665508,-1.0147581,-0.008737031,-0.6863063,-0.2439347,-1.0726042,1.3191736,0.6278614,2.30462,-1.5952717,-1.1936156,0.14690985,1.4669857,-0.7880745,0.32115626,1.8784667,2.9477983,1.8784064,2.2728388,1.8372754,1.6872274,-0.8591886,2.761405,1.9665499,1.1746805,1.0458815,1.335568,0.10107268,2.1639197,0.013451497,1.053016,1.7129607,2.0669281,2.2119386,-0.6129941,1.653308,-0.13767958,-0.970638,1.0701336,-0.31992394,-0.87565565,0.1029747,-0.5441773,-1.0270271,0.24734242,2.1532257,-0.94502366,-1.899028
-0.83320385,-0.9501099,-0.11140184,-1.6110665,-0.31553632,-0.43488538,-0.48598006,-0.8036151,-1.5840878,0.09582971,-0.5341058,0.53554046,-1.0038234,0.84155446,-0.13979857,0.042117044,1.8694478,1.8116995,1.5882435,0.42588145,1.3688926,1.3344141,0.8000595,0.9223807,-0.24892354,-0.27588123,1.1975532,0.27343038,1.9714264,-1.2833552,0.33088666,-0.06696109,-1.435384,0.759793,-0.007229377,-0.396665,-1.2747152,-0.6666931,-1.0114247,-1.5713698,-0.45017815,-0.31744862,-0.539685,-0.88534546,-0.46081057,-0.4855106,-0.87331146,-0.54969996,-0.31937477,-1.5341831,1.4384835,-0.73023033,1.2653112,-1.3907183,-0.542984,-0.63330126,0.3926196,-1.1764078,0.3121341,0.6001682,0.8648004,0.21875471,-0.6134837,0.50799,2.4646342,0.90654904,0.6647075,0.892783,2.441684,2.8499231,2.4416194,0.91007,1.3457499,-0.7896799,1.1046839,-0.33537912,0.45230427,-0.24997967,1.8102454,-0.2985144,1.0825421,1.0572094,1.0096477,1.587514,0.89936477,1.7508734,-0.75239605,0.31821772,-0.041208014,-0.42642954,0.098754056,0.08591761,-0.7979416,0.5011548,-0.036224183,-0.33893695,0.77868587,2.4993572,1.2366409,-0.5664533
0.51563925,-0.45495322,0.31105438,-0.79050255,-0.07204894,-0.45012856,0.93526757,-0.327466,-0.31301305,0.21191451,0.06626952,0.13427015,0.010584849,0.011720992,0.771686,1.0154037,0.4254286,1.2170416,0.7133823,1.0806814,0.46259758,1.2380092,2.0003068,1.5845971,1.5574863,0.5954364,0.9708506,1.2398218,1.0303696,0.57313275,0.24712187,-0.30179933,1.2200577,0.46051615,1.1945825,-0.43391833,0.4126418,0.08565162,0.52051777,0.32854763,-0.06368947,0.8522826,0.44004384,-0.06019349,0.5113486,-0.26105192,-0.04843752,0.6725953,0.42953926,-0.4551211,1.5443709,0.35250732,1.5212243,-0.018750755,-0.6497518,0.16913232,0.6950821,-0.08574572,0.6872616,0.575204,0.16126212,0.3976938,0.9297138,1.0768342,1.1984149,1.5511106,2.8507245,1.2998996,0.83927697,1.7014055,1.259983,1.0019263,0.6555008,1.2324218,0.6008836,1.2921214,1.237591,0.93272424,-0.080038615,-1.1888818,1.4694786,0.51924247,1.037409,1.1182731,0.7026829,1.2527544,-0.3217977,0.6188594,0.2968743,1.2218858,0.4118771,1.4266719,1.3892857,-0.71295726,1.1071514,0.89908326,0.40673822,2.2545114,1.6460258,-0.48912737
-1.1192278,0.02108504,-0.257381,0.6550626,-0.3987517,-0.8070499,0.42442206,0.008027865,-0.032010444,-0.10313038,-0.34197003,-0.19732118,1.4528207,-0.8826317,1.3670082,-0.4739857,0.37172216,-0.5052545,-0.54288775,0.35108367,0.3403588,0.2840979,-0.5930967,0.8839098,0.49833205,0.42380598,0.66524476,0.94312,1.0750672,1.1037254,-0.61987215,-0.27574286,0.9942089,-0.022783848,-0.037960317,-0.94275343,-0.46483704,-0.5391691,-1.4310644,-0.6505517,-0.27807897,0.60475695,0.60434,-0.15590554,0.30001488,0.021797506,0.8114697,-0.23601955,-0.8809016,-0.21384344,-0.5831063,0.26957864,0.7995771,0.93656963,-0.31344426,-0.4280038,0.49880686,0.34630677,0.97920156,0.93060315,0.8455399,0.787629,1.935446,0.77375114,-0.04342559,0.66078323,1.4969554,1.0494097,0.58105284,0.1606198,0.5721115,0.7138108,0.05027373,0.9156992,1.3682092,0.17374215,1.7527326,1.3730906,1.3597461,0.6708906,0.36447692,0.2845314,0.028581202,0.7080687,0.6936137,0.18384378,-0.2516964,-0.124761574,-0.5486454,1.062679,0.020101558,-0.21323058,1.5235019,-0.4023527,0.86987895,0.47927687,0.33220908,0.37589052,-0.41060254,-1.0817589
-0.23817126,-0.18352035,-0.6393881,-0.2923612,-0.6196387,-0.43541884,-0.10646303,-0.52997994,-0.069400996,-0.62175566,0.8794273,-0.9959826,1.0981859,-0.38883206,0.17545882,-0.009937317,-0.81958354,-0.70860046,-1.2173142,-0.4718654,-0.83776134,-0.75570273,-0.30413994,0.3788869,-0.8391828,-0.95855576,-0.64994323,-0.03280077,0.70326614,-1.1190459,0.36425468,-1.0620701,1.570346,0.4608337,-0.05923011,0.3353874,0.85175186,-0.3204011,-0.258117,0.1595084,1.2971389,0.026358599,0.30798924,-0.41481504,0.4873474,0.26263085,0.6308111,1.6101164,-0.6212775,0.6612014,-1.3896353,-1.1337235,0.09290146,-0.36235836,-0.44573596,-0.5222493,-0.77544,-0.7413685,-0.29485664,0.52680403,-0.05963618,0.8610269,0.25417668,1.231967,-0.14674963,-0.15693858,0.33207348,-0.8913948,-0.8784008,-0.61427736,-0.63100374,0.070605285,-0.48640907,0.4357273,-0.37693784,-0.13789874,-0.82004017,-0.3352671,0.54298127,-0.19367592,0.61823505,0.8443206,-0.67406887,-0.11574437,-0.5912872,0.5099203,0.097262725,-0.5647411,-0.13159108,0.11390987,1.0048611,-0.30949757,0.48814988,-1.269316,-0.21359599,-0.7984117,-0.49817753,-0.014802643,-0.40275833,0.18467788
-0.5215502,-0.5043398,-1.4065549,-0.54422086,0.078548014,-0.79294676,0.29709405,-0.04066525,-0.00734613,-0.037313674,2.7884216,0.8011344,-0.47048017,0.8045201,0.6068962,0.06371695,-0.537553,0.07110021,-0.0101208,0.18259068,0.5204686,-0.46288878,-0.25801662,-0.22788718,0.6830464,-0.3307982,-0.38228327,-0.12949622,0.14950773,-0.07797588,0.47601956,-0.1614489,-0.028819948,-0.98186964,-0.12097187,-0.60617006,-0.5679957,-0.33450654,-0.08052152,0.18123764,-0.23490119,-1.3465798,-0.66280043,-0.3208932,-0.18282416,-0.25617668,-0.6166601,-0.807374,-0.2848141,0.023625135,-0.58940357,-0.3202767,0.04661329,0.4049455,-0.8685452,-0.83267665,-0.88314223,-0.93080616,0.3202218,0.78734267,0.08716632,-1.2315471,-0.9066146,1.941906,-0.68002623,0.062164214,0.11011785,0.3048241,-0.043973617,-0.8287007,0.99845177,-0.08003889,0.5840234,0.39354348,0.88611776,0.90505636,0.7822982,0.48168427,0.19180875,0.3344894,0.07071429,-0.5571058,-1.2817893,0.39202574,0.28990132,-0.59932524,-0.7324374,0.76532394,-0.67979306,-0.39970922,-0.33312154,-0.8338002,-0.72247356,-0.17212227,-0.97767746,-0.9708512,-0.027095975,-0.7206075,-1.1296028,-1.0694629
0.7159262,-0.8495506,-0.26266795,-0.5387883,0.3403167,0.3419318,0.7673642,0.12124358,0.38375923,2.2001522,1.3398216,0.72919977,0.985559,1.0731052,2.5263493,0.7396976,1.5335113,1.475783,1.9957427,1.3275915,2.6508694,0.20228447,1.8258116,1.5100036,0.7883371,-1.0402431,-0.38154536,2.154392,1.7229933,1.105729,0.99910694,-0.9452629,-0.71349317,0.9529379,0.78437626,1.0537575,1.4411602,-1.0082432,-1.1956596,-0.41153657,0.047825858,-0.63466024,-0.5158727,0.26262662,-0.86783874,0.18819916,0.28938496,0.71487015,0.71929693,-0.18829852,-0.26360723,-0.4832296,0.97331035,-0.25061142,0.4375067,-0.020807585,0.164479,-0.049439434,1.7095312,0.7039617,1.3754823,0.19144163,0.9596482,1.8063813,0.24703637,0.21723998,1.1538489,0.1954004,0.7997591,1.6160139,1.2454481,0.17405239,0.76511043,-0.38983124,0.72712314,0.36378577,1.1625022,0.6986903,1.9023665,-0.7203576,0.7137379,-0.48740813,-0.6095302,0.8752624,-0.0892385,1.1519446,0.10302785,0.8235926,0.40288857,0.06631469,-0.4229096,0.40161285,-0.58898574,0.96162623,-1.0961716,-0.19434887,0.46821842,2.5866263,0.49781507,0.13648872
0.6886849,0.4940148,0.052333713,0.3773067,0.2779139,0.27517727,1.013744,0.17549786,1.0056993,0.2681524,-0.28365123,-0.81158614,0.7929452,-0.43931368,1.0522846,-0.04034273,0.29856744,0.38245144,0.6378354,0.7561792,-0.12019439,-0.9986863,0.57017547,-0.8014665,-0.68662757,-1.6269374,-1.4812344,0.27012092,-0.19586942,0.45851842,0.64885753,-0.35491753,-0.8371424,0.23038976,-0.17297642,1.5114316,0.47849083,1.4788607,2.007807,1.8449019,1.2319299,0.82989466,-0.0580984,1.2258034,0.14361912,0.9669721,1.2322354,0.49750602,0.8731919,1.8443577,1.3148811,0.21603306,-0.78503335,-0.003501773,0.29761046,0.3968044,-0.6991326,0.04498087,0.7523009,0.45369905,0.77120787,-0.9684762,1.4431063,-0.33673772,0.06647706,0.61467576,1.2645329,0.48576933,-1.2428104,-0.48140532,0.28782913,-0.70890075,0.43000096,1.491519,-0.44770113,-0.14857571,0.11382509,-0.52758795,1.5782835,1.3282765,-1.1247824,0.5238337,0.9061398,-0.5424872,-0.49122062,0.6966089,0.8735928,0.07353964,1.2153246,1.6254867,0.8795187,2.0518897,1.0354751,0.8918203,0.6745006,1.2125363,1.6465409,-0.05390935,0.73437905,2.0647638
