7Networks_LH_Vis_1,7Networks_LH_Vis_2,7Networks_LH_Vis_3,7Networks_LH_Vis_4,7Networks_LH_Vis_5,7Networks_LH_Vis_6,7Networks_LH_Vis_7,7Networks_LH_Vis_8,7Networks_LH_Vis_9,7Networks_LH_SomMot_1,7Networks_LH_SomMot_2,7Networks_LH_SomMot_3,7Networks_LH_SomMot_4,7Networks_LH_SomMot_5,7Networks_LH_SomMot_6,7Networks_LH_DorsAttn_Post_1,7Networks_LH_DorsAttn_Post_2,7Networks_LH_DorsAttn_Post_3,7Networks_LH_DorsAttn_Post_4,7Networks_LH_DorsAttn_Post_5,7Networks_LH_DorsAttn_Post_6,7Networks_LH_DorsAttn_PrCv_1,7Networks_LH_DorsAttn_FEF_1,7Networks_LH_SalVentAttn_ParOper_1,7Networks_LH_SalVentAttn_FrOperIns_1,7Networks_LH_SalVentAttn_FrOperIns_2,7Networks_LH_SalVentAttn_PFCl_1,7Networks_LH_SalVentAttn_Med_1,7Networks_LH_SalVentAttn_Med_2,7Networks_LH_SalVentAttn_Med_3,7Networks_LH_Limbic_OFC_1,7Networks_LH_Limbic_TempPole_1,7Networks_LH_Limbic_TempPole_2,7Networks_LH_Cont_Par_1,7Networks_LH_Cont_PFCl_1,7Networks_LH_Cont_pCun_1,7Networks_LH_Cont_Cing_1,7Networks_LH_Default_Temp_1,7Networks_LH_Default_Temp_2,7Networks_LH_Default_Par_1,7Networks_LH_Default_Par_2,7Networks_LH_Default_PFC_1,7Networks_LH_Default_PFC_2,7Networks_LH_Default_PFC_3,7Networks_LH_Default_PFC_4,7Networks_LH_Default_PFC_5,7Networks_LH_Default_PFC_6,7Networks_LH_Default_PFC_7,7Networks_LH_Default_pCunPCC_1,7Networks_LH_Default_pCunPCC_2,7Networks_RH_Vis_1,7Networks_RH_Vis_2,7Networks_RH_Vis_3,7Networks_RH_Vis_4,7Networks_RH_Vis_5,7Networks_RH_Vis_6,7Networks_RH_Vis_7,7Networks_RH_Vis_8,7Networks_RH_SomMot_1,7Networks_RH_SomMot_2,7Networks_RH_SomMot_3,7Networks_RH_SomMot_4,7Networks_RH_SomMot_5,7Networks_RH_SomMot_6,7Networks_RH_SomMot_7,7Networks_RH_SomMot_8,7Networks_RH_DorsAttn_Post_1,7Networks_RH_DorsAttn_Post_2,7Networks_RH_DorsAttn_Post_3,7Networks_RH_DorsAttn_Post_4,7Networks_RH_DorsAttn_Post_5,7Networks_RH_DorsAttn_PrCv_1,7Networks_RH_DorsAttn_FEF_1,7Networks_RH_SalVentAttn_TempOccPar_1,7Networks_RH_SalVentAttn_TempOccPar_2,7Networks_RH_SalVentAttn_FrOperIns_1,7Networks_RH_SalVentAttn_Med_1,7Networks_RH_SalVentAttn_Med_2,7Networks_RH_Limbic_OFC_1,7Networks_RH_Limbic_TempPole_1,7Networks_RH_Cont_Par_1,7Networks_RH_Cont_Par_2,7Networks_RH_Cont_PFCl_1,7Networks_RH_Cont_PFCl_2,7Networks_RH_Cont_PFCl_3,7Networks_RH_Cont_PFCl_4,7Networks_RH_Cont_Cing_1,7Networks_RH_Cont_PFCmp_1,7Networks_RH_Cont_pCun_1,7Networks_RH_Default_Par_1,7Networks_RH_Default_Temp_1,7Networks_RH_Default_Temp_2,7Networks_RH_Default_Temp_3,7Networks_RH_Default_PFCv_1,7Networks_RH_Default_PFCv_2,7Networks_RH_Default_PFCdPFCm_1,7Networks_RH_Default_PFCdPFCm_2,7Networks_RH_Default_PFCdPFCm_3,7Networks_RH_Default_pCunPCC_1,7Networks_RH_Default_pCunPCC_2
0.083412044,-1.0786078,-0.8200532,-2.2214205,-2.8298755,-2.6526423,-1.2368401,-2.1239848,-0.6970477,-2.423697,-1.091442,0.6645729,-0.69314545,-0.17248866,-0.02330137,-0.6274467,0.5380315,-0.062199514,0.84198684,0.31866547,-0.811823,0.017737623,-0.41938263,-0.040980455,-0.5519284,-1.9646783,-0.81330144,0.6090786,0.13038534,0.5421899,-0.9625551,0.85888714,-0.8483077,-0.19641455,0.09508596,-0.1686223,1.4769382,-0.2694643,-1.1613691,-1.4072263,0.04141433,0.034375567,0.11199918,-0.54060316,-0.45503008,0.013381121,-0.031142717,-0.046299264,-0.37580746,0.31306112,0.65335894,-1.2900091,0.796064,-0.7820017,-2.4671519,-2.1025486,0.002744717,-2.194631,-3.2127678,0.81935,-0.5186014,-0.22329974,-0.11629791,-0.9528411,-0.27357468,0.05108891,0.111033276,0.491233,0.742021,-0.10794332,0.12619375,0.5753548,1.645993,0.6153492,0.31042233,-0.16561,0.018071717,0.37550294,1.526096,1.6836149,0.7433809,-0.3792879,0.8140539,-0.3651443,-0.14994222,1.4232455,0.9211266,-1.5415709,-0.8452071,0.3857589,1.3657264,0.3006011,0.09690266,0.940682,1.3362966,0.82796764,1.0598186,0.08485428,0.51782286,0.27073413
0.67190796,-2.0600643,-0.92098576,-2.1471794,-1.7946197,-1.9282498,-0.670965,-1.3767735,-0.68953305,-3.3427212,-0.19934668,-0.6075738,0.67555094,0.26107952,-0.34199578,-0.16886435,0.1916554,-1.826713,0.101031795,-0.10795037,-2.1621206,0.66985095,-0.11992106,-0.26109326,0.70899487,-0.82600784,-0.7384405,-0.8613625,-0.58961505,-0.90302986,-0.67692006,0.7124371,0.2965547,-0.15009288,0.003980589,-1.3088622,-0.79641217,0.38841224,-1.3318752,-0.9167215,0.15312672,-0.33675843,0.022959916,0.22327498,-0.4438483,-0.9733499,0.10479285,-0.030922363,-0.052514236,0.2288256,2.7231958,-0.5762071,1.5374272,-0.30000144,-2.5932274,-1.7910361,-1.6133271,-0.37435213,-2.4938507,0.92716104,1.055221,1.1312826,1.3900417,0.35891315,-0.1334741,-0.1589949,0.52512854,0.14393297,-0.43701512,-1.4669307,-1.5062362,1.6428807,0.0094455825,0.61806375,0.1380372,0.2678398,-1.0673215,0.64699674,2.2767966,1.4739487,0.46570605,-0.57373285,-0.14312778,-0.4481513,-1.1304009,-0.66612977,-1.0903729,-0.27117774,0.25265217,-0.14211293,1.349711,0.9011409,-0.7330413,0.05135353,-0.53783846,0.2674822,-0.70981467,-0.9185746,-0.5953017,-0.30365685
0.6610536,-1.1166899,-1.0850645,-0.35967734,-2.5663555,-1.9059874,-1.4813025,-1.5830995,-0.7248407,-2.0868514,1.1027852,-1.588045,-0.95512915,-1.2297648,-0.6077545,-0.037983313,-0.7096624,-0.7427028,-1.7219027,0.5378631,-0.38618577,0.71599084,-0.0077506453,0.16364712,0.35060176,-1.0160649,0.80657226,1.1147745,0.99408066,0.057164155,0.21434517,1.8594332,-0.9450165,0.5698577,0.8769041,-0.40094626,0.31899914,1.774475,1.2484833,0.038919974,0.17968927,0.12994081,0.42215157,-0.71820563,0.83072555,-0.07321098,1.4004511,0.6029075,-0.21365114,-0.9432664,-0.18656494,-0.36417183,-0.7591672,0.5306092,-2.987383,-2.3294752,-0.35885552,-0.7306281,-1.4020374,-0.7901523,0.053829625,-1.0965691,0.6025852,-1.5103583,-0.062994234,0.29806036,-0.28592703,-1.0238714,0.010631842,-0.53983563,-1.3582689,0.82416433,0.7168877,1.1698467,0.26160684,0.7868879,0.89601576,0.38909608,1.9422351,1.0913993,0.5472653,1.2249539,0.20230924,0.06917625,0.52577126,0.024841722,-1.0013412,0.15366587,0.62576646,-0.13058661,1.1015259,-0.03095591,-0.7911582,-1.8155129,-0.67398465,-1.1421305,0.4455065,1.0292845,-0.4649032,-0.79280543
-0.22943889,-0.9824721,-0.09523812,-1.433072,-2.2549088,-1.7700931,0.21469124,-0.8038384,-0.8192173,-0.7133848,0.92070913,0.11128012,-0.15126792,0.67302895,0.47904083,-0.70947105,0.7465791,0.6324287,1.3021107,1.5598792,0.9632188,0.220177,1.4595399,0.35787848,0.6985281,1.3437023,1.8824856,0.8936144,1.6995105,1.0075495,-0.8393694,0.2612936,-0.9717689,-0.023116224,-0.039871227,0.33408222,-0.8844787,-1.039193,-1.1951644,-0.6438195,-1.5093479,0.91370183,-0.4352035,-0.7927414,0.4513442,-0.19013043,-1.2174075,0.6892486,-1.6080681,-0.924953,1.4053766,-0.73953307,-0.5457323,-0.7540353,-1.6252921,-1.5556735,-0.75029093,-0.4289689,-0.9327482,-0.8142412,1.2002039,-1.2584064,-1.0967513,-0.8033139,-0.50603455,1.0053065,-0.58408827,1.1279747,0.38817498,0.27126577,1.1362119,0.90889955,-0.14405355,-0.20394349,0.75579107,1.7512383,1.0438737,2.0939448,0.3894563,-0.2557737,1.055751,-0.8299918,0.9000406,0.9616512,1.4108614,0.55394703,-1.6633384,1.2335682,0.7052085,0.17388311,0.039374832,0.17821452,-1.1073551,-1.4541883,-0.04748087,-0.68565524,-0.05361409,0.508489,-1.6422019,-1.1246346
-0.9333327,-1.1522939,-0.29794034,-0.69072825,-0.7840974,0.3057002,-1.0113839,-0.30434674,-0.43902192,-0.63049114,-0.34209865,0.94175184,-0.8037967,-0.4520373,0.2285395,-0.16153161,1.335538,-0.19829792,2.0906954,0.09941296,-0.543138,-0.25996473,0.2261162,0.39100593,1.7496159,0.86180747,0.28184387,1.9535651,0.7955382,1.1704469,-0.3152724,0.19625407,-1.6195678,-1.0467812,-0.96617526,-0.77148896,1.2737919,-1.3325284,-3.3062644,-2.9021263,-0.9005206,1.1319772,-0.42707938,0.8261746,-0.14278506,0.27908567,-0.8879785,-0.61114746,-0.6968529,-0.94829285,-0.18963768,-0.70391214,0.32532126,-1.4345244,0.34832397,-0.24103618,-0.13588156,-0.7135336,-0.5236369,-0.34547412,-0.30587175,-0.012369058,-0.1283862,0.091326326,1.2643533,1.0858734,-0.28434312,0.040647086,0.046460122,0.25608304,1.0004497,0.4266561,0.79050547,-0.7453384,1.1896099,0.64413893,1.1647426,0.43876585,-0.65419483,0.41871342,0.8036287,-0.8760916,0.27178368,0.46641853,0.6461238,-0.74743885,0.5393065,1.4152495,-0.6627144,-0.963152,0.3393452,-0.20045231,-1.3722368,2.1038446,0.30324307,0.06568788,0.33746526,1.205884,-0.3223399,-1.1981307
-0.35274044,-0.86281323,-1.1787511,0.762443,0.7198002,-0.9882428,0.10202703,-0.74602866,-0.3281288,-0.821947,-0.68121445,-0.08416759,0.05013426,-1.175965,0.3501564,-1.990584,-0.13246681,-1.2955313,-0.45535076,-0.8217352,-1.0913353,-1.2608798,-1.3693112,-0.45744208,-0.70886904,-0.6125977,-1.0717194,-1.0369303,-1.2398682,-0.9314883,0.48161986,-0.8751054,-1.1351889,-1.1523507,-0.76287025,0.41244262,0.5274767,0.5139066,-0.5397208,0.36877745,0.101407975,-0.64030635,-1.2366209,-0.2931653,-0.3760236,0.15133026,-0.14531128,1.2280027,0.26988956,0.6886673,-0.91536784,-1.5764688,-0.8545018,-0.17565973,-0.8907869,-1.8095137,-1.4464209,-0.8378137,-0.8934178,-0.33066466,-0.5194107,0.53847325,0.6472644,0.12279762,0.36227432,-0.11891969,-0.3506493,-0.5365121,-1.2299557,-0.84082925,-1.9140097,-1.3089759,-0.6704927,0.11140785,-0.82857126,-0.33651143,0.09622393,-1.6809334,-0.033540647,-1.5324106,0.17413843,0.8507071,-0.4501547,-0.6480422,-0.42808798,0.24098504,1.3213819,-2.264437,0.29042915,0.17803074,0.8994137,0.31364238,0.32260647,1.0396149,0.26877332,0.38082385,0.23228446,-1.0635709,-0.18138085,1.6730881
-0.2748037,-0.24464498,-0.47936055,0.036880653,1.0045246,-0.14080736,-0.008270356,-0.7774866,0.6888528,-0.2610078,-0.8343244,-0.94426346,-0.37135044,0.2819791,-1.5022959,-0.883725,-1.3887461,-1.3143393,-0.36787745,-1.041346,-0.21284553,-0.64979553,-0.6516474,-1.1462228,-0.6393686,-1.2210605,-0.44605544,-1.6224587,-2.1111393,-1.2131153,1.1371768,-0.30963278,-0.8317192,-0.5155959,-0.23039705,-0.8420557,1.1764716,0.6758603,-0.23613437,-0.8301859,0.97115153,-0.39221624,-0.21446656,0.8798612,-0.33181915,0.6302553,0.76014745,0.63201654,0.9044849,1.2050549,-0.06334076,1.0310491,-1.7190627,0.6197315,0.14105658,0.8938495,0.21806893,0.8784213,0.9230727,0.17304508,-0.73234886,-0.31712723,-1.596189,0.4774373,-0.45593047,0.034876257,0.40628994,-0.4094085,-1.7034899,-1.4134945,-1.0713961,-1.1592091,-1.7104628,-0.578863,-0.9311416,-1.4055073,-1.436718,-1.9326732,0.43066028,0.046975538,0.012776942,1.0098473,0.066955805,-1.2751204,-0.8929087,-0.00084386935,1.1137472,-1.0080948,0.23828983,0.9907834,-0.4064749,0.39877024,0.44255683,-0.14825058,0.1510631,0.55127686,0.21696083,-0.71307147,0.21312162,1.7778825
0.4006321,1.1399889,0.9174278,0.52489996,-0.03455176,0.7923202,-0.13697402,0.47709802,0.49029714,-0.9558031,-1.1119453,0.22896941,1.2514551,-0.5271645,-0.049300298,-0.5343308,0.45482603,-1.3057771,-0.18423603,-0.83460957,-0.57490116,-0.43277773,-0.10552749,-0.5455764,-1.0348363,-0.60283476,-0.34158143,-0.14053898,-0.46542478,-0.123874836,0.6287734,-0.3979879,0.6655581,-1.0122254,0.2975939,-1.104027,-0.5113965,-0.8813988,-0.867421,-0.68261987,0.96737206,0.101782665,-0.30340895,0.24473344,0.72582734,0.3094898,0.7728111,-1.0889401,0.88222617,0.59136504,-0.5092987,0.8647844,0.19894625,1.2310693,-0.058029268,-0.18377031,-0.10455636,0.22463757,0.5575244,0.055769727,0.56640536,0.97074616,0.15227126,-0.7095251,-0.7118862,-0.04896801,-0.7061261,-0.7219545,-0.42260966,-0.6685781,-0.66598356,-0.55772555,-0.67721146,-1.4887102,-0.58713996,-0.06337559,0.70743215,-0.9154914,0.6076163,0.3456199,0.08501051,-0.18353185,0.24384327,-0.6216174,0.060283564,0.11817743,2.5028124,0.31278566,-1.1547434,1.2189896,-0.75475436,-0.5754362,-0.9018937,0.2046132,-1.1434833,1.0715744,0.76092774,-0.72894716,-0.21609159,0.70599246
-0.16133365,0.388856,1.4955014,0.7641833,0.55353713,1.2481565,0.7555693,0.10216169,0.62420183,0.27940708,0.15334727,-1.0270308,0.44428065,0.7660719,0.7487238,-0.88804424,-0.44899577,-0.3972706,0.2452598,-0.7119182,0.2727507,-1.0233294,-0.54392076,-1.0959666,-0.2400617,-0.9318064,0.83037233,0.14579889,0.5403316,-0.14288987,1.8890553,0.9890608,1.193206,-1.4327573,-0.04285935,0.031372342,-0.451014,0.24986763,-0.61129695,-1.0987045,0.8114244,0.5591451,1.4064202,0.533677,-0.19301282,0.79014754,0.18044846,-0.17385569,1.2129493,0.5049356,-0.73526764,0.16842645,-0.1352624,1.7034731,0.084910765,1.2700622,-0.13397554,0.7979224,-0.96503407,-0.015418604,0.06846481,0.27251643,0.83598375,-0.3599773,1.8387239,1.3804792,0.37616137,-0.7318516,-1.0428559,-0.346828,-0.6618324,0.44215536,-1.4912595,-1.3464714,-0.70068806,0.08455867,-0.017258087,-0.48383346,1.3839107,1.1030625,0.9586063,0.3249314,0.50298804,0.27517587,1.3476746,0.74733555,0.37470368,0.16117749,-0.4826336,0.52879125,-0.27121547,0.7382437,-0.633347,1.165193,-0.20283838,1.1548797,1.2046725,-1.0224969,1.1414992,0.47562936
0.1941875,-0.16972718,0.24989034,-0.2365672,0.74982756,-0.3037654,0.57310826,1.0353849,0.917591,-0.8206658,-0.55111575,-0.3919605,0.516155,0.32680577,-0.6135101,-1.1883544,-0.97234166,-0.73675245,-0.09551464,-1.158232,-0.031191705,0.27598524,-0.010284752,-1.1948822,-0.30302322,0.29007754,0.066227935,-0.8803616,-0.82247543,-0.2772233,-0.61588323,-0.8460832,-0.38567844,-0.36453435,0.080667466,0.58166355,-0.27591908,-0.047545638,-0.64085937,-0.3779944,0.8006884,1.6303084,0.7395728,0.29706678,0.36552465,0.84871846,-0.20344925,0.11760596,0.7783713,0.58766156,-0.989956,0.48462862,-0.26939347,-0.69627476,0.57009953,0.27690095,0.23870133,-0.20586158,-0.48951262,-0.6164373,-0.16920733,-0.07104515,-0.18444173,0.41981435,0.66484594,-0.33539033,-0.009038182,-0.09924095,-1.1070849,-0.4853136,-0.21153952,-0.45583147,-0.052032337,-1.4306957,-0.8158606,-1.2784373,-0.2345169,-0.082243,0.42448044,-1.1113147,0.21696796,0.07908415,0.7390478,0.968707,-0.3095734,-0.7954824,-1.8482983,0.6415477,-0.3113555,0.72633266,0.6832807,-1.686345,-1.2814074,0.3023531,1.6175842,-0.23100176,0.32057902,0.69600356,-0.4487202,-0.4089644
0.31527966,-0.07759172,-0.7534902,0.9774913,0.8519358,0.9352525,0.7579344,-0.8928149,-0.3141914,0.82858205,0.48299044,-0.27049682,0.22015572,-0.7533458,0.21285316,1.088019,-0.22657672,-0.5074816,-0.83097154,-0.8980829,-1.5891353,-0.10922627,-0.73663247,-0.8934486,-0.99406075,0.124262094,-0.8915955,-1.0415338,-0.72470397,-0.6165964,-0.91553634,-0.547753,0.14755581,-0.028837657,0.43331802,0.22472668,-0.60183465,-0.2807389,1.9114796,-0.46706638,0.60389405,-1.1067059,0.80038416,-0.2849069,-0.12525757,1.1662049,1.4169312,0.03463143,1.0296341,0.305146,-0.9960519,0.4553789,-0.66161734,-0.36689666,-0.023220103,-0.7589548,-1.0559936,-0.27142236,0.5093246,1.8441951,-0.05767688,0.5659176,0.41125444,0.8700307,-0.08073248,-0.64911515,-0.34917864,0.09104521,-0.8085421,-0.3989354,-1.5699128,-0.4688238,-1.0469728,-1.8264815,-0.93682873,-0.49993697,-0.92843145,-0.30349782,-0.8840379,-1.1203052,-1.5317975,0.29384223,-1.6923686,0.072724305,-1.0607288,-0.40041482,0.67540693,-0.80454546,-0.68612003,0.62105036,1.1236286,-0.13789605,-0.81844866,0.28952983,-0.37112245,0.03158173,-1.0463514,-1.1127023,1.0510647,0.35480332
-0.9912772,-0.54951006,-1.5001603,0.22167085,-0.83805376,-0.113345295,-0.2557834,-0.47154135,-0.023891363,0.21564904,0.7281443,-0.52298707,-0.47165966,-0.2623915,1.241238,0.26375586,-0.52495056,-0.7160322,-1.1105196,-1.7580717,-0.53139806,-2.1539385,-1.8585831,-1.2207147,-1.0118387,-1.0322226,-0.56885064,0.23156936,-0.59081906,-0.4308975,0.11732721,-1.2084455,-1.6213591,-0.5722651,-1.2286795,-0.4050547,-0.43843746,0.21375526,-0.23022443,-0.68605596,-0.0820589,-1.5575273,-0.703032,0.68858653,-0.385804,0.11916921,-0.342843,-0.5474466,0.132267,0.20057295,0.02154865,0.6076501,-1.0621951,-0.14602949,0.0050009377,-0.32479653,-0.5125863,0.28105488,-0.10976873,-1.0352001,-1.707696,-1.6497129,-0.75358397,0.2210912,-0.20887159,-0.4848687,-0.79798484,-1.5978442,-0.3905788,-0.6433956,-0.82243085,-1.6120218,-1.3919474,-1.4335017,-0.73538643,-0.13992809,-1.1379197,-1.6338153,0.6387029,-1.9833912,-1.4167076,-0.70526785,-1.6295009,-1.1800035,-1.1041757,-1.3758904,-0.16574346,-0.68326145,-0.12478598,-0.16817571,0.36295328,-1.1106901,0.30711532,-0.9517895,-0.14466092,0.49058568,-1.1386278,-1.0627849,0.13951163,0.60209113
-0.20662087,0.7806835,0.1634391,1.2022208,-0.9264598,-1.5646583,-1.1687412,-0.44427627,-0.71877503,1.0371943,0.32996103,0.6244383,-0.06854995,-1.2729956,0.18688479,0.043735906,-0.15621342,-0.22157662,-2.2728894,-0.060379792,1.5959917,-1.6728134,-0.5421085,0.4050876,-0.6708539,1.1160024,0.03336186,0.5738454,0.9025837,-0.053226013,-2.1806588,-0.5967811,-0.37255448,-0.4953964,-1.3724234,-0.5046781,-1.7137525,-0.4430077,1.4551052,0.4099424,-1.3413931,-0.35728443,-1.5306283,-1.0820243,-0.55313617,-1.3548442,-1.3099055,-1.1318412,-1.9702638,-1.5311414,-0.8366027,1.3537412,0.8763616,-0.21217827,-0.5266365,0.54949135,-1.152069,-1.0372984,-0.10893768,-0.80107707,0.9041907,0.8992495,0.39153513,0.2906922,-0.5469294,-0.95390475,-1.4390724,0.10665549,1.2197907,0.43914196,1.5119232,-0.26729086,0.3835447,0.26753944,0.8658616,0.27259785,0.53111553,0.7142057,-1.3843447,-0.60542893,0.91727114,-0.8887933,-0.05236228,-1.1361952,0.6795467,-0.070560895,-1.2492456,-0.08831451,0.33580282,-0.5711148,-1.9544328,0.4706487,0.44080642,-0.5132799,-1.7090411,-0.7424128,-0.43377507,0.7282415,-1.6179304,-1.4335694
0.9392491,0.95970386,0.8861921,-0.5087277,-0.42713314,0.1562707,-0.5976793,-1.0250369,-1.1510652,0.5395801,-0.37348983,0.35084853,-0.22311954,0.22649525,-0.8316814,0.7733296,0.32857314,0.70045197,0.15628941,0.8898177,-0.5095166,0.53976256,0.34666276,1.2526395,0.36256233,0.6887302,-0.48028046,0.06141879,0.7041408,-0.043656904,0.42085066,0.97568226,-0.98818594,1.7895638,-0.4198418,-0.32528007,-1.882255,0.28659,0.3228079,0.76706207,-0.88141406,-1.055537,-0.79803115,-0.6878687,-1.1421278,-0.38224825,-0.8872382,0.36557937,-0.80702263,-1.6986283,1.5671673,0.61986405,1.2041786,0.42123848,-0.92994213,0.36409134,0.77216184,-0.8932142,0.33601305,0.10621519,0.34141266,-0.19556652,-1.0489745,0.059295114,-0.52750474,-0.19501446,-0.18878312,0.6226674,2.0531652,0.72040015,1.3374612,0.36841485,2.327608,1.9110605,1.23156,0.44893017,0.6100473,1.1327329,1.3234867,1.5994488,-0.06994272,-0.03486306,-0.76565945,-1.8855124,0.267544,0.83730966,0.33826637,0.5520178,0.4322993,-0.26576138,-0.82512456,-0.087375484,0.23262466,-1.1297904,-0.8908555,-1.1678491,0.6755613,-0.16811755,0.17648119,-0.753605
-0.28621215,-0.5051154,0.25386825,-0.22580095,0.37744656,0.71130055,-1.7690645,-0.434529,-0.5327708,0.62061197,1.0872122,0.12254446,-0.7883288,-0.62387043,0.032707974,0.5319527,1.5294993,1.5147954,1.7834437,1.0051144,1.0207597,1.2466892,0.652327,1.5151578,2.9358628,2.0673583,0.24919927,-0.6422855,-0.12185954,-0.17546569,-1.8395269,-0.44996384,0.019352585,0.30776584,0.4362497,-0.020856544,0.59003234,-1.0133958,-1.442246,-1.7796853,-1.40538,-0.4294524,-0.6626077,-0.6909788,0.6353712,-0.5196283,-1.8050892,-0.90857744,-0.742902,-1.299563,-0.4627496,-0.8089008,0.27876195,0.25981975,0.8741691,-0.028923372,0.013195648,-0.4584124,0.4391666,-0.73896444,0.5009188,-0.07787611,0.47167823,-0.92782515,-0.7070736,-0.44382882,-0.08925377,2.1578832,1.447214,0.8167704,0.7018475,2.5462952,1.0894998,-0.3712983,1.2965515,2.099453,0.014420322,0.20242248,0.07319282,-0.53354084,-0.1955307,-0.23710333,0.86237264,0.045618884,-0.5797193,0.19194052,1.1544489,0.5956441,0.1851773,-1.8258593,-0.40778548,-1.041534,0.00822721,0.43600732,-0.26836172,-0.31955543,-0.17082511,0.18740775,-0.6562396,-1.0086015
-1.1469394,0.98691475,-0.14424263,1.1359248,1.601185,2.132882,-0.04362896,1.0576541,1.4729106,0.7381964,0.38871548,1.7291034,-0.33977035,0.70465386,-0.041570704,0.39764974,0.38174772,0.21855311,0.5319358,-0.69033647,0.015018001,1.2932876,-0.09614867,0.7559561,0.6074328,0.29840213,0.10037569,-0.51599383,-0.86053556,1.2105556,0.51236296,0.4875839,0.19427767,-0.26135853,0.46043015,-1.085837,0.11831464,-0.47235,0.61662215,-0.60109156,0.02274955,0.1503135,0.43888184,0.45558733,-0.044185136,-0.21978202,-0.03172723,0.8775514,0.42991954,-0.1844867,-1.2753772,0.68513304,0.83611,1.405285,1.7203428,1.857951,0.58811224,1.4868035,2.1814272,0.87186074,0.34282044,-0.3595017,0.32420084,0.45891175,0.9777396,-0.4195561,-0.3675304,0.6908774,0.26401713,0.6888047,-0.22384001,0.6223823,-0.18473347,-0.9168401,0.61925244,1.1071395,-0.8192537,1.1323894,-0.4920735,0.5851708,-0.24626999,-0.120432205,0.6118089,1.7022133,-0.07297193,-0.21979868,0.4981042,0.93338805,-0.8244719,-0.59826344,0.048935644,-0.39699835,-1.0782269,0.5453067,-0.0019246555,0.24949445,-0.25886956,0.18451731,0.053165257,0.16338949
0.06720273,0.8608405,1.3585616,0.2825911,0.4915062,0.8212075,0.15458973,0.5113705,0.3823432,1.0547895,-0.83561486,0.5183051,-1.0793934,-0.46569917,0.20600918,0.10031885,-0.85079986,0.07043538,-0.56026447,-2.0179965,-0.043807432,1.1089087,0.027279008,-0.45287332,0.13957791,1.0819178,-0.03466669,0.29105732,0.021500142,0.4002594,0.27650142,-1.510286,1.7590013,0.4104229,0.52745515,-0.22627461,-0.11801488,-0.7051892,0.7105144,-0.23890096,0.05017938,0.1658874,1.1499,0.08289147,0.36541134,0.3073849,0.3666188,-0.21224515,0.14805977,-0.084008835,-0.84450924,0.27998278,-0.7880393,0.54871655,1.8404204,1.060761,0.8004892,0.32625163,1.0295314,-0.20461893,0.2938669,0.02373709,-1.316577,1.5024875,0.14175396,-0.2845947,-1.0120001,0.25537318,-1.5571005,-0.5623528,0.19225895,0.74269235,-0.99280727,-1.2080775,-0.6321624,-0.31370163,-0.7858035,-1.1959243,-1.712924,-1.0241803,-1.1290967,-0.33490652,0.6108219,1.9968092,-0.031715177,-1.3506613,-1.0437925,-0.001249241,-1.59321,-0.70404565,-2.034853,0.49082366,-0.19143048,0.19076984,1.5867616,0.0060929777,-0.35134414,-1.2708977,-0.66079634,0.26707402
-1.503497,0.32548377,0.0069023143,0.6466159,1.4877133,0.9237146,-0.45193592,0.17783628,0.7777867,-0.17984337,-2.9745631,-1.0898253,-0.7945858,-0.06051775,-1.4283719,0.067813754,-1.4332657,-0.25591764,-1.3206483,-1.6886922,-1.0547031,0.45943657,-1.3004175,-0.90472966,-0.5288618,0.56481606,-0.6772765,-2.4627182,-0.74435306,-0.59061384,1.3386942,-0.9742581,1.9851714,0.14996038,1.1322411,-1.229584,-1.5230153,-0.013402015,0.32144502,-0.38930157,0.39615136,-0.28626907,1.0518715,-0.41512886,0.15508613,0.2041299,1.0382982,-0.7656152,1.4532684,-0.33534372,-1.049186,0.24690372,-1.3853738,0.35501796,1.1526618,0.6501256,0.5506707,0.7425223,-0.795259,-1.5122502,-1.3138397,-0.20702314,-0.7358119,1.8804818,-1.2251289,-0.66564536,-0.4301617,-2.0907817,-1.9599694,-0.9356523,-0.6101896,-1.8639054,-1.4694617,-1.3062335,-1.887969,-2.3467236,-2.3528228,-1.9592268,-0.9330594,0.34178808,-0.96107227,-0.6140075,0.08771671,0.61603856,-1.7665204,-0.20494546,0.59047925,-1.8134623,-1.4122729,-0.029602189,0.05793581,-1.8809667,-0.88210404,1.5568657,0.6432042,0.6701403,-0.12985888,-1.6180862,0.33242023,0.26814052
-0.8158754,0.96602654,0.4831383,0.8797691,0.22851254,-0.378939,-0.28437036,-0.24277611,-0.617715,-0.6403694,1.2293824,0.17183436,-0.6413337,-0.35189074,-1.0026298,0.36530343,-0.49605155,-0.5054234,0.67749614,-0.5488871,-0.73564297,0.56676877,-0.15233319,0.45201153,-0.6773574,0.7481928,0.6500851,1.6768485,-0.32031357,1.4762948,1.826112,-0.37112576,0.63652784,0.2064372,0.82358855,-1.1207078,-0.6673675,-0.34275976,0.31780264,-0.5685432,0.96508884,2.0283544,1.1715792,0.7263229,1.2844573,1.1841096,1.4737805,-0.31533515,0.30860186,-0.104578234,-0.66857964,-0.33424723,-0.15770112,-0.88188446,0.20217888,0.55864906,-0.12011574,-0.51792145,-0.09238446,0.33720043,-0.45140976,-1.1457884,0.040634394,1.8014303,1.5278459,0.08110509,0.27096575,0.33645853,-1.5969545,-1.2797444,0.5189755,0.338281,1.1365309,-0.93112683,-0.767521,-0.74622846,-1.110878,0.9245452,-1.5107213,-1.531897,-0.76580626,0.92636544,0.42299762,1.2827983,-0.43184718,2.3244286,-1.1534843,-0.005404694,-0.3551208,0.50986147,0.34328625,-0.0626502,-0.09961472,1.3939853,2.1480396,0.7306243,1.0691512,-0.5017375,-0.40656406,0.58538294
-0.12085231,1.261055,0.34280708,1.4554604,0.38336027,0.3002862,0.09420696,0.3437827,0.17346153,-1.1991674,0.53174835,-1.0350755,-0.1624236,-0.72420424,-1.724073,-0.13592257,-0.28809425,-0.12231231,1.0023252,0.008810222,-0.46305013,0.09787979,-0.27659482,-0.24767607,-0.4221259,-0.38407028,0.17595744,0.18264928,-0.5903983,-1.249106,0.466276,0.45159957,-0.43423766,0.5553271,0.55752563,0.99831825,0.79825985,1.4417038,0.5824551,-1.0209863,-0.31312272,1.2610852,0.17035227,-0.036974594,0.48865047,-1.0571206,-0.02974071,-0.15661603,-0.33566976,0.4630875,-0.90827733,0.36928335,-1.0001389,0.8275733,0.43818736,-0.13651821,-0.5524994,-0.3439343,0.02869715,-1.3097641,-1.208335,0.5330854,-0.16409424,-0.036336064,-1.3090646,-2.0459535,-0.9550503,0.0056974944,1.0580294,-0.019125802,-0.30936858,-0.22968188,-0.55375755,0.6993566,-0.13437968,-0.3612741,-0.40586475,-0.6186021,-0.38641644,-0.42145956,0.06483204,1.3354132,-0.44949046,-0.92598236,0.31897792,-1.7420142,0.1708549,-0.25208148,0.7458024,-0.28691933,0.070573725,0.7431644,0.46671495,-0.426902,0.06871795,-0.29434094,0.472249,-0.042546142,-0.56513005,0.57565296
-0.5508546,1.1536252,0.54113734,-0.2445412,0.7121876,1.2079448,-0.357534,0.45705596,0.056224007,0.8349115,0.09405077,-0.8622566,-0.028790973,-0.3340386,-1.9722325,1.0555909,0.8489075,1.7720996,0.97202855,2.0684984,1.0811027,1.2576201,1.6700828,1.8051628,-0.27402976,0.43227544,0.55965286,0.010858159,2.1019728,-0.80408394,-0.12349179,0.81747234,1.7837297,1.3975178,0.57720864,1.8926315,0.5575356,-0.753998,0.53731173,0.9743619,-0.029519474,1.3872646,0.8655403,-0.44574797,0.853295,-0.077057935,0.77177685,0.045745235,-0.24840803,-0.29678854,-0.39969262,-0.30867192,-0.43293503,0.27307808,1.4800448,0.85834056,0.9215601,1.4430509,-0.3435001,-1.0228376,-1.1030452,-0.23462763,-0.1499187,-1.4431581,-0.8208203,0.40393642,-0.37502632,-1.1476536,0.9684443,0.8252736,0.25717637,0.576084,-0.6548115,1.1735317,-0.013447151,0.23904085,0.90930194,-0.5259109,0.73000044,-0.4514567,0.32838273,0.70676386,0.5672227,-0.04765431,0.46066633,1.9184307,-1.2051133,0.0835157,1.5309478,-0.35910636,-0.865723,-0.38941586,2.1692543,-1.3688903,0.61232847,-0.33454055,-1.0211738,-0.46092564,0.10568328,0.013512981
0.19342132,1.4736642,1.2940469,1.5149285,1.1186002,0.9246135,0.7980295,1.6536081,1.2276026,0.17121498,-0.59304076,-0.59565645,0.65544075,0.5839441,0.8550791,-0.6317735,-0.43335944,1.4392443,-0.046567544,1.7127615,-0.14174747,-0.71045303,0.8072728,0.6483989,0.5367822,-0.35572523,0.5694839,-0.03665601,1.0650172,0.7499642,0.1285328,-0.85374093,0.20167808,0.33245185,-0.73247594,1.6521997,-0.032686476,0.24114664,1.5387752,1.2732918,-0.6081828,0.06844771,-1.0302513,-0.055956483,-1.1536568,-0.8883362,-0.8587321,-0.6265691,-0.0018555726,0.054271907,-1.4118739,0.9733387,-0.29092312,-0.03762883,1.5734298,1.4368619,-0.5478113,1.0191772,1.5574031,0.12660655,0.07483925,-1.0407703,-0.48991758,-0.43921742,-0.86343455,-1.5841097,0.58099115,-0.47986376,0.687137,0.8072273,0.8639676,-0.014893925,-0.26773778,1.6533712,0.661467,-0.19517985,0.2167717,0.9765874,0.4736104,0.5000612,0.33694786,1.472912,0.47406396,-0.34020755,0.6209904,0.56977135,-0.33737364,0.0012457577,1.0938916,0.3753816,-0.38063088,0.49679884,1.953165,-1.0753778,0.29085565,-0.90919816,0.27634522,2.3259072,-0.62908614,0.5234117
-0.44352922,2.5425818,0.5556516,1.1015913,0.84588206,1.0961145,1.2026681,1.2226682,1.1841578,2.1190937,1.502269,0.66538924,0.23558703,0.9780574,1.5716732,0.4481244,-0.07018476,1.0911974,0.3093355,1.4295332,2.0034652,-0.4013005,2.3701563,0.9902368,1.5167161,1.5620706,1.0009333,1.8481194,1.5864868,0.83149666,-0.13339749,0.45516697,0.8757637,0.5122913,-0.11055802,1.4184483,0.49807847,0.23728317,0.019166198,1.0666531,-1.3806344,-0.027569994,-1.0979476,-0.50025713,-0.11965647,-0.7578086,-1.345727,0.17747812,-0.68157274,-0.14485803,-0.022585938,0.33271557,0.5745011,-0.6557537,1.2282345,0.6919032,1.1689025,0.48633084,2.0648508,1.5416337,1.1922532,-0.17043597,0.04367637,-0.2718215,0.15090214,1.1022818,-0.12579472,0.8925201,0.91724306,1.1489516,2.9916332,-0.22118442,-0.28056967,0.079805784,1.0900344,0.96537244,2.134378,0.9807035,-1.1713808,1.0139233,0.55614233,0.8746429,0.7111021,-0.01673145,1.0797373,0.014002008,-0.18798155,1.4858929,0.5939002,-1.5030446,-0.60166097,1.0773858,1.3594904,-0.26111406,-1.7540623,-1.5619957,-0.46842897,2.6127782,-0.35870245,-1.0578142
-0.32286677,1.1070706,-0.32243717,0.890101,-0.14354502,0.032531403,0.30578232,0.69398195,0.1474576,0.49886706,-0.015507434,0.623201,1.8025506,-0.32608587,-0.0356932,1.1929611,-0.6092827,0.35615584,-0.5912594,0.6195832,0.034366596,0.012037513,0.097800456,0.6578069,0.06967309,-0.73736835,-0.05324653,0.47818258,0.80771774,0.07392131,-0.2406476,0.21457627,0.75259644,0.9556679,-0.52417517,1.2748067,0.37280488,-1.058247,0.87094027,1.2033807,-0.47783858,-0.9299613,-0.8011116,-1.1268656,0.83670896,-0.8717581,-0.4986917,-0.2404596,-1.2819729,-0.45487803,-0.07377591,0.4945533,-0.41890174,0.5068238,0.82380956,-0.020708319,-0.31906828,0.43294314,0.5500714,-0.49248827,-0.005855717,-0.016524507,-0.47014153,0.42148224,0.38138852,0.07259152,-0.86124265,-0.62739277,0.70541054,-0.22885852,0.26382607,-0.11166023,0.28998542,0.691277,0.55763304,-0.53847957,0.08472457,0.27527526,0.5945074,-0.8268382,-1.3120562,0.057387847,-0.7166896,-0.60365736,-0.37868136,0.0054542017,1.0390159,0.6262004,0.72157085,-1.5485706,0.20476362,1.12278,1.5410953,-1.4381813,-0.50779563,-1.4012277,-1.6117289,0.037951622,-1.113895,-1.2271731
0.025020255,0.23786865,0.8502493,-0.52985066,-0.486532,1.5544493,-0.1320937,-0.059329376,-0.088986516,1.1238455,-0.60362077,-0.6387577,-0.1511962,-0.63687867,0.40843707,0.8937711,-0.662299,-0.10926426,-0.7099457,-0.9863652,0.9055017,0.6449829,-0.008343122,1.0072035,-0.32818842,-0.56019074,-0.008527862,0.14158128,1.0191075,0.6393164,0.98680663,0.7855708,2.1188228,0.50783527,0.13191362,0.11234502,0.15165983,0.38441452,1.5670768,0.61539763,-0.096330404,1.3793786,0.29335257,-0.8428958,0.055646665,-0.117219016,-0.36417684,-0.27811748,-0.47317022,-0.23176514,-0.6154649,0.21361484,-0.3515557,-0.681542,0.69619286,1.096184,-0.7211076,0.6191717,0.29434055,0.4721994,-0.4956346,0.35835418,-0.5211761,0.21309707,-0.22828312,-0.56674206,-0.271255,-0.14975391,0.76184446,-0.07313147,0.42874843,0.68980134,1.2691231,0.09572894,0.71131355,-0.23989311,0.31649908,0.80788994,-0.2694367,-0.5365648,-0.56138694,-1.0141767,0.44940794,-0.3584086,0.22315466,0.054723315,1.7084371,0.12183617,0.41234943,-0.66294163,-0.55813456,1.2352976,1.3647069,-0.3318607,0.56467247,-0.6190224,0.30416894,-0.16058612,-0.08246417,-0.561282
1.0291079,0.9153632,0.3918284,0.376644,0.052504007,-0.26286796,-0.24361262,0.5355573,0.48211566,1.3986697,1.239404,1.6020572,-0.08646221,0.79874355,0.6642589,0.89217114,-0.013229022,1.1300738,0.03130857,0.14032608,1.5042628,0.02808749,0.76247656,0.6342164,1.2775974,-1.3044379,1.1967931,0.044100944,0.88353336,1.0243198,1.0360734,1.4670094,0.7672255,0.08014797,-0.7148094,0.51600856,-0.708014,0.5954503,1.5369956,-0.6712826,-0.52768254,1.2384436,0.5835453,-0.3364376,-0.05618439,1.1378471,-0.07945671,-1.7111871,-0.7099561,0.016584337,0.16025631,2.3721561,1.0665418,-0.37211296,-0.36488086,-0.7207323,1.0037479,0.12502775,0.6585936,-0.6098673,-0.28498197,-0.054854114,0.82369614,-0.32965007,0.9857282,-0.09485302,0.17860873,1.0192508,1.1335839,0.8983475,0.9797124,0.14551796,1.3532089,0.9115653,1.3333623,0.0006932143,0.594956,0.68453634,-0.46886924,0.8650324,0.17817257,-1.1233904,0.88552713,-1.4323059,1.8241752,-1.3965068,-0.58267355,2.3497846,0.29300627,0.101374455,-0.9559081,-0.4129829,0.7624279,1.7617899,0.76509994,0.30154642,1.5574121,1.3736405,-1.223469,-0.4100651
0.76530737,0.17081186,1.0051227,-0.24729428,-0.7296011,-0.17443995,-0.3600929,0.14830764,-0.20396625,0.097304195,-1.3809966,0.34137654,-0.11856389,-0.40782675,0.44678295,-0.59981006,1.1128422,0.6978678,1.7561393,1.1982673,0.32924044,0.17404692,0.5068231,1.0195707,-0.27881014,0.42356494,0.63625747,-0.18687592,1.9894744,-1.7012073,0.4036704,1.6835436,-0.08028588,-0.7567716,0.12848748,0.92569,1.6648666,0.6899885,-0.53427196,0.13652042,-0.6736043,-0.2671419,-0.7311352,-0.16205719,-0.49827215,0.23668142,-1.0690198,-1.174957,0.058896724,0.34537292,1.1381963,1.0708815,1.1371121,0.07855414,-0.62482196,0.7483876,1.4146397,-0.20736627,0.33988106,-1.5000111,0.7372251,-0.40515235,0.7086765,-1.4192951,0.5002834,0.36933473,1.1986698,0.61851937,1.0905857,1.185724,1.0995595,-0.009326192,0.39835525,2.0343337,1.2296654,0.05954006,0.9803954,1.0089238,-0.6649363,0.71597683,1.2497137,-1.2834793,-0.4463411,-0.36944205,0.7833826,-1.0995021,1.1939723,-0.1371841,1.5498083,-0.06290687,-0.32585153,0.9612717,2.1912649,-0.4191714,-0.21524769,0.43828326,0.15845756,-0.81043255,0.33394873,-0.47337043
1.1714143,-0.85439616,0.12335908,-0.8162676,0.0026909993,-0.41338864,1.3915849,1.447584,0.39707297,-0.08270236,-0.50924784,0.6810084,0.11752215,0.7487464,1.2292174,0.14943887,0.7810929,1.6713299,1.8184302,2.2384465,0.9701062,-0.085879005,1.4856024,0.92301637,0.8139011,0.49594745,0.5964373,-0.56815916,1.1583873,0.04132679,-0.13609418,0.21527088,-0.749618,0.97258884,-0.32014483,1.4273176,-0.99091023,0.3988535,-1.59995,1.2173235,-0.3760226,0.40687573,-1.1788362,-0.17844456,0.04507311,-0.21433309,-0.72902745,0.2999937,-0.0028210015,0.23642926,0.8718933,-1.3040626,-0.14669392,-1.1173632,-0.30062288,-0.8019026,1.4340075,0.212942,0.2539432,-0.475978,-0.6382299,-0.55107325,0.6733855,1.0492706,1.4450827,0.4958504,1.8923666,0.51148146,-0.2586544,1.6234211,1.6546602,-0.42423904,1.165609,2.4781356,0.59405214,-1.5317056,1.0481205,1.165261,-1.6465318,1.270114,-0.5914599,-0.5613988,-0.8533709,-1.0109876,0.9247023,0.14688227,0.24647069,1.0928894,1.7113917,-0.07281877,-0.1691013,1.581841,2.025409,0.8140606,1.0130965,-0.042670086,0.3726784,0.9570375,0.82724637,-0.15720159
-0.34596875,0.8308972,0.6825168,0.99249244,0.007594478,-0.7516559,1.6913928,0.653829,-0.41731334,0.76929414,0.76954234,1.5591342,-0.36015794,1.818172,0.3115988,0.07289344,0.4573367,0.8376117,0.8764831,0.515958,0.09784586,-0.48398718,0.06914312,0.0077855145,-0.35133764,0.07323214,-0.40021962,-0.32812965,-0.26676062,-0.11089474,0.62124735,0.8452897,-0.022121057,-0.8421505,-0.50443405,-0.14919907,0.13726473,0.9198049,1.3732263,1.5696802,1.0910059,-0.9020343,-0.15816912,0.24013962,0.524631,0.4590065,0.5425711,0.6083767,0.8129447,1.3944092,0.8599367,-0.057491172,1.0403726,-0.2517333,-0.034887712,-0.91787446,0.70378095,0.21039371,0.088479385,0.04705613,-0.5330208,-0.13821349,-0.35739172,0.71323025,1.0607011,0.3227278,1.479074,1.6384522,-0.25708172,0.56601894,0.72401524,-0.8619897,0.36281916,1.7580237,0.15147834,-0.19843663,0.53933054,0.0363591,-0.7322911,1.4712384,-1.288519,0.1988864,0.61017084,-0.6829993,0.24035676,0.38290834,0.07264382,-0.2897321,2.0735755,1.0622942,-0.45472047,0.48858947,1.5837858,-0.024270827,0.5203238,0.4180707,0.11601503,-0.09693075,0.8296077,1.8904442
0.35427332,-0.0619405,-0.9365608,0.77307826,0.6654111,0.32179374,2.1083548,1.0388112,1.0757968,-0.9705284,-1.3183923,-0.9621617,-0.7621436,0.61910695,-0.036996625,0.48841634,-0.20135386,-0.003599487,-1.0483179,0.083922476,-0.023579305,-0.36799586,-0.6522618,-1.2882437,-0.578931,-0.9169935,0.052729715,-0.9296202,-1.1370583,-1.0032318,1.6789342,0.99826443,1.2454132,0.5571725,1.166241,0.4983001,1.3967782,1.7366309,0.39470017,2.5570924,2.0010023,-0.5373191,0.9441512,2.358651,1.2170308,0.83261603,1.30766,1.3329055,1.7594789,2.4855359,-0.9069514,-1.6999961,-0.73070955,-0.4448716,0.43859076,-0.24875706,0.66253555,0.3305452,-0.77161175,-0.75842685,-1.7211055,-0.5887016,-1.2811441,-0.6561373,-2.1865363,-0.9566998,1.5497535,-1.9317244,-1.5347332,-0.26357907,-1.4236449,-1.6146553,-0.2054898,1.8921925,-1.3026675,-1.9606264,-1.6423361,-1.7724882,-1.7779125,-1.348708,-1.0774411,0.2470475,0.106240116,0.4171271,-0.5581174,0.29731908,0.40969786,-2.140112,1.3293219,0.5720042,1.9181854,2.3415358,0.29853225,2.0503788,0.88153887,1.7576143,0.19624673,-1.1446854,2.1201193,2.3914733
-0.34110844,0.06185997,-1.4103979,-0.06697708,-0.88020617,-0.66434485,0.890331,0.5448193,-0.99785745,-0.6045821,-0.5001223,-1.0056725,0.015544343,0.051024012,-1.0605187,1.4271909,-0.15251243,1.6036056,0.014534444,1.5319458,-0.89907277,0.3899851,-0.03218956,0.0897191,-1.3736365,-0.25250828,-0.9430354,-1.7269958,-0.7196404,-1.0693247,0.46629268,-0.3091628,1.4423952,1.4558617,0.7818604,1.2147828,0.35648358,0.08528972,-0.3311529,0.63633025,0.33988917,-1.0750356,-0.089381196,0.078827985,0.27676225,-0.74018776,1.0118085,-0.35243404,0.45614222,0.91164386,0.26441345,-1.4919467,-1.0494478,-0.58790404,-0.26428375,0.11053882,0.6780215,-0.110291936,-1.788852,0.69795126,-2.1572366,0.4518923,0.046580885,0.5142099,-2.098435,-0.8562263,2.8598998,-0.7756069,-0.16502158,0.09477732,0.882903,-0.61677533,-0.2511384,2.6796048,-0.45946923,-1.2783194,-0.8546759,-1.237993,-0.68609285,-0.3477697,-1.8560092,0.8069102,-0.96884775,-0.12949842,-1.0021603,0.7424043,-0.5225093,-1.0411878,2.105459,-0.08210689,1.7132654,1.3915818,0.79205835,-1.153164,-0.5220223,0.99942017,-0.4273619,-0.889474,1.4123037,1.2010804
1.0693809,1.05791,1.6319073,-0.1120072,-0.30858985,-0.24084282,0.97464997,1.5064714,0.723402,0.5753191,-0.16263746,0.11714033,-0.2705949,1.4786437,-0.6179879,0.65989095,0.58690107,1.8379478,0.39350632,1.5324044,-0.9064514,1.5551503,-0.5448364,1.2810303,-0.029458899,-0.22151938,-0.3651307,-1.3406367,-0.1018852,-1.7373629,0.017016387,1.5444356,1.2078935,1.135322,2.0988593,1.6953341,1.3363808,0.8013494,1.5601985,1.1272209,0.69038194,-1.2546351,1.9718877,-0.26645976,0.006981533,-0.16781825,0.2648082,1.3253461,0.1288433,0.4273962,0.33319393,-0.8964017,0.9850641,-0.64751196,-0.25899452,0.9070461,1.7693812,0.62034595,0.018165212,-0.4022632,0.70643353,0.77672595,0.26524308,-0.8620966,-1.1754441,0.29462007,1.5698322,-0.1365823,0.51811266,0.5858918,-0.8291132,1.0941734,-1.2127746,3.0096083,-0.097677104,-0.7388818,0.09057425,-0.43137354,0.42233172,1.6717068,0.9886733,1.3536079,-0.22445194,1.3462381,-0.58585984,1.9861348,-0.37808198,-0.055655524,1.6018136,0.8161024,0.32164747,3.0225885,1.6922427,-0.7760285,-0.24547108,-0.30139795,0.19744092,-0.22726457,1.3601837,0.8922832
0.72468954,0.25221735,-0.7320864,0.49106693,1.5338643,0.4255444,1.3522291,1.1866407,1.2161779,1.4073808,0.5468076,1.2120221,0.80484104,-0.3341538,0.55102754,1.2793105,0.22389093,1.092906,-0.02558794,0.40670902,0.81960475,-0.052140657,0.51547414,0.4255017,0.4555977,-0.42212662,-0.9219432,-0.46782196,-0.9770753,0.17760363,0.17689234,0.21943249,-0.2608351,0.28283262,-0.4412775,1.4206593,-0.30449975,-0.37869754,-0.4770972,1.8558573,0.34416068,-0.24626245,-0.31598178,0.33237004,-1.0508349,-1.1454146,-0.86881745,0.87030315,1.3864241,1.3618281,0.56644267,0.118465066,-0.470906,-0.22485963,0.16902912,-0.015163754,1.418213,-0.27859917,1.3195921,0.73272634,1.3819141,0.7789569,-0.8123167,1.1294156,0.40019485,0.3708725,1.8572206,-0.6053431,-0.46547154,1.4141943,1.2303257,0.5431085,-0.16343556,0.48531204,-0.117029145,0.0739368,-0.34815758,0.59702283,-1.8436253,0.12744108,-0.8273414,0.2647103,-0.9526288,0.33730793,-0.7513686,-0.8253216,-1.3121405,-0.34899,-0.04441578,-0.06467385,1.7963054,-0.13714762,1.2115769,-1.4805257,0.9394274,-0.7679439,-0.5530305,1.1540037,1.5240536,1.104685
1.3376868,0.25037718,0.17821918,0.4889749,0.10403515,0.4954144,1.3677707,1.1394222,0.63914895,1.9203404,1.0937645,0.27126318,0.78570855,0.9542574,1.6921164,1.2182806,0.109002225,1.2428288,-0.09070943,1.216123,0.6825518,-0.36971378,0.36471754,0.17525922,0.5497545,1.1710327,1.4523274,0.24009117,0.5807212,-0.014619007,-0.4615754,-0.46857965,0.2503952,-0.18721212,-0.4794321,0.6140557,1.572441,1.2790929,-0.3441043,1.1546016,-0.038913097,0.48633096,0.62297106,1.1886723,-0.5133993,0.6850286,-1.1107666,0.9888043,1.3587481,0.94960517,0.09401069,0.7333871,1.1997653,-0.33680508,0.45621383,0.43618885,1.1649363,-0.24829614,1.3632104,-0.33180115,-0.44593987,0.90137213,1.263833,0.34384388,0.88999754,1.5415937,0.68768364,0.16549827,0.42585927,0.82285565,0.19606322,-0.2531003,-0.6233176,-0.59037405,-0.06293801,1.2010484,0.2170658,1.0853983,-1.3702632,-0.4922088,-0.45762202,-1.3352226,-0.80197656,-0.5254471,0.3042902,-1.7212896,0.41291428,1.4786894,0.7177602,-0.51071405,-0.56730133,1.9632646,-0.5792775,-0.8211814,-0.16726485,0.08657945,-0.8964085,0.7568422,0.1566595,0.27621526
0.9442783,-0.39602965,-1.1749318,-0.5941093,0.5669742,-0.11560416,0.65019137,0.27588838,-0.7996628,1.0200706,0.3521539,-0.6450047,0.41238225,-0.54660827,0.3291167,0.6528357,0.26732892,0.727789,-0.021490091,0.9899785,-0.94247437,-0.06705412,0.41136995,-0.6962478,0.5620303,-0.95336854,0.79509073,1.9818769,0.018669043,0.10770238,0.9921623,0.071737856,-0.68042636,0.7217916,0.22799975,0.23559374,0.485614,0.47156128,-0.84171903,0.013731413,-0.6633387,-0.42293018,-0.75630367,0.7652657,-0.18289042,0.11419387,-0.062050946,1.1367236,0.16489837,-0.08792647,0.016005224,-0.07315975,1.5569496,-0.43981692,0.28920344,0.64854246,-0.51745623,-0.6289726,1.8517632,0.18359292,-0.8030369,0.8365159,-0.37578818,-1.5146961,-1.5021585,-0.36297557,-0.59865284,-0.7301867,0.070312604,1.1547661,0.2652066,-0.85425866,-1.1372734,-1.4485966,-1.204412,-0.7266254,0.13100465,0.34706646,-1.2985021,0.036457572,-1.2221285,-1.4363248,-1.7930377,-0.3199424,0.037090413,-1.4474858,0.23551084,0.8838019,-0.7465052,-1.7027628,0.9958239,0.26244846,-1.758191,-1.4637208,-2.7553377,0.4470016,-1.6752499,2.5176587,0.9461632,-0.27498305
0.7530314,-0.5036137,-0.5815878,-0.15664594,0.823341,0.18443736,-0.23236805,-0.8063623,-0.49615934,0.8861709,-0.31881285,-0.24839425,-0.8952114,-0.32324135,-0.003318313,-0.5960252,0.09786293,-0.085787445,-2.3168032,0.5959626,-0.0057159145,-0.3472722,0.0068367245,-0.96886927,0.46072605,-0.3219027,0.6131684,1.6296073,0.695287,-0.61369336,0.091235116,-0.023388378,-1.3174264,-0.09069933,0.6783339,-0.5735011,0.33698532,0.4631627,-0.15172403,-1.024982,-1.0827665,0.3648403,0.23763737,0.64129937,-0.9768046,-0.11346944,0.022378229,0.36019692,-0.106470205,-0.51434404,-0.58199245,0.6646982,-1.3270001,-0.0006134831,1.0166794,0.4419055,-0.693827,-0.3779307,1.0251367,0.5009928,-0.9052509,-1.4609998,-0.9425613,-1.791491,-0.8423182,-0.32353467,-0.87164587,-0.96726424,0.15421492,-0.12373151,1.1301742,-1.2511703,-0.800309,-1.9056407,-0.7882697,-0.19273275,0.5705112,-0.61975247,-1.7487317,0.16115606,-0.43399757,-0.47033462,-0.42892787,0.2462647,1.6027818,-0.7420414,0.0010019495,0.23596546,-0.33451855,-0.5425459,-0.55136216,-1.8221651,-1.3328388,1.1180562,-0.7333111,0.38752455,-0.8807862,1.5568184,-0.27501196,-0.42757472
-1.566994,-1.4866755,0.16525054,-0.7469907,0.08083684,0.49503568,-0.560804,-0.90865254,-0.53171915,0.61665475,0.720173,0.7972639,0.150432,-0.63909894,0.70759684,-0.31812638,-1.1206486,-0.9933931,-2.3941941,-0.51846415,1.3983339,0.62948287,0.784024,-0.670938,0.46575233,-0.30768302,0.5372201,-1.4061139,-0.4888531,0.37088603,0.9780724,0.4564634,-0.7347829,0.6920449,-0.36858243,-0.446917,-1.666253,-0.46290898,-0.24103874,-0.78456694,-0.6094771,0.45152453,0.3485161,-0.10754249,0.4114098,-0.3512315,-0.63055575,-0.64892787,-0.52385944,-0.99986935,-2.1842184,-0.6659218,-0.6264734,-1.8229996,1.1240401,0.3549103,-0.93993944,0.2274233,1.0077523,-1.0090209,-0.41417634,-0.015900224,0.813369,-0.5344071,-1.0778224,-0.6290638,-1.1775506,-1.7724617,0.62143326,-0.73549384,-0.05204919,-1.2678396,0.03262227,-1.9992076,-0.51375765,-0.11341769,-0.9355336,0.6099392,-2.2019238,-1.1349807,-0.37316614,-0.76625556,-0.33300748,-0.02188063,-0.7430649,0.033413377,-0.35614765,-0.88858646,-1.4435155,-1.6595129,-1.1085751,-0.55061924,-0.4557931,-1.6426525,-1.1877971,-0.8525167,-1.0728487,-0.35950798,-0.2851415,-1.898936
-0.79191834,-1.1470029,-2.431203,-1.1573813,-1.0614111,-1.5523779,-1.8756398,-1.4705032,-1.7509673,-0.82708025,-0.9671022,0.26011017,0.8802273,-1.7948256,-1.6553268,0.122034624,-0.3729034,-1.0745541,-1.3362931,-1.3243065,-2.4588556,1.9138075,0.5534256,-0.4699127,-0.0016557161,2.2754796,0.21592501,0.4332293,-1.1466221,0.45545363,-0.3555007,0.3714545,0.74772406,1.3981805,1.415479,-0.8244451,-1.5361435,-1.296986,1.4235933,-0.77803123,-0.38658658,-0.30119553,1.7247682,-0.8037623,0.21188349,-0.521925,0.7848209,-0.0059573967,-1.7855489,-1.6952043,-2.8686595,-1.6972468,-0.7178025,-0.7096241,-1.1354837,-2.544938,-1.8164921,-2.1274364,-0.799404,-0.9545873,-1.0904752,0.87934595,0.58293015,-1.5380005,-0.7650585,-0.8045384,-1.9719003,-0.9007753,0.2593575,-1.6030735,-2.2496624,0.51012623,-1.2232279,-1.5934856,-0.94355595,-0.829243,-1.5536828,-1.4072639,-0.7351717,-0.30646756,-0.6947726,0.2163566,-0.45391604,0.62640476,-1.2271951,0.32491606,-0.36413348,-1.2530863,-2.6166937,-0.67505175,0.08286156,-3.4681761,-2.5214012,-1.8706028,-0.98654026,-1.9277426,-0.59724844,-1.1286312,-1.1264095,-1.4546317
-0.81854135,-0.20432876,-0.28737685,-0.55626273,0.12728246,-0.6560174,-0.9499198,0.11772063,0.29525402,1.6145947,2.3976626,2.2444298,3.1132925,0.66540056,0.29171985,-0.47126716,0.7461126,-0.51308507,0.32152686,-0.418792,-0.4359615,1.6483448,0.116172366,0.4695674,1.0842568,1.618975,0.6169569,1.5808178,-0.26792747,0.9200577,1.8495159,2.3755207,0.3704764,-0.30759624,-0.16066092,-0.21602933,-0.0036530504,1.2351885,0.81062055,1.2546436,0.078430034,0.118846886,0.6737732,-0.67456865,1.1892279,0.37797433,-0.35411036,0.104265794,-0.94933593,-0.9366493,0.83620447,0.99723524,1.7522085,-0.14718974,0.18299091,-0.68970186,-0.1361472,0.35477558,0.33711284,1.368756,0.835234,1.9816351,2.479905,0.04993185,-0.51165634,1.9165026,-0.17806117,0.18920252,0.63804054,-1.0896438,-0.46587816,1.4173098,0.7417181,0.42523208,0.47015995,1.8026751,1.0740707,0.8550326,0.10214926,2.0914483,1.4237622,0.39912927,0.81848204,1.361057,0.2185765,0.87956905,0.48641014,0.52234256,-0.18800923,0.19709662,0.064625785,0.3281118,0.2156446,0.41070223,-0.12150066,-0.7194737,0.91278726,0.5827913,-0.6694002,-0.57974565
-1.5872464,0.24687561,-0.24868232,-0.7999366,0.11908525,0.3607583,-0.23317726,0.18148188,-0.37237176,2.754134,2.29385,3.4655478,2.7906308,1.206635,3.0485823,0.11465427,1.1362355,0.28604588,0.6897928,0.13064513,1.169802,1.0114061,0.6648754,1.8070202,1.6757257,2.9334996,-1.0501384,1.3233777,1.0329581,2.7828076,-1.1855906,-0.56891334,-1.3787229,0.23846245,-0.82730764,0.20107248,-0.6349176,-1.3640906,-0.29254717,0.69247305,-2.182083,-1.4054385,-1.0266019,-1.7631799,-0.25940654,-2.4152606,-1.1340303,-0.83502996,-2.256506,-1.6075199,-0.74263155,-1.4727119,0.5046895,-0.8986552,0.51721966,0.031391483,-0.20672211,0.38479543,0.9580811,2.3415725,2.0137417,1.4059155,2.1166227,1.650747,1.2577177,3.077277,-1.110527,1.5203495,1.9897177,-0.03675756,1.4561567,1.7810693,2.5408804,-0.1403672,3.1562483,2.9815192,1.4153639,3.326635,-0.5227277,0.83944494,0.54170054,-0.19517936,-0.486393,1.4223108,-1.840263,0.08696017,-1.2326449,2.021253,-1.2104542,-0.85503405,-2.2789419,-0.912629,0.497718,-1.2147573,0.26161638,-2.3161905,-0.9901189,-0.3725005,-1.7299826,-1.8528403
0.21209921,-1.4948349,-0.359964,-0.5863739,-0.6155492,0.20160425,-1.6787664,-0.2411107,-1.4268305,1.1717403,0.55002344,1.470709,-0.048786618,0.11094298,2.002964,0.30995128,1.6420922,0.1821672,0.7700994,-0.5944027,2.2228463,0.7392338,0.6982308,1.1948962,3.3146293,0.8032094,-0.24500267,1.8346994,-0.56947917,1.654799,-0.5267179,-0.019433757,-0.5781697,-0.7631129,-0.9455439,-0.76489586,-1.4723586,-1.9668679,-1.7154429,-0.86945397,-2.1998427,1.4777036,-1.0951422,-1.251893,0.23724796,-1.4754429,-0.8396248,-2.9036295,-1.4711078,-1.8885225,1.6687928,-1.6709324,0.24694747,-1.2846706,1.6789799,-0.3446732,-1.228643,-1.3782275,1.140625,1.5924684,1.1495458,-0.2485529,0.82951844,0.2573613,1.1962608,0.20447533,-0.8957529,2.22567,1.1950848,0.59783363,0.4401082,1.8106158,2.855102,-0.64629763,2.0458019,2.1318069,1.9544206,2.0312002,-0.8991472,-0.27398244,-0.014143135,-2.7899685,0.35100543,0.99304473,0.59879756,-0.06703646,-2.0413647,0.48163405,-0.89040047,-1.6609157,-0.580889,-2.5367153,-0.09787186,0.06368496,1.6623391,-1.6150992,0.5959788,-1.2718893,-1.3805348,-2.321313
-0.17678817,-1.3928914,-0.4036772,-2.3675158,-1.027969,-0.45800674,-0.97063994,-0.3865686,-1.2257065,1.116782,0.38003603,0.8616841,0.22694033,-1.8509494,0.34265172,-0.62775314,0.56562865,0.07750923,0.04423881,0.67133594,2.1189208,-0.84339124,0.46910504,0.38309097,0.2410313,0.27687514,-0.060244534,-0.33237356,-0.18350478,1.4528383,-0.3318758,-0.63747317,-0.88931155,-0.61700076,-0.7461083,0.0308841,-0.17134356,-1.4404837,0.518568,0.29277584,-0.24450698,0.95656574,-0.93207157,-0.81973904,-0.88749,-0.21843493,-0.61198086,0.22887594,-1.0685451,-0.4431764,-1.333484,-0.8419539,0.11157932,-0.8461107,-0.35537863,-0.4700877,0.36428478,-1.1180543,0.33889005,-0.040269032,1.1027244,0.04917586,-0.4278996,-1.661071,0.30108228,-0.45855802,-0.24713926,0.67921823,0.83750385,1.2712756,0.8422127,-0.7300825,0.8176038,-0.131429,0.518213,0.6098624,0.4606351,0.6963188,-1.2402309,0.11362081,0.6050854,-0.9886701,-0.7785794,-1.5816835,0.1455341,-1.7795551,-1.265672,-0.15652852,-0.6750364,-0.8248904,-2.233981,-0.63211775,-0.7236175,0.34253412,-0.85911345,-0.7714534,-0.9139552,-0.7844059,-1.9214513,-0.58268
-0.99218005,-1.4931388,-0.47405824,-1.4481181,-0.17193282,-0.47315004,0.27209264,-0.92216796,-0.5721915,-1.9181947,-1.3790159,-1.6908658,-1.3196954,-2.1284063,-2.6021035,0.020859895,0.32452747,-0.28346235,0.4745278,0.1201445,-1.1815054,-0.006300398,0.3563515,-0.38237292,-0.4485515,-0.33271852,-0.4015657,-0.52043116,0.6517224,-1.2974527,-2.2855363,-0.1476169,0.66526204,0.6725152,0.27792084,-0.2727894,0.49645975,-2.1700475,0.5535846,1.7548717,0.35438803,-0.80171514,0.34536743,-0.96153617,-0.9012186,-1.060686,-0.3236028,-0.0014086727,-0.63129365,0.2545669,-0.65279,-1.1594297,-1.5111591,-0.32079569,-0.91657066,-0.70585406,-0.53880715,-0.33027375,-0.85917735,-2.3576627,-0.6659193,-1.8189844,-1.4740114,-0.6142199,-0.28166512,0.6241078,-0.07482015,0.6321795,-0.051188253,-0.082140036,-0.21007952,-0.088409945,0.63153505,0.007102647,-0.314606,-0.31294566,-0.5600438,-1.4002306,-3.2844787,-1.4342782,0.214095,0.1387853,-1.3619858,-1.0268959,0.26875058,0.0035539346,-0.07533721,-1.1178476,0.38222843,-0.41819844,-1.0635372,-0.57544637,-1.3214619,-1.8114924,-0.97314227,-2.2661085,0.060002252,0.692923,-0.43320265,-0.4970977
-0.3041871,0.30352,-0.27216262,-0.10964464,-0.5071839,0.46093592,0.43113592,0.54051197,-1.1709746,-0.943599,-1.1072495,-1.0468073,-1.780942,0.7963893,-0.68076116,1.2818103,0.5316056,1.8725595,1.0845141,0.7131388,-0.85435313,1.2933512,0.10068147,0.6310874,-1.2402331,-0.14445084,-0.8180897,-0.90058315,0.3395262,-0.42952022,0.62420815,0.00083160354,0.66442204,1.7685727,0.13109806,-0.06999186,-1.5536044,0.25669646,-0.31256402,0.67417574,-0.24861434,-0.50510275,-0.046640538,-0.25049806,0.2593389,-0.074728146,0.1492639,0.24681203,-0.19995835,-0.78879815,1.3052042,-1.1797584,-0.015749179,-0.6918434,0.47222874,0.61510634,0.61659694,-0.7553355,-1.5104858,-0.8421241,-1.0268508,-1.2443798,-0.9478099,-0.33292204,1.3023143,-0.4244936,1.2765467,1.5087681,1.3919188,0.5482227,0.30988625,0.34689614,-0.63319427,1.6270099,-0.1780075,-1.7413715,-1.1601737,-1.2610503,0.9360665,-0.39217207,-0.10206434,-1.11845,0.771629,1.1228223,-0.83637536,0.0057581607,-0.32430172,0.49513572,0.32981858,1.5547328,-0.45965433,-0.9478523,-0.073818535,-0.09073995,-0.13642524,-0.55034953,-0.058629796,0.986095,1.2814035,-0.43165258
-1.2348258,-0.22077863,-1.1078432,-0.61059713,0.0092812115,-0.51238,-0.09617949,0.057228398,-0.56103486,-0.83296275,-2.827189,-2.329904,-1.9557312,-1.580803,-0.79551065,-0.34203565,0.14664732,-0.14086752,-0.5998716,-0.007524546,-0.43264064,-0.69348633,-0.7175551,-0.43860227,-0.7601943,-0.5503242,0.47325248,-0.7461395,-0.74212784,-2.225172,0.48625582,-0.6452896,-0.46649706,-0.25984013,-0.6890939,0.33814016,-0.38246667,0.08112007,-0.37362596,0.621033,0.42816523,-0.32439628,0.73060524,0.92485416,0.4855049,0.19157657,0.68640506,0.26623884,-0.08239159,0.30545452,0.24854714,-0.7972138,-0.35597372,0.1736399,-0.66073596,-0.95237595,1.0725133,0.11805402,0.20747335,-1.1741648,-0.12865719,-2.0406718,-1.9609772,-0.49797958,-1.4954588,-1.0356901,0.5755407,-0.032297723,0.15467381,0.48635465,0.056509357,-1.7815722,-1.5570815,1.4582657,-0.72168046,-0.5080701,1.3102297,-0.78704906,-0.36870918,-0.00993559,0.8193367,0.051312994,-0.27425107,-1.3154298,0.26913866,-1.1019136,-0.50143296,-1.1279233,0.46019298,1.2936895,0.3258522,-0.91837376,0.030983035,0.34523588,0.046994813,0.5582992,1.1136998,-0.32215443,0.66556686,0.873138
-0.60473406,-0.6986549,0.7533315,0.3978794,1.3793967,-0.03138298,-0.1525775,0.81540596,0.070434205,0.11199139,0.29907975,-1.799458,-0.49521947,0.65113956,-1.6437923,-0.1659085,-0.40792447,-1.1481003,-0.5920654,-1.1450477,0.14728543,-0.72204244,-1.7682987,-1.3941994,-0.76912,-1.6619136,-1.8356767,-1.7465385,-1.4322925,-1.4677734,0.29551226,0.88408697,0.38351429,-1.6625268,-0.28183994,-0.761268,1.8488184,0.6304465,0.8163095,0.4380601,1.3106391,-0.6599374,0.78695136,-0.022129677,0.5318833,-0.061461974,1.0535103,-0.6298583,-0.0053673224,0.5305826,-0.026581101,0.32398897,0.26129615,1.9000536,1.324271,-0.18952438,1.0022242,0.88358104,0.00630941,0.23517784,-1.058255,-1.3364019,-0.7153221,-0.51556695,-0.8278132,0.20753334,-0.6046191,0.21910249,-0.92881244,-0.5090207,-1.3871156,-1.5539138,-1.5785222,-1.3907793,-0.5795572,-1.5371501,-1.3379592,-1.5084057,0.21577026,-0.122117706,-0.42360532,-0.397297,-1.4718968,0.18297164,-1.0474006,-1.6555134,1.2793183,-1.4575822,-1.2616155,0.96225166,1.2833296,0.6296011,-1.2501136,-0.49398983,-0.726877,0.5753498,-0.6604558,-2.4206355,-0.041060194,0.7845072
0.9296605,-0.047117334,-1.6438259,0.33186626,0.4423462,0.4008703,-0.27341807,-0.6494263,-0.629771,-0.1231747,-1.3168161,-0.7065022,-1.3141662,-0.8944489,-0.83290964,-0.02652573,-1.3416646,-1.4459052,-0.47302166,-2.2909365,-1.2457247,-1.5642577,-2.9287622,-0.68566835,-2.1850624,-1.3192439,-1.6770945,-2.4356945,-1.4836059,-1.2952489,-0.90038806,-0.35384384,-1.9082562,-1.2882674,-0.6993962,-1.452421,-0.7888962,0.34998637,1.0108379,-0.4130625,1.0645235,-1.4137682,-0.23219138,0.15937473,-0.62090266,-0.25570643,0.6543216,-0.33580077,0.1513531,-0.27773702,-0.18969065,-0.755546,-0.6073167,1.0540167,-0.02579947,-0.59990317,-1.3078178,0.035484813,-0.55171543,-1.0973443,-0.44061872,0.017369801,-0.32696027,-1.1951298,0.17432553,-0.35019532,-0.0732776,-1.5165226,-1.1734914,-1.0710477,-2.0214813,-0.90886587,-0.4258069,-1.2404743,-0.69374347,-0.82652175,-0.38770688,-1.6644528,0.9954148,-1.3107848,0.33586407,-0.25775668,-0.67697203,-0.6005297,-1.7210925,-0.67696357,1.8312594,-1.6972395,-0.91453177,0.09493534,-0.94435275,-0.81927973,-0.9228632,-1.688356,-1.0539712,-0.07761809,-0.46846056,-0.9712234,0.122706406,-0.08024074
-0.8685166,-0.765761,0.11552636,-0.17607579,0.5156269,0.682261,-0.37022832,0.2710514,-0.25299102,-0.76883584,-0.029095255,-0.83320224,-0.3963971,-0.820137,-1.2914009,-0.8831951,-1.5193875,-1.1558173,-0.84746605,-1.3503174,-1.1788809,-1.6909207,-2.0439055,-2.5478418,-2.6274915,-1.5595127,-0.8633181,-2.2347353,-1.0195838,-1.0346684,-0.3426287,0.33202335,1.6424711,-0.87144834,-0.5563072,-0.73117673,0.7346443,1.1659305,1.1502302,1.6616626,2.1920712,-1.6288247,0.86395854,0.66075164,-0.044349562,0.77460474,0.29677275,1.1259822,1.7949969,1.1740961,-0.55717117,-0.46943855,-1.2171975,0.61039436,-0.44977483,-0.37833327,-0.87130684,0.2577207,-0.684784,0.6814085,-0.73886573,-1.0039306,-0.64179146,-0.08769348,-0.29837093,-0.9916365,0.055644806,-0.99495614,-1.9268601,-1.1959913,-2.0343297,-2.2020133,-1.6055374,-1.1880049,-2.118267,-0.9425771,-2.4140258,-2.6603928,0.36374635,-0.75148124,-0.54342425,0.7640075,-2.1832874,-0.9403065,-0.80234146,-0.40899265,1.0079925,-2.7929196,-0.28152296,1.400061,0.91668546,-1.0306691,-1.4468036,0.1992428,-0.9874084,0.12130537,-2.1656785,-0.40255177,0.52587515,1.6518506
0.5524248,-1.1148529,-0.075412236,-0.36939198,-0.008557375,0.4411267,0.0073886113,0.13223518,-0.517472,-1.1932241,-1.9186935,-0.6490189,-0.21380717,-0.45314053,-0.49414322,0.5264962,-0.117415845,-0.62109536,-0.82773906,-0.5123109,-0.8034012,-0.37108073,-0.67981005,-0.7022565,-0.43962622,-2.393403,-1.4080459,0.19329631,-0.85476947,-0.685304,0.13946496,0.067552246,-1.2669423,0.29820332,0.10556408,0.38590634,1.3837568,0.43369463,-0.2265502,0.5838712,-0.016177358,-1.3468212,-0.66244453,-0.17445675,-1.0738596,-1.0700501,0.4553891,0.0897349,0.6780441,0.06711661,1.2673684,1.1639717,0.42744735,1.515007,-0.76670885,0.44993216,-0.44803724,0.34620947,-1.56245,-0.22161353,-0.2572695,0.09107933,0.84568,-1.5593871,-1.2886149,-1.7289728,0.06332064,-0.86536384,-1.1958915,-0.29461423,-1.4238731,-1.3553835,-1.6474544,-1.0709932,-0.7887565,-0.40705916,-0.27543104,-1.5797626,1.0131922,0.23946445,-1.2733808,-0.010417854,-1.0220149,-0.6713469,-1.0475297,-1.6867472,0.35408208,-0.81697196,-0.20610215,-0.25097427,-0.4540421,-0.52560997,-1.1834391,0.80143934,-0.02863583,0.46778852,-0.977464,-0.5994496,1.777399,0.43837434
0.69099,-1.2326431,-0.3539714,0.56912565,0.067621596,-0.7216967,-1.1334426,-0.012500072,0.19994444,-0.1560321,-0.4015722,-0.57488054,-0.20353566,-1.6834332,-0.27306685,-0.33482158,0.8233544,-0.3223584,1.2309767,-0.70882887,-1.0705193,0.5607266,-0.69821775,0.28259805,-1.5856092,-1.2172307,-0.7680506,0.02066276,-1.6760483,-0.5704315,-0.48030975,0.8371879,0.6277405,0.3208596,0.32758296,0.3416631,0.9408376,-0.286759,-0.17920466,-0.6816031,0.7307544,-0.8737449,0.1947816,-0.20563476,-0.9653498,-0.00676019,0.72525007,-0.49962115,-0.037612777,-0.13233778,2.1003923,-1.5938785,-1.1736509,1.0169208,-0.29158175,0.3442653,-0.19917226,0.106376335,-0.5908132,0.014535811,-1.2793833,-0.51702785,-0.35994288,-0.09839553,-1.3146278,-0.5850426,0.7262491,-0.08980956,0.024572672,-0.33550617,-1.3640907,0.75225914,0.46008775,0.39913332,-0.027865164,0.2970833,-0.552829,0.11825137,0.5754122,0.56693494,0.030726679,0.2045965,-0.41141528,0.7547149,-1.5257784,0.3312566,1.0658493,-0.6788264,0.8651165,0.17082813,1.2199124,-0.31562158,-0.14046885,1.7247654,-0.19288796,-0.014952377,0.7204749,-1.121084,1.75136,0.57948047
0.7833868,0.04995638,-0.14038596,0.49860463,0.5531461,-0.73193103,1.202491,0.5294906,-0.0589927,0.13430834,1.3451641,-1.0149903,-1.406073,0.18872952,-0.32423568,-0.5515556,-1.3035591,-0.3601101,-0.54943085,-0.564458,0.11968229,-2.4298463,-0.24778482,-0.0858509,0.09423205,-0.64196634,0.35069865,-0.27772704,-0.6795666,-0.5367091,-0.6497398,0.14753082,-0.8196883,-1.7227452,-0.102227986,0.18682064,0.82928944,0.06670322,-0.089702524,1.4680439,0.67314696,0.71348804,0.61794037,1.6231601,0.2930082,0.95035756,1.0752774,0.6303134,0.30536342,0.99407434,0.18527184,-0.57608986,-0.24995475,-0.49719694,0.3410546,-0.5550427,-0.032307543,-0.028197218,0.9589173,-1.0569024,-0.087099515,1.0532533,-0.790511,0.22070667,0.10930507,-1.742236,0.43308705,0.7758478,-0.84154207,0.24945302,-1.6125997,-0.7292794,-0.43543512,0.33667922,-1.0926102,0.05454209,-0.5127507,-0.8091338,-0.26785105,-0.43026212,0.7852271,-0.22068942,0.11740412,0.68887955,-0.23146972,0.45612714,-1.1973605,-0.05333027,-0.32055482,0.88187903,1.7316079,-1.076313,-1.3610696,0.7766229,0.95404845,0.89585555,0.3329919,-0.68108326,0.7901452,0.84388256
0.15744348,-0.09171832,-0.6297601,-0.056105234,1.1592172,-0.2512786,2.1734648,0.96430683,0.7947565,0.420703,-1.3454338,-1.4255081,-1.0231392,0.10254824,-0.31878856,-0.09369654,-1.7907761,-1.2769874,-0.8062764,-0.6887788,-0.22849944,-2.0767052,-1.2871877,-1.6662635,-0.98775184,-1.1467174,-0.7353242,0.014035931,-1.7459447,0.26700526,-0.29793772,-3.002745,-0.65397435,-1.638507,-1.291468,-1.5367197,-0.99654275,-0.08848323,-0.662936,0.7629165,1.0260837,0.19187702,-0.9206888,0.77222574,-0.9317397,0.7807746,-0.7108123,0.010391658,1.0072602,1.1909331,1.0446461,-0.60255593,0.20915692,-0.4000682,0.3787215,-0.091422565,0.21414423,-0.8382874,-0.044464596,0.8813594,0.310894,-0.038085114,-0.5641352,1.9957806,0.46289587,-0.78921294,0.32417452,-0.8175804,-1.4764018,-0.5877029,-0.4776742,-1.8278764,0.7764112,-0.18397413,-1.2686208,-0.8388572,-0.012492994,0.07758167,-0.068867974,-2.0338473,-1.343748,-0.86014956,-1.2956692,-0.014855546,-0.10176323,-1.6390858,-1.8269756,0.14133522,-1.8760133,0.21142362,1.0721513,-0.3848045,-0.6281858,0.17828971,-0.2958604,1.3152195,-0.7633268,-1.5864984,0.8248711,0.5457039
1.1491121,0.039845686,-0.9698801,1.282353,-0.22301523,-1.142891,-0.4513724,-1.1593122,-0.79696494,-0.8520396,-0.07723418,-1.4020331,-1.5645578,0.46394256,-1.5149583,-0.8682022,-2.2056932,-2.0902152,-1.5180287,-2.335211,-0.04572996,-1.844089,-1.3498201,-2.3683805,-1.1685106,-2.2799463,-0.75943774,-1.4262633,-1.9118598,0.07129753,1.4053018,-1.1983994,0.68852836,-1.3768382,-0.5927825,-2.1224597,0.16637965,1.0206654,-0.2727006,0.15491632,1.3512243,-0.7759244,0.40465203,0.5801809,-0.4314185,0.13953292,1.1473113,1.1607496,0.70418423,0.42949358,-0.5990109,-0.9136178,-0.3387552,0.008746009,-1.6590983,-1.3403723,-1.4866427,-1.2042428,-1.5312512,-0.0038667005,0.070065476,-1.9944875,-1.8057218,0.0961506,-0.7093786,-1.1286738,0.04464323,-1.6360497,-1.1383036,-1.765188,-0.9164185,-1.5593246,-1.1410961,-0.26929128,-1.3325304,-2.1910734,-0.866687,-0.81466687,-0.7503735,-2.1388953,-0.30311394,0.08264596,-1.1488751,-0.9142739,-0.13314934,-2.113453,1.0121508,-2.0855598,-1.5802976,1.8200268,0.21674679,-0.6652385,-0.593741,-1.6506145,-0.11701495,0.7396928,-0.50094247,-0.68198144,1.1918238,0.83807117
0.98748,1.0640571,0.70571995,-0.3103146,-1.1825702,0.07022911,0.4626659,-1.2808323,0.2400167,0.11537537,1.1921364,-1.1089739,-0.82007337,-0.27019003,0.118437394,-1.125474,-0.81556654,-0.8576073,0.1043526,-1.1686057,-1.9150327,-0.23197232,-1.2761111,-1.5247244,-0.48359653,-1.3554298,0.28544348,-0.36023635,-1.1500776,-0.84417754,0.9892786,-1.9103484,-0.91815126,-0.8407696,0.65056574,-0.9853484,0.4027426,0.32166353,0.7645236,0.16214736,0.9135244,-0.99241585,1.3036383,1.1679494,0.55673033,1.3809371,0.6053422,0.73736185,1.5355905,1.1319947,0.25566983,-0.6067731,-0.8983643,-0.55022216,-0.8827532,-1.1209642,-0.520564,-0.971703,-0.52279806,-1.6296077,-0.23321289,-0.8128218,-1.2109289,0.14121523,-1.4704938,-0.8921962,-0.012565722,-1.2880814,-2.0183115,-1.6390544,-1.2291752,-0.9878522,-1.11515,-0.24670847,-1.4033822,-0.97441214,-0.09392897,-0.20409642,-0.18461215,-1.0568289,-0.1386406,0.57404745,0.71350265,0.16301727,0.6257991,-0.1663769,-1.1243174,-1.1835115,-0.9033411,0.7974543,-0.5200908,-0.6901338,0.36588722,0.69855225,1.5108654,1.264811,0.3643079,-0.72659355,-0.15409349,0.5220203
0.26805082,-0.5036251,-0.7535259,-0.5793079,0.35246128,0.61282927,0.37858343,-0.009071677,-0.23741074,-0.92987365,-2.0057845,0.33600023,0.05655063,1.3236449,-1.0484062,-1.1755186,0.045831494,-0.29672083,0.16363163,-0.17885512,-0.013831302,-1.0926669,-0.6026482,-1.0842022,-1.0285983,-0.86824083,0.5105247,-0.024150517,0.5920282,-1.6497438,0.53198135,0.019648144,0.98763436,-0.2473311,0.914282,0.74307626,0.29444975,2.129668,1.375649,0.046258643,1.2814572,1.4152464,-0.0052215923,1.6040717,0.52520573,1.1955291,0.76027197,1.4710144,0.86949867,1.5769497,-0.10610845,1.3206682,0.6613044,1.2977545,-0.5196919,0.48060307,0.45861843,0.2825697,-0.92359734,0.9725305,-0.029244104,-0.23845263,-1.0583181,-0.5005127,0.6475978,-0.6201423,0.43962643,0.09753135,0.35384488,0.14201017,0.029839296,-1.0931967,0.03958707,0.38684145,-0.45468006,0.17603818,0.22588888,-0.5429729,0.9530341,0.43251488,0.7361827,1.5012687,1.5696337,0.026843011,1.6061894,-0.9646962,1.2059907,-1.3882667,0.81888914,1.3946906,0.03269959,0.86958754,0.6216212,1.7718185,-0.72902817,1.8709275,0.909453,1.082288,1.089643,0.5372938
1.1071625,-0.35764802,0.78875226,0.9044778,-0.25690112,-0.25515315,2.537446,0.334453,-0.15456325,0.040459562,0.8513376,-0.6112924,1.1192974,0.33099672,1.5024267,-0.4411036,-0.65108246,-0.045028366,0.7228226,1.2265255,1.9710155,-1.1630224,0.25213015,-1.6027701,-0.164068,0.407558,0.9953506,1.7113976,-0.22707011,1.2414882,0.35342383,0.8173478,-1.6039107,-0.89652336,-0.3716532,-0.41417828,-2.1493828,1.8945743,0.10688553,1.0352937,1.2791891,0.15222326,-0.22764808,2.3671408,1.2316363,1.4117886,0.7240391,1.159975,1.6468333,0.91723615,1.5345094,1.6330059,0.7504989,1.0410086,0.33800548,1.5085549,0.8198352,0.74028444,-0.25536627,1.2878199,-0.5067107,0.32632208,-0.8582877,0.21696687,1.6681563,1.0288271,0.8803039,0.6921281,-1.0960205,0.5736458,-0.42800644,-2.1624246,-0.60800976,0.003970918,-2.0562682,-0.3903536,-0.47390696,-0.51399297,0.15699586,0.39832392,0.12694377,-0.39465994,0.5786655,-0.66855025,1.5888538,-0.535537,-1.1168376,0.3328349,1.0524101,2.1524823,-0.077191435,-0.29076427,-0.45724145,0.88790977,0.12907335,2.1925552,1.1923451,0.9620372,1.0993543,1.1882036
0.22015943,-1.108423,-0.15125385,0.14886437,0.65218574,0.5201993,0.53697836,1.4741375,0.24999022,-0.09801297,1.1436459,0.24046522,0.6084148,2.272252,1.4650456,0.05482584,0.2641779,0.45415613,-0.39078918,0.9369868,0.8883515,0.5642678,0.14162822,-1.002816,-0.25623646,0.7364026,0.42707786,0.2998529,-0.5088674,1.0283438,-0.52227825,-0.59743917,0.2704538,0.18861198,-0.06501744,0.12219104,-0.5107081,0.21724969,-1.4074136,1.9496728,-0.46470857,-0.1156221,-0.565099,1.6123598,-1.1178985,-0.11092224,-0.9564479,-0.07829535,1.0694164,0.4832261,1.447051,-0.31646886,0.39153802,-0.83717954,0.17161149,1.6374542,1.0915027,0.8419152,-0.31660613,1.0818135,0.8350079,-0.41212857,0.45660633,0.54680425,1.3102357,0.17452003,1.5233488,-0.17747734,0.049483143,1.299859,0.7647288,-0.2625384,1.0979471,1.164957,-0.2290938,0.13184668,0.06924723,0.45944297,0.4525254,-0.5641351,-0.9827167,1.1193857,-0.35543382,0.2638557,0.0884446,0.10316382,-0.63571554,1.676999,-0.17354198,-0.10563971,0.06928917,0.10524497,-0.47117493,-0.4117699,-0.97050786,0.7761826,-0.02647105,0.66733986,1.8861749,-0.21048264
0.043073684,0.6287294,0.35542303,1.5573382,1.0824206,1.4614009,2.0240839,1.004147,0.4929223,0.91485345,0.3765536,0.72963953,1.1457188,1.0544024,0.7710695,1.5904012,-0.8598388,0.39791387,0.38976318,0.67700696,1.5337837,1.1349057,1.0818474,-0.12871875,-0.48290673,1.6963466,0.49646357,1.360304,-0.0673229,0.3508847,-0.98862153,0.20262162,0.5142042,2.0562832,1.2959168,1.0532559,-0.39335254,-0.4178391,-0.5308713,0.53524274,-0.59467614,-0.16385606,-0.2505632,-0.728108,0.97379357,-1.1326594,0.7503202,0.2392235,-0.090410754,-0.46181354,-0.13860872,0.08726449,-0.041427605,0.0076493053,1.2145493,0.639897,0.44967183,1.2275294,0.7429544,1.5169207,1.444291,1.4042997,1.098288,1.1212409,2.0250466,1.9061775,-0.5384992,-0.17739537,0.113688916,0.26527694,0.86993444,1.8165213,-1.106048,-0.5372178,-0.91941553,0.026282266,-0.7260414,0.42428872,1.505251,0.17021112,-0.67359924,1.3894799,-0.24417506,2.4047937,-0.556008,1.5701694,0.30184555,1.2916425,-0.08004875,-0.93993354,-0.041940734,-0.0046423613,-0.43256918,0.17236584,0.07582271,-0.011420748,-0.42279658,1.7390383,0.52505505,-0.83804095
0.5973935,0.2785652,-0.6826602,0.9059328,0.775848,0.8278935,-0.17160448,0.110338114,-0.4694382,-0.07442076,1.0070728,-0.34876177,-0.7278927,0.7819192,0.83588827,1.1111642,-0.09182041,0.2461872,-0.9436477,-0.41388607,-0.7667692,1.0703472,-0.20683004,-0.34714526,-0.2787608,1.4276564,-0.54660785,-1.5441911,-1.3096163,-1.1455626,-1.1725632,-0.8024837,0.63739026,2.0699766,1.8384898,-1.1854894,-1.4289465,-2.2113736,-0.24240823,0.5877108,-0.27509406,-0.1324095,0.92585564,-0.8093234,-0.55661863,-1.4155083,0.9096953,-0.18329711,-0.97174263,-1.3891699,-1.7563039,-0.9303468,-2.2849703,0.6732986,0.7263344,-0.4846944,-0.455188,0.37027016,-0.38134965,-0.3716498,-1.6006941,-1.0144515,-0.78857225,1.7900085,-1.5844978,-0.3996136,-0.41645604,-1.3668631,-1.1098614,-0.23437881,-0.572886,-1.0471098,-0.94850737,-0.6027506,-0.9800947,-0.07221835,-1.2915237,-0.37739158,0.10357865,-0.7945315,-1.7515582,1.0280043,0.5055621,1.3350577,-1.5107467,0.40660942,-0.8610514,-0.82792056,-1.5373422,-0.35166702,0.96902144,-0.73221844,-1.0140518,0.4171819,0.7380116,-1.096436,-1.2200774,-0.099773265,-1.1433098,-1.0315864
-1.6682065,-0.103259236,-0.4463009,0.46353564,0.16324699,-0.7060647,-1.528033,-0.82907885,-1.3700767,2.483232,-0.5378027,1.7551169,1.0715168,0.9550064,0.031684417,0.36350483,0.22637957,0.21433857,-1.9838889,-0.22498707,1.8103191,-0.17601125,-0.2627145,0.7417845,-0.28742808,1.6314945,-1.0155696,-0.43620166,-1.6279655,1.2595832,-2.2621746,-0.9870131,-0.57619625,1.192624,0.062352188,-0.2537402,0.110688716,-2.057527,1.4682583,1.1664184,-1.4782754,-1.0215477,-0.5705669,-2.3831546,-1.9655252,-1.7638344,0.57202786,-1.1381699,-2.4866369,-1.2627772,-1.3174447,0.11606115,-0.34776822,-1.2582463,-0.01420872,-1.848403,-1.2077869,-1.036071,1.1115096,0.07293644,0.2748341,0.39022163,1.2697911,1.3776499,-0.36296043,-0.7725714,-1.3227015,-0.4541891,0.6568634,-0.18699172,1.4604748,0.36982468,0.47195113,-0.11307329,0.63958997,1.0415826,0.50103587,0.52721757,0.1374039,-0.77685463,-0.8131142,1.8663498,-0.66490275,0.046619695,-0.77250576,1.1437678,-0.55155975,1.9083886,-0.55115634,-1.8295072,-0.77861255,-0.47575325,1.8445798,-2.1076221,-0.45015052,-2.5954015,-0.29066822,-0.109186135,-2.1558204,-2.0455923
-1.4362301,0.019416627,-0.44929677,0.364016,0.22391057,-0.6115259,-0.9367966,-1.0212975,-1.2797285,-0.26443478,0.026009332,0.19787186,1.0953428,-0.74409574,-1.0174801,0.10866709,-0.84367996,-0.68866163,-1.2689614,-0.46674126,0.8644875,0.37582216,-0.058173623,0.3900101,-0.56097305,-0.557687,-0.4152884,-1.1160381,-0.42896575,-0.8531166,-1.1641499,-1.8990716,0.040802315,0.52535164,-0.05197091,-0.22009684,-0.341621,-2.2225919,0.13021986,-1.517954,-1.1522182,-0.6822945,-0.36225563,-1.7907138,-1.1114641,-1.8588799,-1.4948754,-0.8136965,-1.2364886,-1.3690094,-1.3273232,1.5137937,-0.78785646,-0.8451361,0.3537072,-0.3673308,-1.7637305,-0.5090506,0.57026255,-0.41615582,-0.649669,2.7996933,1.471105,-0.018729102,0.47949848,-0.92632824,-0.9039773,-1.6374463,-0.16561171,-1.0724024,-0.3655568,0.23023367,-0.7261742,-0.10751007,-0.15621997,0.09053162,-0.7280278,0.052046664,-0.9317084,-0.4258593,-0.7790306,0.57746017,0.24207096,-0.054109436,-0.67003685,-0.450342,-1.6636807,1.242866,-0.9818661,-0.6434958,0.13505669,-0.58295166,0.63653153,-1.1686939,0.4572486,-0.9182905,-1.1576135,-0.3179364,-1.213846,-1.3643458
-0.6725344,0.15658304,-0.12973692,-0.2437201,-0.2602082,-0.8227118,-1.2939962,-0.15715587,-0.60335606,2.5075405,0.09848946,0.64763725,0.94696945,-0.6600066,-1.4062619,1.5477233,0.6054598,-0.17616498,-0.43265304,-0.34324685,0.49861273,0.97766995,-0.050035406,1.3658861,-0.076645404,1.1036277,-1.3207756,-0.90183187,-0.638906,0.076702,-0.8196673,-1.1583748,-0.7862718,0.64112747,-1.3727827,-0.40808305,0.38948613,-0.98942983,0.60043186,0.42215127,-1.8721371,0.45704517,-0.74523765,-1.8555435,-1.6099799,-1.5910306,-0.971609,-2.070683,-1.2756665,-1.8249791,-0.13851711,0.93029195,-0.537062,-0.9308375,-0.17988554,0.07603631,-0.9605475,0.25780442,2.0318956,0.4642681,0.11020513,-0.11047565,0.18410818,-0.24936421,-2.4688785,0.69835633,-1.1261892,0.34138417,0.9043827,-0.26990518,0.15452205,1.2373635,0.16375859,0.9183154,1.445818,0.6768892,-0.0037966776,-0.21965031,-0.44070575,-0.64620155,-0.58818126,-0.3466111,-0.23840305,-0.92665684,-1.1558503,0.83751684,0.8391514,0.10863764,-0.32485446,-1.6127803,-1.1516281,-0.33911675,1.6599948,-0.5789099,-0.5832627,-1.1360165,-1.1933842,-0.58112466,-0.8423757,-1.0929365
-0.76126003,0.053669825,0.12432027,-0.33538887,-0.7227901,0.37073183,0.17748097,0.37356365,-0.16828516,-0.07262715,-0.90045166,0.6569282,0.25203162,-0.5209469,0.065410614,1.5734206,1.7951868,1.0132247,0.98817074,1.3714812,1.0735992,0.30518466,0.4411502,1.372567,0.8713704,-1.2922698,-0.18080772,0.2679417,1.1083269,0.96630985,1.5328921,0.35745844,1.212361,0.2960693,0.38064715,1.25126,1.5729147,0.31857178,0.7274387,0.30567294,1.6056576,1.3796988,0.41370577,-0.028298303,0.9819539,1.3823115,1.3580532,0.42324507,0.52740407,1.3614066,-1.0530471,-0.22380792,-0.36518183,-0.22931838,1.3802041,1.2209003,0.35863784,-0.22683552,0.11707132,-0.83688766,0.20320779,-0.78953546,-0.46572658,-0.6276864,0.2003169,0.5287949,1.4317073,1.6833347,0.9422627,1.2064377,0.44630045,0.035331756,0.41315663,0.6557595,1.4610465,-0.35810316,0.55231756,-0.53730804,-0.2015058,-1.7837914,2.309649,-0.84988075,-0.23320952,-0.6999055,0.9091646,-0.64357066,2.2238727,0.35185984,1.279732,1.0982517,-1.2985185,0.41423914,0.48064667,0.423278,1.8296286,0.5283666,0.5939565,-0.7893007,-0.18722856,1.3916098
0.8559477,-0.124860615,-0.8557994,-2.1675658,-1.6390456,-2.077541,-0.98346,-0.34442326,0.59628767,-0.45361745,-0.14973909,-0.028774135,-0.17619757,0.853023,1.6624818,-1.6332245,0.5952415,0.09460517,1.1617159,0.56826186,1.2261295,-0.05856228,-0.052122466,0.13944536,0.41769886,-0.5452271,-0.11084554,-0.15240176,0.44770133,1.1809535,-0.82544285,0.6597859,-0.5975147,-1.4215074,-0.83280575,-0.3236516,0.5994933,0.6525945,-0.48660982,-0.6368685,-0.13864285,0.94792145,0.2925836,-0.14438392,0.44945082,0.233206,-0.8966828,-0.61526585,-0.69698226,0.34378478,-0.14061464,-0.9663858,-0.73136836,-0.44922552,-1.7870663,-0.3171476,0.16708885,0.289962,-0.90993565,0.0038850694,-0.3863893,-0.7767496,-0.45851085,-0.7355869,0.5995577,0.27098998,1.1510154,1.16751,0.16749504,1.1504432,1.4331474,-0.3587071,1.556914,-0.117833786,1.9432504,1.1877601,0.25894293,1.8467386,0.88534856,0.77983534,3.1356978,-0.57045573,0.2540345,-1.1658921,0.32272986,-0.45751235,0.3075168,1.5612262,0.14718623,0.89962065,-0.70301944,1.028978,-0.07370693,1.0144783,-0.043151893,1.1683869,1.3600115,0.17919448,-0.94953346,0.59088975
1.2976024,-0.42589888,-0.12245491,-1.6190562,-0.9882961,-1.1257815,-1.505846,-1.4906361,-1.3390646,1.3570107,1.2961318,0.5111345,1.9354577,-0.87967163,2.1589348,-0.38804686,1.5403625,0.040431485,0.41032922,-0.24392186,1.4551371,1.4166136,1.1697431,2.0042665,1.4322941,0.77501434,0.82872564,0.8526158,2.1489716,1.6181097,-0.1147548,0.33316824,-1.3860006,-0.9220274,-0.62238747,0.050337408,-0.9005808,-0.47934318,-0.5102967,-1.5802035,-1.0767608,0.85798275,0.084326714,-0.2708482,1.630249,0.6756461,-0.07209776,-1.2398353,-1.0389214,-0.6718957,1.6976733,0.7837603,1.100783,0.104736716,-1.1741362,-0.19309878,-0.42104807,-0.57598627,1.4290376,1.7390403,2.3600895,0.43184933,1.8304373,0.072437085,0.9702155,0.6193169,-1.2664149,1.328136,0.2548741,-0.11218416,0.8760967,2.8631382,2.1396356,0.012815697,2.9356787,2.6461058,2.5537786,2.5068026,0.28781655,1.7729846,0.81013715,-1.6524663,0.5623705,0.1876293,1.3444955,0.35556814,-2.027657,0.34715307,-0.031996235,-1.2815696,-1.1839682,0.31634295,0.1887316,0.57209986,1.1979765,0.18615215,2.329238,-0.63261276,-0.8986798,-0.9990823
-0.3186683,0.48755518,0.6207427,0.94324005,0.6292229,-0.11751547,1.3600277,1.474293,1.4935803,1.0010564,0.8731172,0.4455529,0.6169586,1.0848848,0.533597,-0.5394597,-0.5486706,0.22276528,1.9690396,-0.1622411,1.6733927,-0.60437864,1.0589951,1.3153023,1.6416299,0.3093776,1.7038525,1.0558937,2.152084,-0.04054996,0.21891533,0.846974,3.5346627,-1.4889079,0.6237976,-0.006215193,0.4358952,0.933723,0.9369238,0.15204367,1.7515268,0.51813275,0.95082575,1.1382363,2.2078013,1.6779917,0.91732424,0.1973155,0.56252694,1.1022604,2.1289654,1.1538752,0.96024907,0.6569469,0.39639637,0.47686002,0.8933765,1.9072374,0.66872793,-0.625817,1.174591,-0.127266,0.16763008,0.44530994,0.7155763,0.395063,1.73848,1.1212282,-0.58009785,0.41549793,-0.04060513,0.9772243,1.4017446,-0.38357618,0.2672361,0.5048679,1.1665537,0.85287535,-0.15346146,0.5475366,1.5943086,0.21642324,2.1275342,0.60840726,1.8122458,0.3288299,-0.9572775,0.50309026,0.2750482,1.3448315,-0.73397136,-0.7755625,0.121864766,1.4447801,1.0761915,1.2993324,1.4749569,1.1334947,0.59978044,1.2371061
0.2604971,0.571571,0.31997564,0.0022722953,0.5681542,1.0408889,1.6826609,0.49316752,1.2862785,0.21417393,-0.113169104,-0.35798705,0.5677405,-0.22078706,-0.102477975,-1.4743669,-0.5364679,0.0953677,-0.025944244,1.0270168,-0.13171743,-1.2409122,0.48611796,-1.1282218,-0.73220086,1.11828,0.7525256,-0.21397236,-0.14905064,0.26066458,0.34731826,-0.58479995,1.1595721,-0.35480464,0.70836174,0.7101924,0.049483977,1.6076368,0.7452481,1.1246171,1.9584974,1.5271823,-0.23199065,1.8953619,1.102118,1.8338577,1.1157045,2.2734778,1.5776626,2.3031225,0.07145075,1.8975712,-0.1736851,0.7497505,1.0903529,1.266682,-0.21502589,1.3572817,0.11282219,-1.7542399,-0.3877852,-0.2778769,-0.32775494,0.18803994,0.025199676,0.63465804,1.6392846,0.16284741,-1.5808088,0.36473006,-0.26280466,-0.42668107,0.88012743,0.54529256,-0.6820428,-0.91521865,-0.1667348,-0.7545999,-0.35340393,-1.8360986,0.8645643,1.4659237,0.6831654,0.57654786,1.4740115,1.2884754,-0.29487973,-0.07080712,0.60668045,1.394128,-0.7393653,-0.42231444,-0.024697699,1.3687928,2.0967143,1.1648667,0.6242522,-0.07521714,1.1080642,1.1508636
0.2362871,0.11014669,0.34766763,0.06008144,1.9289304,1.1100411,0.9802961,1.0025963,1.1290272,-1.0138997,0.9014233,1.4842006,1.3210374,0.6988869,0.6233928,-1.2973242,-2.2293034,-0.1527689,-1.4251539,0.36176682,0.034248833,-0.4185921,-0.39498678,-0.9244051,0.17227599,1.225426,0.6203599,0.7032419,1.0108281,-0.0054974407,-0.07126705,-0.49620864,-0.63777345,-0.33217865,0.6561271,1.1193798,0.19440635,0.6394367,0.8469429,1.0953244,1.9350506,0.96403706,1.0221413,1.2654952,1.0746136,1.6252825,0.9891986,1.0904678,1.2414653,2.1969454,-0.4622919,-0.32322255,-0.257722,0.18552274,0.66048324,1.0732795,-0.6515085,0.9025943,-0.9682189,0.620817,0.8801983,1.4918534,0.5715445,-0.8646199,1.0495967,1.4439254,0.58697015,-0.61701286,-0.8600787,-0.3555413,0.06117647,-1.3793461,-0.23524542,-0.10980374,-1.0431638,-1.2166615,0.096910655,-1.0034854,-1.2445247,0.33605307,-0.055412337,2.1133611,0.74198854,1.0312334,0.92391497,0.048004903,-0.42528406,0.10449466,0.73721176,1.870561,-0.056613922,-1.0576147,0.47780007,-0.04700435,0.061974104,0.88120127,0.3598061,1.1117674,1.1994964,1.7228138
1.574044,1.4099578,1.4268346,1.01051,1.3112065,1.4196265,1.7021631,1.4339821,1.8938165,2.5625057,0.9375792,0.6430835,1.7740719,1.0252162,1.8933069,0.048646376,-0.1567378,0.005671268,-0.5838528,0.270651,0.8098686,-0.6987986,0.9616608,-0.4245676,0.5581312,0.55116427,0.9837966,1.991476,0.5082028,0.5335018,0.3423969,0.25156733,0.4505003,-1.5454051,0.365433,0.014993053,-0.03173917,0.6906666,0.49686602,0.29683945,-0.062006053,1.0029541,1.4202425,1.5329776,0.90908813,1.7117976,-0.537556,-1.5465789,0.20225894,0.32343876,0.21809235,1.461526,0.09113425,0.3851992,0.36410958,0.62667125,0.4960404,0.61174935,1.6311561,1.0847493,0.5305455,2.076357,2.9034333,0.71011317,2.0048146,1.3980854,-0.14920272,0.37551877,-0.22436403,0.53952694,0.68490344,0.27701244,0.93596363,-0.22189145,0.06318261,0.71367013,0.3837262,0.9640105,-0.14190856,-0.7189025,0.37532008,0.4994418,1.1167465,0.7538552,1.4090703,1.0554203,-0.83079666,0.99893785,0.89983535,-0.17019077,-0.23424685,0.6324285,-0.42490435,-0.4297609,0.111081526,1.2500622,0.82546014,1.0862209,0.8096779,0.2000365
-0.5137279,0.85991186,0.67434067,1.3648117,0.57383335,0.25745684,-0.33651018,0.7250377,0.318651,1.5314631,0.2511475,1.8362374,1.0985034,0.97088826,1.2318316,0.25929007,1.260099,1.2504302,0.9729296,1.2733184,1.802293,0.5279573,1.4094583,0.9690181,1.5021803,1.6277175,1.5445883,0.6486215,0.94544363,0.7999043,-0.602837,-1.2192134,0.11642523,-1.1326497,-0.42242217,1.033036,-0.62507796,-0.6530012,-1.183472,-1.2187308,-0.8643076,0.60226077,-0.66628444,0.49933216,-0.504572,1.0056397,-1.114071,-0.9334301,0.045226958,-0.351055,0.78183883,0.37267965,1.4226668,-0.6323317,0.70228827,1.0258799,1.3874576,1.5686715,0.5657435,0.5852764,0.6331199,0.8997537,1.1234106,-0.5914195,-0.3616487,-0.21463433,0.4545408,0.4363359,1.2304525,2.5394194,1.9918954,0.47573906,1.2580873,-0.4758844,1.0019528,0.5215194,1.8559494,0.2753178,-0.2406594,-0.66562474,1.4586625,-1.2838982,1.056556,-0.31772912,1.8430412,-1.4467382,-0.8565759,1.2577081,1.2000434,-0.15404359,-1.2796983,-1.363942,0.1442977,-0.44844902,0.64055055,0.47607255,0.011480047,0.43226177,0.4793298,-0.15386592
-0.22533865,-0.5597948,0.6874565,-0.30311117,-0.4941548,-0.48423946,-0.06813045,-0.5562251,-0.014849162,-0.40763098,0.47254294,-0.6559225,0.47793135,-0.0632348,-1.0845317,-0.38738608,1.7993941,0.45996824,1.3361584,1.5064324,0.35994306,0.17540301,0.64618975,1.1848618,-0.5135358,0.6094837,1.3500209,0.29058534,0.60342044,-0.8087831,1.2501814,0.6481959,-0.22204663,-0.108614445,-0.22657776,0.16489005,-0.9301031,1.3679388,0.086720966,-0.3279668,0.7972395,0.4104167,-0.67920053,0.3893417,0.68948776,0.98298234,0.42663467,-0.8332554,-0.3342674,-0.11963626,-0.4975717,1.5694908,-0.5356846,0.041065257,-0.019650413,-0.35360113,1.066004,-0.12076894,-0.9445059,0.50123847,-0.04526082,-0.6348147,-1.4899164,-0.45561567,-0.6138128,-1.0726933,0.20928551,1.3297318,-0.042543083,0.837947,1.1996672,-0.53324354,-0.71458405,0.43125287,-0.18995313,-0.16495158,1.2720973,-0.22193795,0.3759582,0.89944303,1.6954991,0.7261833,-0.067464754,-0.57434666,1.1935755,0.04575416,0.0648063,0.3488201,0.9276869,0.8277895,-0.99755806,-1.204727,0.67263085,0.32913944,-0.8510694,0.6204245,0.7583962,0.08698592,-0.9731197,-0.09504389
-1.3806539,-0.23256613,0.104543336,-0.96423995,-0.73519516,-0.7399923,0.57293874,-0.1993784,0.23123719,-0.9341577,0.4742468,-1.2375294,-0.5688714,0.09708783,-1.2547494,0.29326084,0.26269582,0.063809715,1.5965767,0.74749005,0.97587323,-0.29234102,1.2642006,0.19923003,-0.601976,-0.09765915,0.31137908,0.028862948,0.34656543,1.789793,0.99056816,-1.0890497,0.8639075,0.4405177,-1.2547388,-0.43720356,-0.7566284,-0.25092727,0.3676819,0.39099634,0.23727345,1.1561337,-1.1769878,0.23604837,0.06373924,-0.18185095,-0.88509345,0.29828423,-0.069420174,-0.42700943,0.85800445,-1.2099847,1.227217,-0.14594604,-1.1569965,-0.11589783,0.20546474,0.15894954,-1.2260532,-0.95194346,1.2238075,-1.8657526,-2.2411318,1.0379255,0.8437114,-0.29305553,0.7311419,1.7302934,1.2796184,0.6746987,0.9176994,0.33442554,0.061634865,0.6886944,0.59692013,-1.0911263,0.22637165,0.63646924,1.2760221,0.924197,0.11132337,-0.113019,0.5328033,-0.8385644,-0.918386,1.0538111,1.5522333,-0.19884498,0.49265596,0.282966,1.1493235,0.045343094,-0.18811011,-0.7935549,-1.4994625,0.19089982,-0.14702763,-1.0569643,-0.38170555,-0.75444496
1.1435565,-0.72793007,-0.3148733,-0.12798665,-0.7941563,-0.4735743,-0.8284033,-0.97692794,-2.3392181,-0.41516,1.412987,1.8491248,1.1297688,0.050852094,-0.39301014,2.6713197,3.1612654,1.9031711,3.154347,0.5427794,1.017792,3.675759,2.161095,2.4969552,1.2923535,2.142964,0.5031795,1.8403908,0.40028816,1.807706,-0.3290806,0.13511018,1.4613875,1.4882493,-0.07318712,-0.47680983,-1.7034101,-0.11797578,-0.7112595,-0.7871128,-2.0313025,0.116998665,-0.7690892,-0.37229714,-0.41897312,-0.70501256,-1.3300495,-0.75745046,-0.9118528,-2.253365,0.35046253,0.6287863,1.5817838,-0.27198455,-0.9627665,0.8176782,0.773431,-0.95123506,1.3013846,1.6470276,3.3457448,1.2474672,1.398877,3.1927412,2.526147,-0.6306766,-0.8679363,3.6827335,3.124094,1.5388024,1.8889025,2.690522,1.7795228,-0.8789743,1.7679454,2.0137224,1.1023364,2.5832043,0.8231002,-0.13028495,-0.35972434,-2.2579033,0.39595658,0.42350987,0.832498,-1.1443948,-0.54677165,0.964209,-1.4641036,-1.9839609,0.10726674,-0.8114176,-1.189895,-0.011495465,-1.6813827,-0.97021663,-0.7770476,0.047513984,-0.91859955,-3.1223674
-0.81222135,-1.1700476,-0.13831903,-0.6363838,-0.91438085,-0.022865005,-1.7197747,-0.7170367,-1.3318889,-0.23191147,-1.1789837,0.10969765,-0.29171786,-0.28042573,-0.630975,0.23371428,1.6083503,-0.07342904,0.5404045,0.036107592,1.3343226,0.49480835,0.96398604,1.388472,0.37420395,0.453373,0.6049217,1.2898937,0.633512,2.1306252,-0.1795886,-0.30600873,-1.451629,0.82860243,-0.9767143,0.2384803,-1.1019212,-1.2334853,-0.8785524,-1.3836942,-1.2521836,-0.063245445,-1.7238545,-0.4346894,0.26942325,-0.66071534,-0.49594074,-0.8938782,-1.3264128,-1.3304795,-0.15618593,-0.72278845,1.068456,-0.7191306,-0.4598625,-0.43408355,0.100536875,-1.4226155,1.3138872,-0.024834838,-0.23627679,0.96813816,0.62191117,-0.8233922,-0.15612818,-2.3475118,-1.0011182,0.92740005,1.8621659,0.47824895,1.4176921,0.49440864,0.34788543,0.091265194,1.6757092,1.3811948,0.14840059,0.8941487,0.6201477,-0.034324393,0.9555541,-1.0417144,-0.40600362,-0.68911487,0.35635906,-0.6292297,0.40030465,0.9410306,0.01796681,-0.48551613,-1.4345821,-0.32666966,1.5435427,1.2338524,0.37955713,0.5338813,0.39756197,0.86779106,-0.92004174,-0.62209743
-1.1270411,0.36905366,-0.08076442,1.0100998,0.26697993,-0.5397765,-0.8914553,-0.27265587,0.50091434,-0.9079313,-0.060497526,-1.0025644,-0.7449909,0.11148991,-0.48243368,-1.4310337,-0.9820341,-1.5552492,-2.1117067,-0.76190746,-1.4846435,-0.2391205,-0.15623143,-0.8833248,-0.3980297,-1.8019528,-0.19490385,-0.5328424,-0.35387313,-0.07313231,-1.3996137,0.013574394,-0.67581624,-0.95567787,-1.8219186,-0.33071476,0.11279355,1.3962198,0.5073277,0.2481015,-0.25698778,-0.17698082,-0.29050508,-0.35352197,-0.49760172,0.15343869,-0.52389866,-0.9369795,-0.40048203,0.20040907,0.96199876,-0.8997793,0.22011667,0.58313936,-0.76849586,0.6760428,-0.012148426,0.07697018,-0.5423286,0.10017204,-0.14927344,0.5904555,0.58145595,-1.2465926,-1.3059628,0.08821079,-0.808464,-0.711067,0.12873867,-0.97245145,-0.6748105,0.5135657,0.114393316,-0.13844284,0.93384284,0.78082687,0.20042768,-0.7798948,-0.19592792,0.2892713,1.0691853,0.531637,0.12925526,0.4398526,0.5320202,1.8317047,0.8259945,-1.130349,0.053766087,0.502989,0.5040216,1.7528297,1.2149142,0.00837911,-0.74039197,0.33614188,1.14853,-0.6737478,-0.20395768,-0.65056217
0.7026396,0.7167419,2.3011563,0.6917844,-0.037555348,1.1008211,-0.7326716,0.5741442,1.372849,-0.4435792,1.2583417,0.7647626,-0.06538931,2.9348638,-0.17469725,-1.3335259,0.20448135,-1.0245554,0.2800798,-0.8871534,-1.6675221,-0.036694467,-0.42007786,-0.8910952,0.3518417,0.17161758,0.23005062,-0.36119574,-0.14294986,-0.62716305,-0.7980704,1.6849623,-2.6885948,-0.60716337,-0.22907566,0.18949437,0.22355606,-0.38048044,-1.2420243,-0.6548854,-0.2491731,0.21457793,-1.0646163,-0.113403715,-0.7948766,-0.12409639,-0.9608884,0.49146873,-0.94546527,0.27379057,0.99358153,1.5718881,0.883354,1.9361168,-0.09106926,1.6361939,0.21927021,1.3686203,0.5551022,0.96077114,1.2793567,0.6893465,0.7456398,-0.42669225,0.14360127,-0.5092701,-1.2274408,0.17549545,-0.06877104,-0.039213855,-1.1180891,1.5144224,-0.5773348,0.7004046,0.6488742,2.209052,1.1917355,0.6631641,2.597809,1.3485808,1.2676289,0.6432844,0.12871152,-0.16485418,0.80092275,0.6670634,-1.2891009,1.2241424,0.60241544,-0.044007912,-0.7332706,0.786048,0.82385665,1.3585552,-1.0442625,0.38783413,0.48983833,-0.5411856,-0.79799944,-0.06718116
1.3707522,1.3685101,1.8089935,0.66842216,1.1673049,1.6536899,0.004705068,0.46132633,0.92094153,0.60816514,1.1590486,-0.611678,0.69959855,1.3385814,0.372384,-0.22191037,-0.47521734,-1.2655797,-0.008196743,-1.4176412,-0.2518798,0.41573587,-0.55422926,-0.9257399,-0.20498209,-0.2917373,-0.5770674,0.62045157,-1.4060457,0.6998877,-0.8378005,1.1804137,0.7729783,0.18868692,0.095978476,-1.2439427,-1.1301951,0.6828633,0.00307205,-0.3948562,-0.21347855,-1.467297,0.19112816,-1.0835744,-1.2384564,-0.9226792,-0.40583926,0.43912834,-0.31086546,-0.9843515,1.1725312,1.8827094,-0.50097096,1.7842193,0.50785625,0.6536897,-0.65740365,1.3750134,-1.1570139,1.2296542,0.5515485,0.39088866,1.5331941,0.19744752,1.0266777,1.2371056,-1.3175373,-1.2842764,0.17690176,-1.4912317,-1.9792447,0.12410348,-0.6654337,-1.1381882,-0.9240491,0.53848207,-1.2130316,-0.046112474,2.723547,1.9566209,-0.6993441,1.2612156,-0.1884465,-0.13955125,-0.8661352,1.5146086,-0.24623716,2.3915339,-0.9407663,-0.039910432,-0.008964975,0.49660215,-1.8651533,0.047064107,-1.3031757,-1.0702467,0.24629986,1.2201442,-0.41697487,-1.011874
-0.21595693,-1.2256387,0.75389004,-0.9817746,1.2352397,1.3770282,-0.25067827,-0.27642906,0.67564243,-0.31301546,0.024313511,-1.7732726,0.6138809,-0.6046633,0.02811426,-1.1665657,-1.309553,0.34156826,-1.1411283,0.6135799,-0.54358643,-0.2509999,-0.37532637,-1.044108,-0.71736497,-0.6775756,-0.017958226,-1.2470332,-0.48367798,-0.81014603,-0.83344436,-0.6295214,0.44569352,1.3422934,0.5215403,0.055575185,1.4194,-0.25312522,0.28743082,0.68147403,0.4902582,-0.5301751,1.0598545,-0.7186934,-0.19055471,0.013765729,0.58197635,2.1571014,0.27839938,0.081642784,-0.32835948,0.1007177,-1.5804763,1.1035417,1.2724017,1.8054588,0.30054307,0.44533902,-0.7821323,-0.3271608,-1.105184,-0.9949803,-1.1650654,-0.5260637,-2.035762,0.60285074,-0.36467907,-1.5411316,-0.24526507,-0.3205786,-0.013942082,0.137931,-0.42539728,-0.5090969,-1.0156137,0.0043913303,-0.20835245,0.47959468,0.43674058,0.6293683,0.40739366,1.0309064,0.82542664,0.17121896,-0.080258116,1.7580148,0.44809532,-0.24718976,0.20094444,-0.2816679,-0.5125609,0.64566565,0.3023176,0.2902661,-1.4369427,-1.4307805,0.30566296,0.72379607,-0.010841133,0.3767956
0.30085358,-0.31392434,-0.114863604,0.18177901,0.66562057,0.8313817,0.6680128,-0.3140382,1.0887921,0.38745207,1.7259101,0.7549495,0.28460473,-0.3088509,0.9392683,0.2640456,1.1039876,0.7378608,1.278498,0.3100428,0.14329366,0.25372982,-0.39486587,0.72812456,0.20153633,0.35217214,-0.87340635,-0.12576163,-0.39681628,0.9313082,-1.58907,-0.85632396,-0.92411673,-0.23851572,-0.49227792,0.18121617,0.71302116,-1.3725332,-1.17444,-0.4807628,-0.7452141,0.37409902,-0.92771703,-0.33371073,0.13092837,-0.7538495,-0.6743729,-0.5299368,-0.5831408,0.34712282,2.643652,-0.51203036,-0.3846191,-0.31979156,0.6438714,0.83331203,-0.23329507,1.3727902,0.9200346,-0.84310687,1.0733601,0.58143175,-0.007676788,0.33033854,-1.4307822,0.73573613,-1.0503507,0.72059137,-0.067911595,0.3053997,-0.13319948,1.2312152,0.85464895,-0.76401186,0.53951746,0.27441743,1.0193868,0.30787325,0.7716735,-0.140952,-0.5373658,-1.330889,0.50791526,-0.4630915,-1.1282921,2.0787103,-0.5575607,0.22904095,0.33867022,-1.882166,-0.9625165,0.48935255,-1.3397759,-0.33691898,-1.63261,0.11659729,-1.3992534,1.0221255,-0.66503996,-0.040438693
-1.2580844,-1.593166,-0.515826,-0.7358926,0.5313343,1.0080901,0.07135019,-0.64489776,0.1607181,0.019825602,-0.27768815,-0.7514725,0.14703421,-0.07175157,0.44964388,0.29424787,0.65459734,1.4828633,-0.5419776,0.8070766,0.08863092,0.720681,1.0614372,1.2774224,-0.420762,0.55967325,-1.2303083,-0.55838555,-0.09801243,-0.12678467,-1.1810181,-0.099587865,1.4291896,1.3711181,-0.7163108,0.34978688,1.4552842,-1.614293,-1.2502681,0.765866,-0.48224065,0.099487044,-0.11177597,-0.54944324,-0.23789942,-0.8393815,0.3817724,-1.1735766,0.3285145,0.13396758,-0.326443,0.13234107,-0.98053086,-1.1197553,0.8752477,-0.14735937,-0.19624959,-0.11332918,0.28702584,0.88093877,-0.6544176,0.8425713,0.091776766,-1.0535544,-1.1398901,1.4392118,0.41087008,0.5805875,1.260844,0.78697693,0.8369173,0.18873297,-0.4014658,0.4249159,1.0348022,0.7431072,0.08209274,-1.1638339,-0.17611933,-0.23147066,0.20768522,0.28874263,0.2630417,0.24293056,-0.91084254,1.5863079,0.40794444,-1.1775835,0.0016280295,-0.053810395,-0.34091622,-0.4487521,1.5571898,1.3729879,-0.0686672,-0.45444492,0.054477565,0.54638124,0.5330119,-0.6470205
-1.7328496,-0.8976441,-0.39314526,0.032437835,0.86639357,-0.21500619,-0.96104777,0.38206145,-0.29480886,-0.5145283,-0.9418213,-1.6771855,-0.5447143,-0.8426152,-0.8594852,-0.1676371,0.24869508,0.5970786,-1.10413,0.117161684,-0.008707123,0.32126382,0.27195403,0.9723571,-0.14538942,0.34662145,-0.8712488,-0.39707592,0.1326355,-1.7776543,-0.43000787,-1.0269425,1.4900925,1.1925641,0.15648688,1.176985,1.2238892,-0.33014065,0.9194609,0.58336633,0.24419115,-1.0023786,0.5210087,-0.05622037,0.1835529,-0.5026688,0.51941824,1.2021937,0.2186837,-0.1841424,0.5116023,-1.7409441,0.049076714,0.36575425,0.25856042,-0.6046295,0.04959496,0.19299743,-1.5972164,-1.2849365,-2.1592479,0.2923394,-0.9506402,0.07053684,-1.4827489,-0.28481087,-0.08325331,-1.0907179,-0.205773,0.4329143,-1.3740798,1.2845088,-1.6700641,1.9490542,-1.0140302,-1.3211926,-0.49903354,-1.1822339,0.57418555,-0.25935528,0.9940572,0.762258,0.18234514,0.5939593,-0.6460249,1.0700392,1.7918235,0.37335002,0.777167,0.51484275,0.2559858,1.258747,2.4060247,0.1965593,1.7073206,-0.56636786,0.014996699,0.8088565,0.51289064,0.93013203
-2.5774267,-1.7955053,-1.6612439,-1.9322106,0.32820973,-0.78716254,-1.2591218,-1.0049396,-0.42110914,-0.31321698,-1.627103,-0.68744874,-1.505766,1.0147218,-0.0176432,0.34661824,1.433853,0.3955521,0.41668797,-0.5036803,-0.17831789,1.6026056,-1.5943995,2.0541828,-0.46680236,0.42400134,-1.0871962,-0.436583,0.6746178,-0.2598483,-0.4669823,-0.9548847,0.24710214,0.70667994,-0.12949686,0.33301786,0.40761086,-2.0781446,-0.35428897,-0.0069638356,-0.5883935,-0.8986558,0.5664667,-0.6556706,-0.102815256,-0.57182044,0.5191154,0.47672343,-0.521212,-0.19281682,0.10530656,-0.24952748,0.50274384,-0.29110354,0.18710479,-0.0076196343,-0.68900853,0.08165383,0.5159956,-0.96600133,-0.9140163,0.28141642,0.6280285,0.7974529,-0.34344277,1.1442934,-0.018538043,0.48863763,0.52682704,0.23334989,0.043522783,0.7692752,-0.51017255,1.5351142,0.48310542,0.7566445,-0.33936626,-0.20991814,0.4163861,0.7409463,1.5871813,-1.1843108,0.007969307,-0.034634534,-0.97758824,1.2974753,2.001382,-0.4267545,-0.23788995,-0.72673064,0.70466465,0.8743805,2.670235,-0.9001999,1.3382546,-0.13150795,0.39011335,-1.4069071,-0.44529384,-0.8996353
-1.2416705,0.21214135,-0.21381168,-0.61346745,0.7006491,0.16724741,0.22865991,-0.33971488,-0.16700345,-0.53726536,-1.1063586,-1.6571109,0.43258432,0.6550184,-0.072687,-0.61038816,-0.0142623745,0.16718674,0.22686194,0.6705927,0.6545922,-1.5278313,-1.7139887,0.52410895,0.022966357,-0.9881063,-0.27003017,-0.098613,1.0449529,0.7917303,0.14046265,0.600648,0.53750724,-0.9441259,-0.62091476,-0.23573142,0.8284687,0.9787475,0.56948906,1.1462636,0.648338,1.0531328,-0.43500298,-0.16799422,-0.32248586,1.3433592,0.036025584,0.08843129,0.5392459,0.64146715,0.9330459,0.67281723,0.20469463,0.27193028,0.37004125,-0.54590005,0.34343046,0.43239135,1.0450902,-0.21838087,-0.8751841,0.05475027,0.544988,0.3065046,1.8358773,0.4404648,1.2646028,0.51683736,-0.5487172,-0.041282244,-0.25791854,-0.5049196,-0.886208,1.4386525,0.121433325,0.56447554,1.0172004,-0.3124122,1.3270646,1.2073953,0.05432806,0.7337352,0.33207712,-0.5181604,0.7761404,-0.5067334,1.3291883,0.08100847,1.0440984,0.5888099,0.5702205,2.1118221,1.9379278,0.9788276,0.07597996,1.0348226,0.67462856,-1.3234664,1.1337053,1.431351
-0.027674023,-0.31815112,0.33350095,-0.14504372,1.0903808,1.7521857,0.41338974,-0.90952915,1.1338365,-0.87919104,0.35641402,-1.1149497,-1.0505111,0.5475826,-0.3885957,-0.7352625,-1.54916,-1.1522031,0.6942788,-0.9970967,-1.1063281,-0.76604325,-1.2732685,-0.60382575,-1.3778603,-1.5299282,-0.3224858,-1.3468326,0.58973587,-1.7270021,0.35679907,-0.1287702,-1.3074371,-0.36133686,1.2573502,-0.5320107,1.235264,0.80116975,0.9901831,0.09443486,2.0181181,-0.45803156,1.6426914,0.5606961,1.0626701,1.7426882,2.2795737,0.50791264,1.0952234,1.2257711,0.52199036,0.7616468,-1.0075316,1.9175307,0.10358267,0.9028337,0.6403032,0.43360808,0.61004025,0.16760223,-1.1596556,-0.75124526,0.7012674,-0.07766221,1.5858387,-0.29374754,0.24200056,-0.15637192,-1.9367642,-1.0142354,-1.0377111,-1.2358464,0.58772916,0.18642814,-1.7280276,-0.440405,0.15614237,0.42010656,1.0501362,0.9051037,0.7712667,1.0336107,0.43460405,0.41541046,0.6415826,0.91279,0.85855675,-0.21949628,-0.24187315,2.418796,0.7037096,0.46129453,0.4036672,2.3127058,1.2011395,0.98214215,2.2182083,-0.28068152,-0.16975726,1.5425974
1.1999221,-0.4310132,1.2888367,0.9731037,1.8888953,1.5112116,1.3431937,0.44666103,1.0121456,0.26421744,-0.2843862,-0.7058907,-1.160673,0.79805446,-0.0819516,-1.6455305,-0.6467393,0.16851522,-0.5383597,-1.1179836,-0.2778683,-0.288825,-1.0277702,-1.9248542,-0.45802933,-0.0037252132,0.13834153,0.13309813,-0.78121376,0.5080966,-0.39192235,-0.99668133,0.62086433,0.1898805,1.0577877,0.23980649,-0.5254643,-0.44756773,0.2552053,-0.4393182,1.9641677,0.06781495,1.0639056,0.93220985,1.2894001,1.252167,2.4480798,1.0043004,1.2383391,1.5853363,1.3958141,1.2655869,0.28240424,0.93103343,1.2446814,0.77820754,0.057809323,1.3415601,-0.021496905,0.7534221,0.6888072,0.26096553,-0.83619785,1.7584192,1.2763692,1.1065621,0.16431013,-0.45512223,-1.0866793,-0.956084,-1.1576464,-0.96615684,1.1942205,0.0703826,-1.3005114,-0.40457794,-1.5248183,-1.2416837,0.683272,-0.8869684,0.15254425,0.7487021,0.7342346,1.2002927,0.047558356,1.1285421,0.947341,-0.44418904,0.2577008,0.2840716,0.7829318,-0.9291643,0.6617355,0.8653777,0.44330385,0.8158759,0.413963,0.76110363,0.91792786,0.72605723
0.045079015,0.62189585,-0.9486455,-0.15843034,1.3156731,1.2095429,1.3910227,0.29710314,0.15745817,-1.2292483,0.04729721,0.06858254,0.25695834,-1.562019,-0.810019,-1.2334311,-1.1960561,-0.10876077,-0.58960956,-0.6358627,0.41325745,-0.20093189,-1.7074975,-1.9530394,-1.6370512,-0.14435613,-1.1202149,-0.9354675,-0.99636257,-0.7056681,-0.6638405,-1.6674235,0.46476108,-0.075570755,0.05239025,-0.083951354,1.1610372,0.89312065,0.42449242,0.49158484,1.1805048,-0.9467593,-0.11776425,0.7096022,0.16411546,-0.24941035,0.87049675,0.90249044,2.829995,2.1900215,2.3958116,0.15729688,-0.8151878,0.6802906,0.9199563,0.0012443832,-0.25518113,1.0866585,-1.1238983,0.8560408,0.22694938,-0.0016577492,-1.2689124,0.8583219,0.8852247,0.68633896,1.8418441,-0.67311114,-2.1812966,-0.6545636,-1.5607841,-0.47243384,0.93635863,0.8705359,-2.0249248,-2.0364375,-1.5398685,-0.52953726,1.6417909,-1.0689456,-2.460377,0.6039683,-0.42463896,-0.25536188,-0.67805505,1.1389452,-0.9963176,-0.21483266,1.0243468,1.5412967,2.3010917,1.3109891,0.14168312,0.88003784,0.4039126,0.6043722,-0.87274766,0.20857203,2.4139934,2.075591
0.9861842,-1.4533168,-1.299315,-0.2551633,0.04833329,-0.3422731,0.14911981,-0.059314225,-0.68801814,-0.64663005,-0.21293208,-1.7255511,-0.9704841,-1.0929708,-0.1353908,0.46619615,0.28260392,0.7285342,-0.36173406,-0.10055446,0.8254128,-0.6535802,0.086336166,-1.0754879,-0.6299422,0.39982498,-1.1531373,-0.4971776,-0.012244508,-0.6722275,0.28479764,-0.7543546,1.3622507,1.0928627,0.22895247,0.0328866,0.75355744,0.47912595,-0.13996682,-0.026773809,0.78953975,-1.1190244,-0.50880444,-0.29253128,-0.6115048,-0.57287914,0.6551984,0.58777595,1.297621,0.6352772,1.0846988,-1.4968939,0.25162527,-0.26543933,-0.31160194,-1.1838236,1.93327,-0.4826004,-0.509819,-0.5312906,0.34491578,0.28492013,-0.9187878,0.4621455,0.4346093,0.42590904,1.9357709,0.016481843,-0.6511143,0.0338708,-0.15301731,0.050232172,-0.51267236,-0.2360305,-1.3268673,-1.1652616,-0.89928806,-0.6149218,1.8034354,0.35238412,-2.2084846,0.52034307,-0.5346896,1.5440975,-1.6796455,-0.041558865,1.2393256,-1.2934058,-0.19960847,0.09973763,1.7760289,-0.28984222,0.20768727,0.49953255,-1.240698,0.54473674,-0.97005194,-0.82682705,2.04639,1.1513443
0.26494813,0.22951652,0.031764418,0.5811487,-0.2700431,0.922288,-0.03647739,0.33738688,-0.0068583125,-0.65205014,0.029905207,-0.39564207,-0.68343985,-1.4090773,-0.40232554,1.1152444,-0.08245684,-0.15412115,-0.1653351,-0.53748035,-0.8199867,0.112756066,-0.6605135,-0.96238416,0.12942274,-0.10126903,-0.29402965,-1.1823525,0.45367074,-1.009633,1.3728064,-0.34553406,-0.119806595,1.1972089,0.9122947,0.22717068,1.1371597,0.63780946,2.356163,0.75993544,1.4247636,-1.2724749,1.0778881,0.50670516,0.40590012,0.5266775,1.4690908,1.5713665,1.073667,1.0463351,1.2776614,1.1403625,0.858696,0.5361894,-0.75890934,0.106842846,0.65195173,0.38266551,-0.31014046,0.93482316,0.36319667,-0.6270856,0.059840288,0.20942166,-0.5336163,-0.15294401,0.60814375,-0.50553423,-1.5141282,-0.17497674,-1.3896644,-0.47516686,-0.8565195,0.14049438,-0.773634,-0.82768697,-0.83638614,-0.49630934,0.74130034,0.31481725,-1.4053649,2.6892164,0.23601724,0.04734427,-0.4757762,0.55884576,1.0967891,-1.3650506,0.5304481,1.5802797,1.3781614,1.8742023,0.44905397,-1.183314,-0.0901671,0.20765619,-0.11803928,0.10452126,1.1024561,1.1682427
-1.5991704,2.2754457,0.93523896,0.2541728,1.1925217,0.7854334,0.8038445,0.56030196,1.3872585,-0.9623944,0.512194,0.6435798,0.103659295,0.52154243,0.25379667,-0.766303,-1.3542104,0.49327132,0.25309616,0.832214,-0.7540807,-0.422783,-0.37265018,-0.84952897,-0.5361989,1.0844411,1.492227,-0.071653284,0.5617212,0.067885466,0.6342993,-0.18930556,0.5100591,-1.06799,1.599442,0.9786496,0.64225084,0.78386223,0.56204706,0.03734578,1.1277552,1.2845147,1.6572747,1.5598049,0.40352145,2.3797288,1.5183959,1.2994404,0.9457757,1.3230828,-0.49765176,-0.036675386,-0.03606011,1.360779,0.85974747,0.3207286,0.49081194,1.854133,-1.5371435,0.14734745,-0.020479945,0.82349914,-0.1932315,-0.7156273,-0.2670381,-0.4679135,0.1845078,-0.89869463,-0.18192834,-0.0062877242,-0.5157242,0.8268735,0.7980861,-0.19124626,-0.68749386,0.7096733,-0.22502013,0.12619424,-0.050607912,0.07313561,0.85476696,0.65597266,0.858271,1.7892956,0.989179,1.0709527,-1.4696804,-0.8987635,0.7349914,1.1037658,-0.816523,0.7271264,-1.0558866,0.64546025,0.3479648,0.20593137,0.84717125,0.7048251,0.053201735,0.6308275
-0.29144827,0.4519755,-0.07595048,-0.66277355,0.12848406,0.41883132,0.6845766,-0.43849754,-0.03210278,-1.1516696,0.51106423,0.784402,0.81157744,1.4928579,0.5936319,-0.05287298,-0.008163982,-0.41564164,-0.72775394,-0.5393896,0.41197315,0.5525331,-0.07819137,-0.24408776,-0.58988935,0.97509176,-0.49758175,0.8049816,0.13574398,1.0735457,-0.33224428,-1.2087791,-0.03661085,-0.15049206,0.1110742,-0.3406488,0.029461512,-0.40280652,-0.49894428,-0.89433646,-0.07070878,-0.6291132,-0.3140635,0.40827945,0.6235027,0.1668696,0.48970285,1.5052829,-0.5511419,0.23175463,0.34973937,-0.2076584,-0.20616166,0.15171677,0.024659771,0.09371126,-0.5837713,0.17789216,0.07223749,0.43326977,0.006060274,0.41102007,0.046249118,1.4033091,0.87412375,0.6410952,-0.6762263,0.22134265,-1.2301195,-0.98522735,-1.4622686,-0.12172019,-0.529183,-1.8555646,-0.9165546,-0.5234767,-0.8098585,0.18559591,-0.9035812,-1.2329738,-0.57315266,-0.27477038,1.2127885,1.8084222,-0.5387232,2.9488592,-0.49742573,-0.15017171,-1.7994107,-0.7533229,-0.40185747,-1.8227352,-1.1119837,-0.51696247,1.1313918,-0.008692437,-0.7170711,-0.33763832,-0.17655705,0.40505326
0.5254436,-0.78928906,-0.30856532,0.33963907,1.2930868,0.41806877,-0.085715204,-0.19634722,0.317832,-0.17547001,0.23917891,1.3455539,0.2696123,-0.33199564,0.44816938,0.6628585,1.2387363,0.3060683,0.2594187,-0.61513996,0.032527026,0.82484627,1.8791928,0.41629586,0.22543938,0.48500437,-0.26982903,0.7465634,-0.48706988,0.078126825,0.41395077,-1.489986,1.2161707,1.4809254,1.9323593,-2.5900862,-3.0346968,-0.31973997,-1.0113053,-1.2196822,-0.5365142,-0.4376836,0.029074043,0.9458533,0.2895834,-0.27649087,1.5200216,1.322649,0.40708226,-1.1577345,-1.9537665,-1.5672234,0.39543074,0.4073392,1.2674632,0.101895645,0.96559644,-0.051448673,0.30209777,0.22863065,0.53685445,0.87575233,1.4879615,0.7542649,-0.05339799,-0.4334001,-0.64541966,1.095678,1.2431711,-0.2073503,0.14802441,0.6454819,0.8333175,-2.25613,-0.32181773,0.31286374,-0.122838505,-0.068061516,0.64556426,-1.5237149,-1.7454215,-0.10201625,0.78661424,0.5062627,-0.11110044,-0.34426698,-1.4880083,-0.38554713,-3.4815536,-0.49396062,0.07764952,-2.194282,-1.4227947,-0.508876,-0.4727158,-0.0077448003,-0.57502145,0.5369125,-0.55592513,-1.639767
0.31319737,0.0023470218,0.032835472,0.31582093,1.0538267,0.08067218,0.09257345,0.08782821,0.009769015,0.6683536,1.0223519,0.09336797,-0.38733748,-0.95246387,0.45413506,0.903772,1.3320664,0.7061766,-0.51051533,0.040562995,1.5599337,0.13582602,0.5898772,1.0517893,1.305769,-0.42184448,-0.58068156,0.35311857,-0.31598213,0.062456135,0.5177936,-0.25127274,0.11725223,0.57034117,0.5282067,-0.740427,-0.9419754,-0.4015304,-1.7445236,-1.3072052,-0.44503376,-1.4398762,-1.0187896,-0.2052333,0.56818116,0.71583825,-0.4408123,-0.686696,0.30553082,-0.3590053,-0.26563245,-0.5313112,-0.036523227,1.5206559,0.5260452,1.2760168,-0.6277231,-1.0573822,0.8445114,0.92054576,0.38785782,1.132336,1.5020704,0.9800735,0.5849515,0.25180787,0.7689646,0.9672177,1.5873238,-0.1023394,0.6964171,0.24118178,0.45007604,-0.4835527,0.44307593,-0.13103855,0.12253037,-0.23892805,-0.21317825,0.51935554,0.07494241,0.09818295,0.48567343,0.4374281,-0.09728875,0.86786675,-0.90894485,0.8855451,-1.5239873,0.3935127,1.0078315,0.5058734,-0.9447992,0.2280391,0.83168656,0.29453605,0.53718764,-0.92053205,0.56714725,0.4796728
0.65000856,0.4060668,-0.8037024,-0.27790755,0.6410978,1.3198177,-0.4993079,-0.6111481,0.5504109,-0.25582427,-0.30983493,1.0113032,-0.36241034,-0.47900742,-0.37803948,0.6523529,2.0061226,0.91197497,2.0183086,-0.5512934,-0.40102422,1.7792665,0.19167069,1.6428775,0.73722833,2.713814,-0.65187645,0.8375054,-0.72918636,-0.114896655,-0.11264624,0.060724597,-0.35438755,0.7818763,1.4685138,-1.2662593,-0.38695768,0.31091434,0.4605004,-2.002137,0.67309767,-2.0540793,1.2427839,0.20175523,0.22132851,0.8598052,1.0725435,0.8609922,0.73394847,-0.5804717,-0.83271176,-0.01208324,1.4266592,0.5434914,0.20932342,0.25245222,0.06204384,-0.23114641,0.07166825,-1.9294294,-0.48175228,-0.53284746,-0.3524283,-0.05311,-0.40596834,-1.1093801,-0.08892266,0.54036117,0.8344641,-0.79814833,-0.93921894,-0.40465778,-0.7523109,-0.67332256,-0.6738636,-0.145163,-0.9399041,-0.307472,0.4735883,-1.036684,0.077640094,0.061723728,-0.09111125,-0.33203387,-1.2057922,0.05121382,-1.5663139,-1.0558759,-1.9507239,0.2579518,1.7860496,-1.7525036,0.1584893,0.28848714,0.14811096,-0.12290719,-0.22856094,-1.1640618,0.3233946,0.23876536
1.598123,1.3593165,-0.17136005,0.0051938016,-0.2629958,-0.026572596,-0.7919498,-0.023215668,0.8127019,0.71736705,0.39113197,1.1767242,0.64560974,0.12440652,-0.09811375,0.15224986,0.9296074,0.041203234,0.04928788,-0.46286228,-1.780927,0.4193306,1.1972035,0.7497428,-0.41291314,-0.042073064,0.52663434,-0.45032975,-0.46452802,0.3903748,2.1831615,-0.55376416,0.6283978,-0.22633412,0.87913215,-0.9025676,0.2540446,0.7101014,0.3830188,-1.284576,0.92650384,-0.46095705,0.48155618,0.8338011,0.78604376,1.1500317,0.45646766,-0.053955413,-0.11443305,-0.33038586,-0.92161083,-0.40894556,0.8365225,0.92963225,-0.32579786,0.35581896,0.36743748,0.6063585,0.021929793,0.65862197,0.25469652,1.9408407,0.33260092,0.20620628,0.25166887,-1.1515595,-0.103706695,0.49477437,0.37395284,0.060780816,0.06366434,-0.15415937,-0.50850177,-0.7306642,0.6021397,0.45129743,-0.2436803,-0.88020194,1.2329813,-0.9886485,0.39326745,0.7179947,1.1784155,0.09139584,0.0986023,-0.29590175,-0.10751069,-0.08570075,-1.3123579,1.0637852,0.6448917,-0.59570086,-1.0214726,-0.39710552,0.2813254,0.9381117,-0.47940096,-0.20885508,-0.074452505,0.10512035
0.034871615,1.3800933,2.392718,0.98908824,0.43161407,1.6499041,0.3454671,0.87847614,2.8428762,-2.0351336,0.9915633,0.6921275,0.7801262,-0.2061241,1.0729388,-0.31277645,-1.3770857,-0.40930402,-0.7803496,0.46087563,-0.97834504,-1.0515083,0.6917815,-0.36332443,-0.58322,-0.2775355,0.9989524,0.67166317,0.92727065,0.32090998,1.4475871,1.2354093,-1.1424924,-0.62751514,0.5293032,0.65887886,1.2277648,1.4343718,0.67311114,0.22883753,1.2334086,0.79605156,1.123784,1.3285825,-0.07248741,2.3400273,0.6941491,0.51135445,1.016513,1.0899545,0.48921525,1.444513,0.2748882,2.0287983,1.2792904,1.5877995,0.6519716,1.14844,0.5337977,0.3601001,1.9382082,0.39898655,1.2543064,-0.9210553,0.19411209,-0.90193164,-0.25949746,-0.1342391,0.3547579,0.09333846,0.65334266,-0.8598753,-0.41577598,0.078612834,-0.31895155,-0.8987335,1.1559664,1.0565245,-0.47553304,0.99850875,1.3428596,0.23019275,0.85046166,-0.43206233,2.0061738,-0.30012682,-0.2430136,-0.24855989,1.5179211,1.8924248,-0.60623294,-0.87158626,-0.7704853,-0.64742917,-0.31586957,0.43467483,1.4165132,0.3806899,0.12477234,1.0025088
-0.43965816,0.47376192,1.2285116,0.18894136,-0.073006146,1.1691171,-0.33969513,0.8268484,1.1668124,-0.6267014,1.4835578,-0.3771768,-0.76227415,0.28115216,0.077971205,-0.80804116,-0.6781374,-0.13562001,-0.42443663,0.2967734,-1.6108059,0.5771249,0.736665,0.37448767,0.30839485,-0.42905354,0.0654581,-0.25736448,0.8735371,-1.7810028,0.43693748,0.87649995,0.23422462,0.09816578,0.38941926,0.38976648,0.9247246,-0.1714017,0.60368305,-0.58891183,0.4975192,-0.50328016,1.1011132,-0.020107519,-0.47425753,0.007826577,0.5224187,-0.043690868,0.1612495,0.6460037,-0.09888596,1.536426,0.5409755,1.8969952,-0.68188614,0.41460055,-0.04493628,1.0450612,-0.486767,-0.11630543,0.6639528,0.14575782,-0.74953026,-0.21915486,-1.4898416,-0.33172187,1.0274928,0.054594915,0.017923497,0.17393015,0.50886667,-0.46490088,0.31881878,0.18536301,0.36111364,0.48868763,0.17710155,0.17522818,0.53944063,0.9776632,1.1471927,1.2638562,0.83414376,0.800292,0.68057877,1.4730364,0.73884076,-0.6381294,0.70498514,2.576746,1.6278821,-0.371198,-0.24438347,1.7711138,0.524559,0.7963219,0.7334681,0.5896618,-0.6732836,0.8096506
0.009402788,1.0452831,1.8917953,1.4005153,0.47712314,0.7091131,1.8337681,1.4821391,2.3652694,0.56835574,0.0093020415,0.07253011,0.16981024,1.6414288,0.7604853,-0.43257895,-1.0618311,-0.5310024,0.3969701,-0.4902436,0.6384514,-0.6592632,-0.86866426,-0.5061628,0.20695911,-0.33135074,0.5478581,0.9299574,1.3137953,-0.8256817,0.3459746,0.58815235,-0.8250101,-1.3541365,-0.19566336,0.08902216,-1.0855598,0.8228116,-0.41571313,-0.013992714,0.34399536,1.2225928,0.17441584,0.7271144,1.5527256,0.35894036,0.5193464,-0.5626121,0.75992167,0.4587393,-1.188182,1.7340833,1.0826802,0.59389204,1.5812055,0.28947857,-0.08455071,1.4811504,0.79899913,0.8100872,0.16042592,0.7171264,0.5738012,0.93839985,0.28698757,0.9577088,0.13164079,-0.8337755,-0.7212066,0.0365902,0.2845114,-0.15142526,0.54284173,-1.1037852,-0.17417389,0.41431788,-0.31608227,-0.037994403,-0.32228062,0.9644508,0.8386427,0.36166215,1.6255087,0.9519596,0.5926331,0.4516384,1.2512546,0.31025848,-0.101485685,0.8639866,0.52977186,0.10320387,-0.5748338,-0.3553583,1.0788862,1.1487786,0.17690934,0.6349907,-0.3951063,1.0408217
1.7500235,1.4986855,1.7910283,0.22615875,0.44719556,0.06132103,0.3603894,1.2414312,1.2968931,0.5282118,0.13506746,1.0752429,-0.17786397,2.0721767,0.98440593,-1.5263572,-0.16720292,-0.47591698,0.2128819,0.2524048,0.4112015,-1.7132032,0.21335863,-1.2395476,0.46086347,0.5537568,0.8714106,-0.10430487,-0.5863864,3.191264,0.70848393,0.35472655,-0.6004944,-2.5841749,-1.5744256,-0.07751303,-1.4589355,1.0222167,-0.09728409,0.28459078,0.2230565,1.1427889,-1.2083666,-0.04554297,-0.6848448,0.70465213,-2.1186538,0.06807898,-0.23198994,0.7427951,-0.15889582,2.2267985,0.81046313,-0.5330693,0.2292726,1.0116615,-0.2439027,0.36923742,0.7392571,1.8641124,0.686519,1.3553951,0.3983412,1.3843644,0.51111364,1.2720677,0.066823505,0.49929538,-0.19223219,0.5890607,0.633858,-0.29948112,0.5252115,-0.26967132,0.66406584,-0.42619833,0.36418626,1.1944474,0.09517669,1.2873554,1.0416168,0.07993356,0.10457072,-0.62844205,0.94641995,0.08372972,0.8574482,0.16765782,0.10930076,1.0919743,0.2862304,0.7817021,-0.7283787,0.49541143,1.0128576,0.44414556,-0.34991857,2.5639384,-0.40892574,0.012959092
0.6409113,0.99684584,0.03273111,0.103991546,0.14118955,0.74285,1.0297551,2.4381273,1.5824453,0.58987254,-1.0086331,-0.8557929,0.07223253,1.5465865,0.663052,-0.94208425,-0.82837,0.1833845,-0.94837594,1.286636,-0.014525172,-1.5892031,1.268177,-0.7834044,-0.14020696,0.5836702,1.6294719,1.1793526,1.7891033,-0.49049848,0.76963556,-1.7755746,-1.1468441,0.27723745,-0.2617704,1.8681401,2.7780652,1.980525,-1.0303681,-0.47170126,-0.3752784,0.6995053,-2.274512,1.664559,-0.46275076,-0.03126033,-1.6435952,0.08207245,1.6745293,1.268624,-0.26572648,0.3977765,0.28787893,-0.16467781,0.0492878,2.0242782,1.9762721,0.51559734,0.57492703,0.6100252,-0.65044063,0.7649434,0.08617846,-0.23408602,0.6169934,-0.6007062,1.1260014,-1.8088179,-0.74407125,1.8481542,1.2104934,-1.2261698,-0.566486,0.28531244,-0.73915637,-0.30899593,0.9803178,-0.02173331,1.6267424,-0.068631224,-0.7896803,0.005457908,-0.578813,-1.3517376,1.8095353,-1.3856529,-0.42503095,1.6486834,1.7242419,0.19392575,-0.16004708,1.6437494,0.6069906,-0.13170971,-1.5606818,1.917035,-0.12778687,1.210865,1.4653821,0.8082068
1.1313093,0.1355947,0.32764912,-0.3431121,-0.8983927,0.3273667,0.29800558,-0.37491494,-0.14881757,0.5710209,-0.039579835,0.4624498,0.15327303,-0.90759486,0.9591574,-0.25587168,-1.5151571,0.12806582,-0.33281392,1.2813553,-0.042710453,-1.4811425,-0.7520417,-1.8197868,-0.4084218,-0.667906,0.11565746,0.28837466,-0.8125047,-0.9481951,0.89917547,-0.7544986,-1.2119001,1.1005846,-1.117159,1.7146127,0.84605914,0.0011928306,-1.6299384,-0.5507063,-1.7938843,-0.2515839,-3.1878574,0.6036969,-1.2843162,-1.1504622,-2.6377099,1.1707627,1.135872,-0.28003392,-0.51738083,0.7200189,-0.6382687,-1.329351,0.49754882,1.5429518,-1.0401828,0.53718925,0.3851998,0.23289795,-0.2539717,1.3634826,-0.99380064,0.5191016,-0.65686756,0.29032388,-1.1139383,-1.5910842,0.1850278,-0.24410886,-0.3887895,-0.14126745,-0.5481977,-0.74799067,-0.9861451,0.52527,-1.1715695,-0.6463671,0.37763613,-0.25418812,-2.0469925,-1.7137742,-2.2257257,-0.89914334,-0.9846534,-0.87030447,-0.6097294,-0.34694374,-0.079435065,-2.428501,-0.6289367,0.567437,-1.6154101,-0.382495,-2.9999177,0.4489552,-1.4979388,0.2525831,1.3726686,-0.3918349
0.18010056,0.4797542,0.4775976,0.8177975,0.1427056,0.5928229,0.5989419,1.4500778,0.61929184,-1.0958344,-0.683737,-0.50146675,0.38438314,0.92535174,0.8966049,-0.09553522,-0.30281433,0.7169243,0.4906724,1.826187,0.5602983,0.28292134,1.9683948,0.5746388,-0.0888395,0.8057031,1.9468726,1.0927773,1.6079502,1.0333523,1.4535335,-0.5652697,-1.3702835,1.5072594,0.14782321,1.9667135,0.2599631,-0.4601535,-0.4536116,-0.1851548,-0.8113067,1.3822695,-1.0217522,1.0082388,0.64561146,0.21493435,-0.33043468,0.3781794,0.5269216,-0.2664916,-2.3521447,0.7270686,1.1656482,-1.1865118,0.29569286,1.304286,0.27832463,0.48932287,0.101570725,1.3696239,0.28290895,0.9427275,1.0694187,-0.14445247,0.510196,0.7744613,-0.65368754,-0.29999915,1.0912528,0.7688534,0.48378146,0.4061509,0.29122528,-0.07174446,0.91370636,1.0732787,0.7155036,1.868448,0.537173,-0.5015923,-0.8792742,0.66084546,1.3833373,0.8240691,0.82446706,-0.010890168,0.70298105,1.2633688,1.1817847,-0.84110093,-1.4942259,1.1965014,0.13615905,-1.0359393,-1.4125735,1.119036,0.90759844,1.5694745,0.9825269,0.20174941
-0.95281315,-1.5501838,-0.4794946,-1.1466374,-1.9609145,-1.9534322,-2.8053582,-3.445496,-1.4405829,1.6362458,1.178056,0.99511456,-0.19845246,-0.81856406,0.859967,-0.947859,-0.46055302,-2.2726102,-1.8170928,-2.9983466,-0.50458163,-0.22097683,-0.878661,0.34900275,2.0317042,0.48016503,-2.303131,0.2520946,-1.3523339,1.5066141,-2.6533391,1.1383406,-0.1484862,-0.4252843,-1.6618868,-3.4310207,-1.7402644,0.10269975,1.2669706,0.6978879,-2.699982,-0.90118563,-1.0442996,-3.3561728,-3.1736877,-2.1811786,-1.1807619,-1.7852639,-2.9578185,-3.0675154,1.3156434,-0.89065266,0.065838255,-1.365479,-2.5737178,-1.724948,-2.7663257,-2.6232421,0.7325173,-0.19368394,0.8659461,-0.21009727,-0.07158887,1.5372734,0.6064698,1.4062175,-2.8012612,-0.19263911,0.75780725,-2.3613672,-0.8680397,1.9134475,1.5279388,-0.5968724,0.85358644,2.02294,-1.2764997,1.6485336,-1.4832624,1.5306443,-0.9576566,-0.76324624,-1.8840424,0.39433983,-2.0644867,0.1591231,-0.49932706,1.2271423,-2.4781704,-2.2829382,1.2076474,0.47825617,0.9867968,-1.1240792,0.90608263,-3.5263903,-1.6906315,-0.12852333,-3.078595,-2.3348417
1.1147901,-0.5468402,-0.9472924,-0.70612645,-2.006294,-2.1808,-2.7487576,-2.3721633,-2.0969188,1.7064266,0.40328196,2.2487934,1.3085847,0.5212788,2.2962813,0.16224508,1.5332584,-1.5044712,-0.5013637,-1.3325399,-0.76900876,-0.5839166,0.65163195,1.1046616,0.6316242,-0.5663518,-2.1681986,0.9642349,-1.021647,1.611027,-3.2099342,0.36770457,-1.4647391,-1.5964322,-2.9261415,-2.158096,-1.0450383,-0.62174547,-0.6637341,-0.939631,-4.101625,-2.7047012,-2.7533937,-3.3366036,-3.2773733,-2.3934076,-2.0887241,-2.4409919,-3.3768108,-3.5041177,1.7287645,-0.019749593,1.8679582,-1.5008332,-3.0578885,-1.5938565,-2.0014136,-2.9605384,2.1991904,1.413787,1.6042997,1.6720752,2.1095753,0.6144723,2.047209,2.085201,-1.4899235,1.6139652,1.7449499,-0.24123998,0.18850179,2.9795105,2.487324,0.070245765,3.018583,2.1704853,0.62468344,2.693451,0.66808975,2.587397,0.42127684,-2.0167043,-2.0268917,-1.744724,-0.39521256,0.17338564,-0.36742818,2.850291,-1.9337407,-1.7057838,1.4127765,0.85221004,0.45255163,-0.62091476,0.2277474,-3.1741211,-0.8953385,0.19237888,-1.7327402,-2.6510043
-0.24790435,0.7981645,0.22879273,0.16779462,-0.20929386,0.55964845,0.2155622,0.46228725,0.08508081,2.105552,1.3724486,-0.371049,0.07237075,-0.24405803,1.7228428,0.13093984,0.76987416,0.7095589,-0.8082353,0.51581913,2.333731,-0.6263378,0.6264658,1.8761677,0.68841594,1.2144072,1.3810922,0.77592874,1.5883431,0.4964125,1.6376635,-1.4573199,0.1609379,0.63498706,0.15089267,0.3205101,0.30175158,-0.5102157,0.13720638,0.87022907,-0.6023793,0.1917673,-1.2042127,-0.07738098,1.5164984,0.24048151,0.101197414,-0.5465103,-1.0249897,-1.0697999,-0.690838,1.6691417,1.8776959,-0.6006253,1.1734139,0.83193386,0.4284118,0.5310455,1.0915616,1.1586883,0.71042126,-0.8023809,0.78446525,0.3510148,1.3764606,1.7710059,-0.94266015,1.1763922,1.4370263,1.6379608,2.1979365,0.71538657,-0.5590886,0.5665389,1.4577463,1.2193779,2.3416603,0.57748157,-1.9030864,-0.75698984,1.4114392,-1.356596,0.421732,0.20603104,0.8844096,0.99322015,-0.17506401,-0.42798218,0.3743918,-0.04767335,-2.8018458,-0.08657988,0.35534903,-0.736794,-1.2971197,1.2601235,1.2587228,0.8755541,-0.659843,-0.22370581
1.4807624,-0.97959447,-0.89927363,-0.8450982,-1.2328712,-0.8975077,-1.0500513,-0.82813096,-0.9968486,-0.017861646,-1.2688658,0.10057342,-1.5386319,-0.78342754,1.2306508,0.08027709,0.037889242,-0.11361436,0.50766635,-0.30621058,1.6428028,-0.45941764,0.23597851,0.4616035,-0.8319852,-0.81270736,-0.3460405,1.6400421,0.15783727,0.24715587,-0.7929561,-1.1260737,0.16738476,0.5811877,0.12280175,-0.2011818,0.95915043,-1.0537257,-0.52787846,-1.1297191,-0.2925335,0.115406476,0.19070686,-0.43622124,-0.15400606,-0.43974033,0.4594408,-1.0774466,-0.051201835,0.025197124,0.92386144,-1.624479,-0.46714064,-0.60887873,-0.91386855,-0.31753445,-1.2722279,-1.0553988,-0.45299277,-0.055716522,-0.4277331,-0.43124408,-0.87891734,0.5916731,-0.2501765,0.69857883,0.91066813,-0.3903124,-0.18397763,-0.12083767,0.675471,-0.63204503,0.93080604,-0.3001586,0.27225998,-0.35852695,0.77555704,-0.1678648,0.48571548,-0.3240175,0.9375805,-0.014114149,0.09044635,-0.53747445,-0.56585413,0.18315245,1.6645823,0.0558083,0.14744863,0.036632378,1.3070657,0.07958842,1.0827258,-0.2584909,0.11137457,-0.21834554,-1.0501755,0.252607,0.10220052,0.01449794
-0.9623566,-0.34098092,-0.0024482396,0.869394,0.32389295,0.57800645,-0.02724803,0.43534252,0.7769924,0.3982298,-1.5021456,-0.7713194,-0.88450176,-1.7259018,-1.0219011,1.3829277,1.0527762,1.9705443,0.1658574,2.0710423,0.46467075,0.7072077,0.87593704,1.0889876,-0.8630519,0.45615104,0.36147818,0.63468,2.8481677,0.3802656,0.98785734,-1.5853572,1.3928802,1.5725812,0.62529135,0.87245446,1.5321593,-1.0932647,0.8463987,0.6209885,0.17783202,-0.5489576,1.3786694,0.4917752,0.64434403,0.6159416,0.722034,0.7447856,0.3893182,0.10577752,-1.4934337,-0.1451746,1.6561604,0.060763143,-0.058788784,0.44182032,1.3598013,-0.040242117,0.17927572,0.5708735,-0.6775486,-0.98381466,0.3342582,-1.7012277,0.9042247,0.46609166,0.52184194,1.4124112,1.7789887,2.62451,1.6281558,0.22969587,-0.65105355,0.5966295,0.44325346,-0.7700959,0.17081335,0.29144067,1.1417664,-0.16945343,-0.55996543,-0.098002225,-0.23514193,-0.7648493,0.85373354,-0.7295411,0.49311644,-0.7268634,0.84185195,1.1310662,0.23955975,0.08050633,0.438591,0.02283239,1.4543238,0.083043054,0.64471644,-0.255591,0.79284936,-0.056344643
0.6010414,-0.65715003,0.09947094,1.2260357,-0.44505203,0.21146144,-1.6195377,-1.1965271,-1.9207143,0.5327078,-0.532736,0.041324228,-0.18334007,0.013248397,-0.7197357,0.98703694,1.7523735,1.1377591,1.1709402,0.35686684,0.15594086,1.4783434,0.5088165,0.3312093,1.0332924,-0.7408915,-0.6636588,1.0034277,-0.67036635,0.028577369,-0.48722976,-0.07981622,1.440635,0.45360225,0.22207788,0.7945433,-0.05783233,0.08810685,-0.47391278,-0.34435046,-0.34270117,0.7171938,-1.0670463,-0.13791162,-0.45314863,-0.2732572,0.49213576,-0.5149904,0.011280817,-0.7537794,1.1799784,0.34517938,1.1711024,0.09108577,-0.71878296,0.70478827,-0.11765783,-1.2787073,1.3674275,-0.34900868,1.3847648,-0.93251276,-0.013228517,-0.3259691,1.0666686,0.053546906,0.4486297,2.4372072,2.4434266,1.3629515,0.47784013,1.6864223,1.0019499,0.41515824,0.81799275,1.0544322,-0.26365036,-0.48995692,-0.024707133,2.1460383,-0.18364863,-0.48494944,-0.024523333,1.1105005,-0.030463522,-0.85876256,0.8555616,0.6615253,0.34738636,-0.44122082,0.74145603,0.521278,0.2262355,2.3185997,0.053275265,0.35970837,1.069146,-1.297777,-1.0044227,-0.0034531632
0.68621874,0.13567026,0.4086016,-0.782867,-0.8954852,-0.5241561,-0.20283902,-0.388933,-0.065011576,-0.37118012,0.21542066,-0.107492566,-0.4105371,-0.123459436,-0.5735284,2.5349772,1.5838472,0.55779725,1.3801206,-0.062684186,-0.5352541,1.7308494,1.2152755,0.722403,-1.0160913,-0.2254383,0.22996026,0.87078404,-0.51126,-2.2288632,0.13108768,-0.3786604,-0.24717437,1.8361745,0.98164,0.07070342,0.2917896,-0.8993028,0.20783716,-0.88998175,0.008603713,0.028499467,-0.04076457,0.2891072,0.5394754,0.07895625,0.3320386,-0.34770355,0.021865768,0.2315832,-0.7611083,0.8226994,1.3840008,0.4612861,-0.43320146,-0.054905247,1.0199538,0.06551634,-0.7872411,-0.46464932,0.027628541,-0.0043088794,0.1736538,-0.771295,-0.4575949,-0.032866623,-0.52530473,1.5656444,1.7301763,0.41655004,0.19551979,0.17685589,0.13557526,-0.6437327,0.21688582,-0.25319418,0.43376055,-1.1666433,1.5578022,-0.18856555,-0.6410751,-0.6267314,-0.72816145,-0.43020156,0.038283505,-0.60210556,-0.72045606,-0.91362333,-0.09739763,-0.22699673,0.51393497,0.19970393,-1.4152503,0.5817992,-1.3382854,0.74836564,-0.9804032,-1.9984033,-0.19344819,0.2151925
0.35274822,0.92913455,0.49170876,-0.20369546,-0.5525242,0.27599365,0.1854207,-0.344085,0.8760032,0.98305815,0.47090268,-0.011683896,0.407118,0.65466434,0.75937307,1.8702946,0.81791574,0.2544263,2.1657166,0.22628789,-0.6006719,1.1659065,-0.09923013,0.046865586,-0.5535597,-0.0061478084,-0.10792923,1.386419,-0.0090727145,1.0641363,0.87443364,1.2017751,-0.88333225,1.1205667,1.4924883,0.5857352,0.3243872,1.2070612,1.9170152,1.1997197,1.0517659,-0.1646921,0.5933175,0.3068243,0.37343413,1.7377472,0.94352406,0.86882406,0.0023724341,1.5700223,-0.67425567,0.7624935,1.452373,1.3704219,0.7206301,1.0398477,0.59547836,0.35100934,0.35071862,0.9217049,0.68102384,0.77978873,0.3786858,0.4902877,0.46765777,0.8027518,0.53840107,1.2335365,0.68041235,0.36251244,-0.2880372,-0.5102482,0.23441954,0.13341038,0.9642974,0.3156834,-0.49829623,-0.97260636,0.37538958,1.4249396,-0.46876594,0.18620159,-0.09966583,-0.0837047,0.009430776,1.476054,2.9508793,-0.3487543,0.3040262,0.64376134,1.2614826,0.9435642,1.128487,1.4778636,-0.5431497,0.4290011,0.34359342,0.14054991,0.36723626,0.5718567
1.2556317,1.1263969,1.0721855,0.031993162,0.94517416,1.1965679,0.2481818,-0.52144915,0.9939702,0.04338079,1.0653164,1.4093897,1.497507,1.2923903,-0.25306055,1.4497513,1.4955773,0.09078281,1.1651008,-0.10902725,-1.0169218,1.7455486,0.035031643,0.7678182,-0.23288019,-0.013566317,-0.08313326,0.0055009346,0.52781105,0.057788815,0.7598173,1.0623715,-0.25699723,0.68332297,1.3969406,-0.1323597,0.7419142,1.9829123,2.1573865,0.072979674,1.9717443,-0.68058324,1.8667518,0.14405827,1.1169945,1.0914776,1.535654,0.42737168,0.44438845,1.6065859,0.78144413,0.28477666,1.1411229,0.70559335,1.1378518,1.4381362,1.4676028,1.2427967,0.78017,0.22976013,1.1714216,1.4125289,1.4184124,-0.33380944,0.23936507,0.7470128,0.2884255,1.585329,0.5361767,0.11465396,0.6089551,0.035886254,-0.9006695,-1.5327014,-0.10885358,-0.033545144,0.57593066,-0.43863025,0.4745325,-0.7055364,-0.31200895,0.5774111,1.8068286,0.22436331,0.5121353,-0.025139404,0.5606528,-0.17100096,-0.21992725,1.1261696,0.5580738,0.08670991,0.49406818,-0.44961977,0.6337282,-0.1834462,0.49479696,0.54531085,0.27881375,1.2087289
-0.5431036,-0.36670724,-0.5633021,-0.72948456,-0.30600265,-0.2677835,-0.37797388,0.1690369,-0.20311138,0.042934485,0.7607521,0.7115591,1.7807014,-0.9118893,-0.4905556,1.3437259,1.770787,0.07543617,0.87673444,-0.033662282,-0.56179243,1.9784309,0.5049328,0.14629628,0.11234723,1.1030663,-0.14321825,0.9994181,0.7952949,-0.7364067,-0.1885568,0.9969307,0.24845546,1.2561262,0.90606713,-1.2356504,-1.7438351,-0.034256812,0.677247,-0.9675667,-0.21031131,0.43150172,0.11562762,-0.07549591,0.7576413,0.3209507,0.104435205,1.3572966,0.040347457,-1.3153298,0.061226267,-0.6041471,1.6214325,1.1007555,-0.08082118,0.21410738,0.6682313,0.3721299,-0.8815211,-0.80209386,0.19846787,1.1388936,1.2453678,0.68311465,-0.95915115,0.8912887,-1.2763443,0.74534905,0.47358462,0.18505222,-1.0029092,1.5262442,-1.6468042,-2.0042999,-1.4095631,-0.56386364,-0.9143117,-0.35616133,1.3288589,-0.7453572,-1.16819,-0.7758396,0.35926896,1.0803233,-0.09480861,-1.2604809,-2.526862,0.024402086,-1.6829227,-1.4264108,0.3390126,-0.3798049,-1.5709006,1.1498653,-0.7550951,-0.20583917,-0.6738374,0.09115548,-0.01868856,-0.76146394
-1.3042672,-0.5325246,-0.67106104,-0.23684035,-0.20945573,-0.73426366,0.7721816,1.0947334,0.18979855,0.9454796,0.4687019,1.0337499,1.1141068,1.0197003,0.79641795,1.7839935,1.5541099,1.5132465,0.71763927,0.139091,0.13200693,1.7788277,0.8953641,0.32369646,0.51190937,1.8027853,0.40716258,0.31818882,0.91954917,-0.49598274,0.24815239,0.060120445,0.15877417,0.9025795,1.8474234,-0.9352431,-0.9737038,-0.85952455,-1.1105424,-1.9911845,-0.94640785,0.5652176,0.7823362,0.06881329,0.49831408,0.062448982,0.25572717,1.9516593,-0.9237707,-1.1105586,-0.37029475,0.36036187,0.8783354,-0.32767537,1.0545622,1.110063,1.2040417,0.54237616,1.0571903,-0.1965253,0.6732447,1.2229878,-0.94029796,0.882119,0.49632272,1.1577812,0.22967765,1.2144481,0.047928583,1.3387839,1.3348907,1.0604702,0.90918684,-1.5742393,-0.34197426,0.67722815,-0.91845214,0.6550233,0.09819297,-0.3847276,0.17128141,-1.2861673,0.86826605,2.0545516,-0.11272825,0.80923396,-1.0719311,1.5052087,-1.2602719,-1.1185863,-1.0599139,-0.28266585,-1.2402763,-1.0390594,-0.14714018,0.64730006,0.48932534,0.42799112,-1.2478145,-1.4817498
0.44551975,0.034700386,-0.25434002,0.62690324,-0.2538269,0.038833294,0.61694837,0.27667937,-0.20542526,1.1933875,-0.1597649,1.8890691,-0.2079945,2.2778974,0.552526,1.2580757,2.029634,1.4032216,-0.4390919,0.62470853,0.29962054,1.334952,0.44020933,1.2545505,2.885655,1.8045957,0.33361465,0.69509655,1.4912152,-1.3744719,1.0673025,0.07150877,-0.047487177,1.1364056,1.1571795,0.5075219,0.1510084,-0.56406605,-1.4068108,-0.5869767,-0.26255652,0.5872327,1.4898288,-0.18750842,1.2256206,0.3674817,0.4925062,-0.7737843,0.05131738,-0.15874745,-0.45790634,0.7995155,1.3917389,0.049135856,-0.03651816,-0.16687597,2.086375,-0.1819841,1.8403549,0.7517861,0.65307206,-0.06905002,1.7749345,1.0792981,-0.6716641,0.19079433,0.521947,-0.27244064,0.4781318,1.4182832,1.4914162,0.5696715,1.8689183,0.5669256,1.1085745,0.8656911,0.96994627,0.1934733,-1.3851215,0.32550442,0.20266159,-0.8948132,0.8644892,1.1817805,0.3976357,-0.23694673,-1.7813617,1.106631,0.57040036,-0.43015343,-0.30070275,0.61358774,1.041484,0.2198557,1.9949547,0.37277985,0.84032196,-0.83201605,0.17558272,0.061611965
-0.1466938,-0.2597971,-0.9537718,0.352766,-0.37296396,0.22194614,0.30386674,-0.1379209,0.73568314,-0.1098229,-1.3576386,-0.08304021,0.40429497,1.0663158,0.51581013,2.3169587,2.0831375,1.6890914,0.61194235,0.62374437,-0.062572524,1.7906321,0.23765054,1.7912496,1.3997692,0.40714833,-0.18215644,0.12169783,0.49326482,0.6244838,0.16964956,-1.0477246,0.14090617,0.6260433,0.27337095,1.5212672,0.2116602,-1.5937406,-1.4990922,-1.0835515,-0.9716434,-0.09718886,0.27528512,0.15515655,-0.021686675,-1.0471611,-0.06968442,-1.1024219,-0.038036462,-0.7120234,-1.1115149,-0.57011986,1.2947798,-0.35259596,0.18959272,-0.4844977,0.60386443,-0.6999812,0.90581304,-0.002264312,0.31905216,-0.08945762,0.82607436,1.3872287,1.3043224,0.10621038,0.7644292,1.8748153,1.2797053,0.7794411,0.7210789,0.6993045,0.03737339,0.84239423,1.6968325,0.71874666,-0.3016336,-0.089981936,0.78620243,-0.36907542,1.3460808,-0.30129465,1.7787513,0.69645804,-0.80997205,-0.28152743,0.46044755,1.4252352,1.2990824,-0.59263134,1.1838319,0.74360275,0.9092838,1.6203724,2.0086784,0.06365836,0.016535435,-0.30701056,-0.269971,-0.39038795
0.8009983,1.2368413,0.92805004,0.49211156,-0.302738,-0.36313087,1.2435155,1.1764585,0.3464013,0.74671435,-0.11768192,2.1713185,1.2807993,0.5857526,0.14185776,0.32978547,-0.3982935,0.12717682,-0.55660194,-0.670287,0.76381946,-0.16412097,-0.28568393,0.49721476,1.5467666,0.2697769,-0.6645871,-0.079226434,1.3791485,1.1074157,-0.9941786,0.30627266,-0.2927733,-0.5901605,-0.5829675,0.5439112,1.0428462,0.16120389,-0.45979837,-0.12369579,-0.59007233,-0.823976,0.044410888,-0.44295526,-0.37735257,0.09586652,-0.7184182,-0.24196358,-0.2629176,0.16406243,0.7007492,0.12622915,-0.692216,-1.6619829,0.023184033,0.5104204,0.9644057,-0.34669617,0.54544365,-0.31554347,0.67792565,1.0819479,-0.7464881,-0.07995347,-0.26550582,0.4055169,0.82939214,-0.82434857,-0.32024655,-0.9329259,-0.12801546,1.4191117,0.15187235,1.3505284,1.0646759,1.0399181,-0.7726138,0.6253747,0.21345028,0.4408837,0.5133685,-0.5115377,0.09445678,1.020917,-0.23829795,-0.1415056,-0.6439318,0.73665017,0.28391087,-0.08387971,0.43187574,1.0273119,1.0582004,-0.16410074,1.3532417,0.24308147,-0.405785,-0.058560636,0.96452284,1.1060959
1.223599,1.1439608,0.019103542,0.39178023,0.33079916,0.23889282,2.3332524,2.1402106,1.7192333,-0.18033828,0.032362714,-0.20222497,0.9956441,0.70155334,-0.021411322,-0.36374786,-1.7185799,0.24827766,-0.51015323,0.17197505,-0.111945465,-0.56843287,0.48680338,0.17802788,0.2527964,-0.2012143,-0.052988723,-0.9959817,0.91291296,0.7013107,0.01446327,-0.6270592,-0.38029015,-1.1225296,-0.42799628,1.6055906,0.5544496,0.26997173,-0.88574463,0.6360255,-0.26667663,-0.42750433,-0.9075493,0.66180676,-1.2162393,-1.5276743,-0.70722836,0.55242425,1.891444,1.2099698,0.76052433,0.9089755,-0.20377396,-0.6773813,-0.20057595,0.16862498,0.47020787,0.3685849,0.31642434,-0.5023694,-0.99501663,1.1099397,0.45613533,-1.1099907,0.30142075,-1.1575402,1.5482134,-0.8286231,-1.567376,0.06838082,-0.0059765815,0.38863957,0.55618435,1.4288467,-0.09108423,-1.1085522,0.88534397,-0.39000723,0.16218175,0.15986137,-0.88323605,1.0884548,0.40070292,0.588346,-0.88109225,2.5133412,0.54097426,-0.7822822,1.3999828,0.9505908,1.0263972,1.1980313,2.8369977,0.103544526,1.4543741,0.31222886,0.51585895,0.23549367,2.013211,1.4344693
3.3808327,1.2675315,2.0499,1.9771837,0.16141786,-0.0008996337,2.1498694,1.0559429,1.3201877,-0.8032605,0.8868638,-0.66096085,-0.70680463,0.769916,0.2507534,-0.21446548,-1.6544296,-0.17417122,-1.1777239,-0.4485959,-1.3672229,-1.0770661,-0.74373275,-0.26100707,-1.2679092,-0.29831278,-0.7132005,-1.2016878,0.042598374,-0.4318637,1.086451,0.38679424,1.249085,-0.87479776,-0.15798761,0.709261,0.55787045,1.0147499,-0.5791167,0.5363393,0.6740174,-0.5901394,0.95143557,-0.26234263,-0.56251353,-0.5323676,-0.25028282,-0.25240836,1.491612,0.9666216,-0.26563844,1.1730523,1.1542135,-0.6176357,-0.07289602,-1.4229589,1.632218,1.7807982,-0.07134464,-0.34554705,-1.4875269,-0.45683226,0.12016413,0.03818228,-0.059188724,-0.57056105,1.7404035,-2.0294013,-2.06223,-0.57136136,-0.079815894,0.027694806,-0.12600343,1.60659,-0.14365338,-1.1048054,-0.42054102,-0.31882116,-0.10610343,0.2856914,-1.5557128,0.1351327,-0.3262931,-0.62939507,-1.0835272,-0.74405134,1.833113,0.15966873,1.6027298,0.84660226,1.4199522,0.18995045,1.7624166,-0.97672415,1.038302,0.37945512,-0.2475544,-1.9104987,1.8188224,1.7421951
2.69483,1.1272615,1.0990444,2.5667925,1.5824642,1.1867003,1.6127185,1.9300045,0.8635176,0.022513403,0.42347598,0.78576535,0.74525315,0.8420189,0.027349588,1.2212454,-1.029856,0.95940125,0.6423447,0.42010498,-0.3858013,-0.95802224,-0.3011608,0.8145192,-1.127997,-0.84956044,1.0946012,-0.8924985,0.3918154,-0.12116968,1.3999683,1.0184181,1.9050338,0.30713102,-0.26508757,2.4313424,0.7986126,0.80778897,-0.55703795,1.3301582,0.37868512,-0.732702,-0.2280496,0.9144508,0.003653029,0.4830639,0.17320418,0.07390338,1.4794948,1.1247256,1.3191346,0.7889831,0.09147935,0.37608495,1.7675592,1.0509735,1.1441257,1.968731,0.57383436,0.42852458,-0.8170975,0.31556696,-0.59125406,1.3081077,-0.014029763,-1.1922711,1.6979324,-1.71163,-1.3743457,0.24843395,-0.16810283,0.2737825,-1.3137848,2.4136815,-0.3357778,-0.68952155,1.5696495,0.26200667,0.24507374,0.0724577,-0.41213587,1.2060523,-0.09608067,-0.5493547,0.117229365,0.9542928,2.8016665,-0.30101937,1.6863691,0.33732048,0.55894285,1.6226518,1.8585756,0.77188027,1.2806354,1.3227143,0.9438843,-0.10338547,2.2311156,2.1015248
0.83889204,1.4875532,0.80145425,0.6110683,-1.2044661,-1.586811,2.5734518,-0.10700447,-0.43044212,-0.5038364,-0.88557976,-1.0771868,-0.61262023,0.5831243,-0.57640433,-0.31516743,-2.773991,-0.83262074,-1.3258061,0.123600155,-2.2251716,-2.1675317,-1.9730195,-1.6877801,-2.9359064,-1.8002524,-0.6428233,-1.4400651,-0.473905,-2.17228,0.5165773,0.8957538,-0.3837632,-0.10407042,0.16536482,0.23450272,0.8133662,2.3609712,-0.41988224,0.68949205,0.7283864,-1.5411587,-1.372286,0.70308465,-0.59130424,0.37721172,-0.35018507,0.5378515,1.9648007,1.3752164,0.94339025,0.6853352,-1.2684685,0.38589525,-1.291256,-0.740621,-0.81612253,0.20738842,-0.53853595,-0.6573888,-1.2175748,-0.22313361,-2.0866568,0.06694156,-2.2277968,-0.40365517,1.1589555,-3.4163978,-1.8594021,-1.8492827,-2.3026402,-1.6466622,-1.7459768,2.1852484,-1.8533897,-3.1955123,-1.562613,-1.4526423,0.90386444,0.04525522,-2.5545762,0.33934188,-0.84612787,-0.9942299,-1.0849904,0.71109325,1.2113391,-1.7534615,1.0194352,0.7909232,0.5837841,3.2606683,1.6918647,-0.70060855,-0.11846455,0.85868675,-0.10932032,-0.3176039,2.0837967,1.536036
1.1395565,2.0160682,0.81935674,1.2920995,0.48476845,-0.05724159,1.0901866,0.26081336,0.5482223,-0.14002211,0.7339602,0.8071399,0.48381492,-0.07971673,0.6777511,0.2602039,-0.76891077,-1.272896,0.29677528,0.082306325,0.03950693,-0.6008925,0.12899703,-0.89907634,-0.19842386,-1.1081163,-0.47423548,1.3210595,0.28167596,0.45196265,0.4397321,1.8046393,-0.043991648,-0.7949318,0.11376372,-0.54521406,0.8376985,0.786294,0.24001119,0.43890747,0.77731365,-0.5123763,0.078309566,0.088660516,-0.8419675,0.013135654,-0.0754565,0.34463274,0.6589497,1.2672176,1.3952942,0.21239921,0.63914084,1.6576074,-0.82410675,0.061661486,1.0887848,0.9323314,-0.28793716,2.2793808,0.9795055,-0.26060542,-0.06010181,-0.97978723,0.6787409,1.1218771,1.3988178,-0.32630917,-0.70038193,-0.83893067,-0.34057269,0.5416885,1.0884658,1.3456475,0.8077429,0.5682869,-0.5779813,1.6421405,1.0521672,0.9758015,-0.82830036,2.454539,-0.5473501,0.34448352,-0.4523749,-0.28813085,1.5788711,0.28827792,1.0402712,1.30599,1.8388458,0.20670094,0.9648598,0.70104903,-0.9848054,0.42783254,-0.35873893,-0.054126095,0.5857251,1.7052348
-1.0003152,0.49374008,0.027004693,-0.0816508,-0.9300377,-0.37701085,-0.49518678,-0.5238066,-0.48853922,-1.1182677,-0.0013010874,-0.20321986,-1.2003477,-0.808637,0.83575964,-1.9838234,-1.3207794,-1.8465222,-2.2182436,-0.64328647,-1.7877321,-1.8645754,-0.25997603,-1.2128322,-1.2756,-0.4907831,0.77844054,-0.36190352,0.17310947,-0.030937469,-0.33471617,0.5796109,-0.74239385,-1.3676037,-0.24429384,0.40664282,0.55419624,1.3476801,1.5091182,2.4027014,1.1283433,-1.0058765,-0.18705894,-0.22585247,-0.31530595,-0.002290449,-0.2646038,-1.0791966,0.61904454,1.5672756,-1.9912202,0.039368417,-1.573499,1.1755611,-1.0163443,-0.018331029,-0.4682986,-0.39706123,-0.77819663,-0.91403645,0.22147298,-0.6743986,-1.2635766,-1.5917215,0.3106177,-0.70973927,-0.061525088,-0.81057,-1.3937243,-1.3250324,0.27375126,-1.4345592,-0.25817072,0.5303257,0.051279426,-0.353368,-0.3498457,-0.29016936,-0.6309328,0.13686803,1.2532616,1.3752228,-1.0776339,-1.4947591,0.19458903,-0.12537731,0.5205642,-1.2004355,1.3667525,0.95008963,0.029887103,1.289588,0.4545602,0.8912233,-0.40309563,0.1958009,-0.56284434,0.14994736,0.24772057,0.9077318
-1.2577591,0.7160185,1.3778731,0.8635692,1.0891011,0.711655,-0.16654478,1.1573652,1.2894106,-1.3174336,-0.89059794,-1.0782788,-1.0990044,-0.90151477,-0.25059572,-1.5973063,-2.2371633,-1.1295036,-0.5690582,-0.99730724,-1.8730837,-1.8420773,-0.9365682,-1.0125365,-1.0050822,-1.4656718,-0.38464808,-1.2424095,-0.85055465,-0.7890282,-0.57401425,-0.54034585,0.48055115,-1.3132759,-0.6619369,-1.1869807,2.1877418,-0.45244446,0.83891207,0.59596974,1.3959705,-1.8793054,0.12709345,-1.0424372,-0.90686554,0.022840045,-0.41583702,0.16074798,-0.19976425,0.38655835,-0.4808611,0.20538197,-1.2149528,0.71182996,0.30854833,0.328735,-0.29084095,0.4973818,-0.23508395,-0.29958102,-1.6994572,-0.37022367,-0.46729976,-0.3883385,0.44507864,0.55799854,-1.3221558,-0.25716648,-0.46646187,-1.7513587,-0.31983337,-0.68330353,-0.2691654,-0.80104226,-0.9256548,-0.61234236,-0.17436138,-0.68210536,-0.13628437,0.6501361,-0.34206074,0.5808802,-0.38389513,-1.444074,-0.040936988,0.32327867,-0.13155736,-0.21480253,-0.5647368,1.0119143,-0.42285404,0.06247555,0.02470497,-0.70728856,-0.3382611,-0.8051201,-0.21404245,0.26446086,-0.45709166,-0.08350783
0.88595366,1.5372121,0.77167636,0.32971793,0.95743585,0.69795907,0.32594672,0.1781341,1.1191449,-0.77862126,-0.37014332,-2.3741841,-0.47403648,0.26578915,-0.14113446,-0.46510777,-1.407163,-1.5538357,-0.6555091,-2.028427,-0.7889689,-0.4613834,-0.06242638,-1.6805617,-0.72624826,-0.99945027,-0.3274155,-0.8611359,-2.1131911,-0.5741928,-0.99358225,-0.38546485,0.15915935,-0.22496529,-0.28785816,-1.7018187,-0.958148,-0.715959,1.1263411,0.2686423,0.6092271,-0.008440797,0.74127847,-0.31233108,-0.008698749,0.042771347,-0.18827353,0.5182602,-0.5348467,-0.45187128,-0.6853894,-0.12396678,-1.1303914,-0.071882136,0.7927101,0.14367384,-1.9890158,0.5449901,-0.9572417,-1.6352103,-0.9817849,-0.71426433,-0.26398322,0.9172483,0.20675191,0.27307448,-1.6120403,-0.79194415,-1.3082278,-0.72461754,-1.3170246,-1.351241,-2.1987174,-1.3578098,-1.5314556,-0.7179862,-0.7808199,-1.204253,-0.91905946,0.008171064,-0.57116276,0.049827695,-0.4739817,-0.2741852,0.14494412,-0.16849317,-0.043788116,-1.6369318,-1.5183954,-0.35717878,-0.34274304,-0.44590965,-1.5214322,0.6229165,-0.39164513,-0.13740517,-0.5498694,-0.62266123,-1.2261763,0.0290679
-0.3625417,-0.7963566,0.9293589,-0.64239275,-0.41087607,0.1807026,-1.2614682,-1.987106,-0.5080676,-1.148306,-0.04813101,-1.037853,-1.6739174,0.355852,-2.2700298,-1.7453464,-1.984298,-1.6630256,-1.8166472,-1.3811213,-0.9113005,-0.39230752,-1.3152835,-2.0412595,-0.38799655,-1.1766666,-0.5424926,0.015850822,-1.4268924,-0.25646242,-1.3609179,-1.0323446,-0.6183078,-1.3003762,0.25635418,-0.32635605,-0.6293851,-0.6234747,-0.29913142,-2.5801337,-0.15915687,1.6736392,0.063948534,0.025875663,-0.6980274,0.008472805,-0.2907358,-0.435869,0.07479081,0.1057981,-1.0649506,-0.9165936,-0.7145623,0.55352455,-0.20395875,-0.040703665,-2.0346534,-0.5995403,-0.940062,1.025914,0.44004467,-0.8385322,-1.8321841,-1.2463036,-0.4798247,-2.3656726,-0.76940036,-0.22612733,-0.37694559,-1.6786389,-0.8846044,0.049225427,-1.0163562,-1.4795673,-0.76972294,-0.047416445,-1.4924755,-0.49543405,1.0512159,-0.30907705,0.14072895,1.4456567,-0.037483923,-0.51327705,-0.34213743,-0.67358124,0.3220279,1.0640966,-0.66905695,0.119957805,0.787666,-1.3726163,-0.71213603,-0.079364195,-0.09091012,-0.45526826,0.24446397,0.26925397,-1.9153547,0.54423803
-0.21742712,0.989705,1.5682747,-0.25758576,0.8908121,1.0153625,-1.6111405,-1.4119946,0.67301095,-0.4798034,0.73329544,-0.64733046,-0.63966364,-0.06313575,-0.05341957,-0.7223227,0.19734633,-1.8198167,0.53124225,-0.9285286,-1.5355518,-0.5890412,-0.17146826,-0.9189645,0.06731134,0.015780073,0.27760783,0.55171835,-0.23257159,0.14446497,-0.98742723,0.26753753,-0.17649971,-1.4277476,-0.3316022,-1.1301069,-1.6317375,0.2981201,0.32103363,-2.5930903,-0.5259444,2.489807,-0.19215429,0.21200871,-0.75551564,0.50043947,-0.13503367,-0.630966,-0.56390375,-0.47815004,0.08438816,0.22795317,-0.9418817,1.0686069,0.2803084,1.2996207,-0.28197125,0.36463693,0.81031674,0.35196552,1.2697704,0.57680666,0.7932856,-0.36506099,-1.0647784,-0.63718796,-2.0859807,-0.59348077,0.4146677,-0.6419599,-0.67630273,0.87561333,0.39588323,-1.9144648,0.5871224,1.5064887,0.31491464,-0.14489993,0.5315058,-0.18455441,0.8401695,-0.24776708,0.28707096,0.26354462,1.0026634,-0.70688534,-0.9421482,1.7985238,-1.4929489,-1.1900252,-1.0735162,0.5490898,-1.7995871,1.2676528,1.6881375,-0.33010614,0.5386438,-0.7366039,-1.8665265,-0.5910634
-0.49243745,1.642402,0.3556682,-0.06968068,0.65398854,1.155686,-0.1738648,0.39306962,0.15466733,0.061815593,-1.4629536,-0.3584303,0.77479094,-0.37417132,-2.3625653,0.81303144,1.6486111,0.7385951,-0.23721465,-0.540679,-1.1606747,0.50584227,-0.15246934,0.27875018,0.69537306,-0.3134708,0.5639164,0.9984095,0.45391768,-1.5068259,-0.6322794,0.62766576,-0.09913035,0.3744311,0.7262589,0.19648553,0.068844475,-0.64085513,0.14159939,-1.3568105,-0.04995349,0.1653296,0.73072165,-0.38543746,0.6336141,-0.05763681,-0.7916883,1.4766523,-0.43021002,-0.49044925,-1.2439313,0.26491234,1.1103711,0.70607066,0.16200146,0.5966684,0.9271424,0.17290726,0.5354692,-1.9652114,-0.42040965,-0.022897016,1.2040988,-1.6096351,-0.6311321,-1.2702938,-0.7165383,0.6420429,1.2472591,0.34357616,0.2782311,-0.2872148,-0.65339553,-0.6031057,1.1261169,0.016136475,0.20060223,-0.11551345,0.29913533,-0.838037,-0.027152447,-0.6441604,-0.08818599,1.1940771,0.7518595,-0.66489637,0.4154655,-0.05819659,-0.10079746,-0.13016525,0.26213744,-0.51729804,0.12516668,0.5805993,0.6388652,-0.36466542,0.5572013,0.05831871,-1.0232695,-1.5171118
-0.015618808,0.3217943,0.83687115,-1.0874535,0.023154298,0.69302386,-1.7667664,0.74783957,0.36420098,-0.6248365,-0.6803734,1.475923,-0.1980222,-0.48711836,-1.771973,-0.7572415,0.0067523206,0.0588077,0.22063129,0.2517563,0.63168836,0.83424556,1.1988646,0.9296456,0.5782201,0.43286386,0.68326926,0.044273023,1.1464936,1.2124221,1.395354,0.5042948,-0.7231809,-0.12395077,-0.124350876,0.2957013,-1.6872345,0.65342647,1.6444572,-0.72690254,-0.30853128,0.5170276,0.060305428,-0.55590844,0.1563778,0.00035376975,-0.5771771,-0.43699515,-1.1666182,-0.5542935,0.22947474,0.33063054,0.52215165,0.004350233,-1.0804881,0.2600007,0.6360573,0.28812215,-0.1352379,-0.95842826,1.0911646,0.44000092,0.9631389,-0.64813364,1.2419227,-1.2051781,-0.41756842,0.6022318,1.0207632,0.9934859,1.5860466,0.49355206,-0.027188107,0.07458208,1.0195295,0.65319985,-0.124519445,0.32989433,-0.14377908,0.20833279,1.3775116,0.13345024,1.0988936,-0.2694429,1.1620781,-0.26528764,-1.916239,0.69571906,0.8493345,-0.019483104,-0.55410755,0.20869301,-0.37209603,0.34453434,0.8050878,-0.6255423,1.0004164,1.0494059,-1.2353119,-0.79637563
2.0013535,1.4682367,0.835149,0.5293141,0.6547345,-0.029803675,-0.95373756,0.8078449,-0.45732543,-1.0238584,-0.06383439,0.70986754,-1.6419497,-1.0608333,-1.0033568,0.10152675,0.12902592,-0.37125647,0.97082746,-0.5249963,-0.30657452,-0.35124508,0.4271012,0.21294603,1.1151296,-0.69615984,0.08018071,0.63217324,1.826126,0.11347298,-0.47892055,0.9233153,-1.0568199,-0.9325326,-0.76175076,-0.32774216,-1.2686529,-0.7127623,0.33172655,-0.9690916,0.58758485,1.5976354,0.88683015,-0.076668784,-0.66601133,1.7128465,-0.67204696,0.19651051,-0.19799106,-0.38228202,0.431385,0.2759717,0.81553584,0.85760504,-0.36664465,1.4837977,1.2231673,-0.49317518,1.2077655,0.41934732,1.9760451,-1.6727778,-0.72443795,-1.2126709,-0.6715449,-1.8558166,0.41821742,1.6990961,0.67522454,0.21827376,0.11940288,1.3068211,0.58981323,-0.5606441,0.5094261,0.5273212,0.68716615,0.27579582,-0.9045199,0.66525614,0.8447143,0.2191351,0.5820792,1.0563331,1.6606973,-1.1972032,-0.22646797,-0.3396381,-0.20502043,1.0982525,0.52188337,-1.9333541,-0.64819884,1.8229539,0.94846743,-0.45108885,0.6288351,1.0668842,-0.3334513,0.10365355
-0.6899139,0.07325077,1.3230863,0.10253089,0.34689638,-0.1158758,-0.49344164,-0.04461323,-0.82930666,0.31881002,0.47870848,0.4667798,-0.7429815,-0.9259102,-0.15627572,-1.6171217,-2.1570976,-1.1883131,-0.26814392,-0.27211273,0.47869408,-0.317574,-0.9568063,-0.8540487,0.16401817,-0.2857959,1.0657663,-0.43274254,0.7853522,-0.013669152,0.67872196,0.5209758,-0.8684813,-1.4997258,-0.089377,-0.6384995,-1.8687935,0.20197766,-1.2892178,-0.30471557,0.004015503,0.8839925,0.05024257,0.8341038,0.7562542,0.48957705,-0.39586926,-0.19738631,0.54271036,-0.11985847,0.06763781,0.84342074,-0.80438316,1.6223308,0.20453113,0.36934036,-0.42801568,-0.62071764,0.20598073,0.34302232,1.1325057,0.04530556,-0.15479383,-1.3949528,-0.9394061,0.17708907,-0.61411345,-0.90351826,-0.77869743,-1.648869,0.05540365,-0.67137235,0.723831,-0.9388116,0.20993528,0.5180842,0.9887251,0.5077212,0.31885195,0.1486023,0.82402176,-1.4785887,0.71405095,-0.118958265,1.1489424,0.25376624,0.36278877,0.71583015,-1.5548457,1.0888981,-1.8887532,-1.6524167,-0.65035063,0.855539,0.36097077,1.2730278,1.2541293,0.9036909,1.4706981,-1.105065
0.12783408,1.6469609,1.3295131,1.0240769,1.8551749,0.8408866,0.5097404,1.6671872,2.273995,-0.3245117,0.5099152,1.0014594,-0.08058713,1.8531537,2.384194,0.11922407,0.00042038423,0.3115435,0.40725642,0.5787207,-0.5346501,0.7088889,0.29696038,0.16695355,0.009223273,0.59600216,0.65829885,-0.19855396,1.0145632,-0.052135155,0.22992565,0.44275212,-0.7648817,-0.06555229,-0.48679006,0.91525084,0.22745074,-0.795853,-1.0536356,0.10204082,0.03553985,0.46825486,0.28789988,0.80802935,1.047591,0.92638206,0.24063668,-1.6858251,0.9357057,1.1509799,1.0509447,0.6503418,1.089818,1.2751727,0.27557015,0.49474722,0.286384,0.8104331,0.6616689,0.7127691,0.52740866,-0.10030281,0.8338364,1.9411057,1.6503084,0.9761957,0.75182426,-0.26370376,-0.2900303,0.79487866,0.6533238,-0.2680297,1.3742064,1.4379187,0.7611253,0.27649486,1.6649468,0.35817614,0.13067913,0.4228593,1.6942173,0.46383983,1.2053269,0.7168697,1.2780856,0.28203705,0.9465444,-0.35602212,0.5137068,1.2660655,-0.3903283,0.23203903,0.49210507,1.0660485,1.626089,1.3796148,1.6637071,0.7110957,1.1028893,-0.046583675
-1.8741773,-1.1186895,-0.9397442,0.3250262,-0.87478906,-1.8223219,-0.06512559,0.8057432,0.34576616,-0.34618786,-1.2746791,0.7301333,0.35326457,0.6104141,-0.2156473,-0.5716961,-0.8000183,0.4302792,0.56200504,0.8342252,0.20785013,0.47860312,0.07790044,-0.37299222,1.0671299,1.4925779,1.2464075,0.33487642,0.5876543,0.46044093,0.956501,1.1032809,0.69488686,0.2509938,0.82971835,1.9946626,1.9685811,0.3964907,-0.39137658,-0.07161977,0.96312726,2.5786555,1.7147095,1.5437527,1.60826,1.6935627,0.2637039,0.99227065,0.094823115,0.7025755,0.5546424,0.09109884,-0.7763896,-0.03795592,0.22846243,-1.8683685,0.40237772,-0.09399281,-0.010823108,0.53984267,0.39995816,-1.0594423,0.048920963,-0.88659906,0.20840326,0.3845297,0.7892996,-0.42904454,0.10425752,0.36030084,0.28509802,0.3095872,0.8834088,0.7389877,0.41259304,0.45172352,0.28455526,0.3017564,0.8548171,2.164388,1.6226814,0.7666838,1.9836918,1.1935188,1.3596696,0.003026738,1.8028008,1.0598028,1.1874403,0.95647603,0.7443059,0.29141206,0.9648823,1.2770642,1.9462589,0.7516508,1.1289029,-0.19856095,0.4629775,1.0688332
-1.1063106,-0.38930252,0.7140042,-1.0762955,-0.89107835,-0.7437066,-0.40064156,0.8036009,-0.1752711,-0.32047522,-1.5380361,-0.85184735,-1.4479012,1.4616919,0.31409284,-0.5460792,0.051542077,0.8180511,-0.062920526,1.9541991,0.24395755,0.99947596,1.8344725,0.77963215,1.4449036,1.0701147,1.7270652,1.3042952,1.357359,1.2965939,-0.8311065,-1.290036,-0.1822039,-0.35661006,0.29840678,1.6779213,0.45477054,-0.98868793,0.8188452,0.25477692,-0.35095906,1.6560713,-0.034849618,1.1179168,0.863132,0.35653338,-0.55610836,-0.5963937,-0.6603009,0.30047354,-1.0685982,0.26452193,0.7668388,-1.7935042,-0.01976545,-1.7366185,0.027346987,-0.57081383,-0.6657827,-0.17295773,-0.5835607,-0.79727316,-0.32751042,-0.22865038,-1.5049804,0.8744737,0.42626017,1.406659,1.1441736,0.83818686,0.95521605,0.91255254,1.0184902,1.25447,1.1228131,1.1626813,1.1836237,0.4398905,-0.035944354,-1.8873048,1.4212552,1.3129168,1.4220071,1.2080278,1.49086,1.390811,-0.087711655,1.2966553,0.68131936,0.7396184,-1.447056,-0.8277952,1.3104405,-0.5834526,1.4347682,0.3025117,1.6881548,0.52706206,-1.1564399,-0.16619527
-1.065634,-0.24987295,-0.36141434,-1.0739388,-0.8045517,-1.5543169,-0.8929297,-0.16911262,-0.6613351,-0.60731673,-1.2614903,-0.15399231,-1.5234035,-0.4020155,-0.49052632,-1.0047479,0.55472195,0.60931957,-0.7982963,2.1223547,0.8430161,-0.2710505,1.3328284,1.6164228,1.0728412,0.8436003,2.845534,-0.081376195,1.0184945,0.35770923,-1.3130084,-1.9390595,-0.8012947,-0.096881956,-0.1196719,0.9823505,0.18783739,-1.5672244,-0.24484715,0.18443872,-0.74425846,1.4514995,-0.16635138,0.31663075,0.92007154,-0.08129007,-0.9072448,-0.19401684,-1.3726978,-0.36247787,-1.3394575,-0.3911985,-0.21742755,-1.8545092,-0.62369,-0.99906826,-0.3550765,-0.8294073,-0.25430357,0.41293186,0.522183,-1.5282478,-1.3273327,-1.6533542,-1.1194867,-0.84870154,-0.48125777,0.093896,0.9193129,0.8113851,1.2015169,-0.19072255,-0.63505805,1.141892,1.2703375,0.24402784,1.9871813,1.4561788,-2.1322694,-1.1139046,2.335297,-0.8731175,-0.107357815,0.49249655,1.719139,0.16959497,-1.7208688,-1.3617977,0.61610544,0.016643723,-1.46035,0.9251265,-0.36728728,-1.0599794,-0.15554386,0.05504758,0.83112675,1.5268636,-0.3782438,-1.7789001
-0.12380034,0.26212668,-0.35461682,-0.75256985,-1.3296471,-0.4865716,0.6600912,0.29626846,-0.1662759,-0.2983989,-0.29210824,1.2414352,0.28805587,0.4420709,-0.18909667,2.395132,2.4264727,2.7856712,0.6827901,1.8719144,0.30899808,2.1449876,1.4461963,1.6627493,0.15571202,1.2665973,0.7915819,1.0098246,1.0034219,0.54768807,0.6834232,-0.36763915,1.1702095,1.7782493,1.4813328,1.1341372,1.2266306,-0.50738037,-1.3934007,0.7712019,0.24116243,0.18796511,0.8931361,0.78505975,0.89311916,-0.15623029,0.8044203,0.3958574,-0.064693525,-0.71208954,-0.74133706,-0.6079675,1.7199523,-0.41727105,0.047270074,0.23845536,1.0465049,-0.15437457,-1.4380119,0.84471697,-0.68337566,-0.3506123,0.003371905,0.5474696,1.2307541,1.5418816,0.6139634,1.5767856,1.722988,1.6318328,1.3214506,1.0560362,-0.58954495,0.38699687,0.8684336,0.48919642,0.6067129,-0.48338568,-1.1273794,-0.12810475,0.26804835,-0.28337854,0.84385777,0.68363833,0.7158298,0.10349872,0.5970659,0.114672616,1.2503412,-0.9578973,-0.80748326,0.4515745,0.3708603,-1.2120697,-1.8729453,-0.4797648,0.029593695,0.010689879,0.12084021,-0.3425102
-0.6677532,-0.055278357,-0.65817165,-1.4545972,-0.60427064,-1.662447,-0.35181892,0.13171366,-1.1910326,0.020486536,0.13531327,0.18763445,0.72079086,-0.23234807,-0.6443979,2.1663797,2.6053522,1.2442259,2.0574007,1.6246153,-0.3090036,1.4551932,1.801729,2.0451229,1.9334166,1.5166469,1.0130117,-0.1932065,1.3010068,-0.3740516,0.21185021,-1.2231427,-0.75820076,1.0478641,1.1502591,0.25213656,-0.54773575,-1.6533221,-0.110358335,-0.68037105,-1.1038972,0.5729745,0.80698085,-0.389544,0.16550167,-0.041173283,-0.40998444,-0.6349933,-0.9826484,-1.1009587,0.16051847,-1.463387,-0.64380515,-1.9337871,-0.23142292,-0.9146507,-0.6969632,-0.80245036,0.7394714,0.43815055,0.51636696,-0.40438658,0.6226306,-0.7342995,-0.1805456,1.8071154,-0.24398725,0.864228,0.45912108,1.6611774,1.4353622,0.8063378,0.17365205,0.1971123,0.26424304,0.41677558,1.3183748,-0.16525719,-0.45966393,-0.07290993,-0.890466,-1.1375184,0.19099455,0.7863242,-0.10409197,0.057966284,-1.4068465,0.10846834,0.02028805,-1.2811999,-0.5441674,-0.8170188,0.26070368,-0.08690218,0.094321795,-0.6976487,0.32497656,0.3768611,-0.42616135,-1.0602666
0.9295999,1.327255,0.17217843,0.30313596,-0.2073377,-1.1831181,1.9416071,1.4612736,-0.51942,-0.10436536,1.4499416,-0.119004026,0.3331515,-1.1160691,0.8970727,0.6046892,-0.0864598,1.9608989,0.43334603,1.9292861,2.2197294,-0.046202313,0.79768384,0.013477736,-0.34769297,0.34017065,0.032877356,-0.16249983,0.22926204,-0.02598622,-0.3957473,-1.3451986,0.7978543,-0.40851358,-1.0349123,0.7887696,0.64540386,-0.14883418,-1.1668621,1.5549936,-0.114000455,-0.1448846,-1.5464914,0.57268316,-1.0351087,0.8354528,-0.3899909,0.24819538,1.2164136,0.4515257,-0.85119385,-0.66745055,1.1895176,-0.914633,-0.39261213,-0.10708681,1.2778593,-0.21196747,0.24838208,1.7779032,0.1416652,-0.31607103,0.15779781,1.4105275,3.3930461,0.85233146,1.3230588,0.6150909,0.4740374,1.3962717,2.19645,0.24552833,0.7705352,0.99754,0.23983134,-1.2151166,0.47746325,0.0018347971,-1.3246397,0.12188335,-0.19774155,-1.4180789,-1.2369616,-1.5491303,0.24623731,-1.5145996,-0.6874919,-0.9964407,0.55987674,-0.9291225,-0.14364064,0.22604194,-0.10625338,-1.6205598,-0.7270245,1.1698159,-1.8423951,-0.15308638,1.4971172,0.043195482
0.29721898,0.15165742,0.1985052,0.7255756,-0.5369319,-0.8703559,0.8897483,-0.08200756,-0.07622845,-0.768217,1.9857594,0.19715615,0.015047325,-1.1570333,0.6473712,-0.044795062,-1.9441092,-0.7697147,0.21739256,0.07625979,0.6041727,-1.5236765,-0.8747027,-1.3999367,-1.7551656,-1.4449842,-0.08313332,-0.5120651,-0.777868,0.010523468,-0.07537239,-0.005372903,-0.82557404,-0.34726378,-0.45701563,-0.102465704,0.7745569,-0.056123674,0.24782543,0.6078442,-0.30494642,0.11760002,0.22917488,0.77631944,-0.8181776,-0.008300384,-0.93141824,0.5442851,0.40735105,0.5327516,0.7916303,0.37410754,-1.3808922,-0.94127977,-1.2753338,-0.20320642,-0.09614235,0.32152003,-0.8572054,0.07576433,-1.0704411,-0.618831,0.12256714,0.43773413,0.58271796,0.71733356,-0.6067501,-1.3855536,-1.4371723,-1.2253072,-1.4214685,-1.0717432,-1.2465513,-0.49589837,-1.9106855,-1.837744,-1.5131698,-1.0105253,-0.23782286,-1.1700991,-1.3032087,0.29749036,-2.3924856,-1.265904,-1.0371683,1.372886,0.54359525,-1.688212,-0.30495656,-0.6883293,-0.18022515,-0.6022746,-1.4079742,-2.319588,-1.2708969,0.18449208,-0.3247008,0.40203434,0.27851406,0.4663752
-0.6269032,-0.26145568,0.32465717,-0.22974601,0.13617757,1.1190752,0.93266296,-0.45115668,0.4537607,0.47881603,1.0892054,0.060768973,-0.14306085,-0.5534892,0.706158,0.25051972,-0.834009,-0.36821374,0.697462,-0.34114346,-0.70957214,-1.2308666,-0.66707987,-2.2467434,-0.84788376,-1.3406372,-1.0871365,-1.4730474,-2.2374756,-0.6572027,-0.17205295,-1.5995833,0.040309764,0.067139916,-0.25641483,0.6556464,-0.115692325,0.13287655,0.46991676,1.9138361,0.5447317,-1.9239359,-0.4110921,-0.17111896,-0.77638555,-1.0930148,0.7279637,0.31893334,0.8426357,1.4305515,-0.3201737,-0.6572219,-0.7442097,0.28622422,0.77152485,0.827541,-0.5680885,-0.7388343,-0.5168827,0.3415055,-0.66577625,0.2767422,-0.65189075,1.0709413,-0.07901668,1.1770257,1.0689806,-1.1215591,-0.9659236,0.26764244,-0.42203912,-0.55825174,-1.4224416,0.35342285,-1.2829602,-0.88963753,-1.3395275,-0.13905998,-2.574198,-0.032658704,-1.1790009,0.3515923,-1.3273882,-0.90022653,-0.8341067,-1.0373285,-0.51128334,-1.4984274,0.6827468,0.2053545,-0.08383811,0.8961932,-0.43611768,-0.7999177,-0.56501687,-0.7859647,-1.2301066,-0.36398235,0.60322684,0.94929457
-0.18425396,-0.35229185,0.35368645,1.0348213,-0.38113856,0.7779447,0.7310035,-0.6765658,0.009771452,1.1306192,-0.14306675,-0.21913892,0.3338288,-0.78785795,1.0342258,0.62479025,-0.53305644,-0.68114257,-0.16340338,-0.15359768,0.14482717,-0.47785056,0.5432169,-0.9176197,-1.0213923,0.006495763,-0.19176601,0.7850468,-0.8640595,0.19867963,0.5572557,-1.5158253,-0.1319253,0.45350492,-0.14901564,-0.8007043,0.24180801,0.72742563,-0.3662062,0.096449524,-0.41031554,-1.1901081,-1.4151998,-0.14744832,0.08322667,-0.64568,-0.39861545,0.5531532,0.68083656,-0.41060475,-1.3090413,-0.14385426,-1.7319372,-0.71823317,-0.299426,0.058533534,-1.1705823,-0.6737413,-1.1004349,-0.24372993,0.5554856,0.45910704,0.59934753,-0.39557543,-0.141822,1.0591482,-1.0457048,-0.12607154,-0.99368125,-0.28572756,-0.19557369,-0.909343,-0.346794,-1.3458451,-1.4792166,-0.981103,-0.5860088,-1.1526808,-0.86704564,-2.4190803,-0.32216972,0.600959,-1.034647,-0.04124192,-1.0469456,-1.4384567,-1.1085423,0.1678216,-0.5205449,-1.0944514,-1.6253119,-0.6838978,-2.194813,-1.3466536,-1.671269,-0.05096908,-0.8995996,-1.1153362,0.44823578,-0.20002845
0.14845893,0.17075686,-0.16180053,1.3820302,-0.37484658,0.7887014,1.2398623,1.03672,-0.001352866,-0.14992397,0.1901125,-0.47705206,0.21887754,-0.07546611,0.23609966,-0.17991406,-0.8034872,0.17889442,-0.9416694,-0.38237962,1.1562082,-1.3947203,-1.1027484,-2.5819938,-1.8135595,-1.662533,-0.18015306,-0.55481595,-1.1835755,-0.078288056,-1.4702575,-0.45171413,0.19791816,-0.5309099,-0.08295948,0.44621706,0.6476862,-0.29324892,0.56906086,0.9065685,0.46804467,-1.7886204,-0.040430546,-0.3682968,-0.37955096,-0.260623,-0.13131224,-1.1994725,1.4656491,0.9817215,-1.2060206,0.90432936,-0.17941894,0.9975918,1.1684674,0.45727292,0.06682571,0.18163098,-1.1743634,0.332463,-0.60285777,-0.6666781,-0.40432942,1.7456019,0.49514973,1.4784844,0.76399463,-0.62496823,-1.3622833,-0.69168645,-0.18130644,-1.401533,-0.70787454,0.07180383,-2.0627248,-1.323474,-0.7709595,-0.9784754,0.1256369,-0.992194,-1.409364,0.80434555,-1.0393528,-0.6822605,-0.8153163,-1.0319368,-1.4466449,0.85292953,0.49983585,0.08742237,-0.9907824,-0.12667619,-1.3834398,-1.6777732,-1.9324793,-0.25884503,-1.0446296,-0.8965207,0.8527429,1.0657073
0.45150498,-0.3883004,-0.17327419,0.08884452,-0.56157583,0.14917769,-0.30554,-1.1571815,0.8063401,-0.042820018,-0.53299415,-0.16774291,0.38177502,-0.3386737,2.042926,-1.7679727,-0.37239793,-1.1722053,-0.9926479,-0.37926483,0.92483604,-2.3248463,-0.22643629,-1.3694049,0.15305895,-0.8704536,0.24887294,0.3422847,-0.14857665,0.8605889,-0.77223706,-1.3645823,-1.7798848,-1.08812,-1.4048243,-0.103462815,-0.2713001,0.7726713,0.57758266,-0.19870503,-0.364664,-0.24544202,-1.2098215,-0.1777178,-1.1707399,-0.05474354,-1.6121128,-0.6611879,-0.15297042,0.7772497,-0.675644,-0.2770711,-0.9477137,-0.54529464,-1.0956748,-0.677406,-1.0591063,-0.76177144,-0.07834654,1.2943071,0.95939827,0.511394,-0.26614514,2.36941,1.4152985,1.8252909,-1.2728776,1.2409452,-0.4072462,0.07657334,1.0355693,-1.2646399,2.4423254,-0.03408571,0.856352,0.6906134,1.1251614,2.1401176,0.30512252,-0.23680118,0.005866193,-0.09616121,-0.36659512,-2.1863074,0.3918753,-2.7651095,0.108092226,0.6596149,0.6806658,-0.6525106,-1.5507392,-0.5845078,-1.8371954,-1.462025,-0.4843407,-0.1840982,0.20398763,0.6749336,-0.1846079,0.023235643
-0.96352565,1.042116,-0.14462607,1.0631384,0.6253575,-0.65042335,-1.2544739,0.57473785,-0.6244711,-0.30688906,-0.21254829,1.6485965,1.0809722,-0.5921268,0.4057777,-0.74303436,-0.030622963,-0.9204837,0.34118327,-0.39726233,0.12709005,0.4933943,0.7231181,1.5267603,2.8517635,0.65096414,0.93027663,1.084128,1.642634,0.5937064,-1.0206337,0.32067832,-0.39808485,-0.11415662,0.6615395,-0.22045393,-0.27996898,-0.99065065,-0.9401288,-1.1436359,-1.0953969,1.7213091,0.7803864,0.122339055,1.7726388,-0.22096793,-0.17058727,-1.9991043,-1.0113299,-0.7031358,-0.93096066,-0.45497444,-0.14134443,0.71087754,-0.2622936,-0.4324176,-0.5025658,-0.071509235,1.182508,2.6039262,2.6166804,1.4741598,1.8768511,0.39009473,0.5751147,0.07874172,0.35954368,1.1728574,1.4104487,0.6257895,1.5368783,1.0918027,0.7209064,-0.8904651,2.2742324,2.4188373,1.7266841,1.1547753,-0.2938859,0.47290644,0.9377457,0.49606964,0.6609392,1.3902273,1.7946371,0.68622965,1.20963,1.4009329,-0.06283888,0.13218336,-1.055088,0.011539249,-0.031908814,0.16102885,0.48790565,0.22649601,1.4171587,0.55172116,-1.2219408,-0.44173965
0.35382432,-0.37814543,0.06877231,0.31676093,0.095821425,-0.128921,-0.90922445,-1.1744959,-1.8579364,0.07899522,-0.24976796,-0.705083,0.2142086,0.38957372,0.34129867,-1.0318228,0.80589885,-0.5870124,0.45670164,-0.3863808,-1.1190673,0.44828695,1.4551797,1.223338,2.0720005,-0.2338807,1.3468789,0.92579854,0.829532,1.2203118,-0.6036915,0.52117336,-1.315157,-0.78597164,-0.0029762576,0.06856199,0.40769055,0.18226276,-0.39744073,-0.017534358,-0.2839614,1.5830547,0.24614573,-0.06254084,0.8834174,0.41554716,0.6593637,-0.10444028,-0.71351635,-0.2780588,1.0772731,0.066895634,-0.011829229,0.3893307,-1.0595884,-0.814334,-0.41627055,-0.47295737,0.3462601,-0.07807522,2.0552096,-0.4390493,0.15407023,-1.1572402,-0.51370406,-0.3812894,-1.9238812,0.101966694,-0.16847079,0.4707825,-0.06380616,0.57647634,0.064084716,0.43779105,1.691514,1.6377122,1.9072906,1.6560391,-1.2466522,0.063151196,2.0009947,-0.2974591,0.7116734,1.1659486,1.983323,-0.6612859,0.88033104,0.84811175,0.19822457,-0.07066469,0.35462308,0.33163902,0.10035384,0.38408804,0.19595867,-0.14009324,1.0421642,-0.6492261,-1.3746573,-0.582642
-0.7421119,-0.22970065,-0.41183454,0.36348677,-0.98714226,-1.4743327,-1.5907506,-0.71396166,0.20136876,0.09618858,-1.3333987,1.2699761,0.5541669,-0.6319161,-0.52871203,-1.0385996,0.3877928,-0.64291996,-0.09857646,-0.26533335,-0.33058968,-0.11341289,0.07344028,0.5185033,1.4036248,-0.1746195,0.31151944,0.3546149,-0.940876,0.6395684,0.35649064,0.97694135,0.093329094,-0.55125684,0.08489107,-0.06530896,-0.5797057,-1.2500904,0.026141929,-1.4364643,-0.5902865,1.1194805,-0.84093887,-0.50411206,0.2984327,0.03603148,-0.36774477,-0.5476381,-1.4441388,-0.98611146,-1.4309802,0.3058834,-0.36103615,0.25577044,-0.62075937,-0.3238377,-0.2019035,-0.26327848,-0.19628045,-0.17755863,0.12876652,-0.060771458,0.58953005,-0.13348153,-1.0515339,-0.05395208,-0.98581934,0.13374203,-0.18446524,-1.0167389,-1.079674,1.4230617,0.24035417,-0.3829013,0.7286804,0.68610317,1.3312635,1.293477,-0.049583547,0.04354047,-0.2108798,-0.05490748,0.5053001,0.26280162,0.50499403,0.5402986,-0.089941055,0.4109462,0.5309455,-0.7547728,-1.1978383,-1.5041089,-0.83067846,-2.255892,-1.4340097,-0.36372235,1.041835,-1.1205306,-1.2421085,-0.8226327
-1.4238019,-0.6794972,-0.24245106,-0.69571567,-0.74308264,-0.39587674,-0.8853078,-1.521238,-0.5829092,-1.2844193,-0.26445633,-1.0780046,0.29719865,-0.44452032,-1.7642274,-1.4857447,0.08181472,-0.6366595,-1.0325931,0.6369378,0.6974576,0.32902783,0.71190244,-0.404627,-0.18498893,0.0035379478,1.7133803,0.85336864,0.4847451,-0.61710674,0.36026263,0.6017882,-1.8310661,-1.3403847,0.136817,0.75953746,0.74033254,-0.67356294,-1.196037,-0.95465165,-0.3630903,1.312518,0.32253277,0.50754243,0.5006533,1.419347,-0.6166446,0.55573654,-0.53296006,0.9738753,0.84291846,-0.9106282,-0.59258986,-0.68230295,-0.7273604,-0.89020514,-0.9524197,-0.85066664,-1.0193641,-1.3605164,0.8946172,-0.9665449,0.11729346,-1.777507,0.2638494,-0.871028,-1.4491568,-0.94819534,0.16158547,0.1303954,0.20578554,-0.41072378,0.29789463,-0.4291481,-0.035059817,-0.68536043,1.2647138,0.38708648,-1.2895993,-0.07833101,1.4181079,-0.7155174,0.1254893,-0.8823901,0.61336654,-1.7150244,-0.7525684,0.6490404,-0.4867528,-1.1571136,-1.4456538,-0.45386228,-0.7005613,-0.53626466,-0.33352193,-0.11318738,0.8512386,1.1632706,-0.6726929,-0.37564048
0.13454935,-0.38222048,-0.576946,0.27263364,-1.3093821,-0.90292865,-0.5195264,-0.32006896,-0.39458996,-0.73939914,0.5644415,0.19785608,1.4425555,-0.49817246,-1.6084307,-0.08315848,0.7594497,0.67689323,0.108608514,1.1193123,-0.21338913,0.42034605,0.012041524,0.3328809,-0.1418942,0.71460617,0.5938926,0.38800973,-0.06426554,-0.22365269,0.13266622,0.64988506,0.080862224,0.6807422,0.14049028,1.4988166,0.9631058,-0.49255168,-0.40302005,0.493415,0.2682724,0.7134768,0.11934309,0.121348925,-0.2927741,-0.6854518,0.058326323,1.1943157,-0.145689,0.5765542,0.5616542,-0.17713854,-1.1334703,0.08522677,-0.93228906,-1.3143402,-0.016926758,-0.2992996,-0.9964577,-0.50681645,0.067122854,-0.38471866,0.10017543,-1.6072816,-1.7636662,0.1449311,-0.014721276,-1.1690243,1.1223834,0.39929566,0.13607599,0.15431084,-0.18668787,0.17529827,0.13282269,0.041455895,0.7700617,-0.69086426,0.6358637,-0.24990097,-0.29802418,0.39403954,0.10802497,0.7223018,-0.042417914,0.18652128,-0.56757367,-1.4055346,1.0600197,-0.33824527,-1.7862475,-0.11465899,-1.2750287,-0.6190964,-1.2383243,-0.8793928,-0.0934213,-0.22138742,0.20677283,0.2642711
-0.12374014,-0.48036343,-1.1313636,-0.026690457,-0.60677224,0.26180506,-0.47396612,0.17269106,-0.08078947,-0.14842848,-0.95445925,-1.2825508,-0.57847154,-0.5909385,-0.6751304,-0.28712973,-0.21354184,1.0578853,-0.24363755,0.7741488,0.42988762,1.4307799,1.2265017,0.8161543,0.6260621,0.7752833,1.0941013,0.53542095,1.5446584,0.6750449,-0.81628096,0.4048536,1.4173753,1.6514397,1.8143145,0.5910854,1.3834265,-0.58893085,-1.17079,-1.0980859,0.23392336,0.31946072,0.2590178,0.6708113,1.4019345,0.71518487,1.3488954,2.2447,0.59161425,0.1422418,-0.5392121,-0.63529193,-2.292546,-1.0449778,0.95278245,0.58076817,-0.14232555,0.35683277,-0.76396143,-0.4212404,-0.86525756,-0.73686105,-0.54407346,-0.696262,-0.18697238,-0.9266636,-0.1121393,-1.1420834,-0.24668461,0.17604686,-0.40481758,-0.034674022,0.3624478,0.97133434,-0.56304723,-0.5968178,-0.5667055,-0.23878415,-0.94054437,0.13049892,-0.02436577,1.5428116,2.3400922,1.7242411,0.56596684,0.9136334,-0.75646126,0.37738743,0.31242576,-0.1660244,-1.2645221,0.4217803,-0.07715981,0.2884613,0.88583666,0.20178959,1.493593,1.7551085,0.40026727,0.52495545
-0.87673795,-0.3118359,-1.0149611,-0.13577674,-0.3214728,-1.0051553,-0.08140016,0.008429599,-1.5114495,-1.2952238,0.6845677,2.0954435,-0.8915848,-1.4182625,-0.6018495,0.6886158,1.295125,1.4377565,1.3538989,1.408843,-0.6710952,1.8338375,1.6258754,1.6410955,0.19734904,2.5957687,0.63916916,1.9543077,1.8965437,0.597723,-0.7631833,-0.6954226,0.8372139,1.199874,0.6914752,1.4562558,1.9157898,-1.1726338,-1.955053,-0.63523954,0.38089737,-0.02905984,-0.27457568,-0.15352574,1.1913615,-0.15680084,0.26056328,1.2606739,0.6627948,-0.27651808,-0.89675957,-1.2176778,-0.7134949,-1.5270946,0.51893955,-0.7226581,1.4133112,-0.37376198,-1.7762681,-0.6119343,-0.5038325,-1.6573195,-1.7117164,-0.009925569,-0.31433058,-0.41853493,-0.11828245,-0.7117471,0.33450037,1.3333845,0.9903453,0.80749786,1.0572028,0.117475204,-0.036882002,-0.11918561,1.7075107,0.7680559,-1.8389034,-2.3104355,-0.07035483,-0.5740104,-0.01652526,-0.67057526,0.4726735,0.5691431,-0.18328962,-0.6980777,0.51627,-0.9785544,0.7224682,-1.1075822,-0.8612882,-0.80671924,0.53859067,-0.5471329,-0.00824201,0.06314059,0.17003915,-0.16499895
0.8406802,0.9386805,-0.3560314,1.0704253,-0.48428217,-0.08513472,-0.11935866,0.3800464,-0.24585558,0.72976196,1.5433689,0.045689456,1.6820412,0.04112872,0.9867298,-0.15511961,0.95152086,0.7484949,-0.17900378,0.9363413,1.8577516,0.37142602,1.8940976,0.5015757,2.4638333,2.2627268,3.600218,2.4598606,1.8467525,1.406929,1.343048,1.3456647,0.533641,0.58889014,1.1466148,0.8651555,-0.103240445,0.8236778,-0.26732293,-0.32053554,-1.0900215,3.4205775,1.2773585,1.1469603,2.1137333,0.18879402,-0.034027457,0.24601279,-0.982422,-0.77312165,-0.6913836,1.181705,0.91234094,-0.81730914,1.3232791,0.07356083,-0.50438136,-0.8169026,0.92628145,0.4120925,1.4641801,1.1961107,1.3714654,-0.5718134,0.6730956,-0.078617826,-1.1496227,0.99625295,1.2601695,0.95239455,2.0343163,2.1906958,0.8009299,-0.26705799,1.0939103,1.9982135,3.0168815,1.7866077,0.3232423,-0.2403761,1.8932045,-0.37663218,2.390581,2.0161526,3.0051458,0.27426907,-1.1902083,1.9758438,-0.06811544,-0.914168,-1.5695267,1.3125184,-0.22434267,0.5059286,-0.81600606,0.9650858,1.7500789,2.6114182,-1.1113385,-1.1781323
0.6083013,-0.33172944,1.3229142,-0.5307761,-0.5700195,-0.6171514,-1.1123574,-1.1868947,-0.8602385,-0.47162613,-0.5071026,0.6175947,1.128018,-1.1427735,0.18267396,-0.8068145,-0.8769566,-1.9471467,0.19948028,-1.5763958,-0.767739,-2.0855958,-2.055381,-0.39160135,-1.479919,-1.555865,-3.8620648,-1.0659881,-2.2401624,0.9187597,-2.831892,-1.7409583,-1.8073068,-1.9061372,-5.0903525,-2.2741284,-0.70840883,-1.7161201,-1.091099,-0.3589209,-2.3949652,-1.8050466,-3.4928946,-4.317621,-5.035718,-2.8957977,-3.3714585,-3.3196034,-1.7300372,-2.592689,1.7892631,-1.0754088,0.11390006,-1.2722902,-0.42973188,-0.6246201,-2.0622056,-1.5851079,0.6788608,-0.53574115,1.7838925,0.81783324,-0.2783909,0.32367435,1.7275932,0.36801186,-1.883569,0.85955435,-0.098662116,-1.5651789,-1.1783409,1.897513,0.042050242,-0.6805164,1.0432572,0.91855526,-0.5746243,0.32529888,2.3207977,1.2269319,-0.83963966,-2.2869103,-2.782125,-3.2854009,-3.0393882,-0.72528684,0.055186853,0.19616169,-1.8781849,-0.9781564,2.0349388,0.681328,0.60857964,-0.590463,0.62619776,-3.9869275,-2.1857762,-1.5389203,-1.3716823,-1.7182454
-2.3998427,-2.54432,-1.8082993,-3.0708773,-2.179669,-2.7967353,-2.1086285,-3.5260499,-2.6132536,0.59786016,-0.63169515,0.9350063,2.4239488,-2.7907925,-1.4645268,-0.61848474,0.019298477,-2.681553,-0.334924,-1.8347192,-1.1001858,-2.0765715,-2.9704616,0.5319015,-0.40176287,-2.698576,-4.6949396,-1.2833376,-1.6100513,1.1700034,-2.344159,-1.1640716,-2.1204488,-2.9030044,-4.869034,-3.5282733,-2.6180546,-2.9301364,-2.3146853,-2.038785,-2.9958243,-2.4200723,-3.620307,-5.0794673,-3.7875044,-5.276492,-4.3354726,-4.64464,-3.5405955,-3.3566115,-0.42972773,-2.393096,-1.4837853,-1.7746454,-2.0661755,-2.7951503,-3.507841,-3.105808,0.40495527,-1.5594455,1.3571529,2.9518523,0.99774307,0.19302753,-1.3023475,1.025041,-2.2430716,1.0451066,-0.22238825,-2.5808265,-0.58212054,0.1834941,-0.09860129,-1.8756735,1.674636,1.1486098,-1.2009313,-0.57817876,-1.3860158,0.44946167,-0.4952643,-3.524291,-3.1801145,-3.2767322,-3.9478195,-3.2696483,-0.4825123,-0.9162365,-2.3287349,-2.9495814,0.3366242,-1.2414869,-0.10725153,-1.0892922,-0.96339995,-4.6025124,-4.99108,-1.6251618,-3.0203903,-2.5701373
-2.9376876,-1.1508244,-1.3890872,-1.1428943,-0.34975812,-0.16598952,-0.6050995,-1.1176273,0.23837121,0.1891406,-2.9278362,-1.8008081,-2.0922065,0.27070302,-0.026439829,-0.10115316,-0.7330546,-0.9249728,-0.93830657,-1.3131413,-0.266228,0.8543173,-0.13303259,-0.2812743,0.8645639,-0.41674915,1.1539043,0.4969399,-1.4418495,-1.3903725,1.4948688,-0.5313303,0.77611494,0.30072236,1.7921431,-1.1367998,-2.3565574,-0.6911964,-1.3003433,-2.6336172,-0.13925274,0.71083033,1.5641593,1.0713193,1.9112692,1.041441,2.098726,0.43295896,-0.7012487,-0.4445597,-2.3567262,-0.9459517,-1.6674571,-0.57994556,-0.0459145,-0.66201204,-0.6870118,-0.35542175,0.6696666,-2.3238056,-0.8464673,-1.847102,-0.6999026,-1.7127985,-0.97281075,-1.8654929,-0.62530285,-1.4762335,0.07758362,-1.0521842,-1.2678404,-0.8295073,-0.3712876,-0.45715123,-0.11517395,0.10285439,-0.7327257,-0.38647753,-0.6654158,-2.5137072,0.9761246,-0.8028895,0.26675108,0.37931496,1.1500425,-0.22934614,-0.8293469,0.38915062,-0.8046294,-0.7662644,-1.3738351,-2.0958278,-0.6351163,0.02460018,0.27818143,1.1747851,0.9345891,-2.2195287,-1.5127965,-0.9697134
-1.3193567,-2.1132739,-0.3337965,-2.8697863,-1.491303,-0.13773987,-1.2476016,-0.9379877,-0.2733869,-1.6806122,-1.4800907,-0.43187243,-0.9673575,-0.7196651,-0.9583148,-0.67872393,-0.13863717,-0.96426964,-1.2109767,-0.88421017,-0.9730627,0.32791296,-0.71853334,0.6562444,0.016088944,-1.3492185,-1.4685093,-2.71614,-0.84585404,-1.3034341,-1.6453751,-1.3876091,-0.4018459,-0.21707182,-1.1488228,-0.53639984,0.53997195,-2.1198573,1.0975733,-0.073349364,-0.18333681,-0.5773838,-0.13132362,-2.2346644,-1.0134809,-1.7274925,0.021038912,-1.3134648,-0.9764638,-0.71325153,-1.4491451,-1.5270419,-1.5550746,-1.9079679,-0.7542324,-1.6241809,-2.6470733,-0.5437905,-0.4970263,-1.9388924,-0.9085729,-0.6519874,0.72582847,-1.6361246,-0.58731794,-0.09611965,-0.31743896,-0.36909565,0.03605305,-1.0699539,-0.619684,-0.2650153,-1.4709558,-0.31628558,0.45133212,-0.54466474,-1.6216886,-0.5472298,-0.24843109,-0.5585492,0.07247395,-0.617372,-2.3082461,-0.16645174,-0.7110833,-0.79577243,1.212191,-1.026765,0.22895445,-1.0408171,-0.28229314,-0.0058704163,0.3072377,-0.6019394,0.092200086,-1.3677806,-1.2633337,-0.9549434,-1.2955009,-0.5831541
-0.83473766,-1.9410169,-1.7012258,-2.0373538,-0.36029825,0.22959228,-1.5412043,-1.0087787,-0.9479863,-1.2119259,-0.77202386,-1.0811707,-1.2591677,0.08110374,-0.77210397,-1.4977703,-0.72258264,-1.1960956,-0.14895011,-1.2160587,-1.2561529,-0.48231813,-0.67763317,-0.21914117,0.4692128,-0.49284413,-0.26913387,-1.1913596,0.005100064,-1.9347717,-0.07599339,-1.2522802,1.3778374,0.21503238,0.28252682,-1.1281168,-0.65101427,-1.3954285,0.75663686,-0.112631366,0.5931123,0.4056112,0.7826919,0.120192036,1.0440713,0.18634115,0.84037083,-0.7602916,-1.2236193,-0.58848786,-0.6325668,-2.1647234,-1.9559569,-1.0775461,-0.005735018,-0.41055745,-1.507535,-1.0711567,-1.5682172,-0.5731686,-1.2018197,-1.707948,0.008867883,0.25653842,-0.35104623,-1.9069406,-0.97147214,-0.85267174,-0.855991,-1.3250785,-2.098145,-0.069627464,-0.39340374,-0.6814148,-0.7618247,-0.23278178,-0.4857885,-0.30977663,-0.41601968,-1.9437658,-0.21525206,-0.07307508,1.4479373,1.4274585,-0.07056536,-0.44215423,-0.3174132,0.19471131,-0.9708387,-0.2364186,-0.5311836,-2.1501756,-0.9823516,2.0235288,1.5156235,0.24967644,0.6506313,-0.96895677,-0.9036258,-0.55939895
-0.9719682,0.30588257,-0.17191984,0.33134976,0.9348123,-0.5064866,0.33898908,0.64507294,-0.06752469,-1.561733,-0.6323381,-0.3430828,0.32852834,-0.6676796,-1.9823076,-0.56531364,-0.6165142,-0.39899045,0.6424991,-1.263371,-0.18420316,0.21855487,-1.629475,-0.4495572,-1.6154052,-0.9836367,-1.0731854,-0.5038424,-2.0435994,-0.44063875,-0.31399405,-0.10274999,0.51296127,0.023882348,0.80144405,-0.2722388,-0.061590463,-0.12152373,-0.17006338,-0.14900053,1.1650851,-1.1726172,0.6875122,-0.33101192,-0.43456775,-0.61778605,-0.25088897,0.82022053,0.28875762,0.5949147,-0.6319665,0.4892576,-0.10599237,1.0383621,0.7526291,-0.42589584,-0.27124533,0.18696547,-0.3740135,-1.5773345,-0.37880546,-0.62378603,0.5909904,-0.32901812,-1.0463334,-1.580397,0.52403593,-1.0034585,-1.2389843,-0.9086445,-1.008566,-0.85561883,-0.56540865,0.39301887,-0.23301502,-1.2714043,-0.6331151,-1.3425119,-1.0768178,0.20150608,0.661894,2.1238232,-0.2716817,-0.008091885,-0.88820213,-0.09889023,0.40658608,-2.0291831,0.47573075,2.465109,1.0808377,1.5292032,0.8044223,0.9187462,0.7943222,-0.8754003,0.66239935,-0.46817932,-0.24124077,0.98959637
0.51328695,0.4739865,0.6131037,-0.17333648,0.8458959,0.7418129,-0.4090754,0.326338,0.24984665,-1.7969706,-0.010915219,0.6626671,-0.64220864,0.47270408,-2.451339,-1.0967069,-1.0710443,-0.70398706,0.8926039,-2.3639245,-2.2037177,0.7714331,0.835407,-0.38484928,-0.7991766,1.1926873,0.5564918,0.46200058,-0.66076326,-0.25505707,1.3893896,0.788896,0.42931777,-0.34716502,1.9935988,-1.1509686,-1.7090169,0.18054998,0.86641973,-1.2889987,1.565751,1.1546044,1.9583625,0.3502227,1.2237008,0.86691487,2.607825,-0.1934907,0.64259017,0.37995872,-0.7287545,-0.030242004,-1.8765867,1.2071133,0.8163104,-0.9829634,-0.3311337,0.09877998,-1.517488,-1.8406105,0.13133235,0.41951993,1.4777826,-0.035282884,0.3367353,-2.4283714,-0.24205185,-0.025892016,-1.5858598,-1.8426278,-1.5732517,-0.9957359,-2.2573621,-1.6434277,-1.0300106,-1.2845103,-1.0216205,-0.7505796,1.2395123,-0.5796888,-1.3553112,0.9532678,1.526686,1.0721836,0.4565428,0.20133539,-0.50878584,-1.3591762,-0.8142873,1.6039772,0.30524918,-1.4666559,-1.0740361,0.9180577,0.36874804,-0.40206817,1.1621704,-0.7635951,-0.5801593,0.12504588
0.7024364,-0.33970925,-0.032217816,-0.23238575,-0.2827859,0.27002278,-0.73051494,0.7749934,0.057406016,-1.3154517,-0.56229216,-1.0777433,-1.060753,-0.31023976,-0.70638543,-0.06733637,-0.024834426,-0.47297248,-0.5394982,-1.6772058,-0.856313,0.75537497,-1.1703572,0.06275628,-0.8429198,-0.6048792,-0.54453015,-1.623301,-1.2629908,-0.19149166,-1.1502419,0.45635596,-0.508441,-0.065703586,0.55074877,-1.3490075,-1.5512457,-0.79084104,-0.1535105,-1.0224407,0.69709903,-0.7282928,0.96364164,-0.5521412,-0.3976956,-0.24292831,0.99315226,-0.917127,-0.5773106,-1.193231,0.33230698,0.25145862,-0.48948714,0.49436054,-0.3152694,-0.69784373,-0.22398145,-1.2170094,-1.3225573,0.7991909,-1.0595821,-1.0958484,-0.7799365,1.0274729,-0.07128432,-0.8782186,-0.42702565,-0.40428138,-1.603627,-1.352141,-1.9123274,0.254947,-1.669306,-0.71719104,-1.1595687,-0.940588,-0.91111535,-0.2575784,0.6942214,0.03455745,-0.17837428,0.17718196,0.63883346,0.21721,-0.8936038,0.9321992,-1.7180109,-0.3747869,-1.7964797,-0.19155952,1.2058748,0.5288381,-0.038445514,0.38671526,0.6168582,-0.9159868,-0.7219269,-1.3775176,-0.03240368,-0.211892
0.8353229,0.24505848,-0.94378144,-0.284228,-0.64496017,-0.77786905,-0.24749982,-0.91816485,-1.39834,0.1297465,-0.31660792,0.77509946,0.37327352,1.4282657,-0.115629084,0.75749743,0.598983,-0.5335849,-0.6150397,-1.0013139,-0.2693918,0.12041463,-0.38381508,0.54231155,0.272023,-0.74162745,-0.25014308,-1.2717355,-1.0413642,-0.15788344,-0.021483254,0.2914293,0.76349914,-0.4658133,-0.13349052,-0.447222,-0.5139192,0.117414586,0.5899309,0.170618,-0.10867231,0.28799525,0.7620192,-0.20684387,1.2324082,-0.52898395,0.69472265,-0.1739403,-0.3542506,-0.9400999,0.004325947,0.15880491,-0.96904516,-1.4293286,-0.14240485,-1.4060522,-0.24602672,-1.4715881,0.45810196,-1.3766526,-0.027295629,-0.23104456,0.11898212,0.40571362,-0.6443013,-1.7859406,-0.4698733,0.40631285,-0.2376385,-0.28027478,-0.7368078,0.01848444,-1.6858606,0.043243866,0.045791995,0.60184443,-0.5567052,0.25239474,-1.459664,-1.3093966,1.0360128,-0.62428486,0.18483491,0.5648881,-0.051253717,-0.28894192,-1.1407527,-0.010639287,-0.5734737,-0.1321793,-0.3898218,-1.0543327,0.15407428,-1.7597239,0.64576143,-0.11232949,-1.0789801,0.06195048,-0.65790385,-0.5235381
-0.5572539,-0.51731825,-0.62467414,-2.0265248,-1.239746,-0.5457368,-0.5728035,-0.2975246,-0.3722868,0.37159672,-0.8395859,1.2112315,0.3782914,0.14284077,-0.1590467,-1.4173332,-0.24992155,-1.7818743,-0.96396226,-0.900508,0.027243251,-0.48036903,-0.18483225,-0.33820093,-0.31499562,0.2935447,-1.524366,0.5880391,-1.8604387,1.9966104,-0.2435855,-0.0030601562,0.3482465,-0.5257692,-1.6028155,-2.4919777,0.25381517,-0.9200804,0.9568866,0.70212036,0.4644881,0.013907982,-0.012995044,-0.8626648,-0.9853804,-0.21946114,-0.77142656,0.12394337,-0.34046486,-0.30996844,-0.45683983,-0.77646816,0.6106511,-1.0705836,-0.30393383,-0.4782506,-0.70901453,-0.68614393,0.5061515,-0.36120802,0.6491707,0.95159024,0.8969387,1.018683,-0.5431318,-0.81231374,1.2592356,0.35552472,0.49543405,-0.74965096,-0.04136603,-0.058581043,1.8082943,-0.20127992,0.8026233,0.40416247,0.44229084,0.3389737,-0.5177937,-1.2831701,0.29450122,0.899505,-0.9189745,-0.9568983,-1.3420416,0.55573714,0.35474172,0.027534716,-1.4851575,0.7604551,0.15891697,-1.0739439,0.3245195,0.5245644,0.5247573,-0.3707549,-0.31288862,-0.65571743,-0.6329392,-0.42824966
-0.69925106,-1.6901182,-1.0637009,-1.7793814,-0.47767302,-1.3703698,-2.1146984,-1.8285195,-1.8131171,-0.3481019,0.10678749,1.2637247,0.3319615,0.29899532,-0.27859575,-1.3360258,-0.88209873,-1.0289501,-0.9193711,0.04526122,-0.1694427,-1.019112,-0.46854857,-0.17029919,1.4518961,1.1836233,-0.56252646,0.9779004,-0.5662586,2.3745556,-1.9666795,-1.4815961,-2.507284,-2.3135931,-2.7261672,-0.50365627,-0.24503644,-2.435931,-3.434462,-2.1830478,-2.0395958,0.5589368,-2.005574,-1.1152985,-1.5429641,-0.6277215,-1.7208915,-1.1382049,-0.880463,-0.7406869,-1.6181501,-1.2653184,-0.8554955,-1.8366296,-2.0525541,-0.89855784,-1.4083126,-1.5402366,0.993795,0.029433245,1.8055904,1.3202364,0.4125145,-0.6290935,-0.93285084,0.68158823,-0.93605465,0.5700524,0.1031653,-0.7697326,0.7376825,1.308032,1.9771104,-0.8500617,1.5748839,2.1820533,0.10752832,1.6810203,-2.5466418,0.4243799,0.6307232,-2.346658,-1.354979,-1.4888182,0.12869637,-0.7034998,-0.57659197,1.6506392,-1.1113559,-1.9182186,-0.88591564,-0.91018903,-1.5049558,-0.28015503,-0.005065956,-0.72951335,-0.7002798,1.3374548,-0.81172615,-1.5722921
-0.2797734,-1.8946042,-1.2419406,-0.5384118,-1.1015247,-2.3530254,-0.9325845,-1.6359617,-1.8598801,1.4502108,-0.6841587,1.0270852,0.83966213,-1.7891004,0.9986758,-0.9295778,1.2943335,0.31694326,-1.5680743,0.68901396,1.053566,-0.5753876,0.6985897,0.65844256,1.4415473,0.2530851,0.35303125,-0.9626745,0.42717916,1.5813003,-1.3216141,-1.3392109,-0.29552758,-1.4320077,-1.7925941,-0.25348443,0.039911773,-0.47019687,-1.5511113,-0.015884705,-1.3017095,0.21026696,-1.6133275,-0.46377698,-0.97305906,-0.18039124,-0.6058898,-0.51118463,-1.0069939,-0.39090383,-0.25834638,-1.4622706,0.4536852,-0.49967307,-1.223155,-1.329464,-0.5725206,-2.3679094,1.4336114,-0.37476215,1.2906274,0.39509162,0.6298664,-0.59213454,-0.91606444,0.7164375,-0.8800529,0.9981722,1.5473802,1.2792746,0.76820797,2.133082,1.3254886,0.65121305,1.7189252,0.6214297,0.4184036,1.585777,0.19589663,-0.18578887,0.52031064,-2.5447898,-1.910533,-1.328759,-0.12604249,-0.0828047,-0.19186465,0.27772644,-0.40760794,-1.0591156,-0.18340038,0.9502324,0.7855767,-0.19244426,0.11131254,0.6713906,-0.19248278,0.0346753,-0.523949,-0.7671645
0.8840849,-2.2118104,-1.3505397,-1.0307837,-1.648964,-0.63497394,-0.1719851,-0.9825808,-2.0269856,-0.34183925,-1.771781,-2.24534,-1.3874468,-0.7332775,-0.8484853,0.41812566,0.29785675,0.6156575,-0.9287996,0.5934605,-0.22755821,-0.6512651,0.53060585,-0.46418908,-0.4029789,-0.7142888,-1.3760283,-1.168709,-0.48809883,-0.22916374,-2.0115762,-1.2442505,0.43068337,-0.7412325,-1.1730525,-0.12726666,0.4641159,-0.85506636,-0.99130166,-0.6157414,-0.12344861,0.4559654,-0.57808954,0.074987814,-0.30141804,-0.24611844,-0.13778357,0.6673464,0.06975204,0.026425697,0.5431917,-2.4555058,-0.69142574,-2.5145488,-1.1134518,-1.0536578,0.1516681,-2.287106,0.42298877,0.36863914,0.106724545,-0.30968145,-0.4148448,-0.082637474,0.56207895,-0.99505866,-0.37105075,0.75914645,-0.22546358,0.88922834,0.77111816,-0.23960494,0.2660336,-0.3462702,-0.6241509,-0.22364523,-1.231648,-0.77400994,-0.73526216,-0.22358942,0.0034206498,-2.6788416,-0.76660967,-1.1943352,-0.23448375,-1.1870462,-0.005817842,0.26407734,-0.13560747,-0.95914334,-0.1192387,-0.9150815,-0.4783825,-0.19699055,-0.6977958,-0.08892066,-0.9778204,-1.2831992,0.40810362,-0.3688028
0.6673286,-1.3145195,-2.2667396,-1.1035969,-1.2407205,-1.9851679,-0.54620063,-1.6347069,-0.93097216,-1.2403139,-0.43950894,-0.32493687,-0.88741684,-1.1325514,-0.4089161,-0.17577279,-0.6766035,-1.2769307,0.08057346,-1.5586205,-0.39099225,-1.6120687,-3.1406236,-1.2111694,-1.3899877,-1.7907599,-2.1142323,-1.1329113,-1.5920182,-2.2684672,-0.7399684,-0.8810056,1.7518022,-2.0727673,-0.91326016,-1.7832036,-0.0194685,0.028370557,-1.1367704,-0.11701409,-0.10607607,-1.075638,0.16114542,0.60429066,-1.1833068,-0.25856647,-0.9585359,-1.6261437,1.0494846,0.13920595,0.33242008,-2.2970867,-1.4309306,-0.48924783,-1.8217627,-1.5766144,-0.785155,-1.9108689,-1.2625209,-0.25781366,-0.8007493,-2.1431854,-2.149828,0.20760345,-0.0803032,-1.3930416,0.84483,-0.36548397,-1.4924097,-0.6140076,-0.8970274,-1.3600839,-1.061061,-1.5726277,-0.8507334,-1.373392,-1.2464699,-1.6184384,-0.78562397,-0.6936235,-1.0543182,-1.4020519,-2.0492837,-1.7795714,-1.4478496,-1.2696007,1.4030038,-1.419838,-1.3521664,0.43874353,1.358576,-1.6428266,-1.1119102,2.3953876,0.25720733,0.9808067,-1.0316851,-0.8827352,-0.40543088,0.0581881
-1.3384523,-0.29310787,-1.3579332,-0.17237535,-0.7767817,-0.3249164,0.83891696,0.07451489,-0.9417747,0.121137805,-1.0115287,0.21346669,-2.115095,-1.9095242,-0.7536686,0.17909192,-0.458166,-0.7981032,-0.2039525,-0.99781173,-1.1867565,0.38548756,-1.3665783,-1.0518304,-1.6760603,-1.9754808,-1.1804377,-0.19797143,-2.0162518,-1.1864917,-0.69307554,-0.29082352,0.4667439,0.23209168,-0.72083294,-1.3958291,-0.36675906,-0.23901638,-0.16081925,-0.06478076,0.42326203,-0.8213301,-0.9120267,-0.3777455,-0.8902587,-0.8813045,0.33107793,-0.034885984,0.57023597,0.38330403,-0.60734975,-0.28473398,1.1422875,-0.6040052,-1.4256734,-0.5897953,-0.20400655,-0.5973229,-0.65610826,0.66170913,-2.8978653,-0.398922,-0.8869405,-0.26824886,-0.2753553,-1.2579772,1.0766789,-0.76775175,-0.5067705,-0.67703956,-1.100999,0.33445776,-0.7097746,0.4484188,-0.11206384,-0.9193174,-2.2731423,-1.7308986,0.26967326,0.008256159,-0.4029306,0.4727404,0.039850213,-0.9772956,-1.9930449,-0.08506915,0.98067355,-0.8361927,-0.62399685,-0.06993921,2.016854,0.6959897,0.36211237,0.5585668,-0.3825532,0.14488173,-1.5485041,-1.5912924,0.58735675,0.721163
0.8159784,-1.102435,-1.8659613,0.101302065,-1.5412928,-1.0880984,0.07767482,1.3050257,-0.9422276,-0.88049275,0.75963813,-0.4279121,-1.2425524,-1.1112733,-2.585493,1.7773024,0.108935304,1.1229045,-0.45115477,-0.15619053,-0.86505306,-0.7064268,-2.1797383,-0.83511126,-1.3305562,-1.0427201,-1.2790976,-1.944043,0.16783969,-0.6444398,0.81110466,-0.3508502,1.8066659,-0.026517443,-0.45901188,0.506156,0.9654679,0.524887,-0.8476452,1.1238153,0.6535493,-0.869523,0.5268595,-0.140278,-0.8827499,-0.50807744,-0.405064,-0.17605837,1.300385,0.10960382,1.8223069,-1.7880863,1.0563395,-0.9685178,-1.402105,-0.6890903,1.0154325,-0.64487076,-1.5778586,-0.1457288,-1.9053138,-1.5969906,-1.0645232,0.21011116,-1.0889606,-1.8264422,2.085768,-0.91196644,-1.1793728,0.7482186,0.5121238,-1.1904862,-1.65767,1.4247513,-1.4330018,-2.1124024,-0.96747965,-1.9294037,-1.0417852,0.18329518,-1.4813802,-0.9358619,-0.38742393,-2.2731528,-1.5027765,-1.1026143,0.9790358,-1.3493657,1.2540214,0.6678696,1.3407086,0.06044938,0.9591063,-1.2016375,-0.32004523,-0.13032457,-1.3520069,-1.5008264,1.6954097,0.42060083
2.0202765,-1.6299307,-0.80745405,-1.656966,-1.3775723,-0.41404045,-0.11363336,0.409829,-0.43383515,-1.0522729,-1.4569323,-0.9756869,-0.5397507,-1.2321594,-1.7311008,2.7549965,1.7930759,2.7380452,1.9720838,2.6684558,0.68595546,1.7696514,1.1425275,0.63164705,1.7854474,0.10842348,-0.6147997,-0.23450927,0.051608317,-1.4962199,-0.4024917,1.2174957,-0.5960244,2.0222251,0.68463886,1.0382814,0.78430486,0.1529815,-0.17682631,1.4254414,0.028378919,-0.5461227,-0.67151475,0.2739124,0.6980818,-0.24377654,-0.12543336,0.7512075,0.43554756,0.099572964,0.82957596,-1.3544742,1.0912788,-1.1586931,0.70881724,0.4962777,3.0445125,-0.52721775,-1.77323,-1.8569345,-1.5945785,-1.1591084,-1.8035574,-2.3005714,-1.5834632,-1.5534074,2.0628085,1.277762,1.4675707,2.1055362,1.2519625,0.45030272,0.7994047,0.33874348,-0.44914895,-1.034382,0.7904671,-0.86428547,0.025506085,-0.6018007,-1.0188634,0.9747699,-0.44867605,-0.6343411,-1.135243,-1.2095398,-1.0362335,-0.9175108,0.83105075,-1.671472,0.90830475,0.96422756,-0.39117432,-0.3204275,-0.8692645,0.5618025,0.5300135,0.07913423,0.5658395,0.14818385
0.12795117,-0.5974294,0.0037784344,0.5981357,-0.53967494,0.36393908,-0.42589054,0.43053064,-1.1016426,0.14396217,1.1869675,0.41955262,0.3129767,-1.7771598,-0.7606917,1.3666735,1.6855868,2.2468932,2.4991596,2.3462813,1.5280137,0.33288994,0.62106985,1.0920025,0.29171288,-0.13571194,0.56713736,0.23935284,0.85899705,0.027549481,-0.32815102,1.8763,-0.11058944,1.58855,-0.15410057,1.4854631,-0.0980141,0.4652839,-0.38711077,-0.14282726,-0.5465145,-1.4958204,-0.61817914,-0.21299233,0.1587237,-0.9742403,-0.34997967,-1.0411652,-0.30837336,0.14602487,2.05546,-1.0512344,1.5514228,-1.4629455,-0.5939484,-0.6114581,1.4932834,-0.78099984,-0.6080815,1.2315862,0.7203823,-1.0735403,-2.1417384,-2.3970528,0.59688723,-1.1205714,0.0010885365,1.7427408,2.2002125,2.5533226,1.8612192,0.10166187,0.9330755,0.49805868,0.6113772,0.65615076,0.42712173,-0.8308668,0.707165,1.7397529,-1.5463144,-1.3882039,-0.2591927,-0.69585156,0.027487015,-1.4073222,-0.19756813,1.413163,0.7176667,-1.138275,-0.37706143,-0.14131509,-0.7569557,-1.6368887,-1.0964365,-0.29798412,-0.91523373,0.5621808,0.5342244,-0.35887846
0.33859742,0.5857419,0.20931171,1.2398711,0.6514966,-0.4428109,0.47032875,-0.626211,-0.37193784,-0.59423816,0.053282876,-1.0841932,0.11490291,-0.5155342,-0.8151813,1.7095045,0.8820743,-0.11779675,0.43412945,0.52734274,0.15385589,0.64185256,-0.089755066,0.45544276,-0.16648714,-1.0129894,0.26007453,-1.4624463,-0.22689652,-1.0356028,0.71970475,2.133243,-0.8151458,0.17932263,0.58733726,-0.5092271,-0.38873762,0.7836776,0.2891063,-0.19624853,0.38975373,1.3908522,0.8628992,-0.34680945,0.00015055385,0.62768674,0.011843231,0.7160964,-0.5924862,-0.15503456,0.8093847,0.49857035,1.9765661,1.3946493,0.2985091,-0.66228366,0.39891106,-0.17834587,-1.1713107,-0.442595,-0.8739902,0.71512145,-0.39855078,-1.5878509,-0.22965436,-1.1655705,-0.6660894,0.6658046,1.0386508,0.49789014,-0.25689048,-0.3145281,-0.04447612,0.20765622,-0.16245253,-0.4182575,0.8649832,-0.27479967,0.7765351,1.2553644,-0.04408743,-0.34960756,0.093979,-0.31203178,0.5029993,-0.7242147,-0.9893197,-0.07414545,0.54564077,-0.7650204,0.37074846,-0.14416355,-1.6783444,-0.8215602,-0.012563088,-0.41382143,0.47820756,0.9595466,0.552289,-0.12040781
0.029480135,0.25394347,0.035523303,0.5717714,0.07929498,0.03052004,0.16198462,-0.81005824,-0.41144472,-0.540933,-0.96615475,-1.3780272,-1.2968862,0.32750937,-0.7023646,0.30929488,-0.7342868,-0.84805775,0.058511794,-1.2506099,-0.12758829,-1.722336,-1.6051018,-1.3701563,-1.179136,-1.3002319,-0.6282914,-2.2618845,-2.3160045,-0.77974266,0.5336713,1.8511885,-1.3551977,-1.5634027,-0.76076674,-0.87138,-0.65559113,0.9165517,0.70178306,-0.26172522,0.6065084,-0.066022955,-0.16396606,0.019681182,0.2806481,0.4208527,0.083085895,-0.11631416,0.1772949,0.04890411,0.8027289,0.14378242,-1.9818197,0.3816049,0.14021932,-0.3804428,-0.7134118,0.18814532,-1.478043,-0.1264084,-1.4177796,-0.6885592,-1.010951,0.060810845,-0.5559739,-1.8164693,-1.0262635,-1.060055,-1.6681094,-1.07981,-1.0335828,-1.9302875,-0.88776696,-0.79305667,-1.4532293,-0.7560031,-1.0778595,-0.37389368,0.93150705,0.16382502,-0.52172697,-1.257425,0.1605697,-1.6589527,-0.27644733,-1.0989271,-0.37032282,-1.316706,-1.1193061,-0.03450132,0.16492733,0.06867817,-0.377578,0.5119358,0.24885485,0.48634633,-0.24377982,-0.44732055,0.30023208,0.034057084
0.3184377,0.8538888,0.31353983,0.2680266,0.9817315,-0.04061232,0.81964296,-0.018154323,-0.308636,-0.034959942,1.7327383,-1.9309185,-0.00038406136,0.75110215,0.80569017,-1.094611,-1.0461968,-1.3293098,-0.16850974,-0.08661808,-1.3560642,-0.224886,-1.5519586,-1.4455878,-1.4613811,-0.90264565,0.7992529,1.2988446,-0.4668954,-0.825459,2.0949225,1.6366298,0.05794325,-0.975288,0.43574065,-0.2685249,0.023403171,2.5882478,-0.011101692,0.76621044,1.355367,-0.75545526,1.8356745,1.1582971,0.37542623,2.0876863,0.7408446,-0.037014484,0.41415766,0.49159017,1.5962186,1.3335086,-1.1791188,1.2994462,0.24151383,0.4552525,-0.7113598,0.72736466,-0.92547655,0.18996266,0.13969201,-0.19297598,0.67640257,1.279485,0.65672696,-0.7128397,0.06327751,-0.75496566,-1.376659,-0.9158183,-1.2470303,-1.7805576,-1.1815461,0.73712754,-1.9110982,-0.534411,-0.20351803,0.33471105,0.5589291,0.26505825,1.0273681,0.68442374,0.40142393,0.22036698,0.8714079,-1.1460391,1.4070258,-0.057519957,0.21728598,1.5598099,1.0410924,2.0346692,-0.16600706,0.05247519,-0.024634525,1.46437,0.21559979,0.2911302,0.75572723,0.7920613
0.57505834,1.3788418,0.46954572,0.44948712,0.15770462,0.28316665,1.2648363,0.7138879,0.61492944,-0.8503568,-0.062244456,-0.37474623,-0.3231835,1.4777852,0.057158772,1.3595548,-0.41246253,0.16344243,0.44934627,-0.030893378,-1.7074409,0.83087915,0.04282103,-0.6836929,-0.4567287,-0.426026,1.1420364,0.13471247,0.09375272,-1.4533563,0.45931983,1.4813224,0.6030298,-0.083427176,1.6907915,0.75008816,1.5730546,0.88825047,1.094447,1.4420451,1.3085641,0.49581298,1.0330508,0.97819793,0.46390986,0.8251615,0.6223324,0.64983475,1.2675344,1.2479616,0.8950872,1.2281874,0.17813368,1.8940132,-0.26394045,0.2136474,0.3495513,0.3840852,-1.6284412,-0.9777415,-0.9852008,-0.06960698,0.33631307,1.3280337,0.0012903136,0.7720415,0.35190517,-0.73149836,-0.23618896,0.104703784,-0.82017463,-1.5870763,-1.2643479,-0.25381038,-1.6332324,-1.4031442,0.54681146,-1.0332427,-0.55386835,-0.8018207,0.91837275,0.41823322,0.024828553,0.4765045,-0.07217795,-0.16132177,-0.20778725,-1.5156156,0.132598,1.3287463,0.39314035,-0.85291666,-0.0815403,0.9947874,0.70373505,0.76903576,0.73557633,0.94808435,1.0555323,0.45273212
0.40652516,0.43146005,0.507327,1.0865178,-0.42570066,0.66300833,0.7589567,-0.0258598,0.071566224,0.44662753,0.5149395,-0.41381615,-1.0182892,1.2181032,-0.25958887,-0.41199377,-0.10907549,-0.94806117,0.21084636,0.4990495,-0.080272704,-0.2533523,-0.548783,-0.022721257,0.89713013,-0.41143626,1.0099295,0.3990511,0.20265943,0.8391244,-0.20937522,2.179439,-1.4501975,0.84753096,0.10945358,-0.57157606,-0.12630868,0.8414049,0.4618477,1.2864292,-0.12042299,2.2308521,-0.010756944,0.46910298,0.4462803,-0.6440299,-1.6509068,0.95239097,-0.5418254,-0.46704274,0.11692779,1.7473016,0.21054065,1.2681457,0.2876643,0.75938356,-1.3572439,1.0095634,-0.63916266,0.66282386,-1.2638186,-0.21809259,0.30728713,0.30286375,-1.3462634,0.21062858,-1.4402493,-1.6050261,-0.21169096,-0.52149713,-0.3056087,-1.1922148,-0.96699494,-0.6522251,-0.25296128,0.26766783,1.0721086,-0.767865,1.0240325,0.6311486,1.546569,0.12703963,0.391767,0.31518006,1.339251,0.5154879,0.6122834,0.51845044,0.6872755,0.19566903,-1.337384,0.6248841,-0.74100816,0.35469672,-0.70530826,0.6497632,0.74069214,2.0472088,-0.6552195,-0.29635
0.06664027,-0.10559483,0.45290393,0.14092195,-0.34384438,-1.0336097,-0.9309763,-0.46913397,-0.500512,-1.1062577,0.7676811,-0.20801306,-0.12381319,0.09824216,-1.1882257,-0.5188047,-1.2245648,-1.6360155,-1.9674855,-0.1397745,0.031248916,-0.7636624,-0.39864287,-0.29791692,-1.0301648,-0.7952104,-0.12388783,-0.67294216,-0.6654555,0.038276743,-0.27475366,0.1622536,0.27327207,-0.31410515,-1.1907629,-0.5137632,-0.795373,-0.29953235,0.5499111,-0.0639558,-1.1815813,-0.26354802,-0.51579124,-1.2442898,-1.3637285,-1.522009,-0.9144326,-0.5620615,-1.5692277,-1.1984469,0.27865788,0.45622227,-1.4583355,0.9511866,-0.49485022,-1.1287857,-1.4430857,0.49989542,-0.374896,-2.029467,-1.7381871,-0.0047873184,-0.21898255,-0.4037389,-1.986486,-0.9805376,0.08904627,-1.948605,-0.018572396,-1.5659964,-0.93521845,-1.1857226,-1.8350813,0.72767746,-0.32803285,0.28889182,-0.5338418,-1.3222024,-0.2231971,0.06764329,0.95573294,0.5777697,-0.8550133,-0.65707695,-0.051997468,0.8145433,0.7266294,0.1250968,-0.03726976,0.42912915,0.70959157,1.2652568,0.99322927,0.19338915,-0.5413195,-0.9391405,-0.48978525,0.4307836,-1.4452612,-0.93801844
-0.5526084,-0.7326988,0.61303085,-0.8065832,-0.030028382,-0.3475514,-0.446772,-0.74493086,-1.2590789,0.5606364,-0.8199373,-1.4872383,1.2035565,-1.2572869,-1.2166443,-1.365442,-0.07674258,-1.1301761,-0.07106269,-1.0345671,-0.86288595,-0.4425267,-0.8363149,-0.31456363,-0.44709012,-1.1290792,0.5765833,-0.54823375,-1.0140686,0.66180736,0.1918149,1.8792416,-0.4042661,0.05120298,-0.1956467,-0.7358277,-1.2112678,0.53233093,1.71609,0.57188475,-0.5089997,1.2264197,-0.37595508,-0.9150563,-0.21795525,-0.18351315,-0.86538583,-0.11631363,-0.7166697,-0.97868615,-0.22689423,0.92312425,-2.1091135,0.28118098,-0.12032512,-0.56655157,-1.3307371,-0.05098973,-1.7031157,-0.8187327,-0.8954938,-0.3406401,1.252002,-1.2280596,-0.61368424,-1.6712422,-2.1294374,-1.9415663,-0.9305093,-1.6567707,-1.1146517,-1.0701168,-0.4580831,-1.2596769,-1.0438929,-0.5565256,-0.26447195,-0.93996286,-0.35886154,-1.2347058,-0.35535702,-0.0202507,-0.19844998,-0.18298583,-0.19073017,-0.061417993,0.107213,-0.06728017,0.2677289,-0.2011857,0.100227624,0.3642948,-0.30360883,-0.65288955,-1.7546943,-1.1593245,-0.32444614,0.46701482,-0.67551076,-2.2142189
0.3461485,1.4718114,0.75905466,-0.40758115,-0.30734128,-0.59047115,-0.32254097,-1.0102885,0.18203308,1.5544403,1.4787102,0.25853553,0.10674898,1.4502842,0.3832583,1.0488422,1.1192107,-0.8062905,1.5746047,0.30315804,-0.2089026,0.7130878,0.7706019,-0.025537482,0.8161104,0.47915184,0.21228202,1.1334763,0.416736,1.9771895,0.5320818,0.52337635,-0.5306988,0.023196548,-1.1461767,-1.5427321,-0.3146946,0.72342485,0.0946787,0.18189327,-0.8750824,-0.34301853,0.21389233,-0.44349673,-1.0088212,0.14654757,-0.60779643,-0.44410968,-0.5430462,-1.2207927,1.112737,0.8273989,0.69086033,0.15765318,-0.3180163,0.26212904,-0.65241337,0.66060525,1.4505353,0.540522,0.8665478,0.21518266,0.21319349,-0.6168969,-0.8678428,-0.6116789,-1.3093289,0.8717149,0.60202414,-0.51857495,-0.50303763,0.38746873,0.38007262,-0.14033104,0.5492668,0.67961454,-0.8620829,0.6980103,0.3869059,1.3139051,-1.2590544,-1.2776636,-0.21247947,-1.1814121,0.43692356,0.5406871,0.017477376,0.2977075,-1.5190753,-1.2164408,-0.537583,0.06503305,0.16677724,-0.7892001,-0.71195495,-0.93883383,-0.47636008,-0.17816846,-1.1220673,-1.6182884
1.0668364,0.29922992,1.8641183,0.8226633,1.3860676,0.4554399,-0.9754218,0.8348181,0.5667752,1.8385402,0.9985926,0.56164473,0.0772571,2.0981147,1.54787,-1.5865402,-1.7071605,-0.81203425,-1.1356049,-0.4288334,1.1194444,-0.86756206,-0.8316985,-0.30069166,-0.010690148,-0.23854414,-1.27092,-1.5318786,-0.3565456,-1.1246397,-1.0864336,0.8356065,-1.4069786,-1.6382585,-1.0849278,-0.20276448,-1.0708257,0.15740141,-0.84046865,-0.69410574,-0.91597086,-0.9254066,-1.934029,-1.3584828,-0.7900618,-0.9598689,-1.7179091,-1.600317,-1.4807616,-0.8114712,-0.54583013,1.4269679,-0.14712402,0.5204923,0.586107,0.4533564,-0.04519555,0.52577025,1.1524004,1.1084696,0.67166835,0.4500769,0.6761667,-0.81725335,0.42498153,0.68343055,-1.7517067,-0.5908046,0.10518859,-0.547736,-0.47624338,-0.5608689,0.6614994,-1.74922,0.9279463,1.1084236,-0.36587784,0.92555666,0.8054927,2.80581,-0.38122907,-1.3848486,-0.6480675,-0.10814345,-0.7041948,-1.1721395,-0.90455616,-0.29178008,-1.5859573,-0.42938054,-1.5956441,0.5210581,-2.0612783,0.5741498,-1.570934,-1.0945863,-1.2252388,-1.2559701,-1.623478,-1.1409582
-1.0548288,-0.8566348,-0.5149712,0.09171482,0.10762096,-0.7539838,-0.83371377,-0.258359,0.23962083,0.8519284,0.149177,-0.032156166,1.0716496,0.6794302,0.1923552,-0.9028568,-0.13060403,-0.31238073,-0.110249445,-0.59089684,0.60323787,0.12068084,-0.06085926,-0.07542396,0.7734913,-1.6105,-0.7666178,1.0375044,-0.28178716,0.41252217,-0.07769849,1.1038557,-0.6343914,0.023545153,-1.0609367,-0.40366182,-0.52299505,-0.2969477,-0.8555093,-0.42744458,-0.975126,0.12219468,-1.0627519,-0.39457202,0.9152319,-0.6493329,-1.5109588,-0.6548171,-1.9617187,-0.7174401,-0.2649297,0.19907913,-0.093640774,0.43506023,-0.110960595,-0.14760889,-0.998182,1.1557245,1.3323206,1.1467324,-0.6815502,0.7595766,1.0441917,0.4750174,0.6479891,2.2863526,-0.92807406,-0.13160586,0.223258,-0.5243676,-0.94636345,0.021889644,2.665558,0.37090018,0.7985664,0.16548282,0.64722115,0.5415046,0.3176971,1.1158113,1.0710821,0.5495049,0.9383995,0.9540922,-0.24400175,-0.23389427,-0.53579605,0.20301902,0.12648739,-0.49447057,0.09342014,0.3639968,0.7602288,0.91567963,0.23151036,-0.94286793,0.5081285,1.1048563,-0.5283691,0.11380362
-0.0518129,0.5254904,0.52708226,1.0375508,0.23617432,-0.27808267,0.7081973,0.6399602,1.287384,0.95145214,-0.7563496,-0.7912369,-0.63041806,-0.4168538,1.0704467,-1.0318962,-0.7033244,0.084370926,-0.610265,0.4897053,-0.42580378,-0.82934195,0.12844215,-1.1548575,-0.54591054,-0.2919382,-0.2958863,-0.7159973,-0.6958871,-1.3593421,0.24081396,0.94424427,0.73455715,-0.6390614,-0.871213,0.7894935,1.0670147,1.9704622,0.62431604,1.8427464,0.21631241,-0.26583663,-0.21261062,0.63866067,-0.5276955,-0.2413502,-0.028190447,0.5470615,0.19658822,0.42816702,1.0106288,0.88338983,-1.5656854,-0.33607185,-1.047079,-0.5543044,0.16777577,0.13041745,-0.39566585,0.19709346,-0.9218247,-1.2373081,-1.8503679,0.055064104,-0.5715302,0.5877243,0.8254545,-0.93926203,-0.39924735,-0.02843544,1.0907887,-0.15337162,-0.4317312,1.0468107,-0.34611624,-0.57023674,0.610959,0.21195982,-0.54590625,0.8111331,0.74138975,1.442508,0.08939059,-0.018417764,-0.6187289,-0.8833833,-0.78345436,0.44682863,1.3815585,-0.904588,-1.5140342,0.8570224,0.2030945,-1.4117585,-0.4026405,-0.52258146,-0.083829,0.13019942,1.0951598,0.060077976
-0.89725375,-0.57618684,-0.47715393,0.093588315,-0.74476075,-0.6800333,0.074921355,0.87557787,-0.07200568,0.009266244,-0.27342868,-0.30878696,0.5833692,0.9029608,-1.0599296,-0.04299697,-0.8094389,0.18024077,-0.43853644,0.3887688,-0.12526588,-1.7207444,-0.71656466,-0.63212913,1.296304,0.11536873,0.9837957,0.55457306,0.71153694,0.5143237,0.49235845,0.56475323,-0.39522853,0.013905145,0.6725963,0.7035198,-0.36477324,0.25968143,-0.014263315,0.84942424,0.27822912,-1.9528284,0.4326022,0.36726916,0.4503992,0.0002236047,0.11455549,-0.18731846,0.5307565,-0.26451945,1.4298835,1.243635,0.27215403,0.6898337,0.080307946,-1.3203799,-0.3865667,0.5251383,-0.41640452,1.0090799,-1.1083925,0.27451572,-0.34476998,0.116002604,0.98029,1.4673604,0.6441005,-0.41170487,-0.4683604,-0.18358971,0.4936836,-1.1014614,-1.4113287,-0.13981293,-0.45067444,-0.97531337,0.6641555,0.09075291,0.12824227,1.2021465,-0.45868134,-0.36954153,-0.46100435,0.83733493,0.31353262,1.2206228,-0.13278702,1.022046,0.25643712,-0.39533797,0.02185879,0.12287543,-1.425831,-0.834541,-1.3718748,-0.1017603,0.0953392,1.3329713,0.5605421,-0.059598465
1.5971131,-0.4395182,-0.036140762,0.4551947,-0.8975035,-0.80780125,1.1101253,0.8086561,-0.43446368,-0.5488798,1.4327134,0.8191671,-0.3058942,0.46085104,1.2053895,0.25672078,0.67996514,1.4961777,0.3266597,1.3099132,0.14986056,0.27713862,-0.3470326,0.58090824,0.6875558,0.44082132,-0.26056233,-0.3255591,0.17789254,0.34139568,-1.3797634,0.23953305,0.0011879923,0.3066145,0.41960832,0.6654852,0.9268191,0.4095692,-0.9519481,1.0508337,-0.6973085,-0.3481403,-0.7526933,-0.02925736,-0.18964237,-0.70593953,-0.09060248,0.46722686,0.65405035,-0.34466925,-0.6831336,-0.50109196,0.10752929,-1.0781521,-0.34817186,-0.21682982,1.3262966,-0.14678729,-1.0226039,-0.9280257,-0.7573224,-0.4646156,-0.49875543,-0.1014484,-0.5156556,2.297632,1.0233504,-0.6709625,-1.0642984,0.808638,0.07133686,-0.41828826,0.054042418,-0.16422513,-0.6505458,-0.15367748,-0.36498892,-0.6276765,0.8818943,-0.57454073,-1.0293568,0.26057217,-1.4808103,-0.715497,-1.3134943,-0.63761216,1.2927704,-0.21471578,0.21869305,-0.7034405,0.5164044,0.2436597,-0.8788623,-1.895454,-1.8829777,-0.41131076,-1.6376108,-1.1911964,1.7559458,-0.15528904
1.2941105,-0.35930574,-0.24296084,-0.07890242,-0.57647866,-0.4266364,0.5298498,0.2874122,0.26551273,2.2186172,1.1108196,0.63653356,0.0822469,-0.44858822,0.7879765,-0.41512433,0.013447002,0.4490887,0.54946846,1.0794705,2.122701,-0.5048691,0.6357019,-0.41125298,0.47331285,0.7057313,0.5477261,-0.47321442,0.4632037,0.11914062,-0.06336846,0.58361644,-0.28462192,-0.24095173,-0.64259803,-0.37081492,1.8292483,0.43665966,0.2504447,1.4557396,-0.61564046,0.7129186,-0.32016924,-0.24608217,0.0841463,-0.8108249,-0.016280476,-0.69135743,0.012525139,0.18395136,2.1791878,-0.021520276,0.645647,-0.86789805,-0.5680609,-0.40779305,0.5180761,-0.074606426,-0.0962709,0.03561109,-0.5270356,0.15957011,0.05908387,0.12786503,-0.3163099,0.7578923,-0.49598882,0.76343125,0.3001186,-0.36797822,-0.57228905,0.8708299,-0.6469334,0.07787142,0.28230464,0.8489641,0.5897955,0.08403609,-0.21996483,1.13849,-0.0038342953,0.026565151,-0.043865137,0.2682851,0.6777785,0.5472072,0.045192122,1.2358966,0.77111983,-1.3579631,0.9456092,0.41900477,-0.17033315,0.10299492,-0.6703628,-0.782825,-0.35150522,1.3964657,-0.2621673,0.3454929
0.58211225,-0.6256952,0.41106093,-0.74985516,0.0512704,0.25666937,0.64063454,-0.2528253,0.6246024,2.377919,0.20537604,-0.030547233,0.6310071,0.6609897,1.0405878,-0.23014975,-0.27576545,-0.06092028,1.2360126,-1.3980428,1.2444096,0.35986525,0.45936713,0.113206714,0.8968912,0.63897264,-0.4746379,-0.06551948,-0.6206204,0.34701127,-0.12148597,0.846694,0.601369,0.6351712,0.4739861,-0.5736448,0.0705967,0.7555267,2.0347474,1.6112093,0.15730122,-0.20118861,0.027746832,-0.5818342,0.2450067,-0.7124307,0.024614464,1.1763797,-0.17348877,-0.5331251,-0.8511936,0.3394019,0.1789892,-1.2354239,-0.02495188,0.5412647,-1.2178227,-0.013567752,1.1490206,0.8533444,-0.47377476,-0.5898572,0.47882557,1.5958605,2.0352619,0.6879818,-0.11005945,0.6008838,-0.40252405,-0.518696,-0.23845984,1.1684992,0.8053431,0.53479457,0.16707341,0.48034605,-0.13966137,1.3766254,0.05991586,0.96983176,0.6453403,-0.24648604,0.83291554,0.93994313,-0.26872003,-0.21677096,0.68274355,0.08974535,-0.26563734,-0.3916277,-0.8721237,-0.5647918,0.21065184,-1.1244215,-0.31212595,-0.85911584,0.18375662,0.92788446,-1.1201637,-0.7238375
-1.1190752,-0.9413844,-0.92012316,0.40491885,-0.9391177,-0.44376114,0.15375258,-0.40247405,-0.21233225,0.30928358,0.3717419,-0.9345377,0.35887277,-0.40461242,0.13224599,0.38583246,0.043633465,0.38184828,-0.2582134,-0.23923247,-0.45326814,1.3064444,-0.5730423,-1.02905,0.6867764,1.5577528,-0.8880254,-0.55013585,-0.99091923,-1.0580745,-0.78554034,1.1646013,1.4586153,1.8347045,0.2157574,-0.66043085,-1.3189185,0.33913374,1.6535683,0.48883325,-0.24291547,0.47442496,0.11279575,-0.8903464,0.08975819,-0.788348,0.9747745,-0.011659145,-1.280402,-1.6596645,-1.6800735,-0.8489872,-1.1648914,-0.5968662,-0.02644786,-1.431338,-1.0415546,-0.1860856,-1.1101226,-0.2962358,-0.6657429,-0.61069787,-0.11549166,1.7476544,1.0425966,1.3963519,-1.5109773,-0.09780114,0.7781258,-0.037424274,0.40806568,-0.35122028,0.7387729,-1.8906443,-1.5242592,-0.040844202,-2.4353876,-0.022365058,0.23291515,-0.47626698,-1.7423469,-0.17030501,0.45919278,0.6866306,-0.6927246,1.3590467,-0.20831785,0.016323667,-0.45019424,-0.7112302,-0.52832776,-0.06327865,-0.53463477,-0.5712945,-0.74720293,-1.7497517,-1.260225,1.7152085,-1.2418753,-1.2527161
-0.5258253,-0.8915815,-0.66414183,-1.3779448,-0.16593608,0.60302544,-0.5655999,-0.285749,-0.4982045,-1.0225714,-0.16786455,-0.19837125,-0.82307315,-1.490855,-1.0676533,-0.8803091,-0.68723136,0.13330281,1.1662081,-0.098371916,0.36799744,0.4452288,0.7869862,-0.7563575,-0.92284936,1.3147113,0.042443268,0.29507673,0.54328585,0.32513058,1.1505922,0.3149187,0.7334126,1.9648592,0.835948,0.110304,-0.3951014,-0.21515186,1.1471832,1.2788999,-0.12191641,1.3333776,1.0739077,-0.9796967,0.34734264,-0.21977876,0.11109667,1.3597299,-0.7328814,-0.31676778,1.2449157,-1.0745785,-1.1933107,-1.1941876,0.040509574,-0.37218496,-0.76864773,0.045181178,-1.6158531,-1.888067,-1.442988,-1.0227196,-1.2339581,-0.95770156,0.17569405,0.33424088,-0.5663702,-0.08759802,0.28486952,0.3339308,-0.7585105,0.23513997,0.2553174,-0.48002675,-1.0728478,-0.10140435,-1.137656,-0.71599156,1.3520246,-0.039966743,-1.1983941,1.7784604,0.6602617,0.8719005,-0.47930932,0.95454484,0.8782704,-0.021175832,0.5008447,0.16428736,0.46197802,-1.1626682,0.21914627,-0.678253,-0.41804644,-0.99747056,-0.44726047,1.0045708,-0.9753023,-0.16098306
-2.9583867,-1.999037,-1.138633,-0.9234639,-0.45920208,0.18231909,-1.5403146,-2.0556333,-0.939898,-0.6276552,-0.35516468,-0.10049866,-0.9511938,-1.5183916,-1.3059238,-1.7269452,-0.39662895,-0.26469755,0.69245166,-0.22934619,-0.32515416,0.7964646,-0.42669767,-0.15285055,-1.9292556,-0.7442362,-0.30918133,-0.48194832,0.0061019347,0.08160681,-0.16078754,1.0725826,0.66318685,1.0175381,1.5711918,-0.2356047,-0.6784081,-0.19932397,2.1876376,0.7710232,1.0409653,-0.27583545,0.9522271,-1.0262505,0.25659737,-0.638447,1.766153,-0.018611459,-0.15017888,0.068873145,-0.07816593,-2.021161,-2.2613852,-1.5068393,-0.76473963,-1.3636154,-0.6198602,-1.3952305,-0.7944032,-0.8692271,-1.0062969,-0.7798269,-2.1772013,-1.2825089,-0.33467335,-1.4714147,-0.35093677,-0.8874878,-0.8307703,-0.66047174,-0.62239516,-0.5664041,-1.0631268,1.1081946,-1.1176379,-0.16378608,-1.0571871,-0.313169,-0.3457728,-1.037169,-0.36413848,1.3086739,-0.16701098,0.9123241,-0.4875393,2.2135015,-0.98732406,0.28490093,0.28158894,-0.45209554,-0.16364005,0.21288404,-0.3950213,-0.5824608,0.45015937,-1.3226509,-0.51040906,0.5561703,-0.7014797,0.54101074
-2.4684772,-0.918883,-2.0823722,-0.8951229,-0.5204993,-0.15476456,-0.186917,-1.7086184,-0.21937457,-0.28047565,-0.79271495,-2.4675937,0.1499299,-0.37459448,-0.31870884,-2.0004046,-1.0402522,-1.0126334,-0.6863635,-1.4328884,0.28440073,-1.268182,-1.1842388,-1.4259044,-0.05152999,-0.9139497,-0.47418392,-1.1587466,-1.065786,-0.57630426,-0.15124372,0.70438766,1.5272156,0.17077544,-0.07832337,-0.57837456,-0.3959779,1.5966822,3.1535776,1.1784383,0.72999847,-0.72022754,1.4166204,-0.27179027,-0.007927948,0.17023873,1.3301415,0.67688745,-0.22321394,0.28271317,-1.9534144,-0.8214537,-2.164705,-0.87355435,-0.9729735,-1.3409356,-1.0023816,-0.4226833,-0.06475602,-1.1365188,-2.3026204,-0.25647208,-1.2582519,-0.6340856,-1.1336901,0.013732043,-0.86416334,-0.82691544,-1.2920398,-1.503083,-1.1908007,-1.1747978,-1.1537284,0.19527583,-1.0132737,-0.3171973,-0.86850005,-1.1057932,0.5116399,0.15359715,-1.8287935,0.7083162,-1.1512401,-0.8588924,-0.49909854,0.49482977,0.5269602,0.39716235,-0.019404575,0.675468,0.34522972,-0.6837271,0.29220238,-0.018281758,0.27557233,-0.4326051,-0.24848159,-0.070566796,-1.040404,0.60577464
-1.9248993,-0.6435064,0.22952132,-0.6231626,-0.486419,-0.14425926,-0.94719595,-1.3737875,0.2992238,-0.16949378,-0.16896464,-0.7292499,0.79009134,-0.6994915,0.5666621,-1.4895005,-0.71981215,-0.2558247,-0.2964159,-0.7489025,0.99264026,-1.2396156,-0.41113046,-0.7098079,0.05676898,-0.19793223,-0.76055807,-1.9386744,-0.6379452,0.11301079,0.013976715,-0.1444691,-0.5421051,-0.8291661,-0.9135999,-0.7299226,-1.2752995,-0.49907604,0.1630212,-0.007374181,-0.43989432,-0.21698421,-0.7246654,-0.8902996,-0.4591076,-1.4099005,-0.38165858,-1.2066262,-0.81531787,-0.89106536,-1.2479477,-0.15723965,-0.774983,-1.1618519,0.055527613,-0.42103586,-0.6532952,0.48789504,-0.49343836,-1.358766,-0.45256355,0.8103968,-0.07709142,0.5681514,-0.21829785,0.26435056,-0.90907645,0.31607336,-0.16710202,-0.6535477,-0.3255039,0.27687353,0.3219567,1.5474765,0.10696423,0.11771855,-1.1169063,0.79280233,0.5046532,1.1460643,-0.25098363,0.8491162,0.8259506,0.4764279,-0.39865434,-0.16110456,0.24938588,-0.5043776,0.2577599,-0.19536863,-0.3705136,-0.19509473,0.5783856,1.1406956,2.1695228,-1.1596885,0.46764854,0.53956646,-0.657603,-0.023989439
0.8575559,0.108267784,-0.29277065,0.73869,0.07229468,0.09643223,0.17136356,0.17171289,-0.07013296,-0.3807855,0.8379964,-0.6332166,-0.43151045,0.6554726,-1.0976995,1.3534807,0.34196562,0.185334,0.18810649,0.81006306,0.25042495,0.0121378545,0.2518825,0.028554179,-0.6422895,0.72770673,-0.75351787,-1.3900385,-0.37310433,-0.3318479,1.111571,0.7175263,-0.07260521,-0.029943677,-0.71106446,0.9861386,0.25904137,-0.58870214,0.47384208,-0.42956808,-0.47251874,-0.2093035,0.22127442,-0.99939704,-0.62891805,-0.7210942,-1.3338418,0.35090622,-0.58199406,-0.037736982,-0.043251533,-0.16470397,0.45377806,0.7866256,0.2720911,0.20140058,0.5274182,1.7182857,-1.5678917,-0.6235646,-0.8781889,0.033422984,-0.86297506,-0.08060333,-0.06624537,0.6962329,0.47109342,-0.3785238,-0.0888993,0.6220763,0.35748208,-1.0136611,0.08996579,0.5236086,-0.45359498,-0.86072373,0.07769326,-1.1449745,-0.35446805,1.4424418,-0.6265879,-0.24604525,0.60189503,-0.41823453,0.5032949,0.303286,-0.61746985,0.10282074,1.0614827,0.7817008,1.2234704,-0.53114784,-0.0930723,-0.08868235,0.48990026,0.5318482,-0.012662213,-1.3226266,0.095306486,0.19789247
0.76734734,0.64066947,0.40444243,1.1435301,1.5079603,0.33203977,2.0077398,0.5311417,2.0469205,-0.6128938,1.2652276,-0.69982785,0.83889866,0.19519049,-0.29751295,1.2681301,0.1309215,1.5241207,1.1694772,1.2242177,2.307673,0.6215885,1.0979774,1.2438229,-0.048859406,-1.6170181,0.41447872,-0.11567297,0.90871257,-0.65844864,0.11163761,2.2288568,0.40076527,1.2115223,0.79481274,1.9182822,0.063609034,1.6395857,0.9229931,1.3672956,0.43828458,0.6288347,1.5294713,-0.5500459,-0.0063715116,0.81248856,1.8089417,1.332175,-0.31499514,0.4681029,0.83616006,0.0842042,2.0498424,2.9007711,0.7699096,0.93033487,1.5423896,2.444428,0.54171264,0.11475151,0.8296985,1.0285662,-0.057210963,-0.7578374,0.9418687,0.8962468,0.7589787,-0.46848482,0.9434484,1.8891468,0.32995266,0.5328535,-0.9331259,1.2475537,-0.47020885,0.01993109,0.4785719,0.6003831,2.3929956,2.3591003,0.45284316,0.5838762,1.6732544,0.044116277,0.534752,2.9352477,0.7677684,0.13261625,1.5144795,0.94989955,0.84286785,0.70592445,1.7623473,-0.07656008,1.5759186,0.628244,1.2574505,2.0618854,0.27191317,1.208887
-0.8342816,0.8404625,0.9846839,0.69188505,2.3642542,1.0293941,1.4416295,0.8025929,1.3649615,1.1821157,0.14505748,-0.7110998,0.47451565,0.80762,1.8546991,-0.49092206,0.08962186,-0.19241007,0.45658526,0.91933554,1.1029872,-0.13630064,-1.1480538,0.45865774,-0.100207336,0.59123874,-0.50188667,-0.41376817,-0.8205488,-0.280392,0.33367145,0.5424646,0.39393386,-0.16006735,-0.2594187,-0.52695185,0.32655028,0.22421582,0.27568525,0.46333832,0.44023725,1.3389326,0.79298806,0.7398952,-0.803271,-0.13837206,-1.26344,0.7623156,0.278743,0.19654156,0.07278056,0.50157213,0.53316545,-0.43036172,1.3497828,0.46530315,-0.8634583,1.2209812,1.063871,1.2677373,-0.5095686,0.4425194,-0.9186346,1.1606747,1.7652295,1.0559651,0.45689055,0.0975749,-0.59739923,0.597591,-0.29022714,1.0820328,-0.024665982,1.2675246,-0.83854246,0.14939125,0.004298821,-0.64214665,0.03360996,1.2670889,0.7184085,1.8956612,0.89269876,0.63718724,0.037318207,1.51512,-0.5248156,0.25970396,0.43822235,0.63799673,0.44314754,1.1316987,1.1562997,2.020611,2.0300155,-0.3599597,0.8336181,1.5063868,0.026241459,1.3509827
0.32960108,0.16035378,-0.7504441,0.44602174,1.1140331,0.01640823,0.6965654,0.74530566,1.1888884,0.22933955,0.71862304,0.28488553,0.059059124,-0.24728286,0.55950934,0.23191565,-0.14464238,0.58326566,-0.7107326,0.8682044,0.6925582,0.58831334,0.14650823,0.99403006,0.62047994,1.142781,-0.30996987,0.31853962,-0.09317984,0.04174427,-1.0624838,0.28997046,1.6305013,0.70337164,0.18922049,0.6680565,-0.70286596,-1.2227614,-0.4162134,0.14373791,-0.28244025,1.606059,-0.41442657,-1.0876464,-0.7423696,-0.13059102,0.5535175,-0.26064616,-0.20849319,-0.73920566,0.8000674,0.6390739,0.95622706,0.19879687,0.62111616,0.13783072,-0.84387887,0.4305107,-1.3027756,1.8974723,-0.17198353,0.0139704,-0.47022155,1.450146,-0.26836324,0.6683646,1.7887523,-1.0575366,-0.024274213,-0.15426843,-0.47878623,1.0104457,1.3645843,1.3424433,-0.10866862,-0.7734398,0.13894036,0.098895,-0.98591894,-0.41009036,0.92866445,0.95457995,1.1681752,1.5826778,0.5726484,0.7670194,1.5764321,-0.075852536,0.6484187,1.1422889,1.6821712,-0.7355063,1.1699998,1.0336457,1.5127568,0.041398976,0.7961836,0.7429681,0.43686005,0.20705129
1.2871342,1.1231117,1.1206108,1.1423748,-0.8712912,1.2762165,0.90650135,1.355459,0.99587625,1.0730028,3.0492203,1.3150716,1.4184055,-0.2671826,1.2371912,0.8840958,0.23281395,1.92251,0.23648013,1.1379129,0.25280628,0.5284649,0.42249525,1.0212574,0.43835923,0.505433,0.28906736,0.9706034,1.1916921,0.34509122,-0.19101782,0.1574163,0.15926628,0.53509545,0.25742075,1.8959147,1.0850548,-0.21413423,0.951148,1.1434141,-0.86633545,0.24604575,-0.40488276,-0.31680223,-0.3668064,-1.0963192,0.43864504,0.8414818,0.343193,-0.23957047,0.023660261,0.41755825,0.594538,-1.1452878,1.2740798,0.7172267,1.0906948,1.9492018,0.6501945,1.5668716,0.9539881,0.8688682,0.30927855,2.0176735,0.4988079,1.6422893,1.1604854,0.69185174,0.7901595,0.9618552,1.4848537,0.9679157,0.46967566,1.1790383,0.5914402,0.11929214,0.63842183,1.1761788,-0.15322845,0.50993854,-0.7726503,0.4200725,0.49855494,0.5923001,-1.0840318,1.9604899,-0.52989584,0.3118157,1.0902907,-0.94750434,-0.3854519,0.974918,0.43226776,-2.083062,-0.12589954,0.5122171,-0.47899908,0.30397186,0.36539435,0.10511148
-1.1663809,0.95154214,1.0044066,0.6241257,0.7639245,0.64172477,0.079404,0.121216886,0.61427516,1.262052,0.7040145,1.914442,1.4289829,-0.15604256,1.6704887,-0.003406036,0.058785807,-0.48356044,-0.33765623,-0.50569534,-0.49107927,-0.7672866,-1.5081458,0.90220565,0.3900686,1.216215,-0.43310934,1.2263676,-1.1721298,-0.21092364,1.2987546,0.73965317,-1.423782,-1.2343205,-1.8487448,-0.13376619,-2.4160483,0.5598333,-1.4846213,-1.2049884,-2.2160609,0.6552116,-1.7892232,-0.43233272,-1.2752773,-1.2388384,-1.4316822,-0.64184445,-1.1801512,-1.4759938,0.80113786,1.7501726,0.26614857,0.35721874,0.90865123,-0.55272907,0.60499495,0.8909561,0.6018637,0.40957043,-0.045602538,1.1327981,0.6480015,0.68723536,0.7441786,0.60914147,-1.0374484,-0.20610513,0.7868387,-0.12100339,0.14349273,-0.5718932,0.46016905,-0.09800088,1.1309086,0.23635325,0.69237584,2.2199547,1.3803107,0.14245436,-0.19804493,-0.57481056,0.04065904,-1.4279588,0.29008296,-0.5618894,-0.3647634,0.7666198,-0.7464859,-1.2631803,-0.4200002,-1.6875936,0.3054171,0.2369,0.58714694,0.022550754,-0.25179338,-1.2293022,-0.563253,-1.4534777
-1.3526752,-0.77562606,-1.0669972,0.5079285,0.2794829,1.3719647,-0.7382483,-0.30277961,-0.56843024,0.0827207,1.0451481,0.82470226,0.18584254,0.86602736,2.2086031,-0.66843194,-0.1640355,-0.9979073,-0.9460276,-2.126575,1.1472856,-0.37850973,-1.002547,-0.043943975,1.5234332,0.36117166,-1.3599924,2.3142307,-0.30399272,1.498477,1.4611863,0.34362447,-1.9671419,-1.649607,-0.59862393,-1.7725756,-0.34024763,0.2795329,-2.050767,-1.5518107,-1.8596765,0.41942352,-0.68048364,0.5476179,-0.07263073,-0.35390496,0.36568287,0.8534119,0.36939508,-1.9360194,1.4539775,-0.7206613,-0.311039,0.22410373,0.64673483,-0.92538136,-1.5465527,-0.7075842,2.398741,0.9011269,1.0343825,0.2542376,1.146766,1.3852715,0.63312066,0.65481997,-1.7464397,-0.35819247,-0.07124766,-1.3518034,-0.712789,0.066427164,1.8170182,-2.3838184,0.93161654,1.765216,0.18999541,0.9500119,-0.6454657,0.5944941,-1.120133,-1.4514959,-0.89292616,0.27684215,-0.8721886,0.17446385,0.4867381,0.96182257,-2.719079,-1.4499972,1.1835623,-0.5952366,-1.2476523,1.7563742,-0.75100726,-0.25970843,-0.3991351,0.42195025,-0.6041736,-2.1573265
-0.47856066,0.058576867,-0.81959975,-0.5020359,-0.091064684,-0.16653787,-1.2819175,-1.2430861,-1.7676356,0.9936753,1.1189431,0.99476814,-0.31771478,-1.1568698,0.7164532,0.40643147,-0.17661524,-1.1153729,-0.8878843,-0.91185546,0.988401,-0.52488333,0.012901833,-0.3308417,0.79940903,-0.085090324,-0.48805764,1.075257,0.07834824,0.9321836,-0.79868025,-0.45769948,0.5402304,0.047908925,-0.5012785,-0.07488448,-0.6962055,-0.1639983,-1.1366832,-1.6481756,-0.8564628,-1.0661762,-0.3747699,0.55515414,-0.37277174,-0.45041922,0.00030356573,-0.13070585,0.32071853,-0.16381006,-0.3276172,-0.24725653,-0.16790761,0.029009,-0.553223,-0.43061003,-0.56373256,-1.2484641,-0.31593502,0.6502697,1.0124762,-0.6111199,0.92046493,-0.071768664,-0.7456092,-0.84606975,-0.6843528,0.079628155,-0.12595476,-0.83819264,0.10606293,-0.89123803,0.06833358,-1.6354007,0.46038806,0.79094243,-0.37405002,0.68631834,0.3838674,-1.8245596,-1.2158284,0.027593635,-0.9075631,-0.47907716,-0.6067531,-1.2013509,-0.8688393,-0.1300156,-1.1105012,-1.6274605,-1.1336551,-0.39339724,-2.6658158,-1.5754668,-1.4173428,0.3879809,-1.4682554,-1.3366394,-0.10430215,-0.5507064
1.7814966,-1.6011089,-1.5203729,-0.3873304,-1.6260222,-1.4209393,-0.74835914,-0.90124273,-1.487005,-0.7944448,-2.108754,0.7062707,-0.31353122,-0.019475019,-0.60384214,0.14025593,0.56961983,0.6498263,0.8210929,0.3677464,-0.96793705,-0.27757764,1.0125221,0.18121085,0.34319875,0.6931483,0.8665683,-0.30168295,-0.32800227,0.40513858,0.94224966,1.3351326,-0.6482935,0.24335827,0.26881975,-0.3806765,-0.24895516,0.30605668,-1.2114416,-0.28321213,0.20516832,0.42817596,-1.0232401,0.077774994,0.81374735,0.45563602,0.5521287,-0.8989189,-0.5604234,0.49411196,0.26553282,0.192632,0.73963827,0.099308535,-1.184613,-1.9940565,-0.61872536,-1.5938247,-0.04274755,0.040456954,-0.12940365,-1.2174779,0.77043843,0.15801159,-0.6359686,-0.84560287,-0.13571914,0.6339834,0.16568457,-0.90931815,0.03726179,-0.5379929,0.03948079,0.16746642,0.61132705,-0.17533603,0.09807748,1.0071872,-0.73789454,-0.10148053,0.73286796,-0.47423664,-0.96225446,0.5755491,-0.1256483,-1.7320902,-0.73758596,0.080476806,0.40275082,0.32740387,0.13606925,-1.3183709,-0.024290271,0.42487198,-0.044313755,0.06911653,0.43632054,-1.3884896,0.75487256,0.5845145
-0.8483879,-1.208276,-1.2523345,-0.21406636,-0.7166166,-0.1377245,-0.44625568,0.2175879,-0.19592683,-0.88500804,0.43420148,-0.42042997,-0.80491495,0.519256,-0.47482234,1.1929921,1.0998559,0.5624693,1.110906,-0.3371829,0.3906972,1.3208818,0.2825107,0.526651,1.0305725,0.89701027,-0.68862116,0.43974194,1.0747108,-0.2819707,1.4941387,-0.11583988,-0.2519111,0.68722785,0.61294055,-0.42007703,-0.2028542,0.18173748,-0.6445596,0.04504455,0.45909762,-1.0770057,-0.64490384,-0.22669119,0.7809676,-0.45811597,0.8951605,-0.961447,-0.22381161,-0.11399291,-1.0299758,-0.93393534,-0.891969,-0.68808913,0.99281585,0.24008732,1.1295305,-1.0291209,-1.066001,-1.3808533,-0.5136824,-0.4617205,-0.048798915,0.17299563,-0.39694002,-0.8285542,-0.15253378,0.99169815,0.5112879,0.20964053,-0.43655002,0.2521722,0.50474733,0.36191067,0.52200156,0.19474196,0.016629117,-0.2007391,0.08484826,-1.3586233,-0.9769943,-1.0349128,-1.173763,-0.09307553,-0.82222146,-0.4777333,-0.75073636,-1.6037062,-0.14201939,-0.5119352,-0.10432377,0.74897826,0.5775338,0.8743327,-0.41076148,-0.41040495,-1.4481399,-0.85629123,0.23168187,-0.67312425
-0.5807208,-0.7470709,-0.5723441,-0.7357513,-0.9505134,-1.2117552,-0.9538709,-1.345573,-0.65398943,-0.7925863,-0.11661784,-0.39214027,-0.6051355,-1.1537956,-0.30217803,0.30853274,0.6697212,0.06849581,0.8378671,0.7788223,-0.77906144,-0.22299205,-0.13727842,0.5991295,-0.6076769,0.21463813,1.0091972,-0.3440033,-0.45705256,-0.38594592,1.3907166,-0.34024215,-0.7482822,1.0693686,1.2151155,0.8338708,0.37462842,0.34652233,-1.0526952,-0.52565855,0.13940334,0.12646714,0.6837946,0.4908657,1.4877505,0.7877586,-0.70050347,-0.27291933,0.16803849,0.32311416,0.6677409,-0.5218919,0.12911496,1.013757,0.06604664,-0.95018256,0.7763583,-1.5484984,-1.8818543,-1.2636318,-1.7538332,-1.3494354,-0.65907156,-1.1444446,-0.21314776,0.28205258,0.2847336,0.8186044,0.68350315,0.14756072,0.7668365,-0.74076074,-1.2951604,-0.24976222,0.046681724,-0.9950488,-0.07662396,-1.7701275,-0.40753785,0.15670237,-0.9590692,-1.6635648,-0.57248116,-1.4535394,-0.15241648,-0.023727357,0.06000787,-1.3999684,0.19415656,-0.77805924,-0.8593497,0.53497523,0.8246698,-0.42909423,-1.0896276,0.9885748,0.91176885,-1.6768473,0.14991833,0.42081144
-0.15022992,-1.201676,0.17192148,-0.5015403,0.10637249,-0.6066378,1.1872904,0.8278825,0.022447886,-1.6367824,-0.1989655,-0.43629286,-0.04319701,-2.5229387,-0.15495224,1.1703572,0.7939666,1.4585259,2.3008244,1.990134,-0.1821569,0.59662104,2.055085,1.2632638,1.3116671,-0.22699176,1.2991813,2.189625,1.0741724,0.6404549,2.5060575,1.1591699,0.18787307,1.9361234,1.1102251,1.9537761,2.1951454,0.3512725,-0.5591179,0.7617713,1.5833607,1.1713743,0.6914773,1.4987223,2.154719,0.82840025,1.276865,2.8955784,1.2271565,1.6269003,0.7663582,-0.38737738,0.9435605,0.6883912,-0.43879375,-0.20130122,0.46450746,0.36294067,-2.0705814,-1.1381584,-0.7714839,-0.8406187,-0.6370957,-1.813505,0.056892645,-0.39189166,1.9649348,0.45347902,-0.050683334,1.6471013,0.263038,0.61749893,-0.0068052383,1.0552201,-0.888459,-0.039052024,0.7217379,-0.87086624,0.013321086,0.6150634,1.1397436,1.0397477,0.33524993,-0.014486379,0.40158364,0.51195186,2.0513718,-0.07029804,2.2660782,0.79703295,1.2967652,-0.35829318,0.6908555,0.43255126,0.022525733,0.86573297,0.55989313,0.98439425,0.77584213,1.4309043
-0.66575205,-1.8335985,-2.479786,-1.0051388,-1.4871516,-1.3207508,0.5023406,-0.2076462,-1.4068675,-1.7429055,-1.9567437,-0.4999363,-1.7252268,-2.2171993,-1.1393521,1.499268,2.0413742,2.7053509,1.376263,1.9305123,-0.19369215,1.4266267,1.6488603,1.293898,-0.07436272,0.34170714,1.4264396,0.19943716,1.1430904,-1.548193,1.6575602,0.19654639,1.2639153,2.081358,1.3572127,1.8069625,-0.31745017,-0.105359785,-0.68856674,-1.0258517,1.0689366,0.93207216,0.61283827,1.2299234,1.8643858,0.80796117,1.1715643,2.546689,1.4740098,1.1511701,-1.6273173,-1.8995538,-0.91820896,-0.6578152,-0.5504575,-1.3451508,1.7330785,-1.5178696,-1.1409098,-0.88335675,-0.6343865,-2.2455087,-2.378376,-2.5678282,-1.2943984,-0.3309133,1.9582402,-0.04661038,0.7788932,1.6571312,1.069968,-0.06737015,-1.0571319,0.46873045,-0.6416505,-1.2905699,-0.070573896,-0.5465075,0.08049726,-0.71420884,-0.022522613,0.6251013,0.10044541,-0.3521889,-0.028257834,-0.007170453,0.41712752,-2.1976907,1.9300957,0.9027922,0.6393245,0.2502871,-0.40856484,0.08037095,-0.6776592,0.6706452,-0.5522113,0.9179439,1.6214918,1.4897103
0.91498613,-0.44358617,-0.9891338,0.48579448,-1.0944126,-1.046489,0.559066,-0.20602602,-1.9857277,0.24035487,0.20715925,-0.6560594,0.038234845,-0.6277471,-0.20545718,1.7984524,-0.30913606,1.185062,1.0510377,2.1335127,-0.31714752,-0.26806393,0.1650142,0.31174383,-0.31320512,-1.3495495,0.40907645,-0.60596085,1.9754983,-1.1688064,1.0955923,0.55901915,-0.14295265,-0.052960146,-0.5552186,1.2592969,-0.89113593,1.0839658,-1.2610734,0.16172506,0.45071852,-1.2348487,-0.69174576,0.4708203,0.7969255,0.70395225,-0.1004569,1.7128443,0.79738116,0.18703724,0.010059268,-0.3187667,1.5235882,-0.5370507,-1.7571534,-1.9095452,1.9879929,-1.0659025,-0.3389376,0.34428227,-0.14651091,-0.7427639,-0.39839324,-1.6910889,-0.7659372,0.11136063,0.3439108,0.0484138,0.50268394,1.3232678,0.88618773,-0.6285572,-0.5274423,-0.65246224,-0.66342163,-1.1555598,1.1829516,-0.6643257,-0.84013295,0.99790317,-0.39514974,-1.5330476,-0.90471333,-2.3307297,-0.111087725,-0.33693135,0.008696158,-0.9296518,1.2664174,-1.0211478,0.31782532,-0.725678,-0.7928511,-0.85562503,-1.4324672,-0.050550386,-1.2501441,-0.2164232,1.133466,0.13667607
0.7569474,0.14770162,0.9791438,0.21900646,-0.54884714,0.16573207,-0.39946762,0.012056138,0.08878014,-1.5466508,-0.8357169,-0.94725764,-1.6339972,0.68729854,-0.2764553,1.0459065,-0.014409249,-0.44218585,0.099037014,0.015458656,-0.73600054,0.8809357,-0.21486889,-0.09923147,-0.8153142,-0.55491877,0.39648724,-0.108435445,-0.6287441,-0.732263,0.82984203,2.3485086,1.5113087,0.6182302,1.0133733,-1.5904999,-0.34792805,0.97625375,-0.6683511,-1.6391785,-0.050592393,-1.3434244,0.3061496,0.26772648,0.6440894,1.1266831,1.2938573,0.7104461,0.49819794,-0.30233747,-0.68734324,-0.0631413,-0.07810533,1.9115894,-0.4463498,0.15905204,-0.31301343,0.1570018,0.12826471,0.13030866,-1.397852,-0.8582121,-0.07130587,0.8474376,-1.9128083,-0.04241484,-0.0032052065,-1.4783756,-0.32292825,-1.0217825,-1.1844326,0.62889993,0.07173051,-1.1247907,-0.69103163,-1.1890042,-1.5271865,-1.4348787,1.3598433,0.20392126,0.051322162,-0.10389545,0.15010183,0.5792425,-1.3770593,-0.35383752,-0.62290597,-0.08587187,-0.7528996,-0.62248737,-0.7546074,-0.19653627,-1.2472054,-0.9462123,0.13588862,-0.33571437,0.48898926,-0.8501967,-0.031797335,0.18950038
0.3783007,0.5807954,-0.30353907,1.4456469,0.3781397,0.1516341,-0.45584762,0.28230473,0.4674546,-0.90251356,0.036056302,-1.349307,-1.3514775,-0.5641817,-0.27372903,-0.13737945,-0.5701755,-0.6765824,-0.133952,-0.8187302,0.50823027,0.28302366,0.19047552,0.39515755,-1.3553586,0.031597868,-0.30710414,-0.087830134,1.5661461,-0.9098574,-0.64931947,0.20018719,-1.9144433,0.44498307,0.36487287,-2.3189478,-1.8463168,-1.443097,-0.8021013,-2.0832973,-0.47116864,-0.93444484,0.023224248,-0.74568564,-0.6291686,-1.6521426,-0.12387679,0.47955868,-1.1791778,-1.5996523,0.17249243,0.7067355,0.5555698,1.7618176,0.09862959,-0.16615039,-0.8456957,0.7133304,-1.5654515,-0.91960233,-1.1868175,-1.3999385,-1.0258533,-0.07705971,0.021040833,-0.014062064,-0.15286511,0.00812294,0.37278375,-1.4678969,-0.7942383,-0.03332191,-1.1768781,-0.87060714,-0.7113466,-1.0562183,-1.5532094,0.11901068,1.4604295,0.08655193,0.10166249,0.40677202,-0.86606294,0.6925163,-1.3709767,-0.8267476,-1.0655515,-0.95371723,-1.6637317,-0.20750047,0.7954123,-0.34492582,-1.3201281,0.7000864,-0.714188,-1.7092023,-1.1123359,0.5438775,-1.192259,-1.1404094
0.55307126,1.8624347,0.40633267,1.4411932,1.3995903,1.1294127,-0.57948405,0.8767162,0.14737697,-0.16237855,0.81916517,0.5305876,0.22809169,0.62747496,1.6787443,-0.091886304,-0.5168847,-0.7599876,-0.46709585,-0.48486468,1.7433705,0.3362379,0.37089017,1.5212137,0.62286896,0.74915403,0.19143638,0.7734781,0.76175696,2.0255792,-1.093048,0.8444037,-1.4580805,-0.87301713,-0.6019211,-0.63334346,-1.2846022,0.014996002,-0.116397806,-0.2826729,-0.6821119,-0.5196719,-1.2286452,-0.54985726,-0.92630225,-0.048995152,-1.4517804,-1.3461733,-1.1771185,-0.3932941,-0.44216362,0.9039936,0.73956317,1.9354755,0.65021163,1.617319,-0.43299493,1.4392736,0.6696745,0.6995799,0.77541834,0.9680203,0.27292082,1.2018856,0.7119224,0.077220075,-0.41340816,0.99328077,-0.087812595,0.16664454,0.9449831,0.65019315,1.7727195,0.59556293,1.6193064,1.1231385,2.1023977,2.435251,-0.558069,0.8516228,1.7072644,0.12574829,-0.32393882,-1.041002,1.3279374,-1.3248355,-0.6717412,1.5940498,-0.20355107,0.71909845,-1.0823038,-0.40587214,0.70258975,0.5253712,0.8587896,-0.47677797,0.7688706,0.44563168,-0.62564176,0.16461122
0.16271639,3.3035617,2.6768346,0.7739814,1.7431808,1.1695719,0.5012857,1.6897722,0.957825,-0.011197585,-0.40576705,0.9692033,0.73493165,1.3074307,1.5393808,-0.040937904,-1.6837637,-0.7264185,-0.88759047,-0.38439557,0.34989068,-1.8924761,-0.4488232,0.24019872,0.4192588,-0.5885016,1.1829474,1.5465639,0.4919088,1.7044764,0.91034627,1.7285749,-0.592058,-1.2998625,-1.5895423,-0.2010861,0.831668,-0.1574884,1.0379528,0.48026675,-0.29246277,1.0842891,-0.9683347,-0.6278243,-0.8070556,-0.081078574,-1.1287743,-1.4221185,-0.9057346,-0.35379928,0.5173996,1.9096932,-1.3530524,2.4423122,1.8404455,1.2547195,0.15707868,2.0207405,1.2019864,0.16224633,1.9724164,0.64311075,0.5011761,0.2811233,-0.76464,0.44680285,-1.2124548,0.48223013,0.321666,0.082401045,-0.47648823,-1.1208931,0.7626148,0.27456963,1.372312,1.3080095,1.3690795,0.64338046,-1.4611847,1.006952,0.60998935,0.35768434,0.068398386,-0.8293935,0.297178,0.23982216,-0.016630182,0.5129432,0.8233444,0.9495194,-2.072408,-1.6913705,0.43595764,0.5631378,0.8858293,-0.20518824,1.1895553,-0.8940338,-0.87650007,0.23805831
-0.7697281,1.0541092,0.85304695,1.9525323,2.4121425,2.045299,-0.71085256,0.69974536,1.9050049,0.12784924,-0.69707817,-0.17045574,-0.34369892,1.8011782,-0.5957068,-1.466138,-0.97802114,-1.8984498,-0.6375814,-1.0831959,-1.052177,-0.79866123,-0.9339845,-0.81057537,-0.9801427,-1.1723049,-0.84150475,-1.07155,-0.8336235,-0.26931593,0.035014912,0.19797818,-0.48851752,-1.2327359,-1.495202,-0.109024756,-0.80478776,-0.626319,-0.045269094,-1.0364298,-0.64521587,-0.93267614,-0.4116783,-1.5121381,-1.9954251,-0.36327276,-1.398123,-0.9057874,-1.1369932,-1.1008132,-0.9487536,1.0401927,-0.32902366,1.1628331,1.8935614,0.54100055,-0.9979003,2.3221583,1.0144475,-1.606209,-0.12350364,0.21185775,0.48699978,0.084042765,-0.3082361,-0.2363354,-1.2948669,-0.78037846,-0.8234398,-1.8189777,-1.11522,0.032386992,-0.6001319,-0.28133982,-0.40243873,0.15920228,-0.75198287,0.64482564,2.1095254,0.26230267,0.11873103,0.8853554,-0.20395118,-1.1233134,-0.4753153,0.87381357,0.21876922,0.7518915,-0.4140846,0.31502935,-0.12379112,0.9503128,0.23892637,-0.46410018,-0.1321747,-1.3770202,-0.56953263,0.8693409,-0.5222762,-0.082359605
-1.0709467,1.0483799,0.44496697,1.757931,1.4864771,1.7777959,-0.68702406,0.6359772,1.3813127,-0.21247412,-0.089918755,0.0118486835,0.62775993,1.5699775,-0.023563122,-1.2366829,-0.5397526,-1.1940536,-0.36555696,-1.4042434,-0.87080413,0.4020643,-0.8325444,0.037227508,-0.05708677,-0.92109466,-0.6616253,-0.7187945,-0.34067112,-1.5737579,0.09432773,0.8324289,-1.1856359,-0.09606018,-0.38196814,-0.14649707,-0.14175695,1.6263306,1.719128,0.5806487,-0.1498461,0.29931238,0.89678246,-1.1637732,-0.4292778,-0.2490192,-0.13894746,-1.6358954,-1.1263258,-0.76870626,-1.5957135,0.81090504,0.5703927,1.7153746,1.3865191,2.1666088,0.58986914,1.9007237,0.7362134,-0.059532948,-0.006065442,0.7089418,1.1194322,0.29218748,0.20647733,0.987188,-0.85581607,-0.96971595,-0.14853929,-0.85902745,-1.0881516,-0.301421,0.36897284,0.28528252,0.43269652,0.8237172,0.17269148,-0.0050413436,0.9633629,0.7635832,0.65499127,0.2036234,0.30765876,0.060020354,-0.1031421,-0.51806396,0.9733311,0.5102577,0.16293232,0.4268584,0.24365713,0.33570945,0.013837714,0.76078314,-1.4139416,-0.17576565,0.16854475,-0.27067915,-1.1874632,-0.2903947
0.60782576,1.2540058,0.8353176,0.87444365,1.9494144,1.7499835,1.0848247,0.9140887,1.3264412,0.36655208,0.43993926,-0.13854147,0.4180528,1.5578028,0.47269353,-0.5539893,-0.15147586,-1.0032277,0.47069925,-0.6708425,-0.009885459,-0.9698304,-0.07462737,-0.42435712,-1.7819997,-0.4381594,0.26333928,0.31433463,-0.1049162,-0.87593305,-0.048388686,-0.14302288,0.5251497,-1.0517001,-0.56300294,0.2867424,0.9570467,0.0077350386,0.18625651,0.35994196,-0.4669605,-0.7231635,-0.47786477,-0.9816202,-0.19978902,-0.7682262,-1.2768608,-0.7733495,0.70481586,0.8301942,0.4068333,0.37879804,-0.37299952,-0.10765085,1.5440713,1.1108184,0.28504795,1.7888511,0.26288876,0.66177255,0.31172138,0.41085395,0.3767916,0.48210844,1.5262245,0.44506073,0.2590874,-0.039270557,-1.071568,-0.89602643,-0.35907453,-0.016356992,-0.40139374,0.90997964,0.13981482,-0.24605265,0.5973708,-0.7210368,0.035141464,0.49329036,0.4823014,1.2085259,-0.22119893,0.32057783,-0.76253074,-0.5732064,1.3771873,0.7878397,1.5195293,0.8022042,0.7528269,1.9911354,1.1354846,0.20343482,0.10876068,-0.014276123,-0.112122156,-0.060464833,0.75937176,1.0070555
1.1096671,1.5674022,1.9811139,1.1584522,1.3552663,1.2532241,2.2880065,2.1790257,1.7366204,1.4041336,0.3725036,1.4401504,-0.37056395,0.8003358,0.013947201,1.3798726,1.0991769,1.5656067,1.3379858,1.4121284,1.1405909,0.9874167,0.7146137,-0.14272863,0.60262644,0.7046349,0.07433933,1.5924114,0.9258231,-0.29478985,0.13614997,0.40130046,-0.24349652,0.7082966,-0.28973094,2.1298106,2.5524466,0.782586,-0.9186897,-0.09960713,-0.026314614,-0.43712792,-1.0670068,1.4852027,0.70725745,-0.8084093,-0.5964458,0.776596,1.2555952,1.0225964,0.64798886,2.2048044,2.5683231,0.06382084,1.958635,1.5398207,1.8349671,2.1804154,1.091061,0.79225314,1.0010923,1.0638255,0.16000591,1.0620235,1.9623691,-0.07287927,1.7790554,1.3167069,0.89719117,1.9101284,1.3850207,-0.39439693,0.7977459,-0.21380736,0.5759547,0.1417971,0.26815948,-0.064143464,0.97370833,0.7430223,-0.75180805,0.35782102,0.5480174,-0.8498074,0.039255846,-0.7316622,0.28432474,1.1682427,0.9217184,-0.6193661,0.40828246,-0.51307505,-0.5605321,-1.0641693,-1.2159811,0.31348884,-1.1995411,0.29557794,1.7037096,1.4130287
1.6608278,0.021909134,0.8243992,0.30544302,1.478214,0.86738086,0.6595255,0.23446327,1.5690074,0.39962366,-1.2651511,-0.11096536,0.0667156,-1.0272368,0.23426194,0.31243107,-0.096391246,0.13898988,0.1369739,0.10465965,-0.27192396,-0.826721,-1.8908837,-0.16112189,-0.88858145,0.2621353,-1.2340976,-1.5396084,-1.1014092,-0.041680273,-0.7356074,-0.27664357,0.31739166,-0.013267629,0.24499105,0.518097,0.31214765,-0.65939456,-0.94273067,0.34853047,0.64516544,-1.5660292,-0.6440741,0.98909724,-1.378241,-0.18494926,0.31550252,-0.5386677,1.727809,1.0704135,1.6439872,0.44184908,0.5659349,0.25915453,2.0113044,1.682457,1.3511436,0.8557495,1.2759537,-1.3453153,-1.6089095,0.01484993,-0.7909939,0.92144716,0.62745744,-0.07499467,1.9425687,-0.84536815,-0.7599388,-0.7265078,0.93848443,0.16683252,0.022049485,1.2948841,-0.5484291,-0.49200302,-1.0853643,-0.060870484,0.46252096,-0.31321704,0.25103557,0.8618021,-1.1482316,-0.2629619,-0.7390341,-0.65525556,1.0010346,-0.9455238,0.60587466,0.9092005,0.77009803,0.79392415,0.8551987,-0.3721982,0.55921,0.43870667,0.42153758,-0.8965752,1.423115,1.7804842
-0.5424205,-0.24859606,-1.0341932,0.7764331,0.73435086,1.1272377,0.6625623,0.45531398,0.2354079,-0.27266434,-0.6862281,-1.3614726,-0.2501129,-0.05715,0.57840174,1.9004436,0.89828646,0.780812,0.51937973,0.48440766,-1.6413984,1.5950139,0.049150053,0.108837865,-1.1209991,-0.86785,-1.1204561,-1.1691476,-0.4697023,-1.2099195,0.607899,-0.17732874,1.6355932,1.7107067,1.0625899,0.56930125,0.56952155,0.7358184,0.5708343,0.9201768,1.0430292,-1.612273,0.84484416,0.5090943,0.33726737,0.19961895,1.1676551,0.7030431,1.1732873,1.296955,0.43566516,-2.4687624,0.11641057,0.4519379,0.33281022,-0.39426324,1.5147591,0.14078072,-1.1195638,-0.3917929,-1.2943702,0.28737944,-0.94657266,0.70178354,-0.029945763,-0.9583771,1.9730614,0.31898385,-0.31104487,0.2835717,-1.2997788,0.34550804,0.27382693,1.2862594,-0.99110466,-1.5691036,-1.4583539,-0.0014724953,0.08417808,-0.043532345,-0.58264935,0.13408224,-1.5334626,-0.27489546,-1.3668435,-0.34133017,0.8852024,-0.78772,1.3782185,1.3125173,0.9859107,1.1073182,0.96803474,-0.29588988,0.8532286,0.17142403,-0.3633485,-1.5800303,0.86689985,1.1769602
-1.3604386,-2.0929406,-1.9664909,-2.444281,-0.9165917,-1.1136256,-1.8109938,-1.4599633,-1.208899,-1.7037084,-1.365398,-0.5650846,-1.7469096,-1.7813743,-2.2123535,0.78440887,1.0297236,1.7232561,1.6252455,0.24244954,-0.41749495,0.5808505,-0.10204636,0.97818947,0.79800266,0.6402496,-0.3204059,-1.3182812,0.81175816,-1.5509855,1.8335774,-0.8802302,0.71285,1.6595204,1.1115618,1.845069,-0.49313003,0.048333038,-0.38766316,-1.9390439,0.49024457,-0.60751456,1.0585462,0.35803843,0.71255124,0.5538398,0.6462629,-0.62823594,0.6276428,0.8096104,-0.40463072,-2.0506318,-0.0110676875,-0.7042447,-1.228657,-1.4633702,1.2747492,-1.8982887,-0.49680325,0.19212517,-1.1408525,-0.8699531,-0.7578995,-0.69535094,0.44969302,-1.1945782,1.2002505,0.9034237,1.002935,1.5284001,0.3055378,0.20517157,-1.0407035,0.21847297,0.14938243,0.64478725,-0.45769683,-0.6143847,-0.098427124,-0.7331041,-0.6747504,0.082770154,0.15855832,0.007572397,-0.35967398,-0.8898104,1.0789648,-1.5281389,0.15509976,0.08077647,2.7012155,-0.8438299,-0.39833346,-0.31876063,0.69200593,0.62356275,0.028313402,-0.98280245,0.3015756,0.3240397
0.29393724,-1.3016621,-2.1203136,-1.0140375,-1.117279,-0.92647326,-0.41859415,-1.649702,-0.9519742,-0.66588885,-1.8831933,-0.33218154,-1.1190246,-1.6011207,-0.90687877,0.9739082,1.0275301,0.1613193,-0.23538643,0.2989482,-0.679117,1.1429049,-0.46271372,0.35179403,-0.1212372,-1.1963791,-0.15801129,0.9343716,0.36177334,-0.73907584,0.45315975,-0.584291,1.154856,1.6263595,1.513142,0.053220328,0.58759195,-0.43649355,-1.3842336,-0.65510553,0.6519881,-0.26412892,0.47569594,0.9925117,0.16709223,0.049464986,1.4624836,-0.48279798,0.49806708,0.61036193,-0.24480219,-0.93316346,0.005038537,0.11611847,-0.9979209,-0.051321633,0.9081126,-0.62410015,-1.7422884,-0.9106824,-0.66192394,-1.0089557,-0.15653221,-1.507356,-0.4367047,-1.949845,0.6854503,0.9260158,0.57933134,0.8928683,-0.006024752,0.096708395,0.05188645,-0.5215047,-0.5143224,-0.6191668,-1.1144979,-1.50458,-0.11549201,-0.5668627,-0.9197764,0.22398795,-0.3017744,0.4289751,-0.5339582,-1.0677935,-0.644709,-1.2171813,-0.053045932,-0.65216106,-0.017476024,-0.73599184,-1.0486888,-0.43386814,-0.78235275,0.8052112,-0.3785905,-1.1754645,0.29771486,0.9905261
0.08244903,-0.5369915,-0.36233985,-0.1461646,-0.44860497,-0.821976,0.1438301,0.21854395,-0.112072945,-1.8909755,-1.0124851,0.10308117,-0.2491557,-1.2177868,-0.89440805,2.9367206,1.6168655,2.2776854,1.9109617,0.80486286,0.18237515,1.720221,1.856446,1.6111839,-0.22414045,-0.17205001,-0.76508176,-0.11634317,0.84262747,-1.0149238,0.94301826,0.50464875,1.2439735,2.3799806,1.2587278,0.88304925,-1.3038183,-0.692385,0.17659625,-0.46752077,-0.41023654,-1.7138803,1.2007778,-0.83690023,-0.4116894,-0.6538634,1.0988606,0.8845916,-0.30357495,-0.54096854,0.23127395,-1.6981198,1.6118909,1.6412978,-0.85664535,-0.5246228,3.0975337,-0.64798814,-0.013675576,-2.8029842,-0.3978853,-0.63394654,-0.15411073,-2.3752677,-0.9926915,-1.8107494,2.0067701,1.1434547,2.0120957,2.5499167,0.45993048,0.49674395,-0.67331207,0.63252246,0.5606318,-0.16765249,0.030219613,-0.22591715,2.0933585,-0.09402475,-0.7108713,-0.36013797,0.5852001,0.998588,-1.1517361,-0.34466374,0.6652328,-0.13030776,-1.0318537,0.7407256,2.9444842,-0.64528763,-0.50664145,0.79941124,1.1072726,-0.96701294,-0.00025885715,-0.07745756,0.35121533,-0.8685828
0.9907202,-1.1549108,-0.21492578,-1.0937568,-1.8775853,-1.0718353,0.18509845,-0.48966017,-0.8514548,-1.0099877,0.43654767,0.078874715,-0.7016387,-1.6139168,-1.368406,1.8024647,1.3668451,2.0750434,1.2284616,1.3416688,0.4183072,2.3121865,1.7826833,1.406261,0.36189836,-0.25184304,-0.50461733,-0.5158825,0.28772277,0.21260862,1.4812708,-0.0795825,0.7161967,2.236016,1.3730853,0.16645774,0.8592379,-0.003739014,-1.0278255,-2.18161,-0.39841166,-0.44981995,0.013247584,0.95547754,1.1647561,0.7018339,1.0057713,0.6344978,0.31812114,-0.19697423,0.40953583,-1.4149855,1.0947883,-0.76948637,-1.6809537,-0.74279565,1.4750445,-0.7667532,0.34203044,-0.7208626,-0.5326933,-0.10969314,-0.36863312,-0.7847595,-0.033730693,-0.772357,1.3246968,0.46939227,1.315378,1.6847546,0.6944515,0.63961434,0.49394795,-0.96641004,0.2134454,-0.9565941,0.060137715,-0.4886176,0.7741768,-0.5369107,-0.7666514,-1.3263776,-0.7940548,0.8364769,-0.70633966,-0.4299217,-0.19464248,-1.8074805,-1.2770607,-0.7828051,-1.0047393,-0.628266,-1.1076539,-0.8500296,-0.68098676,0.24169652,0.77106875,-1.3084538,0.77568704,-0.27320334
0.9636569,-0.3376335,-0.30607268,-1.3946643,-1.6843175,0.29709256,0.28415793,-0.14620544,-0.18817183,0.088760525,-0.34430262,0.007814256,1.1576579,0.7405418,0.62485254,1.6434072,1.0982101,1.0084699,1.1778983,0.5459617,0.12411817,0.20169142,0.5142005,1.1470101,0.08855914,0.20999204,-0.87125623,-0.6108679,-0.49946177,-0.5586918,0.41146746,-1.0947672,-0.27754787,-0.06283224,0.65947336,-0.49837822,-0.9027467,0.00939614,-0.83471614,-1.1458058,-1.136679,-0.04628597,-0.31804058,0.19321924,0.65248245,-0.14295846,0.1548406,0.5657145,-0.26162034,-0.7004452,-0.33914152,-0.194335,2.4255629,-0.9157467,-1.3012041,1.3885432,0.7899665,0.010494249,-0.5557959,-0.021077072,0.32876807,1.3817531,-0.24369828,-0.16475908,0.5457613,0.38859448,0.30331954,0.38727978,0.8784802,0.9535278,0.89831895,1.4264296,0.2792959,0.76946473,0.11339041,-0.40683877,-1.4350996,0.43139234,1.53322,0.038669374,-1.7842237,-1.1183912,-0.20726636,-0.22537342,-1.1193637,0.62969506,-1.6683888,-0.19177864,-1.0390048,-0.78868556,0.460725,0.77065414,0.11232906,-0.78645915,-0.36492586,0.35222292,-0.5236261,-0.90957934,-0.3963437,-1.1633106
1.8473519,-0.29064155,1.2257217,-2.6533985,-0.49456328,0.6883498,1.0448031,-0.44413897,1.4089403,0.4220225,0.08415262,0.42627007,0.432567,1.6072661,1.490313,0.75397563,-0.43296325,0.15911028,0.12459026,-0.44007277,-0.19766043,0.36219883,-0.4025627,-0.44542783,-1.5704938,0.46598402,-0.92958426,-1.03766,-0.26454246,0.3709242,0.06014011,-1.917453,-0.76276225,0.325608,0.009936422,0.83649987,-0.6095907,1.2587372,0.61726594,0.8017241,-0.15957987,-0.8219089,-0.5214641,0.4242496,-0.30055857,-0.13287124,0.4749869,-0.3544595,0.44019264,0.34125358,-0.13487886,-0.17359045,0.7057015,-1.1118752,-0.34042817,1.9498291,-0.4346792,-0.6438922,0.13235444,0.48513502,0.82480973,0.37191892,0.12728943,0.8226853,0.75651544,0.67412627,0.23424423,0.8140913,-0.19390358,0.17724858,-0.03319965,-0.7523385,-0.60636425,0.37707222,-0.44452518,-1.1199918,-2.1890256,-0.5713206,-0.648786,0.36329475,0.13393776,0.47816655,-0.83677316,0.48394766,-1.148482,-0.06622896,0.3397493,-0.060285993,-0.6324298,0.46715683,-0.82774055,0.04371399,1.1497904,-0.516016,1.00688,0.5466492,-0.24982984,-1.6059867,0.7391795,0.6180822
0.61083835,1.1056495,0.5709926,0.08230436,-0.12512705,0.25756243,0.3324913,-0.9467751,0.7555386,0.68923706,1.3635858,-0.1329817,-0.036604512,-0.04162547,0.07987884,-0.89314455,-0.28002244,-0.67492443,-1.0121478,-1.2514141,-0.8884086,-0.6851851,-0.9848732,-2.258209,0.2656206,-0.6679381,-0.26454285,-0.8606982,-1.1447076,-0.30755073,0.065363854,-0.0994592,0.09244653,-1.4305438,-0.19025432,-1.1172061,-1.0304668,2.479781,1.1620964,0.5515037,0.27837533,-0.9289925,0.6530776,0.44718918,0.4666817,0.9220478,0.47545695,-1.1546465,0.46959245,0.43953493,1.6504639,0.7370682,1.2607752,-0.20915136,-0.1506669,1.3770988,-0.8762528,-0.4949893,0.5532142,1.1236459,0.90485245,-0.40843123,-0.38723904,1.3682277,1.187566,2.1404705,-0.15332349,-0.39485234,-0.57781553,-0.32277986,-0.48614192,-0.19899227,0.60349786,-0.7326598,-0.36552528,-0.3733312,-1.2213855,-0.93211997,-1.0604419,0.6954876,-1.009251,-0.08158192,0.8033094,-0.9362784,0.24194014,1.0955963,-0.5889166,0.19183399,-0.6706143,0.43435177,0.37486026,0.85738295,0.28044847,-0.036689784,0.70725614,0.686026,-0.30874747,0.66663814,0.33213133,0.79260826
-0.21591577,1.034842,2.172631,1.0176988,0.6498077,0.6397937,0.9806602,0.40440935,0.8029653,1.4244033,1.1275518,-0.023232961,1.0771016,1.1218597,1.2971965,-0.24914002,0.100626305,-0.9337994,0.24081327,-0.74743533,-1.2199141,-1.0664858,-0.7143316,-0.643878,-0.0153285405,-0.5381278,0.3602354,0.30244142,0.39698446,-0.7630747,-0.026827691,0.46145582,0.2365349,-1.1503425,-0.14816311,-1.0786657,0.7538336,1.4690701,1.4042308,-0.1755023,0.08468706,0.27564156,-0.6451569,1.0684303,0.8126376,0.54837996,-0.62474513,0.3611775,0.59396195,0.3808537,-0.32265997,1.1757549,0.5925255,1.6442487,-0.08021728,1.259696,1.1564417,0.9801747,0.7530247,1.4908608,-0.033840828,0.72115827,0.03339016,1.1236748,0.5967497,1.2425803,-1.5256516,0.09686989,-0.2940734,-0.52964276,-0.26325312,-1.6853614,-0.10237015,-1.494361,-0.5746593,0.2644327,-0.57100075,0.19027396,0.4613869,1.1732972,-0.9205714,-0.96088123,0.309395,0.6899605,0.30226845,-0.15639332,1.5831281,-0.14674044,0.012891472,-0.01454227,-1.1129808,0.522847,-0.84055233,0.57133746,-0.13388154,1.7292393,0.61781055,-0.021491721,-0.21817613,0.99365485
-0.007307913,1.2932187,1.2344853,2.3528168,0.5427773,-0.039073277,0.8597449,0.19902177,1.8413365,0.13723917,1.2201682,-0.43348578,0.7221343,0.393462,1.3694336,-1.9256963,-1.642469,-1.4750807,-1.5180057,-0.9566773,-2.2473605,-1.6399256,-2.3430269,-1.8020252,-0.33812103,-0.4633326,-0.0035351152,0.42348784,-0.6829945,-0.09869823,-0.4070176,2.132038,-0.82544774,-1.9628513,0.40568668,-0.041120857,-0.41780856,1.9225758,0.9486037,-0.18029736,0.5097287,-0.5591207,1.1350133,0.8471048,-1.4050564,1.1061484,-0.4869596,0.339177,1.0198941,0.44703314,0.462614,0.7014255,-0.63574314,2.6178315,-0.67594105,0.42581332,-0.7041288,0.9801518,0.17093867,0.44497317,-0.6762751,1.3326551,-0.8088722,-0.09626321,0.5940922,0.9981882,-0.21734552,-1.5613049,-1.9524252,-1.8367643,-1.6416253,-1.5745625,-1.0503862,-0.45011526,-1.2905902,-0.22962135,-1.5403926,-0.10078145,0.28517568,1.8731114,1.007072,-0.32660028,-0.22350822,0.6124568,0.013666976,0.42343283,0.45149162,0.48271602,-0.74911106,1.7745292,1.5681328,1.3701897,-0.16189058,2.460717,2.2381895,0.94393873,0.88814545,-0.2837849,1.0962213,0.46255693
-0.6208068,-0.30158415,0.10457853,-0.98379576,-2.4580445,-2.358195,0.34024224,-0.54679763,0.13589856,-0.32902098,-0.11353233,-0.5234808,-0.36338615,0.11777281,0.37264037,-1.2329705,-1.4258609,-0.859568,-0.19208406,-0.15205662,-0.9623569,-1.8168358,-0.77623475,-0.8079249,-0.49678943,-1.2100674,1.1797814,-0.9308048,0.1416371,-0.5898454,1.93008,1.0695989,-1.5436999,-0.91173005,-0.0069231493,-0.5584338,0.35145023,1.7909716,-0.84784687,-0.72943926,0.9106263,0.5955448,0.8664627,2.0621772,0.406283,1.5475396,0.33231446,0.70244825,0.46101722,1.456622,-0.8145779,0.15919726,-0.060975343,0.35628158,-2.2557297,-1.005648,0.4085475,0.57695097,-0.5651633,-1.3685851,0.20288356,0.10252813,-0.16805893,-0.9495834,-1.4070354,0.10357198,0.63584733,-0.799586,-1.303766,-0.20793684,-0.46727335,-0.25786537,-0.83632153,0.41286775,-0.39604908,-0.370936,0.118443474,-1.0390776,-0.34319597,-0.22123867,0.2806422,-0.29342684,0.3916667,-0.6564536,0.6260973,1.1049732,-0.75609374,-0.36489373,0.6340216,0.807158,-0.40492523,1.3564854,0.83800775,0.73239535,-0.1903732,2.0487761,1.356888,-0.03690741,0.62032247,1.1080426
0.87052196,-1.3674603,-2.763834,-2.637494,-3.0871603,-4.2909184,-2.3486903,-4.1405783,-4.376161,0.37958968,1.8224342,2.2622125,1.0235996,-0.12468044,-0.1896407,-0.8591569,-0.25108194,-2.5229454,-1.4714825,-1.5677801,-0.95607984,-0.14098549,-1.0100794,-1.0512815,1.8696812,1.0226959,-0.8506144,0.7265534,-2.6198213,0.82753587,1.0957172,2.4067981,-1.049394,-2.4521801,-1.2661545,-3.572755,-1.5091879,1.4966118,-0.52509886,-1.9849335,-1.7913363,0.30522382,-1.6976043,-0.31284037,-0.57444,-0.68002635,-1.3387535,-0.5002914,-1.3788744,-1.7839634,-0.2524554,-2.0433104,-2.1704426,-2.7397058,-4.0518007,-4.347251,-3.5717566,-4.840299,0.12802783,0.07089286,0.06735458,0.47943392,-0.038214624,-1.5846107,-1.8422112,-0.85683477,-2.3968697,-0.6994787,-0.93327355,-3.8491416,-1.7465467,0.33255783,-0.61853147,-2.5080824,0.2954445,0.4246802,-1.1985828,1.1326853,-1.1546985,-0.56646365,-0.89611024,-2.1560993,-2.2306685,-1.4893355,-1.0694455,-1.4435352,-0.43106598,0.16398036,-3.2236671,-2.6880221,-1.1214691,-1.2884604,-1.6169337,-1.4179171,-1.974583,-1.1621727,-1.1387588,0.41228434,-2.0646446,-2.142494
1.5725137,0.9538086,2.9396017,-0.71290827,2.6942053,3.611228,0.33271912,2.1013894,1.7138592,2.3948567,2.0160246,1.9939277,2.705446,0.8134793,2.1805348,0.30820155,0.16082041,1.3317399,1.4330058,0.3572481,1.8241159,0.27655473,1.5340737,0.867286,0.6300456,1.4307731,-0.6853131,1.0017403,0.6504155,2.154146,-0.75114566,-0.7704442,0.089491084,0.65898776,-0.80680436,0.5624052,0.5980215,-0.5373165,-0.3258344,1.5035082,-1.2486638,0.031402767,-1.0855644,-0.7728026,-1.1087441,-1.3832203,-0.41380197,-0.56455886,0.13668093,-0.95990074,1.668243,0.5589163,0.58727026,-1.0519602,3.26828,2.3969588,0.65715015,1.3916256,1.4079809,1.6039541,2.2418523,2.051118,2.2165198,0.4831968,1.3659741,1.9652655,-0.7571578,1.3486649,1.5687706,1.0885422,0.76494867,2.8880606,2.3453877,-0.5291082,1.4331305,1.7813421,1.761836,2.4580898,0.7017544,1.6738042,-1.2709296,-0.471487,-0.92076594,0.48304617,-0.13527961,2.3949006,-0.7016469,1.2292572,-0.831025,-1.7600559,-0.12956837,-0.9463661,0.2392255,1.0203063,-0.41913274,-0.98230344,-1.1834505,1.2077156,0.5297874,-0.9173593
-0.717303,-1.8188032,-0.9632996,-1.2623324,0.4777862,0.7081761,-1.634941,-0.025216704,-0.29617018,-0.1385157,-2.5249686,-0.80880505,-2.3238244,-1.2469662,-1.3309028,-0.84110826,1.2138115,0.3752798,-0.30668887,-0.04641591,1.0187464,-0.060631737,0.7744786,1.8228498,0.67442197,1.2797165,0.6472969,0.08414788,1.4261086,-0.24270652,-0.98769087,-0.55806965,0.31084555,0.42286113,0.4638387,1.0609093,0.6201652,-2.557921,-0.9610081,-0.3830223,-0.9668326,1.0995101,-0.0013432736,-1.4465482,0.75096506,-0.9431956,0.0488483,-0.5065173,-0.9664699,-1.1304755,-0.6249092,-0.093616575,0.040179506,-0.99782026,0.71179867,0.9689411,-0.28829122,-0.7882577,0.33537886,-2.3542974,-1.2513918,-1.6069432,-0.7330651,-1.0896347,-1.2415537,-1.7207328,0.029297575,-0.43859276,0.82161915,0.8861178,1.0297996,0.3232778,0.86528516,1.5239613,1.5756471,1.3065755,1.5154247,0.52202326,-1.2134411,-0.2595785,2.1480827,-0.27979505,1.9440354,0.8501193,1.0790263,-0.6931441,0.64748496,0.3570936,0.8376486,-0.53531194,-0.04873725,-0.41272408,1.4947319,0.64837575,1.4676918,-1.0943339,0.25909495,-0.7104251,-0.9784585,-1.1871357
-1.157167,-0.01650524,-0.4282232,-0.48263115,0.54362667,-0.06419633,0.48673666,-0.14056213,-0.6764766,-1.173587,-1.5426322,-1.8475068,-2.1695735,0.09656914,-1.2996219,0.07344779,-0.6288472,-0.0155811515,0.27503303,0.36807102,-0.13245685,-0.4526667,0.16601638,-0.8616759,-1.284947,-0.9194816,-0.37869152,-1.5638758,0.48424798,-1.1514924,1.2902197,-0.11189182,0.9548123,0.040893666,-0.12847173,0.3116099,0.27570483,-0.023334807,0.5545341,0.42303425,0.70639205,0.39953753,0.3263618,0.825981,0.27343976,0.5794032,0.7309232,1.1992221,0.9962133,0.93721336,-0.6719211,0.14784728,-1.750515,-0.12020922,0.010434125,-0.34808794,-0.20691893,0.25086817,-1.718615,-2.0714602,-1.9405274,-2.355098,-2.071919,-0.44193503,-0.34469035,-1.1688259,0.87531644,-0.7409057,-0.7500008,0.049794927,-0.058255598,-2.327865,0.01572555,0.4594218,-1.1566842,-2.0393674,-1.263974,-1.2168814,-0.3381748,-0.74870664,-0.82643586,0.491411,-0.40311232,-1.3154469,0.36916608,-0.14224935,0.27523494,-1.5474825,0.39010733,0.5142956,-0.20849033,-1.9224836,-0.5772573,-0.55790395,-0.61949694,0.56594193,-0.29032102,-0.15559144,0.9349225,0.77173966
-0.46824148,-0.36741054,-1.4608765,-2.1209068,-2.2389843,-1.1925745,-1.9446365,-0.89502126,-0.027570818,-1.3684238,-2.502204,-1.9405773,-1.9065472,-0.15113577,-1.3211055,-1.4878398,-0.31991106,-0.49884292,0.5495732,-0.3430059,-0.9054234,-0.08820042,-1.0746725,0.7770154,1.359358,0.03396496,0.5574465,-0.20005843,0.48778886,-1.396521,-0.94015396,1.1509404,-0.10230756,-0.10088723,0.1321343,-0.16804229,-0.70361656,0.0061189993,0.5922238,0.49667194,0.5563201,0.53207445,0.87631905,-0.13129082,1.3847902,0.86932826,0.8927255,-1.1439924,-1.3654565,-0.68041897,0.5879533,-0.40606925,-1.4100031,0.09345575,-0.98203987,-0.3092376,-0.0018020299,-0.3583682,-0.05864045,-0.6468565,-0.5180986,-2.0331464,-2.3693728,-1.0476977,-0.96145606,-1.388289,0.2508515,-0.3062722,0.036673933,-0.47036806,-0.035895314,-0.5771227,-0.40550366,0.88288736,0.41570473,0.42717603,0.6964224,-0.12124717,-0.2650411,0.10514733,1.4671793,-0.0013327166,2.1053503,0.53860116,1.4723418,0.30518624,-0.85156476,-0.012312799,-0.15436593,1.1328334,-0.1579464,-0.8114486,0.7327101,1.897271,2.3129878,0.30328113,1.3442702,0.60707563,0.021845492,-0.46131638
-1.5751178,-0.5363749,-0.9058816,-1.4051929,-0.24880868,-1.6520762,-1.1256088,-1.7307001,-2.1115084,0.34609166,-0.5380582,0.97605336,-0.8653429,-0.2490369,-0.34497127,-1.4582908,0.3534136,-0.4289916,-1.3410859,0.43347672,1.06805,-0.6033013,0.15106194,0.12529367,0.07628532,0.9930589,-0.054153502,0.6553015,0.31169918,0.08742302,-2.070419,-0.5559191,-0.16764008,-0.7866646,-0.7927445,-0.36708537,-0.89214337,-2.5587738,-0.071534455,-0.662926,-1.292387,0.6635518,-0.31589964,-1.4400032,-0.41444665,-1.2765384,-0.9292598,-0.5879304,-2.0419931,-1.1978568,-0.6095721,-0.43332812,-0.31424323,-1.8139676,-1.7250903,-1.7934426,-1.3531338,-1.7175968,1.0116514,0.19509588,0.07771141,-0.06968013,-1.5156689,0.124481305,0.56552696,0.42583737,-1.7088016,1.1642511,0.5719485,-0.67375976,0.97737503,-0.597044,-0.14822808,0.36485407,1.5577241,0.58837235,0.29117674,1.308235,-0.23420219,-0.72455174,1.0603442,-1.0816153,0.61787766,0.17328326,0.81727344,0.19486323,-0.33177778,1.1778795,-0.46461943,-0.80850613,-1.5974648,0.28154394,1.7011713,-0.34200752,0.382647,-1.5385365,-0.1772835,0.49814,-1.5673089,-1.4904703
-1.8879628,-0.87102485,-0.6662232,0.35102972,0.25613987,-0.1926666,-0.71644586,-0.49312162,-0.9593839,-0.017548455,0.09403858,-0.052654896,0.11383378,-0.85191953,0.5628537,-0.82828814,-0.12750395,0.23636936,-2.0198073,1.0038418,0.20700295,0.79436594,1.5276563,1.0287085,1.3182671,1.3085058,1.9900583,-0.13969767,1.709037,1.7279636,-0.8123093,-0.6494879,-0.32441664,0.16067213,-0.14249507,0.32945883,0.28432858,-1.6241162,1.5650897,0.97107077,-0.33501586,1.784606,0.8698371,-0.6546243,0.55174094,0.59171015,-0.15209341,-1.5042707,-1.4440888,-0.1521056,0.017607285,-0.03882972,-0.29807326,0.2665813,-0.42538294,-0.7662925,-1.2025859,-0.3947047,-0.059097067,0.6063745,1.3154256,0.041596632,0.4818495,-0.24648361,-0.029316183,0.2748396,-0.37826073,0.56788355,0.9044166,0.46786934,0.97447693,1.6388754,1.7779226,0.78519577,0.87527627,0.6747714,2.1046472,1.2397615,-1.4323303,1.1741818,1.4605798,0.23637442,1.6156012,0.8077592,1.6334059,1.2525053,-0.9379665,1.7428247,1.3351848,0.6138283,-0.4492189,-0.5412119,1.1150181,0.7829566,0.5565471,-0.3181123,2.0584953,2.3232806,-1.768664,-0.87357026
-0.37464353,-0.8707296,0.52793336,-0.89724517,0.5658361,0.0068771825,-0.1321465,0.16562997,-0.8283906,0.6361482,-0.45496485,-0.24316663,0.78661835,0.9584358,0.20570073,-0.2119103,0.8006064,0.06119054,-0.5084549,-0.5942765,0.8101681,1.4427526,1.081144,0.96640515,0.36354557,1.584949,0.97561973,0.89044464,-0.41071,3.0815065,0.46848038,1.1946962,0.9425133,0.6083118,0.9580525,-0.5850749,-0.736768,-0.61308336,0.9224227,1.1566198,0.49431694,2.153794,1.3531222,0.33805728,-0.25249872,0.49238372,1.7668594,0.28268147,-0.7250013,-0.0446096,-1.6128843,-0.3939323,-0.41290054,-0.36905605,0.39488482,-0.6807213,-0.34438694,-0.28441566,1.2712061,0.015920663,0.025479916,-0.16875422,1.7218122,0.05194894,0.25546175,-1.1759381,-0.2708293,-0.35530978,0.7401921,0.22077517,-0.4407375,0.63071626,1.0081952,0.07797864,0.3847263,1.8654133,0.14247768,1.6690742,-1.4511299,-0.22298077,1.0552173,0.2429821,0.794011,1.1363804,1.0975767,0.99134195,-0.43176037,0.48043695,-0.6536476,0.5967898,0.7327591,-0.9933342,0.046932746,1.2434213,1.522527,-0.20627967,0.77909625,-0.013610462,-0.50022215,-0.77345
0.6080846,0.51658064,-1.252673,-0.10723958,1.1595978,1.1827163,-0.6271235,0.64155084,0.1612429,0.9264735,-0.6671755,1.6117051,-0.12599646,-0.24469395,0.4045675,0.7763339,-0.23405072,0.32749826,0.45041558,-0.9023675,1.6042958,0.0934007,0.5101498,-0.25278047,0.5888459,0.8302531,0.36620066,1.6361452,0.35675672,0.5283594,1.2355504,-0.92276865,2.0271118,-0.5554103,0.77554065,-0.56218934,-0.52235997,1.0889301,-0.8089017,-1.2030014,0.28080183,1.2772822,0.83382297,1.1740036,0.6599174,0.8726452,0.3426742,0.8085333,1.2373582,0.008682722,-0.14693637,0.16481373,-0.09563832,-0.18554033,0.56572646,0.3098666,0.6083282,0.042276267,0.7042302,0.5037021,0.8838781,0.35949948,1.2209183,-0.011949295,0.45097625,1.051965,0.7095902,0.65268916,-0.6810978,0.71548784,1.912626,-0.39566514,1.6288942,-0.90235585,0.29737097,-0.062271286,0.5712259,0.31660342,-0.90395856,-0.5202592,-0.031343393,-1.100094,-0.10586711,0.6250527,1.506024,-0.370615,-0.600371,-1.1311466,-1.0392711,-0.19506575,-1.1204555,-0.47527722,-0.92523915,1.3178247,0.16501828,1.1112723,1.2532494,-1.41809,0.16172117,0.63160384
1.9558344,0.9149264,-0.06553291,-0.21269678,0.6803365,0.20602712,0.03677939,0.10680888,-0.18944578,1.5846068,0.8877598,0.4809945,1.4744687,-0.22910492,0.77405745,-0.061376527,-0.64287466,-0.06754029,-0.45842135,0.058017608,1.7193975,-0.4201842,1.0213019,-0.38327417,-0.6541433,-0.59456384,-0.030854829,-0.2918126,0.041986685,-0.4028174,0.48151207,-0.5999822,2.1539702,-1.0930787,0.30492032,0.23210345,-0.31474197,-1.4758095,-0.17420125,-0.3274275,0.7247428,-1.0971241,0.20923911,0.18599997,0.4953484,1.0205826,0.9771669,0.10105509,0.49094796,0.027906377,-0.4304474,-1.5081171,-0.5315369,-0.5583487,1.4800761,0.120542824,-0.90889883,-0.659145,0.1649134,0.28750315,-0.009586429,1.4723985,2.1483686,-0.017753823,0.16647796,0.67782396,0.539625,0.05515234,-0.05105518,-0.42622736,0.56051314,0.45476168,-0.44143426,-1.0122237,0.025423309,-0.10618926,1.1437837,-0.12418147,-2.0401628,-0.19391902,-0.56600887,-0.16362005,-1.0688877,0.88018394,0.32018906,-0.36795756,0.2476399,-0.7501035,-0.89377487,-0.39638266,-0.007598575,-1.6860179,-1.2350335,0.5837093,-0.006135195,0.79164344,0.30018744,-0.94575953,-0.59886885,-0.20821546
0.060953587,-0.5736694,-0.4168691,-0.33269438,1.3544751,0.581205,0.16983835,1.1174997,0.7978927,2.5645409,0.44040465,0.9590823,0.18566525,1.4644567,1.3134751,-1.0790737,-0.8281791,0.18776372,-1.2111825,-0.6264851,0.45614615,0.13666455,-0.28519434,-0.52003366,0.33416912,0.123624265,-0.018842818,0.30220625,-0.13336816,-0.8035083,-0.3270283,-1.6218976,0.08674836,-0.1803751,0.67713803,0.4055663,0.31042135,0.55137104,1.2336925,0.37708443,0.57636374,0.51611817,1.0311282,0.2591537,1.0095963,0.5755201,0.67880946,0.77387786,0.56264603,0.82019174,0.16448188,0.7645299,-1.2061977,0.0320683,1.3395327,0.5449509,0.21607469,0.5015228,1.3080468,1.0224617,-0.049773585,1.0811704,1.1617057,0.21692927,-0.52963716,0.54888016,0.29542667,-0.82646567,-1.2583038,0.30737048,-0.5861473,-0.41694447,-0.025254339,-0.5351886,-0.50791496,-0.36582562,-0.3316354,-1.0179539,-1.0783815,-0.81026465,0.2886109,0.8131333,1.2721249,1.4328007,0.46131593,-0.28275514,-0.9485293,-0.58077484,-0.531842,0.21657586,-1.8189739,-0.8318038,-0.4667488,-0.24305008,1.2505964,1.2384112,0.37367073,-0.3306894,1.0211614,0.4015791
-0.7936232,1.471757,-0.050185774,2.0639393,1.7962323,-0.035447728,0.5798981,0.9995732,0.92877316,0.5204222,1.3309443,0.8318187,-0.0077975085,-0.31191903,0.9023727,0.8347568,-0.64073265,-0.49797082,-0.81937695,-1.0504342,-0.4506248,-0.07673889,-1.0793647,-0.13783371,-0.39362815,-0.59200156,-0.9315144,-0.9781626,-1.5062429,-1.3275265,0.14827581,-1.3948171,1.6785984,-0.057330556,0.22479029,-0.56283027,0.4966191,-0.32073447,0.6046821,0.40840712,0.5057153,-0.44974884,0.70868593,0.13035056,0.67289335,0.23692791,0.22552674,-0.7594568,1.4260789,0.7673399,-1.354138,0.69966215,-0.35357636,0.26514617,1.4092848,0.224479,-0.52177685,0.71867895,0.4650812,0.5604586,0.081792116,-1.2543727,0.07737129,0.44204277,-0.42291248,0.0830365,0.55994105,-1.5374074,-1.673183,-0.16205513,-1.2368815,-0.7671271,-0.819066,-0.10265782,-0.74148065,-1.7746965,-0.6022362,-0.7573066,-2.157456,-1.2114714,-0.5861942,0.7299226,-0.7182803,0.24966821,-0.59822863,1.3466321,1.3316842,-1.4292836,-0.43057385,0.8659986,1.7907207,-0.36572552,0.09605346,-0.06978982,0.19333866,0.6676993,-0.46525198,-1.6695541,0.3416198,0.6753976
0.790252,-0.061188743,0.5225208,1.1734005,1.5330365,0.20868658,1.5725163,0.67464453,-0.9594139,-1.4506106,0.42426896,-1.0276103,0.65005445,-0.81457984,-0.3796526,-0.75125283,-0.5723749,-0.50594807,-1.5741981,-1.020405,-1.3168348,-0.36047325,-1.7275714,-1.256815,-1.8816855,-1.4882716,-0.36437058,-1.6996154,-1.7095814,-0.011236844,-0.0750902,-1.5292389,1.0180796,-0.27050272,0.42325497,-0.03148597,0.18078107,0.19907682,0.0982372,0.46351495,1.6046758,-0.37113464,1.3041337,1.090566,0.15627176,0.34494054,1.4045012,0.14909987,1.6969345,1.773354,0.018680194,0.5108248,-0.7229582,-0.20844339,-0.59421676,1.1101757,0.14703147,0.66487694,-0.9291453,-0.5595648,0.4707714,-0.74606377,0.52588105,0.86668104,-0.11062679,-0.5678235,0.47996962,0.022392493,-2.1447833,-1.0960096,-1.2831907,-1.6913221,-0.9737327,0.49732786,-1.4763517,-1.8950639,-1.1667141,0.07707535,-0.61229056,-1.9168755,-0.46142676,0.56670374,-1.1730604,-1.4581307,0.22911255,-0.59764665,-0.89768225,-1.6174535,0.41886753,1.1233754,-1.2360076,0.106378525,-0.15424542,-0.49901068,0.3406554,0.9708329,-0.20361032,-0.14305505,1.3765304,1.0105332
0.4072648,-0.052311663,-1.2810359,0.60411257,0.8180579,-0.24784762,0.49609205,0.15248223,-0.73466337,1.129913,-0.84087455,-0.03381474,0.6534603,0.4954623,-0.33813626,-0.7554583,-1.2935966,-0.7136792,-0.72596174,-0.6103432,-0.4664747,-0.33438542,-0.5462906,-1.611496,-1.3208598,0.38604125,-0.44717842,0.8008076,-0.8106527,0.5572961,0.18777108,-1.4960779,1.3251686,0.19965242,0.1002634,0.07830066,0.5271595,-0.4129437,-0.2513689,1.4298782,1.3742238,-0.8779838,-0.38441667,-0.06732306,-0.111699395,0.10968442,1.0330775,0.26180845,1.6166587,1.4019713,-0.44791323,-0.11769855,-0.72833544,-0.16248374,1.175146,-0.60028046,0.33278835,-0.31064552,-0.31218788,-0.37511107,0.12942885,-0.023335092,-0.37636685,0.17927067,-1.1814319,-0.88616717,1.4188962,-0.9160481,-0.84411806,-0.6742423,-0.25025406,-0.7278379,-0.66295666,-1.1537545,-0.43606967,0.019045424,0.5267857,-0.72046655,-0.6298653,-2.5056238,-1.8088766,-0.25965306,-2.0512257,-0.5072967,-0.83609575,-1.3226848,-0.46776935,-0.45386147,0.10639989,0.1648768,0.8048505,-0.07016128,-0.18840252,-1.1568389,-2.4448228,-0.21304837,-1.975443,-1.7965919,2.3256016,0.67799085
-0.76303893,-0.57182926,0.37639844,0.51797974,-0.6126172,-0.015609414,0.5712482,1.4121952,0.7961631,-0.06509423,0.08582242,0.50821894,-0.0781159,1.1164955,-0.067031786,0.999175,-0.18707328,0.5555711,0.293355,0.5982052,-0.045121692,1.5526935,1.2393705,0.36438596,0.6999241,0.0867659,1.3943802,0.40962,0.11111001,-0.43539336,-0.6151082,-0.57101136,0.048499085,1.32721,1.4040203,1.160929,1.0760039,0.80821365,1.3031489,0.9553211,1.3882973,0.44249156,1.4182836,0.8436314,1.112518,0.54822934,1.6584146,1.212819,0.14439431,1.235355,0.45145833,0.9367855,-1.4081386,0.27515835,0.2947228,0.3648409,0.77167076,0.5079058,0.5644963,-1.0119686,-0.5926102,0.054679543,0.22293869,0.4958091,-0.34353882,-0.5991623,1.0740323,-0.054044627,-0.064806186,1.0596098,0.93213123,-0.6400225,-1.0819153,1.1308521,-0.28456724,-1.2204689,-0.76254094,0.09486113,0.3709844,-0.5659489,0.69733554,0.91511095,0.9250753,0.22094488,0.70496,0.5062368,0.07750416,0.61329544,1.1980649,0.8819227,-0.7448548,0.786591,0.8523565,0.49117666,-0.6570582,1.0050398,0.93258315,-0.17286944,0.757917,0.54224455
0.11804461,1.053329,0.17493704,1.4458878,1.7608378,1.952614,0.52919227,1.1457638,0.9759631,0.37507412,1.0718787,-0.0048051677,0.41658536,0.1231986,-0.36602116,-0.3158989,-0.47558218,0.09459966,-0.81776977,-0.21733722,-0.9370524,-0.7920224,0.115183465,-1.4394027,-1.3970743,-0.14527668,0.19199269,0.6267337,0.18765761,-0.38703173,0.6669501,-0.34999952,0.057643298,-0.7468592,0.3589825,-0.45104942,0.12603107,1.0526836,0.7648401,1.2732435,1.5387747,-0.90387803,1.0163703,0.98223156,0.19227305,1.958534,-0.43039578,0.8013786,1.3582995,1.4627223,-0.3302409,0.915748,0.68916863,1.5862408,0.67655313,1.805017,0.2515928,0.92515993,0.99374765,0.74586225,0.6478394,0.26440638,0.021643534,-0.029837959,-0.07582569,0.91866475,0.5103587,-0.8203247,-1.163828,-0.5396417,-0.39917737,-0.9552895,0.13353744,0.23229708,-0.97670555,-0.84183115,-0.18197839,-0.033464752,0.75679976,0.55808395,0.021271594,1.3314204,-0.14227118,-1.4026451,0.33354023,0.5844417,2.092268,-0.20848335,-0.28695196,2.0553246,-0.077215835,0.8633513,0.6150776,0.4709668,-0.09421691,0.6530475,0.50051415,0.5205715,1.037192,1.4056729
-0.6109619,1.1460521,-0.06041611,2.62706,0.7162603,1.4702332,0.7764986,1.0688518,0.62778294,0.25190252,-0.96624464,-0.16247566,0.3873063,0.7936581,0.34028053,0.37499243,0.50280964,0.8696323,-0.25399306,0.537055,2.2532017,1.1280277,1.2159034,-0.21195582,0.6188771,0.99559706,2.085005,-0.3273269,1.0105394,0.43719843,-0.005538595,-0.3573071,2.5462162,1.042994,1.7121103,0.8592577,0.5181174,0.34830713,0.96984416,1.2893661,1.8243738,1.8993291,1.5582675,2.1801927,2.7481406,1.9076308,2.048453,0.110110804,0.70324534,1.047417,-0.020718392,1.5857302,-0.09116687,-0.287106,0.96163535,0.79386413,1.0714779,0.60206723,0.9669336,2.1105487,0.5207397,-0.44512996,0.9426488,0.9794877,1.2001514,-0.30734226,-0.4224869,0.32235456,0.35001373,0.86852634,0.77553225,-0.29495063,0.8853251,0.17324641,-0.5070767,0.18860179,0.21274406,-0.48425785,0.41908365,-2.285689,0.6417963,1.6866201,2.0513835,2.5040636,2.4701576,0.65801483,-1.3578078,0.50702596,0.8638022,0.65203804,-1.2832111,-0.8268735,-0.9282998,-0.30141485,-0.82515115,2.3269675,1.1244426,1.2610394,0.8027038,0.76844716
-0.14278437,0.49379948,0.6772862,-1.2843518,-0.3411497,-0.43529725,1.987976,-0.23934965,0.4672824,0.17658743,0.8128657,-0.42367893,-0.43139336,0.42622373,0.4224825,0.76375586,0.16348691,0.5267037,1.3734089,0.15564384,-0.045334753,-0.3949563,1.2968433,0.14797364,-0.27438647,1.0596937,0.4363516,0.38172698,0.4695356,0.49908924,-0.34828696,-0.5243131,-0.58060193,0.8363302,0.18810587,0.32081613,-0.107384056,0.1354212,1.3102628,1.6634129,0.3605747,-0.52038586,0.2226576,-0.40352502,-0.02985045,0.90598875,1.0110277,0.74996775,-0.35181692,0.3061989,1.798265,-0.42564878,1.1822643,-0.97915983,-0.41087165,1.2580112,0.021503642,0.41706505,-1.817112,1.1467627,0.037001297,-0.48830414,-0.44387895,1.8279569,2.072091,0.47519594,0.22716813,1.5352685,0.80979687,0.61981624,0.55991125,0.5274288,-0.24710946,0.81295025,-0.3806968,0.34123582,0.07298453,0.9113808,-0.95817137,0.32089683,-0.28461963,0.4711407,1.0969182,1.7494168,0.44499114,0.9209097,-1.130036,1.1227746,0.87013334,0.8159067,0.6975247,-0.92019403,0.08582144,-0.08250483,2.0266194,-0.44578543,0.86202013,0.3987415,0.33019325,0.044966657
-0.26301908,0.8674821,1.2399014,0.59310955,-0.5072699,-0.2713106,0.47373316,0.33468333,-0.022824818,0.1248411,-0.010524489,-0.10901361,-2.1927195,-2.0678775,-0.88474745,0.050721962,0.5768057,0.06752183,2.0584955,-0.5174162,0.3259381,-0.19908555,-0.62152654,-0.4971676,0.20918123,0.023450784,-0.23660915,-0.015822494,0.41516194,-0.009016691,-1.1327511,-0.48509213,-0.025553562,-0.58288527,-1.0804431,-0.41302866,-0.41134363,-0.7829375,-0.72434866,-0.6136021,-0.38739172,-0.026297163,-0.16734971,-0.15042193,-0.31492987,-0.3035026,-1.3577962,-1.1351322,0.49250174,-0.46887732,1.5883639,1.0817721,-0.027027007,1.1902956,0.50919026,0.22876588,0.088500716,-0.18779416,-0.11428516,1.4707483,-0.37732345,-2.205861,-1.3287351,1.8198975,1.6506817,0.9324518,-0.07535422,0.7105676,-0.046332274,-0.04061946,1.3785511,-1.1545132,-0.53170925,-1.1371579,-0.12402493,-0.30848262,-0.007459672,-0.81562287,-0.26065654,1.0554901,-0.83042556,-0.34431633,0.62505126,0.1841507,0.043101586,-1.4551784,-0.11185471,-0.67114866,-0.16129352,-0.08310599,0.0435484,-1.2822652,-0.19418499,0.10565765,0.99607974,-0.8569776,-1.295371,-1.1292268,-0.046444084,-0.40509063
0.6425716,0.9620681,0.41766325,-0.7446106,0.20923601,0.08243154,0.05175168,0.67995787,0.038588166,1.5864735,0.25591424,-1.1605377,0.57256347,1.0442213,0.514277,0.5408066,1.7394824,0.46368328,1.0015199,1.0407246,1.876448,-0.59702176,1.4656569,2.150072,-0.25344294,1.0252576,1.259198,1.5108112,1.5866258,1.8802661,-0.6287677,-1.8729786,0.003489481,0.10569906,-1.6148386,0.710411,-0.014768662,-0.9887503,0.08818516,0.6294186,-1.5833321,0.2644089,-2.629296,-0.021432152,1.0395645,-0.6610763,-2.18774,-1.4578795,-1.8265353,-1.3089194,0.59645873,1.5264025,1.880257,-0.9757108,0.7386434,0.5925874,-0.12971592,1.2097281,1.348761,2.1402318,1.8016859,1.5061313,-0.059573263,0.95911354,2.062401,0.49477923,-0.67161995,1.6566427,1.9026096,1.9955345,2.3913243,0.19959983,0.97123176,1.0036026,2.4723632,1.4821835,2.765099,0.74202675,1.6232018,-1.072054,2.1852643,-1.5724466,1.4886194,-0.9704369,1.4537688,-0.7772941,1.374087,1.366017,0.31848398,-0.10729857,-2.1820226,1.1730111,1.0259537,-1.9479809,-0.45771047,0.71644086,1.7871637,2.3151898,-1.0261837,-0.8603536
0.9449107,1.8098743,2.6943405,0.119187914,1.4281431,1.5443418,0.47881776,1.6725055,1.6681688,0.05305948,-1.568619,-0.34042823,-0.7194782,1.9172866,-1.1550361,-0.05176312,-0.78582585,-0.5343768,-0.47475785,0.080984026,-1.9042944,-0.083120555,0.12567633,-0.49029472,0.14606263,0.31788078,0.8711309,0.52540016,1.1800557,-0.5496581,-0.96425086,-1.4686068,-0.9199283,0.19272062,0.34243158,0.2763443,2.1829236,-0.30674568,0.8158415,0.430921,0.09923911,0.7294501,-0.054372612,-0.39636546,-0.44578713,-0.11225907,-0.6412872,0.55574226,0.08809966,-0.34531492,-0.37469482,1.8947372,0.928617,-0.13430583,1.0250796,1.4391915,0.4495079,1.3032199,-0.20143992,-0.1903495,0.3226964,1.0756935,0.60500085,0.04973414,-0.26972538,-0.77095324,-1.2098058,-0.5417609,0.58845407,0.7162003,-0.67815286,0.7495758,-1.1047207,-1.0401839,-0.34761834,0.319552,1.1227659,-1.7092687,0.59099513,-1.8387387,1.1225072,0.70416725,1.3891543,1.3438733,1.1564544,-0.4537707,0.956107,0.46696052,0.30393633,-0.123258226,-0.43494397,1.2263086,0.06416995,-0.0040219,-0.8982093,-0.50124174,-0.06678587,2.2100961,-0.22345382,-0.58472353
2.095045,-0.09542612,2.0593991,0.8302053,0.32766968,0.9916884,1.7166678,1.1421674,0.55669206,-0.5902422,-0.20698585,-0.8458097,-2.5620148,0.5390304,-0.8030204,0.22555305,-0.9680821,0.6784531,0.46713832,0.20297213,0.41015115,-1.0161953,-0.38236025,-0.8287472,-2.2193336,-1.3464988,-1.4478147,-1.938105,-0.47697625,-0.8033316,-0.8375211,0.34755996,-0.7495867,0.061826732,-0.56261456,0.29012322,1.2367618,0.3118191,0.21194637,1.3842705,0.42286503,-1.4017154,-0.608569,-1.0565519,-2.028785,-1.1751146,-0.027925273,1.0909891,1.3656812,0.2526683,0.8381723,0.0065540425,0.20466061,-0.49346277,0.4109432,0.5291774,0.61135507,-0.086331025,-1.6588987,-2.0455718,-1.9754936,-2.0467613,-2.3362482,-0.44918418,-0.44362673,0.11600861,0.3855381,-0.89102274,-0.4948359,-0.39839104,-1.1969649,-0.48468375,-1.1159133,0.21227175,-1.5590262,-1.5436536,-1.0906756,-1.4778103,0.8318604,0.6887104,-1.6892525,-0.024896165,-1.9411205,-0.57934934,-2.0530782,0.19106689,0.67844534,-1.5132014,-0.030546304,-0.5105067,0.9423793,0.27728093,-0.4759152,-0.41906786,-0.67308545,-1.5168526,-2.8621507,-0.21625465,1.479988,-0.10789882
0.91589546,-1.3815925,-0.60065204,0.4307095,-1.078606,-0.37610874,-1.0714236,-1.5258272,-1.8583052,1.3730388,0.04193598,1.1285229,0.64749134,-2.049028,0.5058254,1.5542252,1.0948648,-0.51298815,0.03885061,-0.49977547,0.10364984,-0.9869309,-2.192896,1.2683702,0.48729017,-0.7280233,-4.2533593,-1.3895494,-1.4376316,-0.3590282,-3.3692935,0.69475937,-1.3625096,-0.7485417,-3.5357728,-0.99382603,-2.0149071,-1.695226,-2.6279142,-1.0110991,-3.3065393,-2.1913562,-3.7936673,-3.88464,-3.6692898,-4.683499,-2.1236663,-3.1556778,-2.022333,-2.6960318,-0.023425529,-0.23169644,1.5960752,1.379916,0.2945307,-0.42547867,-0.84601617,-0.8859513,0.98501915,1.2168262,1.2625688,1.2265966,1.0991764,2.2641203,1.4393599,1.319161,-0.31944466,1.6224084,1.6597272,-0.0423337,0.8915026,0.9518701,0.8813963,-0.36073,1.919203,0.07470896,-0.30496457,0.5951506,0.7969533,0.8739957,-1.8744664,-2.2599282,-3.9433944,-3.5175564,-3.428283,-1.7321154,0.23322493,-0.4785012,-0.52145493,-2.8388479,0.66812843,-0.16247468,0.7215382,-1.4191175,-1.2151746,-2.5861654,-4.1775413,-1.3769808,-0.03655041,-1.9905971
-0.20642298,0.27878872,-0.8206204,-0.26252118,-1.0465719,-1.2816079,-0.49768656,-1.0966405,-0.79999316,-0.25950602,1.1813384,1.9467528,3.6861212,1.6772996,1.3782904,0.15860896,0.65939826,0.7686091,-1.6901786,1.9721606,0.6409937,0.98777574,2.147592,0.53047246,1.529809,1.097318,1.318032,1.5921474,0.56263167,1.387211,-0.016003426,-0.6550465,-0.14601888,-0.0014092732,0.41336507,0.8147312,-0.7931579,-0.5458856,-0.4484845,-0.42440692,-1.125656,1.0728176,-0.55879706,0.20232007,-0.35256958,0.8026583,-0.7121257,0.42990705,-1.2167237,-0.117806874,-0.8402612,-1.2389363,0.041353807,-1.5548325,-1.7803713,-0.6009267,-0.40420356,-0.6362224,1.4551246,0.94805187,2.0531585,3.0976062,1.5106286,-0.5707439,-0.31465304,1.470228,-0.6328375,0.11137388,1.0623064,0.4095855,1.4238837,2.151758,1.5622516,0.80116516,1.1957859,1.6022887,0.7815768,1.5041007,-1.183099,0.42745394,0.92040753,-0.24257267,0.853743,1.0000054,1.1480724,1.730054,-1.9162263,2.2922387,0.092864156,-0.09923055,-0.76894575,0.61224544,-0.006749116,-1.1144522,0.4966189,-0.026800126,2.2563066,1.4826199,-1.2440616,-0.39516318
-0.9389833,-1.073864,-2.0651655,0.8969928,1.2811043,0.5239787,-0.88405204,-0.48820496,0.20773946,-0.7897954,0.87582105,1.4747329,4.0128145,-0.3176954,0.57714367,-0.18813993,0.17948852,0.24879459,-1.8568823,0.37054327,-1.5583917,0.7936932,-0.2189435,-0.2884883,1.0269104,0.36156353,1.0943893,0.3809791,-0.11410938,0.5861866,1.2349031,0.24697378,0.4038513,0.09170737,1.7724617,0.8529469,0.6632377,1.6122417,0.44527155,-0.5084996,1.7272877,0.535086,1.507609,2.3501303,1.2198112,2.233227,1.4603432,0.7492332,1.3636996,2.3493297,-0.228599,-0.30775434,0.14246611,1.615667,-0.18057519,0.17304061,0.52849156,0.32664633,0.7102186,1.160916,1.4905533,3.6758003,3.3835795,-0.4500632,-0.9694897,-1.1149801,0.96073586,0.01304697,-1.0256325,0.3833407,-0.44714904,0.20825215,0.69855887,0.33163974,-0.45588097,0.27482167,-0.1605926,1.4702638,-0.43682066,-0.6716204,0.22635767,1.9881681,1.3960103,1.2500652,0.99897057,0.058916807,-0.08970061,0.89050627,1.1347504,1.6276336,0.776991,1.2503368,0.8301857,0.949106,0.16329898,2.7287,2.735877,-0.14669566,0.79006153,2.2473414
-2.098923,-1.0860504,-0.42361522,-2.3339515,-1.4466795,-1.0221126,-0.7259209,-0.66567856,-0.0879897,-1.5905017,-0.54181,-0.46003598,0.66879463,-0.6044961,-0.5149543,-1.0502148,0.50198793,0.42552802,1.2955084,0.8905477,0.1291987,0.5527023,0.13653505,0.285437,-0.2609476,-0.4225188,0.49095893,0.5304959,0.029831342,0.8175921,0.908982,-1.0810726,-1.4994177,0.091478795,0.0289468,-0.25201297,0.20790568,-0.5852628,-0.3366899,-0.42913666,1.7861663,0.3521396,0.78544784,1.1900462,0.9659223,1.0164926,0.44983926,-0.0018495403,0.91645706,1.5715524,0.120916784,-0.56694806,-0.23765603,-0.68266255,0.10401316,-0.44058338,-0.6950727,-0.8937419,-0.60956514,0.14625716,1.2103477,2.3499553,1.3312771,-1.316664,0.22897205,-0.3155642,0.5007042,1.7771796,0.29146746,0.7937376,0.19364947,0.6551195,-1.0038148,-0.12431961,0.45382217,1.792947,0.10591842,-0.12913887,1.3895326,1.7526158,1.1200948,-0.025178725,0.21999055,-0.51207006,1.0736364,0.6962455,0.57490826,-0.15950939,0.6949339,1.190568,0.9065441,0.57816803,0.9424027,0.685622,-0.52293587,1.2818842,0.38976955,1.0812306,0.6276786,1.537591
-0.0907859,1.2920951,1.5149387,1.511421,-0.048481937,0.42806745,0.17810029,0.25779423,0.5477687,0.93645847,0.7984115,0.06733378,-0.61678046,1.4746209,-0.71608716,-0.24430417,-0.09027617,-0.7961614,-1.7316809,-0.4556071,-0.71664524,0.09636945,0.5679436,-0.818994,-0.72277117,0.4353159,0.0752374,0.31659663,0.048416898,-0.03626646,-1.4279534,-2.2763746,-1.2116914,-0.45305422,-0.09260029,-0.36821806,1.80329,-1.3005301,0.6734367,-0.2623732,0.40830117,-0.83027446,-0.6053092,0.29869804,-1.6878259,0.4938465,-1.4951068,0.72398794,0.3774559,1.1891026,-1.6618601,-0.17406018,-0.19253318,0.20749146,-0.24648115,0.97742975,-0.17615509,0.70300245,1.9247063,-0.19215064,0.86008006,-0.1939873,-0.14076738,-1.7055099,-1.913624,-0.8416013,-0.039322797,-0.45982248,-0.11230246,-1.2580751,-0.66376275,1.327002,0.11800454,0.38056508,0.3362715,0.86550105,0.6842104,0.4272671,0.08040883,-2.0564132,1.5650944,0.8977636,0.08645841,-0.106178075,-0.3404481,0.14078405,-1.6503773,0.238377,-0.5755117,0.31777954,-0.058962863,1.9846109,0.9439919,1.3909248,-0.042791083,0.19967118,-0.020940807,0.23813272,-0.81122804,-0.21506217
0.4985032,2.171742,2.1674454,1.2866588,1.163822,1.8108374,0.49617028,2.204947,2.6452157,0.406651,0.895824,0.5970659,-0.060153086,1.5152556,0.317911,-0.9306205,-0.18196115,0.34344226,-0.36098245,-0.20410939,1.025011,-0.15378763,0.44567862,0.1908491,0.32499743,0.3504802,1.0095073,0.45491973,0.563804,0.5492495,0.04522331,-1.8294269,-1.0959135,0.20982543,0.35884896,0.7839727,0.80917805,-0.123712786,0.67627746,0.14999585,0.00040828387,0.15457553,-0.08545985,0.31698188,0.22605328,0.79179233,-0.35335,1.3996863,0.037460603,-0.2399979,-0.59999174,1.3392006,0.8099058,0.36083797,1.1621261,1.8406892,0.745856,1.2054259,1.7288828,-0.092428476,0.46355227,-0.32039005,0.22597185,0.7428981,-1.0318285,0.23038347,-0.6797438,-1.164274,0.2696009,0.16289945,-0.86448836,1.0025791,-0.06580609,0.19609345,0.037565008,1.358272,1.3953696,-0.88507384,0.34801,0.13453856,0.20385796,1.8365974,1.2111522,2.088046,0.8306569,1.531189,1.1218417,2.1464038,0.43442404,0.019824965,-0.23707166,1.5187058,1.282797,0.40165251,-0.30720824,-0.10573691,0.24577722,-0.24429883,-1.2918861,0.3001227
