7Networks_LH_Vis_1,7Networks_LH_Vis_2,7Networks_LH_Vis_3,7Networks_LH_Vis_4,7Networks_LH_Vis_5,7Networks_LH_Vis_6,7Networks_LH_Vis_7,7Networks_LH_Vis_8,7Networks_LH_Vis_9,7Networks_LH_SomMot_1,7Networks_LH_SomMot_2,7Networks_LH_SomMot_3,7Networks_LH_SomMot_4,7Networks_LH_SomMot_5,7Networks_LH_SomMot_6,7Networks_LH_DorsAttn_Post_1,7Networks_LH_DorsAttn_Post_2,7Networks_LH_DorsAttn_Post_3,7Networks_LH_DorsAttn_Post_4,7Networks_LH_DorsAttn_Post_5,7Networks_LH_DorsAttn_Post_6,7Networks_LH_DorsAttn_PrCv_1,7Networks_LH_DorsAttn_FEF_1,7Networks_LH_SalVentAttn_ParOper_1,7Networks_LH_SalVentAttn_FrOperIns_1,7Networks_LH_SalVentAttn_FrOperIns_2,7Networks_LH_SalVentAttn_PFCl_1,7Networks_LH_SalVentAttn_Med_1,7Networks_LH_SalVentAttn_Med_2,7Networks_LH_SalVentAttn_Med_3,7Networks_LH_Limbic_OFC_1,7Networks_LH_Limbic_TempPole_1,7Networks_LH_Limbic_TempPole_2,7Networks_LH_Cont_Par_1,7Networks_LH_Cont_PFCl_1,7Networks_LH_Cont_pCun_1,7Networks_LH_Cont_Cing_1,7Networks_LH_Default_Temp_1,7Networks_LH_Default_Temp_2,7Networks_LH_Default_Par_1,7Networks_LH_Default_Par_2,7Networks_LH_Default_PFC_1,7Networks_LH_Default_PFC_2,7Networks_LH_Default_PFC_3,7Networks_LH_Default_PFC_4,7Networks_LH_Default_PFC_5,7Networks_LH_Default_PFC_6,7Networks_LH_Default_PFC_7,7Networks_LH_Default_pCunPCC_1,7Networks_LH_Default_pCunPCC_2,7Networks_RH_Vis_1,7Networks_RH_Vis_2,7Networks_RH_Vis_3,7Networks_RH_Vis_4,7Networks_RH_Vis_5,7Networks_RH_Vis_6,7Networks_RH_Vis_7,7Networks_RH_Vis_8,7Networks_RH_SomMot_1,7Networks_RH_SomMot_2,7Networks_RH_SomMot_3,7Networks_RH_SomMot_4,7Networks_RH_SomMot_5,7Networks_RH_SomMot_6,7Networks_RH_SomMot_7,7Networks_RH_SomMot_8,7Networks_RH_DorsAttn_Post_1,7Networks_RH_DorsAttn_Post_2,7Networks_RH_DorsAttn_Post_3,7Networks_RH_DorsAttn_Post_4,7Networks_RH_DorsAttn_Post_5,7Networks_RH_DorsAttn_PrCv_1,7Networks_RH_DorsAttn_FEF_1,7Networks_RH_SalVentAttn_TempOccPar_1,7Networks_RH_SalVentAttn_TempOccPar_2,7Networks_RH_SalVentAttn_FrOperIns_1,7Networks_RH_SalVentAttn_Med_1,7Networks_RH_SalVentAttn_Med_2,7Networks_RH_Limbic_OFC_1,7Networks_RH_Limbic_TempPole_1,7Networks_RH_Cont_Par_1,7Networks_RH_Cont_Par_2,7Networks_RH_Cont_PFCl_1,7Networks_RH_Cont_PFCl_2,7Networks_RH_Cont_PFCl_3,7Networks_RH_Cont_PFCl_4,7Networks_RH_Cont_Cing_1,7Networks_RH_Cont_PFCmp_1,7Networks_RH_Cont_pCun_1,7Networks_RH_Default_Par_1,7Networks_RH_Default_Temp_1,7Networks_RH_Default_Temp_2,7Networks_RH_Default_Temp_3,7Networks_RH_Default_PFCv_1,7Networks_RH_Default_PFCv_2,7Networks_RH_Default_PFCdPFCm_1,7Networks_RH_Default_PFCdPFCm_2,7Networks_RH_Default_PFCdPFCm_3,7Networks_RH_Default_pCunPCC_1,7Networks_RH_Default_pCunPCC_2
0.6314592,0.17439193,-0.8745273,-0.8735103,-1.2246892,-1.2597616,-0.53322935,-0.33584505,0.003339749,-0.6381466,-1.2494316,0.14960842,-0.27696735,0.029162386,-1.1631238,0.2368275,-0.14089018,0.4426786,0.08864005,0.8645915,-0.4640461,0.1062845,-1.1339189,0.65545285,-0.7155966,-0.28644797,0.6599439,0.10113979,-0.010460012,-0.4478626,0.4921769,0.80756253,0.86262023,1.1463481,1.9089955,1.8556676,1.1098926,0.5411529,-2.0083182,-1.050105,0.9434601,0.5796347,0.77357346,0.28564477,-0.0069115837,1.1999048,0.4142369,0.23119865,-0.033180453,0.94093776,-0.95208675,-0.35539648,-1.1229553,-0.30407164,-1.1697559,-0.90962267,-0.10512768,-0.27924624,-1.0854454,-1.0871366,-0.00050563837,0.17584354,-0.23089698,-1.3849422,-0.7331769,-0.13200048,-0.27236554,0.595042,-0.7995607,-0.5160764,0.24650057,-0.1885258,-0.60077286,-0.28346673,-1.4863098,-0.49904206,0.91261744,-0.028187321,-0.77995247,-1.15432,-1.5578132,0.5505892,0.21770857,0.5767951,0.35546896,0.3798169,1.0305508,0.1947024,1.983061,0.062478878,-1.1579432,0.15083046,-1.6779869,0.83341885,0.11573787,0.6665109,0.12472961,-0.009126188,0.07514914,0.15967181
0.06217174,0.5359194,0.56027627,0.35436502,0.1730187,0.6875904,0.79101074,-0.104160234,1.1642414,-0.3232966,3.1521235,1.2788221,1.9322644,1.1166068,0.85430866,-0.5090033,0.26650813,0.8361338,0.63526785,1.9678237,0.10719729,1.2970678,0.26775655,0.23403636,0.62630874,2.4133909,1.0481293,0.57345206,0.110374905,0.010270286,-1.5259198,0.49967435,-0.30819714,1.2192998,1.9924946,1.168523,0.06921461,0.91209984,1.3111572,1.1015791,1.4898874,0.9715299,0.51636624,0.15260822,0.7513301,0.59214884,0.88222575,0.15947527,0.2123237,1.7900369,-1.5539472,-0.5401562,-1.1729091,-0.65254027,0.25158504,0.43658534,-1.2991863,0.42377222,-0.9839492,-1.0400343,0.43775216,1.2683485,-0.943837,0.0029254833,-1.8063853,0.273436,-0.60084456,-0.73136675,-0.54616153,-0.9182822,-0.049596135,0.29553515,-0.08641143,1.1902264,-0.8583511,1.2685223,1.3537859,-0.18025446,-0.06490226,-0.33183596,-0.40308496,-0.07872353,0.4204013,0.52114135,1.026809,-0.9632283,0.13986264,2.4267974,-0.55133796,0.24355032,-1.5290927,0.44060954,-0.18411195,-0.016267367,0.56493485,0.98879206,0.7420188,-1.0323747,-0.7457893,-0.5845522
0.16256462,0.24974655,0.4175324,0.24590935,-0.11268574,0.20596036,0.36270866,-0.055567056,-0.11139141,0.35504276,0.7974281,0.9682976,1.3081326,0.6308475,0.79719275,0.24444924,-0.07889524,0.75250137,0.70641124,1.7300243,0.648894,-0.43089342,-0.17834601,0.7720431,-0.60326934,0.559926,0.69834083,1.3831574,1.2641454,1.8756874,-1.7220111,-0.72057843,-0.3505552,1.0764697,0.4263587,1.0182514,0.41009986,-1.082614,1.8213582,1.1333884,0.3977212,0.7849395,-0.9729011,-1.3648436,-0.11746066,0.0026089903,1.6553751,0.16170084,-0.17400469,-0.37178665,0.53602374,0.65516996,0.68336964,-0.18073015,0.41221485,0.3509532,0.19177581,0.00581419,0.80347615,1.2319217,1.9346325,3.0179505,2.70382,-1.3008562,1.0769248,0.64222157,0.67216474,0.28168938,0.5701366,0.67135555,2.3079834,0.629595,1.3476609,1.3074033,1.4954379,1.4330136,1.2519599,2.1447663,-1.535187,-0.5160604,1.5508915,-0.24542591,-0.3274926,0.9725765,0.8772603,0.30254704,0.6984522,0.50343233,0.5629486,0.502224,0.63643533,0.6447627,1.2811443,0.48556137,0.5920867,-1.4462339,-0.048511438,-0.65765315,-1.1503683,-0.97938144
-0.28235182,-1.7708073,-0.5918941,-1.2223206,-0.89084876,-0.33316356,-1.7462295,-2.4997425,-1.8160958,-0.10020805,-0.53486514,-1.2705495,-1.3012843,-0.4965157,2.4021378,-2.093337,2.0506952,-0.75662553,-0.8693817,0.43010977,1.1759665,-1.2959383,-1.0236084,1.6668725,-1.9575639,-2.358334,-3.2852385,-2.9933233,1.5020626,-1.0285184,1.1203386,0.67036265,1.183118,1.6227738,-2.60127,0.32578743,0.69862336,-1.2582482,1.7715129,0.18714525,-0.47892243,-0.8483771,-3.639546,-3.5885923,-3.211636,-3.976101,-2.2242088,-3.9727728,-0.41729334,0.63970613,-0.8390925,-2.8050644,-1.9283375,-2.0010738,-0.46136966,-0.350521,-0.95936424,-1.9806994,-1.4151419,0.13345525,-0.9936537,-0.074805155,1.2308394,-1.2418226,1.9262637,0.42954433,-0.44450438,-1.247715,0.50618804,-0.13659006,1.8625637,-1.1992329,-0.3771032,-1.38394,1.847831,-1.7892836,1.4441689,-0.3014495,0.8078182,-0.2265445,1.4920771,0.2861646,-2.8801584,-3.0038807,-2.7577343,-2.0602272,1.3151642,-3.7682421,0.47855702,0.39513296,-0.25213578,-2.4106915,0.026924515,-1.7651163,-2.4771495,-3.627303,-3.701022,-2.9543896,-1.3731991,0.13189529
0.5171736,-0.96791846,-0.6325023,-1.621061,-1.4616712,-1.8641275,0.29163265,-2.0471094,-1.5182279,-0.7277836,-1.5354882,0.50785476,-1.725759,-0.812644,-0.37680268,-1.1641133,0.50216496,-1.7856946,-0.7329587,-0.5392477,-1.0525699,-0.9309284,-0.6753787,0.2654828,0.08947859,0.5907794,-1.0421466,0.2166449,-0.636208,-0.7090232,1.5088528,0.04758934,-1.0092826,-1.8980021,0.18951415,-1.7410431,0.070191614,0.23735498,-0.14172523,1.0978078,-1.4915913,-0.72015506,-0.8515275,-0.015731132,-0.17220266,-1.165024,-1.6575004,-0.8998603,-1.0563064,-0.8879161,-2.7537541,-1.5279254,-1.8265772,-2.0578973,-1.2572337,-1.4832667,-2.2588542,-1.8046697,0.6132671,0.4595706,0.34386614,-1.9734408,-2.283251,-1.7190096,-1.110792,-1.7902652,-1.6326932,-1.7927471,-0.3764956,-2.0172727,-0.87966806,-0.6079748,-1.156705,-0.054737702,0.24007156,0.12733305,-0.12870875,1.0519767,1.6395084,-0.11348119,-0.19999506,-1.1643465,-1.2220107,-0.59559953,0.07685993,-0.9850235,-0.41420025,0.3142859,-1.0781324,-1.1015757,-1.8675702,-1.1576427,0.19173063,0.7294728,-0.9577328,-0.18076849,-0.92331004,-1.204882,-1.7976208,-1.2071863
-0.9252362,0.44835794,-0.9914324,-0.6518445,-0.7566694,-0.99078286,-0.19499454,-0.15532869,0.43368873,0.8910938,-0.15632771,0.89683855,-1.0696656,-0.16081911,-0.42186323,0.7120177,0.8473333,0.060062,1.775761,1.4651024,1.107082,-0.02004552,0.1288081,0.6031356,1.1105206,0.62884563,0.11535547,-0.015983984,-1.3735365,-0.9795217,0.7696965,-0.09805428,-0.24127702,0.19798157,-0.19181217,2.2160683,2.168465,0.3336727,0.45650378,1.2429125,0.34423405,0.21126717,0.29923913,0.93428457,0.61234874,0.60457844,-1.3877661,-0.08682147,-0.17973289,0.5736961,0.56797594,-0.108049214,-0.621717,-0.5468875,-1.267546,-0.6159195,-0.8071022,0.20215413,0.42285174,0.39903298,0.49455518,-1.8075768,0.32328197,-0.303176,0.33665326,-0.33329016,-0.7088725,0.47546962,-0.34087798,-0.15066883,-0.81961274,-0.97515225,-0.46963912,0.3407868,-0.116891816,0.7690875,-0.13311389,-1.2442312,-0.5237235,1.6473535,0.29881227,0.15202908,0.13140714,0.842243,-0.2604054,0.1577187,1.0782952,-0.0598257,1.3435843,-0.76874554,-1.5217932,-0.4467239,-0.47100517,1.6298127,-0.5527814,0.7317681,0.22893485,-0.44626558,-0.1958216,0.66404486
0.8734147,-0.56069374,-0.15494902,-0.60476166,-1.1452744,-0.3154849,0.6899639,-0.65213734,-0.13209687,-0.4201739,-0.8385099,-1.3884369,0.36953402,-0.13820714,0.72382945,1.4729961,-0.18703443,-0.8734574,-0.088322826,-0.31882063,0.61164254,-0.8990576,0.06031641,-0.3760604,-0.33210668,-0.110541925,-0.20349516,-0.9956188,-0.8150362,0.63197386,0.84965014,0.8758443,1.2684511,-0.3727051,0.3147388,-0.37209934,0.67390954,0.031686507,0.8053042,1.0876311,-0.16384828,0.3410768,-0.13991007,-0.20117873,0.3623965,0.3676146,0.8391011,-0.47670907,-0.17759351,-0.2657931,-0.19363433,0.040422577,-0.045230415,-0.7032536,-0.68531865,-0.41273886,-1.4729009,-0.68420887,-0.5345789,-0.9848119,0.36106777,-0.7845222,-1.594384,0.12846644,-1.8341429,-0.44838563,-0.4622546,-2.7640965,-0.5648402,-0.43308187,-1.48462,-1.1464452,-1.7714183,-0.12286269,-1.4375181,-1.2943972,0.00064019713,-1.0301951,-0.162883,0.90963626,-0.76765436,-0.12959573,-0.5647307,-0.76037383,-0.52469176,0.5050625,0.25141767,-0.14167204,0.28753453,-0.4717053,-0.8762236,-0.06165389,-0.5752202,-0.075125314,-0.4309721,0.3228476,-0.5024162,0.44215718,-0.39877495,-0.14309293
0.89017534,-0.6133214,0.17943001,-0.030638868,-0.4001721,-0.9886236,0.51630545,0.08353865,0.26015267,-0.96042675,-0.0450582,-0.64537275,-0.24863222,1.4507775,1.3315322,1.0249937,-0.26909688,0.40110937,-0.766189,-0.9144982,0.113905944,-2.6609888,-1.3402659,-1.1824831,0.5542604,-0.6460539,-0.14015219,-0.5739044,-0.24312344,0.20834912,-0.13204205,0.87859684,0.14656398,-0.96390975,-0.5126628,-0.0018831958,0.5520106,0.67229754,-1.1224471,0.01714724,-0.93159074,-0.804593,0.73613906,0.0017975462,0.84840214,0.093208455,-0.20115672,-0.93859375,-0.82217795,-0.27561775,-1.6311942,0.69580454,-0.038672008,0.2845189,-0.48718196,-0.43888408,-0.75479245,0.03281633,-0.1026826,-1.0196391,-0.22892663,-0.588247,-2.254603,-0.4058044,0.35768223,0.6867155,-0.24905747,1.3253819,-0.8867673,-0.29687768,0.0071647884,-0.74523234,-1.1088119,-0.4401133,-0.59977555,-1.137227,-1.7750059,-0.20142892,0.9214046,-0.2753497,-1.140587,0.79061246,0.53592,-0.046288382,-0.39241987,-0.52906334,0.46037436,-0.69598776,1.0647035,-0.55486876,-0.8933069,-0.13430847,-0.91493684,-0.32697046,-0.9954949,0.15774867,0.19960152,1.2382063,-0.3830389,0.64033943
-1.6542861,0.049142063,-1.0890684,0.46057203,0.9839023,0.38853505,-0.49601257,0.06223707,0.7062859,-1.9438336,-1.2030711,-0.31665835,-0.20117733,-0.05651894,-0.40220466,-0.5959271,-0.113019004,0.24761206,0.49788985,-0.8653922,-0.7640924,0.79066414,-0.10832306,-0.95071113,0.30501807,-1.0619211,0.008198873,-1.0550829,-0.994709,0.8527258,0.2833362,-0.8428136,-0.46485534,-0.6221003,-0.19938274,-1.1093117,-1.9459959,0.20860215,-1.5730139,0.68566674,-0.021734871,-0.6989646,-0.5388725,0.9064119,0.9562915,0.5177803,-0.45450798,-0.52943873,-0.17978671,-0.4906854,-1.9511671,-0.8694323,-0.37297112,0.62606,0.28088015,-0.04688662,-0.7724709,0.5192995,-2.8986204,-0.083125755,-1.1949995,-0.006722229,0.19981383,0.18372004,-2.0219092,-0.6120401,-0.63534474,-0.8436256,0.26406273,0.6231468,-1.0082575,0.027941965,-0.55105543,0.6499587,-1.3431774,-1.8883005,-1.0931611,-0.44122928,1.568686,-1.8458942,-0.0034287316,-0.0042465124,0.54237235,-0.13210155,-0.019270347,0.5559882,-1.1868095,-0.0046248087,-0.44665536,0.0059269406,-0.6640493,0.5216277,-0.9306636,-1.0602329,-0.7005947,0.2234926,0.32691306,-0.52427095,-0.5755453,-0.95839924
-0.040875357,0.71287763,0.33420262,0.32406148,0.39084703,0.95472276,0.59198964,0.7296751,0.71694636,-1.8222811,0.6041521,1.5116651,0.004515596,-0.34195474,-0.60558707,0.7318153,-0.4932505,0.73592275,-0.31161913,-0.0888637,-0.13179177,1.2928027,0.61547834,-0.46916732,0.3808938,0.19606459,0.9072507,0.30968013,-0.8141889,-0.76972395,-1.3129442,0.67865485,-1.5910797,-0.34595945,1.07221,0.46220013,-0.049129393,-0.018909344,-0.77133536,1.1448665,0.3142232,-0.35140577,0.5835165,0.4027217,1.0549241,0.16133517,1.4422892,1.0623429,0.5482709,-0.23177573,0.77053916,0.48761204,0.80453944,0.5256388,0.39427516,-0.5949091,0.14651644,-0.36488107,0.026912427,0.3916637,0.6244644,-0.23860075,-0.31555134,0.49286702,-1.0011166,-0.7801069,-0.490604,-0.52378297,-0.074255355,-0.16444145,-0.2722376,0.045874167,0.13763589,0.1582069,-0.66398674,0.500129,0.18682134,0.827286,0.5999412,2.352871,-0.36177614,-0.42054954,0.5406826,-0.03462649,0.1655965,0.74343014,0.5121167,0.2684667,-0.20719364,0.1961047,-0.13146786,-0.54108715,0.3229155,-0.39921054,0.45918742,0.70925754,0.97868574,0.17460348,0.3385332,-0.29155585
-0.18020818,-0.12933755,-0.92864496,0.10684769,-0.04789822,-0.19282553,-0.5685791,-0.4057592,0.51651704,-1.6538235,-0.7685598,0.5040672,0.42876443,-0.45873806,-0.5308546,0.2892232,-0.31246236,0.434731,0.3815,1.0206171,0.1101177,2.313042,1.0816547,0.11855256,1.309336,0.8584066,1.3292701,0.40542606,-0.46742466,0.33363113,1.0293283,0.58310866,-0.576347,-0.34542194,0.7335496,-0.5298192,-1.6783913,2.046306,0.013499118,0.38700283,-0.7210072,0.18161286,1.1115731,1.4566032,0.9509607,1.1338018,1.8076055,0.43306068,-1.2696369,-0.53099114,0.8746002,0.13041157,-0.5612052,0.45162058,0.07511822,-0.4541212,0.3082805,0.20161925,1.229684,0.8049115,0.4157571,0.32434446,-0.09761745,0.744828,-1.97425,0.117755145,-0.56444746,-1.0060723,0.086230524,0.117786966,-0.40854606,1.5108624,1.1749092,0.49089435,-0.84444386,1.281765,-0.50076514,0.59916943,0.44419447,0.2351888,0.071029045,-1.1188548,0.17227207,0.10814616,0.82084143,0.17986979,-0.9198338,0.5465501,-0.932807,-0.46230033,-0.13545908,0.9006344,0.56363004,-0.30548227,1.0970442,0.88609743,1.2753705,-0.21903805,-0.7897433,-1.1241901
0.22745833,-0.09723762,-0.24477653,0.20721573,0.13212064,0.8204639,0.23949753,0.0740572,-0.07740544,-0.3690112,-0.32878444,-1.0008931,-0.4009659,-0.0904691,-0.8426382,-0.7203132,-0.53012407,0.08520133,1.797229,-1.2326517,-1.3540369,0.4986396,-0.7968131,-0.5575266,-0.53281814,-0.44670525,-0.14074722,-0.004399632,-0.37426716,-0.18493429,1.4851959,-0.19257998,-0.09349596,0.39102033,0.38097042,0.3724908,-0.8950152,-0.65572155,-0.37042886,0.39862877,-0.4215623,0.7615065,0.04893123,0.45441458,0.055672273,0.31425196,-0.863664,-0.029198337,-0.424512,-0.2943653,-0.21925406,-0.60785604,0.044590626,-0.69981843,0.36510414,-0.39292762,-0.42916167,0.89921546,0.06546385,-1.914936,0.9624629,0.17727657,0.31264722,0.6898576,0.050795652,-0.48017302,-1.0853392,-1.1462033,-0.38870963,-0.52292365,-0.8078483,0.74561656,-0.35324228,-1.3698404,-0.29640448,-0.45312378,0.84905225,-0.40439975,1.0780766,1.552672,-0.0027332676,-1.0923284,0.3957804,-0.628452,0.65737885,0.11478608,-0.9561758,0.07211096,-0.79795545,-0.77505517,-0.019038385,-0.08489325,-1.2485654,-0.86071575,-0.2849484,-0.29532287,-0.0214791,0.96872944,-1.0279623,-0.7565405
-0.33873576,-1.5889227,-0.73492676,-0.34254265,-0.33438033,-0.28770015,-0.75273,-1.3602331,-1.3162421,0.6534144,0.5168365,2.2497158,-1.3653003,-1.0660957,0.95782346,-0.084609754,0.90377903,-1.2885816,-0.83734125,-0.4791238,-0.01898936,-0.41117838,0.59560746,1.5223215,1.4981122,1.6550356,0.60715216,1.9674706,1.7372165,2.5104258,1.1837865,0.15166286,-0.30838346,-0.39385203,0.379809,0.7200403,1.3335629,0.8889328,-0.5109416,0.5768084,-0.777044,2.1476936,-0.1649224,1.5041965,-0.05639091,0.56016374,0.39819336,-0.34574005,0.051490445,0.13119876,0.09292208,-1.3014534,-1.4470483,-0.75339776,0.15435578,-1.2103802,-1.5670187,-0.89530694,1.7843697,1.4215721,2.4465072,0.43926477,-0.77192676,-0.67100686,-1.0774875,1.8497663,0.023246868,1.0653896,-0.8531336,-1.206655,-0.3048471,0.40473384,0.17953958,1.5732557,1.8989102,1.9711889,1.2358326,2.3756769,0.08803101,-0.40879956,0.22479407,-1.374016,-0.42074332,-0.08950183,-0.05018216,0.37014645,0.29841062,1.5726122,-0.8087743,0.40719727,-0.743746,1.0213705,0.942802,0.512038,1.7663488,0.7631975,0.7122591,0.53018916,-0.6565126,-0.65466106
-0.97065437,-2.4602714,-2.3619814,-2.3098152,-2.107818,-0.67576635,-1.7521505,-1.6161262,-2.4614558,0.36627367,-1.0071837,1.7957033,-0.6856,-2.3010907,-0.39167458,-2.202719,1.537731,-1.4895697,-0.6083197,-0.93756914,1.4133719,-0.718465,0.3063808,1.7864423,1.9098352,1.2742364,-0.35656053,0.449061,0.45287699,-0.4576605,0.109728545,-1.154925,-0.29692248,-2.2110972,0.046786048,-0.0054214345,0.7818155,-1.2117059,-0.75458896,-1.9271672,0.18585145,1.27748,-0.102026045,-0.008651262,-0.40537068,0.54245985,-2.1108015,-1.0034591,-0.4054336,-0.011188161,-1.4745419,-2.2725139,-2.042636,-1.8866602,-1.7155325,-1.6355258,-1.6130038,-1.6691949,0.023223737,1.234916,1.8450253,-0.45053744,-1.7435979,-0.66160405,-0.28880918,-0.35555744,-1.2853339,1.6162933,-0.9475762,-1.944021,-0.9711407,-0.3109499,0.31807578,0.091998644,1.8696562,0.77778876,0.43025187,1.4025136,0.23487532,-0.22434649,-1.0700145,-1.5615528,-0.8191843,-0.6847844,-0.87137294,-0.9415312,-0.93963337,-0.44552168,-2.043754,-1.2229872,-2.1445239,-1.3190378,-0.3730431,-0.17793268,-0.23766339,-0.19075394,-0.7243471,-0.4870332,-0.2267489,-0.6204333
-0.12749285,-0.34271514,-0.035960715,-0.38038746,-1.4526904,-0.62030566,-0.40955737,-0.014554585,-0.4746372,-1.2154131,1.2632507,1.3940015,-1.0875312,-0.49678805,-0.9506245,0.61458313,1.0157617,-1.0483118,0.26933563,-1.2906972,0.84558815,1.019477,0.38054433,0.50525904,1.6880614,1.2456616,0.69994473,0.2176314,0.2639279,1.528465,0.95360833,-0.7385443,-0.32821983,-1.75812,0.48707244,0.09602828,0.5561539,-0.7430198,-0.07737984,0.033631213,-0.2498273,1.4657916,0.4173511,0.9649471,-0.10269611,0.5662358,-0.59809256,0.13711949,-1.0186341,0.20734803,-0.3168518,-0.4110298,-0.63922024,-0.35342312,-1.1211991,-0.6595824,-0.3643766,-0.62314713,1.5856131,0.32364458,0.6904796,-1.0027295,-1.4092346,0.42036295,0.068855435,-0.49752635,-1.5216717,1.4869995,-0.33704638,-1.2060132,-0.96783835,-1.0100546,-0.6007118,-0.46630287,1.5184005,1.2537702,0.7286457,1.891865,-0.12680729,0.21100959,-0.6617907,-1.446023,-0.71249175,-0.47534913,0.34903845,-1.4809372,-0.7916824,0.40366575,-1.6110392,-1.385799,-0.7976315,1.295067,0.28139484,-0.14965838,0.28159654,0.76557976,-0.16411762,0.06784736,-0.52003825,-0.83888066
0.29502258,-0.7918551,-0.6654263,-1.5869404,-1.4575894,-0.56430984,-0.47732043,-1.0183878,-1.3580831,1.790411,0.7299203,1.02433,-0.9857114,-0.18896587,0.31028593,-0.0044280346,1.2594327,-0.64528674,0.57605976,0.3382739,0.2395687,0.96535,-0.72929996,0.2113512,1.128316,0.7341656,0.85767555,0.2666125,0.9184871,0.19256243,0.99932694,0.39625517,-1.3104885,-0.50676244,0.73304194,0.70329714,0.91613626,0.89353776,0.5264579,-0.11837056,-0.9252269,0.46426377,0.135173,1.0860826,0.4256522,0.575111,-0.0004895471,0.65498465,1.0176567,1.0614861,-0.0763751,-1.0753069,-0.6282716,-1.4954673,-0.9535534,-0.38348165,-1.1683999,-1.0269842,2.2056613,-1.2170665,1.6993177,-0.8086561,-0.5152827,-0.2573715,1.0163015,-0.31523928,-0.13987032,2.2186444,0.37511757,-1.1222193,0.5688381,0.43403304,0.39276376,1.107593,1.9121001,0.5411693,0.77502066,0.78859234,0.3899672,0.59997267,-0.981127,0.42355794,0.026087623,0.08342069,-0.026132723,-0.8654531,0.10295969,1.055323,0.09760751,-0.6775146,0.26174137,-0.22962938,0.08654707,0.26196712,-0.38967288,0.9586379,0.19259866,-0.15260202,0.6845849,-0.20718764
0.10718024,-0.93234843,-0.38408104,-0.9236913,-0.84907,-0.76082104,-0.26509765,-0.389088,-0.422593,1.7966989,0.9086155,0.17029737,-0.21025415,0.44052964,-0.6852898,0.62054294,2.496482,-0.33110648,0.5861835,-1.165326,1.1868227,0.69397247,-0.22938333,0.08791724,0.39958778,0.5347618,-0.52090347,-0.3759497,-0.29591998,-0.0901941,1.054386,-0.06510884,-0.8015377,-0.48220927,-0.07410382,-0.2689523,0.76999587,0.6614073,-1.2129194,0.2353413,-0.6922045,-0.19676463,-0.25343752,0.9737631,-0.3406768,0.0712608,0.18883936,0.28939572,0.16697563,-0.045391645,1.3474348,-0.7911978,-1.0668801,-1.3636197,-0.6705861,-0.39725676,-1.0914294,-0.5840981,0.384928,0.41364983,0.7655539,-1.5549185,-0.5422467,-0.1272043,0.63967407,-0.15697743,-0.5145536,0.09844603,-1.1122591,-1.8218873,-0.14754593,-0.9111945,-0.9346541,0.5907691,1.4827515,0.104234606,-0.14738652,-0.3122545,-0.09703456,1.7165703,-0.86148083,-1.5559582,-0.62394863,-0.8450741,-0.4959421,-1.9382002,-1.0656263,-0.198368,-1.7895279,-0.7585794,-1.294596,-0.35941434,0.57429916,-1.599953,-0.13471524,0.41238433,-1.224319,-1.0103638,0.08730993,-0.31430453
1.7022133,0.49303862,-0.075914375,0.7427759,0.08140334,-0.19518776,0.31052792,0.5717334,0.70305634,0.23209922,-2.36553,-0.7153577,0.09127031,0.40730783,0.89248025,2.668857,0.8183752,0.10324873,0.014325974,-1.8813065,-0.45802698,0.106101245,-0.40399477,1.0813673,1.6031631,0.4072458,0.5798578,0.37196496,-0.6962637,1.501892,0.20349476,0.9586538,0.5708066,-0.41685122,0.1243876,-0.84129584,-1.9375464,1.1215655,-0.14163338,0.4095638,-0.2872216,-0.41495255,0.083552286,-0.08199416,0.5703309,-0.074342646,0.8928934,1.5287017,-0.40593216,-1.4554728,1.0164665,0.3347856,0.003335379,0.028177414,0.33313814,-0.23592985,0.31927428,0.12794533,1.0419054,1.1595507,0.92697734,0.69426334,0.97436273,0.6497463,-0.21455225,0.35253838,0.19859782,-0.6741998,0.19914429,-0.7539456,0.6364608,-0.26544082,0.70109904,0.61821586,0.8723849,0.4753052,-0.15537348,1.7332878,2.1746836,1.4844097,-0.68253464,-1.0553225,-0.457609,0.10045741,-0.3155582,0.3477451,-1.2499073,0.5049293,-1.0474672,-1.1437961,-0.2980284,0.7505513,0.054970283,0.08083173,0.70023656,0.27426833,0.15965019,0.6009481,-1.927074,-1.1507488
-0.62364703,-0.03927397,-0.49635497,-0.25686848,0.36628252,0.28205848,-0.85510933,0.016061293,-0.7222275,0.06361998,1.1346252,-0.24779546,0.96859175,-0.60321265,-0.4448159,-0.7154772,0.34570864,1.3361574,1.8388823,0.44335502,0.69253796,1.2870344,1.8308882,0.83428395,0.1041322,0.8496277,-0.7505112,-0.29583877,0.7603723,-0.57452464,-0.31352723,0.373521,-0.58334607,0.38904747,-0.4487128,-0.49976265,0.3947163,1.0485864,0.80409205,-0.28034282,0.85194504,-0.60715985,-0.5869917,-0.21372122,-0.095193364,-0.020740828,-0.31427607,0.39613095,0.20746754,-0.18045756,-0.97637546,0.7271713,-0.11762129,0.13125516,0.6095767,-0.12595123,0.4973091,-0.6851849,1.3283165,1.0141861,-0.3163406,-0.2761237,0.81322294,0.3135907,-0.43976897,0.6947167,-0.13464278,-0.3554922,1.0514052,0.32223284,0.07790007,0.45413205,0.23309937,0.4159082,-0.32806224,0.5335792,-0.25849003,0.24265249,0.9040966,-0.07568311,-0.32599625,-0.22744891,-0.43899876,-0.07996038,-0.5090508,-0.76723784,1.4013327,0.33559442,0.0518567,-1.1852996,0.0018480403,0.069947325,0.13919051,-1.1665275,0.46539032,0.13117793,0.01582538,-0.10352867,0.48679116,0.0897308
0.30835027,-0.18552129,-0.37189314,-0.2876378,-0.4313349,-0.95971805,-0.70837235,-0.7358201,0.14274165,0.13721958,1.7926023,-0.29269147,-0.77577174,-0.25057837,-0.31714725,-0.38042682,0.07503886,0.9030082,-0.6619351,-0.23726727,0.08647479,-1.8790628,-1.0077841,-0.4087465,-1.310252,-0.20090571,-0.851332,-0.035369676,-0.12103754,-0.05864184,-0.07538548,-0.26540497,0.70596385,1.3852899,-0.666381,1.2768368,1.1927794,-0.057900157,0.3460938,0.19398421,0.7304021,-0.821608,-0.6509671,-0.42882317,-0.9651911,-0.7900429,0.3497896,-0.20449045,-0.59551644,0.6880483,-1.101576,-0.07782588,-0.18004511,-0.5417079,-0.2470396,-0.3035386,-0.10393479,0.0077885813,-1.1254846,1.2350829,-0.055904698,-0.97608703,-0.27644488,-0.028914124,0.77966785,0.585878,-0.4104855,-0.2269848,1.2320954,0.32937026,-0.54493874,-0.21180727,0.0503007,-0.42340094,-0.515084,-0.08415646,-0.5206635,-1.358691,-0.87448686,-1.1440947,0.35813054,1.1760608,-0.2965861,0.04239759,-0.82390755,0.2885637,1.7638927,-0.34739074,0.5465003,-0.98340803,0.8398694,-0.73639655,-1.3649719,0.50150317,-0.74545866,-0.34844154,-0.36631274,0.37822607,0.38045487,0.610238
-0.84974414,-0.3434965,-0.46785507,-0.14791273,-0.43423873,-0.5562849,0.28727928,0.05601036,0.32488027,0.7510177,-0.4829589,-0.25922266,-0.3648903,0.7505619,-0.027899856,0.9261893,-0.3400448,-0.60930264,-1.1408747,-0.30998555,-0.5935858,-0.8860782,-1.4417644,-1.5747852,0.17697696,-0.51666075,-0.609946,-1.1190021,-1.1968358,-1.2840165,1.036766,0.23414962,-0.036536183,0.2801866,0.27323794,-0.072509125,1.0640836,-0.81043833,-0.54106504,0.8833201,-0.19057998,-0.16994704,0.71574754,-0.6630703,-0.7353745,-0.118547596,-0.86760384,0.65200007,-1.1276361,0.56359076,0.4132163,0.9152304,1.3690838,0.7937567,-0.5506047,-0.30045784,0.54636794,0.6108017,0.3681583,-0.705638,-0.29612723,-0.42015544,1.143689,0.4977366,0.32799333,0.22978605,-0.0123581635,0.036501046,0.6449465,1.1021266,-1.1225947,-0.027268626,-0.80891275,-0.11679898,-0.39226153,-1.2209232,-0.5438864,-0.6831676,-1.2086396,-0.30394176,0.04384664,0.849498,-0.07017836,0.709082,-0.7401333,0.31413072,1.0738766,-0.8743626,1.7196568,0.78740287,-0.22365686,-0.07954175,0.06545333,-1.6286722,-0.8297454,-0.08813507,-0.69103813,0.20531552,0.32084757,0.892394
-0.2702056,-0.22028905,0.8681056,0.21887195,0.25317177,0.6905134,0.47112042,0.4570457,0.16859771,-1.3095582,-1.2376248,0.5805465,-0.40739346,-0.0689209,-0.09626176,0.6984773,-0.56413066,0.13010642,0.2758484,0.6855131,0.72052383,-0.14825124,-0.41844773,-0.5867222,-1.7022574,-1.4117503,-1.8483667,-1.5822781,-2.1981936,-2.0840328,-0.20933029,-1.6286763,-0.06994516,1.1049798,-0.065785415,-0.28386295,-1.2925115,-1.448035,0.7325631,1.3667502,0.06281937,-0.6353002,-0.5398338,-0.8841281,-0.7117881,-0.4816985,-0.14425248,-0.9351691,-0.031541005,-1.170129,0.7080171,0.08413403,0.3457863,0.56292003,0.41926438,-0.2647703,-0.09921603,0.06431324,-0.8870656,-1.1964217,-1.4604261,-1.1291636,0.06820295,0.5680478,-1.0798432,-0.19388382,-0.59516144,-0.4101815,0.3737372,1.2593879,0.20741317,0.9288415,-0.15273339,-1.4972208,-0.63173586,-0.6416202,-0.67601424,-0.9446454,0.8932071,0.48250172,0.3216936,0.7039108,-0.018284228,0.15897585,-0.7704196,1.2420077,0.6209803,-0.80709046,0.96417254,-0.63961196,0.78185123,-0.13269146,-0.9402984,-0.3300714,-2.3142407,-0.27119553,-0.64858603,-0.39734554,-0.30580682,-0.36945158
-1.3194606,-0.26118195,-0.35516256,-1.0250423,-0.4268787,0.19874674,-0.90525645,-0.94093573,-0.632366,-0.71489215,-0.22257881,-0.7424975,-1.2377561,-1.3877872,-2.7187574,-0.77689344,-2.1668355,0.3302806,-0.61887,-0.80182064,0.3842622,-1.9561203,-1.8019818,-1.2281095,-1.8404822,-0.55693454,-0.8622465,-1.6458696,-2.3624337,-0.95449626,-2.0745368,-0.33019388,-0.338944,0.46854514,-1.8102835,-0.6150736,-1.4527069,-0.40131667,-0.6185118,-0.89478093,-0.6505824,-1.5432701,-0.19679865,-0.47243977,-0.9230986,-0.770946,-1.3575789,-0.7900961,-0.9178396,-0.6713875,-0.33440247,-0.2617143,0.04961696,-0.94399333,-0.50071007,-0.7622241,-1.9133922,-0.49789158,-1.4806756,0.59497243,-0.8473761,-1.0596129,-2.1454322,-1.3196366,-0.5088173,-1.2985127,-1.1448368,-1.2578714,-0.23425454,0.7711552,-1.2081383,-1.1107028,-0.99927104,-2.4999626,-1.817374,-1.6532528,-1.8236194,-2.402029,-0.9157242,0.11550642,0.27863625,0.8158789,0.39880967,0.11933651,-0.7647172,0.64665014,0.029233411,-0.41166985,0.24452777,-0.44399238,0.51883966,-0.8543875,-2.3171597,-1.9528465,-2.007548,-0.8745399,-0.168031,-0.17003755,-0.5988143,-0.6244827
-1.3091018,0.54244494,0.71050435,-0.3005986,0.24679373,0.15019785,0.93303305,0.2971467,1.0551205,-1.1994098,0.094060145,0.3593758,-0.4876721,0.84543157,-0.5320992,0.08219306,-1.9378217,0.36671507,0.24910316,-0.8824091,-1.9343086,-1.08947,0.49596334,-0.62701935,-0.19552974,0.8654177,-0.23015934,0.069158554,-1.7012769,0.6349369,-0.482007,-1.2692254,-0.18147075,-0.10421431,-0.95136994,-0.19599414,1.0601344,-0.5543471,-1.0239227,0.68543345,-0.19038104,-0.7571046,-0.02013994,-0.3762381,0.24212468,0.09129196,0.60685724,-1.1146332,-0.34797296,-1.4184444,-0.13721801,0.3370926,0.42053157,0.07397421,-0.058123242,-0.3544889,-0.68796027,-0.0895758,-1.0980413,-1.0701967,-0.092929624,-1.2463853,-1.4384055,0.49702555,-0.15523396,-0.32282412,-0.36326575,-0.38210937,0.028409958,0.4963915,-0.82046896,0.2056741,-1.434288,-0.93747425,-1.1066458,-0.67729837,0.1841834,-1.1691393,-0.50769687,-1.3795925,0.9541534,0.683547,0.9132739,0.7807968,0.42347902,-0.1654925,0.05417401,-0.2150626,-0.06553192,-0.6627866,-0.14473262,-0.2941344,-0.46321368,-1.3279972,0.18274473,-0.49067986,0.3047875,-0.7783158,-1.1839023,-1.024714
0.69781625,-0.8156706,0.24171527,-1.2406526,-0.4440893,-0.36918032,-0.7259025,-0.6801716,-0.21768917,0.19457746,0.53914714,-0.58801496,0.32242522,-0.2771719,-0.38004315,-0.81952584,-0.9391262,-0.58091605,-0.19935134,-1.6894187,-1.1670648,-0.27021515,0.020013425,-0.68759364,-1.4590169,-0.8537725,-1.1512254,0.024344651,-1.0030632,-1.1376145,-0.9174104,-0.5876084,0.55117786,0.10358292,-1.2252848,-0.19080894,0.6383798,-1.2911842,-0.7809561,-0.42866033,1.3025327,-1.7219048,-0.043632846,-0.21572356,-0.9071775,-0.8030176,-0.59394604,0.2629757,-0.054864027,0.5484704,-0.69163954,-0.57418436,-0.725996,-1.1294119,-0.18704234,0.2764491,0.28097653,-0.60659385,-0.6604413,-1.222501,-0.56017244,0.14004992,-1.1641817,0.43141124,-0.41031426,-1.245104,0.57701427,0.6594099,0.5570068,0.649578,-0.6706712,0.44006762,-0.9268074,-1.7749128,-1.5537931,0.097445644,-0.8247719,-1.1058844,0.5556186,0.9188747,-0.1309716,1.523383,-0.011827758,0.13033758,-1.3731678,0.16668075,1.6417996,-0.03640688,0.9533925,-0.08900711,0.94506156,-1.6726694,-0.5068514,0.37677577,-0.565428,0.4356998,-0.2254504,0.957658,0.8435199,1.4485339
-1.3886967,-0.90941274,-0.8238991,-1.4063947,-0.9141466,-1.4097745,-1.3311412,-1.1338372,-1.0070479,1.2838495,0.46097934,1.7809613,0.5769339,-0.75214434,-0.20945878,-0.3220624,0.4327747,1.0075619,1.045091,1.2159361,1.4273255,0.2871521,0.14362,0.6222401,1.5495493,0.06934731,-0.51920086,-0.5705197,-0.3096274,0.65366024,-0.603804,1.1370907,0.5666298,1.4451083,-0.36651847,0.89905906,-0.013862124,-0.010035086,1.4521822,1.4240196,0.5367077,0.69156617,-0.0993,0.19588618,0.23930633,-0.5174947,-0.20122148,0.17990912,-0.6854807,0.24433044,0.83001286,-0.9562017,-0.17286408,-1.4440949,-1.0669472,-1.0922226,-0.23488776,-1.1774695,1.4671185,-0.5787254,0.69593626,1.8833185,2.044657,-0.08653537,0.069840625,0.13148113,0.07411312,0.7527276,0.9210101,1.2547761,1.006396,1.1366484,0.49857542,-0.71766055,0.69454104,0.018509587,0.7139337,1.1444856,0.5972769,0.75442904,0.81886744,1.8969434,0.74951285,1.1239518,0.1090338,1.0119883,1.0141959,0.60314703,1.1086406,0.8469453,2.0493221,-0.40548792,-0.071098454,0.1303399,0.3233586,-0.30831337,0.6519372,0.21560167,0.056418113,0.66517913
-0.9154023,-0.12641852,-0.554985,-0.19531451,-0.847616,-0.4365957,0.67808867,-0.35918623,0.48269686,-0.9727052,1.0595925,1.0293335,-0.15170301,0.69347703,-0.48819488,1.0347608,-0.68261695,1.6666156,1.0555935,1.156225,0.19477259,1.2714609,0.54083884,0.8008051,1.1257838,-0.36458805,0.39574495,-0.0986511,-0.09126594,-0.48581976,0.62393194,2.571469,-1.2165104,1.786875,1.1600851,1.2197229,1.1630391,-0.46532333,-0.42222503,2.264446,0.8689692,-0.8212244,-0.2525273,-0.03223321,0.4313708,-0.02091794,0.6042904,0.5627684,-0.5253939,0.1967691,1.7037059,-0.52990645,0.15591985,-0.07919504,-0.8658145,-0.48207062,-0.44891164,-0.60506326,1.5367949,-0.3232989,-1.0447264,-0.36715767,0.40062743,-0.04496183,0.78052324,0.13722758,0.015488293,1.9000707,0.46049693,1.1580365,0.9672917,0.82838416,-0.38733226,0.19920516,0.2188326,-0.14986011,0.36957136,-0.7743229,1.6758571,2.454212,0.94749266,1.9199423,1.1338998,1.6687598,0.30161482,0.6502623,1.5732541,-0.49057427,1.431959,0.3097328,0.72042304,0.25572437,0.7955235,-0.13244027,-0.13617347,-0.1719923,0.46003816,1.5658212,-0.19962035,1.4607733
0.8273621,-0.10107009,-0.4923802,-0.49371898,-0.80159193,-1.4877743,-0.2147663,-0.34093115,-0.48067987,-0.34941736,0.2104258,0.25397313,-0.8425341,-0.9281003,-1.866823,-0.15998633,0.987736,-0.051911283,1.7623726,-0.5522041,-1.0989023,-1.2707483,-0.9200795,0.6585238,0.8065761,-0.07745683,0.25195912,0.33733,-0.5807107,0.31305102,0.8335146,0.18496151,-1.0543474,0.9753047,0.73592675,1.1075677,0.8705874,0.20897287,-0.07377519,-0.3075617,-0.04460546,-0.644749,0.31157932,0.14991292,0.91081154,0.49230716,0.123271905,0.10570629,-1.5218959,0.35917553,1.2967942,-0.91949177,0.15811516,-0.7600006,-1.401268,-1.1874388,-0.75071466,-0.893802,0.40823492,-0.97870547,0.8355454,-1.3707708,-0.83918816,-1.4141101,-0.4319391,-1.7164814,-0.4792134,0.2546977,0.32700336,0.6182223,-0.33850247,0.0015792056,-0.5304536,-0.76697016,-0.25640607,-0.63174975,-0.8766373,-1.4928306,1.6293671,1.3767668,-0.048534114,1.3464953,1.105888,0.5179094,0.44973683,0.35632843,1.1891097,0.2746165,1.0380837,0.9418322,1.6677699,-1.2813609,0.57362705,-0.46974054,-0.89739436,0.35005435,0.09094912,1.5114145,-0.84077984,0.2102655
0.3716142,0.29278168,0.057619102,-0.20461415,-0.11116479,-0.10807983,0.3314869,-0.21949282,-0.4779409,-0.76378673,-0.44455123,-0.34265125,-1.5587841,-0.4659861,-1.4469054,0.18537925,-0.16271606,-0.76289093,0.14883524,-0.86177903,0.12004015,0.5271056,-1.0363158,0.5594113,-1.0748979,-0.46089625,-0.106903724,-0.43976113,-1.3467109,0.39723223,1.370197,-0.92534703,-0.85772365,-0.4874588,-0.13195424,-0.16456445,-0.13592006,-1.3173077,-0.1326327,0.7387572,-0.53783953,0.060856774,0.41052037,0.107190914,0.0657402,-0.21962903,1.1754602,1.1079073,-1.2268242,-0.99831474,1.3214667,1.2456181,-0.089234315,-0.2743433,-0.3769736,-0.43475816,-0.16913824,-0.2548718,0.3453813,-2.0320296,1.6034522,-1.602841,0.042131398,-0.6148147,-1.4497584,-2.028121,-0.67054594,-0.03288579,-1.1712501,-0.89524275,-0.23896116,-1.408615,-0.30997932,-0.57590365,0.02077488,-0.66453743,0.9118536,0.58151937,0.07036671,0.5141518,-0.43738607,-1.2779694,-0.1456793,-1.273005,0.7535759,-2.3863707,-1.7983583,-0.2793744,-1.7007012,-0.7567062,-0.7493984,-0.852417,-0.5993104,-0.6261579,-1.2756373,0.030537171,-1.2658241,-1.4220045,-1.5408581,-1.7872248
1.3068647,0.7070025,-0.061319955,0.12223533,1.1063892,0.7556597,0.8680302,0.45940027,0.4946022,-0.581065,-1.7540674,-0.6996317,0.2937071,1.0205166,-0.47635266,-0.6221399,-0.13683638,-1.7636194,0.24035159,-1.372737,-1.5777527,0.7039719,0.58685553,0.34260422,1.403919,1.180409,0.87739235,1.2973973,0.11465666,-0.39355776,-0.28965408,-2.263944,0.043580852,-2.4455352,1.1585578,-1.1136323,-0.807923,-0.12713498,-1.0914333,-0.7438549,-1.8091762,0.41892812,0.36248598,-0.13041008,0.8740226,0.8123089,0.54930586,0.7328772,-0.3524293,-0.6441616,0.7508233,0.80176073,0.3002119,0.6698188,-0.012442405,-0.11099436,-0.21899812,0.64466095,-1.3376826,0.36328617,-0.16387984,-0.29417542,-1.069449,0.60458827,-0.5991459,-1.8188273,-0.38073775,-0.71204007,-1.6359819,-1.5751313,-1.325266,-0.61880255,-0.0067439578,-0.54438573,-0.5187614,0.37207267,-0.8332981,-0.26348302,0.6161432,-0.16235442,-0.24593166,-2.102594,0.008926411,-0.46803418,0.2909169,-1.1511339,-2.6233573,0.9249503,-2.1543822,0.012194705,-0.40046448,0.2753609,0.54173356,1.432747,0.87417644,0.33187357,0.023214525,0.24548656,-0.95664227,-1.4825327
1.2192558,1.0193352,1.3724153,0.29913107,1.1853281,1.0815866,0.09500991,0.5049978,1.4315553,-1.5408535,-1.1588404,-0.76663935,0.28509456,0.6129828,-0.6584133,0.67237496,-0.8317442,-1.874529,-0.65793043,-0.9075602,-1.6479497,0.2072121,-1.0147526,-0.6479408,-0.17546295,0.9831931,1.1469419,1.6133643,-0.2435193,0.4868965,0.96714175,-0.7646562,0.28428793,-2.2649028,1.4823012,-2.0357163,-2.1436367,0.8029288,-0.14445826,-1.3388432,-1.5948224,1.1030589,0.27907655,0.1867596,0.47771028,0.81268954,0.30617508,0.35647354,-0.36901695,-1.1149929,0.49465454,-0.06667607,0.13595454,1.628108,0.9164207,0.24041753,-0.09355075,1.2981644,-1.0293201,-1.2991065,-0.6737367,-0.27426583,0.9171706,1.2435725,-0.5421343,-0.6139282,0.020132283,0.58273643,-0.80832225,-1.0410383,-0.9187074,0.94785327,-0.36263138,0.9879757,-0.12079471,1.1446143,-0.74353695,0.0996209,-0.58831096,-0.3040207,0.8635242,-0.7666885,0.37108228,-0.26791704,0.3131264,0.8292192,-2.5439765,0.38951355,-1.9470494,-0.23992397,0.2583313,-0.17369533,-0.6351491,0.4074831,-0.00416357,0.019308118,0.77580905,0.51406205,-0.8337375,-1.9433545
1.2830448,0.54978365,1.5185882,0.7749256,1.1410378,2.1134148,-0.3860733,0.9119296,1.2329135,-1.5075743,-1.0198877,-1.4626411,-0.8213021,1.5627486,-0.12655519,0.96155787,-0.18320872,-0.8148675,-0.3047138,-0.54969877,-1.2107496,-0.05200256,-0.029031677,0.0910587,-0.3482299,1.0922812,0.93766886,0.78006095,-0.27244172,0.44516635,0.1597498,-0.16674952,-0.4848504,-1.8690472,1.3714212,-1.04782,-1.2364912,0.19009088,0.4574561,-0.5206899,-0.66785496,-0.37078363,0.82462525,0.46380812,1.0207565,0.27448753,0.89710176,0.6183167,1.7568104,0.09109084,-0.0060683005,0.51190776,-0.14020142,1.156996,1.567012,1.7298743,0.5338063,2.1335082,-0.06091182,-1.166085,-0.0062918114,-1.0179815,-0.4958158,0.6651214,-0.11475857,-0.42718437,-0.356605,-0.9338399,-0.3187327,-0.45334962,-0.15586671,1.48654,1.0916167,0.3092101,-0.7392664,1.4115591,0.049073216,0.38608965,-0.61331165,-0.5093614,0.8535131,-1.0054044,1.3352273,0.47356442,1.1718444,0.30495507,-0.9217455,0.39724684,-1.2121574,-0.084067315,0.9036821,0.62826896,-0.06344876,1.2258899,0.9865928,0.38674098,1.0142187,1.7162923,1.261097,-0.35205778
1.6611291,-0.32873273,-0.5980228,-0.4899394,0.9424296,0.9264833,-0.03017595,-0.8350098,-0.21630506,-0.6590801,1.7506934,-1.0101787,1.6488209,1.571412,0.2582883,-0.61148614,1.0541805,-0.637,-0.018709019,0.71941155,-1.3463554,0.26383057,-1.2824292,-1.3355552,-0.7552139,-0.6823313,-0.019592209,-0.010074536,1.6280836,0.94686025,0.5670814,0.32711014,-0.20641212,0.43226117,1.4136515,0.65710956,0.3886205,-0.3811441,0.69031984,-0.83874047,2.2567737,0.99921364,0.21741532,1.7055697,1.2618071,0.6947074,0.8746205,1.8072104,3.3529873,2.148489,0.8741838,-0.30293807,-0.7940727,-0.37517437,0.7303192,1.1457945,-0.57337666,-0.09743444,-0.96799386,-0.3483714,0.203656,-0.21635196,0.29433045,0.19041538,-0.36141822,-0.2590242,1.3534931,-1.6731901,-1.4080889,-0.7623158,-1.1594085,-0.6902149,-0.067402326,-1.1159666,-1.2943368,-0.58118093,-0.21766461,-0.17260633,1.565429,0.8781697,-1.7249563,0.99772954,0.38543445,-0.11085813,-0.54507655,1.2034217,-0.13582623,0.13801964,-0.46864676,0.7692365,1.3087481,-0.60517186,-0.00052212307,0.9793018,-0.3323607,1.7976657,1.6009735,2.403254,2.1188126,0.9221443
1.280153,-2.2673137,-1.1370239,-1.602177,-1.3054246,0.20428437,-1.8295931,-1.9013822,-1.5276388,1.1893004,0.13546444,-0.17087759,0.7395801,-0.4327099,0.21729353,-1.0347673,-0.7316758,-1.237823,-0.6678034,2.2175388,-0.09129502,1.525021,-1.1232016,-0.24931423,0.3570922,-0.5088193,0.44997287,1.1168042,1.1164278,-0.75321966,-0.3986741,1.8165591,0.32707843,1.1475915,0.2589905,0.99189156,1.8236684,0.6081215,-0.8537402,-1.1937555,2.3819072,1.1080014,-0.41559106,1.8635198,-0.071556345,-0.0070483848,-0.42897713,2.5094202,4.3463154,3.070843,1.3756579,-1.3979545,-0.7924894,-1.4270629,-1.2027683,1.4334394,-0.6350282,-1.4076514,-0.14114653,-1.4582285,-1.3315511,1.1410161,0.64514816,-0.55127215,-1.4467276,-0.094603784,1.5513902,-0.5608811,-0.9398034,-0.2120808,-1.1365472,-0.07780776,-0.10397023,-0.06223436,-0.41867203,1.0410181,0.39721122,-0.38829544,1.4756705,0.5146198,-1.1082224,1.8799175,0.36134586,0.25029832,0.13353774,1.479254,2.1403043,1.3573967,0.8758721,1.9363474,1.4582957,-0.1125712,0.16544923,1.9577085,0.7554321,1.7534983,1.2371311,1.2646604,4.161566,2.7464104
1.1891532,-2.0294793,-1.4000082,-1.591709,-1.8907545,0.03205974,-0.6539862,-1.9680411,-0.5562268,-0.024484977,1.0704577,-0.9438979,-1.3368064,-1.3159589,0.17695245,-0.7260028,1.5260516,-0.51181656,-1.5658296,2.11786,0.42416763,-1.2461371,-0.23533304,-1.1700077,-0.3837256,-0.21020924,-0.12626618,0.0044829645,1.3006988,-2.6371214,-1.3531053,0.37900943,-0.84024185,-0.48422405,0.9050642,1.7180392,1.7447606,0.008159758,-1.2089527,-1.2949274,2.1251636,1.3832029,-0.4760922,0.9846846,0.030302897,0.46650994,0.17124903,1.8212239,3.3988495,3.3027365,0.19384475,-1.6385492,-1.2143214,-1.6310091,-1.5147536,0.5543366,-1.3051741,-1.7033845,0.05293015,-0.80727106,-1.122917,-1.0541863,-1.9643314,0.029813536,-0.3522533,-1.2356415,0.6365531,-1.3055683,-1.7824113,-1.6679008,-1.193541,-0.7089726,-0.93342155,-1.4234632,-1.4352711,-0.24046305,-0.49030802,-1.5549912,0.22500841,-0.8220167,-1.9368151,0.95534116,-0.18158436,-0.736188,0.26533657,0.18432577,-0.015885329,0.94551843,0.16149193,0.99156165,-1.0038583,-0.2045022,-1.8882643,1.3093534,0.372063,1.4950026,0.76606536,1.5995808,2.9304433,2.4467278
-0.8942988,-1.5620943,-1.1274099,-1.136,-1.7208996,-1.0385196,-0.59268296,-0.8994615,-1.5865201,1.2852076,1.0262883,-1.51645,-0.7488936,-1.1642785,-0.36950675,-1.2459385,1.1828724,-0.5318012,-0.31054372,1.9839101,0.07597873,-1.2674181,-0.6923164,-1.7192624,-0.5044478,-0.115792654,0.10556925,-0.16069822,0.9235527,-0.1330129,-1.0829858,-0.3533379,0.90916115,0.9488465,0.18108179,0.36103633,-0.84187484,-0.15787056,0.060976908,-1.8673728,0.75774723,-0.18601954,-0.02387302,1.3402975,0.3013776,0.35191962,0.12440296,0.18354502,1.4337834,2.1879015,-0.26299548,-2.2833977,-1.9368632,-1.6182753,-1.9844553,-0.46055382,-0.68073094,-2.2341435,0.71384156,-1.2687362,-0.9166713,-1.3305407,-0.38667914,-1.2251921,-1.1194526,-0.9045022,-1.0186,0.3943474,-1.1835505,-1.6066053,-1.5808353,-0.6501314,-1.2349404,-0.35085985,-0.5445791,-0.37231302,-0.8285301,-0.95076966,-1.2655201,-0.84936345,-1.5198452,0.7550146,-0.14619572,0.31159127,-0.68554986,-0.9044104,-0.50989914,0.23432758,-0.03164867,-0.98369604,-0.5981481,-0.3545789,-1.5788497,-0.6343664,-0.46237668,1.1755592,-0.8700455,1.2213732,0.9795406,0.38755876
1.4794111,-1.0853847,-0.3317023,-0.18790516,-0.63866335,-0.06826504,-0.41666207,0.0917952,0.22007659,0.863542,0.78772014,0.39937618,-0.1660129,0.963678,-0.26288912,-0.6094498,0.4846298,0.016042374,-0.38660175,0.18228377,-0.4956288,1.248715,-0.9933308,-1.054606,0.24566823,0.41572908,0.41441438,0.4430567,0.76543194,-0.23554172,-0.1879456,-0.21678582,-1.9235926,-0.042157225,0.677964,0.31161413,0.94998765,0.7378614,-0.9030696,0.8391415,0.55393475,-0.4986596,-0.1928466,1.6670222,0.656899,0.9400102,0.12456733,1.9416744,2.7095857,0.93328524,0.2172675,-1.2544942,-1.489834,-0.42772004,-0.46332413,0.6035184,-1.0455656,-0.6522023,0.6713377,-0.43352643,-0.036133803,-0.8702564,-0.44563413,-0.6703333,-1.1078154,-1.295276,-1.0458951,-1.0162622,-1.6344754,-1.1483283,-1.0074424,-1.4990685,-0.70529723,-0.7191063,-0.29102755,-0.40343013,-0.9227855,0.76493174,-0.13790423,-1.2478151,-2.2133484,-0.4330636,-0.27936554,0.1998671,0.8509544,-1.2562978,-0.46653843,1.3351494,-1.2606416,-2.5649312,-0.5385581,-1.1440616,-0.68655133,-0.40532598,-0.20165543,1.2924048,-0.09051807,-0.42207792,1.762239,0.4067636
1.034648,-0.955211,-0.43765837,-0.5280902,-0.4225172,-0.6176361,-0.71567273,-0.024299484,-0.036515333,0.19165371,0.023966078,0.17099571,-1.422238,-0.3975991,-0.016096134,0.30816144,-0.438966,-0.42718834,0.011951257,0.48022044,-0.18402725,-0.17631848,-1.2115145,-0.5881969,0.39416993,0.38081336,1.6150713,0.57788247,0.51070786,-0.9269392,0.7994555,-0.6152893,-0.34085372,0.31127682,-0.110735334,-0.031339888,0.69094896,-0.09924858,-1.1269121,-1.3153812,0.017334968,0.35464782,-0.28569707,1.4487191,0.69137645,0.5492571,1.0729343,0.547513,0.03669016,-0.15565519,0.00993423,-1.2118645,-1.5593772,-0.469131,-1.1602682,-0.98347974,0.17426234,-1.142845,-0.41270164,-0.12322508,-0.7018593,0.25669944,0.20699117,-0.3585543,0.043819927,-1.614224,-0.6665474,1.202658,-1.0578548,-0.78919625,-0.07190982,-0.8152506,-0.33577853,-0.9262379,0.3479641,-0.22218484,-1.4369961,0.10555151,-0.20172904,-1.0310109,-0.4123037,0.19326587,0.35751215,-0.34609723,0.85613775,-0.8768514,-0.4509651,0.7258228,0.11895675,-0.40187964,-0.8262443,-1.3028277,-0.6483576,0.5698539,-0.12902227,0.9352764,0.90272963,1.0417016,0.5173502,0.45881602
0.6150038,0.387673,0.94249326,0.7869028,0.6693131,-0.35866752,-0.004215172,0.36422396,-0.16419375,-0.15326956,-0.87529916,-1.0668925,-0.24360959,-1.0134476,-0.7518955,-0.4108453,0.114080146,-1.0680209,-2.045433,-1.3362181,0.40184924,0.685318,0.6423093,0.9964043,0.091270626,0.02020113,0.6613042,-0.4216155,-0.47679943,0.10199866,-0.7606943,0.37752327,-1.5780411,-1.3853514,-0.24994053,-1.6447513,-1.5040377,-1.1946938,-0.1685023,-0.98207486,-1.3402544,-0.36796582,-0.15552513,0.6039198,-0.21227887,0.6956886,0.52730274,-0.93781394,-2.9569204,-3.0459208,-1.255075,0.856741,-0.8390579,0.7492034,0.57438165,-0.53078353,0.5285851,-0.11458527,-0.7818505,-1.3302895,-0.10759899,-0.409327,0.6580267,0.7764614,-1.0051192,0.47035372,-0.7499449,-0.50331104,0.558384,-0.25372386,0.103471845,-0.4255913,-0.8897754,-0.19221148,0.28864127,0.22921573,1.494586,-0.94489664,-0.5464474,-0.30152026,0.44471473,-1.2303723,-0.037542734,0.4595434,0.5027982,0.39813545,-0.7573822,0.25062263,-0.23794587,-0.40853512,0.085235626,-0.1472043,-0.58234173,-0.8271994,0.14238532,0.01052408,-0.5402761,-0.63616985,-1.0130811,-0.90129274
-1.0651472,0.8912208,2.077058,0.41118062,1.4391352,0.74462634,1.1106339,1.4870499,1.2960585,0.2475098,1.5938933,-0.48437518,2.0691724,-0.32756397,0.7208628,-0.89803326,-1.2256883,-0.19770202,-0.92796373,-0.7721566,-1.9151555,1.3513111,0.47854644,0.85836494,0.49281883,0.56401265,0.13134223,-0.29805166,0.12783608,0.85952485,-0.92960626,-0.3560795,-0.28778887,-0.25997347,0.46909449,0.46504548,0.019006465,-0.530204,1.3469262,0.92473644,-1.0732145,-1.4662298,0.8159198,-0.7363993,0.55542225,0.6102995,0.5471915,0.31645975,-1.9632062,-1.3021253,-0.2947541,0.68371814,-0.2596106,1.3401722,1.909477,1.0855348,1.2012132,2.0737183,0.40352616,0.7129966,-0.16736571,-0.14691602,0.37997064,-0.32449695,-0.046432607,0.30268174,-0.67208546,0.91852987,0.1290893,-0.23455374,-0.6434316,-0.053803653,-0.28977427,0.44542995,0.7048236,0.020980047,0.6318851,-0.16715115,-0.9365854,0.5447714,0.09457566,-1.7906917,-0.28166783,-0.019343382,0.7231867,-0.8378053,-0.22476108,-1.3632576,-0.8854408,-1.2305291,-0.7763847,0.2974138,0.32196173,-0.53801435,0.1623777,-0.15657385,-0.58417517,-1.3145031,-0.4650592,-1.2688059
0.8475708,1.8585329,2.012377,0.034303155,1.2557802,0.7196127,1.1557082,0.8926353,1.431753,0.31065193,0.6268178,0.77401745,1.0180337,-0.3675105,0.11727484,1.8962084,-1.0017267,-0.20499648,0.08098452,-0.41876963,-0.73969024,1.0541673,0.3344711,1.0210923,0.1186633,0.6021442,1.0658488,0.5809591,-0.47797078,-0.8280965,0.02698841,1.9731833,-0.22691917,-0.29110923,0.62062067,0.075065576,-1.263451,1.0033388,0.14395675,0.7903658,-1.0296476,0.6245159,0.5818976,-0.33986998,0.33737135,0.23329602,0.52367246,-1.2668486,-2.1132207,-1.0998535,1.1671633,1.6037527,0.822623,1.5161495,1.4260935,0.5320513,0.9565956,1.7152897,1.0286249,-0.29784662,0.2871812,0.8336084,0.3514746,0.4306873,0.36852452,-0.23406363,0.16747521,0.805445,-0.08172943,-0.30854625,0.59723645,0.34673294,0.7698925,1.9388981,0.38572064,0.73861825,0.29130518,0.24906296,-0.7244298,0.917984,0.52339476,-0.68278265,0.36039135,0.7185124,1.0190195,0.4972605,-0.09400802,1.4765835,0.13365366,0.7594775,-0.8569115,1.4963741,0.90576935,0.02787722,0.8356472,-0.8457531,0.5265638,-0.9197232,-1.2595967,-1.227688
-0.5191622,0.82333124,1.530027,0.050521664,0.6438358,-0.19567221,-0.41936278,1.0019109,0.006324246,0.9830539,-0.09414126,0.7098419,-0.37630922,-0.26947293,0.45513973,0.048100185,0.28948876,-0.15930523,-2.1655924,0.2068931,-0.42291814,1.7889742,1.1585584,1.9773802,2.141925,0.89745873,0.72166616,0.35143754,0.93885,-0.17668124,-1.5292163,-0.09663764,-1.8268607,-1.3424945,0.62624526,-0.15350954,-0.4205278,-0.5766332,-1.3281951,0.4591187,-1.39831,-0.48296115,0.28924054,-0.2873358,0.6704432,0.45079565,-0.495058,0.41455144,-1.5165732,-1.4499483,0.9067299,0.32322,0.52410066,-0.15155196,0.38909858,0.22063604,0.19998543,0.048857562,1.4338533,0.33451447,1.8892554,0.24314497,0.79076034,0.23094994,-0.16160607,1.0982393,-0.11208793,0.34099647,-0.48683056,0.5568818,0.9094279,1.6026306,0.5433425,2.3122241,1.6260222,1.5317198,0.11237368,0.37249783,-0.9637448,0.5985314,1.085535,-0.22874829,1.2018468,0.44418702,0.62905955,0.42092195,0.85081965,0.3511639,-0.09197099,1.0568978,0.008848506,1.4763831,1.1041193,0.56196594,1.0448472,0.33886448,0.97942626,-1.1597316,-0.9898078,-0.32967615
0.038573682,0.87715447,0.8407839,1.1501774,1.2634257,1.1707938,0.94976896,1.9036088,1.042912,1.3139962,-0.63124555,0.36600575,-0.19536841,0.5663666,0.70945686,-0.075456604,0.56138194,1.619915,-0.078790024,0.85279644,0.3224486,1.6316129,1.2038716,0.97550917,0.59731114,0.088392325,0.2492347,-1.7121873,0.19180414,-0.7632437,-0.16263859,1.372584,-0.8217687,0.3648373,0.12408683,-0.06420811,0.048717745,0.52498734,1.404393,1.1901611,-0.43709743,-1.4160541,-0.553245,-1.0087676,0.33541363,-0.20166035,-0.15884247,-0.09690355,0.13640507,-0.46346977,0.17006277,1.1159698,1.5308014,1.60267,1.9182574,0.88977355,0.8557983,0.8826415,1.765906,1.4357883,1.2824445,0.6248131,0.6618374,-0.048701555,0.2214527,-0.24263842,0.5163093,0.9997291,1.7153355,1.4871284,0.9729014,1.726505,1.761453,1.1854715,1.9744008,1.091582,-0.34927985,0.5556303,0.3168318,0.17549065,1.9734133,-0.044837207,0.58981293,0.28495875,0.6067595,0.7900806,-0.09973953,-0.45846555,0.33241385,0.9412281,1.2268718,0.21988623,2.0762725,-1.1914366,0.5818571,-0.09609891,-0.4451529,1.0858765,-0.11805387,0.02404633
-0.34506917,1.2169785,1.045939,1.0043503,0.9802281,0.72927785,0.4262348,1.4043308,0.44587266,0.74467313,0.72609866,1.4240851,0.62829405,0.133652,0.11466368,0.5423053,1.2408673,1.4007714,0.84883946,-0.9906857,1.3185494,0.9540202,1.3250604,0.28922158,2.217888,-0.22502209,1.2097484,0.3803313,-0.20456865,0.8701666,-0.55051357,1.7185618,0.31180423,0.31484616,0.6010458,-0.5454588,-1.1032226,1.9139191,1.2987201,1.1904758,-0.66868144,0.5379218,0.9706101,-0.12779292,1.2963996,0.09384731,1.0463568,0.86250514,-0.23865187,0.00020699351,0.31720936,1.8965644,2.4080336,1.1544782,1.5640999,1.3917146,1.5553983,1.029952,1.1516316,0.45890942,-0.03600279,2.2881095,1.3410977,1.0458404,0.5241578,1.2236587,1.4450427,0.29585865,1.4789118,1.3037114,0.97621834,1.2578223,1.7828759,2.1442978,0.6637299,1.4428247,-0.36235422,0.68098074,0.15952611,0.7605753,1.8369812,0.9887414,1.6654354,1.1898378,0.72166944,1.5816404,0.64393514,0.67100763,0.8766968,1.6355606,1.0857828,1.9116784,3.0367856,2.2664976,2.4136887,-0.15993458,1.0017687,0.052219465,0.7598946,0.7766129
1.5588573,1.3791276,0.6282293,2.5320232,1.8528683,0.5935233,1.0118333,1.3321189,0.131125,1.4427742,0.6031475,0.111949064,-0.7788489,-0.14104381,-1.7754385,1.1867485,1.2001604,1.375426,1.1891232,-0.90588826,1.3066301,0.5970514,0.67089105,-0.6651773,0.0415336,-0.4562116,-0.27649748,-0.2724549,-1.2020136,-1.0199664,-0.5455333,1.8821498,-0.41007966,0.13424692,0.02118464,0.43294537,-0.23290418,1.0975627,0.7756971,1.205212,-0.69258946,-1.8024421,-0.0223262,-0.70176953,-0.4828561,-0.0041261534,-0.7262789,-0.67407805,0.5659017,0.27400902,0.25337252,0.5336246,2.152726,1.6389208,1.3003316,1.549268,1.7990315,-0.006843628,0.69873315,0.12409141,-0.2549083,-1.0873799,0.7950383,-0.2562864,-0.025975794,-1.2704023,1.6704351,-0.2677242,0.7283033,1.0827585,0.57274777,0.70520705,0.55244166,1.4572628,-0.37150323,-0.3767742,-0.2542309,-0.7381845,2.2850533,1.4057752,0.60760415,1.1631173,0.9041898,0.45574686,-0.054381523,0.14269976,0.27750844,-0.80934954,0.20793648,0.7435144,1.3098199,0.95885986,1.0362271,0.9047497,1.3695333,0.22269082,0.34059298,0.19897702,1.096699,1.7110183
0.6678778,0.7055521,-0.6859023,-0.0038258862,0.12918471,-1.1586118,0.53132755,0.5295407,-0.6344574,1.8718367,-0.4208942,1.6876681,1.6963577,0.6482077,1.6847478,0.8025999,1.4047761,0.984403,1.485211,3.1301036,1.4741949,1.0479206,1.0165447,1.1220016,0.28965122,-0.092487015,0.5205886,1.0609967,0.56519854,1.8759698,0.40658855,2.1182272,0.8731686,1.2087127,0.9515657,1.9140053,2.3514676,1.8059738,2.1401534,1.1165321,0.7036703,0.86959845,0.8551171,0.2257391,0.5787218,0.46828318,0.074986845,0.48771283,1.0236341,2.1072447,2.9947152,0.16533498,1.286176,0.55589134,-1.2754111,0.14223143,1.5162244,-0.5491398,1.8932164,1.9059925,2.198508,2.1635282,1.9607078,-0.81487656,1.3833499,1.0608207,2.5296326,0.83486074,0.5746119,1.5333217,2.895297,1.3393638,0.7114423,1.2514004,1.154921,0.3475709,-0.113950595,1.9915504,1.1811361,1.0588222,0.00033512956,1.1214693,-0.17340799,0.48882264,0.3515371,1.2321345,0.87863386,0.015917383,2.1283581,0.19603746,1.0154604,1.885628,1.6888574,0.7809565,-0.046752773,1.2027456,0.30392292,0.39566606,-0.014805469,1.9965168
-1.2269284,-0.47699893,0.18508728,-1.9055108,-0.8616805,-0.48123017,0.23540087,-0.15482956,-0.80582607,2.2363827,1.9419746,1.0355763,0.852803,-1.9421089,-3.0265589,-0.42081758,1.6565824,0.38388687,0.7787587,0.029166555,2.3370843,0.2628686,-0.25119022,0.2428029,-0.4811577,-1.5164251,-2.2692711,-1.1917745,-0.4567794,-3.837876,-2.5411088,-0.30720684,-0.26774892,1.9542503,-1.6276574,0.6034436,0.45153216,-0.13945386,0.28797343,0.8452352,0.87302876,-3.2402012,-0.6454402,-1.8833894,-2.275707,-2.6060135,-1.7690492,-1.2659795,1.1394606,1.0705357,0.91671985,-0.90488154,1.4839077,-1.4905226,-0.12569684,0.21000879,-0.530836,-0.8266251,0.65736026,0.04917148,-2.2230098,0.68113816,-1.4288093,-0.90615517,-0.24481161,-1.8453076,1.4900156,0.034744356,1.0251396,1.1841683,-0.7400326,-0.10005818,-1.8754638,-1.4587723,-0.47870156,-2.2649014,-0.11449315,-1.7337384,-1.1519954,0.7484294,-0.15508518,2.2120776,-0.5572881,0.021565303,-2.3421724,-0.6080347,1.138584,-0.3612887,1.6029699,-0.05170511,1.233482,-0.95772356,-0.25736862,-1.645597,-1.905347,-0.47794822,-0.72040486,-0.7205425,2.3331985,2.497117
-0.4624963,-1.8747376,-1.3052828,-2.508107,-1.6086681,-0.75445557,-0.9309295,-1.7109871,-1.8295599,1.3494142,0.9468358,-0.835278,0.4059459,-1.3740008,-0.35756826,-1.4151775,1.8375031,-0.3187867,0.27931562,0.9091832,2.7039857,-2.7092686,-2.0625021,0.8720932,-2.740549,-2.332208,-3.7936084,-1.6362686,1.0906556,-3.1832106,-2.8255136,-1.2575804,0.39419815,2.3834205,-3.0639825,2.160327,1.3142092,-2.643259,1.4171414,-0.8156751,1.5610985,-1.5707045,-3.1072135,-3.3015635,-3.5415907,-4.2338843,-1.7980819,-4.058515,0.91612375,1.5281676,0.7440936,-1.5473933,-0.6149617,-2.5152962,-0.36419937,-0.7623018,-1.3593948,-1.808709,-0.26342136,1.0595211,-2.5472722,0.35495043,0.13738011,-2.2898521,1.0259103,-1.130012,0.73452497,0.46261972,0.48388517,1.224308,0.2753385,-1.2790318,-2.7053196,-3.4971936,0.8265163,-3.1756318,0.4590327,-1.2849748,-2.8991716,-1.4271536,0.8736362,1.9441612,-2.1864417,-1.0041047,-3.4973106,-1.5306076,1.51705,-2.0438914,1.9368066,0.21187767,0.6040527,-2.949994,-1.6755987,-2.0715582,-3.2043736,-2.985026,-2.8568301,-2.3296125,0.93839765,1.6999207
0.2660179,-1.4350432,-1.2510056,-1.6277884,-1.2292644,-1.123522,-2.4686153,-2.2073798,-2.8523562,1.953663,-1.6427894,-1.2445558,-1.6234448,-1.621056,2.7545512,-1.8206267,1.9651283,-0.8664712,-0.37460312,0.34853113,1.0726498,-1.1090716,-0.2831863,3.1895368,-2.238256,-2.9403136,-4.689835,-3.8826797,2.1105635,-1.714328,0.7370413,0.20004068,1.5859307,1.3083215,-4.571692,1.765854,1.4574116,-3.0043197,1.3527529,-1.0260351,-0.1030059,0.49027693,-4.1540318,-4.3567777,-4.074969,-5.3863654,-3.145729,-4.123427,0.47891986,0.27777058,-0.7642003,-1.1040965,-1.0320477,-1.451806,-0.41404638,-0.6835053,-0.3160923,-1.9884717,-0.1355181,-0.10672269,-1.525127,0.30300662,1.1096522,-1.9392995,1.6480752,0.7588722,-1.0983157,0.30344522,0.5514321,-0.4669873,0.8686164,-2.0676556,-1.0810794,-0.4854014,2.6489604,-1.5305315,2.3766356,-0.5077723,0.48230255,0.75704217,1.1538486,-0.5712087,-4.335479,-4.1211705,-4.188301,-2.794437,1.1730901,-4.0831566,0.025845218,0.872135,-1.4892995,-2.0581,0.27738085,-1.9038931,-3.0547872,-4.851634,-4.8046494,-3.495533,-0.5660075,-0.4675259
1.0377556,-0.41277424,-0.08902488,-0.08827029,-1.24459,-0.70828694,-0.154751,-0.88828146,-1.0711805,-0.7398465,-1.9880702,-1.524529,-1.9518495,-0.039835002,2.4583654,0.30345005,-0.86586547,-0.26854822,-0.69144046,-0.15782854,-1.2747107,-0.864079,0.048663437,1.298421,-1.4368533,-1.6545835,-1.7038132,-1.9140614,0.6679593,1.953265,2.0356343,1.4536673,0.118984655,0.18427539,-2.1154156,0.42235053,0.4303089,-2.0407197,1.9212065,1.1744425,-0.47668362,0.55033,-0.9228056,-0.16616543,-1.07138,-0.52017367,-2.1099567,-0.1664536,0.10303275,-1.2137961,1.0822453,-0.06855096,-0.26751506,-0.66683173,-1.094083,-0.6223299,-0.049741697,-0.37934712,0.5695542,-0.19925603,0.9858921,-0.73380625,0.06615007,0.016874468,1.9134542,0.7623526,-0.88843286,-0.28088963,-0.096715346,-0.88384473,1.3111609,-1.2541745,-0.5053963,1.6415243,1.1135318,0.40374553,0.4860188,0.19322412,2.4074109,-0.0335761,0.68473977,-0.9664609,-1.1054403,-1.4271895,-1.2437065,-0.6570089,0.2740694,-1.8678063,-0.5190069,0.022745186,-1.035295,0.7817438,0.41386044,-1.4151295,-1.297012,-1.3452312,-1.8172425,-1.0342727,-1.1311921,-1.359005
0.5019411,0.29530966,-0.32343724,0.30407074,-0.5702105,-0.73360115,-0.9490518,-0.50608957,0.35381144,-1.2175444,-0.59165454,0.599246,-1.2450536,-0.1370522,1.5515203,-0.8329839,0.13233037,-0.6571205,-0.30174646,-0.14852715,0.20346509,-1.2548355,1.3984858,0.7522564,-0.45810717,1.0941347,0.21524386,0.72596556,0.8382788,1.6380008,1.6433454,0.45824218,-1.1054943,-0.51545453,0.072606705,0.7820097,0.9746981,-0.09321836,0.84166443,1.2272958,-0.8351322,1.9746937,0.30215508,0.8415782,1.7330561,0.3107819,2.422829,-0.45702294,-0.5735168,-0.24631795,-0.07338888,0.03817716,0.3813121,-0.6842669,-0.40103474,-0.62182,0.13494341,-0.27450317,1.5476034,-0.043623224,1.261782,-1.2946904,1.1197528,0.40286663,-0.032814067,0.18249933,-1.4684074,0.31337023,0.25718206,-1.0657895,0.81729066,0.17816964,0.48588434,1.1168195,1.5969324,1.2427377,1.3523232,2.6508627,-0.022246337,2.1852732,0.508038,-1.2670431,0.24735849,-0.3164281,0.3040412,-0.028328253,-0.02040331,0.48350847,-0.6865418,-0.28850487,-0.85941696,-0.32456732,0.99932516,0.7690717,0.3316951,-0.12841338,0.35844746,1.2840288,-1.7234564,-2.5018435
-0.9442671,-0.3386536,-0.34132648,-0.30404207,-0.75237453,-0.30329505,0.42842755,-0.6519115,-0.52105373,-0.34795222,-1.0570168,-1.4702104,-1.1157087,-1.1679504,0.10006506,-1.1227696,-0.017573332,-0.9141814,-0.19531618,-0.8997652,-0.42742714,-0.9666074,0.26374435,0.17618985,-0.5199859,0.40869263,-0.016006378,-1.1364727,-0.088086754,-0.42340523,-0.92575955,-0.69291496,2.0542257,-1.2767911,-0.249938,-0.21659997,0.5061232,-0.60640365,-0.18574995,1.137972,0.8201633,-1.2572753,-0.76220196,0.07648728,-0.4320677,-0.70935136,-0.5223967,-0.7300781,-0.2218583,-0.48313117,-1.8777971,-0.8461022,-0.6346265,-0.41587716,0.12569459,-0.26415393,-1.0629224,0.36675796,-0.60091144,-0.33674073,-0.75446093,-2.6995404,-1.6125963,-0.20563005,-0.7328134,-1.4095368,-0.402769,-0.44716743,-0.81535244,-0.8140787,-2.1101058,-0.721321,-0.6905711,0.52336764,-0.32879156,-0.88454527,-0.6141968,0.42521712,-1.5445628,-0.17117582,-0.19769202,-0.6830917,-0.7489697,-1.2265303,0.19942874,-0.21012709,0.06914086,-0.6014385,-0.32590532,0.7327024,-0.45572823,-1.7066772,-0.4908319,-0.5657067,-0.2248538,-0.7820611,-0.98750466,-0.25196537,-0.82092327,-0.63918406
-0.0017951875,0.25207132,0.14569695,0.028830586,-0.35376233,-0.6741539,-0.43234816,0.10920112,-0.3291642,0.5946136,-0.41575354,-1.0912879,0.78683877,-0.45614928,-0.85886693,-1.5230485,-2.8771014,-1.6147037,-2.0040784,-0.40213826,-0.65506256,-0.62561816,-1.5116892,0.1260883,0.16293104,0.9844325,1.0289568,0.43225664,-0.31758803,0.7662389,-0.04602982,-0.8098934,2.2081954,-0.883576,0.6685811,-0.520584,0.32322213,0.34225518,-0.4493871,-1.3944318,-0.29830748,0.906718,0.7863942,0.24891631,0.9422914,0.5889998,0.92950433,0.961009,0.19268465,-0.9637367,-2.6824396,-0.100691035,-1.7457157,-0.2744396,0.29009423,0.07673909,0.13872132,-0.11829609,-0.52058834,0.40475827,0.7262603,-0.14607112,-0.5001624,1.0835493,-1.6095507,-0.37919173,-0.87162215,-0.6148684,-1.0374806,-0.8784979,-0.9032356,-0.94694495,-0.19806662,0.7163424,0.24598254,0.16782689,-0.63497,-1.0458875,0.5243699,1.1293595,-0.8927051,-0.40698645,-0.3368797,0.80874693,1.3104342,-0.41188943,-0.0669472,-0.057662304,-0.70631135,-0.33159837,-0.56680024,0.92047584,0.30097786,2.17533,0.49211258,0.5996106,-0.13694043,0.3687459,0.3481638,-0.39117932
0.6373633,-0.33070466,-0.041189704,0.59075695,0.811093,-0.28190416,-0.30805504,0.49039078,0.6300496,0.76869696,-1.2348887,-1.0596383,-1.043055,-0.8489631,-0.72325116,-0.61743766,-1.2678701,0.16810998,0.029991003,-1.548874,-1.5585898,-0.52549493,-0.7350378,-0.93385535,-1.35678,-1.327046,-0.5131591,0.917201,-0.828868,0.15224347,-0.5402966,-0.8014603,-0.21714324,-0.9951683,-0.34173784,-2.1912413,-1.0348197,-1.8763747,-0.744304,-1.7862664,-0.24154924,-0.16751684,-0.22749725,-0.29283023,-1.1983011,-0.22214322,0.27110606,0.1587196,-1.237186,-1.8813076,-0.2579309,-0.42168063,-0.5852682,0.35754675,0.4806495,-0.38382155,0.15625772,-0.17692536,-1.3748053,-1.4817698,-0.4401228,-0.8457664,-0.51777536,1.4384407,-0.31862366,0.15724152,-0.80128914,-0.11589729,-0.34230435,-0.31925324,-0.3170297,-0.8680359,0.43062901,-1.3796111,-0.68897355,-0.6146433,-0.33257586,0.71505874,-1.0897115,-1.4648767,-0.4366641,-1.2255372,-0.9394053,-0.50907624,0.17616211,0.052060626,-1.3842202,-0.4586527,-1.179326,-1.813342,-0.9591339,-1.2673166,-1.0421894,-0.48734158,0.20249419,-0.48881164,-0.74646723,-0.7164987,-1.4380201,-0.6703253
-1.2561195,-0.007925655,0.4340041,0.6167069,-0.24645123,-0.037439756,0.027636573,-0.4300536,-0.38724226,-0.788688,1.2871907,0.5380397,-1.0062087,-0.03183858,-0.09550597,-0.86015,-1.2239933,-0.6972882,0.05167045,-0.32081434,0.048938125,0.41939718,0.36362773,-0.48961002,1.0462211,0.6873659,0.5206426,-0.20895718,0.4792692,-0.5901997,0.6221462,-1.0966626,0.5484332,-0.2566498,-0.6855928,-1.4397594,-0.4450201,-1.387751,-1.2475941,-1.5203141,-0.9843233,0.013681022,0.15556304,0.03487454,0.5105345,0.5498505,0.11135853,-1.3206203,-1.7013528,-1.83594,-1.1632317,0.55806917,-0.3094911,0.37513033,-0.6001309,-1.0325158,0.13117649,-0.01051387,-1.0691122,0.8302074,0.70021504,-0.34524938,-0.6904797,-1.2718594,0.98438,-0.85531104,-0.57006276,0.18188417,0.24159694,-0.66139686,0.48302945,-0.0039472263,0.1064713,-0.53038114,1.3476266,1.3893504,-0.41908696,-0.8880443,0.1307057,-0.088629805,0.38734984,-1.725057,-0.67183095,-0.38617596,0.3918015,-0.7950883,-0.97837913,-0.42824185,-1.3645058,-0.5172798,-0.67653966,0.79635936,-0.45017684,-0.9018169,1.346871,-0.34097955,-0.1494737,-1.3669721,-0.6172848,-1.407779
0.16576351,-1.3206435,-1.3690274,-0.76010543,-0.6260082,0.09059998,-1.2396319,-1.9883612,-1.7373062,-1.0657492,0.19385615,-0.0085242465,-0.07957096,-0.28777882,0.075941354,0.056845233,0.24498701,0.9142247,0.50500363,1.1974252,3.2934725,-0.06743874,1.9109015,0.43217686,0.63709277,0.19317822,-0.39307284,-0.46901864,1.3929255,-0.27415553,0.8954108,0.61753947,-0.2340546,1.3573849,-0.90622056,0.39664724,1.488222,-1.2919434,-2.3357549,-1.3605926,0.3419524,1.3429185,-0.9850823,0.2016218,0.118934356,-0.11092257,-0.36945122,0.5932346,0.31934038,0.45399523,0.61601174,-1.9562361,-0.85207456,-0.61732966,-0.5458603,-0.83260965,-0.115319885,-1.2568343,-0.8250833,1.6364504,0.2523797,0.25306502,2.169089,-1.2688737,1.7614164,0.25407696,-0.050400022,1.3752402,1.1286471,0.041733358,1.6708063,0.2818332,0.64974576,-0.46819255,1.2121068,0.33793387,1.0571432,-1.29916,1.5625992,0.03456238,0.8777035,-0.08537373,-0.15706278,0.17436714,-0.23073962,-1.1791143,-0.048497204,0.18806338,-1.0150045,0.32213017,-0.027875794,0.0028080004,-0.5439818,1.0927973,-0.505117,0.07712614,-0.23582144,0.2364531,0.46650466,-0.1933483
-0.2940398,-1.4022532,-1.3052076,-0.61492527,-1.1963972,-0.9272473,-1.249983,-1.3672897,-1.085295,-0.31499904,-0.82727206,0.10548659,0.5293086,-1.2592932,0.88836247,0.5997776,0.91090286,0.7924617,0.9358175,1.4225631,2.732247,-0.25462192,1.8851812,0.7082574,0.3647227,0.14103936,0.8676664,0.89580625,1.6276329,1.8255236,0.9716983,0.74739754,-0.6705683,1.3559037,0.89287615,-0.5870313,-0.9016273,-1.8959264,-2.325351,-0.5185016,-0.63317335,1.5669262,-0.08887759,0.08448229,0.21507894,-0.1160549,-0.71915126,-0.54500264,-0.5362164,0.45166516,-0.6715749,-1.3362693,-0.8322637,-0.987339,-1.123914,-1.2954988,-0.6183433,-2.134838,-0.81466115,-0.1779068,0.35925928,0.16312285,0.16043353,-1.7449056,0.7239374,1.5462258,-0.3051335,-0.36490893,1.4295267,0.006007576,1.7926838,-0.40305185,0.44710308,0.19084835,0.01932171,1.1458246,1.069302,0.17174315,0.019881243,-0.36467278,0.43935594,-0.14494345,-0.32692578,0.285689,1.6572024,-0.3416807,-0.5416177,1.5503658,-0.32428765,0.7802923,-0.05916597,0.8451269,-1.3369112,0.17049502,-0.29482648,-0.41404504,-0.4147962,-0.06566396,-0.29295978,-0.44355425
-1.6266453,0.31803453,0.63944757,0.109263815,-0.13317497,-0.5704378,-0.18403779,-0.0148530975,0.011430412,0.31166294,0.22259118,1.2212329,1.2024821,0.57646525,0.15479535,1.2350944,-0.28556466,1.2278336,1.6842787,2.1325278,2.1910632,-0.961784,2.172578,0.24792916,1.0821725,-0.27487448,0.8230713,0.46678993,0.6963127,-0.29063752,0.6474693,1.6637222,0.4045412,1.1823009,0.47435248,0.9202588,0.0051135924,-0.8800003,0.015751036,-0.3399327,-1.174258,0.047440447,-0.6399461,-0.2546175,0.7213511,0.35924447,0.15385056,-0.27727926,-1.0733366,0.22975627,0.39517802,-0.27115312,0.10074336,0.12512541,-0.77095425,-0.5635844,0.1600376,-0.5699275,-0.18075667,0.16029628,-0.7302775,-0.17563699,1.4150732,-0.94832003,1.5252658,-0.12815851,-0.004115242,0.24363787,-0.09679265,0.40052742,0.8750556,0.054579854,0.8224249,-0.29338422,-0.22175743,-0.91922534,-0.16358438,0.03717211,0.29959512,0.8714652,-0.6601942,-0.29923567,0.06475578,0.21244869,0.79320824,-0.1949569,-0.7121292,0.16922402,0.1710978,0.15814576,-0.22607724,-0.47855535,-0.23615266,0.7271145,-0.5953939,-0.1644316,-0.3835022,0.6656461,-0.4475928,0.11818523
0.74003404,0.97515833,1.2008266,0.88304085,0.78054833,1.2684623,0.0924575,-0.013978777,0.77198,0.30752763,0.6773325,-0.6591701,0.5213508,1.3739642,0.71364856,0.42961797,0.050566062,0.9383969,0.20804746,1.7364067,-1.2707236,0.803557,0.39863268,-0.08586616,1.1234616,-0.15566155,-0.0062635085,0.45115075,-0.0009892668,1.0071158,1.0015677,-0.07437742,0.6734807,0.2350048,0.21969903,-0.13257046,-0.15981686,0.62014335,0.29241088,-0.26913285,-0.7886066,-0.30832767,0.26191273,0.37846932,0.6653864,0.79732513,0.59750605,0.85577357,0.7483453,0.3780019,0.75574636,0.583743,0.5508266,1.0194061,0.32091683,0.9899825,0.11937736,0.890402,0.52029586,-0.12757076,-0.4970116,0.52326226,0.55436796,-0.3071524,0.34599197,-0.6098871,-0.2788239,0.90759987,-0.0066303983,0.27310073,-0.3785508,-0.0415158,1.5534517,0.9797719,-0.7137289,0.11063929,-0.056080446,-0.13245532,1.6280997,-0.05661228,-0.41777912,0.24422956,0.42779723,-0.67538774,0.8288178,0.44040033,-0.53096104,-0.012568252,-0.32897425,0.6019492,-0.5572903,0.9731169,0.59454757,0.17188083,0.5025215,0.63309085,0.30183873,0.47693014,0.7502573,-0.19404384
-1.0398839,0.9415856,1.3384097,1.4944725,1.7268524,2.0172007,1.035022,0.8863555,0.76723665,0.09641716,-1.6938239,-0.87833506,0.558276,1.0327433,0.55168134,0.6087899,-0.66439456,0.5913491,-0.83216065,-0.27666518,-0.52773786,0.2895405,1.3157169,0.9385718,-1.389606,-0.26006883,1.0977312,-0.5941977,-0.8740566,-0.3041963,0.32759964,0.31539056,-0.04693378,0.4187304,0.215489,-0.7500941,0.5038877,-0.08447558,-0.39302,-0.038639262,-0.46937,0.84010035,0.27964863,0.22170508,0.0254916,0.705635,0.7266537,1.8993671,0.18509935,-0.34513265,-1.2101662,1.2418791,0.18963404,1.5590941,1.5253506,1.4156177,0.91719943,1.7049202,1.476204,1.7660406,-0.71806175,0.64411,0.3858986,0.12751073,0.5780353,1.0046738,0.3468811,-0.5037903,0.5625578,-0.08530815,-0.049985893,0.40435594,0.39719483,0.35154563,-0.14976847,-0.35611057,-1.5555161,-0.042344384,0.584644,0.14426626,-0.14781559,-0.5968956,0.33948693,0.03336219,0.87966055,0.5536878,-0.6148311,0.32566768,-0.19164954,-0.23310682,0.8979217,-0.03075579,-0.6188787,0.4142528,-0.5123532,-0.08924361,-0.04692646,0.5625971,-0.8348519,-0.5327119
0.3242276,0.28294453,1.4503926,0.5418814,1.1527643,0.6300167,0.039761018,-0.7533923,0.41085583,-0.32704672,-1.2571839,0.1502082,-0.8547057,0.23171405,0.37077862,-0.56532526,-0.16647604,-1.0063696,-1.4088662,-1.2161351,0.004120329,-0.04497158,0.8151731,-0.1227722,-0.14431275,0.37735608,-0.36804056,-0.9085445,0.09030314,-1.075128,0.13655204,-1.1855435,-0.78066796,-0.67167187,-0.2666401,-1.2213875,-1.7636242,-0.28774688,0.112477586,-0.4467709,-0.6251326,0.8633648,-0.583355,-0.33134994,-0.67535,-0.4537308,-1.4589137,-0.44098383,-1.2826589,-1.6552511,0.107134655,-0.0457424,-0.3472615,0.8980718,1.241702,0.19473231,1.1295627,0.67430127,-0.75882185,-1.113644,-1.9500399,-0.72011495,0.24429676,0.4122506,-0.25971338,1.784878,-0.15782201,-0.38359225,-0.53215235,-0.6369658,0.43241522,-1.0643564,0.28387094,-0.06279167,-0.0009605461,-0.6743634,0.79845256,-0.102400005,-0.95768046,-2.0816169,-1.0784534,-1.2612708,-0.8644186,-1.0424625,-0.4173554,-1.2488749,-1.7962459,-0.65059716,-1.488254,-1.1023873,-0.47473517,-0.85387343,-0.28623798,-0.7888483,-0.7611457,-0.5708103,-0.8100964,-0.2695248,-1.5078536,-0.70632815
1.3115963,0.4048786,-0.2711387,1.2192723,0.3149735,0.74496806,0.71930045,-0.119043685,0.17991658,0.23388156,-0.49540445,-0.04686192,1.1757108,-0.03527988,1.2300183,0.31149262,0.398,0.13395886,-0.50751525,0.15508163,0.53819567,0.46851596,-0.2634601,0.27641287,-0.40302745,-0.34273124,0.9242518,1.074823,0.93210346,2.2094414,-0.1361896,0.7684471,0.47147167,-0.27904037,0.5277336,-1.0070695,-1.8652873,0.9665869,0.25507012,0.5962379,0.45725706,1.0988659,-0.10363704,-0.29065806,-0.4440047,0.38911638,0.90972966,-0.512191,-0.8278834,-0.10751167,0.56262857,0.23841177,-0.3387715,1.171452,0.16833812,-0.63524145,0.56581,0.027556848,-0.018471748,1.6064538,-0.3722153,0.2550049,0.817519,0.414964,0.2531976,1.5637381,0.09450021,-0.05004373,0.48293757,0.23170064,0.82130367,-0.39247566,0.23759425,1.3718975,0.7578693,0.83117205,1.0092474,-0.6296677,-0.8875757,1.4855484,-0.2186872,-1.169117,-0.5968828,-0.29516116,0.7763038,0.53796387,-0.42166615,-0.8815237,-0.5338383,0.22277838,-0.6557396,0.49162105,0.22606033,0.7664852,0.38679048,-1.0345366,-0.6972202,-0.0565519,-0.28583926,-1.0955704
-0.2308587,-0.25021353,-0.4379009,0.098324925,-0.4459791,-1.3323553,0.84791756,0.05432934,-0.8230348,2.393673,0.8738867,-0.043008007,0.60833025,-0.42558128,-0.5922223,0.0031873297,-0.65960103,0.43965173,0.11975395,-0.62975043,0.67415637,-0.53245604,-0.9746445,0.20764391,-0.58631134,0.021895045,-0.09173656,-0.31530803,0.53653514,-0.3439399,-1.5772742,-1.9384241,-0.10255543,-0.46989554,-0.087640546,0.31582674,-0.9833268,0.10253024,0.83130866,0.9819075,0.08330227,-0.81198215,-1.4484322,-1.5480767,-0.9761104,-1.2111945,0.26780352,-0.5216287,-0.9371719,-0.37108928,0.14081171,0.2214539,0.8421725,-0.46567586,-0.8938577,-0.8013249,0.53180486,-1.0814011,1.0840337,0.37736973,-0.12847821,0.97979575,1.7607977,-1.4463825,-0.5252117,-2.332139,-0.012313437,-0.20218496,0.36509869,0.034413602,0.012650822,-1.5806053,-0.6704422,0.20173398,1.1254998,-0.6753706,-0.6010208,1.351486,-1.1468908,-1.5919892,0.6747946,-0.2283223,-0.97783035,-0.3519849,-0.58874077,-1.7396972,-0.54694563,-0.17338757,-0.48559022,-0.62897515,-0.5786533,-0.6283576,-0.71953356,-0.6505036,-0.81436074,-0.7032635,-1.2855973,-0.7102257,-0.7614951,-0.8898315
-0.8686008,-0.036119115,-0.7651324,0.26952282,-1.0132022,-1.2869556,0.13932377,-0.049175885,-0.53188235,0.1288927,0.21452036,2.0674787,-1.2453518,1.0958736,-0.17844537,-1.2904745,0.15999243,-1.3283528,-1.1055616,-1.058659,-1.7467595,0.86387724,-0.4179278,0.12304969,2.3655682,0.9223583,0.17465332,0.5610981,-0.43039557,1.268144,1.538617,-2.2232273,-1.1276402,-2.2441022,0.4147828,-0.54082316,-0.07797485,-0.2516108,-2.2819912,0.03936085,-1.3902973,1.4230931,0.7655105,1.1624233,0.8444445,0.43574753,-0.11414042,-1.0097448,-0.6216031,-0.2824146,-0.6194145,0.0046439916,0.20500153,-0.36991468,-1.6113372,-0.98926646,0.40942723,-0.7132446,-0.99333113,1.2459438,1.2779014,-0.10580784,-0.6405913,-0.39324364,0.119425915,0.4506957,-0.47196534,-1.0037783,-1.3216465,-1.1292986,0.46208954,-0.32545573,-0.69621634,0.59823126,-0.10359319,0.33854607,-0.59995615,0.6175406,1.4531293,1.6162173,-0.9223226,-0.9274773,0.012135677,0.073845655,0.24684557,-0.76847017,-0.4960863,-0.038457897,-0.8883105,-0.78702384,-0.6454304,0.34917122,0.24702671,0.028623424,0.33626613,0.4897083,0.55980754,-1.1129603,-0.32466537,-1.2514414
-0.44378948,-0.46860874,-0.15325932,0.07310463,-0.6930233,-0.9427293,0.22891207,0.72898954,-0.12098812,1.7472471,0.5627723,-0.42707342,-0.11542046,-0.60868114,-0.9390093,-0.53336096,-0.5813156,-0.7828973,-0.68262887,-1.0243915,-1.536183,-1.3343581,-0.42571455,-0.85315734,-0.2124886,-0.30302843,0.7011621,1.2693155,-1.2193704,0.5206986,-0.69382435,-1.5103886,0.76438516,-1.1186315,-0.716221,-1.3443468,-1.5250514,-0.036346275,1.1886399,-0.4717102,-0.44490016,-0.02111682,0.21459681,0.1845237,0.20114261,0.16643064,0.46847925,0.20474985,0.054446023,-1.5088627,-0.8159488,0.8406499,-0.6807712,-0.24583049,-0.88269967,-0.7391032,0.53763276,-0.023297912,1.7063166,-0.9888771,0.8367317,0.03984415,-0.70494884,-0.47374344,-1.1320152,-1.6153898,-0.51115596,-0.39613548,-0.90628916,-1.0929219,0.423745,-0.8638929,-1.0313779,-1.0918108,0.30802822,-0.13760729,-0.36000037,1.1550897,-1.4047925,-1.1113569,-0.41362223,-1.1326706,-0.5748874,-0.19628721,0.035951775,-1.0286424,-1.6053201,0.20426495,-1.8114564,-2.0377238,-0.107136235,-0.8539706,1.2314279,0.83287114,0.41004726,-0.2616917,-0.39151427,-2.083991,-1.1536484,-1.2820886
-0.7989319,-0.7295424,0.4573724,0.05751938,-0.30399385,0.05644155,0.09765694,0.18080768,0.10056458,-0.9434361,-2.2497494,-0.46304613,0.304616,0.3380539,-0.78408796,-0.245625,-0.9125712,-0.9404769,-1.0737722,0.0274182,-2.464827,0.2456235,-1.6063597,-0.58652955,0.38247338,-0.60219026,0.10575459,-0.2747426,-0.96317536,-0.6774555,-0.15751804,-0.49794322,-0.479103,-0.78032124,-0.66766447,-0.3970397,-0.29672006,-0.005035692,-0.65753794,-1.7693988,-0.69936144,-0.3119554,0.22565241,-0.0685155,-0.6496555,0.47730514,0.1587978,1.2399688,0.42856744,0.015770134,0.56331843,0.49059978,-0.56412214,-0.19473676,-0.9013946,-0.6996059,-0.705283,-0.05690963,-0.22979467,0.37069386,-0.5985299,0.18109278,-1.1876454,-1.2515649,-0.78062415,-0.27228597,-1.2779989,0.25642344,-1.1099797,-1.0633857,-1.2247474,-1.4228752,-0.9078227,-0.7537207,-1.5847135,-0.39603436,-0.7125175,-0.95814246,-0.20932616,-1.23299,-1.0755321,-0.66816163,-0.5660306,-0.6349754,-0.4641753,-1.3223102,-0.775078,0.10136862,-0.739745,-1.1698899,-0.59544975,0.15638551,-0.11126712,-1.5135686,-0.057713598,0.47088966,-0.25077897,-0.023653584,-0.5209655,-0.5237434
-0.20292234,0.30455092,0.5377909,-0.27907056,-0.17710105,-0.58181995,0.56299347,0.44194648,0.9827442,1.607119,1.9571446,-0.080941476,-0.41966802,0.20377557,-0.88683635,0.69961554,0.7301606,0.15224135,-1.396693,0.43499434,0.6525551,-1.2566265,0.15905781,-1.6105615,-0.74387145,-0.013516713,-0.08066675,-0.8989548,-1.5667737,-2.0751126,0.25358272,0.69976294,1.9889406,0.80546093,0.73682827,2.0779061,1.3272109,0.26768094,0.17362098,0.15907107,0.2860776,-0.12093167,0.17661786,0.5118381,-0.17112231,0.4678435,0.9218287,0.46494794,1.2992213,1.7222373,-0.019575117,0.8817646,0.6221202,-0.0832805,-0.5960531,0.6028659,-0.06881227,0.44244224,-0.55135536,-0.17261136,-1.1375756,0.70630175,-0.6566509,0.9720226,-0.28916773,-0.67754674,0.48910472,0.19583939,-0.9154628,0.8207205,-0.0921302,-0.04922107,-1.2568595,-0.99455345,-1.3110107,-1.1656058,-0.57101697,-1.1371499,-0.037549928,0.3365579,-0.11827741,2.2626991,0.314842,0.8106258,-0.53915757,0.7131958,1.5078639,0.3401969,1.962808,0.44408566,-0.2712541,-0.4114441,-0.26541162,-0.4647105,-0.11965133,0.54356796,-0.23408766,2.1896734,2.5512967,1.9786955
-0.74504226,0.12226107,0.20157921,0.6992866,0.33960018,-0.02942894,-0.13398777,0.73417354,-0.47023,1.3005382,0.13508412,-1.7341636,0.8478479,0.43278885,-0.9366715,-1.1941795,-0.75967634,-0.67482865,-1.4004997,-0.70903134,-1.1610942,-0.5799465,0.040547572,-0.14859803,-1.0789526,-1.5050101,-0.73172206,-0.14283112,-0.6900743,-0.40030664,0.42725286,-0.1819307,1.1200981,0.2393012,-0.5040713,-0.09876508,-0.110898286,-0.9522496,0.027808115,1.4773778,-0.06321431,-0.826285,-0.25738418,-0.087106355,0.00027237128,-0.4763421,-0.4473067,-0.06858533,0.5036117,0.31174517,-0.6654293,0.30264133,0.42357057,0.59027785,-0.3338004,-0.291747,0.1415885,0.63132966,-0.18731228,-0.5100807,-2.2886581,-1.5654919,-0.34553236,0.82570755,-1.9476569,0.24051048,-0.18111694,-1.1260626,-0.013633418,1.3207629,-1.6124258,0.5208867,-0.7590086,-1.5466629,-1.3105656,-1.6213683,0.6202516,-0.70946634,-0.23833504,-0.52744967,0.9641835,1.855648,0.27934083,1.5674664,-1.2526996,1.5335724,0.92069906,0.3297374,1.9055183,-0.25941905,0.8846511,-0.986788,-1.3938768,-0.3230441,-1.0800853,0.122089915,-0.50872284,1.0349541,1.32221,1.3501498
1.0392317,1.113986,0.6075864,0.96557367,1.0228745,0.86354655,0.43497235,0.94819474,0.77420914,1.2818031,1.6557862,-0.13237877,-0.09302005,0.7984755,1.2255627,-0.12941328,0.5676408,0.6128435,-0.39528865,0.19500598,-0.7864151,-0.6731965,-1.6030052,0.8898284,-0.9748745,-0.3745218,-0.8992812,-1.0219349,-0.31884253,-1.4709232,-2.038792,0.564284,0.005647724,0.1838486,0.4810835,-0.16713199,0.6674077,-0.42086,1.1795303,0.7971166,1.0364585,-1.0690205,0.04117154,-0.34500083,-0.07245818,0.09542212,0.4816827,0.15425771,1.5955741,1.1503288,0.5108421,1.1972456,0.46155846,1.1673999,0.97770077,1.0494393,0.48844197,0.48328555,0.19520664,1.4016485,-0.77810156,0.17867665,-0.50193465,-0.02619175,-1.1548654,1.2379547,-0.37479696,-0.51654977,-0.29752684,1.3946408,0.013501224,0.13242093,0.497655,0.8377041,0.057630807,-0.23605637,-0.038520508,0.50266993,-0.31023118,1.1393223,0.6919645,1.4737848,-0.51223296,-0.030250262,-0.28847352,1.1303909,0.24306759,-0.74597734,1.2430753,0.6916069,1.3809164,-0.24287635,-0.39569053,-0.4815675,-0.5008822,-0.58967924,0.56599516,0.35590488,0.29915765,0.72611487
-1.1037307,0.27265412,-0.35270557,0.4770864,0.39741042,0.14492173,-0.5168501,0.5440626,0.64112335,-1.0685369,0.17279887,0.49596882,-0.7206412,1.7787093,0.88841885,-0.17793511,0.1923634,-0.70977795,0.29914343,-0.5018779,0.66923463,-0.27734494,0.28769022,-0.11624834,0.11442641,0.034188103,0.22875448,-0.95351565,-0.67354846,1.2516509,0.485946,-0.10582624,0.6619083,-0.1909928,-0.6795919,0.6617828,0.23147383,0.89011955,0.34240678,-1.8512019,-0.2202022,1.3108858,0.95172894,0.41087696,-0.20231853,0.03152729,-0.47895756,-0.68848854,0.6402784,0.3605876,-0.62903523,0.120991446,-0.44330978,0.18310577,0.07588273,-0.14224286,-0.23002762,0.11477873,1.4100581,0.6402763,1.0691969,0.6006661,0.9851886,1.0412698,0.24225096,2.2797594,-0.06599623,0.10288606,0.6040799,0.13062404,-0.36994064,0.22225064,-0.63232464,-0.3510538,1.2317588,-0.2423991,0.6279544,0.8174737,-2.8270266,-0.73208255,0.3445037,0.6783994,0.24058951,0.16695543,-0.2223016,0.102145046,1.183823,-0.19931719,1.2396606,0.438559,-0.17493844,1.032638,1.3889582,-1.011667,0.18230657,0.19943388,0.15291156,0.9693887,0.06988056,1.107029
-1.0493904,-0.5376759,-0.23673289,0.0946457,-0.89578146,-0.56447864,-0.8871486,-0.6397779,-0.55536276,1.3015708,-0.5996091,2.3610435,0.43148723,-1.4960624,1.2012947,-0.8821871,-0.31587783,-0.48514763,0.5329255,0.17799407,1.2565151,-0.27974254,0.49116248,0.86941075,1.5255224,1.1101018,0.87451947,1.5390949,0.82927424,1.4596626,-0.113570355,-1.5978245,1.5545686,-1.0596647,-0.34464338,-0.031043798,-0.95888025,0.68402946,-0.49894854,-1.0056508,-1.2005463,0.371155,0.24612348,0.14953536,0.8591393,0.67401624,0.6941462,-0.8220637,-0.82671624,-1.1784984,0.1361816,-0.8688882,-0.052247047,-0.6252826,-0.37262544,-1.1665274,-0.30945045,0.11286404,1.687293,-0.12655297,2.181807,1.239713,1.196229,-0.2779467,1.5509719,1.5028164,-0.39466906,0.67877454,0.29083773,-0.59807956,2.1777005,0.22270632,1.2226858,1.1704626,3.3038585,1.410104,0.3856164,3.7188125,-0.62066686,-0.8441547,-0.8955298,-1.2494045,0.10977248,0.20244592,1.0186571,-0.6192901,-0.6650801,1.2819322,-0.5442989,-0.5566801,-0.4786635,1.0829396,0.8326153,0.38560688,0.24116363,0.32726848,0.29867595,-0.6384318,-0.8839128,-1.096414
-0.6344076,-0.39154267,-1.0628219,0.22147906,-0.7416611,-1.2285019,-0.73494846,0.4543349,-0.69196683,0.20069237,-0.90615994,-0.49426407,0.9982318,-1.5445763,-0.35066336,-0.8545791,-1.9842507,0.12837662,-0.9957747,0.12664543,1.0411532,-1.4793748,0.003185081,0.20159352,-0.039460614,0.9042794,0.6539173,0.33657822,0.5435844,0.43298408,-0.17713137,-0.9310776,-0.57250595,-1.2311229,0.0854231,-0.1573062,-0.40866667,0.72930014,-0.62216336,-0.8188252,-1.7613947,0.77344716,0.114508815,0.40931502,0.9544416,-0.14376406,-0.09425072,-1.6840165,-1.2143648,-1.9204644,-1.8206873,-0.12982841,-0.72207725,0.03698792,-0.89647996,-1.3430556,0.15899825,-1.1308938,0.21261609,-1.088322,0.48714554,0.33011794,0.076423384,-1.0391707,-1.3773514,-0.9008968,-1.2287549,-0.61640733,-0.52990156,-0.4559783,0.18534555,-0.71334404,-0.53746784,-0.04408125,1.5562733,0.43908638,-1.2980479,-0.22854826,-0.4218956,-1.7704673,-0.54162127,-1.6412395,-0.42544588,0.15245742,1.4800229,-0.84755516,-1.4080307,0.82624966,-1.1179433,-1.0264038,-1.240612,0.6796935,0.816564,0.932128,-0.3060104,0.026724137,0.42849073,-0.96419525,-0.845832,-1.317193
-0.94532037,0.35516846,0.07099206,0.3756185,0.39752737,0.6946886,0.5859071,1.1563908,0.32790884,1.009515,0.3155445,0.9207976,1.0865419,-0.46984416,0.8146025,0.18722932,0.2773363,0.051225,0.016474169,-0.05463102,-1.0819652,0.68932486,1.4667065,-0.42809254,2.6695411,2.7879257,2.4050002,3.42198,0.8757622,0.48406982,0.05240674,0.7597773,0.2677405,-1.3761497,1.6054126,-1.0564896,-0.23893668,1.6334221,0.38645262,-0.91550493,-0.43552348,2.1893148,1.61353,1.4528913,1.6599262,2.2123086,1.8948613,0.956039,0.16404067,-0.21747907,-0.003248934,0.663032,0.18845667,0.51629573,0.30236912,0.5476316,0.48931503,0.73178554,1.6239482,2.050722,1.9594281,1.2922508,0.89803666,1.0415167,-0.5650359,1.0388117,-0.44831017,1.9247646,-0.3004582,-0.31900945,0.029714994,0.45890927,0.9642788,0.9476493,0.9644109,2.0436735,0.21242824,1.3080806,-1.2687516,-0.08161503,-0.46569306,-1.1346657,0.99575317,1.1567737,1.9531925,0.51449287,-1.1688225,2.2175114,-1.2369977,-0.56350213,-1.5640801,1.7308661,0.17382404,1.126766,2.763763,1.0558611,1.4678177,-0.06245956,0.5091791,-0.017453996
-0.5908911,1.4006767,1.9070728,2.1885145,1.1776062,0.80020845,1.3428496,1.8229984,1.2487533,2.592163,-0.47046104,-0.86897326,0.5547588,0.9018577,0.7915508,1.349487,-0.70029914,1.3665811,0.5642247,1.4744891,2.0389857,-0.022901785,0.97683567,2.2354062,-0.10965772,-0.20460619,0.030364132,-0.7823345,1.7316804,-0.0030871306,-2.2032175,-0.47889128,0.9222825,1.0358634,-1.7614425,0.5234212,-0.19878215,-0.3951835,1.49357,0.020357858,0.57429254,0.68001837,-0.36169395,-1.3980926,-0.314801,-0.35314092,0.7617994,-0.62034744,0.0017881412,-0.86459917,1.2748123,2.582258,1.690302,2.1043785,1.5745827,1.0994662,2.07946,2.2887523,-1.3229128,0.74403965,-1.7054721,0.67805505,1.0540615,-0.17770058,0.90396345,1.2376478,0.42165962,0.7748747,0.57701445,0.98835534,2.0833309,-0.17311995,0.973001,0.05074473,1.1566885,-0.46308422,1.9022355,-0.62782365,-1.4807333,0.37908202,0.6390173,-0.78718805,-1.1229724,-0.5075271,-0.08739455,-0.41750008,0.13959722,-0.7525364,1.1990604,-0.20708685,0.14722669,0.25538424,0.5000952,0.50464106,0.29720923,-1.6113746,-0.87459666,-1.3421286,-0.79637164,-0.39715147
0.06782598,0.34583753,-0.30429217,0.6435335,1.2508188,-0.056140997,-0.38541132,0.56874245,0.20098262,1.0843741,0.2738773,-0.5790653,-0.11522108,-0.42870328,0.1802621,-1.4173663,-0.29249877,-0.063983195,-0.37961647,0.4800898,0.19509682,-0.18693598,0.67659533,-0.45954326,-1.4262973,1.1493524,1.0288599,0.23055853,-0.38236126,-1.0820348,-1.2547933,-1.202851,0.5717952,-0.87913835,0.29570824,-1.4938214,-1.1240079,0.41889742,-0.4291902,-0.9038285,-1.0918533,-0.78924733,0.31409112,-0.5386107,0.62032574,-0.011805141,0.66977626,0.38957605,-0.9010016,-0.46366635,-0.19146916,-0.08640116,1.0128387,1.4598957,0.90579623,-0.35203508,0.13989277,0.04563724,-0.53360033,-0.4729041,-0.6092868,-0.4498133,0.8775294,-0.10297006,-0.8530503,-0.5800759,-0.24197154,-1.761409,-0.10129864,0.16884626,-0.89370066,0.3663352,0.3532623,-0.10092477,-0.3592559,-0.022404993,0.16294119,-0.16897444,-1.6076753,0.7145294,-0.18423882,-0.8048109,-0.12157575,-0.37100026,0.48454297,0.17518227,-0.8982852,0.241056,-0.24051355,0.123711996,0.28179798,-0.10247007,0.41075823,0.6557886,-0.05881277,-0.112652525,-0.057022687,-0.17690499,-0.6760456,-0.27871683
-0.2762698,-0.09686828,0.88796455,0.46370524,1.6964868,1.6895096,0.87614995,0.5888894,1.5013943,-1.6404821,1.8642006,0.0395484,1.2087556,1.0947046,0.08021622,-1.52264,-0.7317911,0.6925861,1.706326,0.43773937,-0.9429759,0.9612888,2.2538207,-0.1033465,0.79229623,0.5360481,0.172724,1.2495289,0.49339798,0.9743108,-0.29815346,0.34608185,0.87980735,0.1453546,0.19770214,-1.1664411,-1.3295014,0.6831028,1.6112993,-0.14499737,1.6232005,0.29727504,0.55671734,-0.051974688,0.28781673,-0.108647496,-0.71122664,1.2343783,0.7418747,0.43747503,-0.48024133,1.5796033,0.302461,1.3195764,3.3170426,1.7571507,0.5718195,1.7604426,-1.427596,1.6464496,0.76878256,2.0799754,0.5541744,2.8134825,-0.097321175,1.7093114,1.1335833,0.21699636,0.29040945,0.9983866,-0.011744356,0.919269,1.5758152,0.8769476,-1.0202092,0.8429646,0.50610435,0.84147334,-0.6922315,1.0318009,0.1083825,1.4958229,0.38062438,0.12379762,0.13633136,0.9781355,0.24278758,0.61210674,0.17309687,1.8095716,1.6545748,1.064128,0.5998857,1.044135,1.2078876,-0.15168321,0.9104011,0.42310676,0.8685282,1.3757159
0.5694986,0.50761515,-0.12976825,0.954601,0.6581886,0.77104807,0.62483406,0.20522702,0.25347432,-0.4585852,-0.019720493,-0.16432245,0.9314283,-0.01349837,0.18927422,0.00835656,0.68985075,-0.91124845,0.55112,0.5379279,0.52876115,-0.02402254,-0.69963324,-0.45159796,-1.1307915,-0.82293326,-0.8910617,0.08025083,0.043985203,-1.5111728,-0.5960928,0.2845788,0.43778467,0.5472857,-0.18893155,-1.5940381,-1.9273752,0.81084806,2.5693164,0.46350062,1.9807369,-1.1638464,-0.32870284,-0.9464076,-0.7934931,-0.34509048,1.1357553,-1.0321534,0.9471382,0.9295356,-1.0676587,0.75858885,1.1960422,1.1074947,0.5455061,0.9305988,-0.11677675,1.1746761,-1.9817331,-0.07417264,-1.851797,0.6065598,-0.46257308,3.015091,1.4834198,-0.34601954,1.8192078,-0.039545115,0.24144675,0.41314536,-0.494417,-0.18674295,0.31150272,-0.11463145,-0.5625011,-1.2524232,-0.391297,-0.67832243,-0.61832345,-0.17936839,0.22711481,0.6183266,0.04176303,-0.13725866,-0.39615488,1.2514273,-0.7922205,-0.6271801,-0.14140806,1.3083335,1.0606205,0.7866698,0.63359964,-1.1308262,0.446351,0.17425916,0.9132542,-0.38762575,0.57534313,1.404742
0.08665187,1.3366555,-0.48233128,2.5338905,0.53744537,-0.9068779,2.6177073,0.7564454,-0.21536085,-1.7164886,-0.5333397,-1.2232356,-0.42483556,0.64279497,0.44379738,1.483093,-1.089736,-0.5832401,0.28460708,-0.53122324,0.10195197,-1.223628,-0.05610698,-0.27312,-0.90172935,0.07057643,-1.077374,-0.7520773,0.17817114,0.01705077,0.54596084,-2.3749201,1.2165612,-2.1275322,-1.6393188,-1.6990216,-1.2224994,0.38513476,-1.5080768,-0.46849924,0.3579095,-0.010385229,0.09387881,-0.31410846,-0.29500896,-0.047624793,0.63497055,0.509599,-0.13432819,-0.15179706,-1.2384483,0.6156413,1.5594531,0.87305194,-1.2675366,-4.2895284e-05,0.973228,1.1686281,-2.7837396,-1.4083396,-1.6483959,-0.32200816,-0.7122304,1.8267586,1.1080968,0.10106148,1.6806808,-0.42630267,-1.0866404,-0.3499871,0.6436426,-1.5662609,0.9350134,-0.6249422,-1.1639178,-1.1889619,-1.077171,-0.7704032,1.1218213,-1.0622672,-0.6539549,-0.1588481,0.0655846,-1.3513304,-0.79657036,-0.15807405,-1.0168258,-0.2765902,-0.00026827765,0.38330603,-0.7823424,-0.5006629,-0.46472234,-1.4631189,-0.09306351,0.032318536,0.49058852,-0.6019474,-0.10178897,0.42536643
0.31833023,1.5514097,-1.159891,1.881637,-0.10997095,-1.3461862,2.747779,1.4329448,-1.016962,-0.3479978,-0.9414838,-1.6790468,-0.13569854,-1.3862293,-0.22881448,0.6818758,0.2725464,0.006685918,-2.3759549,0.5146551,-0.0196816,-0.34632662,0.33306238,-1.3164861,-0.98120886,-0.79730064,-0.20057541,-1.3472297,0.12633777,-0.5098809,0.020752056,-1.1326662,0.4582973,-1.3446283,0.21987759,-2.4349442,-2.0431592,0.11355882,-0.36936,0.16903606,0.3413011,-1.538341,0.3055993,0.65294397,-0.6198591,0.28665608,0.112491444,1.4672239,-0.14518999,-1.0601403,-2.5253186,-0.021211624,0.9813914,-0.36654463,-1.8197173,-0.76193964,1.2088436,-0.9893223,-1.3886278,0.2042769,-1.0509009,-0.8125756,-0.5595044,0.72049314,1.5716633,-0.5075929,1.8260343,-2.021604,-0.71779245,-0.47870216,1.978991,-0.6335036,1.1871532,1.1040521,-1.1264136,-1.3755443,-1.2264903,-0.6241538,0.050785925,-0.31700513,-1.1739175,-0.79326296,-0.27054194,-0.8768361,0.64508766,-0.5323553,-2.5106542,-0.10859577,-0.80560905,0.5770656,-0.042100187,-0.716925,-0.51600575,0.39733493,-0.16114114,0.9815941,1.0139089,-0.023988485,-0.18136531,-0.13911338
-0.4049496,0.057488203,-0.81212604,-0.19408794,-1.1608622,-0.8417286,0.25485218,-0.11826727,-0.6930005,0.39942417,-0.76941174,-0.91605926,-0.2583253,-0.23524897,0.50790536,0.12202876,-1.8864267,0.29826137,0.84462833,0.6534143,-1.5011832,-0.095841505,0.17701261,-0.8101705,-1.645302,-0.8653686,-0.2548994,-0.11363325,1.430599,-0.62387145,-0.20812564,-1.1235278,0.46339157,0.19130604,-0.34063125,-0.42067286,0.48467365,-0.4199904,-0.14029415,0.22158164,-0.109766625,-2.4155312,0.16940278,-0.5174296,-0.70534843,-0.29775208,0.5416424,0.1479341,0.07649435,-0.017640732,0.5355479,0.07913356,1.011369,-0.44265273,-1.2777653,-0.22046794,0.5693918,-0.2879094,-0.2486001,-0.87667423,-0.5642502,-0.08218992,-0.5503617,-0.13865334,1.348927,-0.30129787,0.87418896,1.5152605,-0.7042642,-0.5354206,0.6421509,-0.9460465,0.6148316,0.2216031,-1.2919737,-0.57217014,0.0047838297,-0.19053827,-0.5819955,-1.8722773,-0.38249734,-0.6736633,-0.25870946,-0.32373586,0.16286258,-1.0623491,-1.0346422,-0.6286627,-0.6542037,1.0861027,0.22359885,1.1266043,0.29167283,-0.40306357,1.0722212,-0.38407078,0.39796826,-0.30894065,0.39595023,-0.15086655
0.66454315,1.0179813,0.3599097,0.14993328,0.3246337,-0.12258204,0.32067406,0.70804524,1.4124392,-1.3725374,0.16694233,-0.25233117,-0.037521545,0.19000034,-0.70372933,0.8777102,-0.2854476,0.2761348,-0.09688932,-0.6523745,-0.60000205,2.3376274,-1.1905457,-1.4831197,0.53492785,0.097531766,1.4659499,1.0319536,-1.5981393,-0.48322412,0.29683593,1.4947667,1.5590624,0.7844662,1.7135323,0.42609838,0.9829959,1.3039365,-1.1901602,-0.70232075,-0.8633017,-0.51451916,1.9634382,1.1586149,0.97328436,1.5603557,1.1332304,1.2703605,-0.2782486,0.26391783,0.43977463,0.6278649,0.31537873,0.33038792,0.13986659,0.6824004,1.1606934,0.8007054,-0.19254932,-0.6677913,-0.36279693,-0.35496753,-0.84368116,-0.5688367,0.4592823,0.46353197,0.65990734,0.8027113,-0.3775752,0.2406785,-1.475563,0.01529171,-0.07408484,-0.6779123,-2.1711226,0.42233875,-1.2302214,-0.83501226,-0.2625107,-0.42251673,-1.626716,0.568399,0.95610577,0.7144502,1.0278618,-0.08908897,-0.5210344,0.19535847,0.47804853,-0.7383973,-0.40126,1.826403,-0.2606501,0.4854256,0.6577847,1.5742038,0.7651625,0.1695955,1.0294467,0.816509
-0.7922682,-0.41870937,-1.4779998,-0.09061631,-0.002805953,-0.6382328,-1.2342097,0.10199346,-0.30616897,-0.1870292,0.6062335,-0.58887845,0.04487514,-0.38402155,-0.5566692,-0.60521054,-0.41965964,-0.14038183,-0.78362054,-0.65827346,-0.1830698,-1.5790616,-0.5090255,-1.2700169,-0.85970294,-0.64448315,-1.192489,-0.43438557,-2.122487,-0.79641944,-0.24706799,-1.5282087,-0.20511857,0.13956608,-1.0573196,0.81895447,0.07261617,-1.1520135,0.04511836,-1.4330037,-0.24174857,-0.22374393,0.042624015,-0.21330704,-1.0108662,-0.67792535,-2.5616853,-2.219867,0.24511145,0.18495424,-0.23997009,-0.9905291,-0.7789775,-0.2044736,-0.5506915,-0.6912978,-0.9676941,-0.02345544,-0.064640194,1.5150462,-1.1798736,0.40831414,0.15675883,-1.3359611,0.2135868,-0.44488868,-0.3510454,-1.0942131,-0.734159,0.15564498,-1.6652781,-0.8825395,-1.1779836,-1.9070188,-1.2068833,-1.4639162,-0.89850813,0.35698733,-1.228345,-1.7253623,-0.66133523,-0.44311926,-0.5607931,-0.71020544,-0.90033287,-0.926445,-0.5589479,-0.06590776,0.13533093,-1.6088247,-1.296168,-0.29388648,-1.5806243,-0.31081113,-1.2899382,-1.0477436,-1.038551,-0.9824885,-0.0033613017,0.049477983
-1.464578,-1.0997418,-0.7411178,-0.6491906,-1.3852829,-1.7676383,-1.1521138,0.021822032,-0.34159818,0.44207233,-0.10257122,0.43665135,-1.4521731,-0.7212429,-0.5605842,-0.31389338,-0.63654697,-1.345677,0.2559218,-2.7765753,-1.6795509,-2.3175082,-1.5784875,-0.83890504,1.4607717,1.4463749,-0.4025667,0.26141414,-0.9677448,-0.15884072,0.4100003,-0.5259449,-0.1763126,-2.1614065,-0.629279,-0.30243483,-0.18159935,-0.2062509,-0.9064242,-0.6385826,-1.1549193,0.53240204,0.18710686,-0.22158903,-0.3706192,0.59252584,-1.771027,-0.51580125,-0.9002542,-0.7561212,-1.3994135,-0.9069089,-0.68849474,-1.3834636,-1.4914699,-1.4029425,-0.91455865,-0.7096284,-0.5718543,-1.0668631,0.73834497,-0.07767228,0.51284385,0.032526713,-0.56281155,-0.13215941,-0.69883615,1.3283765,-1.4184753,-0.84362787,-0.39756685,-0.8320422,-1.5499046,1.148978,0.37413463,1.255258,-0.28049526,0.38017982,0.6055811,-1.9887356,-1.3621196,-1.690261,0.48890212,-0.085818656,-0.144336,-0.7580977,0.060840055,1.1867491,-0.6627965,-1.3058137,-1.9385366,0.40603018,0.90831125,1.2035956,1.5471904,0.24324721,-0.11958104,-1.8604757,-0.87470526,-0.70502865
0.18172576,-0.6901632,-0.21249516,-0.27528098,-0.68251014,-1.0157735,0.17732114,0.08687147,1.0181797,-0.48105988,0.22690089,-0.61528164,0.90438193,2.1905127,0.087339446,0.21652292,-0.08365894,-0.7678152,-0.05990632,-0.19712481,-0.7908005,-0.26883635,-0.39909706,-0.63045484,0.18194218,1.6471316,0.33635885,0.4769736,-0.6362963,1.1200476,-0.7147135,0.33527738,1.3506446,-0.38117108,-0.41322464,-0.34487388,-0.9791979,0.79969245,0.23059008,0.45419064,0.4023827,0.9573908,1.1838247,0.15880202,-0.16763885,-0.23907399,-1.482105,1.0658753,-0.41057804,0.16652799,-1.3982068,-0.44043425,-0.3883548,-0.25725487,-0.9897649,0.39356402,-0.30422595,-0.3259997,0.45896932,0.39774215,1.1914276,0.43080387,1.0005261,0.89573574,1.1211119,-0.7393462,-0.5302424,0.19736233,0.07257625,-0.97691655,0.49383357,-0.17742833,-0.90458065,1.1868758,0.31703565,1.0126004,-0.35037294,0.6204988,-0.24121259,-0.47887632,-0.14305231,0.37330982,0.39451763,0.09827718,0.20880607,-0.515264,-0.047704924,0.76774067,0.51746553,-0.10886474,0.0076402994,0.07613919,1.2952185,0.19554722,0.78609926,0.18644348,0.20999658,-0.28568962,0.34138888,-0.19761471
0.10671888,0.6499735,1.4382002,0.6455305,1.2643558,1.467483,0.49887362,1.2130321,0.8254337,0.78109527,-2.0971198,1.1859747,0.065220766,0.6563709,-0.2640714,-1.4453341,-0.585943,-0.6994969,-1.5326706,-1.0544565,-0.77990085,0.30486432,-0.37146178,-0.8348914,-0.99763864,0.9226623,0.2860608,0.6054772,-0.45329797,-0.4776466,-2.4021919,-0.013187001,0.20507209,-0.8334493,-0.7415234,-1.0064757,-1.6315856,0.42023176,-0.3090824,-0.9836583,0.14876157,-0.17388798,-0.121482216,0.02559913,0.26941428,0.5754468,-0.46489418,0.22813213,0.21075226,-0.87114567,-0.16753687,1.7094443,0.2720686,0.785654,0.866436,0.7349029,0.7445197,1.089633,-0.57186276,0.20472066,0.23399432,-0.24466524,1.0920297,0.26511535,-0.7129348,-0.24414025,-0.013719241,-1.674151,-0.7060609,-0.33925503,-0.38990423,-0.64555925,-0.22361083,0.2994105,-0.72644836,0.013790483,-0.22551277,-0.8990901,-0.48835027,-1.3907341,0.041290816,0.8459531,0.5812204,0.5817019,0.5674532,0.7866907,-0.68161315,-0.22507441,-0.5447822,-0.19738516,-0.57864416,-0.667917,-0.596235,0.50061935,0.52332175,-0.10440481,0.5550766,-0.35046768,0.45126995,-0.091836706
0.15976226,1.8110142,2.3732443,0.8814622,2.1455843,1.8933045,0.5327944,1.4866138,0.9887586,1.7036135,0.4945091,0.6412975,0.59749997,2.1965635,2.78847,0.96592116,-0.24860825,1.068947,1.2651559,-0.7489129,0.6440893,0.5822728,1.13203,-0.019253446,0.70061326,-0.22332592,0.42979693,1.0358245,0.6282205,1.9722543,0.04133405,-0.86424077,1.0709242,0.82632154,-0.43579954,-0.98781836,-0.14044538,1.3053488,1.5040214,-0.61066514,1.9935265,-0.18449958,0.49974832,-0.31485778,-0.05070653,0.6971401,0.8936329,1.0613948,0.28672877,0.69053113,1.7751373,2.3005795,1.3372947,1.545669,1.7546929,2.18786,2.09936,1.5432855,0.48740587,0.34637004,-0.15414323,0.97083104,0.94756305,1.0598407,3.4533448,2.72751,2.53252,0.8024703,1.2941445,1.7461596,1.3161151,0.8942078,1.2691633,0.8575649,-0.71226776,0.35608906,0.6832779,0.4901746,0.8879852,0.44911107,1.5057368,1.5059911,0.62449634,0.08078209,0.24152042,1.383974,-0.2073986,-0.46185404,0.47350845,1.0464876,2.748033,0.049276482,1.7155291,1.2190518,0.9326372,-0.33148295,1.0582098,1.4318691,-0.0040403567,0.6312752
0.76734823,1.2568657,1.5407124,1.4486771,1.4208857,1.7151794,1.1970549,1.5828148,1.6732434,0.11636071,-0.31392533,0.39378944,1.3262317,0.02139231,-0.76883626,0.39761916,-0.6304962,1.4806333,0.55878156,0.20507993,-1.5227275,-1.0048299,0.22666693,-1.3863046,-0.9514482,-0.29753715,-0.90438735,1.0472741,-1.0419158,0.22023018,-1.416792,-0.16912039,2.2790802,0.59013075,-0.30800036,-0.5861034,-0.9508046,0.074744776,0.7851161,0.5964082,0.8634517,-0.8617097,0.8145019,-0.18394639,-0.32316127,-0.1303803,0.7340337,0.90193504,-0.043841578,-0.20465596,0.3636515,2.0428154,1.6144674,1.5866226,1.1985673,1.6247116,1.354962,2.0850503,-1.0535715,-1.0784497,-0.6105784,1.6354977,0.4126358,0.6859651,-1.1102785,0.6211739,1.5202085,0.63212454,0.4481278,1.2803879,-0.18274447,-0.06914242,1.4217563,-0.13011484,-0.39103046,0.02389517,-1.5268927,0.79296756,-1.075484,0.19304535,0.11726748,0.2722868,1.2723012,0.33485076,0.23125155,0.683941,-0.4576143,-0.37455028,0.055876605,0.45907205,1.110184,0.34500912,-0.33123747,1.300076,0.103126496,0.26476905,0.73774767,0.53788817,1.6183823,0.71385103
-0.3662402,1.5739714,0.9463963,1.4229718,1.3058884,1.0654011,0.8444462,0.62147117,0.6406071,-1.5435512,-0.5756042,0.2930304,2.217006,1.3257632,1.518872,0.9119861,-1.9643692,0.5089101,0.25356507,-0.18632045,-0.9665029,1.0664582,1.2120833,0.00488856,-0.2676591,0.46400332,1.4462551,0.85296506,1.9603182,2.5745652,1.5296303,-0.061907727,0.73354423,0.38420895,1.1475537,-1.0271337,-0.19713342,0.6125503,0.72527754,-1.7063205,0.865507,1.282385,1.6564094,1.2969109,0.99265164,1.2025653,-0.78158075,0.7159211,0.39335653,-0.26365194,0.8001818,1.2389942,0.57535064,1.4835682,0.89558953,0.41856045,1.258,1.5334461,-1.0890546,-1.0145628,0.9425677,0.97840905,-0.27111167,1.543314,0.13415596,1.5104359,0.95758426,-0.04877037,1.0191637,0.9507406,1.2308248,2.144936,2.1836247,-0.012684378,-0.65885234,1.0581558,1.2923334,0.77731013,0.4801234,-0.6263943,0.5689215,0.98597795,1.2137277,1.1049198,1.5582713,1.4422879,0.49810734,0.9777095,0.17741586,1.3220714,1.3974121,1.3813773,0.32729292,1.6023055,1.745105,1.2047645,1.8470534,1.8605486,-0.090850025,0.34280127
-0.06917678,2.1395254,1.4755,1.7025943,1.7590894,0.98919237,2.3003526,2.0980265,2.0134506,1.1093389,1.7816595,1.1809689,2.7928874,1.4857248,0.25503796,1.7870808,-1.5673616,2.0765738,0.050567847,0.21298191,-0.9760326,1.5696614,1.2388332,-0.4759683,1.6532145,2.4860547,2.7485528,1.9031702,-0.07782876,0.7137282,-1.2283976,0.944968,0.13317177,0.30974624,2.0264838,-0.8401769,-0.055994797,3.2017121,0.039405018,1.0097446,1.4076401,-0.8182174,2.6506205,1.1029733,1.9011902,2.0311334,1.1596158,2.6889262,1.3296852,0.7120603,1.7381339,2.697176,3.2297978,2.0508766,0.898512,1.543479,1.226991,1.6064177,0.7187243,0.7547427,-0.034685593,0.68270975,-0.28449264,2.221142,-0.27530742,1.2441934,1.325264,-0.007754273,1.1276904,2.0001924,-0.049217794,1.6180037,0.98414695,1.1810671,-1.4493914,0.30118906,-1.5749137,-0.6116728,-1.0426441,0.7891383,0.28260052,2.0949395,2.9822803,2.285506,2.2744596,2.2569425,-0.9294194,2.2245905,0.56279993,1.5276129,1.583334,1.0457165,0.9016063,0.734932,1.175648,1.9051765,2.3827312,2.9309218,1.66611,1.4606332
0.003111436,0.3624514,0.5662962,-0.38363844,-0.32489818,0.18233971,0.378108,-0.103916325,-1.4756118,1.901223,0.99014175,0.8897176,0.33427122,0.23991904,1.1698737,1.5979902,0.40808788,1.7548623,0.8320534,1.5021044,2.1609697,-1.8100653,0.7934636,0.27230301,-3.5870776,-1.3637272,-2.7909064,-0.19604668,1.7580323,0.61291015,-4.3839865,-0.8187278,-1.3780819,3.0667217,-2.7855275,2.021333,1.0291545,-4.152468,2.824357,2.4346702,1.7175915,-1.613697,-3.244383,-4.035301,-3.596654,-3.4195359,-0.41806105,-0.9283014,1.0053686,0.021263245,4.0037446,0.9814406,3.5204563,-1.0203761,0.8916193,1.2010956,1.5249116,-1.1011988,2.2128885,2.0546148,0.0584267,2.5630069,3.0263486,-2.2367444,2.5568173,0.41171205,2.1938996,-0.83489686,3.2598836,2.5076241,2.7512865,0.78111494,1.2402155,1.0573244,2.0480626,0.3253688,1.8220167,1.7876838,-1.8019373,0.4937335,3.395757,1.4104804,-2.011559,-0.47391212,-2.3341987,-0.5877096,1.9271648,-2.1869676,1.8633876,1.3088075,1.8304739,-0.266024,2.5462873,-1.6040643,-0.7651142,-3.503976,-2.220267,-2.0316908,0.6264125,0.7152804
-0.16305415,-1.3143631,-1.0403663,-2.7538886,-0.8492682,-0.9242073,-2.873038,-2.3239274,-3.2875626,0.71943486,-1.763293,-0.25985733,-1.9254432,0.31292284,2.3747663,-2.5214083,3.22242,-0.10149714,1.530387,0.7905572,2.1995888,-0.421301,1.0861757,3.962767,-0.648772,-2.4532092,-5.9456825,-3.3265917,1.9249817,-0.2728878,0.30736336,-0.05353646,2.2016292,2.3584354,-4.7081394,1.9994873,2.396885,-4.374778,1.5221498,0.5339245,0.43833414,-0.4018221,-4.670476,-5.0738025,-4.881974,-6.041779,-3.9961,-2.8164198,-0.5267661,0.51450783,0.038989395,-0.7355059,-0.8121029,-2.0396836,0.112727135,-0.31891116,0.40985498,-2.1673987,0.14895567,1.036601,-1.7803684,-0.37165833,2.3089557,-1.997817,2.7123039,1.1568931,-0.7757145,1.1454238,2.3808818,0.37652522,1.6402028,-0.10961342,0.077302426,0.6319145,3.603055,-1.6468829,2.528345,1.5293425,2.1904795,0.63965166,2.8377826,0.26233768,-4.9841194,-4.6930323,-5.8027315,-1.8894385,1.9293518,-5.5115075,0.77445346,0.42142668,-0.11385661,-2.9436874,0.20803109,-2.4057448,-3.1474166,-5.4062138,-4.7364874,-3.3450055,-0.07404851,-0.2509676
-0.052027725,-0.2612769,-0.48352042,-0.64655447,-1.0718213,-1.2388961,-0.6854697,-0.022797722,0.13345039,-1.3270805,-0.8811941,0.6157694,-1.0796432,1.0049782,0.80398023,-0.031870168,-0.90784806,-0.11790171,0.19972216,0.9698725,0.08304,-0.37931406,0.08351268,-0.40891835,0.34197515,0.05896183,0.36292303,0.39545593,-0.4458226,1.2056384,0.67058134,0.8338372,1.9786631,0.41425192,0.16968387,1.1796119,-0.05090195,-0.5524363,-2.0523987,-0.7848242,-1.0535021,1.0609348,-0.8493365,-0.008113794,0.20606098,-0.156002,0.8178074,0.6071116,-1.2098588,-0.42863384,0.27612686,-0.57739925,-0.44481075,-1.0026015,-1.4244771,-1.4897137,-0.4989232,-1.163347,-0.37173897,-0.3475961,-0.040009193,-0.539522,1.7195256,-1.2956793,-0.64443105,-0.052693266,-1.866894,0.028946394,-0.17773694,-0.78177744,0.2112395,-1.1413196,0.00378909,-0.44604096,0.29884034,0.23366995,0.47922957,1.9458677,0.78398174,0.69143075,0.10851808,-0.8354481,-0.9718603,-0.12710796,-0.4548495,-1.1254206,-0.37232637,0.5016045,-0.25981265,-1.2901642,-2.1817868,-0.37455967,-0.036083225,0.13256355,-0.45501,-0.49562997,-0.26277304,-0.6015121,-1.3795933,-1.8250612
-0.26335183,-1.62114,-1.0022724,-1.2720013,-1.4922911,-0.49700463,-1.2934527,-1.9024684,-1.2871068,0.866461,-2.0871103,0.6669422,-1.9686294,-1.5514128,1.4514449,-1.2794795,0.51335204,-1.4720308,-0.19008824,0.15250474,0.12637493,-0.32706073,1.2223276,1.0695812,1.7080506,2.2019446,0.22573984,0.9419086,-0.71729565,0.8056783,1.0914944,0.51145035,0.9197935,-0.69960326,-0.31287587,-1.2380253,-0.20000885,-0.3531252,-0.9314103,-0.07595816,-1.5636327,2.3896227,-0.7380362,0.4259571,0.41324124,0.21820438,-0.365806,0.2010903,-0.76355743,-0.7702998,-1.5225503,-1.1562728,-1.5573539,-1.6705178,-0.7921851,-1.5849664,-1.6231643,-1.0667471,0.99458086,0.5044156,1.8979874,0.12259989,1.4728093,-0.49714556,-0.9938293,0.36411443,-1.7468377,-1.536444,-0.77499247,-1.426615,-0.6292599,-0.32937366,1.4407895,0.5830418,1.000659,2.3884995,1.0583799,2.2593522,0.46645832,1.5457251,-0.07197558,-1.4016887,-1.0861942,-0.89245313,0.3894219,0.21817483,-0.26439953,0.978588,-0.8612232,-0.76528597,-2.4669497,0.6670413,-0.7863614,1.7035679,0.74699694,-0.24928461,-0.014392568,-0.2800578,-1.4915841,-1.6045873
2.2438252,-0.71056396,0.30530453,0.28990975,-0.17645623,0.12209493,0.35150915,-0.59716946,-0.027862456,0.11382311,-1.0242407,-0.45253816,-2.6157146,-0.3075483,-1.5978463,-0.758743,-0.6900154,-1.5770919,-1.4960713,-1.6603326,-0.6413224,-0.27605268,0.51646066,-0.20039654,0.62419933,1.5742863,0.70609164,1.0534858,0.24481331,0.7707399,-0.731758,0.8548394,-0.4878667,-1.5057192,0.32527608,-2.4265513,-0.98823524,-0.52796984,0.8132304,0.80521077,-0.30197263,0.18081693,1.6097573,0.76701397,0.61886144,0.99956226,0.7939964,1.0938301,-1.5441787,-1.576177,-0.12877545,-0.022626465,-0.5851755,0.26672968,0.058511388,-1.0612034,-0.2738724,-0.088463314,0.025165346,-0.6697271,-0.034367,-1.8834553,-1.0007577,2.2029252,-1.0486948,-1.3875388,-0.56014484,-1.7854141,-1.2929306,-1.7393289,-1.649621,-0.08385234,-0.14512135,-0.14701815,-0.54637164,0.7816065,0.06851266,2.0473118,0.03397854,2.300768,-1.151321,-1.6900221,-0.9035795,-0.7728113,0.46129256,-0.04079192,-1.9730902,0.6951237,-2.4518285,-1.8935664,-0.49389157,0.656323,0.9534449,0.34067017,0.019433023,0.67988,0.521277,0.4676151,-1.5613928,-1.8568032
-0.4472198,-0.122304134,0.4343296,-0.5607212,-0.19794056,0.045866296,-0.3743679,0.16366568,0.94432205,0.05033311,-0.59134215,0.56559527,-1.526584,0.12576523,0.9772681,0.22065736,-0.025656026,0.05613562,0.9502379,-0.3926992,0.49769488,-0.46577895,0.5970882,1.0353175,0.7348006,0.6439277,-0.14634402,-0.22867312,0.5161649,-0.4225969,0.33648795,-1.216974,-0.029850302,-1.2498498,-0.16127752,1.06809,1.2849008,0.016221393,0.3411546,0.037001893,-0.890334,1.5009861,-0.63144016,-0.44215623,0.644036,-0.12988557,0.9025527,-0.50764877,-1.2455045,-0.20289592,-1.4882048,0.5699752,0.43238652,0.12233048,0.40914056,-0.07402789,0.7419804,0.7409714,-0.40431082,-0.25615618,0.99403554,-1.3526572,-0.15585807,0.2708203,0.09094416,1.5355761,-1.2579608,-0.08996337,-0.33479607,-0.49375013,-0.76924753,-1.0891495,0.42721784,-0.09084661,1.2325027,0.4974394,0.8889029,0.99343556,0.13381453,0.6819519,0.47857392,-1.3059294,-0.76820433,-1.103538,0.2035993,-1.4148217,-0.48772267,-0.9130062,-0.6702905,-0.4851755,-0.5551741,0.13845448,-0.6749002,-0.6182024,-0.56120384,-0.9284774,-1.1992205,-1.4317203,-1.2538345,-1.1361885
-1.2923042,-0.67056125,-0.47445035,-0.7113037,-0.40545538,-0.30140272,-0.31264442,-0.0995972,-0.12926297,-0.6334083,-1.7136942,-0.8542004,-1.9549567,-0.4215751,-1.5900801,1.2492632,-0.8670546,0.09800416,-0.081766166,-0.73860866,-1.1097797,0.07626288,-0.71362716,-0.7253392,-0.20210336,-0.306767,-0.13558069,-1.6077821,-1.9147146,-0.34433702,1.2528219,0.41990966,1.1738147,-0.8364644,0.08215873,-1.2025079,-1.7072754,1.2353762,-0.95579195,-0.54102683,-1.4683334,-0.780878,-0.7096083,0.13409667,0.6273967,0.40656677,-0.68408746,-0.07778169,-0.62385345,-1.4953189,-0.89687103,-0.76584136,-1.557058,-0.20442767,-0.55041337,-1.1625507,-0.66595584,-0.20540518,-1.2680687,-1.8181417,0.067849435,-1.8290677,-0.42289275,-1.4795254,-1.2318715,-2.277849,-1.7276824,-1.8031365,-1.3034676,-1.6927354,-0.7214372,-1.290287,-0.8476016,-0.5419546,-1.2798698,-0.949713,-2.1119065,-0.8622071,0.9298089,-0.7039428,-1.0451139,-1.5919931,-0.21980585,-0.8907626,0.12736928,-1.7882957,-2.3127062,-0.7041835,-2.0705209,-1.2567453,-0.6436789,-0.7218579,-1.599553,-0.12114774,-0.508202,-0.075028606,-0.5634928,-0.43672526,-2.3082833,-2.0661697
-1.3243655,-0.71464133,-0.9118711,-0.17214733,-0.77746475,-0.3809549,-0.8143355,-1.0916982,0.38946858,-1.3623385,-0.69556123,-1.1622565,-0.10023523,-0.49856797,0.3019823,-0.12242725,-1.5239989,-0.16835631,-2.5025694,0.0010434478,-1.9361771,-0.3772951,-0.49179298,-2.5044763,-1.0054857,-1.1901029,0.36502883,-0.2800577,-0.10096263,0.75276846,0.59398323,0.22597761,-0.4060824,0.01910387,-0.41843796,0.28299153,0.45599645,0.3871385,-0.9587299,-2.3707938,-1.6057875,0.55623966,-1.1377857,-0.03007331,-0.052813202,0.009946837,-1.1612314,0.85851026,-0.48606947,-0.83706504,0.4148494,-1.4600408,-1.3370819,-0.46753088,-0.97674257,-0.30505344,-0.077866286,-0.4069827,-0.25045523,-0.75643724,-0.1969463,-0.767189,-0.2977331,-0.639455,-0.14843322,-0.638813,-1.601538,-0.51937896,-0.89482355,-1.1300652,-0.36757058,-1.0963855,-0.7527252,-1.9940856,-0.8259343,-0.099842295,-0.16196269,-0.6902038,0.48325852,-2.5811453,-1.2715743,-1.1063316,-0.5077716,-1.2001549,0.2368595,-0.19845681,-0.6061675,-0.9834164,-0.614134,-1.2134792,-1.1705947,-2.066124,0.100162424,-1.2213857,-1.0830197,-0.24987903,-0.764114,-0.25552714,-0.48839596,-0.94024736
-0.5051288,-0.6611025,-0.12596318,-0.15237157,0.35956442,-0.085651614,0.109502405,-0.054373305,0.5843266,-1.3756943,-0.86555916,-0.78658956,-0.1731586,0.60120505,1.0710994,-1.1025686,-0.920749,-0.81983376,0.5839059,-0.7392254,-1.5927024,-0.70329225,0.42260292,-1.8194109,-0.93493336,0.61686325,-0.3760196,-0.4533689,-0.2893394,1.3925917,-0.42563543,-1.1113886,-0.7907666,-1.166945,0.21499941,-1.6200137,-1.7782265,0.3280808,-0.21443398,-1.4703509,-0.8221374,0.4202931,-0.28795093,1.1889169,0.7028004,0.96492726,-0.4492876,0.04094748,-0.12825403,-0.18476917,0.3039815,-0.6334952,-1.3083677,0.06316969,0.28647646,-0.069212936,-0.21064316,0.46923563,-1.8039649,-2.286414,0.75654966,-1.2460426,-0.15917031,0.57768106,-0.5583108,0.33461392,-1.1069621,-0.93055654,-1.0586212,-1.073431,-0.84769684,-0.96554506,-0.38673955,-0.22469014,-0.5476261,-0.8386236,-1.1035784,-1.123417,-0.0039847516,-1.110229,-0.6617517,-1.303854,0.4213479,-0.61700314,0.31923738,-0.7879735,-2.037341,-0.65918696,-1.3779216,-1.8123109,-1.0791043,-0.6711926,-1.6188565,1.1228834,-0.27391666,0.56072795,-0.69856066,-0.19462104,-1.0608115,-0.93617
0.5275767,-0.2622556,-0.13473077,0.5968144,0.45190895,0.83970046,-0.2839,-0.3833748,0.70764077,-1.3664469,-0.6377118,0.38807994,-0.46063974,0.6340338,-0.7688544,-1.1617004,-0.4595484,0.7386796,-1.0448848,0.65727466,-0.790972,-0.8316977,0.269347,-1.2678138,1.0460109,0.40908813,-0.22786555,0.36682057,-1.0062073,0.67175674,1.0589174,0.3184359,-0.2785312,0.072179854,-0.19911413,0.70097774,1.1712006,-0.49401385,1.1828529,-0.4887318,1.1175883,0.88087136,-0.24773587,0.48516828,-0.4201836,0.72907966,-0.8382749,0.39098877,1.0258621,1.2871287,-1.4513923,-0.39897364,-0.513447,0.62324846,0.8371803,0.70586735,-0.69473916,0.82885164,-0.0384013,0.06957621,-0.17908017,-0.7970088,-0.34634376,1.3216447,-0.029690467,0.12038867,-0.016803093,-0.47650018,-0.65788364,-0.08042575,-1.2030841,-0.06781148,0.29526392,0.79477483,-0.116289675,-0.017346697,-0.65035754,-0.17335436,0.4980897,-0.7207306,-0.7507787,-0.29385334,0.14723906,-0.2201758,-0.4738197,0.18484741,1.2477654,-0.17800492,0.28786123,-0.95735884,-0.25179178,0.47301602,0.14416726,1.8001945,0.38312718,0.45781547,1.0108384,0.65073544,-0.8646825,0.50204325
1.0136219,-0.28419372,0.16192748,0.090420306,1.1057527,0.98228854,-0.87923765,-0.3139239,1.0592769,-1.0428889,-0.3685117,-0.32904243,-0.317489,-0.7798433,0.9289863,1.5302852,-0.354992,0.88955516,0.23559637,0.5334124,-0.5803805,-1.5210143,-0.62716687,-2.1876824,-0.23412997,-1.6248006,-0.20045343,0.027556926,-0.6470993,2.1381395,0.29263175,-0.58279574,-1.4988543,-0.06622029,-0.60514426,0.30174768,0.12767653,-0.018712739,-1.2308345,-1.3136103,0.8929095,0.8671377,-0.1358758,0.14689945,0.097897604,-0.2376701,-0.27432126,0.5053155,0.5778497,0.96969455,0.46992552,-0.6601844,-0.27649757,0.9434569,0.8030701,1.0569751,0.167308,0.81144255,-0.5661666,-1.9040692,-0.5940973,1.2492759,-0.03902888,0.7160405,-0.7433975,0.44464448,1.2912536,-0.9335424,-0.7000237,0.34878698,-1.3675147,-0.9016483,-0.06577006,-0.07228709,-1.1760919,-1.4461813,-0.85727084,-0.70934266,-0.11360918,-0.60171366,-0.8768278,-0.5603342,-0.6546443,-1.6675814,-0.38811585,-0.07320563,0.8534676,-0.50771433,1.46735,0.34925726,-0.09187323,1.5104189,-0.04861504,0.2671764,-0.5466135,0.7669033,-0.12083657,-0.08104782,1.0123119,0.8941387
0.029243054,0.72941214,0.18540539,0.7798416,1.2045112,1.0547887,0.13657928,0.6681551,-0.076413296,-2.5783067,0.70183223,-0.43905956,0.18976563,0.64686775,0.11206923,0.29378328,0.7674189,0.73272496,0.46045136,0.7871642,1.0457445,-0.06063134,1.1241661,0.46008492,-1.2056562,-0.531109,0.082427174,-0.93204874,0.5121865,-0.66888547,-0.121818304,-0.48401287,-0.27872285,-0.050624598,-0.6977671,-0.5369338,-0.14674205,-0.9915076,-1.9155821,0.14296606,0.9612227,-0.72296447,0.5067905,-0.3337807,-0.2483421,0.023978578,-0.029421333,1.3954434,1.046554,0.5093574,-0.1577167,0.6964504,0.95818084,0.37500954,1.2850564,0.6122738,1.4633176,0.67707,-0.07957035,1.6712456,-0.40405378,0.42101604,-0.23475486,-0.24329066,1.4492413,0.980014,0.5289516,2.3251703,2.074136,1.0483683,1.587783,0.43561193,1.9303721,0.30232075,0.15821683,-0.54620475,-0.17659166,0.20078112,0.7157881,-0.33558193,0.69166535,0.25284085,-0.36540034,0.31312913,-0.38854077,0.85908,-0.15900753,-0.651616,1.1158046,2.2397935,-0.29238406,0.18846843,0.46640587,-0.6303828,0.42369717,-0.5535453,-0.6659407,0.46331212,0.2928474,1.0295478
-0.60585666,-0.16770166,-0.9276672,0.70953834,0.07153884,-1.1745684,-0.17597242,-0.3872228,-0.55352783,0.54707277,0.46898624,0.48936382,-0.80876803,-1.1763718,0.9500478,0.53591114,-1.2783378,1.5543609,0.9327704,1.7169253,0.46944347,-0.14337148,1.2508534,0.41042843,0.4125393,-0.56088096,1.2452353,0.6688193,0.96451294,-0.41469035,1.6952093,0.66317993,1.7450712,0.9048248,0.1091458,-0.78600866,-0.072385,0.25988322,0.47621122,1.0763178,1.6887091,0.120530136,0.4985934,0.78293693,0.51967627,0.1446104,2.3301013,0.94695973,1.1576321,0.003857422,2.0998335,0.25651386,0.77422917,0.4025975,-0.32518148,-0.30179307,1.0119253,-0.30247545,-0.52371097,0.20331958,-0.57048815,-0.6868228,-0.62727344,0.77364177,0.056316044,0.64914465,0.66422254,-0.102057,1.8214239,1.3117694,2.4434836,1.2761321,1.9954484,0.755886,0.4810589,0.21715605,1.8407363,0.33871037,0.62988883,0.5603784,0.95323366,0.8299309,0.35864946,0.7337683,1.2470324,1.5224167,0.6926589,0.27045512,0.27691656,2.2909102,2.3185694,0.98797476,1.1456448,0.9693627,1.017118,0.65669596,1.0250641,1.8453542,1.4880506,0.8243096
-0.5747744,-0.31055817,-1.0523999,-0.5110566,-0.7907943,-0.5965163,-0.31009114,-0.8445019,-1.2751771,0.2576654,-0.6617257,-1.6031733,1.393469,1.5904183,1.6627183,-0.16360627,0.9856297,1.124949,1.3004085,2.3159826,0.14747219,1.114424,0.9221918,1.4059467,-0.20663042,-1.5311387,-0.6844744,0.42398193,1.5485609,1.5361198,0.06473731,0.39593923,1.8387296,2.133867,0.36441854,0.6512752,1.0245302,-0.94831306,1.6085557,0.8408189,2.7152944,1.3878182,-0.47761467,-0.16482686,-0.2604852,-0.81161153,-0.2537531,0.5291578,1.3414532,1.1231394,0.37298656,-0.6991217,-0.29992256,-0.53049785,-0.5007477,0.5330011,-0.088409156,-1.5155529,1.2855182,0.95001256,-1.3903091,0.8435355,-0.09774737,-0.022649726,0.94326437,0.390519,1.243419,0.41394594,1.8906159,1.3543941,2.299272,2.8233418,1.6545056,1.1125771,0.68324554,0.032883845,1.3363619,1.1398917,1.0378748,0.89628315,2.1573255,2.3269744,0.42455176,0.46470255,-0.3819507,2.8883512,2.40125,-0.026892357,1.6481838,3.6180253,2.1153193,-0.4370942,2.0457585,0.434683,0.5336521,-0.5101492,0.6509293,1.2560558,1.3812369,1.6959431
0.92979425,-0.32940212,-1.1634654,0.24563529,-0.5107912,-0.05874781,0.80077094,-0.18937482,-1.3771818,0.09994763,0.47350428,-0.95286536,0.13903652,0.17355672,-0.475548,0.51211333,-0.005626687,-0.055518005,-0.69942063,-0.09268137,0.07583443,-0.9077246,-0.116644844,0.18328038,-1.5504746,-0.33853334,-0.30614448,-0.8079192,-0.678925,-0.76175255,-0.861282,0.23537694,-0.08578231,0.8057733,-0.17235981,-1.004111,-1.1059424,0.005903358,1.3135078,0.8150797,0.55981195,-1.6925914,-1.9796721,-0.9312308,-1.4229198,-0.48363826,0.1779053,-0.29160786,-0.27705115,-0.68478847,-0.29543167,-0.5555315,-0.22937502,-0.2786221,-0.716194,-1.2522353,-0.38920012,-1.1659738,-0.84583837,-0.7192073,0.48092818,0.41057345,0.059921436,-2.0442193,-1.854558,-1.7365072,0.14882454,-1.0684295,-0.77034,-0.46861854,-0.7537354,-0.18895316,-0.8514456,-0.037667833,0.028049113,-0.999568,-0.9314637,1.099964,0.29396304,-0.55020356,0.4460263,-0.1279562,-0.45064932,-1.0199503,-0.6130642,-0.60195583,-0.8192039,-0.22565436,-1.2048818,-0.18238258,0.62172663,-1.0782546,-0.81334877,-1.8658093,-0.65025723,-0.38893119,-0.13903023,0.35471174,-0.48986796,-0.75748914
-0.370013,0.9481332,1.2701739,1.2107191,1.2012546,1.4558455,1.2658824,0.6967592,0.58638316,0.062471494,0.36330423,-0.17082268,-1.0125027,-0.1987457,-1.5008566,0.29470372,0.5115634,-0.34061494,-1.3988354,-0.85717034,-0.316588,-0.38507858,0.022011276,-0.18560785,0.39367646,-0.9806133,0.6768623,-0.5351985,-1.2151724,-0.35744235,0.27363467,1.1340542,-1.022931,-0.9310601,1.0822202,0.11614936,-0.9176508,0.06272533,-0.36039943,1.6387839,-0.2001016,-0.29171398,-1.0316324,0.45234632,0.48625,0.71696603,0.09645004,0.025037453,-0.64340633,-0.4870143,-0.34028155,1.1624315,-0.13084936,1.1204748,0.94717455,0.6867729,-0.09128096,0.78338856,-0.6409344,0.5149891,-0.9478982,-1.3644404,-0.40929532,0.46065414,-0.9026431,-1.0384773,0.55055493,-0.29962358,-0.51959,0.042681,-1.8088737,0.15480024,-0.8512014,-0.009979636,-1.1184871,-0.25166014,-1.3372825,-0.29526207,0.42444465,-0.44693363,-0.5027426,-0.590841,0.11156739,0.43927792,0.11251349,0.3102059,0.24451643,1.6439586,-0.8855371,-0.7205503,-1.0033556,0.6480504,-0.26261246,-0.46716607,0.24739398,0.9711828,0.12846833,-0.42794052,-0.42808464,-0.7446079
1.3297513,1.1126033,0.8932203,0.83947283,1.0551078,0.47358173,1.3085322,0.5481833,0.9702325,0.42836034,1.4142524,1.423666,0.8794073,1.7840234,0.004384269,0.063789815,0.42541978,-0.33209676,-0.1391541,0.19172153,0.079818405,1.2200896,-0.5418304,0.3860662,0.93293124,-0.39662862,0.0068291174,-1.1832224,0.29752806,-0.54333025,-0.7360908,-0.98408794,0.2476541,0.4676797,0.5228694,0.334787,-0.5403252,0.8419359,1.5407076,0.9749022,0.18506862,-0.14726259,-0.1625248,0.011516671,0.41546422,-0.41816792,1.465914,0.70321834,-0.7353539,0.13582359,0.8830987,0.64140517,0.58729935,1.0054382,0.74331903,0.5000206,0.16145386,1.1808325,-0.3738107,0.83586437,0.61156005,-0.64899117,0.24811606,-0.6674052,-1.2900954,-0.050121456,0.31024554,-0.5349176,0.5043654,0.7459264,0.0944991,-0.13526273,-0.4015669,0.18418019,-0.093310244,0.005538036,0.24242064,-2.8951404,1.426443,2.3755949,-0.2192071,0.44455358,0.2713433,-0.06903337,-0.2984256,0.10331453,0.7003466,-0.22937964,1.1750965,0.1947118,-0.09549858,0.6756926,-0.5125048,-1.2081963,0.11330869,0.15274012,-0.14974768,-0.069707125,0.39940268,0.117671765
-1.1045039,0.4484353,0.09454984,0.49642837,0.683607,0.9716012,0.5177341,0.066650294,0.66920805,-0.40669307,-0.118011646,-0.8078549,-0.9825597,1.5913168,-0.8886737,1.00912,0.692575,-1.1780597,-1.253164,-2.0166652,0.25100875,-0.4557145,-1.0185648,0.58477634,0.6349162,-1.4276522,-0.59501994,0.09233059,1.4155629,-1.3086803,-0.049571868,0.3217516,-1.1990573,-0.91008747,-1.0782037,0.23622306,0.41878685,-0.75843275,-0.22064447,-0.20695427,-0.34770954,-1.008302,-0.3152078,-1.2994847,-0.30960128,-1.0220354,-0.59167325,-1.3879778,-0.8350654,-0.9167135,0.19445449,0.18694867,0.27221635,0.36210573,1.1919879,0.1704339,0.19790198,1.4803823,-1.2697562,1.0173846,-1.3554766,0.2919011,-0.78917146,0.60441965,-0.9939062,0.54555786,0.257148,-1.6256125,-0.5189049,-0.24107799,-1.026123,0.10923515,-0.91152763,-0.4584863,-0.08750063,-0.47791547,1.035307,0.05087082,0.12525938,-0.15820439,0.027930178,-0.06800516,0.3769235,-0.43715534,-0.68796885,-0.14376256,0.7408433,-1.3395107,0.44585097,0.3223895,-0.18268625,-0.9858076,-0.338433,-0.6147018,-0.41024157,-0.99466306,-0.52430713,-1.6643695,-0.5483169,-0.14785996
-0.35972607,0.6950602,1.4008708,0.56004643,1.1029537,1.5954896,1.1301132,0.55527467,1.8493512,-1.6868459,-0.5532105,-0.28095946,0.4526218,0.99930847,-1.0152618,0.985451,-1.8385073,-1.150745,0.46697646,-0.8013567,-0.007511905,-0.25587764,-1.2940035,-1.1380352,-0.8516388,-1.1382017,-0.14720047,-0.53936994,-0.7779985,-0.5158947,0.09058897,-0.82436544,-1.9906782,-1.2886186,-0.32366484,0.927109,-1.2927778,-0.0749939,0.26969323,-0.29000926,-1.5439436,-0.6207436,-0.03166893,-0.15289338,-0.016088154,0.21443243,-0.54864997,-0.94638944,-0.65369964,-0.57949114,-0.9246257,0.9439235,0.324211,0.8640373,1.413625,0.8181502,-0.5683706,2.4254143,-0.5497841,0.5695784,-0.66560113,0.03516629,-0.22494143,1.2994258,1.6327556,-0.2597284,-0.039206937,-1.3445002,-0.83067966,-0.16765597,-0.9653158,-0.33850148,-0.63400537,-0.29778805,-0.47061038,-0.6162803,0.35873336,-0.67490274,0.4572661,-1.7845467,0.10483482,-1.3554271,-0.48162112,0.21598084,-0.25685522,-0.23553996,0.033149444,-0.23177962,0.22092903,-1.2185148,-0.21356782,-0.08288427,-0.16078849,-0.37751484,-0.4523335,0.13790904,-0.24388331,-0.06761289,-0.4420343,-0.374176
0.1998813,0.7606335,1.1185923,0.7561739,0.9829732,0.3773366,-0.35513064,0.6780597,0.5577172,0.04499223,-1.0565915,0.34998477,0.81518847,1.3129256,-0.099502444,0.6843401,-0.30288637,0.3862586,0.9146818,-0.6214936,-0.8929431,0.13018237,-0.45908555,-0.28135508,0.43399438,-0.761637,-0.09290671,0.15402028,-1.0093995,0.6418841,1.4435118,0.33943498,-0.6314242,-0.61508983,0.35510358,0.1546255,0.5396144,-1.0012313,-0.8883569,0.4661079,0.29326844,1.2013507,1.1402061,0.68391186,-0.08177998,1.2247924,0.97133243,-0.2230572,-0.26840127,-0.5391124,-0.6642985,0.63634485,-0.23029566,0.9752458,0.3354427,-0.058726348,-0.2982835,0.859403,0.7191368,0.071028985,0.26541322,-0.7123833,-0.14209534,0.6022213,0.47133586,1.0359405,-0.35516325,-0.024925292,0.57554096,0.12974395,-0.1719614,1.308104,-0.38474438,0.8266432,-0.90648174,-0.04337666,-0.76468503,-0.6244241,0.60898244,-0.20061615,0.7882148,0.26532042,0.21872681,0.56075317,0.9807277,-0.049843166,0.40472677,-0.2301465,-0.09270162,-0.046121337,0.76019835,-0.5872861,-0.6622824,0.51398355,0.837347,-0.14417364,0.31754974,0.93179655,0.5826132,-0.50097185
-1.1169049,0.9284198,0.45271218,0.9162628,0.9072037,0.6453944,-0.13405134,0.72724384,0.25387612,-0.018524088,0.4155755,0.03613882,1.0689855,1.3701562,-1.7598274,-0.4379415,0.5342288,-0.91504824,-0.90521955,-1.9463242,0.42028108,1.2439839,-1.1421487,-0.22819142,-0.5552263,-0.68018013,0.05778742,-0.733156,-1.598323,-0.41135117,0.19087677,-1.0903578,1.0951049,0.03670306,-0.19167897,-0.375848,0.40402466,0.20273341,-0.6020209,-0.78962505,-0.4925294,0.16117497,0.42695978,0.49281433,0.7098499,-0.049852684,-1.1789865,0.10581299,0.26608104,0.115363955,-0.3326461,1.4303299,0.062211424,0.88421583,0.85835785,0.9443639,0.8104284,0.8283897,0.17790209,0.7220685,-0.41565385,-0.6016875,0.7048539,-0.7436551,-0.61132133,-0.46659395,-0.5206961,0.5627636,0.44905463,0.26634258,-0.68985415,0.14752053,-0.43562979,-0.93788654,0.11433268,-0.30347377,-1.0711335,-0.81666565,0.15118884,-1.2600034,1.084331,0.45134434,0.8950082,0.19316839,0.29322746,0.59471685,0.03089458,-1.1056538,0.20493527,-0.47936264,0.9012227,-0.92516637,0.15703475,0.5013509,-0.09360416,0.012805798,0.38559052,0.1407621,0.3502851,0.089877695
-0.12895414,1.3201808,0.7166575,0.9707844,0.55835855,0.75893664,0.11976597,1.8701627,1.031977,-1.5183669,-0.710053,-0.7969955,-0.009690728,1.1147394,-0.46099398,-0.22175759,0.3053713,0.70051086,2.021911,-1.248013,-0.3512637,0.025506262,0.11781815,-1.6976609,-0.2756561,0.5145479,-0.5953832,0.16421214,-0.6120574,-0.7718106,0.55336916,-0.1558855,0.77777374,-0.76921344,-1.023955,0.19959027,-0.85530037,0.37139097,0.29968637,-0.91595757,-0.93740356,-0.10175449,0.61819977,-0.13275483,-0.41740897,0.11189428,-1.1063609,-0.3062432,0.11084515,-0.4600316,1.0351593,0.87443817,1.621259,0.3430071,0.8806264,0.62177384,1.7146232,0.6102392,-1.0199828,1.0974035,-0.2156953,0.85542595,0.38538584,-0.06337343,1.8503383,-0.7492085,0.48417524,0.63212603,0.98122025,0.48136714,0.03179828,0.26297623,-0.33989578,0.28340983,-0.2915794,0.17795539,-0.53556573,0.7149916,0.8129413,-1.2401351,0.832047,0.10119851,0.28472507,0.11791867,-0.51985914,-0.8823216,-0.27594817,-0.10806505,0.3766864,0.24948397,0.41607422,0.6516124,0.2570693,-0.8144067,-0.021090586,-0.5808497,-0.28060922,-1.2132711,0.3387978,0.21682043
2.295648,0.57536113,0.86527467,0.049094293,0.9963622,1.4792248,0.5024493,1.3720925,1.5388676,-0.5079351,-0.8559046,-0.036778845,0.33261836,-0.20648612,-0.18165639,1.904125,0.38473433,1.0549769,-0.08139049,0.52360636,0.27946925,1.1300397,-0.17410329,-0.09474408,0.1755239,0.06632319,1.2728423,0.41759697,0.37427354,0.6924203,0.22723849,0.35472935,-1.2331976,1.2810459,0.78326756,2.3341727,1.6867872,1.0097194,-1.5546006,-0.51118207,-0.3790019,0.76199865,0.68481565,1.0941147,0.5994855,0.5980898,0.68513334,0.68500876,0.76284873,0.8384701,0.15409517,0.6869135,0.7767781,0.7496995,0.82039434,1.3043103,0.8778755,0.87931526,1.4342655,0.124458656,-0.19233079,0.59724385,0.24698631,0.20381418,0.6295614,0.59046006,0.18559681,1.5800359,0.5672248,0.60372114,-0.8934378,0.39387223,0.25689465,-0.19719137,0.022723256,-0.17672923,-0.59998935,0.21374305,-0.61468154,0.16321482,-1.4261327,0.26978227,1.0959785,0.72924054,-0.042710807,0.41946724,0.07801437,0.27991146,0.5280247,0.54975855,-0.5997367,-0.74893206,-0.7132502,-0.34010476,0.40153083,0.8212534,0.7147481,0.072700635,0.46036285,0.81518006
1.6274787,-0.5956427,0.16332483,-0.58412343,-0.3802211,-0.04142724,-0.21589646,0.020611288,0.4051893,0.38879812,1.8078096,1.1397072,-0.22614528,1.1623861,1.096328,0.24715221,0.41528007,0.74300617,0.5630971,2.1655524,0.48900306,1.4440979,1.0274137,0.55547667,0.80351204,1.229673,1.3926153,2.4505103,1.8745426,0.815919,1.7714318,1.4505143,-0.31541622,1.2508644,1.2196726,2.0036252,2.052692,0.33888924,0.3571876,0.41429225,1.3233098,1.0204219,1.6089798,1.9758041,1.1017874,1.3192947,0.2912088,2.0733557,0.61584175,1.9382054,1.8717116,0.28838158,0.14852285,0.14148514,-0.15269823,1.0357641,-0.5503627,0.26023933,0.7321005,0.45588514,0.20375438,0.0739542,-0.20153894,1.5440973,0.26000884,1.8180099,-0.14137997,2.681027,0.5136751,0.31714755,0.46024942,1.319022,0.42190686,1.0802482,1.2657859,1.6657227,1.2094641,0.0388659,1.127006,-0.28727996,0.1364125,0.8286183,1.790802,1.5147705,1.1350482,2.5411067,1.5890249,1.284769,1.058168,1.5878065,0.16374898,1.303391,1.0121199,0.4984187,1.4572855,1.3713814,0.90700835,1.1987296,1.1027179,1.4563562
0.016320996,-0.7846503,-0.9937642,-1.0681728,-1.1809716,-0.32591882,-0.09370664,-0.53283274,0.39787045,1.0463996,0.5535951,-0.7762375,0.74553627,0.25347608,0.71709454,0.34118596,-0.9915711,0.36266774,0.9146912,0.7033122,0.9896822,-0.47850716,0.39101422,-0.031989004,0.03527191,0.3579248,0.42719096,0.60040975,1.3506765,0.583607,0.9212017,0.95637774,-0.84911275,0.30732176,1.2320193,-0.3838895,0.4337055,0.3453339,0.9226357,1.3125746,-0.008199577,-1.1370308,0.7770645,1.1151038,0.91394854,0.45593432,0.61775154,0.7845101,0.430562,0.2978227,1.540493,-0.53506774,0.00065275194,-0.9756263,-0.6292723,0.30447683,-0.59521675,-0.07255816,1.1589763,0.2992029,0.646584,-0.06494292,0.339782,-0.3286925,0.64550984,-0.33788857,0.35174286,0.7145325,0.22492568,-0.13590603,0.87654656,2.0716894,0.56227535,0.4626421,0.17166911,0.7666417,-0.07942907,0.6713897,-0.31145635,1.3571957,0.55020696,0.82860833,1.3502139,1.6877073,1.0742452,1.2067243,0.50232345,1.4269669,0.20953839,1.3135498,1.1463671,-0.09632438,0.68860865,0.92774934,0.9303241,0.9216948,1.582815,1.2591635,0.5860738,0.22012238
0.15268165,-0.14752908,1.3032272,-0.42575365,0.5939669,1.2329321,0.49102956,-0.029361226,1.8945841,0.51597327,-0.08522994,0.05990848,0.4191402,1.3655775,-0.081719495,1.4358504,0.6291309,0.19858386,-0.0062080612,-0.06837426,-0.29161623,0.9149798,-0.20004252,-0.47378278,0.5387396,0.20768926,0.35967803,0.45577982,1.824998,1.2808623,0.51525736,1.1268395,-1.6692833,0.09905859,1.2152027,-0.23539823,0.9127637,1.6797477,1.3881413,-0.35209543,0.5756698,0.41981527,1.267658,0.99371177,1.1706562,0.7606055,0.14035025,0.366867,0.04427529,0.28591564,0.87179446,0.61479294,1.3209418,0.16143699,1.626537,2.0472717,-0.10936904,1.3537177,0.87032264,-1.552717,0.7079098,1.4374249,-0.27374327,1.0056012,1.1043098,0.52107733,1.2078106,0.21485032,0.23796253,0.80573845,-0.16024989,2.329515,0.52191746,0.80285937,0.11023293,1.1420457,0.018536098,-0.2334696,-0.9335723,1.8249912,0.93623346,1.280316,1.4366742,1.1550431,1.0912088,1.062329,0.28275388,1.238126,0.9842421,0.4417028,2.6934032,0.08825711,1.2821453,2.4190834,0.51251024,0.9669547,1.5537711,2.686905,0.31930053,0.6192582
0.087481886,0.75189406,0.8856824,0.5317521,0.99976724,-0.2299314,1.5650442,0.58707404,0.24941571,0.11080521,1.0985292,0.94293797,1.3805858,0.108010046,-1.5190256,1.5164189,0.32511997,-0.27188915,-0.8885443,0.24088015,-0.36647204,0.8074169,-0.6756368,0.45090383,0.8554083,0.5612313,0.62768984,-0.41464278,0.71248835,-0.2517559,-0.7342195,0.90581214,-1.3740575,0.31787536,1.3449289,-0.3361614,-0.1754638,1.6617631,-0.9924386,1.2787491,-0.051648077,0.13946083,0.45809895,0.33509204,0.29905906,0.13855341,-0.9871681,-0.3782466,0.94607735,0.13809401,0.5609708,0.885448,0.9191126,0.29994965,1.2412466,1.2222455,-0.39587808,1.0473719,0.8008567,0.91759694,0.7158607,-0.02290343,-0.53754723,0.25473407,0.10010139,0.53072166,1.0554688,-0.08251187,-0.510002,-0.015620176,0.37620953,1.2599541,-0.036266815,1.0477108,-0.38222706,0.8524816,0.27765098,-0.8100408,0.2856115,-1.0961674,-0.29071411,0.41943094,0.9914927,0.6800163,0.09210922,1.0821918,-0.013802636,0.3157571,0.46076453,0.71460015,1.4329233,0.49876565,0.5966994,0.99815255,1.5547445,0.50621754,1.511397,1.1905882,1.2816257,0.78710675
-0.50496507,0.5187033,-0.39273873,0.7848715,-0.21340299,-0.529868,0.79492277,0.07336465,-0.83141994,0.97546,0.3393634,1.9361167,0.68193257,0.081843175,0.44517407,0.272164,0.88297313,0.4562981,-0.03773053,-0.55238104,0.89011586,0.653731,-0.39510375,0.93873405,0.4740301,0.31257,-0.12197138,0.39070308,0.45561996,1.7631984,-0.11038583,-0.742314,0.89193046,0.122176535,0.029401248,-0.74687696,-0.59566206,1.4988143,-0.4641555,1.4520893,0.3219152,-0.42847818,0.36915052,-0.13783894,-0.3805504,-0.0027801595,1.5061762,0.020406704,-0.19285552,-0.33481276,1.2807705,-0.47584584,0.8072551,0.037592564,0.059427496,0.17866905,-0.4362224,0.44032016,-1.2758596,1.5225168,0.7198251,0.6274111,-0.7043948,-0.47941083,0.29062146,0.28717607,1.8604494,0.7907859,1.167028,0.53093076,0.83418536,0.51241416,0.6882855,0.5732461,0.6155198,1.1451772,-0.057366274,0.50021935,-0.044048022,1.0569052,0.8278724,0.3362707,0.5845952,1.1072901,0.107983634,1.1737338,-0.71680814,-0.03660622,0.36138353,1.8816296,1.8702142,0.3202618,1.4330246,0.18159856,1.355389,-0.23185138,0.4220533,-0.1726425,0.21330632,0.811948
-0.11502611,-0.4158309,-0.0885155,-0.33335495,-0.5312187,0.30207172,-0.46322426,-0.36203402,-0.81577754,0.4420157,1.1658838,-0.14937323,1.5958369,-1.884229,-0.18579225,-0.6264486,-0.6678174,0.37696245,-1.015958,0.02426703,0.78137183,0.96220374,0.4173909,1.3698089,0.8965844,0.0779753,0.6833056,0.71621656,0.708936,1.6982816,-1.2666816,1.8066629,-0.7375166,0.2266977,0.292533,-0.38800186,0.05486572,0.2631946,1.0321854,-0.032890446,0.34069288,-2.02428,0.62179786,-0.62874925,-0.10316558,-0.07839292,-0.35089242,-0.3927709,-0.0002446775,-0.06846361,1.1429312,0.8061703,0.648142,0.033760592,0.29185778,0.016048128,0.38865274,-0.53070974,1.9780204,-0.54858565,0.8778742,1.4945309,-0.4061581,1.621766,0.7799338,1.1619098,1.290723,0.3296592,0.25696433,1.823913,1.4898816,0.278236,0.8827904,-0.60884583,0.029275758,0.95257133,0.8354259,1.202992,-1.758447,1.0947708,1.0750992,0.34761965,0.7536398,1.0701696,1.1163156,0.716255,1.1284088,0.520659,0.25616503,0.31563067,1.3249314,0.7170861,-0.025365183,0.21067762,0.7146151,0.022615489,0.6884491,-0.20844638,1.0912586,1.1681005
-0.6931587,-1.2139738,-1.139493,-0.89697546,-0.43885377,-0.4474987,-0.97158575,0.0708662,-0.47748655,-1.2223233,0.11551609,0.7975645,0.9852481,-0.2878445,-0.003017475,-0.361176,-0.76365227,-0.2852936,-1.3307757,-0.32156667,-0.5813808,-0.014228851,-1.4724774,-0.68969756,-0.05933224,0.379954,0.056511685,0.9527983,-0.4548816,0.05383877,-1.9338667,-1.5862361,-0.1761998,-1.3796833,-0.14533406,-0.8830631,-0.90293133,-0.0781655,-0.3335232,-0.5371856,1.0571927,0.15165128,0.15244545,-0.39194325,-1.1803861,-0.14101368,-2.3798218,-0.18491258,-0.14204404,0.12318039,-0.34169805,-1.2892863,-0.3908803,-0.4391255,-0.22551705,-0.87146896,-0.50117165,0.17217319,0.5950411,-0.23492189,-0.53141147,1.2395376,0.32527804,0.37203103,0.3124012,0.67725503,0.5440652,-0.90016466,-0.2717622,-0.35845515,-0.36491826,-0.26677173,0.62270653,0.25215873,-0.017675651,-0.9713749,-0.12515886,-0.24494201,-2.4622428,-1.1732011,-0.9123841,-0.28979042,-0.99635166,0.22773333,-0.23339608,-1.0508968,-1.1304075,-0.8418966,-0.39898854,-1.0332854,-0.7473384,0.64773905,-0.5784808,0.3552181,-0.2869755,0.073260285,-0.0004843815,-0.5092207,-0.11191269,0.39683384
-1.6984644,-0.8285608,-0.52689916,0.22112423,0.22936124,-0.68442106,0.038599823,-0.037468053,0.5842599,0.6166016,1.7063323,0.45357475,0.35257688,-1.1289558,-0.48327488,-0.9840484,1.2619355,0.15317306,0.7729228,-1.1039776,-0.9139317,0.57119346,0.55906934,-1.3188158,0.064645305,0.2593309,-0.431826,-0.28291178,-0.6056024,-1.0869049,0.09807005,0.7385538,-1.104624,0.010987644,0.14929171,0.43328363,-0.00084056467,-0.5156952,0.06339901,0.016078392,1.3687336,-1.0558227,0.8881178,0.3085997,-0.18255495,0.41857284,0.7110535,-0.16393533,0.22061154,0.8401302,-0.45225608,-0.6364079,-0.15821314,-0.1839125,-0.2696771,-0.25542265,-0.0016800263,0.06493305,-0.16324319,-0.29265702,-0.2670792,0.35516873,-0.67246884,2.2734957,0.41894278,-0.2520451,1.0178187,0.21658559,0.48241454,0.4571552,-1.22701,0.4138558,-0.40699485,-0.17080592,-0.93645936,0.1182088,-1.0507613,-0.8659097,-1.2902356,-1.2382342,-0.5930847,0.7514981,0.26984507,0.39920187,-1.0484955,0.35783544,-0.14914118,1.098236,0.63200396,0.006840315,0.8735503,0.30302948,-0.26848683,-1.3258427,0.814373,1.1312101,0.6133548,0.8964532,0.6435151,1.2409328
1.3496035,0.89002913,0.39187276,0.36299288,0.4591836,0.008050353,-0.014439773,0.4491986,-0.3300704,-0.653795,1.7757958,0.60867506,1.7068069,-1.1871127,0.7126096,0.7808568,1.7665635,0.8231624,1.3611771,0.11172938,1.3414863,0.29246208,0.71520835,0.029167742,-1.6117108,0.24359338,-0.18074393,0.64695275,-0.03219646,-1.5636437,-0.359284,-1.0752853,0.31767735,0.13945533,-0.65334123,-0.24467264,-0.6839867,0.5301552,-0.8335773,0.56700534,2.0587056,-1.4557731,1.0460865,0.4142274,-0.30419123,0.04428154,0.29735628,0.46505815,-0.30003464,0.81837255,0.16043666,0.26464114,0.15847754,0.6029442,0.15107672,-0.52680355,0.9879317,-0.5644172,-0.9528601,0.40900996,0.57179457,1.3823014,-0.1008098,1.3085603,0.579844,1.8185894,0.75297725,1.1560975,0.08017029,0.51192176,0.8544085,0.32866827,0.44690448,0.13973574,-0.24967691,0.5665014,-0.61071587,-0.20775858,-0.2263193,-1.0701765,-0.07989816,0.057440635,-0.016674366,0.34377962,-0.16851008,0.33025253,1.272708,-0.5269537,-0.36323088,-0.9199296,-0.6324236,2.0028408,0.29990107,-1.4062132,0.090220354,0.7260601,-0.30516157,0.8359471,0.95448756,1.2661401
0.035759136,0.2498389,0.01765601,-0.10575563,0.29967842,1.2719746,0.7132136,0.550968,0.37948486,0.6377228,0.42001545,1.1620907,0.9300807,0.7914413,0.5979119,0.38829365,1.6797309,0.053053435,1.1841856,-0.10685283,0.34979638,1.2247704,0.37349316,-0.6092531,0.43138698,0.15604573,-0.76886487,0.15569128,-0.28886905,0.020826884,0.5297578,1.1514089,1.6473383,0.94051254,1.0391008,-0.26306143,0.7236252,0.010234005,0.5944161,1.0620273,2.3906422,0.071739785,1.0544237,0.65141666,-0.12192006,0.8594972,0.41560954,0.53668964,0.9940933,1.6688592,-1.2009847,0.038003784,-0.6898348,-0.2664784,0.74462163,1.6538712,0.38213685,0.6025362,0.86973476,0.4567253,-0.2005772,0.028759459,-0.9296491,0.48946455,0.29013273,0.7147362,1.457149,2.4455369,0.5419468,0.41911203,0.010531864,1.4965726,0.16791755,-0.9227939,-1.0360315,-0.78221285,1.0111427,0.6605688,1.2466232,1.8292278,-0.6090328,2.293253,0.6462238,0.8390165,-0.29372758,0.89355695,1.6060807,0.58062464,1.8264314,-0.2539525,1.0026834,0.3112664,0.68989563,0.349483,0.72192216,1.6176307,1.1002218,0.6008836,2.1992788,2.5348172
-0.16925275,-0.8248439,-0.5457727,-0.41191378,-1.19376,-0.49703324,0.0051548355,-0.6981458,-0.7597579,1.443796,1.3355237,2.0553901,2.9622104,0.3297336,1.1030415,-0.13693963,0.50925756,0.115226574,1.0651037,-0.47856805,1.4846244,1.0497487,0.003615527,0.2456457,1.5054307,1.5243425,-0.37755117,1.6593934,0.3956612,1.6104976,1.3994883,1.1201018,0.81438327,-0.1306597,1.2112781,0.61304796,2.035753,0.056253303,1.6783537,-0.4413603,-0.17686097,0.3677005,0.025147501,0.47078893,0.27441588,0.58651674,-0.5709694,-1.6494105,-0.2589741,0.6215962,-0.47654176,0.0071942243,0.15449513,-0.20901398,-1.3283361,-0.14228775,-0.30745658,-1.1713578,1.3017758,1.1375974,1.4199599,3.148924,0.5148312,-0.7401355,1.222999,0.0430146,0.03766231,1.896221,0.06545381,-0.008340775,0.9659968,0.9087275,0.75399953,0.7639232,2.530025,0.9386916,1.6716917,2.1788764,-0.3109024,0.40227696,0.08793893,0.71516675,0.30385888,0.4726967,0.10259403,-1.1875514,0.84036887,0.52308005,0.4609705,-0.79154205,0.694251,1.3858621,1.2466828,-0.031908885,0.21355732,0.6931776,0.35930082,-0.11403558,-0.61286634,0.23539022
0.07995104,-0.75775087,-0.08986904,-0.09775642,-0.74067986,-0.51936513,-0.0018489676,0.009879726,-1.1608418,0.9977162,-0.25028777,0.6217052,0.54063964,-1.4868137,-2.482485,-0.6401434,-0.3423769,-1.5928612,-0.83706605,-1.7337325,-0.94887066,-0.13461865,-0.82613945,1.6798381,0.7383789,0.8726072,0.7844706,0.7751834,-0.16297582,-1.2119564,-0.6414505,-2.311877,-0.15950686,-1.7758985,0.32144216,-1.2514745,-0.42449293,-0.28373066,-1.3014412,-0.5681677,-1.7105315,0.18768947,0.35973582,-0.35050496,-0.82085747,0.42489326,0.4494328,0.48733747,-2.3814788,-3.1451387,0.06197902,0.20983653,-0.37141,-0.4371135,-0.4400433,-1.3450118,-0.5905612,-0.13521713,-0.1736006,-1.5871419,2.5156274,1.4951223,1.1404017,-0.8257007,-1.8402219,-2.2796168,-2.1074665,0.4532359,-0.45169872,-1.3969418,0.9481192,-1.0746768,-0.55815774,-0.0322814,1.0856811,0.60613036,0.23279975,-0.5016196,-0.6555761,-0.14647159,-0.5566889,-2.4997203,-0.32304218,-0.25638998,0.7784194,-0.96658605,-2.4640331,0.8826539,-2.6561358,-1.8111876,-1.6582017,-0.92480236,-2.3175256,-1.2293401,-1.097355,-0.20626302,-0.2637572,-0.9974304,-1.4213972,-2.3945305
0.92079896,-0.3127927,0.5499734,-0.29594287,0.05950054,-0.1512264,-0.97496027,0.0838133,0.026456432,-0.78737396,0.012081071,0.28173366,-0.60801053,-1.3450443,-0.7977045,-1.0079423,-0.644253,-0.8841845,0.23662496,-1.378755,-1.0868194,-0.514642,-0.078506805,-0.76368314,-0.61155504,0.35776246,-0.19176105,0.30494326,-1.7191503,-0.51443166,0.20693304,-1.2003727,0.59956723,-1.407312,0.7332455,-0.58065134,-1.3474046,-0.28468186,0.02472473,-0.11131846,-1.4793594,-0.2675198,0.44121557,0.15804164,0.59539825,0.27826563,0.9500448,0.53877854,-1.0716884,-1.2141188,-0.39587662,-0.70268244,-0.48125592,0.046994857,-0.4858443,-1.0633315,0.027028,-0.045924917,0.64437914,-2.236537,0.08296661,-1.0245892,-0.64756525,-0.9592305,-0.23736008,-1.4125853,-1.5734324,0.075698696,-0.76020926,-0.7301866,-0.7484049,0.24831754,-0.24874118,-0.8636119,0.077895716,-0.36406448,-0.4615233,-0.37866592,0.058047656,-0.9099839,-0.61717767,-1.5544436,0.035115946,0.05126185,-0.3984892,-1.1529349,-0.7439786,0.36913267,-1.2315367,-1.2185308,-1.1903423,-1.6880538,0.32713768,-0.647882,-1.0452628,0.3413056,-0.004570281,0.26637876,-1.0151473,-1.3117408
0.8080357,1.1253303,1.6666455,0.97767097,1.4026705,1.5209334,0.9033072,1.1532097,2.2297263,-0.7829207,0.6318261,0.4008366,-0.91568047,0.29302728,-0.063877076,0.26512274,-1.1882061,0.14784308,-1.8338479,0.55098426,-1.7720693,0.52112347,-1.5921419,-0.47109014,-0.4919366,0.28089297,0.24176148,1.1982194,-0.7698559,-1.0865769,-0.42433074,0.36879158,0.7407868,0.379298,0.22470191,1.4272441,2.078605,-0.5869634,0.55679744,-1.1032733,-0.6265398,-0.20205748,0.024244588,-0.37803295,0.34850946,0.75072575,0.9799945,0.62871706,-0.60052866,-0.54467744,-0.09037118,1.2694373,1.1846439,0.9720428,2.5986474,1.6483768,0.72422254,1.9174106,-1.208137,0.5709767,0.2647587,-0.66972965,-0.5161934,0.8140023,-0.8061244,1.1781285,-0.44081572,-0.44770646,-0.30754274,0.9170201,0.23526563,0.7762546,-0.11208958,-0.31221378,-0.51318693,0.44609687,-0.0053800778,-0.6036068,-2.1233664,0.33503726,0.9169835,0.0017632667,-0.43094417,0.4373053,0.40843862,0.46181345,0.012577894,0.81048,0.26635695,-0.79287106,0.13802274,-1.1259944,-1.1046633,0.034698576,-0.78885627,0.08489963,-0.36078203,-0.10826055,0.28461814,0.28326502
-1.6484566,-0.037161194,-0.18984637,-0.39517733,0.091387495,-0.32607904,-0.05799756,0.057580616,0.2810977,-1.0501394,0.60761535,0.4161546,-0.25869194,1.0537531,0.08321086,-1.1878465,0.72322834,-0.050324373,-0.49201027,0.5558484,-0.4596674,-0.21177293,-1.565222,-0.25402248,-0.8161452,0.89856696,-0.45524946,0.6445492,-0.7895694,-1.0971521,0.03983093,0.9197861,-0.90566033,1.1322953,0.54252565,1.3086865,1.3660139,-1.054431,-0.87846285,-0.69437146,0.85394645,2.0079746,0.7370369,1.0404345,-0.43496737,-0.059278104,0.83719265,-0.7361362,0.32182708,1.6947081,0.24360771,0.37296906,-0.5994036,-0.27651438,0.24523634,1.1167288,-0.5398215,0.42278987,0.2287189,0.59527826,-1.1054367,-0.7190865,-0.58940977,-0.84985286,0.7118962,0.56814086,0.023729628,1.1999937,-0.25761265,0.91101086,-0.6957871,0.14158703,-0.9998225,-1.3113291,-1.1465569,-0.15743327,0.9190215,-2.234411,-0.9693046,-1.752473,0.009825949,1.5420036,0.58989406,1.1518012,0.18465094,1.2483573,2.7507756,0.6775471,2.1517775,0.39003503,-0.66161305,-0.619253,-1.391131,0.64107186,0.44264686,0.3661703,0.9966272,-0.4485058,1.1958368,1.3477252
0.5180555,0.7183046,1.3257864,0.7549674,0.7268188,1.4297837,0.7358815,-0.2251707,0.62146485,0.33929104,0.9381755,0.8463667,-0.024008593,1.4596747,-0.5447928,-0.43507192,-0.45877996,-0.15350068,0.87067074,0.41093606,0.6137374,1.0149064,0.59492755,-0.041696545,0.31134075,-0.3059136,0.6057961,-0.65410066,-0.21965222,0.32649362,0.45868003,-0.08106304,0.8598723,-0.0011429655,0.39630747,-1.4590907,-1.9086634,1.790736,1.5580844,1.6727612,0.6416424,-0.5745597,-0.26720285,0.3492928,0.6424653,0.24797992,-0.6868367,0.49542257,-0.26805115,-0.6086581,-1.0697465,1.0925502,0.32764646,0.4603634,1.6551547,1.7991706,-0.1504354,1.0444746,0.57866454,-0.26364002,0.54073083,-0.9621601,-0.7104213,-0.05737109,-1.5609729,-0.21886425,0.33166504,-1.0103326,0.019560633,0.79500175,1.0726919,-0.13862298,-0.8260299,-0.20201711,-0.8893018,0.22166495,-0.04111613,-0.62401456,0.8569815,0.98092455,0.13488376,1.0005661,1.1492262,1.0572544,1.0409775,-0.069417804,0.77146095,0.6801389,0.5865969,0.70080084,1.1446964,0.68068373,-0.5400588,1.4547621,-0.17952289,0.5289806,0.06219146,0.8463518,-0.13529709,-0.05024088
-1.7102214,2.2044656,0.9798333,1.5926296,2.4431577,0.8079436,1.025504,2.0420163,0.7729278,-0.4714372,1.2974534,0.15206428,1.5020849,1.1340772,0.43546367,1.6030736,-1.1069975,1.3266811,0.2796842,0.66368604,1.1053239,1.6610992,1.1032687,1.1062317,-0.40999046,1.0228056,1.1602311,-0.9753059,0.4411852,0.0053683724,-0.10146167,0.30568078,-1.3370173,-0.05615132,0.74375147,-0.09651302,0.4796265,0.84802693,-0.19993345,0.84567374,1.4935617,1.470737,0.9992918,0.73867416,1.224599,0.50974375,0.9468671,-0.46404448,0.85489464,1.742013,-0.37370187,0.94597,0.94382286,2.146153,1.6811768,1.2644314,1.2505966,0.7318971,1.1583815,1.28165,0.5814849,0.661617,0.9176448,0.12219267,-0.26799303,0.85362196,0.51233214,0.7790322,0.18581216,1.3239111,-0.2150919,0.84343547,0.5244521,0.17633028,0.84509766,1.2302796,0.13667654,0.47099167,0.6334917,1.2792884,0.4554087,0.17243727,0.88742113,1.0851244,0.7271471,0.60465485,0.50092924,1.1855555,0.49513397,0.80369496,0.62980986,1.2330499,0.59741116,0.16558346,0.3922206,0.88931584,0.768368,0.39008,1.1488785,0.40400526
-0.4187579,1.5648875,1.2321047,1.5622222,1.5553782,0.42968667,1.6814704,1.6517423,0.72065866,0.9065295,1.4938056,1.6855617,1.0904375,1.1857829,-0.515556,-1.1471714,-1.0377456,0.6378284,0.3016974,0.2667111,-0.5109372,1.9446423,0.10319969,0.31535202,-0.6086535,0.90182555,-0.12223753,-0.7636043,0.02601402,-1.0750098,-1.3323138,-1.5531363,-1.7992051,0.7536004,1.216723,0.22599882,0.4924472,0.46096942,0.18740407,1.021297,-0.17748192,-0.45552793,1.479489,0.40861395,-0.44601074,0.4108651,-0.33680543,-0.2265917,-0.00051643833,0.31974795,0.9007011,1.256904,0.12869261,1.347326,1.1934777,0.8929853,1.3471434,1.3833637,0.8671771,0.80332446,-0.3729289,1.3059253,0.37911376,0.7331566,0.027773906,1.519212,-0.14202471,0.9306482,0.5237648,1.0837057,0.09931788,0.6873077,-0.124279596,1.0371099,0.32637754,0.59520644,-0.9613385,-0.59187263,-1.6116145,-1.4874563,0.18244037,-0.4423701,0.05839073,-0.09148486,0.5431508,-0.51105815,-1.1681609,-0.44520164,-0.08861593,-0.03339764,-0.21446966,0.21946162,-0.87549293,-0.7283444,0.44375652,0.6604752,-0.4415766,-0.8669723,-0.27800196,-0.08758417
-0.26538485,0.18825768,0.33882004,-0.15369852,0.622709,0.4344107,0.21617034,0.5676113,1.7390431,1.4193513,0.116352126,-0.030782694,2.3709419,1.2048985,-0.01585966,-0.84079933,-0.97048664,0.26387763,-0.010570041,-0.09400114,0.9071655,2.0103095,-0.10247819,1.3052939,0.4561408,-0.22758225,0.05383232,0.31616402,0.101159,-0.93209964,0.63679105,-0.7143402,-0.09624258,0.055555206,1.456008,2.189752,1.0999136,-0.18252832,-0.9506645,-0.507173,-0.11684494,0.65122455,1.2936248,0.8620992,0.54891586,0.5114714,1.7725422,-1.2574114,1.5386704,1.1843427,-0.29317915,-0.26614454,0.32278982,0.497983,0.8599073,0.39596277,0.7948252,0.97122115,1.0947806,2.2161634,-0.31468898,0.9942939,-0.457057,1.7303672,0.44465134,-0.22511128,0.38193193,0.04369335,-0.6315907,-0.1873451,0.40909287,0.19138534,-1.0036936,-0.3783462,1.4077554,-0.53538275,1.2055669,-1.0355943,-0.66876274,-0.19824356,-0.8426147,0.028315919,0.118247494,0.0020154982,-0.008141419,0.89069474,0.2858828,-0.2141487,1.291993,0.07823462,-0.43938044,0.20413075,-0.5178907,-0.25973904,0.084530264,0.9961154,0.33536667,0.05173375,1.8258182,1.0045905
0.070813775,1.0575645,-0.12303834,1.042031,0.6076,1.050913,-1.086146,0.88607633,0.105260864,-0.46396673,0.6367905,0.9865114,0.95879996,-0.8229854,0.6135074,-1.1055114,-0.87520474,1.5592135,0.54901385,0.2172917,0.5142488,0.7133473,0.67116797,0.60431916,0.27516687,-0.3043037,0.70872164,-0.26101542,-0.5451309,1.1210223,0.9285622,0.09701583,2.4116902,0.53303146,-0.12462445,1.381498,0.6186478,-0.40583792,0.1065597,-0.7051735,0.0344287,1.2013986,0.22562154,0.14663216,0.8592362,0.31930774,0.8882991,-0.58255243,0.2370281,0.6497116,-0.5558838,1.9986258,0.37245274,1.745018,0.33099625,0.95423955,1.2469548,1.0199165,-1.0809896,0.5356915,0.020582817,0.25592247,0.44776002,-0.7368168,0.0455194,2.522254,-0.9177811,0.03345863,1.2807305,1.9601206,0.92631257,0.41903412,1.2195593,-0.5868869,0.4998882,0.032365978,1.2887447,-0.60050726,0.85286295,-1.0517312,1.0069822,0.5203853,0.4041779,0.42405862,-0.114880405,0.35644498,1.9491073,0.29919824,1.6006215,0.101902574,-0.13340452,-0.22139041,-2.7274199,0.11398811,-0.6727468,0.16759771,0.18449016,-0.39469495,0.48900646,0.16243707
-0.7652896,1.5211269,-0.34251934,1.7091937,1.3666456,-0.21740733,-0.5137906,1.7702439,0.3145621,0.34194008,-0.50779593,1.0209593,1.9458566,-1.4017538,1.8617501,-0.5778506,-0.720367,2.0202072,0.6330467,0.5670079,-0.44456184,1.0357496,1.2771001,-0.15153934,-0.9918988,-0.40644813,0.40922284,1.5349054,0.8332559,1.579801,0.3687531,-0.42524728,1.0209676,1.5900646,-0.7183051,0.4763541,0.41166615,0.08824427,0.07454341,-1.5488797,0.013927122,0.8837775,0.22676055,-0.26482207,-0.23560487,-0.33125857,0.44171998,-0.33448628,0.6367375,0.03818141,0.77470523,1.9215778,1.4032451,1.947235,0.30741066,1.0192195,2.9005477,0.5893841,-0.05596672,-1.1348432,0.8174983,2.2186267,2.115447,-0.9115753,0.7571697,0.52710605,0.67037463,1.1247157,2.1509137,2.6787012,2.139289,1.9390765,2.2698905,-0.23866531,0.9994661,1.32854,2.2333148,1.9943523,0.951582,1.3283293,2.2289085,0.54242605,0.84643,1.0284495,0.5580245,1.0965725,1.1118765,0.98577297,0.9611932,1.1731682,1.1422035,-0.011497956,0.8970526,0.4053339,0.56793267,-0.90389884,0.7514464,0.43188116,0.7268925,0.671697
-1.0482098,1.5039959,0.68158984,0.8405646,0.5888853,-0.6169255,0.6054441,2.0895405,-0.5418976,0.6751883,-0.1548819,-0.43273336,0.059233982,-0.69161457,-0.7628214,2.4171588,-0.12888697,1.375611,0.5537499,0.37961537,0.28431743,0.06341187,1.5446783,-0.20816176,-0.32684436,-0.14703497,1.1084936,0.95019037,0.2370399,0.20281689,-0.21742335,-0.89624006,0.021619493,-0.5067331,-0.41728786,-0.24159443,-1.6642033,-0.4600723,-0.2138845,-1.4103543,-1.6567652,-0.72659427,0.075853296,0.09601544,-0.089444354,0.22332627,-0.9510757,0.16315578,0.46076635,-0.9423036,0.2512205,0.34904397,1.7519664,1.0091277,-0.23128593,0.36686072,1.2660371,-0.10639292,0.12699169,-0.70558846,-0.07371564,0.50843483,-0.4286489,-0.45120358,1.0020562,0.015013675,1.2426153,1.9307344,1.6680423,1.8240522,0.69436115,1.9981548,2.5474923,1.0497203,0.35721636,1.5089695,1.6847842,-0.7373307,-0.86640507,-0.03742474,1.8378531,0.72620267,1.2603436,1.1845983,0.8139529,1.3788251,0.6722869,-0.33302826,0.6578796,1.7782383,1.8874023,1.8465663,1.0524733,1.369407,1.4878143,-0.44319248,1.2965528,-0.62598085,0.69462407,-0.2189401
-1.2435803,0.33658788,1.6562849,0.3257657,0.4107155,0.48040548,-0.16427918,0.80549973,1.1968547,-0.23562029,1.2481085,0.79951245,0.85683155,-1.1554949,-0.5704561,0.55258155,-1.5152954,0.13192457,-0.4816009,0.24389395,0.26043117,1.000516,0.9116573,-1.0714409,0.020030543,0.45851046,1.9204857,1.7096663,0.9257941,-0.25339028,0.35376582,-0.5218661,-1.8273581,-0.28296778,1.9721156,-0.7077605,-0.77391165,2.236637,-2.2304523,-0.2991349,-1.2643644,0.7467448,2.1167142,2.414153,2.5000324,2.1625798,1.5467345,0.91970813,0.54670155,0.05039465,-0.17442736,0.069790594,1.280809,0.60321295,1.1536915,1.3495795,0.37991926,1.4652567,0.6314897,0.7697888,1.2029203,1.8492132,0.021720203,1.377481,0.47836125,2.3663113,1.4857959,0.88625765,0.46543178,0.671648,0.7680924,2.0387716,1.94118,0.8636442,-0.15483114,2.7099562,-0.22184496,-0.4729361,-1.2328734,-1.7731397,0.19858703,0.7520848,3.2151346,3.0648901,2.4481921,2.5136588,0.26378226,2.723647,0.5384392,1.519387,1.7366186,2.6420233,0.20951588,1.8836443,2.4479644,2.0905783,2.7153668,1.7980527,1.6568267,0.89518493
-1.1326509,0.94209516,0.17162135,0.90264666,0.8164072,0.35133302,0.54400694,0.94477993,0.47827715,0.82615143,1.1358545,-1.096158,-0.5243403,-0.8525491,-1.9461908,0.7514406,-0.039333694,2.217406,1.3632022,0.8623969,1.4540752,-1.6274546,0.8405985,0.18901975,-0.43500957,-0.16256686,1.1585248,0.39960724,-0.05049786,-0.15601382,-2.6393142,-0.14087944,-1.4893669,0.5392243,-0.11654192,-0.77306944,-0.31712925,0.99958324,-0.80525887,-0.5508404,0.6184606,-1.6439102,0.957845,-0.9936617,0.2689488,0.10385951,0.3174309,0.5001214,0.0073855543,-0.19706562,0.70960665,0.69147277,1.1744937,1.061658,1.0060995,0.50926495,0.75984126,1.511295,-0.021335835,-0.066519134,-0.2722285,0.102972396,-0.88725275,0.18038274,-0.2941841,0.11430281,2.2252882,0.8966428,1.0790739,1.3277358,0.31901157,0.4625696,1.2817085,0.972328,-0.67863834,-0.015915262,-0.4935738,-0.07560095,-1.7172238,0.22724272,0.72798795,0.35842478,1.4563756,1.2060405,0.9308526,2.1093748,0.9419795,-0.04164882,0.6522332,2.0633106,2.024792,1.0717355,1.2744936,0.46925145,1.2239354,-0.14686573,1.1388179,0.92575824,1.0417253,1.2846876
-0.02509129,-0.16045165,-1.0252947,0.1236208,-1.1818247,-1.1874197,0.826393,-0.6691989,-0.47926664,0.836678,-1.1273013,-2.385095,0.2663375,-1.7021745,-1.6527325,1.4560325,-0.026874358,-0.5142368,-1.0599738,-0.89171034,-0.9834551,-1.0683126,-1.1022286,-0.43036857,-0.32317442,-0.7395661,0.65360016,-1.648412,-0.5394262,-0.9199156,-1.3715153,-0.08490254,-0.7449604,-0.8194772,0.19677517,-0.71461886,0.011977284,-0.2019602,-0.72048175,1.1270813,-0.099434935,-2.1718295,0.98851967,-0.34669116,0.0092954375,0.46524668,-2.9509523,-0.66307014,0.5536123,-0.2440773,-0.9195632,-1.2407258,0.4502741,-0.54696465,-1.1543479,0.08382766,-0.91523427,0.041366693,-0.602227,-0.31328696,-0.6731166,-0.6768712,-1.335158,0.4131777,-0.18946701,-1.6026026,1.6508381,-0.48633564,-0.30793566,-0.1497715,-0.44536927,-0.8738464,-0.6318784,0.5139432,-1.1644086,-0.34194863,-1.6663888,-1.5963082,-1.2189415,0.3295865,-0.48375243,0.6399622,1.5081251,1.0284303,0.9198245,0.9355133,0.6015328,-0.7921746,0.96552557,1.8402141,1.3385671,-0.22630164,1.3234181,0.5703267,0.6968126,0.38879013,0.3577185,0.46173447,1.185393,1.331886
-0.62026167,-0.78655666,-1.2996398,0.10246423,-0.70330733,-1.0063995,-0.8401203,-0.23970765,-0.96139324,-0.41753724,-1.4953259,-0.83082485,0.028817046,0.35581082,-0.18436733,-0.44284916,-0.0057369075,-0.44469097,-0.27097356,-1.1099384,-0.10246967,-1.7005199,-0.3274018,-0.40980056,-0.14933266,-0.8361374,-0.9685293,0.64958316,0.31858408,-0.64016724,0.390945,0.6338112,-0.86564064,-0.113359824,-0.09998097,-0.22341838,1.2837692,0.42098817,-0.798338,-0.38796532,-0.7955111,-1.0628834,0.67589605,0.8598176,-0.056155976,-0.28045678,-1.8121322,0.066539295,1.0710995,1.1285194,0.19501624,-0.38236699,0.5137422,-0.51402086,-1.1597947,-0.34687173,-0.24589364,-0.8131241,0.28286755,-1.4288642,-1.1658823,-0.766102,-0.2311652,-0.27209592,0.46523613,-1.1241351,0.96523297,-0.9730264,-0.62975377,0.25560328,-0.66560787,-0.2668136,-1.0239209,-0.6284884,-0.6420416,-1.174086,0.16610727,-0.8766232,0.022716952,-1.6968542,-0.6320659,1.4032127,0.6798412,-0.16488555,-0.87978065,1.1448944,1.0208036,-0.097791925,0.7878145,0.5509414,0.5289103,0.07915724,0.30477485,0.34107232,-0.24334615,0.70356923,0.7603422,1.0639325,1.7587082,1.5474755
0.9306888,-1.2240448,-0.039430432,-1.1740463,-0.92896456,-0.26086035,-0.0987494,-1.9404329,-0.33678025,0.0072386744,-0.37402865,-0.46834534,-0.03397318,-1.4708481,-1.2997239,-0.7158212,-0.60102606,-0.8414127,-0.48606682,-0.096007735,-0.7231177,-0.8163896,-2.0527325,-3.1423843,-0.88779557,-1.9870701,-0.16293706,-0.009903372,-1.3989197,-0.9788057,-1.3578708,0.04182882,-1.0155071,0.3387547,-1.0801944,-0.808397,-0.68255186,-0.1301138,-1.2242857,-0.6871772,0.17166,-0.65405667,-0.14200883,0.6104037,-0.5375193,-0.3795874,0.4226256,0.34222326,0.89489496,0.649995,-0.43161425,-1.5340823,-0.20703351,-0.77776116,-0.6750669,-0.5417115,-1.5808762,-0.70275044,-0.6260143,0.21453604,-1.2199764,-1.5936642,-1.1672157,-0.08581127,-1.0822407,0.81023186,1.565736,-0.8573777,-0.16962546,-0.4324276,-1.7469049,-0.24155308,-1.2092998,-1.6737882,-0.77379996,-1.238349,-1.0027906,-2.459012,-0.5157975,-0.8759516,-1.5152147,1.7690871,0.46963552,-0.5611129,-0.16887787,1.9218715,0.6449773,-0.14308226,0.29436097,1.2000402,-0.19406034,0.7897074,0.07007414,-0.2713601,0.21991654,0.815553,0.4819862,1.128551,1.0749332,2.3737082
0.705065,-0.70215404,-0.11113309,-1.1069361,-0.82445854,0.51425403,-0.42123586,-0.04705708,0.12526682,-0.017845964,-0.39893672,-0.658577,-0.36759338,0.8972126,-0.6330161,0.012598128,0.60912895,-0.6440064,-0.4680164,-0.9168447,-0.33295512,-0.81896514,-1.0703299,-1.0151505,-0.31455225,-0.07779718,0.2298685,0.7088476,0.626016,0.3039955,0.9566374,0.09262362,0.13370146,0.37547272,0.35130993,-0.45072004,0.08197664,1.6360928,0.43052378,-0.29123244,0.022576462,0.58908206,0.68888634,0.5482719,0.055171978,0.24176851,-1.3418757,0.4251278,1.552157,1.0075749,2.2740157,-0.6893629,-0.3400714,-0.71363175,-0.6330042,0.5725569,-0.33903766,-0.40429655,-0.5857554,1.5921959,0.30191714,0.5825371,-1.6725663,0.17842457,0.5245389,0.9643056,1.009289,0.27546936,-0.16848944,0.49379724,-0.6199947,0.0018232581,-0.31783935,-1.7034663,-0.96402776,0.0460013,-1.5659057,-1.5223799,-0.98286724,-0.76814246,-1.0624459,2.3871477,1.0981667,1.8401799,-0.47525355,1.0927603,0.5369288,-0.024324343,0.73764646,-0.25135475,1.9506404,0.28574583,-0.04546461,0.10816789,0.01587511,0.61928684,0.65393424,1.6940442,1.4034541,1.8132359
-0.48479822,-0.056959037,-0.53038615,-0.23339632,0.51372,0.4593757,0.57962227,-0.224713,1.1455234,-1.4884245,0.5380619,-0.8670092,0.61027974,-0.06109544,0.79418945,-0.2955836,-1.349057,-0.86063236,-0.82473296,0.49894658,0.06344469,-0.5112637,-1.235533,-0.90462166,0.020565147,0.050255064,-0.19802171,0.15980983,-0.7720925,-0.5581853,1.5947793,0.04064478,-0.07556941,1.0818504,0.30382082,0.8742835,0.8663097,1.5483122,-0.049810525,-0.41088963,1.79988,0.01986812,0.9890345,0.7480661,0.35907853,0.07346406,0.37181067,0.33108214,1.5204741,2.0925539,0.06649718,0.6497708,1.0291078,0.9495831,0.11151872,1.0017779,-0.22506647,0.1202882,-0.10528327,0.759792,-0.32115245,-0.3490151,-1.66793,1.2833,0.18276489,-0.091687284,0.5187538,-2.1857839,-0.5161293,0.70660865,-1.3780884,-0.2604271,-0.63641775,-1.2376335,-1.7005131,-0.8683293,-0.8228326,-0.82361376,-0.76349026,0.18864655,-1.0829933,2.2398238,0.7506781,0.7487659,-0.31611392,0.4821091,1.5113864,0.025016177,1.5476202,-0.046010442,1.4477239,-0.007907165,-1.2932221,0.92856747,0.17502014,0.9861898,0.8525097,0.79266495,1.799392,2.3841624
-0.13370983,0.13250445,-0.28679636,-0.47872505,1.092975,0.34756503,-0.13662353,0.6479576,1.282998,-0.50000244,-0.24374679,-0.8411131,0.5549046,0.09095939,-0.36495498,-0.4508036,-0.41905698,-0.2656362,-0.8863628,0.66243035,-0.4953868,0.7827764,-0.48979104,-1.1064967,-1.5528904,0.43040246,-0.5219697,-1.4509629,-0.053862076,-2.338753,-0.44809818,-1.5735779,0.17951337,-0.4946454,0.16329332,0.103637174,-0.25477073,0.5929727,-1.1891471,-1.0275592,0.84005487,-0.2168638,1.0905311,0.09959817,-0.14400335,-0.16777913,-0.80255973,-0.97336715,1.1623989,1.0933006,-1.5681691,-0.850815,0.5080242,0.73159164,0.037316788,-0.7824207,-0.27456972,0.865097,-0.12100384,-0.43404335,-0.99533385,1.3395818,-0.40166998,2.0891922,-2.3944385,1.1433755,-0.45187125,-0.7125092,-0.3372946,0.37500626,-0.02717463,-0.92619824,-0.32500443,-0.57477665,-1.3560916,-1.2922723,-1.1392897,-1.3246739,-1.9808198,-1.656846,-1.5015953,-0.5477193,0.096411146,-0.28356647,-0.20685427,-0.22932366,-1.3660468,-0.13490286,0.07869164,-0.67135715,-0.08105901,0.14949836,-1.5582668,-0.6345688,-0.20386326,0.5000843,0.20722526,-0.0008531522,-0.21627688,0.42823336
0.02093677,1.0716139,0.5862334,1.8760946,1.6767124,0.9219112,0.14140062,1.3489482,1.0435257,-0.2391473,1.0079266,-0.5729207,-0.08140585,1.924361,0.43160832,-0.3643694,-0.65516317,1.1954879,1.413782,0.68903476,0.32927915,1.4363117,0.13121197,-1.1756903,-0.31720844,-1.0566221,0.23313761,0.092082635,0.37190688,0.8350537,0.8689137,-1.087502,0.19444333,0.6314214,0.74327654,-0.39565274,-0.23522589,-0.009410587,0.30529687,-0.32345197,-0.25242636,-0.29381284,0.70419014,0.1779475,1.0584937,-0.03271554,0.28998303,0.82366997,-0.2986235,-0.31624848,-0.597477,0.931576,0.35491794,1.3642124,0.4955616,0.52337486,0.90235776,0.24207199,-2.2545173,-0.10000534,0.10462899,0.61452866,0.5500485,-1.6857508,-0.2007555,-0.64571846,-0.76248413,-0.28814298,-0.031236963,0.9963379,0.0788966,0.106646724,0.56726295,-0.034310166,-1.0197011,0.21613376,-0.47781515,1.052914,0.671706,-0.8969187,0.1666278,-1.0875643,0.14138305,-0.16534717,0.6110185,-1.5984126,-0.8749675,-0.095924325,-0.674828,-0.020390019,-0.34202954,-0.03273434,-0.18308039,-0.110736184,-0.6467022,0.38581726,0.05492181,-0.18763559,-0.81448233,-0.9379987
-0.68986756,1.7278639,0.86158985,1.6239599,1.6477866,0.050382044,-0.70169723,1.6044171,-0.067292966,-0.48307648,0.7678931,-1.1672782,-0.1997698,0.12955076,0.55437106,0.14182249,-0.23423909,1.9374478,1.4947959,1.1185969,0.0052925698,1.9189267,1.6996396,-0.96672064,0.40190598,0.28354397,0.8470253,1.9168662,-0.65085083,0.35154614,-0.5290685,-1.4376713,-1.0468132,1.3632135,0.78231925,-0.60212487,-0.7514504,0.5903314,0.05973849,0.17198245,-1.6655817,-0.28640634,0.22973059,-0.25740892,1.0099784,0.903243,0.60682744,0.15842591,-0.5757461,-2.9905865,-2.0852044,0.1530524,0.44140506,1.2163324,-0.2857237,-0.019628054,1.8146822,-0.09308945,1.2942864,-0.29797262,0.11534982,2.1565192,2.4275792,-0.6444947,1.6887516,0.4489833,-1.5103687,1.6933396,2.3528516,1.3558651,0.14563327,2.1195862,1.0573717,0.2115771,-0.8409906,1.15699,-0.58095944,1.3433973,-1.047329,0.23446564,1.6352603,-1.2342042,0.41123283,0.6537014,1.2118354,-0.97576755,0.24853638,0.86218154,-0.17927477,0.52656144,-0.9026176,0.4077848,-1.030193,0.39001638,-0.33149612,-0.39730427,-0.3678528,-0.14684491,-0.6421558,-1.1731216
0.65287125,1.2563982,0.96129185,1.2276759,0.49410895,-0.12549715,-0.58532196,1.5191095,-0.42326054,-0.21915437,0.60439795,0.2717289,0.97537667,-0.29418308,-1.3908397,0.58078414,-0.66983193,2.2904365,1.9545149,0.2701237,0.7225877,1.3217881,2.8358145,-0.15260279,0.53553635,-0.4195296,1.1167661,0.16391918,-0.91156,1.1775278,1.4236358,0.48317528,-0.7748014,1.829001,1.1447158,-0.905866,-1.3030498,-0.1548346,-0.25293726,0.27904147,-2.4463196,0.30023932,-0.20345633,-0.5142131,0.55802476,0.68301904,0.12045423,-0.53978926,-0.4920738,-1.8798386,-0.47164187,0.41264984,1.5931305,1.2339923,1.1634232,-0.7406074,1.9759393,-0.39264616,-0.33405697,1.1323901,-0.66833615,1.392553,1.215224,0.9567312,1.6097727,-0.6557803,-0.6320945,0.9741508,2.8762574,1.7159561,1.3084444,2.159933,2.144696,0.79254025,0.094041824,0.6877252,0.14754657,-0.52201664,-1.0456157,-0.58976716,2.0042236,-0.32584888,0.5581152,1.368455,0.84060824,0.88969135,-0.7482339,0.36154762,-0.3528043,-0.097375795,0.6659005,0.21436796,1.6354513,-1.0775863,-0.14752796,-1.2907792,0.74023086,-0.16999282,-1.1987183,-2.0626707
-1.3219072,0.8352087,-0.20207137,0.6686399,-0.5534879,0.49361798,-0.022306373,1.8188853,-0.73924154,0.23405664,0.29817504,-0.115570426,1.8476002,0.109915905,-1.045663,1.3083751,-0.335994,2.3742878,1.9437126,0.17076577,1.0876446,2.149936,2.9109716,-0.24569058,1.6130508,0.31187013,2.7830396,0.7467973,-0.003536892,1.9154197,1.1178106,0.7359771,-0.5106846,1.3779874,1.2729483,-0.48357403,0.09672398,1.4499493,0.39320615,0.044871803,-0.13750678,0.32810882,1.9871327,0.2474855,2.3011718,1.651167,1.4143364,2.221517,-0.64409417,-1.2093247,-0.2524026,0.777454,1.3245636,0.5678414,0.17122892,0.10441574,1.0271237,-0.4970192,0.4794552,-0.790156,1.4169867,1.0185299,0.7623326,0.32434344,-0.6027681,0.32887182,0.15105782,1.4739267,2.879246,1.4983673,1.1793145,2.9853122,3.121421,0.62517035,0.009108683,2.1283731,-1.1788396,0.8299021,0.543992,0.6556783,1.5390315,-0.33797207,2.089046,2.0043614,2.3462238,1.8039238,-0.77894056,1.3214155,-1.2916076,1.8332281,1.3421866,1.829444,2.5570052,1.3367481,2.0708153,-0.36082336,1.6087472,1.5480676,-0.57396454,-0.8136782
-2.4630919,0.89075506,-0.7500309,0.2223036,0.4306413,-0.7140379,1.0589863,0.84253037,-1.2126085,-1.7689248,-0.5119579,-1.1717799,-1.6018075,-1.8402542,-0.12947302,2.3596485,-1.0503627,0.8165001,0.9698846,0.16482049,0.6925346,0.78631485,1.352577,0.20384647,0.1607504,0.38992023,0.3727879,-0.19106235,1.3514917,-1.1423751,-0.94433475,-0.9196669,-0.023973437,0.055979714,-0.07671401,-1.8065704,-0.92875767,1.2591016,0.110306896,-0.49146703,-1.1631764,-1.2791734,-0.17476036,-0.1444761,0.09875143,0.20831145,0.40916708,-0.08767166,-1.244156,-1.4546787,-2.3970938,0.04242298,1.2684575,0.16342217,0.5454102,-0.8214597,0.6950238,0.10147453,-1.1127148,-1.5396664,-1.0328172,0.19626217,0.102132216,-0.7615516,1.2068021,-0.8977495,0.10313577,0.81606686,1.9742423,0.89030814,0.9900857,1.2243582,2.3250098,-0.3458435,-0.21484017,1.1123726,0.24862573,-1.1071049,0.58316,-0.197324,1.6983061,0.18721314,1.0669396,1.3179635,1.4205747,1.3222086,1.3559228,0.32360184,0.7238926,1.4141812,1.3265305,0.47888854,1.1463053,1.2695162,0.96151555,-0.5396894,1.120004,0.63338023,-0.42740634,-0.2626058
-0.7648061,1.3066456,-0.34839234,0.7526393,1.3372687,-0.51738554,-0.51970255,1.4751236,-1.7207987,-0.41323864,-1.1370442,-0.91359055,0.84208155,-1.6805359,0.63794357,0.28609997,-0.7306043,-0.29609978,-0.8216225,-1.2782636,-1.6135392,-0.1658425,0.3644753,-0.30312428,-0.64768726,-0.021629281,0.82017404,-0.47075558,0.6267728,0.8326509,-0.52013195,-0.6590111,-0.424854,-0.37692758,-0.51389503,-2.1513455,-1.2431316,-0.33984843,-0.26263058,-1.9776504,-0.39043933,1.115309,0.72715193,-0.48840576,0.6762596,-0.44510698,-0.32303828,-0.045947302,-1.347014,-1.2431185,0.6693176,1.1293012,1.5556235,1.7287502,0.5595957,-0.5921352,1.6574023,0.5023267,-1.162543,1.4020625,0.71148777,0.9880978,1.2658247,-0.34991983,0.4738193,0.25257346,0.77024215,0.03993649,0.75174457,1.408099,0.15653588,1.177593,1.1577768,-0.3379841,0.10233255,1.4220154,-0.23771052,-0.37223962,-1.4333259,-0.93213785,1.4800279,-0.12719661,0.6788193,1.5191624,0.7580562,1.7656134,-0.014600617,0.1904936,-0.056828726,1.4386355,2.194231,1.7346361,1.2382766,0.9785847,1.0581281,-0.7322084,0.8131752,0.76832515,0.034033805,-0.37739283
-0.8725651,1.2345375,0.224952,1.3079393,0.26543152,0.05396944,1.2884352,0.55845106,0.1318849,0.0030908694,-1.0076966,-0.83144104,-0.4281025,-0.08868276,0.7011408,1.265678,-1.053308,-0.16552189,-1.2771722,-0.8702087,0.30444756,-1.3522694,-0.6729226,0.6263557,-1.9818583,-1.1184726,0.22630928,-1.6051557,0.2530894,-0.9818492,-1.0006102,0.10311032,0.7752378,-1.4245868,-1.2313064,-0.77618104,-0.12392287,-0.09041685,0.12813614,-0.37911475,0.9398118,-0.196434,-0.30514774,-0.73694587,-0.5556856,-0.03770295,-0.7652063,-0.034655977,0.061241575,-0.9394254,-0.07205306,2.2845607,1.8096806,0.4804409,0.23775508,0.8510023,1.4005084,0.29987174,-0.96653795,-0.8104641,-0.57697433,-0.6838468,0.010990856,0.61472166,0.30810693,0.092362344,1.0217762,-3.0335472,0.13916065,0.46382153,-0.56090534,0.2212847,0.44187638,0.97320175,-0.68398225,-0.78674465,-1.3007916,-0.7884135,-0.55074,-0.32796967,0.8114557,1.2858765,0.4078943,-0.1934787,0.42667022,1.0250776,0.51044786,-0.81710356,0.56853,2.0422552,0.6747125,0.08056254,0.35168773,-0.59177226,1.5362357,-1.0183848,0.094885565,0.8645499,0.8598383,0.17497955
0.8632423,1.7848417,0.7990264,0.8872872,-0.07628874,-0.44297385,2.9713368,1.3990847,-0.449576,-0.92782754,-0.053076297,-0.38393465,0.4844812,-0.2954376,-0.9264765,1.5139759,0.2413825,-0.781044,-0.28751665,-0.6710053,-1.4124367,-0.97615063,-0.68119454,-0.31690216,-0.4821308,-0.085199766,0.72882783,0.17927349,1.0901595,-0.3017944,-0.7469107,-0.2836437,-0.78054225,-2.1492934,0.22946881,0.12915917,-0.83098966,0.39956632,-0.7675429,1.0189474,1.1702031,-1.0567359,0.4702034,-0.7467454,0.23926976,0.19667138,-0.19006538,-0.0808414,0.53840667,-0.00020873245,0.4722557,1.408896,1.2997768,0.52138233,-0.7257118,0.2716092,1.8769065,0.15379603,-0.23788399,0.40769622,-0.25632113,0.5879443,0.60974765,0.15345925,-0.42420444,0.42954883,1.7090191,0.5987406,-0.89598924,0.31908813,-0.105462186,-0.31487027,0.22716297,0.34703478,-0.79584473,-0.25060102,1.0538712,0.04683593,0.6435419,0.2789145,1.2178054,0.7217737,1.44753,1.0389276,1.3242916,0.59648824,0.20229253,-0.26407495,1.3248892,2.1855156,1.0583683,0.42710197,0.49428898,-0.6762397,0.9519048,-0.13585784,0.46609578,1.0382245,1.058826,0.6277597
0.49479252,0.14049251,0.4626774,0.69310135,0.13611488,0.75124747,1.3629481,0.6270235,0.1301387,-1.6671116,-0.16218172,0.06344949,0.47293878,1.8689184,-0.91650087,0.6552221,-0.59227556,-0.5734171,-1.4430443,-0.8206941,-0.74132186,-0.5322696,-1.8505002,-0.4413846,-0.14111124,-0.91552,-0.06718422,-1.0592709,0.34966043,0.22387536,-0.8618967,-0.06779516,-0.8555724,-0.2905639,-0.1796559,0.9025073,-0.6965083,-0.12655985,0.61101156,1.1946423,0.7611215,-1.1472225,0.79090464,0.32730976,-0.18276843,0.6121014,0.5692165,-0.39168945,1.1389505,0.31912217,-0.01575038,0.33138564,1.1017134,-0.039947305,-0.06982072,0.5702986,0.5534185,1.7983712,-0.68141943,0.60034704,-0.34762028,-0.19805719,-0.36137006,0.92878515,1.117656,0.4088161,1.5316277,-1.0982456,-0.40417224,0.4869188,0.3247465,-0.82137555,-0.99103534,0.06943656,-1.0901501,-1.8908935,0.2235164,-0.5731251,0.3896674,0.16605654,0.4740557,0.0926941,-0.0848843,0.29350483,-0.21665418,0.7947392,0.28350618,-0.6264834,1.1175702,1.2179329,0.21426107,0.4381218,0.673944,-1.070799,-0.09157697,0.37946337,0.726384,0.445908,2.0498936,1.0383812
-0.3425989,-1.3463051,-0.5258897,-1.1942418,-0.6599749,0.15949056,-0.17751718,-1.3528067,0.42070365,0.78450215,-0.43150443,-0.50289524,-0.4524485,-0.48513144,-1.3596053,-1.3825701,-0.89055043,-0.7063044,-1.199834,-0.85522044,-0.17839253,-0.5028462,-2.1080081,-1.7912745,-0.12099244,0.19237876,0.34409726,1.0488898,-1.3154681,0.5318651,-0.5689864,0.24958456,0.02651842,0.5722343,-0.0154200755,-0.27758744,-0.035795756,-0.13557291,-0.46273872,-0.08055245,-0.012614019,-0.8601431,0.57020366,0.5467757,-0.5610626,-0.34472266,1.9301014,1.0739325,0.45472172,0.2980141,0.95485955,-0.5274002,-0.15452345,-1.188008,0.75178945,-0.06883122,-0.8312856,0.19296129,1.219034,0.4986562,1.1334566,-0.41262996,-1.5133768,0.41301677,-0.42031893,-1.5775509,1.4961891,-1.6677618,-0.49432144,-0.11949421,-1.0683106,-0.747766,-1.2489164,-0.07294597,-0.94179136,-0.84819317,-0.67122906,-1.870412,-2.165379,-0.69405854,-0.43736646,0.5004555,-0.16606013,-0.120950714,-0.93239367,0.88497853,-0.029877895,-0.31111893,-0.27570987,-0.36358237,-0.013291629,0.110878766,0.90505165,0.6210676,0.40902722,0.04916785,0.31803355,0.18860261,0.14022829,-0.020627545
-1.3161079,-1.3720467,-1.5559725,-1.4246416,-0.74540174,-0.6405426,-0.770934,-0.9363727,0.34364828,-1.1595793,-1.5282702,0.6737793,-0.03812403,-1.1684037,-0.7721218,0.25679433,0.6796868,-0.722536,-0.8577602,-1.3580817,0.11065516,-1.4156636,-0.45353547,-1.3301092,0.82686365,-1.1190809,-0.7522376,0.41396296,-0.49133578,-0.76712525,0.7547079,-2.4062173,0.72929585,-0.483581,-0.14757459,-0.1910475,-1.0626676,-0.2327564,-1.0098475,-0.37845394,-0.28278387,-1.0179198,-0.32674778,0.999086,-0.42392465,-0.2260292,-0.5528328,-0.8457361,0.17713524,-0.50978094,0.16541992,-0.8570839,-0.688499,-1.369857,-1.0413018,-0.7476224,-1.7016096,-1.0755684,-0.35402304,0.6944912,-0.8603486,-0.057911295,-1.388008,-1.2989582,-0.9093828,-0.6095791,0.4318487,0.042310253,-0.79565644,-0.81632626,-0.93044764,-1.6929291,-1.6137168,-0.9473336,-0.72379774,-0.40725502,-1.6729794,0.19537365,1.1477288,-0.09955195,-0.54619604,0.49078947,-0.17877382,-0.16336197,-0.9598654,-0.8750377,-0.1891655,-0.051339194,-0.18089762,-0.8715644,0.007406678,0.23808636,-0.4934305,0.5752508,-0.293097,0.8728347,-0.49451426,3.1566976e-06,0.80644673,0.82290906
-0.27756453,-1.5219347,-0.6450208,-1.3013188,-1.0598209,-0.20689991,-1.4981364,-2.0463595,-0.44730693,-0.48008212,-0.705659,-0.30288225,0.28557733,-0.39392966,-1.316131,-2.1419477,0.2812937,-1.820617,0.8441868,-0.87110597,-1.3249333,-1.4956831,-0.2565322,-1.4784815,-0.23795803,-1.1748477,-0.30470896,0.41422284,-0.5473574,-0.10066398,-0.18796267,-0.65599227,-0.4469597,-1.7009308,-1.4240303,-0.5761007,0.072610684,-0.303524,-0.31378397,-0.97623855,0.12663724,-0.45544216,0.12507525,0.627672,0.45229673,0.23540139,-1.9612852,-0.16945702,0.3561003,0.29553327,-0.8644698,-2.123747,-1.5360101,-1.1574445,-0.59654,-0.41127747,-2.7081332,-0.65422213,0.40970808,-0.79431725,-0.9817119,0.7134695,-0.5202559,0.56043136,1.3231779,-0.88380563,0.9330445,2.4318342,-1.0072544,-1.448178,-1.1353004,-1.5600005,-0.8152904,0.40010917,-0.9699166,-0.35406056,-2.6815689,-0.93067336,-0.20573357,-1.4755384,-1.5032113,-0.3435879,0.6055609,-0.06792098,-0.1338462,-0.35867402,-0.29831615,-0.67217755,-0.9514803,-0.60329515,0.36122826,-0.755712,0.30822685,1.0106186,0.34607506,0.4884291,-0.061905082,0.8624044,-0.56375307,0.61463004
2.360051,-1.2191548,-0.37903562,-1.715266,-1.0393935,-0.31232622,-0.6653125,-1.7591369,-0.5189089,-2.0696995,-1.3552712,-2.4248855,0.33420074,-0.3862672,0.10027166,-0.1920398,-0.2652897,-1.0979565,0.52290446,0.55968666,-0.29616028,-0.99622804,-0.47989693,-1.037812,-0.44818926,-0.7505477,-0.63311523,0.0036459684,0.24498853,0.37330726,-0.18560573,1.1333458,-0.84043455,-0.6235721,-0.30697322,-0.70735276,0.19841467,0.95106095,-0.32612732,0.7852038,0.25000346,0.7699469,-0.39148048,0.80381095,0.13375683,0.31640086,-0.6481994,-0.327074,-0.6004313,0.08087062,-0.7743717,-0.89111096,-0.654747,-1.2887211,-0.3401169,-0.29084152,-1.2772382,-0.48270333,-0.26368788,-1.1656582,-0.5976323,-1.0614806,0.5432399,0.06297709,-0.91905123,0.37585235,0.8128763,-0.030296665,-0.27150673,-0.6550467,0.103576206,-0.30857822,-0.23927595,0.0014223139,-0.96027803,-0.4614082,-0.6671228,0.32508427,-0.68640476,-0.6606147,-1.4911729,0.71925664,-0.41895798,-0.15791331,-0.0029494802,0.048999242,-0.4143045,-0.4819494,0.36824775,-0.5728593,0.38518628,-0.27165818,0.14013088,0.34222057,-0.9788868,0.18062735,-0.1595289,-0.57155675,-0.124600045,0.32343915
1.5666765,-1.1447775,-0.60707015,-1.688142,-1.0104295,-0.2720362,-0.7414941,-1.2239504,0.6481741,-0.35827413,-0.42523974,0.07887359,-0.35569245,0.122563906,1.1398762,-0.10051966,1.5719603,-0.9305538,0.34718275,-0.23982275,-0.020974731,-1.160274,-0.54840064,-1.422412,-0.3495296,0.08764798,0.24921349,0.5896376,-1.4997587,-0.8500502,0.26736102,1.4210562,-0.55114913,-0.3790845,-0.19363433,-0.26954168,0.746019,0.23102494,-1.3743162,-0.87109035,0.8787671,0.53773665,0.14480233,0.94864285,0.6550982,0.45304352,0.9827334,1.1361868,0.46285167,1.4030226,1.7263767,-0.886938,-0.42940205,-1.595077,-0.043396313,0.006243432,-1.6420662,0.009240085,1.4377465,0.8695237,1.8674695,-1.2908537,-0.8122048,0.16908261,1.1426779,1.2386544,0.9429799,0.1694031,-1.0702546,-0.82129943,0.0389594,0.61480325,-1.4168514,-1.7038255,-0.69140303,-0.61609864,-1.5439266,1.3059261,0.63135713,1.6359665,-1.356033,0.810023,0.7436348,0.32826546,0.46252105,0.55137664,-0.0663012,0.7753802,-0.12710051,-1.1079661,-0.37891266,-0.36510745,-0.3653957,0.7016798,0.69857746,1.2072163,0.80723035,-0.06831214,-0.1163015,0.67325205
-0.260625,-0.9756002,-0.51440156,-1.3309884,-0.7872716,-0.043877937,-1.12584,-1.4567213,0.39871198,-1.2819215,1.6621695,-0.003391682,-1.2769718,-0.56639373,0.29111147,-0.95219195,-0.18775491,0.62085396,-0.2630429,-0.5594757,-0.82585716,0.15016961,-0.6504532,-0.6985876,-0.74874806,1.0796854,-0.6371945,1.2406371,-1.1483389,-0.6786221,-0.413617,-0.5503442,0.12413773,0.06952776,0.73302704,0.45073324,1.413072,0.06877712,-0.48293355,-0.7808259,0.19276199,-1.0465399,0.76459837,0.869538,0.12288182,0.8593214,-0.32025278,1.1906741,1.2557703,1.5427667,0.18015061,-1.211929,-1.7062979,-0.934972,-0.7381093,0.2946049,-1.0548863,-0.107493244,-1.4425254,-0.7072246,-0.113798015,-0.74246,-0.4356329,1.1355875,-1.4700805,-0.46715146,0.09347345,-0.96011555,-0.832382,-0.65052384,-1.345017,0.0321064,-0.865746,-0.44926706,-1.2604227,-0.6212633,-0.62785155,-0.086471945,0.077637985,-1.6088122,-1.0369573,0.74825156,1.0503247,0.90354395,-0.16951719,0.42617598,0.38102686,1.1481333,0.0962552,-0.096705936,-0.6310732,-0.31696072,0.044087198,-1.0425464,0.43050882,0.9493665,0.46485996,0.087217905,1.3286473,1.0283936
1.2403375,0.71217483,0.24372064,-0.065083645,0.3352076,-0.052678473,0.32631275,0.41207263,1.3340056,-0.30420104,0.37225333,0.6088676,1.2615352,0.012335063,1.4802134,1.0464375,0.2783471,0.6325565,-1.3941305e-05,-0.46320096,0.4968664,-0.073759444,0.8995385,-0.35147992,0.16826098,0.6583125,0.4364113,-0.0027833544,-1.0806812,0.56179476,0.67745245,0.12473448,-0.2611512,-0.73244953,1.0063652,-0.294468,1.2954342,0.10074094,-1.961684,-0.04019255,0.2514522,1.1043692,1.3753128,1.3815447,1.9813998,0.8843212,-0.03603567,0.5780165,0.91220737,0.4980445,-0.5960109,0.16184178,-0.27600756,-0.07521872,0.006771949,0.31777373,0.05160314,0.03770989,0.51728076,0.9862817,0.4233922,0.43946096,-0.94005835,1.7641538,-0.1475672,-0.08064867,0.21625775,0.11620585,-0.5743549,-0.62316054,-0.7374893,-0.740842,-0.61201674,-1.1399431,-0.68803394,0.94818,-0.6484227,-1.0550141,0.70136493,-0.72485095,-0.606292,1.222731,1.865851,0.78828245,0.98140436,0.16230214,0.6122008,1.1613946,0.5657552,0.41301608,0.17322078,0.009304635,-1.0182219,0.37492847,0.8181058,1.789538,1.0748305,0.99222827,0.23975441,0.9384603
0.9364101,1.0031124,0.45690173,0.8169492,0.25185728,0.707769,0.08643321,0.5420702,1.2161853,-0.44735873,0.21134332,0.14570947,0.12428123,0.07526037,0.90014106,1.8683996,0.7219774,1.0846761,0.1653952,0.3727009,0.49084875,0.020895384,-0.037771493,-0.9844198,0.8701415,0.34605256,0.0877662,-0.36672094,-0.7093408,-0.6414769,-0.35212302,1.1614447,-3.1650608,0.8093603,1.0781722,0.6962961,-1.5627404,0.77548486,0.14659137,0.5962516,0.10780089,0.3355575,0.5913719,0.033267584,0.6063033,0.52400863,0.9961189,-0.6797685,-0.7317186,0.5821629,0.22330329,0.69363564,-0.96971095,-0.025870431,0.091364704,0.20956281,0.02379329,0.41858438,-0.45721826,-1.039964,-0.15463696,-0.6587279,-1.8005866,-0.45587477,-0.53028697,1.715909,0.19899243,-0.45537242,-0.14013341,0.32024708,-0.3332933,0.59418315,0.0047928323,0.044647478,-0.61319625,-0.5755011,-0.29538456,-0.13339472,0.7270977,1.730586,-1.2201145,-0.0064885947,0.28434002,0.23470208,0.6927912,0.81116384,-0.3173221,0.74575835,0.077888355,0.18504596,-0.65768474,1.3284411,-0.56905234,0.91614795,0.84842646,0.8342984,0.57243633,-0.027219422,-1.1713144,0.26175508
-0.79765314,-0.23402546,-0.21274373,-1.2155287,-0.3600182,0.001861791,-0.42215753,-0.20223613,-0.5304063,-0.33031568,-0.44715932,2.1615086,1.0614692,0.5776286,1.3057339,1.0491123,1.3472527,0.4447739,1.2350833,0.7499578,0.31789237,1.6562351,0.2102048,-0.31956887,0.5976797,2.2843895,1.0137076,0.5168247,-0.22658038,0.72367156,-0.7454508,0.99459815,-1.2787076,0.7860402,0.7762143,0.309011,0.63526565,0.6233034,0.06052551,-0.38809446,0.0057138167,1.996239,1.2784487,0.6603268,1.3576586,1.4654024,0.6797788,0.77887267,-0.24990642,0.91051257,0.48669842,-0.7785558,-0.21410048,-1.2115098,-0.12418335,0.5133498,-0.7597129,-1.1202314,-0.29879528,-0.49179316,1.3970361,0.5871786,-0.43855017,0.63412064,0.10776323,0.8939494,0.52268547,1.5376425,0.59136593,0.0013272397,-0.09557796,0.76684755,0.27382156,-0.054768227,0.51436234,0.5754652,-0.033601347,0.4095347,-0.13040562,0.14406078,-0.6410023,0.6041275,1.1963034,0.834181,0.7274127,0.5159732,-0.5972646,0.851445,-0.24046315,-0.22494517,-0.6828198,1.230775,1.0715722,1.0297251,0.7662966,1.1102446,2.006085,0.8741994,0.30282226,0.25478792
-0.6276815,0.3423107,1.3721013,-0.6003314,0.28625122,0.3348523,0.15200436,0.4954649,0.7225531,0.7738671,1.4210241,2.7545884,-0.9809108,1.3753955,-0.0813625,-0.17088902,-0.03360145,-0.05921575,-0.62181884,-0.2740037,0.74177414,0.72698516,-0.7589799,0.84026927,0.47070768,1.0831319,0.0037088376,0.9235667,-0.12774493,0.4909282,0.124224626,0.47680408,-0.6801624,-0.030509217,0.09107508,0.19933616,1.2726678,1.5018122,-0.44607997,0.8606542,-0.90748835,1.1547388,0.041415274,0.3052202,0.1809709,-0.13426991,0.112955615,-2.165991,0.30107135,0.34958553,-0.9463901,0.31227943,-0.8533546,-0.27681252,-0.036939345,0.4082965,-0.17573486,0.331905,-1.2760123,-0.39450693,1.5528466,0.73767513,0.5567417,-0.39681473,0.35453135,0.016474077,0.52324986,-0.47326705,-0.35705566,0.31686348,-0.14461546,1.0024807,0.06644078,-1.1122048,0.9113849,1.0278841,0.25381225,-0.14593302,0.56137615,-0.010263332,-0.23958105,0.6485567,0.541574,1.0824288,-0.094683774,0.8104894,-0.12003182,-1.1329409,-0.34226635,-0.43968156,-0.44799352,1.1049052,0.91709244,1.3632431,1.0911362,0.6602248,0.60339844,-0.19240086,0.3260105,0.58991605
-0.13090712,0.87681586,0.5685759,0.2920265,0.67574155,2.0805569,0.19140114,0.21673478,0.59402406,0.7920435,0.77228373,0.81559116,1.9877993,0.823342,-0.33218428,1.316129,0.6323175,0.70780534,0.89783543,0.5326429,0.22449434,0.9817564,1.1245389,0.5078688,0.2646458,1.5413204,0.9930389,0.71404326,0.801529,1.9911947,0.8360449,1.3223667,1.1048391,1.6828194,2.304876,0.8682772,0.7394702,1.140023,1.8082457,1.6564363,0.35523716,0.2353065,1.0111196,0.8742751,0.7559277,1.0762856,2.2132254,0.23657471,2.862738,1.3796704,2.0478156,0.13701482,0.6562505,-0.15955956,1.1806275,1.6011927,-0.8789766,0.38866007,1.4705445,0.27293086,0.67299986,1.6575745,0.8717498,1.4068984,0.36148322,0.85828334,1.3105696,0.28951415,0.3515491,0.0068028024,0.19400641,2.1877835,1.8214903,2.037851,0.378212,1.5152372,0.14704454,0.10730989,-0.0787635,1.1324929,0.818882,1.3916522,1.1782682,1.6035948,0.47612563,1.6182731,0.95820934,1.8963659,0.46399495,1.3619534,0.8049599,1.0700933,1.6489499,1.3129075,1.843558,1.1681474,1.4217824,0.8158112,1.5542958,0.8248216
0.52089787,0.65373015,0.7175402,0.5856997,1.6626296,0.9935429,0.5610615,0.19676769,1.0843011,1.1349946,1.2202352,1.2160016,0.68362296,1.6617228,1.2663144,0.30648726,-1.5931329,0.4522305,-0.23497556,1.3567604,1.1480635,-1.3786982,0.028856214,0.8913946,-0.07572998,0.4787451,0.80803907,0.3655823,0.45906624,-0.1782046,0.12211009,1.6117702,-0.13840866,0.596506,0.27130213,1.2635926,0.09001247,-0.5344347,-0.7310721,0.27782425,1.5790328,0.7528265,-0.46197572,-0.33252558,-0.1295931,-0.29603845,0.641889,0.08335032,1.032681,1.8895161,0.32836658,0.9031364,1.101008,1.3809963,1.2919697,1.2858033,0.25128752,0.62471616,-0.13923615,-0.02352658,-0.17558828,0.67849183,0.30376744,0.6074472,0.4322349,0.3101834,0.8218674,-0.17739852,-0.029143685,0.7230012,-0.702338,-0.16377558,-0.54125005,0.47020736,0.07709582,-0.3624343,0.9707776,0.13562958,-0.42890242,1.0272522,0.42660853,0.6683804,0.43762,0.3956862,0.12908521,0.08711105,1.2211663,-0.046654023,1.5954438,2.026669,0.47742245,-0.54687375,-0.006248999,0.8904245,0.5642641,0.19622906,0.3423701,0.3042037,0.38404498,1.20065
-1.488642,-0.26719326,0.5229416,0.042907424,0.22925507,0.8483742,0.90261656,-0.14960824,1.0779923,-0.82330686,-0.22419311,0.003489532,0.139275,0.08560302,0.5674078,0.3106297,-0.09473671,0.39926988,1.7125667,-0.117864,0.4291342,0.517341,0.58585757,-0.1572369,2.0816402,1.0192529,0.925175,1.0753044,0.7949385,0.9289959,-0.10711021,-0.09212443,-0.7644792,-0.53333014,-0.07225251,-0.6145569,-0.5625015,0.7208269,-1.1714731,-1.5184411,-0.06544523,0.9550797,0.9527626,1.090651,1.2102087,0.59538347,1.0727035,-0.62767893,0.08784681,-0.4718928,-0.33219978,-0.42508304,-0.25143614,-0.48913366,0.71780044,0.28850403,-0.031112408,0.6703381,-0.52932966,0.85969883,0.63842803,-0.31786776,0.020560112,0.101730265,0.82839024,0.5942498,0.12128183,0.5610135,-0.025606671,-0.6065335,1.1767035,-0.5482063,0.16867286,-1.1946795,0.13254082,0.791345,0.18527159,-0.08084275,-0.46681738,0.03548244,0.30600172,-0.43078935,0.9268114,0.69342047,0.99946123,-0.15156612,-1.1009231,1.4370003,-1.1151704,0.07713532,-0.9458387,1.1649461,0.73182225,0.7603462,1.3142663,0.56196463,-0.18846093,0.61632234,-0.593169,-0.022489887
-0.1708057,1.3266491,2.5078416,1.5330647,1.3887187,2.3076122,2.5894914,0.8207521,1.6252388,0.8087459,1.3598896,0.49129048,1.3143623,-0.23979186,0.6513051,1.1006662,1.3419855,1.2569529,0.22514029,1.1529194,1.7255626,-0.811179,1.5383191,1.1472875,0.71191424,0.34322357,-0.04530358,0.3613311,1.7108328,0.8234085,0.36849335,2.243064,1.3575656,0.6626483,-0.15419738,1.325899,0.86271036,0.5260259,0.68743443,1.6603428,0.7190424,-0.65968716,-1.1874152,-1.6626464,-0.9251678,-1.1207194,0.33675468,-0.36313525,1.0389132,0.8556399,2.6516902,1.8189592,1.7707664,0.8069637,1.951797,2.1557734,1.5891519,1.3601905,0.9852369,2.3088396,0.02280221,1.6135772,0.05536048,0.9921401,2.525014,0.019345166,1.1255708,-0.49910682,0.78497326,0.75371516,1.4823029,0.09487266,0.92219096,0.960953,0.34395635,-0.7493552,1.4386306,1.1670995,-0.257664,1.4309473,0.9018746,0.2470786,-0.7441586,-0.64130163,-0.36605358,-0.02866514,0.5455331,0.007840992,1.3112698,1.3058659,0.39368328,1.0163699,1.6409531,0.58939976,0.60091025,-1.2630299,0.14624947,-0.13991518,1.62959,0.82790923
0.32520017,-0.16915165,0.4657152,-0.5301975,-0.21489857,0.1842207,0.15536231,-0.24615254,0.15881808,0.40976083,0.76193935,-0.2944084,0.49137342,0.5420976,-0.9525121,1.034445,-0.06143408,-1.1358634,-0.17323646,0.27043048,0.43717906,0.08495582,0.010134929,-0.5924631,1.7463487,0.40643185,1.5284622,1.8619292,0.56235045,-0.6357629,-0.5325877,-0.65464455,-1.1719831,-0.8931792,1.7974266,0.04593384,-0.06503869,0.58640957,0.83503723,0.36479858,-0.08251689,1.0781883,1.4255556,0.94526416,1.8923023,1.4429964,2.0017593,1.07385,0.6198005,0.83254987,1.1613457,0.07341951,0.784279,-0.12243073,-0.072862014,0.07716262,-0.8728269,-0.06809193,1.7465112,1.5903332,0.6039691,1.1446056,0.081925206,0.44816262,-0.063133284,-0.14544237,0.884221,0.2778633,-0.9290618,-0.13363333,0.7219427,0.7598874,0.72579324,0.8335099,0.019254658,1.4590734,0.2292538,0.3519153,-1.1486275,-1.0548271,-0.61595446,0.9294225,1.8462049,1.7190791,1.514743,1.1989734,0.47014222,1.4089813,-0.022946207,0.18642332,2.250672,1.4294814,2.231843,2.1821687,1.6464239,0.63530976,1.9828088,1.3872391,0.058445334,0.5061604
1.8943471,0.5649191,1.9372977,0.654135,0.6426656,1.4562345,1.2513032,0.7085584,0.4908059,1.7683954,1.0533594,-1.4627626,0.12137718,0.87442774,-0.1876702,0.48018295,1.9983333,1.7459707,0.7141988,1.7055714,1.0225037,0.037218194,-0.089092545,2.0780866,-0.96280855,-3.3796775,-1.6370693,-2.505556,1.2604978,-1.8467824,0.40089887,1.7936052,3.314982,2.6036608,-2.0429459,1.8925463,-0.031938814,0.23534223,1.5691464,0.8873358,1.1139603,-2.4028015,-2.937032,-3.3133798,-3.3544211,-2.7552235,-0.7809058,-0.5111898,1.4428799,0.8246329,1.3721318,0.7496634,0.46682927,0.6618563,0.8358515,1.5732902,1.1596901,0.9302204,-1.7348982,-1.1920203,-3.3659277,-0.12889238,-0.24185172,-0.9007782,0.7150991,-0.7283379,0.2385024,1.2344428,1.3021579,1.407933,1.1485058,-0.79366255,-0.2080636,-1.1254652,-0.5263868,-3.4921856,2.0300217,-0.9810472,0.8968166,0.55552286,1.9340954,1.2614607,-2.012902,-1.5942801,-1.9769235,-1.0955626,1.1501918,-1.8448794,2.1361566,1.5741125,1.140017,-2.7546449,-1.4294116,-2.3784614,-3.3029697,-3.160572,-2.653598,-0.6497362,1.3239052,1.3414472
1.3252239,0.69623506,0.42190552,0.3818593,0.463144,1.153981,0.28120348,0.010808551,-0.09534964,1.5824783,0.51408774,-0.066992134,-0.1684289,0.68118113,0.96111333,0.64111394,3.8548706,2.2822213,0.84286827,1.9139099,2.9500725,-1.2449174,1.7351733,2.6929588,-1.649938,-3.1340296,-3.440835,-2.5499232,1.3460767,-0.86994314,-0.748254,2.6741724,3.1575334,2.7163703,-4.587217,3.4800844,1.3830415,-1.5619988,2.2830708,1.0074787,2.436078,-1.9795077,-4.663668,-4.380262,-4.868667,-4.3874273,-1.6080445,-2.2199843,1.0248859,2.120924,-0.0781196,0.026239853,0.5386612,0.6160177,0.253781,0.29606444,1.4944075,-0.10459772,-1.270396,-0.8866393,-3.3211575,0.72681206,-0.2836321,-0.8938736,1.147491,-0.06085154,0.0608706,-0.28602245,2.1971786,1.599661,1.2608899,-1.4256691,-0.71562576,-1.0426708,1.069879,-3.0184534,3.662507,0.29253247,1.9062816,1.2824101,2.0033336,1.3552275,-4.4580197,-4.4897957,-4.664688,-1.6660494,3.1598244,-3.530941,3.7391775,1.477947,-0.20570669,-2.738289,-1.3372008,-3.2110639,-3.4250224,-3.715045,-3.834595,-2.0670063,0.35047972,1.7514867
-1.3375137,-1.3737662,-0.6271155,-2.8463664,-2.1565757,-0.950961,-2.6318083,-2.080061,-1.8407158,0.48864922,-0.43709987,1.7987484,0.092484824,-0.79499614,1.0780168,-1.7866831,1.0390363,-0.45927998,1.2522637,1.0540352,0.9040391,1.2298216,1.3481187,3.563863,1.8018574,2.4666262,1.085994,1.9214559,2.5575747,1.0941461,1.332237,-1.0740603,-0.8123,-0.7152956,1.0312161,1.5190974,1.946016,0.4342395,0.47478548,0.77595854,-1.7592772,1.2858148,0.5485911,1.0497524,0.76843524,0.43077454,-0.39648676,-0.51552063,-0.09215225,0.39021757,-0.0921083,-1.6103909,-1.3073932,-2.2561674,-1.1262448,-1.03791,-1.1967813,-1.9339443,1.7521939,1.4382833,2.7754061,2.1896508,1.1234678,-1.1483366,0.09260317,0.012047961,-1.3794852,1.2956251,0.62294865,-0.9089165,1.197093,2.6718524,1.6954409,1.6917611,3.1969733,3.9768965,2.7241027,3.2314956,-0.2154297,-0.44316733,1.296922,-0.019018024,0.18276483,0.73800725,1.0738652,-0.12642637,0.9890368,1.7130663,0.3058485,0.7244666,-0.57318765,-0.03370077,0.09230182,1.814385,1.4041536,0.1723554,0.7445398,-0.28635296,-0.7811834,-1.1968795
1.6399959,-0.16263261,0.57155925,-1.25047,-0.7713479,-0.79901,-0.3321896,-0.6608879,-0.58344066,0.13685587,-2.0337098,-0.86692256,-1.013492,0.9717935,1.9293618,0.061757933,0.93960655,-0.047722742,1.327068,0.73098147,1.2179282,0.6122907,1.4036142,3.3486676,0.34124652,0.69865483,-1.0608122,-0.99058473,1.6205364,-0.5838586,-0.20269161,1.2253435,1.2498583,0.92861044,-0.26174852,0.7075247,0.08292095,0.09566116,1.83382,0.20208679,-0.6094569,0.14528018,-1.4297609,-2.0146697,-0.28936556,-1.5875542,-0.77186686,-0.8484735,-0.8947396,-0.07547634,0.06494889,-0.013054285,-0.38382122,-1.0885407,-1.071191,-0.917509,-0.1581179,-1.1742157,-0.653356,-1.5328957,-0.14651142,-0.58100975,1.4729459,-0.5578847,0.19108337,1.4604143,-1.2045591,-0.29334873,0.13723595,-1.2229091,1.7556185,0.39194688,0.41553894,0.96800894,1.4370369,0.36467764,1.3801104,1.7897686,1.7947813,1.1194644,1.4617391,-0.40217188,-0.9714266,-1.635876,-0.73278755,-2.0149345,-0.853748,-0.74490047,-1.2926618,-0.82014084,-0.7804844,-0.60912526,0.60775197,-0.48809135,-1.2804518,-2.1455493,-2.0825796,-1.1121545,-2.3684132,-1.7464335
1.0392127,-1.0055834,-0.08809051,-1.0170214,-1.4967203,-0.9496773,-0.39826646,-0.80816376,-0.92940694,-0.19589657,0.0203969,-0.6419975,-1.2447139,0.07355823,1.3316065,-0.97063845,1.0755113,-1.2624348,1.786868,0.13237,-0.21691555,0.37844422,-1.5864719,1.2821321,-0.01122538,-0.16387662,-1.0998257,-1.7677594,-0.07099121,-0.08810647,0.5107301,0.048397187,-0.5938427,0.8838329,-0.5978364,0.8337411,0.25829986,1.1279354,1.3431205,1.6457075,-0.064720124,0.34427255,-0.80656314,-0.5376308,-0.02876839,-0.8334965,-0.16464555,-0.07901235,-0.056096986,0.17043154,0.89800376,-0.5193028,-0.71711236,-1.4080099,-0.84798485,-0.7754175,-1.018241,-0.963537,0.7655884,-0.2889853,-0.41333833,-1.6008904,-0.73872066,-0.8595824,0.8364335,-0.67952716,-0.95915616,0.6059529,0.1462173,-1.4088805,0.16399169,-0.18695979,-1.3631854,0.6227659,0.46480075,0.51150495,-0.5440367,-0.43565816,0.51021713,1.262778,-0.15066256,0.32809654,0.11513786,-0.19552794,-0.62280285,-0.93134224,-0.87089765,-0.8861007,-0.48520502,-0.41615894,0.09166867,-0.9837698,-1.0422678,0.2989453,-0.70214015,-0.7357775,-0.7913072,0.9112286,-0.3071035,-0.5617331
2.0476615,-0.5179165,-0.08587133,-0.9326004,-0.66052324,0.05548306,-1.065841,-0.7190896,-0.7689636,-0.95302266,-0.7793551,-1.1981852,-1.3060167,0.37347722,-0.00066521403,0.144064,-0.008535401,-1.0812324,-0.35600293,-1.3709509,-1.416533,2.1817071,-1.5734545,0.6801719,0.6577482,-0.19070119,-0.4231823,-1.246357,-0.82604235,-0.7205656,0.72029054,-0.37668443,-1.0145017,-0.3485358,-1.3006986,0.3919729,0.46467853,-0.8643918,-0.15809038,-0.9786975,-0.59710175,0.917462,-0.521108,-0.46904272,-0.05366572,-0.22558339,-0.10562754,-0.8617212,-0.9427448,-1.0195411,1.2137959,-0.5767869,-1.1672575,-0.39042625,-0.90255505,-0.62809026,-0.50576425,-1.3065768,0.3986117,-1.2090145,0.33257732,-0.9518469,-0.47868204,-0.00057664217,0.21965872,-1.2695876,-1.6559372,0.24187388,-0.5618186,-0.63764626,-0.38461888,-1.0586127,-1.2121282,-0.44810906,0.16834977,0.046886005,-0.25207928,-0.7474847,1.3253037,0.07686008,0.40249836,-0.48785642,-0.91126907,-0.7493641,-1.2416764,-1.448645,0.62834656,-1.1041245,-0.82596534,-0.8761654,-0.4860524,-1.288848,-0.54195595,-2.0441344,-1.4472004,-0.79868764,-1.080716,-1.5454056,-1.3365229,-1.5834956
1.0911692,0.05309885,0.26621395,-0.41331142,0.23335232,0.33907908,0.4019707,0.32372567,0.61020076,-0.26516405,0.04758885,-0.71008617,-0.8877571,-0.57162476,0.7135685,1.1950582,0.20761882,-0.13883492,0.24794792,-0.79105604,-0.3713615,0.79038364,-0.18916893,-0.43618515,1.203767,0.41090474,-0.17185523,0.69247675,-0.103567444,0.93127006,0.9546376,0.18096948,-0.47830257,-0.33849496,1.1116925,-0.21595916,-0.7270134,0.29603943,-0.7182003,-0.68926144,-0.5669221,-0.90462756,-0.9235225,-0.6793907,-0.012130953,-0.13109316,-0.22987022,0.10947358,-1.1061517,-0.8431061,0.33694538,0.9821256,-0.60845995,-0.33169812,0.052146573,-0.2077396,-0.08365468,0.051931433,-2.0647671,-1.3250309,0.75298584,-1.4438635,0.9052558,0.5048743,0.3519174,0.25227386,-1.3867981,-0.18009575,-0.93622226,-1.1116291,-1.4251693,-1.8431228,-0.7890415,-1.7675482,-1.0706456,-0.51475126,-0.09520759,-0.4465761,-0.50253487,0.2746558,-0.27538076,-1.9650238,-0.30980518,-0.86335325,-0.53019685,-1.9791732,-1.8566344,-1.0730317,-1.9298413,-1.6389621,0.4633858,-0.93634415,-0.83230644,-1.1133863,-1.3452522,-0.60766834,-1.0462328,-1.6083119,-1.164906,-1.879441
1.2642226,-0.40609455,0.1861936,0.52490103,1.0864689,1.2804989,-0.42505255,0.8218263,0.8763293,-0.13772874,-1.6559553,0.60785365,0.07041189,-0.44814053,-0.61572516,0.29908445,2.541895,-0.44780532,-0.88404995,-0.24734688,-0.5609937,-0.3221695,-0.2182161,-0.36100027,-0.5980863,-1.257462,-0.9793361,-1.7122493,1.7200817,0.5529011,2.2419357,0.42833194,-0.59419715,0.27674285,-0.42922986,0.27386817,-0.537571,0.42641976,-0.40436053,0.26844287,-0.6891593,-0.29362553,-0.28028202,-1.2748778,-0.7692019,-1.0350144,-0.033674303,-0.6853532,-0.16180575,-0.7947553,0.61752796,-0.81643254,-0.5773288,0.350357,0.48287642,0.09791064,-0.42737654,0.92832315,-1.2981415,-0.5466628,-0.8686313,-0.13950421,-1.1579702,-0.0039624223,-0.23160683,-0.606339,-0.62650764,-1.1962105,-0.7939169,-0.79841626,-0.7179052,-1.5611455,-1.6074454,-0.7726094,-0.28846607,-0.80335873,-0.23755257,-0.16485071,0.7641621,-0.8961274,-1.6814231,-1.7952912,-1.0512565,-1.1835724,-0.7725743,-1.7227769,-0.18588583,-0.6733305,-0.8173288,-1.0623205,-1.221457,-1.1566573,-1.092955,-0.84395504,-1.7618549,-1.5141723,-1.4509155,-0.070328616,-0.96561325,-0.7549608
-0.71561366,-0.25152808,-0.1737686,-0.27529323,-0.6914457,-0.7857754,-0.7800026,-0.14113119,-1.2201289,-0.7953037,-0.83115685,-0.32322496,-2.166055,0.11710283,-0.527345,-0.96257174,0.7303335,-0.44209585,-0.3221746,0.24572645,0.2963494,-0.07094291,0.62337226,0.92530096,0.42834023,0.16211252,-0.5470606,-0.39111686,-0.71375376,-0.3521559,0.50936604,0.61210084,-1.3975058,-0.24952368,-0.4983663,0.74565953,-0.11485487,-0.8322059,-0.43205747,-1.0849615,-1.3774705,-0.010605126,-1.131293,-0.84236366,-0.379648,-0.97521955,0.46824124,-0.15345475,-0.70370764,0.0066859485,-0.41333792,0.7765536,-0.8842944,-0.5713691,-0.5838237,-1.0519756,-0.8570321,-0.19971919,0.09364896,-0.17795046,1.342993,-0.23218134,0.6624078,-1.1436216,0.8074843,-0.987232,-1.0288785,0.8421917,-0.61762923,-1.0135678,0.47887245,-0.6443625,0.46159488,-1.5950572,0.33422068,0.42677313,1.1963949,0.4152807,-1.475375,0.7618444,-0.52590483,-1.6758243,-1.2694682,-1.9424999,-1.2473814,-1.991731,-0.09917891,-0.40620357,-0.9208941,-0.84125966,-1.866202,-1.0927631,-1.820455,-0.24319467,-1.5580614,-1.2274287,-1.1418815,-1.6086723,-1.4881897,-0.6309095
0.8560509,-0.45667925,-0.4913054,-0.22679855,-0.43520713,-0.31096977,-0.58900326,-1.3175423,-0.39238015,0.7985122,0.14807782,-0.87794304,0.14165771,1.3327651,-0.13497518,-0.42190364,1.1393386,0.09453565,0.10637242,1.1668204,-0.18128735,-0.25154978,-1.5375034,0.24506548,-0.41504,-1.2775043,-0.64745945,-1.1353068,-0.17075914,0.3972484,1.2871553,0.76135266,0.7913629,0.38490105,-0.52462244,2.0288641,0.24370298,-0.75462806,0.31033674,-0.20684965,-0.13781254,0.13985625,-1.1331258,-0.58339655,-0.7343605,-0.5004469,0.5630502,0.6116457,-0.98579985,0.5049811,-1.5823852,-0.51473945,-1.7722698,-0.72858495,-0.78328407,-1.004921,-0.9691081,-0.5034785,0.097635604,-2.1493747,-0.5560718,-0.28658497,-0.36448488,-0.6162583,-0.9265699,1.7842098,-1.6187148,-0.065262966,-0.444602,-0.83523744,-0.1354961,-1.3652753,-0.53245646,-0.20055443,-0.57919765,-1.2132717,-0.5217032,-0.96201414,0.17322396,-0.3122162,-0.33230534,-0.8552401,-1.4609531,-1.6567112,-1.3632418,-1.0720627,-0.3879892,-1.349798,-0.8527401,-0.7094666,-1.3565551,-1.9839431,-0.88207364,-2.0791724,-0.9999171,-0.57425785,-1.6275114,-2.2101572,-1.5262724,-1.1745566
0.7879931,-0.8146885,-0.14017926,-0.6035736,-0.43267894,-0.10332571,-0.7124921,-1.0569069,-0.26593667,-1.8344332,-0.5868624,-0.60264266,0.40189862,-0.20642579,0.64132005,-2.0730388,1.6988113,0.2360257,0.87459075,1.5404577,-0.47345102,0.11257287,-1.0730673,-0.3652504,-0.6505058,-1.0745153,-0.257549,-1.1820296,0.55102915,-0.23846333,0.68915474,-0.9092163,0.7955114,0.23377804,-1.0081977,0.9784147,1.1215565,-0.9303953,0.4573373,0.18489283,-0.5530354,-0.21020283,-1.4040732,-0.14204971,-0.0253521,-0.18302189,-1.4619054,0.6294578,0.04901664,0.59672934,-1.0923595,-1.2862899,-1.4891516,-0.5244108,-1.3254541,-0.040069792,-0.90680283,-0.677138,-0.8208309,-0.7785222,0.23065937,-0.05003191,-0.07637418,0.25462908,1.124013,-0.36010495,-0.83807534,0.3791633,-0.47253937,-0.6114271,-0.25000265,-0.95249623,-0.507429,0.04808001,0.73956794,-1.1345435,0.95975536,-0.29327276,1.7005194,1.8098769,-0.4113738,-0.3009266,-0.624847,-1.3585074,-0.19783826,-0.62248087,-0.15643564,-0.24079691,-0.09230936,0.06274104,-1.0532821,-0.9681806,0.049580827,-1.0484054,-1.0971242,-0.2592821,-0.9820669,-0.109514594,-1.0887306,-0.6825042
1.1850584,-0.2086337,-0.06534841,0.008550396,-0.13619281,0.22983693,0.30909064,-1.0065593,0.34191734,-0.76993716,0.7102268,0.3919421,-0.16219419,0.31916246,0.4460251,-0.059382945,1.4922309,-0.61629206,-0.33418953,-0.3203175,-0.6617444,-0.9357714,-0.6215724,0.64926326,0.08237578,-1.8030365,-1.26283,-0.9407545,0.5131238,-0.33050907,0.26120648,1.1165075,0.771688,-0.6096782,-1.6791544,0.759185,0.5727912,-0.57508117,1.0086347,0.820836,0.3597811,0.7344069,-1.0018011,-0.55924785,-0.32723832,-0.999723,-0.99206895,-1.8008558,-1.0715015,0.052191515,-0.9492836,-1.0131176,-0.7578101,-0.62036747,-0.099073835,-1.1187538,-0.4112463,0.2261956,-0.7983774,0.085590474,-1.0882318,-0.4719046,-1.7301027,-0.3093282,-1.7176178,0.12736809,-0.050995264,0.5078221,-0.51382446,-0.18140174,0.50468034,-0.69277567,-1.3050177,0.15273511,-0.0224335,-1.073145,1.540576,0.3279865,1.5206076,-0.9189922,1.0671914,-0.11453673,-0.6719092,-0.7645554,-1.1994354,-0.011430871,0.8730731,-0.2840024,0.7306129,0.9822801,0.22696772,0.048582867,-0.5907932,-1.0834395,-0.63408715,-0.78971434,-0.66811943,-0.34809735,-0.49280638,-0.19868708
0.22696324,-0.014278931,0.92738336,-0.5271418,0.6683976,1.4299024,-0.348036,-0.6896967,0.25652856,-0.8253253,-0.7647925,-0.59659153,-0.43503353,-0.6846657,-0.41019002,-0.007259508,0.34903306,-0.8471391,-0.7996349,-0.9757082,-0.8039192,-1.0966918,-0.6200042,0.28736332,-0.59840643,-1.1061352,-1.2118226,-0.4733527,0.23894116,0.082581006,-0.89951926,-0.4893086,-0.8308868,-1.2508012,-1.7114913,-0.26375344,-0.2893242,-2.2863955,-0.31383237,0.049687043,-0.024495749,0.27065402,-1.3910043,-0.9962329,-0.5887153,-1.6680511,-0.7830202,-2.0946946,-0.8052854,-1.0562582,-1.4317942,0.35227066,-0.24548751,-0.075653836,1.4320819,0.31910527,-0.7309243,0.43062645,0.47373617,0.7864223,0.22417437,0.32505232,0.053064365,0.71470124,1.429522,0.47231093,-0.4233472,0.43043742,-0.3136897,-0.59386796,-1.2127668,-0.9305354,-0.5907358,-1.0801319,0.23475341,-1.6623889,-0.72779655,-0.24959362,0.07623095,-1.4788016,-0.28030038,-0.50236964,-1.1043626,-1.7278417,-0.98367983,-1.2327813,-0.26492462,-1.6661625,-0.25732592,0.01616888,0.45980757,-1.1228199,0.46924564,-1.8496236,-0.7493942,-1.6404339,-1.412474,-1.0927168,-0.59456354,-0.47183698
0.7049568,0.7565537,0.31744608,1.4161838,1.547159,0.87557864,-0.036845878,0.82842386,-0.4880452,0.9339706,1.3701212,0.1588402,1.8864594,-0.4902621,1.9493206,0.8517565,1.7751439,1.859358,0.4945281,0.6557988,-0.19199528,0.8456953,1.8770506,0.7918723,-0.20880818,-0.42865923,-0.8122057,-0.13919245,-0.119741924,0.18139787,0.9512209,2.0996158,0.12007971,1.111001,-0.22417672,-0.5495462,-1.0586461,0.06049228,1.072509,-0.09741765,-0.36567926,-0.4367839,-0.6081691,-0.9405389,-0.76012635,-1.2489132,-0.0755235,-1.0562289,0.7858184,-0.010364908,-1.2861027,0.5733051,1.067331,2.1682405,0.8241239,0.6542026,2.0347352,0.088021845,1.3819699,0.69656587,-1.07654,1.6929405,2.0743296,0.35870355,-0.48548365,1.1827556,0.9488308,1.3442621,1.8260571,1.6703659,1.525319,1.1600486,0.7607242,1.1985114,1.533312,-0.30856085,-0.70251644,1.1620723,0.981146,-0.5394955,1.6591573,-0.0016866792,-0.27719602,-1.0053574,-0.33211622,0.7309807,-0.17438576,-0.029204248,-0.2654404,-0.2585359,-0.48395088,1.2969356,1.9384588,0.1683411,0.19601445,-0.49754044,-0.86498916,0.006595064,1.0186906,0.28605917
-0.27676755,-0.5439128,0.08658269,-0.38601258,-0.45217195,-0.033111397,-0.319023,-0.55904365,0.2618222,0.8202764,-0.20274231,-0.05015413,0.81757295,0.5474171,0.87290776,-0.63751584,0.7294685,-0.100065306,-0.14485596,-0.47860643,0.11840819,0.68476075,0.8622738,0.13508973,0.511995,-0.086347245,-0.95099634,-0.8588039,1.2412001,-0.0878387,-0.21169733,0.17417245,0.55309623,1.3129876,0.00068701676,-0.31642064,0.1630136,-1.375486,0.8776939,0.926162,1.1745526,-0.7270677,0.24281232,-0.1451552,-0.7195611,-0.8550785,-0.3747999,1.87996,0.04962879,0.1533171,1.9212899,-0.8342688,-0.41585425,-0.46825364,0.34065947,0.85594743,1.1095948,-0.2009324,1.370962,0.33960518,0.18868758,0.12748687,0.108098075,-1.8698606,-0.25511035,0.22621249,0.8909484,1.1620324,0.09477605,0.41728494,1.3383499,0.9916459,-1.0448016,-0.1031415,0.61875004,0.5915631,0.053044688,0.26156694,1.8892093,1.0795524,0.73363787,0.6962388,-0.8184137,-0.2016929,-0.029743962,-0.95153254,0.17374574,-1.1158707,-0.26028413,-0.1353028,1.043632,0.9034801,2.3198545,-0.70846295,0.9469336,0.049192213,-0.19862437,0.19552095,0.7112316,0.7606736
0.85571474,-0.9139266,-0.9811161,-1.0607663,-1.2865982,-0.56611705,-0.67425764,-1.1352789,-1.1837134,0.3397976,0.4143914,-0.29612622,-0.2981495,0.14377974,-0.40450716,-0.662369,1.2306489,-0.2697476,-0.65346223,1.2493272,0.5714859,-1.3853225,1.0641307,0.20765398,0.8338303,-1.5808272,-0.52620304,-1.1390557,0.6713053,-0.28230408,0.74218816,1.0761049,0.89062774,1.1127344,-0.6448268,0.48190406,0.36482212,0.30228132,-0.036880612,0.70961565,2.2804487,-1.9218688,-0.33599976,0.4035561,-0.7395169,-0.2873064,-0.7616837,-0.37282544,0.6794708,0.94711703,1.3567972,-1.1336106,-0.83942163,-1.7599329,-0.7899048,-0.92580456,-1.4960473,-2.0538332,0.15906437,-1.3892018,-0.34862506,-1.2982652,-0.45977473,-1.1902982,-1.186475,0.4555727,0.9643557,0.99497825,-0.53846735,-1.0403489,0.79718834,-0.7479786,-1.045972,0.2642993,-0.43083274,-0.40321568,0.34096792,-0.29633138,0.9319974,0.39231923,-0.8847791,0.76690257,-0.82757145,-1.0082841,-0.5498116,-0.28549173,1.3488953,-1.095332,0.25029746,0.5432089,0.7299271,0.64441127,0.31801644,0.5544959,-0.034447588,0.4243745,0.2261886,1.3859651,0.28817138,1.1662014
-1.039681,-2.6831183,-1.453138,-2.361087,-2.2771773,-1.8128275,-0.7218799,-2.5012274,-1.6861875,0.28778976,-0.5981598,-0.6221805,-2.4077456,-1.9520538,-1.3631935,-1.1399841,-0.8931408,-1.7733164,-0.33168277,-0.91719884,-0.4947915,-2.066981,-1.6965199,-0.7478838,-0.49557355,-2.1533828,-1.8284756,-1.0572264,-0.8000539,-0.5985813,-0.5755657,-1.4726149,-0.18851474,-0.68183976,-1.4484203,-0.21660163,0.08481374,-1.6416417,0.05376856,-0.5311901,-0.53640383,-1.4924555,-1.6592535,-0.76481277,-1.4751807,-1.3349253,-1.2291287,-2.116583,0.27937463,-0.046677414,0.98752046,-2.295736,-2.000108,-2.365804,-1.2390069,-0.8780709,-1.4126341,-1.7869633,0.2674007,-0.5815442,-0.56626314,-1.2611562,-1.0693439,0.11181092,1.5626673,-1.6266859,0.50928926,-0.539226,-1.1372284,-0.92162263,-0.5287299,-1.46166,-0.74699795,-0.99470884,-0.35039333,-1.696599,-0.43460673,-0.14236665,0.15429258,-0.60205966,-2.0818868,-0.12901764,-1.4271152,-1.2683017,-2.0497162,-0.81701046,0.5268811,-1.237448,0.119884506,-1.1446291,0.23447904,-0.71452683,-0.07908413,-1.4876695,-0.9577564,-0.59027624,-1.0926582,-1.624017,-0.2711974,0.22223184
0.09546581,-0.21035735,-1.1201786,-0.525273,-0.28421995,-0.30091774,1.1530137,-0.70926416,-0.5653612,-1.1286855,0.26468408,-0.80566245,-1.4781524,-0.5588872,-1.1160604,-0.5445118,-1.5448816,-0.63167316,0.18126027,-0.36384353,-0.14739653,0.44040072,-0.8538192,-1.0389794,-1.5198609,0.0003119357,-1.5396224,1.1309506,0.14226778,-1.1371754,-1.7183627,-0.1640728,-0.16225852,-0.2928944,-0.099663556,-0.12845744,0.8289163,0.028003395,0.83821565,-0.7173134,0.52847403,-0.5964071,-0.10919491,-0.20074183,-1.8513833,-0.8624566,-1.2769587,0.031003512,0.4484571,1.0200905,0.5589216,-0.7079621,0.46359125,0.11043632,0.3493933,0.18413977,-0.7622714,0.463114,-0.9276634,0.18355834,-0.23870865,-0.9423657,-1.9173802,1.1469891,-0.25056478,-0.026537554,0.37336436,-0.74717325,-1.0469247,-0.6291284,-1.1656308,-1.303838,-1.2416344,0.17906962,0.49886435,-0.64030796,0.5752123,-0.6165599,-0.37986705,-1.3139058,-0.76236355,-1.1829457,-1.2672535,-1.0678135,-1.9185238,-0.6395922,0.18367809,-1.2627538,-0.17001738,-0.9548691,-0.14777187,-0.5308947,-0.526914,0.19989876,-0.6548355,-0.102569774,-0.8784843,-1.0178748,1.0008181,0.73171455
1.9155468,-0.16196431,-1.4491249,0.37232277,0.4273662,-0.27883366,-0.38975167,-0.37994954,-0.06435752,-1.4973474,0.056448895,-1.5775037,-1.1734039,-0.6400682,-1.8303463,-0.3495796,0.3707146,-0.44767675,-0.63205314,-0.7906012,-0.17530999,0.75756544,-1.6348665,-0.2760733,-0.08930743,-0.8071394,-0.98215485,-1.5826743,-1.3074111,-1.4591737,-0.57255197,0.17966181,-1.0137068,-0.34113926,-0.14227556,-0.17655092,-0.72868305,0.020290261,-0.19548751,-0.7676568,1.2492274,-0.7124815,0.13327734,0.14997567,-1.002003,-0.09993774,-0.34538874,-1.4749255,-0.13678028,-0.63198334,-0.1925977,-0.24554054,-0.6486662,-0.0006406696,-0.31752393,0.29785943,0.29430473,-0.5820129,-1.3499953,0.09255657,-1.8154027,-1.7374983,-1.1033168,-0.6341744,0.3964025,-1.6406344,0.2432469,-1.0464776,-0.85209036,-0.13448094,-0.65626186,-0.67384875,-1.1811842,-0.88493276,-0.6983988,-1.4039283,-1.6019913,-0.92911774,-0.13707565,-0.36353523,-0.99349093,-0.47983044,-0.81795627,-1.1222419,-1.2572713,-0.5288144,-0.8786239,-1.5203104,-0.64793044,0.07837761,-0.77571476,-1.8451484,-1.0970774,-1.6371629,-0.7106587,0.271749,-0.022281285,-0.4083623,-0.6376923,0.26320168
-0.16401027,-1.3902378,-2.963069,-0.39544982,-0.655936,-0.7082349,-0.89678216,-1.0864193,-1.02057,-2.9180026,0.6735216,-0.58462,-1.6870762,-1.5528713,-0.8059309,-0.7147519,-0.6345635,-0.15494366,-0.28997365,-0.25518724,-0.44584134,-0.761808,-0.27437273,-0.88877034,-1.7146124,0.74282473,-1.2814655,-0.040187005,-1.7737247,1.0571939,0.3950796,-0.86066383,0.93185735,-1.2687601,-0.9953723,-0.90949124,-1.1393354,-0.7420795,-0.8131539,0.34385112,0.8744174,-0.6546275,-0.19702537,-0.049521964,-1.2496177,-1.061389,-1.3768233,0.11102566,0.64294386,0.76932263,-0.74074084,-1.2315897,-0.7484333,-0.7290808,-0.7271822,-0.46593595,-0.7479592,-1.2856917,-0.8503505,-0.05245072,-1.9644588,-1.2012879,-1.7212983,0.3846828,1.056987,-0.9473195,-0.35750046,-1.5162529,-0.6386355,-0.39441156,-1.203553,-1.2312064,-0.039285433,-0.2759966,-0.5696822,-0.7091801,-1.9536738,-1.0349017,1.1883087,-0.26576057,-1.1388891,-0.7796864,-1.0900937,-1.1139953,-1.4374515,-0.39944485,-0.97261566,-0.7835281,-0.49367166,-0.67834693,-0.38499793,0.46559048,-0.6389722,-1.045346,-0.7802939,0.0094263265,-0.23407902,-1.0669491,0.3870612,-0.58009005
0.96090126,-1.5658264,-1.496105,-0.36345738,-1.3481115,-1.0276815,-0.20909636,-0.7174014,-0.80770344,-2.6282136,-0.98879266,-2.831913,-1.9107369,-1.1230413,-1.5412306,-0.54460263,-1.9555988,-1.6354195,-2.166199,0.0118956035,-1.1655512,-1.0912851,-0.35540223,-0.45723507,-2.473874,-1.805929,-0.6767238,-1.4523821,-2.0636544,-0.8246708,-1.62704,0.04415307,-0.34288222,-0.8814452,-0.7764506,-1.8884951,-1.0601856,-0.7729647,-0.6554843,-1.378195,-0.5471141,-0.029520351,-1.1165045,-0.03098434,-1.1300834,-0.8403118,-0.19282952,0.5008526,-0.0027795243,-0.8219219,-0.7399854,-1.4647466,-0.6586074,-0.6855654,-0.9057589,-1.1067256,-1.0437733,-0.6767116,-1.8984786,-3.472539,-1.1608706,-1.3040394,-1.3906807,0.28818262,-1.138809,-0.6814412,-0.41142282,-0.18949811,-0.54276544,-1.4265522,-0.5627384,-2.0078576,0.10582313,-0.98624754,-1.8612629,-1.6411775,-1.5758822,-1.1743402,0.12815994,-0.46296012,-1.0693203,-1.5052497,-1.5184168,-2.4900727,-0.76871145,-1.4481107,-1.8059268,-1.7988886,-1.9782019,-0.49329224,-1.5893178,0.06866603,-1.1321102,-0.38185444,-1.2199422,-0.6595434,-0.36019698,-1.6116935,-0.049492206,-0.21624735
0.8839534,-0.7021469,-0.57632536,-0.09741948,-0.21925554,0.08533681,-0.7739982,0.737527,0.7663318,-1.9898345,0.35039726,-0.9378945,-0.55564404,1.1104606,-1.0728863,-0.052048493,-0.10886643,-0.7382577,-0.43904594,-0.12594992,0.4449718,-0.25835732,-0.24321553,-0.9607434,0.1541503,-1.3502288,0.028349673,-0.69573724,-0.78740966,0.43128952,0.020834232,0.8796158,0.6283202,-0.7544178,0.5996768,-0.77418053,-0.01048074,0.87346745,-0.36302203,0.6252874,0.5366417,-0.675135,-0.010365992,0.18383309,0.33488107,-0.353652,-0.47066668,2.5923233,0.14980327,0.64907455,0.16143559,-0.043251198,-0.49429765,-0.48300833,0.08350652,0.38259742,-0.45183253,-0.19760408,-1.1853179,-0.03773586,-1.532414,-1.0120795,-0.06408055,1.7020642,0.14783144,-0.55356467,0.37110603,-0.16236638,-0.6903825,-0.8429392,-0.22689083,-0.63814116,-0.017111205,-0.01943955,-1.5162133,-0.9926229,-1.3110044,-0.7238279,-0.8108786,0.34022525,-1.8301239,-0.7148802,-0.2153346,-0.3765172,-0.29165903,0.16241445,-1.6849679,-0.048877556,-0.694797,-0.50919545,-1.2405996,1.5798357,1.0362821,0.15935302,-0.89271533,0.53602767,-0.26727676,0.30113888,0.9807072,-0.3551153
0.15993176,0.17044073,-0.7799521,0.13559927,1.2967134,1.0493752,0.11069921,-0.10233914,0.7117367,0.42783615,-1.5778396,-0.89778084,-1.2444997,0.4098258,-1.698702,0.5241708,0.18564431,0.4827311,1.2510778,-0.6192599,-0.71203667,-0.21569738,-0.15799877,-0.96455824,0.3199835,-0.77476966,0.49300113,-0.33621123,-1.4902904,0.15674984,0.068535514,0.008117133,0.04273769,0.39785355,0.032544453,-1.5102264,-1.3818388,0.4813598,0.38602954,0.03907137,-0.13874811,-1.169776,-0.67304105,-0.16352196,0.39315253,0.023294972,-0.3494748,0.24454236,0.65868,-0.04616585,-0.8228552,-0.26594472,-0.27045104,0.99943686,0.60104424,0.26345435,0.26992318,-0.008886858,-0.68545943,0.49344096,0.030130142,-0.24218854,-0.61109626,-0.2513376,0.92379254,-1.5627202,-0.24691394,-1.6395185,-0.37679133,0.3643092,0.46279922,0.23695189,-0.045666795,-0.52568847,-1.1597506,-0.31540638,-0.9094952,-1.9665626,-0.50210744,-0.733888,-0.19660218,0.34550655,0.35085568,-0.01564057,-0.010131913,0.26062655,-0.65491456,-0.59783936,-0.15023668,0.032400586,0.15666041,0.23332527,-0.18638644,-0.6468016,-0.14619498,-0.07989391,-0.31378952,0.78378516,-0.5643224,0.2020372
-0.79677653,0.58190686,0.5543824,-0.2911344,0.5453204,0.66817904,-0.22343498,-0.36179855,0.4119366,-1.2850481,-0.3991588,1.2807599,1.418092,-0.54785156,-0.6316649,0.7377562,0.7775386,0.07909984,-0.28982896,1.1645011,0.59662396,1.5498927,-1.0408834,-0.37648085,1.0647289,-0.17114162,-0.106924385,-1.0825304,-0.33162206,-0.8840746,-0.4251845,0.396464,-0.13195886,0.3647425,0.1511399,0.47429663,-0.56164986,-0.34653473,0.44937837,0.085445285,0.61057025,-0.12256239,0.6210232,-0.10981473,-0.09222325,0.115628354,0.45552683,0.95895857,-0.030520948,-0.07110402,-0.27269894,0.14623801,0.35457006,0.16492827,1.2558877,0.676313,-0.6170926,0.7181637,0.89983916,0.16257654,0.35860273,-0.29530472,0.026518038,-1.4295613,-1.250375,0.50338423,0.4526908,-0.7481476,-0.39892724,-0.63492566,-0.92241216,0.11816397,0.15408288,1.0556757,-0.20826076,0.539542,-0.73741615,-1.2884026,0.8582686,0.61686265,-0.37966472,0.38942,0.10443596,0.17498332,-0.18955396,0.6001508,0.14631109,-0.46938133,0.09243561,-0.40702125,1.2941941,0.6475604,-0.2791784,-0.5164171,0.29825413,0.5360722,0.7413177,0.41108724,-0.24338189,0.10273897
1.2555702,-0.2803902,-0.94670415,-0.4913129,-0.1967913,-0.43932757,-0.5598833,-0.71830314,0.09158085,-0.35172585,0.5739598,0.9041771,0.4198385,-1.2795123,-1.2668285,0.9301022,-0.39865035,-0.8786636,-0.85227245,-0.38396496,-0.53023905,-0.6622357,-0.22434454,-0.58163214,0.44226807,-0.41675413,-0.8034438,-0.8250132,0.6085338,-0.8704901,0.7158344,-2.0527763,-1.3090253,1.0945634,-0.86352485,0.44791606,-0.5009678,-1.7881132,-0.5509861,0.5607633,-0.18475528,-0.9778264,-0.5104161,-0.8963853,-1.0142426,-0.8528487,-0.5978367,-1.6663461,0.32270184,-0.13751684,0.06616213,-0.5902174,0.024300009,-0.79154336,0.946578,0.26736286,-1.0763531,0.116941504,-0.0076750964,0.80502623,-0.1996109,-0.29929015,0.14252204,1.0026062,1.0987368,-0.24008116,0.22759277,-0.35986587,-0.27621654,-0.7465885,0.122669674,-1.4274813,-0.44456494,0.43765518,-1.0950451,-1.0181158,-0.8392233,-0.8522026,0.85882944,-0.85513425,-0.78932846,-1.1247758,-1.0491155,-0.36741486,-1.1919261,-0.14466938,-0.8477627,-1.0627888,-0.495954,-0.5089564,0.34197474,-0.5876778,0.13304096,-0.7658207,0.26541677,-0.3763379,0.14569229,-1.0974965,0.07044495,0.13780174
0.021177204,0.21168748,-0.658175,-0.39691964,-0.2065967,-0.6074065,-0.6634748,0.88492036,-0.31009093,-0.08721513,-0.672262,0.97215825,0.2408718,0.37813443,1.033434,0.8260443,1.4582875,0.8873383,0.5464742,0.87963337,0.39933148,1.3612,-0.17169198,0.78784674,1.0425553,0.19014664,-0.49766043,0.008420693,1.4583656,-0.2658127,1.5463988,-0.3246772,-0.97445375,1.0218863,-1.0967814,1.0120609,0.5197316,0.35881552,-1.909371,-0.3110925,0.46800852,0.98272693,-0.063296266,-0.40725797,-1.0553309,-0.70197225,0.08156657,-0.6464364,0.43316227,0.47708935,-0.3252813,-0.67746156,-0.38506106,0.30311424,0.28405005,-0.11457573,0.8839932,-0.28180477,-0.6522764,0.4597684,-0.0739299,0.55486506,-0.9808695,-0.5566141,1.2878257,0.09250009,0.21878968,0.53055704,0.28772354,-0.22255695,0.96019655,0.24191816,0.54385257,1.0551149,0.9327086,-0.6187329,0.37082663,-0.21914764,-0.5531268,-0.3396735,-0.1445365,-0.34115338,-1.7079885,-1.2252789,-0.98043156,-0.21218596,0.15936798,-0.7795691,-0.3074722,-0.23241378,-1.1471784,-0.64059836,-0.2875678,-0.42604196,-0.57124966,-0.31705883,0.028685547,-1.35637,0.2115392,-0.09010035
-0.8099703,2.8963606,1.1240497,1.8262647,2.7626553,-0.5925959,-0.78145605,2.070246,-0.29255027,-0.13046323,1.1815907,0.30064827,-0.27791098,0.41122288,0.6238126,-0.76035607,-0.8273767,0.58399063,0.114199296,-1.0211489,-0.5370963,1.5163224,-0.30472645,0.26796544,-1.3548142,0.8680534,-0.20698576,-0.043339908,-0.3564321,-0.14550641,-0.3073858,-1.5731276,-0.641012,0.13325872,-1.18777,0.47489345,0.3581104,-1.25705,-1.6566259,-1.9636132,-1.1835866,0.34382662,0.086838394,-0.30876312,-0.14800265,-0.3760768,0.119844675,-0.22668502,-1.205367,-0.7789093,-0.24780662,2.0362668,0.21510315,2.0962312,0.57974875,-0.8691079,1.4310396,0.6023462,-0.6966566,-0.5807786,0.37408435,-0.40148315,0.63532794,-0.61232203,-1.0380833,-0.8885185,-1.7815915,-1.8713821,1.2223805,1.7687688,-0.8906175,1.0516043,-0.96721876,-1.7785845,-0.38092798,0.08673637,0.6357102,-0.988495,0.22929326,-1.0894036,0.54563314,-0.17746052,-0.41750896,0.74098176,-0.5963437,0.1141998,1.548127,0.34520134,0.54395515,-0.9669015,-0.5182147,-1.1441343,-2.0333133,-0.65041965,-0.70790654,0.010756404,-0.08986659,-1.3202965,-0.15428042,-0.5591981
-0.3721272,1.5821881,0.08658881,0.7533256,1.2013097,0.0049326103,0.2868189,0.9919226,0.01945689,-0.6113897,1.1439033,-0.41822082,1.4744014,0.20768702,0.13050203,0.30989876,-0.14560026,0.06984156,-0.2890998,-0.617691,-0.12545042,1.4951142,0.20596692,-0.1741308,-0.122000165,-0.41878775,0.80147934,1.3524461,0.069506176,1.3129724,0.25214618,1.4526304,-0.73125994,-0.31386676,0.75587213,-0.6192057,-0.36613888,-0.33819926,-1.3466617,0.058866568,-0.9100597,1.4389544,-0.15684682,-0.44409093,0.31352392,0.7457167,-0.39332482,0.268933,-0.78770965,-1.0424225,1.0038543,1.2617493,1.2606225,0.71862805,0.4581508,-0.94052404,-0.12754287,1.1233956,0.19473301,-0.21267708,-0.34001246,-0.6180653,0.8607075,-1.088993,-0.39963046,0.15177809,-0.8245285,-1.4645414,0.9350556,-0.49009213,-0.97045857,0.3797151,0.18243398,0.21927896,-0.0006990132,0.30441576,1.4452217,0.32490396,0.39192933,0.6310104,0.008916728,-1.1207659,-0.02701967,0.48278537,0.4398953,-0.08507969,-1.4417754,1.61297,-1.4423966,-0.22700521,-0.47086143,-0.57067865,-1.2921035,-0.5272653,-0.21434288,-0.43344992,0.34646252,-0.008006935,-0.6295299,-1.7372391
2.3895607,1.1297617,1.2437949,1.0635363,0.45269668,0.40050337,2.917377,1.6972272,1.4199356,0.46517012,-1.2746232,-0.041296825,1.3529325,1.6842456,0.93582475,1.1915699,1.2022004,0.40468106,0.9710778,1.060967,1.1241295,0.045063112,1.901558,-1.1663108,0.02570677,0.30257154,0.4223147,0.83637804,1.2158352,-0.76399946,0.84702295,0.8563819,-0.15245557,-0.26485932,1.1083951,0.1646924,-0.4446209,-0.96883655,-0.54393196,0.10771323,0.3590026,1.8262246,-0.94074357,0.42953655,-0.079303145,0.31337252,-0.37720528,0.60519487,0.52348304,-0.3712108,1.4399346,1.7447757,0.52964246,0.04981861,0.057309125,1.189893,1.3035927,0.396032,-0.9875366,-0.08458175,-0.3617985,0.21111189,0.4726932,-0.34341884,-0.74771893,-0.7965289,0.33362162,-1.7893857,-0.0771025,-0.25778863,0.11606886,0.51503396,-0.3708739,0.5715909,-0.18759306,0.04618889,0.39449185,0.18652971,-0.16643527,0.107308544,0.075725965,-0.9957085,-0.5841865,0.14302674,0.59136516,-0.30921155,-1.4887125,1.1708779,-0.18366137,-0.05111663,-0.9008519,-0.5645414,-0.9856051,-0.25039008,-0.40620443,-0.7167762,-0.0017077738,0.41107133,0.4262123,-0.10731577
0.45618507,0.22312422,-0.58198375,0.94581276,-1.3318354,-1.3862648,0.956724,0.25937423,-0.45592204,-1.018265,0.8835015,-0.8608954,0.60822153,-0.059313558,-0.5131841,-0.09581119,0.06122119,-0.5751078,-2.3602822,-0.07521615,0.6243266,-0.82762307,-0.6347014,0.42668283,-2.374461,-0.7570022,-0.2490656,-0.57894975,1.3562361,-0.44733378,2.074781,-1.1021191,0.8597946,-0.6664051,-0.95513827,-0.07053736,-1.0865924,0.5515283,1.3432745,0.49972934,-0.22867906,1.5202564,-1.5104647,-0.14688629,-0.3620115,-0.59496343,-1.1682978,-0.9245223,-0.51035285,-0.39450997,0.3612503,0.4887356,-0.6528714,-0.26056838,-1.6188071,-0.8101881,0.18533245,-0.28873876,-1.1280074,-0.27639112,-1.1753628,-1.0261494,-0.6307171,-1.5756516,0.25051937,-1.0354953,-0.7310949,-0.7437005,-0.49068803,-0.16937408,-0.48057106,0.5924731,-0.40382358,-0.97487324,-0.38968328,-0.79296136,0.05638402,-0.5790786,0.4164,-1.7632201,0.69974226,-0.1204674,-0.24430884,0.6906091,-0.7561431,0.37909997,0.23491885,0.7826357,-0.20621566,0.85984033,-0.63341415,-0.290225,-1.8278414,-1.1272079,-0.6358565,-1.2441208,-1.334054,0.57470196,0.06918276,-1.9515575
-0.1472797,-0.45097113,-1.1670007,0.27566725,-1.7915257,-1.3498337,0.21552639,-0.6278317,-1.3639259,-0.2459459,-0.3416956,-1.587345,-0.64195323,-0.6922693,0.5238964,0.9593208,-0.30020475,-0.03648497,-0.9800351,1.3184406,-0.9564468,-2.2969348,-1.5246282,0.42377692,0.09787632,-1.4246528,-0.2375023,-0.85462326,0.41936636,0.3331679,0.80351615,-1.0117905,1.296135,-0.07113092,-0.5065574,0.81998307,1.919102,-1.0852795,0.16450152,0.5416538,-0.3582985,-0.43438846,-0.89163923,-0.10219856,-0.076759495,-0.043127745,0.3011393,0.48425847,-0.894722,-0.02173087,-1.8152746,-1.2854978,-0.9272519,-0.6553078,-1.1892565,-0.8368484,-1.2963601,-1.0417219,-1.6063082,-1.7127535,-0.6632734,-0.93214345,-0.89330673,-1.4742681,-1.3336946,-1.4914111,-1.3255689,0.59564406,-0.38352972,0.13453352,-0.53823346,-1.2367928,0.020520745,0.003720466,-0.603586,0.33914804,0.28815153,-0.6133548,1.090716,-1.5501441,0.8004976,-0.3167745,-0.13349079,-0.614121,0.5265155,-0.006939602,1.0910202,0.2869662,0.895443,0.8795705,-0.34794468,-0.8556704,-0.2423444,-0.49222592,-0.4202248,-0.819651,-0.478557,0.25134045,0.13649827,-0.38527247
0.44783673,-1.4176229,-1.1124877,-1.0229187,-1.4305551,-1.3872377,-1.2407025,-1.25267,-1.3833094,-0.03193216,0.54189086,-1.1856242,-0.7724893,-0.41536003,0.96969336,-0.6258075,-0.8781428,-0.6372607,-0.8835328,-0.12450169,-0.72952545,-0.9223129,-1.027091,-0.3772717,-0.14410037,-1.6130143,-0.6441995,0.8876554,-0.23017178,-0.5089746,0.02715825,-0.43480095,0.88610965,0.8688829,0.4717399,0.024185972,0.23035441,-1.5416694,0.29507488,0.38297135,1.054803,-0.83831203,-0.7504838,-0.025737591,0.50737447,-0.37911668,2.02712,0.5658066,-0.25375226,0.5537403,-0.21304382,-1.6464598,-1.7737898,-1.5094658,-1.307945,-1.3266298,-1.6097182,-1.8173109,-0.7711445,-0.6574325,-0.49684098,0.8041675,0.19620772,-0.7286321,-0.5091952,-0.26240698,-1.235828,-0.41896477,-0.08547083,-0.62717426,-0.48887667,0.26157555,-0.19981197,-1.2654644,-0.112818174,0.74381876,-0.4687187,-0.61667264,1.0507096,-1.2979703,0.737844,0.47471184,0.22412232,-0.0095659895,0.80989265,0.5824248,0.7035957,0.29647514,-0.64549047,-0.07292828,-1.1647384,-1.5998404,-1.5296744,-0.08566155,-0.52190596,0.41423848,-0.8258912,0.5909274,-0.7496828,-0.86903936
0.73297614,-0.96623915,0.35955715,-0.3731191,-0.33109096,1.0016671,-0.8315061,-1.1356674,0.4618333,0.0944178,-1.0253807,0.101100236,-0.37794465,0.60668534,1.364803,-0.8500656,-0.6727523,-0.6687956,-0.024118608,0.005460025,-0.27777642,-1.2246488,-1.1931771,-0.4198838,0.020004122,-0.22278252,-0.18906781,1.496871,0.7207436,1.1138227,-1.0585105,0.44559035,0.23047237,0.5134677,-0.7286726,-0.3498309,-0.7927238,2.030423,1.6653675,-0.27208546,0.59365153,-0.03396167,-0.2957698,0.22836784,-0.9203056,0.82235205,1.8526447,0.33104488,0.8057873,-0.25721496,2.083629,-0.32422194,-0.7348082,-1.3574852,0.8838337,0.65069777,0.058340084,-0.18418497,0.32130277,1.2893895,0.47056678,0.22747797,0.5185114,-1.033816,0.3090357,0.4376631,0.57770663,-0.8935432,-0.2682489,-0.65642786,0.43678784,0.5206783,-0.15250175,0.8985579,-0.10468745,0.09295621,0.29587844,1.8336439,0.801996,-0.6099971,-0.69070375,-0.36433455,-0.27604613,0.121704765,0.07518856,0.2504933,-0.36473495,0.7450836,-0.32903394,0.37558746,0.6166671,0.14813657,0.21187231,0.8573774,-0.17397366,-0.16698658,0.48870447,1.1684686,-0.022697907,-0.37209526
0.2951091,0.71017855,1.6498653,-0.83192253,1.4857969,2.196596,-0.36555907,-0.6114437,1.170563,-0.5829732,-1.2881366,-2.4636848,-0.024142848,0.26745814,-0.5665921,-1.4481946,0.72410303,0.014753405,0.11100366,0.100615524,-0.21750289,-0.02456556,-0.18114853,0.035960607,-0.15833421,-0.7895355,-0.13574322,-1.1255063,-0.26619363,-0.38637322,1.6146436,1.4235858,0.9166495,0.5263138,0.030428955,0.5792473,0.09354333,0.6761281,1.1196969,-0.7151283,-1.4323075,-0.13124855,-0.0383598,0.22894596,0.49710542,-0.07867643,0.25338516,0.13625304,1.4171162,0.116437845,0.6190968,-0.30210793,-0.34036055,0.17201795,2.0051508,1.1395584,-1.0031549,0.22834148,-0.49167785,0.48707378,-0.86925584,0.07583308,-0.33725268,0.482647,-0.962348,-0.8653467,-0.08498903,-2.3070447,-0.13739166,-0.44677246,-1.5146363,-0.46193385,-0.3817569,0.31348082,-0.83571917,-0.8194104,0.39689767,-0.21486174,0.61579734,-0.3125108,-1.1189986,0.32880932,-0.7444615,-0.78304404,-0.54247105,-0.79684734,0.20446195,-0.41572604,-0.027182918,-0.21578635,0.13604528,-1.1585085,0.08358468,1.151071,-0.40300462,-0.08942811,0.08274922,-0.1806225,0.4285423,0.39025855
0.1490904,1.2388833,0.6263346,1.1104703,2.546542,1.3156389,-0.16344014,1.2775658,0.8413199,-0.84025824,0.84582585,-0.4976439,1.4381833,-0.90303826,0.67374223,0.014407898,-1.6037058,1.2172558,-0.4799084,-0.23305286,-1.8232734,0.016709385,0.46772566,-1.564151,-0.51371217,0.0067490786,0.6282748,-0.80317396,-2.0842984,-0.33792168,0.511629,0.89967185,0.1953569,0.05118237,0.039682638,-0.27839163,-0.28656253,1.8946445,-1.0316794,-1.2294922,-0.5403927,0.952556,0.5268721,0.12740393,1.1563569,0.9967306,1.6518061,0.09971812,0.73378086,-0.28339276,-0.3185305,1.3878316,0.5963858,1.6171044,1.2588177,0.72656137,1.4730148,0.6696182,-0.116390236,0.5760955,0.18947436,-0.12636518,-0.63740164,0.5810695,-0.8074954,0.6789218,-0.8096325,0.37286758,1.3071579,1.0031072,-1.4714937,0.17157404,0.24424364,0.16509527,-0.89330536,-0.6201443,-1.8989488,-0.3676614,-1.4511262,0.95340306,-0.25341946,-1.5893476,0.0020848943,0.16895214,0.1268942,0.29543498,-1.1543089,-0.08932475,-1.5682535,-0.3576628,-0.91710675,0.06556632,0.3373891,0.58034444,0.48876154,0.20327091,0.20081204,0.7802418,-0.45834252,-1.2168218
-0.8945959,0.40384203,-0.5943891,0.5649493,1.5437404,0.59821206,-1.4255226,-0.1116881,0.2626006,0.20749442,-0.3734554,-1.478049,-0.6537774,0.37059316,0.118838295,-1.1124834,0.55502486,0.7781682,0.29593945,-1.0779586,-0.87422085,0.30284595,-0.31002808,-0.55216676,-1.1208634,-1.695474,0.46584108,-0.5254735,-1.3706801,-0.34265274,-0.23404193,-1.5123482,-1.2316936,-0.17690848,-0.8386248,-0.476925,-0.030878164,-0.65771013,-0.27582115,-2.3254597,-0.9100767,-0.8450511,-0.15751986,-0.31903872,0.22252841,0.49935138,0.9282619,-0.42710948,-0.4898875,0.06078062,0.41842103,-0.21650292,-0.023501523,1.9350988,0.8636555,-0.33389547,0.38794628,0.1718725,-0.0622471,1.1208546,-0.60930127,1.0558167,0.6349348,0.57963896,-0.80234385,0.960673,-1.6030912,-0.19262525,0.5941787,0.77892435,-1.1312952,-0.2584552,0.9713576,-1.6369821,-0.17771426,-1.0668336,-1.747123,0.26017672,-0.8442229,0.3691085,-1.2229143,-1.7326286,-0.5796273,-0.63721716,-0.40534103,-0.13342324,-0.7937538,-0.5086232,-0.7990517,-1.631435,-0.75750166,-0.93684494,-0.5982301,-0.56711495,-0.46377617,-0.085779086,-1.0603825,-0.8154629,-0.5178496,-0.20013912
-1.2050064,-0.1992852,0.073579855,-0.30158344,0.09735997,1.6124763,-0.93033284,0.033534475,1.3376576,-0.21920796,0.117069945,-0.40365338,0.34364462,1.4179728,-0.195558,-0.028901976,-0.7579631,0.3013927,0.62747836,-1.2445858,-0.13044891,-0.07571834,0.21647535,-0.4435559,-0.66911,-0.081760384,-0.08537989,-0.7265217,-0.4961231,1.3136469,2.1069102,0.19186363,-0.04828579,-0.305245,0.59712857,0.50163406,-0.5617344,-0.42378607,-0.29476634,-1.3583659,-1.9788359,1.2387419,0.4529906,-0.27349955,0.43097094,0.7621323,-0.09358518,-0.5575255,-0.8093259,-1.1065782,-1.0191255,0.23843381,-0.06470186,0.48613155,0.77897924,-0.031172737,-0.09242842,0.7773684,-0.9032335,0.5607424,0.57218766,-0.1084402,-0.3081387,0.11486431,2.0911245,-0.60277194,-1.1296171,0.5731452,-0.24390343,-0.7896623,-0.8539001,-1.0504402,-1.067958,0.019050162,-0.20426081,0.036619302,-0.69792795,0.08763009,-0.4459053,0.76393014,-1.5269495,-1.5387796,-0.91397864,-0.3954577,0.41401935,-1.7089355,-0.3931379,-1.0072205,-0.89220893,-1.0103319,-0.5037287,-0.61230844,-0.71331394,0.89603233,0.48237175,-0.08240437,-0.5205826,0.6262625,-0.49016166,-0.60618466
-0.6805761,0.7222797,-0.056073397,1.0657182,0.3893527,0.21249923,-0.30790076,1.0481962,-0.04783673,2.6303546,-0.44776618,0.9549684,0.17467648,-0.06182743,-0.36484435,-0.07819492,1.3880596,1.9365366,0.35694906,1.5923352,1.2500557,-0.61029536,1.9382689,0.54302305,0.33186173,-0.41848937,0.10604546,0.61331034,1.7225958,0.8554482,0.28811163,0.12443656,-0.32273787,1.4380869,-0.87948436,1.5066248,1.1024115,-1.4301606,-0.7978217,-0.6078254,0.38464376,0.91740537,-1.6202015,-1.2839217,-1.3368273,-0.5243108,0.58858013,-1.4161241,1.2791708,0.42347673,-0.3981255,-0.1926614,0.31489965,0.8157817,0.93077517,0.38529482,1.1297023,0.4722225,1.1821584,0.6026362,-1.1981108,0.47307134,1.0993733,-0.493794,0.13368571,0.49948525,-0.91145474,0.55152243,0.6399144,0.26009274,-0.75371957,-0.38439614,-0.25778827,-0.44384512,1.3573549,-0.7238316,1.1006768,1.4115343,-0.07739548,0.5154973,0.50261647,-0.45739993,-1.8425736,-0.8783991,-0.44058204,-1.2157023,-0.39085087,0.028548812,0.7466626,-0.99708146,-0.81632346,-1.5256909,-2.0791245,-0.2777803,-1.14013,-1.986914,-1.3108652,-1.532867,-0.4901169,-0.41744438
-1.1076705,-0.27748898,-1.656226,-0.31733808,-1.2070276,-1.0461763,-0.42582533,-0.60604745,-1.6078908,0.17100196,0.8182609,0.14969455,-0.55545133,-0.98001784,0.048547916,-2.356271,-1.2258455,-2.0105453,-2.0669858,0.6046455,-1.7118604,-1.429894,-1.93211,0.60344905,0.7326854,0.36539063,0.6096543,0.9232754,0.82966715,0.6454996,-0.05331843,-0.6666522,0.40510264,0.6324172,-0.5495363,0.05790837,-0.19875035,0.8719745,-0.6371595,-0.931597,0.22569624,0.705163,-1.4590169,0.7845118,0.04224208,-0.42662504,-0.6919499,0.07275,0.5228755,0.5614843,-0.20760997,0.24238776,-0.5266772,-0.3222179,-1.5763496,-1.4848094,0.004880342,-0.7796913,1.4055033,2.3155568,0.5395731,0.10090919,1.2663798,-0.40421325,-2.1136158,-0.82779336,-1.7221963,1.5053194,-0.48952365,-0.41493165,-0.5154611,-1.4108918,-1.4173598,-0.27218863,1.0486479,0.47979623,0.4184693,-0.5020902,-0.5387903,-0.5283965,0.3184695,0.039246637,-0.79394513,-0.40362677,-0.15821,-1.067174,0.26624343,0.45647708,0.44909203,-0.8046076,-1.3535494,-0.5868469,-0.8514645,-0.1621243,-1.5452163,0.11274136,-0.11754851,0.0153253665,0.34043863,-0.2482997
-0.3589818,-0.5866502,-1.0646034,-0.75039405,-1.415697,-1.6195297,0.2853297,-0.61293685,-1.782684,0.70641065,-0.30486318,0.07669368,-1.2334512,-0.25989577,-0.08024088,-0.68843585,-0.8451864,-1.6209084,-1.3260549,-0.8666976,0.25638896,-0.9173499,-0.3476065,-0.29140773,-0.6490384,-0.016755056,0.7125249,-0.16520593,0.32735646,-1.2204634,0.34749427,-2.15654,-0.52697605,-1.0380698,-0.4095669,-0.9203238,-1.2130159,-1.2357706,-1.039485,-0.86637473,0.02926417,0.27748415,-0.30336887,1.1655139,-0.0072477004,0.31053853,0.80723864,-0.27649,-0.9000698,-1.433619,-0.4414402,-0.88701457,0.24384995,-1.0491585,-1.6886753,-1.7205265,-1.1960423,-0.9098296,0.34987321,0.9117039,1.0742005,-1.2325811,-0.07053588,1.0103285,0.65127194,-0.18310268,-0.04392592,-0.9579701,-0.5389907,-1.2825706,-0.15817043,-0.61060345,-1.1665143,-0.04292534,1.0256252,0.17431979,0.019015247,0.21404882,0.27301523,0.7898556,-0.55058646,-0.39591175,-0.50028205,-0.75839174,0.23946513,-0.9664093,-0.91731447,-0.081632115,-0.8214812,-0.5677861,-0.73468477,0.08348568,0.71998566,-0.57809556,0.16976804,0.10558201,0.13934073,-2.0390878,-0.34965974,-0.33943143
-1.9639517,-0.51772934,-0.17927244,-0.049692485,-0.37780672,-0.078539945,0.11596035,-1.424071,0.1655093,0.14591,-1.0622255,0.15926422,-1.1870762,-1.0599669,-0.39941695,-0.5141842,0.29708132,-0.96053755,-2.7177184,-1.1749626,-1.1405385,-0.11920754,0.6251996,-0.19138421,0.7558073,-0.035598073,0.1756675,-0.07905595,-0.7747008,-0.1999011,0.28089643,1.2798733,-0.2153534,-1.6466899,0.3231284,-0.63478327,-0.15848632,0.26477805,1.9435308,1.92171,-0.5665178,-1.6486013,1.2996289,0.79185426,0.059927244,-0.30652145,0.9608978,-1.1949797,0.060971953,0.44770694,0.97030854,-0.2406159,-0.48966774,-0.5503878,-0.045770638,0.11891158,-1.1881616,-0.15036435,0.26140636,1.4070004,0.43485096,-0.48318705,-0.40000096,1.3889204,0.7248592,0.48838526,1.7782251,0.6599015,-1.5338107,-1.0825503,-1.5325093,-0.5566827,-0.13439044,1.910971,-0.06250104,-0.2812997,-1.0954965,0.60899866,-0.054149903,-0.024599778,-1.2094903,0.12219783,-0.55324256,-0.4818913,-0.66457313,1.3861609,0.5336342,-0.67426276,-0.06488996,-0.20308998,0.09189087,0.8563839,1.8706238,0.7464315,2.025293,0.4242011,0.5996823,0.10720618,-0.60721034,0.49931392
-0.75521636,-0.56891304,-0.16532,-0.58795583,-0.559393,-0.82061535,0.8062891,-0.9596787,-0.30598396,0.2799399,1.6333288,-0.013829132,-0.39617595,0.18639067,0.8863709,0.64177144,0.7171837,-1.3390455,-0.64304745,-0.943874,-0.41537654,-0.4367853,-0.54214853,0.15435307,-1.5057728,-0.71020913,0.010313338,-0.12738365,-1.9781461,-1.1554849,-0.8970479,-1.4182932,-0.22726037,-0.6679503,0.6447166,-0.44111627,-0.33226654,-0.57301587,0.5950047,1.1539127,-0.2104642,-1.4214761,0.46760568,-0.057181403,-0.86980796,0.14235009,0.5631257,-0.4590656,-0.011306828,0.80362487,-0.59588885,0.29784024,-0.50340074,-0.036856364,-0.54263145,0.04584865,-0.99269307,-0.26545998,-0.26107827,1.0487555,-1.0523062,-0.050240077,-1.635152,0.5126751,-0.9927826,-0.009618366,0.9422461,0.3457936,-1.1215588,-0.88242626,-0.7679888,-0.015630288,-1.1743923,0.9827118,-0.96366346,-1.0197762,0.104739234,-0.64260066,-0.8482805,0.5858841,-0.9238484,0.2618739,0.016628647,-0.14312163,-0.93403894,0.9381676,-0.504357,-0.4483439,0.058694586,0.19907017,-0.48388654,0.6963424,1.0226231,-1.1451331,0.33813182,1.0009633,-0.40736115,-0.751925,0.03356389,1.2130945
0.6184191,-0.7650247,-0.7349955,0.68668705,-0.97553337,-0.86628956,1.4827935,-0.80709904,-0.033344753,0.6507013,0.32522893,0.82133675,0.40339047,-0.10688071,-0.3948939,0.3411668,-1.1145428,-0.23694918,-0.12092998,-0.07498154,-0.5904776,-1.2744224,-0.84947973,0.13516133,0.32250276,0.78660655,-0.56999457,-1.2119994,0.7238258,-0.056177143,0.28013018,-0.21725571,-1.0299115,0.5385447,0.19122481,-0.94343567,-0.69543463,-0.5415516,0.27342853,1.3061318,0.79395807,0.6970791,0.4886934,0.028487902,-0.16757128,-0.051942848,-0.13592243,-1.4024377,-0.6223124,0.32744667,-0.738392,-0.91021717,-0.710502,0.00019376208,-0.7613342,-1.1787511,-0.843793,-0.59528154,0.033396184,-0.19254993,0.30931717,-0.18458275,-1.2302173,1.9686927,-0.66044354,0.114416614,0.1945095,-0.771073,-1.9515544,-1.7682898,-0.4505349,-1.5496753,-1.5444092,-0.1118967,-0.8221272,-1.144065,0.14900185,0.16318075,-0.6091231,-0.0043561524,-1.2543614,-1.3897489,-0.9047607,-0.84132457,-0.4077701,-1.1595819,-1.2833476,-1.5211918,-1.6191238,-0.8163843,-1.0870522,1.8740743,0.3241052,0.8751395,1.0347232,0.21884511,0.27949426,-0.0409198,-1.2190669,-0.5236225
0.66922784,0.395564,-0.33495143,0.19557972,-0.74343187,0.02195327,1.6519536,-1.0876542,0.51951647,-0.3906931,-1.0572519,-0.20035271,-0.22342055,0.4014568,1.346803,0.79515016,0.83035505,-0.7764076,2.3792264,-0.61596453,0.46242848,-0.60718775,-0.16411929,0.035469208,-0.8908297,-1.2753,-0.75104916,0.3018116,-0.15365842,1.3774543,0.93232876,-0.45539778,0.8912657,0.1858733,0.3432939,-0.43106323,0.15491776,1.3277501,-1.1118947,-0.27665582,-0.27464762,0.4057791,0.12909876,-1.0370622,-0.6000775,-0.10386991,0.1746979,-0.29477498,-1.1185832,-0.5467267,-0.6188462,-0.8761521,0.33279333,-0.50700635,-0.13606976,-1.2482324,-0.06772454,-0.02447124,0.25179717,0.1566633,0.6030035,-0.27751964,-1.4293752,-0.5520424,0.057508778,1.1124938,0.63475245,0.20826676,0.03514967,-1.0553929,0.098168254,-1.1378261,-0.29255483,0.24969643,-0.23398343,0.47571412,0.015638009,1.2875768,1.018315,-0.9365517,0.07839142,-0.19949178,-1.0263286,-0.30418038,-0.5853154,0.041949157,0.5287874,-0.9612773,-0.80260193,0.0684823,-1.1575768,0.48775262,2.490291,-0.5361876,-0.047999334,-0.7567104,-0.6440685,-0.22935782,-1.1319977,-1.09327
-0.87580407,1.3614948,-0.40205157,1.7105662,0.8416848,-1.3706125,-0.6623438,1.4294751,-1.6030629,-0.24609731,-0.7315095,-1.4445164,0.48222205,-0.73010564,-0.3048221,-0.51928157,0.005315673,0.88012755,1.2863742,-0.9423473,1.2355613,0.7921255,1.074474,0.32967588,-0.69661385,-1.1942272,0.16149609,-1.1594102,0.025594799,0.5921504,0.43794626,0.45128378,-0.16232276,-0.56765556,-0.14451885,-0.59863496,-0.46673012,0.40112767,0.27001002,-0.20657296,-0.6692205,-1.4074268,-0.15967792,-1.6390537,-0.60379773,-0.4104082,-0.61538,0.35686338,-1.4410794,-1.5234814,-1.4234064,0.4007198,0.13588065,0.8036699,-1.1087637,-1.2319751,1.1478134,-0.20787306,-0.6686533,0.101146504,-0.046578426,0.28662768,0.66608125,-0.643557,0.47133413,0.50585747,-0.69063824,0.14534481,1.7584221,0.6245638,1.3683071,0.20714495,1.1658509,-0.9080848,-0.5661973,-0.89004046,-0.5855703,0.13271645,0.1852191,-0.78574115,-0.67043835,-1.0256876,-0.8332044,-0.65862155,-0.6019544,-0.31761962,-0.47194025,-0.63387626,-1.1963807,-0.3374097,0.32946378,-0.59150773,-0.09905027,-1.8722585,-0.97201127,-1.402678,-1.104975,0.28130436,-0.920828,-1.1099209
-1.4804212,1.6246773,0.26958507,0.88062143,0.9376131,0.08364775,-0.56096244,1.4890745,-1.0887204,0.3831885,0.21046127,-0.065985985,0.0755322,-1.3995187,-0.6946218,-0.1866308,-0.85001826,2.6363235,1.4069157,0.68731904,1.3542409,2.036113,0.9907697,0.22554474,1.0663334,0.8349054,1.047128,0.27915397,-0.5776556,-0.8245895,-0.926659,0.35900417,-1.7233472,1.0477883,0.07570945,-0.38529235,-0.9338383,1.2933439,0.47479784,-0.511667,0.3153625,-0.6885304,0.91662246,-0.1882041,0.51398796,0.5066823,0.54833186,0.45520252,-0.24970135,-0.031600207,1.145072,1.1457231,2.421809,1.0089505,1.0546345,-0.4294757,2.4196968,0.44765025,0.278384,-0.0974319,-0.29755613,1.093212,0.8613812,-0.71344906,-0.034492053,-0.6334406,0.11943675,0.57377553,2.3890336,1.5612384,1.6098945,1.383096,2.9323719,0.4937093,0.8574895,1.3720472,1.4674056,-0.26708865,-0.5160709,-0.18877,0.8356084,0.5614527,0.8733471,1.1179243,0.5142705,1.0824177,0.3745143,0.2908654,0.52612764,0.8876066,1.6182112,-0.64728904,1.2359608,0.105672106,0.6155005,-0.14541319,1.0464267,0.8625019,-0.07450984,0.31960443
-1.4205006,-0.20318042,-0.04915254,0.07557568,-0.53542155,-0.6240464,-1.1541764,-0.52883315,-0.28540593,0.25089753,-1.4984744,-0.15221132,-0.20474268,-1.4690242,-0.8186408,-0.6298141,-1.2051708,0.6167336,1.4280834,0.7316914,0.81315625,0.60835725,-0.015802566,0.044363633,-0.083242714,0.24116789,0.041236885,0.43825772,-0.5990023,-1.119985,-0.45047617,0.444056,-0.22106695,1.2908086,0.35178137,-0.8527698,0.34853664,0.9996339,1.0094908,0.199065,-0.9010702,-0.15994973,0.17448951,-0.28857332,-0.47981155,0.05411704,-1.9534049,0.5532212,-1.6271013,-0.24895076,-0.7195536,-0.6578378,0.30260038,0.07638238,-0.2815157,-0.23037219,0.08114513,-0.50767994,-0.12953539,0.13687542,0.22274843,0.34687066,1.0787607,-1.5166837,-0.91143894,-0.85014766,-0.203516,0.14363979,1.4942513,1.1006718,-0.3368075,1.4005998,1.9605843,1.5516189,0.7875291,1.1546146,-0.027898904,-0.42487568,-0.7048074,-0.32289723,1.2922688,0.55237293,0.062212482,1.1196529,0.53139406,1.6421059,0.5527702,1.1152412,0.09978538,1.7377374,1.2491797,1.7209355,2.05216,1.3875574,0.6474874,0.10798739,-0.008372237,0.47918883,-0.3424012,0.21764834
-2.1186028,0.20389365,-0.48684525,0.54883534,0.7218673,-1.0767547,-0.7244837,0.84434175,-1.454725,1.1922743,0.78827333,0.37696987,-1.4662312,-2.2798061,-1.557701,-0.38932303,-0.9140701,0.5568344,0.791509,-1.3262533,0.49786705,0.059005722,0.801247,0.15200065,-0.8320749,-0.7690927,0.24132219,0.65156436,-0.5625066,-0.7655194,-0.016671063,-0.12324745,1.0131944,0.059339177,-0.13557558,-0.73842025,-0.22980972,-0.8577068,1.0896955,-1.0865825,-2.538941,-0.49871525,-0.5628685,-1.1250739,-0.2947431,-0.26003036,-0.0941219,-0.9327012,-1.5293595,-2.4915671,-1.3977387,-0.1887879,0.008126667,1.5214462,0.3795885,-1.2844685,0.8990012,-0.3243112,0.30316478,-0.81754154,1.3856735,0.2284795,0.9428294,-1.6607331,-0.032640975,-0.56801957,-1.4060074,-1.080905,1.4533283,1.7421917,0.44044334,0.8000758,1.3330059,-0.44364473,1.1648917,-0.37048605,0.28950128,0.35996956,-0.842152,0.12751086,2.0344286,0.57227105,0.04024535,1.2889549,0.20395191,1.0691328,0.095255546,-0.21427497,0.48024434,0.11900695,1.0028576,-0.5770844,-1.224968,0.25989625,-1.0352544,-0.8847288,-0.117382504,-0.120100655,-0.89989555,-0.3222611
-1.112106,-0.35098413,-1.6216725,0.148241,-0.4333005,-1.8857946,-1.1810237,0.24153236,-1.1269947,0.88333195,0.11242156,-0.6830047,-1.6797117,-1.6040246,-0.676369,-0.12859905,-2.0519893,1.2201539,1.2847145,0.06342966,0.5878424,-0.47725832,1.0309876,0.20135383,0.24847731,0.5808112,0.042823393,0.19073363,-0.8443604,-1.0178895,-0.48816007,-0.7208974,0.010095461,-0.47594073,-0.4348398,-2.0391672,-1.6255739,-1.1754054,0.6132653,-0.30133337,-0.9183059,0.1521429,-0.26349217,-0.68603617,-0.34711114,0.27471393,-0.95926183,0.07125893,-1.9191288,-0.74993306,-0.3367839,-0.09275733,0.3520332,0.25230783,-0.44794106,-0.9613736,0.21125932,0.032535516,-0.6112828,-0.5394275,-0.29087976,-0.12757337,1.1840229,-0.12827477,-0.3548424,0.18852696,-1.3159657,1.8087773,2.0614817,1.5936705,1.102105,1.639712,1.7402405,0.4000897,0.6139947,0.15500842,1.0392253,0.64450663,-0.9895657,-0.43339217,2.348958,0.29970834,0.27080318,1.2164574,0.5162829,0.27506787,0.34793743,0.5865078,-0.3075969,-0.20557243,-0.7042378,-0.34623668,-0.14302766,0.26665488,0.51503664,-0.7504698,-0.4074531,-0.90347284,-1.7698449,-0.68832827
-0.009576089,-0.7791371,0.7843601,-1.0783458,0.07586882,1.1411619,-0.9119741,-0.5365584,0.24765825,-1.1486654,-0.47412142,-0.29327688,-0.059639487,-1.0165664,-0.3977371,-0.67109054,-1.2562473,-0.3875845,0.2298459,-0.0972006,1.3268063,0.27709892,0.6286408,0.97471094,-0.3647043,-0.21525483,0.59109235,0.7849264,0.02449454,0.638316,-0.43734738,0.18567821,0.779469,-1.2177218,-0.30138347,-1.3834318,-0.23019905,0.4499392,0.25143084,-0.8152417,0.28054118,1.1649739,0.44573557,0.062095784,0.05568555,-0.09148322,-0.61491734,-0.24859995,-0.334892,-1.2647727,0.79640114,-0.59207696,0.020867359,-0.5895792,0.71509147,0.6250279,0.029088425,0.23337659,0.20052053,-0.37056372,-0.37249297,0.57895714,1.040885,-0.38002422,1.177574,0.5421343,-0.4525617,-0.7263144,0.7907967,0.13754158,0.50291866,1.1823267,2.7063425,-0.40758628,0.59617496,1.6398534,0.3333338,1.0155352,-0.23083974,0.46681947,0.31230608,-0.60918516,0.7709009,1.1849095,0.92359334,0.43844262,-0.46739036,1.1139286,-0.35296267,-0.16957593,1.1670886,-0.69462943,0.17745031,0.4781419,-0.06496336,-0.2103204,-0.004724089,0.36011577,0.53279155,-1.2022201
1.5309366,0.83889526,2.167551,0.64580804,1.1339701,2.347221,-0.23563005,1.0307198,1.187222,0.41429916,-0.21828538,1.9149915,1.9941953,1.9053371,-0.3749728,0.19517027,1.5426838,0.16086833,1.0967915,0.29681602,1.5928835,0.3689357,0.35834417,2.1553478,0.07926451,2.4268396,0.22474556,-0.77398694,0.81258,-0.2677778,-1.3071157,-0.036837492,0.26287603,0.52246904,0.43839306,0.9258472,0.8652294,0.65522724,-0.6003032,0.35042107,1.3933861,1.2896221,0.14827532,0.40509978,0.44540814,0.5656621,0.86585385,0.04192979,0.55852354,0.0016185377,-0.22814852,1.4254093,0.46534425,0.8785027,1.4465345,1.448625,0.5099833,1.2693349,0.9456105,0.3360696,0.35184047,1.5403652,1.6945074,0.52898407,-0.051542126,1.2255332,0.89230376,1.2810649,0.48356214,0.6044261,0.12663954,0.9242822,1.15389,0.5391005,1.0068543,1.5252035,1.0583589,1.8684537,-1.0060874,0.37747106,1.4521265,1.1009339,0.8578798,0.96138674,1.1106877,1.4223115,0.748611,0.0123906275,0.9456839,1.1589168,1.0888633,0.3124714,1.3582858,1.6779948,1.4507115,0.441859,1.1255327,1.2901698,1.2188044,0.8164227
1.5091478,0.508814,3.4992518,0.26697475,0.70198077,3.4530275,1.4598175,0.5633093,1.7663187,-0.35125074,0.06672884,0.28260952,1.2192963,2.6165044,1.5031357,0.7574642,0.12707727,0.3788099,-0.69598466,0.42970517,0.42378896,-1.4391785,-0.22269386,0.84646493,-1.448883,0.9166529,0.020628167,1.4038839,2.467182,1.2902329,-0.6974693,0.39741752,2.1107037,-0.011512234,0.2570461,1.7299974,0.64019156,0.57244045,0.6224553,1.0994071,1.2977291,0.42760733,-0.46322253,-0.31901804,-0.58846915,-0.95089173,0.45377922,0.13677347,2.5461159,0.8090919,0.40292445,2.1350508,1.3349059,-0.07286915,2.0002122,3.3538916,0.9120319,1.9616139,-1.8516674,-0.7748145,-0.04019879,0.15901922,0.6649107,1.2760711,0.28884578,1.1820114,1.1700649,-1.3104484,-1.0505762,-0.15119022,0.29850432,0.67887175,0.7454022,0.23637974,0.09764773,0.061736044,1.6582086,1.0777205,-0.6397478,0.6174595,0.8382552,0.5729425,0.12962973,0.3524078,-0.4912522,0.12919298,0.9387442,-0.1749374,1.4027697,0.94515806,-0.22824177,0.5435244,-0.246219,0.801628,1.1204615,-0.33884302,0.6118446,-0.12768207,1.7122151,0.3808995
1.2004344,-0.58209527,2.3607175,-0.66234535,0.88758296,3.9275386,1.4134772,-0.23163995,4.1048217,0.62387145,-0.59247094,0.56696,1.1511955,1.8815397,2.106219,0.62624156,0.12969263,-0.726862,-1.614008,0.0628473,-0.35491186,-0.112822905,0.79609054,0.0607596,-0.27402425,1.2107998,0.906013,1.525653,1.1075567,0.4916811,-0.46708453,0.12265292,0.9512298,0.34475002,0.9887381,0.8349084,0.8029215,0.63233805,-0.8892621,0.19712667,1.0244744,2.127836,0.66067517,0.55687165,0.85130864,0.43329832,1.6684067,-0.19515675,2.4732316,1.5218395,0.69128513,0.49178034,0.17968856,-0.3053344,2.986454,3.7083628,-0.7793325,3.8733068,1.1141378,0.9295344,-0.16232955,1.2249674,0.24769156,1.677962,0.4063719,2.7529385,1.7860239,0.5100274,-2.0108538,-1.4281886,0.7090858,-1.041769,0.031396512,0.26936918,0.2999096,0.33306706,0.8595051,0.5773608,-1.6982208,0.72745633,-0.72479486,0.23711261,1.1409738,0.26587695,1.2545736,0.5958636,-0.018431537,0.6400483,0.8226209,0.59369206,0.55280155,-0.100789815,-0.34165573,1.8705236,0.8960452,0.2165257,0.8489348,0.074258894,1.3470389,1.0143389
0.6480137,1.2567788,3.5602088,0.9007392,1.7340878,3.4314706,1.575078,1.0526606,3.441453,1.1048062,-0.41308096,1.5243365,0.12453231,2.5006316,1.5695004,0.81359464,-1.1605428,-0.21251221,-0.8920168,1.1695788,0.5108598,1.296725,-0.04821122,-0.45618686,0.65545183,1.0464975,0.16181423,-1.0216318,1.358359,-0.6017104,0.46317977,-1.0154171,0.7173735,0.27060327,0.49861145,0.7895206,1.169121,0.60771155,-1.6942357,-0.510611,0.7226073,0.27566496,0.432103,1.0645837,1.0498629,0.5022016,0.5915333,1.248598,2.055267,1.2933191,-1.2325666,1.6034054,-0.46666217,0.54240406,3.210804,3.6300168,1.3557671,3.2215424,0.4958526,0.9574852,0.55965626,-1.0900953,-1.5310502,1.8651234,0.6893527,3.249436,0.9083008,0.59036636,-1.5549377,-0.7208702,0.7846016,-0.96479696,-0.54899603,-1.0612551,-0.7177861,0.29311597,0.7788509,-0.027336504,-0.060381405,0.54989624,-1.3856893,-0.42834544,0.22137432,-1.0119722,0.40250298,-0.44869745,-0.5355512,0.22838654,0.15480079,-0.9005739,-0.3532024,0.42309818,-1.0419996,1.4858264,1.1378103,1.0901779,0.7144043,0.29640803,1.2328293,0.5624839
-0.244127,1.3957783,3.0505917,0.46434265,1.4508475,2.0332904,1.4756271,1.3220055,1.6510078,-0.9698112,-0.017059563,1.1809382,-0.8440988,0.8411338,0.62445605,0.2359175,0.034500957,-0.24919869,0.5306335,1.0012143,1.1470469,0.6318536,-0.31457087,-0.51312244,0.4449454,1.3737096,0.2109142,-0.19244666,-0.16767454,-0.31023347,-1.2224668,-0.66573286,0.8709009,0.34665096,0.41035876,1.4209776,0.36430234,0.7440392,-1.3923634,0.10338386,1.9681205,1.9942157,0.4452048,0.7677671,0.30017248,0.6319169,-0.357808,0.20921801,1.5675501,1.7990007,0.16740708,1.0875216,-0.2497521,0.7808742,1.6693865,2.5549982,0.98018533,2.189318,1.209589,0.0023322678,0.17819878,-1.1947187,-1.9531797,-0.99934834,0.61828846,0.51854634,0.7493002,1.7305226,-0.19245075,-0.57414746,0.5009484,-1.3599421,-0.18731348,0.1785772,0.4627294,-0.633537,1.285718,0.6623741,-0.43435755,-0.6214827,-0.7438355,-0.16762638,-0.17318761,-0.23704089,0.670343,-0.17022178,1.3971148,0.24872531,1.0951908,0.85486436,-0.29147503,0.25479147,-1.2995573,1.001989,-0.13392258,0.39563513,0.44744128,0.030038092,1.8771468,0.80927163
1.0451932,-1.2358164,-0.5816126,0.37899455,-0.48726642,-0.746442,1.152334,0.33819717,0.17460859,0.5281274,0.49845323,-0.59381086,-0.8336792,0.025743604,-0.9209492,1.7341999,0.6988463,0.21034577,1.6613433,0.7615356,-0.681522,-0.9062674,0.09762569,0.23589201,-1.0870957,0.32730448,0.103143446,0.51625836,1.8815485,-1.0773711,0.34227893,-1.1943662,0.74930626,0.34642732,0.6370849,1.2350873,2.696795,-0.68187666,-0.8736554,0.15335283,1.4274807,1.1638064,0.8937359,0.4655807,0.15156469,0.11696623,-0.86767817,0.6451887,0.74228054,1.4897774,0.7033222,-0.1817313,-0.12545991,0.12754513,-0.18143016,0.020519303,-0.18478425,0.6861404,-0.122490816,1.2766484,-0.81476855,-0.33748767,-1.4273741,1.3993889,-0.9412023,0.3437355,0.85164976,1.0806566,-0.3427983,-0.803266,-1.4589809,-0.6480901,0.77275205,-0.17386973,-0.6956802,-0.7023532,1.8039238,0.041179415,-1.023929,0.5027602,-1.1011397,-0.4807341,-0.58570015,-0.6952998,-0.3020381,-0.42778325,-0.05603786,0.4723339,0.42840225,0.19115755,-0.31669587,0.09373054,-0.56323165,0.2778342,0.2700109,1.0360967,0.020955388,-0.5456731,-0.18969834,0.32802203
0.48199376,-1.9244549,-1.2552956,-0.7966996,-1.1880952,-0.019340944,0.42686623,-1.3808581,0.022099733,-0.30323642,0.59960556,-0.074535474,-1.2300667,-0.2509834,0.017202428,1.6093904,-0.09854864,0.34497023,0.25600857,2.5921216,-0.8533974,-0.7847543,1.69614,-0.37961233,-0.96300924,0.76905394,0.69766814,-0.6051196,1.3010752,1.2995515,-0.6235491,0.64453864,0.34194994,0.24389853,-0.26594573,1.0730314,1.9721732,-1.008696,0.28403586,0.57705516,0.63570416,0.76237476,0.2857271,-0.11515781,0.21964693,0.29529497,0.32688183,1.1270756,0.9478243,0.79396796,-0.9408415,-1.2805002,-0.5937902,-0.62754685,-1.142801,0.09915381,-0.95256025,-0.00655512,-0.17764384,-0.94351864,-1.006075,-0.9692899,-0.5949252,0.19570635,-0.07564441,-0.47690782,0.049223933,1.1471322,-0.786553,-0.64440405,0.84363925,-1.2618734,0.9238183,0.2947399,-0.8244798,-0.13582705,0.37914616,-0.75953174,-1.4466851,0.79781866,-1.1444385,-0.63894224,-0.52579653,-0.8174833,-0.21393745,1.0534779,0.5908966,0.14689264,0.9704611,0.7152288,-1.0719962,1.512994,0.100582644,0.5400192,-0.09036439,-0.037431598,-0.24956675,-0.04816999,0.46452233,0.38435954
-2.6157494,-0.88554275,-1.7885677,-0.6219017,0.05649792,0.50700474,-2.0428617,-0.5257684,0.080480546,0.60740507,0.6243835,-0.33429912,0.29451507,-0.45522144,0.43971193,-1.4903439,-0.013286416,0.586424,0.23863626,2.3995285,0.5377982,0.71979994,0.056852095,-1.3254596,-0.05244397,0.17186032,0.102767594,-0.1678447,0.31617162,-0.084635556,-1.0882871,-1.4171357,-0.6556239,0.29164657,1.1983323,0.23020993,1.0861806,0.5334398,0.2774602,-1.6118457,-0.07965785,0.34184077,0.973315,0.30075347,1.346767,0.6002895,-1.1524748,0.751712,0.69497055,0.4763199,-0.97881126,-0.24570313,-0.37449,-0.22173406,0.15368345,0.32755992,0.80813164,0.009542461,0.09763466,1.7932824,-0.48749012,-0.055462316,1.8301249,0.5097002,-0.8906992,0.08041602,-1.1603619,0.61841434,0.24600463,1.0602509,1.4228867,0.08803123,0.23207457,-0.68338525,-0.24072139,0.5124535,0.6217485,-0.7764163,-2.376685,0.59112936,-0.7470527,-0.8843999,-0.54845834,-0.5473203,-0.31407216,-0.615366,0.6161639,0.10144743,0.95000035,0.066302024,-0.55898935,1.6720829,-0.5075589,0.25923836,0.2366015,0.93393815,0.2446822,-0.38808724,0.64064693,0.4351601
-0.7589858,1.5241908,-2.078344,1.5860902,0.9491676,-1.3180318,-0.12571594,1.5747223,-1.9560541,1.1624107,1.6324182,-0.7717019,0.7766836,0.6539329,1.0249345,-0.35214984,-0.24147666,3.4532163,1.3635882,0.40372297,0.7319444,1.1597142,1.2525747,-0.8800558,-0.6059267,-0.25116083,0.063214965,0.33417347,-1.0321927,-0.57960016,0.17704895,-0.56674886,2.8944921,1.4630942,0.3301949,0.06037349,-1.5992504,0.107618935,-1.371554,-1.1640472,0.888332,-0.81023884,-0.012631757,-0.58682615,0.016946092,-0.0828934,0.013763327,0.79451853,-0.9343617,0.60290617,-0.20435853,1.1284062,0.98170114,2.1870117,-0.7943865,-2.8284955,2.021239,-1.2489814,-0.5912131,-0.30458125,-0.39055926,0.1918033,-0.18743446,-0.438269,-0.2593804,-0.10639176,-0.80151355,-0.5518975,2.3786526,2.5482845,1.03584,0.7093495,0.71350163,-1.965175,-0.7839699,-1.4237423,0.6825683,-0.5658033,0.67075217,-0.4843948,0.52254933,-0.017427005,-0.60469896,-0.18759921,0.50974244,-0.51617813,-0.065042175,-0.0064351102,-0.15003397,0.07372966,0.66146547,0.31090724,-1.7965492,-1.62719,-1.7182657,-0.58553153,-0.646035,0.027341027,-0.6947228,-0.7021546
-2.1166441,0.4484358,-0.6385245,1.4408126,-0.38357198,-2.4252865,-0.8348274,0.76240474,-1.8479798,0.59318054,-1.4615997,-0.2606417,0.054197103,-0.2644691,-0.103086546,0.22088183,-0.66271585,2.162702,1.6796495,0.010951076,0.9451708,-0.073872015,1.2342205,-0.34630227,-0.64065844,0.3433489,0.109473854,0.78538275,-1.1520395,0.39343137,0.36231428,0.8248429,1.1604426,-0.40896565,0.027101925,-1.1586064,-0.52352434,0.54523927,-1.023299,-0.898833,-1.5633444,-0.38531405,-0.33655992,0.16875598,0.027763015,0.41811997,1.3095598,0.7777904,-0.84170353,-1.4509953,-0.6759288,0.16740818,1.0485594,0.930753,-1.4854901,-2.45996,1.7448353,-1.6299412,0.18428929,0.21262328,0.30000955,1.1648005,1.0368968,-0.9507657,-1.3820494,-0.5661537,-1.905107,-0.8889716,2.9023168,1.688146,1.1338845,1.3722728,1.8190863,-1.9873616,0.6568661,0.10903478,0.86652905,0.41807717,0.07788492,0.29301807,1.6500863,0.12953344,0.8235316,0.2976721,0.8257838,0.61879313,-0.2699065,0.6165465,-0.4674483,-0.9006742,0.12175949,-0.4487225,-0.63421345,-0.7013107,-0.82778966,-0.2573209,-0.42439398,0.32034364,-1.0710758,-1.2268786
-0.34769997,0.40199932,-0.17608006,0.09263869,-0.12533125,-1.453825,-0.76701504,0.9228954,-0.79322505,-0.15441097,-1.5165379,-0.42869192,-1.0921828,-1.6316105,0.34217417,0.17662036,-0.29761395,0.47098133,0.30929634,-1.5710173,-0.8865881,0.86999214,-0.64546925,-0.041866746,-0.9407021,-0.27240476,0.07179315,1.2691596,-1.0102834,1.9822574,1.6110371,0.98145574,-0.7929385,0.054368895,-0.37313476,-1.4067574,-0.6397035,-0.03848997,0.80670255,-1.283546,-1.4857187,-0.81804127,0.5180977,0.85240555,0.632908,1.1269832,0.2912923,0.6229605,-1.0303631,-1.7529726,1.0593671,0.65038,1.1617272,0.9550102,-1.3195544,-1.8976328,0.7700226,0.36325243,-0.16909893,-1.7137156,0.42579842,-0.99780035,1.6738083,-0.26657042,1.3776133,0.4622894,-1.1626977,0.31677508,1.6619358,0.8482489,0.35641447,0.9296063,0.72887206,-1.2331743,-0.16328758,0.10625898,-0.4136747,0.87016547,-0.34853536,-0.28138438,1.4541072,0.24774711,1.4225459,1.1679647,0.871346,0.67910653,-0.50467384,0.31311294,-0.047514558,-1.1914617,-0.54395247,-0.72908354,-1.1778759,-0.62972915,-1.1461672,-0.030351518,0.13254184,0.81920785,-2.0501568,-1.1360992
0.040471666,0.36215797,0.038627267,0.12768164,0.1250661,-1.2372777,-0.14587183,0.22821115,-1.0546676,0.26972875,0.20527314,0.37415826,-0.84657526,-0.3625399,-0.21838483,-1.0185856,-2.3164103,0.18261051,-0.8801134,-1.3337294,-0.8741528,0.91149116,-0.4794531,-0.7203223,-0.61823237,1.3810185,0.316347,-0.035704434,-2.1228557,-0.22645542,-0.45255423,0.81600744,-0.376383,0.24853648,0.5774338,-0.80717874,-0.2653404,0.8154161,-0.23283839,0.68971884,-1.421189,-0.14470232,0.6777714,0.85611534,1.1485008,1.2488458,0.57902145,-0.50319827,-1.1362308,-1.4213263,0.46283123,0.53575665,0.38107625,0.4672381,-1.3363377,-1.0879701,1.189364,-0.5826687,0.16056405,0.12541518,-0.19632275,-1.2013438,2.0909111,-0.42310533,-0.33504835,-1.5893114,-0.8051601,-0.33200964,0.2736021,1.2959502,-0.0762946,1.2470974,-0.32138848,-0.48453048,-0.83830744,0.2864951,-1.2144969,-0.59625363,0.76921064,0.38309783,1.6779389,1.5843852,1.8151513,2.0155165,0.7533639,0.18203995,0.5431789,1.133215,0.98539376,-1.0232297,0.6055192,0.1499644,-1.0747067,-1.1809813,-1.5593313,0.5741264,1.266311,0.34959894,-0.25646764,-0.73458666
-0.15093501,-0.08714775,0.6551398,0.21658601,0.59672725,0.09021032,-0.21071589,0.7412681,1.0990262,0.038791124,0.92357767,1.5447133,-0.071057536,0.93417585,-0.15851527,0.16579166,-0.26820543,-0.91536593,-0.32352906,-2.4729605,0.51810807,-0.69769925,-0.9436797,-1.3580567,0.91056484,-0.37194365,-0.27348894,0.94523704,-2.0097656,-0.1825921,1.2224956,-2.7061267,0.8083247,-0.79045194,-0.2391832,-0.76582295,-1.2773664,-0.29242626,-0.06279397,-0.50467473,-0.36886585,0.91384363,0.1316623,0.085787915,-0.040558986,-0.00397349,-0.511652,0.06481087,-1.71971,-1.632559,-0.1554656,0.16765013,0.007119104,-0.11180992,0.25509715,-0.9261627,-0.29832977,0.9297017,-0.31551522,0.76579064,-0.16136342,-0.8965844,0.17653954,0.995656,0.6739406,1.7031442,-0.3604306,-1.0388615,0.7564888,1.3336357,-1.2829701,2.3286996,0.042304177,-1.0987048,-0.018876817,0.35768223,0.66949594,0.31259316,0.02935642,-1.8803717,1.2325605,1.9393282,1.2348566,1.7191545,-0.6066089,0.6785357,0.750057,0.5729202,1.4891106,-0.7595367,1.8427563,-1.9118215,-0.27472863,-0.6297049,-0.8095904,-0.42326862,0.21041623,0.6571862,-0.83512616,0.023859268
-2.3390055,1.9139559,1.7959307,0.50559866,0.97326094,-0.30874613,0.78723073,1.7072337,-0.116865724,1.121512,0.0198927,1.7559397,0.7582804,0.26920706,1.1635396,0.61020535,-0.49924347,-0.6610604,-1.1879954,-1.7570347,1.191336,2.0828862,-0.44116503,0.23060915,0.55748415,0.65607464,-1.239191,0.102713786,0.18283142,-0.3009586,0.030487133,-0.8888952,0.7582925,1.5103585,-0.30223423,0.97304493,0.7721415,-0.027128551,0.26238847,-0.47236416,-1.3913037,-1.135867,0.06731021,0.052884914,-0.12061651,-0.31726384,-0.6999268,-2.0092175,-0.96170604,-0.89679307,0.42656577,0.84211373,0.4528756,0.25263888,-0.48994154,-0.2698354,0.58809817,-0.9690318,0.84188586,-0.09291993,0.8194776,0.24372227,0.5488189,-3.3354409,-0.26074156,-0.4436647,-0.42426467,-1.0073135,0.97960615,1.5889064,-0.3680518,1.9701082,-1.4984148,-2.0461926,0.69112515,0.626615,1.514725,-0.8779669,-0.71747154,-0.5390758,1.8361226,1.9919835,0.6960308,1.4642665,-0.48339525,0.3360578,0.7793082,1.2809973,1.1988174,-0.5235857,0.08277551,-0.39028153,-0.27291176,0.1999107,-0.38015103,-0.13735743,-0.11646876,-0.071582526,0.011228412,-0.16337799
0.30244115,1.3920981,-0.6554839,1.1114066,1.1513416,-0.5461493,-0.36642644,1.1536306,-1.6241667,0.30202043,0.9950293,1.6050972,0.040179603,0.39880863,-0.5726697,-0.80357856,-0.75255173,1.7643673,1.8503242,-1.4445641,-0.44232136,1.1512759,0.95282143,0.60104084,-0.32122645,0.8629753,0.2505702,-0.859857,-1.5828917,0.7280729,-0.76715463,0.12403613,1.0595462,0.7748875,-0.56180584,-0.41185892,-0.10251243,-0.10766254,0.41823614,0.43727547,0.34212238,-0.55727255,0.53611857,-0.59320414,-0.30146104,0.073638484,-1.014354,-0.7610152,-0.08439776,0.4194435,-0.45039734,0.8570724,0.15315777,1.1661435,0.5846671,-0.49782345,0.8889469,-1.15357,-0.08459806,-1.2966218,0.048176114,0.08322489,0.35493594,-0.955677,-0.8223025,-2.3022616,-0.7449288,0.011344462,1.7849549,1.5023074,-0.6301955,1.7418635,0.99168336,-0.53333277,0.20709442,0.5094717,-1.2409095,0.4191863,0.62591183,-0.324688,0.71768403,1.3960562,0.5944413,0.40592197,0.24577652,0.6645293,-0.51802146,-0.17585838,-0.2740498,0.26693594,0.6608522,-0.8714069,-0.36440882,-0.46506143,-0.42434964,0.03619965,-0.05621792,0.61940616,-0.20286931,-0.014730739
-0.4641538,-0.8823812,-1.6041048,-0.0258143,-0.46924108,-0.81929344,-0.74886364,-0.35435134,-0.5369723,-0.5967326,-0.79529756,-0.25045204,-1.2133484,-0.81079274,-1.2664684,0.31159675,-1.2664596,0.782021,0.9828446,0.75515145,-0.30793637,-1.3120241,1.1016268,-1.8683841,-0.4791418,-0.334785,0.00057737855,-0.69748795,-1.1363622,-1.1646049,0.7983767,0.65848553,-0.29369465,-0.20160243,-0.35891137,-0.52614963,-0.18858545,0.015984623,-1.2778382,-1.3107032,0.2900773,0.17090559,-0.65782976,0.59375393,-0.047368426,0.43180868,-0.64762,0.32737455,-0.6658437,0.42550558,-1.1545284,-1.3837849,-0.8530786,-0.53904617,-1.1061746,-1.339882,-0.99586743,-0.20851731,-1.7325687,-0.8023664,-0.99644744,-1.659651,-1.9137307,-0.77600336,-0.8330014,-0.8370708,-0.7293767,1.0291959,-0.028773328,0.5607333,-0.87776184,-0.6172464,0.44902793,-2.8175795,-0.76547116,-0.43025285,-1.7084303,0.13961965,1.1697189,0.8822288,-0.78081405,0.20507926,0.08644999,-0.34049597,0.087226465,-0.31625527,-0.26409632,0.44708937,0.812853,-0.6808315,-0.26730108,-1.0108309,-0.80269897,1.5386962,-0.7620451,0.5221358,-0.17575707,0.6379388,-1.0682629,1.2257493
-0.42084762,-1.3411428,-0.3063399,-1.4491059,-1.4429859,-1.2643301,-0.41034815,-0.76934767,0.096194535,-0.48704407,2.1762803,-0.7354121,-0.17374967,-0.2974469,-1.7935562,-0.97510606,0.024231406,-0.79912573,-1.0626236,-0.61814266,-1.4891613,-0.4259695,-1.5272526,-1.3272512,0.9597324,-0.19199392,0.17108382,0.05388122,-1.6402656,-1.0556606,-0.40741423,0.1243972,0.4817527,0.24081792,0.96594673,0.3594118,0.7658148,-1.2791948,0.053433023,-0.7306741,0.39681405,-1.4978012,0.7730455,0.7615948,0.30665883,-0.03329586,0.3652184,0.66965926,-0.10981045,0.73520285,0.34860277,-1.3586477,-1.5558174,-1.4054734,-1.1616627,-0.46872827,-1.9234563,-0.7908149,-1.096059,-1.1360925,-0.21991266,-1.0856478,-1.048969,0.65134126,-0.05590898,-2.3389251,0.041252732,0.24661376,-2.1996684,-0.81393206,-2.2988932,-0.39281023,-1.4537983,-0.7022007,-1.912967,-0.3257524,-1.6779486,-0.9985884,0.7421833,1.2276443,-1.554672,0.87837434,0.84555423,0.896829,-0.07920644,0.43541864,0.78725034,0.7601394,0.07393366,-1.5851663,1.0918697,-0.048640285,-0.56575733,0.3708177,0.6109677,0.93562794,0.65290713,0.32522997,0.29549524,1.0803988
-0.45426288,-0.26328978,0.21071869,0.38904712,-0.27673224,0.5736189,0.23438013,-0.2345608,0.33572143,0.042789724,-1.1358851,-0.13150573,0.5034541,0.31382284,-0.2181338,1.3414524,0.36160326,-1.4243956,-0.17872816,-1.0050564,-0.721252,-0.16159587,0.3699976,-0.39581406,1.2631618,0.75730187,0.109787114,0.9754354,0.46481445,0.3997746,0.0916998,-0.0009989903,-0.8311538,-2.418295,0.9463245,-1.1565975,-0.85775805,0.030554757,-0.4415156,-0.42662382,-0.485688,1.0954316,1.6868323,1.4233315,0.9534331,0.76937854,-0.50110584,0.21217565,0.98149824,-0.27989855,-0.15939747,0.30179194,0.1956698,-0.36257032,0.5896097,0.6604836,-0.3294783,0.44679394,-0.3069124,-0.35875663,0.43702227,-0.42670715,-0.32513085,1.9686996,1.0635751,-0.63801503,1.250092,0.41610214,-1.3448842,-0.64028734,0.69595474,0.50002134,0.17002104,0.057825685,-0.89775383,0.51256144,-1.2032648,0.12910222,-1.5233053,0.24951245,-1.029261,-0.23155527,0.8647458,0.3614814,1.1042435,0.3195621,-1.239295,1.2838076,-1.5710701,-0.06887561,0.24583514,0.66434056,0.5220843,1.5516794,1.3625505,1.7184778,1.2050025,0.11494774,0.41515127,0.41310537
1.8377786,0.76629007,-0.37514776,0.5524064,1.158763,-0.04142793,-0.6397419,0.47066474,-0.8767704,-1.4035031,-0.038234025,-1.5422872,-1.0010124,-2.005641,-1.0909827,-0.07910982,-0.8109107,0.31959686,-0.66714525,-0.092071556,-0.39145398,-0.062426977,0.5805556,-0.45094708,-0.21088848,-0.3757869,-0.11131017,-0.25926706,-1.3240943,-0.5034697,-0.5118247,-0.3615219,-0.96483463,-1.7049434,-0.0729568,-1.1627898,-1.2792935,0.28019857,0.605566,-0.05415738,-0.21746096,-0.33301407,-0.18494968,0.34762025,-0.39673373,0.024723824,-0.3192847,1.056248,0.5958829,-0.26063278,-0.2974634,0.8040868,1.2137084,1.432191,0.49773902,1.0669771,1.3171897,-0.89414203,2.1315765,-2.0568008,-0.3110315,0.2910149,-0.21575803,0.66742444,-1.5383759,-0.24045819,0.28804448,-1.1246002,0.19767366,0.4583654,-0.6887443,0.03218917,0.84410167,1.9519267,-0.25132936,-0.2784393,-2.9074798,0.653811,0.60432994,0.31015924,-0.87301636,-1.0997903,-0.6040684,-0.26474494,-0.14262386,-1.4884752,-1.1002828,-0.8465322,-1.4847635,-0.8428943,-0.25468737,0.93368435,0.7761804,0.25291777,0.66022,0.7109533,-0.22487703,-0.21188037,1.2695771,0.05540291
-0.6955102,-1.139219,-2.4853468,-0.62667984,-0.7327952,-1.1422626,-0.16283633,0.0102030905,-0.59129494,0.928073,-0.9622715,-0.017341774,-0.057799537,-1.671327,-0.5901103,0.77402836,-0.15126833,2.2178178,1.7660719,0.65846145,0.14864723,-0.50120133,1.5893428,-0.10702732,-1.6905484,-0.26360562,-0.21176103,0.61906546,-0.19879448,-0.20086804,0.99585885,-1.0915903,-0.8413139,0.1323112,-0.121476315,-0.69063646,-0.54363585,-0.20407695,-1.0007957,0.4608691,-0.32807976,-1.6745105,0.5403192,1.0128528,0.5379871,0.35425505,0.47398198,0.39347845,-1.1551908,-0.6310476,1.4761147,-0.28129414,1.0315824,0.021277603,-0.4938915,-0.9460242,0.060147967,-1.1338727,0.8342818,0.8650401,1.1133512,-0.017352814,-0.75394666,-1.1292557,-0.82013184,-0.45410806,-0.30219805,0.57384574,1.4622074,1.0514271,0.7736972,0.2097315,0.81260604,-0.79861504,0.3155366,0.36143076,-0.61626,-0.021376053,0.8185189,-0.16471994,-0.6105392,-0.6508808,0.06510989,0.41519672,0.013025816,0.2875568,0.06639835,-0.26353392,-0.28387654,0.361883,-0.080215104,0.23698269,0.17539363,-0.049974687,0.39878714,0.8937411,0.21563552,0.9392995,-0.18570028,-0.51491153
-1.0704056,-0.37716642,-1.9817787,-0.3509254,-1.4596856,-1.5688057,0.08788631,-0.7919688,-1.0911696,0.2915835,-0.33511484,1.0677618,0.5627844,-0.65649164,-0.82422554,0.8529126,1.1025927,-1.033515,-0.34021783,0.8824482,-1.089861,-0.35018882,-0.1658131,0.82904845,0.8605088,0.81914747,0.60992754,-1.5852437,0.4820534,0.7181069,-1.6196345,0.35346553,-0.022405665,0.08972749,1.0845127,-0.29573402,-1.0569044,0.45703647,2.07109,2.1989412,0.10503183,-0.25206932,0.33368188,-0.4012337,-0.21545494,-0.37877887,0.4789578,0.1839763,-0.049445517,0.32088828,-0.51893026,-0.41611674,0.1711502,-0.6525508,-1.5173546,-1.3003119,-1.4960186,-0.873989,0.7282553,-0.37561405,0.24187233,0.86824703,-0.39543292,0.7857442,-1.1297255,-0.15774354,0.080810174,0.24153227,-0.6639519,-1.023737,-0.59392226,-0.5128301,0.17595997,1.8299536,0.37649626,0.27000216,-0.42779145,-0.35698995,-1.332094,-0.29629517,-0.020892294,-0.7128275,0.25693247,-0.25320917,0.54144055,0.009328566,-0.89354336,-0.22789174,-0.66922086,1.2471948,0.41612396,1.0431346,1.2371626,-0.5093121,0.48797265,-0.3106888,0.48614153,-0.30228338,-0.5361424,-0.31651512
0.13008866,1.2060347,-0.83131546,0.76411676,0.37257504,-0.35872373,1.5065596,0.043211713,0.368344,-0.015993686,-0.78813386,-0.8339254,-1.006237,0.47196722,0.7246396,-0.025850581,0.17276765,-1.0018305,-1.3297235,0.49940914,-0.90263414,-0.7097259,-2.181171,1.3932434,0.54996806,1.1774173,0.49109766,-0.40902436,0.6210347,-0.81755847,-0.42735472,0.32876053,-0.99443877,0.9508118,1.6030535,0.74496007,0.35267138,1.7893764,0.8643758,2.2037332,0.62288254,-0.38128266,0.55959314,0.097574085,0.35188073,0.6926181,-1.1605701,0.54304045,-0.13060407,1.0702205,-0.5628775,0.56971675,-0.15587285,0.2000594,-0.19405456,0.056990243,-0.6928007,-0.054647624,0.6000822,0.074515015,0.97489023,-0.37163034,-0.013997559,0.9205488,-2.1505406,0.7441418,0.42752305,-1.6355891,-1.6707253,-1.4766707,-0.46324003,-0.8353654,-1.7883049,3.4238083,0.062699124,0.3456416,0.15811707,0.15285921,0.24791193,0.13739422,-1.2554281,-0.23679186,0.45711166,-0.4060105,0.0055046077,0.79002494,-0.16417716,0.19173028,0.17878321,1.3122246,-1.1914743,1.5237899,1.4504193,-0.29007608,1.6513014,0.9541597,0.77529234,0.5225737,-0.4811749,0.39474538
2.1677122,1.165574,0.42121014,0.6470898,0.09946755,-0.86627686,2.1691203,0.1600431,-0.13089396,-0.9093223,-1.3504136,-1.3283488,0.7024906,1.1626405,0.12703414,1.994173,0.56492996,-0.9463212,-1.9904653,0.199745,-0.38063985,-1.0399756,-1.8260471,1.0952511,0.46957228,-1.0400714,0.0017456119,-0.7801006,-0.70318484,0.8278324,-0.62757117,0.41604638,0.04705418,-1.0549012,-0.3848194,0.8263248,-0.30475074,-0.76528585,1.4836289,1.7563615,0.7397844,-1.005564,-0.073309794,-0.62062895,0.4280708,-0.23877986,0.41571647,-0.021542111,-1.4436759,-0.3776945,-0.1620229,0.23615758,1.269266,0.1986363,-0.7784133,-0.7741055,0.19030626,-0.20209308,-0.0404268,-0.54282576,-0.4652595,-0.34619737,0.62408507,-0.84298044,-0.76509774,0.30215964,1.323379,-0.45850572,-0.44966534,0.19241416,0.7556882,0.32035172,-0.45004573,2.1371474,0.3185521,-0.3598053,-0.371624,0.18829778,0.83838075,1.3336778,1.3380693,0.07063018,-0.02428151,-0.482579,0.11315057,1.1779556,0.54215443,-0.26218525,0.53620005,0.8117168,0.11016681,0.48986104,1.3461107,-0.12080943,-0.6613256,0.010708146,-0.2298418,0.2205691,-1.671264,-0.7985999
3.159587,1.075693,0.42330635,1.1709375,-0.5783883,-0.09909717,2.1151226,0.37730977,0.7142675,-1.3026971,0.33026263,0.3528691,-1.0902654,0.05462537,-1.6065288,1.5847609,-0.09429877,-0.52144843,-0.9557774,0.2530516,-0.7139454,-1.0524888,-0.7289429,-0.21268836,0.916419,-0.21258841,1.2994181,-0.94855845,0.1618278,-0.389312,-0.5051441,0.82356054,-0.037302915,-1.0753446,1.0527267,-0.6657928,-1.0849262,1.5325161,0.08887774,1.9696299,1.0811075,0.94701624,0.97355634,0.15826294,0.8849376,0.69132304,0.7181251,0.58060217,0.49299952,-0.03778934,0.07803221,0.5224883,1.2718399,0.22836517,-0.5563428,0.5613932,0.9041927,0.3852188,-0.36220413,1.1749935,0.42430004,-0.903188,-1.3835386,-0.8330004,0.39286217,-0.43595192,1.3196223,-1.3471149,-1.3164454,-0.66229653,0.63835216,-1.3461295,-0.55467534,1.0867954,-0.11378344,0.8216345,-0.02410748,0.27598867,1.5501066,0.20296197,-0.19387786,-0.96025264,0.63824207,0.48964763,1.048825,-0.43989292,-0.47394526,-0.44966835,-0.5669945,1.8302622,0.43661886,0.8300059,0.6470837,0.82832867,0.93138033,0.4554506,1.0865229,1.2612909,0.18443835,-0.55766404
-0.40614608,0.33225402,-0.17091422,2.343947,-1.1333652,-0.9446917,3.9012864,1.056742,0.4414864,0.7793961,-0.27484858,0.31789985,0.26762256,-0.29826123,-2.4143116,2.818401,0.028110014,-0.16323783,2.35408,1.3618261,0.93195283,-0.43988505,1.8304673,-0.28893563,0.6879149,0.2009716,1.1726608,-0.2654443,1.2047528,-0.30942646,1.1343317,1.1101061,-0.7254802,-0.98216,1.2531943,-0.79254377,-0.99649984,0.2558829,-1.7840153,3.716184,0.48285517,-0.15753992,1.1554998,0.94620866,1.5607549,1.3207465,1.6110587,0.021684382,-0.21626823,0.049064606,-0.29787874,0.07231597,1.4332937,0.38728788,-1.0238628,1.5391968,0.49851152,0.046916388,-0.8758723,-0.7465224,0.5263015,0.08010266,-2.3495147,-0.062275548,0.35518533,-0.3819679,2.0277536,-0.36265105,-1.8079392,-0.39913732,0.98343164,-1.8579986,0.16978115,0.9844925,-0.7060282,-0.014900481,0.7726147,-1.59733,2.062123,0.40345094,-1.1510185,0.1287019,1.6996415,1.1726344,1.6993212,0.19155702,-0.5031742,1.2088898,0.46509343,1.1404306,0.7445296,1.2070796,-0.05299593,1.1814765,1.3054084,1.6559032,1.3259684,1.1186756,1.4354954,0.8148668
0.8959895,0.22343902,-0.89281607,0.91070974,-1.3805095,-1.4976976,2.1182551,-0.4030652,-0.46912143,-0.44863597,0.7669107,0.49469292,1.2014031,0.41599318,1.5334612,1.4267714,0.64661795,0.8412074,0.34683007,2.4554174,1.9692166,0.2843859,1.6879178,1.2598034,0.04232984,-0.5010807,-0.3625761,-0.596878,1.9100659,0.054782078,1.1993123,0.27711028,-2.1990986,0.05295893,-0.17973879,0.32464874,-0.12794441,-0.2491184,-0.16933042,2.6719964,0.2993084,-1.2262315,-0.6276159,0.07951262,0.3462919,-0.13713907,-1.3060244,-0.22403894,0.14645757,0.8009919,-0.6053403,-0.88299656,0.66544414,-0.37634674,-1.2691634,0.11085295,-0.16396916,-0.22988434,-0.78490835,-1.0162791,0.09720506,1.2921703,0.26242417,-0.32505018,1.5688386,0.729444,2.1016672,-1.0313317,-0.92771405,-0.0102358,2.9495547,-0.2332475,-0.076979615,1.7897288,0.48695633,1.0427996,0.1127589,-0.47202042,1.0533961,-0.54255766,-0.07996265,0.17584085,0.10967667,-0.13880047,0.53651863,0.34152946,1.2644979,-0.0048637623,0.86809325,1.1178,0.051453665,2.8653688,0.26052213,-0.07562464,1.4026285,0.13618772,0.06155423,-0.0010462579,0.30818012,1.3468003
1.0368584,-0.7392324,0.27228937,-1.7446563,-0.5943573,-0.1095128,-0.7996966,-1.5383923,-0.38181943,0.4061308,-0.36682183,-0.71587,0.072315395,1.8969771,1.7369124,-1.6882915,0.25417906,-1.5922782,-1.181444,1.1310778,-1.2758169,0.7583985,-0.8014602,0.8265882,1.8022234,-0.5441188,0.0828453,-1.0382088,0.061198562,0.17195542,1.4295413,1.2613244,0.7405891,-0.10040901,0.86119306,1.2329365,1.2861705,-0.5785233,0.6474788,0.9161079,0.9725947,0.23301525,-0.19746715,-0.691316,0.23227657,-0.3894053,0.64716,1.7580329,0.31260246,1.2405496,1.182556,0.1089598,-0.029072098,-0.8173537,-0.83257264,0.5425779,0.14012204,-0.36986393,0.34245023,0.7094569,0.24378043,-0.4818396,1.0025196,1.0125915,0.9871475,0.32964423,0.54909927,0.048227146,-1.5803252,-0.8690952,0.35198694,-0.12468387,-0.69232666,2.0482414,-0.118111506,-0.18198045,-0.10227839,-0.54808784,1.5863501,3.0653083,0.09534316,1.2435322,-0.15096709,-1.4652307,-0.034840353,0.4976365,0.38879856,-1.9241962,0.66629356,1.0405178,1.0015566,-0.23800439,0.93097115,0.17986983,-0.34845513,-0.5333957,0.064399935,0.9588824,0.2533704,0.41452217
-0.6031847,-0.896641,0.7522431,-1.4889916,0.53820986,1.4192284,-1.0261081,-0.41660285,0.7092215,1.9227623,2.1743886,1.6744784,0.7494155,2.5647635,0.37915725,-2.4925086,1.1050926,0.0340108,-1.0849693,0.52856725,1.2429208,-0.34455848,-0.83492166,1.806211,0.24934354,0.6496867,-1.5494394,0.9545917,0.9028372,0.06614467,-3.510657,-1.1182976,0.42302114,0.4695747,-2.2666557,2.1549466,1.5468996,-2.7335248,1.8933672,0.6948939,2.119387,-1.1254841,-2.4346147,-2.10972,-2.9619238,-1.849447,-0.78594065,-0.49485597,0.39872578,0.7441027,1.3396839,0.7347047,-1.0835509,-0.4422343,1.0683649,0.64861333,-1.2830932,0.21260032,0.3987802,1.7613528,0.24554019,1.6185013,1.366363,-0.95228165,0.2572978,-0.3436358,-1.1129985,-1.5793706,-0.7004923,0.24996568,0.16751066,-0.4481424,-1.7608526,1.55248,1.7869437,-0.11742908,1.2078582,1.265474,-0.9187374,1.0707433,1.279818,0.33932728,-2.5841885,-2.0067844,-1.6896124,-1.2563043,0.95526135,-0.8811052,1.2410693,-0.94780236,-0.46533614,-1.647177,-0.7450054,-2.0117135,-1.1433111,-2.2275949,-2.4328833,-2.4697309,0.53663427,0.78134286
-1.6110625,-3.7211797,-0.9287709,-3.2299383,-2.3834455,-2.0406408,-3.3152711,-2.3725855,-1.62161,1.7464334,2.6997945,4.1960087,0.78650564,-2.1328306,0.9851684,-2.5479362,1.1102861,-0.8615387,-1.4445786,-0.86902475,1.3412423,0.1087703,0.25518048,1.6737714,3.091263,2.2565498,1.1076069,2.2769365,0.71691006,2.3614254,0.6966572,1.6528717,-2.0258002,0.21184564,0.248843,1.183907,2.152393,-0.6467805,-0.28556985,-1.7236984,-1.3478918,2.2653816,-1.326887,0.24426056,-0.28467578,-0.5795523,-0.4295623,-2.0380511,-1.6006316,-0.22379115,-0.9356121,-2.646099,-3.0031078,-2.4867096,-1.5453212,-2.0139866,-2.5722756,-1.9614552,1.9591118,1.1522706,4.5806794,2.646198,1.237426,-1.9675761,-0.1196432,-0.018960968,-1.7094276,1.3571745,-0.5106997,-1.3261569,-0.0038134907,-0.2707436,-0.73563457,0.7949298,3.492173,2.685044,0.84273595,2.0824072,0.5644157,0.81318146,0.5233542,-0.87789226,-0.6563916,0.77360904,0.090351105,-0.89699405,2.5727632,1.6751803,-0.004978735,-2.2351298,-2.1888905,-0.44999263,0.33104888,-0.2905956,-0.6083419,-0.02084405,-0.73687345,-2.153341,-0.72120124,-0.27709842
1.1372805,-2.0880797,-0.080016844,-2.7483714,-2.2739244,-0.96661824,-2.0417807,-2.6487508,-1.0667057,-0.20170914,-2.0364463,1.6297404,0.29812586,-0.81558216,0.33147845,-0.9014448,1.6273559,-2.9502776,-0.9184244,-1.4251188,-1.5750135,0.634703,-0.07844111,0.50314885,2.4162176,1.8867704,-0.15376605,1.3278016,0.117613316,-0.057971813,-0.23008205,0.96040237,0.4705859,-1.1848398,-0.19972429,0.20714702,0.39245635,-0.88390267,1.0065829,-0.5990923,-2.0166683,0.97331405,-0.39582255,0.70687866,0.522412,0.7940182,0.7349966,0.66406125,-0.99250764,-0.8854449,0.0107948175,-2.2832258,-2.9326165,-2.4967713,-2.193521,-1.3003287,-1.8995245,-2.2049775,2.0052989,-1.1416323,0.7795582,-0.28995094,1.1344446,-0.57395947,0.1963434,-1.7252922,-2.0925941,0.65565,-0.9348861,-2.4859571,-0.3373679,-0.45642847,-1.3774034,-1.006986,1.285153,0.88303864,-0.25403574,0.48030218,1.5208664,1.2961885,-0.4800324,-0.11213552,0.5309101,-0.704176,0.56909823,-1.7855277,-1.340721,0.7212384,-1.5336428,-1.9417217,-0.9157122,-1.6222401,0.9766612,-0.2115566,-0.06396133,0.095865235,-1.1963835,0.8678401,-0.18259628,-0.83250767
-0.8199146,-2.3132637,0.35902366,-2.157553,-1.8631861,-0.8294005,-1.6871057,-1.7848433,-0.99323374,1.254965,0.49547058,-0.46091798,-0.81341225,0.26817173,0.9448609,-1.2902585,0.7985573,-1.5789571,0.15570551,-1.2903097,0.74533546,-0.44733155,-1.636837,0.7016471,-0.04151363,0.92281,-0.9745737,-0.2806699,-0.01279992,0.7290022,-0.268198,0.35119912,1.1040835,-1.7598265,-0.35248005,-1.9565631,-0.9993387,-0.46036592,-0.5428251,-0.09756849,-0.9556154,1.0696619,-0.32249373,1.3563802,-0.22362615,-0.16829224,-0.34501746,-0.1399798,-1.0232508,-1.4078302,0.81755996,-1.7133363,-2.714023,-2.4023573,-1.283565,-1.9349586,-2.1018271,-2.0559998,-0.28689185,-0.5736927,0.71973544,-1.2966355,0.235381,0.27784368,-0.48632613,-1.0436778,-2.2081556,0.63665986,-1.1393013,-2.5900984,-0.9472496,-0.65500957,-1.5839667,-0.34561315,1.0438306,0.30135956,0.39224386,0.44012427,-0.3842672,-1.4151253,0.01840399,-0.3210329,-0.7855309,-0.32820058,-0.5496027,-2.484488,-2.9211662,0.8778629,-3.177825,-2.261897,-1.4626021,-0.6966418,-0.94115895,-0.14668489,-0.604198,0.2189634,-0.8233386,-0.69267166,-1.1114067,-1.9526373
1.3796785,-1.1238358,0.89451355,-1.8493621,-0.47335672,0.3362532,-0.98714054,-1.185997,-0.048796836,0.78482246,-0.03189702,1.4999633,-1.1137371,0.5721053,-0.56107885,-1.7296087,0.6304465,-1.7221923,0.19535136,-1.2293824,-1.1566393,0.1907332,-0.75015926,0.7164431,0.6167329,0.5069971,0.18084349,0.3524553,-1.2003651,0.24066904,-0.2519601,0.50329447,-0.4147544,-1.4378166,0.2789047,-0.04687191,0.23933722,-0.35720724,-0.21705242,-0.3740231,-1.1445565,0.31261113,-0.66337186,0.66044194,1.1369617,-0.007457966,0.2791088,0.6685646,0.2006768,-1.0109,-0.048032023,-0.6073308,-1.7139007,-1.2311445,-0.17604859,-0.057582587,-1.7519865,-0.853991,2.2064064,-0.7130255,1.0744926,-1.5065928,-0.15809718,-0.14531073,-1.2377547,-1.6402978,-1.8428328,-0.011826128,-0.74710155,-1.8082962,-0.64772826,-0.93942446,-0.89427114,-0.08417599,1.1539036,-0.37610066,-0.65935665,0.23659955,1.0499834,-0.09181524,-1.0134048,-0.86009955,0.04831973,-0.19728653,0.05800962,-1.6704249,-1.168265,-0.2972843,-1.3010794,-1.660837,-2.2481413,-1.2585124,0.05082576,-0.44878122,-0.96452343,0.8718594,-0.55521184,-1.1287029,-1.4540173,-1.3722291
-1.0005945,-1.6094646,-0.4159322,-2.1400723,-1.4233222,-0.1184753,-1.5482169,-1.4635221,0.12898415,0.53374493,-1.3388458,-0.49456564,-1.3094794,-1.9393086,0.12842847,-1.67369,-0.19173947,-1.2690674,-0.24021213,-0.17560613,-0.15378742,-0.016365029,-0.597399,0.32097006,0.6790483,1.1105584,-0.6672188,0.22327454,-0.44382495,-0.94241476,-1.7544279,-2.074543,-1.5459546,-0.18278539,0.051910713,0.83630675,2.096157,-0.89807427,-0.27622217,-0.66183424,-1.6067852,-0.32215515,-0.81291395,0.06945169,0.15941148,-0.42855072,-0.6748869,-0.3656589,-0.08834598,0.18177776,-1.3687171,-1.7344371,-1.8220375,-2.0097857,-0.66795766,-0.7334392,-2.2707226,-0.43612263,1.6893551,-0.979878,-0.36091092,-1.7237862,0.3837212,-0.7729312,-2.37898,-0.17790219,-1.7941321,0.45728007,-0.25986543,-1.7471238,-2.4588516,-1.1736678,-1.6516373,-0.28843337,0.8578263,-0.08752248,0.14947952,1.5224465,-0.20453349,1.117406,-0.9061703,-0.7031835,-0.671801,-0.3791954,-0.3056032,-1.1139121,-0.024958562,0.65347236,-0.8189726,-1.5303115,-0.99690974,-1.6418391,-1.0317127,-0.5257408,-1.1795084,0.5038425,-1.0281603,-0.9078011,-0.4899617,-1.0819962
