7Networks_LH_Vis_1,7Networks_LH_Vis_2,7Networks_LH_Vis_3,7Networks_LH_Vis_4,7Networks_LH_Vis_5,7Networks_LH_Vis_6,7Networks_LH_Vis_7,7Networks_LH_Vis_8,7Networks_LH_Vis_9,7Networks_LH_SomMot_1,7Networks_LH_SomMot_2,7Networks_LH_SomMot_3,7Networks_LH_SomMot_4,7Networks_LH_SomMot_5,7Networks_LH_SomMot_6,7Networks_LH_DorsAttn_Post_1,7Networks_LH_DorsAttn_Post_2,7Networks_LH_DorsAttn_Post_3,7Networks_LH_DorsAttn_Post_4,7Networks_LH_DorsAttn_Post_5,7Networks_LH_DorsAttn_Post_6,7Networks_LH_DorsAttn_PrCv_1,7Networks_LH_DorsAttn_FEF_1,7Networks_LH_SalVentAttn_ParOper_1,7Networks_LH_SalVentAttn_FrOperIns_1,7Networks_LH_SalVentAttn_FrOperIns_2,7Networks_LH_SalVentAttn_PFCl_1,7Networks_LH_SalVentAttn_Med_1,7Networks_LH_SalVentAttn_Med_2,7Networks_LH_SalVentAttn_Med_3,7Networks_LH_Limbic_OFC_1,7Networks_LH_Limbic_TempPole_1,7Networks_LH_Limbic_TempPole_2,7Networks_LH_Cont_Par_1,7Networks_LH_Cont_PFCl_1,7Networks_LH_Cont_pCun_1,7Networks_LH_Cont_Cing_1,7Networks_LH_Default_Temp_1,7Networks_LH_Default_Temp_2,7Networks_LH_Default_Par_1,7Networks_LH_Default_Par_2,7Networks_LH_Default_PFC_1,7Networks_LH_Default_PFC_2,7Networks_LH_Default_PFC_3,7Networks_LH_Default_PFC_4,7Networks_LH_Default_PFC_5,7Networks_LH_Default_PFC_6,7Networks_LH_Default_PFC_7,7Networks_LH_Default_pCunPCC_1,7Networks_LH_Default_pCunPCC_2,7Networks_RH_Vis_1,7Networks_RH_Vis_2,7Networks_RH_Vis_3,7Networks_RH_Vis_4,7Networks_RH_Vis_5,7Networks_RH_Vis_6,7Networks_RH_Vis_7,7Networks_RH_Vis_8,7Networks_RH_SomMot_1,7Networks_RH_SomMot_2,7Networks_RH_SomMot_3,7Networks_RH_SomMot_4,7Networks_RH_SomMot_5,7Networks_RH_SomMot_6,7Networks_RH_SomMot_7,7Networks_RH_SomMot_8,7Networks_RH_DorsAttn_Post_1,7Networks_RH_DorsAttn_Post_2,7Networks_RH_DorsAttn_Post_3,7Networks_RH_DorsAttn_Post_4,7Networks_RH_DorsAttn_Post_5,7Networks_RH_DorsAttn_PrCv_1,7Networks_RH_DorsAttn_FEF_1,7Networks_RH_SalVentAttn_TempOccPar_1,7Networks_RH_SalVentAttn_TempOccPar_2,7Networks_RH_SalVentAttn_FrOperIns_1,7Networks_RH_SalVentAttn_Med_1,7Networks_RH_SalVentAttn_Med_2,7Networks_RH_Limbic_OFC_1,7Networks_RH_Limbic_TempPole_1,7Networks_RH_Cont_Par_1,7Networks_RH_Cont_Par_2,7Networks_RH_Cont_PFCl_1,7Networks_RH_Cont_PFCl_2,7Networks_RH_Cont_PFCl_3,7Networks_RH_Cont_PFCl_4,7Networks_RH_Cont_Cing_1,7Networks_RH_Cont_PFCmp_1,7Networks_RH_Cont_pCun_1,7Networks_RH_Default_Par_1,7Networks_RH_Default_Temp_1,7Networks_RH_Default_Temp_2,7Networks_RH_Default_Temp_3,7Networks_RH_Default_PFCv_1,7Networks_RH_Default_PFCv_2,7Networks_RH_Default_PFCdPFCm_1,7Networks_RH_Default_PFCdPFCm_2,7Networks_RH_Default_PFCdPFCm_3,7Networks_RH_Default_pCunPCC_1,7Networks_RH_Default_pCunPCC_2
-1.4497114,0.33822623,-0.13006409,-1.11568,-1.0572283,-0.92692673,-2.0551128,-2.4930732,-1.3952184,-1.6562339,-0.90949225,-0.6087734,-0.6896302,-0.2766279,-0.7692081,-0.5971784,-0.3278052,-0.99173826,0.48604167,-1.7402263,-0.17934473,0.20576647,-1.1580534,-1.0267653,-0.64003253,-1.5316384,-0.08001037,0.49733835,-0.9363622,0.26901835,1.2868884,-0.43806723,0.3614499,-0.93354917,-0.25423867,-1.2499144,-2.6152532,-1.144317,0.17566451,-0.7640455,-1.5100634,1.0115746,-0.46251282,0.8978125,-0.062139973,0.39796856,-0.55567616,-0.3940954,-0.3626509,-1.8403085,-0.24885857,-0.7807752,0.64461386,-1.2116065,-0.61362034,-0.8898841,-2.6438031,0.27619055,-1.8433502,-1.1426,-0.34836146,-0.5404463,-1.5865338,-1.4130309,-0.22724026,-0.1649753,-0.47355628,-1.5171629,-1.7466736,-0.102429524,-1.276664,-0.96037203,-0.9233508,-1.2163038,-0.30851507,-1.1994065,-2.114707,-2.4027615,-1.2660568,-1.2432306,-1.0806954,-1.0248591,-0.16416399,-0.07106108,-0.3847135,-1.0491997,-2.490396,-0.34278756,-1.4215913,-0.53222317,-0.47977158,-0.731624,-1.2453424,0.275989,1.4625158,-0.5826628,0.27269185,-0.5019273,-1.1229088,-0.8291013
-1.2092476,-0.24029022,-0.11104791,0.078034654,-0.6795334,0.3676976,-0.1992721,-0.43194735,1.1526153,-1.3843646,-1.7505596,-1.5878171,-1.1447225,0.46762022,-0.03162522,-0.45814404,-0.92293805,0.24147953,0.67167634,-0.20604879,-0.30939257,-1.6573396,0.013797603,-1.1105673,-0.22563328,-0.1531554,-0.9555507,-0.688518,-2.077023,-0.4498597,-0.73401964,0.975811,0.46814403,0.49345395,-1.2596205,-0.42269742,-0.43062913,-0.37888032,-0.85268104,-0.8793214,-0.37030786,-0.48727125,-0.814963,0.60760546,-1.2863028,-0.1344452,-0.77361965,0.132499,0.9134768,-1.1123123,0.61173534,-0.16829844,0.3144448,-1.3168494,-0.45593596,0.6457762,-0.92531127,1.2911631,-1.8133141,-0.8800008,-0.8999769,-0.85690844,-1.2919967,0.09093,-0.29647785,-0.5526882,-0.043219406,-1.3232352,-0.9375603,1.4121187,-0.465557,-0.7671439,-0.4541688,0.1717715,-0.9095391,-0.65942717,-0.8386597,-1.694597,-0.595948,0.39012843,-0.2642136,1.6331813,0.6528924,0.29124367,-1.3578097,-0.24497017,0.036406282,0.006680295,-0.4116508,-0.13410339,1.2470862,1.3880644,-0.18044417,-1.3045132,0.2533067,1.184184,-0.38179272,1.1057217,0.6220065,-0.0059192684
2.3876956,1.0705398,1.5282043,-0.47170112,1.5326499,0.9138166,0.37450635,1.3185343,0.113983095,-2.1425707,0.9624822,-1.466105,-0.18481575,1.0604182,-0.4225079,0.587675,-0.5202408,-0.53073305,0.8704524,-0.53651655,-1.9549706,-1.1484226,1.1367972,-0.25495896,-1.1854146,-2.0150764,-0.741661,0.35768673,-0.7304908,-0.23171583,-0.8277936,-1.2248477,0.009594506,0.4141893,-1.02153,1.1710113,-0.2733119,-0.23326486,-0.4051382,0.49767998,1.1466165,-1.56066,-0.27064368,-0.45101306,-1.6963603,0.82574916,0.8405391,0.6424897,1.3017591,0.7532311,1.4516155,-0.18443657,1.7965302,2.9087365,1.0192591,1.5965011,0.32165828,1.3003858,-1.5422568,-1.1475812,-1.1977264,0.28518334,-0.6868888,1.1154498,-1.8914484,-0.78103817,0.28768995,-0.94222945,-1.8643599,0.09888818,-1.805124,-2.8346386,-0.59701765,-1.2350249,-1.5519975,-1.4668291,-1.5386717,-0.5165157,0.65458965,-1.0052497,-1.0737221,0.24958666,-0.021591775,0.7445568,-0.52788615,0.6298119,0.17086743,-1.5232167,-0.92316735,0.2647208,-0.4449181,-1.8315364,-1.8412405,1.5793719,-1.2465184,-0.13926527,-0.6650962,0.80059105,0.826614,0.62216187
-1.268582,-1.4368117,-1.4385947,-1.688095,-1.9862542,-1.1780889,-1.8025978,-1.5624405,-1.3353229,-0.08440264,-0.66173744,1.125457,1.0053134,-0.32555255,-0.10666225,-0.41291514,-1.3166567,-0.20659846,0.53486025,-1.8660972,0.3848704,-0.18379931,-0.1908318,0.30157033,1.1944143,0.094106905,1.0026046,-0.5623376,0.07635151,0.52513057,-1.7968804,-0.58653116,0.33592418,0.2470468,0.32603762,-1.066186,-1.0083183,-0.46849462,0.229778,-0.8344844,-1.3527682,0.238126,-0.16343959,-0.60124207,0.20024356,0.19526416,0.39693543,-0.22969232,-1.4530082,-0.99689907,-0.6550658,-1.4984027,0.30386993,-0.6136311,-1.7185793,-1.6468568,-1.7409972,-0.60695124,0.33088094,0.57040375,0.19356188,0.5242058,-1.1288354,-0.5549737,-1.0966222,-0.80957854,-1.0278736,0.13524815,0.014270511,-0.6522612,-1.1055326,-0.2985125,-0.31362998,-1.4593852,0.3727453,0.2626734,0.25086978,0.23494358,-0.09073842,0.07362524,0.81090474,-0.89747065,-0.48564997,0.93086296,1.2053909,-1.5073531,0.12497618,2.377171,-1.8087502,-1.0771643,-0.22220887,0.2526927,-0.48910302,-0.42787465,1.4828087,-0.96242064,-0.28075147,-0.7809479,-0.83292997,-1.2498989
1.3640525,0.26063505,0.96969014,-0.94073516,0.84365946,-0.22321627,0.5329803,0.81938267,0.91223305,-0.12693223,0.7867546,0.35136586,-1.4143873,-0.064923584,0.12663136,-0.38791373,1.0082192,1.2989569,-0.6078859,0.28292048,1.3466431,0.75108266,-1.0154176,0.034969293,0.14013736,0.64741164,-0.5165639,0.34347004,0.6650772,-1.0616904,2.2655709,-0.29104528,0.36736682,1.1055439,0.7655958,0.75315344,0.984016,0.36463574,1.3835179,0.4113439,0.28463462,-0.071278736,1.3985708,-1.3289474,0.20280376,-0.49652794,0.54066545,-0.084384054,-0.5490519,0.6931943,-0.26339665,0.06785727,0.2632696,-0.27722073,1.6251013,0.23801103,0.9548148,0.63249373,0.39886,0.93321496,0.71311736,-0.14286378,-0.3684205,-0.7404579,1.8207073,0.21553545,-1.242264,0.72154516,1.1037947,1.5704123,2.5713625,0.94843084,-0.13131176,0.2876462,1.3740042,0.32195786,1.7960019,0.16472563,0.9081739,0.5444312,0.65063107,0.25737596,0.55052304,1.2463154,0.64928156,1.4831743,1.0179906,-0.20298663,0.9607612,0.0793016,-0.31071895,0.7347577,0.5124824,0.6658328,0.29042467,-0.4558748,-0.08931691,0.7572584,-0.42384225,-1.135039
1.8527917,0.77776253,0.5640612,0.8557217,0.9734738,0.6891003,1.5668018,0.5565773,0.8937421,-0.58345646,-0.7215786,0.10879759,-0.8754542,0.78273606,1.313696,0.4876351,0.059104357,1.7289908,0.61545223,0.65080523,0.20729525,0.9248746,0.9928875,1.5747641,-0.31946826,0.20939998,1.4663152,1.0488163,0.40463203,0.5761323,0.40365013,1.8263341,0.46055377,0.43945917,2.1052678,0.80139685,1.3927301,1.616633,2.6638644,2.2582293,1.1970598,1.4289699,2.1441166,1.3776246,1.6859386,1.2696222,1.2807788,0.34712505,-0.060573358,0.3935527,0.5224645,0.35187522,-0.11472959,-0.25142744,1.4541762,1.036781,-0.47247893,1.2406942,0.33611175,-0.77364486,0.40765315,0.5625754,-0.008255031,0.6301857,0.87008524,-0.163782,1.066346,0.701322,-0.4869629,0.46723112,1.7288481,0.14903031,0.74178857,1.6187972,0.21587603,-0.2531733,-0.5516825,-0.6504059,0.5278895,-0.4618488,0.7513303,0.79904073,0.8404887,0.3366956,-0.85706306,0.82626927,-1.4292846,-1.0381066,0.19757979,-0.5492767,-0.2782911,2.4862268,1.1954303,0.35401753,0.91574126,-0.11536272,0.46299222,0.9173127,0.36456457,0.1666182
-0.1009549,-2.2680442,-1.9474372,0.4142977,0.46226355,-0.74814236,-1.4833632,-0.17000744,0.42170954,-1.1133771,-1.7154642,-1.1617908,-0.47162986,-0.21657802,0.42147705,-1.7835972,-1.3079938,1.0398997,-0.23370846,0.17431815,-0.72044486,0.9409671,-0.064544365,-0.77050954,-0.8026498,-0.6945479,-0.77396196,-0.99815285,0.1799764,-0.4897369,0.9135052,0.03845967,2.5528371,1.270224,1.1399913,0.12042092,-0.49762323,1.6123385,-0.009167127,-0.735311,1.3233457,-0.83099854,1.6966597,0.17014249,-0.6624804,1.6543257,-0.15447126,1.4602827,0.9190498,0.084267095,-0.24082476,-1.5185003,-0.24020149,-1.2236049,-0.5666517,0.019956805,-0.122331366,1.0863359,0.49297047,-0.938305,-0.6261129,0.6989315,-0.14284171,0.34119046,-0.0055527748,0.06312994,0.3333827,0.5018198,-0.12436952,-0.31500518,-0.7274559,-0.47293982,-0.60215604,-0.29629448,-0.5667232,-1.3941963,-0.50208235,-1.0507948,0.05094553,0.7489251,0.34761348,2.0115178,-0.8483508,0.70819575,-1.6628693,0.22086833,-0.20923862,0.91527754,0.3527726,0.2740978,1.4247228,0.6569403,-0.6613474,-0.2932381,-0.19918312,1.9010382,1.2250054,0.95187527,0.69969803,0.33508006
0.027223468,-0.1957055,1.3755577,1.5641544,0.5337523,1.5473195,0.15321012,0.1660996,1.0539342,0.49728367,0.4407766,0.42449522,0.71387994,2.0846016,1.1506633,1.3481549,1.1771101,1.0308712,1.1492716,0.8674477,-0.55968857,1.5801532,-0.10919687,0.6204963,0.33079416,-0.04894988,1.2558929,0.5035915,-0.24981312,-0.23457858,-0.58088106,-0.6878764,2.1416142,1.7782623,1.3554484,2.045698,-0.7944266,2.178692,0.25131056,0.05750172,2.4792237,-0.66208273,1.7612517,2.1177254,0.39175493,2.9368188,0.57188493,1.4887371,2.300032,1.8900056,1.0214431,-1.2541641,0.08710646,-0.09267649,0.5398687,2.1933377,0.00824381,1.4512626,0.32533848,0.80828303,-0.2634277,0.2714785,0.5074555,0.15802708,-0.30200168,-1.4797132,1.8482879,0.6656762,-0.2922851,0.50047797,-0.21899319,-0.40427378,-1.172607,-0.81312555,-0.66789037,-0.66986513,-0.5016932,0.5847231,-0.68386847,-0.023784569,-0.19768158,2.2271104,0.35421634,0.41521677,-0.15673766,0.45142192,-0.7713363,1.353155,0.4777976,1.6751087,0.7353719,0.42268458,-0.122116074,1.6548557,0.3798497,1.2518928,2.5250478,1.3046204,1.7785481,1.2905631
-0.33171052,-1.2855158,0.2622418,-1.5713478,-1.9254034,-0.3529559,-0.77521044,1.5693308,-0.17208073,-0.73877984,-0.29121032,-1.150885,-0.64044523,0.39132348,-0.5871856,-0.47528714,0.23410685,-0.24730606,0.44545758,-0.07031512,-0.26945263,0.03846844,-0.079572394,-0.8689203,-0.30874375,0.32743448,-0.18289389,-1.6630067,-1.6454681,-0.5918831,-0.005142765,0.6643823,-0.24915253,0.10892678,0.5025847,-0.6002038,-1.1457076,0.99183357,0.6615292,-1.2632778,0.20403793,0.09840259,0.10654051,0.75929594,-0.8286279,0.67991716,-0.081276946,-0.2043567,0.20648798,0.40853688,-0.53751415,-1.4133699,-1.2142538,-1.3964745,-0.8935884,-0.5145031,0.003341699,-0.33112457,-0.50361615,-0.93640876,-1.0660216,-1.6622012,-1.5596987,-1.2815634,-0.72703683,-0.8166242,-0.9899877,-0.3663295,0.2330705,-0.30322275,-1.7673727,0.025854137,-1.8508497,-0.1953253,-1.4526358,-0.5359181,0.079495035,-1.5846235,-0.7980859,0.1540528,-1.4478813,0.49300492,-1.3777542,1.0463365,-1.6101924,0.9366634,-0.47828418,-1.1551542,-0.86364365,0.45165193,1.12231,0.24367462,-0.025722524,-0.75087434,0.024071332,0.47284034,0.018556979,-0.39823297,-0.2447499,0.28824118
1.6638712,0.9141052,0.32379326,0.5993872,-0.19969915,-0.36663565,-0.11046117,0.52038467,0.6220131,-0.5605821,-0.4274999,-0.44156486,0.43722653,0.24081282,1.1996921,-0.033955693,-0.28030825,0.43764153,-0.50983745,0.24630691,-0.3077193,1.354462,0.40720907,-0.1558724,0.5364362,0.3497522,-0.44078442,-1.1486781,0.92884475,0.4981036,-1.1148947,-0.8615211,0.43089184,1.3881441,1.1938887,0.17174841,0.87291527,-0.29904974,0.17453104,-0.25700775,-0.39098427,0.4392206,1.0683348,0.34233177,0.33024123,-0.41434145,0.9653636,1.1514629,-0.50347656,-0.34932095,0.50258195,-0.5703078,-0.28938526,-0.012364071,-0.08928613,0.20796925,0.58764356,-0.114718094,0.5390527,-1.8215336,-0.6742487,-0.1741383,0.4231916,0.7513622,-0.8148351,0.082646176,-0.5222166,0.20814344,0.11699485,0.78706425,-0.22530982,0.5883432,-0.6789569,0.298855,-0.61914265,0.72603714,-0.41173667,-0.70506227,-1.1167406,0.48028666,0.38730502,1.7458707,-0.54605424,1.1093866,-0.8492893,2.137205,-0.98232,-1.4517322,0.10373231,-0.4913278,-0.34225306,0.29424405,0.04550189,0.37455872,0.5888849,-0.34533623,0.39959705,-0.30326924,-0.4624387,0.0089550065
-1.7194515,-1.3556194,-1.5365503,-0.026511095,0.21569802,-1.4458222,-0.34839198,-0.7479508,0.32541588,-0.41860837,-1.0725728,-0.5381846,-1.1494849,1.1209162,-0.77322733,-1.7359005,-0.24420162,-0.052364778,1.0695091,-0.06260041,0.15164343,0.34920025,0.18536662,-0.76890826,0.6721861,-0.55539244,0.43335047,-0.20400703,-0.3929802,-0.4633634,-2.6104455,-1.8264117,-1.3693588,-0.12027776,0.82110596,-0.4868507,-1.8137068,-0.45533702,-0.7576009,-0.5950071,-1.2797176,-0.23550548,0.19793648,-0.7713465,-1.3371646,-0.62453276,-1.2441897,0.29773027,-0.72293025,-1.3622503,-0.23376408,-1.3228098,-0.87736785,-0.52828526,-1.4845711,-1.4707055,0.28050128,-0.8600344,0.30275452,0.4008454,-0.46345583,-1.956783,-0.1309097,-1.4539833,-0.15805328,-2.4317532,-0.51347756,-1.7041916,-1.1129049,0.0876775,-0.06451043,-0.303096,-1.1760259,-0.5042427,0.023260346,-0.27826363,-1.3339247,-1.3273848,-2.4012241,-1.0978122,-1.6522127,-0.51293504,-0.16668943,-1.1310889,-0.7792309,-2.0148964,-2.2354245,-2.1059482,-0.083878085,-1.1914955,-0.13451989,0.65075237,-0.09835849,0.0406669,-0.7224985,1.5006293,0.17534988,-1.1217419,-0.33950952,-1.5458462
-0.29831874,-0.005557962,-0.8022657,0.45835322,-0.3060771,-1.1151028,-0.9616871,-1.8078947,-1.7007372,0.32385567,-0.79516345,-0.74763644,-0.8196764,-2.3910673,-1.3941256,-0.75982,0.05268267,-1.4478573,0.025232635,-0.45413297,0.6670068,0.8692027,0.22400907,-0.9121397,0.52009654,-1.1966895,2.0683496,-0.9177412,1.5470903,-0.17163779,-0.2692443,0.056620535,-1.5321444,-1.3271933,0.60176706,-0.53325826,0.44599202,0.7191195,0.37137407,-0.7169231,-1.5100174,0.86127245,0.06128307,0.5727336,-0.30385247,-0.82581574,-0.4001369,0.059222687,-0.09545893,-0.99325067,0.777522,-1.7070023,-0.58761185,-1.0576684,-1.1848189,-0.2455532,-0.8640088,-0.5070187,0.29252416,-1.2196015,-0.56019753,-0.60982466,-1.4561192,-1.0617043,-1.8178903,-2.9003227,0.15353628,0.1043818,-1.5434198,-1.0865145,-1.1924545,0.39501637,-0.66796416,-0.4117386,-0.5708273,-0.41604838,-1.7791486,-1.2097765,-3.4088156,-1.0237796,-1.548189,-0.8764791,-1.4872617,-0.60439306,0.0022205545,-0.6205628,-0.7763311,-1.3201779,-1.5531777,-0.16280667,0.58774805,1.2345867,0.64115846,0.75008243,0.66968936,0.9011782,0.9214742,0.34517252,-0.016733753,-0.8489538
-0.5121407,-1.7368728,-1.5407786,0.8609221,-1.6517216,-0.2485681,-1.0849528,-1.731728,-1.9824874,-0.05018383,-1.0625103,0.26684585,-1.6624709,-0.858519,-0.39337632,-1.9695479,-1.4776459,-0.7608432,-0.028575983,-1.330998,-0.81570435,-0.38713157,-0.99314797,-0.08627925,-1.672277,0.18423796,-0.069417536,-0.8678869,0.5172511,-1.4467113,0.024938555,0.05245532,0.37557182,-0.19395572,-1.3088237,-0.6687733,-0.8546464,-0.0913216,-0.039516203,-1.6544244,0.3201502,0.26035005,0.18938287,1.5974212,-0.68207806,1.427396,-0.83882,0.963753,-0.54378957,-0.021281665,-1.6161208,-1.9695187,-1.6489706,-1.2371913,-1.9801574,-1.8712275,-1.2072649,-1.220456,-0.49827302,-2.0818207,-1.6434273,0.5351197,-1.082353,-0.89729106,-1.5554371,-0.97962,-0.83078736,-0.87665206,-0.66688615,-0.9278716,0.30448735,-0.8675105,-1.8918151,-0.44967186,-2.143682,-1.4152282,-1.3792204,-1.0478984,-0.7122089,-0.33470118,-0.7149857,-0.30222407,-1.8135102,-1.1004242,-0.79050416,-1.3621751,-0.20581685,0.15893587,-1.5518845,0.6615244,-0.21758464,-0.39565426,-0.62408584,1.1034915,0.62567264,-0.078426875,1.6628326,-0.5121677,0.2559308,-0.6196206
-1.1443561,0.7021038,0.27766207,0.5771735,0.52176845,1.1352848,0.70054436,0.44274437,0.064921565,-0.34428954,-0.35752693,0.5312347,2.181828,-0.19562207,0.33457565,0.5500162,-0.1831392,-0.09648957,0.2779076,0.6480733,1.1474285,-1.3724111,-0.37202293,-0.8631666,0.5440528,0.14942104,-0.21066439,0.25797462,-0.7721248,0.8420625,-0.9619033,-0.9349856,-0.7603214,-0.55352074,-1.7173362,0.66918665,0.5834948,0.73646194,0.38457185,0.38127366,0.30698642,-0.15304005,-0.4762898,0.43332565,-2.6120107,0.670629,-0.18905589,0.18600942,0.010830628,0.8683726,-0.4391168,1.9686489,0.047156535,0.68708104,0.6343411,0.4568109,0.67345214,0.6962289,-0.41620958,-0.73081475,0.9750534,3.289186,0.60847497,1.4683868,0.7331994,1.6560081,-0.21878414,0.9266342,-0.9256575,-1.4127134,-0.83861166,-1.3529267,0.73894334,0.5657423,-0.6367884,-1.1732478,-0.4243667,0.45159593,0.2306824,0.75933295,-1.3030081,-0.20337681,0.25277248,-1.968053,-0.42740494,-1.2233766,-0.4478595,1.3178787,0.14211561,0.6738101,-0.43117967,0.08499565,0.07939355,-0.8953743,-1.5011982,-0.21554115,0.92935354,0.13847212,-0.1497992,1.0618343
-0.5380299,-0.19034845,-0.44218814,0.26965326,0.27283183,-0.39581376,1.1217666,-0.28970444,-0.9181938,-0.15781477,-0.6019767,0.297588,0.14130127,-0.78516126,-1.2906227,-0.87099504,1.3327353,-1.9684687,0.22016293,-0.15046343,-1.7969546,-0.36501023,-0.4806595,0.73436785,-0.083096676,-0.12189894,-0.9428597,-0.5368044,0.29632267,0.16196504,-0.20162098,-1.9570941,-0.030023413,0.21267585,-0.34015793,-1.2822992,-0.5712687,-0.47385684,1.0105828,-0.26286247,-1.0314932,-0.6135025,0.1542468,-1.8277272,-0.57072145,-0.8989454,1.1567578,-0.22017418,-0.9829145,-1.3921692,-1.910054,0.23869099,-0.08025889,1.5140816,-0.54672897,-1.5050236,-0.67205155,-0.72646195,-0.060376223,0.9073531,0.36276585,0.60749334,-0.2683743,-1.5619273,-1.4965305,-0.90095043,-1.3096607,-0.34830952,-0.36995152,0.2846233,-0.35004792,-0.78054404,-0.7097974,-1.5419009,0.68387085,1.0357224,-0.4683545,0.31619945,-1.4198235,-1.354503,0.8422369,-1.2071105,-0.28529292,-1.03897,-0.6601525,-1.4262648,-0.89355356,-0.7623722,-1.6492437,-0.6472783,-0.3746125,-0.88700664,0.69856185,-1.1155585,0.47848904,-1.3995414,-2.156421,-0.79873383,-0.7424446,-1.4627749
-0.48212707,0.4410569,-0.2742211,-0.08646133,-0.5509716,-0.47289717,-0.88560754,-0.8155628,0.79780334,0.75376827,0.4343946,0.5935131,-1.0666778,0.04855294,-0.39501545,0.10587033,0.31043315,-0.084410325,-0.14467047,-0.14566112,-0.2750931,1.7052971,1.3008661,0.5555668,0.95819885,0.97647315,1.0323929,1.4417822,1.3432297,1.0786749,-1.1353583,1.3520101,2.2894604,0.66465247,1.2347414,-0.43029252,-0.16007943,2.065267,2.5011635,-0.09530744,-0.23493011,0.2087897,1.2255577,1.6810813,0.34715903,0.26207945,-0.50469536,0.6624297,-0.43751627,-0.30028066,0.9058875,-0.15217198,0.24824692,0.16893803,0.47360125,0.6997662,0.48172385,-0.40940186,1.2512721,0.10603348,-0.61200726,-0.22455925,0.014723118,-0.3970658,0.64610165,-0.59255505,0.79463756,0.036340468,1.2794784,1.2230197,0.34926102,0.5504287,0.31662008,1.3510147,0.14442895,0.61101407,-0.22466576,-0.12951194,-2.0090325,1.6148249,0.06253017,0.6578916,0.3726486,1.0871732,0.12342749,-0.6856343,-1.1300778,1.5197254,-0.10374282,0.776857,1.2297225,1.3283396,1.9622663,-0.5395654,2.0763493,0.590745,1.5626746,0.32613808,-0.6181956,0.22675535
-2.1609576,-0.3969547,-2.2452624,0.5390942,-1.3165725,-0.78135496,-0.41419378,0.005908429,-0.05075379,1.8710257,-0.9710818,2.0434935,2.6433208,-1.2218279,1.4747322,-0.13039231,0.36326322,0.57612985,-0.16540131,-0.63183624,0.4300928,1.0487115,0.18998846,1.0879022,2.2539468,0.6929231,2.0706904,2.5334406,0.8475792,1.976494,-1.097366,0.3063214,0.8394779,0.98251754,0.9938619,-0.92468,-0.27094015,1.2157614,1.540022,0.0011544153,-0.18152449,2.5962744,1.6394576,0.25239867,1.0987401,0.7933881,-0.15851355,0.964197,-1.0586607,-0.52544546,-0.07172454,0.3664013,0.5622473,1.0252162,-0.46818927,0.4575156,-0.30793563,0.24752225,1.815127,2.2147992,1.5848924,1.5520353,0.40015718,-1.0387584,0.09051588,-2.1486652,0.12067282,-0.5894338,1.5632831,0.27067587,-0.28865045,1.026876,-0.11740118,-0.04527925,0.96284467,0.7571599,0.5637352,1.8427106,-0.661959,0.00046702765,-0.24951935,-0.2332301,-0.1925211,0.087916575,-0.5383429,-0.6417123,-1.2984688,0.3782577,-1.3352466,-0.57931316,-0.5023773,0.9819424,1.5853448,-0.78147185,1.1457852,0.22435184,-0.71052665,-0.6528369,-0.14058544,-1.1098388
-1.8264025,0.9983287,-1.8223251,1.8461275,-0.37461367,-1.7754625,-1.7894303,-0.71239585,-1.2534301,-0.9541283,-0.14910772,1.2234355,0.12189207,-1.0822393,-0.9938909,0.19142148,0.48772055,0.7845912,0.55492014,-0.2668976,-0.33816573,0.94180256,-2.1114573,-0.050754324,1.9050704,0.14560334,0.53944993,0.47223035,-0.23035668,-1.5092477,-0.05978888,-0.44056627,-0.7580807,1.8346732,0.7775,0.39727584,-1.4856994,-0.73421896,0.08187103,-0.67202675,-0.08409408,-0.078082986,0.11765764,1.718048,-0.72961336,0.9958232,-1.8413733,-1.0229077,0.032730125,0.1932811,0.42888784,0.11633681,0.3934513,1.6092521,-1.064825,-0.5153674,-1.0105045,-0.5579013,-0.24247214,0.07808284,0.605423,1.8312294,-1.0700266,0.27837345,-0.8274075,-2.1148765,-0.34210658,0.88230276,2.0590868,0.58022827,-0.74836797,0.8370034,-0.5519913,-1.299609,1.7242908,0.9224947,-0.78317136,-0.7489329,-1.0527393,2.1913233,0.39657912,0.9271398,0.2574541,1.4046851,1.2599307,-0.97141296,-0.14744718,-0.16952117,-0.7529967,0.26748785,0.99214613,-0.7870291,1.4054487,0.69502944,1.5502267,1.2304567,1.302419,-0.8140729,0.15344967,0.4023902
0.6772091,0.25159478,-0.0037323951,-1.6280372,0.31546217,0.05099556,-1.2749069,0.21047471,-0.26377058,-0.42271283,-0.53845906,-0.33159077,0.50449544,0.3431988,0.5235999,-0.75243247,-0.45260698,-0.036442064,0.866169,0.350893,-0.5962536,-0.7728676,-0.90575755,-1.459084,-0.44939753,-0.7749321,-0.043331217,0.4515779,-0.93390864,-0.57183474,0.7029491,0.75639594,-0.4757047,-0.9911985,-0.45950478,1.2771726,-0.11539403,0.8377925,-1.1554322,-0.36198333,0.6086533,-0.15549883,-0.31208584,1.6993151,-2.2197223,1.6853245,-0.82548755,-0.24347386,0.651286,1.3420676,-0.2503286,0.30312598,-0.23852438,-0.5515661,-0.04580732,-0.09768452,0.64972895,0.65367997,-0.76047444,-0.24619335,0.49267286,0.7570658,0.72482526,0.83581626,1.3064497,1.3563424,0.53400433,1.228282,-0.5485636,0.0049469955,-0.5912654,-1.0623765,0.16167377,-0.8740544,-1.1894437,-0.7931064,0.2233746,0.67276204,0.06195565,1.2598395,-1.7000184,-0.113774456,-1.2939161,-1.2534264,-0.15014869,-0.18527998,-0.8453246,0.80130327,0.7038437,1.4410257,1.6376979,-0.3628849,-0.46638072,0.117662966,-0.030269163,1.5309768,1.8225278,-1.0907226,0.6837632,1.3595092
-1.0491892,1.1240553,0.027325409,0.027429283,-0.1647926,-0.69979864,-0.12854286,0.5184922,-0.57881975,-0.15183872,1.5846711,0.2636935,1.2752949,-0.6269414,-0.49893114,0.10676287,0.18305732,0.07516171,-1.7083507,-1.3679463,0.26744092,-1.9621584,-0.6524934,-0.43619996,0.32412204,1.5622793,-0.73670244,0.8584396,-0.08330638,0.01590926,0.47037005,-0.8015757,-1.486119,-1.2350386,-1.7565106,-0.49367708,0.65137815,-2.4235735,-1.6574259,-1.0346535,-0.9804783,-2.392414,-2.3229165,-1.1856966,-0.17783976,-0.4828018,-0.85033184,-1.5329913,-0.70197034,-0.25981495,1.0691876,0.4867855,0.32402065,-0.17895421,-0.24854328,0.378215,-0.6273406,-1.0286683,0.59353375,1.5770196,1.7744119,1.6072484,0.17149581,0.87389344,0.4728633,0.322438,-0.7077314,1.4617914,-0.0019253276,-0.2738891,0.4217605,0.5602708,1.1435282,0.056497406,1.180661,1.229718,-0.3354114,0.8401521,0.89976984,-1.1199733,-0.25984663,-0.543809,0.19145624,0.7087777,-0.7486048,0.41239586,0.38311753,1.7019475,-1.3553072,-0.7922814,-1.0358958,-0.52471673,-0.36398238,-0.9934352,-0.2333296,-1.4034939,-0.4426862,0.015646841,-0.8425587,-0.3270392
0.37500018,-0.11281873,0.9749572,0.68611395,-0.99218315,0.040336985,0.34206057,-0.421922,0.37441346,0.04767083,-1.1625466,0.8822821,1.7295921,0.8679254,-0.23135024,-0.40020138,-1.1972393,-0.9780732,0.17909895,-0.19079408,-0.1602754,-1.2547865,-1.0693866,-0.76409745,-0.38638395,0.22883627,-0.29202706,0.2186217,0.45950323,-0.07663423,-0.17124479,0.5096302,-0.54778713,-0.6748014,-0.5967566,-0.59767467,1.3742545,-0.13475026,-1.2809436,-0.25968105,0.13691257,-1.2196003,-0.94585925,-0.81355023,1.0887043,-1.4758209,0.31304497,0.84017044,0.2048444,0.7315294,-2.1656046,-0.65695846,-1.0069768,-0.27280408,-1.6650841,-1.2877576,0.08959929,-0.7561527,0.9970116,0.8629754,1.2112321,0.6426042,0.3914746,0.7615933,-0.14333065,1.0025569,-0.12266852,0.69853413,0.14422502,-1.6052388,-0.5401,-0.39845973,0.8298323,-0.47437906,-0.30197835,-0.06854014,-0.30989984,1.0306708,1.1685313,-0.40985537,0.10864245,-0.23743689,0.9953638,-0.24664053,-1.1627342,0.5266121,0.41484267,-0.22688965,-0.44254202,-0.06383195,-0.36217093,-1.0774878,-0.22882384,-1.6369842,-1.2389091,0.19785325,-1.4856415,-0.5793252,-0.88232285,-0.20496221
-1.8745737,-0.042597745,-0.3597168,-1.8220583,-0.6023135,0.40209916,0.26301298,-1.1556703,0.39358053,-0.013340029,0.6019686,-1.1738508,-0.5045238,-1.2151089,-0.8863556,-0.10214216,-0.73009396,-0.96979934,-2.1913164,1.2838455,-0.21172287,-0.09948507,-0.09112401,-2.051467,-1.0640272,-1.618057,-1.3683777,-1.0179015,-1.2462149,-1.211824,1.4586583,0.8969874,-1.6592759,-1.4788936,-1.0286914,0.34050053,1.635573,0.32168758,-0.32378083,0.49733976,0.28709313,0.7877645,-1.6451578,0.6791387,-0.4409948,-0.027841195,0.029194267,-0.22517616,0.6912277,0.937565,-0.7768926,-0.66219664,-2.1516109,-0.45407155,1.0364417,-0.23557818,0.15144637,0.20830135,-1.3182762,-1.4731171,-0.8579639,-1.2184663,0.88675815,0.22514755,-0.50115836,-0.6925483,-0.7279056,0.60535073,-0.09567217,-1.9095161,-1.5446196,-1.2365736,-0.35619533,0.124234825,-1.395079,-0.9344756,0.08488332,-0.18002395,0.9504856,0.06598953,-1.335804,-0.6983675,-1.2330272,-1.9412811,0.044095896,0.4637861,0.22685821,-1.0593199,0.3312052,0.48030758,1.3943541,0.20244667,-0.04986215,-0.41468325,-0.5934626,-0.19455613,-0.5681923,-0.7642109,0.11658256,0.45225155
0.5940006,-0.8568064,-0.64553607,0.5653853,-1.1202525,0.47870296,1.0529772,1.8697981,1.6866928,1.8108397,0.45314822,0.35722253,1.0688201,0.6360642,-0.25582695,-0.2771425,0.2507925,-0.5354155,0.29075167,-0.4933557,0.4508043,-0.050254356,0.04087599,-0.37395906,-0.22168343,0.82072973,-1.1071465,-0.8572233,0.96027136,0.30417848,-0.09086182,1.3295501,-0.74877125,0.13162138,0.12525603,-0.30290034,0.38156125,0.5073307,0.38983563,0.30592868,0.46100634,-1.8989284,0.0987474,-0.24041227,1.9396379,-0.48010924,-0.34415516,0.4618073,0.3701648,0.5480045,-0.13021909,0.73015743,-0.8177593,0.06855034,0.47032323,1.228606,1.5917518,1.3049763,0.05882958,0.093084954,-0.72159123,0.14219676,1.813707,0.76801026,-0.0568408,1.0200218,0.21959618,1.8328269,2.0268652,-1.9085585,-1.882388,1.5909153,0.59287727,0.5675142,0.9434324,0.19238551,0.8374323,0.288908,0.89967775,0.52441305,0.5019405,0.21999113,0.81017214,0.37671077,0.06712019,0.94125485,0.07293801,-0.7364043,-0.6248857,0.33409917,-0.3892056,-0.4411871,0.4814019,-0.94268227,0.4799551,-0.1296028,-0.47156775,1.9846377,0.086557254,-0.16721638
0.74015796,0.09370346,0.5519239,0.7536816,0.5157618,0.029036924,0.71982735,0.60752004,0.591366,0.7600232,0.8131748,-0.59848887,-0.7143092,0.7022038,0.94939536,1.1866769,-0.17226085,0.6392664,-0.0033756287,0.9644606,0.6246599,0.06577081,-0.11634473,0.85576195,-0.5971335,-0.29610825,0.17182197,0.28095564,0.65535975,0.76657706,0.18617266,-1.0963013,0.24957083,-0.24111134,-0.35373434,0.22862822,0.7649262,-0.20454957,-0.22311147,0.21578701,0.09741601,-0.38984135,-0.28131944,-1.1879919,0.9077091,-0.8592907,0.070673056,-0.8785366,-0.17271508,0.24578945,0.25183746,-0.31853256,0.24094734,0.4790934,0.044959854,-0.006684838,0.9433447,0.3771061,0.50850064,1.0998812,0.39396608,-0.12911573,0.009912608,0.44501537,0.03934869,0.16994628,0.012197816,-0.91839087,-0.31563756,0.8413048,1.3865207,1.5014417,1.1388316,1.1052293,0.4272769,-0.5625569,1.7454209,-0.3875598,0.9894338,-0.82598215,0.8378881,-0.13126235,0.6213216,0.09208742,0.6019353,0.45975092,1.3028458,0.60704046,1.7173569,-0.6227335,-1.4403881,-0.5060451,0.7820138,0.28125584,-0.58587134,-0.7347723,-0.7576882,0.6981473,0.13940026,0.6047472
-0.009521773,0.014950229,0.40643665,0.46492553,1.0335529,-0.82366455,-2.0512893,-1.5095525,-0.73067105,0.34213597,-0.23105583,-1.6508026,0.74696934,-0.7640925,0.54989225,0.10593491,-0.59257734,-0.8774979,-1.4126415,-0.91393757,-0.34870446,-0.5037929,-0.47820413,1.0975366,-0.6579085,-1.2173063,0.77422506,-0.9540224,-0.75831324,0.04221507,-1.6741936,-2.3472996,1.7176872,-1.0632888,0.81346714,-1.1274937,0.19267106,-2.432972,-1.8068938,-0.70031554,-0.6869226,-1.0898093,-0.57650554,-2.4069355,1.3494128,-1.3347211,1.7495337,-1.9065887,-0.98504275,-0.9124037,0.48956054,0.25564522,-0.8889173,0.63055736,-1.0727267,0.39624625,-0.868402,-2.192582,0.017970465,-0.257918,0.32218295,1.0543936,1.6674372,0.3624803,-0.007840495,2.1889138,0.12839137,0.6776508,0.012410969,-0.8844944,-0.19538611,1.2652714,-0.77547646,-0.30075607,0.5235585,0.29814613,-0.67753005,0.8856355,0.07471343,-1.883917,1.7954203,-0.69151205,-0.7284669,0.15270233,0.98675793,1.6373732,1.7014673,0.89257294,0.21148703,-0.104569085,-1.4835743,-2.1354904,-1.5674187,-1.0388397,-0.49921116,-2.502795,-1.3000876,-0.15444952,-0.9490533,-0.31720772
-0.41703504,-1.6546497,-0.91386205,0.041517653,-0.54997617,-1.0483646,-0.1622755,-0.6510538,-1.9984834,2.3426468,1.062206,1.8578424,1.4319507,-0.7094178,0.2928902,0.22020821,0.78180397,-1.1875741,-0.6550148,-1.2933125,-0.12874715,2.4410117,2.1184914,1.4666255,1.8462574,2.2669306,1.6498363,1.3516967,1.6192055,2.0011454,0.8211362,0.75512815,1.2996055,-0.32491773,0.7053182,-2.3201973,0.30538332,-0.818184,-1.2212008,0.28311458,-1.317176,-0.27639547,0.24525666,-2.0580394,2.824019,-1.5584446,0.9814951,-0.96148914,-2.069895,-1.4767078,-1.1213177,0.139078,0.8258327,-1.0231988,-0.99318343,-0.864528,0.1836565,-1.5540496,1.2301464,1.1277114,1.5422082,-0.9573468,1.6969441,-0.21916488,0.58947587,1.933543,-0.40071037,-0.18721455,1.6248448,-0.20645337,1.1982112,1.5669401,1.645482,-0.13915071,1.9879079,2.9209383,1.1494961,2.5886788,0.5251746,-0.37733206,0.68483764,-2.2653513,0.55919063,-0.18996277,1.424485,-2.4219296,0.406281,3.211315,-1.2905512,-2.010303,-1.4810134,-0.71294177,-0.36600274,-1.9221562,0.5155416,-1.4635874,-2.077088,-1.9810193,-2.0206294,-1.9413095
0.79010576,2.0357866,1.6434454,0.2433291,0.35474092,0.7522819,1.429713,0.84938747,0.70026416,3.637459,2.0777988,2.6548374,2.7235196,0.26388928,-0.2030189,2.0594685,2.7428002,-0.45106345,-0.3334314,-0.06311134,0.5110628,0.03886402,0.7141172,0.9328409,2.4158418,1.4765887,0.44804075,1.151707,0.8508867,1.2074199,1.8880231,0.97361314,-0.9463399,-0.33642527,-0.26917404,-0.062277094,-0.61573243,-0.63526577,-0.19722743,1.3933201,-0.76210546,1.6236717,-0.2971008,-1.4936881,1.0080411,-1.1403321,-1.0643768,-0.6448712,-1.0376747,-0.73687315,-0.08700715,3.0428615,1.8550059,1.9761243,1.3380165,-0.16797885,0.5807229,-1.7920023,2.774889,3.1336775,3.132468,1.7861205,0.8760539,-0.34347504,1.9358286,1.9275284,1.2924812,1.7165841,2.4426851,1.9291961,1.3839794,3.098015,0.57131,1.6182446,3.3304439,2.7975967,1.4690372,2.2099013,0.34444317,1.2035656,-0.07265097,-1.9833269,-0.9585793,0.5349577,1.3634074,-0.7522968,1.7740887,1.4908746,0.25026432,-0.17545314,0.09636981,1.1532052,0.82143885,-1.3625718,0.74928844,-1.947729,0.52611077,-0.60025454,-0.7433019,-0.4562358
0.5893866,0.62679595,1.7517899,0.43969098,1.2817311,1.3430966,-0.34864366,1.0147464,2.0566025,2.5291624,2.0203872,2.3118706,1.7400019,1.7457589,1.2090544,1.3662679,1.0101187,1.0244458,0.23992337,-0.14332399,1.7004558,0.63072956,1.0139349,1.1757777,1.9002718,2.849323,0.0498569,2.4175668,1.2402052,2.3869243,0.25996912,1.6005728,1.5046542,0.9138208,0.86598593,0.051027298,1.4378673,1.4312509,-0.2751906,0.46607527,0.9296022,0.7079372,1.4664063,0.866911,0.42684528,0.7147243,1.4084582,-0.2477458,0.72099805,1.2428913,1.9542601,1.6548228,2.3302329,0.53421277,0.58227694,0.63592917,2.209,1.2805943,2.410215,2.396217,1.6468968,1.7533139,1.446434,2.3526385,1.5898918,2.0020368,0.8947618,1.9790986,2.13859,0.48153618,0.6642372,2.2640653,2.8833563,2.096235,2.4437242,2.8203132,1.5327193,2.6193216,1.0331056,1.3190753,1.8376199,1.2038509,1.9817178,3.215548,1.0715474,1.7557441,1.474354,2.260504,0.35302618,1.4929817,0.11357694,0.4348615,2.130866,0.8122153,0.81029075,0.38627025,0.20170479,0.65855324,0.40331092,1.7658552
0.26704192,0.48966604,0.4224092,-0.5410686,-0.46102485,1.6080257,0.5649905,1.059555,0.20740652,2.0756598,0.2589069,1.6793897,1.1916624,1.1055236,-0.49513716,0.5135825,1.1087495,0.254644,0.24451253,1.3066876,0.97090364,0.8176699,1.1191106,1.1351306,1.1145655,0.045967493,-0.043905113,1.5762436,1.9677832,1.1507607,1.0369792,0.80154705,-0.8956681,1.4165229,1.470595,1.1261995,1.4527494,-0.096044816,0.5021165,1.7226024,1.1064785,0.58769006,0.8092966,-0.3487541,0.8866871,0.28125498,1.6424766,0.551798,1.2561972,0.9466874,1.5375305,0.9807159,0.8479505,1.2393707,1.205332,2.2761762,1.2101605,0.26280326,1.6821506,2.0976915,0.94996804,0.09004539,1.6268183,0.89521515,2.010184,0.5224317,2.3679967,1.2627352,0.8868418,1.5072947,0.95406955,1.6621196,1.3711551,2.0533047,1.3989791,2.2030256,0.40434045,-0.06920388,1.2570045,2.0084088,0.4387222,0.94370323,1.4993492,0.5177643,0.5301891,0.64285576,0.3149054,0.5247985,1.0445157,1.2984773,0.96288276,1.003697,1.4360919,1.0183076,0.72359926,1.2318426,-0.41285998,-0.30142027,1.2526312,0.6888196
-0.32652834,-0.067413434,-0.55998164,-0.01705547,-1.163638,-0.5806463,-0.9127532,-0.47676614,-0.2762727,0.16075917,-0.71520513,-1.0179281,-1.906027,-1.0333023,-0.95406395,-0.43369162,0.09710752,0.019898428,0.2571279,-0.42003754,1.0945048,0.30750254,-0.10736661,0.47318718,0.17469949,0.12034347,0.44079646,-0.028142577,1.1448349,0.11103867,-0.31733572,0.19371626,-0.89344203,0.23164631,-0.082510665,-1.0597227,-0.14023636,-0.19247109,-0.04576402,1.3983493,-0.9168868,-0.1152247,0.95124906,-0.016093528,-0.7435442,-0.7613302,0.3569736,0.7240034,0.03611071,-0.63793343,-0.2427661,-0.60931593,-0.6289792,-0.60409224,-0.60063714,-0.7349902,-1.5471406,-1.7413926,0.9257626,1.6068957,-0.34456876,-1.0145781,0.8085247,-0.3141184,-0.31854016,0.81649065,0.93278277,1.112067,2.3941534,0.28563216,1.9692727,1.650665,1.3337965,0.6804208,1.736219,0.3636918,0.644903,-0.3745183,-0.94266534,0.8317373,0.75616187,0.0764292,0.4164125,0.21871799,1.3459125,0.0932883,0.3942614,0.55568945,0.6505589,-0.31694752,1.1064843,-0.5438747,0.9638439,-0.11584686,1.5506861,0.22477517,1.4221392,0.62497425,-0.61352736,-0.21067724
-0.35438293,0.35469583,0.31531963,0.07394117,1.5002364,-0.27602664,1.0309465,0.6174677,2.1966,-0.3302645,0.0899625,-0.7531937,-0.61671233,-0.9443374,0.82590264,1.1675131,0.39097732,0.2735815,0.6369586,0.92218554,0.23322973,-0.53784585,-0.20667277,0.25606704,-1.4287491,-0.35858524,-1.7651178,-1.3787353,-0.6993758,-1.1327982,-0.20302191,0.24655154,-1.5335335,1.085589,0.007920504,0.40455654,-0.42137814,0.4163587,-0.4069204,0.98972845,-0.31520978,-0.3886336,-0.7625455,-0.26902825,-1.2711959,-1.4157484,-0.5594186,-0.48753026,0.16216953,-0.30449095,1.8293774,0.64099795,0.30151057,0.078237236,1.011862,0.4805495,1.3811735,2.7575417,-0.7771169,-0.6664096,-0.52468634,-0.60100627,-0.59985584,-0.60554266,-0.08117136,-0.4556538,0.088667564,-0.18797445,0.5011881,0.73780274,0.88330686,-0.31266123,-0.7277987,1.4046202,0.43620965,-0.4544155,0.13266206,0.4811312,-0.076878466,0.579211,-0.24100459,0.89000696,1.1707379,0.38029957,-0.21655646,1.3340899,0.033753656,-0.41758585,1.0496114,-0.6527925,0.7469527,0.26002502,0.25753337,0.052989453,-1.7490937,-0.25912738,0.2008376,0.2846396,0.96760327,0.42916644
1.3956988,-0.6953548,-0.5347234,-0.32317057,-0.24011119,0.82531446,-0.4471897,-0.34440863,0.19513457,-0.9521932,2.1070502,0.23449941,-0.23452604,-0.781663,0.7650745,-1.27338,-1.3374592,-1.258639,-0.9923252,-0.94801223,-1.3802885,-0.3101146,-0.8365534,-0.32910544,-0.9582817,-0.48101342,-0.4438985,0.61633414,-0.5939613,0.2798344,-0.77675617,1.5101118,1.6219604,0.32325873,-1.6173254,0.033712126,0.73398924,1.564148,0.5709048,1.3291681,0.9217363,0.11941777,-0.6306513,0.5927459,-0.56122535,1.0535232,0.19771211,-0.7655164,0.65534955,0.82237893,1.0550542,-0.3194516,0.6161216,-0.6702224,1.3613734,1.1692927,0.7572513,-0.6182756,-0.9933187,0.5697177,-0.1892641,0.31765074,-0.92609775,-1.1890541,-1.2958049,0.67114264,0.09543753,-0.023022719,-0.18319039,-1.7645489,0.016166907,-0.27977857,0.38343456,0.7555687,-0.92063785,-0.629047,-0.23420575,1.1374885,-0.4447535,1.6100754,0.5425759,1.9948549,0.03275856,0.5241427,0.28713188,1.4909549,0.6153535,-0.6297868,0.2584175,1.6586591,0.6783631,0.18528675,0.8951796,1.4922385,1.4399278,1.2967122,0.15384445,0.753592,1.9970351,1.5048125
0.32662514,0.9061627,-0.8454282,0.12820618,0.817111,-1.0642161,1.1460401,0.5915803,1.1461312,0.529169,0.36172116,1.8220971,0.049287144,0.7027904,-0.2960216,0.21233307,1.5217575,-1.0070642,0.36269417,-1.259882,-0.91193515,0.7439279,-0.10395323,0.27608112,-0.7446501,0.4792786,-0.20164748,0.26941708,0.16446689,0.66293377,-0.25435004,-0.14723548,-0.8127333,0.72613776,0.13530645,0.08213508,0.392014,-0.17968,0.98187566,-0.04702279,-0.8944926,0.90124893,-0.46048295,0.5103502,-1.1146967,-0.8859229,-1.7794414,-1.1418825,-0.31799182,-0.86366326,-0.3646372,-0.109803736,-0.5111925,-0.2765931,1.0047866,0.31071946,-0.34530625,0.46843362,1.6322342,-0.25209785,0.97269666,0.9897281,-0.27688038,-0.62182385,0.67863786,0.2856259,-0.15620537,-0.4871091,0.06946815,0.80675405,1.3622178,0.7642961,-0.34343353,-0.5195902,0.7688324,1.2419713,0.8402266,-0.018901387,0.13001873,0.23232104,0.9124412,0.54249287,-0.18279369,0.3396008,0.933822,-0.38894618,1.4479934,0.5171028,0.30852917,-0.22978306,0.88289446,2.8604872,1.4327412,0.729457,0.8092595,-0.74672693,-0.5062808,0.8809461,0.68172574,-0.33519533
0.22823523,-1.2980375,-0.7379624,0.6983457,-1.5413983,-2.0725615,-0.34613803,0.6143611,-2.6347046,0.049586967,-1.0386133,-2.289865,-1.5002682,1.0485477,-0.2978756,-0.15570089,-0.88385916,-0.40173012,-2.3940637,0.42804822,-0.2651341,-0.29875576,0.1298415,-0.45269427,0.40745282,-0.3487428,0.5630606,-0.0385297,-0.08529915,-0.28110498,-1.0300317,-1.6598778,-1.693806,-1.3353974,0.90549916,-0.046776917,-0.29435086,-1.4995773,-2.0338714,-2.2591538,-2.10985,0.101850174,-1.1628698,-1.1489913,0.0877695,-1.2463923,-1.231308,-1.0205972,-1.1226665,-1.7827168,-1.8778507,-0.79103976,-1.0069277,-0.18464795,-0.8447643,-1.3709935,-0.08610114,-0.53499764,0.06710859,-0.43650618,-0.24154621,-0.4029121,1.0185,0.22115341,-0.29880902,0.89795196,-0.44827256,-1.1956929,-1.4771659,0.29214948,0.80211645,0.94405526,0.042477455,-0.85680795,0.31130332,0.21758366,0.17644893,0.37977004,-0.32419384,-0.69752645,0.13499387,-1.157503,-0.43006992,-1.0466701,0.6141089,0.9116859,0.024859149,-0.3793713,1.1449647,-2.3981755,-2.4914446,-1.0406201,-0.27440625,-1.1906434,0.17244038,0.10723768,-1.5527463,0.07226061,-0.23861547,-1.1644037
0.7912674,-0.66364384,1.12692,-1.2007649,0.36088577,0.25011158,0.84290004,0.44123575,-0.52392787,-0.016789554,-0.20631787,-0.7465739,-1.4744997,-0.2688406,-0.4156536,0.33644065,0.9206653,0.33241415,0.50508237,0.70134354,-0.9135129,0.13741218,0.779717,-0.28100762,-0.11596038,1.3433999,-0.72419703,-1.5954981,-1.0371497,-0.69763017,-0.17745318,-0.4130002,-1.3049643,-0.4437816,1.2971978,0.13090795,-1.0366528,-1.9442403,-0.9789727,-0.2624748,0.04679451,1.5960913,0.04554755,-0.8968603,1.6295431,-0.984237,-1.560988,0.21819976,-0.9373679,-0.38365075,-1.8421069,-0.37976778,-0.24299361,-1.6568182,0.7079169,-0.2568077,-0.2936959,-1.323611,-0.5448373,-0.8072677,-1.4869825,-0.9500785,0.21052401,-1.3962314,-0.116675414,0.17778973,-0.4855885,-0.5267114,0.30900425,0.7613277,-0.83991957,0.2759962,-0.085747145,-0.0854183,0.10590508,-0.25531214,0.48229772,-0.737592,0.08574464,-0.6647333,1.6551462,0.13748717,-0.4802165,-0.38674012,-0.0078243455,-0.20027897,-0.025685193,-2.1910353,2.1592765,-0.3443806,-0.11143818,0.036150053,0.544669,2.0712168,-0.7294301,-0.80292505,0.23534082,-0.44227627,0.066786796,-0.5902338
2.5040023,0.62809056,0.3379638,-0.9582543,0.5818936,0.08032085,1.6200995,1.438288,-0.5464463,0.06942539,0.5436389,0.15498914,-0.6937274,1.1454759,0.6021489,1.002145,-0.099082,1.1051033,0.48891923,1.8441681,-0.21707739,-0.44498864,0.16228016,1.0690094,0.27760124,-0.86246514,0.3002895,-0.6095376,0.34899116,0.15373781,0.8106013,-0.5229983,0.15458536,0.48002955,0.37142098,0.87909806,0.17721109,-0.7435588,-1.9577764,-1.2059523,0.21133931,-1.1771303,-0.8457743,-0.5933225,-0.12786551,-0.9586516,0.09161022,-0.017565437,0.22652079,0.4604501,1.2616599,0.0066909255,0.53079486,0.03589555,1.0886823,0.6865052,-0.5593936,-0.38139263,0.33113673,-1.7152927,-0.2482298,0.26626277,-1.1400658,0.39995506,0.12988946,0.08008781,0.5875987,0.18946083,-0.3877955,1.5043505,0.7421811,-0.24195391,1.378843,-0.50119025,-0.3542127,-0.6516418,0.38034636,-0.16919963,0.6041419,-0.2542717,1.2901119,-0.1582052,-0.31702626,0.07600665,1.0272666,-0.15466426,0.3559766,-1.6782421,1.2597319,-0.8268303,-0.66505045,-1.2984596,-0.6117953,0.21440898,-0.85903066,-0.95545274,-0.970028,-1.2262516,0.25629902,-0.39260855
0.81054145,1.448932,0.55948514,0.8782396,0.7363517,0.23099244,2.2526863,0.7273584,-0.09338301,0.13757817,0.92252505,0.7832137,1.2970724,0.89785874,0.80422395,0.88363147,-0.3900819,1.4821819,1.0391126,1.5017573,0.7420243,1.5172735,1.6385816,2.3020554,0.5300427,0.4110974,0.0791996,0.076756015,0.7512354,0.41278914,-0.40341854,0.27551568,-0.4815302,0.43990394,0.3994822,0.45648912,-2.0685825,-0.9298954,1.0936176,2.0248494,0.21014497,-1.836929,-0.14807262,-0.3576648,0.5340048,-1.6157296,0.2428796,-1.3503817,-0.27714637,-0.1948554,0.87117386,1.4266769,1.875876,0.8308772,1.6134909,-0.16781226,-0.27396074,-0.26190546,-0.35007122,-0.8504596,-0.088598736,-0.5764874,-0.86236066,-1.1367501,-1.447424,-0.21442054,0.84987926,-0.4503168,-1.287892,-0.22245358,-0.3563508,0.78393704,-0.7578199,0.32926098,-0.017072171,-0.2625591,0.9372075,-0.0893168,1.4190964,0.6945129,1.0354844,-0.9286773,-0.27698487,0.20988719,-0.24262784,-1.3663826,0.38049036,-1.4308268,0.22960062,-0.74757844,-0.8710807,-0.41990578,-0.5540229,-0.15552372,-0.94553304,0.44772297,-1.0096886,-0.13269469,-0.46072912,-0.03889615
0.34235895,0.09133878,-0.3227841,-0.32472834,-0.31728762,-1.1255918,1.0565019,0.43905154,-0.024024522,0.14746787,-0.88022393,-0.7111078,-0.6139246,-2.1885548,-0.8438579,0.7649832,-0.21665017,-0.54412544,-1.228442,0.555333,0.7940012,0.33590215,0.007077325,1.0148224,0.50390387,0.096563905,0.45784304,-0.28227574,0.21544768,1.0262709,1.5889068,-2.175579,0.31181115,-0.45413977,0.44757324,-1.6326818,-1.5782943,-1.1580158,0.64180446,-0.39918056,-0.9970189,0.63689804,0.2221812,-2.1960166,0.88292795,-1.5225202,-0.3665301,-1.1515723,-2.0600524,-1.5015491,-0.78870565,0.2797347,-0.941862,-0.665966,-0.5630926,-0.82038337,-0.09718738,-0.11418929,0.4065088,-0.09522605,-0.82168347,0.18318608,-0.5996036,-0.45587575,1.5783833,1.0065513,-0.5993765,-0.45446005,-0.32321203,0.33888444,1.800101,-0.93159306,1.0294627,-0.26681605,0.69870245,-0.28276515,0.21809179,-0.58036304,0.18957019,-0.61455137,1.1421595,-2.4366848,1.0351863,0.17609102,0.5917074,-0.8462783,-1.4651942,0.065155745,-1.2469702,-1.031702,-0.82876104,0.66986483,-0.74218404,0.17604552,-0.60427743,-1.3442204,-0.8357664,-0.13755435,-1.6535615,-1.3673593
-0.54499793,1.0735177,1.7436333,1.6870906,1.546243,0.63994765,1.1817724,1.665497,0.49506375,0.35918638,1.5819799,0.6660379,0.19715822,0.7742609,1.5256528,0.7767983,0.75105906,0.70505905,0.6384727,-0.8491431,0.8274404,1.862501,-0.09059551,0.45144758,0.25668308,0.92719215,1.5539889,1.4326806,0.99620396,1.1729223,0.5967307,3.1400046,1.4172915,0.6273589,0.31414267,0.33685258,0.6015702,-0.11408627,1.3846513,1.0550282,0.20351295,1.4189565,1.7216699,0.015456312,0.14647554,0.98197305,1.9382609,-0.45059884,-0.100497894,0.7038035,1.1171079,1.1634718,1.218159,1.1507716,0.8961591,0.6608597,1.1750004,0.26889488,0.4778831,-0.0470016,1.484201,-0.2793156,0.47406113,1.5656753,1.5495127,1.6382937,0.8714904,0.3920946,1.0575303,-0.05514884,1.6291935,0.5048974,1.2390851,1.4951109,0.80855167,1.3989152,1.041517,0.885129,0.3642945,0.7705036,0.4083447,0.48961383,1.8924904,0.7258646,1.6148255,0.71202064,1.6689277,1.2552911,0.1941198,0.79477805,-0.036424622,2.5413868,1.4362448,1.8826234,1.4469763,0.28326768,1.8272148,0.12748992,-0.47315544,0.7343338
0.4242986,-0.14828648,1.1278776,-0.072465114,-0.17855155,1.1102091,-0.19628675,0.092594765,-0.5375439,-0.20957515,0.66368437,-0.03400339,2.1194096,0.7600824,0.5306505,-0.031170718,0.4228207,-0.44914728,-0.35883218,-0.9685341,0.594467,0.5895118,1.5916307,-1.0551356,0.2962728,-1.571596,0.19073938,0.84089583,0.34931508,1.6917493,-0.760047,0.7201125,-0.69391423,-0.32536638,-0.6723729,0.6902842,0.48435286,0.8470171,-0.17964089,0.27033177,0.5930192,0.24327064,0.3576404,1.4097165,0.12632284,1.6530188,0.20296569,-0.40766573,0.8505198,1.3028585,0.8163156,1.1304411,0.9334076,0.8359393,0.9436205,1.3244878,0.40972376,-0.5643901,1.3225509,0.3473855,0.00698982,0.5449483,2.740626,0.91447955,-0.75810146,0.6740673,1.7454681,0.40383154,0.5219787,-0.18173243,0.34000948,-0.8052981,0.043502726,1.6935279,0.2983241,0.16693033,0.93374455,2.6831036,0.83838814,1.1149127,-0.6535429,-0.6197793,1.5319407,0.60238004,1.1969359,-1.2411404,1.1569657,1.1436723,0.010585975,0.33148217,0.15908773,-0.5651828,1.2945104,1.2265818,0.67542017,-0.00438164,1.8148402,-0.39877963,1.1104554,1.0898979
-0.46761715,0.27633178,-0.219588,1.0055276,1.1719707,0.84129786,0.19478735,-0.21283546,0.4849048,0.34974003,1.3774445,0.7884067,1.7942758,0.13162673,1.0339346,0.22560488,1.6685687,0.7859783,-0.37164703,0.16413228,0.46256113,-0.16717201,0.87117994,-0.6168112,-0.8149012,0.46993646,0.39366302,0.89148766,-0.59290993,1.054169,-2.264546,1.542419,0.2410204,-0.7593078,-0.71734786,0.17915206,-0.68805,0.9734362,0.42854172,1.2706709,0.962077,-0.7219889,-0.043584358,0.6945294,-0.33953694,1.3341179,0.12388275,0.032590564,0.51720273,0.2651922,0.8114212,0.9354036,0.41548705,0.42911744,0.26590276,0.08314168,-0.13565868,-0.23203926,0.15288074,1.5336655,0.78632843,1.8176216,-1.1698213,1.6808398,0.8906626,-0.11773641,-0.42191294,0.23587506,-1.1632425,0.6107629,-0.24861684,-0.41087207,-0.94407386,0.8162209,0.32332677,-0.6128422,0.43590677,0.35723874,-1.9898615,0.3343652,-1.6514721,-0.000110713474,-0.8701431,-1.4181393,-0.23420699,-0.99967617,-1.5796082,-0.50172627,-0.5820488,0.35517827,-0.70891577,-1.6705832,1.1121385,-0.068562895,0.46133885,0.22026134,1.064249,0.31290478,0.38464803,-0.033952165
-0.23234782,-0.8757697,0.281471,-0.8151936,-0.6088815,-0.35694733,-1.1862744,-0.47943935,-0.002071023,-1.9784703,-1.3469212,-0.8467153,-0.88161236,-0.43583295,-1.2965177,-0.445994,-0.94174486,-0.7330554,0.14802156,-0.7095342,-1.6022377,-1.6898211,-2.0978994,-1.214299,-2.1844916,-0.6650954,-0.23357722,0.24650209,-0.59006023,-0.47704208,-0.50711465,0.6103926,-0.14224927,-0.62421876,-2.074717,-0.47983587,1.4679346,0.86523277,0.9978761,-0.32906622,-0.22040077,0.45702547,-0.9773334,0.91715264,-0.75545424,1.3269577,0.25347516,-0.35879332,0.185814,1.2677158,-0.2862856,-0.277078,-0.60952383,-0.4757251,-0.058858387,-0.30738238,-0.14939111,-0.5484114,-1.6793104,-0.52999383,0.21926124,-0.95635265,-1.273192,0.17388383,-1.4421687,-0.65016973,-0.31569073,0.5151254,0.23140733,-1.0135442,-2.0454671,-1.1613381,0.15419573,-0.14367414,-1.534201,-0.66956973,-1.0834447,-1.9476826,0.0644513,-0.56898403,-1.163759,-0.61684746,-1.5262552,-1.6659199,-0.39487135,-1.0081336,0.23885927,-0.5867136,0.66241163,0.7891318,1.5480818,-0.3313569,0.27244744,0.34138602,-1.0302173,0.05574379,1.2242863,1.050981,0.5010433,1.4083954
-2.1138582,0.09461816,-0.18405336,-1.310635,0.4212318,0.5156125,0.8292684,0.79201704,0.28169924,-0.1434219,0.06482871,-0.48721817,-0.90293175,0.08885975,1.2341365,0.123282604,-0.03034414,0.73152864,1.1740632,0.4917193,1.2397627,-0.8884061,-2.028333,-0.35202315,-0.91036993,-0.8417485,-0.7661001,-0.112736806,-0.3301508,-0.42318037,-0.23331195,1.1888368,-0.07589482,0.22039084,-0.68927205,0.50022954,0.08388129,0.5389563,1.5609872,0.28966537,0.2769597,-0.5141594,-0.0385303,0.19727516,-1.7627835,0.2506914,1.0016563,-0.49618515,-0.033451885,0.6095546,1.3999203,0.91576505,-0.15005358,-0.33565187,-0.026520649,-0.36938626,0.19005299,0.3069549,0.35233968,-0.8800808,0.22677106,0.34864146,0.8656481,0.46986216,0.80247253,1.1241173,0.09388181,-0.49824923,0.50974035,-0.9404202,0.8279876,0.4096993,-0.29113415,0.05478494,-0.8743039,-0.948595,0.40578315,1.5392511,-0.050004035,1.0336013,0.2177698,0.7385548,-0.6590102,-0.70738256,0.37537792,0.39575693,1.7260787,0.37198073,1.1982086,0.81964564,0.90178746,0.30803263,0.2509762,0.053673558,-0.7923871,0.6499715,0.35306123,0.076638155,0.51228255,1.1776826
-0.2496419,-0.6015083,-0.13236783,0.12112656,-0.69901717,0.032609366,0.17492862,0.51697147,-1.0155692,-0.18047856,0.72322106,-0.6336191,0.4229873,1.2098664,0.6410039,-0.31813797,-0.39116764,0.39651555,-0.6084142,0.6646732,0.47842354,0.1929032,0.87017876,-1.8917333,0.07944942,-0.8586987,-1.9401371,0.27198032,-0.34536657,0.39386424,0.4188932,-0.017350765,0.5779941,-0.94762295,-0.16704008,-0.07927815,-1.0728759,-0.91805005,-1.1935581,-1.2012649,-0.778111,-0.8918777,-0.961899,0.83392155,-0.38253325,-0.26467198,-0.420165,-0.54134727,0.13692683,-0.8011147,-0.52288264,-0.3734834,0.3327736,-0.91700345,0.48483878,0.05866243,-0.45369804,0.08787702,-0.50287646,-0.7674317,-1.4945455,-0.752263,1.3815087,1.8565305,0.054797202,2.0745592,-0.24276926,1.0373632,0.25537342,-0.361758,-0.018387947,1.1355561,2.8428414,-1.6072153,-0.62252295,-0.6246717,0.47157586,0.6580473,1.6579443,0.39596236,-1.04572,-0.5188524,0.058229018,0.15485826,-1.0650818,0.9970655,-1.6253396,1.1289787,-0.25118387,-1.3261688,-1.4868361,-0.25540724,-1.3707526,-0.74775755,-0.862184,0.32942462,-1.056383,-0.9366031,-0.27141717,-0.30483058
1.1908,1.5262595,1.2716141,1.3045927,0.48485026,-0.46887803,0.5897102,0.72692126,0.2858353,2.090065,-0.67446846,1.0746522,0.83154374,0.0457649,1.3938164,0.97286296,0.49114823,0.49476436,1.4893751,1.227114,1.6626633,1.5729933,0.44251525,1.9363408,1.8423378,1.8644558,1.0389565,0.08962334,1.2495786,0.839481,0.7322456,1.0668603,0.034497485,0.5211461,1.8081334,-0.8882136,-0.23585816,-0.48389763,0.281478,0.7127409,-0.5705203,0.38589576,1.5041113,-0.32660574,0.084976315,-0.15133035,0.7740047,-0.2420357,-1.1286958,-0.95778435,0.74894506,0.9349364,0.7424551,0.2800557,0.6216639,0.485733,-0.52730536,-0.3887456,2.3196728,0.23502803,0.71257156,0.5343352,1.0796313,-0.20867407,1.1714406,-0.2040298,0.73503655,1.3140017,1.6802932,1.0503811,0.25414783,2.9698224,1.4023447,1.9626178,1.3261966,2.2709935,0.4997933,0.48750165,1.5265425,0.7461196,2.7202597,0.10597249,0.5336816,1.7548065,2.486815,1.4294168,0.76291734,-0.79928607,-0.16331731,-1.4159133,-0.35719427,1.4368594,1.3796725,1.1408515,1.7224973,-0.04897561,-0.46812907,-0.12795657,-1.0798403,-1.6084386
0.078758836,0.85489637,0.5675304,0.30790234,1.1470202,1.1419595,0.078414105,0.12348871,0.51000434,1.7290788,0.86256886,0.5259105,-1.418699,0.0832017,0.06950899,1.5779436,1.1216892,0.52528703,-0.56820375,0.1426272,-0.50389075,0.33819032,-0.09212657,1.3689307,1.2744234,0.5407751,1.0023625,0.1930226,-0.2593462,-1.31549,-0.32139936,-0.6135734,1.6785913,0.6011516,1.1042576,0.30032098,0.8211647,0.31146565,-0.24239746,-0.033440296,0.2866948,-0.059166826,-0.4300153,-0.81680626,1.4796125,-1.0919496,0.010905544,-0.52396226,-0.61916727,-0.08785721,0.28544116,0.62432,0.1914496,-0.785404,-0.35139197,0.24798591,-0.13863772,-0.109670185,0.7906625,0.82312036,0.32248357,0.32768986,0.5387264,0.56442946,1.6969348,-0.027212363,-0.11245682,0.9787489,0.7937103,0.5142771,0.3955824,1.0419517,0.64734375,2.1038687,0.6236777,1.8833596,1.0923339,0.40836263,1.2838271,-1.4775387,2.158538,0.7727001,2.107197,1.2227843,2.2870088,2.808906,1.3328457,0.6522839,1.2593718,-0.21353935,0.26732174,0.87252676,-1.0460075,0.6813475,0.15072912,-0.6379087,-0.81708086,0.7185191,-0.93926656,0.2664298
-1.164615,-0.16387083,-1.5618932,-0.526368,-0.48079616,-1.6411467,-0.2587293,-1.794385,-0.477809,-0.26704985,-0.7956039,0.08708805,-0.54247916,-2.2622707,-0.22666909,-0.8145599,0.101587914,-0.58208627,0.30193445,0.115210235,2.5230846,-0.9497564,-0.17715788,0.9262081,0.0365764,1.3575485,1.3025248,1.4271444,0.15534306,0.030441465,0.26675773,0.47587478,-0.20771389,-1.5298705,-0.52449834,-0.19538306,0.52957416,0.21507965,-0.23231727,0.16023402,-0.36045462,2.4913447,1.2652189,-0.7367628,-0.037567303,0.45316073,-0.80870104,0.34344712,-1.2264233,-1.0416228,-2.486681,-0.9948533,-1.9501048,0.26933056,-0.86000276,-1.2033926,-0.33896777,-0.96721375,-0.05771018,0.021287704,-0.50510126,-1.781311,0.7720728,-1.1347238,-1.2730135,0.0397379,-0.4050252,-2.78687,-1.608729,-0.29735482,1.7449707,0.91660804,0.8499193,0.83259946,0.5475679,0.8995279,-0.72546965,1.361711,-0.147378,0.080416374,0.99372125,-0.50488406,0.5431257,-0.221972,1.1162785,-0.76952416,0.6249525,1.0199946,0.28590602,0.58086175,-0.426739,0.6074219,0.12494027,0.6604034,1.1355289,-0.38893056,-0.5945413,-0.98643535,-1.2253627,-0.5080172
1.0946891,1.0055722,1.2614965,-0.06415759,0.9724862,0.83874047,-0.6697182,-0.78093433,1.0963981,-1.3578814,0.12881412,-0.28793693,0.12448983,0.14552374,0.025116162,-0.49235505,1.4353582,2.2652733,0.708419,1.8936354,1.392939,0.100003846,1.4598526,1.1989373,0.02642237,-0.98938483,1.2117984,0.99665815,0.6261084,-0.10068292,0.9722184,0.5212433,0.3429434,0.4873271,0.45502654,1.2543032,2.1717224,0.81443864,-0.010854089,0.7216201,1.9147116,2.5243716,1.5647521,0.99128306,0.26897386,1.2814089,1.2525198,1.5720809,1.1649508,1.4886497,0.5752028,0.6522847,0.91406447,1.0608027,1.8006482,0.79346216,0.5112764,0.42848098,-0.8478585,-0.49674058,-0.36644787,-0.3361178,-0.27152795,1.4116395,0.7602404,0.7877452,-0.03057019,0.67043376,0.5533306,0.6948465,1.0543842,-0.0027071433,0.9062736,-0.06371735,-0.1362982,0.5199877,0.8697628,0.7381589,1.6022649,0.43302467,0.9843143,0.85096663,0.886069,0.32947147,-0.19966593,1.2053789,2.0315573,-0.4442959,1.2363389,1.7055286,0.95830274,-1.1711823,0.43876666,1.3033293,0.44111377,0.08341243,0.61864525,-0.35977858,1.437821,1.4599423
-0.8092242,0.1144778,-0.33573997,2.117531,0.9764881,2.7659943,0.6952576,-0.7343712,-0.3247025,-1.7191737,-2.0293188,-0.6895812,-1.0603968,0.5935188,0.3116074,-0.12585828,-1.4216437,0.2728376,-1.065925,0.9983238,-0.4693461,-0.35384282,0.8701538,0.31155336,-2.342142,-1.3199987,-0.6309646,-1.5373824,0.15561432,-0.943867,-1.670997,0.43364716,0.4439623,0.41915834,-0.10763962,0.8050168,-1.0587535,1.189313,0.7930368,0.814198,1.5563222,1.216128,0.23343554,1.164103,-0.3606969,0.5145376,0.26420942,1.3542904,2.0069573,1.0320127,0.506203,0.51748216,-0.7438597,1.388413,1.873916,1.6578387,0.43304566,-1.3986815,-0.88760054,1.3443484,-2.3275292,-1.5097916,-0.5348512,0.96446574,-0.37679088,0.18007237,0.29921174,0.4756755,-0.34012002,0.39025024,-0.30402943,-0.39046437,-1.8354065,-0.09464982,-1.870326,-1.2535303,-1.549124,-1.2427871,-0.7073904,-0.35349187,-0.37252623,0.3637214,-0.32142287,-1.0694808,-0.0668485,0.679039,-1.7156472,-0.8061544,1.5735693,0.6744491,0.2618978,-1.1318487,-0.0058890823,-0.9195459,-0.08821217,1.5984464,0.8767066,1.975083,2.2130296,1.129371
2.3270438,-0.14937507,0.45057017,1.3313603,-0.19101512,1.0141695,1.0098397,0.5067024,0.17088936,-1.7829823,1.2831936,-0.8616725,-1.0113584,0.29847807,-0.54141384,0.35771298,-1.681516,0.10194708,-0.66582614,0.8771201,0.80415636,-1.8033787,0.120395795,-1.8356694,-1.7167554,-0.9361226,-1.4316107,-2.3306315,-1.7861837,-0.11319469,0.1316789,0.21667242,-1.3331578,-1.0693274,-1.9479563,1.0139537,-0.06765761,0.3489747,-0.07899495,0.82014805,0.5229489,-1.1919117,-0.8159669,0.3249428,1.0001729,-0.066478536,0.031209195,1.1016881,1.9703064,1.1547196,0.45368052,0.33695498,-0.41117,-0.28981274,-0.27569863,1.6486795,0.24418502,0.17171066,-2.3805504,-1.6687045,-0.87172776,0.31897756,-0.43164295,0.4200243,0.016286086,0.6730871,0.65915567,-0.6880178,-0.3222001,0.3527077,0.9780331,-1.28535,-0.1019583,-0.05822653,-1.2838128,-1.6059,0.07084227,-0.5070102,-0.70086247,-0.17345305,-0.86414206,1.229655,0.29233757,-0.19833972,-0.76037073,1.295428,0.93967324,-1.5854971,1.4914036,1.9922782,2.5592961,-0.3679488,-0.82523274,-0.1873426,-1.8069676,1.1746205,-0.5166162,2.0107257,1.750207,1.4218844
-0.14812978,-0.10809105,-0.49203944,-0.58477414,-0.7804371,-0.26803863,0.11628516,-0.86768305,-1.2822442,-0.40031382,-1.1815869,-0.47099954,-0.9680995,-1.4731729,-0.95519245,-0.53360224,-0.74118984,-1.1646711,0.52820975,1.2062128,-2.2607777,-1.1479037,-1.1487176,-0.114771225,-1.0685014,-1.1306316,-1.5161443,-0.8867067,-1.568399,-2.1616213,2.0347874,-0.59784615,0.46778297,-0.8089084,-0.66439044,1.1741247,0.8612945,-1.9139891,-0.95520055,-0.16265333,0.756598,-0.22439156,-1.6569831,1.1298914,-0.5600946,0.40224484,0.31549045,0.96928895,1.235383,0.30866247,-0.6578562,-1.5485436,-1.3431113,-0.82809955,-1.4489033,-1.4558008,-1.5049505,1.462933,-1.5732733,-1.0109046,-0.8551771,-1.3721498,-1.2444,-1.4986609,-1.5351361,-0.8719882,-0.28962317,-1.0545863,-1.8604776,-0.75096995,-0.36867538,-2.2680676,-1.0138099,-2.2105966,-2.3841105,-1.9943155,-0.030399695,-1.6817883,-1.317418,-1.1454153,-1.6549133,-1.4010025,-1.5059981,-2.7041402,-2.1819997,-0.1055703,-0.85892624,-0.69499415,-0.64698225,0.08279338,-1.1490103,-1.8973256,-1.1289577,-1.0063307,-2.4116704,-0.04726439,0.32213748,-0.56053054,0.2308767,0.13597748
1.3749132,0.4379771,0.09951283,-0.5357959,0.65393573,1.4913801,-0.81862426,0.705947,-0.121276595,0.21236733,1.2561262,0.11124743,-0.38888416,0.87075794,1.1482735,1.1489878,0.36031884,0.8494654,1.1041851,0.5634164,0.80562264,-0.35802722,1.1606652,-0.082838014,0.823086,0.23044522,0.16250643,1.1764431,2.0105107,0.66731983,1.4537472,1.1605302,-0.0014744682,-0.5309418,-0.16544613,1.1356578,2.2375493,1.4164938,0.636656,-0.34214166,1.2465563,2.468153,0.19298598,2.379183,-0.025204167,2.0978994,0.041395146,0.9735597,1.4336482,1.7978556,1.056035,1.507888,0.3515897,0.6548402,1.5572951,1.6613079,2.047494,0.020072963,0.95805186,0.6530445,-0.41507047,0.24709655,0.20258999,1.7146976,1.9219784,1.1213561,1.6982996,1.1887237,1.7012544,2.2447336,2.3240309,0.45691964,1.3789413,1.6630645,-0.17181732,-0.5261104,1.2863581,1.3117108,1.7371085,2.5616415,0.009844744,0.5912939,0.20698932,0.38676158,-0.35767514,0.4763402,1.6214069,1.930354,2.5423894,1.3417507,-1.0289567,0.10169143,0.72377247,2.2731428,0.91871786,2.1361973,2.5826771,0.3827329,1.117774,1.608595
-1.4577464,0.47814393,1.0298072,-0.0040659206,1.1225101,0.6340101,0.6978224,0.28271863,0.0022170348,-0.35915372,0.9072354,0.009050796,0.6127543,0.58816755,0.104455546,-0.7004552,1.4288272,0.041234806,0.4150908,0.9774202,0.6482785,0.09089861,0.32398686,-0.00066355773,-0.7662149,0.361238,-1.4530876,-0.62532765,-0.9587196,-0.6649261,-0.34734896,-0.91435915,-1.599816,-0.15929957,-0.4514106,1.3691714,1.8807944,-0.3704997,0.87399703,0.78394634,0.47422403,1.1868428,-0.58371574,0.12698151,-0.36353308,0.8793738,-0.11773041,0.44629914,0.112488754,1.1806064,-1.0853423,1.2365948,-0.039544243,1.672779,0.8922345,-1.1939241,1.3413892,-0.121439524,0.7086529,0.25941253,0.44020602,-1.7901354,-0.81303996,0.073781736,-0.11766152,-0.6191254,-0.49270523,-0.82839847,-0.3902521,-0.79498374,-0.19995481,-1.6894889,0.37170622,-0.48176223,-0.80717045,-0.29654083,-1.5578979,-0.3644295,0.4064367,0.71682453,-0.9264557,-1.0797476,-0.23747598,-2.1901133,-0.09737532,-0.16807747,0.46537682,-0.10118353,1.630491,0.965077,0.058855504,0.28078964,-1.3463544,-0.016272115,-1.4744478,0.34190717,0.07901746,-0.5783815,-0.12645158,1.032769
-1.1636465,0.038209893,-0.5091004,0.013386859,-2.058984,-0.91629267,-1.450879,-2.1664228,-1.4064598,-1.9451659,-1.7391655,-1.677943,-0.8094698,-2.2016368,-0.84364235,-1.4872825,-2.8732603,-1.5839657,-1.0172839,-1.8125356,-0.033262234,-2.2504938,-1.6258675,-2.075111,-0.8925524,-2.130347,-0.8701977,-0.4412146,-1.702828,-1.2851672,-2.7472184,-1.5821278,-0.87068176,-2.366786,-2.3362048,-1.165204,-0.67283684,-1.4417781,-2.236247,-1.9392617,-2.3114195,-1.9946365,-3.3560188,-0.8504384,-0.9013812,-0.78139013,-2.4421449,-1.4491439,-0.20376547,-0.620247,-0.11369392,0.4245782,-1.1816026,-0.5130017,-1.2421856,-0.78622025,-3.339714,-1.6876161,-1.8261249,-0.70522654,0.50470203,0.27915254,0.30761784,-0.48543602,-0.24102461,0.097163156,-1.4661794,-0.50498396,-1.2789941,-0.7749416,-0.8813006,-2.3087838,0.1098744,-0.79867244,-1.1285055,-1.279201,-2.327124,-0.97543645,-1.2539624,0.07160153,-2.0991914,-1.6043893,-1.5374616,-1.2455343,-0.75411946,-0.88934827,-1.9282448,-0.3285701,-0.47828588,-0.2368553,-0.7529907,-0.74552864,-0.46894524,-0.6922568,-0.6523868,-0.07128115,-1.4088354,-0.83930534,-0.1380596,-0.7800679
0.619965,3.4122727,2.0325768,-0.18239187,2.4081352,1.5173439,2.4280856,1.978225,1.6096488,0.98781943,2.8198354,2.0377529,1.9558581,0.83584535,3.3055756,3.721215,1.2241908,2.9019945,0.6097062,2.4863708,2.625434,-0.026088731,0.6452273,1.5578291,0.074162625,0.62235534,0.62129486,0.18713707,1.7279553,0.7729477,-0.2925294,0.06492449,1.5887684,1.1930393,1.0863144,2.3065877,-0.002341539,-0.4191432,0.83396643,1.8120737,1.8748642,0.25023562,-0.3203457,-0.191384,0.9942511,-0.0034255956,-0.24263568,-0.38001978,0.6194334,1.0779322,1.9791988,2.9135954,2.0048497,1.239362,0.9996644,0.5265947,0.32412127,0.24890786,2.044329,2.530284,3.2943113,3.0150464,0.97622436,0.5352375,2.5428607,2.8217382,1.564047,1.939697,-0.26779988,2.5124145,1.3085496,0.42504054,2.323469,0.27349836,2.1803212,1.4195881,2.9869025,0.8648633,1.7822423,-0.23065788,1.2480724,0.61392003,2.100706,1.3004917,0.954202,2.0824263,0.89900947,0.1273607,2.216423,1.4166662,2.554781,0.17065589,0.5305581,-0.48136604,-0.34458122,-0.07794661,0.52544385,1.232858,0.801714,1.8063424
-1.1648163,-0.97378683,-1.5424516,-1.7354906,-1.999895,-1.505734,0.50729525,-0.74507207,-0.71486354,-2.386028,-1.0275725,-2.8335285,-2.4782145,-1.7890555,-1.8370497,-0.96831346,-2.566812,-1.5362213,-2.294673,-2.0407543,-0.7231521,-3.480433,-2.755075,-2.5892513,-1.1560876,-1.9686708,-2.4565322,-1.3850019,-1.1105251,-2.3294945,-0.62276244,-0.7555235,-1.5807735,-1.9494184,-2.6075134,-0.6084458,-1.1190633,-1.3320951,-3.5834727,-3.3059528,-1.8014755,-1.2936281,-3.2517805,-1.4857261,-0.63102543,-1.8749888,-1.2064117,-1.6308445,-0.7749035,-0.39125493,-0.97266024,-1.6374757,-0.9011512,-1.1487442,-1.9117401,-1.7648196,-1.1824055,-0.6824893,-2.6083891,-1.064663,-2.5157268,-2.0287902,-1.373359,-0.6484078,0.001255049,-0.7240468,-2.2891502,-1.3623347,-1.5573924,-0.3333966,0.16212583,-2.0866473,-1.5920525,-1.6244441,-1.715451,-1.3631989,-0.45333946,-1.1954962,-0.6420183,-1.4203889,-1.3993706,-0.89298177,0.14027861,-1.4670596,-0.17493366,-1.4980062,-1.4530128,0.08048671,-1.5082078,-0.8629052,-1.4297416,0.055650868,-1.6612633,-1.9550308,-1.3644348,-1.1944861,-2.1720457,-2.159004,-0.65579754,-1.024926
-0.49222517,-1.9662944,-2.5575466,-0.24834162,-0.6412355,-0.8133287,-0.18556166,-0.99031484,-1.2995721,-3.504162,-1.8599168,-2.8953774,-2.8114853,-1.3469676,-1.9762868,-0.6149896,-1.4532892,-1.5054498,-1.3446163,-0.7520029,-1.5514898,-2.2547333,-1.6152854,-1.4718044,-2.4875474,-3.428737,-1.3514181,-1.5248834,-3.056084,-2.0574903,-0.8852471,-1.6865551,-1.6511269,-1.7645271,-2.5655446,-0.8843122,-1.2138641,-1.2931219,-2.578717,-2.806388,-1.1698368,-1.2349069,-3.2847269,0.4465172,-0.9266486,-1.3668214,-1.9975663,-0.8354942,0.11140414,-1.1036266,-1.1438059,-0.80672467,-0.13810654,-1.1354654,-1.6214324,-2.2351139,-1.3307488,-2.1342294,-3.4245548,-1.326732,-2.633752,-2.7819462,-0.532274,-1.2280653,-1.9802548,-1.2157061,-1.9242694,-1.4564239,-1.6282276,-2.323297,-1.9655894,-1.3880155,-2.548561,-2.1866796,-2.0413134,-1.4023327,-2.3215942,-1.866833,-1.8442811,-2.1267784,-0.7638582,-1.9525088,-1.0752774,-2.6083772,-2.2693987,-1.9901469,-1.5978671,-2.3303246,-1.2927577,-1.1863286,-1.6588581,-1.6399459,-1.3393154,-1.9305989,-2.8955035,0.22831942,-0.5855801,-2.8181632,-0.8784654,-0.72724235
-0.0031378418,0.06004247,1.6439009,-0.7278868,0.048512526,-0.6093991,2.028234,0.88194036,-0.43610376,0.8304222,1.0921272,-0.62791204,-0.58002824,0.37090045,0.08943406,1.4072341,0.5960705,-0.9973692,-0.38812178,-0.07241283,-0.83328253,0.457092,1.0135343,0.20139405,-0.6271542,0.17356935,0.9438144,-0.41954166,-0.43849787,1.7853693,0.017609285,0.05131104,0.4589879,-0.8277938,-0.84556055,-1.1543288,-1.0290029,-0.50609756,-0.6286494,0.9084856,-1.1663355,-1.017205,-0.31898752,-2.0728946,0.86076933,-1.2434995,-1.224889,-1.7631537,-0.78482974,-1.486277,-0.4209417,1.0931169,-0.33446005,-0.88129884,0.8072741,-0.3937512,0.033491313,-0.03902138,-0.27490813,0.50433445,-0.7981337,-1.2109435,0.3040958,-0.5754256,-0.1416159,2.0151508,-1.6834869,-0.9022928,0.1645858,-0.15965845,-1.1289861,-0.2884118,0.8791159,-0.39915338,-0.18309213,-0.0073199295,0.7803598,-0.36734653,1.1351248,-1.0952979,0.016377127,-1.6170418,0.40581682,0.030947983,-0.048774023,-0.4302519,-0.8657094,-1.3220294,-0.6179508,-1.4264612,-1.7972475,0.16711344,-0.41360262,-0.78809804,-1.7284006,-3.546657,-1.2735207,-0.7638353,-0.90599734,-0.9844089
-0.52649385,-1.310151,-0.71534044,-0.7247354,-0.9669091,-1.5114257,0.5381979,-0.33900836,-0.6016325,-0.031627104,-1.6726608,0.13515636,0.57205224,-0.04917236,-0.48671696,0.1576345,0.51154387,-0.91312873,-0.24694629,-0.9886029,-0.7527652,-0.51116836,1.1120232,0.21640898,0.96652216,0.79080826,1.2176224,-1.2679098,-0.66489714,0.7604464,-0.52376574,-0.7662344,-0.42849094,-1.1054635,0.35326108,-1.6878175,-2.37055,-1.2142956,-0.8716739,-1.2931122,-1.9366701,-0.99771786,-0.34138834,-1.7412132,1.4470454,-1.1934491,-0.36679366,-1.1481959,-1.8150655,-1.8779825,-1.6376381,-0.292309,-0.19004016,0.3620257,-2.2344656,-0.17234212,-1.7549951,-0.5407563,-0.5744432,0.49354672,0.33829504,-1.0311743,-0.07778636,-0.4474991,0.16268052,-0.049423397,-0.78207284,-1.3496304,-1.1199063,-0.7831309,-0.6557268,0.2232248,-0.895164,-1.4833729,0.39062423,-0.03495824,-0.41260636,-0.97056043,-0.74892855,-0.89619625,-0.45130587,-1.8033319,-0.8508825,-0.9419415,0.253956,-1.8804274,-0.9843912,-0.78836393,-1.552454,-1.2596602,-0.68953365,-0.19861895,-1.6346244,0.3154052,-0.031046137,-0.9913949,-2.4257944,-1.364192,-1.6262579,-1.6042354
0.5832303,1.3648647,2.0966694,-0.31925875,1.7379298,0.6579156,-0.5016645,0.97815776,1.4093574,1.5414042,1.4543643,1.0941522,1.9799889,0.2956576,0.7131945,0.6232971,0.22789373,0.8384917,0.95459485,0.8307503,0.66696846,1.8864334,0.96887225,2.8705664,0.33607972,3.1854882,2.628731,3.0836027,2.6714091,2.2885766,0.83291316,0.9395864,2.4323559,2.0353284,1.9827375,0.48096696,1.1755301,0.43934724,-0.061173443,1.5309148,0.6295326,1.3919102,1.7746986,-1.5587035,1.2384555,-0.86626667,0.5556668,-0.7298101,-1.0382926,-0.26175207,0.32494596,1.3324093,1.4624912,0.98163843,0.31955364,1.4121172,0.77873725,1.9960468,1.8559613,1.971314,2.7271879,1.6948307,2.3515737,1.349281,1.6103306,1.28059,1.0779699,1.6975152,1.548038,1.128229,0.7466175,1.3635782,0.4226206,0.6366339,3.5265305,2.9124854,1.4787419,1.7646551,2.0795393,0.52128667,2.4811091,1.3116908,1.9663271,3.1726382,2.6168032,1.9072188,1.3872802,1.4575602,0.082329966,0.22867356,0.80955535,-1.2270107,0.7431085,1.0906758,3.156746,-0.875512,-1.587513,0.14276023,0.15077548,-0.17446609
-0.35730973,-0.6185738,-0.39200097,-1.4348135,0.48798165,-1.5392654,-1.4835671,-0.22288138,-0.09056867,0.78984994,0.70652646,0.49001846,0.65350384,0.6172244,0.10157016,-0.75631076,-0.0853051,-0.27235794,-1.6760771,-0.3282753,-0.5564173,-0.46521226,0.37019175,1.0040518,1.1604615,0.18776463,-0.4884619,0.18508135,-0.093165025,-0.55101556,0.45317098,-1.3326652,1.8969967,0.67943597,0.686407,0.43109518,-0.09611083,0.24588393,-0.16500606,-1.189175,0.6272349,0.9040541,1.1152731,-0.43597314,0.06245665,0.016442645,0.6634231,-0.8553884,-0.6949026,0.2598266,-1.1455128,-1.4271787,-0.14748465,-1.5484885,-0.7026765,-0.85965234,-0.05921938,1.1666168,-0.8808277,0.18092212,0.9032343,-0.33825687,1.2820293,0.2750767,-0.45616853,-0.122738644,0.8423404,-1.3805739,-0.06897061,-1.3466085,-0.8024216,-0.42579362,0.4668331,-0.29729563,0.058567576,0.34698874,1.5640697,-1.4036373,1.8072917,-1.759109,2.0436456,0.4938051,1.0796046,1.2670771,0.9731566,1.5598803,1.2020221,-0.25751892,0.18232661,0.5880979,-0.5858489,0.5704128,-1.0517387,-0.14883503,-0.41891482,-0.59240466,-0.7248352,-0.77749586,-0.6992081,-0.28113332
-0.22668359,-1.2051677,-0.12745108,-1.8808122,-0.24061355,0.08555376,-0.73492783,0.90009534,-1.2376052,1.4694648,0.8075684,0.6543419,0.72012013,-0.03750578,-1.0363612,-0.4255849,1.0259191,1.2201872,0.97202945,0.4785828,0.5604886,1.8057144,0.52041805,2.5911667,1.2966118,0.93912566,1.6328155,2.2339232,1.0450407,0.38672018,2.1493661,0.5647256,1.2436931,1.340167,2.0731442,0.40571937,1.5400615,-0.6847962,-0.2710249,0.91259784,1.7215555,0.5727015,1.3195773,-0.84441984,1.8343107,0.76756054,1.3790783,-1.0612683,-0.57668376,0.7486992,-0.15060411,0.44188485,0.033262435,0.36231095,-0.23109443,1.3108248,2.2424352,0.41044185,0.7477956,-0.4268662,-0.984124,-0.8524783,0.813432,-0.8425265,0.70386726,-1.07859,0.56338376,0.37479952,1.3888488,1.0448766,1.2564033,1.2525938,0.052768245,1.2940135,2.0963035,1.4041228,1.0810856,2.0281606,1.1153228,0.62012243,2.013035,0.87164384,0.90223354,1.3415287,0.9384797,1.6452024,1.8869121,0.93462944,1.2055137,0.42277402,0.11667248,-1.2017561,0.8156075,1.8716409,1.2253531,-0.65204835,1.1508927,-0.19655706,-0.4559624,0.45347542
0.617492,1.7760774,0.5471855,-0.8245722,0.7696748,1.1015977,-0.082761936,0.49773744,-0.43903568,0.42846242,2.1824205,0.90514976,0.37500116,0.16359104,0.6175488,1.8766714,1.272057,2.0804183,2.593226,1.205934,0.08358424,2.028281,1.3502938,1.6822627,-0.1401291,0.4157702,0.48902214,0.23866588,1.3721161,-0.43403253,2.007521,0.32204512,0.5232573,1.828969,1.776287,0.669461,2.1910877,-0.47165743,-0.025095396,2.3406048,0.96242785,0.10842285,0.9162144,-1.2938881,1.6450933,-0.42448738,2.176195,0.27645108,0.7274113,0.012746758,0.90124977,1.1338505,1.1051569,0.7432311,0.87145096,1.2666898,0.6113181,1.8828284,0.7380812,0.040740293,0.19497697,-0.15354276,-0.30001414,0.66015613,1.5666794,1.7858576,1.1443717,0.10858369,0.36354226,1.1044446,0.6722055,-0.19701459,0.49360564,-0.59659755,0.64473075,0.5109851,1.4773482,0.035884976,0.72513866,-0.22764525,1.2951591,0.4877339,0.9867558,0.5560706,1.2868944,0.45959795,1.8736024,0.74965715,0.3967405,-1.2755206,0.46423337,-0.04172729,-0.5949124,1.7044567,-0.9317455,-1.0578358,-0.15692902,0.19064829,0.43409193,-0.41047782
0.006968867,-0.2632276,0.27501646,-0.20938228,-0.58107316,0.68453723,-0.86423826,-1.4576483,-0.30240846,-0.25837973,0.608843,-1.0164733,-0.26633397,0.09572098,0.2251372,-1.6357387,-1.1963832,-0.66955745,-0.44946644,-0.5000032,0.43054456,-0.26964918,-0.56635237,-0.9802652,-0.91706103,-1.6285633,-1.2465162,-1.5644847,-1.195238,-1.076288,0.33936238,-0.9052717,0.5976733,-1.039241,-0.4060975,0.44500944,1.4991368,0.94263786,0.05081212,0.4001967,0.092970595,-0.93377656,-1.0355338,-0.48550603,0.59347314,0.88348925,-0.6313149,1.7056562,0.0578542,0.20540741,0.65124744,-0.6856718,-1.0850018,0.82631594,0.50179446,-0.051809065,-1.3741151,-0.15877183,-1.6877791,-0.2289315,0.596306,0.154541,1.2773385,-0.5859813,0.19800624,-0.53953457,0.58966327,-0.76936287,-0.733358,-0.18851599,0.2281796,-0.8674471,0.42259085,-0.36502653,-1.653079,-0.99402076,-1.1502317,-0.95755386,-0.9924119,-1.3572427,-0.45512336,0.7403786,-0.5506719,-0.023542916,0.32267255,0.51587975,1.4291899,-1.2231638,0.50390357,0.14871633,0.34087795,0.5913475,-0.04982728,0.53812563,-0.31633297,1.061479,1.4550955,1.7223096,0.050339174,0.35448462
0.93827236,-0.46900782,-0.019909082,1.347566,0.064191684,0.6385261,0.13117711,-0.7252268,0.58651614,1.2270234,-0.0072784317,0.20461841,-0.49323335,0.22316712,-1.167722,-0.04733312,0.5202375,0.35682592,0.53775436,1.7772045,-0.6390586,0.09648521,1.4130411,-0.95037156,0.5496423,-0.84920675,-0.14908035,0.08720101,1.3129039,-0.38276744,-0.32672718,0.100099705,0.25209317,-0.5391777,0.28079456,1.2208668,-0.16945481,0.7907906,-0.26602402,1.0294173,1.0914367,-0.3865004,-1.0010321,0.99381363,-1.134699,1.0033298,-0.71771765,1.1365029,1.0409839,1.2861218,1.0564808,-0.1648301,-0.98298955,0.2407029,-0.96859986,0.46461073,0.42587373,0.14229678,0.43070394,-0.35256216,0.6856841,0.26345336,0.8688382,0.1657945,-0.20196119,-2.3601432,0.4545123,0.19723354,1.1693157,0.058440883,0.9082837,0.13455594,-0.4969146,0.31346262,-0.4531184,-0.6144366,0.08682045,0.36527458,-1.4419258,-0.23423128,-0.42706922,0.2638695,-1.4593577,-1.6107081,-1.1282537,-0.65018535,-0.06071058,-0.13917165,1.7738149,1.7738607,1.206785,-0.57326144,1.0870664,0.2713382,-1.3264081,0.9736578,1.3993908,1.1720138,1.1266896,1.5852097
1.5523549,-0.5614499,0.6992805,1.663394,-0.13549984,2.4054549,1.0812173,1.0550679,-0.47391924,0.54970455,-0.7752852,0.6682694,1.028507,0.8159753,0.95164675,0.2970455,0.38456264,0.7278779,-0.01574296,1.6137084,-0.20689629,-0.8312595,-0.8409113,0.46677616,0.44385734,1.7520555,-0.75070685,1.2043506,-0.38748267,0.21070161,1.7862928,0.59982353,-0.22721773,-0.6873035,-0.972386,1.7008245,0.20461895,0.826701,0.26365608,0.9726738,2.1228635,1.84947,0.2368528,2.3290923,0.9608812,1.7874504,0.41645575,2.3763843,2.8886251,1.7453403,0.698292,0.8028917,0.67650574,1.2286202,0.7370397,0.23586483,-0.8320251,0.83363736,-0.18191446,1.2622755,1.0344435,-0.1181395,0.82132107,0.98924625,0.36066037,-0.1302398,1.8812323,0.08689332,0.049235974,0.5228876,0.11446799,-0.65125215,-0.8146353,1.003138,-0.08439289,-0.16442008,0.29125604,0.7768358,0.678912,0.87302154,-0.16383831,0.782919,-0.0776181,0.095041946,0.25996763,-0.46469298,1.177276,0.47807112,1.1627135,1.0454051,0.8455843,0.36943984,-0.18894027,1.042118,1.1936998,2.2743316,1.9528805,1.7407293,1.8871636,1.1768606
-0.22757629,-0.05879235,-0.62085783,-0.12319168,0.8363168,0.968747,0.13309188,-1.1962844,0.16374615,-0.19833821,-0.5368258,-0.33850032,-0.99621034,0.1480824,-1.1897854,-0.96984607,-0.8319586,0.31940696,-0.33741128,0.31583855,0.34161294,-1.5340751,0.4194663,-1.011123,-0.78902507,-0.7615994,-0.5612101,-0.38634112,-0.60051024,-0.47690633,0.46472946,-0.6210506,0.18488514,-1.0607375,-0.69271094,-0.09966606,0.021805443,-0.40255818,0.023278022,-0.40481335,0.17933914,0.21911378,-1.0292983,1.8923548,-0.78648067,0.38111106,0.13086008,0.209317,1.3952479,0.5598053,-0.28842282,0.101982914,-0.058120564,0.32712552,-0.5780738,1.0754143,0.016125863,-0.5634489,-1.0696844,0.048084665,0.9001045,-0.38518175,1.6117966,-0.044622656,-0.41750073,-1.2864075,0.49971902,-0.21080828,-0.7850281,-0.10951515,0.8621793,-1.9502798,0.54323405,0.54196584,-0.9349184,0.062044013,-0.618622,-0.46037585,-2.2194586,-1.2961938,-1.0860857,-0.40797773,-2.02832,-2.2523992,0.28861377,-1.004339,0.25148985,-2.585377,0.4295246,-0.03418963,0.7616379,-0.28137812,-0.85572743,-0.31846,-0.26096815,1.1677868,-1.0325801,0.064483255,0.30380583,0.111477874
0.5466919,0.038652085,0.5878485,0.3563249,0.5467417,-0.18882911,0.18259941,-1.0096205,0.48990706,-1.0480181,-0.5848227,-0.7438825,-0.46990958,0.40435377,0.35309982,-0.66701347,-0.23920971,-1.1419892,-0.9054454,-0.054985378,-0.73758316,-1.7002616,-0.71412873,-2.041998,-1.9510082,-0.71774656,-0.6702473,-0.90527016,-1.1630332,-1.0142137,-0.32184976,-0.095730975,-1.3347836,-0.5744156,-1.163686,-0.10178902,0.48864776,-0.21299946,-1.2386857,-0.055844847,-0.11749054,-0.9591957,-0.58598953,0.51221114,-0.9323928,-0.59718317,-1.4581689,1.2423612,1.1654278,-0.07476385,0.31509677,-0.9228514,-0.92423624,0.043634254,-0.6979519,0.3888662,0.20979542,-0.8059934,-0.783133,-0.341914,-1.0961452,-0.18616453,-0.6388006,-0.8778025,-0.5363169,-0.24879979,0.18944976,0.21031328,-1.0385964,-1.7326446,-0.96969324,-1.4574887,-0.77147067,-0.66047853,-1.0694842,-2.039277,-0.12014168,0.1380717,-0.041818067,0.3405503,-2.6430917,-0.13610303,-1.3888968,-1.3631628,-2.218029,-1.5710787,-1.2956127,-1.0108074,-0.54464495,-0.61702913,-0.45671546,-0.7502649,-1.8233197,-2.7867088,-2.0289288,0.3542939,-0.33238608,-0.28371254,1.0538477,0.7827884
0.38659933,0.40433496,-0.18787381,-0.5646209,0.97342485,1.0759256,-0.348401,-0.59580076,0.2860546,-1.1484165,-1.0084925,-0.012600892,-0.54675525,0.36378923,-1.9885033,-0.3802599,-1.2009346,-0.56323004,0.07924826,-0.67361164,-1.6381866,-1.0104038,-0.7597097,-1.6449734,-1.1164662,-1.8042303,-1.5774899,-1.2539353,-1.8528535,-1.3554947,-0.5983756,0.5755363,-2.1798875,-1.2353842,-1.1301484,0.18099019,-0.00660892,-0.90631145,-1.0075142,-1.3367788,0.18959607,-0.6209305,-2.1763675,1.0421786,-0.08302947,-0.71627694,-1.0618937,0.6458159,1.6506321,0.77990294,-1.3806802,-0.0093993265,0.9518768,0.616331,0.37208223,0.31467018,0.23351745,-1.6295615,-0.9050198,-0.008598291,-0.255706,-1.3205135,-0.831652,-1.1436921,-1.0625812,0.836086,-0.3821675,-0.8959448,-0.17647785,-1.1193912,-1.0369067,-2.313185,-1.2650282,-1.0042847,-1.4037634,-1.2645123,-1.0307201,-2.0655904,-0.0029765628,-1.4525859,-1.1829288,0.11848289,-2.0125206,-0.63871664,-2.173318,-1.4245651,-0.098731704,-1.3564124,0.67254025,0.48695552,-0.94570476,-1.2327389,-1.6683332,-0.56281525,-1.1692677,0.100369506,-1.1671115,0.85980755,0.8226879,0.4839763
0.58742136,0.38557726,1.0356447,0.1899728,0.91113836,1.676376,-0.7767216,0.38413218,0.50500184,-0.058598645,0.9963323,-0.5235291,0.4255689,0.7152902,0.46953207,0.69375837,-0.66825837,0.5942282,-0.45499521,0.37948117,0.2688983,-0.41222885,0.0010172545,-0.5696895,-1.0536084,-0.39013675,-1.2578695,0.060999036,0.49831182,0.15908463,-0.15139386,0.40397868,-1.2349371,1.0724788,0.36990687,-0.0820394,0.41133893,0.2070784,-0.88519335,0.29841474,1.2919325,-1.0991884,-1.7506977,-0.74067265,1.3936694,-0.61930186,0.19767036,0.48171413,2.0640228,0.5955813,1.0806272,0.35928062,0.6745325,-0.6858527,0.8464448,1.2254297,0.506073,-0.21021284,0.85422844,0.101693235,-0.9536498,0.72650236,0.28779194,0.98057026,-0.6659093,1.5922413,1.6897047,-0.87302387,-0.21776132,-0.97836477,0.04034884,-0.12007844,-0.6514961,0.64257574,-0.30640692,-0.865117,1.2621092,0.38866562,1.4211276,-0.20625404,0.50251126,1.123247,-0.37597606,1.0146637,-0.61965424,1.1163406,1.1915511,0.94862807,1.086531,-0.11762739,0.14140862,-1.3667239,-0.36844555,-0.09756543,-1.0591946,0.4951329,-0.47434846,2.0637438,2.1277308,1.0620478
0.66728944,-0.0026836775,0.41310385,0.94232756,0.31220138,0.76059496,0.051984724,-0.51758516,0.15274042,-0.32114792,-1.1230149,-1.5229673,-0.16221114,-0.6115698,-0.1258933,-0.14615224,-0.16174956,-0.43627855,-1.9395986,-1.3589681,-1.1993122,-0.2902945,-0.14399444,-0.6459828,-0.9317163,-1.2397691,-1.7709947,-2.2886596,-1.1043891,-1.9324512,0.27348486,-0.766944,-0.21064413,-0.9434202,-2.353732,-0.10452988,-0.88431007,-0.50258577,0.21442842,-0.39624786,-0.37111682,-1.284221,-0.19718981,0.3134,-0.8639817,0.048429895,-0.7250138,-0.6237649,0.89161795,0.17535017,0.26059785,-0.19127855,-0.7951215,0.92378193,0.77412385,-0.64245254,0.1636562,-0.78346723,-2.2122917,-0.75657165,-0.82154715,-1.5167433,-0.97707903,-1.113252,-1.6190524,-0.20131819,-0.3701234,-0.918678,-0.9854878,-1.3046165,-1.1735402,-1.5194753,-0.4883525,-1.0685928,-1.1946805,-1.4724917,-1.1092926,-0.31134582,0.81931317,-0.114006594,-0.09360007,-0.18708228,-0.264042,-0.49889624,-0.005653118,1.5082017,0.5095846,1.0433911,0.24395499,0.951005,0.27521977,-0.9895518,-1.446617,0.16198838,-1.6463642,0.64882195,0.4612734,0.9314744,0.8631612,0.70365626
-0.83087015,-0.5271861,-0.29724485,-0.13001218,-1.2220072,0.4290248,-1.2107645,0.15201493,0.2007975,-0.47116667,-0.6043355,-0.21730459,0.048103813,-0.55586046,-1.1760104,-0.19104956,-0.4167529,-1.0235159,-0.5882267,-0.18543161,-0.9921992,-0.8155908,-0.30177173,0.7157782,-1.4379104,0.2422044,-1.2612365,0.40789625,-0.979447,-0.9831956,0.828494,0.1523317,-1.7789153,-0.6882042,-0.6837627,-0.95020044,-0.18759476,-0.96581733,0.21036816,0.2511493,0.07632535,0.05371782,-0.54648596,-0.74356556,-1.3557197,-1.9948682,-0.84371585,1.0325366,-0.08120474,0.50131416,-0.5911308,1.073416,-1.983782,-0.31441724,-0.52051,-1.4538798,-0.5052738,0.47126117,-0.6917568,0.30171138,-0.7536482,-1.1635292,-0.24267575,0.5835737,1.4894575,0.39432162,-0.7432511,-0.74346143,0.0194984,-0.8670226,-1.5069069,0.8285651,0.6669423,0.28370285,-0.41304243,-0.5533724,-0.7353026,0.721894,-0.0025881527,-0.28098994,-0.42001694,-0.030726247,-0.89906293,-1.6417663,0.5444652,-0.41479522,-0.2636205,-0.63716394,0.45359188,1.0770384,0.55175775,0.36945528,0.70150656,0.17642485,-1.5547756,-0.023838235,-1.3394524,-0.37632427,-0.15328072,0.82160646
0.6769941,0.48665085,-0.36913982,0.054289866,1.0640875,-1.1900418,1.8479395,1.0673906,-0.20132132,1.1520225,0.06293064,0.9443477,-0.028725311,0.4177685,0.7364193,1.0022782,0.48603928,0.99782634,1.0466181,1.0471331,0.014078935,-0.03761832,0.6262451,0.93926126,0.5029847,0.67968965,0.304044,-0.14290161,0.8930293,-0.29182512,1.9281791,0.44280222,-0.9756928,-0.7428648,-0.12523185,0.5152727,0.45786005,-0.5888095,0.93859076,-0.14544381,-0.33599678,0.43804017,0.5256179,-0.05220912,0.22589725,0.11392022,1.3605424,-1.338543,-1.673171,-0.46018857,0.45108038,0.9563732,1.1060516,-0.012397532,0.38542834,-0.10376136,1.0460846,-0.88671887,0.43686244,-0.7611741,0.06942794,0.009165301,-0.5027669,0.036641244,1.610486,-1.5383515,-1.1649381,-0.017365387,-0.56888163,1.0867641,1.2504213,1.2471479,1.5866655,-1.0722551,0.4761918,0.2328178,1.8317882,0.713642,1.7749949,-0.27031562,0.8511128,-0.9845528,-0.5514727,-0.23640965,0.008063655,0.08216687,0.61182034,0.35773918,0.7639372,-0.68327975,-1.27595,0.59026784,-0.19141024,-0.3330131,-0.46194682,-0.9884096,-1.0260022,-0.50199986,-1.0337207,-0.35345522
0.27060273,0.07943466,0.66103184,0.13333116,0.112812266,0.23841135,0.14973505,-1.1139187,-0.14763077,-0.7335498,0.0038880426,-0.63049865,-1.16699,0.50296897,-0.037254542,0.8816223,1.4659301,0.13457318,0.64732677,0.17042725,0.6662119,-0.23984453,0.7679118,1.3403045,0.46401417,0.19061372,2.0545132,0.20777051,0.8772318,-0.6326719,0.72951233,0.16887842,0.09142565,1.0233587,1.5382648,-0.5724447,0.6641705,0.96057105,0.52794945,0.26142928,0.6288226,0.27405068,0.98968625,0.11072236,-0.20109487,-0.3193431,1.0549768,-0.87582135,-0.32204005,0.3142174,-0.60019195,0.10491492,-0.105806276,0.25244686,-0.4366474,0.4013411,-0.6250772,0.028877042,-1.5174646,-1.5816872,-0.44827336,0.65829337,-0.77316934,0.4310886,-0.14747249,-0.59307534,-0.11154679,-0.80166036,0.721964,0.08428979,-0.36006737,0.7574928,1.057448,-0.10384079,0.51803,0.52517503,1.2647635,0.2686351,0.81291217,0.5412307,0.75754565,0.18256739,1.61608,0.3683241,1.0893265,-0.44640353,0.79750764,-0.2941279,-0.55770886,0.7610128,-0.14669132,0.4996017,-0.81887966,0.6251484,0.5329805,0.21528433,-0.76130116,-0.30999476,-0.4325376,-0.073939644
-0.9084273,-0.7841952,0.113204435,0.25326777,1.1417693,-1.0942276,0.2825724,0.20347315,-1.2662027,0.47336796,-0.7416944,0.92263424,1.8357126,0.71773165,0.8821916,0.6426705,2.4081783,0.56915724,0.06854975,0.17447194,-0.6128475,2.1707807,1.1155539,2.1898036,0.5264468,1.0403839,1.2191226,0.10425621,1.6886483,-0.86554,1.0170323,-0.36749402,0.5027001,1.6965586,1.8389555,-0.9400758,0.19279218,-0.99964476,1.12279,1.4408487,0.07963246,0.123492375,1.6472639,-0.3292837,0.102369756,-0.11216981,-0.10194437,0.0559959,-1.5400593,-0.05489026,-0.20328578,-0.019970851,0.75144994,0.5024,-0.27419066,-0.69706476,0.34203967,-0.33750635,0.21988237,0.31024954,-0.6806367,0.8899014,-0.3033843,0.9622058,0.72765136,-0.9634703,0.5515767,0.93050396,1.7963812,0.8971479,-0.2246385,1.50256,0.09679708,0.70225215,0.8215524,2.183738,0.37892497,0.3809579,0.4610834,0.3138397,2.1085248,-0.2142597,1.160559,2.040856,0.48175755,1.2942984,-0.6616553,0.001576672,-1.0113405,-0.62207395,0.2344535,0.41807544,-0.059207972,-0.5775964,1.1559649,-1.0572098,-1.3024367,-1.7678111,-2.176156,-1.0615722
-0.95909023,1.5828434,0.92990065,1.3091316,0.62922776,-0.42928556,0.6217585,1.9566784,0.82581735,0.26767567,0.5043827,1.3397603,-0.73431665,-0.0026835892,-0.79439855,0.8693841,0.6644358,-0.038294565,0.037229,-0.6587474,-1.439584,0.40493584,0.5750214,1.8934106,1.7005292,1.4644307,0.45446745,1.6876187,2.4314828,2.1891475,-0.051080402,-0.65381056,1.0946969,0.22534008,0.73826474,-2.7071126,-1.3693916,0.5208449,-0.5322756,-0.3150713,-1.4559652,-0.24917774,0.15837699,-1.3739699,1.0931653,-1.4062263,0.8291687,-1.8858014,-2.0302255,-1.8926125,-0.49839297,0.83005816,0.56930274,0.4202508,-0.33776054,0.6928887,0.5882504,1.46256,0.9312915,-0.63729244,0.45335948,0.9221931,-0.41367346,-0.44665658,-0.3536031,0.3974835,-1.3799486,-0.68535995,1.5332664,1.4664687,-0.72801435,0.6467804,0.96463686,0.29956996,0.5195808,1.6722823,1.2539439,2.0438805,2.4015367,0.5617442,1.5743458,-1.0888306,0.85612994,0.017232396,2.0952468,-0.46805355,-0.5660654,0.98504657,-2.1503248,-1.4289746,-0.58743143,1.3646536,1.1905332,2.4295382,0.7078119,-2.3831887,-1.7255327,-0.5767632,-1.2128023,-1.8376663
1.0464286,1.1079313,0.6056764,0.10204073,-0.8612839,0.18687536,-0.7427698,0.19916648,-0.54469085,0.6067542,-0.29437342,-0.13574493,-0.18236995,-1.5723774,-1.1971792,1.082648,-0.22854221,1.3052454,-0.8111064,-0.18709782,1.3667876,0.014144905,-0.49090546,-0.12083092,0.4164372,0.5178408,0.88768196,0.26204813,0.5424205,0.27403733,0.7129916,-0.19214486,1.232163,0.90040106,1.0132025,0.6532554,-0.25565842,0.13186094,0.07137023,-0.39977652,-0.59972614,-0.60570914,0.4534087,-0.6408311,-0.35327426,-0.47243717,-0.052911993,1.2641405,-0.017152045,-0.7925094,-0.78633577,-0.0816506,1.3763652,0.026833057,0.6198211,-1.0944495,-1.0537993,-0.89577067,1.0590723,-0.55992275,0.94102174,0.70064086,0.563788,-1.3862243,-1.3987675,-1.5784415,0.8987089,-0.4105157,0.4360668,0.23852354,0.5530462,0.70049644,-0.3899906,0.4244617,1.1217321,0.6606389,-0.36435407,0.35519674,0.14498709,-0.30021074,0.30218515,1.0276288,1.0477073,2.1892262,0.2729807,-0.20986483,-0.34877223,0.77620494,0.48816878,-1.0557301,0.7952489,-0.17145076,0.36775914,1.4062653,0.8422843,0.051374406,-0.36364263,0.40108386,-0.17367183,-0.13277899
0.22588046,0.78952014,1.6271148,0.5148964,-0.5590095,0.18684024,2.256698,1.738485,0.8566394,1.6885026,0.30495074,1.3743341,2.0241473,1.3121346,1.4031234,1.8473406,2.0195248,0.28935617,-1.0940498,0.38587007,0.7330949,1.7875965,1.101591,0.9386151,0.8861302,1.6971059,0.47960567,0.59078306,1.4620334,1.533419,2.5383568,0.59596807,0.90310144,1.7867844,1.8118467,1.1620812,0.40754086,-0.035206668,0.034398142,-0.53751993,0.038481876,0.2765002,1.4884844,0.20706813,0.015225946,0.26119468,-0.7962295,0.8064187,-0.5422702,0.26669225,1.1694562,1.3908789,1.4455336,1.224764,1.7071686,-0.52414286,1.2978382,3.0091755,1.3429714,0.41683996,-0.1395324,-0.54960805,0.8992527,1.7253563,1.0755757,-0.3660152,-0.47396675,-0.38829002,0.8198526,0.6278884,0.09660661,1.0068023,0.47967023,-1.0624361,1.0731356,0.7863263,1.1586196,0.1831928,2.9806983,0.5725579,0.28906056,-0.19499227,2.824107,2.0256116,0.33836105,-0.5169405,0.68463594,1.1962496,-0.83386874,-1.0051209,0.0024120153,1.9783586,0.5362975,0.7529057,1.2034358,0.41353026,0.5769378,-0.44201785,-0.9030783,0.09735118
0.23866732,0.5610506,-0.20096162,0.36212406,-1.0420945,-2.2564535,0.5681734,0.29262727,-0.13210885,0.18171741,0.21712999,-0.36826617,-0.885478,-1.3551648,-0.069105074,-0.015874837,-1.2059399,-1.849499,-0.43515715,-1.456565,-1.4202212,0.5210945,0.3366331,0.3697738,2.3016741,0.620755,0.32092634,0.6776833,-1.0079892,-0.11261411,0.16727184,0.84183437,-0.29268906,-1.1161307,-0.19592454,-0.3204672,-0.2597275,-0.6580997,-0.7980329,-0.7529752,-1.7656193,-0.45870724,0.13306029,-0.0150298085,1.0906776,-1.5375577,-1.2473907,-1.0281152,-1.2997265,-1.2457783,-0.9179584,-0.17930576,0.36056963,-1.0352075,-1.4600601,-1.660356,-1.0169371,-0.19582564,0.2693299,-0.35825434,-0.29431564,0.62866443,0.37358233,0.014675446,-0.6668254,-0.19606242,-0.72720736,0.8608599,0.8644809,0.8513013,-0.4590742,1.5309968,-0.52053225,1.0160314,1.8074689,1.1628922,1.0465449,0.7968357,1.8781486,-0.84538984,0.59738976,-0.7873208,0.34973255,0.9007863,1.1600446,-0.6889534,0.55534524,-0.18914248,-0.63644934,-0.91585827,-1.9600466,1.2808685,1.219638,-0.85280293,1.1607845,-1.1466957,-0.08187781,-0.1621016,-1.2211179,-1.3581333
-0.5430827,-0.18208162,-0.06977672,0.31158316,0.3950653,-0.9815538,-0.5322993,-0.85566944,0.9133126,1.1353916,0.6314365,1.389611,0.22038423,-0.28380042,-1.743272,0.30056715,0.46777618,-0.45109499,0.9190878,-0.13874094,-1.5133445,-0.55923826,-0.44853935,-0.49475533,0.64483976,0.5158343,0.40937853,-0.7077112,0.43735942,-1.7264154,1.2272651,-0.33897534,-0.9734396,-0.37053677,-0.8189415,-1.3279603,-2.1688042,-0.20008326,-0.9108511,-0.95353895,-0.98447096,0.2331072,-0.3873119,-1.1131464,-0.05654276,-0.7942179,-0.013966082,-0.87648576,-0.925878,-1.0264641,-0.38732257,-0.16973898,0.024455616,-0.7436925,-0.21921502,-1.0590048,2.0940564,0.022810172,0.61420834,1.2185202,-0.8672776,-0.55084956,-0.27872026,-0.89689106,0.59501916,0.8334477,-1.443831,0.106458776,0.15988746,1.359971,0.5383542,-1.0005792,-1.2181401,-2.0490499,1.1136013,0.6481513,0.55514485,-1.1074355,-1.5019976,-0.00027213365,0.42223963,-0.7336028,0.3671483,0.2537608,0.56816435,-0.21777621,-1.232095,-0.1804453,-0.30605304,0.16667216,0.33383656,-0.9427435,-1.1248356,0.15728162,-0.82969713,-0.542498,-0.81391466,-2.6406682,-1.1387509,-1.423569
-0.08768913,0.11106528,1.1474123,-0.9014738,-0.08823519,-0.55148226,-0.44129363,-1.1427159,-0.7470459,-0.2348947,1.0289814,-0.853458,-0.84195113,-1.4147068,-0.9617231,0.05091923,-0.49070576,-0.13772237,-0.98553836,-0.69351226,1.3291398,-0.79124707,0.39022303,0.2325022,-0.41929543,-0.41737154,1.2234223,-1.2088733,-0.72135115,0.28629866,-0.34462288,-0.6821725,-0.9295511,-1.2543646,-1.5796496,-1.4180012,-1.7822709,-0.7725206,0.7175114,-1.0348618,-2.0008285,0.29823428,-1.0001285,-0.30599472,-0.30541828,-0.6285768,-0.541371,-1.0070556,-0.99479127,-1.4038705,-0.7751719,-0.09179863,-0.6692236,0.216437,-0.7438194,-0.7623981,-0.6743769,-1.1349058,-0.30367848,-0.5377434,-0.41875696,0.15571772,0.04127484,0.33216155,-0.29709697,-0.25245136,-1.3638113,-0.46943516,-1.2347903,-0.52899235,2.3613634,-1.0400478,-0.83136016,0.23241927,-0.052577104,0.2869977,-0.78230786,-1.949592,-0.062632844,-0.3264924,-0.78882736,-1.3557844,-0.60275215,-0.28907067,0.0014511719,-1.1425257,-0.42309707,0.24095781,-1.6664574,-1.1011024,0.09783711,0.33187774,-0.742311,-0.7406524,-0.09096225,0.16215292,-0.24164452,-0.44439393,-0.5133497,-1.3259966
0.40038744,-0.45409793,0.5242712,-1.1667006,-0.32624918,-0.9326178,-1.4858749,-0.010403815,-1.1571366,0.55823886,-0.722071,-0.7113128,-1.6202358,-1.3953944,-0.52815145,-0.021957671,0.22511001,0.19125739,-0.21982756,0.1325082,0.59897184,0.08904863,-0.6256052,0.6058533,-0.40147766,0.12904538,0.6351397,-1.242974,0.26455343,-0.4956504,-0.969209,0.46733463,0.1386566,0.7098484,0.58223003,-0.38641286,0.5723202,-0.5604985,0.1385904,0.8880443,-0.94359654,-0.26544428,0.4970967,-0.97047627,1.8126998,-1.4146872,1.2572684,0.51335955,-0.96937394,-0.9978982,-0.87102157,-0.39001495,0.1640345,-0.8509676,-0.93817717,0.17862761,-1.3749973,-1.5956126,0.04552545,-0.20804378,-0.5472574,-1.215188,-2.0569994,-2.0203083,1.0679202,0.3727563,0.07580997,-0.12639134,0.49692708,-0.71807253,0.38046777,0.5400434,-0.89378405,0.52789253,0.6587165,-0.029582256,-0.972596,-1.4394792,1.605135,0.70585185,1.1010443,0.23045976,1.0065541,0.97912365,1.5000613,0.5106452,1.2891008,-0.8303656,0.12735164,-0.8575078,-1.1556476,0.34060723,-2.2352736,-0.9542894,0.41949645,-1.4944494,-0.6051959,0.3261548,-0.42906815,-0.7580583
0.44818595,-0.8015984,-0.6911878,-0.8343426,-0.0318579,-0.786272,-1.0913335,0.03192593,-0.07526857,1.0116678,-0.9383993,-0.8227658,-1.4614428,0.24448167,0.12398281,1.2151177,-2.0239036,0.7529393,1.1088172,-1.1455326,1.6611311,0.32878616,-0.3636515,0.08237441,0.43825093,0.41929597,-0.41198936,-0.30751634,-0.038190883,0.048848618,-0.09307214,-1.1180935,-0.47589323,-0.34833124,-0.03260262,-1.1225632,-0.26758814,-0.9055925,0.068521984,-0.6237962,-0.96497834,-0.3165148,-0.20421882,-1.072357,-1.0343134,-0.53567255,0.923063,-1.6025292,-1.64162,-0.9309057,0.11369548,-0.3162304,-0.39372608,-1.3185755,-0.8863178,-1.4144707,0.11122371,0.0406138,0.6276011,0.28294364,0.12797563,-1.0107408,-1.3054389,-1.185435,-1.1728824,0.12733562,0.571547,0.11383034,0.023509294,-0.28964502,0.5928672,0.30601504,0.10365623,-0.0024287482,0.04340481,0.45511407,0.0286757,-0.3752105,0.60471326,-0.21063405,0.9156853,0.30695406,0.016267233,-0.32501265,0.96598303,0.70731986,-0.30858067,-0.69281423,-0.68500626,-0.24219057,0.1168441,-0.2695141,-0.1982593,0.62822294,0.6494125,0.84425133,0.7009018,0.55705965,-1.1056657,-1.2054701
-0.8158096,-1.7527766,-0.96518624,0.01900959,-0.07053813,-0.9004302,-0.6345673,-0.13651931,-0.7842143,-0.63592494,-0.31664717,0.25669137,-0.13243641,-1.0681568,-1.792967,-1.3022124,-2.1755078,-2.468824,-1.2937096,-2.1431835,-1.0204976,-0.6483236,-0.9501403,-1.3503058,0.9429357,-1.2812409,-0.1822973,-1.7083771,-1.1335044,1.286982,-1.7902241,0.7847586,-1.7438395,-1.5071777,-1.8129488,-0.110031106,0.13434891,-1.2181432,0.62398124,-0.8989689,-1.0549598,-1.3017374,-0.18930697,-0.3646785,0.15578382,-1.2024724,-0.7387611,-0.39510018,-1.0248297,-0.5068573,-1.8199438,-0.77733994,-1.0991269,-0.79832727,-0.5197621,-1.7218953,-1.526771,-0.8015378,0.108566694,-0.732108,-0.6339544,-1.362589,-0.8369925,-0.26698682,-0.88720906,-1.0776083,-1.7726724,-0.7020164,-1.2052386,-0.9963308,-2.5426452,-0.53937894,0.62762505,-0.7135941,0.43706748,-0.5006952,-1.6676714,-0.46415177,-0.4322614,-0.057359986,-0.9470608,-0.5850416,0.39944094,-0.5621242,-0.4344376,-1.1983627,-0.79684246,0.31519765,-0.98335755,-0.18237586,-0.6759203,0.39669752,-0.6224601,-0.5533768,0.16665,0.42623118,0.5119619,-1.266257,-1.1889343,-0.4576147
-0.25584084,0.3362799,-0.54037,0.4920913,-1.1713223,0.8053703,0.7821555,0.08628651,0.1399095,-1.101973,-0.97026956,0.25995618,-0.26356444,-0.65791637,0.56176585,-1.3068388,-0.9295588,-0.8840033,-0.63758117,-1.0624399,0.6052233,-0.903647,-2.1152906,-1.8279065,0.6741638,-0.8138547,-0.26970974,-0.41371924,-1.0419208,-0.9522094,-1.6862162,0.015931567,-1.3940097,-0.7977428,-0.68880475,0.8285885,-0.08085117,1.2959185,0.25670826,-0.4409394,-0.17697102,-0.7371242,-0.99498916,0.22899473,0.21494864,0.6348931,-0.833978,-0.5870793,0.7112888,0.97991836,1.2087903,-1.827775,-0.009336847,-0.15122038,-0.009382938,-0.45727018,-0.13659543,-0.51783866,1.0155146,0.5427306,0.13158032,-0.0016458717,0.9480573,-1.3343598,1.1194316,0.12662235,-0.5999704,-0.4872709,-0.7479671,-1.4167869,-1.4185318,-0.12615305,-0.43244588,-0.3567956,-1.5029569,-0.90984225,0.5210585,0.14415802,0.32193235,-0.0452654,-1.129658,-0.43217868,-1.3499658,-0.20592043,-1.0612792,-1.4684106,0.06302767,-0.40034577,-0.32302004,-0.072788656,-0.6094858,1.08726,1.234633,-1.9506371,-0.29708928,0.78819084,1.2171966,1.0566502,0.50838816,-0.0010900407
1.2941353,-0.17452319,-0.55034447,1.1571454,0.09338161,0.9680798,0.48515755,-0.21773683,0.3875621,0.34831935,0.38895255,0.42516175,0.7235785,1.4779953,0.29327822,0.5124328,0.72553813,0.23274349,0.23979285,0.7588423,0.72837865,0.67466,0.36277044,-0.9147174,-0.31656548,-0.25349995,-0.83959395,0.8101233,1.0388678,-0.52164084,0.42161366,1.6102463,-1.0191594,0.27300835,1.6152189,1.5131494,1.0719283,1.4928187,0.7862497,0.9561163,1.2396404,-0.49384448,0.4723925,1.7330829,-1.0884088,1.5950935,-0.5983238,1.3367336,1.602983,1.2999508,0.8712396,0.20799945,0.8136487,1.1220948,-0.7861251,1.1051255,0.75288343,-0.028733045,-0.6325367,-0.49027243,0.043859124,0.040672015,0.6095525,1.2120239,-0.21841276,0.24061726,0.8359406,-0.49834812,-0.114206664,0.5247846,-0.77517915,-0.16427837,1.1919281,1.1306319,-0.60493505,-0.38109082,-0.3040253,-1.4738045,0.5501256,1.154224,-1.520283,0.2975616,-1.1356776,0.26554987,-1.5038854,-0.15536916,-0.24112049,0.28096804,0.33105823,0.27121767,0.73597825,0.7467043,0.77650577,0.78094363,-0.5318526,0.16230823,-0.071626,0.28635323,0.595353,0.9388141
1.6066763,0.27404937,0.6290488,-0.9108878,1.0862479,0.3490388,-0.54616755,-0.37028122,-0.44229445,-0.649089,0.69739145,-0.35897303,-0.9591414,-0.4303763,0.87928474,-0.004934542,-1.1877626,0.41359267,-0.21867229,1.209028,-1.2724339,-0.36412746,-1.1022701,-1.0500797,0.2131842,-0.07327396,-1.3017762,-0.2912731,-1.6433506,-0.12645625,0.6892357,0.16033871,0.31896365,-0.10909371,0.27385914,0.034289174,-0.6671362,0.6349315,-0.07352971,-0.5031409,0.3852455,0.13555795,-1.2343986,1.2056754,-1.1528158,0.04033843,-1.0916485,0.12311107,0.6746706,0.50204486,-1.172802,-0.28869206,-1.3349851,-0.12570325,0.39924595,-0.31195694,-0.03290277,0.10130476,-0.79162693,-0.46950206,0.59556586,-0.032000374,-1.6138072,0.08501141,-1.6499203,0.21552162,0.2762763,-0.22993948,-2.0139623,0.057523213,0.23608434,-0.37928158,-0.6154483,0.15626206,-0.77611685,-0.1991627,-0.7994065,0.7664329,0.9191899,0.577883,0.2841097,0.3456573,-0.3820071,-0.2738957,0.41781557,1.4530153,-0.058292273,-0.0016203318,0.90228593,-0.1948792,0.10469449,-1.0441264,-0.4052287,1.5831203,-2.1213465,1.107468,-0.57748806,0.5008002,1.385129,0.42699245
-0.38290063,-1.1868434,-2.038062,0.011912089,-1.1858159,-1.4574312,-0.45677754,-0.14578259,0.6225283,0.5275128,-1.213118,-0.39918303,-0.982467,-0.4576787,-1.4390463,-1.8115749,-0.9142809,-1.8304223,-1.4681048,-0.8719142,-0.28995132,0.7553769,-0.8007976,-0.9564236,-1.3447057,0.72889,-1.1816349,-1.9375308,-0.95896316,-0.36791894,-0.66194534,-0.5984866,-1.3944035,-0.43277037,-1.3026886,-1.04508,-0.35110357,-1.3356868,0.14934158,-1.307859,-1.0462035,-0.6811141,-1.160952,-2.1750386,-0.48624933,-1.3366992,-0.14762506,-0.5197744,-0.68620574,-1.2341466,0.16026977,-1.0693206,-1.845782,-1.4516028,-0.45803377,-1.1040581,1.0615819,1.7752464,-0.5294627,-0.9016065,-0.52394956,-0.5810753,-1.4324447,-0.09028187,-0.5303281,-1.2355028,-0.6398538,-0.10786127,-1.3704225,-1.3974462,-0.9849201,0.16478053,0.048616506,-1.1923463,-1.023257,0.1027192,-2.4011734,-2.9530847,-1.2147561,-0.95603245,-0.55243796,-0.4433897,-0.06346234,-0.8132484,-0.86330944,-1.2855847,-0.2522647,0.33524886,-0.80408126,-0.9939972,-1.6151552,-0.24988316,-0.9709011,-2.7335942,-0.3704912,-0.87716115,-0.029751869,-0.26393294,-1.2114162,-1.1862404
-0.10699354,0.32078135,-0.97007704,-0.09205472,-0.015346943,-0.5405337,0.7314469,-0.4041759,-0.20137182,-0.6629487,0.42801684,0.5947405,0.13161585,0.8886013,-0.9997948,-0.4632143,-1.3366021,-0.69095606,0.011256491,-0.40233427,0.9419252,-1.3274748,-0.55916506,0.5569412,0.61344624,1.9945377,0.46085197,-0.03392484,-0.86476636,0.18808182,0.16738856,-0.47272846,0.9034468,-0.46634662,-1.3260967,-0.40668315,-0.28864914,-0.57257956,0.3402152,0.31149614,-0.4076192,0.62922806,0.78928024,-0.46813893,1.1047277,-0.015938947,0.84872174,0.06131976,-0.053397264,-0.81428134,0.6647032,0.19941765,0.042279292,0.6896064,0.6362339,-1.058742,0.09038349,0.6778545,-1.1627438,-0.122059815,0.5028779,0.09399578,0.049600136,0.38233173,-0.26590756,-1.2814853,-0.35247672,-1.6034676,-0.4281804,-1.1616527,-0.4924026,-0.26827687,-0.95911914,0.02081055,-0.1411719,-0.42751816,0.28037637,0.35544154,-0.9371527,0.0030585492,-0.20297557,-0.9166567,-0.60787785,-0.9146148,-0.6169804,-1.925276,0.44556946,-1.1510893,-1.6459254,-0.69986755,-1.1434175,-1.2092115,0.29637295,-0.010551379,0.2618465,-0.8903289,0.6586456,0.49994892,-0.20934547,-1.0530878
1.3701297,-0.34235096,0.015190638,-0.5041338,-0.39535552,0.9618687,-0.58174497,-0.93025887,0.11258274,0.5753007,0.6469815,0.77752644,-0.7246328,-0.06697566,-0.96403646,-0.88414544,-0.48325616,-1.0660506,-0.5557286,-1.3482547,-0.09457854,0.25489557,-0.4818767,-0.5452931,0.46175498,0.73168695,0.10488349,-0.13664518,-0.028990053,0.861341,-1.0566994,0.61623794,0.14412071,-1.696243,-1.1946973,-1.3651019,0.51263314,0.14290957,0.11319705,-0.0012901702,-0.8597064,-0.31136203,0.23134366,-0.2826156,-1.1475682,-0.81284785,-0.0034133175,0.5326293,0.44644052,0.07961032,0.18453087,-0.84916514,0.5851735,0.094667114,0.5030571,0.48526853,0.03998131,1.3398635,-0.4226174,1.6481186,0.6070388,-1.6788294,-1.0906106,0.6156483,-0.46450037,-0.36040327,0.44086245,0.13440335,-0.068326294,-0.7654864,-1.184914,0.43648225,0.4318869,0.73524296,0.034576494,0.06686768,-0.36206126,0.7568879,-1.4505597,1.596508,-0.7817721,-0.2122409,0.61033285,-0.46436945,-0.27129853,-0.18795072,2.0162098,-0.24291097,-1.6082423,0.9176556,1.6309168,1.3937849,-0.16159642,-0.1996254,0.8417836,-0.37153384,0.4762977,-0.4640954,-0.035751987,-0.27004096
-0.15022834,-1.0188988,-1.6678848,-0.684835,0.31631336,0.63245106,-0.040346812,-0.45422226,-0.9067341,-1.0054561,-0.80783427,-0.6460403,0.13460435,-1.0394727,-0.6879293,0.30440393,-1.1853236,-1.1337252,-0.2524353,-0.43596798,0.6040469,0.1343868,-1.0845348,-1.3409296,-0.29208115,-0.38161072,-0.83827066,-0.25013995,-0.6076469,-1.0489572,-0.9851049,-1.2608836,0.72100395,-1.0899236,-0.49316904,-0.5089088,0.45166034,1.0476826,0.5388085,-0.14587247,-0.44801113,-0.120742835,-0.7994273,-0.014784334,0.16331525,-0.17778233,0.9352196,0.6759267,0.50856775,-0.03540475,-0.31605464,-0.83517224,-0.034740184,-0.80586654,-0.01728697,-0.2869177,-0.6061358,-0.022899358,-1.0566683,0.22536537,0.41481107,-0.32162336,0.23720878,-0.5212858,0.90499204,1.2081872,-1.132751,0.953559,1.2822683,-1.6462753,-0.39990136,-1.5968529,-0.89867145,-0.8195209,-1.3618076,-1.7209971,-1.2844551,-1.110618,-0.79635674,-0.27467194,-2.070428,-0.737988,-1.5035383,-1.3617473,-0.9485815,-2.1642349,0.10358689,-0.5075353,-1.1855544,-0.4975453,-0.78324205,-0.73471934,-0.8577507,-2.15873,-0.73571014,0.48630846,-0.17522214,-0.76405054,0.8287863,-0.05516972
0.29996052,-0.9491793,0.075367525,0.8274757,2.263705,0.62978464,0.64465815,-0.73178387,1.5327038,0.3130885,-0.23903099,-0.10461193,0.25796476,0.2466288,1.0664756,-0.6939188,1.2782785,1.3160797,1.4266112,0.41427752,-1.0122098,0.8069026,0.23192643,-1.2396989,0.73955053,0.1817008,-1.1368314,1.9312887,-1.5607175,0.33859634,0.040014096,0.719845,-0.6421742,1.3242264,0.80727214,1.3039914,-0.3154717,0.5833905,0.97264594,0.17948337,1.3653023,1.8166926,0.039567254,1.2140126,-1.0967808,1.2815468,-0.5522697,1.7975161,1.594939,1.429351,-0.2531708,-0.19595492,0.841438,0.523256,1.2187388,0.85747296,-1.2782431,0.5169756,-0.03779711,1.1593004,1.7892172,-0.3292478,0.86961234,0.6484905,-0.39014477,-0.46590424,0.38872668,0.21674323,0.8277464,0.2615846,-2.020115,0.24700847,-0.83620375,0.06335688,-0.6532355,1.1053088,0.69034135,-0.4608526,0.29481524,-0.1849643,-1.3113171,1.7651517,-1.3883204,-0.78980905,-1.3525926,0.31940588,0.1561818,2.2383556,0.116681434,0.936901,1.106257,0.11327891,0.04904074,0.49852523,-1.3447715,1.2490665,0.64283085,1.0662415,1.0405387,1.8851792
-0.17286442,-1.4561638,0.89584225,-1.0345467,-0.9190926,1.0415657,-0.53500235,0.7346007,1.0102336,-0.61616635,-0.41265595,-0.13368401,0.18089125,0.86885273,1.3179094,-1.144978,-0.8532001,-0.44291726,0.29656887,0.27953294,-0.10878803,-1.4596764,-0.48203278,-2.2556746,-1.2109243,-0.094017155,-1.1480343,0.58422,-0.38092667,-0.10831684,-0.68869823,0.15116099,0.21104331,-0.82753575,-0.9129677,1.5049015,0.9708546,0.16801393,0.55583966,-0.08126693,0.98194695,-0.6756312,-0.5343889,1.2955261,-0.6752441,0.70270437,-0.27182025,1.018335,0.9809838,1.2998959,0.54596245,-0.2818134,0.10023567,-0.9560563,0.065522134,-0.017269103,0.5375661,1.4145205,0.13427694,-0.024370445,-0.02064699,-0.008760545,-0.35470372,0.5348425,-0.14888753,0.53456414,0.45591134,1.0343399,-1.3560388,0.030117366,-0.9046492,-1.1542206,-1.5597363,0.91601115,-1.3285218,-0.625893,-0.42265356,-0.14681062,-0.97590226,-0.4292986,-0.75612974,1.1765105,-0.54171705,-0.7422452,-0.4647684,1.0298276,0.4670684,0.6397196,0.42531186,1.3376735,1.241281,0.19047163,-0.5694318,0.5024093,-0.016516762,0.67941946,0.9219228,0.14946994,0.34499267,0.96790004
-1.0387466,-1.9376885,-0.4897936,0.03134991,0.15616278,0.15601376,1.0589181,0.2740622,0.12858751,0.6869861,-0.71321994,-0.81117845,0.51087666,-0.19107324,-0.4871631,-1.2569467,-0.3234518,-0.41939846,0.6058506,-1.9361861,-1.1706852,0.8764968,0.40993768,-1.3116499,-0.39409918,0.26603603,-0.40391937,0.60504377,0.19488505,0.83060074,-0.8462651,0.8833112,-0.4119668,-1.2540535,-1.2654157,-1.2532368,-0.61668193,0.9252293,-0.77770877,0.09330119,-0.31548727,-0.13938817,0.1736882,0.42873895,-1.4767138,0.413231,0.08949241,0.2934767,-0.73358417,0.31913134,-0.9125742,-1.4074296,0.80429816,-0.8807642,-1.3328476,-0.5530089,-0.26919502,-0.22124031,0.79213715,-0.5096238,-0.32940766,-0.65151805,-1.4307023,-0.88246804,-0.8623772,0.30505398,-0.98804533,-0.5110166,-0.38626504,-3.0311525,-0.021610562,-0.6959889,-1.3648095,0.5551852,-0.59727097,0.6364019,1.1903864,0.17919742,-1.4429965,1.1013124,-1.912734,-1.2585095,-1.5983659,-2.0168748,-1.0937084,-1.3446625,-0.45615318,1.7540921,-1.6165398,-0.0007405254,-1.3465904,0.12614314,0.9333572,-1.6960261,-0.08246698,0.35233432,0.8290839,-0.60343784,-0.49654064,-0.4583223
-0.7114418,-0.015354769,-0.13329433,-1.2995604,-0.22733591,-0.69235736,-0.9658944,-0.03833106,0.46716997,-0.67619723,-0.050267942,-1.370379,0.59913707,0.5311545,-0.49397656,-0.65171146,-0.7852985,-0.998237,0.48004368,-1.6159378,0.6611664,0.26339486,-0.35466313,-0.4522801,0.17396815,-0.04090982,1.1745037,-0.28871652,-0.78760827,1.0219672,-0.47681433,0.1838822,-1.2041459,-0.9136039,-0.050034106,-0.4201908,0.03312553,0.61261016,0.15727875,1.3805367,-0.2018321,0.24740547,0.47966567,0.56353384,-0.6014764,0.74296856,1.1976638,0.111460134,0.16031559,0.21929558,0.065911375,-0.3288326,0.46309158,0.5119288,-0.087489605,0.3059881,0.6080638,-0.18971005,-1.5000248,-1.5742202,-0.53395,-0.19731016,0.914482,-0.05984474,-1.064962,-0.9989095,-0.82225573,0.5547636,-0.33134094,-1.0065655,-1.7254552,-0.7303635,-0.6712047,0.80336714,-0.09304265,-0.33728325,-0.6021853,0.02203523,-0.073591106,0.68828464,-1.3782177,-0.08287649,0.17275116,0.4283463,-1.2604537,-0.16341613,0.22863199,-0.014628085,-1.5475374,0.24244876,0.552779,0.7401384,0.2943404,0.4249786,1.0361687,-1.1293166,-0.16416314,-1.3371035,0.4570873,-0.30091402
-1.7896123,-1.3307749,-1.1561266,-0.21168795,-0.5087049,-0.76661664,0.25890812,-0.1266537,-0.116246395,1.2374787,-0.12718226,0.75098914,0.6096471,0.48014152,-0.71550465,-0.5775727,0.8341022,0.17435437,0.4285168,-0.4176611,-1.6167277,0.5094979,0.20862515,1.3364769,0.49873167,1.2878041,0.48805505,0.6974508,-0.15607102,-0.8529939,0.46419358,-0.82928616,0.49377853,0.20695591,0.086694814,0.019199891,1.1131511,-0.8828932,1.3118862,0.7994936,0.54546684,0.7222018,0.6317731,0.113750964,2.2592208,0.16399714,-0.16185802,0.6729594,-0.070510305,0.34137654,-1.70893,-1.4610991,-0.60267407,-1.0984827,-0.72616243,-1.5063818,0.49701515,0.3298654,0.47617257,0.39376858,0.88463086,1.1255666,1.2472562,0.97115654,1.0207999,-0.7115339,0.16251455,0.6287359,1.0484368,-0.18794662,-0.18962437,0.6086284,1.0197027,0.39038432,1.6186327,1.2361228,-0.30740544,0.83593863,0.8669281,0.333658,0.70795393,1.3413488,1.5354484,0.41592023,1.838744,1.9812365,0.99707806,0.7612558,-0.30128092,0.493875,0.43004265,0.77461565,0.5319766,0.9244542,1.2080201,0.29830682,-0.23413794,-0.3126467,-0.054237757,-0.110509634
-1.629203,-0.4421359,-0.3759878,0.025177887,-0.17445122,-0.93717575,-0.8755877,-1.6304137,-0.81064606,-1.4186007,-1.6061958,0.101896696,-1.9597087,-1.9619606,-2.0867608,-0.44239578,-0.103849195,-0.49828345,-0.597179,-2.2159572,-0.22856314,-1.7743073,-0.53617334,-0.21925136,0.14045776,-0.5679831,-0.9340933,-0.15231615,-0.23396741,-1.2143211,-0.68914413,-1.8340371,0.42327094,-0.39089,-1.1327419,-1.4052635,-0.076867424,-0.51626563,-1.4236625,-1.0996559,-1.1393834,-1.8086776,-0.38674974,-0.7469748,-0.5551569,-0.7380522,-0.2079595,-0.78115714,-0.39898536,-0.9606383,-1.3508362,0.024644544,-0.1507123,-1.8863516,-1.6825157,-0.9504713,-0.49712175,-0.6156026,-1.0393147,-0.78243333,-0.55937696,0.5440489,-0.66944516,-1.0225781,-1.8834476,-1.4060855,-1.5750906,-0.87578607,-1.0608687,-1.3533126,-0.39674005,-0.46522784,0.33871642,-0.52036715,-0.42658553,-0.17739016,-1.5823909,0.4546097,-1.7755169,-2.153074,0.60763794,-0.22789979,0.40350968,-0.33793306,-0.47459644,0.25079226,0.037087403,-0.62483186,-0.4315516,-0.18532376,-0.7575231,-1.7832022,-0.58558875,-0.79613686,-0.88427174,-1.1968518,-1.7245171,-0.69729304,-1.2752203,-1.5922912
-0.75667495,-2.9521246,-1.5707785,0.2152006,-2.0488992,-1.7537677,-1.06067,-2.053748,-1.3356254,-0.5534169,-1.5928674,-1.3062207,-0.37793875,-1.6565335,-1.1231904,-1.2809429,0.25041166,-2.0759673,-1.1396182,-1.3581953,-1.1754901,-0.37299052,-2.6517463,-0.13562462,-1.0439209,-0.3539961,-0.36169863,-0.68546635,-1.058699,-2.178804,0.70436484,-0.7043489,-0.8638316,-0.2846288,-0.27458942,-0.10245121,-0.59602094,-0.560139,0.909416,0.51720303,-1.3240826,-2.0435648,0.21543518,-1.6419014,-1.1542631,-0.28730297,0.56949145,-0.5017598,-1.1969965,0.030578995,-2.5124238,-2.784879,-2.182591,-1.2650964,-1.3919612,-1.8344538,-1.116971,-0.062838204,-0.4647002,-1.5938072,-0.87735575,-1.5047271,0.5724443,-0.5439447,0.17455105,-0.001392306,-1.1813033,-1.290305,-0.26431236,-0.9726264,-1.0748079,0.17876114,-0.70102125,-0.44282767,0.019052377,-0.4251228,-1.636021,-0.94704324,-0.56963664,-1.432641,0.19927588,-0.80556184,-0.28277382,-0.6817548,-1.1316799,0.07105271,-0.80387956,-0.67521274,0.20560727,-0.26497185,0.31587362,0.9903367,0.93369263,-1.1423441,0.67348367,0.3414656,-1.1661551,-1.6242263,-0.8788495,-0.6852932
-1.005837,-0.9770826,-0.28276873,0.22882101,-2.2997177,-0.10457353,-0.79977673,-0.72287524,0.6764782,0.068231866,0.08152444,0.8540205,0.97598535,-1.4638293,0.92678744,-1.0176477,1.47954,-0.433342,0.05679001,-1.0442508,-1.0374498,0.576277,-0.9095465,0.47237435,0.49880826,-0.3046191,-0.6350756,-0.15310493,2.2575212,-0.32380337,1.4160138,0.9352249,1.1592795,1.4691013,0.48663852,0.35940006,0.4472063,0.39421317,-0.48954657,0.9163071,-0.063228734,-0.3630171,-0.045617897,0.102819845,0.12498289,0.32720825,-0.5881279,-0.054899007,0.7057746,0.19434649,-0.39127305,-1.5809941,-0.5404263,-1.0670784,-0.77935857,-0.40997118,-1.9945015,1.0461295,0.25783834,0.6056263,-0.73595136,0.04589259,1.5702083,-0.90908253,-0.9881859,-0.15127894,0.6417766,0.50958145,0.5443887,0.26325738,-0.85017276,1.3129742,-0.06461062,0.005830671,1.2503402,0.38551444,0.5566067,-0.5762222,-0.34979144,1.1748921,-0.70233613,-0.014627459,0.6119044,0.076034285,0.039368745,-0.27891454,-0.7765647,0.59088326,-0.58327484,-0.5987971,-0.56894034,0.91002065,1.0061585,-0.7237093,0.0703321,0.7001882,0.9573103,-0.34727305,0.23613313,0.15029778
0.8347436,-0.32904416,1.0301781,0.91199565,0.14881888,-0.23880821,-1.2946082,-0.64232624,1.0574371,1.2603822,-1.4262407,0.3999695,-0.017888287,-0.18090747,1.184932,0.044765707,-0.17966849,0.09919284,-0.6743657,-0.14519258,-0.7704346,1.0231922,1.2416515,0.018408636,0.79816717,-0.08795533,0.090998664,-0.7004754,-0.7051582,0.48069248,-0.061195645,-0.3720315,-0.21158232,1.31889,1.6464115,-0.34587762,-1.5442159,-1.8076215,0.066279024,-1.9762839,-0.16475022,-0.9664909,0.35560778,-0.67691064,-0.89910406,-0.5987044,-0.6721984,0.81331766,1.3919296,-0.66632783,0.7839349,-0.12892236,0.29403368,0.19618194,-0.4691528,0.16894008,-0.23089321,-1.737443,1.2173839,-0.050639916,1.0962931,0.58423394,-0.99643356,-0.32344905,-0.073166505,-0.267001,0.7300973,-0.99646115,-0.19091812,0.50012314,-0.63630944,0.5571864,0.757733,-0.35300374,0.030230416,0.10728886,-0.1078053,-0.03434673,0.5440633,0.031197764,1.2920445,0.96724546,0.42271352,0.74984133,-0.7407656,0.21432331,-1.0027163,-0.8698687,-0.111805275,-0.81008565,0.67717046,0.26074347,-0.29172647,0.08607071,-1.1312261,1.0856528,-1.128168,-0.04321111,0.4592123,0.056284904
1.6343381,-0.2052677,-0.9492929,2.4359443,-1.3028003,0.3651008,-0.54344815,-0.5586127,-0.97805613,0.90461826,1.0364997,-0.062429618,1.0533581,1.1802359,0.36360922,-0.6674472,0.36044928,1.0235306,0.03965721,1.59923,-0.17207617,0.83690137,1.3837311,0.9651378,-0.41456482,1.0383178,1.6547285,0.37440348,1.4496067,0.66250294,-0.6666535,0.7827395,0.04467984,0.5924192,1.533641,0.25468904,-0.8170743,0.09731621,-0.8670307,-0.6863024,0.071169674,0.25223222,0.28375453,0.004402158,0.24387296,-0.65286356,-0.7495224,1.0565833,0.54132795,-0.6743996,1.2427413,-0.20662689,-0.9205982,0.9628397,-0.6433841,-0.28641543,0.8442374,-0.83939433,0.9723848,-0.5799118,-0.13810226,0.4072765,1.0774173,-0.56797516,-0.42072415,1.0260631,1.5185173,0.6518299,-0.67826414,0.9364234,1.0756068,1.1227717,0.4245785,-0.46070427,0.20557596,-0.11759031,0.67329276,0.3673216,0.0045570005,0.96743333,0.27868202,0.60041434,0.48069662,-0.2813474,-0.9551523,0.35706222,-0.36879998,-1.1553453,1.3944305,-0.85141176,0.07033133,1.3598919,0.34346405,-0.39519092,-0.08912418,0.47945163,-0.37831914,1.0952164,1.1168025,0.16671985
0.6827146,-0.3202316,0.23600177,0.40245938,-1.3080125,0.41681084,-1.1409489,-1.3651264,-0.7833123,0.18002896,0.74635845,0.46756908,-0.086251706,-0.10257193,-0.31512085,-0.5561803,-0.51369137,-1.2489978,-0.2544914,0.3265124,-0.25807452,-0.39854738,0.5284483,0.003065342,0.7528664,-0.07806266,-0.9280428,0.2410043,-0.010731781,-0.06369255,-0.59676874,0.18863763,-0.2104111,0.50010914,-0.26479638,-0.5599088,-0.4044331,1.4976401,-0.13690457,-0.54769266,-0.5781201,1.643921,0.18488266,0.28592706,-0.33979937,0.10925254,0.87218267,0.21166989,0.1357805,-0.30752155,-1.250007,-0.096103586,-0.9940726,-0.24095413,-0.44620666,-0.37549996,1.3190488,0.9591657,0.10707825,-0.6520215,-1.814796,-0.9983281,-0.58175737,-1.5120003,-0.70875,-1.5465105,-0.32554078,-0.8322736,-0.26611477,-0.5656829,0.054603223,-0.89032865,-0.000772419,-0.7452812,0.13587253,-0.055544864,0.13882829,0.3607283,-1.3530902,0.82958865,-1.5438578,-0.72608626,-0.5212641,-0.1767874,0.59783053,-1.6514409,-0.7541292,1.632747,-0.49387684,-0.52984,0.36996326,0.65069026,-1.1077379,0.4877381,-0.18772049,0.027631795,-0.84348047,0.87944543,0.66230124,-0.28415594
-1.206072,-0.9821723,-0.7248356,-2.2245464,-0.24848354,-0.23003776,-1.106184,0.009798642,-0.9610702,-1.0322995,0.6589899,-1.0393006,-0.96818167,-0.6843384,-2.3122885,-1.4678112,-1.5505574,-1.7931713,-1.7462107,-1.311373,-0.28705457,-0.6091586,-0.84101254,-0.7427472,-0.36776546,0.52028143,-0.029712534,-0.5360905,-0.6663934,0.070962645,0.58437693,-1.2676809,-0.24247251,-0.5325671,-1.7119446,-1.9026344,-0.29058748,-2.125761,-0.8302361,-0.703995,-1.4163908,-0.6564142,-1.5503746,-0.5194569,-0.4850373,-1.117039,0.2927424,-1.7268441,-1.6603827,-1.5662625,-0.70959175,-0.28575337,-0.63430625,-0.70027286,-0.5542948,-1.0856255,-0.51160556,-0.6047349,-0.90768087,-0.35448977,-0.13988288,-0.584012,-0.4494662,-0.010271409,-1.1257274,-0.7283389,-1.6570063,-0.49344903,-0.75723594,-2.3425806,-0.38441163,-0.8881223,-1.3226905,-0.37346283,-0.37158462,-0.23425587,-0.05918764,1.6237864,1.4776312,-2.3304906,-1.0500282,-1.8283021,-1.7207952,-0.70093364,-0.2575618,-1.5955312,-1.15472,-0.37634584,-1.7791284,-0.5392977,-1.69481,0.011800637,-1.4940436,-0.94334346,0.06738168,-1.7130002,-0.54361445,0.119766004,-2.3411067,-0.8859998
-1.215025,-1.1548473,0.061901774,-0.18318929,-0.7025753,-2.1323335,0.37963188,0.27570072,-0.78222346,-0.6161761,-1.3302593,-0.22318912,-0.82056636,-1.3630469,-0.52761626,-1.9259499,-0.65217733,-1.5880971,-1.5936034,-1.6123507,0.65776944,-0.8754412,-1.9882363,0.075556956,-0.76822597,0.51827145,-0.7674212,-0.86206555,-1.1978348,-0.46144268,-2.7285736,-0.70789033,-0.13265227,-1.0338882,-0.8517811,-1.573381,0.572519,-1.8524277,-1.1019037,-1.0063848,-1.1206477,-0.7833774,-0.35265353,-0.99739695,-0.7488424,-0.9002115,-0.055269312,-1.3615339,-0.7357751,-1.2861897,-1.0576196,-1.4200724,-1.3133025,-0.45881045,-1.0682799,-1.0280323,0.36093095,0.97105104,-0.2894735,0.014273229,-0.878071,-0.47795784,-0.60657394,-1.6428394,-1.1052046,-0.25185657,-1.1673808,-2.7010314,-1.1666274,-0.96104366,0.40182137,1.0762845,-0.31960505,0.119730964,0.20330732,-0.025514081,-0.6166492,-0.99289346,-1.3098103,-0.46045262,-0.3681799,-1.0758786,0.7336285,-0.83434606,0.7344115,-0.79739827,0.11232685,-0.14233235,-0.4309941,-0.86718076,-0.9830832,-0.013041355,-1.1976287,-1.1008273,1.0677665,0.60032743,-0.26554987,0.55050755,-1.9093633,-1.0824678
-0.50112677,-0.55648273,-0.5575806,1.428936,-1.1975932,-0.39649776,0.09605895,0.3463927,-0.2561316,0.13482669,0.5148852,-0.05072562,0.4250363,0.5463651,-2.3487973,-0.49170303,0.14552219,-0.22240853,-1.0399827,0.7029265,-1.0010386,-0.5287624,-1.1306223,-0.5192031,-0.8871906,0.23834386,-0.8627698,-1.7223648,0.54531866,-0.38394964,0.28141484,-1.034602,-0.51729554,-0.72991574,-0.058979686,0.3106536,0.5603772,0.5617869,0.3818123,-0.58726025,0.2874715,0.28033194,0.20276354,-0.118963584,0.8526566,0.21349615,0.8278865,-0.51382685,0.03165534,0.33378088,0.6092487,-0.4501507,0.25895002,0.73280716,0.094410196,-1.1160328,0.85562646,0.2593079,0.40348282,1.2020143,-0.9682648,0.7353317,-0.17618594,1.0089705,-1.497339,-0.9362234,-0.23017299,-0.23681012,-0.5446293,-1.28719,-0.18289159,-0.6258395,1.8096706,0.9441849,-0.5443358,-0.5927016,-0.09970868,-1.4106935,0.21913792,0.17190559,0.19993187,-0.19847812,-0.3650547,0.26720238,0.41658485,0.2518273,-0.33309036,-0.89114,-0.020765912,0.83339405,1.0316035,-0.83069634,0.9786479,-0.16010657,0.23973238,0.77405256,0.6413649,1.3402216,-0.7040976,0.57569337
-1.1805583,-1.9866102,-2.2417805,0.5596321,-1.9271272,-1.5736774,-0.47127745,-1.1977113,-0.98833823,-0.42783958,-0.68740124,-0.9555533,0.30876857,0.17445464,-0.99752736,-0.837495,-1.1871998,-0.32772627,-2.1776597,0.44749916,-1.8741359,0.6774902,-1.1835601,0.052966103,1.662333,-1.1447096,-0.58272296,-1.0058031,-0.33536088,0.40930063,0.4675224,-0.62689626,0.117422655,-0.07263775,0.5695239,-1.5725402,-0.5466304,1.0126122,-0.52138305,0.24260487,-0.45420483,0.67783654,-0.5549673,-0.4239778,1.672821,-0.90323865,-1.7944741,0.4070854,-0.31091392,-1.003673,-0.67114246,-1.4831669,-1.8975191,-1.7421957,-2.4601111,-1.3879305,-1.4637764,-0.81594026,0.008920552,-0.36399135,-0.5654841,-0.8142534,-0.5600322,0.45944083,-1.0681267,-1.5726117,0.04662303,-2.0776968,-1.7416977,-0.36230052,1.3126849,0.76494384,0.072040595,1.2562735,0.03244889,-0.0770071,-0.331043,-1.8882557,-0.3428854,-0.9673278,0.51327497,-0.5154188,0.6946412,-0.22651856,1.2902297,0.49191704,-0.09471282,-0.66532916,0.2493285,-0.347608,-0.07212831,1.3303962,1.8659161,0.3166487,0.47300392,1.520428,-0.37348685,0.43834418,0.42380205,-0.42411852
-0.08674318,-0.22445332,-2.7433956,-0.42464486,-0.5872158,-1.0946462,-0.33599737,0.21415156,0.114358656,0.23614384,-0.0033313876,0.561175,0.1626264,-0.9155058,-0.52003866,-0.4402728,-0.8207041,-1.4637645,-0.52701694,-1.3258513,-0.29961866,1.5374908,0.8309433,0.047662903,-0.01675002,0.24160883,0.0040973458,0.41695136,0.60695904,0.98673683,-0.37427723,0.63846517,-1.6314346,0.34998173,-0.04311757,-1.6090145,-0.21778812,-0.15563482,1.4348099,-0.525374,0.3450844,0.5951501,0.99146944,0.33748546,0.6012858,-0.44075465,0.5325685,0.7409574,-0.5483388,-0.26561156,0.33941677,0.058331475,-0.77090126,-1.2139822,0.13256288,0.15899746,0.4533788,0.85837084,0.3767901,-1.3866733,0.19873975,0.23535879,-1.4059438,-1.2942699,-1.2022994,-0.47258112,0.42831418,-1.4297676,0.6413316,-1.4238048,-1.3862705,0.5016397,-0.80827546,0.0744106,-0.8482791,-0.48270613,0.12849227,0.16270219,-0.6250357,-0.7308487,0.48917198,1.0511043,0.67461103,-1.3340578,-0.6132429,-1.3103038,-1.1262844,-1.32836,-0.8388094,0.3077031,-0.01638338,-0.4830677,0.52957356,0.036458954,0.15745772,0.89062524,-0.89845335,-0.4755309,-0.086172424,-0.53521746
-0.20690893,-0.5085622,-1.187085,-2.4009497,-0.6636172,-0.60143834,-1.3100971,-1.8386009,-1.0308765,-1.7196385,-1.098295,-1.9701852,-2.241694,-1.0078557,-0.19925374,-0.62011665,-1.0365356,-0.6545736,-0.18059282,-1.0006603,0.8107737,-1.2523959,-0.53570104,-0.28006896,-1.1707462,-0.88829446,0.2826658,-0.23477946,-1.0831643,-0.10279502,-0.84539294,-0.6729736,-0.78502816,-1.3349389,-0.6438127,-1.545723,-0.6914272,0.4773457,-0.6022016,-0.3142417,-1.1766139,0.9693709,-0.6725373,0.1659155,0.2967388,-0.3944705,-0.9236194,-0.38895366,-1.2359463,-1.7487656,-0.4306131,-0.27638435,-2.0731363,-1.098785,-0.7890339,0.8602776,0.6084243,-2.5029488,-1.2034916,-0.49692363,-2.954358,-2.2787268,-0.575468,-1.72182,0.56496304,1.1308895,-1.2227966,-2.7454224,-1.0222025,-0.4730438,1.6820254,-1.5889788,-0.35854545,-1.0997839,-1.554467,-2.0656407,-1.6691849,-0.80985373,-1.6365358,-1.6091036,-1.4157462,-1.680942,-1.2719384,-2.4958713,-0.80191183,-1.030183,-1.2793325,-0.9503606,0.013440911,-1.6478018,-1.2326872,-1.2843415,-1.5278269,0.17289956,-1.1509154,-1.4683208,-0.3658189,-0.26359513,-0.2668272,-1.5041497
0.6897091,1.662935,-0.13774991,-0.8135769,1.136155,0.5309785,1.0380054,1.2610761,0.73242134,2.7634504,1.223138,2.3351274,1.5784436,0.3746484,1.5237823,1.3516012,-0.069731906,0.2610328,0.20087987,0.5514743,0.34250048,-0.064511254,0.5478921,0.945727,1.3197526,1.7925406,0.50706965,0.4066016,1.2521513,1.4489043,1.5489179,1.7421836,-0.99390143,-0.035338838,0.37359357,-0.2506677,-0.24518907,0.58438617,-0.12754783,0.42954975,-0.16274114,1.0627282,0.6610591,-0.40530974,2.0699813,-0.9113736,0.20136736,-1.0499997,-0.57523245,-0.5595953,-0.35152027,1.5106425,1.3331268,0.4607786,-0.14034119,0.25116852,1.0645262,-0.60431087,1.6236361,1.6754779,1.3633322,0.6476728,-0.12124609,0.70278555,0.8246603,1.4371624,1.004169,0.4733801,2.07564,0.8884878,1.4981731,1.4839876,1.2240541,0.8548692,1.7780477,1.1829945,2.7479117,1.1732354,1.4827216,1.3431195,0.649259,-0.63949436,1.4546471,0.31876668,1.92911,-0.48262382,0.5384687,-0.6492995,0.36595955,-0.35468405,-1.3723236,-0.25784367,-0.15245841,0.22517079,-0.6664838,-0.108894534,-0.38114226,0.0016801296,-0.13515967,0.3638091
-0.84913236,0.0071973517,-0.41523984,-0.53078836,1.1937809,-1.5389773,0.1349247,0.47421533,1.2276183,1.8071451,0.2640785,0.92591614,1.567563,-0.81218976,-0.22096637,0.6095652,-0.083210796,-0.7800979,-1.8821802,-2.1297584,-0.27815273,1.2063633,0.14462332,-0.27690604,1.3945907,1.6458713,1.4721687,0.18890986,-0.7301344,2.166331,-1.499192,-0.5910787,0.18259896,-0.6072474,-0.88155055,-1.4411017,-0.40273443,-1.8218896,-0.63308877,-0.5253668,-1.8848774,-2.249151,-0.48279732,-0.38756806,-0.30296916,-1.7248977,0.19541653,-1.8702525,-1.1033239,-1.6489004,0.16643721,-0.018245151,-0.441673,-1.082297,-0.45042294,-1.313526,1.5113659,-0.87957263,2.5169458,1.321318,2.0470011,1.3157318,0.3058873,-0.1232743,0.45461956,1.0931776,-0.6825043,0.2750554,-0.06842639,-0.6771547,-0.9203833,0.45557046,0.6783594,-0.48061475,1.940808,1.3105965,0.7974062,1.4711971,0.02265935,-0.05488875,-0.16780144,-1.248707,0.5844767,0.35974315,0.24883126,-1.0172538,0.3531913,-0.49620485,-1.6192427,-1.8880056,-2.011347,0.4052944,1.238669,-0.54496455,-1.0430695,-0.5607477,-1.3889064,-1.992319,-2.1842215,-1.7517781
1.968038,0.9896761,0.6082779,0.7793129,-0.6666915,1.545948,-0.83365947,1.6235433,2.4927714,2.017866,2.6841142,0.50494033,0.8567286,-0.10098146,0.29930463,0.28859842,1.3111957,1.1531475,0.74271685,-0.2647555,-0.019228557,0.75429267,2.324086,-0.08865513,0.47742936,0.6018367,-0.6589504,-1.2679484,0.29388884,0.8332907,0.81767774,0.4312863,1.9385079,1.3399241,1.0015582,1.4411305,0.53225493,-0.50789654,-0.14793012,0.40873826,0.8066465,-0.18961921,0.6353706,-0.84276175,1.2526315,-0.51802176,1.7008324,-0.23599264,1.7490755,0.5076762,2.136336,0.97481555,0.56823736,-2.2722251,0.91297424,0.6127025,0.45629734,1.4840964,0.61005026,0.6739051,0.6747437,-0.6885623,7.667267e-05,2.9799,1.9400342,1.0609181,1.8064481,1.7909166,0.28278166,-1.0079508,-0.90195274,-0.3750497,0.65008056,0.45703527,0.34212965,0.3510367,1.0069293,0.6088497,2.1633854,0.85852903,0.86499727,2.3991807,2.089762,1.1797868,0.37570086,1.2649782,1.8538632,1.1561612,1.7408502,0.9395357,1.8943799,0.477007,-1.480565,1.4857711,0.7262808,1.2815771,-0.66486365,1.4572208,1.7319973,1.8244787
1.4520563,1.3825777,0.58742493,0.9590759,1.7992711,1.9784051,0.9236912,1.859796,1.5756443,1.5207998,2.3706946,1.2041016,-0.95961344,0.5124008,0.6840171,0.53825635,0.96254826,-0.43083772,0.49737158,1.2738705,-0.40659618,0.33786002,0.10452788,0.20903718,0.73977274,0.30631572,-0.5449657,-0.01222934,-0.6653634,-0.54596704,0.18483485,0.23919818,-0.8021482,0.8141865,0.18889669,1.0758101,1.1162281,-0.85313,-0.5568246,1.0226177,1.0325267,-1.6914315,0.28556392,0.7623818,1.3440454,-0.2526913,-0.44430894,1.3489114,1.273267,0.2663834,0.25004,0.29839876,0.60027575,-0.004449123,0.62426883,2.6573079,1.3899189,1.4077175,0.4218176,1.3912687,0.7693882,-0.28534377,-0.4640631,-1.4089683,0.10158444,-0.2584392,1.8560345,0.46614817,-0.71969837,-1.0306499,-0.10097103,0.85669255,0.8901371,-0.23012929,1.0582699,0.73436177,-0.4252533,1.0160725,-0.13373616,0.24067506,0.25260895,1.7112155,2.3193634,1.2342186,1.2343649,1.1257676,0.13444193,-0.6524327,1.7657441,0.84622437,1.5434505,-2.2429628,0.0012090331,0.41838834,-0.07594878,2.791085,0.5934442,2.216494,2.6170704,2.355159
0.22144271,0.84936684,0.68446916,-0.37839055,1.1954554,0.55191463,1.7408406,1.3751539,0.8843669,0.8682707,1.1996627,0.62956554,0.5277451,0.50772697,0.5916898,1.0515572,1.7118547,0.73318624,0.80341804,0.87377,1.9297544,0.9986346,1.5132211,1.3663971,0.5986097,1.3908238,1.4341975,1.6782279,0.70390964,0.59877497,0.045969836,0.37886062,2.0602446,2.2216556,1.1649221,1.2999368,1.8609787,0.7269833,0.26368204,1.868095,1.2484151,0.76436806,1.8283472,-0.55775124,-0.32014355,0.33011854,2.2129738,1.4889897,-0.18206099,0.49874774,-0.4360958,0.69183147,1.75643,-0.18670163,1.845327,0.21931653,1.0067781,1.0543002,0.4223272,1.9308625,0.43118778,0.6336212,-0.057794873,-0.40874282,2.2839708,1.2561871,0.70853144,1.5775201,1.661769,0.37058184,0.69986856,1.3615848,1.2172652,-0.34399307,1.4246209,1.7220361,0.28308135,-0.51259315,0.68195665,1.2293197,1.3362776,0.18037838,0.59685767,2.330985,0.41955143,2.0676222,1.3251358,1.7529261,-0.9126622,-0.7359718,0.5192059,-1.2276558,-0.05985428,0.5245594,0.5047331,-1.4519488,-0.30048576,1.1066481,-1.031534,-0.055317517
-0.12442896,-0.51721716,-1.2820898,-0.9997474,-0.12690987,-1.5467757,-0.57104874,-0.8445873,-0.7369427,-2.1512632,-0.9265694,0.05408618,-0.7149954,-0.45172665,-0.8444277,-1.0634878,-0.191477,1.0323119,1.8762085,-0.22360414,-0.85171694,0.018263392,-0.39035797,0.7317267,-0.3996603,-1.7096282,1.1432574,0.3185264,-1.1274829,-0.69578195,0.9838739,-0.13100226,1.264076,0.31802154,0.7186622,-0.3578107,-0.44061816,0.47605205,-0.045361977,0.319674,-0.58785665,0.23387972,0.5382626,-1.6345727,1.1136701,-0.09859216,-0.6159081,0.110673375,-0.7902331,-0.6486935,-0.8733134,-0.05727517,0.7126955,-1.1176627,-1.735591,-0.42607415,-1.5990621,1.1353264,-1.3744551,-0.10052776,0.100430705,-0.5665413,-1.186422,0.61484545,0.7267125,-0.48258352,-1.7252307,0.43120065,1.5153738,0.5221133,0.083761096,-0.7621939,-1.5700271,-1.2672542,0.036927395,-0.5131293,-0.31997442,-2.2469082,-0.3343197,-1.5701475,0.73417115,-0.22468092,-0.087826945,1.0647079,-0.49263006,0.14007129,-0.96618646,-0.86261517,-1.4187905,-0.20001702,-0.964199,-0.17774522,-0.37592033,-2.378495,1.3616937,-1.0732574,-0.23147583,-1.5990943,-0.8808308,-1.1562768
-1.2286536,-0.2641416,0.7430858,-0.120218895,-1.5336802,-0.53566945,0.019755857,0.08625307,0.68553495,-0.5595952,-0.8488845,-0.51993847,-0.41168255,-0.6675478,-0.46355966,-1.8508378,-0.52901703,-0.1405686,-0.20120715,0.28746504,0.95101833,-0.92366827,-0.9238291,-1.1658341,-1.910163,-0.70362085,-0.42892075,0.22983484,-0.54060954,-0.10315581,-0.043162867,-0.80709094,1.3885545,-1.589936,-1.090781,-0.78866345,-0.34381288,0.38827163,0.12241103,-1.7348388,-0.0045431964,0.79641896,0.0035451134,0.061955433,-0.72349244,1.210835,0.5701797,-0.028026737,-0.08331075,0.53605145,-2.1743813,-1.0847511,-0.8876813,0.53998756,-1.051823,-0.97338367,0.72102183,1.7392876,-0.3650424,-2.3179529,-0.48195797,-0.6954031,-0.63316673,-0.8589465,-0.95615447,-0.9003952,-1.2698462,-0.23785076,-1.0010054,-0.45948878,-0.6626921,-0.39783746,-1.2410982,-1.7360008,-1.0645632,-0.6847738,0.08893318,0.4969804,-1.540512,-0.7102353,-0.6835289,-0.34231547,-0.14323898,-0.25091866,-0.29609302,-0.3631924,-2.0997605,1.7571518,-1.6332204,0.581003,-0.8831971,-2.1599371,-0.7640814,-1.0566182,0.84704715,0.60106826,0.39672202,-0.6579706,-0.9453434,-1.0017273
-1.2615141,0.016929945,-1.293064,1.0904763,0.07445866,-0.52843374,-1.1288426,-0.6339561,0.5400806,-0.014961088,-1.043007,0.36584184,0.26422223,-1.3938872,-0.50100756,-0.29802418,-0.19095692,-0.78718156,-1.2447526,-1.1613083,-0.6527418,-0.13907549,-0.34235242,-0.13030611,0.05429219,-0.69319516,0.65747845,-0.27392372,-1.26213,0.049995758,0.47909832,-0.9397256,0.3521431,-0.3973802,-0.59997106,-0.24916741,-1.6753348,-1.0011271,-0.7647709,-0.38789827,-1.4456457,-0.76542056,-1.0277313,-0.08912666,-0.41601187,-0.49978626,-1.1641643,-1.449033,-1.6302391,-1.1574612,-0.55505913,-0.895278,0.20238222,-0.35879114,-1.6150459,-0.2934201,0.35635382,0.43301055,0.26384827,-0.22082996,0.9707238,0.7573469,-0.67145324,0.59169203,0.3646671,-0.37130266,0.060127288,-1.0922886,-0.97503513,0.47292122,0.8045675,1.7477622,-1.6281602,-0.07623679,0.28460416,0.1438044,-0.49193284,0.66584355,-0.2978114,0.20541997,-1.0397632,-1.1744778,-0.6261168,0.41696882,-0.36790064,-0.609662,-1.0740932,0.82306594,-0.86860853,-1.1552557,-0.39537174,0.16286422,-0.23349133,1.2950534,-0.3492693,-0.06625567,-0.713611,0.08565846,-1.1166159,-0.65208256
-0.1942314,-0.80004764,-1.5026184,-0.01661933,-1.2266389,-0.64344937,-0.8578941,-0.592239,0.073769346,1.0760595,-0.1477098,0.7789739,-0.3821795,-1.1601,-1.683902,-0.93216175,0.05733616,-0.63900125,-2.101302,-2.0266004,-1.3671739,0.2638341,-0.21508014,0.47692126,1.6083485,0.8771545,1.433352,0.27776846,-0.30910277,0.40388083,-0.3952526,1.4194303,0.21487138,-0.8088208,-0.2558728,-2.0383463,-0.67507243,0.72365206,0.43121162,0.20388919,-1.1668011,-0.27154952,0.6327623,-0.85479987,0.3250374,-0.6145343,-0.9037539,0.2659083,-1.2395633,-1.685985,-0.4162755,-1.5168464,-0.9287717,-1.2643415,-1.2244631,0.15730081,0.15819088,0.37164113,-0.25885895,-0.18486819,-0.25192162,-0.27086094,-0.8916508,-1.1912221,-0.6772664,-0.8543819,-0.1308017,-1.8918796,-0.3280002,-0.4324036,-0.1264394,0.34607017,-1.218773,0.23588538,0.26453444,0.727299,-0.63629746,0.10767181,0.17992295,-0.8476176,0.04014564,-0.793748,-0.047037024,-0.49892336,1.5518107,-1.4194396,-0.48178962,0.551903,-0.6599806,-1.0474259,-1.0319936,-1.5698347,-0.7777347,0.18997478,0.56770533,-0.8288376,-0.94337445,1.2920562,-0.13145077,-0.9831805
-0.49829066,-0.10955677,-0.6213913,-0.06146192,-1.2960403,-0.07225664,-1.2292222,-0.63667804,0.593051,0.34042713,-0.2146119,0.66815287,0.1673024,-0.3528093,0.6547519,-0.16399398,-0.21940707,0.51429653,-2.3590493,0.13777405,-0.24579962,-0.42711872,-0.74303013,0.35339683,0.8907396,1.0119585,0.47514498,0.22247949,0.12304439,-0.43097228,1.2037174,-1.0115885,1.319722,-1.5179648,-0.93692255,0.25954476,1.3373389,-1.1077857,-0.8012288,-0.00757628,-0.106630795,0.35146695,0.42457622,0.39835176,1.038684,-0.27139178,-1.6269757,1.3087448,0.39870322,-0.056893382,0.13865879,-0.3335626,0.5194723,-1.7110003,0.6707011,-0.15593521,0.46769777,1.0274527,-0.5111646,-0.019611735,0.4663263,0.18628111,0.23235373,0.51548564,0.1884905,0.084482715,0.39827836,-1.0730829,-0.9628968,0.54992217,1.1824609,-0.19079444,-0.16419418,0.6747193,0.54440904,-0.11775275,0.14683771,0.38687256,-0.6430226,-1.445108,0.42911318,0.51303744,0.44963628,0.0028743595,0.993632,-0.10747191,0.7885471,1.3346496,1.0419816,0.5011438,0.8047139,-0.15533084,0.27951252,-0.70094293,0.6747311,1.2004058,0.40397567,0.36760187,0.40967825,0.100242145
0.26070055,-0.70230323,0.5549329,1.273657,-0.10576467,0.82835126,-0.82313484,0.28418702,0.82280886,0.11618608,-0.51943415,0.051352456,0.16028869,0.5507536,0.7643874,-0.20541401,-1.0645998,0.8438254,-0.05199291,-0.057601262,0.96694225,-0.31585163,0.043392733,0.10958952,-0.40190673,-0.21148922,-0.1327118,-0.5449549,0.33366236,-0.09408389,0.45449257,0.24173653,0.753922,0.17637815,-0.18364188,0.2870674,-0.016415125,0.19552162,0.71354675,-0.89371693,0.8247315,0.24664629,-0.25638154,0.9464781,0.6751778,0.58824706,-0.34495422,0.98530006,0.7776193,0.6626531,0.80780053,-0.99247265,-1.344679,0.3009947,-0.19564141,0.71555454,0.3736676,0.21463779,0.42337587,-0.61904895,0.6130288,1.1675416,-0.2662292,-0.33243507,-0.725706,0.16314763,1.3473349,0.42652208,-0.27206713,1.1251706,-0.57585865,0.033971734,-0.16258004,-0.104948744,-0.68278056,-0.15697418,-0.4526035,-0.34637484,-0.920123,-0.4404957,0.7129208,1.4233352,0.081230074,0.23255323,0.94496757,1.4405507,-0.49204448,0.94759417,1.3896989,0.5947888,-0.31515852,0.40370622,1.3365163,-0.12143719,-0.50341755,1.9268465,0.9299035,-0.14392743,1.6211104,1.3502296
0.97898346,0.45402578,1.2265406,1.7773808,0.38176626,1.4801522,0.55808586,0.96223027,0.46012342,-0.43473324,0.35761097,0.11292435,1.1911008,0.99997616,1.4252671,0.13350646,0.06398134,0.13753648,0.41650656,0.9495262,-0.84985876,-0.47657597,0.32545084,-0.8519568,-0.3679438,-0.018933972,-0.50773007,0.40646967,0.5217702,0.63929397,0.050923616,0.46270856,0.8008296,0.057097945,0.14191438,1.3112404,0.58972806,2.269235,-0.062415168,0.39125788,1.2431434,1.5129944,0.19679433,0.9890133,-0.78588784,1.2557895,-0.43832025,0.5245041,1.3820207,1.6220484,2.172482,0.40788555,-0.38719878,0.37663987,0.8434774,1.7681475,-0.58243513,0.55063236,-0.03775906,-0.55469745,-0.36617485,0.54051113,1.4496918,1.2182884,0.44014338,0.9909464,1.5208725,0.8907878,0.92516565,1.7701668,0.14818081,-0.59801537,-0.27849576,0.8722137,-0.48275727,-0.6070772,0.070650965,0.26001516,0.030952826,1.0396034,-0.50919056,1.8801069,-0.68848693,0.35961735,-0.8605021,0.7757836,-0.6281601,0.7307956,2.6500776,1.8930479,1.618811,-0.6227441,0.86919034,1.2756464,0.079685956,2.012718,1.7260678,1.5352519,1.5010806,1.4448873
-0.4104724,-0.21971442,0.9885635,0.3466251,-0.04084115,1.1646812,-1.3337841,-0.86622006,0.08749978,-1.4189574,-1.0784107,-1.7426533,-0.8686739,-0.74377203,-0.62757945,-0.86264443,-0.31858864,-1.1985672,-0.27664816,0.78101337,-0.27062094,-1.0794826,-1.350364,-1.3111659,-1.2531788,-1.7242099,0.5262912,0.37639505,-0.6561794,-0.9195486,-0.35205486,0.05184172,-1.2373254,-0.5983717,-0.15848656,1.3059379,1.6026291,1.1267403,0.7549717,0.75367665,1.2234395,1.6747186,-0.19897805,0.8754615,-0.6816232,1.828779,-0.3135329,1.4090677,0.34068516,1.9784374,0.95827013,-0.30595094,-1.1437578,0.14878353,1.1215198,1.0661247,0.09328224,0.48968,-1.4287227,-0.40609163,0.017909821,1.0109133,0.11902444,-1.3617568,-0.41626453,-0.13488875,1.5119758,-0.35430542,-0.0947192,-0.61583287,0.23857051,-1.6776842,-0.19986445,0.86691123,-1.8880341,-0.5720356,-1.5475953,-1.493389,-0.4866186,0.1809435,-1.1493424,0.44733068,-1.3874819,-0.721833,-0.75258964,0.07934794,-0.7015153,1.0470788,1.3261747,2.734261,2.6897686,0.8367562,0.12652206,0.342965,1.3856629,0.43425155,1.6136044,0.18932113,0.77681893,2.023166
-1.8853995,-0.4753684,-1.0658821,-1.3320893,-0.5287868,-1.0909469,-1.919028,-0.7844245,-0.6624923,-0.43000168,0.15702182,-0.6693797,-0.14920853,0.10338655,0.31799752,-1.5417882,0.42146048,0.09114251,1.3265581,0.27541444,-0.08901641,-0.21766809,-1.9452356,-0.31157744,-0.06159935,-0.37042925,0.6956035,0.024084799,0.50107926,-0.7496254,-1.8606242,0.89117247,0.33350012,-0.05383382,-0.52648133,1.2989863,0.9949225,1.0228723,0.640187,-0.029572535,0.79830587,-0.41319185,0.9399381,0.82387155,-0.7077896,2.5864058,0.7305194,-1.0592405,-0.3572949,2.0535288,-0.5145107,-0.47294626,-0.6445255,0.3201297,-0.052298773,-0.048689112,-0.57598335,-0.14591455,0.017776113,-0.18022548,0.46640685,0.6266181,1.1858883,0.2339628,-0.3462989,-0.9351005,-0.92675555,1.4548795,1.011955,-0.28488246,0.16132283,-0.5603774,0.911627,0.26705906,-0.8291436,-1.3270726,-0.65705097,0.37926683,-1.4926312,2.4040937,-0.6804445,0.103765756,-0.67158073,0.30126926,-0.6053698,-0.14766446,-0.5624323,0.12231953,0.8645254,2.3014026,1.1582611,1.383175,0.6654527,-0.9176734,0.89057875,-0.47916114,1.5119452,0.006713688,-0.0125119,0.7601919
0.01725527,1.7323393,2.2060325,2.1359549,0.9037171,0.63027906,1.5133009,0.11300686,1.345665,-0.047099423,-0.14181307,0.10115051,0.22508776,0.9512561,0.57556754,1.3898278,0.1845245,-0.306967,0.6293554,0.63767654,0.96977305,-1.4722632,-0.6618602,-1.7515551,-0.22816463,-0.53756654,-1.6119815,-0.56377506,-1.5945661,-0.16882533,-0.57710487,-0.5380313,-2.2488966,-0.406595,-1.6741824,0.44750142,-0.087059155,0.33344105,-0.5587538,0.61127687,-0.4161536,-1.0458924,-0.540686,0.27986127,-0.84881777,-0.665539,-0.8491373,0.4249056,0.631557,0.29169163,1.5499684,1.9813256,0.047167316,0.83233017,1.1175438,0.9077633,0.04073807,1.048124,0.07420974,0.27632526,0.6956223,0.9227796,-1.1363304,0.120371684,-3.0975607e-05,-1.5689117,0.87107694,1.6483717,-0.8337425,0.563691,0.42785773,-0.71657324,-0.9808824,1.4340073,-0.27281603,-0.6631555,0.77596617,0.027960617,-1.0786159,1.0374142,-1.3822975,0.87432075,-0.0073503777,-0.4743532,-1.7191045,-0.4551057,-0.08721471,-1.3288068,-0.019697847,1.1100681,0.7602676,1.1761571,0.75054884,-1.6364226,-1.1849319,-0.034117173,-0.030355034,0.028829144,1.1572164,0.83969337
1.350759,0.7249469,0.81426716,-0.72848207,1.5756058,1.3351123,0.24622628,1.1646475,1.4934477,-0.13468692,0.37833875,-0.13911684,0.29021525,1.3444512,0.0048531434,0.63104117,1.6200329,1.0405705,0.58441883,0.89108855,1.1235044,-0.883891,1.0759314,0.27343592,-0.0976566,0.16472745,-0.7270772,0.1686449,-0.20646556,-1.1162602,1.5810262,0.31383058,-0.30822405,1.3073332,0.3040079,2.110332,0.06971458,0.5880813,1.531828,0.481671,1.844897,0.8346695,-0.75714236,1.6879753,-0.9426446,0.6618125,1.6295284,1.07446,1.7764572,1.5179456,0.7537207,0.99087006,1.2152641,0.994062,1.8151337,1.034268,1.280996,1.6948475,-0.9816493,0.26410824,-0.06943006,0.4413738,-0.93934333,0.1563507,-0.34146133,-0.5364401,1.294116,1.090177,0.9058959,0.33867547,-0.5856733,-1.2046027,0.75259465,-0.333653,-0.18795592,-0.34227577,0.75435454,0.27256408,0.104072474,1.0736048,0.08995444,1.0561305,-1.1788881,0.64552665,-1.8491176,1.6407669,1.5948728,1.178369,1.413432,1.1833173,0.88715285,-1.0996642,0.27722627,-0.38576588,0.35924393,0.10498164,1.3764,-0.49313304,1.2651259,1.6957492
-0.29121453,-0.3295687,-0.22744645,0.9326206,-0.75767404,0.24344271,-0.93290967,-0.662827,-0.16329113,-1.4106727,-1.8795947,-1.3832029,-0.88156533,-0.013626535,0.6422676,-0.5615262,-1.2529044,-0.27447852,0.95888627,0.9329889,0.9575047,-0.20298095,1.1163138,-1.3814135,-1.7162879,-1.0869571,-1.792891,-0.85265595,-0.33078665,-2.2992222,-0.6328636,-2.5062845,-0.13756023,0.22249945,1.1009351,1.2762299,-0.46602082,-0.42305788,-1.4094551,-1.5701488,0.35621715,-0.26915756,-0.45431128,0.68545485,-0.8811528,-0.33098462,-0.58410674,2.631625,1.2996427,0.39825416,-1.0781004,-1.2481304,-0.43620452,0.08521965,-0.054720256,-0.6358407,-0.41991726,-0.9014817,-0.84732455,-0.9172972,-1.4628439,0.15684025,-0.7832748,-0.13758214,-0.86753565,0.29945773,0.22597124,0.2622953,-0.28877497,-0.15263106,-0.5380092,-0.9651207,-0.31532592,-1.086355,-1.7366179,-1.8994063,-1.5033051,-1.1422988,-0.7617569,-1.1312923,-0.73614734,0.37599948,-1.4831398,0.091172084,-2.0039794,0.49063376,-1.6767726,-0.7107046,0.38651207,-0.06507059,-0.4311534,-1.088659,-0.15169108,-1.0327634,-1.4427979,0.43854588,-0.44530812,0.83074886,0.7891249,0.28178692
1.7004229,2.4594216,2.3007596,1.106768,1.3965894,2.6453326,2.9296122,2.2080138,2.4406466,0.65435916,2.4574528,1.7754496,1.5179075,1.4196705,2.1176615,2.231733,0.9206916,1.3271116,0.88831276,2.3100162,1.0512156,-0.87295973,-0.31639788,-1.2412113,-0.71606845,-1.0132109,-1.6045564,-2.362039,0.31800687,0.25533825,-1.3370425,0.2326814,-0.12632513,1.1309028,0.4016826,2.653942,2.6087527,0.37720013,0.5152118,0.92890394,1.927921,-1.1701081,-0.7771559,0.24056394,-2.4377713,0.20724174,-0.81487674,1.8186122,2.0965002,2.5634172,1.8961798,2.5879052,0.6302156,1.8920351,2.323654,0.54291195,0.49667138,1.6635318,1.4125752,2.447796,1.9660655,2.591102,2.2965612,1.9801419,1.4391304,1.3120462,0.9463899,2.461485,0.5058213,1.0735816,-0.10610085,0.973357,3.0003746,1.1750377,0.25875545,-0.68306726,0.96211755,0.85970575,-0.6262361,-0.25271407,-0.6703746,2.5463278,1.055243,1.9138991,-1.0899181,2.4750974,1.7181282,0.18226314,1.8705747,2.045104,2.2055385,0.17621262,1.9439814,1.2180492,-1.4234447,0.76112723,1.7803601,2.0442162,2.3266976,3.1043465
0.5769128,1.1007142,1.0330007,-0.04213497,0.48607725,1.6471549,0.2391414,0.98454416,-0.1233361,-0.17581831,-0.9849047,-1.2020231,-0.06180496,1.8476942,-0.707757,0.23970062,-0.57113904,1.4371079,-0.64349544,1.2858952,-0.31355053,0.087708704,0.38604188,0.09995957,-0.7278806,-0.37598956,0.32648104,0.8194068,-0.06627041,-1.6194395,0.37306118,0.85901386,-1.060889,-0.2731367,-0.42655486,0.64158314,-0.38394946,-0.23344907,1.0858039,1.1566796,0.5761304,0.19144136,-0.4190722,0.94224906,-0.7824268,0.7651372,0.31314737,0.1959191,1.0784167,0.81083834,1.0060029,-0.094980896,-1.0670334,2.3060503,-0.06653796,-0.27124658,1.3532344,0.17524773,0.5929448,-0.23672822,1.1474217,-0.029542815,0.3449223,-0.18204212,0.22153704,0.009956895,0.38837516,0.685166,-1.1032902,0.9283746,-0.8980893,-0.101240955,-1.1010678,0.9584177,-0.4414431,-0.46497628,-0.6511481,1.0034797,1.1556171,-0.25669503,0.77463883,0.058711354,-0.86069775,-0.1950697,0.37448797,0.90225804,0.77142453,-0.48830122,0.3353661,0.9547611,0.7038597,0.9255942,1.393619,0.70068836,0.3408846,-0.24767265,1.3234342,0.7223534,0.5735223,0.29042664
-0.4489454,0.3462603,2.0378292,0.82278126,1.7048452,0.59809333,1.2484118,1.1249632,-0.2927133,-0.7061633,0.5645064,0.85462326,0.62996584,0.34775665,-1.0607553,0.910832,1.4190178,0.38694963,0.64153695,0.9987519,-0.00012535947,0.0045889406,0.2308989,0.58396316,0.00080525724,0.00032598997,-0.67349404,-0.98992467,-1.2064092,0.44114226,-0.7868028,-0.54186636,-0.4795558,-0.5671635,-0.5368125,0.77202195,1.9377741,1.1324077,0.745675,1.8605894,0.9128112,-0.14411439,-0.41971958,0.78942895,-0.38284832,0.5812423,0.7546226,0.043443464,1.0303673,0.8582972,0.31744385,1.034729,0.38433996,1.886407,1.5157337,1.235785,-0.09509861,0.77872163,0.08122757,-0.7343207,1.2468,0.3514981,-0.76121897,-0.1254166,-0.3279037,-0.28836295,0.384889,-0.76196104,-0.43823713,0.26211527,0.55920416,-0.7045794,0.60291755,0.51264423,-0.047240563,-1.2229478,-0.4948922,-0.20955007,-1.2195137,0.47489685,-0.5150717,0.20872559,-0.4726028,-1.1935964,0.14454117,-0.6217061,-0.20652734,-2.1758242,1.657818,0.89043313,0.015627634,0.51871896,0.6490453,-0.6117612,-0.678426,0.5297284,0.46329024,1.6305826,0.81065804,0.039158043
1.1979644,0.6515231,1.0630553,-0.11532829,1.9947762,0.8390419,0.3464588,-0.6722907,0.7663833,-1.2218069,-0.20780332,-1.2636491,-1.9635494,1.0573386,0.3075961,-0.4027987,-0.61596173,-0.38314062,1.443249,0.5248243,-1.3472371,-1.2579478,-1.0785166,-1.7294694,-1.5958142,-1.4425397,-1.2813311,-0.48399454,-1.048577,-0.5469072,-0.9863635,0.7311884,-1.1215318,-0.74744964,-1.3470163,0.49922964,0.40030566,-0.79424596,0.76755846,-0.5172098,0.739257,-0.40257844,-0.599669,1.1871837,0.43192804,0.16072139,0.58931017,0.4602044,1.6028432,0.68444073,0.35798967,-0.6003157,0.057870634,0.9049873,1.6530224,1.2729238,1.4061413,0.23821267,-1.5776451,-1.1274881,-2.2626843,-1.79667,-0.008802851,-0.44147408,-0.8994412,-0.24120946,0.5623793,-2.2384412,-0.7466826,-1.7719034,-0.11631641,-2.1615021,0.16168478,-0.65675116,-2.5416036,-1.9432237,-0.49636668,-0.07730931,0.06320358,-0.31731355,-0.20734838,0.8979711,-0.0930017,-1.4629949,-2.1211078,0.58655834,0.3918052,-0.7961124,0.54936403,1.406947,-0.02465338,-1.8193315,-0.99456036,1.0489526,-0.46582273,1.6495451,-0.20144755,1.6358372,2.1804297,1.4265586
-1.0598626,0.29743242,0.1697623,-1.4891217,0.55458605,0.7877222,-0.9713344,1.2622036,0.36281005,0.15848072,-0.7141833,0.023056068,0.25659597,1.0147816,0.58212197,-0.7693365,0.36584747,0.19706191,0.91213566,-1.468604,0.41064823,0.43322566,1.5657854,0.76995987,0.1742489,0.46913767,0.47007763,0.14841309,-0.7880033,1.4108155,0.24734597,1.0246506,0.74983543,0.34085408,-0.17719607,-0.4287923,1.2494682,1.3598603,1.2429005,0.7657742,0.7627014,0.6080539,1.4633267,0.007585669,0.8350205,1.2229829,1.8821135,0.5740453,-0.38322553,0.43549386,0.00879846,0.63972056,0.31463215,1.7373468,0.8410833,2.3308806,0.95842916,-0.4294012,1.0050954,0.735724,-1.3139095,-0.68591595,0.44758055,0.5221131,-0.027340822,1.3530749,0.07010675,1.2081797,0.40562025,-0.3877824,0.95301354,-0.47444117,0.17107396,0.57330346,-0.2568537,0.18921828,-0.33873,1.453144,-0.5813965,0.32060063,-0.23789617,-0.19354688,0.442585,-0.85774904,1.4768392,-0.6993912,1.1475959,-0.42547497,0.7959949,1.1315687,0.87641025,0.05897637,-0.18150753,0.5948145,1.2520653,-1.3897101,1.5548149,0.5457033,0.1194524,0.28647727
0.42626375,-1.0832108,1.1710947,-0.6595311,-0.78604895,0.059620645,-0.6298098,0.12630735,0.23054793,0.4293448,-1.3457959,0.34657806,-0.72618055,-0.06519102,0.54886895,-0.15422487,-0.69256073,0.6702206,-0.6208724,-0.17951874,0.6716479,0.36094642,-1.1640513,1.3193581,1.2152861,-0.3949177,0.08997897,0.29666167,-0.23594193,0.08850342,1.0192206,0.36627954,0.17823465,0.046116475,0.13344733,0.24749877,0.42939484,0.59088194,-0.9560893,-0.90642846,0.35247907,2.3911834,0.991579,-0.39061385,1.1977465,0.04068847,0.42384747,0.27986673,-0.5365696,0.45335424,-0.784026,0.23594902,0.5175634,0.4365741,-0.262726,-1.21876,0.41800112,-0.46188077,-0.22126594,0.45641994,-0.13503633,-0.7928841,-0.092134565,1.6239508,-0.8918432,0.1605989,-0.7155435,-0.22775127,0.5629161,0.08676935,0.73287153,0.53396136,-0.84244716,0.44117323,0.37564108,0.8802505,0.71218777,0.20783128,0.7301901,-0.5796719,1.9279909,0.54789096,1.1362634,-0.65813684,2.4975514,0.39989364,0.5218432,0.022409251,0.041622553,-0.3199674,-1.1574429,0.5419351,0.10454117,0.6145618,-0.10685231,1.1660265,-0.76624966,-1.0130306,-0.693088,-0.15014344
0.7590118,0.50072885,-1.6768905,-1.1657983,0.4941257,-1.2586817,-0.82474023,0.12186953,0.70306313,1.5840966,1.0956801,0.11420897,0.68225765,0.10104897,0.763952,-1.353633,1.6591438,0.1772459,0.54453695,0.07628213,0.029190255,1.2241066,0.9504485,1.1650488,-0.15643041,0.2098729,-0.1963237,0.13106652,0.6343907,0.8181424,-0.018155236,-0.46678203,-0.8304989,0.71308637,1.1808044,-0.40923408,0.30341604,-0.41939235,-0.22721389,1.3500836,-0.22853065,-0.7676537,1.4939874,-1.9738545,0.39126405,-0.03698258,2.798404,-1.3086299,-1.2693797,-0.5817271,-1.1188694,-0.19585021,-0.590083,0.5634864,-0.079241775,-0.68873554,0.87734985,-0.31839707,0.30803812,0.020542227,-0.15342936,0.60512376,0.6384681,0.7313065,-0.29221308,0.26764277,0.08470675,0.67512316,0.67004776,0.5489314,1.4803033,1.1794511,0.27439004,-0.25643155,1.5919391,1.7212869,-0.06305518,1.401516,-0.7671359,0.8825435,0.6724768,0.10756559,-0.12956521,-0.044020824,1.2825481,-0.6042671,0.28625092,-1.1083921,-0.98451775,-0.8041312,-1.1944972,-1.2939963,-1.5204122,-1.825377,0.18609889,-1.4308171,-0.17466156,-2.383797,-1.9872385,-0.9358296
0.3711087,1.6136903,-0.45726627,0.10850526,0.72398806,-0.030449426,0.83447605,0.17158595,-0.06990183,0.13488674,0.30399632,0.64378804,-0.09508606,0.21130536,0.008966308,0.018247422,-0.3141507,0.5955633,0.4646585,1.7974759,1.5367075,-0.54470336,0.32353246,-0.118690774,-0.20229912,0.61260706,-0.47240576,0.11966837,0.15610753,-0.92702943,1.6750963,-0.012430849,-0.8283875,-1.0018504,-1.2022074,0.33643544,-0.9452859,-0.684156,-1.6641893,-0.030094562,-0.6085891,1.4449924,-1.2773694,-0.89669365,0.8592602,-0.50983495,-0.27847007,-0.10620268,-0.41636616,-0.6240549,0.52573055,0.44824463,-0.20494798,-0.052435312,0.6574432,-0.327571,0.2047919,0.9378307,-0.09482332,1.3285892,0.6016311,0.3113063,-0.1819993,-0.4730771,1.5717796,0.7004548,0.20078409,0.82727253,-0.22205435,1.9676034,2.2679954,0.35334367,-0.17385021,0.36660063,0.8086418,1.0623085,-0.35919276,-0.329047,1.9077213,0.4426887,0.3312239,-0.6417287,0.7683981,-0.030402886,1.0068139,-0.17407243,-0.4107531,-0.557321,1.3173358,0.3670699,0.25910062,-0.31044152,-1.3524047,-0.5201137,0.35913715,-0.37570468,0.41264075,0.4752004,0.20486201,-0.49431497
0.1965437,-1.3514962,-1.0694699,-0.9527618,1.101349,0.8715093,-0.22445564,-1.1512735,-0.8820327,0.2996382,-0.06681216,0.8238236,-0.22656836,-1.1774973,0.17440315,0.63168234,0.258116,-0.5409508,0.6321832,0.41315135,-1.141345,0.6575803,-1.0447209,0.8059735,1.420283,1.2296776,-0.7802771,0.0077745677,1.939917,-0.0057380493,0.7779324,0.10599901,0.14510337,0.5985959,0.89435333,-0.8849719,-0.27464938,-0.23192526,0.7689728,0.91492474,-0.12608467,0.50773036,0.88886076,0.5871779,1.8595028,0.38181445,-0.4375946,-0.85716116,-0.6350934,-0.34572762,0.5563292,-1.3313739,0.7686134,-1.5975497,0.06699998,0.30890882,-0.26376253,-0.44621763,1.3343374,0.5829392,-0.8960442,-1.2491292,1.3645087,0.43809313,-0.739343,0.2663573,0.7754117,-1.9709226,0.58406895,-0.14526118,1.4859632,0.36745495,-0.51590055,0.7789446,0.21060602,1.1147099,0.34350157,-0.34893075,0.114787444,0.26123765,0.4320729,-0.5204151,0.4053565,0.59517515,0.34064117,-0.0066964156,-1.7267349,-0.33535174,0.35249257,-0.3649325,-0.19446029,-0.22665723,-0.24061683,0.020783802,0.99895465,0.42379895,1.0427173,-0.2974186,-0.6858715,-0.93561405
-0.1602829,0.5390913,0.6157153,-0.26006162,0.45878682,1.3883379,-0.14867674,-0.23353659,0.644063,0.8456552,1.9819661,1.2106941,0.36798272,1.5329605,1.9877335,1.2706909,1.4696087,1.4448742,1.172375,1.3503474,0.9462906,2.2311764,1.2996299,1.4957027,1.0441949,0.6451077,1.741019,1.1546388,2.1342254,2.059247,0.13012427,1.328912,2.0117767,2.227989,1.8992733,0.8356492,0.8256114,0.7437404,1.0299573,0.7806637,1.6770558,-0.16119038,1.2176445,0.7288221,0.9810805,1.2473302,0.4705491,1.224587,0.35588795,1.5158801,0.7715101,1.1267271,1.7103759,1.0309638,1.473445,1.4936745,1.9012129,-0.67597646,0.66326857,0.9230307,1.0591604,1.3800141,0.379224,1.8092256,2.4325752,1.8316114,1.6238787,2.0662448,1.5037924,1.0419546,0.3618994,1.8798258,1.2069876,0.78076065,0.72308844,1.069982,1.633269,2.3549361,0.41442037,1.6907592,2.4926872,1.1474695,1.4142348,1.4024949,0.5388588,2.0318594,1.4868009,1.964823,1.1531043,0.76450545,0.39615735,-0.041103538,0.98012304,0.26390326,1.8903008,0.47683635,-0.25573927,0.71480304,0.914512,1.1507614
-1.6190851,-2.169712,-1.2365748,0.31861478,-1.0978124,-0.8448287,-0.9850818,-0.17258091,-1.5400625,0.75071514,0.7171049,1.23662,0.3140354,0.3744221,-2.0244415,-0.9611207,1.0828646,0.89500266,1.2288057,0.6064862,-1.6938018,1.111167,0.24402186,0.6068385,0.28276354,1.7465249,-0.262559,0.42154685,1.0153441,-0.9721014,1.8573135,-0.026317721,2.369269,1.3774107,2.597236,1.0011606,-1.2096184,0.142309,-1.1114568,0.50122476,0.70898294,0.20607612,0.72485316,0.6020819,1.2690793,0.10949194,0.28541547,1.58423,-0.69930077,-0.7615331,-0.9067396,-1.5603485,-1.3225353,-0.87415606,-0.68879133,-0.7782828,-0.6871433,-0.03637071,0.74349254,-0.35463038,-0.50179607,-1.3125976,0.45469674,-0.7999446,-0.63260376,-2.050226,-0.15194678,-1.1134297,-1.0896858,-0.5443638,-1.6859031,1.1040154,-1.393801,0.24060519,0.28736514,0.6500891,-0.07654536,-0.46362925,-0.27762046,-1.7179297,0.35145313,-0.02423859,0.0114552975,0.10390074,-1.4325787,-0.86733425,-0.7208631,-0.22581103,-0.094958924,-1.5969768,-1.3689795,-1.4824492,-0.99467224,1.0921762,0.104453914,-0.81418836,-1.3357377,-1.5263687,-0.5080081,-0.98178023
-0.4748109,-0.50277233,-0.6686653,0.4339919,-0.835541,-0.35977036,-0.64765626,-1.0098596,-1.2208371,-0.14884777,0.40670428,0.17035535,0.31634423,0.2308835,1.1186112,0.056483872,-1.3567815,0.6033164,-0.5192901,0.077413164,0.44797504,0.4198839,1.4946537,0.40399745,0.47414824,0.50006765,0.4440145,-0.52552074,1.0673738,1.0697191,0.022438336,-1.1632046,1.3563261,-0.33485776,0.14385082,0.075494565,0.535861,-1.0339452,0.10034329,-1.2746783,-0.43348417,-1.1443826,-0.28027162,-0.52073014,-0.45881227,-0.59829706,0.78508943,-1.0181924,0.5969959,-0.47771093,-0.20612048,-0.39868635,0.6895212,-1.0926772,0.4502484,1.2818955,-2.8203676,-2.019875,0.30276307,-0.10992243,-0.3858153,-0.50793827,-0.5584318,0.49803308,-0.6173956,0.0032869535,-0.43665925,0.17061637,-1.0560522,1.132748,0.4294602,-0.48653966,-0.48180684,-0.42198107,0.15222608,-0.06709751,0.05288034,-0.5036327,0.18521571,-1.2856466,1.6719081,0.3230425,0.09865345,1.4888687,0.28968382,0.87131774,0.5231871,1.9812399,0.5545891,-1.0723462,-1.1635377,0.16659029,0.5621386,0.82676566,0.41560414,-0.26083875,-0.5243147,0.2447202,0.096540056,-0.30987203
0.54048723,0.2314633,-0.23794997,0.60008603,-0.54752105,-0.6374318,0.4740136,1.0430064,1.0053778,1.1742439,0.12156202,2.0334969,1.0700611,-0.35480905,-0.2899819,0.16113324,2.3250058,0.26495674,0.80288583,-0.69799393,0.453535,1.3809733,0.085359216,1.6543442,1.3438498,2.2341359,1.5093383,1.7793518,0.77236176,0.0897238,1.2903018,0.117331944,-0.453508,0.9165029,0.5297104,-0.6600242,-1.625193,0.3586614,0.4667139,0.33379093,-0.03930059,0.296031,0.30307344,-0.46744016,1.0212319,-0.32477286,-0.19814713,-0.72000617,-0.37552774,-0.89308214,0.14410186,0.24147765,0.6289649,-1.0457674,-1.5079457,-1.6717896,0.69338036,-0.66994023,0.14376286,0.45744875,-1.7027192,-0.4184266,-0.07062682,-0.50480944,-1.1467439,-0.6579008,-0.6466025,0.23214784,1.1119677,-0.40983975,-0.38303864,0.4914655,1.1103661,-1.070645,0.84508634,0.7215105,0.8923282,0.95838356,0.23863989,-0.5164009,0.2920109,-1.3658575,0.7083272,0.98272794,-1.4599854,-0.59507316,0.26693776,0.13445993,-1.2750708,-1.6384414,-1.3577642,-0.12762214,-0.73674256,-0.15428704,0.19229093,-0.84060925,-0.23348159,-0.83492815,-0.533925,-0.8720632
1.3406322,0.52198017,0.96115744,-0.54239035,0.03299674,-0.78633785,1.5157323,1.0790905,0.5361013,1.199919,1.2591941,1.1441702,0.9053198,1.5165637,0.19542035,1.9955101,0.32939723,0.055189177,1.6208042,-0.30270153,-0.73987997,1.5418053,1.7023473,1.2785854,1.3811202,0.605006,1.2084886,-1.1672089,0.99481374,1.3373023,0.07096395,-0.03318496,0.23766834,0.55772185,0.9057243,-1.689616,-0.6358926,-1.221948,0.91062325,0.018746773,-0.37487406,1.5813937,1.6233575,-0.35122952,-0.10805942,-1.0139534,-0.60418946,-1.3834813,-1.33395,-1.459333,-0.43122,0.46441594,0.61509585,-0.5923815,-0.16718309,0.3970339,0.67377764,-1.9241155,0.5793504,-0.24288292,-0.8110108,-0.3144683,0.35173556,-0.6263095,-0.051905617,1.0331439,-0.58989793,0.13217208,0.6222702,0.4646529,-1.3463866,2.4739463,0.5850102,-1.5917737,0.60099375,0.53208077,0.002221024,-0.3374964,-0.5768238,0.13554575,-0.49336785,-0.9300162,-0.006152861,-0.45221773,1.1092898,-1.5664495,-0.2483476,0.09331278,-1.6161767,-1.9276484,-0.878853,-0.4868018,-0.34756023,-0.23584697,1.439748,-0.60448235,-0.5851763,-0.8142095,-2.0751863,-1.1759974
-0.66755205,-0.11391698,-0.29879832,0.005522006,1.8371168,0.7653466,0.94538665,-0.11748578,0.09555864,1.0862445,0.5762456,0.029251834,1.9100586,1.6676245,0.7982891,1.0369576,1.0820293,1.2771055,0.9621919,1.5480207,1.0193523,0.24750717,1.9724084,0.12832713,0.1908621,0.16464946,-1.6966356,0.47359928,-0.560027,-0.27844468,1.0675919,0.35403472,-1.1192924,0.7473676,0.70936567,1.316899,0.49219573,0.30494076,0.03846538,1.2621108,1.0424831,0.9394643,-0.13146281,0.618874,-1.2265954,0.2586262,-0.4188274,1.0832708,0.7306115,0.9776203,0.7048029,1.2181776,1.1251761,2.0086944,0.23977792,0.5506408,0.026283652,-1.2277256,0.51370525,0.027808929,0.5261885,0.2976589,2.8357186,2.0874944,1.1236644,-1.1259878,2.008822,2.1576018,-0.7783268,0.50503224,-0.283188,1.3093247,1.2706578,1.0477252,0.53642654,-0.79599833,0.47759077,0.027770162,-0.726207,0.41571766,0.8016914,1.0959414,-0.9532901,0.039088927,-1.2282858,0.38590685,1.4474354,-1.4723625,1.509796,0.48313388,1.2520543,1.3339233,0.60871375,0.08950013,0.07664251,0.01006271,0.063025124,1.2359449,1.0519052,1.378479
0.7973937,0.06975229,-0.28719112,2.680522,-1.0859908,0.62823486,1.3152299,-0.12938362,-1.4762205,-0.6190203,-0.18370001,0.6764249,1.3930953,0.69199044,1.3752223,1.3806028,-0.43417224,1.0020971,-0.07026056,1.233346,-0.2857795,0.69113195,0.80651426,0.42488205,0.3761466,0.5558596,-0.8147222,-1.1282603,0.04085908,-0.7886357,-0.9657736,-1.6590327,0.313917,0.26085865,1.0176022,0.5400449,-0.70588756,-0.2799261,-0.4898747,0.09051982,0.8775082,-0.5692168,-0.73886675,0.09258285,0.4973088,-0.09174981,-1.0522828,0.51725066,1.102025,0.37378246,-0.5796325,0.36244217,-0.863534,1.8188689,-0.29898205,-0.12334834,-0.6453716,-0.32251957,-1.0524944,-0.71271247,-0.36743054,-0.76954794,-0.21887472,0.4281566,-1.426318,-0.7972998,0.027825724,-2.207081,-2.0495732,-1.0355918,-0.08670212,-0.34270522,-0.6263456,0.19345771,-1.0634484,0.10544315,0.077848986,-0.20252852,0.57866466,-1.3698976,-1.1398039,0.1617938,-0.06458977,-0.63307667,-1.7885331,0.608573,-0.21153273,-1.7713203,0.7109985,-0.8794189,-0.082266845,-0.0058345958,0.20253046,-0.7098034,-1.5920466,0.09707765,-0.33776504,0.95322496,-0.01345231,1.101932
2.0081916,1.6119857,1.3948865,-0.28223798,0.25296438,0.8754103,2.2045085,2.0883315,0.40336913,-0.23583275,0.15321498,0.841561,0.4620886,1.5084772,0.9817404,0.08679098,1.4111232,3.2610495,1.1596607,1.3294657,-0.9351285,0.885472,0.44844252,0.48906803,-0.015885111,-1.5098064,1.3220563,0.6090626,0.5576767,0.87377197,1.2414645,1.3938096,0.80583906,0.46138957,0.47349694,0.58253384,-0.02272626,1.2465496,1.5323188,1.3052125,1.5507407,0.9476904,2.3566675,0.029836578,1.5719994,1.0694807,1.6959586,0.27782884,0.8292739,0.6865561,0.04754527,1.2974324,0.59674424,0.4690159,0.34834754,1.2675276,2.5276766,1.1907862,0.64095545,0.09840609,-1.2527827,0.27996296,-0.42162594,-0.6284588,0.5633099,1.2843004,-0.64133626,0.57887536,-0.23051493,0.897984,-0.8590065,-0.386535,0.23598534,-0.5282506,-1.3179668,-0.5796604,1.0609248,0.8560956,-0.92800224,0.9658524,-0.19684502,1.1812788,-0.092413485,-0.47340074,-1.0005528,0.70821816,0.11231864,-1.4047186,-0.72371006,-0.28778166,-0.60065174,0.7980783,-2.266066,0.5468053,-0.14429879,-0.20957492,0.97261816,-0.17742516,0.23223163,0.21864422
1.4569364,0.28222972,0.97462016,-0.3648871,1.3649576,0.43794784,1.3782423,1.4629312,0.15135157,0.49127474,0.8526764,-0.0934702,1.4394046,0.42310324,2.1970997,1.3842727,1.4394615,1.1012057,1.5139815,1.2553926,1.1346937,1.3521035,0.33479652,0.2986622,-0.123844065,0.19551487,0.40164903,1.5536729,-0.30402866,2.1460168,0.4001133,1.4426751,0.45481923,1.1197923,-0.09488171,0.12951104,1.0194595,0.55556977,2.262532,1.677806,0.97227013,1.3751539,2.125045,-0.14150184,1.0216242,1.4974993,2.1621692,1.4152424,-0.79707205,0.03146199,-0.704148,1.3693478,1.9520847,0.8245623,0.967412,1.5612667,1.9160751,1.5192028,0.18842453,1.3266568,0.23817079,1.7886305,-0.90233886,-0.16960356,1.2954731,0.7704755,-0.39964303,1.2441443,2.0023253,2.667196,1.9202781,-1.793763,0.12037831,-0.020872116,0.7726142,0.6093753,0.8132881,0.5616669,-0.4015988,-0.05635221,0.8321104,-0.12115829,-0.68763405,0.17809592,-0.22765706,0.87261665,-0.32319227,0.8685368,0.36561504,0.22676314,0.37016666,0.45549384,0.49964616,0.14809941,-0.096879244,-1.4412243,-1.0623224,-0.65313804,-0.040250998,0.34063873
0.1139037,-0.7451778,0.34595135,-0.039590497,1.2125114,0.6021353,-0.7011017,0.49918446,0.32806242,-0.39420766,-0.017927706,1.2335784,0.27533728,0.20277515,1.0362222,0.33487108,0.8896603,0.95091206,1.0503614,0.7515371,-0.19895576,1.1239364,0.77914447,1.6315194,-1.0092564,0.42186418,0.9119515,0.27689078,0.035169378,0.727834,-0.6672478,-0.6431764,1.0417373,1.0041708,0.9560113,1.1532568,1.5949599,-0.090229265,1.4193461,1.7052761,1.870047,-0.43153456,0.5647909,1.2443804,0.2949731,0.89452094,0.97969824,0.44605887,-0.05545012,0.49496818,-0.69305706,0.5967076,-0.99660987,-0.5164243,-0.22609946,-0.7940606,0.10490318,0.3627761,0.50692946,-0.80644006,-0.8792261,1.0587577,-0.9064804,-1.0566553,-0.2754443,0.68022573,-0.22928788,0.5156406,-0.46404654,0.26105264,-1.2222236,-0.20372817,-1.8654134,-0.18802439,-0.5521106,-0.43800262,0.20807283,0.23170649,0.48249164,-1.3165216,0.6889074,0.35918802,-0.95146954,-0.8894288,-0.88977635,-0.011795331,0.56373304,-0.40260133,0.8958021,0.38713333,0.38252807,0.1549548,-0.10538027,-0.5938736,0.34361467,-0.044446386,0.2012444,-1.3703353,0.40179136,0.6208074
0.77926767,0.110031,-0.45508155,-1.1164272,0.74208266,0.5512768,0.46699825,-0.27574375,0.097503126,-1.2815278,0.89214206,-1.1664429,-0.5201177,0.5646253,0.93357545,-0.5993512,0.6374444,1.8005079,2.6587102,0.7570296,0.80949616,1.9689941,1.0951755,1.8783299,-0.35525346,0.12131616,2.842304,1.6263319,1.4647702,1.3040143,0.5561617,2.1432192,1.3770448,2.2077527,1.4104159,0.6413466,0.48637143,1.674438,2.0704036,0.19673483,1.3175828,0.7107666,2.1046624,-0.7853928,-0.5191852,1.8494601,2.9647493,0.11687292,-0.1888774,0.2996731,-0.97479844,0.2417714,-0.48029894,1.7125987,1.4199582,-0.41438824,0.66582686,-0.8740375,-0.45756394,0.44947496,-1.6335866,0.32559142,-0.693129,-0.30978864,1.4014786,0.6308912,-1.4103183,-0.32348767,-0.5181068,0.7653671,-0.05603696,-0.78385246,-1.0044438,-0.4129175,-0.2510884,-0.36683288,1.499068,1.0484145,-0.99960417,0.45245716,0.2673133,0.16159669,-0.92369974,0.17076346,-1.0044041,-0.76815015,-1.0807819,0.08092309,-0.6554224,0.073947735,-0.109347746,0.11168096,1.1125692,-1.3022468,1.0228405,-0.7315039,0.3634202,-1.288974,0.9002148,-0.6895737
0.66850835,0.37252575,-0.2814125,0.35222816,1.5669554,1.2166779,2.7170498,2.0901718,0.9133401,0.54804486,0.3369886,0.4634907,2.0549955,1.378157,0.19988193,0.4249841,3.0739202,1.1368355,0.8231188,0.39164695,1.5225731,1.0638769,2.3034348,0.99466443,-0.29895034,0.53599393,0.8304909,0.17571118,1.6780425,1.3000765,0.87990206,-0.20567134,1.0931038,1.6689405,1.0504326,1.4226767,1.7828411,2.391118,2.5879717,0.9659156,2.2807906,1.6165388,1.7521399,0.45167714,-0.4507584,1.4609581,0.7318793,-0.232453,1.2332456,1.8292916,1.8436875,0.60151374,0.98663825,0.5452861,1.5689285,0.25780436,0.21268447,0.42862856,0.30506012,-0.16462237,-0.45694658,1.332227,0.3867368,0.85375726,1.5338062,0.36605015,0.40347105,0.32236883,0.90722936,0.8427757,-0.30461243,-0.45626462,-0.34862757,0.7177905,0.5984094,0.66321474,1.6101193,0.1541427,-0.20457615,1.218415,0.06350013,2.001435,0.3521178,0.2028611,-0.5173763,-0.40664187,0.6491885,-1.4428645,0.76509494,2.0385518,1.0838794,0.8689426,0.56544906,0.35664228,-0.44853124,0.8212706,1.7772342,0.5195141,0.5340128,1.7782165
1.2090856,1.2254691,1.0475726,-0.7511826,2.2421381,0.60680366,0.9922133,0.5066024,0.9327884,-1.075482,-0.21030518,-1.5173618,0.34069666,2.3362691,2.00068,0.9005471,0.80966306,1.0707445,2.0390937,1.8367327,0.49176276,-0.76415986,1.3115216,1.2009054,0.039499506,-0.6095817,0.10364537,0.38327393,0.31854954,-0.8554694,0.1897812,1.3329183,-0.8742054,0.7940021,0.48943815,0.4126529,-0.8396834,1.7080511,0.9285168,0.24824943,1.2396473,0.70097107,1.1934732,0.952347,0.55570364,1.1265739,0.71650827,0.70665914,0.9047881,0.7956953,2.0654068,0.255446,0.8716279,2.5441148,0.9435623,1.8216059,0.6654852,1.13489,-0.55608165,-0.23157318,0.4747317,0.29347983,-0.4885532,0.8492253,0.7255261,0.19138151,0.4766343,-0.49043736,-0.3280891,0.9110266,-0.2729795,-1.2141676,-0.85776806,-0.27635923,-0.6845873,-0.48824003,0.07079798,0.19023584,-0.47116,0.46099925,-0.21619225,1.1017842,0.27758154,-0.050121453,-1.3598441,0.3584803,-0.3295316,0.5091116,-0.089004815,0.988037,0.48776954,-2.4108474,-0.36632678,-0.11753866,-0.7149741,0.19180714,1.2215692,1.6488099,0.6139929,0.525579
-0.26576257,1.464644,0.91526186,-1.6081545,-0.055872653,1.3109815,0.9858122,1.8426038,1.6567303,-1.1832001,0.78500503,-1.251719,-0.6174109,0.8120181,1.4410664,1.1059028,1.054072,1.7095205,2.0131533,1.9886609,0.964068,-0.5730337,1.2511841,0.5550536,0.07670715,0.08416381,-0.91351897,-0.059231687,-0.50334847,-0.48248526,0.58729476,0.06106574,0.18093017,1.6262131,1.1510102,0.76354706,-0.8944069,1.2769399,0.9236617,1.0786587,1.2765557,0.5060746,0.9207621,-0.014692958,1.3911535,1.383065,0.7224287,0.8642342,0.36151648,0.5234211,0.17185903,0.5023515,0.1551738,0.7196114,1.3313745,1.2297943,-0.16054931,0.7599907,-2.0186243,-0.30310702,-1.2235508,-0.72636133,-1.579725,-1.1200739,-0.16474578,-0.57896847,-0.33856034,-0.9947165,-0.16440639,1.6437194,1.2517115,-1.7697791,-1.0155463,-0.69651854,-1.3488983,-1.2321428,-0.65625477,-1.2232813,0.2494273,-0.68050253,-0.4305736,0.16794659,0.6931336,-0.6810412,-0.8564383,0.5728983,-0.69230187,-1.2035077,0.6247877,0.60535115,-0.68262005,-0.40325543,-1.610519,1.2005689,-1.9304161,-0.9278961,0.49972823,0.86263037,0.23392731,0.3271615
-0.19557543,0.77462685,0.7094415,-1.199567,0.77536047,0.2267285,-0.44855112,-0.14326507,0.4135649,-1.6609375,-0.5812527,-0.16845073,-0.30272993,0.84205174,0.0027092746,0.8275087,0.40593836,0.02320379,0.13036503,-0.72731674,-0.03581212,-0.5079554,0.016128223,-0.56694806,-1.4287122,-1.9365019,-0.22745475,-1.0143609,-1.1200132,-0.64759296,-0.16254409,0.50280863,-0.28402373,0.016313214,-0.9102183,0.83781147,0.7494739,0.37059015,0.9222045,0.5026985,0.76798236,0.21496978,0.15417874,1.1830081,-1.0684724,1.716759,0.19851224,0.9738333,0.20384602,0.8427542,0.65470105,0.70576566,1.6586715,0.92545724,0.319076,0.5269864,1.1784004,1.2360603,-0.4790577,-0.7077884,0.10398065,0.33974594,-1.8986259,0.69699275,0.24361388,-1.4370273,-0.66687155,1.0613024,1.038374,-0.42238712,-1.234236,-1.1748475,-0.6964209,-0.0021351944,-0.6718048,-1.7274323,-0.5753336,0.018400127,-0.42774802,1.2141252,0.342787,0.19604972,-0.31550243,0.5049771,-0.39896986,0.050603975,1.9094456,0.4926399,-0.6063206,2.000656,1.0309483,1.2011772,-0.8713521,0.75805116,-0.3442211,-0.19794357,1.6196964,-0.95558333,-0.056104783,0.54705346
-0.227113,0.6899178,-0.55347526,-1.4447227,0.023974817,-0.5530389,0.64367193,-0.92990017,-0.07935443,0.36169276,-1.1607875,0.6897066,-0.8665148,-0.32815883,-0.08962766,-0.15746422,-0.76873785,-0.40101978,1.054902,-0.88128674,0.5609224,-1.3760461,-2.0366368,-1.2744039,-0.10346937,-0.49010965,1.5488037,-0.4235025,0.58593935,-0.5312156,-0.04889473,0.6058189,-1.2486006,-0.82768625,-2.113415,-1.0614921,-0.98918647,-0.5741037,-1.4502903,-1.1179211,-1.94601,-0.9612398,-1.6790668,-1.3083797,-1.0514382,-0.6289076,-1.0989119,-1.5770073,-1.6247698,-1.7039995,-0.6153483,-0.046356488,0.20590593,-0.23599379,-0.90996903,-0.7962747,-0.074955165,-0.69735247,-0.47685573,0.1474856,0.63837546,-0.81942683,-0.18647262,-2.136939,-0.24973251,0.71850604,-1.3213869,-0.37454897,0.076894976,0.5617711,-0.42390686,0.014373441,0.47212595,0.3533006,0.4973229,0.48068452,0.530759,1.8352001,0.8663707,0.2215878,-0.009008022,-1.7198358,-0.69091994,0.3281139,0.46946082,-1.7191328,-1.373456,1.621117,-0.3274006,-0.91647935,-0.58115816,0.44815096,0.6761438,-0.45682156,-0.20264639,-1.0379325,-0.058464505,-1.8278632,-0.98538804,-1.3092432
-2.019503,0.66051364,-0.34855086,-0.0715365,-0.26219782,-0.15269715,-0.37383133,1.9184746,-1.0179005,-0.14857426,-0.6477138,1.2952404,1.5152844,0.62489295,-0.9809457,1.8431941,-0.3418019,-0.15184414,0.75936574,-1.9052879,-0.7702974,-0.646311,-0.82447416,-0.10979898,-0.30073762,0.020815985,1.0833782,-1.5984029,-0.76694834,0.41963017,-0.113084026,-0.29630128,0.29958472,-0.13407496,-0.7787705,-0.51253694,-2.2446127,-0.98354554,0.16042705,-1.287974,-1.7755212,-2.2328703,-1.9182352,-1.4749,0.019909589,-1.2241597,-0.4078708,-1.7712044,-0.7716858,-1.3446747,-1.6977311,0.6242272,-0.60823524,0.45466587,-1.0009116,-0.61744314,1.2060134,-1.288208,0.019910526,-0.4615582,1.4913943,-1.0800319,-0.2536543,-1.9533612,-0.99417096,0.8421508,-2.469771,-1.6476207,-0.72962874,-0.7129751,-0.7843094,-0.9889306,-1.266591,-2.8420787,-0.91705173,-1.3960462,-0.6759611,0.21206908,-0.96778697,-0.97827786,-2.300514,-2.9347036,-1.5450757,-1.6994368,-0.8000407,-1.70468,-1.3552089,-1.4782059,-0.83021045,-2.517815,-3.1536639,-0.42733324,-0.9881035,-0.6974974,-2.0642817,-2.228692,-1.6388657,0.24059221,-1.5262166,-1.3870628
-0.78566706,1.8293595,-0.1841981,-1.2638239,0.436,-0.80396795,0.75682026,0.79472774,-0.5598183,-0.31062624,0.9909651,0.3396604,0.76928526,0.5116806,-0.054308522,0.99728316,0.1570893,0.82313305,0.8683855,-0.3340268,-1.1467516,-0.5443366,0.9230422,-0.4010228,-0.8008688,-0.64845175,-0.7299632,0.2212517,-0.046716604,0.5561494,-0.91511095,0.19290982,-1.0462246,0.3298751,-0.25447583,-0.034391772,-0.842484,-0.6993774,-1.1353334,-2.0848455,-0.16860989,0.6230472,-0.6104783,0.54929155,-0.63650656,-0.5245795,-0.16043785,-2.2525485,-0.059285134,-0.42757782,1.0679086,0.61417395,0.8620671,1.1894124,-1.2646642,1.0667528,0.7301353,0.0649439,-0.0022889061,0.5461541,0.91782856,0.22293454,0.24121757,-0.17913905,-0.016400415,0.96570295,-0.84990746,1.5667211,-1.0016958,1.0889622,-0.08512679,-0.35184452,-1.2651749,-1.2415763,0.42578238,-0.012989948,0.34659913,-0.41630512,-0.35814694,0.17754833,-0.61052233,-0.16307987,1.7302967,0.2032393,0.61722594,0.003770145,0.25119165,0.39236116,-0.61971873,-0.49486423,-0.010886391,-0.94277143,0.12399048,0.81930786,-1.2703439,-0.3589426,-1.8146931,-1.0313663,-0.2991711,-0.96833867
-0.8439631,-0.17228137,-0.8136231,0.18952847,-0.5694599,-1.7101834,-1.158734,-0.33131343,-2.698309,-0.6598365,-0.27479035,-0.403013,-0.24434236,-1.5511086,0.22876902,-1.2613393,-1.1205239,-1.97737,-1.43413,-1.2906635,-0.89749604,-1.0106921,-0.7962428,-0.22622338,0.73626775,-0.3130482,-0.7393572,-0.87886274,-0.15176779,-0.25662455,0.36430687,-1.6125089,-0.434679,-0.28641453,-1.165539,-0.99748224,-0.24713741,-0.96982026,-1.0235204,-2.521618,-0.7184262,-0.110952824,-0.120828204,-0.31609592,-0.6635135,0.015803292,-0.8331835,-0.6624036,-1.5668341,-0.95030534,-1.0663401,0.28587928,-0.321475,-0.2736693,-0.714236,-0.8636574,-1.5250318,-1.6107308,-1.1285479,0.087308295,-0.7628912,0.027685283,-0.09245655,-0.20399646,0.24638808,-0.45435995,-1.7384679,-0.90233487,-0.8590805,-0.14663635,-0.076517664,-0.63291895,-1.1178864,-2.0052538,-0.1346644,-0.7935739,-1.3541414,-0.6146447,-1.1057092,-1.1420972,0.46028796,-0.9084233,-0.946377,-1.2780243,0.15836379,0.03446806,-0.7726988,0.993141,-1.8747429,-0.8228531,-0.15537812,-0.78084725,-1.8062291,-0.3741141,-1.5862247,-0.34569284,-0.9107818,-0.29839438,-1.6785325,-1.212175
-0.06662394,-0.8401698,0.106052294,-0.2467397,-1.2700843,-0.43422547,0.07966045,0.046213504,0.20493945,-0.80845517,0.1305939,0.24804236,0.36233073,0.8976388,-0.07500557,-0.21297319,-0.26120123,-0.29652196,-0.24268748,0.27010375,-0.744787,0.38193953,-0.5254068,-0.4810388,-1.6831067,-0.9622862,-0.5305551,0.254183,-0.81810266,-1.2284467,-0.03697579,-0.6254527,0.2439406,1.4211159,0.56646377,1.3878605,0.2563574,-0.03031007,-0.029605126,-0.08551014,1.0108763,-0.84355575,-0.6955309,0.12083889,-0.7417544,0.49127233,0.29128462,0.48817062,0.5437923,1.4712155,-0.78207415,-1.652372,-0.9324904,0.68819636,0.40058294,-1.359334,-0.6615122,-0.5408974,-0.72980005,-1.0600189,-0.15680881,0.31285942,0.8142698,-0.8467842,-1.3303349,0.9384963,0.0059137894,0.23264325,0.6255381,-1.1554985,-1.3562555,-0.36524257,-0.50837225,-0.7901003,-0.8659919,-0.6741738,1.2024733,0.9923838,-0.10889095,-1.2007478,-1.2763182,1.0978358,-0.92851394,0.8865403,-1.3810071,0.17001034,-0.3237083,-0.4971106,-0.4697227,1.0589248,-0.17103204,-1.8044845,-1.5113875,-0.6506796,-0.94524765,-0.11821347,1.0323805,0.15431261,0.6516239,1.2001841
-1.4665716,0.48085624,0.6367514,0.0376462,0.6292399,0.16163272,0.03613035,0.30527684,0.45040384,-0.16584593,0.19996557,0.3609067,0.13320546,1.4192884,-1.1449972,-1.1060851,-0.22653288,-0.96898526,-2.7600255,-0.10772506,-1.7414128,-1.551099,-0.41852298,-2.1773858,-0.9350821,-0.25167608,-0.7647158,1.1190319,-2.5807745,0.8272196,-1.1409725,-0.06808641,-0.13403253,-0.6955305,-0.5600523,0.37425297,-0.103755854,-0.036511872,-0.046187814,0.070327505,-0.62498844,0.9974387,-1.6737378,1.375126,-1.3277087,-1.1389699,-0.91375273,0.37292472,0.84837097,-0.13334255,0.80174196,-0.4421208,-1.0246745,0.059173375,0.9621095,0.8552312,0.21845593,0.044200387,1.1179918,0.12661149,0.20324565,-0.3403382,0.24662822,0.53786814,-0.7605067,-1.8427014,0.53053826,-1.2513714,-0.9254764,-1.1729311,-0.40288416,-0.5776416,0.03965787,1.0017842,-0.7324806,-0.08638245,-1.706594,-2.345146,-0.7964006,-0.6297155,-1.0575426,-0.10320319,-1.7529023,-0.6764851,-0.51590633,0.083371684,-1.0160356,-1.5509512,0.23678626,-0.71319664,0.35140166,0.21369627,-0.7827322,0.88720953,-0.8804242,0.601587,-0.54681355,0.79875857,-0.18515812,0.31416836
0.23805879,-0.50850785,-0.17271303,0.48958665,-0.7416107,0.662784,0.65894455,-1.1553806,-1.1898412,-0.84988153,-1.5042026,0.6829042,-0.88113284,-0.30719468,-0.39812756,-1.8212402,-1.1818124,-1.1213089,0.1942923,-1.2279121,-1.169881,0.48746043,-0.2852203,-1.7802306,-0.714967,-0.17617641,-1.3782219,-1.3296682,-1.5867478,-1.4306685,-0.9152357,-1.0908142,0.44302762,-0.6361547,-1.139398,-0.9456502,-1.6284359,-0.48913455,1.7045768,1.3814005,-0.93282056,0.39204118,0.024472458,0.33879992,-0.59956944,0.938009,0.48889536,-1.3387058,-0.058877688,-0.59168965,-1.2630109,-0.5609287,-1.0748467,2.1415656,1.1559248,-0.66287076,0.91316766,-1.0016763,-0.76365346,-0.9238193,0.06469717,0.4758458,-0.5893072,-1.6434203,0.7594547,-0.4279814,-2.0561104,-2.0997424,-2.167931,-0.9107482,0.8442404,-0.43485862,-0.118106805,-1.4722656,-1.8735566,-0.6871436,-1.9488664,-0.85933506,-1.8854659,-0.28572616,-2.990874,-0.7081367,-1.807628,-2.178639,-0.9280428,-0.30745658,-0.19996703,-1.3398558,-0.5886262,-0.81827986,-0.09447407,0.16113217,-1.2256697,-2.8128679,-1.9534875,-0.20012145,-1.0257136,-0.9667474,-0.19730796,-0.8526689
-0.048523422,-0.33235398,-1.2273477,-0.053777773,-1.0257671,-0.48252916,-0.7209698,-0.28287712,0.15243663,-0.3631378,0.48361197,-0.36799106,0.71603596,0.89852464,-0.5202211,0.66871095,0.40344524,0.66627586,1.710851,0.10593172,-0.76398885,0.42782524,0.23306994,0.73827565,2.226833,-0.8509988,-0.30227628,-0.64286745,0.1822904,-1.1219594,0.9306809,-0.98094547,-0.28510252,2.2192671,0.34792545,0.2275364,-1.0018141,-0.22046411,0.080870464,-0.96209955,0.12903558,-0.2104233,0.5013556,0.20107068,-0.25259402,0.05526156,1.2268184,0.38867152,-1.0711818,-0.008264202,-0.73568505,-0.55019647,-1.0962312,-0.88796246,-0.22598737,-0.6851066,-1.4687588,0.22320412,-0.36703017,-0.3003569,0.4317154,0.7517701,-0.8198459,1.0508344,-1.0281392,-1.5744557,-0.6116053,1.0255247,1.0805949,2.8316092,-0.61011684,0.19255717,-1.1349409,-1.5903958,0.9061368,0.8964026,0.6115953,-0.6097176,0.91393006,-0.6049807,0.5135658,0.60580677,0.04443886,1.0329708,-0.44493303,0.58718944,0.6352009,-1.0592253,-0.25916904,-1.175005,0.4496722,-0.51058835,0.17870668,1.1126714,0.2973247,-0.07096462,-1.7340226,-0.4621354,-0.2587222,-0.79546815
-0.7861944,0.6024867,1.3317932,0.3129749,-0.12071175,-0.9978607,0.44150263,0.7388213,0.78591925,1.187216,2.0633376,0.08961818,1.0494263,1.5890253,0.21951176,0.5114962,1.8764038,1.375929,0.22906892,-0.21890122,1.083513,-0.04293035,0.41514236,0.6086591,0.5998745,-0.16457011,0.6604576,2.1151917,-0.5570382,0.43441373,-1.0762082,1.7694911,0.5107871,0.4710406,0.89711344,-0.23872775,-0.20336376,0.042063218,0.6723268,0.80933166,-0.43886256,-0.99302036,0.5267526,-1.2583115,0.82476366,0.08143619,0.7344011,0.028041773,-0.44918063,-0.12791967,-0.27914676,0.1779883,-0.6264127,0.10113559,0.43339673,0.51787245,0.10998153,0.97263557,0.22670369,0.73018944,0.8750554,-0.13601242,1.0594922,0.58590025,1.0808017,-0.2812154,-0.19654407,0.45595777,-0.18181485,1.097011,-0.6083523,-0.09686749,1.0682011,-0.33930033,0.50424916,0.5235377,0.21114576,0.21503887,0.2819476,0.30525482,0.75585985,-0.109334506,0.087356366,-0.14950766,0.28879127,0.27574325,0.46384272,1.7303154,0.42661753,-0.21704039,-1.0096234,-0.7675395,0.18555841,0.45819476,-0.20260978,-2.1210065,0.3922779,0.083568335,-0.48262742,0.1614973
-1.0013522,0.35777152,-0.6984561,0.27365476,-1.0252767,-1.4080045,0.38403,-0.34535146,0.05070301,0.09899153,0.05531497,0.05663958,-0.48901087,-0.6000756,0.183356,-0.10575015,0.46935531,0.8698365,-0.50441366,1.3403486,0.6310747,0.054414153,-0.26816043,0.14258745,0.44240758,-0.033791117,-0.2682844,1.3086054,-0.78927696,-0.530545,0.36577144,-1.3030443,-0.85793585,0.83152527,0.14472678,-0.34185323,-0.9517148,0.122718476,-0.13026203,-0.8742166,-0.28469133,-1.3321604,0.044509195,-0.9444685,-0.9328429,-0.5684596,-0.72293884,-1.0154113,-0.99392706,-0.6203237,-1.5751799,-0.36591956,-0.82779235,-1.1685536,-0.92755526,-0.17304742,-0.8117197,-0.45595676,0.58775294,-0.15852244,-0.15240367,0.033140227,-0.13243575,0.4336251,-1.370219,0.473392,-1.1805722,0.4060147,0.33311537,0.23681629,-0.2948309,0.3411719,0.47131112,0.27265912,0.41555727,0.6511069,-0.4608114,-0.6156363,1.0825852,-0.9137998,-0.2725999,-0.3207435,0.24045102,0.19028762,-0.6793588,-0.3362755,-0.69495976,-0.84416837,-0.71344215,-0.6582224,1.5113444,0.7965727,0.1701896,0.700953,0.15846948,-0.49493012,0.044957552,-1.2379557,-1.0182076,-0.8532028
-1.0129721,-0.04061184,0.46885616,0.10148365,0.42294148,0.3845837,0.22406146,-0.8258507,-0.58286095,-0.83297324,0.048302095,0.31835195,-0.13096848,0.63430524,-1.3675938,0.5023315,-0.36159518,-0.9031758,-0.59994495,-0.41208366,1.0916828,-1.2544624,-1.4407301,-0.63490003,-1.2729983,-0.93412095,-0.0965134,0.9391262,-0.046742883,-0.6676283,-2.0091352,1.4604912,0.6405571,-0.28205726,-1.1528916,-0.29345262,-0.22745802,1.8154005,0.8199602,0.2658001,0.4403355,-0.30447215,-0.8785391,0.3954983,0.00041046343,0.40744022,0.597173,-0.33362728,0.5211835,0.34361526,-0.22698043,0.72944033,-0.27777803,0.31045115,-0.23317863,-1.2079366,-0.3237556,0.75189304,-1.1377738,-0.20938253,-0.37720925,-0.4561515,-0.21221524,2.1595955,-0.1546274,-0.7208483,-0.47695988,-0.23316659,0.4103298,-0.46439108,0.394956,-1.7195182,2.5853298,-0.9411031,-0.6996261,-0.7908309,-1.0493374,0.7047309,0.059429105,-0.8633447,0.5108047,-0.037487537,-0.40030608,0.27926737,-0.07986042,-0.046458848,-1.0327616,-1.1061962,-0.5044513,0.7824287,0.7212407,0.49951804,-0.7416674,0.16750847,-0.14156996,0.021789737,0.10570209,0.07121578,-0.33791056,0.6956066
-0.833984,-0.3109968,-0.36884433,0.46240574,-0.6646947,-0.9798623,-0.22748,0.8082106,0.62735975,-1.5660512,-1.3327546,0.14617772,-0.9429592,-0.250868,0.7094927,0.7241584,-0.6576437,0.068513535,-0.2599822,1.2057642,-0.06633002,-0.34537882,0.1561858,-0.70180327,-0.49952638,-0.56929386,0.097110406,-1.4923779,-1.2233741,-0.44054386,-0.7878838,-0.5721077,-0.36493945,-0.95501745,-1.6130745,-0.73556906,-0.4445755,-1.1259233,-0.4257959,-0.7944822,0.02286086,-1.8499696,-0.813882,0.14114267,0.5057486,0.3213303,0.86865693,0.8341284,-0.3203616,-0.19677447,-0.5551799,0.52919006,1.3451546,-0.5678846,-0.3684019,-0.041631937,-1.3163503,1.683057,-0.6649135,0.48800972,1.7373387,0.3908164,1.4821032,0.26461977,-0.2015242,-1.0974427,-0.68631697,0.56668633,-1.1274339,-0.21931885,-1.4117557,-0.18914758,0.59397197,-0.8894262,-0.15341628,-0.23208317,-0.67662627,0.51786,0.58891225,0.67283374,-2.0889313,-1.0141729,1.2077886,-0.70483917,-0.050880842,-1.8835033,-0.5709757,-0.3920367,-0.21137367,-0.32956758,0.37984774,0.7701302,-0.89444566,-0.81906986,-0.6662114,0.09463568,-0.389487,-0.14883932,-1.4388641,-0.25773087
-0.5461808,1.2861308,0.49819273,0.5993603,0.9642767,0.19231077,0.8151294,2.516826,1.0572257,-0.8570702,-0.1352088,-1.1399165,-0.15597169,-1.3279629,1.3905895,1.035236,-0.81858176,-1.0951488,0.4059709,-0.75505877,-0.55052114,-1.1462337,0.6615747,-1.0814185,0.24326426,0.33626217,-1.2811137,0.694584,0.6809612,0.42348582,-0.3255794,-0.5003317,-1.5912476,-1.5403465,-0.23099865,-1.1765842,-1.597708,-2.4412954,-1.2355615,0.60560846,-1.8517313,-2.7629275,-1.8681839,-0.35401955,-0.9043994,-1.6574323,-0.51758933,-0.29186893,-0.059231374,-1.0600984,1.8684886,0.91453165,0.8851633,-0.72749853,0.6315009,0.8001497,-1.147548,1.001641,1.2885925,0.96011776,1.4676987,1.9833937,-0.7739293,0.2625587,1.2117511,0.7641079,0.4764913,2.185735,0.27178752,1.2022059,0.454041,0.5050934,-0.43155408,1.1533554,1.2076471,2.312057,-0.68493956,0.57218,3.5913508,0.53086704,0.13687633,-1.093135,-0.8141442,0.49932984,-0.32590812,-0.7493829,-1.7456694,1.4396003,-0.97749764,-1.6163346,0.11215657,0.25175908,1.3516992,-1.2527254,-0.075799346,-0.4631361,-0.3450994,-0.8350957,-0.31123352,-1.1076113
1.6500787,1.9073575,1.0579641,0.15791838,1.2271435,-0.19482918,2.0824628,1.2000238,0.9403357,-0.00580427,-0.78587943,2.047564,-0.06457465,-0.8142727,0.7741678,1.6121299,-0.72901416,0.6304141,-0.22953524,-0.20031424,2.0008528,-0.75926334,0.22171643,1.2192179,1.3681628,1.7333696,0.08585129,0.9559003,1.6430491,0.01414791,0.49056306,-0.87840873,1.3413895,0.0118018985,0.19611874,-0.55668384,-0.068026766,0.81235373,0.7672985,1.0538695,-0.18230543,-0.4425773,0.82338446,-0.5015886,0.43057442,-1.2080896,-0.74083376,-0.20835468,-0.5323683,-0.4078837,1.1914369,1.6127663,1.1337936,0.57158035,1.5948974,-0.5217768,-0.11053332,0.3850775,1.6866062,1.8595275,2.1833723,2.2381172,1.4165143,0.37180766,1.9631705,0.45026386,1.3054982,0.62743527,1.8451113,0.683449,2.6823626,1.3610466,3.2437649,0.72528285,1.7777662,2.3848448,1.627171,0.14145117,0.66686344,-0.8371387,1.377316,0.5451138,0.94470376,1.0917093,3.1012628,0.34638274,-0.30940253,1.3387486,0.3658549,0.025274472,-0.18224378,1.0662084,1.3516204,1.1169039,1.309639,-0.81702983,-0.11587519,0.2928432,0.08882354,0.13379298
-1.8978412,0.7895096,-0.16299842,1.0361077,0.13432316,-0.7082349,-0.16626951,-0.8880316,-0.47983432,0.89812195,0.1237446,-1.264511,-1.8500566,-2.244924,-0.9604182,-0.81094384,-0.5838683,-0.4411383,0.42325315,-0.98948723,-0.82572794,0.44694576,-1.1889172,0.8957532,-0.190678,0.7677274,1.0608084,-0.8336205,-0.20025535,-0.7506733,0.6164056,-1.2944875,-1.0020857,-0.39173746,-0.023178585,-1.723374,-1.6837643,-1.2133626,-0.90524274,-0.888152,-1.2177082,-1.2893592,-0.013347621,-0.6187354,-0.88874656,-1.0045629,0.17290175,-1.3362489,-1.3635385,-2.4031785,-1.463467,-0.123711236,-0.48691344,-0.7357576,-0.89317226,-0.024787633,0.02108017,-1.2775774,-1.2116256,-0.5902503,-0.042388946,-1.8585154,-2.6231694,-1.4810475,-1.6332413,-1.4060584,-1.7305807,-1.9486705,-0.934534,-0.3546495,-0.6820999,0.43822914,-1.3959435,-1.3557076,-1.1662362,-0.76064503,-0.7693443,-1.5383949,-1.0215622,-0.537807,-0.7851887,-1.0628642,-0.37188858,-1.1831023,-0.018383704,-0.38357377,-0.1476129,-0.26555446,-1.3435919,-0.58121383,-0.5731055,-0.5100957,-1.5438389,0.003364084,-0.6490132,-1.5423843,0.16603383,0.8940903,-0.9871894,-1.336482
0.07318283,1.3256836,0.20562078,0.5768866,1.2993294,0.6066146,0.19938263,0.53736824,0.37625262,0.5990706,0.5280565,-0.6269691,0.6860222,-0.8319254,0.26620615,1.581817,0.92537963,0.5792144,-1.345659,0.14698538,0.54119056,-0.054561354,-0.27715072,1.0266675,-0.26043996,-0.9248989,-1.0498629,-1.2165084,-0.02850587,-0.096045285,-0.14280055,-2.6297626,-0.61439687,1.768489,1.102564,-0.35285318,-0.7226727,-0.6900868,-0.376755,-0.50709766,-0.6396014,-0.25848463,-0.3161772,-1.906462,-0.2691846,-2.313284,0.90353674,-1.5478069,-0.03453412,-1.4336566,1.6562144,1.2426653,1.353438,0.3882201,-0.31453234,0.41974124,-0.66621864,-0.22453746,0.28781506,-0.19021578,-0.9223145,-1.0169873,-0.55349076,-0.260314,-1.7871816,0.0133455135,0.041765034,0.06630656,-0.17347212,1.5757811,0.5991969,0.47639772,-0.028119944,-1.4222026,1.1905583,0.98059636,-0.29797745,-0.39617088,0.21781935,-0.4061888,0.84659654,0.03196306,2.1328528,2.1528122,1.0731925,2.139247,2.6249502,0.34242806,-0.5551448,-1.9590199,0.30017355,0.677758,-0.030388113,0.50152487,-1.387837,-1.229231,-1.1565084,-0.001284744,-0.06192477,-0.8990822
1.1791546,-0.20552778,0.6677712,-0.32761744,0.9899678,0.13617629,0.25486314,-1.618914,-1.1470463,-0.8912882,-0.583783,-1.1317263,-1.1066029,-0.6007828,-0.26063132,1.5216956,0.68977314,0.39575687,0.77683777,0.37150398,0.8440047,-0.43001586,-0.5964878,0.27833614,0.26179674,0.32440332,-0.26644677,1.5266542,-0.3811569,-1.0524443,0.39545393,-0.40029496,2.0401292,1.0253705,0.6204152,-0.71947074,-0.96464413,-1.3064563,-0.7517816,-1.3082339,-0.2651017,0.0036357439,0.69834214,-1.1754252,-0.44431606,-1.0028166,-1.2279125,0.76673895,-0.5741906,-0.8029146,0.3493651,0.2585082,2.3622353,-1.2287806,-0.19870226,-0.1709368,-1.4649378,-0.65180975,-1.4934078,-0.7136044,0.5022664,-0.64755654,-1.6751263,-0.8547494,-0.04663087,-0.5395347,0.8597832,-1.3722247,-0.2189717,1.1422224,0.71627086,-0.6166992,-0.3697504,-0.32900625,1.4343488,0.21346046,-0.29860997,-1.5545299,0.56477827,-0.38187963,0.4919778,0.60638934,1.7695343,1.5822198,-1.0179279,-0.38530463,0.03179177,-0.23766488,-1.1275032,-0.11199038,0.10510633,0.0109420195,-0.87822914,1.2654748,-0.8666574,0.894028,-1.1366682,-0.31926796,-0.3082751,-0.5294855
-0.0744594,-0.94610673,-0.9524301,0.8056648,0.8454203,-0.61641514,-1.2097094,-0.81053483,-1.2615957,-0.9981292,1.3642176,-0.7729322,-0.29013824,0.88596654,-1.6533952,-0.45383516,0.24530342,0.38752925,-0.54624635,0.9941087,1.2709948,0.2959416,-0.2973895,0.26820812,-1.0619615,0.36484092,0.14178114,2.1505685,0.111877255,-0.47514632,-0.98542774,-0.3688803,0.4568676,0.83137333,1.7712129,-0.36405873,0.54720527,0.34242755,-0.60894126,0.12593979,1.0529288,1.194326,0.5340447,1.1453345,-1.1970283,1.4104048,0.36042106,-0.06979061,0.2628952,0.3272189,-0.9668832,-0.29749694,0.56056345,-0.6197759,0.30235073,-0.18252479,-0.5382134,-0.06487151,0.8465033,0.80768406,0.22624119,-0.1572327,-0.6656864,0.8832475,0.44941065,-1.223156,1.2938142,0.742523,-0.13395454,-0.9806556,0.8060111,-0.14037016,-0.059769448,1.4132566,-0.6603886,0.25682738,0.7075966,0.26815915,0.124517895,-0.7281197,0.50871366,0.841139,0.29637358,0.021676976,-0.441061,1.6286896,-1.6668696,1.107082,-0.24210206,0.9967391,1.2402489,-0.3209496,0.21131882,1.2045181,1.4885403,-0.43827197,1.5363097,0.31580836,0.15184306,0.6838283
0.44830438,0.39596555,0.54205227,0.27280277,1.6018007,0.4799854,-0.012628334,0.18781239,0.63452417,0.557722,0.9962435,1.39153,1.457695,1.1267774,-0.3098971,-0.18770196,0.85959023,0.4067012,0.73685306,0.09657497,0.79827857,0.52681625,1.0617766,0.80743796,0.22375445,1.3308144,1.1706141,1.5794733,0.98993075,2.0598524,-0.27906334,1.0783882,-0.33294636,-0.18716818,0.21757379,0.7563316,1.5213345,0.45726168,0.6381318,0.3823305,1.0053536,1.4850229,0.9258099,0.7988762,0.7889959,1.3211783,0.5088835,-0.057564776,0.9275884,1.6609924,-0.28588519,0.67074573,1.2951039,2.218198,0.3572737,0.0032100976,1.8056995,1.6215515,1.4146624,-0.15448461,0.84843385,-0.37425175,0.5670146,1.2198226,-0.7341136,0.9532819,0.17440738,-0.21996257,0.51374,-0.35348192,0.14896844,0.54226696,-0.33026576,1.1635077,0.28919992,-0.23573738,1.3068955,1.2770616,-0.14222644,0.26338655,0.43119064,-0.76918817,-0.1785306,-1.8425605,0.22785291,-0.5993907,0.6674584,0.5378464,0.9025626,1.40702,-0.041483138,1.036412,1.0760564,1.0504295,0.6061821,-0.38773632,1.3557693,-0.8640395,-1.1813197,0.7054226
0.9753173,0.7350234,0.6352779,-1.420694,-0.34187388,0.5446724,-0.3459815,-0.67217594,1.7743139,-0.11127035,0.72853786,-0.34397477,-1.1929536,0.09433504,-0.22342831,-0.40320194,0.15493774,-0.84432423,-0.38672775,-0.32081762,0.08110054,-0.36219105,0.7506053,0.6763434,-1.2924176,-0.1744863,0.91303384,0.01784296,0.2730851,0.35144284,-2.3972476,0.4321184,1.8959446,-0.24724707,-0.2463344,0.883619,1.757791,0.48580196,-1.1755134,0.19762182,0.35089114,-1.8411672,0.43935022,0.36666417,0.21150145,0.6926523,0.6541717,-0.20792335,0.339666,1.4491093,1.111662,0.698054,-0.5424084,-0.35276315,0.7066883,0.35717696,-0.13978156,1.4980086,1.9625727,0.1226262,-0.4418769,1.8157865,0.6783537,-0.11839426,1.1347299,0.97379774,-0.3066497,1.5524945,0.43671063,0.06183094,-0.22311044,1.0433854,0.42689803,0.7355167,-0.002476284,-0.495875,0.19575274,0.28725544,-0.38484615,0.82063144,0.5332585,-0.67818296,0.39096493,0.84924006,1.6554804,1.1405435,0.54101473,-0.6226863,0.42538774,1.0848212,-1.0152436,0.23669022,0.87149715,0.29327172,0.07028596,0.48724827,-0.5767624,-1.1643564,0.08783711,0.4012358
-0.2295414,0.79152954,-0.013232433,0.0039099185,1.3295851,0.8466585,0.95804185,0.5467547,1.0076929,-0.4427545,-1.5892131,-0.5741827,0.4693208,0.5271962,-0.38283455,-0.23048721,0.4765618,1.2001219,0.58212155,0.69682914,-0.0101603065,0.9462965,1.4425368,0.52463627,-0.40682113,0.37764406,0.49506932,0.015353144,-0.10438851,0.8718929,0.6275,0.06622617,-0.3641033,-0.33295095,-0.17455211,0.77960473,1.7010585,0.056805853,1.9086478,0.12534362,0.45309037,1.3942368,1.3846405,0.033204757,0.6695994,0.79850286,1.2155156,1.2178555,0.08619339,0.61564904,-0.8765991,0.23678815,-0.70956194,-0.9605549,0.6246973,-0.32993743,-0.18886313,0.1687689,1.1839335,0.18675439,-0.49283466,0.9180993,-0.7233014,-0.14764063,-1.0860479,-0.23782049,-0.83922637,0.32993126,-0.089098364,1.1768178,0.23200528,-0.9974132,1.3021239,-0.3608389,-0.98696786,-0.1848987,1.5378209,0.16879822,-1.4946615,-0.19009916,-0.51751167,-0.39287308,0.05475415,-0.5382426,1.0003167,-0.23177835,0.109716214,0.9519998,0.9292399,-0.026466187,-1.4074404,-2.3277354,-0.021930125,-0.67368394,1.1889341,-1.2031261,0.33010566,-0.89346445,0.48175758,-0.45090657
0.71722025,1.1784791,1.1764569,0.13962622,0.33855814,1.8216151,0.18146849,1.0935721,1.506499,-0.6103602,1.2730709,0.43772098,0.78128654,0.6231786,0.14444155,1.3912841,-0.66476995,0.7009849,0.07982765,0.65279317,-0.08883038,0.8113172,2.2715647,-0.7464133,1.5126822,1.6657679,0.06937573,0.32374185,0.48861393,0.43806764,0.35161698,3.4560828,0.31331667,0.5929723,1.152512,1.82658,1.3229196,0.5748673,2.9059668,1.5166923,1.5853295,0.6332213,0.32693517,1.7836236,0.5416707,0.7111043,0.4925229,3.344993,2.569682,1.5594261,1.3034585,2.1733067,1.4003935,1.1723343,1.6249291,2.3205101,0.2284203,1.4192,-0.03466036,-0.16016555,0.14734894,1.0877638,-0.6057034,1.7083976,0.92071813,0.18086094,2.0051382,0.13386066,1.4345776,0.3487667,-0.03724281,-0.021208337,0.83886653,0.6638451,0.30698448,1.3573166,0.9946388,-0.04923713,0.99067205,1.9512459,-0.1392782,1.5347141,0.8899561,1.3959703,-0.39422986,-0.557413,0.9943972,0.26687437,1.3669845,1.2078269,2.1086073,0.5224524,0.23390794,0.03439304,1.0466177,1.4412858,-0.5641376,2.2035909,2.099905,1.5629717
0.47598013,1.2134974,0.45633763,0.88760734,0.8323013,1.4450208,1.0789026,-0.7042874,-1.3296134,0.35779345,0.41899928,-0.36478013,0.3071739,-0.6426999,1.0649792,0.5567733,-1.2228972,1.752813,-0.6752139,2.0841138,2.0968885,-1.359162,0.2914413,-0.11483048,-0.8922542,0.39246988,-0.0022855178,-0.75188184,0.26437208,-1.4970922,0.06852745,-0.25253737,1.4398068,-1.2599487,-0.61148334,0.9709024,-0.1786469,1.1612875,-1.1010747,1.5290674,0.32618588,0.43924034,-1.1797559,0.9852854,-1.0536981,0.28240266,-0.22182338,1.0531666,1.2685281,0.42434007,0.9623386,0.6557498,-1.1210784,0.65264297,0.97756314,0.38204578,-1.2731854,-1.5813102,-0.31738123,-0.17875701,-0.40015516,0.28316957,-0.21999085,0.23971918,0.90095603,0.058649153,1.286545,1.5081506,-0.502454,1.2915113,1.2301947,-0.074306846,-0.30089727,1.6865779,-0.38258615,-0.14501858,0.7602934,0.5131967,1.0001123,-1.2962544,0.4840025,0.7596739,-2.256047,-1.3620462,0.35428116,-0.083514094,-0.53046703,-0.38658085,2.3831172,0.5412794,-0.058569573,-0.77504843,0.7971888,0.7566215,-0.4890942,0.13394989,0.96626556,1.2985247,2.182278,0.59602827
1.1955124,0.67248684,-0.33655852,0.56500435,-0.13164349,0.4180619,0.7902738,0.3659874,0.61029863,0.32513168,-0.42089012,1.2966933,0.63563204,-1.6321825,0.6761197,0.5156,-0.10054774,0.3134505,-0.33286875,-0.23942013,0.29618824,0.082958795,-1.777819,0.40444484,0.91792524,-0.12263211,0.16171782,-0.5939212,1.5803384,0.58104694,0.90123796,1.8216357,0.6516737,-1.1264892,-0.5870875,-0.2180746,1.7509037,1.1531502,0.48261762,1.2013412,0.087411575,1.5630908,0.5177428,1.4080985,0.67969036,1.4905562,-1.0860884,-0.41371202,-0.021989958,0.29926807,1.1890525,0.14453061,1.1217563,0.69042164,0.61326987,0.8143416,-0.45636174,0.7306498,0.15848137,1.5681462,1.1525043,0.9054066,0.3441568,0.14798501,1.1660053,0.3161842,1.2246593,0.43840587,1.3811163,0.35287058,0.1734609,0.55978775,1.4884819,2.3524344,0.9117709,0.25917828,0.9321758,0.77613753,1.1653999,3.4444473,-0.37591726,-0.4498573,1.0226021,0.58665395,-0.076579526,-0.27825385,-0.46833718,-0.37583175,0.34557438,1.352461,1.0633255,3.0664499,2.6869934,0.75802505,2.9571607,2.1232154,3.1437395,0.016805083,1.1645156,0.58230865
-1.173014,1.3842119,0.043092836,0.17966343,0.99343187,-1.2327106,0.5261396,0.20201528,-0.36236808,-0.025622938,0.24528521,0.9881946,0.76793677,-0.37809715,-0.28524283,-0.6791367,-0.09753023,-1.5697091,-1.0405699,-1.4612322,0.466168,1.3329812,0.42975745,0.116523266,0.7327942,1.6154189,2.2099483,1.4528052,0.2795739,1.9442405,0.6981693,-0.65728796,0.38537627,-1.3127173,-0.31093538,-2.1518314,-1.0032256,-0.1457603,-1.1221228,-0.35274634,-1.8387069,1.4107924,0.23780857,-0.9307293,-0.7410733,-0.8058246,0.6508953,-2.3915145,-0.69821566,-1.7886851,0.98595285,-0.011038485,2.1608806,0.5475799,0.3782126,0.0010623684,1.4273231,0.49110252,1.1750904,1.1792427,0.6886176,1.5311525,-0.52445436,1.3985043,-1.6778373,0.2374429,-1.0778044,0.93147,-0.022283413,0.9523332,0.75960815,2.1829662,0.8620695,1.3149204,1.6516473,0.67982465,-0.26958996,1.3361465,0.68936765,0.5293345,0.2623414,-1.9395894,-0.5059751,0.48981577,0.8047817,0.26988906,-0.06796799,1.213068,-1.2494035,-1.7534889,-0.8525956,-0.42335552,1.7809081,-0.50022566,1.6435919,-1.1864411,-0.37008715,-0.5354656,-2.2565842,-2.1772058
-0.5184834,0.54087496,0.7842665,0.3412014,-0.6651883,-0.77516806,-0.9022931,-1.1016668,-0.42508203,0.061793014,-0.2477924,0.145027,-0.5716677,-0.36800328,0.8294484,0.6028604,0.8850581,-0.28573635,-0.72463155,-0.85527545,1.5183915,0.3180947,-0.66467077,0.66191596,1.3676003,0.27050564,1.0940516,0.9187004,1.2898263,0.61649334,-0.10002404,0.29327106,0.8886143,-0.08495309,0.6455228,-0.14610459,0.09978536,0.76561326,-0.2539377,-0.13060875,-0.017031185,-0.10747701,2.0899465,-0.9540203,0.32884085,-0.031515718,0.775991,-0.18497978,-1.0023613,0.38164085,0.98379415,-0.41467813,0.6935933,0.21079871,-0.93648946,-1.7045301,0.1579699,0.26172283,0.75102615,1.6086459,0.8024219,0.35962242,0.59850115,0.542174,1.7649778,0.33759823,0.32096362,1.1280084,1.1589341,0.8023583,0.18656395,0.36581233,-0.28492525,-0.6535369,2.1291573,1.2432855,-0.6106978,-0.66982526,-0.97497904,0.3004851,1.5211624,-0.004103396,1.4005673,1.4801834,1.2273487,0.7077727,0.91304535,0.7032483,-1.5479658,-0.3670311,-0.15939145,1.2543594,0.83790624,1.2669898,-0.5344535,0.11208275,-0.0036805125,-1.4525056,-1.1828305,-0.41539198
0.9651707,-0.63176304,-1.074691,-1.9800718,-0.14644018,-0.17639376,-1.2557687,-1.1399168,-0.24880114,0.5977669,-0.20035775,-0.6370463,-0.16489576,0.39178294,0.07390806,0.7340764,-0.14231084,-0.05876231,0.2183063,0.029702969,-0.21652246,-0.29261208,0.2068128,1.2006056,0.003789668,-1.335089,-0.6414089,0.27280682,0.94908655,-0.58322096,-0.43546656,-0.53593206,-0.48688528,0.16199465,0.71804583,0.7451644,1.7374514,0.51879036,-0.055091996,0.07575302,1.4159235,1.171321,0.4313232,1.4822298,-0.31176773,0.29674518,-1.9540203,0.9704761,0.9766283,1.3247203,0.024008442,-0.66512805,0.21336396,-0.7957974,0.09134002,-0.048126608,0.29273102,-0.0029010745,0.5594984,-0.7270558,-0.46857065,1.5333616,-0.15004575,0.6427192,1.4892864,-0.046545416,1.1512926,0.64667195,1.1198429,-0.9328008,0.62352014,-0.17514579,-0.007952298,0.23691306,-0.2577546,-0.3698189,0.46048728,0.8875202,0.7128121,1.1616638,0.5684174,1.2767985,0.15030873,1.1537477,1.2289566,0.7971901,1.2875724,0.641277,0.0812108,1.4163543,0.21027534,-0.4589187,0.3388446,-0.06954467,0.6695253,0.76498634,0.06285061,0.71462023,1.1269802,1.0392656
0.2672401,-0.120949864,0.048844468,0.7062238,-0.055451203,1.3275332,-0.5543782,1.1463541,-0.7559781,1.8797562,1.4097265,2.5537314,2.0847514,1.3172607,0.4871398,1.1679287,0.60180247,0.9820821,0.47580862,1.3707807,0.78161603,0.15239945,1.2075441,0.19988927,0.7000371,1.1693033,0.70487267,1.3483554,1.1671396,1.1209522,2.0603478,0.66762173,-0.6770776,1.9094386,1.4778072,1.6069164,1.8732399,1.960358,0.031841047,-0.6437978,2.233118,1.6858647,0.36040625,1.7074165,1.0713421,1.7308002,1.0320905,1.7621362,1.6875478,2.0385456,0.9672138,0.36753896,-0.12213537,0.4583597,0.8631037,0.87291694,0.32733107,-0.35005218,0.8256282,0.74335384,1.749896,1.7528065,0.53101736,2.0225604,1.3465952,-0.08181523,2.3824303,0.3158664,0.3292874,0.48190007,-0.30973968,1.0011439,1.031184,1.9448131,0.055819415,0.20897728,1.6123158,0.62421346,0.37551346,0.8224106,-0.16494443,1.6666099,-0.12309261,1.2631909,-0.83517146,0.7379431,0.921339,-0.895307,1.3849602,1.013182,1.5349736,1.316622,2.507433,2.4012723,1.52733,1.6910757,1.9008919,1.377399,0.79515773,1.302995
0.33017066,-0.58851093,0.02806667,-1.0261798,0.5509579,0.8668992,-0.93412954,0.29538074,-0.37452358,-1.0689206,0.72928214,-0.90170324,-0.019520564,0.27071467,0.21843183,-1.0615035,-0.07229822,0.05268066,0.17923668,0.56390584,-0.7150074,0.55284894,-0.9345672,-0.89140195,-1.6994729,-0.8208206,0.5573406,-0.81517226,1.2194833,0.10336221,-1.562778,0.89491314,-0.41353425,0.5628931,0.53793186,1.623049,1.0998938,0.60972273,1.10879,0.55587256,0.70087075,-0.37290013,-0.005354988,0.98813415,-1.5810597,2.0517123,1.0918763,1.2016418,0.37810475,1.2744081,1.081502,0.2224352,-0.33817717,0.3214673,0.86360514,0.4645165,0.5126885,0.82831776,0.17577921,-0.13373438,-0.09139466,0.6089599,1.5292901,0.15548109,-0.0037577488,0.44742844,-0.93542475,0.781881,0.7241319,-0.30040976,-2.1450434,0.13458,-0.90640056,-1.0471138,-0.93850094,-0.7856924,-0.9334899,-0.5832413,-1.0581554,0.33368868,-1.2525028,0.37896064,-1.6868157,-1.4259406,-0.9764717,-0.58211845,-0.5123949,-0.47367844,-0.261727,1.4939567,1.13096,0.10628457,1.3224566,-0.23888417,-0.75026953,-0.42344028,1.5663732,-0.5947794,0.7031265,1.1935884
1.3198707,1.0580893,0.92274594,0.34632945,0.6200065,0.7484758,0.3894046,0.979458,0.15550932,-1.1016368,-1.2981378,-1.7681776,-1.2098049,-0.037715547,3.3473964,0.07662859,-0.6640169,1.3856623,-0.32694298,1.5885963,0.061268274,1.2328092,0.2756796,-0.49129838,-0.43059352,-1.2686867,2.2510247,1.0125742,-0.55714834,1.3889353,0.8312855,1.2141855,0.1457196,0.050206434,0.60523,1.4696285,1.1358724,1.6147445,-0.03606516,0.46729723,0.8592779,0.3735458,1.2275258,1.6776916,1.3992664,1.8886198,-0.17692503,-0.035302352,0.9553208,1.6935652,0.71286047,0.9906714,-0.507908,0.56721383,1.2348781,2.5787506,0.0834796,-1.0482112,-0.2408198,-0.39918932,0.10943854,1.0129523,1.7677963,1.0994953,0.8738971,2.206577,1.0988939,2.4382136,0.23349279,1.2225628,0.43377948,0.4297451,0.46514368,1.995815,-0.24361037,-1.109567,-1.26058,0.25705832,0.27781972,-0.3253664,-0.67759913,-0.030877924,-0.019961292,0.25836274,-0.30253357,0.74697804,-1.0564104,-0.60596555,1.0328652,1.695152,1.4860944,-0.59386873,1.4019543,0.48706684,1.2103356,0.34536874,0.95368284,0.6397738,1.8972794,1.7609489
0.78044736,0.16620192,0.27692738,-0.68803775,0.49017876,0.6279761,-0.44259405,-0.859511,-0.35398617,-0.83053917,-1.0468673,-0.06770691,0.6045327,0.3414702,0.2735254,-1.5476274,0.643173,0.24268681,1.0727353,0.16103038,-0.4222757,0.2666548,0.18983606,-1.6264938,-1.8487045,-0.38395923,-0.6423502,0.239902,-0.91247284,-1.2482717,-0.69412357,0.42122573,-0.42827374,0.13089052,-1.4658549,0.89432716,-0.20592648,0.9140904,1.0466315,0.08722641,0.7667806,-0.62830585,-0.3989079,1.3709396,-0.47114003,1.8470086,-1.5953709,0.7977997,0.4454679,1.7408506,0.22665934,-0.7573702,-0.8695756,-0.03522742,-0.45073667,0.7600754,0.21922538,-0.22219473,-0.46456605,-1.059851,-0.4350298,0.16624221,2.6308627,-0.11463743,0.17566812,-0.6020193,0.84695303,0.76218754,-0.2238088,-0.6020975,0.28746432,-0.32912388,-0.28930104,0.63700825,-0.8964978,-0.58521986,0.08816895,-1.2429432,-0.83931756,1.2781423,-0.7782801,0.93452895,-0.8080609,-1.553642,-1.3514307,-0.53410435,-0.3539234,-0.9889069,1.6712879,1.5212331,-0.34912357,-0.24232908,-0.8208587,-0.08352881,-1.073064,1.3512309,1.377314,0.6190976,1.005228,1.5835457
-0.19742902,-0.6387419,1.8816518,1.8163505,1.0413952,0.93932015,0.017749686,-0.16289772,-0.6011059,-1.5530199,-1.1973987,-1.1956122,-0.31999278,0.48032522,0.44194892,-0.72400254,-0.35639164,-1.3077319,-0.753167,-0.2743923,-0.75326926,-1.6211716,0.1354807,-1.421324,-2.2491004,-0.9640025,-1.7569605,0.16424963,-1.8482585,0.45260325,-1.8745809,-0.033092912,1.7501141,0.1714727,-0.5319477,0.7336237,1.734092,0.027629687,-0.7695166,0.4205004,0.09141136,-0.5001158,-1.3356285,1.2475834,-0.50438905,0.30916226,0.11774886,1.102156,0.7573179,0.9266551,0.77667886,-0.20856005,0.24032547,1.0646672,0.30332315,0.5108762,-0.89324033,-0.20953774,-0.78741384,0.27364817,0.031539463,-0.6353504,1.8313015,1.8338962,1.9256268,1.4987599,0.2285507,1.6979142,0.73834014,-1.32012,-0.7815213,-0.8126119,-0.25344643,0.6016733,-0.9919564,-0.7620882,-1.5451145,0.9643177,0.9882475,-0.06907379,-0.74408466,1.0167596,-0.1145614,-0.39417043,-0.28694135,-0.5251948,-0.1659137,0.27111807,0.49599913,0.041701477,0.5600133,0.12035331,-0.87665045,0.2721913,-1.3658677,1.3358024,-0.34653395,0.6552278,0.8216892,1.2867541
-1.122833,-1.965308,-0.12593065,-0.17145744,-0.53037953,-0.19743145,-0.93884647,-1.0673989,-0.76273835,-1.2443632,-0.5744626,-1.0775335,-0.5856775,-0.10334845,0.5408409,-2.2637155,0.03140892,0.17080589,-0.40955827,0.8248262,0.19030868,-0.9120292,-1.0307989,-0.59719414,-1.4290768,-1.4274515,-0.3105588,-0.5388076,-0.31275612,-0.35292652,-0.30292976,0.17613937,0.022464838,-0.22235003,-0.6177824,-0.054894745,-0.20512931,-0.5578348,-0.9763256,-0.29856977,0.118950956,-1.2561136,-0.28467503,-0.8037781,-1.5720456,0.4085552,0.5502345,-0.12697259,-0.6381049,0.67442197,-0.25246802,0.19743457,-0.9457024,0.16282247,0.8937208,0.44626847,-0.70940006,-0.16119444,-1.3270994,-0.9756607,-0.794322,-1.0224833,-0.13376825,-0.15583375,-0.43126604,-0.7647246,0.31142825,0.3600776,1.0666028,0.2716277,0.59247214,-0.86510307,-0.8285076,0.07694029,-0.83888066,-1.1292698,0.20555414,0.6428661,-0.35273534,0.07745826,-0.67955935,0.5393505,-1.3283212,0.03729442,-1.3856066,0.39852747,-0.20341872,0.575845,-0.17030469,0.28124765,1.047739,-0.21357976,-1.4166589,-1.8503152,0.31589434,0.27222326,0.4516485,-0.030933445,0.35211542,0.71875477
1.5358963,2.0366995,1.7100555,1.0337676,0.8947679,0.22219053,0.6133857,-0.34725824,1.1784718,0.8957899,0.8464095,0.57772577,0.17255107,1.4307442,0.8028476,0.899853,0.8604648,0.2728552,0.07788088,0.26050046,2.4502847,-0.3128886,0.9250163,-0.3055198,0.7366076,-0.8155718,-0.020327305,0.5629573,1.2235465,0.74732834,-0.044508982,0.45490143,0.937201,-0.0874229,1.20927,1.2928389,0.57377017,0.17554839,-0.70919645,1.8426214,0.51693696,1.5984116,1.1641817,1.263989,0.6706235,0.22205961,-1.6325758,0.2893015,0.13540913,0.33529526,0.73406696,1.4333024,1.1815461,0.67899984,0.42485273,1.5092754,0.3697211,-0.0791663,0.36628747,1.7841185,2.0692484,2.4075382,1.1532772,-0.14662306,0.69035965,1.7565051,1.0307003,0.35647598,1.643249,0.47554284,-0.11086355,0.2511448,-0.45816103,-0.40492505,0.8546078,0.3911516,0.10605656,0.48330936,0.33328953,0.78285897,-0.28621966,0.5324987,0.523312,1.0846843,-0.85242516,0.3831167,-0.037891854,1.6709406,-0.022918575,-0.43788418,0.570716,1.5930144,0.7342256,-0.03165629,0.0038282578,0.309745,0.688687,1.198422,1.1410694,0.13810062
1.1971824,-0.08396337,-0.7501176,-0.105429,-0.29728675,0.6010558,0.092790596,0.65460914,0.6882477,0.31347215,-0.08210245,-0.85004836,0.19872192,-0.14673282,0.19420463,0.1638024,-1.0050207,1.2109468,0.04699148,0.29887757,0.43512183,-0.19834146,-0.62724346,-0.75516605,-0.32606825,-0.36646754,-0.82228523,0.17586194,-0.015245016,-0.3423473,-0.20396262,0.35246718,-1.7356848,0.6736595,1.0100704,0.8738761,-0.09442843,-0.25194946,-1.837299,-1.0159024,-1.0367904,-0.23159347,-1.2861687,-0.3037994,-1.7611934,-0.7629463,-0.2851997,0.5261919,0.8446849,-0.61307144,0.66014403,0.123073615,-0.015052542,0.014775616,0.25040698,0.20014359,-0.9765927,-0.6465984,-0.61671644,-1.1835537,-0.5399985,-0.23055005,-0.6692009,0.09398043,-0.5554616,-0.67051446,0.74564594,0.29560503,0.23860614,0.4829427,0.9620054,0.57093596,-0.034040105,-1.223719,-0.578029,0.07780074,-0.05990545,0.19555572,-0.32241237,-0.04736271,0.59967405,0.75467134,-1.4143579,0.8788147,-0.84597564,0.9054497,1.3855078,0.3062692,0.03419244,-1.1771623,-0.71227837,-0.30602404,-0.9440099,0.2483891,-0.32157364,-0.041035175,-1.312039,1.2172507,0.7567786,0.14078292
-0.91080326,1.4305861,1.1491075,1.0288856,-0.5350624,-0.62609714,1.1330496,0.7317516,0.027068824,0.0918075,0.82067704,-0.375465,-0.95339435,-0.8795935,-1.1770328,0.09325041,-0.50013685,0.24751917,-1.0464152,0.19999944,-0.24377283,-0.6128954,-0.05731534,-0.4347108,0.6191354,0.96144855,-0.8515667,0.19048302,0.65285903,0.25066853,1.1171415,-1.6553546,-0.7920646,-0.5282493,0.10528813,-0.92155105,-1.8605621,-0.7303443,-1.2751817,0.02248326,-1.5490748,-0.8042677,-0.29885522,-0.610681,-0.09820882,-1.9228098,-2.8646786,-0.72741085,-0.5023191,-1.2272632,0.3992021,1.1025022,1.2026833,0.5703077,0.86792964,1.3767709,-1.1726954,-0.7899016,0.16979481,-2.107303,0.7056273,0.681843,0.035122298,-0.88353145,0.2646303,0.13571826,-0.3641523,-0.22194947,1.2830117,0.6155382,1.06296,1.3634698,1.4636769,0.5764999,0.5581327,-0.37339032,-0.8267527,-0.19810888,0.5013322,-0.55053234,0.7417907,0.070626885,1.6340579,0.057778183,1.4280679,1.0137829,0.7045565,-0.12325524,0.6900625,-0.6980433,-0.42841202,0.723085,0.2492646,-0.42435083,-0.13789645,-1.0585592,-1.142808,0.46752003,0.37925974,-0.90692407
0.8191638,-0.27061006,0.8480833,2.0643768,0.011504596,1.3747799,-1.2702556,-1.7639794,-0.21609387,-0.86129576,-1.2579298,-0.7184625,-0.68237257,0.26457483,-0.33890232,-1.0432302,-2.2937908,-0.030903896,0.5649269,0.57145303,-1.1878809,-0.68077666,0.0018937901,-0.4991785,-1.4810175,-0.8770373,-0.59050053,-1.298897,-0.049204316,-0.58054364,-1.2590262,-0.8054849,1.0700125,0.15208277,0.6814685,0.3815419,-1.0674443,1.2339252,-0.39898634,-1.57398,0.028372765,-0.33981505,-0.7976958,0.29924515,1.8594766,-0.9259,-1.231369,1.2776121,1.6945276,-0.59029883,0.2595161,-1.0421746,-1.4504571,0.4701984,-0.43985274,1.568165,-0.21186662,-0.7056235,-0.6847747,-0.5570363,-0.2678127,-1.0830876,-0.28519285,-0.13695167,-0.46834707,-0.3575467,0.8314822,-0.84437877,-0.32421094,0.6069606,0.5819702,-0.9546037,-0.028817695,-0.23639885,-0.72462094,-0.8170448,-0.16965218,-1.97661,0.52369976,-0.9453622,1.0666187,0.5979917,0.52530324,-0.08001492,1.5574067,1.2764313,-1.4536185,-0.49499992,0.5716165,-0.27051118,0.018568285,-0.05067469,0.2555822,0.5585014,-0.3958344,1.1903708,-0.7904525,-1.023326,1.5207,-0.24962002
0.5257773,-0.20177814,0.500184,0.44997713,-0.13650008,0.685169,0.20681077,-0.2333357,1.2218896,0.58915716,-0.30980733,0.3219829,0.15267704,1.2313643,0.67558503,-0.12834038,-0.48362327,0.59714806,0.30555356,0.72631043,-0.67798096,0.25562355,0.0067433114,-1.0658269,0.50717735,-1.3287101,0.4720311,-0.34349182,0.3501358,-0.46628016,1.1812212,0.6047552,0.8041959,1.7869221,0.3779881,1.1418338,-0.6871632,0.39982787,0.50752956,-0.3130274,0.4274352,1.3581522,0.09908235,1.1592058,-0.8026464,-0.20996755,-1.8495785,0.8167964,1.1490469,0.4612627,0.6500749,-0.44514412,-1.0694199,-0.5778624,0.9121399,0.8678525,-0.0059240125,-0.049484957,0.27424508,-0.7490602,-0.6562866,0.4371386,-1.0038934,1.9663153,0.7553657,-0.16045956,1.341562,0.5358842,1.4241982,0.9165644,-0.7492679,-0.3254023,2.469024,0.33867797,-0.63989407,-1.8210467,-0.18612215,0.4056809,-1.1747175,0.28712225,-0.02082337,2.1379633,-0.18956326,0.38808507,-0.7460641,-0.309232,0.035193842,0.10746079,-0.32207802,0.9341633,0.98419905,-0.4556774,1.1255527,0.271485,-0.124056965,1.1665941,1.2550541,2.0700788,0.7963878,1.5558467
1.077058,0.45945272,-0.39827543,-0.40520212,0.22909895,0.95195204,0.91472864,-0.061201848,0.4095734,1.014632,0.72004557,0.8156588,0.94956726,-0.43489528,0.91746175,0.64359033,-0.37936434,0.5139677,0.64816594,-0.38001963,0.85219985,-0.053043414,0.9909625,-1.0689559,1.2179489,-0.021201516,-0.5423156,-0.10363138,0.061770104,2.0427842,-0.8982611,-0.11170884,0.36757505,-0.1355756,0.13714586,0.75302327,-0.7196998,1.0034263,-0.17385954,0.2876884,-0.5820693,-0.25673047,-0.561365,0.68354,-0.88461006,-0.889773,0.036433183,-0.5821692,-0.23056671,-0.18872888,1.5709028,1.1649207,0.7586007,-0.041151438,1.1311156,0.22315313,-0.37003663,0.017185071,0.09486875,2.138911,0.6149836,2.0210202,0.39086214,-0.6801913,1.8939894,-0.28510848,0.61157185,0.02346992,1.1828951,1.036953,1.8042923,1.4737947,-0.0012117774,0.99769413,0.5588857,0.76717705,0.16795103,1.0994159,-0.043641385,0.4723358,-0.37963766,0.15525179,-0.5311609,0.6228464,0.9103062,0.63195175,0.21392183,1.7092558,-0.123457156,0.10886421,0.6383661,1.1943494,1.9768504,0.7667152,-0.37620574,0.112013325,-0.0981993,-0.19725887,-0.3118577,0.38543436
-0.71732277,-1.1295348,-0.7252464,-1.5651891,0.1585322,-1.2597725,0.60543036,-1.620139,-0.49388027,0.9190579,0.32975048,-0.17587909,0.31538105,-0.6016511,-0.0050552073,0.24757025,0.7291892,-0.20896275,-0.5252184,-0.6507644,-0.80645436,0.63445437,-0.7112169,0.25859252,1.9624854,-0.44076455,0.4617415,-0.8345691,0.118304655,0.21987629,-0.9653901,-1.5229286,1.5791727,-0.62374085,-0.77644455,-1.2800328,-0.30490944,-0.66379976,-0.9081443,-0.38423318,-1.5291001,0.019950254,-0.9244923,-0.75924087,-0.099838085,-1.3017763,-0.8238589,-0.8329636,-1.4592215,-1.316781,-0.5859365,-0.78500265,-0.04670404,-1.936984,-1.557211,-1.4951153,-0.8161783,-0.9943367,0.18539536,0.0030945318,-0.5929271,0.14561318,0.7268792,-0.54531944,0.80465925,0.04055932,-1.332461,-0.24340722,-1.0130347,0.8074532,0.07106279,0.32447457,1.0629292,0.45738506,-0.11255319,0.46473446,-0.30833158,-1.4619113,-0.08505505,-0.7931217,-0.26941672,-1.9568638,-1.2970031,0.4977161,-0.043608844,-0.46504688,0.10717081,0.08405755,-0.49736,-0.98340803,-1.0178729,0.38558343,0.5296121,-1.1495045,0.88745004,-0.09098517,0.22828113,-1.0632085,-1.642774,-1.3888766
-0.21204257,-0.13999578,-0.74444836,-2.0968604,-0.7512908,-0.9773178,-1.1832972,0.008719425,-1.6774548,0.09090442,0.6128721,-0.5285019,-0.8403377,-0.032316025,1.1886191,-0.5830127,-1.1341269,0.02213063,1.2327902,-0.47418022,1.2580527,0.27785578,0.6588493,-1.0353893,0.3050095,-1.6304046,0.4280405,-0.32696015,0.7343685,-0.14489512,-1.2577648,-0.42682877,0.09174759,-0.6079572,0.30455154,-0.6551594,0.39458358,0.14246087,-1.6452456,-0.1695308,0.24790372,0.61415136,0.23960684,0.28302017,0.53015757,1.8961854,-0.27143696,-0.67652136,-0.9125249,0.5206136,0.03490397,-0.0798284,0.621205,0.5683362,-1.0625398,0.6267743,-0.0492787,-0.91162616,1.4065089,-0.10760295,-1.2480743,-0.24101166,1.882205,0.24558552,-0.20952891,0.5114412,-0.12940204,0.7060352,-1.1608828,0.14019477,-0.21711719,-0.50387144,-0.63059115,1.0313638,0.15787005,-0.43598428,0.93004096,0.36248377,-1.0251766,0.8467829,-0.7640289,-1.0630778,-0.17915626,0.18193014,0.113723755,0.25930166,-2.2658606,-0.09068672,-1.4215196,-0.2747571,0.3344402,0.3459227,-0.5392078,0.49154094,1.3735663,-0.024204617,0.37219334,0.41496718,-0.946701,-0.04062804
1.2740796,0.43988982,0.18889089,-0.23517954,-0.2554775,0.42776197,0.93775725,1.0989681,0.8642309,-0.36718366,1.6891708,0.18400425,0.45765227,0.86270636,-0.74297386,1.2745209,1.6166914,0.3973147,1.5185726,-0.10233769,-0.81765074,0.7795497,-0.39527905,0.53783983,-0.9089366,0.48201573,-0.6712604,-0.06922398,1.1848447,-0.24586405,1.1904026,0.8652175,-0.6934468,0.5748639,-0.22873946,0.9521557,1.0140399,1.0875424,0.43186396,0.9837734,1.2873136,-0.7440376,0.24049494,0.25445172,-0.9530643,0.8424046,1.5753907,0.50526714,0.6241013,0.85685444,2.1982749,0.3688781,1.9522867,0.6272154,1.6175958,0.9481819,0.785662,1.3695157,-0.74618936,0.6407275,-0.2849256,-0.44153506,1.0370952,0.47701693,0.17341222,-0.72095114,0.19498332,1.7303697,0.53468984,0.5177964,-0.5335602,-0.7139914,-0.8094776,-0.956806,0.3061328,-0.10404404,1.183525,0.20329836,0.21518631,1.3494071,0.97470653,1.7826632,0.10213848,1.6270058,-0.62971914,1.225869,0.013113047,-1.0104607,1.1532302,0.44831204,1.3032451,1.1610143,-0.2730564,0.61667305,0.76987463,-0.57494223,0.535499,-0.56108785,0.98029596,0.77257866
0.99392784,2.236594,2.8639627,-1.1963786,1.2465516,2.1878781,1.792807,2.4644423,3.0421975,-0.6083738,1.3477705,0.74221647,0.7266919,2.3659742,-0.2172778,2.7433898,0.39986008,2.293804,2.6599178,1.6432511,0.8476816,-0.2208922,1.2919008,0.06997052,-0.52606,0.16999951,-0.93794554,1.0990012,0.693856,-0.38178033,-0.7081231,0.35414794,1.499452,1.0800657,-0.32279813,1.9093416,0.4492798,1.2908896,1.6931981,1.6765893,1.9205931,-2.2746115,-0.38844696,-0.08465863,-1.3161197,0.4361001,0.25694484,-0.52367747,2.2058902,1.7904608,1.8917513,2.3383896,2.507409,2.2138126,1.8151462,1.7967236,1.4507293,2.6423657,0.43592626,0.5456075,0.5506867,0.10708828,1.0858942,0.0999225,1.2997422,-1.161703,0.92543924,1.8347013,0.406806,1.1598552,-0.75631464,0.37670207,0.08128436,0.3433402,0.6503336,-0.012197883,0.4268509,1.9570668,-0.08073789,-0.2661794,0.37701684,2.2698352,-0.47195435,0.44946304,0.01794699,0.44264057,0.20657247,0.5317006,1.3483542,1.9132786,2.1877246,-0.64817894,0.32761112,0.48985338,0.2114083,0.317343,-0.8345267,1.9058255,1.1225383,2.105492
-1.0342017,-0.82581186,0.78043735,0.11947096,-0.3761529,0.15626167,-0.4090361,-0.31966215,-0.79213977,-0.7086106,0.6919631,-0.44563666,-1.0781525,0.7740335,-0.71962345,-0.4104827,0.70065767,0.011777881,0.6615832,0.108585,0.88175696,-0.21574308,0.21214722,0.024693083,0.01709816,-0.7654056,0.93361276,-1.2702426,-0.74709636,-0.16020904,-0.29057088,0.14703429,0.2501823,0.6489474,0.15118107,0.053893976,-0.36554748,-0.1430702,-0.33079505,-0.2255387,-0.055242762,0.17098764,-0.0041621095,-0.7639867,0.9407992,0.613607,0.12282314,0.3489852,-0.2720086,-0.010664439,-0.62576956,-0.2060228,0.5976361,0.7409724,-0.55786014,0.15940168,0.6812576,0.5250042,-0.8360859,-0.838839,-0.0066196085,-0.9871654,-0.7608089,-1.3763522,-0.26221508,0.08957033,-1.8834866,-1.1593938,-1.0386232,-0.3566469,0.60950565,-0.5213677,-0.65074205,-0.9792052,-0.83409977,-0.9286904,-1.447573,-1.5845736,-1.2683657,-0.761049,-0.9554114,-1.2111739,-0.16202945,-0.6971308,0.089710735,-1.3573376,0.19315363,0.37604657,-0.88665175,-1.0341147,-0.31935388,-1.316464,-1.2636226,-0.66892,0.22128579,-1.6506644,0.20018421,0.53452754,-0.07726757,-0.8450303
-0.15848374,-0.4711627,-0.50345147,0.44814947,-0.47408882,-0.777046,0.33053967,0.3011776,-0.32847846,-0.48743707,-1.1736461,0.123400986,-0.66849685,-0.9005498,-1.4558367,-0.053840533,-0.16078676,-0.10130306,0.30245268,-0.076247565,-1.6458777,-1.3859948,-0.5628253,-0.94594353,-0.4599376,-0.7617726,-1.4908853,-0.9610859,-0.5594194,-2.6092439,-1.0679237,-0.1927827,-1.3091519,0.064375296,-0.3971998,0.8615028,-0.08686765,-2.1153736,-1.5120933,-1.483019,-0.3327197,-2.512232,-1.6450974,0.800673,-1.1858512,-0.9475443,-1.2678614,-0.52245283,0.5215261,-0.10560061,-0.58660984,-0.35203463,-0.8249949,-0.6959292,-0.36204886,-1.0132636,-0.82077515,0.21182632,-0.6643344,-0.8930596,-0.45503297,-0.9448843,0.23959626,0.06149897,-1.7225834,-0.17622326,-0.49587202,-0.477958,-0.42403364,-0.13701162,-1.1700135,-0.048674818,1.3992177,-1.8147162,-0.28599507,-1.4559234,-2.893131,-0.79578775,-0.46731707,-0.29990026,0.779325,-0.01664939,0.20330009,1.0055407,-0.32612747,1.5651394,1.2027874,-0.29345268,-0.12297396,-0.6152488,-0.6768051,-1.3148263,-0.17945386,-0.14042778,-0.7355718,-0.7113571,-0.7362051,1.2983056,0.74328446,-0.06216413
-0.78592074,-1.0907298,-0.32726455,0.113119744,-1.0545108,-0.31946498,0.26464918,-0.3427023,-0.2056792,-1.1258194,-0.61708695,-0.4966277,-1.996117,-0.5632536,-0.10413963,-0.6261447,-1.2238675,0.2825304,0.06734711,-0.7217568,-0.9395586,-0.5550118,-0.95460534,-1.7079943,-0.9922612,-2.0359385,-2.3789337,-2.3798084,-1.432277,-1.9688334,-1.1956936,-0.9798013,-0.67481476,-1.826632,-1.4941522,-1.384258,-1.3384646,-2.184859,-0.7650088,-0.36178556,-0.4937705,-0.7650536,-1.8899144,0.12804538,-1.5133855,-0.19573645,-1.3586432,-0.5593368,-0.032479357,-0.76236266,0.4298804,-0.62435687,-0.87545675,-0.3389869,-0.5787724,-0.2762658,-0.050616395,-0.102470845,-1.7961817,-1.5923344,-1.2155781,-0.42901534,-0.26752713,-0.64270914,-1.044867,0.42641208,0.12764929,-0.8940414,-1.1559579,-0.779149,0.88604903,-2.2613902,-0.92733824,-1.6619837,-1.6244618,-1.6415325,-1.8016205,-0.74283797,-0.30363613,-1.0584909,-0.18682116,-0.679571,0.021329867,-0.50554305,-1.5312351,0.022312807,-1.8164623,-0.3067261,-0.61194247,0.24980216,0.09276835,-1.3762268,-1.7394943,-1.2991942,-0.76397604,0.5013057,-0.5655091,0.711863,-0.011754395,-0.72826344
0.21675524,-0.30572513,0.14963412,-0.089744456,-1.2176809,-0.17260253,-0.9992318,-0.54455405,-0.5126286,-1.2143893,0.5410846,-0.6370832,-0.5980082,-1.1372892,0.14430538,-0.9424349,-0.7451877,-0.71641016,-0.4098223,-0.2853476,1.4940842,-0.30633327,0.3285086,-0.8437557,0.075229935,-2.2030993,0.62595654,-1.4758557,-0.53678185,-0.7620236,-1.1482491,-1.4337397,-0.42885298,-0.02711675,-0.65463054,0.59393877,-0.67919755,0.10989057,0.5019211,0.6914539,-0.47603577,-2.0596077,-0.9867953,-0.23195003,-1.2809316,0.45466828,0.25461674,-0.38713616,-0.16790807,0.44950527,0.07154818,-0.3900978,-0.04369765,0.015166213,-0.5011187,-1.186045,0.18926862,-0.63725615,0.20812276,0.123096146,-0.35444584,-0.8259029,-0.0066727134,-0.4894141,0.52774256,0.23515607,-0.973174,-0.5084481,0.3587015,-1.4574773,0.31866315,-1.174426,0.14444484,-0.2489314,-1.1669594,-0.2922815,-0.07185579,-0.24960646,-0.7685875,-0.3444258,-1.3094236,-0.5372703,-1.2971509,-0.6267686,-0.38750544,-0.9621555,0.35788,-0.6730836,-0.6069964,-0.46409795,-0.2768384,-0.33186406,0.3492552,0.32488546,-0.37887534,-0.33961007,0.56619525,0.30097115,0.17377265,0.13783863
-2.0837932,-1.0637213,0.16252469,-1.3612199,-1.4187435,-2.2018964,-0.8075318,-1.8387096,-0.7638078,-1.0881995,-1.7509321,-2.3558297,-1.0902253,-0.53314996,-0.8381927,-0.51637274,0.7213608,-0.39231297,0.023107806,-0.61712873,-0.45208997,0.66557705,-1.7315147,1.1584648,-0.18644413,-1.150598,0.42719156,0.4080838,-0.7704416,-0.14151958,1.7176332,-1.4342535,0.5501386,0.498327,0.43743366,-1.3718086,0.09100423,-0.19912697,0.72504044,-0.36514214,-1.0522652,-0.06506298,-0.16980259,-1.8808144,-0.164315,-0.35748738,0.86537635,-1.5608983,-2.3009489,-0.81290317,-1.312694,-0.81337005,-1.1844225,0.014907137,-1.2418618,-1.530434,-1.2716603,-1.4261502,-2.0139706,-0.9756628,-2.4805915,-1.6262943,-1.4324578,-0.73619044,1.0137721,-1.5759778,-3.2907677,-1.3402233,0.64072794,-0.9272956,-1.3958273,-0.93981415,-0.27826557,-1.6198074,0.21568322,-1.3845164,-2.3205247,-1.0573412,0.096253306,-0.86739737,0.30643767,-0.70735264,-1.1885751,0.29572383,1.5365347,-0.9038211,-0.8315632,-0.6396472,-1.8447312,-0.81009036,0.0429115,0.7685864,-0.36842564,-0.6586941,0.2598076,-2.5755992,-1.1469675,-1.9416128,-2.979904,-1.7940627
-0.03401744,-0.40483895,-1.2842106,-1.5759238,-0.9216711,-0.8755551,-0.8779147,-0.60626143,0.038190436,-2.1094036,-0.824337,-1.6577439,-1.407998,-0.0982868,2.0276976,-0.41163307,-0.73320603,-0.73416746,0.79134184,0.4031319,0.918375,0.76304066,-0.2220404,-0.918633,-0.7028804,-0.25952363,-0.7481585,-0.5995182,1.0281794,0.07226535,-0.05267631,0.48893002,-1.5121394,0.2966865,0.3865867,-1.506541,-1.0771768,0.86149013,1.2102566,-0.5060748,-0.07497594,0.78831655,1.4230003,0.720414,0.5769504,0.7819042,1.5776709,-0.9302984,-0.5889279,0.7234349,0.50236714,-0.36063552,1.4434294,-0.23637433,-0.5711209,0.9814313,-0.6691365,-0.20371518,-0.7404741,-0.82028127,0.5229802,-0.06321604,0.29855505,-0.5452112,-0.33698952,1.3431724,0.24652192,-0.2067111,1.1823529,-0.71318465,2.6306958,0.8292321,-0.58614475,0.98054194,-0.4598147,-0.65808237,-0.91109,-0.7462344,-0.18432227,1.6436486,-0.41536364,0.030649485,0.9175985,0.42583445,-0.02666143,-0.18133783,-0.78145,-0.1334828,-0.14690799,0.75607723,0.96583056,0.30968913,1.0344917,-1.466529,1.3253981,-0.0009309114,-0.23195584,-0.0056336783,-0.07587122,-0.64045256
-1.3932327,-2.5449433,-0.59970444,0.20763046,-1.1219268,-1.8559245,-2.0489888,-3.0863237,-3.7817085,-0.93044865,-1.0281464,-1.6844223,-0.43643713,-2.679589,-2.2404094,-2.4730082,-0.8328412,-2.0240152,-1.4202777,-1.1402234,-1.9756745,0.6609604,-0.6068964,-1.7061619,-1.6663579,-0.42995223,-0.46041176,-0.94877744,-0.6382416,0.60396945,-0.2611553,-0.05218175,0.72600335,-2.207202,-0.012667756,-0.73322725,-1.9241838,-0.040400047,-1.3575517,-1.748976,-1.1959682,1.1608508,-0.822341,-2.042324,-0.863351,0.6806215,0.051688056,-0.5265146,-1.4514742,-1.1286534,-1.1510471,-1.7309606,-0.51678556,-0.71301997,-1.1425018,-1.1454214,-2.3209245,-1.7269578,-1.5738702,-0.9719089,-0.9633921,-1.1363336,-0.05621485,-1.6820724,-1.533214,0.16330113,-1.6436058,-0.038277727,-1.4864175,-1.0600715,-0.17074075,-1.2211102,-1.5059125,-1.1954089,-0.30402994,-0.3384557,-0.81596166,-1.368512,-0.48616013,-1.2394735,-0.741614,-1.431418,-1.0989946,-0.8199745,0.43858752,-1.4523132,-0.83314276,0.095501415,-2.926813,-1.1436667,-0.41538036,-0.10659866,0.049477316,-1.9806962,-0.1834471,-1.2973549,-0.8421344,-1.2976371,-1.4822934,-2.276046
-0.01148628,1.5473639,0.95084083,0.26009396,0.45330492,0.3697616,0.74155784,-0.033687465,0.62592226,0.24562459,-0.43336728,0.65806305,-0.22278671,0.69162697,1.1961044,1.7256476,0.8772904,1.3586341,0.9620606,0.0043238676,0.9450116,1.0524949,-0.81754875,2.0812109,1.1522193,0.725027,2.1477861,0.95823425,1.5307386,0.3150915,1.0758271,1.3640417,2.1343966,-0.19805233,0.9906111,0.8255378,-0.17060807,1.5658708,0.5876263,0.97130626,0.53690976,0.678336,1.1419308,0.74038684,1.1486301,1.6489831,-0.11393871,-0.45376915,-0.5935589,0.77018464,-0.7430284,0.674503,-0.19392523,1.3082036,0.8278846,-0.40748537,-0.19321746,0.3937039,0.13216875,1.7618644,0.278135,0.5517415,0.5968226,0.3284325,-0.14665563,0.7155419,-0.33324546,0.047903057,-0.929527,0.74659854,-1.3460808,0.4855719,-0.5140327,0.40751138,-0.1430443,1.1147114,0.4054295,0.85943747,-0.69745517,0.19799273,-0.29253066,-1.0164275,0.40876177,0.34099838,-0.4899309,0.3190361,-1.0023701,0.8444515,-0.49991176,-0.19794019,-0.42858973,2.1592991,0.028018774,1.8486618,1.4119468,1.6417843,1.5849644,-0.44864392,-0.8424964,0.12459246
0.29860237,0.8240011,0.7827337,0.2643874,-0.68875456,-0.84499794,0.79469657,0.2656516,-0.5720625,0.55320334,-0.30848452,-0.5812462,0.9999006,-0.8547849,1.3855371,0.15012945,0.51302713,-0.63660663,-0.74807596,-0.60994756,-0.5009411,-0.10353473,0.40542912,1.1395247,-0.60871166,-0.7580889,1.1650401,0.9908685,0.41476697,-0.17009428,-1.1015568,-0.18137938,0.5054905,0.37694833,-0.006240847,-0.8071305,0.2729477,-0.28617534,-1.6588444,-0.07839828,-0.25631905,-0.09729698,0.23784143,-0.9547485,0.1939858,-0.46276045,0.97072774,-0.78230834,-1.4128466,-0.24539106,-0.19655754,0.32858533,-0.10494607,0.58428824,-0.041659012,-1.1585312,-1.168359,-1.3698153,-0.15215515,-1.190124,0.4945773,1.1054255,-0.026688272,0.26697195,0.8812067,0.67013675,-1.4403929,0.48946297,0.3797609,-0.47576827,-0.92780566,0.07325931,0.35185665,-0.030692413,0.42809644,0.2519318,-0.2264148,0.025693808,0.64677507,1.3589144,0.67835504,-0.5582689,0.8284577,0.3313943,-0.09251053,-0.43407944,0.3061184,-0.4842137,-1.0326942,0.1668755,-0.77560955,-1.5289513,0.59585863,0.44428656,1.1906246,-0.8271076,-0.23238483,-1.8316882,-1.3158901,-0.06578061
-0.23790614,0.6311419,-1.9382181,-0.25612757,-2.129023,-1.8941541,-0.8647848,-1.2410642,-1.6559956,-0.7257763,-1.3529054,-1.134933,-1.7366107,-2.6956806,-0.04706146,-0.009995709,-1.8275442,-2.1532383,-0.43470332,0.5624615,0.9424683,-1.4797193,-0.8691545,0.28789234,-0.8392193,-0.62875795,0.1064839,-1.4248313,1.164692,0.3706596,-0.42579696,-1.466753,-0.43300334,-1.7277962,-0.5522737,-1.8697251,-0.5798853,-2.2158382,0.56543297,-1.6480271,-1.6575027,0.26055655,-0.6436838,-1.5169342,1.1264267,-0.97576064,-0.7200886,-1.9705243,-1.309253,-1.8186105,-0.6301404,-1.2105978,-2.0513792,-2.3374457,-1.8942922,-1.2964727,-2.9599755,-1.8805496,-0.63584584,-1.3165557,0.1647754,-1.0236963,-0.48543268,-0.49768013,-0.00901324,-0.03246985,-1.4033918,-0.6594857,-1.2552311,-0.16688628,1.4556606,-0.89385796,-0.7280837,-0.31079954,-0.029157184,-0.70959234,0.480882,-0.5467758,0.11099489,-2.2467363,-0.087698154,-1.1867341,-0.7551082,-0.247684,0.80316424,-0.57293963,-1.101394,-0.75067776,0.15506245,-1.0091013,-0.24172403,1.2771096,1.112199,-0.14685012,0.8309477,-1.6709695,-0.53940785,-1.6415999,-0.88769794,-1.1438305
1.6299663,-1.4097997,-2.3412821,-2.370006,-2.9495244,-1.1360857,-0.69774264,-1.1467615,-1.1838013,-1.4222579,-0.27904055,-1.3123143,-0.7459336,-2.3807595,-1.2470708,-0.20290433,-3.4838488,-2.0799975,-3.9668846,-1.3693314,-1.5224224,-0.08013909,-0.9761613,-0.21182676,0.094834186,-1.2433107,-0.13052799,-0.1897486,-0.5694208,-0.8365899,-1.0679611,0.30429268,-0.49797437,-2.021196,-1.1175487,-1.1976669,-0.910472,0.18373746,-1.5164162,-0.7669018,-1.3041683,-1.4344623,-0.5651319,-0.09267872,0.50226885,0.19569954,-1.4933195,-1.2191432,-1.4143679,-0.6787606,-0.18953814,-0.3928618,-1.0363194,-1.4113752,-0.6515296,-0.60590005,-0.6239854,-0.36770755,-0.9676902,-2.0389662,-0.5753057,-0.49350974,-0.17585795,-1.3357359,-1.4031912,-1.3107427,0.11797412,-0.8073461,-0.65348464,-1.7270015,0.21108787,0.3953556,-0.52105796,1.4247243,-1.1298866,0.04525248,-0.021435784,0.34636262,0.07650291,0.79297817,-0.62458354,-0.5356705,0.5335809,-0.33176842,0.33776617,-1.3366401,-0.05529603,0.28531283,-0.93416107,0.17119177,0.43844682,0.40238127,1.1011233,1.6932054,1.3289878,1.1634972,0.42041546,0.3839783,0.3893091,-0.5676893
-1.1746955,-2.1156037,-1.937529,-0.5341732,-2.2256281,-1.1342654,-0.8696712,0.26095262,-1.1828259,0.28165448,-1.4003046,-0.6023857,-0.07789244,0.5877335,0.0011703648,-0.33723396,-0.18247543,-0.33893603,0.34598333,-0.6033442,-0.5427288,0.3921117,-1.4443372,-1.3077369,-0.85508406,-1.550301,-0.9742813,-2.7495975,-0.9824797,-0.7615155,-1.3935251,-0.73209065,-1.2522228,1.0821427,0.58839256,0.1338291,-0.19421934,0.1656536,-1.1526506,-1.2937595,-0.89828104,-0.7008387,-0.4216362,-0.2016511,-1.3848963,-0.84397465,-0.35127488,-0.7227159,-0.10580697,-0.3172051,0.25071162,-2.9970949,-2.6176233,-2.5303013,-0.67172045,-0.5949249,-0.75921404,-0.68000615,-1.1735282,-2.3737051,-1.2056596,-0.5439042,-1.8919913,-1.8003289,-1.399063,-0.62284964,-0.6351273,-1.1097167,-0.47343242,-0.1671554,-0.65764177,-0.17212084,-2.3695457,-1.6833551,-0.47315565,-1.115297,-2.13418,-1.5359157,-0.9468326,0.057455666,-0.48253438,1.7880156,-0.53825194,-0.18452555,-0.8466692,0.13606706,-0.44729963,-0.24641794,0.76574177,-0.08537672,0.547433,-0.4042415,0.31513402,0.40422156,-0.51664,-0.21553047,0.456519,1.113851,0.9119572,-0.3139676
-0.224278,-1.1065539,-1.1384462,1.3186424,-2.1599228,-0.9277178,-1.6825035,-1.0074921,-1.243398,0.49809515,-1.2636918,-0.87977743,-0.38593957,1.5717846,0.13138591,-0.35671273,-0.34155703,1.2094778,0.37693164,-1.338626,-0.56886035,1.2990755,-0.21936102,0.7783976,0.80482084,-1.0759685,0.686024,0.46069667,0.54402024,-0.25047272,1.2900622,-0.659606,1.1800385,1.5517458,1.6599661,0.5296595,-0.21304512,0.514332,-1.0196371,-1.647754,0.6887582,0.6805824,1.5889024,0.37640634,1.271198,1.5919048,1.2623469,0.07665127,-0.8865599,0.4665393,-0.59700346,-2.4102135,-0.8648452,-1.8115025,-1.3162254,-0.64904904,-1.2363734,-0.0005840563,-1.0267445,-0.61022574,-1.3610305,-0.3832983,0.7703489,1.2420603,0.69931805,-1.4511615,0.26944485,0.59666467,0.49450237,0.31162024,-0.38065314,0.9156949,-1.5823252,-1.0591147,-0.38554445,-0.050530244,0.6441661,0.45900047,0.42009255,-0.7696083,1.9167773,1.2108042,1.1663883,1.6120684,0.9909249,2.228448,1.7577523,1.8088611,0.21950983,1.0015041,0.029297192,0.7674582,-0.842611,0.9174354,1.4559169,0.11095554,1.1708062,-0.5422096,-0.9254461,0.16138262
-0.85943484,0.31159776,-1.3108231,-0.083471976,0.32535458,-0.80773634,-1.0855206,0.49735355,-0.14603645,-0.5144443,-0.5283766,-0.15642306,-1.0076342,-0.74247986,0.73846185,-0.66002506,0.53886926,1.1002507,-0.04385478,0.16828635,0.06271621,0.98998594,-1.0038308,0.26118737,0.20380063,0.9020796,1.7024114,0.73398054,-0.0639644,-0.119568095,2.878834,0.53021723,-0.29387683,1.2737913,1.5176363,0.3946983,-0.8065778,-0.48378375,0.67146045,-0.2486779,-0.47186455,-0.5726493,1.7531583,-0.05854696,0.5012802,0.93206817,-0.7777794,-0.2725218,-0.6321457,-0.81111205,0.5202839,-0.5552154,1.8343333,0.14058362,-0.362251,-0.066139475,-0.24651434,1.911066,0.25347292,-0.19935794,-0.60555536,-0.11916187,-1.9224035,-0.33097273,0.9946753,-0.76691085,-0.15438773,-0.027301395,0.05046186,1.0404437,-0.11528595,1.0323982,0.24349818,0.6304664,0.68446296,-0.35310373,-0.22389844,0.197466,0.35052854,0.4242353,1.2393599,-0.47821623,-0.2655427,1.1078628,0.6466822,1.4586179,-0.8845384,0.6320796,0.19417423,-0.19007757,-0.23527655,0.30967116,0.5471981,0.3280527,0.91531026,-0.60569584,1.8477067,-0.10230086,-0.31530306,-0.3281783
-0.38224083,0.0051818965,-1.9353542,0.531744,-0.36512238,-0.5381474,-1.2163261,-1.1178579,-1.8973298,1.5402012,0.0023683233,0.010141375,0.2324655,0.31031132,0.13448958,-0.87796956,0.1784122,-0.18870337,0.07931397,0.06324783,0.39755443,1.3437562,1.1375533,-0.09756838,0.6549792,1.0363169,0.24037343,0.505344,0.2958306,-0.0020190917,1.6363233,-0.2904611,-1.1957276,-0.35157257,1.0838886,-0.39912406,-0.4244404,-0.5346976,-0.36824477,-0.72534436,-1.1914574,0.97442895,0.07486252,0.9378352,1.5351954,-0.24948178,0.010325096,1.9272033,-1.0956702,-1.025758,0.119991004,-1.1487957,0.4221334,-0.11366496,-1.3418443,0.006559005,1.1464474,0.59724724,0.66805804,0.32402256,-0.1508004,-0.6997733,0.62278414,-1.2477568,1.4751366,-1.5510654,0.7775697,-0.20789777,0.2542087,0.9287673,2.379013,0.43241668,1.3865259,0.18735828,0.05694179,-0.056950234,0.46651983,-0.15518112,0.7754627,1.1410578,-0.31696278,-1.3797199,-0.0463481,-0.28924695,-0.79298466,-0.616545,-0.54530895,0.24758239,0.14388664,-0.9120775,-0.07949824,0.72398555,-0.39601806,-0.5537174,0.49363673,0.12618029,0.7329833,-0.23730554,0.67265165,-0.22402655
0.32413667,-0.07495161,-1.1650342,0.5734085,-0.29349405,-0.7749332,0.06950761,0.3255176,-0.4053827,0.9268105,1.1508868,0.85056716,0.21454942,-0.98592275,0.81446207,0.6079481,0.35037264,-0.20923086,2.469809,-0.7610455,2.2411854,0.28094238,1.7886041,0.92444694,1.3697997,1.3448985,0.85891336,0.93816257,1.6879699,0.2221952,-0.5387749,0.4861698,-1.6661639,0.6189419,0.85234964,-0.6365747,-1.3285087,0.54352003,0.76279616,-0.8164379,-0.74965394,1.2924085,-0.43043515,1.6903661,0.33683673,-0.16964191,-0.29330677,1.2661799,0.4227612,-0.6248842,0.49565881,0.8722468,0.7799099,-0.5818653,-0.31685674,0.99167544,0.74215233,-0.22481643,0.53086054,0.33575332,0.6413158,1.9388769,0.5991463,-0.07806497,0.09778446,0.87726206,1.529413,-0.3944237,1.2706331,1.5444846,1.0862768,1.7827113,0.6465368,1.286622,1.1520494,1.2654227,-0.017131867,-0.27460226,1.0700803,1.2777265,1.1633432,0.617122,0.0041307663,0.7599252,1.6719588,-0.7039375,-0.34846365,0.8042567,-0.5030798,-0.18421738,-0.94104075,1.7398325,1.3470811,1.4511433,1.9521003,0.5880245,1.1238585,0.79163975,-0.42053306,0.14851543
0.61939317,-0.8427068,-0.38202444,1.035206,-1.3590878,-0.8160072,-0.43954623,-0.90182304,-1.5598232,0.03854976,-0.6853492,-0.8475003,-0.5795723,-2.0133119,-1.1610029,-0.9183312,-1.1462401,-0.8700153,-1.0434729,0.05478978,-2.0905104,0.091350965,-0.29536977,0.3816047,0.25570524,0.18199503,-0.5918814,-0.12364743,0.8283356,-2.1820765,0.87522477,-1.0240413,-0.87942046,-0.68976367,0.18481989,-1.5214592,0.2763111,-0.36035612,-0.6835534,-0.33371237,-0.4000771,-0.014439685,0.21449505,-0.95525604,0.38980564,-0.9682437,-0.5983178,0.5932971,-0.22411418,-0.9624121,-1.5093259,-1.3105322,-0.49007002,0.07473075,-1.2721274,-0.7272854,-0.16062832,-0.6372198,-0.6800513,-0.6296153,-0.5558094,-0.92584425,-1.3686757,-1.8287903,-0.8145113,-1.2617114,0.2822416,-1.3186042,0.19242306,-0.95546436,0.26461324,-0.63492227,0.33067885,-0.6087446,-0.59385234,0.035180844,-0.4358962,-0.29689577,0.07304518,0.7112832,1.1951246,-0.30829048,0.7368697,0.17971088,0.31908298,1.032409,-0.4361627,1.1828355,-0.28732497,-0.8333459,-0.26223412,-0.6375181,-0.37684223,-0.5421893,-0.37603757,0.9650174,0.4172035,1.3334646,0.6001014,-1.0310097
-0.9180651,-0.12087908,0.4175147,2.1938376,-0.481645,0.037167963,-0.34678668,-0.80301493,-0.018939443,0.56727505,-1.552267,-0.69625914,-0.21936549,-1.0279915,-0.5181841,0.040960263,-0.22357142,0.3946667,-0.28644103,0.3919178,0.6226564,-0.35206848,-0.5063667,0.43426245,1.437262,-0.09817398,-0.827152,-0.57340294,-0.039131485,-1.4617568,0.62716556,-1.6332566,0.6609879,0.3082888,0.91820014,1.3257972,0.08578106,-1.2290193,-0.0082624685,-1.2006402,0.78948253,0.18072651,-0.48557174,1.7710284,-0.2512609,0.17825732,0.055692222,0.14115731,0.9184641,0.07855964,-0.5334694,-0.64510924,-0.022175444,0.49087897,-0.8335104,-0.67565995,-0.007454031,-0.4869426,1.6813853,0.4293591,0.77301604,-0.6773459,-1.0170499,-1.6555357,-0.19141501,-0.9767602,1.2619976,-0.50290364,-0.6211098,-1.068918,-0.6057606,0.5179954,-0.9035192,-0.71224314,0.40202367,0.27712634,-0.26711202,0.5053148,-0.04559834,0.31259292,0.85516804,0.92952603,0.9337086,0.29103333,0.081147574,1.5195067,0.45971307,-0.029214391,0.060288295,0.14366585,-0.63996196,-1.6072253,-0.74424213,1.0103863,-0.54255354,1.9949396,1.384422,-0.33000815,1.1597282,0.12223747
-0.4792004,-1.07605,-1.0562837,1.7253886,-0.44852653,0.7428557,0.096724905,-0.21137793,-0.46354076,-0.31258926,-1.8192441,-0.5822994,0.3533865,0.2695538,-0.18154703,-1.5292941,-0.8458966,-1.5711949,-0.928235,-0.1568301,-1.8366693,-0.75201523,0.044724025,-1.1307619,0.4027127,-1.8986486,-0.19980584,-0.87749845,-2.1622927,-0.051196553,-2.5757756,-1.6701634,0.95593995,-2.4945734,-0.9323148,-0.9683974,-0.34960625,-1.9170176,-0.21212311,-1.1858708,-0.609555,-0.052781988,-0.7740001,-1.1993338,-0.7332764,-0.63911647,-0.6811806,0.06559618,0.60545313,-1.306155,0.106885955,-0.9760051,-1.7027293,-1.4631556,-0.67014986,0.03484676,-1.9255768,-2.450965,-0.4394975,-1.0728674,-0.63176876,-0.7528899,-1.0616184,-1.5934068,-1.8733064,1.0444076,-0.86039054,-0.88258135,-1.380439,-0.90368724,-0.0095466785,-1.3966258,-0.58854157,-1.7627467,-1.4292196,-1.2938052,-1.2677547,-0.16100022,-2.6393363,-2.707289,-0.8271102,-0.9826194,-2.2659829,-1.2064257,-1.8592509,-1.2570535,-0.12565471,-1.0249904,0.23478015,0.02548388,-1.1506766,-2.104477,-1.806684,-2.6887276,-1.3412873,1.4631698,-2.0901825,-0.1860773,0.6334317,-1.4021744
-0.15427598,-1.8002357,-1.3278685,0.98267156,-1.1068735,-2.1888463,-0.72102255,-0.71701956,-1.7642168,0.49032328,0.37552246,0.040296163,-0.86037415,-1.8686572,-1.5203968,-0.61584026,0.07807151,-0.9017335,-0.47518957,-0.93161577,1.5167305,-0.8391226,-1.0446986,0.59528965,1.4474386,1.4042529,2.5374012,0.5875986,-1.359669,0.92260456,-0.5259048,0.2499723,-1.424722,-1.1809816,-0.6553622,-1.9157974,-1.0066458,0.36158717,-0.33429837,-0.8032542,-1.1264597,0.8679194,0.367244,-0.8725743,-1.6618263,0.26455128,-1.026574,-0.8263228,-0.8188449,-1.8930742,-1.838961,-1.714033,-1.0103213,-0.58069134,-2.189846,-1.15307,0.4410796,-0.66633016,0.43732652,-1.7118559,-0.5682081,0.023533441,-1.7922988,-1.9196148,-0.43385252,-0.061749868,0.43674338,-1.0577029,-1.3472909,-1.8216716,0.8818212,-0.05404783,-0.20253122,0.79894966,-0.10918846,-0.29012454,0.83449405,-1.442323,-0.11444008,0.40046665,-0.22304475,-0.70645064,-0.06205684,-0.5083906,0.76649904,-1.340481,-0.4828569,0.19549268,-0.2587681,-3.7130972e-05,-0.37925985,1.5089049,1.1860799,-0.57575256,0.5598736,-0.64511245,0.20019184,-0.5046243,-0.4201823,-1.2811153
0.36911172,-0.1439418,-0.249093,1.4455429,0.12790005,-0.42424604,0.47742662,1.002955,0.77075523,-1.1124893,-0.018277947,-0.416415,-0.1733161,-1.779355,-0.74249315,0.37666374,-1.055399,-0.5968047,-1.5425678,-0.58025074,-0.72912663,0.040863644,-0.51259494,-0.44070774,-1.7331257,0.68774897,0.00033693356,0.73186165,1.100577,2.043739,-0.99121404,2.568116,0.08327433,-1.051329,-1.421385,-0.4318202,-1.0592085,1.6606797,0.6086605,1.3191866,-1.0410384,-0.329466,0.1650091,-0.20930102,-0.9195394,-0.21395847,-1.3012474,-0.26629874,-0.41473827,0.23292889,0.9514856,0.56531835,1.050078,0.39192048,0.45217365,-0.08324216,0.1860518,0.47105658,0.60188824,-0.3263003,-0.14787099,1.5777726,1.0030696,1.3004348,-0.050099455,0.26978678,0.7726586,1.5113071,0.25011727,-0.54141253,-0.3053879,0.29455036,0.9783329,1.8891447,0.095138416,0.64373326,1.1100558,-0.6732557,0.024973614,1.9166849,0.14598744,0.07636083,-0.009493611,-1.4728652,0.62362915,-0.84209704,-2.1237051,-1.3144983,0.22859415,0.10454118,0.8337744,0.8131084,1.3975981,-0.2703781,-0.24960977,-0.049346317,0.46386027,0.24144909,0.4549474,0.4538017
0.40660092,0.90191203,-0.19886169,0.51357424,0.11872123,0.3475329,0.93202955,2.591721,0.45399567,0.45089048,0.528164,0.9840426,0.9119993,1.3890103,0.78260255,-0.17991105,0.84453076,0.35574442,0.88338816,0.8499205,-0.0579264,1.8994937,1.1836932,-0.014737375,-0.32004455,0.38123608,-0.10605211,1.0410601,-0.061688464,0.75997454,0.15429366,-0.7433703,-0.24822892,1.153778,0.23539957,1.4564455,0.62073845,0.64008015,1.40385,0.57934904,1.2157817,-0.20788461,1.1141211,-0.030655362,-0.68613553,0.6882905,2.4336913,0.95270246,0.48528218,0.77516645,-0.06949276,1.2120284,-0.5712206,-0.25680247,1.2451347,1.0070856,0.047999036,-0.44480398,0.26497957,-0.33570483,-0.6256208,0.38186628,-0.16903184,0.72363335,-1.1101261,0.73307496,0.87583405,0.18349615,0.24932897,0.34282184,-0.13606544,-0.3716398,0.4764635,-0.48981526,-0.7148592,-0.71452075,0.66699404,0.9605036,0.2901745,-0.7352269,-0.7157527,0.63816816,0.27698857,-0.08216361,-1.8578343,0.7738995,-0.22091484,0.36241254,1.0435239,0.6068092,0.5192283,-0.75053024,0.080402896,-0.78504306,-2.3922262,-0.69306093,-0.2978221,-0.00039774145,1.0960904,0.92736197
-0.66401124,-1.6315322,-0.91909814,-0.4408313,-0.12189591,-1.0485417,-1.1629883,-1.3803061,-2.9701085,0.74547035,-1.1688787,0.010213331,-0.08038911,-0.49016598,0.33219633,-2.451708,0.054809973,-1.9674307,-0.39247224,-0.107804075,-1.2741854,1.5645119,-1.3850136,0.21794525,-0.532061,0.15304902,1.2034597,0.62680316,0.23122941,1.1213408,-0.6768736,0.2591638,0.4363757,-0.0019428513,0.31694373,-0.9056106,0.15923819,-0.98298454,-0.25607106,-0.48045918,-1.2866002,0.25063226,0.25476116,-1.0329995,-0.49077082,-0.14656296,0.36016405,0.16874489,-0.9328908,-1.0775634,-2.2274926,-2.4309313,-0.91299975,-1.7570053,-1.5807909,-1.7430704,-3.6313367,-1.1530616,-0.36339393,0.6514663,-1.5639069,-1.1473861,0.5716226,-0.12953451,-0.49262682,0.5240245,-1.0212135,-0.7208214,0.21287125,-1.1051325,0.21309572,0.43506905,-1.1295768,-1.6903567,0.007387505,0.7659748,0.35422808,-1.2571943,0.16949476,-0.2805977,0.08941955,-1.5367202,-0.5463974,-1.0681578,-0.39081162,-0.051945124,-1.2181741,-1.217405,-0.6476931,-1.5686908,-1.7621241,-0.6278022,-1.2246529,-0.7102591,0.10632786,-2.0055795,-0.8030891,-1.3485762,-1.0203314,-1.2545661
-0.81856376,0.09194323,-0.6752996,-1.8405511,0.102528185,0.28849933,-0.35528097,0.08829723,-0.35051042,-0.3277101,1.0267032,0.026470844,0.51107925,-0.7681901,0.20260966,0.5432384,-1.0355158,-0.591068,1.0266078,-1.1097628,-1.2702543,-0.7366553,0.062024273,-0.918703,-0.43538606,0.0039396286,-0.5286393,0.13320367,1.2769163,0.2882601,-0.23302935,-0.73508847,0.3021209,0.12967677,-0.08622727,-0.7377473,-1.1550745,0.8257866,0.01358441,-1.1318238,0.14586698,-0.25337473,0.32472143,1.7054082,-0.62697583,-0.05002138,-0.17246094,-0.6503652,0.001846979,0.27092242,0.3874688,0.67429584,0.015492523,-0.77096796,0.5230373,0.8703869,-1.0643206,0.16693902,0.517674,0.4801902,0.4012392,0.21721871,-1.7573806,0.3606762,-1.006467,-0.7320234,-0.34291428,0.14140752,0.039816394,-0.9507734,-2.0777261,0.101862796,-0.7547343,-0.6316946,-0.90529543,-0.32980704,0.50084436,-0.46283466,-0.60061395,-0.42527542,-2.3695943,0.59108126,-0.20212172,0.36346775,-0.5351205,-1.5380433,0.4554827,-1.0657697,-1.9118026,-0.8256857,0.174538,-0.5055255,0.13960035,0.7045588,0.65454185,0.775519,0.3469659,-0.5271562,-0.2832083,0.4248598
-2.505292,-2.9069116,-1.3950266,-3.0435686,-2.0041203,-0.72190887,-3.639111,-2.354402,-0.96079403,-0.36167213,0.9760291,-1.0701686,0.79775035,0.19903687,-1.3856474,-2.844568,1.8705462,-0.86961997,-0.3282492,-0.7200331,-3.1943119,0.40436786,-1.036365,0.73330265,-0.030821193,-0.2897533,0.737207,0.31853142,-0.8346581,-1.4339997,0.4203749,0.03863733,-0.056483567,0.49193302,0.5656369,1.2735195,-0.6625194,-0.7590804,-0.4736124,-0.5322253,0.5022247,1.0153942,-0.26489925,-0.1075576,0.07959446,2.0817652,-0.16947567,-0.95642674,-0.364721,0.20234221,-1.6078011,-2.650625,-0.7248974,-1.9699445,-0.14907332,-0.07591547,-1.631817,-1.2998239,-0.26087403,-1.1333297,-0.5247725,-0.53437,-0.04410309,0.32379422,-1.6081313,-0.613388,-0.58298606,0.044292524,-0.34239563,0.22191766,-2.3654487,0.028261958,-2.139937,-0.5889621,0.14486927,-0.45136547,-1.2556685,-0.78269607,0.93400633,0.6393798,-0.81395,-0.22154026,-1.4162027,0.07807811,-1.3392966,0.72153986,-0.28376785,0.49006957,0.7221118,-0.6049229,0.3018826,-0.59271806,-0.8155775,0.6603024,0.118754074,-0.35251233,0.65428,-1.3592311,-0.24667056,0.34832367
-1.9174802,0.22767422,0.5780071,-2.4135811,0.39334425,0.52284086,-0.21310924,0.12200386,0.85507876,-0.33226085,-0.30960417,0.13350634,0.578726,1.7222881,1.6470736,-0.20322233,0.71300954,1.7291563,1.476382,0.76362723,2.307636,0.30848616,1.1185701,0.6192165,-1.1150991,0.035758935,-0.21852767,0.9948168,0.87805706,0.56003445,-0.6997399,1.991924,0.6747813,0.7462034,0.3133781,1.4837776,0.02768996,0.36272818,0.17053999,1.7200879,0.9382439,-0.029371688,-0.572039,0.75107,-1.0810958,1.6880922,-0.09111814,-0.48778963,0.21048865,0.8614603,-0.31786034,-0.23535915,-0.8050752,-0.5552068,0.35416028,-0.34810725,-0.6556198,-1.1250292,0.88642,2.2935176,0.35906735,0.23655157,1.1367949,1.1324946,0.69903255,1.0172008,0.1659073,2.0691235,0.3414441,2.1555264,0.96464103,-0.4762245,0.6368304,-0.064522475,0.2912542,1.2169018,1.1553771,0.9605408,0.11695984,0.45642158,-0.3485949,-0.6215228,-1.530409,0.2784604,-0.3733406,0.95016474,-0.6944982,0.17219096,1.4891815,-0.77867824,-0.5978752,-0.79551184,-0.06419845,-0.65995824,-0.5460418,-0.95677257,0.5279746,-1.0964208,-0.27850145,0.20990406
-1.187124,0.19315161,0.097296454,-1.1291312,-1.460448,-1.7907274,-0.6487237,0.011532551,-0.63078254,2.4515505,0.79585195,2.3038154,0.346334,-2.9030128,-2.3514647,0.98387855,-0.94875693,-1.9425633,-2.3405871,-2.2398882,-0.23017326,-2.1645496,-2.8095634,-0.461729,2.3581483,1.6889143,0.9647917,1.9893453,0.7021341,-0.2158707,1.0097904,0.26225367,-1.510313,-2.5820432,-2.1437106,-2.4461699,-0.21111408,-1.0287334,-2.0803761,-0.43631497,-2.0592043,-1.1792377,-1.8366238,-1.7585429,-0.46612078,-0.83915854,-1.3454926,-2.6781723,-1.6154152,-1.5090089,-1.1111968,-0.5373897,0.2064381,-2.0042505,-1.263463,-2.155466,-0.6860573,0.49794164,1.1373802,2.8139758,3.3092945,1.1298388,1.1220531,-0.53965694,0.47612712,-1.2448556,-0.030630616,0.32637316,-0.12967415,-2.1007965,0.2042668,2.2445512,0.28494054,1.2398149,2.3790503,3.1626759,1.6428112,0.43146107,1.4006687,1.068087,0.744758,-0.6952024,1.1375089,0.22222924,1.3828386,-0.82662505,0.05603236,0.44632605,-1.0872874,-1.4558072,-2.0064917,0.21431847,0.013384629,0.9737384,0.64660966,0.28341392,-0.20849398,-0.3495486,-1.7880046,-1.2114607
-0.4113924,0.2658255,0.25381508,-0.50798744,0.060740244,-1.2824224,-0.48739117,-0.5452726,-0.32145998,-0.05903874,-1.7341609,-0.7676455,-2.0046725,-1.7206225,-0.8796975,-0.83471155,-1.849173,-1.1403248,0.17014365,-2.024305,0.064317316,-2.3298407,-0.64314556,-0.15448517,1.3214837,0.34704992,-0.634112,0.30824345,-1.1114055,-1.1278677,-0.15148973,-0.9933974,0.42435554,-1.2785347,-1.6997943,-1.2713577,-1.2249205,-1.2467729,-1.9598143,-1.3043457,-1.187113,-1.6796224,-0.46417284,-0.6912069,-0.6964282,-1.6707001,-0.22222202,-0.34665865,-1.4631698,-1.3396492,-0.7431054,0.12987112,-1.3646879,-1.0966572,-0.54396087,-1.087981,-0.13841137,-0.72153974,1.3453516,0.43689653,-0.57171786,-1.105117,0.20834355,-1.2142481,-0.3225456,-0.6725748,-0.54056036,-0.3010983,-1.4670521,-0.36558673,-0.9688701,0.3294598,0.06946973,0.320511,0.47426122,1.1068015,-0.0097644795,-0.8130838,-0.27490717,-0.3664581,0.6847969,0.040711958,0.23287874,0.36253142,0.85361105,-0.69238687,0.42089063,1.8314894,-0.9620583,-0.57163423,0.34157872,0.6832039,-0.0019264144,1.2598373,-0.6017171,1.3747256,-0.58534515,-0.60401094,-1.6318682,-0.9469922
-1.6941968,0.12330953,-0.8603341,-0.6363989,-0.9435746,0.38062742,0.0049169376,0.2276412,-0.036942493,-1.1499556,-0.36918172,-1.3006505,-0.4460238,-1.8389834,-0.50984687,-0.030930774,-0.024834264,-0.31383616,-0.005680847,0.44941494,-1.0942367,0.99413705,-0.6875989,0.7663445,-0.8433326,1.2179153,-1.3207272,0.9511707,0.56567657,-0.19452024,1.396533,0.5842831,0.7798985,-0.67266256,0.2939961,0.14056593,0.72030884,0.7203301,-0.16314079,0.930109,0.56977266,-0.050020393,0.5680078,-0.5708181,0.8271738,0.43869555,-0.5531672,1.1389902,0.08604005,0.23353806,-0.21913709,-0.5182125,-1.3480109,-1.1224905,1.062678,-0.9236912,0.53211224,0.57134914,-0.871345,-1.2357116,-1.440784,-1.6440699,-1.9067361,-0.25261828,0.07222316,-0.04476614,-0.6741922,-0.16798766,-0.8599008,0.5959816,-0.30736896,-0.9960092,-0.65180504,1.0262871,-0.3132432,-0.74607253,-0.5802271,-1.5786443,0.0352757,-0.21903266,-0.09724042,0.10519828,-0.020127106,-0.77021354,0.36953926,-0.07314667,-2.1565387,-1.7580558,0.53745407,-0.017399907,-0.81517816,-0.829134,-1.4331721,0.5016552,-0.5644308,0.043706875,-0.2095211,-0.87979615,-0.14770856,0.5592785
1.8340259,0.84510064,2.285056,0.5843026,1.604219,1.8280531,1.3160303,0.91958123,1.5749853,0.029105943,-0.5973389,0.16014601,-0.18122952,1.1256762,1.1274658,2.5818806,0.6089197,1.8941956,0.4904159,2.318531,1.144007,0.28897446,1.889889,0.2744973,0.5228087,0.65972155,-0.6951756,-0.5068032,1.8229538,-0.6188469,1.9469486,0.39328015,1.5930248,0.851195,0.42921463,0.429739,-0.41917062,1.620483,-0.8299673,1.3214542,1.004728,0.45216104,1.097493,0.77565545,0.5542152,-0.6623268,-0.43824065,1.9009414,1.8177819,1.2298164,2.6832957,1.341929,1.3977293,-0.72100127,1.8794627,2.251459,1.2717804,0.7083392,-0.30517375,0.6085872,0.6785163,0.8948608,0.18988504,0.73520714,1.4915466,-0.09300319,2.2348952,0.08008816,2.4137433,1.7269841,1.1205419,0.8103736,0.1436237,0.8478578,-0.5412687,-0.16950713,0.802354,-0.39934367,1.6582376,1.1664665,0.3411301,1.0770365,0.15453969,0.09459369,-0.18361473,-0.14361836,0.9831061,0.76795393,2.0005145,0.707608,1.2486838,1.3655391,0.05756197,-0.26965746,-0.677981,0.92961097,-0.14380686,3.0378265,1.7680864,1.5497638
3.671389,0.013861322,0.03971753,1.6934224,-0.9038978,2.123622,-0.48978785,0.99696594,0.41807973,0.3575655,0.54052436,1.6563282,-1.1289636,0.22647052,-0.42084348,1.30937,-0.019406391,-0.17114766,-1.856933,1.5674956,-0.7785316,-0.6148807,0.28496647,-0.700451,-0.6264961,0.2823295,-2.0141368,-0.35180488,0.14726482,-0.92351615,0.25511816,0.41941985,-0.67835027,-0.25032082,0.39572957,0.43942538,0.7226701,0.6014266,-1.3089708,0.4517167,0.45536035,0.085208684,-0.7745096,1.1108308,1.4005772,-1.2072519,-2.03672,1.5479773,1.9945396,0.48585296,1.8375496,0.33675018,-1.6494066,-0.63891625,1.2744898,0.9445358,0.4881812,0.46099845,0.19142245,-0.52772516,0.117011376,0.26671737,-0.477056,1.3362026,0.62265676,0.7613711,2.6749375,0.20065232,-0.6296041,-0.5434841,0.55328953,-0.10399219,1.3158252,1.2187228,-0.44064996,-0.41574013,-0.41826442,-0.88550836,0.23360746,0.2831377,-0.9780125,0.72173727,1.4441147,-0.19766611,-0.8987441,0.83200914,-0.41950765,0.2968852,0.43084323,0.72467196,0.35841146,0.86128867,0.68083495,0.7497012,-0.40797207,1.2541649,-0.18062118,0.994712,2.0057442,1.7367934
2.0892596,0.29283047,1.2493609,-0.88294154,0.032901365,1.190477,0.63060457,0.61053914,0.19368882,-0.032304704,-0.13713107,-0.06534106,-1.4645854,-0.6553468,-2.1267486,0.76055473,-2.1193745,0.17697236,0.24691617,-0.5950468,0.58054286,-1.3184233,-0.15955377,-1.6493936,0.3574029,-1.0798928,-2.2537806,-1.438251,-0.8759266,-2.5216637,0.0056021204,-2.3543003,-0.16609485,-0.50876147,-1.2846178,-0.61931956,0.088978626,-0.48169842,-0.40934926,-1.5862553,0.21965522,-0.24471235,-1.1276765,-0.05881986,-0.8832646,-1.6490636,-1.3630137,-0.11743387,1.3179811,-0.2939242,0.7406271,-0.39665738,-0.36808947,0.03889925,0.6295576,0.018444626,1.352891,-0.3969434,-0.9775862,-0.5056405,0.42946452,0.87617487,-1.4527051,-0.48401004,-1.557857,-0.20581006,0.715324,-0.093106076,-0.43078098,-1.2932755,-0.4084703,-0.5447523,0.16584183,-1.8829819,-0.7568949,-0.5332718,-1.524488,-0.5378906,0.47959355,-1.9911873,0.041358195,1.2918805,0.90368485,0.541215,-0.42183867,-0.03161795,-1.5533732,0.5793082,-0.056572795,0.32785982,-1.9080117,-2.2660866,-2.0003068,-0.6466778,-1.194314,0.93731755,-0.46756434,1.2653822,0.62589467,0.52914983
-0.18777654,1.3942548,0.55573934,1.372938,2.1038387,1.3355212,1.2984809,-0.054911517,1.8400369,-0.28430384,0.29291543,0.051682457,0.025273059,0.23436692,0.6572076,-0.020729292,0.17011577,-0.21359757,0.7322431,1.604344,0.33165407,-2.1535828,-0.9858864,-0.62954724,-1.151911,0.23035899,-1.8049114,-1.4247254,0.8357188,-1.3293637,-0.44721293,0.44718435,-0.8470656,-1.0392689,-0.7515451,0.057428844,-1.298645,-0.99404716,-0.5059003,-0.4829371,0.13392715,-1.0797085,-0.9387609,0.3214345,-0.9148381,-1.181406,-0.58905697,-0.29902017,0.9023505,-0.3145885,-0.37959272,0.9306814,0.091633305,0.87567246,1.1804355,0.8608371,0.9625792,0.4541961,-0.18399528,-0.10605162,0.45462,-0.40443823,1.7358732,-0.2511859,0.7620802,-0.09868187,0.27419683,-0.18993294,-0.32669103,0.28596428,-0.8060085,0.48770338,0.33028865,-0.5658779,-0.5385707,0.31191275,0.03463236,1.4831101,-0.037962418,-0.15424918,0.117345355,1.0121057,0.5065411,-0.30320823,0.71192074,0.59391814,0.44743538,-1.1223097,0.453649,1.2486521,1.3126376,-1.2738171,-0.7970836,-0.26580492,-1.3731638,0.9592445,0.9656888,1.4487494,0.57290584,1.1249729
-0.7007059,-1.1006398,-0.7822924,-0.1967307,-0.66828287,0.6809979,-0.13453557,-0.42025656,0.04306012,0.08821845,0.16960317,0.020354107,0.5003599,0.35286587,-1.2049196,-0.16437154,0.2889877,-1.1162854,0.44354874,-0.51352096,-2.0407264,-0.902589,-0.2831414,-0.4847175,-1.0501169,-0.3729168,-0.76908875,-0.40356365,-1.1062028,0.29219094,0.1815092,1.1590847,-1.1596032,-1.5252371,-1.2101028,-0.7462569,-1.39151,0.78142977,2.2137063,1.2622895,-0.563448,0.46592456,-0.11236263,-0.38177183,0.6496106,-0.5362899,0.5064719,0.38865563,-0.13478954,-0.36791387,-1.4880699,-0.45310512,-0.52186775,0.13673717,-0.33045456,-0.20831272,-0.117824316,-1.1385704,-0.6522208,-1.3109545,-0.8431425,-2.2265236,-0.21525653,-0.59876615,-1.6063045,-0.51191574,-1.159277,-0.5336154,-0.71435547,-1.8819947,-2.2167242,-0.6397607,-1.7814682,-0.09405118,-0.82657033,-0.10376242,0.25516212,-0.2971663,-0.3934438,0.64741606,-1.6383324,-0.88171685,-0.5146885,-0.80067194,-0.55314153,-1.23356,1.7857254,-0.7655385,-0.2839407,0.43860477,-0.049696326,-0.017968874,0.38679036,-0.46771175,-0.9716417,-0.38337427,-0.6005057,-1.1632344,-0.382669,0.3352703
0.56264716,1.1099513,0.12746434,1.0233306,0.10035619,0.12811007,2.6385682,2.4821317,1.2910165,0.17709078,-0.26507854,-0.2203818,0.23188567,0.34831366,0.85001594,0.9733345,-0.020775191,0.040950224,0.802874,-0.12101487,0.9739241,-0.8790376,-0.22638494,-1.3876771,-0.9842859,-0.84172976,-0.05242921,-0.30306408,-1.6443993,1.7100096,-1.402827,1.2175379,-1.7885097,-1.6794684,-1.7058928,0.16385765,-0.34393346,0.6791358,-0.8768948,1.5211805,-1.3511457,0.04568213,-1.674051,-0.8893005,0.6555955,-1.3471279,-0.9847209,-0.7596397,-1.0096151,-0.743245,0.81507176,2.4435616,0.8796967,0.8682427,0.81701124,0.89752793,0.34157693,-0.2631899,-0.4673162,0.2658075,0.035747252,-0.63727456,-0.2995402,0.8353411,0.9855763,1.4323057,-0.96384037,0.15269758,0.30190387,0.30674618,0.070794314,-1.0962255,0.2970405,0.35870275,-0.032744072,-0.16564399,-0.14639507,1.5177001,1.8233329,0.7913499,-0.40673319,-0.747517,1.4049889,-0.35796532,-0.012995893,-0.7791178,0.3779782,-1.4945236,-0.32218593,-0.77396876,0.8192034,0.9496831,0.77338225,-0.33917302,0.47205335,0.38342434,-0.6887663,-0.87742645,-0.5738985,-0.4551755
-0.36047655,-0.072128125,-0.21623969,0.5448854,-0.045900907,-0.4113471,0.14326634,0.21672697,0.8295109,0.23648243,0.24433677,-1.2291259,-0.09846043,0.7591046,0.2885144,-0.46428728,0.074981436,-1.5447637,-0.19018334,-0.9189165,-0.9244357,0.31034797,0.8119758,0.7226246,1.6574848,0.22820237,0.056278445,-0.4856383,-1.1253886,1.1067896,-0.59853566,-0.7401955,-0.59065723,-0.7991857,-0.43700168,-0.5980079,0.38179225,-0.56050867,-1.615432,-1.1944073,-1.1529809,-0.86520225,0.27678013,-1.7532289,1.2143505,-1.1611838,0.7539321,-0.86998224,-0.9862533,-1.6323453,-0.7763046,-0.15366489,0.5142211,0.1868208,-0.47200593,-0.34743223,0.78324753,-0.008209089,0.5843131,-0.012323415,1.3066609,-0.76576805,1.5116884,0.0845908,-0.7150981,0.8554185,-0.49940866,-0.89208674,-1.2735014,-1.2458891,1.6481704,-1.0186294,0.7755287,-1.3083496,0.4932992,0.005444926,-0.48274478,-0.27468854,0.005041713,-1.289595,0.5606807,-0.97057897,1.2216996,-0.15130378,2.075776,0.2399437,0.6159399,0.2749192,-0.45236176,-1.2173054,-0.4638178,-1.1812905,-1.2697387,-0.5519041,-1.362429,-1.2050617,-1.3151883,-0.9242999,-0.53192,-1.017272
-0.16038834,1.040334,1.0006745,0.7248628,0.5624033,0.09121439,1.4947109,-0.4351468,0.5841645,0.1179791,-0.5961013,0.05856886,-1.0096341,-0.5095738,-1.2224804,-0.28453255,-0.88836604,-2.6055465,-1.5628405,-1.2985476,0.19486889,-1.8326854,-1.577515,-0.6245587,0.4297128,-0.34359464,-0.46271476,-0.857503,-0.97437996,-0.058630414,0.23175932,-0.42908657,-0.8228595,-1.2198402,-1.1022089,-2.2760406,0.073792264,-1.0027273,0.57070804,-1.149648,-1.6801021,1.6079524,-0.27319792,-0.23383549,-0.026355995,-1.009311,-1.5186619,-0.9628261,-0.43080667,-1.3381922,-1.2974808,0.41632825,-0.20198125,1.8235934,-0.57858235,0.07687672,-0.39563736,-0.056693383,-0.90676945,0.744751,0.53159726,0.22763243,0.36007178,-0.105853826,-0.6190123,0.6421292,-1.2218043,-0.9716663,-0.9844331,-1.8167204,0.0983459,-0.39015415,-0.20866886,-0.14458178,0.4886527,0.15203443,-0.34331682,0.44543672,-0.93461263,-0.40275913,-0.11664432,-1.1358557,0.4840642,0.16944325,1.8138828,0.08466745,0.340855,0.0335477,-0.58473605,-0.45704177,0.022731699,1.0405276,0.45853248,1.1838876,1.4335964,0.70564955,-1.0054808,-0.11482293,-0.26898912,-1.2988826
-0.6612267,-0.8311396,-0.52584064,-0.63054264,-0.3409052,0.042272825,-0.7953424,0.17225027,0.3209172,-0.03847543,-0.008670411,0.28240025,-0.22025526,0.37161613,1.8658309,-0.9015548,-0.21946424,-1.0139697,-0.7937894,-1.3634164,0.9896463,0.25927874,-0.8992672,-0.19979249,-0.20110376,0.9907351,-1.6712738,-1.0714072,-0.428641,0.0023173308,-1.3330745,-0.90516615,-0.0055685267,-0.06644993,-0.41778824,-0.57330877,0.014849821,0.265378,0.57741857,-0.9618867,-0.22667506,-0.8240417,-0.623216,-0.33004916,-0.5922318,-0.23402503,0.65575606,-0.12244744,-0.25224948,-0.24111232,-1.5870457,-0.3659203,-0.90686107,-0.4611867,-0.5233883,-0.74095577,0.6283026,-1.0898281,-1.1835083,0.3408634,0.021784887,-1.833146,-1.6301664,-0.33136567,-0.2585262,1.1595305,-0.8395591,-0.78526413,-1.5736018,-1.0983087,-0.8697095,-0.41827047,-0.9769082,-1.4811158,-0.102592036,0.23784645,-0.22843975,-0.034074116,-0.29154122,-1.490157,0.13490853,-0.99875057,-0.32507253,-0.91641694,1.0948092,-0.3537347,-0.24344136,-0.7619807,-2.1851532,-0.57348824,-1.2763302,0.34885755,-1.6957196,-1.3267096,0.33934823,-0.81060505,-0.85421443,-0.15984492,-1.1833981,-0.77846014
0.61954033,1.3027246,1.9747359,0.17591807,1.05019,-0.19878249,0.38163686,0.15809959,0.38613868,1.043533,0.19694124,0.973553,1.8906809,-0.43319073,-0.11761046,0.14615457,1.2540501,0.439466,1.2269288,-1.9600649,-0.22217885,0.71640944,-0.23239341,1.8090641,0.7897753,0.3872215,1.2224653,1.643929,1.3638897,1.0946946,-0.0018459614,0.79984456,0.16966565,0.91445637,1.2728003,0.93865937,0.907075,-1.2952316,0.68339133,-0.4675,0.65287554,-1.4220252,0.47959203,-0.80623215,1.3699709,-0.8129701,0.09733972,-0.25051367,-0.20013706,-0.31459332,0.5561172,0.8071048,2.4597638,0.0044609345,-0.59835744,0.42471743,0.51440585,0.4881157,0.590639,1.0864818,1.4021897,0.8774749,0.18729776,0.79561305,-0.3730609,0.67737126,0.9575042,0.12840058,2.615376,0.3142786,-0.15277968,1.1904505,1.6231471,0.9319961,1.827353,1.2201495,1.2471148,1.2936662,0.27254996,0.9969739,1.4492135,1.6279579,2.0552578,0.7003128,0.47403535,0.44759426,1.7210689,0.76044416,-0.8576518,0.3799577,1.2562335,1.2997131,0.86068994,1.2458451,0.85664326,-0.13757369,0.13270058,0.2088764,-0.03312091,0.63480836
-0.15902954,-0.42493314,-0.8418329,2.1887412,0.029224185,-1.1577109,0.71347475,-1.3469235,-1.7232922,0.3624371,0.84614664,-0.63789654,0.3679184,0.8550184,-0.45814618,0.32725537,-1.0741049,0.8560863,0.019663682,-0.40414035,0.28134403,-1.0567863,-0.21342076,0.70085037,-0.17710544,-0.58212274,0.59511137,0.2939483,-0.29581553,0.7814079,0.16126035,-1.5100251,-0.61369723,-0.42953527,0.15585843,-1.1754457,-1.255949,-1.9097805,-1.0074483,-1.223159,-0.9524695,0.54597247,-0.3543805,-2.1022918,1.1079133,-1.3485725,-0.4185678,-2.6823156,-1.8140963,-1.8421214,0.19667758,-0.44724542,-0.19332947,0.25550744,-2.2057962,-0.9982342,0.5634741,-1.7468681,0.1776689,-0.93259436,-1.5252562,-1.3420377,0.7191755,-1.9616116,1.4500617,-0.54170203,0.17257869,-0.40021744,-1.306136,0.3730206,0.80235445,-0.37921178,-0.113378726,-1.1237968,0.5095656,0.35061538,0.41350663,-0.057444755,-1.0788035,-0.53061587,1.5929623,-0.58589864,-0.5519331,0.5311548,0.09218079,0.2937652,0.8113373,-2.3976831,0.35804278,-1.5809616,-1.5180299,0.44294357,-0.5658318,0.07966285,-0.48402554,-0.2156088,-1.2227768,-0.7250836,-0.9529915,-1.6659791
0.3073279,-0.16884708,0.39422962,-0.221751,1.0526408,0.34939495,0.092495546,-0.3742745,0.7589539,1.4356427,0.4049434,0.9551197,1.4587092,0.1625649,1.1667032,0.7394932,0.22649536,0.5360441,-0.46108353,-0.6242492,1.0335051,1.1786777,1.9942145,1.2879431,1.4481901,0.91983384,0.96313035,1.569347,-0.024238676,1.3696172,0.58121026,0.5502795,-0.012898647,1.0801678,0.4626757,-0.049443234,1.6127921,0.2796906,1.5537136,1.179807,-0.35656464,0.69842863,0.76312125,-0.66405195,1.1548002,-1.1068119,0.26092845,0.48779422,-0.27816537,-0.4525923,0.6835958,0.5477241,1.8413893,0.3411593,-0.19680184,0.18804517,0.6904583,1.1000508,0.75337714,2.3350155,0.92586154,0.82448626,0.5561435,1.7782035,0.8867005,0.22163516,0.31526026,1.0234878,0.91670185,-0.0731114,1.177212,1.601156,2.4312005,0.8548883,1.6603518,1.2078041,1.5428804,0.4511091,0.20024078,1.166648,1.2086666,-0.7246141,0.81460285,0.77006793,0.36985952,-1.0143404,2.3643568,0.7581064,-0.7462115,-0.9531451,-0.38077375,2.1085274,1.3257029,0.6096155,0.46014965,0.032060426,0.017852753,0.76213866,-0.94289017,-0.2682644
-0.10949105,-0.2518901,0.04156848,0.21851148,-1.162864,-0.08127321,0.50187993,0.9351443,1.480108,-0.053234726,0.035225734,-0.5962289,0.39974645,1.0455967,0.09058838,-0.90732545,0.14066632,0.6231535,-0.32137138,-0.5042712,-0.124255545,-0.12507854,0.373172,0.40382546,-0.2488537,0.6769803,1.0220205,-0.9530341,-0.2014847,0.3985786,0.5413091,-0.09019911,0.74608636,0.72325236,0.77954453,-0.17062749,0.05763417,0.18003486,0.1905025,0.7393585,0.21381119,0.4500407,1.5649815,-0.11349994,2.8452926,0.009332927,1.7040066,0.89344144,-0.26145718,-0.11883284,-1.0696328,-0.6745863,-1.3467624,-0.56579554,-0.10363905,-0.008666409,1.934792,2.4722798,-0.54780406,-1.0017272,-0.5413351,-0.8787132,0.016731879,1.4085276,-0.9480263,0.06145586,-1.0187459,-0.45295265,0.4627131,0.107989445,-0.1517102,0.3806498,-0.39550486,0.23608668,-0.096967176,-0.74014395,-1.1266733,-1.4147725,0.22750016,-1.0894287,0.8058187,-0.2093356,0.42901048,-0.5344511,-0.66865546,0.22679935,-0.12940618,1.1418458,-0.20719905,0.38965997,-1.0537663,-0.75292367,-1.8899655,-0.72692907,0.5199715,0.0455052,0.040053945,-0.7065043,-1.0057312,-0.32264575
0.23123184,0.77923805,-0.23152609,-1.6279507,1.3611434,1.0266478,0.049692802,0.4985144,1.1207231,1.2586048,1.1041033,2.1881413,1.9014964,1.364745,1.3402048,0.28768143,1.4518996,1.555728,0.096457355,1.10343,0.2654178,1.2709298,1.9278833,0.71801704,1.8881351,1.2510308,0.12893876,1.1987267,0.016224338,1.3987957,0.58884966,0.84817415,-0.30980358,1.3348938,1.1242386,0.50368124,0.62457967,0.7630863,1.006604,0.9320745,1.1781065,0.8162122,1.1572237,0.6021036,0.61867756,0.8949334,1.3169731,1.3853306,0.16108352,1.351882,1.3894699,0.6452975,1.8542956,0.106039025,0.40577668,-0.3960781,-0.4089442,0.080495015,2.299083,-0.11402183,1.2116345,0.2786133,1.3251208,1.9517848,0.63931495,-1.0916115,-0.040744442,0.8513235,0.61623174,0.26710626,-1.2513835,0.26269042,0.24833323,1.5359842,0.4606277,0.8787176,2.5156636,1.2400254,0.11654973,0.2723047,0.3237634,0.036377423,1.8446305,1.6658638,0.084798686,-0.2249247,1.4622265,-0.31115502,-0.44898316,0.5130505,-0.03294408,0.19697195,0.4804355,-0.37988338,-0.1394604,0.5379259,-0.53725296,-1.1742873,0.5054872,0.93564576
0.83475983,-0.1277098,0.49399596,-0.35188308,0.34473774,-0.53147775,0.40924266,-1.1327264,-1.1815548,-0.14540598,-0.5793538,-0.013063806,-0.2992418,0.45157394,0.25445494,1.0112159,-0.39566496,-0.040688843,0.060959574,1.2342304,0.22753109,-0.22120695,0.6648313,-0.251046,-1.2627783,-0.3273225,0.019199602,-0.50719213,1.1519469,1.0404204,0.492661,-0.33090907,-0.38159642,0.87059295,-0.30336398,-0.97229904,-1.1912946,-1.2400341,-0.9598158,-0.3103943,-0.559316,-0.3544021,0.34304336,-0.7331821,-1.2413281,-1.2383697,-2.1243782,-0.46842664,-0.5066838,-0.60856706,0.46318018,0.14658488,0.74217814,0.21314403,-0.45702478,-0.9508173,-1.6632994,-0.91919833,0.4589267,-0.4582016,-0.35366288,-0.59756213,-0.9901766,0.8718701,-0.32640588,0.45301408,-0.06492364,0.5651312,-0.4085127,-0.025329355,-0.039491247,-0.3396712,-0.06479383,-0.9588434,0.13374202,-1.0715791,0.27810457,-0.65767866,-1.1630044,-0.35443404,-0.9876464,-0.6544776,-0.6465176,0.07737133,-1.4757884,-0.32409996,-0.25655824,-0.55978096,0.2623527,-1.5782185,0.36238864,0.061477825,-0.13419858,-0.4363374,-1.3559781,-1.0986092,-1.2699684,-0.5518957,-0.3784316,0.24241963
-0.17670466,0.1441431,1.9598631,-1.5886179,0.3707413,-0.2488092,0.06512377,0.2286448,-1.3296157,-0.5164626,-0.52842766,0.13615038,0.34688026,-0.013540265,-0.7564922,1.2287325,1.4015303,1.4362739,0.48151407,1.0899402,0.074927606,2.4031582,1.2226152,1.8058784,0.2798274,0.20801218,0.42968184,0.4281583,0.79526967,0.8888117,-0.4751172,-0.22210266,1.4610541,1.5905693,1.2263021,0.82380295,-0.6563355,0.57329327,2.100372,1.2117292,0.34208906,-0.019305915,1.402029,-0.24019256,-0.8777588,1.1584256,0.059155498,-0.029517341,-0.62166905,-0.5023579,0.048278183,0.86087316,0.33402887,0.2664796,-0.07885071,-1.1857167,-0.32876202,-0.19864309,0.057608403,0.5174328,-1.648136,-0.24307194,0.14731812,0.29869193,1.213389,-1.1507418,-0.03596874,-0.33610883,0.61457294,0.91172796,1.414544,1.14782,0.25375843,-0.8498692,0.92938244,0.25253066,-0.2713526,-0.018109718,-0.07728507,0.21485823,-0.4708686,-1.2956865,-1.6703162,-0.7533107,-0.48865274,-0.047449205,0.09725281,0.49919635,0.96438015,-1.4165838,-0.6177716,0.34567305,0.18951273,0.13951798,0.44598418,-0.95386255,-0.05497065,-1.6501883,-1.0278,-0.8251293
-0.51612836,-0.022427281,-0.050799944,0.85019267,0.33874592,1.5321796,0.26100406,-0.36500293,-1.5109183,0.3848776,2.190298,0.9002931,-0.35604832,0.9737184,-0.7402254,0.74833226,0.2638873,-0.47991723,0.5632918,0.3234347,-0.22083011,-0.66718274,-0.4973392,-1.0717343,0.15366669,-0.048381314,-0.73073244,-0.6921097,-0.84931046,-1.7206773,-0.06617939,-0.30849397,-0.6923336,0.82293206,-0.2339517,0.80968887,-0.78660434,-1.5232095,-0.78958935,-0.16113463,0.73204553,0.011250752,-1.0686365,1.5142531,-1.7328134,0.2448989,-0.1636268,0.44945276,1.6264563,1.2535067,-0.38234395,-0.2556739,0.13579196,1.436346,0.43366426,0.46993777,0.029922983,0.23910283,0.7891346,1.7381591,-0.03673567,0.42746165,-1.7752597,0.8598817,0.2884758,-0.13015826,1.1579679,-0.61556953,0.51546985,-0.26823065,-0.77024025,-6.641341e-05,-0.25601545,-0.31321174,0.13622457,-0.4626707,0.1872886,0.52978736,0.12567668,-1.1566821,-0.67862684,0.82981694,0.18098591,0.018955112,-1.078769,0.93048424,0.9095692,0.59573376,-0.3141912,0.71644413,1.5696318,-1.3469328,-0.64621365,0.87329674,-1.4120134,0.56923246,-0.1485211,1.7931465,1.5069714,1.4541647
1.3963931,-1.6335998,-0.4001751,1.4540699,0.11551903,-0.21250014,0.28708553,0.53124535,-0.36305994,0.053536896,0.71386707,0.43844703,-0.47039992,-0.29869226,-1.0481538,0.04857899,0.5400568,0.4591095,-1.2422009,0.96526855,0.48288453,1.0439702,-0.014741336,-0.28456023,0.08597793,0.2602864,-0.0037270566,0.9551019,-0.08192871,0.5268467,-0.06964451,-0.55736476,-0.26919973,-0.12131262,0.3431436,0.081436925,-0.09302245,1.2573152,-0.5801757,0.016650954,-0.1383596,1.0525857,-0.18319885,0.3078312,-1.5390236,-0.119043835,-1.1235577,-0.028311849,1.1225054,-0.4983429,0.18215582,-0.1535734,1.0485436,0.07266644,0.12653476,0.0027128297,1.3850093,-0.29570287,0.4472815,0.8740075,1.5905985,0.10984067,-1.214233,-1.1630648,-0.0111781405,-0.8595151,1.0679644,0.0076635587,0.034739725,0.9382694,0.63168186,0.46551734,0.61765206,0.32920328,0.6200766,0.20335111,0.9704656,0.11505586,0.5714568,-0.3615634,-0.3614072,0.26818067,-1.3356376,-0.26067653,0.2529709,-1.3562714,-0.9296139,0.24757214,-0.42543426,-0.37964004,0.004907882,0.12317889,0.5016984,-0.41949162,0.57240915,1.0358232,-0.6348057,0.6377903,1.4598745,-0.55061775
-0.09485945,-1.1934186,-0.75927615,0.32780698,-1.946905,-1.8036114,-1.5225807,-1.0777934,-2.0630717,-0.4340962,-1.7544327,-1.508362,-1.9100999,-0.9432716,-0.65922093,-0.60258067,-1.3982761,-1.0668511,-2.2790897,0.10160271,1.0464531,-1.1258316,-1.3233694,-0.21897784,0.18790984,-0.6365941,-0.94704896,-2.3981621,-2.4974823,-1.5744598,-0.28467935,-1.2927344,-0.3961935,-1.8144146,-1.2323793,-0.49333572,-0.41017562,-3.506515,-0.8729069,-2.0914376,-1.4164009,0.0578,-1.8159556,0.22747569,-1.4229001,-0.6180877,0.5877078,-0.0756758,-0.8083272,-1.3595107,-1.8114325,-1.9495672,-0.9806104,-0.7853473,-1.6740601,-2.0974064,-1.5071836,-1.0843558,-0.36843053,-0.86695594,-0.6932889,-0.9681465,-1.4424709,-0.7494286,-0.9120495,-0.398425,-0.39778277,-0.15977234,-2.4168742,0.03559174,0.07685454,-0.7727317,-1.2377034,-0.7738481,-1.2352438,-0.60778177,-1.9774662,-1.4175175,-1.3717581,-2.1466987,-0.92498016,-1.6496581,-2.335368,-1.530747,-0.09229027,-0.3889543,-1.5439947,-0.4561577,0.18484381,-1.0004967,-1.9879367,-2.0655477,-1.7937912,-0.29904073,0.14782688,0.6419859,-0.8114722,0.45667154,0.0721011,-1.367113
-1.1749076,0.08410226,0.5469701,-1.1115358,1.3997939,-1.3797477,0.8251398,1.2850541,0.7545839,0.9109418,-0.42860726,1.2288678,0.2855254,0.73984146,-0.35182583,0.552329,0.25013235,0.67384565,0.94543535,-0.12984821,-1.2892151,0.5227815,0.32621795,0.16050325,-0.007901238,0.98584366,1.3362594,-0.021828013,0.19183026,0.68485916,0.3660929,0.91352564,0.476286,0.707484,-0.13659813,-0.0070117656,0.12498885,-0.46504238,0.28090534,0.34550977,-0.26503527,-0.12507617,1.0157177,-0.9948975,0.7149104,-1.1405832,0.41164604,-0.9816736,-0.9190644,-0.745767,-0.20329046,0.7055344,0.13022372,-0.65814674,-0.8522369,-0.24511991,-0.29276118,0.7058822,-0.41914287,0.021013206,-0.604943,-0.042330652,0.57780755,-0.31420732,0.17305353,-0.053354193,-1.1871758,0.38446352,0.8169344,0.89025855,-1.121824,0.56348896,-1.0502737,0.16805427,0.9230567,1.0659962,0.27666292,-0.4158115,0.92067295,-0.094292134,0.7616279,-0.16253279,1.3406644,0.25627238,0.7142972,-1.0203308,-0.052665982,-0.77295434,0.03276542,-0.8915138,0.060939785,1.0932962,0.13715269,0.17575298,-0.6847244,-1.169605,-1.1934083,-0.8159372,-0.75717545,-1.2268553
-0.00217858,0.34439346,0.41424465,-0.20471537,0.033699594,0.36058345,0.3732986,-0.062136933,0.5901031,0.08710465,-0.4769199,-1.1331186,0.11699886,0.6496801,-1.0346758,0.5467864,-0.79985195,-0.10052758,-0.5198122,0.3508111,0.21133012,-0.9406269,1.3727181,0.5262995,-0.45115924,-0.6720534,0.6752626,-0.23733562,-0.30367392,0.8333047,0.42438415,-0.580679,1.0373361,-0.56608456,-0.4400268,0.29258627,1.9057989,0.37511435,0.015380002,0.53611064,0.19634971,0.32970542,0.23193431,-1.5975274,2.345173,-0.3475575,2.5140402,-0.22361177,-0.100922495,0.45904338,0.32631713,1.542185,-0.3128937,0.65042484,-0.28719994,0.8519015,0.54822695,-0.24018213,-1.2053901,-0.5476456,-1.301423,0.23138615,0.24066252,1.1674786,0.3479156,0.71386826,-1.0671309,1.0163206,1.0300062,1.0370475,0.52179056,-0.44128236,-0.25881678,0.14594975,-0.0124937445,-0.44509497,0.38488173,0.22732581,-0.19662017,-0.88724166,0.7484992,-1.1773119,0.0946696,-0.84165204,0.8025349,-0.5788353,1.353734,0.25591764,0.47902635,0.5382759,-0.96112067,-0.39940873,-0.5166976,-2.0161934,-0.57041955,-1.5537179,-2.5380192,-1.0663483,-0.017173605,-0.45235553
-0.042958654,-0.26266456,-0.40823537,1.1427298,0.124204636,0.47783104,-0.31318685,1.5454835,1.1624012,2.2592041,2.7116408,3.4844658,2.6343296,0.49114847,-0.1951726,0.75253284,2.1408215,0.12563284,0.4197069,-0.5330149,0.3409354,2.4496143,2.0398095,1.3751311,2.9911914,3.2972355,0.1699506,1.8607627,1.3090942,1.4488368,1.6861281,1.6401817,1.1559486,0.96634424,0.41689745,0.20628352,1.1462142,-0.030558879,0.38509446,0.20634773,0.6952106,0.51741314,0.44065493,-0.33175313,0.30225727,-0.73131216,-0.13553919,0.36518583,0.17780367,0.546308,-0.14494298,0.892949,0.697065,0.0052891127,1.4583724,-1.2738687,0.41475382,0.9154573,2.8534064,1.905855,2.3970244,2.5019917,1.9188354,0.39203328,-0.689018,1.6045824,0.66730356,0.37416342,0.09213137,0.62289137,-0.1349362,1.4609163,0.7401054,1.5010852,2.2420883,3.4770796,2.631016,2.0346525,2.18543,0.25037637,0.8611184,0.8326804,1.5236659,1.1984808,0.09310123,0.69687676,0.9643685,0.2760132,0.6021034,0.028015196,0.3639908,1.2375664,2.254932,0.7469309,0.8029568,-0.5495669,0.10007816,-0.028890293,-0.81801987,-0.23045526
-1.0955956,-0.4356738,0.512582,0.1588435,-0.10131498,-0.38193655,-1.1381083,-0.69286734,0.99315983,0.41378164,-0.8357186,0.4467098,-0.24231716,-0.23659131,-0.76003027,-1.3618866,-0.6317484,-1.6161855,-0.21577322,-2.4745452,-1.3597631,-0.7395875,-1.4265844,-0.16613534,1.1272526,0.9519464,0.4720313,0.6380415,0.18015972,1.0058225,-0.060492888,-0.29384458,-0.95583093,-1.4690459,-0.47375998,-1.5617441,0.33814868,-0.20729344,-0.41490015,0.049386796,-1.1348885,-0.61300856,-0.96610934,0.12556417,-0.30833882,-0.95342183,-1.0691212,-0.96735567,-0.08402911,-0.49966893,0.44971064,-0.92591953,-0.8498304,-1.1547472,-2.1905036,-0.6608541,-0.39968836,0.05466956,0.7306824,1.8930515,-0.086581305,0.35331637,0.12015808,0.78237647,-0.11351287,0.72430205,-0.7391161,-1.6142254,-0.5789292,-0.9761611,-1.0440168,-1.123386,0.3379022,-0.80034417,0.37171438,0.4305347,0.14693013,-0.036284048,-0.82110596,0.17620073,-1.1755718,-0.683598,0.06635814,-0.4435709,0.74992937,0.34225184,-0.51182353,-0.51634574,-0.47901616,-0.11698207,-0.9455017,0.13092127,0.13652168,-1.2583132,1.1735127,-1.1865726,-0.31061184,-0.012352624,-0.31546867,-0.38018924
1.467896,0.13527621,0.81524533,-1.9138294,1.078844,0.88684076,-0.32755038,1.0007845,1.4925861,-1.3248672,0.36621717,-0.37499925,-1.1218596,0.13465531,0.50176615,-0.0058110054,0.38119277,-0.22089754,-0.41995662,0.36967614,-0.42290998,-0.2791662,-0.29912135,-0.14923371,-1.3232998,-0.9709118,0.7663413,-1.2025993,0.54222524,-0.40087897,-0.762835,2.4857118,-0.99250424,-0.24722557,-0.32678798,0.9364653,1.0845451,1.1752659,0.94840425,1.7959449,0.31527692,-0.9616275,-0.47093976,0.87716955,1.128709,0.74530286,0.594064,-0.91993827,1.6013582,1.5524775,1.1855184,1.2782558,0.20051843,-0.6503281,0.71383333,1.8435739,1.3599725,2.8691137,-0.60480565,0.2285969,0.26788634,-0.54674906,0.48952997,0.56673855,-0.16773996,0.8669451,1.0099212,-0.5092624,1.0568312,0.09346644,0.26469272,0.7294456,1.5907615,2.4733152,-0.5893854,-0.5931564,-0.22482759,-0.65278417,0.095735304,2.401382,0.09100305,0.92730457,0.115948476,-0.44713336,0.36607254,0.46933952,1.4195672,0.124770954,1.0048486,2.3323977,1.7694274,0.2766643,0.8800589,0.74315536,0.52253973,0.9211784,1.3717302,0.99360514,0.58290625,1.6287079
-0.11497582,0.10057454,-0.4909038,1.7735398,2.3596387,0.7067216,-0.29751056,0.36891884,0.47543988,1.6603178,1.7749561,0.7663047,1.3031329,1.7144,2.47004,-0.13103074,0.48789155,0.50992256,-0.34717318,0.712733,0.5162721,1.4643879,0.6354554,0.97251683,0.16418706,0.46652374,0.67238224,0.8857876,0.5043191,1.1245185,-0.32614833,2.2894742,1.6810404,1.1423913,1.6600814,1.2604657,2.870586,1.2718796,1.3715909,1.8106979,2.4396005,0.12443778,1.3884497,2.3788679,1.5426162,1.2386489,2.9530435,2.230372,0.6574716,2.3124685,1.0466616,0.26956153,0.24407654,2.696925,1.6070658,1.5188329,0.8930092,0.833716,1.6753697,-0.27505216,0.82633156,0.8427252,1.5142595,1.5291659,0.59394574,3.5770202,1.1589429,1.2360564,2.1665292,0.7515155,-0.15200742,0.17503522,1.1793803,1.4090818,0.58765435,1.1352466,0.7801424,1.363325,-0.0105012795,1.097077,2.2691505,2.174858,1.3702962,2.25701,-0.028070726,1.5114195,2.0505557,1.2583321,1.1946124,2.9272287,1.9408991,0.7719438,1.9783751,0.4547401,0.6006653,1.5499483,1.6317483,1.3756799,0.38863683,1.7790929
0.20230667,2.1645987,0.51600575,1.4849703,0.39886105,1.3827864,1.2791934,0.30048445,0.3203513,-0.06044706,1.1796168,-0.06238994,-0.5074665,-0.64522785,-0.08925463,1.2111071,0.037446853,0.82451844,0.72425014,0.7804699,1.3086141,-0.44446695,0.9461678,-0.4804884,-0.35006174,0.072845764,-0.99819195,-0.3309423,-0.18813485,-1.3666346,-0.8183676,0.21180427,-0.5145175,0.7642457,-0.15741669,0.5759121,0.832443,0.16957153,0.14381991,1.1638556,1.0766984,0.3468142,0.1840898,1.445729,-0.66009855,0.08306583,-0.062006447,1.6768641,1.5554682,1.9370085,-0.5876038,0.5861168,0.76076275,2.0394278,1.9583069,1.0871409,2.1291163,0.31174672,0.003946541,0.37109616,0.028270682,-0.3187434,-0.22623588,-0.5267997,0.98066854,-0.9107577,2.0025997,-0.007157516,-0.35128272,-0.09673997,0.5388223,0.3465739,1.3415458,2.2799888,0.12853234,0.8212335,-0.4985367,0.93150985,0.4692114,2.153808,0.5625325,1.5737721,1.2003093,0.36545283,0.74843246,0.7576639,-0.3751577,-0.103871666,2.1184871,2.8338885,2.5777342,0.28602767,1.3102603,2.0185163,1.1193882,1.8799574,1.2771167,1.6484201,1.2329819,2.010111
-1.0424206,-2.4519918,-2.3721201,-2.0696378,-1.305916,-1.4556913,-2.6174507,-2.0049124,0.42048147,-0.8927813,-1.8472979,-0.4297242,0.9011458,-0.44721654,-1.0687505,-3.244608,0.974319,-0.86503017,-0.18704976,-0.9669772,-1.8767251,0.4471507,-1.9341253,0.10902513,-1.1931529,-0.98614043,-0.48674232,-0.42570508,-1.8116992,-1.2198641,0.6104432,-1.2727292,-0.30798784,-0.039530843,0.7302878,0.16530462,-0.3512101,0.4667758,0.84396034,0.010806426,0.64676726,-0.30566722,-0.15956406,-1.0367125,0.323326,1.6769897,0.3895517,-0.023816628,-0.72170645,1.0225953,-1.5349122,-2.0230768,-2.416467,-1.0265433,-1.7366725,-1.6471466,0.15055273,0.03501012,-1.6347519,-0.13658349,-0.37338215,-0.4793437,-1.0499635,-2.9088624,-1.465142,-1.9004387,-1.4296714,-1.4803028,-1.5807657,-2.116581,-0.6829765,-0.7183253,-0.7740868,-1.1684617,-1.6120743,-1.5750525,-1.5054102,0.12501,-1.3390474,-2.7491236,-0.91330534,-0.8232649,-2.0517645,-2.1934705,-0.5458733,-0.5897771,0.4126622,0.60446566,-0.49354443,0.060342085,-1.470978,-2.2679386,-2.3793764,-2.5446036,-1.1215167,-1.0798136,0.5830033,-0.46956134,-0.61104196,-0.83507824
1.0661707,0.8597023,0.65696585,0.26584396,1.4536145,1.0324637,1.819329,0.387072,1.8573248,-0.16212714,-0.1932537,0.14010747,0.48560375,-0.058935914,-0.6890318,0.05780409,0.50893503,1.0594128,-1.4621773,1.0433881,0.7548981,-0.9326605,0.34062213,-0.8168253,-0.5886632,0.28801814,0.3434313,0.26825875,-0.75172323,-0.6581414,0.9725351,-0.34982184,-0.0229689,-0.048713405,-1.3719655,0.81884503,1.6362716,-0.17159589,1.3159103,-0.3699365,0.7309903,1.3266307,-0.90131545,-0.24454367,-0.077993296,0.7403553,0.7589622,0.61126053,1.4310712,0.5415406,-0.25290853,1.2332038,0.024800574,1.2651243,1.4117763,0.6333501,0.32618693,1.1789215,-0.38317606,-0.5418366,0.47113675,0.78228706,2.1991496,-0.7765848,-0.40536425,-1.4633884,-0.60585177,-0.90841246,-0.06546446,-0.38298464,0.0023626476,0.041580703,-0.84541565,-0.576393,-0.2504763,-0.5330981,-0.4309911,0.7129361,0.1850373,0.53530353,-0.94113874,0.24879548,-0.96955496,-1.1698923,-0.055260316,-0.7176811,-0.7872004,0.45228538,0.5863618,-0.085230574,-0.9366519,-0.10599267,-0.26184124,-0.15164325,-0.47397476,0.15246919,0.22987704,-0.4830786,0.4867786,0.19883434
