7Networks_LH_Vis_1,7Networks_LH_Vis_2,7Networks_LH_Vis_3,7Networks_LH_Vis_4,7Networks_LH_Vis_5,7Networks_LH_Vis_6,7Networks_LH_Vis_7,7Networks_LH_Vis_8,7Networks_LH_Vis_9,7Networks_LH_SomMot_1,7Networks_LH_SomMot_2,7Networks_LH_SomMot_3,7Networks_LH_SomMot_4,7Networks_LH_SomMot_5,7Networks_LH_SomMot_6,7Networks_LH_DorsAttn_Post_1,7Networks_LH_DorsAttn_Post_2,7Networks_LH_DorsAttn_Post_3,7Networks_LH_DorsAttn_Post_4,7Networks_LH_DorsAttn_Post_5,7Networks_LH_DorsAttn_Post_6,7Networks_LH_DorsAttn_PrCv_1,7Networks_LH_DorsAttn_FEF_1,7Networks_LH_SalVentAttn_ParOper_1,7Networks_LH_SalVentAttn_FrOperIns_1,7Networks_LH_SalVentAttn_FrOperIns_2,7Networks_LH_SalVentAttn_PFCl_1,7Networks_LH_SalVentAttn_Med_1,7Networks_LH_SalVentAttn_Med_2,7Networks_LH_SalVentAttn_Med_3,7Networks_LH_Limbic_OFC_1,7Networks_LH_Limbic_TempPole_1,7Networks_LH_Limbic_TempPole_2,7Networks_LH_Cont_Par_1,7Networks_LH_Cont_PFCl_1,7Networks_LH_Cont_pCun_1,7Networks_LH_Cont_Cing_1,7Networks_LH_Default_Temp_1,7Networks_LH_Default_Temp_2,7Networks_LH_Default_Par_1,7Networks_LH_Default_Par_2,7Networks_LH_Default_PFC_1,7Networks_LH_Default_PFC_2,7Networks_LH_Default_PFC_3,7Networks_LH_Default_PFC_4,7Networks_LH_Default_PFC_5,7Networks_LH_Default_PFC_6,7Networks_LH_Default_PFC_7,7Networks_LH_Default_pCunPCC_1,7Networks_LH_Default_pCunPCC_2,7Networks_RH_Vis_1,7Networks_RH_Vis_2,7Networks_RH_Vis_3,7Networks_RH_Vis_4,7Networks_RH_Vis_5,7Networks_RH_Vis_6,7Networks_RH_Vis_7,7Networks_RH_Vis_8,7Networks_RH_SomMot_1,7Networks_RH_SomMot_2,7Networks_RH_SomMot_3,7Networks_RH_SomMot_4,7Networks_RH_SomMot_5,7Networks_RH_SomMot_6,7Networks_RH_SomMot_7,7Networks_RH_SomMot_8,7Networks_RH_DorsAttn_Post_1,7Networks_RH_DorsAttn_Post_2,7Networks_RH_DorsAttn_Post_3,7Networks_RH_DorsAttn_Post_4,7Networks_RH_DorsAttn_Post_5,7Networks_RH_DorsAttn_PrCv_1,7Networks_RH_DorsAttn_FEF_1,7Networks_RH_SalVentAttn_TempOccPar_1,7Networks_RH_SalVentAttn_TempOccPar_2,7Networks_RH_SalVentAttn_FrOperIns_1,7Networks_RH_SalVentAttn_Med_1,7Networks_RH_SalVentAttn_Med_2,7Networks_RH_Limbic_OFC_1,7Networks_RH_Limbic_TempPole_1,7Networks_RH_Cont_Par_1,7Networks_RH_Cont_Par_2,7Networks_RH_Cont_PFCl_1,7Networks_RH_Cont_PFCl_2,7Networks_RH_Cont_PFCl_3,7Networks_RH_Cont_PFCl_4,7Networks_RH_Cont_Cing_1,7Networks_RH_Cont_PFCmp_1,7Networks_RH_Cont_pCun_1,7Networks_RH_Default_Par_1,7Networks_RH_Default_Temp_1,7Networks_RH_Default_Temp_2,7Networks_RH_Default_Temp_3,7Networks_RH_Default_PFCv_1,7Networks_RH_Default_PFCv_2,7Networks_RH_Default_PFCdPFCm_1,7Networks_RH_Default_PFCdPFCm_2,7Networks_RH_Default_PFCdPFCm_3,7Networks_RH_Default_pCunPCC_1,7Networks_RH_Default_pCunPCC_2
-0.49880216,-1.3205754,-1.077657,-0.999984,-1.2887022,-0.84676355,-0.84807783,-1.4555916,-1.6908201,-1.0741916,-0.62626225,0.3498422,0.57838017,-0.2776911,-0.71498334,-0.8927857,-0.400294,-0.79779404,-0.44073176,-1.0901479,-1.049111,0.5159943,-0.015264682,-0.15633096,-0.2505519,-0.12768598,-1.1698182,-0.7360072,-0.33409795,-0.45129678,-0.9613225,-0.45081928,0.04090997,0.21161436,-0.16096433,-0.56979066,-0.16969748,1.6940707,1.5405796,0.8149236,0.65457034,0.13451047,1.2636853,1.3952026,0.45956913,1.403244,1.7632749,1.3452908,1.477244,1.4193379,-0.21857609,-0.9444725,-1.0144206,-1.0439957,-1.0147715,-0.47073245,-1.7089126,-1.1857917,-1.3187104,-0.76097643,-1.224464,0.27421728,-0.4566645,0.6779525,-1.0985526,-0.40700585,1.2547023,-0.13308786,-1.9022843,-0.9883245,-0.48563308,-0.7165855,-0.56826836,0.3116325,-1.1548309,-0.97368246,-0.6652087,-1.3685577,0.5077692,-0.56561774,0.27418542,0.7508919,0.60508907,-0.15568817,-0.34344184,0.11222016,0.20817658,-0.7106127,0.21994291,1.228353,-0.11837544,0.356123,-0.48483095,-0.5846536,-0.2098941,1.685346,1.3362845,1.0520253,1.0616939,1.1636705
-0.9029755,-1.126545,-1.3065314,-0.9416415,-1.4041572,-0.22669548,-0.6385569,-0.9117501,-1.6347737,-0.6124794,0.19310041,-0.5814998,0.22348885,-1.2800487,-0.7008877,-0.21489215,-0.18318348,-0.93315995,-1.0465823,-0.863196,-0.9083016,-0.8824126,-1.0359842,-0.8209077,-0.08639938,-1.3708409,-1.8548276,-2.5650363,-1.2702168,-1.6172142,-0.6138806,-0.83032894,-0.62803537,-0.17023668,-0.8300083,-0.7761906,-0.67256415,0.7290062,-0.3223869,0.8019135,0.4050735,-0.099672645,-0.056347556,0.07189412,-0.29522577,-0.67016274,0.00441903,0.6270226,0.32685623,0.94288325,-0.6932945,-1.3951702,-0.8320238,-1.0500644,-0.6805495,0.080295876,-2.0403478,-0.9650701,-1.6987827,-1.6266387,-1.4769702,-0.10930583,-1.0944002,-0.6890631,-1.818521,-1.2836509,0.6395846,-2.0240738,-0.37128004,-1.1309532,-1.7683952,-0.14900315,-1.209786,0.6396479,-1.707851,-2.3135903,-1.3823597,-1.663011,0.21057247,-1.2769201,0.88486683,1.2271836,0.2059781,-0.103950985,-1.0395508,-0.72594404,0.4245276,-1.5442326,-0.3818096,1.7435567,0.2981813,-1.1928393,-0.6707661,-1.5806898,-0.12994708,0.8536119,1.2292871,0.36694598,-0.006700551,1.0392704
-0.025072,-0.2704174,-0.71615463,-0.41225904,0.48708418,0.19304635,-1.245175,-1.1666265,-1.0615298,-0.26098615,-1.7784802,-1.1144745,-0.37002313,-1.4162236,-2.5842881,-1.2002217,-1.366696,-1.1793859,-1.2299098,-0.95188314,-2.0683444,0.53941864,-1.3025576,-1.2988595,-0.4458383,-0.27214992,-1.957824,-1.9523591,-1.6512201,-2.169866,-1.1063771,-1.3359237,-0.76134884,-0.11393662,-0.20350233,-0.6529777,-1.1975828,-0.26240668,-0.5800492,-0.5217555,-0.6538691,-0.9350112,0.059375063,0.27856284,0.41693902,-0.27275375,-0.7237621,0.0050858567,0.36956537,-0.21293043,0.22280577,-0.37985864,-0.11928509,0.18641075,-0.11578481,-0.2956208,-1.0864364,-0.4255294,-1.3955144,-1.4236386,-2.1494913,-0.78643644,-0.89225745,-0.02063514,-1.5213568,-1.0085677,0.7598454,-2.5718017,0.15700708,0.26102108,-1.0204295,-1.3879182,-0.9755397,-0.4122673,-1.6237637,-1.0145226,-1.8886851,-3.2707522,-0.15635622,-1.4134353,1.7603303,1.2632118,0.6431353,0.3206047,1.1130795,-0.107997105,-0.7406149,-2.8576741,0.008043901,0.9596377,0.627996,-1.225736,-0.70272225,-0.2780857,-1.0028992,0.6734358,-0.30314225,0.907596,-0.10090829,0.6230213
-0.6020689,0.013521708,-0.21679531,1.0260463,0.4282772,-0.43724328,0.15473953,0.36062905,-0.30232102,-0.30968273,-0.79824233,0.43942416,0.498336,0.18577306,0.055071805,0.6592344,0.07838372,0.44662523,-0.46894687,-0.32185185,0.24507008,0.3566901,-0.40446723,-0.4436684,0.08511582,-0.28371218,-1.3278582,0.11132038,-0.73102933,-0.28753188,0.8338277,-1.2381111,0.028900485,1.36141,1.3614511,0.6253557,0.26595548,-0.36213285,0.39955163,0.51401675,0.9721295,-0.0538791,0.6909412,0.5772647,1.2040071,0.42501378,0.90711963,0.7774873,0.08523273,0.3443009,-0.9210357,-0.35249454,-0.65439004,0.52937204,-0.6624339,-0.7389143,0.0472917,0.06123256,-0.2561182,-0.4280254,-0.91686076,-0.13138531,-0.60529226,0.03749356,0.06100704,0.16583729,-0.8505564,-0.6868076,-0.8581105,0.08806438,0.07633378,-0.84369415,-1.6237178,-0.81078273,-0.9071129,-0.62982816,-1.3112828,-1.0639995,-0.251593,-1.1388584,-1.0878481,0.2576566,0.87057483,0.41146946,-0.036395937,-0.37427104,-0.39420712,-0.3120374,0.09427468,-0.7027788,-0.07313043,-1.4114009,-0.63683534,-0.83273965,-1.1939621,0.7183008,0.40477875,0.18882546,-0.7524774,0.16887017
0.27349713,0.64227664,0.843841,1.0756619,0.25504917,-0.40399003,0.42158467,0.8178941,0.49944687,0.0020267204,-0.25140733,0.2147273,0.8196925,0.2696927,-0.13107191,0.298474,-0.2904715,0.18465248,0.97358644,-0.8628857,0.2633347,-0.3433199,0.10593988,0.162424,-0.45372385,0.0080244895,-0.47725242,-0.07624898,-0.46402818,1.4667751,-0.5096367,1.0151771,-0.101312,-0.6653792,0.025039695,0.23712625,0.56596506,1.2289014,1.133922,1.2257128,0.7832128,1.8418771,0.6770763,0.7979246,1.4016838,1.6045396,2.6818373,-0.434124,-0.3538683,0.8145763,0.24986826,0.74207777,0.05172679,0.47586247,-0.23158248,-0.1938948,0.4878246,0.3704222,-0.62699205,-0.14824009,-0.53192264,0.12800722,-1.0329715,-0.10558151,0.76557475,0.42018917,-0.8233114,-0.07427982,-1.1636912,-0.6773971,0.44789436,-0.6856555,-0.8871226,0.089137465,-0.55286276,-0.3546966,-0.73361385,0.058116212,1.2888741,0.3297321,-2.0327733,-0.5686395,0.8427165,0.027682502,-0.25330293,-0.06997369,-0.35565004,-0.88179046,-0.8087757,0.18460366,-0.886547,0.79006195,0.26890767,1.4589726,0.9157193,0.63210464,1.3083528,-1.1877719,-0.77475524,-0.5382583
0.47685254,0.46280828,0.29188058,0.5089807,-0.009154846,-0.18695934,0.7975672,0.48662582,-0.28036615,0.10946304,0.442278,0.9897479,0.6477241,0.16351874,-0.058597524,0.37207475,0.55073464,-0.12680846,-0.03183214,0.02736626,0.63066375,-0.2956731,-0.2940345,0.7931962,0.3199642,-0.04738121,0.009580168,-0.21540071,-0.12892449,0.018715667,-0.8451018,-0.60328686,0.26268035,0.5193911,-0.86372244,0.39763603,-0.6982691,0.60482574,0.7594152,1.5770701,1.1759809,0.6057746,0.43937284,0.16523975,0.40090862,0.5079945,0.3676859,0.4709156,0.40083358,0.88330126,-0.26746932,-0.16797432,-0.5894819,-0.46620148,-0.48743916,-0.6605213,-0.5426428,-0.85034734,-0.88188535,0.28525448,-0.2089446,-0.3047978,-2.4482667,-1.7279114,-0.8204516,-0.13361041,-0.77334815,-0.41902497,-0.17020898,-0.8171121,0.24011146,-0.9184323,-1.1872814,-0.022743769,-0.16787453,-0.61011547,-1.2678955,-0.93580574,-0.5657301,-1.7414263,-1.3115593,-0.62804705,-0.6770418,-1.1565487,0.0018946023,-1.0031486,-0.81931967,-0.89308137,-1.2482271,-0.27464974,-1.7624153,-0.22349611,-0.57484406,-0.6743446,-0.13654137,0.6004729,0.05635046,-1.970398,-0.29315957,-0.17031154
0.6743997,0.15265769,0.18558188,0.020932812,0.017400112,-0.101819396,0.6701304,0.33489203,-0.098189026,0.9996909,0.76644075,0.12902696,-0.063062325,-0.16196539,-0.079454295,0.5495692,0.150939,-0.1513497,-0.62029314,0.08922639,-0.89316064,0.36141053,-0.23667291,0.65340954,0.4017755,1.0133677,0.25724682,-0.4473939,-0.7113392,0.42297542,0.68932915,0.9085915,0.19342943,0.18103789,-0.5140129,1.1075556,0.44372588,-0.2523447,0.77425224,1.1658603,0.37381175,-0.4098185,-0.46278727,-0.4354309,-0.13105649,-0.6185169,-0.44376495,-0.7034577,0.079534,0.41401473,0.43707138,-0.3845301,-0.1769357,-0.5552343,-0.38169172,-0.33478257,-0.76999134,-0.715915,-0.3784191,0.24045037,0.2987679,-0.64254206,-1.3756365,-0.5524436,-1.6831248,-0.38225934,-0.33760434,-0.12523314,-0.82254636,-0.6642466,-0.9428779,-0.494862,-0.38980693,0.066017434,0.5626452,0.10750768,-0.4123571,-0.086114354,0.12660804,-0.26102877,-0.1385016,-0.19221945,-0.13093515,-1.2267883,0.87366045,-0.94388884,0.6970798,0.38800225,0.21918146,0.3635001,-0.47521657,-0.09464825,0.012378085,-1.6239064,0.42752713,-0.032465924,-0.79165894,-0.733893,0.120889984,0.27882648
0.38869765,1.3119128,1.4856803,0.8279102,0.16166271,-0.34743294,0.99443716,0.97590464,0.18358767,0.98530823,1.3600403,0.7645398,-0.44766337,0.7624718,1.0201055,1.4089481,-0.011945146,0.21151204,0.76024765,0.014963839,0.59256536,-0.8095556,0.5353373,1.1551822,1.1412286,0.03373332,1.9648986,0.44790024,0.08130693,1.1694505,-0.36129662,1.1854004,1.4827802,0.32029533,-0.22246453,0.5041506,0.8648758,0.9387693,1.7534572,1.6406417,0.90169936,0.66216314,1.5816188,0.42898557,0.89886975,0.085516915,-0.28453296,-0.77723086,-0.096634835,0.6115994,0.4682344,0.82912904,0.36363134,-0.9516703,-0.26815948,-0.1216101,0.43020317,-0.23614593,0.36522356,0.70510685,0.08026419,-0.8821158,-0.4144624,0.9413865,-0.3082268,0.8914649,-0.6811909,-0.24818029,-1.1598572,-0.42511976,-0.6581169,-0.24744076,-0.38081545,0.48391864,0.13273005,0.48674223,-0.24621287,-0.25810125,-0.0060014874,-0.3668438,0.11813537,-0.31615955,1.0303669,-0.06423183,1.4142635,0.21488431,0.10710517,0.45766178,-0.3900433,-0.23653904,-0.35223317,0.23749952,0.6414115,-0.5065575,0.7434001,-0.04443953,0.36228785,0.03724437,-0.4514333,0.5759171
-0.9974365,-1.7574756,-1.0026506,-1.782483,-0.95216304,-1.9581739,-2.0611372,-2.3223567,-1.014527,1.3169788,-0.85218614,-1.05542,0.45189908,-0.8597942,-1.5139817,-0.7718248,-1.4778087,-1.5544521,-2.0034742,-2.0872262,-2.4776678,0.5386777,-0.75714153,-1.1618804,0.91592157,0.85961103,0.40749413,0.043147843,-1.1626977,-0.9358504,-0.85038674,0.10195665,0.7745865,-0.14795539,2.7512374,-1.2887669,0.045370553,1.1668195,1.4291129,-0.7770079,-2.143638,1.3351167,2.3178556,2.6047153,2.552733,2.445443,1.0473439,1.3003768,-1.1197298,-0.9257044,-0.27487662,-0.24022263,0.72751653,0.3613077,-1.3103328,-1.5201873,-0.13600785,0.36801022,1.6544988,-0.5597745,-0.38561532,0.41012678,0.14245999,2.1804814,1.327835,-0.3801914,-0.44251385,-0.91947645,-0.23186864,-0.06094798,-0.008278668,-0.19637637,-0.99101967,0.35278398,-0.091932826,0.73063534,-0.8583704,-1.1433347,1.1581726,0.27723515,0.94785655,0.54523295,4.0080943,2.8899333,0.7840313,-1.838526,-0.5857654,0.27086082,-1.0508431,-0.42034099,0.84102607,1.842961,2.0229497,2.3930478,0.9340128,2.432764,0.9599233,-0.7358098,-1.4247892,-1.5688151
-2.198289,-2.021103,-1.4190272,-2.5426912,-0.6044416,-1.7972764,-3.3587036,-3.184599,-2.0629635,2.3678057,0.80486363,0.7774708,1.7545173,0.06598172,1.1568412,-1.8229698,-2.2946775,-1.3582696,-0.61932695,-0.46952784,0.024151113,-0.07193957,-0.20081925,-2.7488987,0.9411922,2.5996423,0.9696951,1.3034147,-0.45153156,2.2058868,-0.94705033,1.0716891,0.41313168,-0.940447,3.5813425,-1.2259468,-0.76915073,1.0276299,-0.13805532,-2.3541129,-3.945189,1.9055648,1.2489494,-1.2228866,-0.11339036,1.4344252,1.3483424,0.19549032,-0.49925295,-2.1699889,1.2815682,-1.082794,-0.5932721,-0.36768794,-1.0954617,-0.45659804,-1.1829504,-0.915531,2.6845524,2.0435467,1.1919456,2.4827049,3.1565876,2.6922467,3.6674378,1.7309597,0.3495303,1.5002679,1.217173,-0.044624966,0.8867961,0.73272014,1.2214516,0.68252784,1.0787402,1.9496365,1.2857404,2.1967466,-0.78753334,2.3422098,0.35666984,0.6578383,0.89860135,2.586398,-0.87305474,-0.030210586,-0.4605945,2.2585397,0.42407694,-0.58097845,1.1786506,2.3660643,2.6393425,3.3568707,0.6838007,-1.201589,0.5170523,0.1614381,-0.09535698,-1.6223058
0.08199406,-2.0299165,-1.066126,-2.7521524,-1.4386485,-1.3474296,-2.862535,-3.1058178,-2.6797256,1.8958958,-0.88497365,-0.60898453,-0.48702726,0.23159811,1.2052382,-1.6313314,-0.68707615,-0.9246295,-0.33923313,-0.09513006,-0.087197594,0.78469193,0.9138006,-1.0642453,0.032539245,0.9595956,0.6905805,1.6141794,0.45024613,1.4884676,0.3738195,1.4703736,-0.16211851,0.08265787,0.8359758,-0.80049264,0.08356465,0.7096961,-0.079731435,-1.8397855,-2.3970354,1.4837972,-0.2513865,-0.73669815,-1.1104503,0.05664224,0.3417782,0.35725823,-0.75962335,-1.4932019,1.7111778,-1.4030843,-1.6851394,-2.054287,-1.1847186,-0.6683591,-2.3589222,-2.0143125,2.2751026,0.84953845,0.06330684,0.22348659,2.2526736,0.7313578,0.75960666,1.2726302,-0.5033911,1.8086683,1.8521711,-0.7907252,0.049176693,0.75562185,1.5683599,-0.5148734,0.7217633,1.7053268,0.89934844,1.2922621,0.1714711,2.1716664,0.8500473,0.4093794,0.48259893,1.2236305,-1.7149639,-1.0000718,0.37727085,1.7422488,-0.47371465,-0.83266264,0.69652253,2.570297,0.7931746,1.786753,-0.855866,-0.64947337,-0.7141051,0.48731247,-0.24657373,-1.2957555
-1.156757,-1.0127,-1.056784,-1.2277719,-1.3123358,-1.639406,-2.368544,-1.3934896,-0.50960463,-2.8591938,-2.1971672,-1.7336899,-3.3328342,-3.1824234,-1.590331,-1.6781843,-0.9977104,-1.2446665,-2.117582,-0.12792519,-1.376441,-0.33632278,-0.6932167,-1.9472055,-0.7060567,-0.8566306,-0.565122,-1.3686101,-1.5895208,-0.7919562,-1.959784,-2.0409133,-2.185943,-2.4275856,-2.423441,-1.236161,-2.1463559,-3.8663116,-3.772135,-3.1921973,-2.96358,-0.024201402,-3.4306476,-4.0911994,-4.3837013,-2.9206414,-2.880714,-3.4970262,-2.9194417,-2.7719135,-1.8349447,-0.3195131,0.22044349,1.00886,-1.0460354,-1.5788702,1.0865495,-0.49339786,-2.8896263,-1.6286368,-2.006406,-1.7899036,-0.1123909,-0.9537518,0.06409473,-1.5219597,-0.23341583,0.053357683,1.0713807,0.71293,0.26011327,0.8766859,0.3497168,-0.5588878,0.059093077,-0.00064581144,-0.9143331,-0.03435757,-2.5993166,-2.7169797,-1.1014382,-1.1263027,-3.33921,-0.5251324,0.8571715,-0.3369894,-2.2099395,-2.4969354,-0.67752975,-1.4876726,-1.7462866,-4.0984197,-2.718451,-1.361324,-2.3345358,-3.3576667,-1.0759898,-1.0312606,-2.8029034,-1.8901572
-0.7843106,-0.076653026,-0.8482384,0.071582004,-0.90885025,-0.47974014,0.53945094,0.024769733,-1.1717219,-2.7557666,-0.69608957,-0.7418957,-1.7189165,-1.300414,-0.6153242,-0.5036383,0.15964739,-0.07864609,-0.13021177,-0.23925902,0.17582726,-1.6727213,-1.0977138,-0.14091398,-1.2932477,-0.79303867,-2.1897268,-1.7909594,-1.8166429,-0.83871037,0.20525727,-1.9957376,-1.222607,-0.9782842,-2.4113557,-0.8726666,-1.7751507,-2.2888563,-1.7343115,-1.0440689,0.4242515,-1.2025765,-1.5368922,-2.7112799,-2.8108032,-2.8276048,-1.8068634,-2.447079,-0.8523916,-2.087287,-1.2475309,-1.8760822,-2.4115005,-1.5850606,-1.0610405,-1.3372471,-1.475449,-1.7197583,-2.8764617,-1.416472,-1.6535743,-1.4961805,-2.1134212,-3.1149354,-2.9399962,-0.96887946,-1.5886852,-2.2824316,-2.6410892,-1.8350916,-1.5491614,-1.6561958,-2.0991008,-2.2060995,-1.2622811,-1.2636898,-1.5143515,-0.65252787,-2.8870978,-1.5421041,-2.6396844,-2.076689,-2.2029445,-2.45986,-1.6427797,-1.8135908,-2.1718032,-2.0590775,-1.2607077,-1.5022341,-2.9264774,-2.2291236,-2.5754554,-1.8436015,-0.0213406,-2.8331025,-2.1558287,-1.318871,-1.2122623,-1.6168371
-0.4936257,-0.69542557,-0.4631537,-0.4766682,-0.8848097,0.08622043,0.4696546,0.020495057,0.2458966,-2.269728,-0.5151265,-0.74996173,-1.2711248,-0.8116264,-0.15930496,-0.9571524,0.08987738,-0.074403726,0.6923078,0.10407243,0.96447086,-0.70912,0.01726621,0.61473256,-1.7267928,-1.0750483,-0.2630237,0.81056094,-0.04296311,0.41936865,0.1736284,-0.6501356,-1.747426,-0.23330025,-1.164888,-0.26166177,-0.2282702,-1.8909091,-1.5406221,-0.65114355,0.45308307,-0.2985571,-1.8466482,-0.96446574,-2.0522878,-0.6163347,-0.82349014,-1.1248345,-0.20799243,-0.36795437,-1.4476694,-0.9214451,-1.284116,-1.4953167,-0.5100402,-0.4259741,-0.8974498,-0.9705601,-1.3645601,-0.19222331,-0.73957133,-0.9780684,-0.85075516,-1.9139544,-0.56304514,-1.1903042,-1.1815525,0.2621541,-1.1684716,-1.8169491,-0.63268507,-0.8673599,-0.30919433,-0.881899,0.5302035,-1.0135696,0.15705752,0.55654925,-1.4741597,-0.37230182,-0.68080187,-1.5450318,-2.0308347,-2.031538,0.7828328,-0.67560244,-0.6313807,1.2988629,-0.544754,-0.1416345,-1.9656479,-1.4739622,-1.3406148,-0.6213388,0.20223221,-1.1550657,-0.5163889,-1.4381127,-0.5326029,-0.8560146
0.5711431,0.60694593,0.47929627,1.3445472,0.5415615,0.7650576,1.8895209,1.3492209,0.2942314,-0.4929178,1.5804113,1.5713079,0.7665035,0.3373951,0.94206625,1.2738338,1.8947399,1.6898676,1.1673406,0.78000945,1.7450979,0.39265963,0.8787863,1.7417874,0.66852474,0.35710073,-0.08310251,-0.10970235,1.5119973,0.6263674,2.552404,0.7251856,0.9614625,1.582811,0.1395593,0.7485474,1.0047438,-1.0932218,-0.059193365,1.8552902,2.098981,0.44434863,0.4202067,-0.53723145,-0.16339408,-0.82309544,-1.472793,-0.13266999,0.20382617,0.71282464,-1.0260787,-0.37286857,-0.73624504,-0.6872252,0.19427127,0.04667817,-0.8838138,-0.85762244,-0.89761114,-0.1709215,1.3320054,0.9288158,0.03335519,-1.7052178,-1.1649545,-0.08595649,-0.7197397,0.52771455,-0.4202199,-0.17872994,0.030948415,2.3118718,0.07460504,-0.18074414,0.70741624,0.18232508,1.1153624,1.8424116,0.919387,0.7648565,-0.37298572,-0.19791517,-0.0755547,-0.36120638,0.20653908,0.9183524,0.64274955,1.4129292,0.37685442,-1.0224398,-0.39719528,-0.25377956,-0.06020013,0.16479555,0.45834684,-0.830627,-0.32325292,0.008839204,0.65933555,0.15617801
0.68463475,0.8708719,0.5985695,1.2130696,0.7477551,0.7014672,2.203775,1.284477,0.34978363,0.5063796,0.9199066,1.5334245,1.412071,1.9392303,1.9107004,1.74037,2.2492495,1.311974,1.7964385,0.10309564,1.5727429,1.3260902,1.438765,3.172225,1.4465151,2.2196598,1.1256082,1.7743556,1.6681849,1.9207354,1.5297884,2.4135356,1.8949764,1.5113298,0.7907052,-0.119531065,1.2421092,2.6479292,2.1643054,1.8907553,2.5837016,-0.1237856,2.3320487,1.7374929,1.1771415,1.8834743,0.9591785,2.5492806,0.7556727,1.5581198,0.4885691,0.5805576,1.0379453,0.066288725,0.81628174,0.6034577,0.19809031,0.36441344,0.96929455,1.7651517,2.594233,1.2329657,0.8735511,0.57283604,-0.3647758,0.20177776,0.39141694,1.5552388,0.7699656,-0.2325346,1.1596504,1.3625914,0.9048146,0.56777716,2.0230167,1.5187923,1.5696481,2.198124,1.4274999,1.6952499,0.68954235,-0.117687784,1.5207509,0.763844,1.0394897,0.82420766,1.0761003,1.4868621,-0.35765633,0.6084415,1.3895484,0.66906357,2.1072605,1.4866505,1.6998268,0.96311516,1.4681317,0.39589712,-0.22019726,1.154334
-0.8216841,-0.3076596,-1.0758011,0.23057668,-0.7924728,-0.73963803,0.7964106,0.49645272,-0.44488624,1.0520705,-0.35170874,0.8084265,-0.029398227,1.6255333,1.2102956,1.1011372,0.66747177,0.7495922,2.141954,0.27296355,0.75331706,0.15317349,1.167932,1.2562596,0.32614872,0.303295,0.53689104,0.4644426,0.9276362,0.7590042,-0.596786,1.380914,-0.18268688,0.34410226,0.23069796,-0.36524317,0.6371334,-0.3343932,1.0909736,1.44929,0.8119112,0.82882416,-0.32751057,0.1154604,-0.17629525,0.6481743,1.2146478,0.020833429,-0.5515162,0.29561177,-0.90309405,-0.4683181,0.26454535,0.058584105,-0.6870748,-0.67162037,0.61496884,0.0984422,0.34884906,0.5149544,0.5867666,-0.15810618,0.26626843,0.37474528,1.0829564,0.18209858,0.1223656,1.0148418,0.881748,0.53042084,1.1921875,0.33139324,0.18719262,1.6096574,0.76950663,0.7979602,0.75831944,0.3995588,-0.07585805,0.12886551,0.10601094,-0.6496681,0.17165843,0.57116544,0.3722758,0.16464132,0.34930253,-0.008035882,-0.05230676,0.6768516,0.11674016,0.22552475,1.1347935,0.9952402,1.4065194,-0.11392927,0.86519986,-0.54944915,-0.6185044,0.51059216
-0.3000179,-0.21090081,-0.32068276,0.12765814,-0.31813163,0.058139503,0.19209848,0.8534388,0.8027753,0.82870483,0.66204715,1.1551666,0.23663296,0.4252335,0.62241,0.58770376,1.7782886,0.67598915,0.31448114,0.6455669,0.5811638,0.79767483,2.3770235,1.5961115,1.7106438,1.6773375,2.1573834,1.5963551,1.8382164,0.99927306,-0.029206151,-1.4774495,-0.33781356,0.29548636,-0.30471972,0.6531139,0.5461443,-1.3590285,-0.7039823,0.48890683,-0.74762213,-0.20933254,-0.7483018,-0.17046379,0.87218827,-0.657982,-0.64347947,-0.48743358,-1.3938773,-0.10492307,-1.4909223,0.6527769,0.29255638,0.27774158,0.0091185365,0.32391408,1.2774533,0.8674583,0.9461196,0.961369,0.5324492,0.42989603,0.091318555,0.96225876,0.8444573,1.151724,0.54620755,1.4643903,1.8804648,1.6558088,2.905554,0.34158376,1.369917,1.7670349,2.3777313,1.8820888,1.3694266,1.2831079,-0.3690064,-0.8529658,0.3425239,-0.31715408,-0.19495234,0.07814248,0.66352195,0.04037924,0.5330038,1.4687129,1.0732627,-0.123414576,-0.28500244,-1.0842686,-0.019774092,-0.63067704,-0.3155844,-0.03896979,0.16616786,-0.28499222,-0.43771496,-0.042107396
0.75887793,0.6637182,0.0028167877,0.2891724,0.53174084,-0.35915753,0.27592364,0.7529406,0.3238819,0.9650533,0.23212668,0.65778416,0.23450308,-0.056820348,0.48293224,0.53441024,0.8469771,0.36487305,-0.3820828,1.4575005,-0.105343476,-0.19892031,1.0002602,1.135013,0.44913694,0.89176,0.96023893,0.15290412,1.035365,0.7549504,0.48790005,-0.3298765,0.05926066,-0.5455796,-1.1160085,0.43528602,-0.0005058755,-0.1801365,-0.3655798,-0.14479761,-0.3722971,0.38120303,-0.582134,-0.43095917,0.13281353,-0.2524903,-0.5603506,-1.1603265,-1.2281961,-0.6839516,0.1752241,0.713143,0.5162439,0.79072577,-0.33740798,-0.4850862,0.93513125,0.38669553,0.7840493,0.6852687,1.132122,-0.46246564,-1.4638491,-0.6980566,-0.9520326,0.2576427,-0.035178028,0.4941408,-0.045462806,0.83967525,1.771782,-0.26690778,0.31890073,-0.20672849,1.1325076,0.67340153,-0.18066339,-0.14209402,-0.59019464,-0.77993506,-0.07102728,-1.5195316,-0.40509644,-1.0716622,-0.18982258,-0.8340746,0.07442165,-0.61619854,-0.099051856,-1.0031887,-1.1004518,0.32391855,-0.3134013,0.22508043,0.54865927,-0.63361424,-0.28964087,-0.88170415,-0.84088886,-0.56317097
0.16456257,0.3638541,0.9837025,0.04620745,0.24674816,0.5378785,0.9472024,0.9019091,1.0793989,1.9372902,0.9510762,1.7308182,1.3539897,1.15495,1.288035,0.7413839,0.9369227,0.3485518,0.77518624,0.37238598,0.33231983,0.027025603,0.7883246,1.1589289,0.7004157,1.0990638,1.8945944,0.98747987,0.0568352,1.3894632,0.88018215,2.339999,-0.58118695,-0.73946595,-0.21612221,-1.198946,-0.15007252,1.9565852,2.0861406,1.7185894,0.14584626,1.1699696,1.3681258,1.2360154,0.53815293,1.6369354,1.064215,0.33069265,-1.3134078,0.5768995,0.51259935,1.0023087,0.758098,0.31049746,0.4884812,1.0528752,0.77138734,1.3583083,1.4250417,1.187348,1.9021722,1.6061959,0.7455064,0.926516,0.35902834,1.8741786,-0.16575521,1.1326717,0.46410975,1.3132176,1.5701644,1.111485,0.6269058,1.9826443,1.2228386,1.0948492,0.47223893,0.8505767,1.3179396,1.8273038,-0.28518483,-1.506964,0.8790318,-0.38914055,0.2032961,0.44518098,-0.4933344,0.67692834,-0.3155439,1.1034214,-0.24026673,2.1698112,2.7706237,2.1549902,3.3096151,1.1654161,1.6554044,-0.60042214,-0.49134865,1.0595255
0.3227505,0.5248974,1.0793749,0.30922273,0.56359863,0.4173201,0.8470605,0.7901503,0.5041675,1.6951163,1.089339,2.1170888,0.36003944,0.6225717,1.1151432,1.2003767,0.9726541,0.49683246,0.609318,1.5478327,0.66392475,1.0460597,1.4861488,1.5779442,2.0157747,2.2205482,0.8019412,1.2181417,0.48256588,1.6375757,0.7690885,0.595218,-0.060804352,-0.3338657,-0.7451337,-0.3057147,0.004128744,0.9376633,1.246387,1.9391291,0.40674183,1.0829324,0.9423084,0.43856525,-0.77696186,0.42659026,1.0856174,-0.55784094,-0.73709285,0.35371828,0.39804786,0.7771298,0.4286384,0.023064114,0.08291091,0.008582185,0.60686433,0.3601248,0.9702183,0.7491157,1.4693274,0.42052576,0.33184585,-0.32009205,-0.26766494,0.9214376,0.38206732,0.64896804,0.4308549,0.45239305,1.4856791,0.6136379,0.26372263,1.9060646,1.6723337,1.4580865,1.3329136,1.3609662,-0.23763484,0.9398441,0.2682236,-1.0542914,-0.70215535,-0.50432134,0.6530964,0.84713745,0.060782034,0.85488474,-0.07037364,0.97293925,-0.32279944,-0.31192407,1.1643571,0.0902248,1.081803,-0.16679141,0.74928254,0.19298106,-0.3150821,0.67430174
0.21339051,-0.052569997,0.015986029,-0.3158229,0.56463975,0.72735965,0.45994705,0.27641603,-0.46416596,3.016243,2.6466765,3.044873,1.7840024,0.0814535,1.8023217,0.19818962,2.2653432,0.42134714,1.3181473,0.6079166,0.7322453,1.4638507,1.6116151,2.0082889,2.779821,2.5962417,1.9288887,2.5312862,1.993645,0.9929164,0.21826605,0.3522603,1.0481166,0.4992431,0.35091156,-0.52183425,-0.11282476,1.0480375,0.15536825,1.8490846,-0.22196238,0.25471258,0.15146448,0.36290485,0.51208735,0.040921938,0.4828762,0.046226565,0.14870718,0.3136409,-0.03373226,-0.2606734,0.22705537,0.1927523,0.1053646,0.595701,0.30311412,-0.47963548,2.7705238,2.3862305,3.1336775,1.0862002,0.41050896,0.06105998,0.3167202,2.6584146,0.17892244,1.8848077,1.8184994,0.6039717,1.5987626,1.5780809,0.5848126,2.337396,2.6036148,3.2874563,1.6431144,2.2131453,0.49995872,0.24558242,0.42913914,-0.0938614,0.3406097,0.57243854,0.6255658,0.11174827,0.23984787,1.181687,0.54782575,-0.031331122,-0.10652863,0.23000836,1.3397456,0.6419923,1.1102017,-0.34835747,-1.0724962,-0.56329286,0.7419758,0.6919719
-0.41134715,-1.4263796,-1.0292882,-1.1788278,-0.6464083,0.34387666,-0.46627995,-0.5344418,-0.3612759,2.6890776,1.3861464,1.2233075,1.3745822,0.9812611,0.61328524,-0.31702664,1.37038,0.24616213,0.2735328,-0.47457504,0.16510862,1.3292458,1.495353,1.7993468,1.7166603,2.6600606,0.60632,2.384227,1.1901711,1.1915592,1.5684569,1.5170066,0.4590879,1.0144355,1.0683769,0.15515447,1.7724524,0.67216563,0.58704245,1.0904025,-0.29510885,0.9365818,1.1295494,0.4058704,0.4453057,1.0937761,0.6962084,0.74350345,0.14707947,0.53194654,0.31515276,-0.53122604,0.4634606,-0.735493,-0.25374767,-0.071403444,-0.23412502,-0.33079514,2.0216608,1.9975913,1.416997,1.1270516,0.5689729,0.7327461,1.1723279,1.5209186,1.188043,2.5344973,2.7096248,0.7864774,1.4659826,2.3584328,2.5800178,1.9430991,2.570957,2.1975644,1.3699379,2.1930573,0.21027386,1.5788764,2.8366795,1.3828617,0.69623435,2.2875783,2.1335344,0.45757154,1.6249493,2.9177902,1.5373589,0.5529429,0.15903877,1.1570156,1.9347293,1.8794519,2.7549038,0.8563142,0.61334306,0.27184558,0.21386456,0.94757664
-0.46017098,-0.5639941,-0.34101602,-0.5822894,-0.022811696,-0.229321,-0.85650903,-0.68270546,0.03568673,0.9161606,-0.31756377,-0.4088249,-0.27283394,0.29013985,-0.21113446,-0.50963736,-1.3114859,-1.1184374,-1.4818155,-1.4531556,-1.3969517,0.06364999,-0.39245695,0.119251035,1.7737769,0.9931506,1.5357449,0.8220548,-0.47548535,0.036849145,0.79008764,0.47208276,0.9467699,-0.22667165,0.6554034,1.3358039,1.4130082,1.0681231,0.6000218,-0.26196218,-0.9708684,0.93134767,0.6397363,0.9185032,0.71838635,0.489743,0.57228535,-0.21795534,-0.77743936,0.62621444,-0.44129142,0.32353324,0.94544035,0.9196771,0.13847558,-0.68977827,0.7040891,0.46377808,1.5224382,-0.030418778,-0.16850008,-0.27398133,0.74066186,2.5180826,0.649983,0.10634059,-0.37679866,-0.9561679,0.8375179,0.9772818,-0.687081,-0.011544558,0.24511495,0.91155666,1.0504749,1.0174675,0.12707005,0.124740824,1.8410306,0.23403768,0.97899795,0.9721189,0.76376873,1.8861343,1.678194,-0.11632195,1.723276,2.3733356,0.97002745,0.66122955,1.1958846,0.54140157,2.291199,0.79095757,1.1915258,0.92135495,0.9533583,-0.08021003,-0.6403083,0.39727435
0.32943618,-0.4197498,0.7640363,-0.25400615,0.24331222,0.23479967,-0.6041132,0.02447748,0.017005092,0.23096758,0.5653648,-0.059683997,0.08507332,0.11267759,-0.37975436,-1.0586696,-0.68140894,-0.926942,-0.98340964,-0.93347186,-1.0314293,-0.7495134,-1.0512412,-1.0231464,0.40126222,0.8240307,1.0299546,1.7798672,-1.0495415,0.26449072,-0.47254404,-0.7370098,-0.4881008,-0.6621609,-1.0642003,0.54986644,0.29944262,0.36505657,-0.12475141,-0.78542876,-1.0920639,0.018337494,-0.020807372,1.1579299,0.57367957,0.14752099,-0.09763946,-0.67572516,0.4649172,-0.5816997,0.81453764,0.95090556,0.58917636,1.0126101,0.5802866,0.3630591,1.401511,0.874732,1.1253021,0.24316013,-0.28851157,0.08194359,-0.46679443,0.840182,0.13835411,0.23783934,-0.27488783,-1.1601807,0.18866159,0.8308394,-0.82346416,-0.5871584,0.4531383,0.23409647,-0.3371993,0.17856547,-0.66091275,-0.48084554,0.29816428,-0.3746752,0.45770463,0.7539557,0.31175497,-0.14363137,1.329313,-0.848523,0.24794352,0.90491045,0.23194307,-0.72877294,-0.39671087,-0.78372645,-0.48318645,-0.99970824,-2.1352181,0.14730652,-1.1362604,-0.29477292,0.0011854842,-0.22444776
-0.7285001,-0.61094546,-0.65655786,-1.1883882,-0.15103824,-0.44889086,-1.5599449,-0.7634331,0.17440392,0.20831557,-1.1047058,-0.80638814,-0.5212689,-0.74017113,-1.2425476,-1.0298861,-1.948015,-1.5095772,-1.1683316,-1.4264541,-1.2950504,-0.5586007,-1.5122185,-2.0352185,-0.59841186,-0.8595914,-2.0282786,-0.47754923,-1.6588914,-1.5582004,-0.66827416,-0.5298296,-1.142177,-0.8256016,-0.949975,0.076723196,-0.18978685,-0.36444187,-0.8597895,-1.93721,-1.6299839,-1.4527838,-1.3540261,0.04736078,0.3460726,-0.42723575,-0.023209916,0.7337288,0.08707786,-1.0983498,0.630761,0.21456757,-0.011688902,0.00866673,0.046381745,0.09288351,-0.14803383,0.752812,-0.0681948,0.238036,-0.9152554,-0.8585194,-0.34959584,0.77538264,0.0772552,0.10069539,-0.3799166,-1.2582562,0.05548562,-0.27753508,-1.1930851,-0.7202615,-0.096652485,-0.8211224,-1.0862201,-0.2303199,-1.137556,-2.0615668,-1.6433731,-0.8505289,1.1659269,1.3015647,-0.35511032,0.6276976,-0.7449251,-1.1082466,-0.2981971,-0.9510975,0.42030555,-0.68268496,0.24395685,-1.3526434,-1.5965039,-1.156399,-2.2687185,-0.2258357,-1.7686744,0.6328501,0.5590337,-0.5174359
1.1955062,-0.043673538,-0.11879772,-0.30407616,0.32651123,0.28837192,-0.29755813,0.0036484387,0.36581683,0.44624403,-0.04890824,-0.51961756,-0.8373987,-0.23588088,-0.3937772,-0.26781538,-0.58627516,-0.123864524,-0.23428397,0.24942636,-0.41538903,-0.2934025,-0.92663294,-0.43511626,-0.27024674,-0.24164638,-0.39668125,-0.38788396,-0.2903154,-1.3156999,-0.91536057,0.53837734,0.45351675,0.51204085,-0.19874354,1.3134835,1.1254537,-0.046869684,-1.3837373,-0.4196011,0.0067354776,-0.88465166,-1.4938122,0.16026832,0.2707193,-1.4515693,-0.9482688,0.13837013,1.0942601,0.20160063,1.3690991,-0.438936,-0.01602829,-0.25128663,0.3196054,0.088955835,-0.046781193,0.09086897,0.59147596,0.025419025,-0.29125464,-1.0863166,-0.7037647,0.0013132509,-0.41698343,-0.84393936,0.3456116,-0.5937392,0.5522591,0.6014207,-0.2775288,-0.58846194,0.123445995,-1.2675445,-0.18938915,0.1034268,-0.3750139,-0.53749114,-0.821776,0.13479857,0.99576056,1.3705645,-0.2149703,0.06948907,-0.82819515,-0.022226285,1.0331142,0.26350492,1.1873388,-0.5113798,1.0354614,0.062140252,-1.2440346,-0.6435046,-0.81915957,0.07189935,-0.33201748,0.46982062,1.8406168,0.07672335
1.9004946,-0.4372155,-0.18365477,-0.4267399,-0.28041196,0.14097999,-0.27836075,0.24721047,0.26436764,-0.69514537,-1.4674888,-1.1004316,-0.6531461,-0.16021249,-0.8702067,-0.060864903,-0.6735299,0.5217116,-0.80972975,0.5229982,0.104344316,0.4817156,0.27116975,-0.80678004,-0.9714518,-1.8822162,-1.9327325,-0.8508453,-0.054442417,-1.675978,-0.86901647,-0.7063911,-0.045344,1.290629,0.01046288,1.93925,0.8552691,-1.3043247,-1.3171571,-0.7970217,0.52670413,-1.9577724,-0.8131854,0.04880254,0.6975906,-1.2100158,-1.1876211,0.6698386,1.3738245,-0.2569911,1.458526,-0.67912006,-0.32904366,-0.68806493,-0.06906584,0.55604595,-0.1925978,-0.5941555,-0.46390766,-0.27907965,-0.31951538,-0.81498045,0.0058653057,-0.42887202,-1.0697151,-1.1777817,0.9439318,-0.8125942,0.6048641,0.6951118,-0.67920405,0.21777546,0.051163953,-1.4995818,-1.1900522,-1.0086884,-0.868869,-1.2142484,-0.7949745,-0.9567947,1.0303816,1.2927656,-0.23947623,0.41777354,0.5259148,-0.7340044,1.3229237,-0.42798337,1.3138542,-0.876865,-0.3846935,-1.1552292,-2.1452847,-1.4373091,-0.90389484,-0.30989808,-1.2372959,1.7334551,1.7213666,0.1965682
0.6434418,-0.07292982,-0.32082754,-0.9285285,-0.43675303,0.51838917,-0.9322919,-0.50385165,0.37974727,0.0752605,-0.3556092,-0.06983404,1.0117756,-0.87465733,-0.85044444,-0.45469826,-0.57477605,0.2665447,-1.9137795,0.5882296,-1.2272805,0.69910014,-0.09228488,-0.8670074,0.83811164,0.19877958,-0.31975237,-0.07239355,-0.51771015,-1.806887,-0.28237936,-1.321533,1.2645438,0.22692034,0.9812656,1.394417,0.020631073,-1.5958567,-1.4230319,-1.4305235,-1.051082,-1.4635601,-0.82924956,-0.9095467,0.49957377,-1.7630979,-0.9425225,0.9125701,0.8150755,-0.6105617,0.22945082,-0.15872614,0.11570483,-0.366851,0.3673048,0.79431754,-0.037125323,0.22483063,-0.1317578,0.556097,0.5974637,1.1858939,-1.2974303,0.20057549,0.39399174,-0.049113076,2.01506,-0.76881707,0.884756,1.0912734,0.22482143,0.6753071,1.0649472,-0.6227564,-0.45299387,0.5177754,-0.07422474,-0.4934637,0.10643088,-1.3441566,1.2787845,2.0949707,0.49606383,1.3951797,-1.0722154,-0.823311,0.26894748,-0.27068254,1.2265218,-1.0703928,0.26979482,-0.57953775,-1.5736669,-1.0924683,-0.6227497,-0.45996636,-1.3554182,0.79155254,1.5508733,-0.48467112
0.78003484,0.23715596,-0.2895667,-0.24663953,0.44563466,0.47084752,-0.5960289,0.029899314,0.124682985,-0.17486496,0.021665893,-0.78213376,0.5566854,-0.84140086,-0.4308876,-0.59841865,0.2674205,0.43686935,-0.807365,0.7808073,-0.212937,1.1140074,0.21561745,-0.47140917,-0.35626292,-0.38331985,0.13028812,0.09077609,0.70881855,-0.85612273,0.40099695,-1.6832911,-0.27148038,0.16954258,0.38159624,0.9597702,-0.12978119,-1.7374326,-1.4141064,-1.597395,-0.6303611,-0.22689877,-0.97952753,0.10842732,-0.06499473,-0.957092,-1.3860236,0.29046386,1.3730897,-0.2647958,-0.34245172,-0.030976651,0.6041564,0.6617817,0.21969694,0.4361306,0.5646176,0.5670496,0.2668418,-0.035686944,-0.002302335,1.0920284,0.4186838,-0.61831254,-0.19816805,-0.0478757,1.666727,-0.6391643,0.71908087,1.6875324,0.71348894,-0.2549227,0.77450883,-0.681858,-0.20529668,-0.048155244,0.87389123,-0.8286951,-0.24329221,-0.36007518,1.4522245,0.45238674,-0.35359743,0.80680245,-0.26441604,-0.41502205,0.70631254,-1.1260151,1.4884528,-0.43115565,0.67826676,-1.6640965,-0.9051739,-1.2867246,-0.1597303,-0.047783498,-0.969247,0.15187566,1.458332,-0.14555994
0.1139268,0.3458315,-0.5317495,0.62620896,0.7383764,0.3606624,0.40863523,0.7814705,0.1689448,-0.35744444,-0.28087756,-1.4215322,-2.117418,-0.435861,-0.5626448,0.42262733,0.4299516,1.3599654,-0.21925415,1.0435951,0.1755896,0.3830514,0.84893006,0.3531326,-0.7918724,-0.15898836,-0.7063188,-0.80431426,0.8507579,-0.40474367,1.2398366,-1.3649809,-0.9622949,0.72421235,0.6492802,2.1978467,0.55268437,-1.8660138,-1.3080028,-0.043846976,0.54173505,-0.4612225,-1.4729656,-0.40647742,-0.3421696,-0.8794575,-1.6386622,0.20472133,0.067244045,-0.6483582,-0.45972705,-0.87765855,-1.0057586,-0.61423033,0.32083252,0.16378078,-0.36668876,-0.73819077,-0.4454129,-1.029935,-1.1177727,-1.6114881,-0.684459,-0.77346677,-1.4060882,-0.39357728,0.2883496,-0.9270886,0.8049547,0.94441974,-0.3489008,-0.11387983,0.6819116,-1.3580642,-0.3798575,-0.7456481,-0.04939335,0.18318422,0.5930625,-1.0119395,1.5976484,0.3562606,0.25801897,0.45071822,0.381831,-0.66597706,0.4530879,0.09887033,2.0643342,-0.19028261,-0.4692967,-1.5650077,-1.2526187,-0.340372,-0.5655163,-0.4383977,-0.54388595,0.7967746,0.97414863,-0.29260048
0.06034644,0.6310777,0.12819824,0.7429566,1.1817361,0.7240784,1.1559919,1.1859728,0.16345617,0.6454883,-0.049277034,-0.33979756,0.5180868,1.3784666,1.0552169,1.033534,1.8519727,1.7500951,1.1544381,1.3134474,1.9458163,1.2545238,0.4614618,1.4874215,0.04530274,0.5045426,-0.17772324,1.5831906,1.1448467,-0.25175446,0.9822821,-0.22315131,0.21363145,2.4950395,1.0849305,0.49116057,0.8669409,-0.3898805,-0.4135057,1.1010265,1.4843736,-1.3073666,0.018511843,0.23272125,0.32951894,-0.70686215,0.71121264,0.53301996,0.18216127,0.5212527,0.29769084,-0.16912818,0.3220276,-0.30107844,0.5091389,0.16477647,0.24565628,-0.4835574,0.28416416,0.1572043,0.21941543,-0.6238911,-0.8812951,-1.0632899,-1.4480957,0.41377878,-0.46786207,-0.5455249,1.473566,0.6204098,0.58601224,1.0850523,-0.21274799,-0.07783251,0.24069315,0.42918742,1.1272174,0.26386178,1.0187161,0.5730516,1.2730223,0.3717222,0.92537934,1.6949246,-0.17437527,0.9446439,0.5441189,1.2032983,0.30012426,-0.51112074,0.6739537,0.64575857,0.3877658,-0.27243936,0.037896167,0.68521345,-0.36990744,0.74210393,0.37064344,0.8543863
0.48519146,0.56474984,-0.16745363,0.9334183,0.52766913,0.15265936,1.0510728,0.72592556,0.023492018,0.18536828,-0.8889584,-0.65452206,-0.33962372,1.250649,1.0827731,0.76728356,0.52123666,0.93465084,0.83677244,0.31847882,1.3053643,0.73243135,1.0141373,0.86426866,-1.0997144,-0.5892576,0.38844252,-0.0072242194,1.5840466,-0.016171271,0.31955925,-0.34859762,0.98586303,1.9857321,0.91518086,0.0014106933,0.7416532,-0.6121743,-0.04115651,0.06395949,1.0227878,-0.80082667,0.16530146,0.31380135,-0.6986318,-0.22754496,-1.0548816,-0.32427722,0.4253221,-0.6433998,-0.14951402,-0.24792847,-0.71269274,-0.093835615,0.6521904,-0.18527614,-0.6688762,-0.09973019,-0.7510404,-1.1624968,-1.4555734,-0.38150433,0.8772864,0.17369923,-0.25827065,0.58413374,-0.49743268,-0.01193101,0.6036658,-0.10280812,-0.5404769,1.1052907,0.7909886,-0.8573842,-0.5307915,-0.8862422,1.0222195,0.026275616,0.5669221,0.44480187,0.8346656,0.3850888,0.5741267,0.9952278,0.24889943,1.2792805,0.7697211,0.18458503,-0.5604476,-0.95156515,0.5016044,-0.9271398,0.19920737,-0.77231824,-1.5340914,0.026988054,0.19383113,0.50022006,-0.06321829,-0.46528253
0.118046805,-0.6446893,-0.23673679,0.58606374,0.02980986,0.6553981,1.020415,0.61012965,-0.24369627,0.011707467,0.20588933,-0.23771925,-0.63773793,1.2110906,0.18791167,0.64650786,-0.22657593,0.6415575,1.0573797,0.26979953,0.9434669,0.70528144,0.426204,1.0648096,0.6025871,-1.07855,-0.580628,-0.45125893,0.5629484,0.62258315,2.1936693,0.69680536,1.2734694,2.0466511,1.7554107,0.5359535,1.4126078,0.78212464,1.3446026,0.859524,1.8755729,-0.79621315,1.1957036,-0.051959865,0.7597436,0.56921035,-0.036430527,0.91842896,0.8088137,0.52106327,-0.3152524,-0.6185111,0.0653478,-0.491716,0.79359734,0.20788094,-0.14634746,-0.2591727,-0.1163533,-0.58529377,-0.64927095,-0.097846836,1.3729872,0.90392846,0.34638405,-0.29964855,0.026751397,0.6810457,-0.82014316,-0.1863546,-0.6548468,0.88966066,0.41788346,-0.12890545,-0.62195206,-0.3979361,0.49264532,0.09875569,1.2798426,0.54917616,0.5881982,0.82836264,1.397798,1.4566209,0.40865147,1.0265827,1.0711079,0.43321162,-0.15403044,0.1545254,0.68353784,0.036851723,0.89442796,-0.19142367,0.97305006,-0.0011373472,0.7475383,1.1641772,1.2212229,0.1606091
0.32084188,0.0065651736,-0.09191614,0.5370009,-0.36411113,0.31013572,-0.048325837,-0.029277895,-0.2517988,-0.87523615,-0.8435721,-0.91096276,-0.49639797,-0.064225614,-0.0911636,-0.087117195,0.13488835,0.10939029,0.051308393,-0.04405979,0.6257152,0.27950898,0.0925557,-0.66127473,-0.7862406,-1.0879366,-0.66345185,-0.5673145,0.2216149,-0.99504805,-1.50149,-0.92302734,0.26300827,0.9508346,1.1737214,0.301268,0.29037702,-0.9310721,-0.19851322,-0.32679856,0.40862924,-1.7409341,-0.15770748,-0.6807165,0.023577115,-0.6157654,0.5014851,0.27327466,1.3663168,0.47328338,0.049099304,-0.4230528,-0.5817279,0.3025274,-0.25552443,-0.13687514,-0.32792333,-0.3131803,-0.14002663,-0.84495443,-1.1638772,-0.5802159,0.29598793,-0.15041524,-0.034015447,-0.32173067,0.45046145,-0.9853937,-0.31502765,-0.57190305,0.21801253,-0.49387285,-0.37865898,-1.2144127,-1.0159533,-0.8583083,-0.14838997,0.11144421,-0.032562006,-0.44396108,-0.026595425,0.6969488,0.33924586,0.05265602,0.5364701,0.03661717,0.5558041,-1.4259616,-0.04298106,0.27673376,0.7543912,0.26505145,-0.20062515,-0.19825272,-0.75957894,-0.17017856,0.5765808,0.3813936,1.1852018,0.3380272
0.94860375,0.6806171,0.4980773,0.88679993,1.3988807,0.8547489,1.0150255,0.85098886,0.7837945,-0.56623924,0.13503186,-0.21286638,-0.10800015,0.52016604,-0.108291626,0.3811953,0.853458,1.6360132,0.55798155,1.5761417,0.2993063,0.71414363,0.3014075,-0.20642234,-0.33083823,-0.7433504,-0.2762511,-0.0032067471,1.0267127,-1.1642997,0.49056652,-0.5506844,1.0025177,0.70409274,0.8882994,1.4911222,1.7116604,-0.8956542,-0.299805,0.5731055,0.99454635,-0.0089304205,0.37490597,0.10302424,-0.41587114,-0.5536947,-0.6397122,0.6805431,1.3786987,0.9005977,0.64703,0.41203323,0.14743425,0.6272087,0.6497714,1.3763957,0.42810422,0.31146017,0.24787234,0.4299027,-0.02310831,0.52295285,0.5014129,0.18651204,0.10085373,-0.039653495,1.8215305,0.11402654,0.47055158,1.3925096,0.6953422,-0.6360448,0.5538489,-0.9393048,-0.45835176,-0.26351902,0.24949038,-0.259532,-0.55230886,0.16135404,-0.0029075695,0.61236906,0.31545702,0.7426222,1.1363373,0.80086356,1.544865,0.34189677,1.8571435,0.13299064,0.948499,-0.7439705,-0.37562415,-0.79122055,-0.51184034,-0.035147782,0.26348057,1.2983623,1.5278174,1.2673051
1.6257656,0.4810191,0.38638663,0.38912046,0.34054387,0.45933047,0.4687494,1.0593536,0.4757176,-0.7972476,-0.38264385,-0.49836642,-0.07858168,0.5207386,0.2041832,0.25514966,0.018587818,2.0672362,0.4210466,1.692322,1.5014895,0.59919226,1.2270389,-0.5405665,-0.2515948,0.38895747,-0.6826709,0.7274346,0.19064009,0.17940138,0.48808873,-0.15454808,-0.9332796,1.2196537,1.1891314,1.6759651,-0.060777657,-0.5416563,-0.0709307,0.1354295,0.7486762,1.0975012,0.02870313,-0.0032976705,0.7625963,-0.33514187,-0.53301984,1.1288581,1.5813438,0.40742093,0.9483839,0.060118593,-0.3001766,0.22764942,0.4462959,0.9277991,0.6501227,-0.03371565,-0.59666604,-0.55791354,-0.016574968,-0.32906228,0.5702232,0.34306097,-0.3045243,0.9939827,1.9950376,0.05025652,1.6519613,2.1270933,1.0566391,0.42787156,2.1087754,-0.48460352,-1.5654901,-0.31883755,0.6778498,-0.57798004,0.43428394,-0.29984912,0.3154998,0.89185184,0.50759,0.9476035,0.2662135,0.010026836,-0.22675112,-0.09228027,1.7564716,-0.4045479,-0.0311777,-1.4075269,-0.92920387,-0.6371914,-0.9723283,-0.733729,-0.953153,1.3788445,1.4643086,0.5034963
1.3173037,0.9415716,0.714584,0.8781685,1.0137835,1.1026417,0.7111143,1.3014486,-0.110547855,-0.6098108,-0.15322241,-0.9765234,-0.26990587,0.26753154,-0.20817761,0.70288104,-0.3190344,1.6407739,0.20824057,1.5431819,0.5653485,-1.1301239,0.050297786,-0.87307066,-0.48151204,-1.2716751,-1.5368425,-0.2775904,0.0058117346,-0.19746736,-0.31673104,-0.19834714,0.6835735,0.97216445,0.15865129,0.75016797,0.098921806,0.42998442,-0.45680508,0.1953817,1.0113268,0.13583113,-0.16381654,0.5201866,-0.03392217,-0.11938285,-0.002009608,1.0651642,1.61645,0.08987154,1.4354539,0.105178125,-0.16811867,0.53518504,0.5915709,0.5169195,0.42423606,-1.0199496,-0.57724535,-0.8375572,-0.7231003,0.41552922,0.07894941,-1.1267126,-0.6271427,0.83561766,1.679238,-0.08955799,-0.041422006,1.1473161,0.17521602,0.08443344,0.7371873,-0.4332181,-1.2899139,-0.8588308,0.49904874,-0.37543598,-1.0150013,0.27886564,-0.38857064,1.251911,0.079256244,0.75085074,-1.2776631,0.6626339,0.96751946,-0.05582627,0.7969337,-0.29297158,0.89924383,0.39796036,-0.5470164,0.32209814,-0.6404527,0.008800875,-0.104132794,1.2121814,2.1857688,0.5182821
1.4707421,0.9183258,0.4093588,0.7245439,0.67536914,1.0255749,0.88653046,0.9893588,0.87951756,-0.9138822,0.999012,0.89708376,0.7648714,0.9886477,1.0527031,0.44932175,-0.70796245,1.3239421,1.2043384,1.8654414,0.7796814,1.1977736,-0.31270224,-0.9830218,-0.32631686,-0.805251,-0.18693054,0.025283664,0.85773265,0.3229964,-0.380717,-0.6339597,0.6335586,0.45078835,0.7468004,1.0814703,0.971396,-0.52310514,-0.017271126,-0.11349261,1.0732571,-1.5318717,-0.46718937,-0.008720937,-0.49610522,-0.94339097,-0.26224285,1.6041417,1.9238386,1.1235722,1.6620947,0.05964565,0.5916226,0.5531694,0.5089839,1.7752662,0.92527205,0.21954618,-0.2004649,1.0135431,0.31354383,1.1143938,1.2887967,0.59063524,0.8197757,1.4714543,2.5825171,-0.29046458,1.4204608,1.7621808,0.8019281,0.59053415,1.3738571,0.11359541,-0.6523187,-0.5366859,0.5275554,0.7774557,-0.14362697,-0.12315544,0.34579507,1.9591266,0.051424187,0.17963348,-0.59221286,1.3600907,1.1698439,-0.6595769,1.105928,0.6425033,0.8082566,0.43298355,-0.69412166,-0.5595919,-1.2169087,-0.4460301,-0.53955895,2.0306609,2.0039792,1.421801
-0.42614576,0.69736093,0.45566374,0.2089962,0.91338515,0.22500865,0.16149385,0.437059,0.7883839,0.31358954,-0.15439856,0.16936553,0.45793816,-0.67821586,-0.08736957,0.636531,-0.42042735,0.33716786,-0.0050480478,0.20954166,-0.4440899,0.06874775,0.63149714,-0.055138078,0.5861645,0.6668358,0.26701623,-0.020193297,-0.848788,0.00758073,-0.63485324,-0.09936799,0.375829,-0.48342183,0.41420525,1.2116293,-0.088629514,-0.6661742,-0.36512953,-0.23655167,-0.8002397,0.52822524,-0.28564277,-1.0688267,-1.3092123,-1.2713113,0.23788005,-0.38459665,-0.20124558,-0.15775193,1.3942101,0.6967306,1.7438647,1.0723546,0.29253688,0.5737475,1.2545873,1.0195433,-0.36102742,-0.00030994116,-0.11553385,0.19870463,0.76504844,1.2282647,0.9692424,0.40354747,1.8544894,-0.027096506,0.2558427,1.4468491,0.4339238,0.88291526,0.3530947,0.2641051,0.4819555,1.285504,-0.003306392,0.09641336,0.10427716,0.45842797,-0.52052313,0.04740135,-0.21817909,0.9062285,1.4988947,1.6269319,0.29806492,-0.1753322,1.7685534,-0.14831015,0.44468957,-0.263616,0.03183682,0.7101867,0.77884763,-0.6083432,-0.37183985,0.5226825,0.1684918,0.37309977
-1.2094599,-0.6884667,-1.4575857,-0.44577155,-0.62191653,-1.1960529,-1.4230667,-0.7154683,-0.04439463,-0.087451205,0.3702033,1.1463476,1.1827232,-0.9021234,-0.6027547,-1.5767022,-0.96923745,-1.9202856,-1.3626552,-1.3717297,-0.84071785,-1.081111,-1.9878638,-0.6539858,0.3326245,0.9360116,0.58829683,0.029113112,-1.4035505,0.78975326,-0.8647854,-1.9352834,-2.2418242,-1.3435022,-1.1702063,-0.82486206,-1.3899754,-0.73175704,-0.36017212,-1.5182085,-2.093999,-0.6718919,-0.3555334,-0.17313969,0.11640307,-0.28951696,-0.3792521,-1.8214817,-1.8079185,-1.4038931,-1.062068,0.8864869,1.299577,0.74019504,-0.44938162,-0.9486236,1.1633192,1.173702,0.102683775,1.0864956,0.6392547,0.59317654,-1.3623022,-0.15087138,1.1824542,-0.6167917,-1.2974349,-0.42707703,-0.80311847,-0.31056404,0.81052744,-1.0380831,-0.5062352,0.53863287,0.362669,1.036696,-1.2504346,-0.46834984,0.16737588,-0.925305,-0.07501276,-0.53402716,0.016035294,-0.5257961,0.35748178,-1.9087121,-0.697581,-0.06699403,-0.8624642,-0.44849533,-0.6728838,-0.08617895,0.5531801,-0.1746604,0.101195574,-0.2630077,-1.5377257,-1.660199,-1.6562433,-1.0095006
-1.081787,-0.10789159,0.40512836,-0.37692046,0.13853297,0.62174624,-1.0107632,-0.65735024,1.0955156,0.37111914,0.70343983,0.14748517,-0.37976798,-0.8705623,-0.5665153,-1.5075661,-0.9450895,-1.535328,-1.305313,-1.4310505,-1.6014445,-0.20497483,-1.3461267,-1.6841655,-0.003732362,-0.0036159765,-0.9557586,0.29311374,-0.31036365,-1.276534,-2.3738337,-0.3180142,-0.29453018,-0.8257909,-0.14495267,-0.6307735,-0.77810943,0.6964174,-0.3543294,-0.9030566,-1.3255757,-0.4545484,-0.8139207,-0.13922745,-1.1850363,-0.3800428,-0.100715145,0.09527128,0.40155953,-7.850456e-05,0.25023383,1.4741681,0.83160526,1.2826604,0.9155345,1.0104297,1.0578449,1.5522879,0.259558,0.17290097,0.18577532,-1.2429769,1.3595614,1.0442636,1.4774863,0.86566454,-0.25353572,0.9011124,0.3679393,-0.17419484,-1.0343201,0.50651526,0.46624622,0.70233107,0.40857622,0.18703356,-0.44276738,-0.47607276,-1.4381895,-1.1027448,0.95849943,1.1168678,-0.22585359,0.52467096,-0.061483312,-0.565724,-0.46700072,0.34779903,0.19082645,1.0527258,0.98524636,0.38340962,-0.22180459,0.677015,0.35381442,0.18358402,0.16330552,0.37688145,-0.0765497,-0.238008
-0.4203442,-0.5874094,-0.10404125,-0.82768285,-0.45580313,0.20140083,-1.2088917,-0.79233265,0.059325922,-0.35226735,-0.2565351,-0.26896134,0.026920069,-0.49239528,-0.48010588,-1.0603297,-2.4312217,-1.4500661,-1.497907,-0.9473846,-1.4906076,-1.3988612,-0.40970808,-1.5050663,0.45728564,-1.1077824,-1.198175,-1.3737966,-0.7902075,-1.5367768,-0.94910884,-0.9138309,-0.18249546,-1.3851612,-0.6143989,-0.059344936,0.2550159,0.43612242,-0.4182027,-0.9436558,-0.42345062,-0.045890152,-0.7172057,0.06705804,0.23686783,-0.26253083,0.11168153,0.19986278,1.2240666,1.7059426,0.6005474,-0.5696031,-0.6947589,0.09429401,0.07374987,0.33341974,-0.7706348,0.29447603,-0.21919413,-0.5131273,-0.5492809,0.27443212,-1.3824944,0.20624377,0.57434434,-0.013939309,0.86238754,-1.1564248,-1.3094841,-0.8372313,-1.7844994,-1.836939,-1.6597648,-0.47253636,-1.1234976,-0.25107318,-0.08393559,-0.842244,0.08163409,-0.23393726,0.30731088,1.4241822,-0.57151306,-0.36481696,-0.86287475,-0.6246004,0.8497409,-0.8364496,0.6939027,1.5080516,1.0275356,0.11911198,-0.20155568,-0.086821735,-0.6392606,0.748427,0.18875732,1.4464582,0.91634613,1.3072841
-0.74337333,-0.62341934,-0.17619444,-1.2049513,-0.499522,0.011717545,-0.742583,-0.8392851,-0.19389543,0.1511556,0.8927998,0.4605307,0.75380754,-0.61059713,-0.23364277,-1.6714396,-1.2816097,-1.4656967,-0.83183837,-0.2779256,-0.75009406,-1.9746612,-1.0096657,-1.6810278,-0.45609218,-0.5041901,-0.021947965,-0.120234266,-0.014976164,-1.3474866,-0.24823822,-0.164959,-0.36501336,-1.4391154,-1.2172664,-0.11444561,-0.053849872,0.35073057,-0.75037473,-0.7298237,-0.9217444,-0.60000104,-1.6065571,0.25331295,-0.103067845,0.015350415,-1.3495879,-0.23024593,1.0571717,0.89659625,0.2182571,0.23484,0.7131987,0.49348336,-0.18237768,0.9755202,0.35504732,0.28991574,0.77903754,1.7096735,0.7653611,0.32297197,-0.32010648,0.18607476,0.46345738,1.3146676,0.52401745,0.7919286,0.40035638,-0.25017348,0.35019094,0.14663376,-0.2565706,1.0982653,0.14876312,-0.030386092,0.486808,0.14341873,0.6286744,-0.19451009,0.69832385,0.89178586,-0.5334562,-0.66539794,-0.50574356,-0.13243869,-0.02164904,0.03942132,0.06957367,0.52325946,0.19997849,1.2217315,-0.25691044,-0.12813476,-0.49127802,0.6996621,0.15988152,0.52689266,0.98836255,0.904506
-1.0761458,-1.9568949,-1.1587505,-1.8232487,-0.553066,-1.0194533,-2.0409946,-1.5350661,0.1305756,-0.22726342,-0.9807948,-0.94154555,-0.63972616,-0.767815,-0.33165228,-1.9240123,-0.7580254,-1.3945358,-1.1738423,-0.35342246,-1.014401,0.92904395,-1.53188,-1.1345371,-0.3589042,-0.45455074,-0.16326053,-0.41357607,-0.65767676,-1.3071113,-1.2986627,-0.9816222,-1.2957233,0.19646014,0.3521776,0.80855626,1.369696,-0.4177757,-1.1478244,-1.6491482,-0.9475917,-0.8011775,-0.3173358,0.11558899,0.46898142,0.038267687,-0.08653082,0.6611714,0.1985744,0.75175387,-1.3401134,-0.80123997,0.15062284,0.9145365,0.04870772,-0.03827512,0.063230835,0.987181,0.69592613,-0.28680286,-0.06635633,0.6347502,-0.18523575,1.2354277,1.7305094,0.14411063,0.08774011,-0.17002384,-0.14035286,0.11990952,0.6225447,-0.10353417,-0.18356839,-0.15768963,-0.039023075,-0.17731081,-0.37459704,-1.1099232,0.4978533,-1.125298,0.35630566,1.6056201,-0.0938256,0.57623446,0.014555599,-0.2309927,1.2284477,-0.44296277,1.075908,-0.17649606,-0.1635516,-0.5616971,-0.50690246,-0.10260366,-1.862697,0.39564806,-0.57698506,0.79689527,0.4387046,0.46664095
1.0157611,-0.68802375,-0.091666915,-0.4487687,-0.7180476,-0.03741439,-0.48431498,-0.5742657,0.60210294,-0.9229297,-0.3282937,-0.9422032,-1.0818595,-1.1126288,-1.5031574,-0.3310067,-0.9483051,-0.988455,-1.3486495,-1.4072081,-1.5356678,-0.16698961,-1.4759165,-1.2800053,-0.17133985,-1.5585102,-0.31240988,-1.6263461,-1.4669744,-2.068318,0.09834393,0.18553767,0.33935618,-0.5908819,0.44520795,-0.15233354,-0.7003266,0.37716863,-0.16300942,-0.73318946,-0.49490193,-0.38980538,0.5734824,0.4925056,0.75799173,0.43565547,0.02253508,1.3097353,0.12003787,0.6970131,0.40088522,-0.0979748,0.30674073,0.69649327,-0.25784332,0.09381834,-0.1261756,0.6631384,0.032151423,-0.0915422,-0.111985885,-0.61275685,0.21775252,0.67641973,0.25797465,-0.26680458,0.09452242,-0.7417293,-0.593002,-0.57028484,-1.4301665,-0.3966428,-0.96578914,0.20978767,-1.0930774,-0.68097,-1.517502,-1.4623837,1.0005049,-0.5560179,-0.42895865,1.0596945,-0.6840034,-0.07735476,-1.0393419,0.44091007,-0.6621069,-1.1105378,-0.7112584,0.64822274,0.52833086,-0.08818794,-0.27410018,-0.35714525,-1.3851817,0.5801739,0.19217066,-0.8138238,0.1071118,0.08807138
-0.284481,-1.176676,-1.0034487,-1.2633802,-0.848998,-0.41798702,-1.9196479,-1.4506452,-0.71603906,-0.37305874,-0.9673771,-0.22257191,-0.33743772,-1.067475,-0.90233254,-1.4503591,-1.9859132,-1.7752352,-1.2721153,-1.8043172,-1.1833472,-1.3448684,-2.2444608,-2.4505827,-0.7623832,0.031491652,-1.5974976,-1.307333,-1.1398535,-1.2612196,-1.3579781,-0.0042522363,-0.18034358,-1.661255,-1.4487138,-1.7175531,-1.6333023,-0.09537504,-1.4880365,-1.4531968,-1.5690151,-0.84781325,-0.6402716,0.47038612,-0.7103796,-0.12932803,0.059944514,-0.56872284,-0.46968985,-0.24096575,-0.24574724,-0.5189401,0.5835586,-0.16821828,-0.4151397,-0.15316832,-0.27248624,0.68516105,0.052507296,-0.2619412,-0.15461482,-0.033204712,-0.39002874,-0.11733375,0.22278763,-0.30663866,-0.025927044,-0.14374578,-0.46288788,-0.7855886,-0.8996558,-0.489395,-0.9678754,0.48072967,-0.7280282,-0.9011205,-0.7991816,-0.87171507,-0.4687589,-0.1109112,-0.32596692,0.56327707,-0.07055475,-0.12382247,-1.9419062,-0.057950187,-0.886324,-1.2068938,-1.4785213,1.0771222,1.3014603,0.42117622,-0.08404648,-0.110029355,-0.12971166,0.97597265,0.4493781,0.49913615,-0.33030248,-0.13730553
0.33326912,0.57514775,1.7367506,-0.110837325,1.1768779,0.3823737,-1.8038509,-1.5625724,0.09445358,1.4004388,1.7440162,1.0490445,1.4711286,0.2186801,1.4220221,0.19197528,-0.668976,-1.6547467,-0.6767096,-0.46750116,-0.37824315,0.7870155,0.37999684,-1.3213012,0.57427996,0.6815907,1.8710691,1.4662024,-0.004229871,1.4028472,-0.43210354,0.99110144,1.1969782,-0.8930635,0.5351426,-0.3726887,0.35174334,2.101613,1.6546267,-1.370181,-2.1089404,0.8991325,0.8855769,1.0984474,0.27339643,1.2239915,0.8550215,1.0555803,1.0999444,0.6928938,1.720926,2.002635,3.0255444,1.3606764,1.3313687,2.3012865,1.060529,1.5965604,1.7130481,1.9740396,1.7311805,1.8998408,2.8393278,3.1006415,3.6817956,1.9531225,1.8857044,2.4100547,1.7781627,0.7507695,1.5124673,1.396002,1.9115143,2.0361998,1.2594312,1.5139675,0.43564913,0.7644555,0.7282615,0.9172707,1.4814852,2.3553293,0.7450864,1.6178381,0.41861904,1.9067389,0.8160664,1.5079583,0.6308241,1.7601622,2.0114129,2.506823,1.2516583,0.9961058,-0.5518826,1.3227488,1.1345838,2.3379784,0.8389898,1.3881301
-1.0135456,-0.62273777,0.19555047,-0.69654554,0.29581597,-0.07287181,-1.0985215,-0.63548446,0.6983205,-0.5229865,0.038990743,0.6675623,0.9116305,-0.68823016,-0.078300215,-1.2451744,-0.7565754,-0.76382554,-0.4505674,-0.5332004,-0.8145395,0.79927117,-1.095067,-0.59255415,-0.017095936,0.34060752,-1.5354868,0.4020399,-0.6486097,0.50140256,-0.002349644,-0.083053224,-1.2865089,-0.5336845,0.13831054,0.48814407,0.573506,1.5478523,-0.2056338,-0.714853,-0.48550966,1.0892379,0.51854557,0.059627764,0.48568505,0.5507808,1.9537312,-0.47407454,0.33212358,1.1182791,-0.5211965,0.3672507,0.036491703,0.6823117,0.75051993,0.58260757,0.6999473,1.4861152,0.075913355,0.57534367,0.78389627,1.3101472,0.9757492,0.58705175,1.4881698,0.32565945,-1.5326716,0.38879353,-0.8326117,-0.34256488,0.14290644,-0.54881394,-0.52400064,-0.42910835,0.19454274,-0.55212295,0.033771757,0.33902296,-1.1675819,-0.5666954,-1.810323,-0.39328316,-0.6689666,-0.70485306,-1.3476385,-1.6370163,-0.33645397,0.4160981,0.37593675,-0.7547821,-0.7919886,0.15347081,-0.66374403,0.11968699,-0.6128401,-0.034387413,-0.6070957,-1.0508915,-0.10870402,0.2835811
-0.5113908,-0.6319528,0.06353157,-1.1524864,-0.37130445,-0.42424998,-1.8520898,-1.4511862,-0.12967646,0.1522202,-0.40539393,-0.9933414,-1.0337418,-3.9069657,-3.5865436,-0.8489532,-1.4747186,-2.956797,-2.8237789,-4.1632605,-5.1606417,-2.3526154,-3.1769202,-1.8536395,-0.5260677,-1.1141835,-0.089570224,-1.1265665,-2.9335501,-2.5167665,-0.40228698,0.4065733,-0.37483266,-3.6047223,-1.9215914,-0.57211745,-0.4959412,0.19469427,-0.7809359,-1.1571171,-2.6352675,0.6564645,-0.38788322,1.0846913,1.1444365,0.7297899,-1.4199072,-1.8921145,-1.2018522,-0.82922584,-0.33302826,0.7191726,-0.36343634,0.42443356,0.38724333,-0.6604484,0.4611095,0.6140341,0.4832412,-0.54454345,-0.65985036,-0.4555294,-1.1815872,0.22579463,-0.25102186,-1.9416484,-1.368006,-0.74297315,-2.091271,-0.9538822,-2.7419713,-1.6952671,-1.7710005,0.104350485,-0.44757167,-0.54381245,-2.0571885,-1.9805113,-0.91568166,-1.404546,-1.1898569,-0.6920144,-0.45772496,-1.3124021,-0.28219745,-2.0396554,-0.682539,-0.62603825,-1.2594343,0.31418166,-0.92939126,0.038185265,0.19902875,0.01132703,0.18030304,1.448347,0.22821651,-1.578529,-1.3720765,-1.061328
-0.9289268,1.3605926,0.7992904,0.78469396,0.85116315,0.7495075,1.3187605,1.2038865,1.474757,-1.1168115,-0.07203021,-0.5049042,-1.6151142,-0.18253586,0.14387995,0.31702623,-0.31085572,-0.80152714,-0.33805382,-0.8240113,0.2939689,-1.7723666,-0.7944236,0.14639413,-0.68234617,-0.78986496,-0.361466,-0.23278451,-1.2308843,0.91180277,-1.5785223,-0.33532742,-1.3628211,-1.3777578,-1.730872,-0.43707147,-0.922923,0.9450171,0.17373595,0.6766082,1.0875722,1.2059258,-0.16339137,0.9569788,-0.5559331,0.6743129,0.61392075,-0.026159173,-0.39239156,1.3163167,-1.2707835,0.4340536,-0.29333213,0.079517454,0.61315715,-0.3611884,0.56223834,0.27658442,-0.6694914,-0.7839827,-0.08992801,-1.787943,-1.7746949,-1.2591178,0.33068594,-0.95414627,-0.9247625,-0.9647722,-1.2334957,-1.098699,-1.1310878,-1.0932047,-1.7586169,-0.22372003,-0.6096014,-0.43939927,-1.0754226,-0.29176012,-0.7457961,0.33238366,-2.3599095,-2.2348359,-0.7481503,-2.1144814,-0.071571164,0.040915813,-1.6381418,-1.1155376,-1.1882558,1.4139519,-1.3530446,0.053272743,0.1467599,0.028755385,0.094712816,0.7926791,1.1847708,-0.8518547,-1.3537687,-0.14777252
-0.99319816,-0.3311774,-1.9095786,-0.2602447,-0.7998295,-0.89896923,-0.59524137,-0.48703486,-0.31291023,-1.261922,-0.062585585,-0.23852219,-0.88334906,0.05378388,-0.23896308,-1.2804968,-1.3062165,-1.1723723,-0.13382061,-1.221525,-0.29985332,-1.0018151,-0.42596993,-0.3025353,-0.65282434,0.62391764,-0.22621049,1.4025075,-0.63410825,1.4154733,0.32250714,-0.883351,-1.6131941,-1.2749007,-1.2339061,-2.2628534,-1.8673878,0.9096237,-0.81107724,-0.52508247,-0.52368987,1.8592261,0.09657727,0.7873306,-0.62708205,1.201147,0.75001794,0.0571717,-1.2531277,-0.392958,-1.9067562,-1.0046448,-1.0046334,0.09427309,-0.65036124,-1.0656792,-0.31726193,0.0028786534,-0.6107388,-0.28124818,-0.8170184,-1.2655799,-0.12643544,-0.79178137,0.39829504,-0.7342853,-1.3011065,-0.032460578,-0.997191,-1.1767062,0.19633518,-1.4524174,-0.97249764,-0.35582104,-0.20522434,-0.41646752,-0.5286979,0.5012727,-0.9468752,-0.98635465,-2.3697538,-1.864955,-1.6282904,-1.9803221,-0.48890167,-1.3773735,-2.7169702,1.0988605,-2.1679707,-0.21183558,-2.1603713,0.17514041,-0.12625296,0.28351122,0.44364816,0.35223,0.64663744,-2.2289057,-1.2528411,-1.269848
-1.210086,-0.281428,-0.44410864,-0.27511743,-0.42605394,-0.5186935,0.084427536,-0.018748594,-0.71373373,-0.49367398,-0.033352744,-0.53156143,-1.3717197,0.74911475,-0.14335446,-0.797059,-0.58676136,-1.1209843,-0.02480137,-0.4023182,-0.20235054,-0.8620966,-0.055906884,0.13708918,-1.3628551,-0.11075357,0.86246604,0.50791204,-0.8182444,0.7893664,0.17248945,-0.9561059,-1.8145759,-1.617584,-1.3453763,-1.4386051,-1.6434561,0.54774284,0.46223137,0.10124113,-0.45545962,1.4258803,-0.39028016,0.070213504,-0.25024888,1.2657584,0.262028,-0.70937407,-1.9312984,-0.79286885,-1.6110597,0.07551176,-0.865193,-0.0761185,-0.18831486,-0.9414135,0.35087535,-0.26246458,-0.42311832,-0.6464401,-0.4870607,-1.6223187,-1.04475,-0.18843478,0.76970655,-1.4370167,-1.3370398,0.2564463,-0.52005726,-0.9028303,-0.7122672,-1.4324391,-0.5679282,-0.5754714,-0.020250957,-0.15640347,-0.83696276,0.24671613,-1.1159394,-0.26448634,-1.7748026,-2.2809381,-0.8907317,-1.2790654,0.638367,-1.686558,-1.7250854,0.37565628,-1.3690988,-0.25463754,-1.7606682,-0.92512244,0.26468292,-0.12971085,-0.032151293,-0.052041244,-0.9691692,-1.9545404,-2.5591288,-1.464479
-0.8123574,-0.23005602,-0.23370661,0.17758189,0.26208296,-0.38422984,0.37108007,0.087015584,0.07080731,-0.62093234,-0.9251042,-0.512151,-0.6508623,-0.2504578,-0.2716498,-0.5784995,0.05483319,-0.58576345,1.0092075,-0.40951753,0.26881987,-0.83882535,-0.22674628,0.2641568,-0.32179385,-0.2615928,0.038713586,0.34358588,-0.46348318,0.67449856,0.2732918,-0.518909,-0.9879334,-0.3013436,-0.3265386,-1.7189783,-1.0799693,-0.45533258,0.46891555,0.164178,0.40860584,1.1336839,-0.2000404,0.9800287,0.84818536,1.6995248,-0.48592904,-0.33245006,-0.7100304,-0.08905134,-0.8975863,0.18356736,-0.3623344,-0.20721458,-0.21763591,-0.73258185,-0.03822544,-0.6594188,-0.6312747,-0.53984356,-0.45471686,-1.0934575,-0.040036958,-0.3770208,0.30217794,-1.3427016,-1.252924,0.2676644,-1.3219843,-1.1595061,-0.5904605,-1.1596674,-0.85086346,-0.70169115,-0.0020703045,-0.60113454,-0.587371,-0.06814271,-0.75556016,-0.14063618,-1.1102886,-1.4856448,-0.6450124,-1.456053,0.2821575,-0.6691888,-1.7861307,-0.10322096,-1.6003536,-0.12278084,-1.3907027,0.1599285,-0.35513392,0.24617581,0.114617735,0.27027604,-0.21048379,-1.5280498,-1.0381074,-0.64019734
-0.35329157,-0.39858878,-0.87474215,-0.38289443,-1.1498913,-0.019161161,0.46776733,-0.14937472,-0.48526844,-0.33345437,0.02693235,-0.12936595,-0.27933496,1.311704,0.29678378,-0.13071203,0.3331337,-0.6130999,0.83860725,-0.2866953,0.41013554,-0.4601778,-0.7404756,0.5760561,-0.9062696,-0.71404046,0.2941356,-0.090333454,-0.14218359,0.24225412,-1.0232056,-1.3817651,-0.17040265,-0.58801556,0.23127592,-1.1170899,-0.7390856,0.4004466,-0.7630436,0.19382074,0.42750043,0.14175463,-0.1416647,0.47836486,-0.041303556,0.39809516,0.19788755,-0.30969775,0.4466414,-0.009569757,-0.75240177,-1.091775,-1.596941,-0.8894891,-0.8488365,0.15296434,-0.98577434,-0.88774526,-0.0025194853,-0.42148024,-0.21133585,-0.9381354,0.11544607,-0.48507932,-0.54516214,-1.0692612,-1.2854778,-0.9328902,-1.7446182,-1.8735808,-1.1975003,-1.0607874,-0.13310586,0.2577282,-0.35222,-0.67798394,-0.38511777,0.16373828,-0.38921127,-0.7113786,-0.48013413,-0.56317407,-0.57026595,-1.0204775,-0.33852768,0.9629403,-0.5956433,-0.40215647,-1.3412945,0.67489314,-2.0605357,-0.4976389,-0.17398024,0.2736413,-0.71481943,0.5119273,0.32112226,-1.6918446,-0.021109233,-0.54823226
-1.0249876,0.33094817,0.284098,0.17771576,-0.018001257,0.30817285,0.2948809,-0.09793197,-0.13432007,0.25751168,0.69784945,0.57812434,0.13421272,0.47193035,0.1329232,-0.16041656,-0.23015197,-0.33747303,0.47802004,-0.26938584,-0.036243632,-1.52802,-0.41246197,-0.054082077,0.32613382,0.66642565,1.202485,1.221405,0.73160505,0.1223811,0.20773807,-1.2953601,-0.67495114,-1.2437384,-0.16427246,-1.2793081,-0.0621513,0.21541998,-0.6194635,0.17080645,0.021258865,1.7496982,-0.111638136,0.4396373,-0.21575312,-0.092099555,0.14389643,-0.08802445,0.6642111,0.5607261,-0.371266,-0.06564453,0.5850624,-0.08627606,-0.31676537,0.34462216,-0.6467947,-0.5727491,0.2000824,0.92867744,-0.21959782,0.6245397,0.52903914,0.0045595206,-0.5513065,-0.19291696,0.5290055,-0.3462593,-0.90441763,-1.2905624,-0.43844908,-0.085203275,-0.5094688,0.67334914,-0.043358374,0.4347055,1.1392418,0.6406821,0.5095582,-0.08590393,-0.3454033,-0.4675045,-0.19241889,0.47539428,1.2219657,0.6555627,-0.19567372,-0.30760473,-0.3685323,1.7353351,-0.36583954,-0.11914036,0.1910895,0.8341793,0.41233143,0.7020613,0.36085236,-0.062299088,0.45508388,0.14651439
-1.4883099,-0.20451719,-0.34636676,-0.102305844,-0.11093879,-0.073328465,-0.60545766,-0.25754067,-0.1683934,0.15057394,-0.15469421,-0.10911842,0.3154389,0.49110514,0.15553364,-1.3880336,-1.7196978,-1.0146149,-0.70546883,-0.10108651,0.7759134,-1.8187107,-0.26158276,-0.75798374,-0.36817268,-0.23814414,0.53864163,-0.38493207,0.0075285784,1.030696,-1.7019818,-0.7761044,-2.801124,-1.6558509,-1.5461638,-1.6071205,-1.2807032,-0.42779863,-0.9396045,-0.7816403,-0.5931585,0.57677436,-1.2951541,0.75332123,-0.9726637,0.2000394,-0.66916746,-1.841631,-0.5956892,-0.22757475,-0.81417024,-0.11737311,-0.37479317,0.35514516,-0.3787207,0.16777028,0.072297536,0.13344583,-0.0576204,-0.20825534,-0.29926032,0.37879252,1.2873356,1.4164383,1.123919,0.38777286,0.24992876,-0.8041028,-1.6938698,-0.59834594,0.94181585,-0.5102786,-0.22923799,0.9068888,0.46760523,-0.34209773,0.6802415,1.3708879,0.8334075,0.16687323,0.9850938,-1.1876847,-0.61265683,-0.805539,0.55730116,-0.62116104,-0.67073214,1.3475497,-0.732703,1.916579,-0.7174589,-0.5863393,0.8676311,1.7939366,0.1566681,0.8844307,1.1510346,-0.9107018,-0.063830815,0.3321461
-1.7764611,-0.12087674,0.7721774,0.06821287,0.15935828,-0.26556352,-0.60499704,-0.41202012,-0.23115002,0.027327335,-0.7961423,-0.39414683,0.19123736,0.43549907,0.19077946,-0.67944634,-0.37231243,-1.1309065,0.20474526,-0.14402065,-0.6401925,-0.11089691,-0.22418225,-0.84257865,0.4866839,-0.074041724,1.2000145,1.6342676,-0.8858512,-0.15446642,-1.1257927,-0.55091774,-0.27716896,-1.5278916,-0.60393894,-1.2085127,-0.98889756,0.68552774,-0.63866,-0.45653358,-0.71328485,1.9491639,-0.32273182,0.8446488,0.7968038,0.8655626,0.994918,-1.0995777,-0.8407042,0.28281778,-0.030210251,0.09424754,0.3781134,1.7354552,-0.1908733,-0.7343419,1.0845982,0.43521047,0.21571629,0.20904525,-0.2243956,0.693938,-0.09333918,0.83122,1.6722769,0.9940175,-0.99634266,0.5474605,-0.75956076,-0.21517678,0.062089264,-0.7059936,-0.42680734,0.34400734,-0.52179456,0.0061206934,0.18983746,0.22721477,-0.1390767,0.09119348,-0.9395856,-1.0448974,-0.5956716,-0.5273951,-0.42399102,0.1861464,-0.48644373,-0.06593432,-0.4392824,0.58534455,-0.63698137,-0.15799658,0.38571158,1.1545762,-0.24637187,0.93838525,0.3599883,-0.29951763,-0.8676096,-0.15170592
-0.49436107,0.7961251,0.86974025,0.2211995,0.6418477,0.8317502,0.49359134,0.34686673,0.4269623,1.0177915,0.9119586,1.101541,0.83025616,0.6732829,0.20848233,-0.30735657,0.15003458,-0.5348076,0.7162379,0.07522276,0.5558481,-0.49750102,0.58494496,0.43984476,1.0177532,0.7173712,1.1846248,1.4912207,-0.0411276,1.6481112,-1.344363,0.82467675,-0.8427949,-0.9105005,-0.15705186,-0.32678187,0.08120964,1.1574763,0.65694016,0.4404819,-0.096013784,1.2780023,0.8067502,0.3387756,0.21175776,1.0210903,0.4074449,-0.8489596,0.053105187,-0.37694085,0.022352275,0.72359556,-0.1463619,0.5768152,0.57671297,0.42416817,0.44982615,0.6349019,0.73124325,1.1784282,1.0158824,-0.33346742,0.37823346,0.3172925,0.44305694,0.87895095,-0.5072593,0.9266133,0.35917905,0.11028771,-0.2963946,-0.20451647,-0.062718816,0.77589643,0.2621733,1.1448332,-0.080577806,0.6414735,1.0918887,-0.475018,-1.7680315,-1.4478551,-1.1465634,-1.5452378,1.145384,-1.3740543,-0.76836324,1.0037886,0.70058423,-1.0070273,-2.247825,0.22458023,0.24497338,-0.34651446,-1.1080989,-0.63888276,-1.4212288,-0.9575965,-0.35805273,-0.34141043
-0.79670906,1.496068,0.87483466,1.145979,0.8580471,0.7517651,0.51261985,0.68633294,1.0769861,1.0402493,0.10637516,0.9013389,0.9684179,0.26486683,0.93456835,0.9617607,0.8195299,0.14882694,-0.047808185,-0.5005828,0.434946,0.9158912,0.8262383,1.6797847,1.3055584,1.3102516,1.7119775,1.8086729,1.202721,1.2576925,0.9313047,1.1941669,0.37073135,0.5389941,0.7330398,-0.39261484,0.18780404,-0.13415901,0.74587965,0.86795527,0.50419635,0.69913393,1.4606038,0.5350106,0.22085398,0.8862023,-0.035796773,-0.17877245,0.13626337,0.2630575,-0.048233837,1.6203147,0.61159253,1.2643604,0.62092763,0.08032567,0.87481004,1.1981113,1.246458,1.3971837,0.4336553,0.9883526,-0.36181998,1.4263101,1.0243284,-0.18842815,-0.90800136,-0.2835704,-0.08922078,0.22056365,0.28483573,0.43307093,-0.031767607,0.5494393,0.9614417,1.0491239,0.8111461,0.60985345,-0.7291382,-0.3745066,-0.51129454,-1.2679851,0.005958542,0.538117,0.90197563,-0.7239024,-0.3116781,2.5048943,0.27697426,-0.9177504,-0.9785745,0.27655447,0.7013023,1.2360761,1.0367393,-0.33134106,-0.5629863,-1.2658759,-0.15079127,-0.22719742
0.25396025,0.0024773993,0.11310874,0.70686007,1.0229908,0.9702234,0.8240522,0.4117719,0.745175,0.91670907,1.2650355,1.1089122,1.8135086,0.9434546,2.268902,0.8587925,2.239941,1.5444839,1.9545925,1.1318767,1.5598055,1.9688151,2.0576973,2.0751429,1.5566308,1.2326452,1.2514528,0.8724922,2.086241,1.1124785,0.5151872,0.40887886,0.44044238,1.4123703,1.2011682,-0.25934282,0.03233139,0.66418946,0.95173454,0.7283218,1.2902217,0.8251691,1.1273001,0.53891605,0.2545527,1.098838,-0.37636515,1.4004577,0.5277787,0.30155933,-0.14441879,0.36920345,0.21493973,0.2695825,1.0708343,0.7642997,-0.6174609,0.62098753,0.91770756,1.7312194,1.2125186,2.0343626,0.71322984,0.60960436,1.199777,1.7408053,0.01159366,1.3814307,0.42989814,0.25588727,1.3605802,1.3282939,0.6283429,-0.04563646,1.1553557,1.4165013,1.2387841,0.51873684,0.24007028,0.66218406,1.2061375,0.11116886,1.4051893,0.95784175,0.5805615,1.0045894,0.3918472,0.98105884,0.18753374,-0.0070195254,0.0092831,0.9351166,0.39209417,0.8626083,1.5520811,0.054285817,0.03527499,-0.12526251,0.51087075,-0.22688094
0.24040774,-0.6280876,-0.33668035,-0.7497275,-0.70547324,0.42911103,0.12247935,-0.8732268,-1.6336387,-0.149245,0.81097275,0.046761487,0.18368214,-0.31878746,-0.42581233,0.3952346,1.4120312,0.8442483,1.0591362,0.22764549,-0.26558214,1.9624823,1.2519891,1.2295105,0.2258011,0.18208387,0.012375876,-0.0046887593,0.81336045,-0.33338407,-0.05377027,-0.21519177,0.8058084,0.5541617,0.9283033,-1.19916,0.25212115,-0.2753818,-0.005965293,0.32858,0.24603535,-0.18480903,0.4707303,-0.22273228,-1.7755007,0.21630031,0.47038427,0.31769356,0.0657961,-1.5730823,0.55751944,-0.68809223,-1.3207867,-0.7204745,-0.555998,-0.25313976,-1.6430633,-1.645896,0.27533072,-1.12102,-0.9371073,-0.34554097,-0.30908445,-0.54366237,-2.007408,-1.1395673,0.41705194,0.73161536,0.726365,-0.34878752,-0.48197734,1.4281433,0.17806464,-0.29043433,0.6882551,0.06779322,0.041011922,-0.07598549,-0.66246307,-0.090738796,1.0173969,-0.63548577,1.0611027,0.62219965,0.055412475,0.5069676,-0.6149266,-0.9218734,-1.2397779,-0.37651032,0.32869262,0.66935486,-0.29296872,-0.6872229,1.1897222,-0.36765528,0.050703198,0.34676215,-0.026204577,-1.144518
-0.73060715,-0.36042258,-0.88113904,-0.089065045,-0.39457384,0.2764301,0.3574105,-0.09715115,-0.8789627,-0.49225143,-0.095823266,-0.12085894,0.3298735,-0.08766308,-0.5076087,0.17103194,1.1267924,1.0503733,0.5003823,0.9006203,0.60608965,1.6856371,0.7890689,0.8970007,0.10021876,0.8961295,-0.33568603,-0.9007137,0.4806528,-0.5107425,0.5709862,-0.5719032,0.78787804,1.2029707,1.1557944,-1.3870251,0.25128597,0.2607599,0.771547,0.44489938,0.7172354,0.5045621,1.1516669,0.3260769,-0.61172134,-0.18949254,0.6633232,0.87058467,-0.37764052,-0.54846,-0.124405146,-0.84974605,0.29273486,-0.29271168,0.15876774,-0.44270554,-0.9870568,-0.87902457,-0.1800903,-0.5549581,0.44215515,0.6762433,0.62200946,-0.4340003,-0.49974817,0.2753288,0.22643058,-0.26670447,-0.21986648,-0.6930609,-0.25966814,1.1255919,0.2515778,-0.3347298,0.28995192,0.36075944,0.32155684,0.2367218,0.8384862,-0.15700635,1.2488495,-0.075068474,0.9642332,1.319943,0.42481616,0.4891505,-0.46190846,-0.97414833,-1.3489335,0.068185404,1.0568899,0.46362054,0.3485144,1.1789349,0.6579883,0.28184047,0.447921,0.52394646,-0.8483856,-0.30594715
-1.853404,0.20200849,-0.48489568,0.5371992,0.33204195,-0.2593809,0.1017527,-0.33191693,-1.0776267,-0.58631134,-0.19682005,-0.23762587,-1.2437778,-0.28163028,-0.64402956,0.039775487,0.35195443,0.5374406,-0.16522479,0.0807886,0.27389202,1.0183098,-0.081382096,0.6336923,0.050245896,0.25569648,-0.6067033,-0.6844828,0.28153554,-0.7032213,0.87654495,-0.3821001,1.423771,0.03461511,0.13265225,-0.6414911,-1.8362036,0.32018575,-0.13096692,-0.3814248,0.12789139,-0.34678102,-0.37312844,-0.11095473,-0.7118604,-0.28275725,-0.25089005,-0.07826077,-0.90882504,-1.2010897,-0.6657779,-1.0208966,-0.74474,0.1344694,-0.32014433,-1.7035722,-0.7917132,-0.98090607,-0.3468356,-0.5457213,-0.28695986,-1.2725408,0.07587377,-0.66796285,-0.12851487,-1.0075132,-0.41294596,-0.99765307,-0.81548256,-0.62752986,-0.81510043,-0.35703847,-0.03061162,-1.0870042,-0.2505438,-0.31783232,0.37253898,-0.5730013,1.0848198,-0.8387463,0.6709297,-0.22192968,0.1654895,0.6826721,-0.73922503,0.7429417,-1.1374462,-0.8452526,-0.28497243,0.16101772,0.6270607,-0.22522168,0.0155557,0.6622829,0.43121806,-0.034814727,0.019831032,-0.33442223,-0.9248389,-0.6450031
0.33019078,0.03926115,0.5720468,0.18888073,0.34228194,0.37145987,0.38528815,-0.17026009,-0.78678226,0.008273849,-0.7200632,-0.45425498,-0.35924768,-0.21725154,-0.033070963,0.41851953,-0.10234876,0.13072458,0.37649602,-0.3991521,0.27676538,-0.17253175,0.27554956,0.5056635,0.43537274,-0.58701736,0.14913589,-0.40854916,0.38125336,0.09460329,0.24555475,-0.47462514,0.72198576,0.830475,0.47992486,-0.2522421,0.410642,1.3859383,0.7204869,0.47975606,0.5071217,0.04798108,0.10673294,0.8150781,0.4997904,0.017291293,-0.55851007,0.19649816,0.40028277,0.20472077,-0.3810706,-0.20613979,-0.68223995,-0.52009684,-0.3144524,0.013874627,-0.9247771,-0.6167317,-0.53110266,0.34153756,-0.7561964,-1.0521158,0.4918665,0.19928116,-0.73822606,-0.21702799,-0.32720375,0.008038583,0.0544876,-0.5765187,-0.61429405,-0.05295312,-0.5349431,-0.03763596,-0.7680435,0.05419169,-0.6359171,0.2560571,-0.38676354,-0.17289883,-0.20796643,0.18739347,0.9470764,0.8024442,-0.5655483,0.5041453,0.065673366,-1.1028616,-0.6777142,-0.32118604,0.55401355,-0.06436539,0.1577746,-1.0136954,-1.2042339,0.41771948,-0.3683104,0.7360281,-0.463925,-0.4783709
-0.9271006,0.4530455,-0.36885214,1.1217086,0.7274606,0.5078733,0.40241453,0.31650674,-0.1661877,-0.8964505,-0.18471952,-0.6301247,-0.53754896,0.17172459,0.25945222,0.7629387,0.7871743,0.860889,0.056636315,-0.38647252,0.24104714,2.2513797,0.65552425,0.47653568,0.1330673,-0.45111567,-1.2568456,-0.47748986,-0.2623387,0.7889272,2.3054082,0.7017033,1.3276216,1.3686816,1.0072471,-0.45457536,0.14959669,-0.52996206,1.1494527,-0.031731714,0.9656255,-0.23951316,1.2256951,-0.18618749,0.49111167,-0.005998988,-1.0415448,0.3633206,-0.6500224,-0.5757246,-1.0810505,-0.4050382,-0.38720956,0.593817,0.28738236,-0.949174,-0.5961572,-0.05122621,-1.0004814,-1.2143188,-0.5089316,-0.22287776,-0.21722624,-0.5495302,0.20710228,0.041945323,-1.0587953,-0.8365203,0.3264028,-0.7678478,-0.42612836,0.79859066,-0.8921553,-2.0721357,-0.561972,-0.026520867,-0.51278406,-0.6466632,0.58371353,-0.3617834,-0.3621557,-0.722492,-0.033128105,-0.04236631,-1.1270224,0.565282,-0.5604463,-0.09022902,-1.3695608,-2.0431,0.3093182,-0.16513258,-0.89335835,-1.7996888,0.68954146,-0.66821784,-0.7056197,-0.5432777,-1.3616142,-1.4350808
0.23365188,0.5240127,0.14909026,0.75867105,0.58210707,0.10148623,1.2301224,0.40255022,-0.22655365,-0.47732997,-0.74928564,-0.7497593,-1.1078507,0.8647394,0.6011643,1.7224897,1.805131,1.1021334,0.93650055,0.6624042,1.2036229,1.7490785,1.3639005,0.4021976,-0.2938525,0.051629137,0.085427776,-0.22718404,0.92570287,0.83686155,3.658824,0.07872859,1.1127787,1.2616036,1.5520763,-0.94450456,-0.6525454,-0.22523172,0.022712313,0.8646828,0.8529629,0.41136014,1.1124327,0.10487289,-0.6249441,0.4957249,-0.32473502,0.89568,-0.64502895,-0.9384486,-0.33278546,-0.3085478,-0.23980394,-0.29769704,0.15267123,-0.29094532,-0.49976805,-0.37741163,-0.41039786,-0.7469975,0.033943944,-0.21429224,1.4978691,-0.6318637,-1.025,-0.78894,-1.1609373,0.22234981,0.7927143,-0.7130664,-0.50762266,0.99744964,-0.50098383,0.0530474,-0.22334966,0.10817604,0.7267897,0.09282719,0.95550656,0.69214463,0.03693897,-0.7181483,0.6384821,1.6889677,-0.33313164,1.0636339,-0.8752141,-0.35907984,-1.1752288,-0.81877756,0.86031324,0.6553181,0.85929996,0.11253567,-0.30577832,-0.13872404,-0.0540705,0.09797054,-0.90546143,-1.1941851
-0.600997,0.39679587,0.56002086,0.23859532,-0.4652946,-0.53140825,0.111806646,-0.2692567,-0.82718337,-0.021776693,-1.1116006,-0.10462509,-0.7944027,0.38367254,0.16625936,0.5063157,-1.1691214,-0.07078282,-0.1884884,0.59316,-0.06864786,0.033272628,0.15282303,-0.08687946,-0.771961,-0.050201513,1.4271241,0.0894157,0.47880414,1.1880391,-1.9721277,-0.06971024,0.079689845,-0.84075177,0.13921669,-0.75213474,-1.5991068,-0.42870325,0.28732544,0.037549388,-0.34814334,-0.5365209,-0.26615435,0.43536517,-0.18971895,-0.31089944,-0.1011366,-0.041380707,-0.45501977,-1.4250231,0.12563267,0.29034913,0.59466463,0.6388085,-0.5406538,-0.7551427,-0.3228759,-0.3200822,0.3968507,-0.2778081,-0.9588272,-0.4234348,1.1834326,0.15188809,0.46138903,0.14574215,-0.5414275,-0.8570438,-0.71632683,-0.5743882,-0.48008057,-0.18157363,0.25372857,-0.2835562,-0.30922475,-0.3367058,0.13996261,0.15635431,-1.7045994,-0.07924365,-0.21254063,-0.8718266,0.63505435,-0.059663758,-0.49957788,-0.9801778,-1.0764743,-0.23826429,-0.70600235,0.4864797,-0.115041345,0.5642294,0.29201505,-0.39623627,-0.7204032,0.3958054,-0.9494002,-0.31882146,-0.6923153,-0.91643864
-0.120494045,-0.27348343,-0.2264958,0.13333772,-0.73677665,-0.40367684,-0.41252902,-0.016746406,0.4859813,0.19726118,0.9142141,-0.53997886,-0.6551756,-0.3434949,-0.38930145,-0.82214665,-0.12684073,-0.37941346,-0.64819664,-0.19608136,-0.94831276,-1.1092855,-0.87329495,-0.46094534,0.32883734,-0.112219,1.3528712,0.3656299,-0.64238435,-0.084600404,-0.74191517,-0.69604796,-0.49800718,-1.8593559,-1.166924,-0.5603845,-1.0946332,0.07745539,1.1408808,-0.57376087,-0.85680896,0.9481984,0.6264848,-0.14229888,-0.056094747,0.8125819,0.11832367,-0.8968051,-0.5856403,-0.64451754,-0.9140514,0.3595563,0.52995896,0.5391403,0.30815658,0.10115928,1.4602516,1.1309575,-0.10842911,-0.067889504,-0.65465534,0.009353496,-0.98136353,-0.30086935,0.54178387,-0.7127877,0.102507256,0.17397064,0.103402555,0.836127,0.20121728,-0.5412676,0.20352821,0.71343666,0.25339332,0.23202914,-0.4717209,0.2728951,-0.75127655,-0.71507555,-0.9462442,-0.80189896,-0.030834943,-0.45271328,1.0113345,-0.6693013,-0.43884066,0.3026096,0.2767105,0.16534925,-0.26883003,-0.06628785,-0.08024568,-0.44138673,0.7290168,0.042502157,-0.5301639,-0.6591611,-0.51598936,-0.3651385
-0.80118984,-0.50001436,-1.1689916,-0.13816494,-0.16420533,-0.47959164,-0.7118548,-0.5874563,-0.49263403,-0.8799402,-0.6211427,-0.023355804,0.9749778,-0.4388194,-0.7911955,-1.386501,0.081585534,-0.44922364,-0.34405047,0.9519274,-0.64524645,-0.02151111,0.44546625,0.35865462,-0.45402828,0.46565065,0.5348693,0.59245247,0.0710195,1.6614616,0.06863755,-1.0283536,-1.7144626,-1.4747442,-1.2115594,-1.0899858,-1.7016432,-0.08860547,0.54113597,-0.04258762,-0.92437214,0.63189715,-0.28564605,-0.42848614,-0.33112857,-0.26682702,1.6999066,-2.15319,-1.5176544,-1.9879991,-1.7091545,-0.032518417,-0.65495545,0.59361863,-0.41602457,-0.91002107,0.60037947,-0.08796139,-0.4009864,0.18757035,0.3248785,0.9055336,-0.6236266,-0.36646384,0.30106688,-0.68490326,-0.97035617,0.6572883,-0.42392084,-0.0019123852,1.4277973,-0.5076333,0.09498595,-0.02423772,0.34148633,-0.049825747,0.2171628,1.0887481,-0.63856554,-0.876681,-0.68653,-2.1216297,-1.7494739,-1.3221772,0.33592048,-1.4181067,-1.4029305,0.4790727,0.023983981,0.042781595,-1.4495668,0.055159427,0.68458706,0.1973739,0.70211643,-0.46051988,-0.9220341,-1.1690226,-1.359469,-1.8073925
-0.82586,0.42896712,-0.07342929,0.11798234,-0.6971705,-0.701186,-0.19029641,-0.07752932,-0.28911868,-0.21505734,0.48584494,0.15152697,-0.31613627,0.13929224,-0.123682916,-0.47068477,0.68073976,0.22419006,-0.114105396,1.2866046,0.25699452,0.6255477,1.70181,0.71883154,-0.3422754,0.54955316,1.7500846,-0.8343894,0.72035664,0.2914628,-0.88036436,-1.0414499,-1.1239053,-0.7518846,-0.76949,0.5034497,-1.2061723,-0.6241888,-0.03589016,0.02762453,-0.7404437,-0.121705875,-0.26954818,-0.62006354,-0.7510656,-0.95023,-1.2847978,-0.5467867,-0.9978508,-2.109795,-0.085352756,0.49915317,-0.2198917,0.10533873,-0.18446867,-0.19124582,0.16608857,-0.2958891,0.19286174,-0.2647634,0.4062563,-0.11102005,0.06861709,0.03790271,0.40142444,-0.13034491,0.033375066,0.29996395,0.37081826,0.11792839,1.1186466,0.32142565,1.8060167,0.33546123,0.7379274,0.6677068,1.680329,1.3656087,-0.7208578,-0.46980125,0.5667229,-0.9763429,-1.2515978,-0.9485737,1.1174699,0.025411911,-0.73715097,0.70697486,0.554109,-0.25309607,-1.1187567,-0.0639801,0.6267829,-0.511476,0.6896696,-0.4710388,-1.1772631,0.28392556,-0.3443873,-1.2755097
-0.13798583,-0.20388441,-0.57735586,-0.66597164,-0.6062596,-0.77562577,-0.699052,-0.6983243,-0.52233964,-0.6253885,0.15179588,-0.7441609,-0.39357737,-0.84643495,-0.7002804,-0.7869181,-0.03875389,-0.13592835,-1.1110874,0.19991516,-0.46221492,-0.058565922,0.3253668,0.046728875,-0.71826637,0.77266616,1.3919849,0.26589155,0.10054699,0.2515327,0.7314016,-0.89180624,-0.11250915,-0.621247,-0.53942525,-0.7200138,-1.0479361,-0.11635566,0.39316416,-0.45658875,-0.77642035,0.970147,0.23256108,-0.28699857,-1.0240288,0.04680094,-0.7712166,-0.32280904,-1.212664,-1.8153152,-0.547684,-0.19115278,0.63341224,0.19370383,-0.651831,-0.67658836,0.21133645,-0.7013269,-0.37941414,-0.4126356,-0.6932545,-0.3485293,-1.377973,-0.5809863,-0.17377566,-0.75637907,-0.5438878,-0.3617816,-0.40295732,-0.0108867325,0.9715377,-0.28287223,-0.29586813,-0.5346728,-0.22476803,-0.2278962,0.07550879,-0.57277375,-0.6906133,-1.1694752,0.43517783,-1.2300389,-0.3747179,-0.4574002,0.6119633,-0.923914,-0.92993605,-0.31587207,-0.10271898,-0.11054318,-0.9424223,-0.6318231,0.1678221,-0.18621005,-0.21102306,-0.055102088,-0.5105846,-0.53037375,-0.81774056,-1.9251969
-0.08088638,0.28046536,-0.15468577,0.17435347,-0.15058091,-0.13399722,0.14231168,0.14362344,-0.058820583,-0.6608208,-0.3355153,0.09879046,0.35087553,0.66321707,-0.08518436,-0.30358544,0.14812979,0.029032083,-0.06434278,-0.22256038,0.02388724,-0.9690004,-0.998,-0.21422693,-0.82212645,-0.8496806,-1.6956433,-0.5252084,-0.5987037,-0.24047974,0.9169264,-0.7202097,-0.9702413,-0.18978973,-0.87617487,-0.7903272,-1.266434,-0.041227546,0.15380226,-0.18110393,0.56562763,0.18573092,0.17130697,0.2842433,-1.0141279,0.62902176,0.2695053,-1.1303844,-0.7858885,0.01814115,-0.5113586,0.13787758,-0.47918707,0.3021622,-0.101279885,-0.74164885,0.4411262,-0.032677088,-0.7505051,-0.3028544,-0.5095876,0.29610956,-0.1462287,-0.32897013,-0.42523834,-0.81052536,-0.7375627,0.11209368,-0.08543902,0.19590117,-0.9777647,0.20304276,-1.0389541,-1.1634406,-0.93381166,-1.1004167,-0.80419534,-0.34890732,-0.72936237,-0.92750645,-0.6084644,-0.6085482,-1.8902847,-1.0343986,-0.595565,0.31711692,-0.7423121,-0.24730228,-0.92967534,-0.7882239,-0.45431966,-0.2414455,-0.5343638,-1.1908726,-0.40421945,-0.21236889,-0.023291461,0.45036697,-0.5433092,-0.41909468
-0.46203017,-0.032251056,0.11529305,-0.5645618,-1.0784429,-0.08472274,-0.64445597,0.09571513,-0.013252324,-0.4461683,-0.32563874,0.2847438,1.0001999,-1.2993267,-0.59998584,-0.46384737,-0.7570738,-1.2783461,-0.42833847,-1.5892087,-1.4102916,-2.8757193,-1.2142012,-1.6668775,-1.0273587,-1.8523524,-0.38560435,-0.3489057,-1.6756986,-0.29852062,-1.0174716,-1.3255349,-1.1895365,-1.7803549,-1.672773,-0.8484485,-1.8369447,1.1451555,-1.664185,-0.7728834,-0.8434968,1.3055968,-0.73643637,-0.38346142,0.6202471,1.003668,0.34374702,-1.6569853,-0.8577504,0.026522707,-1.1015115,0.17004994,-1.074869,-0.7017133,0.091286466,-0.56232053,0.702577,-0.029301057,-0.06418239,-0.40580502,0.13718861,0.56542087,-1.4116117,-1.0111432,0.18617873,-1.8167189,-1.5837544,-0.10186639,-1.0334516,-0.5805969,-1.7107264,-1.4875888,-1.7190543,-0.3835871,-0.8318396,-0.68378824,-0.9606434,-0.7567225,-0.74905235,-0.43195134,-2.6481214,-2.073673,-2.8494236,-2.1998687,-1.3166403,-1.0065058,-1.7585361,-1.4942635,-1.6571083,-0.5869986,-1.6545355,0.81194234,-0.3486445,0.38925013,-0.70794845,-0.13425547,-0.8239354,-2.166606,-1.3399428,-0.16942301
-1.743583,-0.55995435,-0.8733161,-0.14427294,-0.7897358,-0.3425732,-0.17265552,-0.20855504,0.42178917,-1.3751526,0.29151043,-0.4466799,-0.67501986,-0.015307409,-0.8400257,-0.65065694,-0.26554844,-0.5291436,0.12923104,-0.29486427,-0.2972575,-0.93605304,-1.0079696,-0.558506,-1.0943975,-1.5505098,-0.45508218,0.028024225,-0.6265639,0.10285926,0.87904954,-0.22414236,-2.1281347,-0.78618956,-1.2560718,-0.28137204,-0.38518345,0.20327733,-0.30159944,-0.21189922,0.2474505,1.9462926,-0.34318262,-0.011169028,-0.0708899,0.8937823,0.56016064,-0.01152158,-0.73626935,0.4830231,-1.0053412,-0.9388455,-1.3271923,-1.0830448,-0.52602476,-0.72923845,-0.7072259,-0.39260122,-1.2963358,-0.5981452,-0.87538874,-1.3187343,-0.50075597,-1.3272523,-0.20475066,-0.40536365,-1.7372808,0.25979006,-1.8902802,-1.3668041,-0.7277358,-1.5551853,-0.35617158,-0.14693278,-1.1031241,-1.2175225,-1.420387,-0.25151885,0.4879375,-0.6003712,-0.93662465,-1.1080126,-0.83634275,-2.3339791,-1.6242772,-1.0469795,-1.7884161,-0.05528694,-1.2069938,0.19056031,-0.977101,-0.604385,-0.38352272,0.5873772,0.96230406,0.36436808,0.8856962,-1.9715668,-1.2977496,-0.72834283
-0.42741144,-0.6498448,-0.082620025,0.012274532,-0.9872518,-0.28695396,0.46223783,-0.42141137,-1.0771025,-1.1741073,-0.82459515,-0.5891914,-1.169809,0.71877986,-0.38743967,-0.10424872,0.018975602,-0.19773123,1.8916467,-0.4149484,0.549171,-1.4003347,-0.7422976,0.1430501,-0.7354041,-1.0303087,0.27834487,-0.19374952,-0.16131271,-0.4979956,-0.258202,-0.56538945,-0.15177509,-0.46062404,-1.0661954,-1.6769968,-1.0852687,-0.013668289,0.08948283,-0.057080686,0.50483036,0.26568866,-0.58125925,0.35495213,-0.35957992,1.0361302,0.32447928,-0.7062319,-0.69086635,-0.04605499,-1.1215216,-0.7260353,-1.054352,-1.0309266,-0.6189473,-0.99026614,-1.311533,-0.83141816,-0.91116405,-0.77214414,-0.6824085,-1.6286526,-0.76132196,-1.6936647,-0.24797684,-0.7405689,-1.5753732,0.109816454,0.02309723,-1.4606571,-0.7514379,-1.0394053,-1.032965,-0.3103465,-0.22021477,-1.2311451,-0.8121748,-0.59116244,-0.6956818,-0.0029996424,-1.3770359,-1.136543,-0.7985316,-1.8254503,-0.21579869,-0.48599523,-0.78908867,-0.7341723,-1.6489447,0.502787,-0.41465178,0.64771146,0.3288185,-0.25577977,0.38161218,-0.4363601,1.2062591,-1.3322854,-2.0789857,-0.87870383
0.15132628,0.24374016,-0.04307103,-0.13791364,-0.51526153,0.070388325,1.1533318,0.30421853,0.009462686,0.20564492,0.9831134,-0.171399,-0.3805163,0.36638474,0.10771069,0.33610743,0.2385323,0.18425804,1.1029578,-0.50900465,1.3749216,-0.4905054,0.15129073,0.83487916,0.7286636,-0.4651981,0.08135283,-0.04491127,1.3566079,0.63768566,-0.46834123,-0.38012937,1.093284,0.5502891,0.025536902,-0.3785504,0.15112671,1.1530073,0.3105866,1.0425954,1.1557113,0.22474538,-0.26026377,0.7415204,0.22280012,0.47418964,0.28688964,0.44393757,0.34162742,0.5170315,0.09475646,-0.09846351,0.08935045,-0.36519173,-0.475905,0.11822646,-0.29408124,-0.50247705,0.77007437,0.5024193,-0.3981701,0.024158314,0.5063854,-0.20996094,0.046732355,-0.2166346,-0.8612162,0.302903,-0.08173432,-1.1619972,0.3035315,0.26240605,-0.5216947,0.66401136,0.12002647,0.22798426,0.28443703,0.0031329966,0.70387256,0.96419746,-0.5429279,-0.62209153,0.41046926,-0.2805776,-0.8226825,0.47868887,-0.0052001076,-0.3718463,-0.9431335,0.49044967,0.047681063,0.090041384,1.1559452,-0.10669103,-0.8456022,0.45291862,0.6737609,0.17093678,0.17636752,0.037226107
-1.0163786,0.01316958,0.05546426,0.367327,-0.83689183,0.013423945,0.78100103,0.33241767,0.17870595,-0.80506665,-0.7353174,-1.589529,-1.3213806,0.5423946,0.19144672,0.33861953,-0.37495968,0.20315042,0.7268288,-0.2878398,0.7990288,0.06076125,-0.6017801,-0.073864326,-1.1912081,-1.3456742,0.08973609,-0.0046170997,0.30548114,0.4580896,-1.4903932,-0.434338,0.0115703875,0.58360356,0.8423931,0.70340854,1.4026581,-0.03590802,0.36757496,0.2671006,0.8597699,-0.028088033,-0.2931282,-0.28560126,-0.58263606,0.14108674,0.7473542,1.0042101,0.5964452,0.7979483,-1.6543324,-0.1691837,0.47424877,0.44725212,0.2022549,0.1308666,0.064721465,0.40752453,-0.33882663,-0.3041515,-0.52795786,-0.5263019,0.421982,0.45243776,0.399228,0.07284406,0.10519162,-0.23700796,-0.7167024,-0.7489055,-0.36978376,-0.13666444,0.37892863,0.4613226,-0.8309265,-1.3432814,0.034394413,0.17265797,-0.40899274,-0.19797279,0.45769566,0.94749117,-0.13695958,0.47903824,1.1199949,1.2857708,0.77327466,0.08257073,0.15236366,1.4808669,0.29980525,-0.18844108,0.436257,-0.5479717,-0.4955752,0.8839528,1.3057348,0.5750318,0.10886691,0.5273049
-1.247555,0.3310061,0.073297925,0.8666717,0.6657748,0.5014859,0.54586786,0.7664767,1.0685214,-0.44189855,0.21832542,-0.35236755,-0.22984724,0.63260853,0.44083694,0.3408717,0.15202153,0.25883478,0.4262812,-0.04586142,0.915472,0.091221385,-0.1739017,-0.5662645,-0.3678618,-0.7808006,-0.2594966,0.1686244,-0.27671927,1.2907864,0.8386724,0.24683882,-0.46425536,0.5985563,0.055601217,0.6276756,0.80107343,0.87519014,1.3585806,0.59710103,0.14769511,0.7721276,-0.33320305,-0.4669167,0.625065,1.0274338,1.0333147,-0.8793049,-1.2781676,0.9961121,-1.2231758,-0.017820446,0.10185347,0.26311934,0.2619638,-0.6960451,0.28706133,0.72592723,-0.4173983,-0.7340681,-0.71212363,-0.49185112,1.4897633,-0.2220297,0.9105866,-0.3039749,-1.2673118,0.031544577,-0.3069893,0.11835792,0.16363397,-0.41014275,-0.023391858,-0.19294909,-0.27926186,-0.40991947,-0.842458,0.23898518,-0.7163695,-0.3348057,-0.393792,0.099814326,-0.051189635,-0.1646503,-0.10267943,0.63685936,0.33787963,1.0070959,0.08348116,0.5634643,-0.41949856,0.37663794,0.4301833,0.735607,1.401584,0.0019908783,1.52037,-0.6826923,-1.3904717,0.52829146
0.23872241,1.1086404,0.9661392,1.1885707,0.7687203,0.6686209,0.7593446,1.4087263,1.4652314,0.40619412,1.7087277,0.3526615,0.09055082,1.3689492,0.20971122,0.9666165,0.39956754,0.32510325,1.0139912,0.43563515,0.62254405,-1.1438675,-0.109790705,-0.38373506,-0.03267163,-0.12982748,1.0912061,0.5631459,0.20996249,0.5963475,1.4770654,1.3809347,0.17729197,-0.6614537,-0.051693372,-1.1982197,-0.72185814,0.59099394,0.6253445,0.9793683,0.36218858,2.2152052,1.4539413,1.2825425,0.22012249,1.2473458,1.3148696,0.04089429,-0.8252992,0.2859903,0.07599514,1.3775123,0.58440083,0.78709984,1.0713763,0.5580247,2.0355005,1.7275157,0.6941346,0.394343,-0.2779486,0.22889306,0.7998119,1.0694132,1.0740802,0.39152375,-0.34724858,0.46286705,-0.56523174,0.8199741,0.7863941,-0.27525622,-0.17058975,0.8817729,-0.1645185,0.084352225,0.34074336,-0.07572653,0.88890356,0.9944585,-1.8360845,-2.1920526,0.18752465,-1.1918097,0.03686555,0.7293329,-0.9019678,0.27719143,-1.5615103,0.03223862,-0.06291558,-0.21315315,0.52373207,1.2414584,1.4075633,0.9052485,1.1399437,-0.5072279,-1.545434,0.47526452
0.7403569,0.7215633,0.64240694,0.5788266,0.36999115,0.6699249,0.64055073,0.3904837,-0.3308423,-0.36611342,-1.2281613,0.08299273,1.1063676,1.1901877,1.1112779,0.055707593,-0.0049035577,-0.27913675,0.9541904,-0.1342307,0.7963461,-0.53613526,-0.19284303,-0.39134797,-1.6642337,-0.62049294,0.30389893,0.079353705,-0.06841452,1.4728254,0.75706834,1.2587149,-0.7870463,-0.63503397,-0.90144336,-2.5363495,-1.6611794,0.76055866,0.98504615,0.14753552,0.55928755,1.3277053,0.29911935,0.5237571,0.41487545,1.3415027,1.127755,-0.24152042,0.27105314,-0.14021409,-0.4076582,0.39144805,-0.12811504,0.23135893,0.6797733,0.33283988,0.2672703,0.42054462,-0.37632743,-0.2448529,-0.2871109,-0.10600011,1.486719,0.7478941,0.3360701,0.63915306,0.064625956,-0.7512732,-1.5344169,-0.43430543,0.17322816,-0.8122123,-0.30452138,-0.0011529714,-0.86911356,-1.0736364,-0.5667017,0.9466365,0.5242602,1.2379022,-0.8033795,-1.767239,-0.2613311,-1.457641,-1.1180186,0.7441332,-2.0000193,0.38982904,-1.9532359,0.65335834,-0.28689492,0.4284517,-0.276591,0.3153994,0.18240307,0.85292214,1.4719179,-0.4051111,-0.32675156,-0.028536314
-0.049276117,0.9086584,0.95804006,0.98707724,0.78348684,0.6583628,0.6894649,0.3929992,1.2334021,0.53330284,-0.052552108,0.5881634,0.7237788,-0.36310786,0.5625617,0.30196357,0.5856392,-0.2651612,0.32145035,0.7238297,0.41095996,-0.7933516,0.022671081,0.8715772,0.31381428,0.9380783,1.2866309,1.5143352,0.29020697,1.057582,0.15373395,1.9483312,-0.044949245,-0.85436106,-0.39193106,-1.4441419,-1.0628996,1.1613214,1.640803,0.35776502,0.109825015,1.202159,0.99974555,0.18591861,0.08477291,0.8862775,0.62901086,-0.008776558,-0.7398768,0.07579458,-0.73528236,0.9480935,0.027143465,0.5898522,0.78062785,0.95671433,0.63714206,0.6058216,0.18158104,0.19885644,1.1543376,1.3175802,-1.0737497,0.01038552,-0.049108483,0.43823642,-0.32720798,1.4153429,0.4307077,-0.48217544,0.37554094,-0.32983935,-0.24285746,1.0664402,1.1159364,1.0042433,1.0116618,1.9217755,-1.3664131,1.5596578,-1.3308324,-1.6802856,-1.5670998,-0.7059728,-0.8685294,-0.403176,-0.7451323,1.1229118,-0.5848815,1.2435714,-0.56665075,0.6049927,0.9651995,1.0592886,2.2692187,0.14368178,0.19518623,-1.710929,-0.57834315,0.16616759
0.15370326,0.3408467,0.9852666,0.03592631,0.8352028,0.4266385,0.08832864,0.4165082,0.020119617,-0.09007278,0.22416496,-0.47149476,-0.5896271,1.0671757,0.17163569,-0.48465237,-0.2830721,-0.39251617,0.15646814,0.75350994,0.40362772,-0.79006296,0.3073667,-0.52146,-0.35746527,-0.13953328,0.7771991,0.877027,-0.668847,1.4800556,1.3146808,0.017100552,-0.4943773,-0.67350215,-0.2640174,-1.946112,-0.6234203,0.2638756,0.9106021,0.45318055,-0.05168972,1.0702586,0.924157,-0.31801417,0.2270855,1.1234876,1.6720445,0.064263575,-1.3049673,-0.22105709,-0.56040794,0.28814736,0.17639326,-0.1648752,1.0769825,0.21899314,0.41772085,0.43707812,0.16500972,-0.48496246,0.36035496,-0.38929844,0.974291,-0.010918014,0.42618823,-0.0144765945,-0.66166466,0.5363827,-0.22005425,-0.284296,-0.12664546,-0.2824362,0.33343238,0.16412602,0.15531123,-0.5284521,-0.15503545,0.3839772,0.44874823,0.92714953,-1.7938296,-1.479223,-1.730816,-1.0684882,-1.2018584,-0.5092326,-1.2598948,0.04993332,-1.4215926,-0.1394257,-0.27272737,0.7755037,0.7398177,2.2826412,0.30493912,-0.25078574,0.6652503,-0.5693344,-1.2223699,-0.70106804
1.1142832,-1.5755875,-0.65116894,-1.0817738,-0.5629103,0.10101785,-0.58529425,-1.0288877,-1.7220752,-0.68096024,-0.544596,-0.7281869,-1.3667054,-0.798769,-1.5635179,-0.6977068,-0.24005999,-0.76242435,-0.86704797,-0.5326473,-1.2009388,-0.37184033,-1.110903,-1.0148329,-0.30252668,-0.572001,-0.059389416,-0.5685535,-1.0078753,-0.025953323,0.51123965,0.77073294,-0.4028037,-1.4018286,-1.1974937,-2.3065796,-1.3960837,0.12438892,-0.11210394,-0.16687508,-0.68085206,-0.57019806,-0.4642299,0.031507216,0.091138005,0.13530059,0.55115384,-0.26265022,-0.63638747,-0.51970494,0.09227853,-1.4062363,-1.4822167,-1.8116904,-0.39312056,-0.56419086,-1.537825,-1.4276952,-0.6226139,-0.87596893,-0.9353905,-1.3941027,0.06207603,-1.9313266,-1.5998396,-1.184957,-0.66187984,0.0006672932,-1.0308467,-1.2387348,-1.1494955,-1.4971066,-0.3644493,-0.5586061,-0.9622589,-1.3667296,-1.2830197,-0.61078215,-0.27777097,0.3967126,-0.4661665,-0.74545044,-1.6094528,-0.8073991,-2.3996139,-0.7216772,-1.7348542,-0.6827568,-2.2098582,0.53297496,-0.3525412,-0.27110195,-0.7716776,1.1401948,-0.089201175,0.5927414,0.6970638,-0.56487477,-1.0208862,-1.0750427
-1.575923,-0.43770698,-0.5615713,-0.9268577,-0.70741916,-0.741241,-0.38279328,-1.0111561,-1.0590135,0.5014095,1.1611401,0.75011766,1.1695806,-0.062477782,-0.43274516,-0.6160939,-0.25572786,-1.0589621,-0.4445948,-1.1592793,-0.36693954,0.012188335,-0.3566405,0.4038077,0.45157126,0.73279196,-0.9293063,0.5560374,0.61758405,-1.2534778,0.47958416,-1.0188344,0.5457524,0.18881378,0.47472474,-1.4220015,-0.4923664,0.007594015,-0.27867422,-0.11893427,-0.23036484,-0.9371037,-0.24042697,0.5394807,-0.088692725,-0.37727818,-0.24845204,0.5561903,-0.26421523,0.23183297,-1.5977534,0.14319193,-0.8714209,-1.0252588,-0.3143291,-0.5806908,-1.2860601,-0.6725983,0.75669223,0.97837347,1.2222832,0.36124262,0.40980574,-0.39170593,-0.2585327,-0.44525975,-0.816504,0.515695,-1.6233034,-1.7979051,-0.5936421,-0.19584064,-1.5857416,0.80181813,0.8439778,0.5538113,0.049416542,0.39925346,0.8030774,-0.16146684,-0.47401586,0.0885598,-0.42575303,0.37552816,-1.1662986,0.23003064,0.299305,0.019530805,-1.4595245,0.24739231,-0.60327554,-0.11426691,0.703149,1.0312215,-0.08671419,0.3923344,0.49054444,0.24196158,-0.13462998,0.08899102
-0.57627416,0.45840353,0.9967992,0.29682797,0.4945335,-0.12200627,-0.20828666,-0.026717119,0.8810594,0.45424014,-0.35009226,-0.78167444,0.1145332,-0.1522793,-0.21841654,0.083484806,-0.21547057,-0.30525684,-0.053205345,-0.2766638,-0.8274307,-0.35181168,-1.0712523,-0.21873054,-0.16166675,0.44719157,0.49347407,1.1090606,-0.36425883,-0.72155184,-0.6712005,0.72656816,0.58759636,0.18268621,-0.5736618,0.53234184,0.6723566,0.0067318073,0.28900105,-1.1319181,-0.6191176,-0.15142162,-0.33243626,0.2016056,0.7204484,-0.0153908925,-1.5215517,-0.09538412,-0.40995792,0.26432395,0.060190905,1.4531786,0.5242637,0.76236993,0.34030768,0.35009664,0.51288074,0.6478869,0.09421975,0.46879715,0.036456674,1.267037,0.7143439,0.90357375,0.28773344,0.52929014,-0.65274376,0.79081815,0.8793653,0.16927874,-0.08183448,0.034665033,0.10119091,-0.6908798,-0.10998038,0.19760022,0.14212748,-0.061392475,0.8111229,-0.55426884,-0.37288678,0.6665593,1.0302608,-0.024879431,0.5579532,-0.121342674,1.2758108,-0.17841384,0.25072977,-1.5403807,0.7312454,0.34783182,-0.46673667,-0.6198612,-1.1159978,-0.60586685,-1.3231142,0.12051178,0.6782951,-0.49762344
1.670163,0.2653918,0.36284646,-0.707056,0.2676913,-0.07863509,-0.85477906,-0.037445262,0.6428307,-0.54443115,0.45184708,-0.18151566,0.22919706,-0.83899933,-0.76598954,-0.47622424,-0.39217407,-0.055848043,-1.1548716,-0.05383811,-0.6872146,-0.51111084,-0.40032372,-1.2660935,-0.35103977,-0.9543674,-1.1706122,-0.7390607,-0.91916513,-1.5323421,0.22560136,-0.06975511,1.602475,-0.35012323,0.13244915,1.7472965,0.61647993,-0.20723103,-1.2157186,-0.4452321,-0.7998049,0.04154259,-0.79975665,-0.20248301,0.17752074,-0.5889941,-1.1834319,-0.062236924,1.0974759,-0.0021094878,1.6120389,0.028019276,-0.20537351,-0.14145778,0.55229706,0.8253052,0.61971796,0.14253478,-0.5751154,-0.32599175,-0.55239105,0.6252747,-0.54517305,-0.67221963,-0.5481428,0.30842447,0.48754773,-0.3995233,0.08079685,0.6982616,-0.7000561,-0.25133288,0.2059591,-1.7278898,-0.8081811,-1.131857,-0.66101056,-1.6056387,-2.0128474,-0.8235977,0.6211506,1.1263139,0.8403001,0.3055348,0.15774219,-0.3414969,1.7669947,-0.5488865,1.4734379,-1.2775215,0.14981087,-1.1095271,-1.4869096,-0.040988155,-1.3432901,-0.49175668,-1.2134413,0.6582256,1.781015,-0.2651118
-1.224034,-0.68896836,-0.805504,-0.617593,-0.26485372,-0.43971565,-0.8486624,-1.0881033,-0.9140237,-0.093644746,-0.2182452,0.039658953,0.33841452,-0.72487193,0.15424871,-0.36152768,1.4015487,-0.17132513,0.49231297,0.053526424,-0.55415094,1.0296601,-0.0736724,0.41374475,0.6572878,1.3462522,-0.6415718,0.14486153,-0.18858494,-0.6186414,-0.41930434,-0.3673525,-0.8591996,-0.034539826,0.0028303042,1.1626614,-0.13275525,-1.2370403,-1.2903509,-0.47653654,-1.3867828,-0.30407888,-1.6305213,-0.41538823,0.41189754,-1.2466699,-0.9288978,-0.37297174,-0.87254107,-1.3175539,-0.33128196,-0.4701652,-0.6346676,-0.41953224,-0.39470267,-0.034093607,-0.9664229,-0.43112716,0.028939297,0.10789038,0.8511351,0.14441335,0.5400338,0.45975426,-0.7307739,-0.50175095,-0.1253845,0.06746462,-0.00561732,-0.31375545,0.3334428,0.14675851,0.36491895,-0.00597716,1.5747839,0.65617347,0.27148837,0.30045384,0.037663743,-0.17897086,1.9293892,1.2387184,0.674036,0.13532342,1.2444942,0.18452306,0.7561993,1.062191,1.0367883,0.39307395,-0.60040563,-0.3249543,-0.044786997,0.08945538,-0.67098504,0.17931452,-0.12860191,0.49181592,-0.089657046,-0.827322
-0.041703172,0.044293344,0.44197974,-0.004097369,0.33984473,0.026384948,-0.14819144,-0.21627022,-0.00023711428,0.39782557,-0.44367427,-0.086004816,1.2755057,-0.71519387,-0.35137144,-0.2733013,0.20259677,0.055538293,-0.050393976,-0.02368804,0.6047948,0.66011864,0.103042476,0.28338817,0.15723215,0.039456096,0.06182711,-0.2229859,0.7282528,-0.93759054,-0.43589333,0.303244,0.64322877,1.1519476,0.4613497,1.333261,0.75611544,-1.2844234,0.14047797,-0.15089355,-0.50500685,-1.4499582,0.3057111,-0.9716118,-0.7456651,-1.0180948,-0.99023986,-0.3054629,0.081699796,-0.6089405,-0.7166717,0.3632388,0.59865105,-0.4404287,0.15053697,-0.095463134,-0.34519133,0.24303068,0.49119487,0.32327962,0.41873106,0.6251238,-0.038133167,-0.14038958,-0.20570412,0.04791961,-0.18579315,0.39095595,0.6065109,-0.0049080774,-0.22650553,1.3359723,0.6303939,-0.103369415,0.14074951,0.3682543,0.7089678,-0.38039756,1.3121587,0.19149734,1.9578934,1.381074,1.4277893,1.2100194,0.6673634,0.47777042,0.66675353,-0.81569946,0.7820709,-0.5260674,1.4406643,-0.07502967,0.40300933,0.12467226,0.71123534,-0.70492816,-0.12714425,0.91844827,0.47156507,-0.22251473
-0.40848723,0.07025209,-0.3027134,-0.10348494,-0.3301505,-0.9595299,-0.19789223,0.2669566,0.33881232,-0.4745406,-0.7452465,-0.968023,-0.86978865,0.55825776,-0.14905801,-0.78406286,-1.0748434,0.51127607,0.16141672,-0.49890316,0.86292857,-0.6774539,-0.14834361,-0.53613347,-1.0513093,-0.43629545,-0.85182935,-1.6401125,-0.57220095,0.32931462,0.14998698,-0.91362524,-0.19134183,1.7230239,0.61603534,0.8692425,-0.34095532,-1.0972476,-0.3157499,-1.0600257,0.22818954,0.3059394,0.30533165,-1.505026,-0.996214,-0.37091872,0.3563007,-0.0714689,-0.496937,-0.78426623,-0.68546164,-0.5170681,-0.73713946,-1.1069882,-0.14321786,-1.1124438,-0.27879667,-0.43605247,-0.5678382,-1.1430532,-1.1139402,-1.3287076,-0.3974617,-0.9320986,-0.62969935,0.40323982,-1.5834314,-0.5708678,0.32833153,-0.3428447,-0.72832453,-1.5385014,-0.44427258,-1.8508176,-1.1629308,-1.5517871,-1.1522961,-0.18744689,-0.6337404,-0.76301783,0.8402033,0.8197679,0.14252727,-0.46103147,-0.28783455,-0.11743321,-0.40751597,-0.46284884,-0.46016014,-2.574001,-0.08312823,-2.1126409,-1.3346132,-1.7335484,-0.35159492,-1.6793364,-1.8450749,-0.39334285,-0.6695176,-1.3307126
0.3686346,0.71330166,0.41276458,0.33681637,-0.18738343,-0.39007288,0.4744454,0.0680246,0.17949903,0.23243861,0.5270165,0.51678985,0.32106796,-0.1488701,0.0064911153,0.79151857,0.15552938,0.40415335,0.68135655,-0.83006734,0.1234411,0.092952624,0.24396412,0.3271327,-0.0661001,0.033283737,0.63082844,0.49623436,-0.2678065,0.31392884,0.7637347,-0.15274896,1.0789831,0.37096417,0.69957876,0.2888949,0.63661444,-0.33963418,1.1491331,0.6862693,0.11400156,-0.7642675,0.7509157,-0.44732776,0.7055545,-0.29608354,-0.014963285,0.092215,-0.43315628,-0.41023028,0.42548373,0.51443756,0.05152195,-0.16308914,0.026573814,-0.38188142,-0.049296983,0.5203201,-0.116829835,0.12114291,1.4838607,-0.34949905,-0.6182366,-0.54420125,0.11688307,-0.55469,-1.0259529,-0.30296203,0.1637664,-0.73005146,0.1884697,-0.1062437,0.0963921,-0.3148593,0.40423602,0.59531075,-0.23111674,-0.22727466,0.0038255313,0.13692908,0.06790851,-0.24973074,0.08850695,0.012525873,0.3187871,-0.54257405,-0.802028,-0.044395406,-0.07845659,-1.2707379,0.010002598,0.044823915,-0.492595,-0.19591816,-0.18302403,-0.911216,-0.72833455,-0.8491809,-0.20506382,-0.89455914
0.1842192,-0.53793013,-0.17502588,-0.5109098,-0.059669163,0.2601333,0.05842746,-0.2681365,-0.08282755,-0.16373308,0.07127651,-0.77869606,0.3490063,0.10813398,-0.08826888,-0.2434967,0.29080623,0.02794416,0.047657363,-0.44988212,0.15037586,0.30103344,0.96897596,-0.19718553,-0.77744627,-0.0041631553,-0.20132807,0.54055405,0.07994384,-1.0252048,0.6202729,0.45163292,0.467075,1.0558516,1.2116661,0.5062002,1.322968,-0.5261557,-0.5413107,-0.4055358,0.47563225,-1.3386123,-0.57208514,0.31968957,0.57395387,-0.5813833,0.33101285,1.4616177,0.7758439,0.11142214,1.1721448,-0.48734966,0.41873348,-0.83038163,0.1249322,0.06729387,-1.3268231,-0.77941775,-0.103660114,-0.22127764,-0.37749115,-0.1892855,0.35957807,-0.07654565,-0.64035165,-0.861666,0.37948942,-0.31114557,0.43907714,-0.5459638,-0.50247043,0.34344345,0.44326523,-0.55173916,-0.21141484,-0.39692825,0.309932,-0.27617836,1.7957871,0.6426182,1.3888822,0.9412436,0.55006003,0.62756,0.49870163,0.9911277,0.7148524,0.5329439,0.23996042,0.6851971,0.59071934,-0.0066330936,0.098344505,0.7589653,0.23629338,0.39958555,0.4534898,-0.19151106,1.2567352,0.51863736
1.6298885,0.4191943,0.9484403,0.15005071,0.46742746,0.51646715,0.07944155,-0.06633505,-0.06723154,-0.5518013,0.12666419,-0.39631262,-0.5674311,0.27399382,-0.5760007,0.9254391,-0.7327826,0.4169814,-0.17241427,-0.30850604,-0.36685568,-0.88576734,-1.0115675,-1.2514334,-0.9347732,-1.8123626,-1.6812174,-0.25398907,0.04930352,-0.7810027,0.7489162,0.6182017,1.3598975,1.0838797,1.2735788,1.43573,1.0871166,0.21631189,0.083079875,-0.6197567,0.929172,-1.323789,1.1439207,0.73857087,0.9607035,0.04688456,-0.41513327,2.0258658,1.61472,1.5460771,2.5233495,0.26490214,1.0691755,-0.36628187,0.82030493,1.0809065,0.057121437,-0.43530747,0.14515449,-0.33889675,0.17386512,0.3405011,1.5711385,0.80292886,0.52877694,-0.7014332,1.2889215,0.100260176,0.43280613,0.8383129,-1.2155033,0.5804081,-0.14165403,-0.18497846,-0.6213862,-0.74113744,-0.5364211,-1.0066926,0.5871943,1.2914625,0.1441246,1.9695231,0.5208346,0.77548134,0.4212481,1.0597668,1.0383025,0.09554528,0.61741114,0.38040665,1.4529119,1.235764,0.07837976,-0.35699943,-0.65827286,-0.04809656,0.29571295,0.948465,1.6125011,1.7593763
1.8732115,0.6088947,0.7652115,0.36794513,0.8572834,0.674138,0.060036525,0.52961546,1.1900055,-0.18026899,0.33176202,0.1616687,1.0344975,0.9768965,0.45084047,0.5528594,0.16562001,0.25055337,0.7058034,0.7341993,0.54142195,0.26078597,0.35526657,-0.71003675,-0.64076746,-0.46213374,-0.9985627,-0.7779926,-0.18201093,-0.48953354,0.8318618,0.86310107,0.7605813,0.10600294,0.0823366,1.0263541,0.31688902,0.25463808,-0.46213293,-0.7614979,0.4604936,-1.168047,-0.18841001,-0.8071609,0.31686893,-0.31908756,1.0711322,0.88549316,1.8941644,1.7885573,1.7553285,0.7978884,0.84113073,1.0785275,0.523915,1.7080841,0.37277392,0.7838939,0.098458484,0.6222204,0.9065683,0.6015612,0.50314987,0.9778536,0.61794037,0.5112122,1.342539,1.1530367,0.067386635,0.8175732,-0.033173632,-0.44696155,1.1359708,-0.20216772,-0.38288236,0.017342903,-0.10221201,0.4126157,1.1544347,1.0210631,-1.6051283,1.3917685,-0.86991847,-1.3921278,-1.0336831,1.029811,0.995541,-0.9406652,0.74716955,0.33068535,1.620339,0.78980005,0.14026025,-0.64941704,0.12669462,-0.40774524,0.72408587,1.4990793,1.5829751,1.5352334
2.1393602,1.1908222,0.32549977,0.6857491,0.4354656,0.5483872,0.7027145,0.64905113,0.3196332,0.06339328,-0.6393116,-0.76589674,-0.41731298,0.07387903,-0.18784481,0.61193895,-0.1821129,0.5448687,0.26573688,0.9205297,-0.30345207,0.22454205,0.35773492,0.021641543,-0.6394399,-1.3464718,-0.18812624,-2.056697,0.28102747,-1.1003957,-0.029071586,0.98250836,0.0063777138,-0.07052027,0.04165325,0.6521712,0.15320383,-0.26908934,-0.6985008,0.130265,0.7867369,-1.0789136,-0.9051675,-0.90448356,-0.1760721,-0.6180593,-0.025508927,0.18674585,0.845468,0.7460097,1.2191554,0.057499785,0.42653006,-0.01692357,0.1601093,1.0359362,-0.6183468,-1.027752,-1.0194504,-0.5391443,-0.58752835,-0.45092762,1.0545326,-0.719289,-1.4558598,-0.8138561,1.4793385,-0.76289463,-0.6056244,-0.5368259,-0.85648745,-0.25125015,0.22835593,-0.4696231,-0.94832927,-0.98170656,0.26619637,-0.5186512,0.6216862,0.49481678,0.05241588,-0.2890044,-0.9293037,-0.51854765,-0.49405453,1.0927641,-0.17776853,-0.64288294,0.43744338,1.4981833,-0.09348326,0.3376349,-0.9189967,0.17267467,-0.10748299,0.16368544,1.3161494,1.2937548,1.2446557,1.4084096
1.1896799,-0.0931467,0.30899653,0.31203714,0.1495878,0.420417,0.40406588,0.031561267,0.03136688,-0.4699479,-0.7290512,-0.03535076,-0.014727662,0.43062872,0.38692334,0.13237849,-0.3519663,0.70559335,1.3014666,0.5951193,0.7042271,0.3018643,0.50386155,0.6925032,-0.27898696,-0.6320285,-1.1520411,-1.6887444,0.20678642,-1.2466153,-0.88690484,-0.96561307,-0.559547,0.67843866,0.37665316,0.3024736,0.66509616,-1.2380873,-0.5388176,-0.03206971,0.8578202,-2.719991,-1.2371417,-0.7098715,-0.22954123,-0.64814675,0.6929981,1.1891496,0.90103614,0.654901,0.84312594,-0.08261818,-0.5173932,-0.1002368,0.21013147,0.60137045,-1.0279384,-0.8871458,-0.38534504,-0.2296967,-0.019495666,-0.074658036,-0.059214357,-0.15052375,-0.54033095,0.6778592,1.8940257,0.07617191,0.5930341,0.33324847,0.322153,0.56743205,0.6756075,0.46192297,-0.15193038,-0.7196901,1.2337648,0.17598702,0.96810347,0.34669948,0.79830855,0.8558768,-0.14324442,0.60749394,-1.0906087,0.95568913,0.54400736,-0.46636298,0.9734591,1.0082467,0.4178743,0.44138536,0.20940667,0.37050316,0.61540014,0.46297604,0.57714605,1.337519,1.4325714,0.82322514
0.9910246,0.12200452,-0.108289704,-0.19274423,-0.3598941,0.00636541,0.31115627,-0.22174585,-0.4796589,-0.88438666,-0.51373065,-0.7171265,-0.6819584,-0.46394387,-0.6678336,0.5598646,0.16801102,0.7312935,0.07467012,0.69980365,-0.28176007,-0.7649567,0.43290022,0.26838058,-1.3843429,-1.3778306,-0.5968859,-1.331915,0.5317609,-0.26833025,-0.41633716,0.9253802,-0.17042653,-0.38830382,0.14912318,-0.067171745,-0.3908593,0.14382003,0.25239417,0.33791876,0.2778632,-0.6143958,-0.08933232,-0.38237607,-0.3984735,-0.083208606,0.4078042,1.358167,0.3767711,-0.27589938,0.27188405,-0.5082443,0.8736795,-0.91085047,-0.22005337,0.04990529,-0.38192132,-1.376344,-1.3911047,-0.9949811,-0.61999756,-0.26767808,0.46390313,-0.8028339,-2.042213,-1.3399253,1.5484104,-0.07559115,-0.11095099,0.057908062,-0.47195813,-0.24857548,-0.0055792937,0.91697836,0.21807645,-0.56598413,0.4269869,-0.121835284,0.15216134,1.3099838,1.0423126,-0.6157464,0.09327204,0.43289304,0.17667662,1.572587,-0.30152777,-1.0474554,0.5139815,1.0096089,1.107052,1.1061122,0.42981604,1.2383811,1.9943584,-0.101395965,1.2622048,1.0891901,0.83065146,0.26363313
1.7445291,-0.41863224,0.22174521,0.3217439,-0.3252795,-0.050808083,0.6437011,0.30996528,-0.31349173,-0.5811926,-0.39838672,-1.0655227,0.16566315,-0.030205624,-0.0105928015,0.633207,-0.17427294,0.60996795,0.06013519,1.2473295,0.47051993,0.579608,0.78435075,0.67325306,-0.8104534,-0.53538513,0.20377994,-0.43290636,1.5337026,0.51698637,-0.13982025,1.0492487,0.30664992,0.17098795,0.0029174997,-0.48716,0.4230505,-0.5854314,0.5254733,0.651221,0.59951,-0.33784145,0.08757035,0.8546224,0.46604872,0.4704447,0.5284736,0.62487656,0.21358432,-0.10179207,0.36979064,-0.39574155,0.561455,-0.6414981,-0.48996875,-0.051393226,-0.74235946,-0.9925368,-0.3183905,-0.46928102,0.15158887,-0.2509722,0.22549444,-0.6150141,-0.61118245,0.31129032,1.2370257,0.783704,0.0027130498,0.45378384,0.19114372,0.049976688,0.8831738,0.5920638,0.28678113,-0.07734225,1.0868359,0.13543336,0.9440348,1.37106,0.7297441,0.24731588,0.7537597,0.4819951,-0.091582075,1.6995193,0.7122741,-0.32032615,0.09606022,1.7013978,1.4373379,0.36797494,0.7632198,1.419983,1.1413276,0.8162266,1.4340808,0.7482874,0.66608167,0.19346926
1.5210773,0.7243249,0.25497368,0.91487086,0.15885566,0.37081778,1.2088906,0.049438875,0.22298862,-0.89556485,-1.3053405,-1.3693553,-1.4006903,0.069060825,-0.063876696,0.73301595,-0.2642803,0.68138474,0.47911775,0.78264385,-0.29022792,0.14615008,0.3585541,0.8535169,-1.1928223,-0.9441695,-0.35097128,-1.4209274,0.98305035,-0.7183094,-1.4887441,1.5603824,-0.1261608,0.37685734,0.12452097,0.34252217,-0.28461692,0.44607732,0.6666701,0.7308642,1.0250274,-1.2539369,0.69305086,0.018906951,-0.028731672,0.43380708,1.5362941,0.91658735,1.3921583,0.9037383,0.26888698,-0.23167332,0.32395652,0.3953247,0.094045684,0.24867585,-0.44875884,-0.6009822,-1.1726627,-1.624306,-1.3436348,-1.8521564,0.10943696,-0.016774049,-0.8472369,-0.13884643,1.0431814,-0.86168766,-0.90610176,-0.70863247,-0.7023023,0.38479754,0.5476894,0.4772404,-0.32260624,-1.2144837,0.8617007,0.12312713,0.8840374,1.3216556,1.2070435,0.65067357,0.23568478,0.53323627,-0.14574517,1.4872655,1.051145,0.46144608,0.35724247,2.1943243,0.626555,2.1298416,1.3378596,0.6561083,1.4701569,0.9964127,2.1260264,1.0389897,0.56349087,0.8636395
-0.38963288,-0.2421431,-0.20195636,-0.20315436,-0.008121965,-0.41433257,-0.8499109,-1.0479944,-0.68707865,-0.7073506,-0.25072944,0.30828986,-0.52248985,-1.2369536,-0.78845286,-0.11431174,-0.62332255,-1.2419833,-0.42606768,-1.4351197,-0.9982583,-0.14117923,-1.6621764,-0.938777,-0.2708579,0.05575829,-0.6461088,-1.1033491,-1.0546951,-0.11417396,-0.860317,0.1939276,0.051791,-0.09051091,0.34024772,-0.15440543,-0.12582003,-0.31422362,0.1859671,-0.4507252,-1.0487667,-0.52535397,0.36112982,-0.92165506,-0.43658406,-0.012573077,-0.31048682,-1.2753185,-0.89611226,-0.58294797,-0.3507211,-0.06396442,0.1681826,0.01903325,0.0818472,-0.15052803,-0.50615644,0.123762034,-0.6816142,-0.88203573,-0.3046628,-0.11056479,-0.20115253,-0.39584368,0.4402608,-0.71896315,-0.27883157,0.27341804,-0.09716177,-0.9957236,-0.6799207,0.106632136,-0.8152197,0.59085876,-0.15667364,-0.44124618,-0.3459821,-0.09133092,-0.98058534,-0.18077706,-0.30912918,0.6103219,-0.594764,-0.14557101,-0.53715765,0.3902328,0.38765085,-1.3685727,-0.38920164,0.27296263,0.6890606,0.10535587,0.7031839,0.97162294,-0.6183848,-0.6154588,0.26227966,-0.09401642,-0.8686239,-0.12817872
0.26106352,0.761027,0.2069575,0.48312724,0.15873042,0.6495296,-0.035565156,-0.010901351,0.4092655,-1.3784605,-1.7793242,-1.2713927,-1.5682769,-1.1548064,-0.41967344,0.66045415,-1.9267476,-0.16225873,-0.34339058,-1.475544,-0.65982175,0.33069557,-0.49383375,-1.3252848,-1.1044066,-0.5967394,-0.92081666,-1.6701677,-1.5573614,-0.70813507,0.35660744,0.34964436,1.547602,0.08410571,0.12198258,-0.7531726,-1.1789945,-0.94578093,-0.41909704,-0.70519364,-0.67475873,-0.90955514,-0.7610153,-1.0209093,-0.8682477,-1.1042348,-0.6472256,0.26196674,0.077731304,-0.87638634,0.6997946,0.07382719,0.13576731,-0.19263446,0.12076636,0.4454944,-0.40153116,0.54508674,-1.3150557,-0.7525022,-0.7319697,-0.81010115,-0.1124293,-0.5641555,0.41952124,-1.2293897,-0.4988786,-0.8379447,0.6914436,0.18949507,-1.2657127,-0.028548414,0.064591736,-0.9680493,-1.2449285,-0.9197025,-1.3210005,-0.7871833,0.50710964,-0.117337316,-1.5832906,0.53384274,-0.9587993,-0.4378738,-1.6292545,0.3504688,-0.78889036,-0.5566972,-1.2866387,-1.3555305,0.07757385,0.71904176,-1.5424083,-1.0011579,-1.5295886,-0.76292264,-0.8358059,-0.47421187,-0.19695716,0.053329874
1.0322381,0.67331177,0.39290228,0.17748782,0.5353185,0.50352967,0.91886806,0.6720158,0.278356,-0.43680432,-0.06717331,-0.28446028,0.33640423,0.40641007,0.093587175,1.2137004,-0.092625685,0.8917209,0.6733066,0.31181982,1.2433313,0.21400987,-0.41598338,-0.70038915,-2.0086057,-1.4277183,-0.73519677,-1.5037906,0.042557485,-0.01296105,0.060802378,-0.055248633,0.8539417,1.2238232,0.5512596,-0.03889065,0.06255918,-0.32287505,-0.6421352,-0.20645826,1.3953853,-0.69419074,0.6426978,-0.82314616,-0.6032563,-0.66090935,0.5031217,0.5487593,1.0474274,1.3531016,1.5969063,-0.45272872,1.0406114,-0.6945729,0.18323249,0.3430154,-0.6837248,-0.54220825,-0.80676466,-1.078471,-0.53268236,0.46954086,0.19930828,-1.0210238,0.036265403,-1.1857866,0.43202963,-0.86824155,0.010835309,-0.06292159,-0.9309713,-0.13819838,-0.0726397,-0.91648686,-1.2977549,-1.4747447,-0.31278226,-0.7643212,-0.19510615,1.418746,-1.5495167,0.6067987,-0.86946476,-0.120144226,-1.9610779,1.018884,-0.6486534,-1.3032337,-0.8001775,-0.39429176,1.0906951,0.23941845,-1.1244576,-1.0479416,-0.7975523,-0.48933998,-0.6398502,0.59284717,1.1536918,1.1441658
2.233756,1.3292978,1.9798708,1.1132463,1.5654253,1.4888655,1.1007189,0.978223,1.2246286,0.7208104,0.82151634,0.1376718,0.87600434,-0.31050053,1.0478632,1.4608507,-0.29024094,0.811904,0.30559918,0.29015136,0.9650221,0.4818373,0.7431869,-0.6105072,-0.48916072,-0.7915173,-0.30617416,-0.0741211,1.1138247,1.1790711,-0.2014061,1.9379779,1.9242837,0.90341896,1.5760753,0.6882468,1.4052855,1.0112473,0.40882567,1.2254299,0.9242831,-0.9081245,0.33184648,-0.43354982,0.71812147,0.41097894,0.52800226,1.642595,2.529034,1.6065077,1.9995563,1.1103268,-0.01704818,0.5957821,1.2199583,1.3455393,-0.56104136,0.14845653,0.116779566,0.17874663,0.4347865,0.5649296,0.56401306,-0.47414097,-0.055312186,0.280099,1.1283368,0.63465506,-0.3010274,-0.023860866,-1.034444,0.02396934,0.13823503,0.043722574,-1.0026366,-0.042156406,0.15320756,0.46787718,0.06840265,1.5593226,-0.38602704,1.2010714,-0.15391168,0.87723714,-0.3337212,2.3150883,0.36821228,0.45598724,0.20926742,0.9744341,1.1432339,0.6881413,0.19325615,-0.26385635,-0.10676443,0.2961065,0.9724171,1.4649178,2.5598698,1.7799214
0.34729007,0.5926841,0.11179693,0.3014562,0.3241813,0.15434149,0.35582882,0.14725249,0.6279105,-1.3799545,-2.0051708,-0.4288131,-0.02527158,-0.68444425,-0.9823527,0.37959886,-0.31893513,-0.0055457666,-0.99661165,-0.6441206,-0.1373012,-1.0188652,-1.3454902,-1.1436939,-1.0859872,-1.2912172,-2.2161894,-2.0316124,-1.0517737,-1.641671,-0.5833545,-0.24998248,0.3638683,-0.10134518,0.61059505,0.4276595,0.2594124,-0.9333196,-1.6904335,-1.2096267,0.26157352,-0.84138274,-0.652777,-0.8154774,-0.2441484,-0.29934233,0.36726847,-0.036971375,1.1167578,0.5676478,0.20361592,0.08046332,-0.6811859,-0.08040737,0.09659739,-0.40808752,-0.33476612,-0.2455844,-0.85525364,-1.4389603,-0.38058117,0.39943966,-0.8007784,-0.79729015,-0.47583446,-1.1093477,-0.0037244793,-1.3991742,-1.0927886,-0.4012679,-1.1191748,-1.0217357,-1.628797,-1.9765278,-1.3372316,-1.602037,-1.2990468,-0.9224489,-1.2516402,-0.38179928,-2.1507728,-0.25776878,-1.2419778,-0.73824245,-1.1795305,-0.1986364,-0.40514714,-0.92543465,0.16411945,-1.2666669,-0.3928549,-0.7502671,-2.1247082,-0.08929174,-1.2909797,-0.8027729,0.0061828117,-0.102822445,0.33718252,0.5645614
0.3018575,-0.0930873,0.18570277,-0.057879973,-0.3982885,-0.59739494,0.117455974,0.2898075,-0.1304981,-0.21455672,-0.13166334,0.062827446,-0.39631802,0.9554005,0.15034547,0.2358808,0.10481089,0.5904619,0.19802769,-0.19960992,0.62414354,0.43726736,0.50563043,-1.181583,-0.64963585,-0.9091351,-0.075041264,-0.30825645,-0.20179355,-0.09482701,1.5110757,0.808325,0.81721216,0.6004844,1.3160031,0.052663833,-0.11618563,-0.26272652,-0.46751082,-0.6827941,0.39016172,-1.6537757,0.994202,-0.20404935,1.3983192,0.71655923,-0.15599248,0.015241843,0.19846128,-0.7921746,0.17030735,0.0876318,-0.2214387,-0.095412634,-0.38469055,-0.33761197,0.31259984,0.037664037,0.6298902,-0.2899801,0.028737335,0.20713481,-1.3269149,0.776468,-0.46399537,0.19480594,0.003638235,0.5541863,0.23923497,0.31027868,0.10699781,-0.13726713,-0.4430751,-1.6197292,-0.6532047,-0.80731004,-0.23253064,-0.28934565,-0.97633386,-0.23661292,-1.1972412,0.00886238,-0.4115968,0.77939206,-0.6569745,-0.5039743,0.1748846,-0.07385586,-0.2779531,-2.260069,0.43054727,-0.81161714,-0.9512038,-0.9656832,-1.0756577,-0.8933743,-0.61610764,-0.63628954,-0.30112642,-0.71282893
0.9439394,0.29231364,0.27513075,0.50495166,0.056419283,0.108788356,-0.048136193,-0.080842644,0.18429117,-2.0327766,-0.40905288,-1.3738828,-1.7438864,-0.3638959,-0.6165663,0.68875533,-1.642741,-0.27725583,-1.1875603,0.05274344,-0.20056216,-0.7214981,-1.6819869,-1.2122706,-1.6305869,-2.7988513,-1.3366348,-1.6499943,-0.9517158,-0.8862408,-1.538756,0.0642242,1.3347472,0.035380438,-0.03504623,0.39650294,0.15748416,0.19765428,-0.90935564,-1.2140658,0.13725418,-2.895602,-1.0152559,-1.3404521,0.15454009,-1.4019932,-0.60501355,0.71591073,1.1386863,-0.2148164,0.63707507,-0.11058225,0.0862176,-0.2731411,0.22752142,0.3388445,-0.32961816,0.106804796,-1.2752197,-1.2805218,-1.4345791,-0.7097852,-0.90556216,-0.9335722,0.020406624,-0.64268225,1.0089808,-1.2477015,-0.5509458,-0.23984793,-1.0353082,-0.5930467,-0.34946725,-0.809133,-1.8083974,-1.4441838,-1.9517031,-1.601905,-1.2431227,-0.2525391,-0.91913706,1.0748127,-1.3333067,-0.29912454,-2.4925835,0.3553626,0.29891795,-1.8469129,-0.41470122,-0.50712067,1.2287275,0.0040611406,-2.0736778,-1.4604644,-1.0422394,-1.0504514,-0.45200858,-0.4711827,0.60716,0.0098973345
-1.4119396,0.20290926,0.2577724,-0.036854066,0.04377047,-0.5884513,-0.08666888,0.1552261,0.46921062,-0.58821225,-0.592407,0.3081943,0.6329127,-1.3554474,-0.684712,0.39876288,0.16741748,-0.55635655,-0.31849423,-0.42074743,0.26762164,-1.4289826,-0.96376276,-0.036603943,-0.3185677,-0.41629902,-0.35872325,-1.7649529,-0.60297984,-0.39339072,-0.57619196,0.078521766,-0.38037837,-1.3430904,-1.2652868,-0.4857997,0.15468925,-0.34268066,-0.79028106,-0.27525815,-0.13250095,0.11257105,-0.73953474,-0.3835123,-0.78817993,-0.2522583,-0.3475669,-1.6580573,-0.07984195,0.8906571,-0.5837376,0.2753516,0.35394385,0.01436008,-0.49961233,-0.30949265,0.75284106,0.4103905,-0.73602664,-0.30363333,0.33827487,0.8575277,-0.26337695,-1.6294254,-0.07193678,-0.33901474,-0.7687301,-0.49162522,-1.5549868,-0.010128003,-0.25880513,-0.90930843,-1.7387004,0.0836332,0.028851163,-0.39142814,-0.12713265,0.39378345,-0.6360531,-0.21592201,-1.7101594,-1.4623761,-0.13297468,-2.118223,-0.52070844,-0.6307052,-0.4719864,-0.61501765,-0.6785436,0.014535905,0.11885174,-0.50409615,-0.14952807,-1.1616044,0.21099782,0.094717816,0.12978484,-0.92389244,-0.8116129,0.7508031
-1.3208377,1.3319539,-0.3998382,1.1592245,0.33861232,-0.10576164,0.24668247,1.0791284,0.63553745,0.5388106,-0.17643377,1.0243974,0.49731728,0.441081,1.0330738,-0.056855008,1.3108929,0.5648198,-0.15022892,0.20502084,0.8598973,-0.32384396,0.21813974,1.003189,0.66143215,0.92014384,0.895095,0.074196935,0.6684839,0.7818777,0.6204219,-1.2925426,-0.6333989,-0.2633837,-0.31172162,-0.46567658,-1.2669139,-2.6006155,-1.2493811,-0.20420066,-0.3222868,-0.6245977,-0.28707772,-1.5826286,-2.202988,-1.6424135,-2.067194,-2.5996644,-2.329246,-1.4183197,-1.5118905,0.4812237,-0.76957375,0.40552974,0.24831991,-0.9535461,1.407822,0.62771714,0.89013433,0.5102152,0.981221,0.989372,0.45704633,-0.2420095,0.41165286,0.045678277,-2.4125383,0.7398132,-0.33464277,0.270856,0.38685602,0.81996,0.060076114,-1.3933551,1.0673759,1.5728916,0.9049843,2.2550213,-1.6924397,-1.5452722,-0.7423319,-2.3908262,-0.6862112,-0.4892512,1.0085071,-0.60632914,-1.3796732,0.28514004,-0.66179687,-2.734388,-0.83753467,-1.250924,-0.3302356,-0.35951707,-0.43811938,-2.2202423,-2.1788182,-0.9680588,-1.7043837,-1.196469
0.71827996,0.96757275,1.5017133,0.4186578,0.5923686,0.42580518,0.37435138,0.41466406,0.5302845,0.36699852,0.6401656,0.0975361,0.07447496,-1.0122887,0.25863406,1.4497715,0.6022331,0.48792478,0.461671,-0.7684126,0.6280681,0.12733011,-0.053430736,0.40194112,0.0057092835,0.47248173,0.08710136,-0.20192672,-0.53956455,-0.050693262,0.07073134,1.2949518,1.3107327,0.30478692,0.15750676,0.13611153,-0.5773907,0.22735873,0.050371215,0.22991021,0.09180559,0.99871135,-0.10625692,-1.6725672,-1.4511904,-0.97653186,0.088496275,0.056829706,-0.37647486,-1.1409945,1.1830922,0.28952894,0.12920722,-0.5210094,0.9265311,0.17994621,-0.32539064,0.16630809,0.25824484,0.52187866,1.3362929,0.74181277,0.62637067,-0.88877016,-0.27541474,-0.6144078,-0.7239376,-0.07384374,0.6156833,-0.2493401,-1.2697363,1.0231856,-0.017516898,0.1903951,1.1136087,1.148959,0.71396947,0.59798145,-0.872719,0.74955887,0.24479176,-0.077751115,-0.4474145,0.3468396,0.39159143,0.51400673,-0.33970347,0.4640969,0.30553448,-0.49268156,-0.07885855,1.2477722,0.5580437,-0.050586842,0.36726838,-1.0742817,-1.2075711,-0.786848,-0.11577004,-1.2685024
-0.14139548,1.0622903,0.55531657,0.90895593,-0.30039623,-1.120467,-0.10055795,0.23717919,0.2422031,0.28400433,0.08704385,0.35857815,1.114824,1.4310708,0.16191065,0.092166625,0.36736137,-0.3009793,-0.2115844,-0.16321324,-0.37635306,-0.65844417,-0.6575331,0.7287404,0.5619381,0.6349324,0.281669,-0.4400059,0.17263082,-0.14407034,-0.58180934,0.9795432,0.45602295,0.24562335,-0.1404076,0.79659855,-0.107896894,0.47576037,1.2846178,-0.11544221,0.09474154,0.2240509,0.6035172,-0.4962395,1.0382195,0.47846904,-0.056021612,-0.24581033,-1.2075877,0.009018894,-0.44136792,0.718234,0.58794224,0.11178754,-0.5209814,-0.69306433,0.17769392,0.6718053,0.3788795,-0.059246555,0.57550234,1.4189129,-0.50364745,0.43290445,-0.44246244,0.3051204,-0.6937115,-0.20698506,-0.49633643,-0.007363993,0.262585,0.2580401,-0.801585,-0.27489832,0.96477544,0.57542914,0.16552433,0.2979248,0.605588,0.42005444,0.7936642,-0.0419608,1.4301609,-0.53285295,1.214281,0.5565395,1.0805818,-0.0030651502,0.14334434,0.30887133,0.31628007,-0.33560914,0.53224283,0.65741825,0.26934344,-0.059854645,1.1309657,0.36432615,-0.8833875,0.05252324
-0.27667066,0.5564562,0.06844571,0.5999584,-0.6646665,-0.7444608,-0.06383587,0.21004772,0.7560889,-0.69299024,0.40385985,-0.13711403,-1.5885544,-0.13350439,-0.37784177,-0.37782082,-0.6668293,-0.6520156,-0.7087776,0.1444324,0.10613719,-0.70464605,-1.1934415,-0.0834447,-1.1481048,-0.65907586,-0.14402066,-1.3889922,-1.1058321,-0.14078936,-0.46958852,-0.070848085,-0.22345343,-0.82798135,-1.7544366,0.5513712,-0.912663,-0.78297234,-0.3402955,-0.73380184,-0.9560567,0.08542434,-0.5546165,-1.8770288,-1.2485108,-1.3843693,-1.5468,-1.7618837,-1.3068091,-1.1263545,-1.0724717,0.028214151,-0.6588921,0.15074134,-0.65657777,-0.79828966,0.8847295,0.5913991,-0.983403,-0.5166657,-0.3235526,-1.0557677,-0.16221364,-1.4336485,0.58014435,-0.9512335,-1.6738988,-0.8471814,-1.099964,-0.27075085,0.33131292,-0.33113393,-0.47337055,-1.4231129,-0.14327201,0.1886333,-0.8898078,-0.0513056,-0.44685483,-0.34658384,-1.2623775,-1.7057687,-0.2184833,-1.8046964,0.9831512,-1.5536872,-0.7089125,-1.0253805,-0.36963907,-1.00325,-1.9212694,-0.7051788,-0.59559554,-0.7249021,-0.81397086,-1.686406,-1.386789,-1.4484737,-1.3454993,-1.2810593
1.1246337,1.6016502,1.0452359,1.8014306,0.51890975,-0.07556902,1.8488004,2.0398965,1.4415078,1.0939788,0.511683,0.87512535,-0.53791076,2.3285496,2.4918697,2.556779,1.5528651,1.9062665,2.3513339,1.6818101,2.7286777,-0.16317369,1.478338,1.3275292,0.5480231,2.2065918,1.2357752,2.0525074,2.0108051,2.275737,-0.7051164,1.1530808,2.0735543,1.5599566,0.87815815,0.7516457,-0.08192015,-0.4911492,0.33629376,1.5697017,0.9831154,0.24029894,0.8225518,-0.803704,0.24225573,-0.51650596,-0.5440158,-0.80317897,-0.08434902,-0.9959718,1.6431001,0.9544666,1.1310147,0.42850596,-0.6385042,-0.17612171,1.2618537,-0.08056847,0.7325194,1.0461022,0.9724441,-0.49138048,-0.3098392,-0.4469751,1.1744891,0.6270114,-0.96455026,1.2573504,1.8171169,0.52233475,1.5067325,1.0978764,0.8778557,0.5178173,1.58122,1.2635185,1.0595304,1.3243303,-1.2769303,0.8181496,-1.5210352,-2.0136278,0.25090367,-0.76901126,2.2122219,-1.62876,-1.0212559,1.7472315,-0.3306361,-1.6138116,-1.3167628,0.6723089,0.3430421,-1.2099794,0.7388017,-2.4595585,-1.2913121,-1.579861,-0.5516338,-1.2110215
0.9834586,1.7579535,0.9199202,2.0430245,0.57596403,0.041807394,1.7101237,2.015405,1.2918668,-1.5157071,-0.13589625,0.008251879,-0.5487752,0.5567027,0.51764643,2.6522548,1.060222,1.4393878,1.2995955,0.71135503,0.85033816,0.48507562,0.7836595,0.12645642,-1.0474187,-1.6667807,0.34679294,0.023013901,0.43669677,0.38359734,1.8297141,1.3156761,1.365532,1.1271511,0.09780195,0.7966607,0.5052157,-0.39373493,0.9106614,-0.08632941,1.3996661,-0.72331184,0.6081745,-0.59980625,0.09169796,-0.05420552,-0.051576987,-0.24603528,0.48403305,-0.59390235,1.1286726,1.2801218,1.1255385,0.9324704,0.33951303,0.10475221,0.89135665,0.6579484,-0.93791395,-0.1404497,-0.027572852,-0.90461487,-0.030630574,-0.48514616,-0.29668427,-0.58665293,-0.44560242,-0.0015068164,-0.58139616,0.10200533,0.5459995,-0.7546591,-0.6152315,-1.2022223,-0.8378134,-1.1436011,0.04953398,-0.3604823,-0.7895574,-0.35113722,-1.5314659,-0.9866663,0.004889237,-0.94936526,-0.38340536,-0.439792,-0.3839607,-1.4789578,-0.47763783,-1.5177094,-0.54633194,-0.8907889,-1.61855,-1.9540513,-1.8338779,-1.2147094,-1.48775,-0.8409342,-0.16394684,-0.54694635
1.1460599,0.5730193,-0.0627156,1.1001099,0.4121544,0.4503456,0.7885163,1.2223458,0.5902856,-0.92731833,-0.4570345,-0.7236251,-1.1169103,0.58618635,0.3067524,1.0459638,0.4543997,1.5754126,1.4552344,0.6454946,1.1227236,0.6362377,1.0693082,0.4002216,-0.13782322,-0.42417583,-0.43579972,0.008284761,0.7847109,0.4456104,1.2084863,0.51401126,1.2480415,1.1200441,-0.22981949,0.9836684,1.8694282,-0.051225487,0.0783051,0.8085892,1.0700525,-0.10622494,0.68517035,0.89836776,0.44452456,0.22277823,0.7042444,0.5547564,0.09652045,0.28673795,0.7338886,0.042937987,-0.30866158,0.6681,0.15195243,0.33940235,0.8384924,0.65475845,-0.8157573,-0.2040711,-0.38924968,-0.8486219,-0.9822129,-0.3679347,-1.0367719,0.23551926,0.4425844,-0.35846382,-0.35921824,0.74822414,0.72721225,0.8989888,0.6737485,-0.9019637,-0.8610616,-0.55771416,0.20278999,-0.34838292,0.58150625,0.8882221,-0.16540977,-0.20985517,0.80753624,-0.18793191,-0.23813419,-0.45918685,0.9734173,0.85709184,0.9580921,-0.37104204,0.28833306,-0.5118755,-1.2815776,-0.69694895,-0.507824,0.058965005,0.5153562,0.017905418,0.526195,0.45858756
0.43079466,-0.5198478,-0.8316788,-0.15571836,-0.86410964,-0.5750947,0.00027168213,-0.1917875,-1.1520051,-1.5840005,-0.9212069,-0.42887112,-0.8088106,-0.95238775,-1.1978391,0.10114083,0.43711615,0.79412925,-0.6631579,0.47339785,-0.22399953,-0.31876937,0.27733767,0.74539214,-0.6258188,0.7571677,0.45505562,0.511387,-0.17248766,-0.07443786,3.1922827,0.8942846,0.005944129,-0.20675753,-0.72431886,0.5150614,0.6405951,0.052682143,0.19221304,0.7955045,0.35495728,0.27370328,0.76261544,-0.50877285,0.25655976,-0.38956386,0.02507064,0.11320114,-0.8327535,-0.7658435,-1.0017948,-1.0863441,-2.1823213,-1.5287968,-0.5176563,-1.1701475,-0.8872076,-1.2380261,-1.4942181,-1.1871382,-0.9983091,-1.6036099,-1.8640479,-2.4380362,-2.5850892,-1.4864612,-0.68665695,-0.95260996,0.2833045,-0.15596627,-1.5451332,-0.39061058,-1.063482,-0.45049906,-0.32863224,-0.2529085,-0.450961,-0.45446572,0.816627,-0.11283769,-0.21275052,-0.54262865,0.8406464,-1.2064847,-0.18109536,-1.5790066,0.06767908,0.97174156,-0.16239077,-0.4021315,-0.0477327,-0.06618221,-0.6743299,0.33762294,0.54624337,-0.17400795,-0.9652901,-1.5064323,-0.6655396,-0.007754136
1.0975277,-0.14780818,0.111006774,0.075557105,-0.26166618,-0.632722,0.50187534,0.4315158,-0.6644294,-0.18092386,-0.6334641,-0.6877079,-0.3012106,0.63956726,0.40822434,0.09893259,1.0602633,1.2713915,0.81366396,1.2197002,0.7362027,0.30919212,1.4650339,0.6230271,-1.041547,-0.30626833,1.3001745,-0.43662748,0.81212384,1.6706814,-0.892999,0.54058343,-0.2589777,0.6335147,0.12702972,0.2292513,-1.060246,-0.14865693,1.5804528,0.57302505,0.65446025,-0.6702729,0.6253278,-0.6274982,-0.34367025,-0.5161028,-0.18529038,-0.23710926,-0.33337417,-0.43735525,-0.09702711,-0.56189924,-0.3414057,-1.8784851,-0.60223186,-0.10864246,-0.16636334,-1.0454211,-0.69882417,-1.3104817,-0.31059763,-0.5687152,0.3919025,-0.5459397,-1.3520863,0.06673388,0.2465331,0.5072555,0.7344596,0.98570156,0.5642617,0.08638259,0.8554148,-0.21117227,0.002266514,-0.7422537,0.271908,0.08814199,-1.1942978,0.45462793,-0.26551872,-0.4772623,0.30353072,-0.13871118,0.89704657,-0.12740766,0.5290347,-1.1596085,0.22830902,-0.93057925,-0.10581553,-0.3500152,0.02828711,-0.5552246,0.18282595,-0.3687137,-1.051603,0.11624971,-0.15650946,-0.45641088
-0.6307531,0.24617694,-0.21572141,0.37665462,-0.29564807,-0.5403126,1.0985776,0.44744432,-0.5522271,-1.1454161,-0.56458217,-0.642588,-0.67077047,0.04834613,-0.006348667,1.0438871,1.2861462,1.5557894,1.7225121,0.8080287,1.3948966,1.6700475,1.0562457,1.913225,-0.74799716,0.32213205,-0.044630688,-0.2812341,0.4864657,0.88807315,2.2659674,1.6100451,0.4154921,1.0948387,0.41121835,1.026106,0.39447415,0.022043869,1.8072519,1.4222561,1.0961299,-0.05248113,0.69215125,-0.1609938,0.5078081,0.031660244,0.73389333,-0.23622456,-0.40753764,0.14839366,-0.5342986,-1.109768,-1.2245178,-1.4984633,-0.5866912,-0.5195847,-0.84404075,-0.5752614,-2.0794992,-1.6169286,-0.7914009,-0.9081839,-0.31801656,-1.1084715,-1.9815649,-0.58484745,-0.5378186,-0.78071314,-0.25969508,0.13061222,0.35341832,0.75282663,0.08733481,-0.35067716,-0.16975588,-0.7170679,0.027317287,-0.35252964,1.2429374,-0.055428557,0.12196035,-0.37743518,0.50645304,0.053428512,-0.6358914,0.7607948,0.6178656,-1.220879,0.71491146,-0.39002326,-0.14967264,-0.14861774,0.01870998,0.013938664,0.54614633,-0.1604395,-0.20500647,0.18186626,-0.23776498,-0.061684743
-0.32895568,0.19363075,-0.22736563,0.2650023,-0.24200207,-0.93519914,0.27041736,0.13826796,-0.29833162,-0.9119631,-0.17187771,-1.3798106,-0.64448804,-0.78971,-0.055578534,0.5365657,0.85315764,0.7430224,0.91021895,0.16607608,0.83550423,-0.13864627,0.16722828,0.3131642,-0.24840169,-0.16741061,-0.9600421,-0.54571646,-0.12210156,0.002765085,0.010592514,0.06082463,0.57631695,0.3804257,0.32719338,0.82510155,-0.09235493,-1.4434015,0.049042903,0.26859903,0.16596748,-0.24930616,-0.94765687,-1.051081,-1.3233541,-1.1180043,-0.12370629,-2.4968908,-0.90578526,-0.7657756,-0.2733964,-0.27247888,-1.1483818,-1.2614604,-0.54828316,-1.3591282,-0.5600467,-0.559972,-1.6305039,-1.1568843,-1.0348186,-0.81645584,0.19557723,-1.0114205,-0.1257198,-0.35356793,-1.0379097,-0.3605533,-0.46826544,-0.3252177,-0.21140468,-0.1104887,-0.5584581,-1.3695387,-0.14275034,-0.4376165,-0.84665304,-0.1018298,0.015980374,0.19554406,-0.52258223,-0.4159188,-0.20309485,-0.40688175,0.7490197,-0.013988576,0.7983282,0.086892836,0.0829941,-0.4189966,-0.19463696,-0.46232384,-0.8252974,0.5503343,-0.38872603,-1.0537667,0.01681133,-0.11368007,-0.71510357,-0.57665694
-0.52993774,-0.71439224,-0.60440856,0.10845094,-0.6684472,-0.67390734,0.01766518,-0.45736945,-0.9556002,-0.08401089,-1.4362276,-0.62542266,-0.7361736,-0.73125255,-0.5650072,0.22464171,1.3954412,0.3115554,0.22452654,0.41765216,0.15170015,0.73529834,1.8092586,0.23081835,-0.5648366,-0.14969157,-0.6883292,-1.1396216,-0.018454041,-1.5696119,0.9257751,-0.25123876,-0.45673916,0.3842474,-0.22073309,0.4401833,-0.030118534,-2.5023863,-0.8847051,-0.65393484,-1.0307001,-0.85198265,-1.2397523,-1.5271926,-1.2735004,-1.6494135,-2.5044153,-0.9248608,-1.1353707,-1.7796293,-0.35905427,-1.0242687,-0.21944083,-1.14301,-1.0067557,-0.9993314,-0.55490196,-1.040999,-0.965666,-0.72298324,-1.107159,-1.0154816,-0.9923294,-0.50297683,-1.8706161,-0.2746688,-0.33574545,-0.24379328,1.0755299,-0.33783102,-0.04447995,1.2921424,0.490277,-0.36926788,0.27260846,-0.47863007,0.17286378,-0.13989967,0.054418698,-0.33328536,0.59090954,-0.37953243,0.5887704,-0.2089085,1.3322794,-0.038932864,-0.14902593,-0.121638104,0.23694555,-0.82126075,-0.9272253,-1.365673,-0.7104253,-1.0695792,0.7960755,-1.5247201,-1.369537,0.28378218,-0.3660713,-0.7124518
-0.817514,0.84354764,-0.11874463,0.23343706,0.4423856,-0.53918594,0.7115247,0.3867008,0.12534936,-0.66329205,0.399629,-0.5376056,0.012416045,-0.28960222,-0.085583545,0.5908961,0.39455402,0.8557671,0.93456924,0.6046796,1.3175045,-0.43545258,0.2966823,0.12248115,0.44801402,-0.17492805,-0.4917225,-0.9301883,-0.737522,0.53459257,0.51707506,0.11456485,-0.21463346,0.8251971,0.53349024,0.59573007,-0.7232756,-1.4380884,0.17980759,0.15254638,0.28159076,-0.32637048,0.75522745,-1.3108102,0.4011623,-0.54008555,-0.58558273,-0.7355914,-1.2871526,-1.1548717,-0.6886331,-0.4462418,-0.8598961,-0.8336924,-0.5569549,-0.5337284,-0.5190155,-0.328402,-1.1094339,-1.0476936,-0.35229278,-0.14796028,-0.678848,-1.2996436,-1.110248,-0.8820477,-1.15422,-0.91631174,-0.78379494,-0.4518385,-0.31049195,-0.40213928,-0.31944895,-0.8731545,-0.23696928,-0.7917658,-0.11176184,0.22025393,-0.14011504,0.115697116,0.022605734,-0.71263623,0.7197364,-0.46674842,0.25454146,-0.92753255,-0.80840886,-0.2600541,0.25739315,-2.0121295,-0.35676852,-0.25085738,-0.3314345,-0.42592493,0.5374782,-2.2153304,-1.1359657,-0.24995953,-0.86938137,-0.84381324
-0.24740931,-0.03772959,-0.28339761,0.15209849,0.10486082,-0.55219245,0.18091354,0.052789234,-0.11630213,-0.53215265,-0.83443046,-0.4376294,-0.54851174,-0.65043855,-0.0057249214,0.033428166,0.44855917,0.38177598,0.5140373,0.37763372,0.78903,-0.8523896,0.71091914,0.4198887,-0.47698843,-0.77029234,0.40470868,-0.1720392,-0.50912046,-0.45750022,0.5417085,-0.2447304,-0.6603668,0.3206366,-0.46672124,0.73787236,-0.6660411,-1.6446077,-0.74388045,-0.44264185,0.11570514,-1.4291339,-1.0384372,-1.2690575,-0.16799125,-1.4405997,-1.4327546,-1.0684602,-1.2649047,-1.1007787,-0.9031484,-0.6599198,-1.4623083,-0.82951856,-0.49385652,-0.51972497,-0.71581805,-1.0721791,-0.8845127,-1.1561407,-0.58618265,-0.18357277,-1.2487262,-1.5644065,-1.7549224,-0.94031996,-1.0286115,-0.1890915,-0.4263228,-0.8276653,0.4701802,-0.8835532,-0.20607798,-0.8345548,-0.6831408,-0.11264936,-0.5243833,-0.62902474,-0.30106726,-0.6115901,-0.44650322,-0.6924204,0.204954,-0.8506882,-1.5701994,-0.7390839,-1.1982641,-0.08441455,0.38241965,-1.6901385,-0.2930255,-1.6442697,-0.9537375,-0.2644344,-1.0109353,-1.1976533,-1.2284483,-0.40119484,-0.77981997,-1.3173401
-0.19461104,0.860364,0.6599772,0.85657233,-0.37407547,-0.21828578,1.6711627,1.4583977,0.6947149,0.2549187,-1.0075904,-0.8916032,-0.5765332,0.4237475,0.5812903,1.3047715,1.3181535,2.0489874,1.1657311,2.3041475,1.1302483,0.48916283,1.4685704,0.99475497,-0.7428304,-0.25018272,-0.49553335,-1.0976175,1.1413329,0.35656032,-0.7195754,0.7727084,-1.1106482,1.0960841,-0.102353126,1.8886445,0.8443218,-1.6619446,0.553649,0.9425654,1.0817558,-0.8902218,-1.1156207,-1.436212,-0.3930009,-0.8679477,-0.98531437,0.06925462,0.08014445,0.06862878,0.4556064,0.038842075,0.040777463,-0.57898605,0.057841443,0.14721318,0.02680907,-0.33714825,-0.88494664,-1.7333263,-1.1661136,-0.9279667,0.28569582,-0.58731765,-0.5220465,-0.30342752,0.6985108,0.1433226,0.7430102,0.61806077,0.838632,0.60962963,1.2679559,0.2816486,0.5364895,-0.76273876,0.6080011,0.7250859,0.57496315,1.2298663,1.8985739,-0.09024598,0.93612725,-0.0923949,1.6049334,0.30132267,0.9580398,-0.03453964,1.852553,-0.2529727,0.5233778,0.4541111,-0.26462856,-1.5398853,0.0053653424,-0.69718736,0.11106946,1.5594252,0.6736496,0.6427836
-0.0036174373,0.85086155,0.7973873,0.72220355,-0.37057865,-0.16079949,0.90442103,0.6184479,0.25124875,-0.896866,-0.98488396,-0.63013595,-1.197539,-0.063763745,0.723883,0.8809501,-0.29753006,0.8723401,0.043112814,1.2769681,0.9455093,-2.0327091,-0.9472293,-0.26058322,-1.1725007,-1.2028223,-0.6141809,-1.0340798,0.88348126,-1.7245029,-0.63745654,-0.27715436,-0.43505338,0.93907297,-0.37188107,1.841337,0.83795446,-1.3652524,-0.6676668,0.11026164,0.72803056,-1.1487707,-1.6306293,-2.0106363,-0.14252724,-1.2247821,-2.2782984,0.22001655,0.58090514,-0.24708079,0.07282919,0.55861086,0.23571844,-0.3609746,-0.7578337,-0.46240592,-0.24853596,-0.31586176,-0.95380926,-0.6146303,-1.1679139,-1.1248108,-0.32501405,-1.2247925,-0.60776716,-0.13666987,0.2064097,-0.385119,0.73224676,0.19554956,-0.40598744,0.32989416,0.022822114,-0.9087142,-0.73061883,-1.553815,0.222069,-0.7100291,0.8131656,0.27856186,0.79925454,0.95882064,0.22884421,-0.28175583,0.96883696,-0.049563892,1.3638247,-0.82833916,1.3135675,-0.30223536,0.71393365,0.4554973,-0.59404135,-1.7158046,-2.0991118,-1.1378875,-0.042959396,1.2730616,0.9394195,0.26235414
0.06561498,0.26791444,0.9596703,0.8942351,0.7384632,0.66234857,0.76379466,1.1640084,1.2959522,0.68287724,0.81826556,0.8899304,-0.19816414,0.9040195,1.0969535,1.1524168,0.28067833,1.0507411,0.6864797,0.12857318,1.0184343,0.96720964,0.2537099,-0.2053239,0.728001,0.02210687,-0.6053019,0.8301427,1.0373126,0.6095927,-0.79679585,-0.07455859,0.6369683,1.0734127,1.2272404,0.79976994,2.1278758,-0.3702015,-0.49038422,-0.12128065,0.8276861,-0.280126,0.38380167,0.62765723,1.3805621,0.996359,-0.9569631,0.65999085,0.8992472,1.5710043,1.0360426,0.5239458,1.614221,1.2669187,0.13492894,0.71099263,1.6070211,0.9180777,0.9320447,0.8199392,0.71700996,0.14248762,0.20876221,0.5154455,1.4098009,1.299745,0.16966961,0.79079664,2.4202425,2.1509068,1.1794891,1.1107085,0.9364508,-0.57721424,0.19658904,0.7912014,0.52892023,0.17685273,0.7739264,0.87454176,0.9344803,1.695996,2.1420953,1.6324513,-0.28220305,1.1624472,1.486514,0.4005581,0.3486247,-1.5432471,1.747937,0.531824,-0.29146796,-0.99253577,-2.272903,0.38292226,0.8712246,0.9441743,0.7510728,0.41529578
-0.08644998,0.07456799,-0.1590166,0.28895974,-0.1140509,-0.5422731,-0.5013038,0.116260774,0.39057082,0.059684,-1.5216328,-0.950071,-1.6518743,-0.04832277,-0.1864109,0.13252111,-1.4930645,-0.39328936,-1.0073404,-0.5890707,0.035765123,-0.5018758,-0.7922629,-1.6121105,-1.349685,-1.2346152,-1.0799972,-0.8322266,-1.0884882,-1.4065576,-1.1955724,-0.42886978,-0.23987098,0.5913926,-0.2980304,0.5385989,-0.0140805775,-1.1972241,-1.5219291,-1.0117633,-0.39219,-1.9448745,-1.640404,-0.02107908,0.8708406,-1.2430872,-1.0788918,0.32313377,-0.249784,-0.5078428,-0.07609747,-0.21088181,-0.6219491,0.8255943,-0.5927614,-0.4058968,0.59437394,0.4578191,-0.009981095,-0.70654184,-1.0739627,-1.4376168,-1.8546289,0.13788426,0.61828154,-0.3989017,-1.238361,-1.0770022,0.12862031,0.99046004,0.22140178,-1.2355189,-0.7280953,-1.2796917,-1.322893,-1.098823,-1.1047201,-1.0886642,-0.9565943,-0.9174132,0.281267,1.3612444,1.5300374,0.10601324,0.071735926,-0.65261173,0.29143512,-0.20457011,-0.01467918,-1.6485239,0.5825075,-1.3785838,-1.9989727,-1.7250409,-2.582011,-1.2384944,-0.25239357,-0.23517327,0.10433985,-0.41394448
0.52509123,-0.25408968,-0.63008076,-0.45356372,-0.009368142,-0.703265,-0.4280469,0.053867225,0.55730975,-0.36179715,0.13326934,-0.10737481,-0.4513861,-0.5163397,0.0017418534,-0.5210378,-1.0721534,-0.1026608,-0.48390624,-0.526338,-0.33337566,-0.45367804,-1.1569701,-1.1115781,-0.53421485,-0.77664495,-2.148015,-1.369116,-1.5455856,-0.9158441,-0.6463735,-0.7765605,0.96529037,0.3040076,0.024102045,0.3085144,-0.3360903,-0.98730475,-1.1178432,-0.5771644,-0.5056147,-2.3501759,-1.1822367,-1.604004,0.061515506,-1.5133833,-0.5847885,-0.35623434,-0.16137075,-1.4223902,0.7063582,-0.4849517,-0.74224424,-1.0635552,-0.6447698,-0.8439027,-0.5302354,-0.18850741,0.064774685,-0.2604594,-0.15998058,-1.029216,-1.5146024,-0.8074363,0.7101838,-0.48448843,-0.96246904,-0.68729,-0.01325491,-0.7267286,-0.811779,-1.0077772,-1.1243831,-2.0612795,-0.7178885,-0.8344366,-1.2568108,-0.94669276,-1.3969485,-0.037296534,-0.038541175,0.57139754,0.8896484,-0.46082482,-1.0121452,-1.4373158,-0.14919373,-0.7112088,-0.3053116,-1.7533278,0.3535774,-0.3897023,-1.2010161,-0.77594835,-1.28841,-0.7590705,-1.5530379,0.20941494,-0.2123349,-1.2147601
3.077686,1.0240889,1.2377282,1.1769567,1.3533965,1.454297,1.1700343,1.4552176,2.1312556,0.5852081,0.2413274,0.7637671,-0.00020368786,0.69454783,1.2374184,1.6556156,0.6264051,1.6224848,1.141008,1.0311342,0.5775823,1.0817242,0.99572986,0.6300249,-0.23207639,-0.42587388,0.56202453,1.2883602,0.96084493,0.50541306,0.38638324,0.8564037,1.0906682,1.661,1.3730367,2.4643497,1.5211873,-0.7514334,-0.5834274,0.8653937,1.1505514,-0.07231033,0.6895507,-0.16414103,0.7693632,-0.3602023,-1.1593521,1.1889255,2.2473426,1.0773453,1.7905846,1.0580683,1.0862198,0.26143008,0.6332545,1.3074481,0.9840369,0.4139482,0.9287397,0.812751,0.76434267,-0.41385582,0.15314312,0.71008795,0.8793315,1.3322513,1.4689724,0.78083134,1.2805417,1.1816971,0.6036949,1.042684,1.0665072,-0.7808796,0.42311442,0.43135017,0.5445304,0.07538465,0.12431683,0.35697955,0.23817359,1.2648416,-0.3106832,1.1380101,2.3639827,0.17173153,1.0248994,0.23812222,1.8859612,-1.3760153,-0.054836124,-0.9261844,-1.003699,-0.47877157,-1.2538943,-0.8239956,-0.66455734,0.97734445,1.8790731,0.39976603
1.5768939,1.0537326,0.90502614,0.39110786,0.45006567,0.786854,0.72141784,0.6437632,0.41185835,-0.27377838,0.06953822,0.4087195,1.348856,0.18767603,0.276757,1.6091033,1.1179641,1.1930007,0.4523713,0.5727548,0.55633444,2.211121,0.9562674,-0.07469795,-0.3920347,-0.4821058,-2.345547,-0.23565619,-0.14468952,0.30770588,1.4447697,0.60859543,0.7904145,2.1730802,1.9710425,2.0731506,1.8586217,-0.9416258,0.30881146,0.36617145,0.91909534,-0.66854733,1.2015777,-0.4786138,1.022202,-0.7376112,0.37309444,0.6266796,2.3216872,1.0039997,1.7628584,-0.0068036444,-0.0081776,-0.060681738,0.16225114,0.78131145,-0.77877605,-0.5454494,-0.90639865,-1.0069238,0.0736117,0.6414138,0.26997587,-0.37921387,-0.64766955,0.11418401,0.5244854,-0.48144206,-0.219021,0.2179841,-0.29977626,0.23667431,0.958861,-1.2409304,-0.89189184,-1.2066658,-0.45709106,-0.13770632,-1.326682,-0.96208817,0.80161417,1.4546005,-0.11827355,0.66928405,-0.52555174,0.56710243,1.2644503,-0.7686234,1.0148816,-1.0738407,-1.1728854,-0.64544165,-1.61391,-1.5038407,-1.0424387,-1.2438976,-1.6615114,0.16173723,1.2642837,0.5708919
0.02173762,0.57234794,-0.4206667,0.28599793,-0.20023108,0.1954278,0.2964081,0.23329546,0.043346856,-1.2994525,-0.3127967,-0.27167267,-0.13466482,-0.4618615,-0.32927027,0.13862948,-0.18457524,-0.10577635,-0.15348367,-1.3460622,0.20177375,-1.0161222,-0.4256514,-0.53266484,-0.5517422,-1.2036484,-1.9511266,-2.169448,-1.4535283,-0.573871,0.6029136,-1.2725127,1.0818499,0.47014236,-0.1621991,0.47463349,-0.032637194,-1.9583222,-2.154876,-0.6938158,0.65243864,-1.3335358,-1.6330184,-1.5123054,-1.3738627,-2.12208,-1.8967917,-0.5175225,0.04521711,-0.15031342,-0.95677596,-0.6320949,-1.5429012,-1.0624477,-0.24834026,-0.59234816,-1.4652511,-1.1798341,-1.0767276,-0.05231138,0.5350274,-0.060504675,-1.921479,-2.2503352,-1.2055571,-1.0157213,-1.1903986,-0.69580907,-0.8755801,-0.8925065,-1.0980977,-0.89732623,-1.3523129,-2.3207328,-1.3071356,-0.7980872,-1.3655173,-0.521263,0.17453296,-0.9448094,-0.4528828,0.539157,-0.19205655,-0.095395096,-1.183139,0.22515698,-0.44648364,-1.3360972,-0.5346857,-1.8392794,-0.50108165,-2.1112769,-1.4866277,-0.9982951,-1.419613,-1.8160166,-0.87288404,-0.5003755,-0.40711063,-0.37247106
-0.42172343,0.01699247,0.27283204,-0.34990954,-0.61092824,-0.31055865,0.7688682,-0.05312831,-0.8693288,-0.27168626,-0.9861029,-0.9997177,-0.7707011,-0.81038105,-0.84191954,0.297198,0.16630305,0.14377028,0.053561755,-0.1684259,-0.10276602,0.18099876,-0.50632745,0.40247533,0.17632742,-0.95412403,-1.3292334,-0.41449565,0.7765462,-1.6580194,0.3400392,-0.09072019,1.3732858,1.4359215,-0.29846162,-0.4852051,0.38242048,0.83501744,0.62034345,0.46192077,1.0322282,-0.91896796,-0.0040477314,0.66019076,-0.14719176,-0.48925987,-0.6493964,0.1835147,-0.06953516,0.21323957,-1.096125,-0.7334494,-0.10452407,-1.169999,-0.28061172,0.24302423,-1.4494416,-1.121719,-0.43254423,-1.0230633,-0.18723604,-0.6481466,-0.9621729,-0.87114793,-1.7623293,-1.1359347,-0.4371313,-1.1031762,0.15936989,-1.0825361,-1.5158174,0.39515918,-0.23553301,0.13971603,-0.27343345,-1.1767576,-0.7057945,-0.86012954,1.8015755,0.16404678,1.749289,1.4230695,1.3333045,0.55441684,-0.3055844,0.4080002,1.1877819,-0.17972006,-0.39906392,0.4488667,2.1402678,0.34159938,-0.23841874,-1.0939275,-0.043300122,0.8940648,0.21876033,1.1929096,0.41222394,0.50797284
-1.0924654,0.6708329,0.303785,0.38909185,-0.26920474,-0.92057824,0.06055211,0.25831512,0.2032152,1.247045,0.85706127,1.3226995,1.3937211,-0.7948826,0.06488173,0.06640027,0.9814857,-0.09889607,0.31515816,-0.10219424,-0.3042975,-0.22278857,0.561141,0.26438317,0.90690684,1.3328874,1.0209241,-0.400877,0.11588629,0.81482226,-0.8627887,-1.4227786,-0.07905012,-0.41243553,0.27258584,-0.31634822,-0.16117436,0.6475064,0.24989204,0.91473264,-0.2503458,-0.72008175,-0.01500811,0.38475317,-0.58632356,0.035128217,-0.5485173,-1.1212984,-0.92769766,-0.6028825,-0.2458123,0.3705232,1.2129428,0.42256835,-0.02392613,-0.45114788,0.10537792,-0.2163677,0.72312355,0.72701687,0.61763376,1.0893654,-0.8052321,0.0001329788,0.2927887,-0.17392781,-0.83438075,0.5319526,0.14007191,0.14880581,0.5960923,1.3463545,0.0330815,0.9941034,1.1144809,1.0530176,0.15079932,0.0980243,0.14094548,-1.3950367,0.6157624,-0.16136855,0.4752749,0.37801072,1.7760596,0.20745215,-0.3209038,0.15487158,0.10674535,0.44382605,0.48428115,-0.550457,0.44672883,-0.88246626,0.48439884,0.28870064,-0.2432071,0.3631016,-0.98812103,0.09254212
0.5157253,0.60628664,-0.13814208,-0.54310036,0.2701738,-0.5166587,-0.8694819,-0.35943717,0.45856503,1.0387831,-0.0015902665,0.5713398,-0.29961088,-0.13032115,-0.98339194,-0.61308795,-1.469009,-0.96944773,-0.9624039,-0.7102338,-1.4641442,0.2571309,-1.0327276,-0.3287131,1.2243564,0.98810524,1.1302818,1.1426263,-0.4016098,-0.72355324,-1.2759681,-0.88739544,-0.46936336,-0.99681604,-0.22351155,-0.17150505,-0.7362802,-0.7244949,-0.538547,-0.11930085,-1.5605348,0.68881154,0.09342699,0.18329594,0.5265399,-0.383311,-0.61872077,-1.1047051,-0.03549889,-0.58878917,0.51137096,1.8072534,1.6520327,1.7763817,0.11879799,-0.20530833,1.644971,1.3791648,1.2344202,0.77328664,-0.38476133,0.036282286,0.14607595,1.3780202,0.7984406,0.7156872,0.5559276,0.23878422,0.15638132,0.6536238,1.1698638,-0.7586443,-0.25083393,0.33365852,0.74905485,1.1463057,-0.4590457,-0.7573861,-1.3446716,-1.7772601,-0.6512699,-0.63648826,-0.6033149,-0.181843,2.151295,-1.9375733,-0.6310333,-1.004544,0.10017361,-0.86804885,-1.4844394,-1.8753572,-0.16359843,-1.5726643,-0.21650892,-0.20346385,-1.9844509,-1.2818449,-0.005913843,-0.8957623
-0.2947672,0.61905545,0.44726762,0.8248277,0.13612138,0.4436695,0.34966475,0.49054906,1.0579612,1.3215262,0.6688071,0.8059707,1.434304,2.267388,1.0516999,0.038544785,-0.31537884,-0.5913432,0.5339622,0.19013129,-0.4284753,-0.4415173,0.2571172,0.9938509,-0.09155364,1.6252936,2.151529,1.0945892,0.29898056,0.50186384,-0.09117498,-0.26339763,-0.007330014,-0.11333,-0.51791567,1.2024006,0.80906004,1.1241106,0.5812715,0.67651,0.3489964,0.16818881,-0.2516461,0.65203935,1.0153598,0.56269276,1.8092464,0.43652597,0.54277366,1.2406207,0.34610116,1.5249249,1.4262227,1.9243718,0.63705444,0.3430685,1.2608773,1.1040256,-0.06710305,-0.28019935,0.26989752,1.2801064,1.2560499,1.8003359,1.0639029,1.4475899,0.404315,0.17122981,-1.1657431,-0.017053287,0.1930783,-0.44614273,-0.05319039,0.7740294,0.14242363,-0.34827417,0.87805235,0.41856498,0.62208164,-0.08840009,0.3541905,0.21200986,0.5349582,-0.16693848,1.7621385,0.08541703,0.20791908,1.3577455,0.43818218,1.3858247,-0.9486847,0.35387608,0.9215472,0.7036164,1.2661501,1.0797824,0.4092453,0.35933003,0.9404458,0.6854805
-0.94203746,0.5632655,0.29933536,0.5034848,0.34570044,-0.37959886,0.24781074,0.7847871,1.0940114,1.230264,0.6675996,0.7026679,0.86249006,0.038315866,0.6473869,0.38485932,0.7922376,-0.21695143,-0.3938808,-0.69927394,-0.33240348,-0.59149414,-0.17438747,1.5658523,1.2087697,1.2643396,2.1997354,0.95905286,0.8613311,0.8874514,-0.81091946,0.08440357,-0.25733125,-0.50047463,-0.045593068,0.35351077,0.52273756,0.50709,0.71824175,0.39680076,-0.030444002,1.7249979,0.8751765,0.28601822,1.0421066,0.48835683,-0.15909486,-0.3958853,-1.2025319,0.58209896,0.008700339,1.0739064,1.1145377,1.2479649,0.2047782,-0.40451992,1.5918186,1.0366085,0.7964309,1.4672651,0.91907346,0.74083143,-0.5327077,0.82386696,0.7559429,0.28810403,-0.5269646,0.53794104,0.67879844,0.93184257,0.63557476,-0.12048574,0.25866804,1.154725,1.8007572,1.2986678,0.8435355,0.9328962,-0.93924016,0.2810274,0.01071224,-1.0454416,0.01565905,0.91082275,2.0034528,-0.6213021,0.3592083,1.1760778,0.43971798,1.5612112,-1.0895468,1.2981232,1.3746734,1.3208774,1.4840187,0.6299688,0.38686028,-1.1898837,-1.0770602,0.066101894
0.0018824334,-0.50231993,-0.5297017,-0.08607871,-0.26388937,0.34076262,0.012614234,-0.023155682,-0.20999311,0.7064176,0.1351315,-0.0688905,0.012701419,0.5744339,0.6892012,-0.11418791,-0.76115996,-0.42079684,-0.07780313,-0.5122197,-0.56335586,-0.70512724,-0.47390997,-0.11851812,-0.62433285,0.126294,0.6194648,1.1531258,0.39101264,0.73503715,-0.54903954,0.19804578,-0.1475865,0.10439387,-0.49703807,-0.62402326,-0.13914154,1.0211028,0.7702932,0.7221508,0.25275615,1.7836127,1.4152422,1.5848377,0.98901165,1.1568416,0.9573742,0.7116775,-0.27466956,0.35054848,0.85679036,-0.4314501,0.9871711,0.22036447,-0.21852666,-0.53860384,0.72484475,0.5795494,0.26177981,0.46255752,-0.71731293,-0.52860326,0.06352304,2.0065844,-0.092585206,0.743673,0.5265835,-0.47411752,0.47395548,0.1793647,-0.23609357,-0.8681289,-0.14462855,0.27863222,-0.41102892,0.34560776,-0.16046529,0.84902835,0.78171444,0.8552659,0.5491582,0.64324856,-0.19678055,0.08784628,1.3138411,0.3797492,0.87549627,1.0018163,-0.203275,1.8962175,0.43667707,1.4333544,1.4070845,2.0119843,1.7394729,1.9737015,1.3176693,0.47458223,0.32982615,1.0479397
-1.230997,-1.572034,-1.6679182,-1.1182228,-1.1053072,-0.23660578,-1.028973,-0.9704708,-1.6515397,-0.22919938,-0.48974082,-0.3425958,-0.16522199,-0.7773884,-0.9870824,-0.9566567,-1.0056789,-1.2800523,-0.82003474,-1.4386387,-0.7850369,0.24480194,-1.0037488,-0.65279144,-0.6327747,0.53333133,-0.8271391,0.123218186,-0.524419,1.1392168,0.9182577,-1.0144273,0.070536666,-0.10911234,-0.3168558,-2.3206646,-0.81576645,1.0259511,0.43120334,-0.07072988,-0.3844874,1.8726265,0.14945512,1.276204,-0.23293176,1.0388553,0.022048388,1.4434733,-0.9767533,-0.2675893,-0.9237737,-1.1870452,-0.24779679,-0.58212435,-0.78348035,-0.77725184,-1.3173281,-0.96267676,-0.707888,-0.29409626,-1.0793275,-0.71781003,-0.037874565,-0.008446228,0.16534203,-0.53332263,-0.37749335,-0.525943,-1.1657563,-1.0811895,-1.3139989,0.34858608,-1.2711662,0.40849316,-0.70730996,-0.8171067,-1.1724706,-0.405347,-0.13675585,-0.90645397,0.8122567,0.48430955,-0.19845064,0.35290977,-0.9141218,-0.22550857,-0.5225235,0.06407233,-1.9184085,0.89336973,-0.2313817,0.07584885,0.044968974,0.13394864,0.6770898,1.4658896,0.42397603,-0.13691704,-0.9084748,-0.49237013
-0.07045983,-0.58959925,-0.19872096,-0.40337834,0.15000308,0.2858501,-0.14565927,0.09300242,-0.46515357,-0.0001196545,0.4334392,0.76001513,1.1840819,-0.291298,0.10963205,-0.010035036,-0.0067101885,-0.3934211,-0.8488078,-0.20569976,-0.60373414,1.4447366,1.0275543,0.40325126,-0.31617063,0.47794515,0.6065626,0.78016937,0.2590171,1.4309899,0.32670668,0.08978866,0.018295001,0.5085788,0.31477585,-1.7197539,-0.5735409,2.2229295,1.3236475,0.8552798,0.25143048,2.016077,1.232479,1.0497952,0.6606329,1.4633629,1.1404521,1.0849168,-0.39854836,0.0017746205,0.3745364,0.13115044,1.9419708,0.035425656,0.13680105,0.41399768,0.08884352,0.31517783,-0.011890369,0.28923503,-0.4246605,0.75562084,-0.826474,1.5727192,0.74997866,0.097190835,1.4119323,-0.4396429,1.5604547,0.4317581,0.2925068,0.97617906,1.349246,0.7629782,0.9904198,0.8098618,0.14468603,0.18301438,0.22226831,0.048993725,1.6175373,1.3766242,1.2235987,1.5646558,1.6195214,1.0873637,0.40632373,0.88922,-0.9884012,1.0537299,1.6889471,0.269251,1.0909321,0.9592115,1.379199,1.1007768,1.4795103,1.0331979,-0.26558587,0.019507548
-1.5891784,-1.2102801,-1.7885572,-1.1385802,-0.4539634,-0.45735186,-1.0847759,-1.312371,-1.4418411,-1.1859465,-0.7250989,-1.7334548,-0.33037645,-0.70054823,-1.5224202,-1.7339367,-1.2528651,-1.4638873,-1.0549918,-0.7471509,-1.1545347,-1.0205026,-0.68872494,-1.1412095,-1.2941303,-0.3184774,0.27417278,-0.30115205,-0.68441325,0.030602813,-0.54806215,0.37398022,-0.8664171,-1.3012004,-0.7976049,-0.91442853,-1.2744232,0.9017224,-0.21023382,-0.12692428,-0.39474702,0.9480193,-0.6088218,1.5294243,-0.05418166,1.6210288,0.8155898,-0.11980784,-0.106723,0.92733884,-0.6884273,-0.98048747,0.012824678,-0.21596716,-0.29416835,-0.34664324,-0.59227055,-0.7552027,-1.5883126,-1.3787371,-1.2181875,-0.8165813,-0.20511706,0.07741444,-0.6244232,-0.8100042,0.3979634,-0.5651137,-0.24499047,-0.44885623,-1.6587782,-0.36603698,-0.6586585,0.660359,-0.005547536,-1.0841365,-0.68220913,-0.72355044,0.84872794,-0.07576761,0.11686945,0.08281221,0.11908388,0.082065664,-0.11294648,-0.15995957,-0.22585401,-0.45225745,-0.5740151,1.8690014,0.38834965,0.19655144,0.684827,0.60480535,2.1345596,1.8677374,1.72632,0.11058985,0.14409976,0.46221375
-1.1913267,-1.0841094,-1.2744024,-1.710287,-1.0658151,-0.8590339,-1.2403641,-1.2784613,-0.71577466,0.36356956,0.0012715268,0.051026385,0.66892725,-1.1909437,-1.3227086,-1.2126989,-0.69003236,-1.4442512,-0.354357,-1.5790809,-1.5713986,-0.67926234,-0.8167058,-0.601664,0.33707687,-0.42259383,-1.8434805,-0.091510095,-1.9277899,-0.3122675,-0.66615206,0.9256302,-1.0613931,-0.6932352,-0.052425735,0.5114174,-0.498609,1.6810391,0.50627065,-0.1595266,-0.65011024,0.7825723,0.7299902,0.7594813,0.73407453,1.1842804,0.47633332,-0.42111754,-0.12169169,0.7903721,-0.84385806,-0.7425096,-0.9134514,-0.79585505,-0.7787985,-0.39657554,-1.5843304,-1.3024497,0.30297264,0.56116873,-0.011145763,-0.07896282,-1.2708015,-0.7668106,-1.131998,-1.6796906,-1.5826422,-0.061594445,-0.66463876,-1.8876185,-2.0515928,-0.883026,-1.2395611,0.11380147,0.117534205,0.004289142,-0.52553856,-1.5273256,1.122056,-0.026243242,-0.55158776,-0.6441091,-1.2698374,-0.914369,-1.0539277,-0.71385473,0.32801825,-0.46105853,-0.44047934,0.93876296,-0.528441,0.59709305,1.09529,-0.36409,0.37917066,0.74788547,1.1426126,-1.2681732,-0.60143214,-0.04567004
-0.77474105,-0.9031024,-1.2422197,-1.0887657,-1.0593033,-0.50674963,-0.49378684,-0.6790214,-0.6537624,0.4260186,-0.99142605,-0.5300255,1.4769086,-0.043785512,-1.2402563,-0.3831052,0.09285461,-0.34699142,0.60366833,-0.492561,-0.051662564,0.50951594,0.12116494,0.031803694,-0.7434789,-0.81774044,-1.4679724,-0.17266728,0.40561444,-0.6549594,0.44999936,0.16722886,1.0910753,0.94613,0.9059408,-0.28993666,1.1496946,0.6793203,0.5962145,0.007252818,0.14291056,-0.8254273,0.48530942,1.2873304,1.2752439,1.116667,1.4944738,0.7166199,-0.3874853,-0.3717954,-0.66198844,-0.91455996,-0.33500412,-0.2524865,-0.48177123,-0.95172334,-0.45346686,-0.8395133,0.34801593,-0.96309733,-0.42572582,0.112522006,0.47914112,-0.57722634,0.22453223,-0.42445216,-0.2383191,-0.41578844,0.10593409,-0.59023416,-1.2134948,-1.0884783,-0.70377374,-0.45270935,-0.55453664,-1.3666523,-0.30998555,-1.2560911,1.9039497,-0.38265938,1.3583148,0.65533125,0.75803584,0.43105665,-1.3867761,-0.40255275,1.2143911,0.5930063,-0.6575137,-0.4731132,0.5403429,-0.48408028,-0.31873012,-0.5093966,-1.9241858,0.4525016,0.10928602,0.2611079,-0.6262918,-0.3494373
-0.6631504,-1.183027,-1.0995679,-0.74948716,-0.39134884,-0.34173003,-0.6050561,-0.997379,-1.5649258,-0.5794986,-1.2681614,-1.7136767,0.5428018,-0.9918958,-0.5229019,-0.8328398,-0.98412853,-0.9002743,-1.2893715,-0.9770271,-0.10900204,-0.558124,-1.838967,-1.2155349,-1.3028897,-0.8285598,-2.1639125,-2.0914137,-0.8852072,-0.7257999,-1.1444789,-0.81003004,-0.6185901,-0.09349144,-0.5150696,-2.6723742,-1.0400937,-0.63330555,-0.18543012,-1.0837036,-0.1361506,-1.0486354,-0.63962686,-0.3862137,-0.86529547,-0.75076663,-0.36035112,0.32175496,0.51610136,-0.86571115,-0.46506947,-1.4686106,-0.79872745,-0.94394284,-0.6971793,-0.698758,-1.0053387,-1.434648,-1.4710871,-0.74936056,-0.973191,0.4260925,-0.11987426,-0.8929588,-0.49509823,-1.0372728,0.5116132,-1.2444919,-0.27833968,-1.0064934,-1.9231089,-0.56306195,-1.2327571,-1.4475327,-1.6127237,-1.2667032,-1.7042835,-0.98144615,-1.1497115,-0.14546414,0.5135061,0.7596564,0.15380707,0.6452713,-2.325562,-0.103771634,-0.80723685,-2.4698207,-1.7919692,0.37465245,0.56567675,0.13357008,-1.195501,-1.4929771,-1.339327,0.603212,-0.78716576,0.80008787,-0.011424089,-0.5161596
-0.6742984,-1.5187324,-1.5995567,-1.4778807,-1.3654519,-0.65361434,-0.24662898,-0.8372217,-2.2466314,-0.3301797,-0.2395249,-0.32177398,1.4168204,0.5637585,-0.5419749,-0.66491693,-0.061665524,-0.19960566,0.18584886,-0.85020286,0.571721,0.5879696,1.0432615,0.5012604,-0.69603884,-0.32101053,-0.6592537,-0.47991621,0.22419517,-1.2465985,1.3242278,1.0328254,0.9577126,0.69018096,0.4852163,-1.5863242,-0.10557524,0.336935,0.82052654,0.47124586,0.3774502,-0.63612473,0.48692006,1.6209555,0.2264352,1.3615155,-0.2755936,1.5572001,0.10740655,-0.26339176,-0.4352534,-1.2312782,-1.3417141,-1.9766257,-1.0502052,-0.17402332,-1.5364772,-1.5391154,0.0564242,0.08679139,0.83460003,0.7356472,0.89701754,-0.0043012113,-0.019649204,-0.6082593,-0.32262984,0.9296499,0.55195737,-0.80790263,-0.72866577,0.53905165,0.43423387,0.11100388,-0.07103656,-0.24917223,0.33881372,-0.42275047,0.39593711,1.3646952,0.82543796,0.037505295,1.1462977,0.8455212,-0.53363055,-0.20056687,0.19102193,0.5617529,-1.3420925,0.12550579,0.7442871,0.45915034,0.5946705,0.5097361,-0.33541954,0.89981604,1.217183,0.6256878,-0.08675753,0.03133891
0.89303976,0.7818509,0.89258593,0.20672184,0.5373058,-0.0750809,-0.06517253,0.71561444,0.56876785,1.0502619,0.3808504,0.5343687,1.0588088,0.73970467,-0.4400399,0.7013272,0.029505325,0.3694251,-0.09208586,-0.36573282,-0.8391228,0.65096074,-0.34051538,-0.45561358,0.60182554,0.48831588,-0.2226656,-0.061276678,0.30317545,0.65640134,0.42027086,0.4720303,0.9582697,0.12816486,0.8180953,0.7824347,0.45013532,1.9395648,1.6874793,1.2004842,-0.14591424,1.1937767,1.9689364,0.9321573,2.0073445,2.4260955,2.5720415,0.2510176,5.511104e-05,0.18767391,0.7889072,2.1516483,1.2411239,1.2450645,0.5532064,-0.038019568,1.7023435,1.2275866,0.5667204,0.09836823,-0.042427782,0.90984464,0.8519694,1.3344007,2.0215318,-0.26805133,0.0019503958,1.4052396,0.1601117,1.7588431,0.99176246,0.51022786,-0.11846199,1.2793382,-0.27528015,-0.10550178,0.16422372,-0.009483212,-0.4065747,0.20776545,-1.3237611,-0.6980493,0.72253644,0.8947877,0.59063363,-0.1307524,-0.28434765,-0.91267633,0.68912685,-0.58038694,0.26936918,0.8481318,0.79533964,0.25336093,0.65089834,0.4763142,0.64802325,-0.1802556,-0.37295362,-0.22666751
-1.0690714,0.277956,0.30694932,0.8142708,1.1579504,0.83042616,0.2882449,0.6874102,1.2606828,-0.28335053,0.24205415,1.365109,0.7190493,0.19997299,-0.42247543,0.5564849,-0.33174545,0.01327968,-0.36960024,0.22093078,-0.18615066,0.81761795,-0.2082188,-0.1421375,-0.49436072,0.07692667,0.77274394,0.72557986,-0.30274156,1.2525318,1.1210302,-0.15393636,0.059176512,-0.25247967,1.783528,1.7075844,0.64026654,1.1581806,1.2317337,0.9571435,0.70959365,0.7359028,1.917345,1.2863957,2.704722,0.89297295,1.302028,1.2231014,1.3886335,2.110089,-0.6796011,0.48005858,1.2733306,1.4748969,0.9793058,1.0635912,1.1997919,1.8071307,-0.6851498,0.118511766,1.0010864,0.10556737,-0.7489523,0.959992,1.4285821,0.00056226016,0.35803646,-0.6780535,-1.080753,0.8885344,0.3191891,-0.3369037,-0.580193,0.83871114,0.109504394,-0.34890556,-0.085827745,0.2575015,-0.28249562,-1.2394416,-1.167843,1.0796695,-1.3337597,0.12322853,0.8700396,0.14028293,0.3021152,1.3800753,1.7781188,1.2570283,-0.74053365,1.0619395,0.5004657,-0.30960858,1.3972492,1.1155825,0.097639754,0.03661642,1.4932601,1.4864961
-0.39195013,0.44895083,0.14102885,0.72247356,0.5184585,0.5222873,0.51654786,0.4537369,-0.04455837,0.7634345,0.13511615,1.0930649,1.7103025,0.83816457,0.8749166,0.53388464,0.6261943,0.43858656,0.984053,0.297854,1.2967442,0.0048828884,1.0270749,0.3654352,-0.12574618,-0.522142,-0.5044345,0.5351454,0.6275428,0.8600474,0.7021353,0.42695493,-0.3456837,0.21760711,-0.29611316,-0.022568354,1.0135533,1.0630186,-0.00082618993,0.68133354,1.3978741,-0.781731,0.6514543,0.71804315,0.76334524,1.3782883,1.0780597,0.26303738,0.80866396,1.7478594,0.11520327,-0.051087216,-0.8593246,-0.58186585,0.32202208,0.55684096,-0.86185163,-0.22995913,0.060133956,0.6033113,1.786647,1.4190178,0.094204046,-0.1932359,0.076848194,-0.20827089,0.87419736,0.7362407,0.13915265,-0.8624083,0.8657832,-0.59885734,-0.45113975,-0.13435452,-0.030499492,0.02106657,0.42768857,0.48124218,0.40600574,0.09656509,-0.284538,-0.18528049,-0.6072425,-1.2258832,-0.7627969,-0.3077047,0.85774547,1.3079138,0.4734075,1.1265849,-0.19090745,0.34988514,-0.56794655,-0.64291,-0.6726363,1.2623568,1.0558895,1.0213563,0.79810995,2.0533295
-0.77475786,1.3913167,1.0928538,1.1713444,0.17937703,0.26656112,0.65347844,1.0954524,0.36378482,-0.47111323,0.49817437,1.2830262,0.15916549,0.41228858,1.0470581,0.83444834,0.9004871,0.6844221,0.703577,1.3049886,1.1364404,0.04170605,0.91895646,0.58196956,0.34987313,0.4334234,0.09951328,-0.33800247,-0.05663287,0.4715808,-1.3268979,-1.2820044,-0.19809233,-0.40476793,-1.0392175,0.40103972,-0.8578481,-0.56263185,0.14116842,0.10785008,0.0708462,-0.5172341,-0.5331011,-1.6745487,-0.78805274,-0.7225085,-0.7228935,-1.2159852,-0.87203985,-0.003607748,-1.337045,0.20701233,-0.3817734,0.118507996,0.25609222,-0.34685716,1.1067929,-0.025718812,-1.0193224,0.31231004,0.7640507,0.08550676,-0.68415153,0.5826633,-0.36045864,0.8068323,0.45511094,0.3243506,0.13745438,0.5345103,0.98408115,-0.097795896,0.41472134,-0.4608977,0.7056219,1.1006962,-0.2578421,0.75309336,-0.42871603,-1.4575405,-0.84453356,-1.4450355,-1.0706599,-1.2074983,0.16899359,0.0072254697,-0.91555417,-0.2383764,0.2137506,-0.8934458,-1.5674933,-1.2954078,-1.7224716,-0.7824235,-1.6516596,-1.7628798,-0.9974394,-0.36778176,-0.969401,-0.09824042
-0.6945351,0.53028584,-0.62682194,0.06257734,-0.37632647,-0.57715774,0.20590235,0.19007614,-0.39988732,-1.1065924,-0.17654318,-0.083111994,-1.3709171,-1.2316246,0.98227775,-0.8243358,0.742577,0.27907267,-0.1858673,1.416723,0.5212499,-1.4490496,0.46634278,1.0015848,0.7922933,1.5715054,0.396139,0.34677792,0.8572195,-0.4614294,-0.03343562,-2.5992274,-2.0968943,-0.4185651,-1.8995324,0.86161345,-1.2895511,-3.1224966,-1.9480325,-1.0808976,-0.48788878,-0.74459857,-2.451811,-1.9980575,-2.2040286,-3.126299,-3.6399481,-2.058788,-1.1773434,-2.148815,-1.0832353,-0.7476746,-1.9031726,-1.4816439,-0.4128242,-1.1513329,-0.70448464,-1.4509931,-0.34813344,0.5581035,0.32282335,-0.96992207,-1.317825,-2.1876535,-1.4632344,1.050413,-0.96334684,-0.9175502,0.124634564,-0.12753136,0.3935084,-0.7450828,0.1762416,-1.011451,0.9423424,1.432995,0.73594284,1.2634,-0.9692365,-2.1599107,0.31781065,-1.5329038,-1.240417,-1.0022643,0.5253897,-2.2253292,-0.7422639,-0.8541307,0.49705973,-1.7243575,-2.0720172,-2.8582408,-1.2921238,-1.3560753,-1.095704,-2.1669612,-2.2393413,-0.9251008,-0.7219115,-1.9673201
-0.6415021,-0.23779228,-1.1338451,0.07288493,-1.2241645,-1.2439626,0.6533802,0.03023623,-1.3137133,-0.69890004,0.04464821,0.11516238,0.20675139,1.5628443,0.7420988,-0.3132144,1.0777162,0.6107328,2.4240031,1.4545758,2.1533222,-0.28005534,1.6493658,1.1778294,0.12900658,0.21203555,0.031038174,-0.029512607,1.0252315,0.11716579,-0.5259915,-0.43457946,-1.3252043,0.28527132,-1.8124487,0.42945978,-0.81773514,-1.2919686,-0.15770063,0.24064465,0.7544917,-0.7677152,-1.129394,-1.6909986,-1.5070628,-1.4067395,-0.64880675,-0.098228715,-0.5677247,-1.3479346,-1.257806,-1.3927037,-1.9222934,-2.1218648,-1.5508118,-1.4563768,-1.1418239,-1.7161257,-0.37282044,0.80675524,0.048230182,-0.4658266,-0.20960581,-1.1364768,-1.9374022,-0.21231535,-0.19915111,-0.4211823,-0.72310853,-1.0942081,0.9380585,-0.78094834,-0.071414955,-0.8006518,0.79816943,0.64392376,1.0505395,1.0169208,-0.23223989,-0.06279633,0.20830587,-1.229935,-0.5276322,-1.2984778,0.008087392,-1.6151919,-0.13005103,-0.2948041,0.36706805,-0.8493987,-0.9776994,-1.1294286,0.07583954,-0.55347747,0.093534105,-1.2673835,0.024172233,-0.15730971,-0.29358047,-1.2812891
-0.32983884,0.06049194,-0.47163415,0.12154984,-0.66853607,0.17194317,0.76855594,0.20016693,0.5199194,0.7287721,0.53478783,0.77908933,0.010308183,0.54039454,0.49472877,0.33648854,0.87268865,0.78603214,0.90791506,0.9474696,0.94895256,-1.1836812,1.1570911,1.2448916,0.8154294,0.2319801,0.59568524,0.98904806,1.4634955,-0.22482109,1.7813952,-0.6130511,0.61925256,0.5383783,0.05726027,0.24416502,-0.36783192,-1.2430001,0.26167503,0.92552704,0.4028436,0.18262473,-0.83243465,-0.092340566,-0.36560228,-0.74001485,-1.9895778,-0.017029041,0.032396983,-0.039812874,0.0020793558,-0.0019825806,-0.68609065,-1.2154565,-0.59511274,-0.8920841,-0.49544877,-0.8567412,1.1592073,0.280107,1.7122259,0.01201616,0.09303035,-0.8866098,-0.20000155,-0.7884091,-0.48133937,0.1925241,0.23329505,-0.54588294,1.0284277,1.0074836,0.34714046,0.036373727,1.2973014,1.3402926,1.2162107,0.68935174,0.49606654,0.5302614,1.0934119,-0.16053472,0.16062395,-0.28158316,0.43330872,0.2967359,0.26864293,-0.033151474,0.349574,0.3705771,-0.49318832,-0.13119759,1.2496859,0.7943051,1.3306161,-0.17956303,0.20649494,0.4076038,0.35988018,-0.28787985
0.091533765,-0.38123548,-0.03877471,-0.32951054,0.25946257,0.32381833,0.16135468,-0.26003787,-0.22411793,2.1714728,1.2393764,0.83265823,2.4070644,0.31853825,1.0960149,0.39285967,1.5155207,0.357436,0.3561445,0.52515703,0.22680557,1.358169,1.295746,1.4502419,2.0276885,1.1983634,2.468018,2.1421278,1.408993,0.76973504,0.946642,1.6387515,0.8022253,1.0130881,1.4854687,1.3658494,2.187214,0.0093771815,1.5164669,0.95754105,-0.35931775,-0.3103107,1.0297518,0.62334615,0.89360434,0.17673968,-0.2390438,0.817186,0.67301834,0.40565187,0.15115063,0.5841761,1.3591472,-0.1789266,0.14550336,0.5815189,0.6907703,0.67291075,1.9285572,1.3353996,1.6718388,1.4422107,1.9920721,1.3471766,-0.30441165,1.3618042,1.100006,2.6882215,2.4690878,1.052642,2.1736784,2.288673,2.1048539,1.2130374,2.0745132,1.8222575,1.958622,1.5266292,2.2999856,1.1053485,2.70196,1.6891397,1.5558025,1.8683195,2.1424613,1.8068093,1.9050777,1.9976892,1.8585651,0.87923545,0.92596483,1.0014179,2.201535,0.9679278,0.37118942,0.8685835,1.0161254,1.8381374,1.0463214,1.0597799
1.082334,-1.0489558,-0.62884104,-0.83527607,-0.40788072,-0.7332119,-0.5831068,-0.5841166,-1.0671932,0.874449,0.2688354,-0.55112934,0.5481897,-0.14234279,0.023760317,-0.3527606,-0.21398526,0.10382902,-1.1906947,0.24109834,-0.38518363,0.6513392,0.23693302,0.47156876,0.45599568,-0.431207,0.3202752,0.053385414,0.7606087,-0.6506964,-0.13689001,0.7915509,-0.2987328,0.52088356,-0.028765727,0.7982709,1.1749215,0.15285428,0.48263496,0.04553259,-0.12263625,-0.66783214,0.17298098,0.10865981,0.3642465,0.7408364,0.6552817,0.5469867,0.3251928,0.17327675,0.043412577,-0.34475657,0.43338487,0.0827191,-0.5209455,0.056267664,-0.22292937,-0.28896552,0.58834153,-0.18877554,0.11155781,-0.3929306,0.45049945,1.038565,-0.66233265,1.3079839,1.3215628,0.5090495,0.807404,0.75418705,0.8683621,0.50904787,0.82089496,0.72822607,-0.24177848,0.78139526,0.24505402,-0.18090741,0.5919775,0.28120744,0.597266,0.7766831,0.76252085,1.4039407,0.21141385,0.7952755,1.6458142,-0.52990365,1.2267882,0.86421293,0.57929754,1.7274802,0.8060204,0.802939,1.1576282,0.7342667,1.4843615,1.3518007,0.6047493,0.9776277
1.568172,-0.7874417,-0.60094947,-1.1002318,-0.7561293,-0.17747931,0.43057168,-0.30468062,-0.97623694,1.7251079,1.087069,0.9829507,1.5911826,0.766457,0.9933041,0.2218868,0.6815118,0.79021215,1.4519655,0.5979991,0.9757166,0.56459045,1.1404948,1.2775382,1.3807888,1.4543958,0.79962045,0.6261994,1.3322431,0.113280274,0.7721131,1.9511071,1.2153658,1.2950817,1.1591545,0.019677604,2.4118474,1.4035369,1.2216662,1.0960449,0.76790684,0.7337243,1.2123508,1.6564363,0.6949684,0.97714365,0.74224526,0.8705821,1.8433759,1.1891154,0.6221851,-0.6650847,-0.6335649,-1.3757893,-0.13909175,0.64251703,-0.68352413,-0.8044847,1.6184332,1.296162,1.020592,1.2866447,0.9230138,0.27058852,-0.08452379,1.7180719,1.3985757,0.5708961,0.90153277,0.33353126,0.86919075,1.3506745,1.1073229,1.9296827,0.5824343,1.3743792,0.9864482,0.25071466,1.8587214,2.3853967,1.2571454,0.7080978,1.4605029,1.4690593,-0.94431543,0.5356794,1.4335233,1.1333106,-0.14840119,1.4215966,1.4139962,1.550891,1.9493626,2.0174422,1.7191397,2.1534572,1.9334128,0.6294567,1.3100022,1.0557938
2.0667398,0.10510985,1.2511895,0.7316664,0.88179946,1.1430992,1.2692902,0.84844977,0.3449739,1.8088831,1.3838712,1.4030346,1.0166883,1.735424,2.1923215,1.6976371,1.591293,1.8424573,0.6612169,1.9430207,0.8694727,2.3110187,1.8502051,1.5744977,1.3180629,1.4410326,2.1816041,2.8841279,1.986265,1.9349446,0.75061595,1.7017951,2.5500474,2.2145565,3.0682502,1.6627362,3.084501,1.4810568,2.368923,1.9806553,1.4117037,1.5923572,2.4234765,1.8591174,1.6820306,1.5203847,0.84752727,2.5265672,2.1797018,2.2098072,2.5937855,0.5963107,1.4711906,0.54370683,0.9445305,1.9091508,0.13290678,0.1938891,2.5165603,1.3281755,1.2485334,1.3561941,1.3370653,2.9472861,1.3417877,2.5518513,2.3825607,1.6209271,1.6648954,1.5210406,1.4961711,1.8985097,1.7275496,1.6797096,1.3496155,1.5622884,1.5527667,1.7425566,1.6661516,2.0057473,0.9849502,1.9224002,1.5090998,2.8207333,1.1590712,2.1685522,2.3598626,2.702677,1.3175203,0.2957151,1.085881,1.4918497,2.2734299,1.836689,1.7401671,1.4243339,1.6827884,1.1592984,2.2054362,2.3852952
-0.9501313,0.5545512,0.70005405,1.1559333,0.9509667,0.6471384,0.8059946,1.0544301,0.4340476,0.8756134,0.4510342,0.55844307,-0.04516839,1.7427491,0.27373573,0.4101778,-0.23861288,0.54623014,-0.039999727,0.12563224,0.96158624,-0.16731523,-0.40588132,-0.027103528,0.9320578,-0.83830875,0.15049031,-0.18636298,-0.28993362,0.31279403,0.13405074,-0.62236744,0.3245598,1.0332818,0.95114547,1.9755464,1.7140888,0.37006894,-0.07984305,0.38449326,1.0184349,0.47260493,0.5454399,1.2778547,0.7889943,0.4210752,0.6555676,0.124511816,0.17640996,2.3119645,0.19420886,0.51308256,-0.7217368,0.45533606,0.96428764,0.55416876,0.2584799,0.71875817,0.9425015,0.061339922,-0.13119131,0.72242695,0.32333654,0.24169348,0.1374201,0.75810707,-0.085035495,-0.42451248,-0.74978465,0.33678266,-0.27425247,-0.24060306,-0.07199225,-0.654502,-0.7776582,0.34728044,0.38326463,-0.6065977,0.5760357,0.55972016,-0.94292474,0.6660893,0.6284283,0.84986466,-0.19460402,0.9709927,1.3444178,1.3880036,0.82350004,0.05156788,0.45223394,-0.100417,0.08207165,0.78529483,0.86492145,0.51336473,0.8957486,0.99296206,0.6621591,2.207449
-0.21757449,0.12588967,0.25971466,0.66464514,1.4092287,0.632759,0.57934,0.66894376,0.54820687,0.56657314,-0.6306013,-0.7717872,0.12831007,0.7664129,0.3761213,-0.31665993,0.36863974,-0.06487867,-0.2820673,-0.37182757,0.36640882,-0.1776522,-0.38807306,0.24172418,1.5004417,0.57352716,0.47513896,0.08332937,-0.095541835,-0.8138276,-0.04524203,0.27241242,-1.4531932,0.08676071,-0.8082797,0.9598701,0.83457804,-1.0918641,-0.94262403,0.29888365,0.14462313,-0.039733633,-0.5726475,-0.7708689,-0.18684945,-0.6052936,0.58149016,-1.1520026,0.47114027,0.3712169,-1.1726115,-0.37076926,-0.24269302,0.18842098,0.48671204,0.6511018,0.5864041,1.2360599,0.45863244,0.1309636,-0.6760546,-0.25138032,-0.3943068,0.18972637,-0.69604045,0.57816213,-0.77687716,-0.48051506,0.2581098,0.50403625,-0.09729659,-0.7931596,-0.20756894,0.730783,0.31861305,0.029011799,0.37798887,-0.37198785,2.0340526,-0.5986357,-0.07254328,0.51355815,0.34802452,-0.5329443,-0.16358511,0.49610236,0.50536215,0.5856902,1.0396276,0.57468444,0.418231,-0.59499437,0.19147651,-0.5032247,-0.5816301,0.33065552,0.24860133,-0.35651568,-0.0085145505,0.78084594
-0.84471786,0.074327,0.2950669,0.33230683,-0.04248919,-0.60445565,-0.275223,0.5053304,0.4191295,-0.7559506,-0.12207484,0.077206194,-1.14865,0.025592927,0.41053742,-0.07913622,-0.17865993,-0.3439475,0.28882045,-0.3330065,-0.34959292,-1.238165,0.09111271,-0.2879809,-0.46012133,-0.055821817,0.6999839,-0.22472219,-0.23109697,1.3465631,-0.7607142,-0.9487381,-0.94338983,-0.5463591,-0.60265833,0.13794547,-0.24685891,-0.869708,0.35764533,-0.46383148,-0.23467757,0.49471807,-0.42173007,-0.59575653,-0.95180637,-0.08763072,-0.12387193,-1.0761068,-1.0431083,-0.37761515,-0.53169644,0.049665436,-0.75761867,-0.095317826,0.031378385,-0.1994953,0.8807342,0.6350669,-0.54149806,0.20491289,-0.8872777,-1.1086416,-0.7851285,-0.45951536,0.40890646,0.011895281,-1.0751317,0.66730046,-0.68633264,0.48781103,1.1713849,-0.13845454,-0.83761865,-0.082939304,0.5843486,0.058521025,0.4776621,-0.073333584,-0.57878435,-0.550693,-0.77229977,-1.3044918,-0.14613524,-0.9368188,0.3769747,-1.5109664,-0.76635516,0.8523733,0.16911381,-1.1606618,-0.77156264,-0.43758726,0.14042237,-0.8196882,-0.07885665,-0.8913535,-0.7413605,-0.88095295,-1.3504928,-0.5658847
0.48810452,1.1427726,1.2375761,1.2404499,0.9410338,0.6313298,1.2174909,1.3800735,0.97159433,0.43481272,0.25001225,-0.35039198,-0.16694489,1.095817,1.3049757,0.84143347,0.5327389,0.34019208,1.1118091,0.27232483,1.102452,0.24506152,0.3670602,0.4447541,0.65466547,-0.36541066,0.7170977,1.080706,-0.18600793,1.4001,-1.0555489,0.5440539,-0.7405455,0.2659795,0.05482519,-0.08624063,1.0387051,0.7171821,1.9184576,0.8150067,0.6612086,1.0978919,0.631794,0.091729805,0.23927896,0.32342255,1.5006949,-0.83692515,0.51479155,0.5885292,0.4150552,1.6243804,1.3462678,0.76745194,0.63376874,1.0386856,1.6577948,0.96529007,0.304594,0.78932047,0.306498,-0.53322023,0.37177116,0.7684641,1.0523806,0.8229385,-0.29736847,0.8928986,0.9219615,0.49260643,1.2024996,0.18942149,0.69310385,0.620336,0.7956123,-0.15612802,0.39441362,0.7765046,0.06569041,0.87721723,-0.106215775,-0.3396822,0.7871565,-0.10228839,0.77018565,-0.10802098,0.5699984,0.831084,0.3257947,-0.030788558,0.0645221,0.48812994,0.6324331,0.31077078,-0.04659819,0.3411414,0.44296393,-0.5310289,0.26750943,0.23001118
1.5933444,1.6362832,1.0863866,1.772149,1.017101,1.1110648,1.6391487,2.1928039,1.6992422,0.13027115,1.7769399,2.1466317,0.4713444,1.5535746,1.5030708,1.6159773,0.6113442,1.4776341,1.5370277,0.857879,1.073601,0.47915754,0.61456114,0.46072546,0.02929415,-0.009110827,0.41750234,0.64006466,0.58266336,0.6739714,0.68815607,0.5402077,0.7248897,0.33724368,0.4549711,1.2750875,0.0066974214,0.8784886,1.2955245,1.6093967,1.5677185,0.3333528,1.1404197,0.565673,1.3794028,1.1155096,1.5158384,1.3526543,1.2112101,1.5120726,1.3804512,0.6437477,0.58814734,0.9877545,1.0381417,1.0460501,1.831984,1.152677,0.36239982,-0.25382856,0.7801879,0.06262545,0.30471537,0.36740506,1.1663581,0.8677661,0.4590952,-0.11925221,0.20372546,1.4683287,0.94841206,0.08493504,0.5942131,1.244301,-0.6902901,0.6555186,0.77075195,0.026149822,0.44412974,0.9980293,0.56667936,-0.06457998,1.4006345,0.47320887,0.04019357,1.2050698,1.1779892,1.0678548,1.5687786,0.8246267,0.74498755,1.0238502,1.233809,1.5906259,-0.03755535,0.3030336,0.4710244,-0.34031034,1.2560363,0.9354358
0.91205466,-0.70946014,-0.3893372,-0.41621056,0.33149266,1.1262974,0.62498564,0.33076555,-0.36143884,0.31519154,0.28063223,0.45034423,-0.21894762,0.52547973,0.12794237,-0.023607349,0.06645612,0.09274984,1.069829,0.32302907,0.49011308,1.1088673,0.3399001,-0.12250812,-0.49435955,-0.684578,-0.92647356,0.7274522,0.40666643,-0.8384545,0.08905779,0.39571404,-0.05222053,1.0069126,0.36491638,-0.34109163,0.94814736,0.97829074,0.28175965,0.9099849,0.8354949,0.30004498,0.25446612,0.9933215,0.21868277,0.5044383,1.6903228,1.3678827,1.6737707,1.4425604,0.03649276,-1.095597,-0.5358199,-0.17800239,0.3157596,1.6546724,-0.7138752,-0.22806457,0.064879745,0.78342,-0.9808591,-0.30764106,-0.29613292,0.27531874,-0.25502267,0.6366702,0.6699591,-0.55946124,-0.26694924,-0.06054659,-0.66839325,-0.12279573,0.3788208,0.7952255,-0.69421834,-0.8474843,0.55107594,-0.92330265,-0.060146432,1.1984489,1.740908,0.7031627,-0.05305352,0.29249352,-0.8584624,1.1775752,-0.050097186,-0.19945623,-0.137369,1.9381117,0.33956957,0.010766303,0.8548041,0.17856994,0.68461365,0.9821704,1.2949625,1.1377987,1.4973651,1.6628855
1.5556321,-0.053692415,0.34374875,0.49259534,0.74373096,0.8563328,0.7928286,-0.1919296,-0.5492889,1.0898134,-0.35851982,-0.45436144,-0.41462642,1.1390854,-0.23867862,0.6960425,-0.27152926,0.64605504,0.27129805,-0.3207344,0.15329085,1.2168335,0.6333263,0.20664382,0.8916569,-0.30988553,-0.47052202,-0.9756428,0.07720451,-2.0770657,0.38438678,0.15330197,1.9457482,1.869478,2.0165966,0.15708594,0.9566094,-0.44551337,0.18440634,0.6541678,1.2102269,-2.3104117,0.5205631,1.2347133,0.6279202,0.34175175,0.043034382,2.2795386,1.9682367,1.3659215,1.2897801,-0.6086886,-0.047155976,-0.6280617,0.08346877,1.3681264,-1.3677317,-0.50026166,0.8079087,-0.5717002,-0.5866626,-0.2507024,1.0099416,0.5777344,-1.225257,-0.20690168,1.2864176,-0.38282478,0.23306154,-0.61381525,-1.0313919,0.20008916,-0.062264286,-0.0819445,-1.0510031,-0.25078806,0.19471602,-1.0631671,1.6454296,1.0502634,1.1454228,1.7451912,1.6523349,1.5591745,-0.43703175,1.7999542,0.8521042,-0.10911575,0.2012862,0.5897671,1.5974442,0.7216973,-0.11758425,-0.9793244,-0.352842,1.1496549,0.7582344,1.8862343,1.5855887,1.6765499
0.41871586,0.5694229,0.4515001,1.0604225,0.9216135,0.9655298,0.5554877,0.68177825,0.338948,-1.0889821,-0.90477824,-0.589555,-1.0832185,0.011952635,0.18462305,0.5830831,-0.80683845,1.2237859,1.6232905,0.07903249,0.858008,0.23980965,-0.1624547,-0.10918877,-0.30912125,-1.097806,-0.7372214,-0.5139254,-0.14318226,-0.31727445,-0.046827134,0.27180827,1.521194,1.5623364,1.0442169,0.8666686,1.5352991,0.3230821,0.061140925,0.44129437,1.7736827,0.14130193,-0.046185523,1.0116478,0.76952624,0.0987463,0.4711206,1.1872319,1.4644507,1.5884062,-0.3658522,-1.1142529,-0.4292577,-0.7133592,0.18196131,0.46506053,-0.91405267,-0.08946725,-0.50984484,-1.0254441,-0.6217693,-0.8297509,-0.916764,-1.055639,0.07379487,0.17536984,0.57933605,-0.73468864,-0.17806213,-0.29768226,-0.3314638,-0.4079716,-0.27750427,0.048484907,-1.4431189,-0.8857543,-0.5706201,-0.3170709,0.16787545,0.84070957,-0.92187095,1.3026385,1.5270004,0.3395303,-0.10882739,1.1353061,1.5018665,-0.17990562,0.18746363,0.061586116,1.1580821,0.10215762,-0.2483093,0.28003517,0.670152,1.0419816,1.1257305,0.60281295,0.9756449,1.705519
0.6106354,-0.30013704,0.23027341,0.010503811,0.063384205,0.07005881,0.566995,-0.19882601,-0.87722605,-0.75120157,0.76146156,-0.3737787,-0.55002224,-0.18469404,-0.28471836,-0.079737216,-0.858378,-0.21073209,0.10186643,-0.8122267,0.07002677,-0.2774256,-0.98534244,-0.0926319,0.1404333,-0.22439814,-0.75355154,-0.19159578,-0.9311994,-0.23686521,0.06800761,0.37623128,0.29700914,-0.18354219,-0.35980484,-0.5310035,-0.18103427,1.334051,-0.24184148,0.57037145,0.8229626,1.1847847,0.042051002,1.2334158,0.07763618,0.8027451,-0.16309236,0.26189828,0.79707,1.5265657,-0.75610083,-0.76806957,-1.3406112,-0.3372792,-0.009802116,0.8057729,-1.1437551,-0.41342562,0.007949322,0.04910449,-0.09576794,-0.15777095,0.28823423,-0.82934684,-0.11371498,-0.292965,0.31664875,-1.1028484,-0.96213216,-0.6643754,0.35419342,0.24625348,-0.2633104,0.34257695,-1.1509604,-0.52387834,0.082835115,-0.038695794,0.17795596,0.32994944,-0.54592305,0.81754315,0.634347,-0.5931347,-0.7507177,0.76556194,-0.42222878,-0.13459961,-0.30914825,0.95739394,0.7370352,0.5298277,0.45203346,0.64769363,0.39898464,1.6418995,1.8072243,-0.28586736,0.9736948,0.91614175
0.31910032,-0.25963995,-0.26017928,0.12061642,0.3117715,0.797453,-0.11106994,-0.45593122,-0.3304688,0.17229083,-0.08267106,-0.6543659,-0.44173825,0.5409572,-0.60441715,-0.2496967,-0.37658164,-0.47257954,0.01673487,-0.26368544,0.06213471,0.746278,-0.49956518,0.34183648,0.4237276,0.10728902,-0.37653637,-0.10689102,0.47086275,-0.9961774,0.37343404,0.17497697,0.73775303,0.45973447,0.051354293,0.0052919122,0.09145254,0.4292405,-0.5957657,-0.3031285,0.49354592,-0.48645353,-0.2762602,1.1772685,1.099745,-0.28607094,0.20296855,1.3555472,0.8238687,0.5760485,0.09502352,-0.069150776,-0.6194738,0.69727033,0.42896333,0.6706125,-1.032468,0.18618941,0.4831223,-1.0723288,-0.06099829,-0.04589786,1.0134542,0.32767308,-0.5368508,-0.35258806,0.7767355,-1.5747173,-0.5812222,-0.4476471,-0.17666514,0.23824991,-0.09301173,-0.43327227,-1.029875,-0.19895528,-0.61652374,-0.5581723,0.73651206,-0.037852257,0.5191411,1.026863,0.9722575,0.34195766,0.6470239,0.7203068,0.25439662,0.057228815,0.11952976,0.38357773,1.396354,-0.49807268,-0.15445058,-0.40845183,-0.736416,0.65074295,0.52689815,0.98509896,1.0927179,0.78168803
0.20963466,0.55779517,0.2918351,0.9126766,0.373684,0.30950308,0.6573939,0.6227583,-1.1052834,-0.4466793,-0.42992213,0.40057194,-0.13580191,0.5770557,0.021490807,0.8741174,0.79718626,0.57063556,0.48292345,0.38877136,0.73007375,0.6196737,0.43209034,0.7204282,-0.13814694,-0.3921005,-0.10955623,0.07399813,0.40568206,0.05825882,0.03519271,-0.015793474,1.7245622,1.1229758,1.0571275,0.2513284,0.5062831,0.8950773,1.1488333,1.2274616,1.3331598,-0.61546206,1.3879381,0.3496864,0.20875148,-0.37409797,0.82723796,0.61357147,0.4838943,0.23616172,-0.71364504,-0.22551307,-0.35912958,-0.38171324,0.5344159,-0.102322735,-0.4634578,-0.15844221,0.18417528,0.003691123,0.604817,0.054423712,1.0107855,-0.51755637,-1.532881,0.48787686,0.39738995,0.14592609,-0.053746272,-0.07301906,0.20489392,-0.21873924,-0.013036638,-0.15275368,-0.79920876,-0.04547159,-0.55923456,-0.093849495,1.0878688,-0.1842947,-0.6092368,0.2238336,0.3553112,0.4709169,-0.522394,0.5661387,0.2697159,-0.25975665,-0.4582713,-0.81792957,0.37175798,0.10751262,-0.3667002,-0.07615797,0.0010814698,0.12458988,-0.022646911,0.58696866,-0.066142574,0.35686114
0.3813506,0.61068356,0.94872886,1.2793152,0.5555597,-0.36067414,1.086538,1.1537737,0.7281803,0.80640316,0.4364819,1.2529893,0.22179562,1.3965182,0.34631306,0.8235354,0.636236,1.0666643,0.959839,1.0050468,1.1434081,-0.8095778,0.49935016,0.5212299,-0.08909542,-0.9167365,0.00029073632,-0.26627693,0.35659787,0.29805538,-1.2957598,1.167409,-0.04482845,-0.31648067,-0.3129163,-0.57855886,-0.26234534,0.98487616,1.8427597,0.9874362,1.1960949,0.07804977,0.7385336,0.42671236,-0.36861867,0.4551906,0.7714585,-0.9709785,-0.637008,0.7033119,-0.1645357,0.8214818,0.4721951,0.77066445,0.117225364,-0.40740034,1.0339191,0.4245585,0.7029,0.19570117,0.9078032,0.5826147,-0.3378125,0.9605045,0.5826352,0.24582078,0.26007333,0.053294778,-0.1930056,0.99574137,0.6006964,0.15323152,0.020392654,0.6293201,0.122258484,-0.14758433,0.41242272,0.03664642,0.19274724,1.2388401,-1.0284563,-1.4732722,0.7322031,-0.71274465,-1.4524857,-0.19262537,-0.5044506,-0.010898788,-0.5686659,0.078633666,0.2583216,1.059879,0.82489604,0.58465505,0.74867827,0.48138455,0.71518326,0.028463652,-0.6765885,0.21586084
-0.30658323,-0.22646695,-0.7848719,-0.07270051,-0.859615,-0.124282956,-0.30362922,-0.081305146,-0.098820515,-0.056392837,-0.3680149,-0.04119606,-0.38599348,0.6191314,-0.1831748,-0.36261886,-0.24658275,-0.37238157,-0.104460925,-0.008047121,-0.026398718,-1.3131592,-0.037847973,-0.39306056,0.29578227,-0.06553232,0.29371268,-0.18376188,-0.17646354,0.18609726,0.4525539,0.52017677,-0.7726138,-1.3267726,-1.117694,-1.1336011,-0.37510824,0.68021226,0.27627972,-0.4930222,-0.14789821,0.06444287,0.033266082,0.89819527,0.28637412,0.6989165,0.3894231,-0.75448984,0.17810076,0.20302932,-0.14307955,0.05455588,-0.25874904,-0.06667374,-0.57383096,-0.2639379,0.87541044,-0.19711444,-0.09155178,-0.4628205,0.23103909,0.23534453,0.50769746,1.1173377,1.1015946,0.30577978,0.9592946,0.036127463,-0.82159334,0.13721456,0.011093834,-0.94132364,-0.44060203,0.5330714,-0.41542286,-0.35717693,0.09004454,0.33735555,0.06966449,0.7798205,-1.0797975,-0.8376665,-0.70994925,-0.97597814,-1.1153098,0.12579703,-1.173026,-1.3124971,-0.7672189,1.3416615,-0.75186235,0.6833382,0.2572029,0.3728766,0.468451,0.8662532,0.5532391,-0.77589715,0.27105328,0.34690613
0.954021,0.4644686,1.2480543,0.50880563,0.30434757,0.9269202,1.1296035,0.016868293,0.10686354,1.1809081,1.1097764,0.66527265,1.2257938,1.4807531,1.0059606,0.87989575,-0.38454723,0.42814967,0.1039325,0.3581578,0.49058217,0.5695804,0.040847983,0.47413608,0.95918405,-0.15544225,-1.1135128,-0.22073759,0.5119171,-1.1385072,-0.37922254,0.24242775,1.0892199,0.98754424,0.6009529,-0.4896857,1.0090382,0.5779729,0.41775012,0.7498606,0.8662253,-2.3208077,0.030254465,1.1077077,-0.23059551,0.12959257,0.50312686,1.9239799,1.8560089,1.3074342,0.46512282,0.028554419,0.88793844,-0.09720647,0.6213653,1.236874,-1.1305485,-0.15748388,1.245655,1.3936596,0.65177184,1.0745445,0.8220123,1.2575834,0.02613396,1.0431808,1.0930305,0.552624,0.33585846,-0.048104893,0.352014,0.6518772,0.95971316,0.96888405,-0.4123356,0.25514337,0.56904435,-0.16602859,1.8722277,1.3112335,0.99328,1.3383828,0.47463933,1.7392395,-0.52058184,1.9365859,1.1957444,-0.31809136,-0.48689628,1.0749563,1.0288148,1.018074,0.28672853,0.2979549,-0.06383983,1.1042179,1.6045595,0.8805922,1.2829927,1.2823675
0.8945851,0.53325236,0.85310924,0.4173255,0.4019877,0.4072999,0.44257727,0.06384654,-0.30285904,0.70276576,0.20792954,0.6648866,0.06856667,0.36612448,0.14829232,1.1353613,0.1042799,0.6310816,-0.39698026,0.15772219,-0.20301087,0.8588403,0.20957483,0.24894468,0.43398258,0.26251867,0.04085659,0.2660637,0.30457285,0.13004503,0.32188073,1.2696574,2.169146,0.636608,1.0699728,-0.17354195,0.500214,1.6334643,0.0031330637,0.5393645,0.9482966,0.26001647,1.313441,0.88208795,0.348873,0.31258768,0.8789234,1.8352488,1.6943208,1.4168274,2.1887348,0.54189146,0.38576514,0.75246674,0.0965145,0.7458674,-0.53684044,-0.49017054,0.26405978,-0.28548896,0.03765902,0.39387098,0.030057412,0.818936,0.13506487,0.60855526,1.8351886,-0.59243,0.5958701,0.2584163,-0.35993016,0.6580041,-0.012940611,0.31470433,-0.37642223,0.11092337,0.26555595,-0.6437306,0.8986514,0.21567766,1.0504832,1.6839561,1.1594319,1.5268753,-0.57799053,1.2796915,0.80976415,0.21876867,0.03146482,1.1164134,1.9728247,1.2767131,0.0826369,0.15713695,0.39424413,1.125862,0.6078372,1.3824334,1.5918276,1.5265031
2.6782146,-0.14481227,0.71153575,0.033271756,0.44479844,0.75492203,0.24399023,0.5827702,1.4504405,0.5637175,0.84223026,-0.058199458,0.25815484,0.6722767,0.6050624,0.7627892,0.10996972,0.52011895,0.58072674,-0.21689007,-0.07388397,1.619649,0.4407563,0.21748526,0.43822715,0.8769007,0.36573204,1.9221454,0.2524486,1.1899652,1.6086984,1.2401599,1.091222,1.0532033,2.1859374,0.96298236,1.4509877,0.70862406,0.7629969,0.42243838,0.8611158,1.2971125,1.8357244,2.0065548,1.7966144,1.1282765,0.87448114,2.00498,2.0786517,2.1981375,1.1776565,0.21063529,0.8423615,0.7657118,0.50609887,0.91376543,0.3144444,0.8586726,1.0058465,0.9005234,0.6202043,0.747597,0.5824949,1.6055493,0.9310968,1.0298928,1.6413921,0.4145199,0.75922096,0.76815075,0.8023387,0.15687948,1.1624229,0.977614,0.21339147,0.047405306,0.43353835,0.3569367,2.5433147,-0.07856775,-0.21059355,1.8910977,0.835814,1.3336769,-0.276502,1.1685619,0.3762456,-0.023055008,0.81714654,0.7391457,0.7000457,0.10212367,0.539328,0.3575996,0.052700136,0.99123704,0.36014506,0.39295432,0.96527433,1.613552
0.63484204,0.24075206,1.187913,0.5770125,0.8077865,0.42384052,0.36297143,0.097467445,0.8033776,0.599439,1.0119994,0.18018301,0.33498204,0.6989649,0.44437078,1.0856161,0.49014178,0.42830005,-0.06630139,0.6204574,0.051607464,1.4000871,0.47607023,0.2894033,1.3488307,1.0773573,0.6884312,0.92461723,0.6253091,1.215162,1.5588528,1.1777276,0.24636671,0.4755561,2.4157858,0.40181434,0.46259964,1.4515815,1.6156055,0.9265846,0.6323429,1.0908216,2.7052073,2.4753737,1.8295903,1.7059872,1.8851568,2.161981,2.0173419,1.5322825,0.30917662,0.43920824,0.76674134,0.734767,0.35882214,0.4401478,0.18883872,0.8497437,0.48385084,0.79799825,0.7166401,1.5310034,-0.30629805,0.6493216,-0.58706105,0.13104162,-0.087518,-0.56355876,-0.08408053,0.4008103,1.0327344,-0.22990923,-0.20765972,0.40919992,0.09902848,0.20836408,0.2760341,-0.553683,0.94483453,0.2553312,-1.1484008,0.17274307,0.082772434,1.0270616,-0.604262,-0.5683412,-0.025335275,1.380538,0.5202106,0.45699742,0.27679536,0.8812857,0.51725155,1.2145424,0.68663204,1.4889961,0.26091728,-0.5120881,0.94103545,0.67024887
0.18527485,-1.6616465,-0.34710088,-2.0714624,-0.39368907,-0.4361063,-1.923456,-1.7037154,0.40222916,0.6221087,0.59170663,0.14564663,0.7430131,0.45424074,-0.28030533,-1.4520221,0.13965534,-0.7529898,-0.88681203,-0.042556934,-0.99926275,0.8618658,-0.5703127,0.314279,1.0114353,0.34913152,0.78728765,0.2704788,0.3443919,-0.81839675,1.0801604,0.60060364,-0.8047345,0.048591934,0.62418133,-0.082377985,0.8497121,1.1787722,0.6293777,-0.75984776,-0.53758496,-0.02917329,1.2082943,1.7698089,2.3234966,1.3273222,1.9811617,1.3877512,0.6282304,1.8465948,0.745671,0.09541678,1.1200027,0.58680737,0.12921807,-0.050077,0.41436628,1.3074671,1.3681955,1.3645277,0.97605246,1.0540886,1.649778,1.3050853,1.1497804,1.4844339,1.340299,1.353031,0.5175115,0.22229317,1.7969316,0.4000026,0.6303023,1.2414935,0.40293878,0.2907953,0.9268315,0.22283426,0.8990169,1.3443751,1.0997136,0.81871873,-0.28060415,0.05238149,-1.4656595,0.3367578,1.7205218,-0.22337164,0.8812973,2.0158257,0.6234012,1.5444056,1.545185,1.9992965,0.7100217,1.9551314,1.1299285,0.5087568,0.712252,1.438
1.3189704,-0.9046061,-0.19361518,-1.3921573,-0.5678558,0.04652758,-0.92780143,-0.968459,0.54417133,-1.6505917,-0.72527117,-1.4964645,-0.25545222,-0.9566511,-2.5012376,-1.4968638,-1.3608083,-0.6662545,-1.542165,-0.56314933,-2.162522,-0.2721012,-1.3357222,-1.2485083,0.0739442,-0.39404416,-0.55947715,-0.45765823,-0.35539857,-1.5148394,0.2822631,0.83365834,-0.34858346,-1.1612806,-0.702942,0.021953866,1.5100774,1.2760938,-0.6310374,-1.2685956,-0.62142265,0.41060928,0.5366,1.4845551,0.8709666,1.368846,1.2806472,0.752862,0.772175,0.87858,0.8720616,0.16484448,0.883786,1.386813,0.30834222,0.91882706,0.61498827,1.2902325,-0.9551745,-0.8799112,-0.8317611,0.2058942,-0.42298624,0.8933106,0.13144056,-0.6574463,1.6903071,-0.38709486,-1.5985134,1.1189365,-0.6225022,-0.8235785,-0.63266003,0.38531607,-1.9893353,-1.6479077,-1.1717793,-1.703428,-0.025856066,0.976161,-0.067051,0.90218645,-0.050162386,-0.38017717,-1.4445641,0.91948086,0.41064608,-0.48669276,0.7724548,1.3208174,0.99408615,0.98119026,0.14416681,1.2682508,0.7886789,1.767325,1.3762568,0.7178421,1.113004,1.4341522
0.59439045,-1.1131761,-0.12971051,-0.75384444,-0.30900943,-0.19309197,-0.6017334,-0.2680389,0.28728795,-0.97400296,-0.7431469,-0.8743338,0.66073394,-0.10925099,-0.15400228,-0.6871038,-0.8016516,-0.39602283,-0.7139766,-0.60372263,-0.80735123,-0.70291924,-1.5167828,-1.3729169,-0.65994084,-1.0475806,-1.298955,0.3197117,-0.95204604,-0.13522498,-0.8600891,1.6701282,-0.88728654,-1.4345176,-0.60409933,-0.80555063,0.08665406,1.7611747,-0.0008258114,-0.59267133,-0.31620398,0.0069140517,0.54024595,1.1370425,1.0142292,1.0855299,1.5703608,-0.5049898,0.17180867,0.8523588,0.719142,0.30674496,0.71809214,0.9167328,-0.00077945855,0.014004397,1.0721965,0.8960383,-0.43467063,-0.4773222,-0.60079604,0.07288336,0.9751573,0.3633926,-0.4824859,0.2326097,0.630963,0.18391249,-0.20514454,0.5014789,0.25950345,-1.8608456,-1.0279201,0.507441,-1.3055959,-1.2704308,-0.19280457,-0.9133033,0.62813306,2.1880481,-1.537352,-0.77903235,-0.7595346,-1.2978454,-2.6147623,1.1632138,-0.09267863,-0.7896272,-0.40501976,1.0725437,0.37807316,1.3376654,0.42745912,1.156207,-0.111221954,1.7890217,0.8495498,-0.6941035,-0.61658007,0.9841509
1.3046805,-0.43722898,0.20069355,0.09198509,0.15245473,0.07783145,-0.13410217,-0.049252354,0.5750933,-0.18097919,0.82707083,0.6581876,0.083666526,-0.6278544,-1.0712475,-0.49311578,0.5033094,-0.6443797,-0.2127552,-0.28319672,-1.0728496,-0.89737093,-0.6888531,0.11401493,-0.3515964,-0.07582824,0.5003056,-0.41886905,-0.37815815,-0.6004944,-0.1668351,1.1693722,-0.26829904,-2.081439,-1.6486492,-0.7937777,-0.81587106,1.6930276,0.71443343,-0.3954381,-1.048105,0.14251249,-0.030973041,0.07898541,1.0785253,0.9757541,1.0402495,-0.5407611,-1.0683427,-0.6011098,0.43026176,1.1941621,0.80963534,1.1018012,0.9007356,0.9095433,1.5116714,1.7867099,0.8449689,0.6668739,0.8852428,0.71644384,-0.27855,0.7832898,-0.28362426,0.15292048,0.24819785,0.5187002,0.49903443,1.0060747,0.6024828,-0.30335927,0.29131693,1.5449374,0.29243612,-0.18480621,0.78049666,0.036323357,1.0256462,1.4948344,-1.578468,-1.0943968,-1.6033087,-2.4287398,-0.46667606,0.27068827,-0.52123964,-0.8526754,0.080700785,1.1842469,-0.23809841,1.0009744,1.0975573,0.5133804,0.26980296,0.83138996,0.8695921,-0.8344396,-0.19950849,-0.1342554
1.1107341,1.437909,1.5132068,1.3941675,0.6228725,0.61249083,0.48145905,0.80059516,0.8230497,0.6132834,0.9335721,0.5262062,0.2112388,0.652786,0.19797276,0.8097359,-0.059605163,0.24577253,0.38611215,0.9040717,-0.030577928,-1.5654541,-0.4377007,0.33713365,-0.052326806,-0.34895465,2.3765771,0.23370197,0.6765183,-1.1375512,-0.24722056,0.32190242,-0.12155622,-1.155422,-1.4435234,0.3189657,0.123720326,0.3084529,0.4241257,-0.47415313,-0.34979412,-0.08541068,-0.103029795,-0.108334094,0.56718194,-0.5180145,0.65628827,-1.1224692,0.1701,0.065327525,0.82479143,1.8621271,1.3796908,1.354574,0.7222327,1.3262707,1.9963803,1.61046,0.74220794,-0.15615521,0.7115806,0.1606381,0.083508834,0.2866642,0.2297465,0.7485587,0.8933237,-0.043911405,-0.09570734,1.2213385,0.9423314,-0.17030674,0.9662702,1.3221233,0.12624718,0.3869018,1.0461826,0.4729547,0.8209061,1.3642757,-0.020990387,-0.020138195,0.016768256,-0.6360046,-0.36048776,0.64882404,0.9018545,0.09535098,1.1122025,0.9559744,0.9970116,0.66399527,0.2986162,0.7572166,1.2311369,0.30946103,0.47293606,1.0810766,1.024029,1.5588912
0.1846404,1.1028539,1.7127212,0.93173045,0.750865,0.3914645,0.5703555,0.9293864,1.465257,0.42881,-0.027704803,-0.14783266,0.0055689816,1.6601737,0.71772707,1.0420176,-0.1650829,0.118706726,-0.09856637,0.50370353,0.15664035,-1.1763134,0.67753357,0.6382956,0.6487906,-0.12382539,1.8230342,-0.1579168,0.57349294,-0.4765304,-1.1856015,0.94087374,0.40964282,-0.117007144,-0.44276932,1.0717785,0.3235469,0.048356906,-0.41822293,0.13227597,-0.15966314,-1.7004416,-0.3278876,0.7314394,1.02275,-0.40864795,-0.7704156,-0.3078495,0.08295646,0.13061292,1.5733612,1.7018758,1.4305804,0.829354,0.80999625,0.54527944,2.12532,1.8235954,0.9017715,-0.11474611,0.8052649,0.0027445357,-0.05377432,0.47845408,0.8078239,0.4056678,0.2915059,0.3537461,-0.13891496,1.0706724,0.9708743,0.29166993,0.8354347,0.47562304,0.82429427,0.6878347,0.5600562,-0.6116283,1.0749744,1.0883992,0.34422973,0.6684401,1.3504578,0.28871307,0.5563818,1.3449848,1.0940983,-0.099805795,1.3542467,0.02279582,1.1415215,1.6594435,0.61374027,-0.4674805,0.15861687,0.16890758,-0.27979976,0.5550926,0.41866937,1.2459142
1.255028,0.95318675,0.9143431,0.61769825,1.6226913,0.72470176,0.664616,1.0476673,1.4770858,1.4115248,0.7075846,0.2489795,0.14450277,0.6494795,0.4165467,0.9436139,0.68695617,0.28035986,-0.348583,0.1542378,-0.5836635,0.42266816,-0.7738034,0.30132934,2.1787434,1.0329156,1.1750714,-0.03684889,0.6866131,-1.4084685,-0.18798016,1.0592586,0.98260707,-0.47293097,-0.46631786,0.96485233,0.4017405,0.51380813,-0.04144454,-0.1439825,-0.52786523,-1.2581608,0.12895915,0.449577,0.85874534,-0.06735862,-0.3494465,0.38311732,0.3238136,-0.21315064,1.3559599,1.8999337,2.164565,2.394209,1.3996209,0.8072368,2.1993437,2.2694294,2.1571693,1.1897638,1.1498351,0.69627696,0.8091467,1.790583,1.0721103,1.4846486,0.4273621,2.1704535,1.0917461,1.8175378,1.4529228,1.0095762,0.061145354,1.0261457,1.1030592,1.6488692,0.34174794,0.20892699,-0.047982246,0.6295532,0.051333986,-0.033375207,0.74962395,0.5332017,0.8803417,0.82433975,0.6472075,-0.35509956,0.72904396,-0.7265057,1.802574,0.07245405,1.160802,1.3667933,0.68395495,-0.05421153,-1.1458439,-0.081379816,0.11650099,0.058800228
0.75361127,0.640603,-0.14351988,1.261035,0.8082298,0.29122245,0.26292625,0.30478513,0.38115972,1.5958899,2.148334,0.8753292,1.3903159,0.42919257,0.7369205,0.5355851,1.2358679,0.44570768,0.64636105,0.8752361,-0.43444052,1.7062798,0.6277875,0.55981153,0.997304,0.3511629,0.6563983,0.33350274,0.7968772,-0.31531563,-0.8760109,1.0901273,0.24695027,0.27115306,0.62521,0.74743724,1.0056058,-0.2793232,-0.22563142,0.16187546,-0.21311364,-1.421497,-0.025377726,0.1086796,0.47013307,-0.29932252,-0.65418255,0.033459157,-0.070611864,-0.5440784,1.1563648,1.127204,1.435819,2.7119706,0.6688837,0.87774336,0.8687754,1.520518,1.739289,0.739667,0.001881601,0.9461382,1.0174263,1.3507674,0.994198,1.1267436,1.2594666,1.031101,1.33468,1.3167161,1.296893,1.474947,0.97076,0.4725826,0.9361878,1.032303,0.7433263,0.63120234,0.22346298,0.60276204,1.0809921,0.65349424,0.90481377,1.2842009,0.97785324,0.8435522,0.95055574,0.41503975,0.97481686,0.44576818,1.0036142,1.7323601,0.6399362,-0.3615807,1.0014961,-0.050109148,-0.23424973,1.3818729,0.7924046,0.27553886
0.8069514,-0.3064719,0.5147504,0.012041312,0.581775,0.026667595,-0.2838671,-0.45353985,0.29982793,0.66065633,0.11043521,-0.24223256,-0.14893635,-1.0667328,-0.71340805,-0.17968412,-0.31036955,-0.0930218,-1.3937589,-0.29707998,-1.5240576,0.36694682,-0.5131761,0.34978387,1.3425415,-0.48724633,0.5623953,-1.106138,-0.23566386,-1.3018672,0.66752976,1.4911112,1.2535126,-0.66644996,-0.62215364,-1.0637653,-0.31289217,-0.09174234,-0.34727177,-0.66398746,-0.9821619,-1.6231304,-0.6527865,-0.8581509,-0.42672256,-0.5062977,-0.13189663,0.36279055,-1.7562144,-1.280191,0.7448154,0.60611933,0.924063,0.5633558,0.23931345,-0.20077252,0.47315475,0.4499054,0.42530513,0.06196289,-0.28478605,0.46708354,-0.6811303,0.5239523,-0.6866546,0.017246168,0.5473442,-0.9302722,0.9225813,0.81322044,0.022216992,1.051694,-0.21469511,0.4595013,0.95520097,0.78744334,-0.12166779,-0.85257673,0.097309105,1.1480757,1.5958138,0.8623838,1.2038239,1.4484142,-1.2036425,0.9347368,0.66170514,-0.036311634,-0.8865516,-0.14475727,2.156564,-0.1370141,0.8781761,-0.8045477,1.0506297,-0.39972845,0.22840133,1.0551357,-0.17558198,0.27873152
0.8812876,0.16619405,0.37883526,-0.46314535,0.3407788,0.46936142,-0.23751512,-0.5063258,0.2555656,0.61870104,0.08129161,-0.37455302,0.7027235,0.06381924,-0.46392408,0.45576778,0.06511863,0.5380784,-0.42244834,0.95884955,-1.1939716,0.537045,-0.16756454,0.1495511,0.7652195,0.4482217,-0.23801859,-0.4476227,0.51026684,-1.1024594,1.747609,1.8377861,0.8603516,0.14177324,0.3360509,-0.15704526,0.3439515,-0.25796345,0.44439408,-0.3390683,-0.04009825,-0.7086422,-0.29959133,0.6762723,-0.41763437,-0.108846195,0.23027538,1.0993557,0.51279396,0.32597265,2.115946,0.69231576,1.707989,-0.011276873,0.43390992,0.8256006,0.24219203,0.44130015,0.84736,0.85575676,0.84881514,1.138471,0.8848029,1.8971821,0.3543449,0.53231597,2.1004941,0.39532807,1.2511888,1.0580102,0.09395201,1.2222017,0.2677765,0.9514495,0.28749958,0.5316928,0.042281695,-0.1583999,1.0347203,2.4354584,2.6106956,2.2259398,1.5330615,1.6233109,-0.6053915,1.8869692,1.2543299,1.0579342,0.3487778,1.5469635,3.175516,1.6630214,0.84575546,0.52601963,1.0776939,0.93653214,1.2873641,2.6526835,0.92404014,1.1865138
0.7209519,0.73293525,0.41261452,0.40706095,0.6409837,0.18476184,0.3262207,0.6294662,1.2693486,0.48524264,0.72440726,0.5491357,2.02626,0.46391365,-0.0679066,-0.30876967,0.55353343,0.18740913,-0.32716423,1.0700146,0.15698184,-0.22288573,-0.028373796,-0.3383999,0.24903536,-0.0417403,-0.34609678,-1.0442443,0.32133874,-0.72659326,-0.15285619,-0.1713501,-0.53937244,0.07072375,-0.49151656,0.7533304,1.1459954,0.15681615,-1.1096038,-0.16759373,0.50413054,-1.5644804,-0.469361,-0.3823841,0.5875038,-0.8236473,-0.568216,-0.26394558,1.1432911,1.5610908,0.78580624,0.6261484,1.0290112,0.47792104,0.3770547,1.2674845,0.7647526,1.1675067,0.061708894,0.57506025,0.9632411,2.3368251,-0.41470215,0.5269292,0.34434605,0.030893628,1.7016085,0.09358893,-0.115580395,0.98234475,0.7769381,1.1215965,1.7474486,0.06735298,0.419917,-0.4414348,0.8014964,0.41492414,0.93503755,0.2715009,0.19249937,1.444994,-0.073928565,-0.6150704,0.08128168,1.2481257,1.7351841,-0.3026463,1.4486024,0.5236527,1.3920498,-0.36153123,-0.80177563,-1.4262304,-0.6583147,0.07967068,0.10219885,2.086394,1.1853428,2.0825958
-0.055633653,0.19792785,0.5899227,0.19437146,0.5043456,-0.4463844,-0.1822672,0.08162653,1.1798846,0.6011355,0.5207231,1.2551826,0.6668616,-1.7744584,-0.22708148,-0.19070269,0.7029224,-0.5493594,-1.339034,0.4861919,-0.3543872,-1.3064284,-0.5286467,0.5793593,1.2164963,0.8189552,1.4100256,-0.7091336,-0.2450453,-1.3182065,0.20297566,-1.0203575,-0.3314997,-1.4503696,-1.8085383,0.74806976,-1.5660887,-2.211718,-2.3900907,-1.0704894,-1.1792215,-2.2845843,-2.1270592,-2.6152186,-1.573682,-3.4869466,-2.2563686,-2.3036945,-2.0481546,-1.216983,0.16527241,0.24679314,-0.10352243,-0.030906921,0.40575063,0.06746424,0.8711609,1.2679906,0.4699031,1.0651958,2.6733532,1.6553155,-0.53418404,-1.0301368,-1.6343387,-0.7557002,-0.5614304,-0.51484627,-1.1213249,-0.29520473,0.70310533,0.0064858086,-0.36115173,-0.19554359,1.7811083,1.7345947,-0.07686658,0.9581943,0.2705474,-0.42945305,-0.7655753,-0.91398513,-1.8993365,-1.9576952,-0.6226406,-0.80266076,-0.60662144,-0.32039073,0.7780693,-0.9755258,-0.7113466,-1.1202497,-0.56146693,-0.84388316,-0.37219626,-1.5047112,-2.2055352,-0.47410446,-0.5669788,-0.10789726
-0.18799818,-2.1963115,-1.4913496,-2.5426483,-2.282436,-2.256891,-1.9234523,-1.8230264,-1.038406,0.0782616,0.37551343,1.3592138,0.47778693,-1.1723846,0.6418697,-2.5017354,0.22971295,-1.2784715,-0.89371747,0.10224403,-0.009991403,-0.582185,-0.016336782,-0.034639385,0.7720332,1.5792218,0.42526993,0.18455492,-0.1868309,0.15564135,-1.6923468,-1.1045445,-2.2933817,-1.8011724,-2.4433272,-0.2050672,-1.3613443,-0.93636084,-1.3662219,-2.0259736,-2.3188016,-0.68514204,-2.0314517,-3.1371994,-2.8044174,-1.676493,-1.3402705,-1.5878597,-1.5870414,-2.0956914,-0.29217333,-0.40468973,-0.65690875,-0.7543157,-1.6257633,-0.9604167,-0.18538171,-0.9720883,0.7442173,1.6315093,1.120351,1.5921719,-0.3547016,-0.9772025,0.109806076,1.0446677,-0.703563,1.5545617,0.38796556,-0.12764174,1.5562257,0.25476643,0.84773153,0.66133326,2.4918025,1.6104192,0.9218556,1.2988276,-1.4765372,-0.32027745,-0.65030223,-1.5136473,-2.027947,-1.1673275,-1.0899014,-2.3134568,-0.73926026,-0.91051334,0.3044951,-1.1721172,-1.3292595,-0.54021764,0.20954342,-0.13094206,-1.0881821,-2.8945377,-1.5770264,-1.1419262,-1.1324291,-1.3288372
1.5013376,-0.4394714,0.56522554,-0.9437065,-0.9737335,0.14070126,0.23817621,-0.30748883,0.17265242,1.6224866,1.2574177,2.4794192,0.44950533,-0.3253414,0.063953646,-0.1816392,1.93511,0.18369478,0.534974,1.3898033,-0.255163,0.46954578,0.8198584,2.0413022,2.2382581,1.6945897,2.2360044,1.2918925,1.655709,0.9829129,-0.0943819,2.253077,-0.44343308,-0.5783683,-0.29979387,0.7420559,0.88474905,0.55801445,0.88355696,1.1799203,-0.24486218,0.5737775,0.4385636,-0.97409874,-0.5163788,-0.29184398,0.19008596,-0.48656523,0.09543797,0.3134206,1.1348407,0.9367805,0.6045183,-0.19674243,0.03505218,0.7539273,0.516277,0.5126877,1.3438518,1.4708958,2.2998543,1.1834621,1.1563563,0.78700465,0.24572389,-0.20582409,1.0793892,1.8413996,1.2435111,0.5480813,1.0812253,1.3251777,1.2434777,2.152345,2.7580025,1.604099,2.1404588,2.279158,0.17267181,2.3446252,0.37209892,-0.0318293,-0.46818274,-0.7098581,0.94791615,1.19015,1.2976345,0.43799612,1.4764402,0.72899485,0.79271203,1.2222333,1.4417677,1.0171481,0.54139245,-1.1909931,-0.77128,0.68178934,0.70364165,0.8070715
-0.23662311,-1.3764985,0.36376247,-1.0487086,-0.6949552,0.1828205,0.13581651,-0.2324136,-0.010828363,1.2425214,2.5904362,1.8439848,0.8934968,1.1407925,0.96941435,-0.6673704,1.4057776,0.3901246,0.11652088,1.2427899,0.96490693,0.51501083,0.65977246,1.8115146,2.0307806,0.7729337,1.276695,1.3031737,1.7755305,0.8344038,0.9329898,0.21627456,-1.0048238,0.14820722,-0.062484965,0.47636473,1.5820676,0.2331143,0.22045656,-0.07656912,-0.11637013,0.5845981,0.55251837,0.52919465,-0.03753095,0.2048765,-0.42681706,-0.57406217,-0.02324156,0.63500476,-0.17542371,-0.02091555,-0.68130636,-0.7890174,-0.032076724,0.5928198,-0.36746305,-0.2785468,1.8395619,2.2718658,2.2512448,1.0342575,1.0560904,-0.1210648,0.20890003,-0.2703123,0.33076388,1.5085523,0.41003683,0.39916903,1.4449927,1.6316462,1.2010813,1.0612009,1.7585938,1.2628175,1.9361465,1.3436488,1.4731017,1.4661249,1.0051713,-0.5690106,-0.83230805,-0.10523716,-0.33965814,1.3279629,0.99081177,2.5166295,1.1691242,0.41675264,-0.173376,1.1812772,0.89558715,0.33493572,1.2151134,-0.24830672,-0.16551858,0.63275534,0.5457725,0.6552644
1.2018987,-1.9191031,-0.30517387,-2.004168,-0.9216654,-0.4235131,-1.8578392,-1.8556821,-1.0682815,0.27587986,-0.17203195,0.40301147,0.012539751,-0.5929042,-0.89127815,-1.458728,0.15615802,-0.2539372,-0.8139181,-0.058204956,-1.3297608,1.1814384,-0.12558968,0.15201077,0.5577693,1.2950906,1.271775,0.9323769,0.30585253,-0.3433962,1.7930645,1.6517498,-1.2074667,-0.74331486,0.55141604,0.2657957,1.8986967,0.258267,0.18460421,-0.8405277,-1.2753314,0.31570783,-0.18358305,0.75691104,0.7105581,0.62828606,0.96131945,0.046032965,0.27067205,0.078742966,-0.031148352,-0.55350214,0.19696394,-0.53837264,0.010930338,-0.1278484,-0.013256507,0.30250847,0.90053356,0.3752403,0.50417,0.32218352,1.7545519,1.8193266,0.06371333,-0.17534563,1.130427,0.5842109,0.83491886,0.7366642,0.99375963,1.0705388,1.4273404,1.0218879,1.1648159,0.812019,1.2343217,0.76657456,-0.5438702,1.0674076,1.6823038,1.21681,-0.23566763,0.4935337,0.46229476,1.0358719,1.2545075,1.00683,1.5776893,1.2774403,0.8718039,-0.06359309,1.2446243,0.943381,1.3594458,0.6914375,0.9031698,1.0134947,0.8709161,0.5822398
-1.9579225,-1.3113216,-1.1104763,-1.2721732,-0.257883,-0.69850826,-1.5148785,-1.1774663,-0.26102144,-1.2999594,-0.87756366,-1.3484497,-1.1242003,-2.749595,-2.1725311,-1.8035185,-1.8816803,-1.9222803,-2.3498802,-1.4430087,-2.3074162,-1.3943954,-2.783497,-1.3437566,-0.5890528,-0.61116195,-0.71679986,-1.0334204,-1.439809,-2.5605633,-1.5547372,-0.77138877,-0.43238154,-1.2590816,-1.6133919,-0.21852703,-0.051615804,-0.85153896,-1.3602756,-2.0938864,-1.7873521,-1.2832972,-1.8405257,-0.623491,-0.88975054,-1.1909719,-0.660618,-1.289594,-0.7767086,-0.13110274,-1.0201583,-0.6000505,-0.2872853,-0.04191142,-0.19526635,-0.09905306,0.3403024,0.9415426,-1.6801093,-0.99805474,-0.7944173,-0.74092877,-0.6060021,0.22778055,-0.9279569,-0.439941,-0.051296175,-1.8015579,-1.8339038,-0.3222363,-0.7869074,-1.4785177,-1.3595784,-0.34607616,-0.71798563,-0.97262126,-1.0500566,-1.5246575,-0.10049672,-0.5274547,0.30466047,1.0583279,-0.32816657,-0.5230525,-1.1535054,0.7543843,0.76905894,-0.65728873,0.21635596,0.4115823,0.65435183,-0.5387349,-0.95048463,-1.5576552,-0.15640816,0.33680278,0.045928173,0.57798684,-0.10261822,0.8482681
-1.6429356,-2.4626703,-1.4185708,-2.687594,-1.2607464,-1.2979711,-2.4661736,-2.504561,-1.0408401,-0.1831862,-1.4557866,-1.3034854,-1.4386892,-2.3200157,-1.9050559,-1.9263833,-1.335715,-1.8751414,-2.1823049,-1.9427065,-2.4343445,0.08469419,-1.5405651,-1.0167528,0.33425283,-1.0773923,-1.3344554,-2.5172293,-1.4270266,-2.440782,-0.51898414,-0.82643193,-0.7509596,-1.1327488,-0.9218167,0.06521634,-0.30775884,-0.9675388,-2.2389774,-1.9269656,-2.0285115,-2.1796422,-1.4686247,-0.80398524,-1.3563765,-1.5454943,-0.48415515,-1.2407277,-0.38963312,-0.65637517,-1.2491819,-1.2075267,-0.3798247,-1.101481,-0.41605508,-0.7591654,-0.11934295,0.14417577,0.22946674,-0.7047984,-0.9047657,-0.7818048,-0.05027387,-0.7231244,-0.64481336,-0.641207,-0.22062257,-0.6782602,-0.5094168,-0.397414,-0.7449371,0.14077175,-0.47389993,-0.38293147,-0.79404694,-0.7695631,-0.892745,-0.7177507,0.16318849,-0.06810732,-0.13924602,1.3578752,-0.6461902,-0.23888819,-1.0996712,-0.5428992,0.44903055,-1.2811031,-0.26646367,0.2545797,0.3274429,0.40946162,-0.6188688,-1.5376503,-1.3609592,-0.024880094,-0.61609614,1.1804847,-0.09741864,0.4580443
0.65238374,-0.45266914,-0.20948929,0.004705118,0.121124096,-0.43633294,-1.0389024,-0.8817765,-0.04937485,-1.4173324,-0.97898227,-1.6437417,-1.3853601,-1.8133075,-1.822971,-0.45839953,-1.3324558,-0.0955291,-1.2464525,0.4167571,-1.4552501,-0.39429808,-0.81215894,-1.1426826,-1.161755,-2.0502799,-0.4382089,-1.5014942,-0.6881051,-2.526403,-0.26318106,0.22932248,0.020577043,-0.34208673,-0.4004671,0.7921875,0.14289884,-0.3049744,-0.9215217,-1.7134844,-0.94979113,-1.9962983,-0.66210896,-0.95178276,-1.0000857,-1.1337346,-0.37903446,-0.117804974,0.34385243,-0.15382542,-0.61579,-0.2132166,0.46955213,0.8558178,0.5278973,0.40274182,0.6151511,0.5503736,-0.8499265,-1.7940644,-0.9323618,-0.66213745,-0.7963066,-0.39054227,-0.63005805,-0.83130485,0.6246462,-0.9867634,0.12175496,0.88725424,-1.0643051,-0.8515627,-0.48754823,-0.2441106,-1.0731732,-1.7791268,-0.4537971,-2.0469913,0.596502,0.2211527,0.87466025,1.2509807,0.47245863,0.21362232,-1.7051972,0.14231907,0.53088105,-2.1265442,0.94150114,0.05141123,1.795519,0.29892725,-0.8012487,-1.3714547,-0.70255333,-0.05062622,-0.07948698,-0.0034585756,0.96111643,0.4417078
-0.64974797,-0.46847585,-1.039241,-0.6601176,-0.99856716,-0.4927118,-0.27928862,-0.5359846,0.1837605,-1.3547797,-1.1524675,-0.9575162,-0.40997857,-0.4659596,-0.34435743,-0.99542856,0.32432875,0.32409346,-0.41775215,0.6826857,0.19762266,-0.635094,0.21122228,-0.12614535,-0.6337771,-2.0379674,-0.49105054,-2.4893038,0.24946935,-2.2431982,0.14980075,-1.5026613,-1.532546,-0.58154815,-0.7224411,1.158027,0.5617146,-1.6884809,-2.3567088,-1.4190913,-0.15980169,-1.5981116,-1.7110331,-1.6152743,-0.364837,-1.9820578,-1.7318258,-0.5029812,-0.40743995,-0.43645948,-0.8458493,-0.9119974,0.02782976,-0.21854396,-0.45027688,-0.7629048,-0.28165916,-0.04743912,-1.6138357,-0.8531267,-1.0367675,-0.24224132,-0.04231825,-0.48509586,-0.86917365,-0.8292127,-0.040618617,-0.66844475,-0.786448,-0.0022167235,-0.38659889,-0.4758749,-0.77342796,-0.6605987,-0.4586138,-0.8127944,0.43105805,-0.6446505,0.2650161,0.220909,0.5293578,-0.31243896,-0.39461428,0.07438625,-1.1226981,1.2872376,0.0877475,-2.127925,1.1961097,0.06773896,0.791534,-0.91103715,-0.92559576,-0.2717408,-0.46066254,-1.1140198,-0.5077088,0.39624372,-0.03740666,0.4040634
0.24205543,-1.289823,-0.5399292,-1.5897176,-1.2771286,-0.86392295,-1.219332,-1.1527457,0.25108585,-1.255095,-0.43527934,-0.63351935,-0.02569946,-1.524203,-0.9921142,-1.1169747,0.87521,0.171015,-0.2919929,1.1102008,-0.6379309,0.14218149,-0.092374496,-0.33539426,-0.48855177,-0.07332164,-0.5101164,-0.8980261,-0.1665645,-0.35972333,0.75199217,0.2599945,-1.0210849,-1.3865387,-1.6910957,-0.16001487,-0.9680614,-0.54588324,-1.4591049,-1.0398597,-0.8407812,-0.70779467,-1.0192934,-1.4028082,-0.8073329,-0.91820776,-1.4906557,-1.5642358,-1.3731089,-0.84319866,0.9887966,-0.18928882,-0.35624036,-0.44349498,-0.76921123,-0.32474256,0.08479509,-0.15840878,-1.5496092,-0.89372075,-0.5084793,0.7729723,-0.49279538,-0.7737879,-0.74876016,-0.6874976,0.67853665,0.45033494,0.14069748,0.20454986,0.0107465675,0.03515345,0.22688998,-0.3221472,0.09476244,-0.9997084,-0.24129267,-0.007822127,-0.9574123,0.40499112,-0.6092246,-0.37648156,-2.143774,-1.9540273,-0.68293494,-0.21563762,-0.20675662,-1.3012929,0.2693045,-0.03248804,-0.17542838,-0.84667504,-1.3892326,-1.3233941,-1.3965136,-1.3278766,-1.41724,0.6572514,-0.8713943,0.07799376
-0.5725348,-0.91699505,-0.5366208,-1.4839777,-1.356218,-0.82594323,-1.7012465,-1.1415118,-0.07580523,0.6851379,1.8014951,1.506959,1.9233384,-1.0061547,-0.6835305,-1.7292485,-0.008724354,-1.1631283,-1.2255406,-0.119860135,-1.3367093,-0.833966,-1.2592834,0.2261012,1.8326006,1.4531817,-0.4425142,-0.17377968,-0.37806147,-0.75622153,-0.7184727,-0.33394164,-1.4905235,-2.2836456,-2.1392834,-0.47480264,-0.43722588,-0.7809652,-0.7766548,-1.5419339,-1.8651768,-0.6962572,-0.93022543,-1.2631253,-1.1901412,-1.2022582,-0.7989306,-1.5392731,-1.2264841,-0.82207984,-0.53056955,0.57763505,-0.43837368,-0.38217026,-0.41898558,-0.21759388,0.63313663,0.53243476,0.98892903,1.921358,1.6855825,1.8987677,0.064074114,0.42048755,-0.13615534,0.23142207,0.039921477,1.2662724,0.12680863,0.16221198,0.27471057,-0.16033144,-0.109705694,0.8188609,2.1802163,1.1627976,-0.019127835,0.777261,0.7051517,0.09996672,-0.1339028,-0.8714227,-1.8231858,-1.4159904,-1.7454042,-1.6201596,-0.17223996,0.7939452,0.07498934,-0.02635523,-0.51451796,-0.6235699,-0.37922794,-0.25017875,-0.2581763,-0.88245094,-0.27099007,0.108754836,-0.985576,-0.085111335
1.231343,-0.6372694,-0.0841004,-0.6891256,-0.47690412,-0.53762364,-0.25988227,-0.9239665,-0.9810819,1.9605091,2.2543283,2.2210357,2.0770817,0.69187415,0.71394545,-0.35652396,1.7698163,-0.25114605,0.5110837,0.792953,0.08782988,0.63109165,0.42938578,2.0332663,2.8938887,1.9393457,0.73111355,1.3636239,1.0674537,0.33354768,0.6589889,1.1811154,0.25653896,-1.0857382,-0.40727678,-0.6305575,-0.6440102,1.010487,0.22962022,0.89351064,-0.22328748,0.93183154,0.49278253,-0.29975912,0.11708834,0.34089097,0.9747406,0.07907132,-0.41730353,-0.18876877,0.7622675,-0.22742808,-0.23095724,-0.40179083,-0.45643327,-0.25549182,-0.77841246,-1.1296453,2.077776,2.4368777,2.1623886,2.4440966,0.5061636,0.46819353,0.39292073,0.9851955,0.74289024,1.6176238,0.65792036,-0.21775842,0.9794711,0.8468275,0.77932477,1.2641,3.0657787,3.0893216,1.9976664,2.0753436,-0.026367553,2.0470667,0.9582026,-0.9113445,-0.6691883,0.11943356,-0.49323577,0.84782475,0.05653267,1.8108349,0.7911438,1.107028,-0.5366097,1.4489251,1.9512681,2.050723,1.2198623,-0.055274736,0.9441112,0.09671691,-0.16702265,0.29832888
0.19135173,0.07696256,0.62370336,0.11210501,0.0499306,-0.6614453,0.06389916,-0.22359157,-0.04568345,1.7823578,1.0574559,1.979876,1.6917365,0.7164721,0.97272533,-0.05322911,0.6111476,0.42571768,0.7176183,1.4989035,0.12578933,0.2602881,1.3268147,1.5666158,2.169944,1.8385066,2.0233357,1.0499661,1.3606265,0.18751858,-1.6616611,1.1726998,-0.30270186,-0.81417686,-0.6462536,0.89931154,0.5200038,0.948332,1.5869554,1.3898785,0.10237218,0.586905,0.46341017,-0.36480528,-0.028002745,0.15664189,1.0916038,-0.74429905,-0.4095627,0.78565776,0.685478,0.51505107,-0.06807305,0.22472578,0.05782451,-0.08471022,0.30656758,0.31224477,1.6900378,0.73413694,1.7774824,1.8329065,0.81135625,0.5580961,0.26462284,0.0062643318,0.64179474,1.1437721,0.42896175,1.0496553,0.7197906,0.95691377,0.6844961,1.7905744,2.2523947,2.0180957,1.6759757,1.3683735,-0.027195198,0.60390455,0.54108006,-0.35537365,0.28130922,-0.65959805,1.6020626,0.23390841,1.3355829,1.423135,1.4250468,1.4388242,0.5061073,1.1364698,1.8768144,0.9543649,1.7862598,0.5172912,1.0800127,1.1140907,0.4859698,1.1252127
1.3772352,1.1142098,0.70102024,1.054167,0.6829444,0.43693775,1.0236694,1.3338734,1.0843477,1.3120528,2.2817574,1.6068987,0.726045,1.4540882,1.134469,0.9573646,0.56728226,0.09258042,0.48915923,0.3500781,0.75300866,-0.6543916,-0.7156355,1.4853678,1.4563466,0.3600716,1.1605285,0.33201036,0.6682817,0.23309296,-0.13079888,1.5790558,0.4027511,-0.18560876,-0.5946764,0.13930316,0.638793,1.2905586,0.581092,0.68769723,1.019847,0.022330498,0.45562494,0.46309036,0.69824475,1.4696544,0.18616772,-0.031825334,0.452723,0.83849454,1.30836,1.2053167,1.4333661,0.54941237,0.63020104,1.2889224,0.88727397,0.6600751,1.1321186,1.2434629,1.9265718,0.5058407,0.62837684,0.30597752,0.2841316,0.6739328,0.276928,1.1801006,0.2700963,0.021009091,0.52400255,0.4507964,-0.9686984,1.6401722,0.8864251,1.0849861,-0.02176984,0.67294973,0.88877696,1.603306,0.17772265,-0.7365726,1.4606296,0.5904317,0.5814998,0.09294784,1.3855829,0.36556393,-0.41012657,0.90309,1.0200213,1.6272961,1.393651,2.446003,1.4186217,0.81475556,1.1723566,0.5921096,0.4131259,1.1379805
0.3602104,1.0184124,0.8143361,1.1377518,-0.16785778,0.24929197,0.87161714,0.7350675,0.60469925,0.15256935,1.2471584,0.031487625,0.43241373,1.2531122,0.78208387,0.90715647,0.5215325,0.61879987,0.63530326,0.42252135,0.6612495,0.62620634,0.9231563,1.6293416,-0.40181598,-0.28295335,0.38881066,0.12014633,0.82737046,0.6687088,-0.5737571,2.078194,0.20465878,0.53023404,-0.049791247,0.8755871,2.0200438,0.34746563,0.24362093,0.49759138,1.0438023,-0.4350156,-0.39421272,-0.1887051,0.1875846,0.6188796,0.781879,0.45501143,0.8620551,1.0139517,-0.16268083,1.0893433,0.9152875,0.6322928,0.026402084,0.6484578,0.48813087,0.6570427,0.0582368,0.4419713,0.23994753,1.0127337,0.64577115,1.4971768,0.8106423,0.33928305,0.4387496,1.4167058,0.48547614,0.530292,0.07457564,1.7509736,1.3759073,0.5500237,1.1299462,0.204004,2.0456069,1.8333039,1.4825058,0.9475253,0.7315536,0.9847392,1.0841618,0.84883106,1.1017127,1.3619587,1.8717117,1.6167356,0.9625519,0.5984432,1.3945695,0.6100674,0.6319427,0.19977522,0.437171,0.24734128,2.043136,1.6134174,0.5504034,1.4520103
1.507818,0.4629015,0.9005885,0.2435929,1.3755735,0.8259987,-0.0215258,0.5413545,1.3939732,1.7440697,0.55871546,2.2240329,0.95012563,-0.42009082,0.45466816,0.73237437,1.6251667,1.1088693,0.12009092,1.7950495,0.4663363,0.78495336,1.2277573,0.19364278,2.1462975,2.3248634,0.61542666,0.9274687,1.5848718,0.2464791,0.9100478,0.27910408,0.094666086,0.043314558,0.78309405,1.0656235,0.03394054,-0.29260862,-0.19370459,1.2644205,-0.40779296,-0.42130974,-0.18080609,-0.45184106,-0.4277702,-1.5749348,-1.3405162,-0.17944987,0.7647766,0.7620287,2.3468375,0.9867649,1.8674017,1.9285558,0.46228433,1.2374166,1.569747,1.6229036,1.358193,1.5221219,1.9960886,1.6608188,1.3805875,0.10800249,0.2722496,1.7311362,2.4470792,1.9215776,2.097534,2.0652575,2.7032578,2.3072627,1.9182609,2.093069,1.4657474,1.785088,1.229764,1.0368841,-0.14983745,0.6949307,0.43692243,1.0542443,-0.43892816,0.4228207,0.81806064,0.6171383,0.72873986,-1.0374658,2.1033258,0.27587703,0.835747,-0.73109263,0.20951729,0.40655172,-1.2338344,-0.94771343,-1.0839713,0.5700643,1.3873528,1.7045015
-1.9733223,-1.644694,-1.4494003,-1.2991229,-1.1767873,-1.2232999,-2.3740144,-1.6787673,-0.02347117,-0.72730666,-0.8841228,0.33139753,-1.1222488,-2.5269833,-1.0151608,-3.0602272,-1.6187488,-2.567869,-3.5805118,-1.3178549,-2.118845,-2.5963542,-2.472236,-1.9806947,0.19048892,0.65324765,0.75414646,-1.0252815,-1.4021552,-1.5301837,-1.3164049,-3.2839556,-2.964703,-3.296825,-2.8927507,-0.6993468,-1.7083669,-3.0663393,-3.459933,-3.032064,-2.7130284,-1.3216932,-3.4220386,-1.7342392,-2.788437,-3.1802201,-3.5455477,-2.4342895,-1.6623591,-1.1775451,-2.3305454,-0.43711007,0.018293034,0.070070714,-0.49965483,-0.8362255,0.9492174,0.84495085,0.038577713,1.0453957,0.8119789,0.49465102,-1.6317195,0.7979633,0.2963901,0.03819476,0.7236058,-0.8954221,-1.0857291,0.23082848,0.75549525,-0.29899746,-0.6045668,-0.22704107,0.8508079,1.1415712,-0.9316471,1.0346285,-1.2023172,-2.7987947,0.34118855,0.4447836,-1.5372988,-1.0212277,0.89240474,-0.9394181,-1.0674722,-0.6330699,0.23320113,0.4562344,-0.45026696,-1.8526982,-0.80630887,-0.9881174,-0.27194613,-0.4610638,-1.4770886,0.6019996,-0.92010075,-0.3454037
-0.90819305,-0.55813515,0.6700427,-1.0587366,-0.25421953,1.1108925,-0.78722346,-0.14598915,1.5987433,0.9297095,0.6413818,0.6370866,-1.1156012,-1.4503019,0.74771714,-1.2871433,0.6417813,0.09861057,-0.8037942,0.82253605,-0.23996203,-0.40977997,0.9557122,0.8581423,1.244751,1.1511121,0.501131,0.79196525,0.3496495,-0.32675207,-1.867166,-1.8881273,-2.6371927,-1.5622733,-2.1288192,0.80407864,-0.5317735,-0.9675136,-1.5683824,0.068018004,-1.5387816,1.0872383,-3.1885815,-2.5894635,-3.8500972,-1.56908,-1.6742847,-1.7328427,-1.4931346,-1.1910424,-1.5563587,0.484997,-0.7069378,-0.5401501,1.0526092,0.25733867,0.29044628,0.6911022,0.53123516,0.16559729,0.5422294,-0.780557,0.9477222,-0.609327,1.1809512,0.53048676,-0.82673466,1.0225576,0.9810564,0.42269796,0.76073885,1.2377101,1.7574681,1.6567385,1.8239216,1.1317896,1.278149,1.6176054,-0.55966586,-3.1043868,0.7905439,-0.8206961,-1.361748,0.4513551,2.256411,-0.8938419,-0.839027,0.60438925,1.1297864,-0.8052189,-1.9711442,-1.3346615,-0.006818543,0.62108785,0.048453987,-1.3998036,-1.2539729,-0.6937861,-1.0195884,-1.3837634
0.869658,1.8902797,2.8015006,1.8981954,3.2272851,3.7775624,1.381285,2.2342231,2.6214058,0.4279355,0.4673285,-0.026745468,-1.1497167,-0.19564337,1.6932098,1.712577,1.7737467,2.1603212,0.9373769,2.1687033,1.3513589,1.1390501,2.263863,0.03016416,-0.32080334,0.6031434,1.0270313,0.7209904,1.0765017,0.9120084,-0.32514068,-2.0997727,-1.3365724,-0.6670862,-0.8730476,0.4091012,-0.07026495,-1.4922158,-2.081595,0.552629,-0.08221699,0.47154582,-2.1285453,-0.73117256,-1.9534075,-1.5163957,-1.4689755,-0.7395991,0.2658527,-0.568613,0.48818764,1.6199243,0.098909244,0.7179361,3.5825112,3.0525374,1.3843275,2.0483403,0.2185626,0.14732556,0.010916589,-0.5400784,1.0559303,-0.5748367,1.8204218,1.005533,0.6386574,1.1680406,2.2005472,2.2091455,0.6753108,2.303234,3.0745065,0.42690775,0.01983871,0.14600153,0.95792425,1.7091051,-1.7139722,-1.8026197,-1.3362514,-0.58066773,-1.7911042,-0.14044504,1.850409,0.6863399,-1.3891802,0.6131833,0.77594256,-0.93807226,-1.2886668,-1.1073391,-2.304931,-0.88204014,-1.8998739,-1.2919279,-2.0744321,0.032915335,0.6536129,-1.0171103
1.4133708,1.8430519,2.6230917,1.6140376,2.5125206,3.875474,1.4598281,2.4333336,3.1126418,0.2079035,1.0198578,1.237277,-0.63512254,-0.15118392,1.0614499,0.47150266,1.7377309,1.8109035,1.4346483,2.2137513,1.1254463,0.23676625,1.5279328,0.13721128,-0.91193414,-0.97308034,0.30124718,0.11682772,0.56979334,0.24311659,0.14356999,-1.00273,-2.177541,-0.91045415,-1.1022521,0.8246437,-0.68586916,-2.1195989,-1.361204,0.5651388,0.3259571,-0.23043412,-2.6452863,-3.4024394,-2.3627067,-2.0956805,-0.98502946,-1.3145248,0.48573884,-0.5211563,-0.9537896,1.7112731,-0.53847003,0.604661,3.6845186,3.3619237,1.5980061,2.088091,-0.50572413,-0.040766615,0.48982772,-0.85839045,1.5535412,-0.69057757,0.6425319,0.15840855,0.40158936,2.145237,0.9075367,1.618177,0.38971692,0.61348146,2.583185,0.42336908,-0.103817664,-0.6231563,0.8507476,1.9455689,-1.8228106,-1.650118,-1.3503913,-1.1537702,-4.1995716,-2.033874,0.54050654,1.0012397,-1.1610433,0.14569165,1.3908464,-1.4159495,-1.9907928,-1.9061086,-2.816733,-1.4419563,-1.348515,-3.3544536,-2.2872937,0.35870302,1.5664157,-0.32749808
2.295317,3.1710708,4.0844865,1.9800452,3.9370043,4.8724775,2.665795,3.3003411,3.578919,2.3526108,2.9714923,3.446776,0.7458575,1.1520942,3.5672488,1.8795881,3.6327035,2.88053,2.1586413,3.6738422,2.3553944,0.71152437,2.5946703,2.7389755,2.6784751,1.6806719,0.7794399,1.6481864,2.840615,1.044272,-0.2662658,-0.10927636,-1.3661397,0.97071856,-1.5521368,2.2029097,1.2801812,0.059147548,-0.3171286,2.1333992,1.6511871,0.30670696,-1.6145456,-2.58344,-3.1416335,-2.053889,0.31429133,0.14924262,1.341573,1.6804196,2.8268008,2.7252197,1.3390802,0.85853356,4.7521596,4.376515,2.2801325,2.2821686,1.7219152,2.6092284,3.0751843,1.4296836,2.7985127,-0.79767674,0.9594772,2.6358519,1.6799891,2.8688383,3.0028505,3.0662549,2.4612234,3.0466084,3.6633294,2.122285,2.6331973,3.0491092,3.4782174,3.1022048,-1.6000061,1.8406955,0.5595329,-0.56316227,-1.7958653,0.16434163,2.13298,2.2583647,1.5004662,1.06518,2.9669793,-0.09029569,0.34569165,0.41788048,0.3577108,1.2936013,1.2285677,-2.874803,-1.0841281,2.189424,2.3155968,1.6733259
-0.9401193,-0.7473471,-0.22693363,-1.1037827,1.0923016,1.8589576,-1.024272,-0.47455683,0.28869653,-1.1172371,-0.61384094,-0.29141724,1.2971699,-1.6386539,-0.542186,-1.6443517,0.19358993,0.5936978,-0.7396641,0.6322636,-0.5872757,0.46670482,0.39964387,-0.19169447,-0.06632011,-0.22302936,-1.8804784,-0.25098607,-0.93894595,-0.67666614,1.744427,-1.6512914,-1.0394725,0.17280105,-0.114927486,0.83549416,0.08467621,0.15965044,-1.2806396,-0.82691324,-0.13126694,0.41864976,-0.14739905,-0.031879485,-0.82651293,-0.00031247135,-0.6596717,-0.3518147,-0.050863028,-0.35698724,-1.0543693,-1.1439275,-2.8050933,-1.3817266,1.8813112,0.81078196,-1.7139791,-0.43121085,-1.2058035,-1.1191878,-0.4623799,0.5204903,-0.27011117,-0.86208147,-0.629451,-0.37450773,-0.15761866,-1.1370933,-1.3739165,0.16033156,-1.6644053,-0.41334763,-0.100448206,-2.0315669,-1.3149458,-0.6397034,-0.46618232,-0.8740457,0.5018855,-0.91857636,-0.26607004,-0.61866206,-0.67622054,-0.008829583,-0.13250402,-0.6209353,-0.13517365,0.72802186,1.1445389,-1.3923304,-0.91465425,-1.5242186,-1.7887748,0.53221184,-0.023106491,-0.15199745,-0.56696594,1.4594878,0.24849786,-0.48178557
0.35136843,0.71917844,2.4541683,-0.4189302,2.0971503,3.2797623,0.2569455,1.0360669,2.3311625,1.6205761,2.5034432,1.7983361,1.8554449,-2.383645,0.9791035,-0.17773026,1.2024146,0.7947474,-0.32034096,0.65834045,0.41688025,-0.7735687,0.25831226,0.33517328,2.3867688,1.9339882,-0.35488403,0.045723442,1.1834233,-0.4415921,0.033738628,-1.1846483,-0.61360586,-0.6997814,-0.9711915,0.6512643,1.1268495,-0.16976562,-0.0007660238,1.0746336,-0.79386526,0.38456747,-1.0185628,-0.7635157,-1.82052,-0.8554703,-1.7121282,-0.3681097,0.11961529,0.4790891,0.042000093,2.580552,1.0234032,0.07145903,3.5951123,3.1587644,1.4936069,2.0037708,1.1759312,2.2244787,1.5988522,2.309622,1.3311728,-0.3171039,0.6312681,2.139765,0.50694865,1.6864971,1.5791719,2.0727198,0.7444385,1.3746887,1.3819087,2.276388,1.2522811,1.6008526,1.4742781,1.6963167,0.25590673,-1.1295625,0.53089035,-0.1192609,0.50690913,1.5360246,1.4565771,-0.29830825,0.47613162,1.3133942,0.90805626,-0.3966206,0.90472305,-0.4201719,0.25283787,1.052816,-0.47535804,-0.87786484,-0.8085005,0.9118779,0.5766017,-0.093542285
2.1276202,2.3218656,3.1539106,1.2707884,3.6394598,4.286946,1.2028176,1.828359,3.5951526,2.1822248,2.799471,2.4291227,2.6347234,0.40515867,2.9753451,1.6947075,2.1654835,2.3505092,1.4391305,2.3284612,1.0953441,1.8017573,2.4826725,1.0727856,2.313111,3.3427951,1.490639,1.5718379,3.288419,1.2571458,0.34851778,1.2654927,0.8888168,-0.6316811,0.48834494,0.17268257,1.6477356,0.8613898,0.70941067,1.480743,-0.30843484,0.12757963,-0.8444432,-0.80133325,-1.175027,-0.17853409,-0.03136297,1.2538308,0.6865339,0.35994458,2.3707192,3.8735585,3.5640593,2.7269459,4.521029,3.8630207,2.7968056,3.6386473,2.0553153,2.9588253,2.7745144,3.0488381,4.175344,2.3455598,3.8693767,3.6197848,2.351282,4.031589,3.2556016,3.933731,2.5811598,4.003174,3.4147055,2.990206,2.5154235,2.6222043,3.4442792,3.6775975,0.08433002,-0.07801739,-0.08409907,0.03989043,0.9283552,1.9062635,1.7433962,1.283089,1.0305982,1.3651445,1.3362049,-0.6105964,1.9167421,1.4399092,0.49552506,1.8902323,0.7776731,-1.1163895,-1.3419982,1.8954133,1.3328148,-0.1241417
1.6304891,3.6697574,4.238801,2.5094306,3.8840306,3.9457974,1.7711922,2.8807392,2.9912324,1.9697905,2.6437612,2.2126622,1.1993666,0.18620208,2.2171621,2.9814253,1.2152878,1.9403292,1.0235531,1.615737,0.91224235,0.88149774,1.3874915,0.45978096,2.0914822,1.548943,1.6735392,1.8252947,1.8399311,0.9815896,-0.36521474,0.16390023,2.5398958,0.11782519,0.49200362,-0.5263967,-0.09185414,0.91189086,1.0646324,1.6602793,-0.041316796,0.47808868,0.3069817,0.116439536,-0.93260694,-0.4197235,0.7587509,0.7149634,0.46515313,-0.38331154,2.8720062,4.9587717,3.693877,3.6661363,4.252643,3.1577597,3.4635384,2.8641772,2.590685,2.8288157,1.5392214,1.2116004,1.9397805,0.5183788,2.6096911,3.0014648,1.1886922,1.9926293,2.4826677,3.1286852,1.942449,1.8557259,1.7064427,1.8293674,1.0624574,2.361768,1.4295906,1.6091034,-1.7274308,-0.74867576,-0.9290693,-1.0978191,0.9384313,1.7495835,0.91208357,0.41093376,-0.72453123,0.74028146,-0.77187675,-1.9198856,1.2844491,1.1107364,0.15005645,1.6411319,0.59030306,-0.90291864,-1.6219132,-0.120474875,0.73958635,-0.67279917
2.4011705,3.8347714,4.1415057,3.7159877,4.2948995,4.409395,2.4052482,2.8506174,3.5191789,2.5112772,3.638532,3.3473,2.6361074,2.0631037,3.6898942,3.4709346,3.3428175,3.3005016,2.9988587,3.2317681,2.1246772,4.2417426,3.807689,2.8933039,2.8820903,3.2154062,1.6957128,3.866827,3.5824997,2.4413712,2.380674,2.6087706,1.3493514,2.0001886,2.099212,0.6368918,2.6638713,1.2554048,2.2209668,2.5168934,1.6573097,1.719662,1.7927803,0.106841505,-0.18201435,1.5674417,2.6415286,2.43649,2.309714,1.2429531,3.4586027,4.4824953,3.6623766,4.9620304,4.526009,4.2859674,3.3080444,3.8563218,2.0936556,3.149286,2.1671798,3.1303697,4.5555005,3.4100695,3.701889,3.8351579,2.9305024,4.677622,3.8373637,3.5513852,2.6840165,4.5441523,4.347031,2.7812848,2.6943514,3.1389165,3.2985737,3.3578718,0.009126715,2.7634952,1.9293755,0.8098061,0.34955284,2.8900847,2.1260297,3.6275444,1.8721923,3.7595975,2.0427082,0.77722436,2.0063083,1.6426629,1.5811617,2.635234,1.6228435,-0.48768038,1.9574325,2.7380016,2.1604345,1.7645222
0.25499332,2.3284924,1.8633882,2.446649,3.494964,2.0351298,0.114726104,1.1137382,1.1812832,0.95535076,2.2918322,1.6707661,1.7985497,1.0367054,2.2634609,1.2177821,1.7592784,0.49378383,0.68780166,1.1580626,0.30833298,3.5069563,1.6035005,0.6472581,1.8578142,2.3031573,0.7573044,1.9604344,0.382798,1.6125145,0.002128581,0.6196985,-0.15423198,-0.13359764,-0.41016528,0.09069747,-0.36565596,0.20367873,-0.023101443,0.3022146,-0.766868,0.7975844,0.042620398,-0.6602273,-0.62188345,0.2688358,0.8360675,-0.1343765,-0.36534762,-0.73070383,1.8788141,2.6519265,2.6005344,5.01555,2.3187757,1.7296661,1.9331093,2.7819538,0.090124786,0.8351226,-0.5557626,1.2529129,0.9716073,1.5475098,1.7297658,3.231754,0.923858,1.1164209,1.4790224,2.491282,1.6103698,1.8048602,1.7596153,1.0037013,1.469093,1.5900029,0.6495474,0.34326562,-2.0132155,-0.5428504,0.7646156,-0.038380895,-0.56485826,1.2103213,1.5946326,0.619453,0.03013772,0.83824617,1.5083829,-0.45031422,-0.28285128,-1.2036502,-0.9322829,0.26392964,-0.65467876,-1.5456,-0.2460763,-0.26647013,0.05102434,-0.17703718
-1.1682056,-0.65817595,-1.4320471,-0.052565034,0.359842,-1.690515,-2.1698005,-0.98334074,-1.3809553,0.88178724,1.3514912,1.9033024,1.7014879,-1.0829197,0.45196146,-1.7586137,-1.6111265,-1.9955406,-2.3314006,-0.7069432,-1.5849675,-1.9565663,-1.987933,-1.7665635,1.2741561,1.2260647,0.47044036,-0.9786688,-1.6545491,-1.5292231,-2.4671366,-2.9917085,-2.5114536,-2.704805,-1.7632686,0.25815904,-1.6490598,-0.9834078,-2.6782298,-1.8811784,-2.21887,-1.3784306,-2.4490352,-1.314109,-0.7900637,-2.0162284,-1.8299181,-2.4225214,-0.8037257,-1.5104574,0.22973664,-0.65367925,0.5491272,2.7918673,-1.2522731,-0.6523002,0.67399186,0.60627466,1.3781888,2.435878,0.78175557,1.6802552,-1.9180579,0.08975498,-0.66734225,1.9550865,0.31874794,-0.86396646,-2.4125814,-0.32348815,0.6190139,-1.379993,-2.0431857,0.46496588,0.33872178,1.3014138,-0.6922435,-0.69221723,-2.611426,-2.0887685,-1.0212307,-0.6754822,-1.1878116,-1.0578129,-0.9237686,-1.8324674,-0.7470811,-1.7138281,0.82402015,0.3197667,-1.3295825,-0.5152081,-0.17434531,-0.94015056,-0.49672973,-0.98569685,-2.2696729,-1.014292,0.16616422,-0.17286636
-0.6963148,-2.0913227,-1.8485352,-1.7762882,-2.208168,-1.7756224,-1.7545209,-2.574841,-2.4200664,0.21309787,-0.42196223,0.16397166,-1.3734328,-0.30603194,-1.0339897,-1.936478,-0.7785082,-2.347594,-1.4394865,-1.5511141,-2.119227,-0.564988,-1.26904,-1.1192964,0.17626283,-0.72903407,-1.0707616,-1.3829036,-2.0201142,-0.8851525,-0.64686716,-0.6774595,-1.4268657,-1.6575303,-1.0843737,-0.5416773,-0.76058525,0.31523013,-0.8248077,-0.89922523,-1.3754838,1.008882,-1.8492846,-0.49168625,-0.65606487,-0.79695123,0.007517468,-0.34006745,-0.048665844,-0.94340765,0.06399914,-1.6080389,-2.2319615,-1.7622132,-2.6118038,-1.5503374,-2.3566096,-2.5781686,-0.21055236,0.3703047,-0.92052555,-0.9245358,-1.5449339,-0.26437908,0.22114457,-1.5980808,-1.1102397,-0.92799425,-1.331774,-2.372565,-1.8074441,-0.7761102,-1.1524765,-0.27166262,-0.40071508,-0.7311985,-1.7069399,-0.4324594,-2.0197692,-0.8034361,-0.63713557,-0.30170324,-0.6847807,-0.77053237,-2.0847049,-1.6998369,-0.9848549,-1.1281517,-0.081646144,0.39430457,-1.8615447,0.2699607,-0.57985085,-0.66920716,-1.1016912,-0.3560877,-0.7633001,-0.93848747,-0.12679856,-0.6834543
-0.95887935,-2.149041,-1.9185405,-2.3086886,-3.109181,-1.8985142,-0.94016814,-1.7920897,-2.004261,1.0264624,-0.13104136,0.30806175,-0.64890784,-0.09333513,-0.19998635,-1.9128455,-0.73245794,-1.7779778,-1.4503134,-0.73013234,-1.2314291,-2.126098,-0.18007074,0.17519595,1.4973963,0.29335356,-0.43742102,-0.27602476,-0.3108665,-1.2198505,-2.301361,-0.43079334,-0.74356276,-0.5060682,-0.83146244,-0.0592124,0.27833903,0.04187981,-0.078741044,0.062071443,-0.4594141,-0.44110966,-0.2307269,0.24833266,-1.0061183,-0.048560858,-0.07402554,0.09510353,0.5396663,0.6316462,-0.017281603,-1.5561186,-1.2186608,-1.8005208,-2.8001127,-1.2203641,-1.8493599,-2.08971,1.3053623,0.61108875,0.37339818,-0.94291013,-0.36968857,-0.22389992,-0.88169706,-0.5132802,-0.2870029,-0.6592305,-0.8367567,-2.1285045,-0.73950994,-0.5728079,-0.15394711,0.6152408,0.8496304,0.96393645,0.24973838,0.08135799,-0.27332675,0.23837224,1.1003264,0.53855324,-0.5767743,0.0876829,0.19406867,0.002045194,0.29989058,-0.46228588,-0.18599482,1.191244,-1.1492099,1.2998747,1.2067872,0.97714067,1.1859173,0.60702074,0.71288687,-0.074795626,0.4341188,0.4508236
0.5928849,-0.14902698,-0.22602445,-0.34293178,-2.1472867,-1.5576537,0.9133406,-0.15551268,-0.8165287,1.6112965,0.9765978,0.88774824,0.14004788,1.9824392,1.2971416,0.37518197,0.24755448,0.048283417,1.1265188,0.30299327,1.0075657,-0.55470014,0.59613895,1.6694392,0.40522805,0.1175469,0.17665969,0.72196186,1.1078714,-0.15768136,-0.9939637,1.4643629,-0.6545519,0.33561882,-0.32072514,0.84891975,2.0544639,1.4903507,0.38788825,1.1465287,1.5447849,-0.47571364,0.122873984,0.797384,0.26366556,0.0126079405,1.8513931,0.92628944,2.125232,1.8463327,1.3795898,-0.78939,-0.20202196,-1.3214554,-2.2913287,-0.21719812,-1.652738,-1.3608998,1.7248635,1.3739076,0.94415116,0.11938263,0.33942527,0.4520189,0.12473763,1.6512955,0.6939375,0.604661,-0.07032046,-1.444846,0.8857286,0.17066085,0.6651262,1.2001146,0.9955183,0.5860487,1.9219909,0.4856461,2.413554,1.892159,0.6620506,0.8829701,1.6060038,0.57621187,0.011100522,1.2832884,1.8577192,0.79546386,1.0465047,2.1964717,0.97747356,2.3214245,1.5432657,0.05592587,1.1657312,1.4401805,1.5934801,1.3506783,1.4601208,1.8390207
0.07849227,-2.687454,-2.1530418,-1.8478904,-3.1957376,-1.9984426,0.13799559,-1.5087519,-1.778071,0.12903674,-0.22756997,0.5182651,-0.8992147,1.2268859,-0.26760948,-1.8299779,-1.244573,-1.3094089,-0.30662405,0.5067076,-0.09909319,-1.5383953,-0.21467754,0.9155202,-0.036785215,-0.20351256,-0.10918942,-0.45002553,0.5987843,-0.802851,-0.5561029,-0.51486504,-2.0650675,-1.498125,-1.511846,-0.6016253,0.869841,0.5529168,0.4214868,0.32846087,0.6223426,0.47156072,-0.33345395,0.97879124,-0.50524324,-0.09917343,0.17347802,0.5479544,1.2901187,1.4924295,-0.5697905,-1.98221,-0.85473603,-2.4743817,-2.597943,-1.6320074,-2.0429168,-2.6286275,0.32047728,0.1749108,0.051705003,-0.18246807,-0.8745278,0.5187381,-0.11825877,-0.07853025,0.9665736,-0.42109087,-1.7084937,-1.8362153,0.3258158,-2.5291634,-0.88972425,0.4859782,0.19405203,0.09800087,0.8098916,-0.093157984,0.64555657,0.81222403,-0.06700193,-0.5667676,-0.18053442,-0.45963696,-0.96623254,-0.40955254,0.79007834,-0.76154554,-0.25639975,2.2882788,-0.67831427,0.4615249,1.532453,0.028478105,0.82445663,1.6794121,1.0619624,0.96093726,0.42415428,1.3761613
0.8358096,-0.71161723,-0.69521713,-0.8611956,-1.2750756,-0.96798587,-0.16161296,-0.9515783,-1.0182271,1.166878,0.22237119,-0.45936602,-0.1718095,1.3090278,-0.011366924,-0.85941476,-1.1593163,-1.1548816,0.16487694,0.13577023,-0.48301238,-1.8469896,-1.079856,-0.14152181,0.5241593,-0.40008888,0.07532545,0.074296646,0.9598737,-1.0604357,-1.3828799,0.93897414,-0.49856582,-0.8312007,-0.67556673,-0.5733435,0.23672085,0.96715,-0.22874978,0.6578818,0.5341041,-0.00042887096,-0.28046325,1.0655074,0.7783386,0.9688402,-0.17899403,2.1534433,2.0003166,1.5708526,0.2277671,-0.7750812,0.44407612,-0.6251547,-1.63909,-0.36503816,-0.5428081,-1.4067174,1.2502159,0.93111503,-0.2714642,-0.7953865,-1.1554173,1.044699,0.64399296,0.49520415,0.6936495,0.34409058,-0.5434801,-1.2939137,0.25742266,-1.2384254,-1.2259743,1.2354989,-0.16442226,-0.8923531,0.31531617,-0.21647026,0.57820463,0.99063146,-0.20334986,0.5127672,-0.3271528,-1.2024912,-1.1354078,-0.8016995,0.60652006,0.6176286,-0.6110583,2.1930125,-0.10331538,2.6216595,1.8904171,0.69724894,0.737901,2.2259512,1.0109667,-0.04728846,1.1449105,1.4867607
-1.0226642,-1.680117,-0.92867976,-1.977035,-0.70671856,-0.9862818,-1.8367059,-1.4067588,-0.15536258,-0.5503395,-0.49420547,-0.80887413,-0.89139074,-0.7392672,-1.5157611,-1.1873823,-2.0340662,-2.0023787,-1.9055775,-1.5695453,-1.5128833,-0.056397777,-1.7182757,-1.7640147,0.4318332,-0.5055419,-0.32678413,1.0252116,-1.9384421,-0.40051538,0.22689916,-0.32460847,0.7699526,-0.6115047,0.17504524,-0.096447654,-0.50476885,1.1042271,-1.2274525,-1.8719376,-1.6001242,0.15048365,-0.16817291,1.7375073,2.0201495,1.2319902,0.055549167,-0.27931845,-0.14135572,0.109782904,0.35730568,-0.77401716,0.20289825,-0.3655981,-0.8903247,-0.6788938,0.35542318,0.08888564,0.054919425,0.4332932,-0.57265866,-0.8179452,-0.43785372,1.5452389,0.864486,-0.658401,-0.051203106,-0.24198411,0.11860603,0.08404359,-0.5190132,-0.92069495,-0.4917658,-0.035507523,-0.7465997,-0.29242548,-2.0849738,-1.3407893,-0.48023632,0.18993533,0.60365427,0.82705164,0.28606334,0.8198783,0.11044313,-1.2987791,0.025000453,1.063894,-0.6044862,0.23441188,-0.615656,-0.23005804,-0.34302568,-0.0074769,-1.4540843,1.5800136,0.36269015,-1.0877018,-1.1348044,-0.17121683
-1.7291961,-1.792396,-1.4454676,-1.9806138,-1.1634388,-1.3157324,-1.8626317,-1.687354,-2.4269257,-1.608848,-1.2561598,-1.3627182,-1.172799,-2.1190972,-2.304258,-1.5066108,-1.3979741,-2.2199552,-2.3602793,-2.392067,-2.0365202,-0.040304035,-1.21214,-1.3179666,-0.71974206,-0.17681192,-0.8171785,-0.25197923,-2.1539721,0.24520226,-0.20581225,-0.16894038,-0.38700098,-0.79280555,-0.34602866,-1.8510247,-1.4337139,0.37625247,-1.243531,-1.576815,-1.9597394,1.6869922,0.762302,0.47733954,-0.43069845,0.8548523,0.6634894,-1.9129926,-2.0697868,-2.124229,-0.9417065,-1.4010834,-1.5548706,-0.6597963,-1.4023676,-2.1868715,-0.55804324,-0.8610417,-1.2832421,-0.5851519,-1.3490525,-1.5071688,-0.8619632,-1.2008787,-0.45729178,-1.8297089,-2.3563552,-1.4754387,-0.7081761,-1.4894049,-1.1469942,-1.1142977,-1.7940958,-1.2961966,-0.7052666,-0.23657523,-1.4585521,-1.3217953,-1.6552417,-1.2893202,-1.0033758,-0.9832035,0.10170257,-0.663822,-0.65338963,-3.1646428,-2.1834724,-0.3758365,-2.1653643,-1.3636818,-1.6541436,-1.3109856,-0.80002886,-1.0737078,-0.5397614,-0.050620764,-1.2347119,-2.7429173,-2.7873814,-2.7841597
-0.7836704,-2.414549,-1.8719103,-2.7351477,-1.2780498,-1.8371247,-2.989086,-2.5245435,-1.4117352,-0.5873907,-1.2543916,-2.1251044,-1.6005766,-2.721643,-2.4612558,-1.8968074,-1.8852403,-1.9740063,-2.0206127,-2.4065657,-2.6505907,-0.0531624,-2.0721123,-1.7434125,-0.16473381,0.12698667,0.24115583,0.033627536,-1.7925881,-0.25531802,0.16262001,-0.6329785,-1.0784125,-0.91884315,0.15308997,-2.6386046,-1.531965,0.26470542,-0.9830453,-2.342481,-2.363028,1.6380092,0.84070164,0.33685857,0.004485274,0.8821827,-0.112270266,-0.6685436,-2.4781706,-1.854439,-0.6481503,-1.4854773,-1.2108845,-0.88703585,-0.97161204,-1.9492484,-0.68376744,-0.70095026,-0.45642227,-0.7563623,-0.931488,-1.2369667,-1.1590352,-0.34335515,-0.50324345,-1.9493014,-1.3873018,-0.66971946,-0.36204895,-0.80552214,-0.79259634,0.21778052,-0.95723045,-1.1472838,-0.47870994,0.15719947,-1.2344329,-0.8920126,-1.1660309,-0.32390523,0.48985592,0.31437105,0.4806892,-0.5959345,-0.16211407,-1.5249308,-2.1852124,-0.5755041,-1.2750325,-0.45251262,-0.5334311,-1.2167504,-0.45649096,-0.12201079,-0.069190405,0.022105971,-0.60580516,-1.4043759,-2.0073502,-2.376725
-0.8327829,-1.664846,-1.7628767,-1.9347932,-1.4835662,-1.5384463,-2.35237,-1.859799,-1.2484131,-1.5122163,-1.6360359,-1.811745,-1.4387935,-1.397843,-1.1797309,-1.3745308,-1.0972357,-0.7048807,-0.2859998,-1.1433817,-0.30840436,0.5887085,-0.30472445,-1.2381275,-0.99564236,-0.8073749,-0.45143846,-0.27811137,-1.145178,0.5081038,-0.72100747,-0.92851436,-0.3860945,0.24539131,-0.20206738,-2.4747462,-1.6995382,-0.40348622,-1.3672942,-2.5408294,-1.0700989,1.1950719,0.24738114,-0.20786768,-1.1870049,0.2334237,-0.648363,-0.95083,-2.1294928,-2.3037562,-0.50614274,-1.6014364,-1.4737653,-0.84443325,-1.6267678,-1.8924192,-1.1692494,-0.8680051,-1.1389918,-1.2998483,-1.1638681,-1.3759254,-1.439069,-1.4536165,-0.5164164,-1.4810395,-1.610458,-0.9080055,0.046636455,-1.4108813,-1.4451145,-0.7936152,-0.705186,-2.2539504,-1.1404163,-0.58902913,-2.1267195,-1.2068104,-1.1098969,-0.8263456,-1.3835164,-0.7199676,-1.0063201,-0.06361181,-0.52466404,-1.6280769,-1.8427595,-0.6994197,-2.602068,-2.0127058,-1.1056299,-0.5015341,-1.9521797,-1.0199407,-1.2955347,-1.1172131,-1.4797193,-2.2757633,-2.341578,-2.7560616
-0.24713941,-1.1481645,-0.64085656,-1.2516867,-1.1654348,-0.45182157,-0.8744954,-1.2695762,-1.7657444,-0.9170409,-1.5655884,-1.6823902,-2.332074,-1.6256639,-1.9121354,-0.5686683,-0.96068996,-1.1300956,-1.1920195,-1.9062622,-0.5855498,0.5925426,-0.7248011,-1.2367884,-1.1518112,-0.40074444,-0.45473853,-1.0011803,-1.3644072,0.47266984,-0.076651566,-1.3102322,0.40203047,-0.39081165,0.7821515,-2.361452,-2.5941052,0.19506308,-0.3183703,-1.1559267,-1.2853593,1.0672183,0.7531469,0.47132394,0.044103514,0.41684207,0.31910026,0.16155963,-0.8669858,-2.0537755,-1.1118572,-1.6316466,-1.8864142,-1.7802762,-0.81042033,-1.0441922,-1.5225109,-1.4482917,-0.8954903,-1.4200604,-1.3997868,-2.602109,-0.80110335,-2.2690203,0.02768985,-1.3845505,-2.0866294,-1.6897357,-0.49503577,-1.9169781,-1.5954522,-1.2528034,-1.4577429,-1.8962116,-1.0071802,-0.85055244,-1.4716681,-0.34262574,-2.304328,-0.86052406,-1.2889918,-1.506106,-1.0320065,-0.028950414,-0.72492146,-1.1499412,-3.2116847,-1.1058288,-2.3244424,-0.84410185,-1.4007503,-0.82940066,-0.66499406,-0.46899512,0.36449018,-0.44117215,-1.0031626,-2.4032512,-1.6411196,-2.4489288
-0.3552971,-1.5033381,-1.7263387,-1.2672905,-1.5379955,-1.6163113,-0.9229888,-1.593539,-1.2441411,-0.6936075,-1.4148294,-0.9102367,-0.74781585,-0.6234352,-0.69199675,-0.86143005,-1.2854912,-1.2268753,-0.5770456,-1.5293598,-0.82837796,0.24750355,-0.63033575,-1.1298803,-1.7496741,-0.72003484,-0.552941,0.13438213,-1.8841134,-0.025133092,0.18103291,-0.2475337,0.06166739,-0.2491098,0.66246134,-2.0009737,-1.4984193,0.9751138,0.19337355,-0.7988195,-0.58029073,1.3766531,1.1679016,1.0722908,0.6596628,0.8171103,0.7535937,-0.33462366,-0.71405023,-1.0612876,-0.18068153,-1.3515561,-0.49803296,-0.64989626,-1.7557933,-1.5930825,-1.305319,-1.1604638,-0.5757433,-1.0990173,-1.3088464,-1.6098452,-1.0871227,-0.20305514,-1.0509366,-1.373877,-0.9808507,-1.0167398,-0.85957956,-2.2258935,-1.3555492,-0.9474583,-1.6842364,-0.88892156,-0.68848026,-0.7209988,-1.7587285,-1.8768749,0.022176672,-0.2944718,-0.2591281,-0.42071477,0.1286603,-0.34398198,-0.43718937,-1.3564217,-2.4680667,-0.8839847,-2.2197087,-0.2946121,-0.45845652,-0.16235554,-0.36805987,-0.7558935,-0.53324425,0.2154995,-0.80039185,-0.95834976,-1.5630906,-1.8626033
-1.8411418,-2.1601543,-2.26203,-2.5918,-1.7670772,-1.2635788,-1.6955264,-1.902754,-1.3068922,-1.4588751,-1.8642578,-0.5457658,-0.96751314,-0.3198282,-1.7187654,-2.06963,-1.3468008,-1.7472291,-0.98819685,-2.014069,-1.3038226,0.55594635,-0.84448487,-1.6010368,-1.5432591,-0.70571154,-1.00233,-0.35521662,-1.7578676,0.25335085,-1.271237,-0.99236226,0.16271353,-0.9869732,0.2593403,-2.674761,-1.807881,-0.11512137,-1.1152923,-1.8334665,-1.4651823,0.62285274,1.1766665,0.13947652,0.44467953,0.53564745,0.030069986,0.17899494,-0.92015725,-1.9085518,-0.7932002,-1.6157454,-1.1066788,-1.0163171,-1.1679987,-1.292786,-0.45089355,-1.0323664,-0.79088914,0.049641278,-1.0542637,-0.9286954,-0.9691206,-0.6815304,0.8697639,-1.7470015,-0.95773524,-0.29045287,-1.1342554,-1.3846421,-0.82226354,-1.320328,-0.988875,-1.1388714,-1.5051682,-0.44875634,-1.627629,-1.8418844,-1.9568241,-1.2566099,-1.2988557,-1.053821,-1.5567558,-0.625827,-2.2531111,-0.87861127,-2.816138,-1.6936649,-2.371806,-1.738409,-1.6219531,-0.93538475,-1.7764518,-0.8321679,-1.440483,-0.9858861,-1.7681916,-1.3383819,-1.8089724,-2.2834694
-1.6938535,-1.060331,-1.1240922,-1.3430715,-1.0144299,-1.0873191,-2.04531,-2.203057,-1.3987128,-1.027614,-0.75614214,-1.3753728,-2.2610502,-1.5259837,-1.3674467,-1.204455,-1.1096308,-1.7714664,-1.1401938,-2.1283271,-1.0882659,0.7144546,-0.49635538,-1.3095613,-1.1589726,-0.12349167,-0.039993342,0.49101374,-1.9912155,1.0783113,-0.648358,-0.16822639,-0.25545484,-1.083719,0.43409282,-1.7774812,-1.9607645,-0.802709,-0.5762983,-1.9701935,-1.7322483,1.5570692,-0.30574307,-0.7443337,-0.6955908,0.3132827,0.5888872,-0.3124162,-1.4146503,-2.0545352,-1.1862259,-1.7386882,-1.9910077,-0.5347234,-1.2167262,-1.4442338,-1.6964246,-1.5063459,-0.802569,-1.2070112,-1.3373768,-1.6453305,-0.38300624,-0.931909,-1.253775,-2.1704488,-1.4718113,-0.49341327,-1.2105815,-1.9679413,-1.8218424,-1.4707309,-1.371847,-1.0685601,-1.2515949,-0.70270926,-1.9516664,-0.68327296,-1.2441324,-1.3180103,-1.7514837,-1.4445337,-2.2581098,-0.9448538,-1.1275165,-0.52637243,-2.0879927,-0.20748475,-2.2545888,-1.788771,-2.8405077,-1.4063951,-1.4927506,-0.009779018,-1.6799182,-1.2266304,-0.91603744,-2.8429313,-1.6894909,-2.601046
-0.5201719,-0.56407535,-1.0361065,-0.36074296,-0.3952362,-0.30766845,0.30089945,-0.17096579,0.12489368,-1.1821822,-1.2546581,-0.9080888,0.7527204,0.22918817,-0.31702957,-0.3636317,-0.25613114,-0.2937945,0.48361462,-0.7365945,-0.12505569,0.22740242,0.24164623,-0.34802523,-1.506995,0.35735595,-0.05427788,1.317413,-0.26362836,1.1535244,0.89261276,-0.11229631,-0.21670474,0.16739452,0.21932136,-0.5039372,0.39633912,0.47095045,0.20595464,0.042651847,-0.15274493,1.0130697,0.7059325,0.60689604,-0.3437466,0.9279295,0.31367224,-0.20463927,-0.4957903,-0.31649446,-0.54537845,-0.7194113,0.34603432,-0.38418502,-0.17373326,-0.67824745,-0.38396856,0.0054547987,-0.9984907,-0.9391197,-0.4597225,0.3812708,-0.08765458,0.26468426,0.5157725,-0.78187674,-0.70975775,-1.0389482,-0.22225474,-0.6358352,-1.3822265,0.3714473,-0.040469106,-0.45062667,0.26688072,-0.5634507,-0.54610306,0.15834145,0.5571731,-0.18054093,-0.1825018,0.28222564,0.080933385,-0.094148934,0.999278,-0.35123235,-0.43565452,-0.13400693,-0.48715252,0.45801878,-0.23136875,-1.194667,0.25646266,0.5217592,0.9626544,0.06427209,0.0812727,-0.95363164,-0.6891624,-0.7700952
-0.28151476,-0.23809828,-0.37647906,-0.8941394,-0.13020323,-0.41157782,-0.90946454,-0.6277616,-1.0462017,0.0058280146,-0.8943301,0.22034237,0.23887084,-1.0878801,-1.029354,-0.18670832,-0.64759094,-0.5282116,-1.660811,-1.1738682,-0.7757906,0.69908047,-0.4737834,-0.25120482,-0.12662917,0.31247076,-0.15460671,-0.728701,-1.0085275,0.74728733,1.1557077,0.11941051,0.92884034,0.43636718,0.75120556,-1.1345257,-1.2100986,0.0015280531,0.5525942,0.12614515,-0.6159188,0.490555,0.9027632,-0.3386748,-0.57837623,0.022383694,0.34192157,0.55509335,-1.5627036,-0.4808046,-0.8311366,-0.28399011,-0.4743091,0.033379972,-0.38010073,-1.2340002,-1.0033396,-1.1065104,-0.11723777,0.33455986,-0.39667135,-0.12505308,0.35671067,-0.19617477,-1.1788768,-0.29327124,-1.3679904,-0.5211919,-0.44437957,-0.29459816,-0.8126047,-0.01011823,-0.6669797,-1.2832526,-0.52317894,0.5624128,-1.5455207,-0.22370605,-1.3837372,-0.84407264,-0.07943191,-0.71711516,-0.43144438,0.65516126,-0.14399299,0.082459755,-1.4156327,-0.88192004,-1.3060371,-1.4020311,0.39995658,-0.2055265,-0.140488,0.60742766,0.1311292,-0.64204323,-0.41294077,-1.0651435,-0.8917774,-0.8851371
-0.72864217,-0.94520634,-0.6322833,-0.70474625,-0.41899675,-1.2855618,-1.5374873,-1.2770662,-1.3826109,-0.8589925,-1.241294,-1.3367542,-1.2862145,-1.3753135,-0.751802,-1.0002308,-0.9929089,-1.0461,-1.1244234,-0.633866,-1.0635905,-0.431721,-1.678432,-1.7091148,-0.694164,-0.6501549,-2.122985,-0.8695237,-1.8162341,-0.019407714,-0.5626054,-1.8894367,-0.5127931,-0.2424565,0.2449297,-0.13701965,-1.6668624,-0.97691,-1.8504058,-1.398686,-1.1018387,1.2497313,-0.8189923,-2.098982,-1.801485,-1.1587077,-0.90753454,-1.0951182,-0.9852595,-1.4457761,-0.6510163,-1.4121219,-1.3673469,-0.38508955,-0.6951366,-1.2316936,-0.61927325,-0.82495356,-0.8193912,-0.81436485,-1.5364307,-0.28115943,0.30388364,0.14065754,-0.52865237,-0.8121153,-1.7911414,-1.1224774,-0.0032400803,-0.96724796,-1.3810254,-1.1838436,-0.5103076,-1.3447375,-0.8522013,-1.284067,-1.8620014,-0.6945342,-1.500323,-1.814107,-0.5145597,0.27226183,-1.5685477,-0.7465031,-1.0524594,-1.4492334,-0.94264126,-0.576408,-0.17577884,-1.1955525,-1.0507351,-1.8147594,-1.410522,-2.209211,-1.7392622,-2.090584,-1.3882824,-0.99219936,-1.3151547,-1.2172505
0.5169719,0.36068293,-0.25757673,0.28469643,-1.1566049,-0.7451478,0.58032167,0.45823854,-0.6240443,-0.89179146,0.16862871,-0.29143697,-1.1822022,0.021103514,-0.31107238,0.33036292,-0.5284605,-0.1566346,-0.4103404,-0.55754286,0.15467499,-0.4655718,-0.4524076,-0.39055064,-1.4231423,-0.26829797,-1.7619365,0.08788299,-1.1969358,0.7809762,-0.41308668,-0.5860577,0.5371018,0.112994276,0.09795528,-0.68248254,-0.24152556,0.42733088,0.06167805,0.49083367,0.52327806,0.71382046,-0.07087712,0.001167223,-0.6068677,-0.2686965,-0.6807687,-0.70805496,0.45538127,-0.19941673,-0.7081742,-1.0517409,-1.1741416,-1.4382932,-1.44047,-1.3970146,-0.45885423,-1.8073376,-0.6953203,-0.59132314,-0.55715144,-1.4281907,-0.19662955,-1.1570086,-0.91467005,-1.4665585,-1.6540866,-1.2238414,-1.3191389,-1.0206282,-1.6440738,-0.90669835,-1.3072067,-1.7266443,-0.5680359,-0.7771011,-0.8174308,-0.1685084,-0.8604585,-0.6808372,-0.65066564,-0.9466255,0.004281667,-1.3279885,0.14270878,-1.1781492,-1.3610483,0.43110418,-0.74403703,-1.034431,-1.629953,-0.77958167,-1.0149883,-0.8630206,-1.0542319,-0.6450518,-0.9101402,-1.2855102,-0.80603856,-1.1542476
0.4563708,0.18156296,-0.05432622,0.47366172,-0.78548086,-0.42719594,0.9185573,0.79074514,-0.105805464,0.4540306,0.13535395,0.6345716,-0.093807,1.1983944,1.2332354,0.5612046,0.71041536,0.90580237,1.7264892,-0.023569318,1.5995431,1.2083597,1.1126806,0.50067407,-0.3690726,1.0637659,0.57445216,0.5380511,0.2753131,1.8558859,-0.05451568,-0.356156,1.2582344,1.8612181,1.5041772,-0.32820296,0.40990117,0.18388686,1.3623139,0.99748665,1.0900524,0.5884175,1.554973,0.62249535,0.45932165,0.7261637,-0.82956684,0.8575616,-0.41810435,0.013840688,0.27566504,-0.68847793,-0.8920331,-0.8164438,-1.1690686,-0.9090905,-0.26398534,-0.45238274,0.38822812,0.7386126,1.2978232,0.1914565,0.4470291,-0.24824019,-0.11639401,0.21556237,-0.8138543,0.06850003,-0.5242812,-0.86182797,-0.058648527,1.0261228,0.48382026,-0.6571156,0.6793499,0.4646776,0.55494255,1.2284907,-0.44992408,-0.15066771,-0.088661894,-0.52428025,0.44060075,0.06098315,-0.21250156,-0.17841184,-1.2613288,0.27774402,-1.175249,-1.5657604,-0.6302684,-0.46144995,0.41638437,-0.824503,0.41793793,0.29307577,-0.21551155,-0.8987288,-1.4094303,-1.0908087
-0.3754046,0.2653568,-0.18828335,0.15858065,-0.06465497,-0.6068971,0.40776145,0.37413764,-0.4243464,0.5992846,0.20404688,-0.009262997,-0.95818853,0.87118924,0.3452054,0.23955855,-0.6818932,-0.20294729,0.2990355,-0.5772331,-0.18330516,-0.2599646,-0.23912945,-0.5460676,0.17152588,0.44131747,0.25991347,0.41992858,-0.76906896,1.0330929,-0.10910655,-0.35692677,0.014093043,-0.28262892,0.3942339,-0.9786031,-1.4670291,0.38403106,1.5750916,0.80450904,-0.39854345,0.7344699,0.32962576,-0.35945114,0.017556122,0.56253666,-0.00687474,0.007515779,-1.164422,-0.8863424,-0.39876616,0.36380687,0.8212088,0.65732807,-0.319778,-0.71797556,1.0622779,-0.26913023,-0.20684849,-0.14323851,-1.1950217,-0.85675216,0.79553705,0.4355301,0.10931643,0.1881168,-0.35344434,-0.095247395,-0.4356016,0.045312252,-0.18030453,-0.45495555,-0.28435057,0.5404755,0.39685845,0.1662883,-0.5460522,0.1409939,-0.72765553,-0.52112174,0.5793375,-0.47526446,0.23730774,0.19460598,0.046669476,-0.87412935,-0.9055768,-1.2306907,-1.6651658,-0.26191914,-0.4194633,-0.13066296,1.2523897,1.0309532,0.9439977,-0.07244121,0.3863099,-0.49457732,-0.83648705,-0.7646151
-1.805781,-0.24441925,-0.7371771,0.1514823,0.30602404,-0.40322313,-0.15761194,-0.029453067,-1.1955553,-0.7337833,-0.8336717,-0.0964864,-0.5008422,0.31027344,0.73632383,-0.26918012,-0.8684769,-0.076105855,1.269065,-0.2244405,0.41635305,0.15414852,0.5779802,-1.2334641,-1.426693,-0.36323258,0.2229676,0.41470551,-0.6890205,1.3067006,0.43147922,-1.7373823,-0.69580764,0.37067583,0.91335285,0.60531443,-0.23970403,-1.036803,-0.14556547,-0.4962624,0.29261318,0.33680707,-0.027356256,0.11132801,0.35920167,-0.24928099,0.17528641,-0.5599862,-0.022515327,-0.63717526,-0.63304347,-1.1246139,-0.181569,-0.114275716,-0.47059864,-0.6209295,-0.5118247,-0.35218126,-0.44804502,-0.8188085,-0.68305224,-1.181711,0.3289118,-0.29832643,-0.058936775,-0.014334287,0.010220716,-1.2756815,-0.21620265,-0.21598668,0.0621622,-0.4175663,-0.16883993,-1.070618,-0.2366426,-0.62540096,-0.82368815,-0.3063461,-1.2027974,-1.3198904,0.3117122,0.25799134,0.5069807,-0.28036028,-0.014701025,-1.4230722,0.0065414733,-0.6268254,-0.16325621,0.10789727,-0.84381413,-1.5483673,-0.38927102,-1.4020509,1.0586939,-0.62465984,0.51146024,0.14378762,-0.19926144,-0.6298788
-0.7812265,-0.89590377,-1.2721552,-0.8465017,-1.5669637,-1.1858921,-0.8126045,-1.3048878,-1.1446658,-0.42852217,0.49929702,-0.4549631,-1.3684974,-0.46451613,-0.8410778,-0.71597743,-1.0652876,-1.5060267,-1.1890777,-1.3569438,-1.4186497,-0.73767084,-1.0272251,-0.4037192,-0.18250781,-0.94306064,-0.16565391,0.18476298,-0.682821,0.015914666,0.4406683,0.2918755,-0.336317,-0.2933825,-0.5074496,0.3679132,0.1301819,0.45612568,0.121117875,-0.47963154,-0.2151558,1.4967792,-0.14209391,1.0984824,0.72473025,0.46345425,0.20964456,-0.29727027,-0.0066427677,0.059327032,-0.6922155,-0.8480217,-0.47907972,-0.22292094,-1.0919887,-0.6994137,-1.5261749,-0.644359,-0.34535962,-0.16002521,-0.84844834,-0.70180583,-0.9085672,-0.17079583,0.045727674,-0.18875271,-0.8405587,-0.10945129,-0.6120152,-0.7803806,-1.1479675,-0.9814249,-1.0072012,0.090219624,-0.7371921,-0.6232523,-1.2532604,-0.59426564,0.3110009,-0.5704876,-0.2970609,0.74505156,0.4983622,-0.18492225,0.24052985,-0.8238748,0.023743369,0.19014938,0.27239484,0.05007686,0.1376686,-0.12412565,0.25355616,0.16907123,-0.23022373,0.7543056,0.45717347,-0.13009456,-0.044722706,-0.15034834
-1.2877774,-0.49633393,-0.6965804,-0.1842614,-0.81017,-0.9549887,-0.32121226,-0.45499507,-0.6551724,-1.0874847,-0.7598696,-0.9315767,-0.42316383,-0.6452533,-0.41642958,-0.1845792,-0.91270256,-0.320107,-0.5160863,-0.50911754,-0.8180879,-1.1328157,-1.0009888,0.13298413,-0.6126779,-1.1951057,0.47718245,0.662272,-0.02514929,-0.007416397,-0.01704621,-0.23189165,-0.09059649,0.06846011,-0.11644117,0.30328143,0.050418984,0.9037897,0.060131587,-0.108194254,-0.081306964,0.37254077,-0.27259013,0.6983601,1.0282881,0.7424589,0.01732053,-0.8278858,-0.857333,-0.1574059,-0.646449,-0.2362564,-0.09200822,0.09848555,-0.29113838,-0.96496207,-0.039437197,-0.1392592,-1.3941444,-1.5892045,-1.3584783,-0.7988261,-0.72030914,0.21742676,0.72031844,-0.80854774,-0.61396426,-0.6919303,-0.8409933,-0.47231674,0.07633104,-0.59065557,-0.7105259,-0.2868846,-0.5014973,-0.8949503,-0.64625144,-0.97491246,0.7822029,0.2452433,-0.64111,-0.15331103,0.06546191,0.76250875,0.45378292,-0.18760592,0.39597622,-0.40762118,0.029233707,-0.13096094,-0.20187052,-0.8212415,-0.08252478,-0.54667044,-0.08074734,0.021533256,0.53235185,-0.6022843,-1.0509048,0.12763597
-0.79464966,0.212388,-0.3897711,0.7886831,-0.07417663,-0.90059316,0.12523498,0.108215034,-0.16492644,0.31941444,-0.5534095,-0.25127122,-0.22700948,1.7657702,0.6359357,-0.043835867,-0.36391065,0.063448936,0.7012031,0.08286356,1.057686,-0.989873,0.09064711,-0.5942288,-0.18385926,-0.5078116,0.17047986,-0.10323381,-0.560772,0.7533847,0.25218323,-0.19144754,-0.9846429,-0.21764939,-0.47990495,-0.033676356,-1.0945361,-0.11576173,-0.12519336,-0.4036635,0.0533597,0.33402243,-0.6507303,-0.50445384,0.70135754,0.62063444,-0.112091854,0.13168429,-1.0218076,-0.40733036,-0.47385606,0.17476332,-0.31697774,-0.013080568,-0.8027744,-0.8904942,0.31310967,-0.013033832,-0.41789716,-0.2825151,-0.7520438,-0.73430437,0.047792643,0.23614776,-0.22227441,0.027707674,-1.252612,0.09419049,-0.14453773,-0.32893038,1.153299,-0.12991738,-0.94874567,0.2752346,-0.39774323,-0.38815796,0.06553379,-0.11348408,0.31296295,-0.25655535,-0.086906455,-1.2052934,-0.20307806,-0.3790468,-0.45756215,-1.386249,-0.32808033,-0.6235398,-0.22546771,0.5421115,-0.23120193,0.16822329,-0.47438797,-0.78622717,-1.2559747,-0.35228243,0.33949968,-0.69591224,-0.8470864,-0.35362715
-0.6874339,1.04288,0.2021398,0.9376187,0.6148331,0.79857373,1.2862285,1.4680563,0.26617151,0.19321544,-0.03098911,0.1347586,0.10297297,0.08163992,0.26649073,1.5727006,0.749583,1.212809,1.4469781,-0.08112824,0.5675518,-0.4466245,0.48208123,-0.050259404,-0.7845908,-0.5385918,0.08707217,-0.1353033,0.64886105,0.4295549,0.97069114,0.34948877,-0.14734812,0.6964269,0.3156677,0.31212944,0.23596221,-0.9024295,0.49643135,1.4720364,1.193217,0.15119034,0.88107276,-0.2185296,1.2955499,-0.512645,-0.39215586,0.4241428,0.7882226,0.6255765,0.53235203,0.1426438,0.21392025,-0.4168627,0.13951837,0.64734095,0.17549154,-0.24824516,0.09365438,-0.37738773,-1.0818802,-1.0783478,-0.98649645,-1.1746311,0.3739712,-0.5222588,-0.40750706,0.22688879,-0.036611754,-0.29909858,0.37876046,-0.15595925,0.04198601,-0.6779976,-0.80392385,-0.586081,0.15040328,-0.28150472,-0.7390053,0.3908278,-1.7001252,-1.0149745,0.5577826,-0.399529,0.7780537,-0.92329067,-0.17105097,0.15396889,0.009411356,-0.0387472,-0.7092665,0.3422039,-0.21943867,0.232479,-0.75076634,-0.27676907,-0.38941896,-0.6003432,0.37210634,-0.020132683
0.41743085,0.9444121,-0.21190743,0.86568207,0.8038618,0.66401106,0.54020065,0.74844384,-0.24027759,0.26687822,-0.35856766,-0.96198255,-1.291444,-0.17333156,0.83186555,0.60984284,0.6729255,0.84645563,0.9769071,0.3968226,1.2283962,1.5241433,0.8817995,-0.0868634,0.05199413,0.7495302,-0.65521777,0.69852227,-0.19067878,1.8180797,-0.022114867,-0.005918247,1.2500769,1.6209952,1.0506412,-0.15931286,-0.28029287,-0.91189367,0.6206516,0.6276426,0.52653235,0.20986028,1.5128515,-0.11514769,-0.26483786,-0.19699144,-0.02530449,0.34353295,-0.4243176,-1.0042777,-0.15291604,-0.42339092,-1.1607115,-0.29121143,-0.17491893,-0.2409674,-0.42677984,-0.78594637,-0.5114665,0.462943,-0.87697923,-0.81189466,-1.2710806,-0.06851776,-0.25627965,0.09755297,-1.2002915,-0.25239733,-0.041331016,-0.32272285,0.58860403,-0.35249346,0.2971733,-1.0421149,-0.6883247,-0.42216024,-0.92830884,0.054368448,-1.4378972,-1.0036479,-1.4830692,-0.34205472,0.07348338,0.13826977,-0.2637863,-0.86404556,-0.7209031,1.0694757,-0.50942874,-2.1134262,-0.96830356,-0.41477177,-0.65957016,-0.41024274,-1.2593135,-1.0696675,-1.1179152,-1.6289822,-0.433815,-1.6620363
-1.0008117,-0.7812811,-1.4248292,-0.016789816,-0.48885903,-0.40333888,-0.8800296,-0.73248893,-1.4685467,-2.7441895,-3.1504083,-2.273342,-1.5892149,-1.7428843,-1.9936672,-0.43105003,-1.3368871,-0.50594914,-1.0811483,-2.057527,-0.82246625,0.19067769,-0.48890632,-1.1909953,-2.1667423,-1.0330648,-0.799308,-0.21209964,-2.6292367,-0.023745928,2.1001105,-1.317939,0.7337458,0.6831891,1.3868716,-0.0920268,-1.7495618,-0.44291425,0.15981942,-1.5809411,-0.12354281,0.27174163,0.9212513,0.2668402,-0.054079343,0.21941955,0.8151436,-0.6267848,-0.6389806,-1.361578,-1.4384607,-1.9579031,-2.4392807,-0.7766069,-0.50174654,-0.95249116,-1.5453469,-1.0648177,-2.6136537,-2.5543654,-2.9418778,-2.8759754,-1.6152751,-1.1591097,-2.6424236,-2.249513,-1.8698909,-2.394483,-1.4467876,-1.1926788,-3.049406,-1.2188575,-1.3219936,-2.463148,-1.8958611,-1.0011276,-3.1276863,-2.4644077,-0.8915208,-1.8611841,-0.9282845,-0.21206662,-1.033356,-0.9170046,-0.5131806,-0.9839102,-1.024674,0.11307299,-0.98050964,-0.8395623,-1.6488432,-1.5445939,-1.5432438,-0.4404687,0.2817492,-0.44493604,-1.2091659,-1.3435123,-0.8322923,-1.6615089
-1.438918,-0.30783945,-0.999308,-0.08577593,-0.64254516,-0.14223625,0.07663793,-0.36725432,-1.1356735,-0.95465434,-0.9627519,-1.2777122,-1.3114096,-0.8349033,-1.3055652,0.5502429,-0.07564035,-0.4279981,-0.23267116,-0.7958127,-0.076076426,-0.17613254,-0.97163403,-0.6505698,-0.4861158,0.2593041,-0.24484178,-0.15028001,-0.15811595,0.20012805,2.1468024,-0.09257643,0.65711313,0.49731237,1.1037626,-1.3247105,-0.9390498,-0.11965665,0.48375103,-0.30067882,0.049855683,0.9618093,1.2502694,0.3381591,0.45558786,1.1469841,-0.18061952,0.8465096,-0.49824184,-0.6709447,-1.5204563,-0.9213582,-0.5906451,-1.1467136,-0.7732272,-0.98444396,-0.905388,-1.0024557,-1.2900892,-1.5364541,-0.82493544,-1.1563134,-0.7432841,-1.5221986,-1.1823583,-1.8824549,-0.6080659,-1.0676752,-1.1002378,-1.5077974,-1.3867823,-0.07740564,-0.360505,-1.187007,-0.90060294,-0.71005917,-0.84813243,-0.074183084,-0.28443697,-0.78610015,-0.08692984,0.054947738,-0.19032602,-0.043548495,0.42296463,-0.019489234,-0.9133505,0.03475056,-1.4869632,-0.10438899,-0.7052471,-0.16857734,-0.015436874,1.2559327,0.4201592,0.5114472,0.21491574,-0.7630289,-0.9515806,-1.2472286
-1.432937,-0.3548707,-1.26935,0.67840326,0.067184575,-0.3813909,-0.06595676,-0.0034523783,-0.6857735,-1.2225192,-1.8554286,-1.1111962,-1.1699073,0.0011581596,-1.0178165,0.013736356,-0.86277175,-0.559921,-0.28841695,-0.22669216,0.013762884,-0.1657127,-0.30423766,-1.0030721,-2.3676286,-1.30065,-0.19179082,0.3612453,-0.6579629,0.2508368,-0.24173209,-0.72984266,-0.13599499,0.58647245,0.7636568,-0.031185174,-0.34277436,-0.6896012,0.8441447,0.029724624,0.059022427,0.5593128,-0.03632762,0.04797419,0.42468628,-0.15781495,0.68720424,0.27347252,-0.296126,-0.1839845,-2.221415,-1.351456,-0.5144157,-0.21188371,-0.89524287,-0.7988759,-0.86401373,-0.5782912,-1.4593729,-0.5910917,-0.59222835,-0.891903,-0.43351007,-0.104847215,-0.314452,-0.6333232,-0.8812941,-0.83853245,-0.48146313,-1.0328599,0.07296455,-1.1816833,-0.7359563,-0.7342886,-0.9810874,-0.8344466,-1.0215837,-0.6520358,-0.51986086,-1.1928332,0.2788322,0.19243707,0.6016722,-0.0786243,0.07154274,0.3443078,-0.83695483,-0.83549994,-0.83245045,-0.06991554,-1.0544834,-0.45383236,-0.2364574,-0.62531036,-0.17145023,0.39057994,0.5309679,-0.759657,-0.84863716,-1.1527256
-1.294033,-1.1797194,-1.1231586,-0.39937004,-0.47986996,-0.47968483,-0.65192825,-0.60145366,-0.22999969,-1.5478475,-1.4956669,-1.1050997,-1.1004931,-1.0316817,-1.8216022,-0.61824244,-1.0213344,-0.6641408,-0.24199228,-1.114727,-0.49897468,0.086777166,-0.83713454,-1.1543554,-1.4759192,-0.026909081,-0.51592225,-0.02029538,-0.9615939,-0.57374686,1.2210184,-0.16281083,-0.06888154,0.9814592,1.0058764,1.2259008,0.26349112,0.056227025,0.052720033,-0.74568427,-0.29138765,0.4684036,0.39766195,0.67619926,1.423598,1.0813818,-0.6561614,0.43732122,-0.040576752,0.11272608,-1.013286,-0.8083608,-0.3187061,-0.11520675,-0.14314076,-0.6925699,-0.60636306,-0.24694002,-1.1891465,-2.158255,-2.0347307,-0.6391053,-1.2950402,0.8830466,-0.2443637,-0.22912905,-0.624843,-0.8867395,-0.20844498,-0.10242612,-1.1430155,-1.4375335,-0.7486948,-1.176508,-1.2616359,-1.1118896,-1.0208536,-1.9730417,0.04035786,-1.6113001,0.5597473,0.9254033,0.6228875,0.25491014,1.4704887,-1.0966482,0.6575789,0.026383394,0.5567274,-0.23305053,0.030467968,-0.44449016,-0.7527708,-1.1001898,-1.1326321,0.26379195,-0.40605804,-1.0547699,0.072458655,-0.27450126
-0.89181465,-0.41510037,-0.9440311,-0.23997499,-0.37484822,-0.8538234,-0.49611482,-0.33214843,-0.20622247,-0.81658906,-1.0418893,-1.5098135,-0.7686173,-0.021875696,-0.25633866,-0.5382944,-0.051706146,-0.20712937,0.37182012,-0.85581857,0.35900143,-0.5385494,-0.190785,-0.60304606,-1.2299972,-0.67632604,-1.0808979,0.19667347,0.3974222,-0.19194369,0.7167557,-0.7432712,-1.1138567,0.95516425,0.7258442,1.0169743,1.0727055,-0.97100544,-0.534184,-0.3944587,0.40185216,0.0043930993,0.58692247,0.7022412,1.5468552,0.47821018,0.019348795,0.2352338,0.78556705,0.63998014,-1.1077474,-0.5128075,-0.66251403,-0.07713184,-0.9936806,-1.1512462,-0.25147712,-0.5765951,-0.7971974,-1.1821971,-0.73170817,-1.8606036,-0.61733264,-0.006935855,0.22238341,-0.21556254,-0.72314733,-0.38448843,0.13585204,-0.31188712,-0.6496837,-0.7250574,-0.60616577,-0.60987717,-0.90135735,-1.1908157,-0.60452884,-1.0037206,0.39520293,-0.41174844,0.14154544,0.692418,0.6530773,0.02283175,0.30774245,-0.7684579,-0.090959676,-0.06538071,0.36802462,-0.14049791,-0.7739852,-0.9216234,-0.75986314,0.46555978,-0.24094836,0.8652817,0.08847405,-0.117069915,0.04393585,-0.26089472
0.3653004,0.17085072,-0.24114963,0.08806676,-0.3785721,-0.52681774,0.4693218,0.25835863,-0.63606304,-1.0859479,-1.3675312,-1.8432901,-0.58094054,1.185616,0.06834119,0.19145532,-1.308679,0.39771464,-0.27149683,-0.24360879,0.9349725,0.24506526,0.68948174,0.37563777,-0.9417678,-1.4145838,-0.14171328,0.38510936,0.07395922,0.6687201,-0.2588796,-0.086886786,0.90514505,0.99318576,0.16322128,-0.6909464,-0.41226593,-0.4655607,0.24703874,0.44754553,0.8505235,0.06686644,-0.42220458,1.1074374,0.8278236,0.92074233,0.42963004,1.2142144,-0.43895176,0.0054655494,-0.28537267,-0.6591619,0.076409236,-0.8726519,-1.0153111,-1.186658,-0.5816745,-1.2511547,-1.4760344,-1.4345073,-1.258294,-1.1996071,-0.077264525,-1.0894392,-0.9687292,-0.789675,-0.31895596,-0.53361857,0.320926,-0.47800443,-0.5132326,-0.38604218,-0.50382805,-0.5915379,-0.9040501,-0.58266723,-1.1365279,-0.4127896,0.6554507,0.21278262,0.88321525,-0.6197313,1.3448526,1.7399757,1.1004487,-0.14838134,0.1017818,0.83511466,-1.464434,0.44892296,0.6054225,0.64164656,0.43092483,1.2696716,0.70760614,1.849987,1.6442933,-0.36219326,-0.6882422,0.15108213
-1.5998921,0.86991966,0.26046517,0.43150204,-0.42044395,-0.7970872,0.061851412,0.27712816,-0.1762541,-0.383126,0.06866956,-0.44145015,-0.24437623,1.3108852,-0.6493678,0.3810223,-0.81052643,-0.16557391,1.2680584,-0.20223361,0.399646,-2.34015,-0.36276063,-0.5082397,-1.4987323,-2.3708105,-0.8284832,-1.8180727,-0.66883945,-0.3875869,-1.4017246,-0.4731929,-0.1670322,-0.35178655,-1.0541545,-1.0023867,-1.7390807,-0.41805485,0.40464422,0.64542997,0.54495597,0.14252202,-0.05664026,0.5724131,0.47751442,0.80225873,0.031085834,-1.0696398,-0.9901531,-0.40636745,-1.0125456,-0.39508802,0.15205574,-0.48156515,-0.6274359,-1.1488255,-0.025408365,-0.5958467,-0.1299091,-0.98417616,-0.21832938,-0.77567106,0.3994867,-0.6259604,-0.7057475,-0.6052776,-0.9985548,-0.41667295,0.033747546,-0.87537104,-0.75962883,-1.5621939,-1.2302597,-0.56947505,-0.89001936,-1.2120414,-0.39557838,-1.3661371,-0.4988718,0.17971566,0.5758727,-0.5811482,0.69907266,-0.7317604,0.17897967,-0.35610497,-1.3680383,-0.34987783,-1.5860547,0.2376252,0.6132641,0.66387546,0.41937333,0.14474602,0.35567638,0.5679117,1.2950985,-0.39730906,-0.9074006,-0.43566027
0.41307008,0.2209877,-0.47405395,0.9398028,-0.5162169,-0.66491747,0.75752336,0.7107376,-0.24042185,-0.4536073,-1.9350806,-1.1928428,0.52800363,0.25793654,-0.16351815,0.28909984,-0.35627332,-0.051152628,0.94454366,-0.54320365,0.35481024,-0.14554307,-0.31937507,-1.3055899,-0.8989014,-0.99758625,0.12810084,-1.149939,-0.020907352,0.018285867,-1.2910151,-0.7956163,-0.47276634,0.36301416,-0.090113655,-0.9130496,-0.73365986,-0.20760302,0.3657584,0.48761556,0.2889928,-1.1951404,-0.19432485,-0.5283863,0.67521703,1.1169726,0.43528464,0.34396756,-0.45355427,-0.71110725,-1.1092502,-0.0033597813,0.059142195,0.31347314,-0.3368149,-0.48220277,0.8320366,-0.25581235,-0.2468834,-0.40265086,-1.0517089,0.15053463,0.14436018,0.54029685,0.15058343,0.13259971,-0.73411644,-0.3545697,-0.42669192,0.22989196,-0.12856284,-0.7429095,-0.024631798,-1.344466,-1.3635788,-0.99040675,-0.78835213,-0.6456955,0.44329986,-0.3215542,-0.07934101,-0.27078345,0.57649463,-0.4945418,1.1016078,-0.6734469,-0.44571704,-1.1301631,-0.51535535,-0.39900172,-0.12452693,-0.78958875,-0.47536114,-0.5017289,-1.1888447,-0.054188374,1.0890256,0.16354068,-0.29641882,-0.7174386
0.20314607,-0.47546765,-0.98923254,-0.5333875,-0.31540942,-0.35587487,-0.25502637,-0.082679965,-0.060808085,-0.7980117,-1.5236742,-2.203908,-0.7684083,-0.561336,-0.9466431,-0.23610634,-1.4987261,-0.3356246,-0.80417556,-0.8580296,-0.25553498,-0.5949021,-1.066318,-1.4413514,-1.4445664,-0.52565926,-1.153733,-0.9306095,-0.297532,-0.801044,-1.0024154,-0.87950855,1.1338146,0.47146934,1.178742,-1.2716082,-0.16043496,-0.2293499,-0.3957219,-1.0673003,-0.32483667,-0.3058688,0.4997708,0.4434366,0.5490964,0.3730417,-1.046599,0.53804684,-0.26391152,-0.7366818,-0.7455877,-0.5885231,0.251549,-0.25445074,-0.15974899,-0.16009235,0.0662895,-0.46467352,-0.5571714,-1.7384708,-1.031008,-0.8943339,0.073598705,0.13255706,-0.16073571,-1.1537694,0.058989454,-0.726631,0.14092654,-0.00329588,-1.0772732,-0.7542003,-1.2045555,-0.8889668,-1.3812784,-1.3401597,-1.036702,-1.4542681,0.016101241,-0.5528384,-0.6045567,0.49471992,0.07886487,0.20923597,-0.14932539,-0.9852698,0.041467622,-0.041821916,-1.5620905,-0.20123212,0.4385346,-0.036170963,-0.47999755,-0.5098081,-0.99541533,0.40489048,-0.20140801,0.25668398,-0.9038394,-1.2330033
0.7830987,0.8384816,0.07887108,1.0715029,0.5643998,0.050206993,0.9578562,0.49673596,-0.47063717,-0.45440596,-0.8984335,-0.53403306,0.21853334,0.7492761,-0.3031886,1.0023314,0.33504623,0.7278297,0.69923556,-0.80784136,0.05673944,1.421728,0.755874,0.42923737,-1.0922934,-0.22078422,-0.11163155,0.20909764,-0.06259479,0.6249146,0.9663857,0.2570819,0.39975458,1.3257211,1.1266618,-0.14301862,0.61223245,-0.2200684,1.3506366,1.5204887,1.0473658,0.02399103,0.27003923,0.917095,0.778275,0.82560354,0.35670373,0.9908616,0.37729576,0.64419067,0.33824703,0.31487784,-0.235336,-0.46422794,-0.284232,-0.31946862,-1.1704633,-1.2219539,-1.2954855,-1.5372819,-1.0285473,-0.99212444,-0.90521824,-1.3445805,-1.3327227,-0.79603696,0.7452138,-0.51831305,1.1379308,-0.14944804,-0.46405888,0.41128993,0.0005041451,-0.11517621,-0.5818794,-0.87311023,-0.12076737,-0.22872834,2.2819355,0.48536262,1.2348833,0.15846126,2.2991192,1.0353038,0.8222381,-0.39933595,-0.22777906,-0.5846581,-0.64068305,0.64330035,0.4178473,0.26976195,0.5711888,0.78726256,0.050693274,1.0158527,0.17283113,-0.19033185,-0.25586233,-0.011345687
-0.59547466,0.5774541,-0.3262537,1.0422257,0.26045382,-0.14175172,0.6329964,0.73715365,-0.66744906,-1.1422544,-0.96812564,-0.2526971,-0.29686996,0.21572903,0.668812,0.87259644,1.19652,1.3651531,0.6178341,0.46634102,1.1634084,1.503645,1.0719658,0.7742893,-0.47883698,-0.34650397,-0.3890053,-0.7750021,-0.23128054,0.5162369,0.62679976,-0.31610957,0.9184028,1.433589,0.3033241,0.4605102,-0.10442123,-1.3173891,-0.011503699,0.45654902,1.3276469,-0.38789448,0.06463371,0.10186804,-0.55760396,-0.46378466,-0.45440072,0.13077538,-0.045855682,0.049319636,-0.33064312,-0.6100857,-0.069554806,-0.20138007,-0.3149194,-0.69421667,-0.95997125,-1.4328071,-1.6756884,-1.365152,-0.75636894,-0.21772704,-1.8724909,-1.516993,-0.13296069,-0.113847286,-0.26408127,-0.8379894,1.165055,0.13453792,-0.58390313,1.1906633,0.3759218,-1.0094151,-0.6007026,-0.98371226,-0.12564585,-0.4695838,0.87083983,-1.0463736,0.15420465,0.24837725,0.18546245,1.1314352,0.38798586,0.16555782,0.15336414,-0.6283125,-0.29502115,-0.89549243,0.034239303,-0.776471,-0.1638027,-1.1876591,0.00968011,0.17788734,0.19594643,0.042228796,0.013255228,-0.038276825
-0.12705858,0.49415272,0.018624038,0.04923905,-0.3493775,0.2004316,0.43400198,0.3753445,-1.0815041,0.21919525,0.88724524,0.65255475,2.0607429,0.14352925,0.72711575,0.25692675,0.60495704,0.40496403,0.2929751,0.031444088,0.9377649,-0.19178265,0.34050122,0.72917926,-0.31353426,-0.48932007,-1.0776561,-1.1313587,0.64203936,-0.028375298,-2.1098297,-1.051364,1.6426693,0.85967636,-0.018678622,0.6020543,-0.0560993,-0.03204104,0.72999424,0.9130832,1.0059209,-1.0308697,0.3515662,0.44411033,0.36201534,-0.8265059,-0.35197383,0.49431473,0.8736537,0.16266404,-0.283559,-0.4155761,-0.576705,-0.867386,-0.31831032,-0.20297645,-0.9954342,-1.2708527,-0.20957668,-0.2560291,0.33961222,1.2402048,-0.81329477,-0.9069062,-0.8704798,-0.44858542,-0.19017477,-0.35431653,-0.37024266,-0.5256626,-0.09102511,-0.8659138,-0.65753096,-1.0826447,-0.5665339,-0.36262175,0.7976696,-0.10361175,-0.76545787,-1.5107142,-0.8659794,-0.07392581,-0.7178555,-0.22214054,-0.2961592,-0.5127306,0.3771706,-0.5236319,-0.1373911,-0.6094541,-0.5967724,-1.3566949,-1.3766847,-1.719297,-0.015090159,0.109868616,-0.7957551,0.13746184,0.89761305,0.35528448
-1.5897621,1.0627922,0.30217764,1.0348243,0.25168446,-0.16423668,0.94448,0.6508016,0.37769252,-0.6382168,0.43278015,0.33526933,2.5856268,1.665654,0.19161311,0.13743964,-0.07528218,0.19781916,1.0439123,0.3785485,0.43852356,-0.9502115,0.20812827,1.2063357,-1.1330451,-0.36090836,0.21954645,0.36670658,0.5959765,-0.27834162,1.2321744,0.88366246,0.7568854,0.36799237,0.9057281,1.0190328,0.8935007,0.4861161,1.5361059,0.7071565,1.4159006,0.61361855,1.0447532,0.62534213,0.57787055,1.0691179,1.0111991,-0.06525446,1.2330171,1.6715614,-0.7035281,0.7468324,-0.7193387,0.08518237,0.26576656,-0.0011519762,-0.87494165,-0.25981006,0.0008208306,-0.38313317,0.12584078,1.5733267,-0.052103058,0.8862655,1.2076173,-0.045781456,0.12158238,-1.0643061,-1.6638477,-0.5365472,-0.53579617,-1.4962448,-1.258457,-0.44792393,-0.14811029,-0.5264385,0.04174896,-0.054419167,1.8449676,-0.6001207,0.21219297,-0.028115392,0.21847694,-0.6690966,0.24045087,1.5877368,1.4378549,1.7200228,1.2472057,0.3694839,-0.3618015,-0.050929412,1.030466,0.5261758,1.3072187,0.99736404,1.3175079,0.35014945,0.9554156,1.1466776
-0.829896,1.3429615,0.4453802,0.61048895,0.122257195,-0.042309217,0.94174975,0.6089714,-0.21682808,0.02227145,1.1085036,0.7062645,0.98890954,-0.24277885,0.06828943,0.60850894,-0.017244799,-0.38133144,0.20739666,-0.35451058,0.84527844,-1.0785819,-0.49125847,0.24874225,0.19675933,0.06321545,-1.2539304,-1.0755246,0.15562193,-0.7562906,0.03856976,-0.49432865,0.96256894,0.37743536,0.51712453,0.22317393,-0.17910351,0.39571574,0.9578273,1.2153282,0.6040643,-0.2273713,0.49192646,0.4601926,0.09332081,0.26054734,0.13343067,-0.066470064,0.676364,1.3570682,-0.79121083,-0.13072811,-0.66585296,-0.5394848,0.24957684,-0.081763074,-1.2312095,-0.21183735,0.20647764,0.5778473,0.54699916,0.8490071,-0.45674923,-0.6889609,0.01724617,0.25373876,-0.4277805,-0.52495754,-2.1306381,-1.4069954,-0.39973962,-1.1007338,-1.2800983,0.05872572,-0.70194453,0.1627819,0.124443024,-0.0009500006,0.2053902,-0.059742928,-0.2002862,-0.21020845,0.74375093,0.16024631,-0.40637586,0.5316554,-0.06205374,-0.9274213,-0.48148635,0.30418316,0.028337514,-0.2029123,0.7886997,1.1142985,0.54766935,1.5863945,1.4749308,-0.30010217,0.60337603,0.9063796
0.7563018,2.2183766,1.6249667,2.1905887,1.4211073,0.87961686,2.01982,1.6014557,1.5042466,1.6396583,0.32081932,0.78885114,1.3680966,2.4580834,1.9507077,2.3121624,0.64914334,0.8972147,1.4055511,1.0316802,1.7872746,-0.7022362,1.1406052,1.3050783,1.1093649,0.8360216,1.3402017,0.69315,1.2484303,1.1435152,-0.9034011,1.2321357,1.5149978,0.69115263,0.7040328,1.1715198,1.2286679,1.1567241,1.525986,1.8704132,1.3658637,-0.9576555,0.4943526,1.034526,1.3769882,0.48565158,1.1083983,0.79566693,1.1056125,1.8616186,0.67314893,1.5358341,0.7552541,0.36818567,0.50546837,0.36582306,0.75862783,0.767236,1.0074441,0.84612685,1.1928519,0.71056503,0.29844448,0.5938661,0.51160735,1.031932,0.7209629,0.075338244,-0.18104376,0.16965094,0.8563702,0.22841588,0.59855336,1.3880831,1.1706507,0.6811026,1.6816149,1.7602817,2.0833807,1.1525766,0.74970394,0.58495736,1.8696603,0.36503428,0.5200371,1.0326158,1.5198586,1.6889209,0.7054668,1.5505258,0.80635905,2.0616384,1.6014949,0.4299546,0.50896704,1.0923809,1.5916765,1.1590831,0.885939,1.471734
