7Networks_LH_Vis_1,7Networks_LH_Vis_2,7Networks_LH_Vis_3,7Networks_LH_Vis_4,7Networks_LH_Vis_5,7Networks_LH_Vis_6,7Networks_LH_Vis_7,7Networks_LH_Vis_8,7Networks_LH_Vis_9,7Networks_LH_SomMot_1,7Networks_LH_SomMot_2,7Networks_LH_SomMot_3,7Networks_LH_SomMot_4,7Networks_LH_SomMot_5,7Networks_LH_SomMot_6,7Networks_LH_DorsAttn_Post_1,7Networks_LH_DorsAttn_Post_2,7Networks_LH_DorsAttn_Post_3,7Networks_LH_DorsAttn_Post_4,7Networks_LH_DorsAttn_Post_5,7Networks_LH_DorsAttn_Post_6,7Networks_LH_DorsAttn_PrCv_1,7Networks_LH_DorsAttn_FEF_1,7Networks_LH_SalVentAttn_ParOper_1,7Networks_LH_SalVentAttn_FrOperIns_1,7Networks_LH_SalVentAttn_FrOperIns_2,7Networks_LH_SalVentAttn_PFCl_1,7Networks_LH_SalVentAttn_Med_1,7Networks_LH_SalVentAttn_Med_2,7Networks_LH_SalVentAttn_Med_3,7Networks_LH_Limbic_OFC_1,7Networks_LH_Limbic_TempPole_1,7Networks_LH_Limbic_TempPole_2,7Networks_LH_Cont_Par_1,7Networks_LH_Cont_PFCl_1,7Networks_LH_Cont_pCun_1,7Networks_LH_Cont_Cing_1,7Networks_LH_Default_Temp_1,7Networks_LH_Default_Temp_2,7Networks_LH_Default_Par_1,7Networks_LH_Default_Par_2,7Networks_LH_Default_PFC_1,7Networks_LH_Default_PFC_2,7Networks_LH_Default_PFC_3,7Networks_LH_Default_PFC_4,7Networks_LH_Default_PFC_5,7Networks_LH_Default_PFC_6,7Networks_LH_Default_PFC_7,7Networks_LH_Default_pCunPCC_1,7Networks_LH_Default_pCunPCC_2,7Networks_RH_Vis_1,7Networks_RH_Vis_2,7Networks_RH_Vis_3,7Networks_RH_Vis_4,7Networks_RH_Vis_5,7Networks_RH_Vis_6,7Networks_RH_Vis_7,7Networks_RH_Vis_8,7Networks_RH_SomMot_1,7Networks_RH_SomMot_2,7Networks_RH_SomMot_3,7Networks_RH_SomMot_4,7Networks_RH_SomMot_5,7Networks_RH_SomMot_6,7Networks_RH_SomMot_7,7Networks_RH_SomMot_8,7Networks_RH_DorsAttn_Post_1,7Networks_RH_DorsAttn_Post_2,7Networks_RH_DorsAttn_Post_3,7Networks_RH_DorsAttn_Post_4,7Networks_RH_DorsAttn_Post_5,7Networks_RH_DorsAttn_PrCv_1,7Networks_RH_DorsAttn_FEF_1,7Networks_RH_SalVentAttn_TempOccPar_1,7Networks_RH_SalVentAttn_TempOccPar_2,7Networks_RH_SalVentAttn_FrOperIns_1,7Networks_RH_SalVentAttn_Med_1,7Networks_RH_SalVentAttn_Med_2,7Networks_RH_Limbic_OFC_1,7Networks_RH_Limbic_TempPole_1,7Networks_RH_Cont_Par_1,7Networks_RH_Cont_Par_2,7Networks_RH_Cont_PFCl_1,7Networks_RH_Cont_PFCl_2,7Networks_RH_Cont_PFCl_3,7Networks_RH_Cont_PFCl_4,7Networks_RH_Cont_Cing_1,7Networks_RH_Cont_PFCmp_1,7Networks_RH_Cont_pCun_1,7Networks_RH_Default_Par_1,7Networks_RH_Default_Temp_1,7Networks_RH_Default_Temp_2,7Networks_RH_Default_Temp_3,7Networks_RH_Default_PFCv_1,7Networks_RH_Default_PFCv_2,7Networks_RH_Default_PFCdPFCm_1,7Networks_RH_Default_PFCdPFCm_2,7Networks_RH_Default_PFCdPFCm_3,7Networks_RH_Default_pCunPCC_1,7Networks_RH_Default_pCunPCC_2
0.49369812,-0.4701241,0.9779944,-0.00498912,0.09147944,-0.5297972,2.115421,1.7399065,1.8670062,1.3676658,1.6885426,0.98581505,1.0974905,0.6717862,0.19310628,2.2099893,1.9335703,2.8358088,0.9563667,1.7479383,2.0271978,2.0875812,1.5814499,1.5833299,1.2006205,-0.30113912,-0.16833368,-1.1269317,0.76873,-1.340444,2.4390097,1.4975421,0.051678427,2.2628834,1.7588553,1.9337548,-1.0355003,-0.21009806,0.39492708,0.5199496,0.7062491,0.23432751,0.5199542,-0.36553928,1.4855597,-0.26650542,0.6096817,0.7489451,0.26492852,-0.6977988,2.8928947,0.3486697,1.3745465,0.30060452,-2.1951842,0.06110474,0.62621677,1.9615698,-0.032616597,0.6705693,0.7892632,0.895438,1.1536006,0.3159809,0.78089225,0.52152807,2.5247414,1.9876689,1.8569596,2.2500427,1.9896349,0.78271824,1.2443434,1.0090635,1.1260953,-0.42551136,0.2711471,-1.0029386,2.1880918,2.2099826,1.2497352,1.4701445,1.8307537,1.8049226,0.16639954,1.0091242,1.9261758,-0.08499628,1.1854551,0.33879635,0.84528875,1.9871857,-0.2497348,1.0790527,0.101067334,1.5048004,0.33614564,1.5438938,0.57321817,-0.3057721
0.9931905,1.2662613,2.2977908,-0.9745526,-0.547332,-1.7010733,1.8647789,1.2188429,0.3468737,0.35120586,0.61193025,0.77511585,1.0872442,-0.060711022,1.301438,2.4754872,1.9895858,1.6628599,1.937878,0.4983203,1.8212582,1.3511161,0.29589704,1.823012,1.770537,-0.00134577,-0.40922764,0.37611625,1.3342218,-0.39390793,2.4448578,1.7350681,0.59466136,1.3693447,2.0482502,-0.18276101,-1.1673255,-0.09152897,-1.1964382,0.89184785,0.772391,1.4797759,0.36761484,1.5694218,0.98977304,1.312695,1.0055556,1.478521,-0.9896564,-0.20231892,0.7048302,-0.3088031,2.7317438,-2.2249024,-1.5999815,-0.8414128,-0.17849094,0.6436925,1.5110644,0.20833136,1.0806724,-1.0549895,1.8908006,0.90148735,-0.40576455,0.10720332,0.26436847,1.7699883,0.119210534,0.60786384,1.5547205,0.05400782,0.6407385,-1.5937421,1.6560087,0.65878236,0.4992435,-1.3137047,1.8689157,1.3324684,0.60041535,-0.21311153,0.67864954,1.3699129,0.07654852,-0.45594528,0.11118329,1.4465832,-0.27537695,-1.6112963,1.0906838,0.594015,-0.09210683,1.4459919,-0.67891973,1.495528,1.8286252,-0.058340944,-0.5962576,-0.72777665
-0.25363126,-0.535481,1.2453488,-0.5694506,0.0018166213,0.8655794,1.7177312,1.0854148,0.850864,1.7976341,1.9060876,1.2761405,1.0765597,0.691133,0.94975626,0.6277779,0.4772672,0.6502659,0.084415495,0.87346196,0.45460898,0.47411096,1.0331275,0.8513852,0.83465385,0.32123956,0.4213677,0.073138624,0.41185987,-0.28640446,2.2594128,0.9404122,2.147857,0.6533173,1.053354,0.8662963,0.2940442,0.43107885,-0.09771377,0.58827204,-0.0068189413,-0.018022781,-0.34577683,0.61616975,1.1636499,-0.38283724,-0.29284918,0.64747435,-0.0077163843,0.21731734,0.35936466,1.5144272,1.6676537,0.42715055,-0.31309798,0.5271038,0.022989817,0.26644078,0.5622812,-0.284879,1.216736,0.97262496,0.86508405,1.1380211,1.0044874,0.15794548,0.1790468,-0.14031392,1.3746687,0.17281528,-0.04097596,0.44004336,0.21779768,0.28956416,0.5153454,0.44250512,1.5428662,-0.55852795,1.3202329,0.50042397,0.62081367,0.41787907,0.9565843,0.5061254,-0.26850456,-0.3654226,-0.44667023,0.255012,0.9272293,-0.12052295,0.68117094,0.1534044,0.7229084,1.0141419,-0.8492094,1.7077177,0.128007,-0.2817069,0.16557421,0.14876658
0.64449966,0.66165483,-0.3065107,0.4742998,0.33982274,-0.71015984,0.542572,-0.40618145,-0.76082724,1.6101835,-0.5088955,-0.838405,1.3397669,0.91604453,-0.17230342,0.12533036,-0.9082232,0.16079427,-0.6506568,1.75056,-0.515285,-0.90357137,0.98758596,-0.53751075,0.4178984,-1.733023,1.5538766,0.2883818,1.3208003,-0.16467065,1.1704979,0.97659653,0.6408607,-0.62231004,-0.32721585,0.28233308,-0.25231612,0.24124123,-0.45743686,-0.19835064,0.2274919,0.53987914,-0.60072523,1.0150206,0.44374946,1.0114961,-0.70631915,1.3333519,1.4293303,0.11731206,0.35315964,-0.5178655,0.23538843,-0.83399135,-0.7978256,-0.58869696,-0.13891724,-0.610672,-0.1440711,-0.3132321,-0.84187335,-0.553593,0.16147439,-0.42644545,1.3969941,-0.5976129,1.2747298,0.3945493,-0.8142172,0.95023996,0.88520163,-1.5400991,-0.5389989,0.5931391,-0.9275343,-1.6031641,-0.11052136,-0.06319288,2.1245883,2.0009656,-0.9920418,-0.67539823,0.2823892,0.1181683,0.6932007,-0.5759339,0.19121805,1.2355144,0.8291377,-0.022575023,-0.3687948,-1.1377957,1.1640142,0.6222943,0.6560523,1.3061666,1.3407307,1.2764171,1.611244,0.8799709
0.056118928,0.27374193,-0.21983145,-0.75058687,-0.95662683,-0.36619955,-2.5034752,-2.2797873,-2.0637958,0.38276592,-2.1233387,-1.4746176,-0.7000671,-1.339612,-0.771024,-1.9013596,-2.4533944,-1.9556168,-2.4403121,-0.44872406,-0.6586569,-2.6776528,-1.7041528,-1.9781706,-1.1185912,-1.8519711,-1.4171247,-1.0623747,-0.36337963,-0.30522385,0.07595874,0.5999392,-0.67775166,-2.655215,-2.3530154,-2.0242565,-1.84432,0.439356,-0.59794164,-1.3760376,-0.060443845,0.04570724,-0.4067615,0.53829277,-0.580139,0.896223,-0.7273989,-0.91123694,1.1771717,0.53022194,-1.1341981,-1.1633884,-2.065476,-0.9762423,-1.4449414,-1.1707467,0.77394426,-2.2409515,-1.2797012,-2.523286,-1.7618973,-0.3991653,0.8634923,-0.07268764,0.90357816,-0.39610893,-1.1263933,-1.2253119,-2.1584778,-1.2984263,-1.077896,-2.8058164,-1.2244477,-1.3610603,-2.1187904,-0.99169934,-1.1519414,-0.5066854,0.19532198,0.14731672,-1.7407877,-1.2182784,-1.7746739,-1.8392993,-1.2262803,-1.5114005,-0.08865821,-0.0008858762,-0.64568156,0.026860937,-0.67187023,-1.5201536,-0.15439479,-1.659151,-0.93720424,-0.07289192,0.8707407,0.16140686,0.46647072,0.51725656
2.026521,-0.12064508,-0.24668752,-2.287779,-0.7777833,0.41602,-0.26375642,0.00049410155,0.7605778,-0.38441166,-0.36203325,-0.60693246,-1.9035877,-0.73783886,-0.41678724,-0.908276,-1.5602664,-0.96379226,-1.3507092,-1.0596677,0.30136454,-1.3128617,-0.56789434,-0.1681442,0.07971735,-0.26927978,-0.7057529,0.3748691,0.78025496,-0.47023547,-0.29690045,1.221447,-1.0928439,-1.3000327,-1.4146312,-2.4045634,-1.1538482,1.3025496,-0.04477487,-0.14511968,0.681834,1.8215195,0.25336817,1.5771915,0.074070364,0.6846404,0.14183635,-0.070174925,1.1531138,-0.18042912,1.6308731,0.4491045,-1.2704148,-1.7881973,-0.6883715,0.06853305,-1.00531,0.25406256,-0.14348754,0.3910229,-0.5437474,-1.880602,0.01609773,-0.39545363,0.042499576,0.29697126,-0.42942926,0.10493948,-0.7732611,-1.226147,-0.41567525,-0.42393935,0.10853173,-0.4247642,-0.5193688,0.21711347,1.3907568,-0.9655853,0.39410007,0.71565336,-1.3696054,-0.76530457,-1.0733529,-0.35695267,-0.32385823,-0.25296274,-0.23425794,0.101955086,-0.88388497,-0.6061437,-0.52501696,0.06737231,0.6696622,2.4095654,1.1561899,1.2761748,0.9434964,0.022391615,0.062898904,-0.6728666
0.41484556,0.66278034,0.7246142,0.03725622,0.71912825,-0.75020635,1.9764954,2.1768496,1.6281464,0.93484557,0.87860596,-0.099766,-0.41485995,1.3687893,1.4932517,1.6496003,0.78760415,1.7315539,1.6148819,1.7540445,2.2184403,0.5100372,1.418016,0.5663594,-0.20940726,-0.25893977,1.3866078,0.34615308,-0.28755724,-0.8038222,0.9352845,0.34916338,1.2115079,1.0092661,1.3714169,1.0368948,0.99893445,0.019322418,0.31258655,0.9268142,1.3686004,0.061931394,0.16106717,0.3896564,1.0614895,1.5084956,1.0227125,2.1851647,0.5373341,0.54229486,1.9676555,2.4835699,1.6907961,0.47305617,-1.589254,-0.4857831,1.5666007,1.2276363,0.9365064,0.62701803,1.2417614,-1.5373905,-0.79998094,0.87092775,0.9449269,-1.1534731,1.4617654,1.2589886,0.010224067,1.0066016,1.7850075,-0.44376856,1.0296698,0.5019437,0.57943344,0.10373872,0.86317235,-0.6996235,0.7310034,-0.6250126,-0.586556,0.07280446,0.10332762,-0.29082495,-0.5632322,-0.39948115,0.1915001,-1.3897973,1.0940794,0.7127995,-0.10227477,1.9443889,0.27883738,-0.13165519,0.5406419,0.6345137,0.793039,0.08180477,0.9639667,0.86074597
1.0058439,0.06501246,0.5005865,0.7985205,1.0241835,-2.0145338,0.9558132,1.542766,-0.66720366,1.1543869,0.6680043,1.6059358,-1.3956453,-0.64053303,0.80645794,1.5992674,1.6498706,1.3153831,1.0699736,1.2641156,1.0838634,0.56472105,0.71698624,0.7610813,0.7417373,-0.6418197,0.69934493,-1.32531,-0.27916703,-1.3469318,-0.82712805,0.3773419,-0.74640566,0.23870777,-0.25641662,1.6140534,0.54276943,-0.19452542,-0.2882538,-0.73169684,-0.82043445,-0.88268095,-1.7351645,-0.46823123,-0.32183835,-1.6381369,-1.2368124,0.720528,-1.3426474,-0.30960104,0.61018777,1.5711304,4.2196846,1.8894204,-0.1497607,-0.26638073,2.098017,0.5264888,-0.017160123,0.6139483,0.5110824,-0.8685791,-0.7823391,1.4565594,1.272162,0.3728487,2.4848194,2.1774254,2.2198136,2.4898338,1.1576257,1.3795367,2.0758877,0.082179576,2.8009753,0.100638494,0.75094444,-0.23290326,0.09287527,0.34284544,1.2431296,0.82612896,0.94787216,0.41561216,0.07143979,0.23897824,0.0592972,-0.42037326,1.0831913,0.12908764,-0.30876857,1.1323087,-0.57958716,-0.6428462,1.0550886,-0.2611675,-1.1650244,0.09301704,-0.6025687,-0.15123783
0.036637396,-0.27748466,-0.08167496,0.36617002,-0.5676081,-1.0999464,0.17992894,0.03546481,-1.4209659,-0.9477969,-1.2812567,-1.1355644,-0.18328747,0.3858271,0.07776317,1.4317428,0.31552485,0.41424885,0.72815204,0.16393518,-0.3962423,-0.03434757,-0.43958652,0.25234067,-0.47755685,-1.6891329,-1.3023356,-2.0568357,-0.52153087,-1.0736142,0.9196092,0.11838765,0.5696661,0.27317357,-0.36049932,-0.23619483,0.61454403,0.033182293,-0.6457099,-0.40748206,0.37786403,0.48103413,0.10104237,0.71559024,0.10307927,0.16985554,0.5938732,0.19421007,-0.3948637,0.29515085,0.11954173,0.5324265,0.121725515,-0.64885646,-1.0989115,-1.3647223,-0.874752,0.34420466,0.15800448,0.2054964,-1.9647498,-0.45036197,-0.07701601,1.7019609,-0.14756776,0.8912355,0.42132196,0.13232149,0.78671587,1.1323154,0.47819665,-1.2142676,-0.7268428,-1.7989112,-0.2866766,-1.2870501,-0.48053238,-1.6151124,1.0785834,-0.6914065,-0.22308998,-0.014645101,-0.025161799,-0.54736006,-0.44848272,-0.8889845,0.43951252,-1.1362356,-0.7335469,-0.6773692,0.67923355,-1.2712563,-0.5661861,1.1209004,-1.6783581,0.70793486,0.4143613,-0.218999,-0.7412514,0.2055282
-0.97576165,-0.5214419,0.23932384,1.5202631,-0.5539353,-1.5646051,0.19430205,-0.76600087,-1.1516733,-0.36198646,0.06826567,-0.7817383,-1.048668,-0.6885144,0.8166326,0.116081975,-0.51841944,-0.24874258,0.63261896,-0.2931936,-0.50515366,-1.340181,-1.0369071,-0.41635856,0.6005204,-0.700485,-0.7373812,-2.4962397,-1.4311507,-1.5759393,-0.06984314,0.9630247,1.1563623,-0.23630093,-1.586706,-0.17639352,0.98039985,1.8043779,0.56094545,0.6553766,0.48379824,-0.54030854,0.110637955,0.9821277,-1.0174729,0.09468607,0.025405016,-1.5326111,-0.8204228,0.37382883,-0.2071385,0.8881303,-0.3945595,0.39430356,-0.67469364,-1.1283532,0.02407392,0.28618193,0.5018625,0.38326314,-1.4522169,-1.2577597,-0.94555414,-0.17913678,-2.0076792,-0.2980519,0.173845,-0.9079593,-0.4837897,-0.10406245,-0.7099512,-0.0690546,-0.8333757,0.8326435,-0.9637815,0.31810898,-1.4265987,-0.6388594,0.06694593,1.4604886,0.24582505,0.27606875,-0.706956,-0.7507268,-2.0092304,0.6487895,-0.4096184,0.74607384,0.101562366,1.0393484,1.9359069,0.81316257,1.3852603,1.2929443,0.8226223,1.4665997,0.46884525,-0.34686807,-0.4039453,0.72261614
-0.6076804,-1.8715758,-0.7601438,0.31124783,-1.7304311,-1.1492625,0.008568396,-2.0069609,-0.8308406,-1.7749778,0.29017204,-0.4748748,-1.4567527,-1.6675495,-0.50789165,-1.4426382,-1.4845555,-1.8985391,-2.3013413,-0.38722417,-0.8713028,-1.3404478,-1.4625685,0.3132471,-1.577924,0.60488653,-0.25234404,0.3448356,-0.43402043,0.49689928,-0.3831884,0.10229364,-1.119603,-0.27206448,-1.4626235,-0.94512606,-0.37328583,0.12406679,1.2937901,0.14935566,0.30170766,-0.47042778,0.44906387,-0.6098849,-0.5519458,-0.22603503,0.3686671,-0.9271645,-1.2774844,-1.2805007,-1.8883138,-0.07407323,-2.9940717,-0.48803374,-0.045762256,-2.0658538,-2.1854143,-1.2288113,-0.111758865,-0.17500855,0.26078594,-0.2269291,-0.27222693,-1.1115428,0.09152861,-0.19491598,-1.579249,-3.1292186,-1.6049848,-1.4487625,-0.673173,-1.4652473,-1.0948774,-0.08049979,-0.5438221,0.57449156,0.4740424,0.32444605,-0.046314307,0.24310532,-0.20927146,-1.3897485,-0.8944039,-2.3510466,-0.9504318,0.7458299,-1.0791664,-0.5206537,-0.90896934,-0.053737536,-0.85862356,-0.42765987,0.8438983,0.009001011,0.7775101,0.20417766,-0.609676,-1.5400394,-1.1283412,-0.9583523
-0.34522966,-0.6229502,-1.4211109,0.8976345,0.72530204,0.40606514,0.28490832,-0.5023358,-0.22378561,-0.015789155,0.37252918,-0.109461576,-0.65896857,1.8906926,-0.030541454,-0.4831303,-0.3719437,-0.25098175,0.24126264,0.11408103,-0.52143127,1.1604933,-0.38937622,0.3706528,-0.13780944,1.752047,0.6625714,0.86529416,-0.26558828,1.0309298,1.2951446,-0.57562447,0.68917084,0.8919503,1.9770579,-0.20960489,0.58253676,-1.2996424,1.1197544,0.43438536,-0.28684753,-0.14300731,1.6422288,-0.9126673,1.2689669,0.13241269,0.4534815,0.1727772,-0.81455487,-0.78220385,0.21687818,-0.695813,-0.7771927,0.56634724,1.4307607,0.25106022,-0.23605028,0.7174077,0.72593296,-1.4340676,-1.1076072,-0.9370746,0.40061894,0.047561064,-0.33754614,0.119225346,-0.5872706,-0.6785428,0.7713216,-0.27648985,-0.5298141,1.5487194,1.1917361,0.0927604,-0.38215026,1.3893732,0.583752,0.4856611,1.3628281,-0.9322522,2.2823904,0.35675824,2.1029854,1.5098789,0.84780306,1.6129636,1.2913352,0.36185655,0.14451186,0.7894511,1.2087047,-0.47606668,1.2129467,0.3113369,0.73468935,0.22148436,0.33184004,0.7372004,-0.33661756,-0.5699227
-0.7594018,-1.0802453,-1.3930264,-1.073658,0.13979006,-0.8557003,-0.6017919,0.74379617,-0.17173453,0.29368073,-1.3852054,-1.8716968,-0.76223016,-0.25660378,0.58061737,-1.8095174,-0.5507682,0.055734124,-1.1345748,-0.30263537,0.20761135,-0.26662987,0.27165163,0.47614655,-0.93375736,0.31557333,1.6925206,1.267105,-0.7148177,0.84054375,-0.23552491,-0.18258533,0.49531186,0.25757524,0.32693198,-0.2452555,-1.1480514,0.42220542,-0.22761425,0.26603004,-0.1092894,-0.3284249,1.2180045,-0.17103226,1.3503684,0.35754156,-0.2545866,-0.34405923,-1.4510926,-1.0218529,-0.86034995,-0.017043617,-0.78528,-1.5051095,1.3351725,-1.3583448,0.6059086,1.4101899,-0.7394228,-1.680023,-0.9391016,-0.50438243,-0.1589136,-0.6108508,-1.1262027,-0.9420996,-0.3335991,-1.8536869,-0.90876794,-0.739902,-0.7946153,1.4148206,0.30252784,1.6536028,-0.75529546,-0.53019977,-1.8755234,1.2723011,-0.29075438,0.1850315,1.5755032,0.18174432,1.568369,0.88500845,1.1496826,1.5210782,-1.0183423,1.0721319,-0.6166487,1.2699479,0.91156244,0.83563256,1.2391514,-2.2147806,1.5311347,0.06969501,0.5622179,0.57204646,-1.0809658,-0.6143213
-1.8801533,-1.3087687,-0.39216143,-0.26461464,-0.6910375,0.28723577,0.38163915,0.51212025,-0.2157845,-0.9299176,-0.24057803,-0.9171244,-0.65489566,0.49906707,-0.5685716,-1.7418232,-0.41352057,-0.44569275,0.03533476,-0.92517304,0.17545801,0.55844635,-0.44491595,0.5344546,-0.5149217,0.6704696,0.6694121,1.236165,0.034790695,0.30261853,0.6550452,0.4410205,0.58635914,1.2513005,0.22831693,-1.1258662,-0.7991351,-0.6365988,0.7000782,0.8608859,-0.8257697,0.9704831,1.6165717,-0.6694854,0.08624502,-0.7048925,0.80469435,-0.79658544,-0.50496227,-1.6188558,-0.7010056,-0.41412994,-1.1388614,-0.94826823,0.6569112,0.83310866,-0.43822145,1.0475769,-1.7090119,-1.4744762,-1.0234097,-0.5979731,0.94252354,-1.039923,0.35315648,-1.3167219,-0.5162414,-0.55416507,-0.8624702,-1.0832144,-0.97021395,1.2740862,0.10909601,0.7698441,-1.1860834,0.22159714,0.42355403,0.6729698,0.40951303,0.18670876,0.81185627,-0.17560633,0.4976316,1.2936394,1.468042,1.5286943,-0.95886046,-0.044591896,-1.332228,-0.19473587,0.4546751,-0.06885048,0.8173533,-0.8144451,1.3372331,-0.28700227,-0.31248614,0.48516682,-0.13905725,-1.8064538
-0.4558961,0.7530713,1.033105,1.0874403,0.29271898,1.0755253,1.854646,0.35515568,1.3559473,1.558171,1.3679864,1.0468255,-0.040526927,-0.47313654,0.19345905,0.23280278,-0.15770122,-0.24149,-0.69058585,-0.26781327,-0.35873115,0.26530474,0.34623206,1.5459101,0.967982,-0.07118145,1.4397957,0.7686783,0.0019867332,0.10648013,0.6183854,2.000357,0.6923384,1.116832,0.8541782,0.10561245,0.25708628,1.2028862,0.95405316,2.0245352,1.1998061,0.89891493,1.3045809,0.59745,1.0010046,1.317601,1.0537994,-0.03663445,-0.2390566,0.03127166,-0.05881839,1.206904,0.4327703,0.01617093,-0.9744121,0.6554959,0.29515603,0.27807862,2.0537372,-0.30891263,1.0827554,-0.6953827,0.65956026,0.80898756,0.92486036,0.056537997,0.6301346,-0.58178353,0.07644994,-0.23076308,0.41039452,1.574161,0.62735546,1.3455116,-0.08563977,0.86937356,0.07333508,1.0651526,-0.09185648,1.5350178,1.577927,-0.25223896,0.5113602,0.033430785,0.9192989,1.7168628,0.57316023,1.2466079,0.28540567,0.32857767,1.3463193,0.80732024,0.6679952,1.9536761,1.91461,1.4707143,1.0405629,-0.24512324,0.065135494,0.059612896
1.404068,-1.0561132,0.17794782,0.16996266,0.9298999,2.3613105,0.6245681,-0.28302628,0.9041863,0.48212346,1.2876738,1.089002,1.0249115,0.42427748,0.22364913,0.14481539,0.3313922,-0.03243333,1.3313289,-0.9281521,-0.21849364,1.121143,0.19958109,0.62371427,0.5079456,1.888482,0.78930223,2.202769,1.498681,1.7521657,0.041032337,0.6759582,-0.77175885,0.21658699,0.59816885,-0.78661436,-0.5936436,-1.2844046,-1.1091892,0.14581555,-1.3469713,-0.14340132,-0.5966119,-1.1278383,-0.9269055,-0.7550859,-0.96141106,0.62766594,-0.23113671,-1.085871,0.8296101,0.8191196,-0.80178344,-0.73264307,1.2646285,1.0803177,-0.60443705,-0.11971063,-0.096426375,0.79565924,1.0691406,0.9890887,1.7760366,-0.2275128,0.87157965,0.5922359,0.013766942,0.41321516,0.23733379,-0.67806226,-0.4441728,0.9198342,-0.61450857,0.20487243,0.504823,2.0617156,-0.061055556,1.3342874,-0.17065585,0.728753,0.44478834,-0.9798576,-0.39439523,1.1658242,1.1432875,-0.72966653,-1.3131173,-0.09314443,-0.6365522,-1.2938251,-1.6260853,-0.30504376,-0.745258,0.22983688,-1.7748507,-0.747585,-0.90213555,0.6204137,-0.37803262,-1.3449856
-0.8233337,0.14272404,0.108661264,0.5597671,0.28234378,1.5380219,-0.13443519,-0.86801165,0.4147881,-0.32379416,0.057903804,1.0518463,1.5328987,1.2275525,0.106327936,0.32241666,0.28146908,0.03873854,0.13265327,-0.7886849,0.66325134,0.70489097,1.07292,0.08637306,1.9290335,0.9597823,1.5015296,0.9433146,0.09546133,2.0271163,0.56772494,0.38090527,0.23936935,0.33461395,1.556437,0.5077991,-0.7826659,-0.6116274,0.38444585,0.6239627,-0.57456934,-0.09702163,0.24890204,-1.1323767,1.2761097,0.21463266,1.1937886,0.55125654,0.07678232,-0.93687046,0.3722325,-0.9331548,-1.3825345,-0.09101082,0.9734374,0.57471967,-1.1976628,-0.33970898,2.23338,0.806399,1.36683,1.8320974,0.48764148,0.37796864,0.8125859,0.07644395,-0.41253272,-0.53782254,-0.75345063,-0.7548391,-0.42613134,-0.55282116,-0.77028346,0.7275835,0.14537987,0.7651617,0.9678185,1.6938906,0.070287496,-1.7020386,-0.04211443,-0.0641247,-0.7134066,-0.25944626,0.5909181,-0.23242714,-0.5900923,1.8207732,-0.55914336,0.020987753,-1.2165242,0.65995693,-0.34632528,0.20213555,-1.2142545,-0.93787587,0.079717346,0.1873529,-0.5659867,-1.4122891
-1.1053085,-1.1371655,-0.90415436,0.07340374,0.42495516,0.43159932,0.0935435,-0.9049535,-0.064634316,0.7401304,0.091433674,1.1031767,1.183462,-0.26036823,-0.104404956,-0.9463301,0.35710973,0.029055053,-0.8736396,-0.41056058,-1.0128963,-1.0571882,-0.41913694,0.43106034,-0.81728536,-0.31217793,-0.24257891,-0.29773107,0.12691131,0.029906543,0.18859755,-0.3729963,-0.9663484,1.0719007,-0.75050646,1.2088662,1.1087855,-0.71122426,0.92327505,0.35273415,0.34234712,0.26093838,-2.6688125e-05,-1.0056471,-0.075708225,-0.48946804,-0.25247917,-2.0559084,-0.35626218,-0.14058596,-1.0289534,-1.224547,0.38409317,-0.1977809,0.9477493,0.38535342,-1.1169688,0.80068827,0.91370016,-1.1137613,0.6024211,2.3473773,0.67149305,-0.321803,-1.3707808,-0.15245196,-0.27118227,0.51292044,-0.09967951,-0.18817323,-0.18376632,0.12272493,-0.53615636,0.31468788,0.77178717,-0.52607644,0.91691643,0.332582,0.016298112,1.3694702,0.09279202,0.185189,-0.69504565,-0.8527415,-0.06981237,0.5964531,0.5506433,0.623409,0.37510443,0.05861321,-0.98577106,1.3810679,0.7872513,-0.58596855,1.20263,-1.3206334,0.00888303,-0.63181436,-0.57408386,0.072606705
-0.17363665,0.9339254,0.6975301,-0.5028561,0.48621798,1.3555884,0.068782955,-0.7314016,-0.30243757,0.5159088,0.29363352,-1.1889282,1.2647424,0.114086226,0.9294171,-1.1274586,-0.78652185,-0.8404905,-0.73988783,-0.9994988,-1.5340799,-0.9147991,-0.38481277,0.31946892,-0.5677631,-0.40637854,-0.8265976,-0.20867538,0.062019806,-0.45076913,0.71708745,1.5310918,1.5061699,-0.1067053,0.4010139,-1.0796045,-0.6678214,1.9309393,2.4789634,1.1840844,1.875365,1.2589583,1.4266937,1.2793297,1.0959597,1.2324703,1.2247405,-0.9560677,0.6719993,0.34659448,-0.18840452,0.7442853,-0.60716623,-1.0285926,0.22344077,0.82396346,-0.84240067,-0.8896667,-0.17949706,0.63840044,-1.0042231,0.5313227,1.5363861,-1.5121698,-0.921575,0.9503145,-0.7026006,-0.18697834,-1.1671115,-1.0397856,-1.2592983,0.47483096,-1.9036545,0.35232556,-1.0425401,-0.8994001,-0.88342464,-0.48791656,0.45475256,0.40249404,-0.3345262,-0.45923865,0.18766855,-0.69008255,-0.6192436,0.67978495,-1.7237793,0.8289988,-1.409325,0.50790864,0.1920401,0.85830086,2.223607,1.9348022,1.5498767,0.8686416,0.8399084,0.13012737,0.48397738,0.1129091
-1.0987642,-0.43241134,0.44990194,1.1012491,1.0408036,0.9207188,0.08672808,-0.9690101,0.15032136,-0.15226783,-1.2098446,0.22939543,0.545111,-1.0736063,-0.12097508,-1.4221245,-0.7206067,-1.2257643,-1.059978,-0.67591447,-0.7838776,-1.1558293,-0.26717967,-0.06860072,-1.5236226,-1.2739514,-0.08949932,-0.3264288,-0.2501112,0.077272356,1.0756173,0.6841861,-0.22918653,-1.9504229,-1.6201748,-1.192387,-0.0015080544,0.8278062,-0.20341097,-0.42680693,0.04107955,-0.061715994,-0.547235,0.72585964,-0.48740327,0.6512495,0.6081863,0.022236623,0.6898954,0.9439693,0.1144614,0.9218011,-0.03510014,1.4478401,1.2086133,1.0314269,-1.7741587,-0.7317804,-0.7541652,-1.1809754,0.45438713,0.6022531,0.0678617,-0.8471075,-1.8471113,-1.0620043,-0.66892964,-1.0032755,-1.8323551,-1.547374,-0.23653845,-0.8135879,-0.49800503,0.39118174,-0.17130181,-0.66726357,0.27234882,0.25600743,0.752303,0.5904967,-0.09811158,-0.84309953,-2.04191,-2.186279,-1.3634012,-0.9077297,-0.26798144,-0.8323007,-0.393526,0.08648592,-0.88387865,-0.14770213,0.46161538,-0.81433123,0.67606527,0.035679456,-0.47889152,-1.3009434,0.65781355,1.0839436
-0.35488713,0.058141973,0.6502826,0.8244788,1.6867068,1.5498734,1.9276787,0.8668654,1.2150096,0.9122895,-0.20131338,-1.2547863,0.2514222,1.3493439,1.3387071,-0.4568137,-0.3089043,0.7204089,0.3864979,1.1368709,-0.5055227,0.80128396,0.031544503,0.65420234,-0.974331,0.0008156205,0.5764034,0.58356595,0.6253619,0.6612376,1.491196,0.884127,1.8129659,0.7185573,1.2302576,0.44884306,3.1747105,2.0257413,1.5880072,1.2752439,2.5710733,1.4263775,2.0398996,1.8026482,1.9408306,2.6102755,1.8308913,1.4244056,0.14953284,2.4278677,-0.019918708,0.34805924,-0.22342332,1.6740285,0.9152919,1.1808617,-0.85861665,-0.6546299,-0.16484946,-0.46761528,-1.1655644,0.12690666,0.9499085,-0.07790748,-2.3772984,1.3868273,-0.73152274,-0.4413275,-0.375282,-0.47355476,-0.76559955,-0.28813,-0.3115723,0.92374015,-1.0682579,-1.2021148,0.8773902,0.802669,1.0899234,1.149361,-0.06883138,-0.7017075,-0.6312911,-1.7226565,-0.28364363,0.28577647,0.43487895,0.31907338,-0.15238713,1.3593816,0.1681973,-0.3958276,1.5743277,0.7472302,-0.7082995,-0.04990947,0.043296937,-0.22501506,0.33423164,1.3829052
0.6016211,0.70324004,1.4038929,1.1338348,0.5985722,1.7474128,-0.28101033,1.7254925,1.3331807,0.026996262,-0.78440166,-0.34073,0.3438765,0.48343608,1.0195906,0.15473706,-0.13669613,0.98132247,-0.6566679,0.30862093,0.82350403,0.12769262,1.212171,1.1328198,-0.0486651,-0.0064965496,0.7031885,1.3518108,1.1085271,1.3084325,0.60630375,-0.23833382,-0.12294661,-0.034832608,0.9296317,0.5798518,0.18208078,-1.4291806,-0.67763627,0.47895402,0.72690105,0.8600733,0.13237195,0.34111875,0.2851409,0.4727455,-0.3161484,1.400885,0.8701154,-0.33477175,0.49462694,-0.5891494,-0.9477153,1.5485802,0.12490693,0.13339634,-0.12793723,0.6942839,0.2650224,-0.8689585,-0.7164541,0.18647927,-0.85487115,-0.88880116,-0.5304209,-0.842248,-0.7032085,-1.2124054,-0.7225119,-0.9081428,0.34836113,-0.11687591,0.42196092,1.1192356,-0.8251621,0.68532586,1.1821847,0.38931668,-0.07719074,1.2550111,-0.61203,-1.1117234,-1.2087483,-0.44980553,0.57354105,-0.34623742,-0.6302024,-1.505403,0.24966043,-0.82229036,-0.6012964,1.0847524,-0.24095182,0.86042464,1.6923394,0.060622208,-0.47519723,-1.1541091,0.6161852,-0.2384849
0.7027451,0.83041745,2.3872828,0.876026,-1.7158729,-0.03531098,0.39524466,0.6068239,0.8002611,-1.3570784,-0.54312927,-1.4997088,-0.14765239,0.7222751,0.0067168027,0.067684785,-0.26785415,0.22703534,-0.38536325,0.43835607,0.21276514,0.16890731,0.4306386,-0.42092496,-0.897228,-0.6357411,0.57857764,-0.0052526183,0.91871226,-0.11869139,0.6972121,-0.32381606,0.09500128,1.8414336,1.1914887,1.6309317,0.8971704,0.4042478,0.9908774,1.143203,1.7780635,0.3200524,0.7552717,0.767951,0.43325913,0.4935405,0.92093915,1.1371974,2.0955648,1.2678295,1.08025,0.8900983,-0.15204918,-0.39184678,-0.5895329,1.1896319,-0.03337592,0.090945,-0.52795017,-0.9469721,-0.7372323,-0.34175673,0.02984181,-0.64465344,-1.3214988,-0.23289791,-0.23008952,-1.194722,-0.12292247,0.2625497,-0.21833457,0.6486171,-0.55324185,0.36491776,-0.9788035,-0.71401435,1.0759457,-1.4364768,1.2557684,-0.59807533,-0.40195325,0.5335724,-0.9963714,-0.1640186,-0.66475797,0.15771672,1.1714605,-1.1350083,1.0538167,0.47948524,0.9249488,-0.8461514,-0.5761575,0.8959774,-0.05739294,0.25463027,-0.48628545,-0.016689286,2.0389423,1.5697566
1.6137888,-0.13158156,2.2085388,-0.8700261,-0.6014563,-0.5504395,1.1450362,0.31129098,0.4188064,0.6347549,0.2981472,0.5277341,0.6945585,0.54603875,1.198259,0.18740056,0.019432446,0.89118075,0.35815892,0.84654665,0.10028183,0.7512387,-0.037849594,0.30750713,-0.46646687,-0.42069632,0.518525,-0.015612181,1.2389623,0.038269505,0.7441859,1.1180707,0.16217603,-0.084176324,0.25140414,0.4404966,0.045063093,-0.04606917,0.20793357,0.5210976,0.566917,-0.029960241,-1.0900646,0.697746,0.7957982,-0.268113,-0.34428436,1.2629133,0.691371,0.50613606,0.7301253,0.8929066,-0.049504574,-0.14289913,-0.23374416,0.34136817,-0.040688615,0.23532115,0.90250444,-0.37978372,0.3035776,-0.21792425,-1.0445118,0.4740829,-1.6057676,0.34619758,0.47838005,-0.0837055,0.30369943,0.6810517,0.58285093,-0.6017259,0.20540018,0.6212546,-0.25139505,-0.0905402,-0.7559633,-0.4831748,0.34157875,-0.7726148,-0.46169147,0.24592133,-0.6707105,-0.72576725,0.621273,-1.4148982,0.13551685,0.8387626,0.9033027,-0.7061837,-1.1134211,-0.98777497,0.21553968,-1.7513409,-1.6996179,0.29637563,-1.9167341,1.6248512,0.9899561,0.23636104
0.59029216,-1.3959882,2.116274,0.87920535,-0.2284129,-0.8881958,0.7521344,-0.9099679,-1.9437433,-1.0167538,-2.074676,-0.5876421,-0.4612547,-0.68425846,-1.3636215,0.7000933,1.0033228,0.84756863,-0.58855355,0.7809241,1.1516279,0.15305315,0.3419154,-0.30515546,-0.86128247,0.0087527195,0.89416903,0.9791777,0.24878633,0.48408687,0.4689611,-1.1565851,-0.16034664,0.45514062,-0.7908397,0.52836114,0.45717123,-1.5258532,-0.8678864,-0.6869285,-0.15255478,-0.334971,-1.3525565,0.4135969,0.27336004,-0.55474156,-0.39187124,1.1235622,0.36823168,0.05053528,1.3528042,1.13159,-0.49664333,0.37337297,0.6360917,-0.28606296,-0.17924511,-0.59512746,0.8838857,0.55768603,0.4539956,0.58362174,-0.5132823,-0.55472225,-2.050541,1.621653,0.43449688,-0.4420606,0.18921284,-0.08213647,-0.5969653,-0.036509927,-0.27639514,0.5093329,-0.075979106,-0.17924981,0.4844316,0.45469287,0.3785849,-0.6128625,-0.10250911,0.4297499,-1.0929202,-0.15031697,-0.3895822,0.108870044,-0.46827716,-0.60096616,0.7278825,-0.43925372,-0.7954417,0.2948689,-1.0931944,-1.3549564,-0.91941416,-0.7288864,-1.4165533,-0.31159025,0.11094203,-0.28882927
-2.4522843,0.25572273,0.8197734,-0.7443487,0.2786586,-1.5656499,-0.8918424,-0.90296215,-1.1823488,0.11667368,-0.35167077,1.3797399,0.28794718,0.50562847,0.7640117,-0.725076,0.7748949,-0.67905676,1.1452001,-0.53886604,0.11400247,0.71756303,0.39722311,0.45183146,0.9233302,1.1735549,-0.10532122,0.31498066,-0.16408691,0.42647958,0.6664645,-0.11836341,-0.5355568,-0.8382398,-0.09096205,-1.0668309,0.26671523,-0.41919494,-0.48272592,-0.5203626,-1.2967721,0.38450852,-0.17097172,-0.08587533,0.8450496,0.10569824,-0.46376097,-1.5250553,-2.2130108,-0.29463923,-3.0272534,-0.29919374,0.667109,1.7491264,-0.2725049,-2.0571547,1.1679095,-0.6936637,0.49053147,-0.7685626,0.009923222,0.7951342,-0.77436304,-0.93812644,0.044340815,-0.97946185,-0.75564766,0.10494283,-0.14528748,0.04408467,0.42658442,-0.07439712,-0.33486328,-0.6246423,1.4016688,0.09249437,0.70205814,0.57458246,0.23742422,-0.45688495,0.24257271,-0.7009147,0.04066324,0.78706646,-0.19899338,0.18726335,-0.26177508,-0.19562587,-1.3558521,-0.78540033,-0.57387483,0.21780407,-1.2784888,-0.8702329,-1.47736,-0.89551955,-0.37557495,-0.056496445,-2.0186536,-0.9253346
-0.8143002,1.3607447,-0.6097143,0.08931755,0.4627619,0.23854773,-1.31064,-0.07903716,-1.7819972,-0.25002798,0.29201582,0.39180237,-0.48820257,0.7288102,-0.21600884,-0.28758428,0.48769662,-0.37521547,-0.80449,-0.7282047,0.74801445,-0.20017,-0.5410695,-0.6361011,-1.2451534,-0.87845796,0.5070381,-0.24745466,0.20292853,-0.7982599,0.7253014,-0.4644104,-1.2439193,0.062489614,0.41470036,0.072025135,-0.0557983,-1.5427948,-0.20114803,-2.281437,-0.5137346,0.042195115,-0.89638454,-1.2498986,-0.5103676,-0.9739074,0.21264754,0.113637805,-0.34240893,-0.19903834,0.9136873,-0.63053614,-0.307298,1.2073385,-0.26246727,-1.4268463,-0.88226646,-0.6648466,0.011995599,-0.7903172,0.47446716,0.18992163,1.0225724,-0.84022605,0.09425869,-0.8686947,-1.0596309,0.5791037,-0.2287132,-0.82145184,-0.35376328,-0.97910446,0.95182407,-0.89425915,0.09382252,-0.5535889,-0.60573554,-0.35903332,-0.22472395,-0.48054057,-1.0010185,0.29154626,-0.6966159,-1.5232468,-0.64848685,-0.25967643,-0.18244947,-0.26447383,-0.3912806,-1.1688615,-1.2948363,1.3098254,-0.61439085,-1.1270474,-3.0285342,-1.3847514,-2.0030475,-0.25934827,-0.42772293,-0.078325
0.6962111,1.0059581,-1.1800503,-0.28637207,-0.48931366,-0.3241086,-0.7161493,-1.288485,0.0069818287,-1.039121,-0.91499215,-0.7819708,-1.1141533,-0.95456856,0.26650515,-1.5400947,-1.4926565,-1.8352742,-1.6476601,-1.1982582,-0.20809296,-1.783183,-1.5751774,-2.7186313,-0.9137044,-1.6334404,-2.0246193,-2.3352609,-1.4425291,-0.8826244,-0.58544534,-0.06363237,-0.39952517,-1.3784207,-1.2688593,-0.08110944,0.25340062,-0.93775225,0.0021265908,-2.4997113,0.79662865,-1.402113,-1.109109,-0.47630608,-0.053221967,-0.33979297,0.25682572,-0.59489965,1.7636456,1.4495212,0.7755631,-1.7411083,-0.96142673,0.098115645,0.11618939,0.3735477,-0.96042156,-1.7707318,-0.77255857,-0.7306909,-0.385881,-0.8416623,-0.7563696,-0.29854923,-0.22416525,-0.29037136,-0.7237078,-0.6263844,-0.5764606,-0.8225171,-1.2779567,-0.3385374,-1.1865736,-1.7361412,-1.1621324,-1.173521,-1.4060369,-0.8444685,-0.883505,-0.82420105,-1.0177945,1.5614839,-0.6344215,-1.0887872,-1.4071392,0.49286926,0.77569526,-0.23534971,0.8859857,2.2312734,-0.0576758,1.0953189,-0.38433406,-0.41452238,-1.6930296,-0.16353062,-0.29404286,-0.23074254,2.649684,2.163933
-0.11143564,0.8044861,-0.24570276,-0.25253966,-0.49051797,0.46623743,-0.46900055,-0.19588001,-0.08592612,0.10832432,0.26399422,0.31464174,-0.3471337,-0.34033453,-0.3389332,-0.502204,-0.6829893,-0.8650898,-0.7019684,-1.2223864,-0.08112726,-1.692334,-0.98213184,-1.3913574,-0.4418995,-1.7201225,-1.8118056,-2.573072,-2.697265,-1.9028984,0.019164808,0.031643346,-1.0260298,-1.1661583,-1.1656379,-0.5410411,0.02432971,0.74541116,-0.12608656,-1.4038917,0.1844937,-1.4322989,-0.1615782,-0.7296383,-0.5324713,0.33309758,-0.37031233,-0.5703332,1.536182,1.4974104,0.5091684,-0.5030717,0.010312476,-1.8683051,-0.73367846,0.72733814,-1.093024,-0.3445572,-1.3031055,-0.6094423,0.67277396,0.75740993,-0.66218823,-0.5492513,1.3886585,-1.2901723,-0.42991683,-0.82197285,-0.94809544,-0.031536885,-0.7886158,-1.0970709,-1.6981419,-1.3099941,-1.0716339,-0.9081076,-1.3071754,-0.81303346,0.017598389,1.4147063,-2.3529582,0.20515221,-0.025992762,-0.16594362,-2.2702048,-0.027949551,0.0649349,-1.0740398,-0.25059855,1.4907067,0.58660734,-1.483855,-0.5634375,1.3058966,-0.0034814978,0.87895906,1.7211818,-0.47014907,1.3170029,1.6057557
-0.5457027,-0.041045617,-0.48321328,-1.2958112,-0.40364945,-0.5734797,-0.4444207,-0.3545591,-0.911543,-0.015503574,-1.1530589,-0.49111992,-0.6324842,-1.4559045,-1.9344366,-0.6643077,-0.51988906,-0.46834156,-0.043839972,-0.49739358,-1.3376093,-1.4893135,-1.9193985,-1.1510221,-1.7104278,-1.7745225,-3.047353,-1.4889579,-1.8039789,-1.8851495,-0.15506992,0.16197586,0.3526082,-0.24774086,-2.0439658,-0.32806814,0.75313526,0.3084341,0.013189418,-1.0405852,0.9060876,-1.0785043,-0.09507429,0.38000822,0.10450371,0.6605419,0.79813236,-1.5367337,0.3432667,1.4209069,0.024281641,-0.76350856,-0.8181617,-1.4693921,0.017949287,0.43801612,-0.5235409,-0.93826425,-0.52814686,-0.24197263,0.42486656,-0.22059697,-0.3071838,-1.4115871,-1.0429887,-0.44425076,-1.8728642,-0.24501349,-1.3639601,-1.2961403,-1.2298485,0.6012324,-0.5087311,-0.18001199,-1.0628433,-0.7544521,-1.2138002,-1.3593421,0.109838635,1.2910932,-1.2875926,-0.379346,-0.5247661,-1.7635132,-2.152335,-0.2672487,-0.120612025,-1.299935,-0.19206712,0.8339046,0.098733425,1.8936867,0.35115144,1.0350753,-0.11348464,0.5001069,0.29026523,-0.7955299,0.6061776,1.6730154
-0.29331258,0.20991148,-1.4608932,-0.15914991,0.48779765,-0.06819483,-0.22690025,-0.032832094,0.7110278,-0.71793514,-0.8339438,0.3496756,-0.053446192,1.7310269,-0.35672542,0.71132493,0.36548668,-0.41908404,0.9271153,-1.0431749,-1.0948863,-0.061434466,-0.05069281,0.16968948,0.46255928,0.47918826,-0.48921973,-0.18105894,-0.29855153,0.55687153,0.023548422,-0.84925574,-1.2919557,-0.0132416645,0.80710644,-0.5559699,-0.07233328,-0.6950183,0.26314697,0.5043422,0.67424303,0.6436643,0.7124302,-0.3576844,0.1307694,0.5138924,1.1597862,1.023816,0.5644291,0.25370058,1.4545172,-0.68085164,0.56345725,0.4306008,-0.3388356,0.15305169,0.49037623,-1.1697602,1.9355202,1.3409935,0.20090035,-0.0663151,0.8226919,0.6970377,0.032030426,0.6262867,-1.5115838,0.4478944,0.220051,-0.57858807,-0.6682192,0.77050745,-0.26623866,0.18666136,-0.24866809,0.91489697,-1.1600124,0.28530928,-0.090804785,0.6149117,-0.16658655,0.323721,-0.37684557,-0.37855613,0.3490623,0.31189993,-0.108107656,-0.56602854,-0.58485633,0.31152552,0.10912574,-0.010532388,-0.5455714,-1.087765,1.6314138,-0.2974189,0.773619,0.68916774,-0.16901764,-0.0116931815
0.45557436,-0.7058981,0.38956422,0.2575352,1.1710135,1.2785686,0.35549927,0.42087835,-0.08134931,0.45414078,0.72005486,-0.07094576,0.29356077,0.64994407,0.36956984,-0.45478585,-0.6912625,-0.32380742,0.31265157,-0.6725388,-0.9171978,-1.1236581,-0.5028292,-0.9768086,0.3637374,-0.15272741,-0.07289766,-1.1117456,-0.29829898,-0.44616383,-0.018640367,-0.067563385,0.242011,-1.4486083,-0.35984874,-0.7721206,-0.91088104,0.75040096,0.9119996,-0.17539759,-0.07082635,0.60038275,-0.56661093,0.652282,-0.07296942,0.51893175,-0.47529474,-1.0776457,0.68739855,0.4006809,1.9603419,1.3689175,0.8322335,2.3335152,1.8930211,1.1416152,1.9107676,0.08518785,0.4066363,0.33779663,-0.2742337,0.61513114,-0.94282615,2.9609177,0.3616653,2.5446076,0.35891777,-0.014929563,-0.86942935,-0.8070675,-0.2572471,-0.49535868,0.5736863,0.28229237,-0.3701161,-1.6322259,0.17333516,-0.52056056,0.19262066,0.54075956,-0.038782056,-0.18958817,0.13705263,-1.501148,-0.9281206,0.32157168,-0.5244867,-1.1408436,-0.027737698,0.86949676,1.2063949,0.32313043,1.354368,0.9971834,0.8431801,0.7095171,0.31713712,-0.5907496,0.29558587,0.49082702
1.0060321,0.5532481,-1.5118715,0.74334514,0.6653321,1.0208504,-1.1267315,-1.4122869,-1.7164376,-0.1278315,0.17041625,-0.4407922,0.026498334,-0.47259292,-1.0269057,-0.7990881,-1.6314203,-1.3454856,-0.95821524,-0.71641207,-1.6020339,-0.96068275,-1.3614924,-1.4932742,-0.774759,-1.5428962,-2.9290035,-0.89594895,-0.641536,-1.1919091,-0.89213806,0.5110898,0.13371615,-1.3354176,-0.8685717,-0.6581375,-0.045459326,1.694211,1.0374535,-0.15787031,-0.06315853,-1.7428132,0.21587206,-0.799907,-1.1478679,-0.6970421,0.5966078,-1.1119634,1.2220726,1.6122993,0.52354413,0.96000814,-1.120388,1.1889899,0.8245149,0.4357091,0.28634763,-1.3995327,-0.9992787,-0.00091771083,-0.26806262,0.22868635,0.86678976,0.37097606,-0.46948126,2.105365,-0.70939153,0.009434685,-0.54958874,-0.7251547,0.31181255,-0.6573967,-0.90292376,-0.8303232,-1.0691813,-1.0465324,-1.865224,-1.3560262,-1.2012793,1.362651,-0.7213629,1.27169,-0.08575189,-0.4352752,-2.3567383,0.27436328,-0.0042328523,-2.104055,0.170582,1.6679511,1.1328549,1.9484332,1.160785,0.49205908,1.7287062,-0.95584226,0.063659124,-1.0222162,1.9353218,1.5740047
0.43792826,1.3028162,-1.0556914,-1.0809654,0.16390619,0.34040225,-1.1850739,-1.7289851,0.091854855,-0.43025428,0.9845589,0.10777356,0.0831968,0.116581395,-0.016597254,-1.627848,-0.52438325,-1.27296,0.7249579,-1.1866581,-0.9650063,0.6154347,-0.53355765,-1.2881314,-1.3559932,-0.62137115,-2.0220313,-0.5634598,-1.4598204,0.1274707,-0.86954445,0.19175228,-0.9082856,-0.45951352,0.5034253,-1.6402053,-0.91302985,0.74921346,-0.103331596,-1.4439607,0.29337525,-0.56770366,0.38437864,-1.2908403,-0.39661106,-0.94250876,-0.09729554,-0.809639,1.156082,1.4128246,0.3376912,1.5573087,0.21121459,0.20808631,0.07059884,-0.18054532,-0.42419744,-1.4134355,0.3906987,0.4346454,-0.052193996,0.7402029,1.9661304,-1.0008366,-0.19732603,-0.4573761,0.15152302,0.63050526,-0.35073215,-0.40700015,-0.79842895,0.56741166,-0.33741018,-0.19935974,-0.07250142,-0.9575476,-1.337852,-0.27607876,0.34653148,0.35723242,-0.9409355,0.8121928,0.6205334,0.038807143,-1.2206064,1.3424062,-0.8481452,-1.9268204,-0.27069756,1.5069089,2.125258,0.6903329,0.74911124,-0.18833354,-0.013097128,-1.681854,-0.6430403,0.46392584,0.19352363,1.58009
-0.72132206,2.4402385,-0.9630761,0.07392869,-0.7163133,-1.1973813,-1.6697116,-1.0125552,-0.8577734,-0.6154773,-1.8843032,-1.4431946,-0.6835762,-1.6759197,-1.050278,-0.6827932,-0.7675896,-0.5577579,-0.5261888,-0.35179624,-0.17030475,-0.5777918,-0.7008789,-0.78126514,-0.8560601,-1.6356634,-0.8556385,-0.8908727,-1.3518413,-1.122964,0.50644827,0.7671638,0.20923501,-0.35548645,-0.50374454,-1.0101111,-1.0112642,0.8909679,0.42603645,-1.230184,0.9996386,0.89636856,0.55032283,-1.0148169,-0.60374075,0.6210999,0.6190433,-0.11205319,0.410176,0.6620752,-0.46777996,-1.5803256,0.36401194,-0.5954636,-0.4235791,-1.6704307,-1.3733244,-1.4431946,0.3353043,0.044774164,0.2091786,-0.7867396,-2.442565,0.69311714,-0.08548579,-1.4938055,-1.4312055,-0.9180869,-0.22544587,-0.4731564,-0.84932005,-1.7617482,-0.94343704,-1.5762703,-0.6760548,-1.2477119,-0.10219512,-1.2520257,0.55373275,1.4000155,-1.2610459,-0.013717579,-0.9244635,-0.62708205,-1.0701826,0.37543875,-1.1487209,-1.4139787,-1.5498408,0.501875,1.0977526,0.6785412,1.4372213,-0.37280387,0.8959146,-1.0501084,0.43932787,-1.1305391,-1.1778309,0.8713101
-0.9975344,-0.2564606,-1.774812,-0.40090746,-0.3597312,-0.8040791,-0.8383351,-0.65950274,-0.65319073,-0.9800112,0.034386143,-0.37469462,0.41716015,1.1111714,-2.4929438,-0.90148,-1.0828971,-0.69544834,-0.98947984,-1.0530419,-1.7141813,-1.9326757,-1.6318161,0.21980955,-0.8267121,-0.530721,-2.1193142,-1.5314546,-0.59380096,0.719235,-0.16035563,-0.5932325,-1.1266122,-2.2190602,-2.6544237,-1.4667238,-0.5903635,0.91772187,1.1877153,0.29944453,-0.13876554,-0.50621504,-0.9460595,0.03920141,-1.393946,-0.2370068,-0.7240619,-2.8143888,0.14689915,0.30917636,-1.2170247,-1.1344628,-0.77213275,-1.0669647,-0.74661213,-1.2615274,-0.4746663,-1.1650612,-1.2223078,0.7258225,0.15724503,-0.043452468,0.3864809,0.44636738,-0.025787055,-2.429103,-1.1676942,0.055965874,-0.8383579,-0.93566334,-1.20827,-1.5822456,-1.0775933,-0.51030505,-0.6076312,-0.46111062,-0.5680162,-0.57139933,-0.28994682,1.5223142,-0.7444475,-0.5633725,-1.4870298,-1.7851099,-2.1090305,-0.303201,-1.0786453,-1.6881571,-0.8071227,0.58856124,0.6784149,0.093668036,0.30748236,-0.7010185,1.2370749,-0.66019475,-0.87650096,-1.6898496,0.62241954,0.32891533
0.23625605,0.7869724,0.9759745,0.27291214,0.37144056,1.4636139,-0.016651379,-0.43502027,-0.872966,0.41143286,0.23702408,0.18825646,1.4140615,0.7844697,-0.6957763,-0.9716421,-0.08059592,-0.826033,-0.32488072,-0.24581325,-0.87263703,0.090103105,0.1200084,0.5014732,1.2005372,1.1350297,0.12006307,1.3759815,0.3319613,1.8776705,0.1724271,1.7452471,-1.4473715,-0.53964645,-0.5658771,0.077217534,-0.04534457,-0.80800015,1.0499586,1.594818,-0.94052684,0.908395,-0.36380246,-0.0064064944,-0.20748079,-0.5039386,-0.65340084,-0.8300731,-0.38245815,-0.70463514,-0.32296568,-1.3384869,0.5880993,-1.2474351,1.5707533,0.47763827,1.330997,0.5597575,0.5957279,1.1498113,0.27667916,0.21084434,1.1631433,1.1747559,-0.19071727,-0.468434,0.48555762,0.7633239,1.3126425,0.42114434,-0.2611456,0.8259568,0.018953776,1.9681438,0.6579036,2.0848045,1.4862491,2.0967538,0.28507867,-0.43704152,1.0362777,-0.10398513,1.719885,1.7006793,1.2160937,0.11381282,0.24959818,1.587862,0.18307734,0.3395748,0.31808913,0.13894726,0.21523455,0.5405989,0.8293245,-0.27262348,0.95059395,1.4901577,-0.6896952,-0.35171372
-1.9389759,0.17385976,-2.007635,0.13410059,-1.394247,-0.7947254,-0.8083856,-0.72949624,-0.22622828,-0.9255449,-1.1727664,-0.06328247,0.5194784,-0.341602,-2.0836275,-1.4523281,-0.23704882,-0.88366807,-0.28187475,-0.96332633,-1.1894228,-0.37844878,-0.6769588,-0.72314686,-1.2622409,0.23562786,-1.2831255,-0.98274666,-1.046724,0.35656214,-0.019413609,-2.5669162,-0.89562243,-0.2252692,-0.6182838,0.34790343,0.15459618,-2.749175,0.04663676,-0.5406864,-0.46884498,-2.2403414,-0.14759281,-1.7595513,-0.16046579,-1.0559847,0.21166492,-0.8583354,-0.73849994,-0.11365596,-1.5313455,-1.1349317,-2.1064448,0.36132175,-0.10969367,-0.94235986,-0.81929207,0.40848315,0.6036282,-1.2297134,-0.28125283,1.0659463,0.2658695,-1.1949337,-0.21839543,-0.8310002,-1.1737754,-1.6446518,-0.737848,-0.23694855,-1.8511513,-0.77510554,-1.1190484,-0.13635635,-1.242545,-0.5954081,-2.1159139,0.030428298,0.13431627,-1.5631545,-0.96645224,-0.3290486,-0.7390032,-0.9549653,-0.079237424,-0.32083252,-0.036275063,-1.3366886,0.06291458,-0.14550734,-0.18564528,-0.824593,-0.91413933,-0.92868114,-0.7078845,-1.8707211,-2.0451403,-0.54446965,-0.07491405,0.021128379
-0.0036667616,-1.5495106,0.51844144,0.9645691,0.57961386,-0.2848194,0.32283694,0.17987059,-0.27042916,0.5240051,0.117058,1.227898,0.68820584,0.08148592,-0.24458769,-0.7589335,0.1932364,-0.70948535,0.06285329,-1.16871,-0.04885212,0.005346247,-0.35665914,0.4350292,0.13292648,0.87476575,0.4786024,0.07232454,0.42444694,1.1024405,1.4790306,-0.7258034,0.035379183,-0.4349,-0.25209108,-0.5089273,-0.80175185,-0.46384487,-1.3368063,-0.7437334,-1.3695408,-0.8542851,-1.7085863,-0.8852276,-0.9072131,-1.702554,-1.3562192,-1.0441778,-1.2841339,-1.6246167,0.52073264,2.6322064,-0.82899666,0.62868255,0.71471786,0.7073925,-0.3788529,0.85630804,-0.21547277,-0.08926232,0.9868232,0.93218684,0.75378233,-1.3009138,0.6840625,-0.6387994,-0.33411992,-0.63766986,0.06111446,-0.6976876,-0.55934286,0.4059364,-0.66050166,-0.35342944,0.47533506,1.817649,-0.46516404,0.9163888,1.2554976,-0.77037954,-0.002983284,-0.74112123,0.018367259,1.2600027,0.26309285,-0.02400936,-0.6148786,1.4148046,-0.2606998,-1.114928,-0.95265967,-0.6262867,-1.9342744,0.06796001,-0.92080975,-0.46978393,-1.177921,0.26272717,-0.9663514,-1.4406693
0.35802892,-2.5395539,-0.1746554,-1.2000443,-0.26055115,0.42170516,0.2436107,0.7418315,0.5263981,0.9992752,1.2588582,-0.13727951,0.64899063,0.12612344,0.062500186,0.58940345,0.028729599,0.66363794,0.17888415,-0.12420859,-0.08662302,0.49278852,-0.13832021,0.5011294,0.069402605,0.53005755,-0.8298979,-0.7578995,0.03977424,0.37211725,-0.74899083,-1.7264864,0.22512165,1.6555117,-0.07612599,1.2482257,0.2530041,-0.53962827,1.3375907,0.76646477,-0.23024221,-0.8717456,-0.043981705,-2.563461,-1.0023135,-1.9694569,-0.88432586,-0.16560437,0.51149464,-0.48921582,-0.033017434,-0.9406191,-1.1214869,-1.12379,1.0254085,0.46805215,-0.33210438,0.8156265,0.82260936,-0.72002745,0.10946586,0.401402,-0.028487904,-1.310794,0.41771242,-0.3408453,0.6520924,-0.24023038,2.5034657,1.293893,0.46151242,0.97861046,1.1823075,0.8881006,0.5014876,0.76495063,-0.34522152,0.5341505,1.122836,-1.2448407,1.975293,2.3295276,1.5521932,1.4976404,0.5817056,0.713927,0.93290734,0.32944092,1.7306162,0.1651351,-0.5111248,-0.8787209,-0.96796143,-1.8430086,-0.37161252,-1.9293662,-1.0516894,0.48125285,1.5992924,-0.17825547
0.31844744,1.0292742,0.464545,0.9865131,0.14173827,0.06480536,0.063732944,0.5861613,0.66301686,0.7922269,0.070103996,-1.097196,-0.563448,0.37903827,-0.3486304,-0.2830702,-0.5819196,0.35515317,0.051381197,0.24765892,0.03189568,-0.016035337,0.099438936,0.11508375,-1.2167886,0.12531732,0.42828354,0.2628912,0.6755765,-0.27694017,0.54628867,-0.15274225,0.31778634,0.45202827,0.5903346,0.81551915,0.2991405,-0.25546658,0.33511886,0.13542867,-0.22548014,-0.35970187,-0.22572444,0.032960515,0.515778,-1.7147708,-1.583519,1.3391547,0.1363486,-0.2452345,-0.3043177,-0.24652721,0.67192006,-0.1280449,0.038724657,1.1867843,0.44479465,0.85349745,-0.5724552,-0.38350922,-1.4743972,-0.53838605,0.55073005,-1.9246694,0.022227533,-0.2174158,1.0108314,-0.11136444,1.7051785,1.5847973,0.06971758,0.75763094,1.4770598,-0.17447689,-0.29143235,0.48217383,0.6061946,0.61618525,0.580019,0.72918695,1.5809591,2.7401855,1.659783,1.3952382,1.8423393,0.8960361,2.6279442,0.11549893,1.8670111,0.14595135,1.0709203,0.043854844,0.54715914,-0.5830341,-0.78390235,0.075006284,-1.1183606,2.0413907,1.2358626,0.080921754
0.88498104,0.8519372,-0.8126399,-0.11584352,1.9579449,0.8628924,1.1145159,1.3755472,-0.06667603,-0.09123447,-0.41217166,-0.71035826,-0.949668,-0.7968526,-0.27566108,0.97688323,0.32175952,1.716308,0.6825053,1.5118314,0.8393346,-0.186001,0.7195062,0.13445933,0.5633373,0.103992395,0.69537973,0.31718743,0.8438054,0.44219232,-0.39666373,-0.5250537,0.08778614,0.40139315,-0.86909056,0.7209341,-0.6141644,-1.0861624,-0.792312,-0.44099826,0.5679432,0.24346597,-0.4729032,-0.07048769,0.23274776,0.15437599,-0.16015713,2.5667813,0.62461513,0.15995403,-0.63818556,0.12894793,0.716636,1.988588,0.3632115,0.4247858,1.0832139,1.227376,-1.4163764,0.2645954,-0.43307823,-0.6135463,-0.30192494,0.3360651,1.1566285,-0.5175035,0.89445037,0.7259242,0.76023203,1.9741906,1.0013914,0.44431454,1.7474788,-0.8764532,-0.29741138,0.7094487,1.1623666,-0.056690976,0.8581924,0.13511533,0.1737385,0.34608674,1.10003,0.5941392,1.432027,0.5103346,0.75798976,-0.05421815,1.5599066,0.34374362,1.0999215,-0.03829298,0.24873437,0.08516102,-0.46619126,0.09949921,-0.064203866,1.5121217,1.2062111,0.29416075
0.6787527,0.24836597,-1.1275039,-0.014383907,0.34795573,-0.8846051,-0.44320992,0.124959834,0.2953736,0.53797936,-0.78886074,-0.20574103,-0.99200374,-0.5911548,0.46611226,0.4344449,0.41759607,1.1396742,1.3681263,1.729226,1.1160753,1.5586958,1.0024594,-0.47884893,1.615086,0.17345403,0.71709055,-0.11813777,-0.84544635,-0.78540725,0.2586269,-0.42314819,-0.6632886,-0.75841945,0.41372424,0.03811011,-0.4030295,-0.078025796,-1.699784,-1.409701,-1.4786705,-0.7283383,-0.77651596,0.3745923,-0.02272162,-0.94685197,-0.9215927,0.42199838,-0.6977645,-0.67243165,1.0072479,0.8490002,1.0917706,1.260091,-0.041182432,-0.4102426,1.4712927,0.20730828,-1.8202713,-0.5743176,-0.8947483,-0.8569445,-0.33255863,0.13279985,-0.25708035,-1.3305558,0.037702087,0.109730795,1.0576786,-0.11012554,-0.71570843,-0.33509576,0.8608091,-0.9259787,0.626325,0.063511185,0.97777504,-0.13056901,0.16861455,-0.019311089,0.3686167,-0.62678623,0.37894824,0.27481836,0.8888948,-1.0839264,-0.23642084,-0.4230198,0.34211472,-1.5296267,-1.7331966,-2.3102705,-1.4255997,0.061999988,-1.2000222,-0.046329387,-1.3478785,0.5012149,-0.5146773,-0.9126079
-0.66802615,0.39315915,-1.0058762,-0.66567236,-0.91057146,0.42246783,-0.61976093,-0.20393923,-0.271564,-0.40260273,-0.8562732,-0.5859312,-0.6766809,-1.8573593,-0.7546432,-0.3332039,0.73757225,0.32370558,0.9920118,1.1249601,-1.5365174,-0.48916057,0.3931669,-0.3719648,-0.16503,0.11884822,0.83210754,0.45891547,-0.64498186,-0.7622254,-0.27271968,-1.636588,-1.4600526,-0.5523677,-1.1308978,1.1630781,-0.12744758,-1.8896568,-1.5039654,-1.0646065,-1.08041,-1.0097085,-1.2747419,-0.3420647,-0.6881493,-0.65360695,-0.63551724,-0.22928318,-0.20351607,-0.26125935,-0.43908027,-1.7649045,-1.3242414,-0.37563288,0.09788082,-0.2399324,-0.19128418,0.55177873,-1.9395223,0.82357126,-0.48848674,-0.723976,-1.1240723,1.1367583,-1.3470529,-0.9024201,-0.052919187,-0.24836002,0.017362937,0.1015692,-0.4272849,-0.93414485,-0.5432768,-0.4647052,-0.13535455,-0.47212878,-0.18676989,0.21582252,-0.5469588,-1.1481148,0.35265234,-0.20757277,-0.43125713,-0.4516348,0.54218996,-0.28429925,-0.49842986,0.7192545,0.71201044,-1.0233142,-1.1888577,-1.213287,-0.48951182,-0.69204056,-0.26741928,-0.7549778,-0.7792659,-0.20697044,-0.616746,0.009002626
-0.23447949,-2.3496175,-1.7750164,-0.8189577,0.04140246,-0.48893183,-0.9523245,-0.23542821,-0.5266317,-1.1621839,-1.4848241,-0.54388064,-0.5112495,-2.585263,-1.0985825,-1.3034362,-0.4531943,-1.2005707,-0.026460575,-0.64780855,-1.4493663,-0.648952,-0.89413226,-1.1980768,-0.35076997,-0.6951157,-0.28388798,-0.28202623,-1.3439442,-1.0591253,-0.3521945,-1.4858459,-0.6418428,-0.90229684,-1.1032753,-0.66300994,0.1985189,-0.71656376,-0.8775374,-1.4761785,-0.62912333,-0.32184926,0.21333486,0.15768448,-0.0029582446,0.36463082,0.46291444,-1.4032106,-0.7443315,-0.53705424,-0.093700096,-1.7815796,-0.43640956,0.37462503,-0.8641123,-0.44083574,-1.5367417,0.32595626,-1.6592789,-1.3705928,0.11984928,-0.34844753,-1.5148658,0.035781927,0.45789495,-0.7761657,-1.4422998,-0.21193448,-1.5626568,-1.3081863,-1.0398285,-2.32749,-1.9940424,-0.7052917,-0.10256129,-0.9916601,-1.0057915,-0.9746828,-0.016802974,-1.8319218,-1.2458546,-1.3438436,-1.0483005,-0.11361867,-0.51140344,-0.695711,-0.5839808,0.32925084,-1.4105794,-0.41540807,0.15589923,-1.1234785,-1.0140537,-0.02878831,-0.089317955,0.12825464,0.06304823,-1.1789706,-0.97108793,0.25174576
-1.9961011,-0.6066328,-0.17842838,-0.1772564,-0.6535287,-1.6590614,-3.1440787,-1.1377972,-1.158218,-1.9517589,0.41789606,-0.39507043,-0.035648968,-1.8166802,-0.8992047,-0.6379928,0.57627547,-1.2892137,-0.5045627,-1.7104875,-1.0805305,0.028175905,-1.2690724,-1.9065901,-0.9825611,-0.6894367,-1.1564169,-0.84242713,-2.044139,-1.6410162,0.044858687,-0.60119665,-0.55739903,-0.22857335,-0.74282646,-2.156402,0.39591697,0.7826169,-1.6837113,-2.0627227,-0.75778687,-0.615137,0.19989154,1.0779731,0.17799927,0.5229246,0.926455,-0.70292735,-1.4029968,0.18186294,-1.7850953,-0.2666651,0.12128038,0.13894413,-0.75429946,-0.8724575,-0.5572833,-1.1091728,-0.6003524,-0.08792731,-0.17848328,0.3219595,-0.45283177,-1.4150393,-1.7972676,-0.28634754,-1.6864375,-0.8285182,-0.90500975,-1.4463423,-1.6961265,-0.11377219,-1.5728827,-1.3292668,-0.46578604,-1.5929904,-1.0322789,-1.752705,-0.15942483,0.14503688,-0.95592684,-0.57265985,0.07586232,0.14795035,-0.87821835,-0.2783049,-1.2744938,-0.87837756,-2.038698,-0.26914188,0.75987315,-0.42026445,-0.77811486,-0.5768193,-1.2710811,0.3688982,-0.014199744,-0.4710645,-1.2901005,-0.3214134
-0.47917438,0.660899,-1.1679153,-1.1297925,-0.516235,0.23213106,-1.0656551,-0.45072797,-0.21852212,-0.041446853,0.49213555,-0.105237514,-0.02395815,0.9083022,0.080730885,0.18769497,0.5139925,-0.8359051,-0.6868745,0.1657614,0.93597865,0.45324004,0.35085475,-0.7552974,0.5531678,0.16330321,-0.15826897,0.38827395,0.22959107,-0.2551025,0.18753326,0.5344612,0.22424494,-0.4479765,-0.46767187,-0.57929474,-0.3472989,0.80058855,-0.9452195,-0.9062314,-0.57241064,-0.51564604,-0.26330042,0.50566334,-0.53318435,-0.022919297,-0.2391816,0.47576106,-0.52235365,0.5869955,0.9805987,-0.4123039,0.8941821,-0.74513966,-0.054685924,1.2297894,-1.1503394,0.52053356,0.58895403,0.5041205,-0.25245294,0.93469054,1.0550808,2.1749616,0.20452724,1.9367173,0.5603575,1.3684229,-0.8728178,-1.1901889,-0.18619104,0.14616978,0.8178853,-0.26475355,0.19952776,0.66856575,0.38844597,-0.011550355,-1.1307775,0.2736158,-0.79789835,-1.1072203,-0.53641117,0.069951445,-0.5294723,-1.5616485,-0.3182242,-0.60375947,-0.25337946,-0.8305486,-0.71545804,-0.10608787,-0.13875467,-0.69122314,0.036787316,-0.7919973,-1.4244604,-1.5310111,-0.7756586,0.05880152
-1.0917958,0.46868446,-0.15989059,1.3418167,0.8859789,0.2962767,-1.2855372,0.3556544,-0.5411824,0.01695235,-0.26668435,0.5392328,-0.034648765,-0.36769,-0.18193164,0.32471368,-0.07880499,0.032415118,0.1446059,0.5262565,0.38282737,0.74296594,-0.30925453,0.48184294,0.30348918,-0.2504193,1.7599264,-0.097338274,-0.40635255,0.5517415,-0.6085959,0.50540763,0.5195641,0.386766,0.13098359,1.0114613,1.5844826,-0.13432215,-0.7598088,-1.6323813,-0.85854924,0.8650892,0.22710167,0.8207334,0.12377833,0.36973378,0.10919283,-0.027796784,-2.29081,-0.75260824,-1.4768971,-1.0130078,0.26090285,1.6627722,-0.2690817,-0.62705433,1.1702253,-0.78901744,-2.384996,-0.110419884,-0.29077807,-1.3055806,-1.118054,-0.9410379,-0.23254456,0.3260547,0.05745098,0.25223485,-0.6835453,0.28090027,0.71515656,-0.5585595,0.12060526,-0.5173056,0.8041828,-1.0017285,-0.6942467,1.2056392,-1.5624257,-0.05806611,0.13900663,-0.49659848,-0.13009535,0.11015744,-0.04925894,-0.87244135,-0.5880981,0.7843447,-0.36913562,-0.62956744,-0.91072005,-2.5017397,-0.46772107,-0.9208415,-0.3103307,-0.5695233,-0.28139997,-0.9767506,-1.2380809,-1.0858167
-1.7510439,-0.50201976,-1.5239667,0.463536,-1.1313326,-1.1935574,-0.73127127,-0.4397238,-0.44319257,-2.2107894,-1.535702,-0.27732414,-1.2652929,-0.43054914,-0.57942146,-0.22872652,-0.14747167,0.10261417,0.6198876,0.8614366,0.04681928,-0.43216622,0.44962695,0.058508605,-1.1966131,-0.31908855,0.3788154,0.35633504,0.6967606,-0.27738735,-1.2394099,-0.56925905,0.11402021,-0.13906877,-0.09496743,0.896432,0.26475242,-0.780769,-0.783085,1.0909771,-0.3418724,-0.35465488,-0.38256133,0.00657397,-0.48854044,-0.12052938,-0.7198992,-0.13037564,0.054489072,-0.37882125,-0.95997494,0.68552786,0.6867673,0.10837419,-1.2878243,-2.1225743,0.07734658,-1.6292948,-0.8944593,-0.22506838,-0.94446594,-0.8564201,-0.68745553,-0.26084676,0.02868734,-0.07889674,0.43768686,-0.2798209,0.53817356,0.64624727,1.2528737,0.100793704,0.10815732,-0.1071706,-0.11584096,-0.13779211,0.9099746,-0.08369926,-1.5101388,-1.6046646,0.8206347,-0.72990125,-0.78860664,-0.46516895,0.13230307,-0.01863576,-0.4321686,-0.54802746,0.57047653,0.16592383,-1.0178134,-0.7802388,-0.59954923,0.072109245,0.34599075,-0.037291173,-0.6841425,-1.3415698,-0.2401685,-0.54482394
0.16549863,-0.15697713,1.9231253,0.42986962,-0.60447365,-0.8507898,0.37237766,1.0023326,-1.2071418,-0.44231865,1.2909169,1.4028816,-0.20050406,-0.35665447,1.2617533,0.91189283,0.80467147,1.109942,0.34236985,0.99078035,1.0637754,1.5399852,0.64231545,0.34039426,0.3625198,0.88275063,1.2206864,1.272889,0.647656,0.70488226,-0.9699768,0.10231329,-0.57195526,-0.003119047,1.2647606,0.3906668,-0.30940604,-0.7789603,0.18292515,-0.3234932,-0.70189023,0.74453896,0.6812394,0.033585265,0.42440203,0.10089075,-0.22138348,-0.17096229,-1.0710129,-0.9421687,-0.56506556,-0.48075032,0.9293949,0.10891517,0.19398013,-1.2757849,1.5995575,0.12934071,0.39537406,0.11706003,1.8446907,-0.10060937,-0.5154614,1.4558783,1.5731893,0.18877502,0.7662452,1.0979075,0.30360636,0.83351964,1.1062791,0.8727701,0.26145148,0.16644701,1.4775741,1.0563078,0.4087748,0.48987037,-1.2276043,0.097886615,0.3526563,-0.92117023,1.3671286,0.775379,1.7850057,0.13065507,-0.59585136,0.16921765,-0.34839943,-0.8499809,-0.4743794,0.34029794,0.05374899,0.34847876,1.2853166,0.34443572,0.41989872,0.33033043,-1.1560107,-1.1424993
0.5699444,-0.38822228,1.0594788,0.20706935,-0.69582677,0.18751697,0.76090264,-0.5771027,0.351669,-0.7991972,1.106956,0.26972827,-0.5554452,-0.46271053,-0.5455245,1.024304,0.8006973,1.0052885,0.3878311,0.9330828,0.10270215,-0.09340435,0.18187974,0.77763325,-0.018773487,0.35918286,0.9791214,0.6226543,0.21793273,0.0660598,-1.1317741,-1.9581803,-0.36222842,0.47603607,-0.044464257,1.2463225,0.7750218,-1.191876,-0.49243134,-0.049967952,-0.8806375,-0.39466116,-1.1609496,-0.5331254,-0.92061204,-1.271827,-1.390206,0.4679496,-0.76622665,-0.62770194,0.0135291265,1.0906227,-0.14468352,0.5991678,0.52587557,-0.06075305,-0.9405346,-0.41886914,0.49935955,0.16079392,-0.28498393,0.027194079,-0.4811193,0.092778824,-1.3525926,0.39826477,0.6607252,0.02054831,0.68013316,1.040825,1.3907199,0.8701599,0.8586542,0.7688541,1.4491231,-0.25198334,0.23668167,-0.05887352,-1.4372463,-1.0449423,1.3061891,0.33448374,-0.49241924,0.4151483,0.8883419,-0.24082401,1.4014169,0.30395544,0.6326261,-1.0180452,-1.3881974,-0.45208973,-1.0827478,-1.0261257,-1.0272036,-0.9317783,-0.15946391,0.54909545,0.10706454,-0.77043766
-0.35591596,0.08897751,0.955556,-0.53958225,0.19103214,0.9148152,-0.39507505,-0.20374607,0.35836032,-0.90631783,-0.5551671,0.20755707,-0.47195655,0.10828995,0.26545456,1.0869671,0.6300449,0.3804529,-0.13278578,0.080645986,1.0911881,1.1707858,0.7716369,1.1282604,0.07452141,1.3675761,1.6364564,1.0234219,2.2292256,1.9884856,-1.4972346,-0.94812894,0.09099353,0.028509729,0.3327266,-0.10450431,-0.68117505,0.014808332,-0.9328185,0.9301599,-0.5294407,1.2078702,0.42111266,0.9440122,-0.14497073,0.20361023,-0.40890762,-0.15336207,-0.59129655,-0.37170187,-0.5975326,1.7957606,0.764272,0.8687222,0.6253829,1.7059603,0.6176116,2.123712,-0.50379175,1.1339915,0.58745223,0.75924057,-2.5243366,0.35079247,0.83156806,0.6319991,0.38861823,-0.00439597,0.52409226,0.8029497,0.4712235,0.012424103,1.0846779,-0.6947344,1.0865443,1.2931571,0.14322901,0.89677334,-0.40413162,-1.5077233,1.0150942,-0.5521556,0.41420135,-0.16187455,2.158606,-0.012121201,0.83039653,1.0131881,0.32557687,-0.75482273,-0.4266717,-0.44295576,-0.707574,-0.30100423,-0.77782094,0.03306999,0.5097592,0.30139637,-0.084781006,-0.98479724
0.42524746,-0.33128348,-0.5340518,-1.0976017,0.40480605,-0.2089462,-0.37386203,-0.04748363,0.6264679,0.19923359,-1.3597121,-0.30582938,-1.3105537,0.18625133,0.3380397,-1.0886204,-1.0970957,-1.269272,-0.7209214,-0.7699619,-1.7247658,-0.19437857,-0.40425134,0.37727568,0.21042728,0.12315995,-0.055163924,0.3182318,-0.45142728,0.6313631,-0.88728607,-1.0731965,-0.17845634,-0.7125388,0.351157,-0.43832007,-0.6060641,-0.30871126,-0.63307554,0.03206217,-0.19296362,1.4967948,0.7318978,-0.02100226,-0.012594994,0.5757603,-0.0252535,-0.6962528,0.018891474,-0.491255,-1.2464076,-1.357297,-0.36429146,-0.9562164,-0.57475,0.05763768,0.71718276,0.018072478,-0.94815683,-0.8599127,0.64081705,-0.92370605,-1.7247798,-1.3213488,-0.5294197,0.11851922,-1.0777177,0.5192678,-1.5626041,-0.980779,-0.66747534,0.04587716,-0.3045086,0.6058795,-0.30762738,-0.024380764,-0.13662905,0.4171255,-1.1189868,-1.2502642,-1.188602,-0.58804494,-0.052615665,-1.2380534,-0.6837979,-1.634474,-1.4232066,0.14186999,-0.8029628,-0.8462966,-0.9819322,0.004946746,-1.6083213,0.3141279,0.011739059,0.19423366,0.26843885,-0.56745476,-0.15846924,-0.727159
1.8579177,0.21446596,0.22454563,-0.0044661174,1.9678272,0.5434385,0.2178326,0.14919348,0.72022545,1.2281902,0.51751137,1.2181104,-0.024257232,0.6426097,0.09565046,0.9682041,0.86867714,0.20002855,0.5070883,0.034317464,0.849837,0.6641855,1.5740472,0.99848175,1.4191797,1.3031785,0.70827645,1.8380281,1.2258972,1.824562,-1.4637746,-0.08736529,-0.14306583,-0.3487721,0.5052523,0.59369624,0.43900883,0.90946716,-0.7928339,1.2789452,-0.5391096,0.1865643,-0.6073953,0.38184854,-0.73575354,-0.11264762,-0.5037134,-0.56014585,0.21179833,0.19722635,0.26067427,1.3204689,0.99389666,-1.1088835,1.4500129,2.633601,0.18968706,0.6700383,2.196621,1.4940525,0.78102756,0.8473813,0.9855284,1.717505,0.6037153,1.6456722,0.55438584,0.7895457,0.626704,0.07413256,0.29786175,0.42440617,1.1445409,1.0948762,1.2654858,1.1913227,-0.033298485,2.2992213,-2.053022,0.28762004,1.0847199,0.100532845,0.7172435,0.45009714,1.373513,-0.890735,0.35342255,-0.43845746,0.09482567,-0.56246436,-0.6774577,0.62837934,-0.027981345,-1.335328,0.0008474938,0.27644747,0.17538127,-0.29060513,-0.41659316,-0.5663484
0.5651736,1.3198624,2.8310044,0.49881917,0.7821344,1.3536618,0.025014862,0.3910337,0.58633935,0.16996966,1.2870008,1.6773566,-0.046520747,1.0796891,-0.112740085,1.3557676,1.0996945,1.0824574,-0.14274447,-0.1762743,0.5205121,1.5681348,0.9047089,0.3712766,0.52525,2.001202,1.4821042,1.5122027,0.9311138,2.046248,-1.562754,-0.42659587,-0.46154374,1.1556642,1.5906161,1.5714867,1.040407,-0.87507975,-0.7802133,0.84697163,-0.6887501,-1.4485642,-0.063469164,-1.8198014,-0.92645454,-0.96894544,0.55042714,0.5180506,0.39566815,-0.17863002,-0.49026158,0.6460186,-0.21628715,1.1254879,2.893207,0.8741188,-0.21930017,-0.5793392,0.89131844,1.0326744,1.6592052,0.8136597,-0.45122144,-0.61608726,-0.013780139,-0.46047834,0.4186506,0.05590265,0.85370874,-0.12748826,1.0452299,1.84365,0.91102433,0.7859628,0.6260706,1.6505034,0.1653006,1.8547659,-0.7433701,-1.7022347,-0.24509837,-0.15077195,-0.4731438,0.74062616,0.5300911,0.16813691,0.37519968,1.8605891,-0.089738324,-1.3636795,-0.50523925,-0.70416176,-0.6895644,-0.23574705,0.033492267,-1.5195715,-0.5315666,0.5943757,-0.45687017,-0.1526961
-0.16229022,1.6433061,0.1252354,3.5908263,1.4430845,1.4065328,-0.7377098,1.1540517,0.22191654,0.2489887,0.6832476,0.27079776,1.7373213,1.8204911,1.3242722,-0.056953877,-0.7652012,-0.28622356,-0.64956725,-0.20052265,0.84745395,0.8374339,0.6217816,0.48804256,0.62973166,1.2655654,1.9691856,1.8654628,0.40637526,0.94789475,-0.29295903,1.1480421,1.4340928,0.7700073,1.9363755,0.21157272,2.674119,0.31465685,1.677387,0.68913656,0.6530676,1.829493,1.6611909,1.7291118,1.7978553,2.1914587,1.7101043,1.2544314,-0.19440235,1.286587,-1.2684681,0.2669983,0.194668,2.1499093,1.3545574,1.3395427,0.6065477,-0.382356,0.92859256,0.5137898,-0.9170731,1.211051,-0.42612943,0.7677416,-1.3762319,0.92670864,-0.19534962,-1.5820469,0.26042184,-0.09003966,-0.3235714,0.32884192,-1.5115684,-0.54222673,-0.66564363,-0.3190588,0.57278645,0.31283772,-0.16568322,-0.73120457,1.1394112,1.5432101,1.0255291,1.6562086,0.9386807,2.2287443,1.8570547,2.0585816,0.27622607,0.96544963,0.69588166,0.528397,0.41828772,0.4411336,1.8913358,1.3158126,2.8157415,0.6944939,-0.22314286,1.3173124
-0.52134615,-0.17490005,0.34936115,0.6263518,0.19178355,2.149807,0.38310605,0.4860319,1.0246465,-0.27742797,0.8035328,1.919248,2.332816,0.81570405,0.7496673,-0.3139323,0.22812212,0.24465,-0.08645803,-0.57878625,0.2328589,-0.4687306,0.75095516,0.97666895,-0.31323054,1.4815898,0.14131607,1.5312761,-0.19492406,1.8159001,-0.5571803,-1.9627341,0.12368048,-0.093555115,-0.69290584,0.34680703,1.6451334,-1.570858,-0.04800365,0.923392,-0.13646798,-0.2537199,-0.488066,0.060520265,-0.8583164,-0.8756344,-1.0616685,-0.3509624,-0.09339331,0.11474086,-1.229096,-0.4090749,-1.2488184,0.04144384,0.9784937,0.70085925,-1.487203,-0.5655364,0.76038116,1.3770632,1.439402,2.6069918,0.06342224,0.22031567,0.19191015,0.71047544,-0.2743287,-0.10501473,0.29702145,-0.026261257,0.12757482,-0.2690787,0.43712258,1.1774374,0.23145969,0.076460786,0.90216255,1.5935726,-0.74446136,-1.8940997,0.42595303,0.2279929,-0.77997583,-0.70262253,0.008214595,-0.32255915,-0.039566547,0.40770328,0.43540987,0.19378892,0.066308714,-0.879333,-0.5013755,-0.3418495,-1.0843011,-0.3286975,-0.93865323,-0.027697008,-0.7182336,1.1164291
1.415469,-0.021559456,-0.91742617,0.68206507,0.5502614,1.0927138,1.6717136,1.4934108,0.5796785,1.5180079,1.770091,1.0152562,1.6559168,0.81850046,-0.4303114,0.4772393,0.4358779,0.7254243,0.14681134,0.49088028,0.72339773,1.0184107,1.3286097,0.6504564,2.1544435,1.515198,1.5808005,1.2315189,1.9586253,0.4073262,-1.5912993,0.86806935,1.2401229,0.4097688,2.3181815,0.99075955,0.0048956256,0.9405174,1.0193233,1.8707683,-0.20691404,0.99919593,0.13518159,0.4956576,0.8289931,0.32505056,-0.002821233,0.36076427,0.8247528,-0.24594505,-1.0561912,-0.085640565,0.92855203,2.0152855,0.8037959,1.5972179,1.8643376,1.2267612,1.015863,1.0699217,1.1469135,0.6497794,-0.43894446,-0.010334812,0.76654464,1.241715,0.9659613,-1.1982329,1.154948,1.1509529,2.1594095,0.10758449,1.5352877,1.2265129,0.41465336,0.5920661,1.9531592,0.73029697,-1.3636762,-0.6370903,1.2276456,0.69485635,1.1697295,1.0822955,1.9699064,0.8926555,1.5595782,1.9787335,0.83263576,0.35613936,0.27334937,-0.44746163,1.0432485,0.80018806,-0.29433203,1.0912591,2.4621136,0.68553394,1.1150901,0.77398336
-0.07649724,-0.70736796,-0.5487373,0.7143624,0.87541085,0.65138304,-0.7712692,-0.49113896,0.0076192613,0.13506736,-0.767926,-0.36858726,0.82636315,-0.46884754,-0.2487662,-0.48254362,-1.0327272,-1.4790517,-0.6787936,-0.73129123,-1.5233545,-0.9574887,-0.92003644,-2.2193363,-0.28055066,-0.031098306,-1.5691172,-1.0424132,0.505722,-0.77911717,-1.6643924,-0.70633143,0.5561701,-0.9904912,-1.6391764,0.046195768,1.4048396,1.6178471,1.3660061,0.1529928,-0.112535745,-0.3423047,-0.4138988,0.28702697,-1.029163,0.6032734,-0.0705747,-0.5990827,0.2981935,1.0007709,0.7946182,-1.1961511,-0.39287028,-0.24681021,1.8431658,0.9281614,-0.20889686,-0.08610376,0.19724077,-0.37825835,1.241523,1.4071218,-0.38307422,-0.027509108,0.77157456,1.2385075,0.2015968,-0.022185653,-0.13621144,0.43961602,1.2287599,-0.13690089,0.16706555,0.6699758,0.047758732,0.46915755,-0.049127735,0.024362614,-1.2329941,-1.7234285,-1.1840026,1.876758,0.45202973,-0.10248091,0.0065712193,0.2349744,1.4342507,-0.34325293,0.31685704,1.4407424,0.72411,1.0223819,1.0504808,-0.07443832,-0.50250065,0.8041663,1.3851801,0.50450134,0.04682352,1.477984
2.1197054,-0.02206685,0.88580793,-0.4805108,-0.7567814,0.48563445,-0.5296244,-0.5657691,0.36801228,0.6953786,-0.5544094,0.307259,1.0595962,0.8426794,1.4600973,1.4249938,0.4585994,-0.18788613,0.04166158,0.36433083,1.5444971,0.71539986,-0.28532195,-1.2912229,-0.66624063,-0.13603379,-1.0770816,-1.2080584,-0.5844694,0.9580502,-0.8242655,-1.3172284,1.4637907,0.814709,0.64330864,0.39737356,0.15323134,0.60578763,0.82269186,1.358567,0.643898,-1.3982241,0.7678959,-0.11805501,0.7374318,0.82596743,0.18194184,1.8138375,2.2477827,1.6952335,0.9919644,-1.1504307,0.009046125,0.12944277,-0.45880598,0.096813165,0.7978917,-1.3028716,1.4925971,0.8509752,-0.12672418,0.37428236,0.24215372,0.09269134,0.17551708,2.2179887,1.679224,0.032437596,0.43669468,0.31912094,0.48938215,-0.98911387,0.14986584,0.793351,-0.25057846,-1.6228033,-0.8638495,-1.6401623,-0.1705578,-1.0345796,-2.0491395,0.8978526,-0.004001238,0.22623368,-2.2335236,-1.5763184,-0.9152518,-1.0100864,-0.19858754,1.445398,1.4372867,0.114487275,0.8431895,-0.22519699,-0.47701237,0.9526803,0.23389688,0.8760518,0.695298,0.510477
1.2918885,2.2135265,1.2259531,0.49712905,0.3759757,-0.8907013,-0.122905724,0.67596537,0.35640326,-1.6898191,1.2399716,-0.97867364,-0.14565319,1.893027,0.9196662,1.9763857,0.38881373,0.4643095,1.5829064,0.5086432,0.042063635,1.0290287,-0.4092185,-1.9507145,-0.6690297,-0.2053372,-0.56919825,-0.63048345,-0.23285761,-0.44622114,-0.4394931,-0.12119299,1.37773,1.1870846,0.45519477,0.71612126,2.5187404,1.1576536,0.22586694,-0.9435398,1.6761826,-1.1243204,0.9187156,1.561125,1.3815709,1.8242654,2.1755216,1.7861007,1.135128,2.1367414,0.28413543,1.1230181,1.2091382,1.6709565,0.22265188,-0.55335104,2.539243,0.048902184,0.2801414,0.15507984,-0.47972056,-0.7272527,-0.6583719,0.13819845,1.1138287,1.021124,0.65853673,1.2141111,1.2565657,1.5498711,0.059172995,0.42071864,-0.017036274,-0.27232406,-0.06894746,-0.58844554,-0.6575801,-1.0302237,-0.07051977,-0.49422228,-0.7973855,1.1601945,0.9624778,0.17551406,-0.48415837,0.5797007,1.151368,0.69541246,0.62646204,0.6360277,1.0508109,0.30465823,-0.45490184,1.3581278,-0.64170885,0.49135634,0.9192692,-0.16852696,0.4972652,1.3954401
-0.059957486,-2.4343276,-0.96195734,-0.76191723,-2.6752722,-1.4698794,-0.083999045,-0.36488578,-1.0134548,-0.9953509,0.06788836,-0.6673393,-1.5537922,-0.10525222,0.54679334,1.4476954,0.31092972,1.2734336,1.454529,0.80149955,1.3788002,-0.44707936,1.1043395,-0.65475905,0.024170512,0.45714727,0.9222689,0.57483476,1.796533,1.0521985,-0.7282508,-1.388626,1.5989059,-0.26596498,-0.32810163,0.77790296,-0.081299774,0.32801047,-0.17300273,-0.9641262,-0.28445157,1.1912482,-1.0191581,0.07523608,0.11383924,-0.117079616,0.11135257,0.89365673,-0.488555,-0.38049495,-1.5750785,-1.287492,-0.1878734,-0.7976561,-1.3969048,-0.41490665,-0.7445106,-1.7483509,-1.4264547,-0.12739803,0.32365158,-1.5406798,-1.7625624,-0.55990165,-0.076115854,-1.1302726,-0.14369068,1.0477952,0.27274597,0.6003991,1.1412245,-1.1987425,0.32441974,-2.8395,0.18066637,0.07045662,0.096917816,-0.6435064,-1.0173388,-0.15642875,-1.3697473,-0.7513225,-0.6037613,-1.0692482,0.02727934,-1.1149335,-0.8963502,-1.641409,-0.43000802,-1.3592331,-1.6295795,-0.65784055,-0.27999765,-0.5819672,-2.319887,-0.6648703,-0.6761187,-0.13305482,-0.032570418,-1.1405736
0.5763544,1.1476855,-1.2005262,-0.17213875,-0.6106475,-0.4495425,0.78952724,1.4587419,0.84336835,0.101416305,-0.2848363,0.5092917,-0.6043148,0.61170864,0.69255435,0.5396918,1.7199576,1.8773866,1.8905048,1.856018,2.0266268,0.69997185,2.333787,0.9644741,0.8918962,1.3412663,2.505621,1.7643162,1.3315493,0.42158177,-1.3509032,0.090965174,-0.49489474,0.083938524,0.70158094,2.0012772,-0.26104656,-0.86674696,0.0062596425,-0.6923644,-0.43775207,0.92600393,-0.6024595,0.053364117,0.94585574,0.09089192,-0.142072,1.518825,0.61649364,-0.46190867,-1.2803959,0.04266507,0.23416692,-0.1814889,-0.51263636,-0.4696321,1.6324574,-1.9543277,-0.15640485,2.58649,0.5534748,-0.99557793,-0.9333512,-0.31758383,1.2722704,-1.1302238,1.5444627,1.8302863,1.2117833,2.2178154,2.001561,0.4075376,1.6149747,-1.3989013,0.6679484,1.3293948,1.7062045,0.62466186,-1.2402452,-1.0597917,0.05608927,-0.25827214,0.45143917,-0.39721692,2.2702248,-0.55002975,0.8323083,1.2555752,1.1581239,-1.0674316,-2.1796532,-0.60007495,-1.4713321,0.6886468,-0.049317088,-0.15131302,-0.5660938,0.3772849,0.78823465,-0.08926469
-1.5464382,-0.014773868,-1.6409134,0.025774019,0.6370147,0.42422688,0.30672702,1.7870206,1.4008634,-1.3557677,-0.45977026,-0.38829744,-0.16815305,-0.3358364,-1.2812005,1.1589869,0.85243994,1.4539739,1.5695378,2.1705804,1.362512,0.45279342,1.2632747,0.13427852,1.1366884,0.0030284573,1.0559924,0.74283105,0.9051877,-0.032402396,-0.9047487,-0.7330883,-0.2786593,0.12663864,0.8455347,1.0655324,-0.19835831,0.30986884,0.38534436,-0.45190486,-0.5101299,1.3702154,-0.6230683,-0.018742366,-0.76318365,-0.007493809,-0.040792655,1.0635941,-0.25693765,-0.4616096,0.7628494,-1.2662728,2.1226525,-0.73764837,-0.73143923,0.45382357,0.20409265,0.2601233,-0.94649905,-0.1557689,-0.60458636,-1.0398183,-1.1788595,-0.054780964,0.60353494,-1.2517853,1.2558236,1.1513494,0.7371723,1.6685505,2.0552206,-0.61711687,0.52020305,-0.7701536,0.8140611,-0.5075003,0.74672025,0.080970205,-1.0856894,-0.48645526,-0.14538997,0.20597659,0.042248193,0.52690226,0.85964495,-1.342627,0.14594366,-0.32586363,1.169123,-0.028830212,0.078030795,-0.053539127,-1.1584476,-0.06766627,-0.108185075,-1.1221594,0.4589465,-0.83852804,-0.0030284324,-0.25258067
1.1745284,1.2203325,-0.573986,0.7105512,1.2046304,-0.5845955,0.2811679,0.0058386987,1.1622986,-0.49742746,0.91837054,-0.7933059,-0.266413,-0.3515134,-0.38024673,0.20982085,-1.2393377,-0.67839986,-0.53169173,0.09985435,-0.32068133,-0.84090173,-0.021753712,-0.7368875,-0.13287689,1.2365795,1.5010942,1.2550471,-0.44163835,-0.101184815,-3.046687,-1.1426084,-0.5061531,-1.187055,-0.39107686,-1.2923771,0.9564128,1.387365,0.6331673,-0.18336354,0.5809682,0.026639609,-0.3076591,1.6744212,-0.8314673,1.1514848,-0.40086392,1.0444106,1.3950089,1.3353795,-0.6987177,-0.6311673,0.52005327,1.0913135,-0.42863563,0.9048341,-0.08422348,-1.1615964,0.0057636895,2.5476413,0.49996167,-0.041270074,-1.5834372,0.014429229,-1.3218316,0.5325267,-0.6874015,-1.3886513,-1.793026,-1.0050926,0.21218047,-0.71013993,-1.0518707,-0.22281197,-0.5335802,-0.20503928,-2.4659545,-0.6315419,-2.935411,-1.6801128,-1.0711923,-0.8512719,-0.9805469,-0.12217578,1.0011659,-0.5070176,0.8877708,1.064442,-0.74424654,1.6597666,-0.07264438,-0.5417815,-0.41716895,-0.3523413,1.8161333,1.448405,2.5402474,-0.20040217,0.25656644,1.6312
-0.5530508,-1.149018,0.13978942,-1.3459405,-0.5485215,-0.30812362,-0.102005616,0.4550584,0.11031055,-0.29911956,1.1767128,0.34827724,0.48675922,0.55626744,-0.34878027,0.6684235,0.05030618,0.55600387,0.024059964,0.6810592,-0.03320496,0.058363426,0.5648737,-0.505021,-0.33468425,0.20203385,-0.12152976,-0.7226936,0.27863148,-0.31068036,-1.154496,0.6618986,-0.009568737,-0.22273126,0.737586,0.23859288,0.4334969,0.91437924,0.34476936,-0.44014394,-0.09198525,-1.2475893,0.60993695,0.3848927,-0.60845774,0.2625889,1.1329111,-0.039150193,0.706293,0.6140498,-0.08517288,-0.3089592,0.23850873,-0.67433536,-0.75468326,0.562817,0.0542405,-0.9857131,0.45155504,0.9413056,0.20409492,-0.21084873,-0.353072,1.3224292,-0.09722452,0.024639213,0.8633904,0.41140214,0.606446,0.83509785,0.8685349,-0.18180884,0.4738264,-0.929687,0.45860255,-1.8297242,0.62601924,-1.0295926,-1.2805684,-1.005839,-0.21569197,0.4401275,0.22052053,-0.16273697,-1.0880017,0.032445814,-0.3470844,0.15305842,0.44467312,0.40849653,0.6502062,-0.4831205,0.043907244,-0.5293508,-0.17573634,-0.060005907,0.27380994,-0.017394913,0.53260106,1.1707768
0.6666656,-0.21317114,-0.18308038,-0.8004124,-0.43832123,0.04648341,-0.5571678,-0.3414432,0.87896305,-0.6065932,1.9770178,0.21482615,-0.032579042,0.7621568,0.853623,0.40027338,-0.41636762,0.40006512,0.7703886,0.80703175,0.87306863,-0.4383347,1.0150084,-0.02927527,0.375408,1.0609891,0.58322924,0.25996858,0.14219134,0.36821315,-0.83642834,-0.9356011,-0.50956494,-1.1256609,-0.33285558,0.093228765,-1.3707612,-0.85236853,-0.4515685,-1.3845555,-0.94088656,-0.14890243,0.034138534,0.6133683,0.26895022,-0.035429005,-0.21299236,0.92748976,0.347972,-0.7117627,-0.4569975,-0.8715286,-0.67822725,-0.098073214,-1.0440749,0.10845002,-0.119828194,1.0576062,0.21500416,1.6261857,0.091819145,0.33870637,0.46198982,1.3408521,1.183771,1.1071162,-0.43162462,0.77217275,-0.23018132,0.16162363,0.27465522,-0.66321826,1.4391534,-1.0487219,0.37275758,1.0997527,0.79421836,0.9134108,-0.34018698,-0.81088233,-1.4657184,-0.78915733,-0.56513065,-0.5314659,0.5748699,-1.6732144,-0.92764866,0.5245432,0.16603296,-1.4170393,-0.60107416,-2.0103304,-0.60990953,-0.15879181,-0.015253441,-0.58092946,-0.12954342,-0.52470714,-0.4018634,-0.8502118
0.0025817798,-1.1850886,1.6346414,0.36802024,-0.5703493,1.1314557,0.84075993,1.1293063,1.9600168,-0.57813203,0.029200919,0.22971143,-0.72860324,-1.2433057,-0.83904105,0.08632155,0.5369072,-0.10173233,0.003867179,-0.09899151,-0.3489545,0.40479046,0.6643148,0.7483053,0.7125363,1.7999014,0.9488773,1.9595107,0.80423313,0.7584636,-1.7340238,-1.0274028,0.7738947,-0.16641974,1.1811897,-0.24801901,-1.2274419,-0.05215743,-0.23991278,-0.67290807,-0.34866273,0.5001539,1.1489044,0.39530525,-1.0598834,0.16481195,0.07997713,-0.24052279,-0.72876674,-0.735203,-0.58474153,-1.6077757,-1.2479005,-0.1420303,0.6619708,0.87412065,-0.70838547,1.9543501,-1.0199279,0.6621003,-0.27947003,-0.3415258,-0.055990282,-0.4555822,-0.2632356,-1.455437,-0.15035747,0.22277837,-0.5619945,-0.7763308,-0.2943185,0.17315134,1.1502603,-0.27799037,0.7818309,1.0121803,0.3611216,1.0174236,-1.4222995,-0.3531667,-0.076341994,-1.3624601,-0.8770149,0.39201194,2.0092402,-1.1475782,-0.26001185,0.85317564,-0.585372,-1.4650939,-1.4015883,-1.9969589,-0.3490774,-1.0709947,2.0626943,-0.7099942,-0.7312288,-0.5132757,-0.28149128,-1.3966789
0.19800977,1.031035,0.30135232,-1.9514025,-0.76353306,1.0439421,0.19602086,0.862371,2.6944232,-0.42198792,-1.0841154,0.34460235,0.41512886,0.750735,0.8506435,-0.16209207,-0.10599163,0.03224657,-0.0006049693,0.5001726,-0.38758624,0.6019062,0.09197597,0.5058796,-0.26738733,0.95961833,0.6587215,1.3464822,-0.21830484,0.519388,-1.9898212,-0.021327347,0.71815616,1.3953632,0.7939707,1.0109955,0.024729373,-0.49621898,0.6014004,0.9109136,0.0707878,0.25169137,0.14892864,-0.34469655,-0.7579382,0.1465628,-0.2695257,-0.18604279,-0.19408257,-0.8085572,-0.6117348,-0.38216949,-0.5597254,-0.09607625,-0.41865847,0.5286332,-0.13258137,1.7433809,-0.43899304,1.0113356,0.46739328,-0.64130735,-1.6237967,0.58103263,1.4640613,1.9026607,-0.4748942,0.4750872,1.1583769,0.5630002,0.32604003,1.0146173,1.3444605,0.64656353,0.20619671,0.83258253,0.81808746,0.2284418,-2.104777,-1.2934211,0.4940435,-0.039343007,-0.30026725,0.29030976,1.2302574,0.5776699,-0.05737529,-0.118779644,0.71635723,-0.92048347,-1.2698927,0.7365839,0.48228687,-1.8357419,0.18258315,-1.0304649,-0.8135573,0.21941268,0.960385,-0.85572195
-0.39454684,0.06867855,0.7871627,-1.5728236,-1.596898,0.25864038,0.14607987,1.8536216,2.1205912,-0.22566184,1.303721,0.6554722,-0.5918581,0.028038437,-0.26191434,1.0560807,0.64673996,0.5933292,1.0237666,0.3279074,0.46151483,0.0017610362,0.7718434,0.66359013,0.59643984,0.77836215,0.6376149,0.53435665,0.81750184,-0.7387051,-1.3856416,-0.60292214,-1.4117439,0.99023086,0.35064253,0.5815713,0.5439777,-0.9486825,-0.5740736,0.87059903,-0.42239058,0.7815718,-1.0733701,-0.63578117,-1.3616638,-1.4429021,-0.59678113,0.11888704,-0.7752051,-0.12989931,-0.69187814,0.2868137,-0.10831941,-0.03731867,-0.3792783,1.9517856,0.18975464,1.7917073,0.12427102,1.7114357,1.5803348,-1.2741185,0.6550955,2.035176,0.7496456,-0.21671382,0.9252608,1.456038,0.75700647,0.4565694,0.5896249,1.480317,0.911837,1.4949738,0.72332066,1.4844054,1.8222321,1.5966554,-1.445747,-0.3720581,-0.026932333,-0.03592697,-1.3575429,0.6744968,1.1072704,-0.52741736,0.24829875,0.29711512,1.2011623,-1.0433888,-0.7336171,-0.64920837,-0.31874055,-0.62776744,-0.42151943,-0.6598973,-0.96226805,-0.69363815,-0.57012,-0.31737593
0.3692986,-1.1363969,-0.89272,-1.0208303,-1.2434467,-1.0078102,-0.22856271,0.9039453,0.040801425,1.0923599,-0.2740492,-0.23023035,0.49912137,-0.764577,-0.1931847,0.39893746,0.20498213,-0.0005653786,-0.76361704,-0.7457075,1.1554909,0.23312986,0.50201803,-0.42982516,0.35822198,-0.36763084,-0.46126485,-0.42314723,0.94704896,0.07565413,-0.35160348,0.23106883,-0.55029213,-0.70767075,-0.45125428,-1.3402373,-1.0522119,-0.4450746,-0.98807514,0.75349844,-1.354119,-1.632678,-1.3950768,-0.25850424,-1.8714575,-0.9465924,-1.7486677,0.15844037,-0.9454328,-1.2631323,-0.95480627,-0.46886936,0.009950104,-0.52049005,-0.36154965,0.4448877,0.15379113,1.3429422,-0.19175999,-0.7429188,-0.5599704,-0.75342876,0.3558387,0.1178575,-0.6779145,0.25391668,0.5219389,0.213479,0.7573166,1.2072343,0.4763374,0.74113977,-0.046011213,0.024948882,0.48308012,-0.60602295,0.14803305,-0.43122524,-0.5314516,-1.1725769,1.3661952,0.38124532,0.6839505,1.2043562,0.8182565,0.14892487,0.3364451,0.180043,-0.23170806,-0.9132469,0.2028856,-1.2364758,-1.0301294,0.48343253,0.81466705,0.35226703,0.49720496,-0.7981517,-1.2039979,-1.2946972
0.45952505,-0.20895696,-1.02132,-1.0994124,-0.26361334,-0.41230756,-0.043712858,-0.33144134,0.72582424,-0.53143156,0.52878916,1.0451766,0.6245739,-2.6863394,-0.81261426,1.171132,1.0405629,0.4394721,-0.4329132,-0.38122696,0.4569495,0.2948072,-0.3553871,0.2524476,1.1480696,-0.29095957,-2.303173,-1.978532,-0.68847835,-2.1375995,-1.4076508,-1.2340698,-0.23812327,-0.012513453,-1.1207805,0.54300666,-0.9932144,0.49224082,-1.4841037,-0.12946175,-0.61031634,-1.1988952,-1.4845933,-1.5617847,-2.2681146,-0.801509,-1.252717,-0.3430011,-0.40780756,-0.030137887,1.7775382,0.27143064,-0.0757145,-1.9326724,-2.5982032,-1.5386071,0.8292692,0.42656392,0.38234282,1.6277603,0.78079885,0.5955214,-0.97630435,0.7937122,1.295447,-0.21719243,0.83753264,1.1506592,0.9731568,0.54867667,-0.33480218,0.21792006,-0.6393531,-0.13834295,0.9229557,0.72276247,-0.5344732,-1.3038472,-1.1372539,0.15975547,-0.59013224,0.3502549,0.52563864,0.7465369,-0.37958053,-1.1412314,1.8417342,-0.30614352,0.07906161,-0.5656955,0.3871602,0.16146584,-1.0453677,0.899515,-1.0614815,-0.3306982,-0.3145111,0.93425596,-0.5181061,0.11808968
1.4889226,-0.21402422,-0.009141482,-0.88597137,0.46172923,-0.43551832,0.5781737,0.18121539,0.6443104,1.456945,0.82536256,0.7381677,0.36197737,1.2009916,1.7923301,2.1883347,1.5559683,1.3301188,1.880402,0.8557226,0.4050389,0.5366858,0.07795834,0.72958434,1.1213908,1.0176874,-0.28159648,0.10118511,-0.09286732,-0.79062223,-1.1392931,-1.2149576,0.23931968,0.3107436,-0.26586863,0.9947898,-0.5777533,1.2131077,-0.13441518,0.20037144,-0.56927633,-0.94517386,-1.1094456,-0.73241043,-0.91152245,-0.7700739,-0.3105807,0.6879441,0.1871204,-0.37693635,0.30953404,1.8385127,2.108226,-1.438689,-1.1563303,0.57893926,1.5143602,1.0025234,0.519384,2.209583,1.3912523,-0.10674456,0.40338072,0.2191944,0.09409229,-0.8663702,1.2615615,2.3503385,1.8377992,1.603584,1.3188956,0.38663533,1.6563534,-0.38672686,1.7161007,0.5872959,1.5757297,0.58372426,-1.5288149,0.8455612,-0.010768848,0.49055478,0.17577597,1.7751889,0.82856894,0.05708048,0.66433847,-0.18810256,0.5720453,-0.7181683,-0.5350423,1.7077087,-1.2793623,-1.4026784,-0.33285847,-0.6118233,-0.14569594,-0.39492995,0.017747756,-0.29402038
0.15460083,-0.8613542,-0.4522633,-0.7077593,-1.9716902,0.5129119,0.11633797,-0.85060865,2.401433,-0.69906443,-0.3980286,-0.8774017,0.9493132,-1.0785289,0.42943266,1.1558157,0.9044639,1.1396961,2.2970748,0.9861215,0.9285057,-0.6235298,1.9230613,0.82181096,0.093323216,0.111253776,0.19563772,1.0371807,0.5791111,0.12083994,-3.2486074,-0.47305822,-0.76887685,0.26038235,-1.0084286,1.3009734,0.17473008,0.4951534,0.07641249,0.59767413,0.2138463,1.0081786,-0.8279402,-0.06874012,-1.1036241,-0.3043703,-0.24874151,1.2519503,1.6260456,0.34931538,-0.6009507,-1.6459485,-0.8610977,-0.83930606,-0.8980143,1.0345101,1.7493181,-0.56307036,-1.7603586,0.98969,0.6847909,1.0708746,-0.033202603,-0.7642133,0.8348043,-0.19788398,0.61409384,1.2598406,1.3100163,0.7653028,0.70404166,0.13995509,1.1056787,-0.47535822,0.6960287,0.3238815,-0.028827537,0.1789045,-2.1395493,-0.14779565,-0.36757103,-0.2977194,-1.1321276,-0.03278618,0.137484,-0.9316583,-0.24440692,0.74156654,0.81343865,-0.047400147,-1.1315386,-0.21279898,0.008063846,-0.6564228,-1.1801218,-0.99487966,0.24783824,0.38510564,1.9796621,0.65964377
1.5003003,0.76897246,-0.48310664,0.6898997,-1.0580399,0.2906879,0.95045906,0.76811206,0.1127883,-0.31003487,1.5585873,-0.6391773,-0.09608226,-0.09161169,-0.060344838,0.50064474,0.42136735,2.3946242,1.1824548,2.0570033,1.6025032,0.71319777,1.389999,0.5983822,0.5614757,0.8393125,1.7678101,0.8588591,0.9971211,1.8025129,-1.6126642,-1.1156199,-0.61279416,1.1229571,0.9752773,1.7117397,0.5935791,0.17202534,-0.7466226,-0.5979271,0.90652645,0.5392845,0.18206206,0.17967325,0.7504256,-0.58542514,0.010803319,1.2037811,1.1518582,0.41898093,-1.0382191,0.6526616,0.18736534,-0.040773865,-0.6300807,0.2658251,0.9069044,0.17374852,-0.32542762,0.6451697,-0.64894795,0.10366325,-0.6143461,-0.64289486,0.015002031,0.10026346,1.3312323,0.12834983,1.0319768,1.660074,1.5847338,-0.6915094,0.6924354,-1.3268965,0.21869911,0.92578566,0.36893225,-0.5130898,-1.6980121,-0.0053137317,0.57406694,0.22504169,-0.16082753,1.636322,1.908976,-0.06244649,0.44743505,1.0604523,0.8739465,-0.35538286,0.019435683,0.36722374,-1.201719,0.1884367,-1.2012964,-0.6992061,0.089844644,0.8847962,1.2991023,0.24344237
-0.17559563,0.77993256,-0.5637993,-0.5524721,0.096134886,0.8459667,-0.060601816,0.43625897,1.4812529,1.2415028,0.46818593,0.6353414,0.910972,-0.31337774,1.2155757,0.8872856,0.049431905,1.2051085,0.69294494,2.5779257,2.312,0.5183549,1.7500468,-0.07218873,0.96788806,1.068026,0.8949499,1.1357368,0.7490611,0.82151663,-0.5056569,-1.5107932,-0.37907654,0.41483343,1.0257287,1.06694,0.3964657,-0.780051,-0.8111057,-0.4152819,-0.020000318,-0.32291445,-0.26494026,0.45102918,0.48738277,-0.064933345,0.62733555,1.2854922,0.70232946,0.600114,-0.98090786,-0.17732209,-0.23362288,-1.3818455,-0.51279426,0.21813005,0.17686374,1.0039581,-0.63140804,0.071800776,-0.46032253,0.46606013,-0.8531109,0.723783,1.0282208,0.20174617,-0.16508073,0.9039834,0.4770321,0.2232323,0.85018,-1.444479,0.5878194,-0.6105613,0.57424843,0.37988332,0.80996865,1.410462,-0.04686075,-1.3992169,-1.1788511,-0.53373325,-0.41651198,0.09494998,0.789655,-1.4963388,0.13027671,-0.9533139,0.7057766,-1.1561029,-1.0288688,-1.0413901,-0.76642346,-0.8549747,-0.54711413,-0.25728282,0.040900778,0.60590637,-0.052686725,-0.08145705
0.88243693,-0.93941975,-1.1788616,1.2463642,0.52087057,0.56674665,1.1791062,1.3332462,2.3829918,0.5210425,2.2689176,1.7388397,1.0605471,-0.8639198,-0.9972792,0.7992817,1.2145197,1.487593,0.59091157,0.5899552,0.17937334,1.0037442,1.0193568,1.1278844,1.4451554,1.5048927,-0.2880576,-1.008902,0.962925,-0.0502717,-1.4066523,-1.8905077,-0.41022706,0.6119343,0.09764635,0.9210488,-0.23759314,-1.3950357,-0.9910334,1.2992278,-0.9357168,-0.5813472,-0.5705811,-1.9432516,-1.9619868,-1.0436478,-0.21771052,-0.3433063,-0.17536138,-0.9047851,-0.3583756,-1.2758108,-0.7915669,-0.4830411,1.0519797,0.57139665,0.08068088,0.56479937,0.60303134,1.1509289,0.75069326,1.1831167,-0.7770182,-0.7156356,0.49935335,0.16186711,1.1230938,0.8687302,0.9657211,0.7834223,1.1784226,1.3404627,1.2296882,0.898261,1.0854716,1.0315583,0.27158698,0.45343402,0.4366569,-1.6209986,-0.4228607,0.19947368,-0.42001122,0.6449379,0.018668255,-1.2016164,-0.5666798,-0.45869008,1.0309879,-0.5182995,-1.6428257,0.26644328,-0.9700527,-1.7057303,-0.198133,-1.4877452,-0.78376514,0.3953986,0.932827,-0.72203785
1.9245689,1.3616593,1.1654974,1.1335385,-0.15117519,0.017914815,1.578597,0.05824731,1.469076,1.645033,2.5951638,2.0359983,1.2292157,1.2466916,1.1673003,2.0941978,1.5196991,0.50251466,-0.2244166,-0.068410024,0.09116042,2.267226,0.8748444,1.0817661,2.7587357,2.0743935,-0.26461288,1.7374057,0.39388543,0.118909836,-1.168752,0.8560539,-0.5620238,0.7960048,1.2934829,-0.124694794,-0.051320318,-0.6782874,-0.4847741,1.3345904,-0.010313165,0.5711687,0.28897583,-0.4911942,-0.6443675,-0.29705465,-0.6075393,0.012497839,-0.30679938,-0.5271232,2.3834748,1.016128,0.71332014,-0.40213147,0.94399303,0.66488236,-0.7846777,1.1442766,1.8271661,1.6866893,1.5219973,1.2668524,1.5227311,-0.4445847,1.3450761,0.2579852,0.4750305,0.11476066,1.0970263,0.85246456,1.0970963,2.2957537,1.3415525,0.3465456,1.6951599,1.7706212,1.1550596,0.30074674,-1.0681715,-1.2754323,0.3674423,-0.5757122,1.5782889,2.3701217,0.3622123,0.08306588,0.2766647,0.13115692,-0.18023433,-0.46157986,0.19732484,0.40526208,-1.1300414,0.7822721,-0.9757496,-0.8162808,0.69730926,1.6449318,-0.5241112,-0.8970594
0.17626148,0.6788826,-1.7016093,0.23123337,1.2151606,0.3516261,0.10888083,0.41772214,0.056710657,0.5122001,-0.19395031,0.52643865,0.80578697,1.459177,0.59937686,1.3916932,0.98264647,0.37980157,1.0052917,0.1044879,-1.494285,2.1157017,-0.0613529,-0.06218003,0.17252254,0.53815806,-1.4314777,-0.20490976,-0.35820198,-0.58082294,-0.022109948,-0.44422117,-0.20816652,1.590008,1.2767316,0.6213446,-0.4370889,-1.0199875,-0.97982955,-0.33293158,-0.01972274,-0.08467386,0.26744816,-1.0843028,-0.14405379,-0.8540495,-0.19341648,0.05339599,0.37025657,0.31904456,0.9154028,-0.036534373,-0.4057536,0.80874485,0.78927433,1.0588735,0.39260146,2.0611384,1.9105614,-0.49392584,-1.4779142,1.417403,0.92336977,1.6740782,-0.16761772,0.8245732,0.42996925,0.42807364,1.1611941,0.5682684,-0.60778034,1.2247199,0.25006974,0.11281729,0.11483075,0.589755,0.12881696,0.4956195,0.5294224,0.05160647,0.18291208,1.2763444,1.7250327,1.7996763,-0.5068916,1.005539,0.5066761,-1.1747115,1.0047748,0.87276363,0.8607981,0.9149771,-0.5262809,0.30669227,-0.27109867,0.5368719,-0.14919701,1.520582,0.57120156,0.2714519
-0.93338335,0.16031545,-0.52619725,-1.1467443,-0.5028392,-0.8314769,-1.5174768,-1.5034372,0.38210258,-0.86248887,-1.9325771,-1.6056031,-1.5524586,-0.49873614,0.38386637,0.2248237,0.578618,-0.98081636,-0.8050207,-1.1313618,-2.1382325,0.38383713,-1.9244231,-1.3374546,-1.4299973,-1.5646029,-2.335003,-2.745144,-1.915893,-2.6544342,-0.61731994,-0.087663054,-0.08580036,1.838568,1.0458084,0.3054182,0.3370677,-0.9216125,0.061329708,-0.29357764,0.93599683,-1.5572697,1.069269,-1.3506653,-0.20678438,-0.66485816,0.5406027,0.036337163,1.1219829,1.523314,0.09890722,-0.16497202,-0.81137526,-1.1588908,-0.9450426,-0.872782,-1.1600518,-1.8982563,-0.5045966,-0.3252791,-1.106189,-1.8803507,-0.67315197,-1.1570113,-0.631645,-0.7150131,-0.9318485,-0.5817328,0.22126625,-0.16963051,-2.2004385,-0.32564196,-0.9981853,-0.830366,-0.7345287,-1.4302943,-3.0432272,-2.090711,0.34149057,-0.49353877,-0.6045298,1.8224509,0.78169227,1.6315272,-1.6794262,2.0705826,0.6647938,-1.7550416,-0.33299088,0.34677848,2.1664655,1.610068,-0.6669158,0.16514295,-0.87907445,-0.8537633,-0.0491797,-0.12119862,0.59476525,1.6088544
-0.8534572,0.95146024,-0.7831179,-0.02135958,-0.9767891,-1.1869767,0.5292839,-0.19317682,-0.9108992,0.92758346,0.5008326,0.32448447,-0.2524996,-1.031089,-0.4730958,0.1255928,0.82040346,0.47403502,0.81584734,-0.8993701,-0.44378564,1.4110556,0.16105954,0.35148817,0.98069996,-0.51162773,0.059910335,-0.5042132,-0.8814255,-1.3767304,0.22372968,-0.39049733,0.32846442,1.9484625,0.92418784,2.050059,0.8780807,-0.895855,-0.3435326,2.3708282,0.018885849,-1.4908484,0.64293504,-2.2045603,-0.080589585,-0.22071435,-0.11628177,-0.028425738,-0.5274045,-0.63114566,-1.5646155,1.1484549,0.85147995,-0.25007018,-0.8824847,-0.7366505,0.08901899,1.738913,0.9867987,-0.6718202,0.56755173,-0.06051061,-1.334209,-0.86613524,-0.34751847,0.21146375,0.5579221,0.58971167,1.2130634,0.6622451,-1.4396375,1.3116804,-0.019457221,1.3973855,-0.05749565,-1.7114273,-0.7765498,-0.5602734,-0.840641,0.24038513,1.349204,2.0579445,2.0822463,1.3904959,0.5174754,2.1108603,2.2352896,-0.58193856,0.3648678,0.61160964,1.0501528,1.8289969,-0.59748214,-0.046668626,0.21652572,-0.23854654,0.19977844,1.9946516,-0.37924996,0.2635974
-0.54994017,-0.9388699,-0.15211444,-0.9503487,0.21059254,-1.6622559,0.2280143,-0.36278582,0.4626528,0.46644923,0.46253082,-0.56356937,-0.28008884,-0.2977963,-0.7099454,0.5577693,0.9846562,-0.41087484,-0.17971951,-0.6425321,-0.79676974,1.3767943,-0.24728562,0.15079823,-0.44458956,-1.6148423,-1.04121,-1.7246602,-1.6164834,-0.80899423,1.1323951,-1.3739733,-0.2656876,1.9376608,0.9504259,-0.56061554,0.38026217,-0.3679803,-0.550844,0.29556283,0.3971064,-1.6235114,0.83624035,-2.4080815,0.37781495,-1.0252467,0.1781421,-0.4948765,-0.16630116,-0.029490301,1.3583997,-0.3463832,-0.024082212,-1.5671183,-1.261362,-1.1606525,0.27549234,-0.383378,-0.74394435,-0.8813512,-0.6616866,0.114852555,0.27386776,0.057146806,-0.75936776,-1.013582,-0.5512959,-0.6944423,-0.026035218,0.41334465,-0.6518529,0.58795124,-0.5647505,0.72013676,-0.445643,-0.8211631,-1.5735513,-1.2618353,0.72984505,-0.13077204,0.26788136,0.8601402,-0.053024553,0.9244445,-0.42159647,0.80291456,-0.7043146,-2.0194876,-0.70309794,-0.09351594,0.9722555,0.87362653,-1.0450852,0.029667955,-1.1145893,-0.40619838,-1.1188531,0.9568944,-0.66835517,0.2766741
-1.5212824,0.56785953,0.41940498,0.3016756,-0.3455087,-1.9180585,-0.7368276,0.39654958,-1.7826065,-0.86258084,0.07183964,0.8444693,-0.33511344,0.36517406,-0.36837348,0.33711094,0.8472669,0.101623945,0.31138209,-0.67639077,-0.51578355,1.2722888,0.11591189,0.11186215,0.92606354,-0.09313938,-0.023731023,-0.45115238,-0.21770689,-0.3206064,-0.09212559,-1.0790939,-0.45879328,1.9812427,1.2494107,-0.8137844,0.40011007,-0.81367224,-0.46444303,0.4834884,0.19981092,0.8712597,0.40959513,-0.035730205,0.16548178,-0.041432343,0.6756966,-0.014129825,-0.83538556,-0.28244343,-0.6870135,-0.043449845,1.0470994,-0.7977948,-0.75452554,-1.8118836,0.8289449,1.0376314,-0.16412736,-0.49490476,-0.20171766,0.18174261,-0.23788813,-2.7207785,0.59392065,0.11230923,0.14609356,0.9834235,0.96523434,-0.09383841,0.6182775,0.5489998,-0.2234398,0.33569214,0.26688012,-0.02241261,-1.0090729,-0.5097848,0.042250406,-1.0069693,1.0284518,-0.23200601,0.38795915,1.1768419,0.82006574,-0.061400823,-0.12240763,0.42544833,-1.3811468,-1.0790287,0.09988045,-0.46605068,-0.076162204,0.8022792,-0.25440788,0.36551306,-0.18083107,-0.09889104,-1.5761007,-0.976621
-1.6874564,-1.5460328,1.2458168,-0.12018225,-1.2565781,-0.7992756,-1.2561567,-1.7805877,-2.4599342,-0.6408894,0.63007534,-0.39662522,-0.54317164,-1.5120564,-0.82063186,-1.4510522,0.14218505,-1.3035923,0.28285095,-0.86556464,0.8967952,0.54289097,-0.51435107,0.5860126,0.16894102,0.8789948,0.15042306,0.6327511,-0.26950172,0.5294535,-0.009969606,-0.5016532,0.1688634,0.29521537,-0.8963515,-0.69806904,0.72718114,-1.0318408,0.59598666,-0.68350875,-0.52884316,0.41121158,0.29216456,-0.18283886,0.15087914,-0.22810845,-0.59929144,-1.0139893,-2.4560497,-0.76594037,-2.2445464,-0.20719779,-0.6842701,-0.6475712,0.1219281,-1.9863421,-1.0114629,-0.36962792,-0.48232988,-1.0553423,0.4366953,0.56699675,-0.42425936,-1.3747008,-0.12370131,-1.3700565,-2.0218527,-0.9369623,-0.44179514,-1.8216171,-1.2235912,0.41774777,-0.91781104,-0.5719947,0.84395725,1.4410733,-2.6835084,0.36476374,0.4541481,-0.51777774,-0.13245702,-1.7242689,-0.6800739,0.23166837,0.49173456,-0.47000542,-1.3733088,1.7953781,-1.9399406,-0.7453154,-0.0857121,-0.5832739,-0.05819068,-0.40031984,-0.9334465,-1.0844562,-1.2253059,-1.809558,-2.7212358,-1.1326803
-2.0006864,1.3252342,-0.4696154,-0.21794304,-1.0178646,-1.2196763,-1.9396923,-2.1110165,-2.30954,-1.0980098,-2.1707146,-1.3190086,-0.75898296,-1.7619967,-0.15041123,-0.09781111,0.4480637,-0.85263175,0.8930042,-1.7953666,0.14012225,-0.22506917,-1.3893479,-0.9494305,-1.2396016,-0.68913186,0.12250444,0.4017444,-1.1575551,-1.1866517,-0.0136892535,-0.6575459,-0.13199307,1.0406911,-0.106845684,-1.3032842,0.77741367,-0.19838125,-0.271726,-1.582779,0.5271641,0.8267518,0.6645134,-0.04573494,0.32558984,0.3372892,0.57872814,-0.3475428,-1.3851951,0.56660527,0.099441625,-0.2409009,-0.48292103,-1.6132023,-0.9179135,-1.4710058,-0.9595486,-0.19902949,-0.4334183,-1.16966,0.7035313,0.4196136,-1.4405063,-1.3048396,-0.832611,-0.490805,-1.536061,-0.32207206,-0.26351187,-0.8130304,-1.1475674,0.16125616,-1.8126614,-1.4681393,-0.55116343,-0.8452874,-1.6906554,-1.7308173,-0.27384454,-0.41539857,0.78042936,0.30494934,-0.19905175,1.0660003,0.17559399,1.5332036,-0.03796116,1.3764616,-1.5106275,0.21287595,0.4132642,-0.7708739,-0.44383696,-0.29037708,-1.6374537,0.5348853,-0.14662984,-0.115648225,-1.1371984,-0.2757744
-0.7617536,-1.3905622,1.047106,0.1381454,-0.6954255,0.20221768,-0.75438136,-0.07498935,-0.24101774,-1.8679917,-0.2779943,0.24415162,-1.6639776,-1.5519025,-0.96841514,0.2879321,1.2113488,0.40528524,1.6665366,-0.5819729,1.2860277,1.6040447,0.33519968,0.23778391,-1.1240249,0.14631459,-0.66705763,0.0134454025,-0.8209863,-0.14999504,-0.52613336,-0.058852796,0.4444749,1.6636555,0.3201627,0.2435736,0.72432846,0.34831265,-0.15102087,-0.6503603,-0.017741105,0.4153873,0.38944593,0.28070146,0.27653205,0.28776592,0.5912247,-0.08996616,-1.2542642,-0.033727054,1.1594455,-0.22503462,0.05049023,0.092484556,1.0091875,-1.7844741,0.98905003,0.47905943,-0.45717528,0.3366746,1.2062973,-0.35464263,0.8721813,-0.23787808,1.2252104,-1.247637,-0.050583668,0.23238383,0.11169826,0.1737795,0.4129959,0.69736373,0.13431378,0.541516,0.72287595,1.2038813,-0.9201751,-0.2942031,-0.36121374,-0.6991694,0.078282006,-0.67744225,-0.043289788,1.1468762,0.48958555,-0.15811189,-0.8619565,1.1404513,-0.67397344,-0.31863505,-0.6905203,-2.1067033,-0.68290854,-0.11220916,-1.3093717,0.15332022,-0.14225246,-0.14280418,-1.0484755,-0.7314304
0.12761253,-0.8039424,-0.49606222,0.8823475,2.1385558,0.9221667,-1.2576432,0.40689942,0.35800397,-0.5906175,0.48298755,0.023194969,0.545737,-0.84673667,2.1608799,0.8740739,1.7861598,1.1469128,1.6937764,0.32210693,0.41300964,2.351211,0.32659006,0.33850464,0.5915781,0.5001202,1.5542679,0.75624883,-0.5413232,0.77857685,1.113868,0.7741828,1.584845,2.6231952,2.004167,0.2609067,1.2926869,-0.09919065,1.6052297,-0.07398253,1.4160664,2.131311,2.282154,1.6765924,1.7893803,2.7561462,1.7202125,1.7930328,0.18105821,0.663115,1.8463538,-0.65954477,0.14923382,1.9899598,1.0403088,1.5936923,0.9409377,0.54156363,0.67556477,-1.2034632,-0.05920533,0.5498657,-0.7645602,2.1017199,-0.20980732,0.6119229,-0.77936894,1.2330978,1.4027996,0.4832324,-0.07908483,0.4608842,0.6624747,-1.33407,0.525709,0.14135024,0.3333799,0.2259088,0.24380863,0.7547597,0.82437015,0.18398832,1.3743929,1.2954061,1.23945,0.43459472,0.20725892,0.15914063,-0.7409581,1.1394738,0.58009064,1.4052862,0.8786026,1.5874949,0.01054505,0.41133335,0.70521677,1.2925286,-0.57466835,0.007115882
1.7201803,0.9307166,0.40414083,0.50859714,0.52467656,0.17504305,-0.29296562,0.04217791,1.0194898,-1.0825771,-0.9202039,-0.40814617,-0.32669863,-0.11399476,0.641,-0.24282247,0.0729153,0.9011206,0.63173234,0.6701005,0.668894,0.20877849,-0.6894186,0.3607869,-0.17995633,0.5033274,-0.6721627,-0.5709401,0.390395,0.14107846,0.46798033,1.6527565,1.2189041,0.3377476,-0.2215832,-0.23280858,0.057287075,1.0700969,1.7523048,1.2008127,2.099967,2.1244862,1.7199001,1.0872643,0.20737386,1.8134644,1.736563,0.24079168,0.21922518,0.8811109,1.026569,-0.5853637,-0.6458106,-0.247544,-0.07687844,1.5569766,-1.2338879,-0.17821044,0.5974229,1.5379086,1.0557526,-0.13647771,-1.1823057,-0.13336195,0.44731745,1.2640469,-0.33639714,0.41070348,-1.3754538,0.08202433,-0.41028404,-0.6725084,-1.2625186,1.3640658,-0.4169286,-0.4488225,0.16580983,-0.24163711,-0.66501695,0.48200232,-1.1548008,-0.31233007,-0.49835077,-1.5065205,-1.3700253,-0.8665719,-0.04203824,-0.018179903,-0.39665034,1.925053,0.21899037,1.0862923,1.4931954,1.3571591,0.6652502,-0.18569356,0.5585395,-1.1344107,0.8165289,0.6042948
1.1683847,0.22667265,-1.1055851,0.6049643,0.29810533,-0.5877195,0.77306163,0.9451969,0.1197997,-0.6377038,0.54961026,0.2991886,-0.28836823,0.1686149,1.541875,-0.5875273,-0.4460786,-0.20429997,-0.9862983,0.25906688,-0.6276971,-0.11110477,-0.1537172,0.7851355,0.16430317,0.55513066,-0.08169765,0.325443,-0.42119402,0.04826294,-0.43202758,0.89406604,0.8277962,-1.5492952,-0.6904698,-1.1879045,-0.8341421,1.0417992,-0.82295233,0.029807523,0.47771004,0.6526167,0.34923536,0.052949555,-0.15060209,0.6413018,0.012815574,0.08710173,0.4248305,0.36394635,-0.42482972,-0.75521815,0.386722,-0.5365328,-0.37829262,-0.33368623,0.4795874,-1.1573346,-0.6228067,0.3568412,-0.4186727,-0.64320624,-0.33493555,-1.2680789,0.23086283,0.21045534,-0.29856247,-0.098780334,-0.8549929,-1.2604595,-0.04767072,-0.78982943,-0.20494711,-0.37278467,0.26184726,-0.09709951,0.019356797,0.67389995,-1.316,0.2266011,-0.62428886,-0.74040383,-0.38792086,-0.7196135,-0.2589286,-1.4816909,-0.12539881,-0.5960472,-0.49773815,0.010990086,-1.0665262,0.3250561,-0.6019007,0.109069034,0.68373835,0.37422264,-0.08902858,-0.32403055,0.53920317,-0.3151729
0.50009334,0.18532364,-1.1912138,0.5372439,0.7801695,0.31629154,-1.4840502,0.6124615,-1.3758972,-0.5960725,-0.5689295,-0.45633498,0.5942437,-0.31764776,-1.648716,-0.63497305,-0.945376,-0.90496707,-1.6463944,0.032265343,-0.49173793,-0.7800817,-1.5227399,-0.41016164,-0.5981388,-0.87240916,0.17000093,-0.37150294,0.15202618,0.9489973,-1.2973504,0.45328942,0.80434316,-1.8606389,-0.7615014,0.043959368,0.4211112,-0.10898,0.90440655,0.44749764,-0.35764027,0.32216135,0.38741797,0.26109564,-0.7345185,0.3816359,-0.2841661,0.010712306,0.8546295,0.06452927,-1.9043064,-1.6224878,-1.1117661,-0.22533517,0.011584879,-0.13503194,-0.0986671,-1.0942723,-1.1136886,0.20512319,0.2662089,-0.38630784,-0.49730214,-0.3235226,0.041074395,0.24351522,-0.7631797,-0.99995327,-1.4359807,-0.5246601,0.655577,-0.71456784,-1.6517506,0.0316068,-1.2250508,-0.4100102,-0.5184494,-0.5482732,-0.839115,-1.0609304,-0.46080157,-0.11444777,-0.9324765,-1.0553281,-0.650692,-1.101044,-0.550761,-0.43366528,-0.5073821,0.60084707,-0.45245597,-1.2444398,0.40669897,0.6366727,0.7916929,-0.4449264,1.0192926,-0.60515845,0.20560406,0.26642922
0.71682936,0.5380687,-0.2970135,-0.4555314,0.07014664,-0.029525118,-0.8435706,0.24557048,0.5629805,-0.52128357,-0.69619834,-1.2553346,-0.35903832,-0.17427628,-0.071873486,-0.88995165,-1.2913078,-0.51371074,0.31928536,-0.2050336,0.35527387,-2.2674248,-1.2601186,-0.7302474,0.25529075,0.24682142,0.05114818,0.37306112,-0.39988202,-0.6779222,-0.925348,0.5949315,1.1765207,-1.2868987,-0.9324041,-0.34249008,-0.15852952,1.6876632,1.5985041,-0.6484427,0.2863562,0.089147985,0.72050804,0.5335665,0.066149056,1.0849044,0.45706815,-0.36255068,0.23816085,-0.22516443,-0.013235611,-1.3076019,-1.2260954,-0.4287634,-1.0238056,-0.31078225,-0.3707631,-0.5332481,-1.1970426,-0.5619126,-0.68725985,0.00067741494,-0.20924821,-0.8015476,0.5413483,0.85161936,-0.042529084,0.15391634,-1.132353,-0.13356486,0.17455387,-0.7846208,-0.6303633,-0.43121284,-0.7000349,-0.90239257,-0.40077144,0.045607578,-1.6630331,0.513318,-1.4389459,-1.1057625,-1.716548,-2.0567896,-0.4290675,-1.125943,0.3487694,-1.0599129,-0.46714324,0.3521818,-1.3078139,0.08207872,1.5396575,-0.15316507,0.7484279,0.063856654,0.7171055,-1.5142473,0.44964617,-0.08565597
-0.037479404,-1.3804399,-1.5686578,-3.2714841,-0.61488694,0.76223177,-1.4297649,-1.492998,-0.5313762,-1.7726221,-1.500988,-0.96962947,-2.0291917,-1.8337107,-0.8943899,-0.25560713,-1.4421031,-0.36317948,-0.85378367,0.13196297,0.7417886,-2.3140595,0.1215332,-1.3723783,-1.1515694,-0.47499385,-0.2016306,0.18392593,-0.008746483,-0.97116894,-1.3567454,-0.59319156,-1.4383897,-2.0032163,-2.3025987,-0.49300817,-1.278466,0.10144405,-0.9494321,-1.9126174,-0.6028973,-0.22558723,-1.5594344,0.25493526,-1.3105931,-0.27885038,-1.328395,-0.4652586,0.5356732,-0.4943785,-0.6412601,-2.2556672,-1.1795142,-1.7108747,-0.77605563,-0.8609952,-1.244482,-2.515677,-1.3003833,-1.1658562,-1.2868617,-0.5786181,-2.0004456,-1.6492459,0.052813336,-1.8115373,-0.7960254,-0.41320208,-0.95306635,-0.1895526,-0.33225262,-1.7941059,0.26088798,-0.5801869,-0.63821006,-0.9545364,-0.10997143,-0.4754389,-1.075178,-0.6708299,-1.7921325,-1.5865849,-2.375416,-2.2357585,0.03181892,-1.3972222,-0.9843161,-1.0728613,-0.5414063,-0.40815076,-1.5191591,-0.799654,-0.89124995,0.14041862,0.13961019,-0.67481846,0.15679814,-1.3308241,-0.8574979,-0.6920927
-1.5843602,-2.1610749,-1.3383323,-2.5361452,-0.6642417,0.6786909,-0.87449485,-0.47498152,-0.8565581,-0.46528038,-0.54849696,0.16279064,-0.47195542,-0.6029879,-0.9094074,0.38459876,-0.31421238,-0.20866606,-1.1032826,-0.12697875,-0.783506,-1.1257582,0.4508294,0.052171495,0.11295887,0.23350218,-0.54981226,-0.42404935,1.1137663,0.5582061,-1.3010406,-1.3959894,-1.3290184,-1.9986234,-1.7783659,0.24686566,-2.0193338,-1.3907065,-1.7576387,-0.34577808,-2.4440696,-1.0334316,-2.0660088,-1.5000151,-3.4626298,-2.1655195,-1.9191495,-1.2712375,-0.14831448,-1.1924418,-1.3214269,-1.7139481,-1.1950853,-0.7855389,-0.108220406,0.47778022,-1.3566579,-1.4606792,-0.70795375,-0.7732558,0.019495994,-0.85046625,-2.3403354,-2.3456485,0.18056811,0.2636453,-0.9685297,-1.5590943,-0.9031677,-0.85747,0.68555534,-0.47409505,-0.44055054,-0.6602268,0.4699223,0.26078725,0.31496617,0.20346731,-2.1986883,-3.464295,-1.9273244,-2.1711876,-2.5025897,-1.1776049,-0.21016368,-2.8967083,-1.7555449,-0.79576325,-0.08476794,-2.4165182,-1.759813,-2.63519,-1.5377287,-0.8289676,-1.239425,-1.4143385,-2.2650695,-2.4670208,-1.2309512,-0.9926832
-1.0618097,-1.3488256,-0.12517145,-1.1490786,-0.30319485,1.1989539,-0.7877442,-1.2659329,-0.6073052,-0.5005634,0.077037804,1.0245372,-0.40002376,-0.6259497,-1.8527455,0.35279247,0.43797547,0.0885038,1.1920124,-0.27967894,1.0666381,-0.13673736,-0.04419818,-0.40511432,2.0397904,1.5885257,0.45083058,1.5931901,0.44395006,1.4126769,-0.51335275,-1.9589244,-1.9583529,-0.8911672,-0.955433,-0.51791114,-1.8357401,-1.5136416,-2.078457,-0.96213174,-2.3210478,-0.4808284,-1.5638174,-0.9029402,-1.3394616,-0.9966998,-1.786736,0.23592703,-1.7019448,-2.2210789,-0.7952448,-1.0503411,0.98588806,-0.42480493,0.44248885,-0.44277713,-1.0456812,0.31596985,-1.1225474,1.253271,0.1096332,0.43112227,-0.5809102,0.029332524,0.21007527,-0.38090947,-0.60820776,1.564517,0.05968237,-0.49777547,0.718122,-0.099252224,-0.11629555,-1.1282028,0.8495599,1.8412802,-0.18089806,1.1810193,-0.6030269,0.78271335,-0.029502211,-1.8794233,0.14391483,0.86744976,0.16509287,-2.4746246,-2.6593451,0.6666123,-0.99155474,-2.5642025,-1.2494197,-1.159977,-1.3657669,-0.6897558,0.8242663,-1.988671,-1.2853174,-0.8009927,-1.5397887,-2.2959154
-1.1508901,-3.2555501,-1.3102318,-1.5480013,-1.1091182,-1.1087085,0.01149037,-1.2980156,-0.37882602,-0.2699568,0.13226056,0.36808854,-0.12263609,0.11244888,-1.7300462,-0.96212655,0.26807466,-1.2526602,-0.030532401,-1.6161953,-1.2265564,-0.47045437,-0.35546649,0.122712344,0.15679541,0.8894841,-0.899893,-0.4677028,-0.7523412,0.021451317,-1.426784,-2.0907621,-2.6215746,-2.114895,-1.144805,-1.7740287,-2.4961984,-2.3320267,-2.390493,-0.8483152,-2.5172336,-0.63398004,-0.9811485,-2.10487,-2.2241118,-2.137865,-2.0082676,-2.0159657,-2.542719,-2.6636472,-0.23847498,-0.8972543,0.2078912,-0.4936175,-1.3283389,-1.4614187,-1.8649703,0.72777945,0.07944519,1.0359045,-0.6529237,-0.16170827,0.46024308,-1.1495124,-1.5957088,-2.4676101,-0.6703342,-0.35862622,-1.080403,-2.6712801,-1.0264627,0.12160503,-0.44507852,-0.5375315,0.37816218,0.31742385,-1.149819,0.22791691,-1.0595322,-1.4919614,-0.7316506,-2.3849494,-1.327824,-0.33085987,-0.17164503,-1.9518661,-2.562056,-0.6520706,-1.7766565,-2.341618,-0.8870726,-2.3911936,-2.451046,-1.7488215,-0.41416946,-1.3906859,-1.472994,-2.0443392,-2.577505,-2.423187
0.5664907,-0.27312842,0.5427139,0.8594108,0.13339266,0.29861987,-0.059847016,-0.94060093,-0.20223239,0.1881452,0.034621097,1.2251476,0.57531446,0.1806375,-1.2632023,-0.33026114,0.010979306,-1.4954793,0.4843532,-1.8499342,-0.7090102,0.79133296,0.42224613,0.21677479,1.9612763,0.8556848,-0.46337205,1.8252414,-0.042845193,0.85623705,-0.4692143,0.30994865,-2.5896292,-1.2208666,-0.11661565,-1.3721986,-1.2545562,0.00590154,-2.2086434,-0.5380102,-2.174859,0.8346797,-0.23239428,-0.6719032,-0.89299744,-1.167722,-1.3399371,-1.5746543,-1.4605244,-2.1909046,-0.15651058,0.27903318,-0.5017706,0.6617977,0.6005127,0.5233045,0.38723472,0.3244476,-0.009624654,2.0875883,1.0085484,0.8801812,-0.030829037,1.1215917,-0.4779358,-0.17775771,-0.36835095,-0.11307216,0.27483246,-1.2072843,-0.6501562,1.0782628,1.4678699,-0.2071094,0.92431754,1.1285195,0.985459,1.4370047,-0.31713948,-0.04302735,-0.46580303,-1.301887,1.0967433,1.1590599,1.017476,0.08398473,-0.8273341,1.3516157,-1.4217274,-1.4356713,-1.3611398,-1.4428884,-1.6832595,-0.16367412,0.6373322,0.0017394781,-0.23115292,-0.29206026,-1.3412554,-2.123628
-1.2888981,0.29363614,-0.35496837,0.8465539,0.20872153,0.17539503,-0.804016,0.19612052,0.77846754,0.73337126,0.022358704,1.4572985,0.9924303,-0.9460893,-0.6066553,-0.4800476,0.8879598,-0.18788582,-0.8901474,-1.386981,1.0198593,0.265982,0.6227756,-0.4626215,0.7611588,0.12248694,0.021159267,0.56123096,0.30411217,0.924752,-0.38632777,-0.9576002,0.5544316,-0.5416683,-0.2806839,-0.15895057,-1.1006594,-0.79185265,-0.78999275,0.86772674,-1.6164274,-1.382939,-0.4929062,-1.0984882,-1.0643864,-0.546042,-0.66560036,-1.1215659,-1.4610617,-1.043174,-1.5732877,-0.35525864,-0.38353378,0.46701044,1.5091058,0.8767813,0.53385997,0.6730175,-0.31329235,-0.68971395,0.26651958,0.29574606,1.1138711,0.7163478,0.6321786,-0.71150833,0.28841016,-0.5789152,0.086238556,0.035485223,-0.08673978,0.09273702,0.98546225,0.83219945,0.8129127,-0.03544488,0.80413777,1.2296567,-0.7255312,-1.1808211,0.32126975,-0.085590415,-0.02331375,0.16170597,0.7330755,-0.32648203,-0.09644304,-0.17879274,-0.08785508,-0.84119165,-0.1628029,-1.8017933,-0.5589979,-2.1455476,-0.08373697,-1.8203152,-0.63119483,-0.3020438,-0.4280756,-0.50061995
-0.0154657625,1.1394535,0.73867387,-1.2505194,0.15828663,1.3438902,-1.8342506,-1.7970473,-0.22030018,-2.1373768,-0.57861227,-0.08964653,0.61436105,-0.2804937,-0.97504723,-0.7331377,0.31223577,-1.6996679,0.2994777,-1.524287,-2.6667197,-0.8727322,-0.8424813,-1.0535265,-0.60359,-0.40160576,-1.523245,0.61870134,-1.5961448,-0.37667486,-1.4418209,-1.4564993,-1.5124421,-0.16751689,-1.654825,0.12259419,0.30550867,0.22239526,-0.29193085,-0.2498557,-0.90510243,-1.3348578,-2.1015165,-0.5777207,-1.6487947,-1.1482263,-1.8041667,-2.1014977,0.3084735,0.5628702,-0.4360116,-1.0755976,-1.2095665,-0.8920344,1.4506061,0.38382992,-1.3413205,-0.488922,-0.14488386,1.4075104,1.8451089,1.510918,-0.32787636,0.7878004,0.03255909,0.046494853,-1.7679979,0.55154127,-0.4506323,-0.8788242,-0.3426445,0.04069406,-1.1157945,-0.2172536,0.10700102,0.28806084,-0.9153697,0.020108731,-1.5699848,0.3068381,-0.5223631,0.49163234,-0.21134281,0.04673366,0.48389423,0.505627,0.5546606,0.55048513,-0.3967392,-0.27155977,0.4279452,1.1352595,-0.7050154,-0.80268854,-0.19432038,-0.82037264,-0.9365198,-0.5568023,-0.04215247,0.4409265
-0.31891388,1.2951244,1.3642068,-0.21217199,-0.6084582,0.74576527,-0.608514,-1.4277923,-1.1783847,0.998657,1.2408006,1.3420328,1.0109136,2.2263482,1.3674116,-0.3153968,0.04436556,-1.6748703,-1.1602243,-1.4123788,0.3037416,0.54465103,0.65201694,0.17320393,1.3400177,0.86866677,-0.5267203,0.978118,-0.7737164,0.3038878,0.5066522,0.55758065,-1.1525557,-0.41452822,0.8700432,-1.3737115,-1.2468817,-0.59281564,-0.9311816,0.06054734,-0.54943585,-0.15262699,-0.38692877,0.82959986,-0.29635724,0.47556806,-0.20322208,-0.16823383,-0.035532884,-0.104440205,0.19852518,0.90207183,-0.5829081,-0.14423282,0.2792211,-0.4392685,-1.2604305,0.66776866,1.4627318,0.46098617,-0.06791708,0.97691226,0.80575055,0.89402676,-0.13972667,1.2513922,-1.6428133,0.03576793,-0.5653594,-1.6006929,-0.796212,0.20949309,0.29163742,0.09416162,-0.046915505,1.1738887,-0.40786457,-0.07929572,-0.25405622,1.0436369,-0.7341646,-1.2875632,-0.41809985,0.25236192,0.20358674,-1.07187,-1.6654004,0.73028225,-1.425958,-1.0121183,-0.21315643,0.58480656,0.07770487,0.7999264,-1.1862172,0.18228005,0.22901309,0.07814023,-0.40049013,-0.6979404
0.52253157,-1.0986675,-0.5758139,0.95602626,1.8472266,1.5573691,1.1538839,-0.38975376,-0.7530909,2.0891182,0.70228314,1.7680871,0.98923963,2.0391552,0.84860593,1.280454,2.3779542,0.8150598,0.19439977,0.58988386,1.4349151,0.41153815,0.71756643,1.1174569,1.9313395,0.97728544,0.69217145,-0.23298274,0.67063993,0.8144887,-0.0730326,-1.1896012,-1.1834437,0.09311955,0.2507667,0.6373962,-2.430421,-0.37450773,-1.0974823,0.91688937,-1.8226545,-0.7406464,-1.3148788,-2.3733737,-0.62117094,-2.2400024,-2.9124937,-0.3756334,-0.066064365,-1.8340235,-0.9069548,1.773975,1.4652271,2.0763328,3.6448383,0.7609132,0.9242621,1.0121831,-0.32062584,-0.032804683,1.005304,0.69446725,-0.54843265,0.7236837,-0.25799415,0.88621575,1.1389885,1.7349828,0.6876735,1.2351996,0.7508839,0.99045116,0.9942972,0.7802391,2.0435886,2.3775241,0.87361145,2.1095524,0.20695964,-1.5076928,0.70239943,-0.030554375,-1.1228659,-0.27312127,-1.0529923,-0.03034831,-0.6508459,-0.23314098,1.1403006,-1.4202737,-1.8288832,-0.12858455,-0.5014204,0.26741502,-0.31745598,-1.9539123,-2.3953302,-0.3126076,0.45341685,-1.5643388
-0.6754262,-1.3576046,-0.039864,1.1914428,0.94971925,1.5133756,0.15033908,0.81113523,0.08190921,1.6581079,1.7979344,1.8645822,1.3254441,1.769681,-0.8234841,-0.32269812,1.3466474,-0.56526625,-0.41751018,-0.5788411,0.8011321,1.400971,0.67272204,0.48447075,1.7093678,1.5917748,1.357248,1.7634467,0.5700321,0.008195726,0.034042556,-0.2427751,-1.3808684,-0.1337091,1.1038831,-0.97347903,-0.2409125,-0.56627184,-1.1519957,-0.40972653,-1.4028999,1.3018627,0.21361788,0.43461162,1.2310832,-0.044807017,-0.25543767,-0.47495934,-0.21450116,-1.5647773,-0.84345263,-0.56372595,0.8167792,0.6308166,1.5378401,-0.21631253,0.9937508,0.4205142,0.14536041,0.07162272,-0.38275227,0.77443725,1.0298204,0.26138458,-0.7918531,0.14449285,-0.05332988,0.5078406,0.39176977,-0.6478314,-0.75421077,1.5677483,0.40569276,-1.1054507,1.1996413,1.1867654,1.0710195,1.1172324,-0.084013484,-0.9022025,1.6670921,0.014174487,1.1539291,1.9580429,1.8223587,1.220642,-0.43775794,1.9142904,-0.24702977,-1.203049,-0.8630584,-1.8707902,-0.5783203,0.85559165,0.19439459,1.2828215,0.49055472,1.2247369,-1.0851527,-1.184508
2.067812,0.56574535,1.0273619,0.8514718,0.17317846,0.092553005,0.7526663,0.7154998,0.86429894,0.35824415,-1.0493762,-0.53295654,-0.3874232,-0.69167924,-0.2024744,0.14727034,0.18937679,0.1981052,-0.79951686,0.4241358,-0.71477026,0.050676968,-0.55695486,0.38557017,-0.3309696,-1.0156094,-0.698905,-0.8838642,0.29536894,-0.5968129,0.3580177,-0.061772633,0.8476236,1.1352441,0.10594383,0.37651694,1.433546,-0.010630857,0.96210265,0.7200361,1.4846532,-0.68437,0.6008785,-0.6551571,0.54681826,-0.10940339,0.6431374,0.5621581,1.6630868,1.2552449,0.6484853,0.7761185,-0.19107713,0.34204197,0.537345,1.6996018,-0.1265792,-0.1920359,-0.7942138,-0.39022785,-0.08849111,-0.3240904,1.3214906,0.21020567,0.2711737,-1.4302281,0.8783668,-0.4401924,0.65897036,0.24747953,-0.17566383,1.8530934,-0.98766905,0.43450797,-0.32993856,0.2642905,0.12283505,-0.542181,0.6761201,-0.2957763,2.298782,1.8641341,-0.09173675,-0.021310337,-0.7448949,2.2048144,1.0886041,0.032179836,0.70751673,2.385316,0.7013799,0.41664723,-0.21840614,-0.32195082,1.8059953,0.113484055,0.5370959,0.5571861,1.7787244,1.4416919
-1.2532538,0.1966982,0.50084716,0.20397194,-1.2445576,-0.48921555,-0.035208467,-0.20435406,0.16314758,0.45111513,-0.594109,-0.061435077,0.20065033,0.6129949,-0.05744576,-1.1453315,-0.9797516,-0.3463939,-0.9961013,-0.21717207,-0.4258385,-1.1963022,-0.77717423,-0.06693698,-1.538819,-0.19407043,-0.21730965,-0.54201007,-0.12564348,-0.5511109,-0.6945902,-1.0392861,0.6085382,0.011089517,-0.2581096,0.24817118,1.0433071,0.4052428,0.9756186,0.3845263,1.3446419,0.93296593,0.5626587,0.8727802,-0.13136338,0.44314444,-0.100332975,-1.0971909,0.2283068,-0.14687923,0.21542399,-0.19323009,-0.05878659,0.037330396,-0.5889815,-0.11224292,0.39565066,-0.2638936,0.86297977,-1.0875596,-1.040701,0.57423216,-0.29011196,1.1649679,0.24463667,0.9075522,0.24627069,0.0037357165,-0.4471209,-0.68923503,0.95300317,-0.7740143,-0.89444894,0.2127993,-0.5694971,-0.7159248,-0.35467705,-0.3622247,0.067226,-0.060127135,0.87962794,0.3596299,0.51668644,-0.7610587,0.42612037,1.3030843,1.472555,0.00732759,-0.3342328,1.3343213,1.8319185,0.67422813,0.55052483,0.6102551,0.82200944,1.9106333,1.3783579,0.2339337,-0.49204886,0.166248
1.8536259,-1.3892092,1.0292584,0.23004113,0.15219925,0.3486827,0.67479354,-0.7192782,0.4280022,-0.5989171,-0.6239477,-0.47185192,-1.2207474,-0.78528166,0.7396587,0.9708326,-0.028744172,-0.04768326,-0.7321275,1.2299701,-0.20706457,-0.7675824,0.2744418,0.30461422,-0.33811617,-1.2539115,-0.22459607,-1.0201057,0.8969704,0.23540686,-0.22893713,0.9906282,0.24572909,1.3544441,-0.06960768,1.5578573,1.46637,0.30889305,0.97086155,0.6960673,1.498199,-0.40359882,-0.40267533,-0.027288543,0.3847971,-0.17380445,-0.33775702,0.9461513,0.7458669,1.131187,0.009637415,1.1561599,0.46269673,-0.6825057,-0.6013599,-0.5288444,-0.13602035,-0.91796464,-0.13947552,-1.2694265,-0.7645005,-0.1412443,0.8954571,-2.21201,0.30427933,0.9776603,0.85595495,0.08153158,-0.30579832,0.6539002,-0.046396587,0.5602386,-0.18601696,0.973838,-0.07769299,0.09267775,-0.1404893,0.5596658,-0.28705788,0.12829857,0.8027369,1.3014547,-0.1888375,-0.20740604,-0.5066796,0.6524129,2.1154501,0.3301224,1.1727034,1.0211173,-0.03616948,0.22610664,0.77825934,0.40698487,-0.18860611,0.24153861,-0.31439182,1.0812356,0.6903884,0.67644095
0.6607337,0.6777784,0.92961854,1.1124262,-1.1750784,-1.0518751,1.4756429,2.1140444,0.63348585,0.5631171,-0.021044584,-0.34707668,0.29104093,0.5000834,0.40300226,1.3065217,-0.32062483,1.5495211,-0.44522366,1.755551,0.41951495,1.1578753,1.167044,1.7574759,0.5058078,0.26971015,0.5324134,-0.5411142,1.5884465,-0.18669699,0.831426,1.4738827,1.5005339,2.162783,1.234268,1.2886535,2.044947,1.6142832,1.7270105,2.2858253,2.0892718,-0.23613653,1.4571788,0.67641115,1.7624394,1.172612,1.34743,1.1318791,0.11986518,1.3833257,-0.41792604,-0.3283306,0.46932575,0.6963266,-1.0551285,0.46733218,1.0917393,0.6829207,0.8862736,-1.0844911,-1.050194,-0.6440453,-0.27860314,0.81358284,-0.26065484,0.046501424,1.6172317,-0.36711112,0.18262662,1.5513847,1.2761079,1.094119,0.05674735,0.3808143,-0.2833661,-0.29481965,1.8827002,-0.8405851,0.02828208,1.1686311,1.2804378,0.85608906,0.42497873,0.5960635,0.37675488,1.0146384,2.6903617,0.47314203,0.9807214,0.8233925,0.90469,2.3398387,1.0870054,0.27555582,1.602742,0.8416211,1.2857053,0.2724301,0.44214326,1.1328157
-0.8042951,0.17478785,-0.03306987,0.274069,0.11026802,-1.2342085,1.35592,2.1734324,1.156671,-0.92711246,-1.1759994,-1.4704304,0.46646652,1.1097659,0.67606235,0.77459085,-0.7662719,1.342378,-0.7126462,0.49842787,-0.40761057,0.46293595,-0.6875057,0.7472285,-1.2501475,-1.5388784,-0.1258216,-1.5670671,-0.1379524,0.5688748,1.1771106,1.3554705,1.9536877,1.7127423,1.2650276,0.99741524,1.2724825,1.9358667,1.6752573,2.4447117,1.9541847,-0.9143133,1.6903565,0.5976796,0.9657156,0.8028266,2.234909,0.38723344,0.8808235,0.6798372,0.49429518,0.94513494,0.37227407,-0.3115288,-1.5594887,0.12461423,0.71013,-0.12373007,0.14090726,-1.0416361,-0.99188817,-0.42238176,1.0254371,0.27509147,0.69376594,1.1492639,0.72048926,-2.3223445,0.52291375,0.7789233,-0.5134764,-0.3754828,-0.54983395,0.93798834,-1.8558059,-1.8813686,-1.835585,-1.5421845,1.7350053,1.1993467,0.95622253,1.2520459,0.4162578,-1.1813418,-1.4189266,1.1040713,0.96330076,-0.04524425,0.7580259,2.049635,2.0939279,1.2578772,1.457697,0.36843044,0.79240656,0.028957622,1.3754982,0.6579445,0.3334686,1.2866244
0.826652,0.91142344,1.6569396,1.845974,-1.1613526,-0.07187707,-0.5261596,0.27358475,-1.0683032,0.025894037,-1.3682889,-1.1908212,0.56232154,0.59146667,-0.5171234,0.2692773,-0.74910325,0.014082541,-1.1440427,0.089864224,-2.2200794,-0.35792634,-1.1703621,-0.22300027,-0.87451553,-0.96375006,-0.71425986,-0.34849665,-0.27960277,-0.086061746,0.4964958,1.0771779,1.8556789,-0.04016259,0.7408703,-0.045974106,0.25032717,-0.15790915,0.70719105,1.1854278,0.6345079,0.08513004,1.1069233,0.26510337,0.60599744,0.48034808,1.0062071,-0.3639097,0.71739924,0.5830656,1.1621256,-0.123126104,-0.46811557,-0.4158855,0.4922908,0.80498594,0.60575867,-1.0418923,-0.46657133,-0.8216426,-0.9636031,0.06173251,0.7013966,1.3777152,-0.51155114,1.1916419,-0.14001611,-0.9721371,-0.54476327,-0.5834508,-0.7569745,-0.47093156,-0.6297169,1.0587564,-1.163495,-1.4953824,-0.8586712,-1.3149242,0.9306599,0.67899215,0.19360915,1.6791601,0.8963409,0.34711763,-0.43586284,0.84489125,0.16968937,-0.09006001,-0.18678614,1.8119544,1.220616,-0.10996762,1.2813729,0.12301759,0.7240532,1.7365177,1.706836,0.089994214,-0.29744008,1.3854803
-0.2868601,0.95713794,-0.08517312,0.8722179,0.40581784,-1.6987087,0.4290571,1.6697539,-0.19314542,-0.010699175,0.062102728,-1.289061,-1.0687997,-0.4114699,-0.30189908,0.22455685,-0.87332433,0.17152053,0.8954174,-0.10659419,-0.72076374,-0.538971,-0.77651423,-0.3625302,-0.8018932,-0.6929396,0.22506909,0.60599333,-0.5894445,-0.95547366,0.33059117,-0.6203534,1.5166411,0.9234281,0.89747435,-0.21578361,1.9516904,1.2796007,0.33822292,-0.47696966,1.0846833,-0.11852046,0.6490242,0.9806969,1.0848668,1.1200111,0.717366,0.3855816,-0.92990214,0.30601802,-0.27378643,-1.3373324,0.0017284479,1.0171275,-0.1460793,-0.88387406,0.6494701,-0.1913706,-0.28300878,-0.26979178,-1.0704613,-0.8201424,-1.4948814,0.008264849,0.35655552,0.5334026,0.08390586,-1.2525039,-0.08284674,0.4533562,-0.4909787,0.7664334,-0.7236123,1.4828576,-1.6480699,-1.1484779,-0.8080392,-0.7113206,0.62829345,0.92344,2.139609,1.1447375,2.0261157,1.0978701,0.71198696,2.2211998,1.7873578,0.18260594,-0.17376165,1.9828914,1.6872455,0.11200828,1.628615,-1.1748356,2.5603063,1.9774778,1.9687483,1.0337706,-0.7039339,0.82297164
-1.6861851,0.6313542,-0.5676129,-1.1911818,-1.5972658,-2.0514963,-2.3628707,-1.8110889,-1.3521782,-0.84581053,-0.2154198,-0.90432984,-0.941379,-1.4218152,-1.8775048,-1.7963482,-1.4490095,-2.1411045,-0.37941217,-2.3274078,-1.809152,-1.1316748,-2.537916,-2.0301235,-0.8342838,-1.4144118,-1.3229333,-1.8385731,-2.1276484,-0.6579368,-0.45983198,0.506736,-0.82736534,-1.0959865,-1.3928179,-1.3489053,0.7023027,1.6442008,1.1320797,-1.4661441,-0.007296083,-0.2595611,0.22490273,0.8671061,-0.034701966,0.28942868,-0.9050029,-1.2444776,-0.60607624,0.3996373,-1.340388,-0.3508751,-0.6888188,-0.5675268,-1.8172492,-1.3463081,0.97981787,-0.59612614,-1.4897877,-0.17031997,-0.48539388,-1.5885469,-0.9297578,0.091262445,0.50937444,0.4471169,-1.17418,-0.41683298,-0.10958024,-0.42385736,-1.3301506,-1.4348853,-1.8325429,-0.71746844,-1.5652452,-0.99476683,-0.7920375,-1.3269111,0.21579757,0.034959234,0.42357963,0.9172695,1.2277886,0.067411475,-0.30668753,0.60126656,0.5921875,0.073677585,-0.7643548,1.1745468,2.5914626,-1.0623137,0.18003167,2.1161938,-1.4063467,0.7873916,1.4978675,0.7212064,-0.6808933,-0.1273678
0.08182663,0.7325502,1.2197465,-0.008700179,0.48402664,-1.3317322,-0.24301498,0.050935373,-1.2049397,0.8942275,-1.1959608,0.48547673,0.22055873,0.5101218,0.30440384,-0.64897585,-1.9504019,-1.7973564,-2.058185,-2.5587118,-0.701192,0.0028469895,-0.91689587,-0.4730435,-1.0816091,-0.54619515,-0.3991747,-0.4934291,-1.1243296,-0.57432574,0.41851467,1.8908254,2.823242,-0.4302913,0.355548,-2.1418157,1.1169596,2.191621,1.7151158,1.2028172,0.71865314,-0.0071316776,1.7298002,0.7747221,1.2868671,1.0804635,1.5830026,-0.47341773,-0.5445563,0.019522848,-0.5179526,0.9111491,0.7064331,0.19035345,0.14215611,0.17120473,0.490932,0.8712118,0.90174085,-0.48831755,-0.78386956,0.29598203,-0.11381104,0.694001,0.78555334,3.0952137,-0.17413034,-1.3568555,0.63502306,-0.26144812,-1.2130052,-0.2632791,-0.51240593,0.49879193,-1.3163625,-0.29995725,-1.1723293,-0.8228401,0.6292937,0.98812366,0.27785873,1.4633976,1.5551897,0.71561235,-0.18284304,1.3973994,0.15646562,-0.09097186,-0.5605596,1.9884596,2.3688908,0.3183655,3.3342428,1.0322263,1.07392,2.4055614,2.4567158,0.81317145,-0.8095808,0.33115962
0.5223084,1.7945154,1.1428264,0.045714054,-0.33418444,-0.03812849,-0.47919998,-1.2366889,-2.8743653,-0.9523796,-0.14624666,-0.0075399685,-0.47328222,-0.6478863,0.41182324,-0.8647058,-1.4038156,-1.6531379,-0.47667098,-2.088014,0.06447823,-0.7121788,-1.471543,-1.3070369,-0.2152502,-0.7163964,-0.93602246,-0.5680456,-1.1201345,-0.6972229,0.37436834,1.0125784,0.966317,-1.5539366,-1.1274153,-3.0961454,0.07935613,2.201095,0.07422298,-0.25270504,0.42966673,-1.397794,0.4612365,1.2056954,0.01581654,0.40020686,0.1604972,-0.50035554,0.5955882,0.51331735,0.9479172,1.6025542,0.9497155,0.14408219,0.7538827,0.79946417,-0.59911287,-0.6581539,1.1837949,0.9165316,0.1327192,-1.0078987,1.7734948,1.4934072,0.65416914,0.23952566,0.11904613,0.8926343,-1.5988903,-0.75608146,0.29162353,-0.5437577,-1.6539885,-0.50395,-0.67476654,-0.79832697,0.2523664,-0.7110519,0.32702222,0.036165375,-1.9054227,-0.48462242,-0.58042836,-1.1818005,-1.3502015,-1.1999124,-0.7457581,-2.0878956,-1.6678785,0.54076135,2.1020083,-0.5509879,1.0576308,1.1175025,-1.0446748,0.8160105,-0.37074384,-1.2827427,0.22780967,0.2051653
0.32106066,-0.04811415,0.29041952,-1.0058143,-0.4195831,-0.38201916,-0.5847784,-0.6831646,-0.13586819,-0.8000294,-0.25683045,1.1882219,0.65953726,-0.40630516,-0.6070741,0.03454262,0.143117,-1.5425998,-0.632457,-0.80862683,-0.3585892,-0.91787106,-0.028833784,-2.088785,-0.22306779,0.3856684,-0.39250326,-1.4704726,0.34480363,-0.228504,-0.5054293,-0.3219377,-0.38819963,-0.44746023,-0.22039248,-1.082923,-0.24927783,0.1957515,-1.5453867,-0.097109854,-0.6307756,-1.5719339,-0.98108035,-0.21902093,-0.11483556,-0.53590685,-0.70903367,-0.8948081,0.30769807,0.5337525,1.0067366,0.927557,0.61804396,-0.34474865,-0.073777616,-0.8281987,-0.08647701,-0.8193448,1.3109092,0.4899911,1.9964043,-0.15287586,0.54790276,-1.6979151,1.0480397,-0.82528406,0.29394588,0.3886309,0.11398209,-0.7651911,0.18276756,-0.41039774,-0.03403943,-0.6722503,0.6600697,0.11847393,0.6503948,-0.19244766,-0.7853203,-1.5645171,-2.3900673,-1.1377103,-0.769403,-0.6933168,-0.62949634,-1.602884,-1.0216571,-0.79897654,-0.7540581,-0.81269646,0.54493755,-0.697199,-1.2311178,0.98528093,-1.6384158,0.175761,-1.4386604,-1.4945195,-0.08777976,-0.1405072
-0.7093203,0.75130725,-0.40410754,0.61878806,1.1134192,-0.26369274,-0.3612973,0.31972694,-0.65423715,0.891128,0.59173185,1.8036473,2.2888832,-0.68310916,-1.2967726,0.7226848,1.7084603,-0.26523283,-0.007863823,0.19159603,0.68095785,1.230459,0.79421496,0.7067593,1.0803653,1.9239364,1.2172766,-0.16466936,0.8647313,0.8130639,-1.2551156,-2.2208848,-0.4428458,-1.5730716,-0.33825615,-0.2521251,-0.44978344,-1.1004226,-0.6634643,0.20583686,-2.2920074,-2.0845635,-0.890269,-1.8490783,-1.5195956,-0.9304657,-0.7922412,-1.2571669,-1.4876747,-2.0122745,-2.7794988,0.3535834,0.59813404,1.1590457,1.098607,-0.1626882,1.8189464,0.6933593,0.3881588,0.5061217,0.5397053,2.1880305,-0.6822978,0.40352714,0.5458542,0.5895493,0.800634,1.1972414,0.29279527,1.1378627,1.8383944,0.49641198,0.5634141,-0.034539133,1.5907708,0.7410768,2.0754652,1.2658476,-1.1118239,-2.8347292,0.26073146,-1.7831632,-1.0774499,-0.13787559,0.15319343,-1.8529502,-0.826943,-0.7773165,0.33078998,-2.0070734,-1.4607887,-2.2041473,-1.0571027,-0.73019147,-0.4605496,-2.1475234,-1.5732251,-0.6753719,-1.2244729,-1.5132222
-0.22126383,-1.0720882,-1.0042639,-0.11083159,0.40144247,-0.098068014,0.23022489,0.30991533,-0.39816183,1.364587,0.30761948,1.406984,-0.5801236,-0.5151886,0.6025512,0.75010914,0.8951412,1.1903719,-0.16715914,0.7203626,1.49223,-1.2950091,0.3370528,0.14406136,0.437607,0.8147295,-1.1205081,-0.6718533,-0.12521303,-0.88874143,0.015158374,-1.4702075,-0.5975251,-1.2700279,-0.83115464,0.7262042,-1.1985006,0.42506742,-1.1390133,0.282229,-1.0132633,-1.0266331,-0.9693415,-1.3582819,-1.4663016,-1.6705698,-1.1537461,-1.1856219,-0.3048113,-1.6214811,0.26123303,0.16706261,0.66617155,-0.8223768,-0.54022324,-1.4013234,0.4299491,-0.09463647,-0.22691703,2.2073007,1.1924288,0.07663703,-0.9570772,1.2663174,2.6409185,-0.83078444,0.7244368,2.1480408,1.7964144,1.041119,1.5310266,-1.0294557,1.4205836,-0.47965753,1.8448063,0.49330446,-0.011607234,-0.1233846,-1.0053395,-0.8746663,0.01337161,0.073684655,-0.22007765,-0.7537043,-0.49960983,0.38677904,-0.53101546,0.37471005,0.06740242,-0.27211186,-1.021672,0.5336916,-1.3045064,0.58706814,-0.3930152,0.0152818225,-1.5436854,-1.5198963,-0.1658952,-1.1370631
1.8368179,-0.45821452,0.21846156,0.9270053,1.1459411,1.7924705,1.4780477,0.39372292,1.2496042,1.5506613,-0.4282717,-0.56349474,0.33075413,0.6289522,-0.15822655,0.5912427,-1.0009232,0.8204098,-0.089005925,1.31897,1.0950769,-1.953409,0.75516015,-0.024480676,0.735604,-0.095882826,-0.04378026,-0.97949386,0.51378375,-0.80230653,-0.5505247,0.8552384,0.4733513,-0.82691807,-0.4658732,1.1601976,0.022396306,0.20591797,-0.46170944,-0.02050369,-0.01663643,-0.98834264,-1.3274031,-0.29341078,-1.091803,-1.1966251,-0.89525,-0.0648096,2.3884134,0.020903664,1.7178289,1.4164597,-1.0369699,-0.7204067,1.9029261,1.6242614,1.3924783,0.34517357,0.68857014,1.5747981,-1.8566368,0.5832797,2.4294975,3.0236325,0.8280983,1.6212298,1.472772,0.6900197,1.3402381,1.0046986,1.3909484,1.2683908,1.8411515,1.0810425,-0.46598625,0.5312923,0.9129564,0.027704362,-0.36368087,-0.4156046,1.7395712,1.7013793,1.2415377,0.36669275,0.7217064,1.0897061,0.4674166,0.7532195,2.2233446,0.8898323,0.042341754,1.9877893,0.14488485,-0.15355495,0.07442282,0.50993085,0.42134425,2.6893892,2.9906154,0.9469688
2.8570108,1.9856055,1.5877733,-0.71744365,0.43857077,0.7725134,0.9378123,0.38939038,0.09021144,0.0036306202,-0.28878412,-1.3954037,0.11635388,0.782491,1.7462554,0.15441693,-2.328883,0.052725315,-0.8692921,2.045626,-0.22454718,-2.0021253,-0.14612786,-2.1091805,-0.7561446,-0.5707258,0.41957733,-0.028197678,0.66373354,-1.3611602,-1.5577751,-0.33403948,-0.552873,-0.13251722,-1.3981123,1.0863544,0.2558901,2.1761897,-0.1525296,-0.21979435,1.704461,-0.11081205,-1.315319,1.338893,1.2570271,-0.17300333,-0.6468528,0.75138426,3.492829,2.0764365,2.0456698,0.6606739,-1.2658254,-0.8340023,0.5209422,1.3420106,0.41477984,-0.5486247,0.28679472,0.3650143,-1.2312886,-1.0573257,0.41547593,1.9132878,-1.5085074,0.45760906,1.4214815,-0.4600322,-0.814809,0.9071797,0.08474567,-0.07984239,0.01330063,0.7605344,-2.000906,-0.4355679,0.13680205,-0.49189186,-1.0391347,-0.71626693,0.9278973,2.1840634,0.08097405,-0.6250654,0.17696604,0.03419929,1.5074819,-0.17694063,2.801577,1.9045616,0.7820457,1.3939419,0.14276445,-0.17040159,0.08979044,2.0970998,0.11906567,2.7203634,4.129271,2.0966654
1.245432,0.29235792,-0.13784079,-1.5113093,-0.1746547,-0.15509593,0.16777547,1.2123733,0.747563,0.017508244,0.6018841,0.04188475,-1.3287048,1.6120181,0.63814396,-0.36995298,-0.8522018,1.0145395,0.14433353,1.9161831,-0.5192208,-0.90914315,0.086920284,-0.25839767,-0.8719598,-0.3378274,0.117975436,0.34901837,1.1624933,-1.0080823,-0.79718864,0.82674384,-1.0588334,-0.5485087,-0.92135966,0.5929738,-0.6065753,-0.3334706,-1.719481,-0.23761691,0.738791,-0.13055311,-1.2119879,0.44172797,-0.042737026,-1.311372,-0.46882364,2.1256974,2.079484,1.2646421,0.8378613,-0.06143226,-1.420745,-1.4790429,-0.510765,2.3881154,-0.30041093,-0.7968418,-0.31462094,2.525203,-0.23567325,-1.4297698,-0.76848996,1.5866417,-0.19949834,0.45173374,0.68450004,-0.4162309,-0.086452,0.5055985,1.4176867,0.24008854,0.9197792,0.35254788,-0.5437789,0.39622664,1.5172198,0.14921764,-0.70799625,-1.085043,0.35758272,0.96920955,0.7241856,-0.43862164,1.3029772,-0.9312414,1.1673793,1.069507,1.2247671,-0.06670081,0.38125622,-1.2348989,-1.2868252,-0.59025556,-1.1144589,0.59254265,-1.0059595,1.2014391,1.7069069,0.9921404
0.5186148,-0.8987513,-0.42784953,-0.82938063,1.4427873,-1.1199082,0.49577725,1.5360932,0.5133049,-0.39723024,1.2631911,1.3448014,-1.6949043,-0.21333751,1.406002,1.2012174,0.7148082,2.1702657,1.263915,1.0783409,0.59314346,-0.100720525,0.75681883,1.193173,1.1113374,0.78186935,-0.7084479,-0.8807621,0.8421241,1.0020792,-0.057194326,-0.35619473,-1.7780263,-0.34738877,-1.1520774,0.55005777,-2.4666653,-1.6674769,-0.5091964,0.7845543,-1.8396007,-1.2793959,-1.0990913,-2.3000765,-2.9887824,-1.4350547,-2.4857378,-1.2407175,-0.63181067,-1.6820917,0.6696402,-0.75037843,0.12721302,-0.9883193,-0.10963266,0.3390665,0.8405009,-1.3175304,-1.7350395,1.0064371,0.90312195,-1.3725882,-0.17166829,-0.34310108,-0.9103376,-0.8607664,1.6740713,1.8186722,0.4035157,1.6000609,0.8335979,2.1834562,1.8025655,0.36622503,1.8783923,1.064398,1.2249744,0.5249655,0.01294705,-0.3569181,0.085262805,-1.5246326,-0.9980884,-0.013671614,-1.1384782,-2.0120344,-2.186847,-0.8929339,0.020595334,-1.5610266,-0.8227281,-2.0839648,-1.4956613,-0.89183307,0.6152124,-1.786529,-1.8086405,-1.0228992,-0.58374774,-0.95952976
0.09792066,-0.666582,-0.010112824,0.2293549,0.249467,-0.25925207,1.1986077,-0.0046946676,-0.47923923,1.2023133,1.0173019,1.8397204,0.8996454,0.43162245,0.5872295,2.2566168,3.2473426,1.5849814,1.72574,1.3212165,2.0579388,2.1048448,2.7087076,1.9442275,2.250295,1.4050105,0.4396393,0.46557063,2.555839,0.75759983,0.54609716,1.3910741,-0.25512385,0.4045192,0.7270486,0.45097876,-2.2147717,-1.0658989,-2.5107152,0.9513103,-1.7909449,-0.69292665,-0.09752403,-1.0253072,-1.5628484,-1.5531219,-0.24254431,0.6879884,-0.4889238,-1.340543,0.4172031,-0.74497044,1.5858293,-0.07422225,-0.7477173,-0.8293312,-0.21987805,-0.802936,0.6716927,0.5889539,0.5131246,-0.6293473,0.87049913,1.106808,1.4625342,-0.44783658,2.565479,2.3035796,1.4239862,1.9656762,1.0065318,1.6098913,2.0617185,0.99437505,3.339625,1.0683441,-0.8582922,1.100545,0.08982482,1.4291836,1.2242503,-1.2366096,0.046447735,0.44534373,-0.5162842,-0.9279242,-0.593949,1.3610222,0.4811483,-2.0002944,-1.3205224,-0.3506797,-1.8025005,0.25466177,-0.11102195,-1.2783959,-1.4759151,-1.2940446,-0.9473794,-1.1357857
-0.62916905,0.1617079,0.487873,0.48348504,1.4972076,-0.55710435,0.73710585,1.0787247,-0.15020703,1.2552105,0.009513676,-0.25952378,0.6573639,1.2166443,3.782665,0.6342372,-0.0009872733,0.83851635,-0.181553,1.1525074,0.62805855,1.4316183,0.45780697,1.2742702,0.44493523,-0.2569824,0.2689968,-0.8146992,1.415113,-0.21050625,1.645707,0.8052619,1.0312539,0.64618635,1.9300745,1.1329503,0.14143144,1.1308419,1.9480507,1.7836996,-0.40445483,0.96781385,0.86286306,-0.19788133,0.06581888,0.6641335,-0.37390807,0.024448471,-0.052707955,-0.3829355,-0.677399,0.96911323,2.5780687,3.2907846,0.62789035,1.5140324,0.108617514,2.0603025,0.013817471,0.08280873,0.21911003,0.9900779,-0.5511299,1.4456452,-0.21704607,0.20025265,2.0992877,0.017401187,1.760992,1.6065731,0.95676494,0.63518435,0.514442,2.0337849,1.0183413,0.35904902,0.6770059,0.32566476,0.5307288,0.4851957,1.5928514,1.7512205,0.95659506,-0.6520889,-0.11355785,0.87589246,0.52207977,1.3343371,0.71542215,0.3642374,0.16977675,0.6401489,1.1699945,-0.6023252,0.052507248,0.773368,0.41995734,0.47742856,-0.14730361,0.21061245
0.88450414,-0.4097082,0.46930876,-0.6277324,-0.986705,-0.94181895,0.7442617,0.6906274,1.6101009,0.7948083,0.38732624,-0.25007245,-0.529527,-0.09042305,0.89600563,0.35790908,-0.45040426,0.6264662,-0.7787127,0.5957316,0.041492574,-0.8179355,-0.24724779,1.0725714,-0.68605405,-0.4835097,-0.7580657,-0.3578572,0.34061733,-0.42942092,0.96709514,0.32698593,0.59439063,0.14046179,0.22810552,0.47686663,0.16296358,1.9821609,1.97058,1.8399788,0.86663765,0.1434831,1.220893,0.7265283,-0.6066229,0.56685907,0.8928292,-0.25183603,-0.5765779,0.2574118,-0.25642425,0.67271954,0.6953352,1.0028526,-0.17131095,-0.87317353,-0.38162315,1.2663456,-0.8092739,-0.5955623,-1.2784148,-1.5347162,1.4253951,0.17088321,-0.74382746,0.8778767,1.2661812,-0.7783034,0.15145497,1.0005375,1.0551819,0.19424221,0.86101824,1.4733878,0.19343416,-0.27362946,1.5091535,0.59509957,0.90305036,1.3470762,0.6744151,0.28986263,-0.30999956,-0.3016133,-1.4729725,0.43543637,0.30302104,-0.264944,0.6372545,0.9959191,1.3560064,1.1210603,1.4613634,0.6133413,1.6491508,1.243254,0.79381233,-0.031539515,0.13472554,0.5317684
-0.29921994,-0.87596595,-1.306627,0.087766945,-2.4796753,-1.0515896,0.8269416,0.9316138,0.76329863,0.28568566,0.3837956,-0.43194222,-0.045320015,1.3722408,0.23756243,0.92777056,-0.65110224,0.903842,-0.2217592,0.5452299,0.81950444,0.26575175,0.5233279,0.40050763,-0.17843969,-0.3076833,-0.7307647,0.11672283,0.93070793,0.77308255,0.18718368,1.3294772,0.16975419,0.007624059,0.061726846,0.6901991,0.103274055,0.72763133,0.26878813,-0.6340456,0.2006006,0.59179956,0.20968051,0.37335917,-0.13519548,-0.19251914,0.11921395,-0.07142633,0.59783196,-0.35956693,0.8466612,1.5845039,0.36292762,-1.4551885,-0.66305107,-0.015449422,-0.21207747,0.7825627,-0.8619157,-0.19697984,-2.3178308,-1.2202715,1.689895,-0.140938,-0.21034965,0.19296692,1.1328971,-0.41509506,0.5538419,0.62496644,0.9343869,-0.3396151,-0.07852405,0.3391399,-0.73512125,0.22889107,0.32902324,-0.10885461,0.62337565,1.9365717,0.5260917,0.67629653,0.04952847,0.71485776,0.455943,0.3687975,0.54048026,0.2578797,1.1640469,0.20563883,0.48933417,0.4453845,0.6409594,0.4697686,0.7637442,1.4726027,1.2605582,0.8707468,0.7820773,0.2425844
0.3804994,-0.19110408,0.61126333,-0.18231791,-1.0414685,-1.5712978,-0.88422877,-0.3687975,-0.39297086,-1.0730786,0.08282386,-1.2085347,-0.6454485,1.2171319,1.2370905,-0.50355387,-1.6299604,0.1522295,-2.3851936,-0.24167539,-1.7835052,-0.41266578,-0.8968294,-0.26289466,-1.5741642,-1.3591151,-2.0939455,-0.4224363,-1.1550539,0.18928365,1.3664623,1.098727,1.4440067,0.48587087,0.32486704,0.48984656,0.3891353,0.62899333,0.1780619,-0.26289147,0.6874818,1.3345436,1.812641,1.4083377,-0.20647924,0.58824885,1.4481694,-0.77809316,0.4404168,0.7263334,0.12679139,-1.7662861,-0.3616119,0.22114192,-1.8771743,-0.25592697,-1.1012936,-0.9721704,-0.3335581,-1.3188335,-1.9212432,-1.7524855,-0.75760776,-0.84481657,0.49170288,1.4351283,-0.5782525,-0.9093703,-0.303638,-0.25781256,-1.4431195,-1.7471251,-0.9481521,0.026857289,-2.0928342,-1.7843102,-0.76244533,-1.641221,0.40328345,1.0456121,-1.1002238,0.6061751,-0.82223946,-1.6885508,-2.4309382,0.4764802,0.04780682,-1.2482649,-0.74142104,0.35302007,1.0859883,-0.6764371,0.68786,1.8964399,0.78860325,1.5882424,0.29872176,-0.54105484,-0.3954701,0.27849516
-1.7953598,-1.089803,-1.3554848,-0.75537795,-1.4013435,-0.2951204,-0.9695773,-1.802997,-0.23608345,0.12787582,-0.4572008,-1.7182943,-1.9126787,-0.02257961,0.97756505,-1.0245593,-1.4573646,-1.317484,-1.9408684,-1.1532452,-1.8422239,-1.0895028,-0.976755,-0.71778023,-0.27423376,-1.6544253,-0.41466743,-0.03929176,0.03199208,-0.6705308,0.22354488,-0.4201714,-0.037240285,0.2802672,-0.042431295,-0.36661482,-0.55406415,-0.38135114,1.2138684,0.004819781,0.61469984,0.53778493,0.34094474,0.1584105,-0.4038272,0.58638966,-0.011377566,-0.72860724,0.15491405,0.45891878,0.23325889,0.34739748,-0.7062213,-0.40416443,-0.9246561,-0.42908254,-1.0699103,-1.4740531,-0.25438207,-1.4301256,-1.646147,-2.1486566,0.12222132,-0.046429325,0.046121906,-0.27789152,-1.5411282,-0.7546881,-1.3115841,-1.4669923,-1.6775179,-1.0778697,-1.2168701,-0.54395926,-1.9356861,-0.7811736,-0.52433413,-0.1777732,-0.49460164,-0.08504192,-0.72503847,0.05128069,-1.6093363,-1.1196195,-0.55065686,0.30977377,-0.46411312,-1.569524,-0.9321991,-0.06037257,-0.3796333,0.45470098,0.1025329,-0.8781394,0.65498394,0.10328035,-0.23116519,-1.1554725,-0.11517437,-0.50236875
-0.59007835,-0.30737898,-0.8596423,0.30605972,-0.40757537,-0.7423772,-0.664442,-1.2766743,-0.8691646,-1.3694134,-1.0166994,-1.1131848,-0.78860587,-0.60653496,0.2396373,-1.3582633,-2.4305317,-1.1560221,-2.3069932,-1.4060781,-1.6666849,-0.6448619,-1.9959545,-0.7067259,-1.2394514,-1.236345,-0.989908,0.6360961,-1.0930562,0.8720629,-0.7231851,-0.0829406,1.0746347,-1.366907,-1.0936772,-1.1848226,-0.43958098,-0.7610482,1.0263324,0.35943243,-0.6733133,0.7926495,0.4084712,-0.030658474,-0.38076648,0.6530654,0.19975697,-1.138678,-1.1787357,-0.69441676,-1.2836595,0.089920744,-1.4788477,-0.7272339,-0.8269894,-1.8342988,-1.0653322,0.059277736,-1.461204,-2.0230508,-1.6675942,-0.8997681,0.81927717,-0.6470119,-2.2116163,0.2998987,-2.167238,-1.8061507,-1.7233332,-1.7399278,-1.823074,-0.9891017,-1.7746094,-1.5400746,-2.2362602,-1.4905839,-2.1843705,0.78637606,0.52795166,-0.4942233,-1.6083629,-1.0038041,-0.9154101,-1.0296887,-0.31303033,-0.62450767,-0.4725709,-0.22051957,-1.642804,0.24649645,-0.34712914,-0.88375884,1.4864349,0.15364619,1.3351487,0.22815579,0.1520888,-1.6727881,-2.0052822,-1.205192
0.6162738,-0.027438268,0.7455017,0.8606578,-1.176025,0.33248568,-1.5123192,-1.7969598,-1.1218129,-0.5590256,-1.0305116,0.08529304,1.3711094,1.5207202,0.33429328,-3.3259547,-2.4346507,-3.7754073,-2.6647277,-2.531856,-0.8900777,-1.5726569,-0.8490608,-0.2715409,-0.3714514,-0.5982723,0.021877607,0.7402176,-0.6268428,-0.07311449,0.54738164,0.5696834,-0.6731665,-3.3013709,-1.2056284,-3.8419738,-1.7407881,1.8342025,0.4973674,-0.77484334,-0.7671778,0.58734006,0.3739737,0.5519346,0.563121,0.6718873,-0.7972359,-1.4803432,-0.12042479,-1.2368356,-0.7016219,0.32384396,-1.5654444,-0.33900258,-0.13213587,0.8467587,-1.1996145,-0.93252265,0.2643504,-0.17266494,-1.1167482,0.66921526,0.7937865,0.018241564,-0.82463354,1.9422401,-2.3959,-1.2448897,-2.9871914,-3.0459096,-2.3451834,-0.87793744,-1.9961588,0.37976572,-1.9496742,-1.1241679,-0.5495672,0.8416987,-0.5403992,0.12131021,-1.1008462,-2.1076183,-1.3964367,-1.9440829,-0.09297634,-0.60223603,-2.4403563,0.8980721,-2.6612527,0.25486007,-0.4752121,0.500929,0.63870823,-0.97578955,1.5016606,-0.066097535,0.19283366,-1.1442689,-1.5232453,-1.1852597
0.32186675,1.0150243,0.83298254,0.63530463,-0.04872661,0.65148944,-0.72284764,-1.2410811,-1.5160639,0.6538113,-0.32259727,0.71458274,0.36304548,2.0325046,-0.6813052,-0.31812865,-0.61148727,-1.9343189,-1.3820558,-1.1928146,-0.50549746,-0.6396955,-1.1694015,-0.26260877,0.012769386,-0.48970032,-0.44707692,-0.55251217,-1.1654146,0.8122695,1.9188035,1.353605,0.12374838,-1.6374452,0.020375742,-1.9156035,-0.16384971,0.4345888,0.6136003,0.42203787,0.036436915,0.01155531,0.8046686,1.220472,0.8310893,1.07041,0.33769795,-0.83898824,-0.15800066,-0.49158722,0.16001518,0.8803093,-0.85473466,0.9597203,-0.381743,0.33348972,-1.3599104,-0.042269837,-0.6750162,-1.4283402,-0.45805725,1.1073558,1.7883646,-0.14684266,0.8154977,0.8779502,-0.6074301,-1.2671782,-1.7007805,-1.6201392,-0.9966778,-1.614528,-1.0132568,-0.49464056,-0.2265892,0.6630809,-0.1841102,0.14672245,1.5181327,0.12323474,-0.7918973,-0.82734025,-0.7530002,-0.870674,-0.355273,-0.6876375,-1.0564536,-1.1990523,-1.3889428,-0.41815233,-0.6313252,0.9867839,-0.40026888,0.52723116,-1.1960778,1.1711303,1.2663893,-1.2383802,-0.45725572,-0.60812724
-0.30922058,1.442784,0.30900502,0.26375684,1.1760097,0.9714282,0.008542781,0.5209772,-0.46737912,0.7825204,-0.8824489,0.9895026,0.35254502,0.5444049,0.377301,-0.008113666,1.0582564,-0.0077097607,1.068477,-0.5251987,-0.29640368,0.5484969,0.8960432,0.8825753,0.5305646,0.34862164,0.053217825,0.966553,0.5095205,0.52421945,1.3831087,0.46232665,0.5759897,0.82976866,0.080537446,0.5260753,0.12596007,-0.13363568,-0.062049255,0.3866913,-0.43159783,-1.7934663,-0.12799056,0.13679385,0.4699803,-0.09924781,0.6422645,1.0548552,-1.3694632,0.3280301,-1.7285845,0.75415456,0.3577701,1.4692297,0.6389776,-0.20684117,0.46896565,0.62652105,0.7776512,0.13807864,1.3372384,0.6712457,1.4174523,0.35592452,0.65933347,0.8039743,-0.25596553,0.23066469,0.022829808,-0.7898579,0.38829848,1.2905346,0.8504939,0.09024454,0.9693271,1.3530284,0.8659676,0.9133538,1.2493058,0.28372112,1.2467221,0.67239934,0.7568051,1.2039919,0.61659384,0.87561727,1.0851319,0.7103768,0.6874308,-0.60627055,0.6572671,0.8765004,-0.4222832,-0.93132293,-0.0116727045,-0.37008563,-1.2496376,1.5345415,-0.9436667,0.12310651
0.15749656,1.5631456,0.64554715,1.2666992,1.4989973,1.0914699,-0.15357748,1.6107701,0.29596573,0.23212275,0.643066,0.92522544,1.0371372,0.8727281,-0.36256164,1.0301201,1.6437528,0.8320679,0.8744927,1.0237284,0.27955812,2.0752375,1.2992232,1.0080034,0.5843001,1.3982279,0.70479023,1.3820343,0.14835684,-0.8417177,1.3077406,-0.7759077,0.095727004,1.4814904,1.7016793,1.836927,0.12746568,-0.5292104,-0.9465783,0.6905905,-0.4497041,-1.6248242,0.2562633,0.78702164,1.1976151,-0.26783398,-0.14244153,1.4376112,-1.4024414,-0.5343493,-0.32937193,1.0062598,1.187476,1.2793283,0.12799713,-0.28252387,0.03197356,2.012079,0.20856501,-1.6666676,0.837923,1.3910687,0.8902095,0.1930083,0.43854463,0.15356086,0.9373374,1.5213336,1.1360052,0.9720198,0.3355435,0.06568981,1.2707818,-0.037620567,1.5525883,0.12150849,1.4395697,0.11540539,1.6418939,0.74792016,1.143681,0.46691442,0.95881295,1.1882375,0.36198342,0.16632709,-0.03618479,0.82186675,0.7132133,-1.0162272,-0.7739434,0.5046504,-0.7365849,0.93658847,0.18406257,-0.040463626,-0.4003019,0.23461631,-1.0540283,-0.9110156
-0.82549983,-1.0056646,0.60185724,0.2238506,-1.2113324,-1.2606968,1.4037017,2.0068429,-0.64126396,-0.34128082,1.5495002,-0.63679755,-0.74841744,1.1034398,0.5715271,1.1004488,0.9025691,0.8196492,1.1074519,0.08420716,-0.10049527,0.9135327,-0.9122085,0.0019334196,0.44659346,-1.0246161,-0.43818617,-1.5099398,-2.21616,-1.0706208,1.6690807,1.9444202,2.135206,1.6285403,0.5829982,-0.64014626,1.1857483,1.710272,1.3851299,0.33419836,1.6853555,1.8342444,1.1189882,1.9973428,1.3253804,1.9639424,1.7418761,1.1680126,-0.2570963,1.6784644,-0.96412194,0.6913758,2.637896,0.6481415,-0.42420214,-1.2978885,1.1629725,1.0431914,2.0975063,0.6370674,-1.1527817,-0.1897568,-0.76392007,0.12197355,-0.21990469,1.3269006,0.30711251,0.6302553,0.619042,0.8573212,-0.20631675,0.98064184,-0.8099492,-0.5262607,0.09944844,-0.90726435,-0.5389229,-1.0792707,2.0714686,1.9936596,0.09950412,0.6975593,0.8341608,0.23107564,-1.6562557,0.8038193,1.5093881,-0.08815933,-0.03833013,-0.12807468,1.1805578,0.013624649,1.932224,1.3415736,0.65400386,1.2120837,1.5333815,-0.48729715,-0.50649554,0.4266033
-0.8225344,0.5268473,2.0095656,0.15861268,0.80124664,0.39038506,-1.1333455,-0.23102765,-0.06924945,-0.45391917,0.14963315,-0.7375328,-0.047339827,-0.7617409,-1.1541486,-0.94394845,-0.07660869,-0.4496277,0.5654012,-0.06841665,0.15595701,0.84378415,-1.5616238,0.8471676,-0.7292535,0.8581588,-0.47963956,0.41865438,-0.58542395,-0.24101193,0.08485048,2.6488442,-0.015494855,-0.580791,0.3232727,-0.8702595,-0.045320846,-0.06576221,1.6550317,-0.5220755,0.8471917,1.1523606,1.8341923,0.764033,0.5685023,0.9909535,1.6598412,-1.3822773,-1.0508976,0.33095634,-0.20377786,0.9454885,1.1226417,0.77462035,0.48893037,-0.7001542,0.119882956,0.5333682,2.7422898,-0.2741412,-0.13146351,0.03198879,1.3580676,0.076031886,-0.75431836,-0.6422618,-0.24089979,0.6280076,-0.6769299,-0.6099316,-1.3327203,-0.1741051,-1.2679038,-0.12499129,0.53078955,0.21289377,1.5478145,0.3966104,0.9918919,1.5285598,0.56065655,-0.7409728,-1.1121259,-0.31220546,-0.65784526,0.19106351,-0.20561051,0.029057005,-0.717457,0.6573776,0.4114293,1.0864241,1.372167,-0.3533525,0.14465089,-0.7715951,-1.0965909,-1.0246407,-1.2864159,0.09934063
1.0975559,-0.7631891,0.6055473,2.9927142,1.6933963,0.82605404,1.0190738,0.74607396,-0.0061411276,2.132759,1.3923553,1.198177,2.484253,1.748079,1.365035,0.31847334,0.67043483,0.23962177,1.430758,-0.29090655,0.5839465,0.27187437,0.15887098,0.5762305,0.03245282,0.28667536,0.87916344,0.35401726,-0.33496094,0.39513296,3.1437197,1.3076925,-0.15250956,0.14600572,0.94036496,-1.1689229,-0.7707307,0.0946339,1.0231265,0.44567654,1.1037451,1.9870443,1.3364131,1.8034508,2.746589,1.9528898,2.4547868,0.4522569,0.52496713,0.80694866,1.3686262,1.6495764,0.72934663,1.181776,1.3923805,0.6772713,0.247277,1.1348025,2.4632003,0.4073115,0.87738585,2.389133,1.3058708,1.0501182,-1.4936451,0.18049496,-1.1414722,0.3395415,-0.6732002,-0.7368182,-0.75491554,-1.0350511,-0.44775575,-0.8995269,0.3247659,0.28455693,0.52244717,0.9540461,3.0148005,1.4559528,-1.0441351,-0.84141874,0.35441366,-0.33864212,-0.19725227,0.36410037,-1.9506907,0.25279045,-1.1364806,0.92332464,0.9227121,0.688036,0.6603516,0.87777376,0.008073436,1.4309555,1.3248948,0.18783617,-0.40808988,0.2617947
-0.19818339,0.70132947,1.4357401,1.5994942,2.316903,2.1095412,3.1834168,0.67400676,2.2679734,3.124765,1.5121505,1.7127684,3.1251,1.5155249,1.6425323,-0.12799035,0.66214764,0.6524706,-1.1499543,0.5189264,1.0910133,0.417035,2.162854,1.1709278,1.4269409,0.6421172,0.51643264,1.0711534,0.36423317,1.6044402,2.3744493,-0.23614605,0.113700315,0.29454857,0.15438768,0.5006405,0.6123731,-1.9453205,-0.62461275,-0.76531404,-0.47802263,-0.26209542,-0.8368818,-0.91760314,1.1298345,0.28712487,1.3585656,1.5605816,-0.28465572,-0.12634245,-0.09984495,1.2138183,-0.74909467,2.0642428,1.6882744,1.4144624,0.9566035,2.1677184,1.4151593,-1.3108598,1.4826807,2.624006,2.269679,1.5231408,0.96658653,0.12503181,0.41469806,-0.15689103,-0.24707311,0.23240142,0.69458914,-0.483162,0.98790413,0.14930932,0.62251616,0.66313624,0.60014826,2.1678302,2.8547208,-0.7924189,0.12848614,0.7517884,-0.5391837,-0.37408695,-0.17125016,0.5952303,0.7071296,1.3294697,0.7407556,-0.31652606,0.16204557,0.6046773,0.21933092,-0.7789392,-2.0293398,-0.56592757,0.4334493,2.0369732,0.2430855,0.57072115
-0.7759284,-0.6516912,0.13685933,1.321027,1.6345862,0.2785368,2.0864592,0.27974454,0.7411274,0.49185157,0.5021585,1.0859735,1.7466171,0.37700826,0.54147696,0.91758496,1.1854535,0.73691523,-0.33935484,1.4372176,1.7924076,-0.13855298,1.0285199,0.49491853,0.3659357,0.8634054,0.9644639,-0.35379872,1.1208262,1.8530557,1.624599,-0.14000793,-0.96685684,-0.41125888,-0.37402433,0.50712776,-1.033682,-1.5417625,-0.40350798,0.72855556,-1.5055387,-0.19695283,-1.3850124,-1.7762444,-0.38910645,-1.2153523,-1.5950699,-0.18608095,-0.845006,-1.0101038,-1.2215436,0.083011135,0.87702453,1.4277599,1.616151,-0.65626925,0.8923668,0.94064265,-0.026367953,0.4066762,0.44471487,2.0972128,0.7968078,-0.991841,1.6033183,-0.16434863,1.5143397,-0.3280087,0.43544075,1.2710083,2.360563,1.2178578,1.0336835,1.1309981,1.797814,0.7986166,1.1247097,1.7874192,1.9260466,-0.025517784,1.1072646,-0.05687007,-0.8799046,0.27242094,0.20532162,0.19475862,0.6888311,0.5968028,1.5151023,-0.6411606,-1.589347,-1.3677793,-0.27255228,-0.56090045,0.41103873,-1.270636,-1.3200673,-0.64351845,0.48793164,-0.728953
1.0441077,-1.2631288,0.5181056,-0.8585831,-0.27076873,0.3436302,1.897634,-0.60887283,-0.1625985,1.5727364,0.45016888,1.0233295,0.13946056,-0.34699503,-0.24175774,0.9687106,1.6648965,0.1295132,0.59975904,0.37254444,2.084585,-0.09975342,0.83032006,1.1874751,1.3815814,0.06752759,0.9499721,-0.11475437,0.82046485,1.4973264,0.935229,0.58616066,-0.65245056,-0.27738675,-0.0836835,-0.054209918,-0.9656941,-0.016131507,-0.20694482,1.0785037,-1.1919566,-0.56086487,-1.2468648,-1.3372585,-0.5892608,-1.1909707,-1.6236835,-0.16297525,-1.1894506,-1.6883557,-0.32765025,-1.0905563,0.20253627,-0.45495412,0.5358631,-0.30497164,-0.19768022,-0.38657928,0.9764814,0.7559251,1.0135546,-0.45426068,-0.011695874,0.38968423,0.456278,-1.8823303,1.7076961,0.27785838,0.6312786,0.7004082,1.2540488,0.11983373,0.6636686,0.88425475,1.7448353,0.7593505,0.7243208,0.83664685,0.76952845,-0.43876567,1.157015,-0.29332983,-0.38608363,0.58815306,0.26761237,0.60079014,0.19539222,0.6742434,0.42631078,-0.9320284,-0.7458239,1.637115,-0.92834604,-1.0090914,-0.59292346,-0.47911617,-1.2253382,-0.34514526,0.34390178,-0.87091273
-0.38491425,0.42378646,0.99669695,1.1694417,1.4708675,0.6394852,2.1709743,-0.5003852,-0.108316734,1.5029957,1.1388344,2.299462,1.6104702,0.4853769,1.087257,0.8318154,1.5427513,0.68660885,2.6004243,0.77402467,0.85763687,2.4457226,1.4256613,2.6383247,2.0254214,2.1465414,1.4865909,-0.39135104,1.0881305,1.3920089,-0.062272802,1.135916,-0.37368384,0.8843823,2.4374616,1.3485093,-0.38612723,0.27103952,0.33893907,2.134812,-0.7678517,1.2162303,0.22859974,-1.3897481,-0.09239486,-1.5855078,-0.5233568,-0.9130884,-1.0804452,-1.181277,-0.70066863,0.3808985,2.4432325,1.0600199,1.8108174,-1.6764475,0.72088003,1.2207265,0.21323156,0.5160329,0.84121245,1.008955,0.71260524,-0.027113065,0.2353205,-0.85340196,1.6728106,2.4539764,2.0215964,1.2084821,1.3177248,2.6783051,1.5108248,2.4716096,1.9730406,2.232725,0.6119722,1.5780092,0.47665945,1.6171337,2.2592895,0.045748837,0.8930261,2.0542176,1.1898643,1.0470182,-0.11037976,0.03448155,0.64784515,-0.8596563,-0.2879076,0.5538673,0.25257692,0.80835515,0.5975913,-0.36412686,-1.0523059,0.85802835,-0.017498268,-1.3763283
-0.9373335,1.129204,1.1901141,0.7073739,0.7798125,-0.42481673,0.8355646,0.9771942,0.025988564,1.9664239,0.4446757,0.15316801,-0.100642584,-0.038586263,0.18408637,-0.82629234,0.37660542,1.2024777,-1.1095568,1.259318,1.7629337,-0.6390864,0.9897915,0.38108283,-0.34448537,0.2794338,1.5627102,0.44866863,0.113247655,-0.06394408,1.8196654,0.3914686,0.25611883,-0.95596814,0.5964309,0.95578134,-0.53484154,-1.0148358,-1.2037292,0.73618174,-0.95081586,-0.2245645,0.08138605,0.28040835,0.10221176,-0.7898126,-0.118334554,-0.21318525,-0.906125,-1.0454258,-0.20083784,0.23472545,1.6948254,1.8743683,1.0249059,-0.46014053,1.9870163,0.4206914,1.6431829,-0.49465004,-1.4228219,-0.3286821,1.009527,-0.9919144,2.3945415,0.74887115,1.6921413,0.32751077,0.71969694,1.5898514,1.3469825,-0.28967366,0.43804857,1.4435693,1.0775737,-0.10054354,1.052384,0.59638816,1.7910436,1.3640568,0.88702446,0.6629612,0.16952856,-0.97619057,0.53835005,-0.34671527,-0.08483663,-0.0029984636,1.4613787,0.45072925,0.04307492,0.08917979,1.1616716,-2.8104672,0.59068346,-0.17841893,-1.4051623,-0.0020283933,0.062954046,-0.3439333
-1.2631093,0.32612965,-0.00061645,1.0551955,0.44494247,0.9634356,0.50101227,1.1316037,0.8059253,0.8167924,-0.92881715,-0.46565175,-0.59269804,0.70611817,-0.6889346,-0.3139523,-0.15976866,0.5876101,0.483033,1.3691661,0.30711216,0.011736739,0.12412873,0.67366254,0.31422555,0.23264997,0.6881777,0.28005195,0.23344816,1.5681055,0.6670082,1.041998,-0.41649365,-0.2727364,-0.040677425,1.1928725,-0.98023105,-0.5131394,0.3261417,0.30502933,-0.8614487,-0.5357619,-0.20494984,-0.55183643,-0.11265675,-0.67811275,0.054551546,-0.15330628,-0.6413598,-0.68154794,0.39076796,-0.0029795407,1.1593931,1.4097769,0.6316566,-0.4257134,2.0568545,-0.7686321,-1.4964474,-1.2732159,-1.2763543,-1.1738262,0.39321408,0.79805654,-0.21438278,-1.0481154,1.070685,-0.57025915,0.037533734,0.60346764,0.16357644,0.8571037,0.53960866,0.21962938,-0.19779979,1.0108109,1.0892247,0.25078538,1.2511858,1.2981414,1.8380818,0.38067102,1.004651,0.7666683,0.1638184,1.5392715,0.15007283,-0.018593054,1.0425215,0.08447702,0.5881213,-0.5722761,0.7954344,0.57139903,1.157439,-0.5802507,0.48042384,0.77720124,0.19399086,0.06948412
0.5058943,0.9121323,-0.107934915,1.2957066,0.2172461,-1.0088457,0.4737142,1.6622838,0.46078897,0.047442857,1.1791096,-0.7018079,-0.6825883,0.463833,-0.9738241,-0.08936526,-0.36204344,0.23963238,0.2954513,-0.26336452,-0.9237828,1.0603964,-0.07102101,0.7122689,0.37361172,-0.21042047,0.42615616,-0.17955251,0.21263546,1.3613231,2.448652,1.3599142,1.3566743,0.5947127,1.7048513,-0.13220961,-0.6835076,-1.3870769,-0.34698138,0.19408986,0.007148726,-0.2966912,1.2869384,-1.2269267,1.0817221,0.011479836,0.041606717,0.53480685,-0.37086615,-0.6799248,0.91670185,-0.30177388,-0.011572367,0.7807474,-0.79302883,-0.8712661,-0.077015,1.1138833,-1.8702744,-1.349024,-0.9968931,-1.4944671,1.7689393,-1.1670971,0.8386327,-0.17902665,0.4120748,0.24921344,-0.003340396,0.27574027,-0.85378367,1.2008442,0.83455896,0.46763316,-0.27997956,0.19112605,-0.8562993,-0.667003,0.90749973,1.2441952,1.2433294,0.21846202,1.8316752,1.5536872,1.1233054,0.6799407,-0.24929129,1.0369256,-0.16358423,0.3497011,0.5645287,0.69446325,1.1971776,1.0338899,1.1097571,0.28058806,1.3081129,0.45642895,0.23890528,-1.0912617
-0.44400758,1.173344,-0.31263655,-0.39865056,-0.06516711,-0.16766906,-0.049027927,1.4098519,0.8232784,0.10816235,-1.1882355,-1.3958633,-0.6057056,-1.0426266,0.8574342,-0.8261054,-1.1351595,0.3518185,-1.3036206,-0.20927176,-1.3222517,1.446163,-0.108367495,0.5718915,-0.3928053,0.008200515,0.20251901,0.28903437,-0.027667908,-0.6262192,1.6245848,1.2803068,1.1407877,0.7486265,1.5030959,0.077168405,0.1109784,-0.17603254,1.257791,1.0644119,0.39385337,1.2054757,2.0980709,-0.2820118,0.13688146,-0.05038327,0.47178295,0.28992605,-0.6599656,-1.1959627,0.4059811,-0.2220832,-1.5358608,0.9073486,-0.9159342,-0.9405754,1.431804,0.7395183,-0.74169916,-0.5889892,-0.79734993,-1.2340391,0.19570443,0.1707047,1.1822618,2.3069885,0.19480002,-1.1157726,-0.044382405,0.17765461,0.11393919,0.1880181,0.204253,0.21143384,-1.2505903,-0.4583261,-0.1386842,0.5498049,1.7891191,1.3577492,1.3994312,0.7173171,2.3406239,0.3869921,0.13507837,1.1413738,0.42253128,-0.08068725,-0.36396492,1.0718788,0.8577311,-0.25215292,1.512636,-0.48905778,2.1057594,0.92532814,1.0118716,0.805642,-0.4314016,-0.6623183
-1.2719953,-0.6198025,-2.520911,-1.353716,1.5769727,-0.21013977,-0.939712,0.21523649,-1.6461431,-0.68530065,-1.0869071,-1.423897,-1.8986688,-0.79239786,0.94700354,-1.0449353,-0.61629915,-0.61123675,0.5328698,-0.600097,-0.6840351,0.07190419,-0.6705124,0.94108325,-0.5136613,-1.0836673,0.15424894,-0.08627231,-0.83347183,0.2562343,2.3631153,0.968738,-0.6227167,0.3091614,0.6793555,-1.3060267,-1.55896,-0.6680454,0.54903775,0.48697153,0.119628154,1.555778,0.87673426,-0.34365544,-0.20361416,-0.29943255,0.19166218,-0.6714463,-2.1227038,-1.4687752,-0.7290412,0.5885996,0.3883928,0.46320525,0.36866665,-2.2497747,0.2900119,0.20333484,-0.43546322,-0.34172976,-1.4944937,-0.32271895,0.5934288,-0.712155,0.6597355,0.5124994,-0.50238335,-0.3909233,-0.66005385,-1.0596508,-0.72743636,-0.36931276,-0.15112545,1.41113,-0.40693212,-1.5108511,-1.8766236,-0.6267906,2.6790252,1.975139,0.4016978,-1.4865061,0.8653629,-0.46444565,0.50246876,-0.8292366,-2.246744,-0.78718746,-1.4594615,0.25385454,-0.13576336,1.7100182,1.876701,-1.410456,2.0454085,-1.0931623,0.3146272,0.28476915,-1.605635,-1.5239599
-0.1779033,-0.22208872,-1.3660458,0.3836841,-0.8217223,-0.94321835,-1.1616528,-0.023334369,-1.9554304,-0.47190538,-1.7403522,-0.46312195,-0.54879355,-0.030341692,0.5711466,-0.102313854,-0.3972925,-0.22233641,0.77448785,-0.23084266,0.63054246,-0.6573729,-0.2296939,-0.8403391,0.003486337,-1.835876,-0.033512454,-1.0269481,-0.41367567,-1.196603,1.7154037,-0.4163736,0.30080625,0.581086,-0.30066305,-0.41857335,-0.3953159,-1.1384385,-0.99369377,-0.87816894,-0.08867892,-0.3329473,-0.061193332,-0.7623953,1.9113753,-0.36581898,0.6005921,0.36495557,-1.590724,-0.6205299,0.9256386,1.3856151,-0.2736786,0.5440183,-0.025313918,-1.6810676,-0.4711799,0.7343522,-0.4558104,-1.2595714,-0.5840006,0.1380193,0.48748818,0.4396054,-1.3295888,0.083739296,-0.88846064,-0.8629349,-0.6752178,-0.8320497,-1.8417943,-0.5483539,-0.62855935,0.30951107,-1.3670758,-0.3067152,-0.3653263,-0.52549636,2.0657835,1.6986548,0.18647283,0.3813275,1.0947837,-1.1045272,-1.1911584,0.78009,-0.9370936,-0.46709958,-0.51097053,0.35964644,1.0166614,-0.3711404,-0.21325144,1.0228204,-0.348589,-0.57064646,0.7513399,-0.66757244,-0.633273,-0.29013485
-1.5998925,-0.049767,0.11422914,0.27044123,0.23533495,-0.7001489,0.59387475,0.11337256,-2.3613358,-0.8937807,-0.42387626,-1.5349429,0.2406601,-1.0074058,0.5273025,-1.5416137,-1.5697238,-0.09033722,-0.41258842,-0.047780316,-0.9015271,-1.4679028,-1.0785141,-2.363023,-2.1086552,-1.898559,0.25002572,-0.1936239,0.0152646005,-1.9670821,1.0139792,-0.9080538,-1.0366596,0.36036497,-0.66922426,0.10166321,0.7602663,-0.08526291,0.08167144,-1.6283431,1.0169942,-1.0760546,-0.7129195,0.92552006,1.7478011,-0.052696656,0.7459065,0.8040063,0.553191,0.7591903,1.2279849,0.27229643,-0.48864716,0.8417104,0.5362797,-1.0195363,-1.6580257,-0.47565863,-1.2929996,-1.9331862,-1.0462168,0.50708896,0.364541,-0.049782157,-0.49284786,-1.2677943,0.26765525,-1.0456406,-0.30017772,-0.10121711,-0.97615016,-0.55713135,-0.3193818,-1.066682,-1.2431964,-1.2890328,-1.0958073,-0.58895904,1.1389979,0.11389703,-0.018302225,1.8818425,0.35180107,-0.8718987,-0.25356728,1.0751718,1.5381073,0.2016094,1.3601148,1.3624305,1.1178495,-0.89687127,0.6954734,0.6824548,-1.0769567,0.64522535,-0.3464833,1.1861514,1.1308262,1.0977592
1.2990661,1.4734244,1.1358569,0.897414,-0.34967792,-0.40316734,-0.0163315,-0.27216804,-0.4841142,0.01185235,-1.558311,-1.4921174,-0.8416276,-0.19276659,-0.9453815,-1.3572406,-0.8930774,0.04405808,0.8364783,0.9122781,-0.47867015,-0.38637832,0.13733147,-1.4985588,-0.87566984,-2.089751,0.15783606,-0.7673391,-1.3786896,-0.5693716,0.6655208,-0.2424906,-0.27701148,0.5395249,-0.22794941,0.845122,2.119582,-0.45135996,-1.4625639,-1.6294485,0.32058692,-1.4390194,-1.9391803,-0.30325785,0.64798087,-0.8656601,0.24381308,0.56766355,2.1817226,1.2772481,2.0488586,0.53029484,0.050652154,-1.0841467,0.38615423,1.4160188,0.92061883,-0.7126331,-0.32737404,-2.7470167,-0.75577796,-0.0432911,0.6359223,0.572367,-2.1107621,-1.1350871,0.31853026,-0.4481457,1.4167107,0.98456854,-0.8161819,-0.41755003,-0.63992536,-0.74720186,-1.3059641,-0.600213,-0.9441956,-1.338076,0.5859463,2.2390168,0.8629725,1.9357867,1.008803,0.32092234,0.20633398,2.2170086,2.0495334,0.19641228,1.355209,0.53636956,0.2635144,0.29617342,-0.04075707,-0.16671914,-1.4305593,0.3657743,-0.28212705,1.4354167,2.4009495,2.5553148
-0.3479925,0.7526265,-0.024640165,1.9367133,-1.6390424,-0.85448384,-0.8605922,0.124232106,-1.8061615,-0.5976181,-0.8255284,-1.0457406,-0.9237061,-1.4032526,-1.9025779,-0.87550014,-0.29282668,-0.24457179,-1.0037284,0.19248761,-0.8631028,-1.2115533,-0.87073225,-1.6395416,-0.06880909,-0.7319417,0.875947,-0.68657213,0.48157224,-1.5851828,-0.040457282,-0.0027296927,-0.81451446,-0.7329278,-1.1169761,0.69190323,1.2456986,-0.025179548,-0.5778684,-3.335005,0.22861807,-1.9869859,-1.6489967,0.39827564,1.1789367,-0.20399988,-0.15455082,0.7849527,1.3288494,1.1513652,1.5061758,0.89211774,0.35866657,0.46265292,0.22806792,0.58366406,1.0285265,0.96490216,0.08800991,-1.8213007,-0.3841316,0.46835193,-1.6946259,-0.69150245,-2.4050298,-1.4758496,-0.14662056,-1.5350544,-0.08411537,-0.057855684,-1.3508489,-0.40766683,-0.9796384,-0.18786876,-1.1116073,-0.062427197,0.07730036,-0.4602864,-0.13164426,0.77796847,1.1222419,1.7061766,1.0959173,-0.12349334,0.77133757,0.71908206,2.1290276,-0.31790373,1.4557614,0.60596716,0.684285,-0.24083182,0.3076689,-1.4755638,-0.31447265,0.5448418,-0.02068149,0.7466066,1.5279633,2.3446171
0.7413892,2.0935717,0.5770154,-0.7116009,0.2202307,1.1060042,-0.31498837,1.7304883,-0.6117137,0.8198754,-0.56230056,-0.1728963,-0.17343037,-0.3420848,-1.2604433,-1.2775725,-1.1001815,-0.34613752,-1.2532376,0.44905528,-1.4336174,-1.2677944,-0.49426186,-1.5288645,-0.60828674,-0.11284752,1.0607861,-0.70095295,-0.22266394,-0.30606574,-0.5929677,-0.98510134,-0.4804219,-0.38396895,0.17310895,0.7425039,-0.5496866,-1.3643036,-1.2634947,-1.9703488,-0.45085353,-1.9020616,-1.2027316,0.4868926,1.0696535,-0.74651974,0.012431638,0.3521992,0.7432477,1.2430948,0.02923316,0.24462602,0.569654,1.2963904,1.564186,0.9764648,0.51408285,-0.54281837,0.32529902,-0.6152634,1.1288075,-0.9464818,-1.5384649,-0.26362735,-0.51838,0.42123377,-0.8003863,-0.7622636,-0.25310683,-0.03360931,-0.4370799,0.3610858,0.14418392,-1.5886325,-0.94121236,0.28688577,-0.09447297,0.3610623,-0.0014350547,-0.42701295,0.33193353,1.7074196,1.936442,0.7144755,1.1433845,1.1240349,0.45567828,0.22694544,1.2597003,0.08876172,0.707062,-0.1755488,0.52680975,-1.1033849,-0.8911803,-0.39883494,-0.49635753,0.5295322,0.6244746,1.3185233
-0.72462505,1.5824535,1.1560853,0.17601074,1.7874511,0.9964436,-0.6919511,0.15540926,0.42617068,0.19727421,-0.49526438,-1.4675488,-0.72811085,0.09999471,-0.67909676,-0.47301167,-1.4577386,0.11198641,-0.2443174,1.6320755,0.28860041,-0.8251067,-0.26843715,-2.2954261,-0.9952715,-1.0684061,1.3010868,0.23053475,-0.73469955,-1.8475401,-0.15410559,0.61276144,0.10614864,0.052336242,-0.105875425,1.0160855,0.76009905,0.7094795,-0.04170327,-0.7879954,1.0222008,-0.079509646,-0.91865987,1.1520662,1.9979619,0.17712477,-0.23014808,2.0435317,2.1876276,1.854588,1.392292,2.1360304,0.4670058,0.9969748,0.36414108,1.9996048,0.8461133,-0.6985041,-0.55566776,-0.21702987,0.56305164,-0.3487947,-0.34542957,0.41263834,0.10249839,0.25033322,0.03809563,-0.4633538,-0.16681352,1.0797662,-0.3686653,-0.2977097,0.3566853,-0.20185181,-1.4726171,-1.7364893,-0.0024874792,-1.1350862,0.22848994,-0.43155834,-0.19146296,1.6972973,1.5093637,-0.5049411,1.0732863,0.9017564,0.7551695,0.5055548,1.6379701,1.4101996,1.0540016,0.83126515,0.8403392,-0.5162037,-0.8287498,1.5536984,0.29641104,2.395634,1.803412,2.3117318
1.6332148,2.2122958,-0.4709775,-0.073840484,0.5150367,2.180616,0.74169576,-0.72546166,0.10183405,-0.23027188,-1.7774773,-1.6638788,-1.8117528,0.21559791,-0.5122328,-1.2192874,-1.9897332,-0.6516188,-1.30062,0.38034073,-1.014124,-1.4993479,-1.2091678,-1.3277107,-2.0116205,-1.7020627,-0.43497276,-1.4193314,0.12460254,-1.1768179,-0.8161292,-0.9398313,0.62581724,-1.0003144,-0.68136084,0.52867407,2.1829855,1.5748477,1.3135147,-1.1628867,2.4397197,-0.4556749,-0.12189236,2.9394643,0.15191536,1.3338629,0.9484528,1.1335787,2.397238,3.1750631,1.667868,0.99815655,-0.9548775,0.7458212,-0.5591159,0.59177095,-1.6662763,-2.0381672,0.18607534,0.35257825,-1.3953366,-1.751571,-0.28352574,0.43011016,-0.58602756,1.5988975,-0.373425,-1.5469244,-0.70551556,-1.0991113,-0.83331215,-1.4826607,-0.28534922,0.025709972,-2.1635873,-0.84899217,-0.7814624,-1.5550668,-2.0203605,0.5536734,-0.6403819,0.43932337,-0.44904843,-1.3572065,-0.16762614,0.19308107,1.6247838,-0.104359314,1.2156541,1.4525845,1.1172926,-1.2182925,0.8063451,2.339687,1.6944683,2.0602007,1.0762626,1.4322106,2.248657,3.3520827
0.96341795,0.38698483,0.7817929,0.16726865,0.9269487,0.22753546,1.3254735,-1.32918,0.44201258,0.5832067,0.23410621,-1.0563076,-0.25265625,0.70017785,1.6231506,-1.2265513,-1.9242136,-0.6794473,-0.6979256,0.7905408,-1.4666361,-1.255356,-0.78414387,-0.7548875,-2.5065699,-2.276464,-0.053921722,-0.55581594,-0.5810195,-0.872315,0.12206725,1.1037065,1.7666924,-0.5484667,-0.8941062,0.10916241,1.6646627,1.4385989,1.3168584,0.0017580389,2.0987852,0.6567141,0.016991664,1.1911604,1.5128411,1.0970705,1.6660731,0.67230225,1.5141554,2.5597136,1.6700659,1.66728,0.24589245,0.1812032,-0.40133488,0.3701948,-0.28076878,-0.8360057,1.145165,-1.5114144,-1.2510748,0.07044274,1.5145075,0.14836618,-0.864957,0.83692276,-0.8412888,-0.44307402,-0.9984406,-0.5271215,-0.5567572,-1.0665996,-0.9581256,1.2571311,-1.815507,-1.3352746,0.12832765,-0.757165,1.0008428,2.5778563,0.0024948253,0.24975404,0.008642696,-1.358652,-1.0562042,0.5077557,2.7286863,-1.2075131,1.2291723,1.9276019,0.41072163,3.2848713,2.1609921,2.5170827,1.2268862,2.1060245,1.3502265,0.9351709,2.047237,2.6160996
-0.6605345,0.2297671,-1.3862787,0.04760098,-0.7463895,-1.1114392,-0.7984254,-1.2886074,0.05905745,0.57820255,-0.40202376,-0.73375666,-1.1466924,-1.711191,-0.09711299,-2.0872304,-1.4635383,-1.1429789,-1.2825458,-0.33288103,-1.0273399,-2.0083253,-1.9397016,-1.3811547,-2.23747,-1.2951967,-1.0936906,-0.8277877,-0.34277138,-0.10166929,-0.19752409,0.49102825,1.0134097,-1.2970668,-1.9087864,-0.38934395,0.33553672,1.8076,0.9472679,-0.4745863,1.8050065,0.22558296,1.2542156,1.2199746,0.38486126,1.1927581,2.0002782,-1.3152674,1.4870878,2.0622642,-0.5089509,0.98655194,-0.1423908,0.42520538,-0.95384246,-0.94721925,0.28517526,-1.7720952,-1.5819995,-0.42502025,0.055439208,-0.10016972,-0.22904551,-1.2603979,0.04304801,-1.8622211,-0.5893706,-1.0774893,-1.6786169,-1.4436065,-1.8379993,-1.2260498,-2.1481931,0.6063764,-1.5379779,-2.327901,-0.6341502,-0.22646156,-0.12008788,0.9927593,-0.50261736,0.5842052,-0.17787957,-2.0448134,-1.823864,0.34725288,1.2410555,-1.171523,0.58657926,2.8579156,0.41913193,-0.29788417,2.071712,1.0941879,1.0022514,0.62906337,1.6347022,0.0040144874,1.0114439,2.1993566
-0.5575301,-0.79277194,0.7245749,-0.47018588,0.7492164,0.0068462174,0.26633364,0.28215188,0.07476742,-0.20015815,1.0578308,0.34684128,-0.7052079,0.7920366,-0.12630974,-1.7881787,-0.96131134,-0.9069427,-0.16259353,-0.40270436,0.13758662,-1.2600688,-0.86172,0.1668103,-0.21423827,-0.5559485,-0.53086835,-0.26357466,-0.13082744,0.5435673,-0.5665315,2.6639469,1.1950287,-1.5916158,-1.285275,-0.35326707,0.60240954,1.7173395,1.6320677,0.6371258,0.9045535,1.6409183,0.12756,1.8141719,0.024395172,1.7162528,0.7004495,-0.8717239,0.13935594,1.2633847,0.42660537,1.2789954,0.029551875,-0.0020902923,0.17305934,-0.34309456,-0.36306164,-0.016314236,0.26931116,-0.15396665,1.1134999,0.12293173,0.20939699,-0.55650306,0.09556545,-0.6347443,-1.528194,-1.1624914,-0.35588887,-1.4005597,-1.1262159,0.42303246,-0.7058501,0.59173465,-0.17098193,0.089774914,-0.019143593,0.08220692,0.08405579,0.23062475,-0.27494028,-0.954239,0.06645026,-0.9921076,-0.6027057,0.07702077,-0.72712106,-0.27251923,-0.099478416,0.81874794,-0.3027794,0.41501412,1.7507111,1.2037141,1.053088,0.97363555,0.41008052,-0.40224254,0.32537884,0.39514107
-1.5689124,-0.26519316,-1.3783708,0.98145574,1.6846284,0.027012298,-0.0063205324,-0.7327787,0.653637,-0.027095921,-0.4790579,-0.2969153,-1.2320323,-0.55313563,-0.3333063,-0.8871268,-0.35590333,-0.07999701,-1.1279731,0.18229042,-1.2646787,0.022754876,-0.6935427,0.2736392,-0.8880211,-0.9132484,0.021474365,-0.6644523,0.0019624648,0.35316834,1.0348439,0.08148195,-0.14779094,0.5595455,-0.7842146,-0.80817175,-0.7378588,-0.58555394,-0.036809046,-0.5502751,0.028947102,1.5034647,0.26856583,0.3094643,1.365707,1.0708729,0.46674344,-1.3478621,-0.45325908,-0.3669794,-0.26697367,-0.5088255,-0.75493497,0.24264617,1.2811087,-0.537261,-0.33551714,-0.3271913,-0.94605094,-0.44577298,-1.0533478,-0.19950081,-1.0190921,1.1471483,-0.8800549,0.23931739,0.1863236,-1.2013587,-0.12203107,-0.31925184,-0.26951727,0.06250628,-0.110626176,0.8631769,-0.1815221,-1.0176965,-0.09826101,0.99292505,0.8401631,0.54587245,0.7605982,0.0111146495,1.039736,-0.7152767,-0.21427281,0.60553837,-0.76916486,0.48798755,0.10594921,0.42625332,-0.22886388,0.07029721,0.74784297,0.22083098,1.9937127,0.28403148,0.6707503,0.3549491,-0.77109575,-0.8122231
0.46172142,0.409624,-0.08744917,0.5998468,0.49015394,-0.6491642,0.31807113,0.5357147,0.75798297,-0.17316198,-0.36661062,-1.0401734,-0.52201784,-0.89500624,0.36892366,-0.70227027,-0.27050155,0.43118143,0.075064965,0.846042,-0.29320306,-1.1933638,0.1760976,0.8119395,-0.8541618,-0.035667416,0.15656216,0.47395125,1.0489938,0.11634067,0.44704172,1.6317471,0.3389103,-0.38325876,-1.4916958,-0.030275082,-1.171169,-0.102520175,1.0594598,0.15715262,0.94644326,0.9388594,0.05254374,0.4683554,0.7245852,0.08695436,0.09524195,0.5686269,0.34604308,0.3862352,0.30784214,0.8268395,-0.7708364,-1.0272865,-0.6820772,-0.17460303,-1.199443,-0.9989188,-0.32200143,-1.1367774,0.10113247,-0.9193499,0.9622584,-1.1500493,-1.0773658,-1.2782559,0.35480967,-0.06386395,-0.7370884,0.06517888,-0.10649926,1.5372789,0.07995094,0.22083683,-0.5737124,0.5841859,-0.5751474,0.3732429,1.1554697,1.6380363,-0.5683029,-0.7831096,-0.1887862,-0.6907673,0.20594491,0.24580407,-0.6378528,0.3159194,0.92121166,0.9542816,-0.26284656,0.9778418,1.460071,0.17254004,0.36142007,-0.0929776,0.25574964,-0.21450165,2.189045,0.13734858
1.5998372,-1.017036,-0.5401919,0.18196799,-0.086001515,0.28660202,0.35154346,-0.16178691,0.5419774,0.13353865,-0.034106206,-0.5789236,-0.37570757,0.055158604,-2.0069175,-0.25777638,0.0818731,0.7833673,-0.7434671,1.5709203,0.11772903,-1.1825737,0.78602326,0.13342376,0.20864592,0.32803974,0.37133983,0.528559,1.0944574,-0.0063045262,0.24629098,0.26004225,-0.6946643,0.09661766,-0.7911686,0.37654987,0.50233597,1.1120965,0.27953246,-0.06956824,0.6368581,-0.15981872,-0.9770874,1.1253879,-0.2794144,0.0867153,-0.43561146,0.4116357,1.0776417,1.1419239,-0.37008187,-0.5850344,-0.84170544,-0.8190425,-0.04129847,1.3231846,0.4183872,-1.8543068,0.30088225,-0.39542335,0.3665597,0.67153496,0.44040346,-1.5140415,-0.23868854,-1.1721076,-0.011793221,-0.870376,-0.08553941,0.48536715,1.5868534,0.71008945,0.8923111,0.80938655,0.08603356,-0.5695676,-0.5947434,-0.35642657,-0.75123876,-0.0641699,-0.4071286,-0.21363297,-0.24236766,-1.1244634,-0.25818685,-0.1866673,0.46329185,-0.17361474,0.5242859,-0.16672824,-0.43919912,-0.12456777,0.34015247,0.32665133,-1.0227472,-0.32477555,-0.2384076,0.21543613,0.8723832,0.8034677
1.5290232,0.32335868,-0.08674296,0.8817679,-0.120326675,-0.35423195,1.267262,0.39421514,0.25392127,0.9965785,1.6105835,0.40034288,0.63059795,-0.24299005,-0.36574438,-0.69341147,-0.6002532,0.90614593,0.58825976,0.9342406,-0.5358834,0.72920483,0.023239614,0.9977974,0.03609301,-0.3168025,-0.08760321,0.007345555,0.46897736,-0.2212798,1.2030947,1.3791815,0.8187332,0.5531007,0.15983824,-0.8285167,0.2876648,1.4958123,-0.33375567,0.24950905,1.8192458,-0.1772607,0.30541378,0.49536094,1.3926996,0.6743483,-0.15646556,1.2687297,1.9657075,0.88993716,0.9196519,-0.9632654,-1.8256745,-0.42428023,0.28541905,0.9876286,0.5512497,1.0742893,1.6674601,-0.2919643,1.3639907,-0.192453,0.5203972,-0.2690301,-0.31481093,0.48571923,0.38333648,-0.2811975,-0.44034672,0.12183339,-0.3893584,0.7326738,-0.29546708,-0.19708021,-0.9108961,1.3977919,0.6452136,-0.47529817,1.1638072,1.2517402,-0.2226606,0.595769,-0.44694847,-0.25757775,-0.49546808,0.7632651,1.225162,-0.7319621,0.58878124,0.7458622,0.685679,-0.1221986,0.29530102,0.5150141,0.1542468,-0.6297757,-0.2011795,1.2164096,1.6859568,0.73406565
-0.6517363,1.0192983,-0.12464532,0.5185904,0.6596131,-1.3252141,1.5185424,1.0212214,-0.41413847,0.74952143,-0.85446113,-0.657596,0.08800124,-0.35009938,-0.38763896,-0.71020037,-0.15488131,0.4076476,-1.4778695,0.5737512,0.3733076,-0.22428234,-1.0538168,0.5838602,-0.03832711,-0.50181663,0.16666064,0.03311176,-0.12782155,-1.3491044,1.0303149,0.5502703,-1.2391086,0.0842183,0.11231669,0.21712849,0.6647122,-0.8005124,0.27906653,0.19683436,0.08055187,-0.15607624,0.08525198,0.4647545,0.8265826,0.9458803,0.24961261,-0.87759215,-1.618148,-0.55750597,1.7210988,0.4283022,-0.17575362,-0.5254063,-1.8721306,-0.8864474,0.69962734,-1.1255335,0.7734314,-0.92049056,-0.16950206,-0.874067,0.23888478,-1.1920663,0.67265046,-0.48883232,-0.9077497,-0.14838983,-1.4762118,0.10707132,-0.491412,-0.08821137,0.023906095,-0.08335783,-0.16384353,0.45748323,-0.17581071,0.028476883,1.1118865,0.17876494,0.6552752,-0.64231586,0.67671555,0.5134742,-0.42566583,0.44355536,-0.8570419,-0.5680194,-0.30153093,0.326622,0.20259516,-0.6867934,-0.39645162,-0.63458276,0.28287095,0.34243208,0.4038721,-0.19113539,-0.75782305,-0.4386488
0.98530954,-1.0777386,0.42228934,0.14607294,-1.6361612,-1.8551594,-0.8093355,0.4459672,-1.1459605,0.59423846,-1.1636028,-0.79194236,-0.0417056,0.18910499,-0.16203411,-0.67904574,-0.5553248,-0.73268974,-0.3937555,-1.6259108,-0.5913612,-1.4224297,-1.693174,0.14691319,-0.076885745,0.30019775,-1.1538692,-0.19261657,0.17970254,0.02841078,0.47844893,1.1704699,1.7140212,-1.3710701,-0.89609027,-0.75933963,0.3885808,1.5075883,1.6330343,0.12629586,-0.038676202,1.1093363,0.6548947,0.5331088,0.8176696,1.7653884,0.3831295,-1.8386283,-1.0559735,-0.6903776,-0.38179702,0.43870008,-0.1593174,-0.017991643,-0.6915284,-0.18898222,1.2420099,0.48471862,0.029762853,-0.27390143,0.19031361,-0.45101595,0.7504367,0.2706993,0.12213062,-0.12161348,-1.4120932,0.64162153,-0.7810378,-0.5789328,-0.2629054,-0.6963887,-0.5609998,-0.1575205,-0.17559427,0.66142696,0.5617699,-0.09433884,0.46526065,1.2695628,-0.39024842,-1.135386,-0.40065765,-0.5747994,-0.6067836,-0.62441546,-0.8193032,-0.17726457,-1.104008,-0.04732043,-0.7242928,0.8637207,1.2988966,0.3877169,-0.6567279,0.18932591,-0.79280424,-1.1156933,-0.7240027,-0.99602884
-0.37280256,0.48850438,-0.92173904,1.5083976,-0.8195845,-0.5050381,-0.97806156,0.1138536,-0.87035704,0.20245397,-0.6019688,1.1209316,0.14222704,0.18222645,-0.5587234,-0.49313512,-0.62176263,-0.510274,-0.6239125,-0.66711813,-2.0678918,-0.33661214,0.09610242,-0.8690519,-0.73500854,0.7883132,-0.65006834,-0.19471583,-1.2658979,0.368896,0.79036033,0.0111876,-0.7923154,-0.033964884,-0.5122209,-0.32458776,0.7309551,-0.0799396,0.41855392,-0.22911699,-0.17671126,0.45945272,-0.19311497,0.7601821,0.47547734,0.10801224,-0.47374976,-0.768841,0.25088525,-0.4428897,0.33445862,-0.44458646,0.741098,1.3368064,-0.096655175,-0.8494005,0.2627793,0.25030765,-0.11625859,-0.5107425,1.1649706,0.91506255,0.16649835,-0.13666315,-0.3396808,0.5398948,-0.9496494,0.62541926,0.92612493,-0.53657085,-0.59055966,0.25309083,-0.08819004,-1.6549015,-0.19257845,-0.3177633,0.90803003,-0.19639166,0.54743445,0.22724953,0.34214392,0.46621925,0.40389204,0.09847951,-0.45061392,0.07659879,-0.22056608,-0.10382281,-0.052571014,-0.35688224,-0.5508656,0.13331352,0.10079614,0.43620592,-0.7100636,-0.18436691,-0.6430395,-0.5925193,-0.139449,-0.024951136
-1.6250014,-0.13283946,1.1780412,-0.22697963,0.019372353,0.5121814,-0.34219012,-0.20008554,-1.0472296,-0.16249199,1.4237303,-0.75360036,1.5689603,-0.13607831,-0.28397903,-0.29564553,-0.35725495,-0.7304416,1.9094857,-1.2647291,-0.08824423,0.32077426,0.4568579,-0.7734925,-0.15480526,-0.18738015,-0.6877797,-0.25716904,-0.70534235,0.43598565,1.0535806,-0.2610047,0.30036336,-0.71623117,-0.060971268,-1.3050143,0.26232132,0.402272,1.0594243,-0.6347869,-0.26505303,-0.98810047,0.4516332,-0.2849247,0.46287966,-0.21839172,1.3321038,-1.074479,-0.9881684,0.20892863,-0.6219574,-1.4824556,0.70273525,0.9073447,0.24330892,-0.7104281,-1.4630269,0.4465241,-0.07626802,-1.4579219,0.16190259,0.83828455,0.51337636,0.30323136,1.0395675,-0.061032385,-0.4845578,-0.44890618,0.21419537,-0.12186858,-0.6487587,-0.5139628,-0.78785205,-0.32169646,-1.0140558,-0.27090198,0.11153781,-0.25870985,1.5349361,-0.035144918,-0.12527046,-0.34444475,0.20720387,-0.26328617,-1.3487238,-0.006242606,-0.83625865,-0.6331163,-1.0512123,-0.92709076,0.35447824,-0.087905414,-0.31291226,-0.30768263,-0.16485293,0.34157908,-0.49898282,-0.72126657,-1.0377297,-0.27080625
-1.552902,0.5341111,-0.17442745,-0.03745618,-0.3748951,0.5873312,-0.8298806,-0.96152216,-0.5764883,-1.0186033,0.051093318,-0.9763214,0.16492562,-0.96108943,-0.40220553,-0.45140806,-0.4756954,-0.30341348,0.053737093,-1.1519767,-0.5135198,0.23235752,-0.5697093,-0.50564677,-0.4544724,-0.23066849,-0.22106348,0.9091737,-0.49536744,0.8987758,1.3873572,0.69317037,0.26190215,1.0143622,0.88327634,-0.3729276,1.5228977,0.4481421,0.83127964,-0.6572302,0.4135816,0.32815716,1.3290092,0.6061409,1.0900913,0.5085299,-0.08534419,1.4132231,-0.12630849,1.2430083,-0.5829561,-0.26741102,-0.019749906,0.28472748,0.836168,0.31165126,-0.9584417,0.09242338,0.91950315,-0.63930315,-0.17219974,-1.1874682,-0.8118723,0.52687246,-1.0149894,0.23349042,-1.1299064,0.2640792,0.5409295,-0.21905285,-0.9990439,-0.30219883,-0.05727545,-0.32570958,-0.4150015,-0.6145669,0.65296555,-0.0061941803,1.8656757,1.5052106,0.0610103,1.0563564,0.652057,1.1831692,0.15424961,1.157044,1.4705796,0.6430776,0.036290597,-0.22267754,0.39341387,-0.10141325,-0.35646376,0.9869437,0.14893977,-0.3509549,-0.34642982,0.7128068,-0.098602526,0.9376731
-1.4651467,-0.056240886,0.75147736,-0.36815953,-0.14799863,1.5212916,-0.5360204,-1.4345595,-0.01591812,-1.2854187,-1.144229,-0.95025927,-0.050545752,-0.5674647,-0.61401397,-0.6484986,-0.037908576,-0.24636398,0.77838427,-0.40931746,0.29373223,1.2356633,0.4594372,-0.7248793,-1.427957,-0.58589196,-0.7194623,0.1159205,-0.20988989,0.44135916,0.9101641,0.2656981,0.41303453,0.99673754,1.2114754,1.0833932,1.4526018,0.9582221,1.8205416,0.069182746,1.1968445,1.6281397,2.0128362,0.5278558,0.8505439,1.0427084,1.9024047,-0.51435447,0.7120058,1.5272968,-1.8024238,0.03970064,-0.4032319,1.0362552,0.50808203,0.23902912,-0.3892885,0.66911507,-0.7092391,-0.14030339,-0.1605203,0.4649264,-0.5760936,1.3992491,-0.39562106,-0.6804103,-1.0609773,-0.41135618,-0.30074373,-1.0201718,-0.38952887,-0.5273453,-0.42431626,-0.14975154,-0.86358774,-0.7371414,0.22944424,0.18073232,0.20490423,1.5275576,-0.6913915,0.105420575,-0.8754363,-0.7630048,-0.5167748,0.860357,0.98165923,1.0783353,0.49845442,0.2546173,0.7737496,0.26808652,0.3430717,0.9861492,0.47295317,0.4393648,-0.10115599,-0.8324302,0.95956105,1.4276761
-0.16598287,1.4431885,-1.4514543,-0.9257408,1.2006774,1.10777,-0.5891076,-0.50659776,1.1316162,0.53032494,-0.14988065,-0.94521594,-0.26533988,0.60142,0.87350047,-1.6886195,-1.8173567,-0.81994617,-0.6881393,-1.0175415,-0.80491626,-0.7197353,-0.41741782,0.21756788,-1.2687434,-0.33944184,0.22729997,0.22083256,-0.39663032,0.71417767,-0.54721284,1.0957602,0.92513937,-0.25683093,0.47290936,-0.54349846,1.0394791,1.1088355,2.098414,0.5419625,1.8768508,1.9590023,1.9234234,0.87263936,1.618948,2.02565,1.5855458,0.42016214,0.77792704,1.756037,-0.69751817,0.7886758,-0.52820194,0.17656423,0.77956814,-0.7101243,0.14771742,-0.20132631,2.0344336,-0.31684673,0.044902463,0.108573884,0.08323806,-0.4331368,-0.04367619,-0.19033024,-0.6642456,-1.3576344,-0.7847158,-1.1128306,-0.3833691,-0.70920503,-0.4527474,0.1501345,-1.3289098,-0.7539422,0.27237287,-0.6397619,-0.6444654,0.13283128,-1.3801582,-0.28679883,-0.6270053,-1.5843126,-0.17055017,0.32491434,-0.22748563,-0.42560953,-1.0903692,1.399424,0.66878223,0.49431205,2.1998653,0.2918879,1.0910934,0.840398,1.7708552,-0.4129222,0.27025697,0.8021467
-0.042952143,1.0838996,-1.3821713,0.4216794,-1.1181751,-0.33428928,-0.20158997,-0.69521755,0.49090296,1.1565304,0.5827488,0.03794469,-0.37521282,-2.0994442,-0.9068155,-0.7419392,-0.9882294,-0.6505251,0.91307664,-0.7908097,-0.66175985,0.16367686,-0.6284033,-0.9134994,-0.7535039,-1.2205716,1.0728892,-0.630556,-1.0860405,-0.9635175,-0.592124,1.5878519,0.72601265,0.46973923,-0.049859017,-1.2195693,1.6833824,1.5814753,1.7984796,-0.3788175,1.8766932,1.1613837,1.3858906,1.7756768,1.7875922,2.1266737,1.8032174,0.318131,0.84962606,1.4249954,1.9545159,1.1745611,-0.84882146,-0.02790683,0.38280782,1.2201922,-0.46460488,0.103197485,0.024488159,0.52697635,0.34256104,-0.022017136,-0.23767187,-0.9750365,-0.08350503,-1.0416507,-0.3239406,-1.0728164,-0.9324716,-1.3252938,-0.59057736,-1.34712,0.026018417,0.4041345,-0.9842543,-1.4071927,-0.05996109,-0.9116757,-0.52909267,0.57274324,-0.4403029,-0.07345677,0.35984972,-0.74326265,0.32670966,1.8151852,-0.62251127,-0.69791985,-1.0483725,1.756831,0.23951998,1.5957918,1.2426095,1.2908319,0.83558744,1.1415157,2.3842995,0.7408101,1.2002548,1.1914955
0.04855303,-0.10370272,1.0940298,-0.52708566,0.2660644,-1.2381896,-0.17395964,0.21296397,0.81942403,0.25392607,1.7529863,0.33849776,-0.57129335,-1.2272457,-0.19383185,0.87743014,0.54279447,0.35798207,1.8151109,0.14997053,-0.1896749,-0.22500302,0.5658129,-0.013971676,-0.80463773,-0.70060056,0.098570675,-0.44788864,-0.22066991,-0.4095941,-0.050164662,0.37534636,1.1608319,-0.39019057,-0.54288614,-0.5230646,1.1121964,-0.12212796,0.5773493,-0.5008968,0.94060546,0.82316226,-0.24416977,0.99522144,0.79271245,1.3706789,1.469622,-0.18348302,0.6860186,1.0864172,0.9037572,0.59664,0.30306843,0.018044392,-0.3960715,-0.6269209,-1.1302961,-1.0449003,2.239142,0.44615948,0.20434402,0.30660135,-1.0343984,0.6269148,-1.5319227,-0.75590414,0.20163955,1.3362298,0.62912464,0.28127128,-0.00080877106,0.62869734,-0.97454876,0.06191763,0.19407001,-0.864368,0.78524935,-0.7155347,1.0483538,0.109225474,-0.95159143,-1.2983143,0.28065568,-1.0962684,-0.7695229,0.027529353,-0.5385685,-0.010186937,-0.21576299,1.5606071,0.971828,0.90855473,0.8211724,0.5195513,0.4128953,1.0243295,1.1593128,0.12712987,-0.015870884,1.8065954
1.0111362,-0.21354438,0.42798615,0.2230171,2.1071756,0.65682346,0.7203786,0.87673455,0.8593678,1.7636675,0.23116842,2.2609317,0.93499756,-0.8722677,-0.39254087,0.6984043,0.7170513,0.20323956,0.71339804,0.4357353,1.1368576,-0.16680598,0.53664917,1.0010772,1.1844974,1.5885864,0.051777914,1.107123,0.45028776,0.5777792,-0.12380373,-0.6055907,-1.319119,-1.6112722,-1.0910778,0.103628814,-1.5173208,-0.8602807,-1.708273,0.48041344,-2.3543818,-0.39740074,-1.9008933,-1.0512997,-0.99536884,-1.8709569,-3.0441952,-1.244906,-1.4777966,-1.7651678,0.41641343,0.4494644,1.0283868,-0.006422764,1.6074449,0.09901721,0.8513974,1.2513738,-0.9081515,1.0407975,2.519804,0.59246016,1.7853867,0.52904046,-0.7106764,-0.26932564,0.7526234,0.57446986,1.4560922,0.8490097,0.5658672,2.6306155,1.2704066,0.12646864,1.4642763,2.3844695,1.1649612,1.9588133,0.33282757,-0.34219104,1.352486,-0.41303867,1.3240917,1.3874383,1.2178628,0.23354632,-0.45235863,0.9646052,0.7442853,-1.5218055,-0.7525676,-1.1524069,-0.3388129,-1.1338078,0.17169762,-0.50254774,-0.9532437,-0.34689814,-1.1311105,-0.8074517
0.2656442,-0.9312416,-0.12641925,-1.7424895,2.1077323,1.6660459,-0.8660197,-0.06218912,-0.33240423,-0.32636032,0.3290814,1.8420883,1.6531732,0.5236984,-0.1545739,-0.5621702,0.5158266,-0.6118977,-0.11202155,-1.1913171,0.25512335,-0.5938395,1.6624848,-0.15866598,0.94215995,1.7746625,0.07212378,2.0307002,-0.5776723,1.89577,0.22832614,-0.86116654,-2.388386,-2.0670285,-0.99110425,-0.87579054,-2.7051454,-1.1441981,-2.4963782,-1.4046328,-3.274914,-0.5889958,-2.1887658,-1.2581433,-0.673207,-2.5595465,-2.5620883,-1.9470907,-1.2608745,-2.9852347,0.0697486,-0.80783445,1.1036463,0.38572595,1.443526,0.55763113,1.217536,1.1080557,-0.50015163,1.1899179,0.12845,1.7925167,1.6068906,0.24136353,1.44,0.6888297,-0.32193565,0.6450626,0.4302978,-0.13060321,0.6417075,-0.74414456,1.13325,-0.07559927,1.4355692,1.742842,0.33111212,2.8586824,0.17552781,-1.1328709,-0.17581111,-0.61360264,-0.43893623,0.6324783,0.677996,-1.1410147,-0.83732456,1.0067387,-0.47398174,-1.69472,-0.9212671,-1.0853952,-1.4860003,-2.0297961,-0.956731,-1.0543189,-2.2954977,-0.10500448,-1.5367151,-2.9728518
1.5347497,-1.2027817,1.2288443,0.06605417,1.678793,1.9114181,1.7397853,0.58899844,0.4639466,0.114808,-0.2074607,1.1337553,2.9790854,0.48681605,0.5361214,0.36794367,0.84972453,0.27690026,1.0011693,0.016783243,0.8819835,0.3545407,1.333835,0.98029286,-0.09409764,1.5461599,1.246852,-0.12706544,1.4741127,1.5247182,-1.2349485,-1.5940387,-1.0585822,-0.3145152,-0.08040833,0.65450054,-1.2421631,-2.5333965,-0.56546235,0.9413184,-0.9673632,-0.69476587,-2.2005463,-2.077054,-1.073814,-1.9983661,-2.3146336,0.23923068,-0.26131478,-1.5129232,0.10225091,-0.79398584,-1.4949478,-1.5270557,1.4562746,0.08368079,-0.4972496,0.054258816,1.4444923,1.4521737,2.1971247,2.3758676,0.47255725,-0.9376094,0.39971226,0.30198938,0.74359286,0.022643302,0.9776104,0.466641,1.8912438,1.6629156,1.1874393,1.7948391,1.2745566,2.8127534,-0.51214755,1.8797599,-1.0138663,-1.2539519,0.98050743,-0.07475158,0.4058736,1.3410362,2.3832204,-0.29908708,-0.24130188,0.04359641,0.5118321,-1.166359,-0.93317175,0.16879001,-0.8529868,-1.0479465,-0.6921535,-1.431047,-1.2762327,0.8412915,0.38340715,-1.3666371
0.5191038,0.072970435,-0.1575187,1.9682446,1.6262543,1.6023005,0.8829599,-0.0041696792,0.14827286,2.3816655,1.7490773,1.5851399,2.0126843,0.09429429,1.827144,0.89294887,2.0894895,0.7227459,2.0432158,0.5551437,1.4432079,1.4598147,2.1440551,1.5042422,2.8901734,1.5135963,0.9471784,2.522993,1.9993951,0.7272127,2.597775,-0.84282404,-0.0878229,0.5834819,0.35248747,0.48015368,-0.03013218,-0.019796457,-0.5154316,0.9350743,-1.4875274,0.98381126,-0.59000474,0.55086726,1.0791783,-1.0584854,-0.54044694,0.8477891,-0.29258335,-1.000373,0.5626497,-0.53556615,0.8901915,0.7944843,2.6526752,2.553517,1.983642,3.0538514,1.0165757,0.49890104,0.84618664,2.6649675,1.2372103,0.6416282,2.2098167,-0.25063992,1.4331565,0.9459075,1.5999924,0.9740136,1.4708033,0.49012184,2.3470721,1.4045894,1.93018,1.6986482,1.1208475,2.2446706,0.50830287,0.19296496,1.6282097,-0.19514525,1.3374684,2.0783362,1.7928602,0.01485078,0.4422774,2.4482865,1.3004069,-0.24671927,-0.55714846,0.77293384,-0.32609937,-1.5245986,-0.17314294,0.027727596,0.19447637,1.5849124,-0.22642645,-1.0495316
0.6301965,-1.5887294,-0.7743481,-0.8736287,0.3076021,0.6419076,0.7572362,-0.728884,0.2550494,0.4240204,-0.27305576,-0.63962835,-0.13157447,1.3265126,0.67954373,-0.013844708,-0.3602097,0.4384028,0.08324623,1.0906256,0.8592115,-0.15194888,-0.023569617,-0.56316674,-0.124122344,-0.24219821,-0.14188042,0.6773303,1.1477133,-0.35146955,-0.32646808,-0.23731449,-1.6315789,0.110045515,0.13778238,0.9789741,0.3732662,0.040127583,0.48745215,-0.361984,0.34289923,0.14398754,-0.7112951,-0.32400146,-1.173293,0.16025573,-0.6414333,0.85082126,1.1200806,0.09638409,0.30793408,-0.7279644,-0.74908274,-1.6681067,0.17680198,1.1690376,-0.8705656,0.42123476,-0.53940654,-0.7586103,-1.5991173,0.16053516,-0.25636804,-0.52857137,-0.034398638,-0.8879697,1.0033125,-0.24139573,0.2701193,0.79188913,0.9583692,-0.7755231,0.57997954,-0.45358154,-0.06708693,0.68164456,0.38988537,-0.36209768,0.19204803,-0.34722462,0.37895775,0.19920692,-0.6176933,-0.056676228,0.17010921,-0.82262033,0.79744285,-0.81034154,1.0762211,0.009172121,-0.948368,0.46217155,-0.28315115,-0.5075076,-0.74172217,-0.50000125,-0.44514093,0.02780629,1.1572844,0.17684464
0.35379118,0.083807714,0.033918113,-1.1288024,1.0727122,1.3315881,-0.11858867,-1.3125094,0.87575525,-0.3350697,0.5684246,0.53893447,-0.10391588,0.13238525,0.3486919,0.46412778,0.15738219,-0.34720284,1.5284247,0.36127937,1.1438711,0.1281808,0.4640861,0.6749125,1.0716176,1.1307575,-0.15564242,-0.7985627,0.5541263,0.5648182,0.6228663,0.59667605,-0.46971488,-0.092952535,-0.48469308,0.58242345,0.0766581,-0.60144377,-0.84889454,-0.09744887,-0.5463654,-0.30602548,-0.18981,-0.16102783,-0.7815089,-0.51618475,-0.5851977,-0.16616628,0.5365688,-0.085262075,-0.8285997,0.10248237,0.7383284,-1.2695581,-0.30478135,-0.5351023,0.45187196,1.405004,-1.0235906,1.062995,1.3525368,0.9728642,2.6347237,0.45648548,1.8333468,-0.020869354,0.61089283,1.0954356,0.7498552,0.9675442,1.2894174,1.7621461,0.37979737,0.71003497,0.85065126,1.1362512,1.4906849,1.4045106,0.4344566,-0.10535507,0.26890936,-0.23478083,0.058345087,1.0063097,0.4969525,-0.3736555,0.9560679,1.7145555,1.0209026,-0.0061203563,0.8823207,-0.9378786,0.11277092,0.3435579,0.31456852,0.37047437,0.25404805,-0.8069809,0.081247844,-0.334121
0.34055173,0.059217546,0.0015029748,-1.7738267,-0.5318019,-0.39517057,0.13708743,-0.94584954,1.0548635,1.0819839,0.56480527,1.5926893,0.31302485,-0.19596416,0.20049404,0.91021794,1.8019478,1.5195911,0.946379,1.5727073,0.98057526,0.6672894,0.68506074,1.2433236,1.8800824,0.40778664,-0.8235637,0.32819957,1.4244095,0.20185395,-0.0013281242,-0.5406463,-1.0361619,-0.026805544,-1.4474093,1.5197059,-1.0824227,-1.8577684,-1.5218586,0.83558893,-1.674196,-0.8028029,-2.037164,-0.98460066,-2.0857651,-1.3339568,-2.1511295,-0.6820584,-0.51035285,-0.58255184,-0.7786468,-0.08124036,0.012727397,-2.0819082,0.32022834,0.61816597,0.4558833,0.43441495,0.14469226,0.744313,0.67744505,0.8032041,0.8027989,-0.09047139,1.2187817,-0.6574757,0.45631275,0.97907287,0.92286426,0.9392855,1.5026003,0.23652147,1.6999176,1.136683,1.6624157,0.68411106,0.844641,1.4850883,-1.3904171,-0.0069259615,0.52615815,-1.1812881,-0.48235238,0.39226243,0.6093511,-1.366646,-0.2731887,0.20880304,0.3672718,-2.6303113,-1.3597668,-0.4965736,-0.97672004,-1.4480948,-1.8732526,-1.0217375,-1.584306,0.12187967,0.024678253,-0.43733057
-0.5167365,-0.48415244,-0.30279043,-0.4997975,-0.23672666,-0.045061834,-0.98791784,-0.38699335,-1.9735377,-2.4689965,-1.7088704,-1.2705319,-0.46952617,0.43015903,-0.89163214,1.3201063,0.7662478,0.716743,-1.0265914,-0.7406992,-0.874847,0.6649634,-0.07885573,-0.071180254,-1.0144476,-0.86965096,-1.725036,-0.87612087,-0.2654794,-0.7452874,1.1299018,-0.13746613,0.8395751,1.0526282,0.5440688,0.37345445,-0.93022573,0.050368182,-0.23598436,-0.755635,-0.25470996,-1.4856718,-0.40494895,-0.97551453,-0.9421148,-0.29615116,-0.7169844,-0.3586979,-0.63913435,-0.7730252,0.3105019,-3.06683,-0.34663647,-0.7467982,-0.62225634,-1.0451941,-1.8288647,-0.40207615,-2.0979133,-2.2737982,-2.9656744,-0.56179935,-0.89882416,-1.7504714,-1.8357601,0.19137271,-1.1100825,-0.91172445,-0.08673226,-0.31450856,-0.77870405,-1.8058876,-0.07467345,-2.359096,-0.08056691,-2.044131,-1.6033559,-1.6616125,-0.23168854,-0.19425291,-1.3698503,-1.2644886,-2.4024124,-1.0362754,-1.6856381,-0.53896946,-1.2426062,-2.3291368,-0.9182369,-1.7273107,-2.0795023,-0.88331676,-1.4807384,0.9672232,-1.625826,-1.0817882,-0.7697631,-1.4460783,-0.85539967,-1.1061707
-0.24809732,-1.3682095,0.08334283,-0.8365945,0.53839767,-0.18798271,-1.2413859,0.7874577,-0.06658386,-0.7206338,-1.7501048,-0.10414667,-0.08115259,-1.0949818,-0.77713424,0.06475938,0.27747422,-0.36067924,-0.24692276,-1.0939574,-1.3386654,0.047740612,-1.5584377,0.15484828,-0.5590464,0.5492444,-1.6424251,-0.5253444,-1.6426855,-0.2440285,0.91232026,-0.5635705,-0.01728502,0.057214707,-0.44510967,-2.0767767,-1.743001,-0.3450932,-0.16509725,-1.0023763,-0.35474738,0.904298,0.30191186,0.073843636,-0.43566096,0.38452122,-0.31154552,-1.9675676,-2.3287385,-0.49666843,0.12886676,-1.2270688,-0.7402065,-1.5622505,-0.92907894,-1.7921052,-1.7801237,-0.3916901,-2.054499,-1.2915841,0.53596,-0.30613288,0.26267412,-1.0979105,-2.380932,-2.0663965,-1.2514278,0.5886095,-1.7516329,-1.7942874,-0.6304983,-1.5002257,-1.6642805,-1.5192043,0.12772682,-0.09295562,-0.8005667,-0.6709849,0.07971508,0.23438327,-1.8733026,-2.2710354,-1.4717112,-0.45159253,-0.79657614,-2.539236,-2.235559,-2.059363,-2.8887613,-1.2828135,0.14463039,0.2908458,-0.5765393,-0.10515948,-1.149565,-1.1755575,-1.0122937,-1.0697424,-2.1301055,-1.3069427
0.38082138,-0.5459669,-1.0084321,-0.3703002,-1.8802313,-0.21119368,-0.83445925,-0.7152018,-1.5575274,-1.8123955,-0.21268138,0.104626045,-0.24056953,-0.3564878,-0.20766665,-0.07515456,1.1891968,-0.18950884,1.3202767,-0.74014056,0.12591079,1.1132613,-1.4534737,-0.20751517,-0.14776503,-0.9017576,-1.3653475,-0.8097253,-1.6498392,-1.9499027,0.9584594,0.738357,1.3348194,1.2256151,0.19109733,-0.7334361,0.3378891,0.805515,0.46736088,-0.8873583,1.8579707,0.51776737,1.3484476,0.5951575,1.3909862,1.2013396,1.8348379,0.30933142,-0.23517388,1.1022502,1.306965,0.22853372,-0.13008258,-0.8727545,-1.7885526,0.0036700342,-1.3718066,-1.594302,-0.19659616,-0.36565167,0.9466373,0.094521165,0.06949754,-1.2705175,-1.207601,-0.06270767,-1.3109627,1.4148961,0.006583875,-1.1006604,-0.8092464,0.3501318,-1.9918932,-1.5365208,0.14475031,-0.6761377,0.20890246,-1.3401281,0.009357772,0.33698162,-1.2092581,-0.76375717,-1.3719246,-0.50111616,-1.7472482,-0.46537504,-0.5112377,-0.86121595,-1.6082784,0.40262315,0.21197654,1.3929609,-0.9630975,0.94109255,-0.7446276,-0.15229416,-0.17221773,-1.1604737,-0.10068512,0.038324248
1.2546571,-0.5167248,0.05575255,-1.5913783,-0.1830215,-0.6976377,-0.6971024,-1.5581174,-1.4452513,1.0170904,0.56026065,0.11822285,-0.7123919,-0.68456703,-0.0488911,1.1742767,1.0472912,0.9408967,2.100281,-0.006504583,-0.062317237,1.1940869,-0.5423467,-1.106387,-0.24706176,-1.7004015,-2.0496037,-2.1374266,-1.7512215,-1.4966137,0.30633733,0.9189156,0.5563791,0.66995925,-0.06362108,-0.65063936,0.2851174,0.14283846,0.13132371,-1.1031964,0.6410628,-0.76362306,1.3667545,-0.2145204,0.5999831,-0.19728428,0.9826866,-0.46226877,0.62496203,0.76326966,1.5102975,-0.9630585,0.48300025,0.06472362,-0.54201543,0.36336705,-0.1454129,-0.8695669,0.28954887,-0.6078755,1.2256876,-0.38878635,1.105177,0.2966563,0.7532275,0.07346614,0.3081978,2.5551822,0.6203396,0.7438596,-1.0031925,-0.35111102,0.35569957,-1.4518906,-0.1879963,-1.0390894,-1.0921855,-1.9689752,1.0025139,1.5121434,-0.5787553,1.2881831,0.88772666,-0.022432033,-2.1391745,1.5588875,-0.16898023,-1.9953879,-0.6861291,0.987381,1.5840038,1.4414499,0.19866666,-0.6188115,-0.71419954,-0.3423468,-0.13995306,0.5383377,0.4601852,0.94750494
-0.117744766,1.5083412,-0.09580246,0.3626878,0.90499383,-1.5497019,-0.20889026,-0.05980782,0.061106343,0.085716814,0.102373004,-1.3594241,-1.6233615,-0.40922394,1.0731652,0.82911503,-0.02655417,0.71192634,0.7799483,0.91785634,-0.044321332,1.2439063,-1.3741945,-0.21914497,-0.44358158,-1.6344926,-0.11893752,-1.6325189,-0.25345197,-1.2580625,2.0326514,0.89145285,1.8169231,1.2246126,1.7020729,0.54857934,-0.69467115,0.8283224,0.91328067,-0.058579464,1.2227373,0.009158186,2.7159467,0.85288924,1.1781236,2.3109295,1.7695359,-0.10063639,-0.63583213,0.37068835,0.28592178,1.1853806,1.7938844,0.861593,0.034892667,-1.8359711,1.241143,0.19165425,0.5630896,-0.008517617,-1.1631051,-0.53864205,-0.104709186,-0.14151065,-1.37219,1.0089864,1.441154,-0.14612518,-0.30776256,1.4711678,1.1877537,-0.4238297,-0.8278503,-0.34456605,0.12360207,-2.5935001,-0.6766011,-1.172723,1.6854193,1.9838792,0.038598325,0.6759356,0.8307701,-0.30193678,-1.2107121,1.0744375,-1.1996169,-1.3270472,0.2205017,1.2859721,1.6635498,1.5402708,0.8759583,1.8007073,0.84636384,0.78653884,2.165712,-0.6832541,-0.8265234,0.49804482
-0.31362957,-1.0261514,-0.32690623,-1.4786958,-1.7429918,-1.0569793,0.15085088,-0.13057572,-0.33310542,-0.84949046,-1.0467718,-0.34943026,-1.0172385,-0.08754333,0.34675694,1.4349825,1.1180271,0.71366554,0.22382621,-0.21988398,-0.4164291,1.3231932,-0.2216572,-0.41103476,-0.66426283,-0.7341528,-1.9533435,-0.79375136,-1.6373628,-1.5899258,0.8363565,0.8347315,1.1496688,2.264086,0.7324112,0.101493895,0.6740834,1.2594895,0.5130053,-0.49333245,1.9024768,0.2141411,2.088415,-0.08721126,0.87122816,1.1243582,2.1962886,1.4905843,0.5708521,1.4451269,0.5331012,-0.17145383,0.5659782,-0.71337235,-1.6764779,0.12274344,0.81171566,0.5784937,0.20994635,-0.5095019,-0.38488615,-1.8349137,-0.97035533,-0.50303274,-1.0533133,-0.0074234996,-0.5185656,0.7094046,-0.4864524,-0.16710642,-0.8532764,-2.1301198,-1.333342,-2.0105336,-0.9701052,-1.4746283,-0.88665444,-1.8999513,0.92849255,0.40689293,-2.013656,0.50491416,-1.020457,-0.84207803,-2.7829542,-0.7428333,0.09509255,-2.1894307,-0.8155247,0.2680828,0.8711796,0.34949583,-0.18079197,1.2835422,-0.67567796,0.7106734,-0.5481331,-0.25763452,0.19352195,0.32077616
-0.9567245,-0.37488022,-0.078473166,-0.6029046,-1.6657001,0.41602567,0.28029054,0.4052288,0.097148575,-0.14730088,-0.50983924,1.369121,-0.11310782,0.25078404,0.38895798,1.4764224,1.690014,1.1158961,1.2269412,0.49295792,0.91829,1.1288862,0.43488175,0.70833564,1.3691683,0.6176235,-0.37390977,-0.32329798,-0.85291123,-0.26284084,0.7724688,-0.66826856,-0.35947758,0.88055044,0.99988055,-0.50357825,-0.5890978,-1.2756644,-1.6792487,0.16874918,-0.60182095,-1.0116256,0.14205013,-1.8961554,-0.7424831,-1.3517057,-0.28547415,0.11705615,-1.0986758,-0.72536063,0.0444672,-1.0494856,0.27274504,-0.5739863,-1.2804685,-0.04603457,-0.61441,1.052272,-0.9941797,0.115729004,0.4182541,-0.6526983,0.31430176,-0.34853175,-0.1354989,-1.4454594,0.39682335,0.16673364,-0.10507095,-0.37337646,-0.7495254,-0.5108292,-0.14946268,-1.5570831,0.27883133,0.16159938,0.12315217,-1.0871724,-0.15372363,-0.578764,-0.33737785,-0.15479839,0.17528321,0.7524393,-0.2063028,-0.3768603,-0.3123308,0.41282317,-0.9100391,-0.7139438,-0.64286965,-1.3497105,-1.3927462,-1.1919861,-0.19804318,-1.1276553,-1.0369005,0.48467037,-0.6195796,-0.5176633
0.6187159,-1.2878947,-0.6142626,-1.2127696,0.014347195,0.35268444,-0.20683376,-0.85665643,-1.2652395,-0.57687473,-0.2337595,0.04010067,-0.29580283,-1.485665,0.38423392,-0.9437958,-0.45616728,-1.109067,-0.015785959,-0.9689282,1.2663326,-0.42166758,-1.2701629,-0.7687646,-0.52267635,-0.8054325,-1.3919706,-1.3721747,-0.6897732,-0.5595276,0.63803095,-1.1795659,-0.42410684,-0.37952304,-1.3901608,-0.15499268,-0.1987333,-0.7415531,-0.39365605,-0.6688192,-0.9082758,-0.01133074,-1.2458532,-0.4316679,-1.4636116,-1.2311786,-1.6169403,-1.007312,-0.73672587,-0.21617644,0.80625343,0.46962082,-0.70140624,-0.13425124,-0.49350798,-1.093867,-1.112142,-0.049192127,-0.05437128,0.6039948,1.6362269,0.30768305,-0.20290276,-1.2462329,0.22401547,-0.12561522,-0.707057,-0.33491895,-0.7197636,-0.82959366,-1.0341631,0.21535152,-1.0778208,0.99085283,0.122171484,0.45725974,0.20452282,-0.42327985,1.2331779,0.28313586,0.6951139,0.12690201,0.062927365,1.0898046,-0.4997035,-0.2548557,1.2052431,0.16546142,0.0017523456,0.14689405,-0.20019557,-1.2632003,-0.1652804,0.033822678,-0.20110016,0.22677386,-1.1653277,-0.8672642,0.5212576,-0.043713495
0.7010574,0.08867728,0.53851503,-1.0207636,-0.79026544,0.39904678,-2.1018972,-1.5536572,-1.9630644,-0.3586338,0.5363637,-0.15849294,0.56151265,-0.01654362,0.41248104,-1.6245824,-1.7120733,-2.108586,-1.2350881,-2.489282,-1.4022021,-0.8689398,-1.7040266,-0.34023574,-0.39977401,-0.6164055,-0.7318002,0.099088475,-2.3343384,0.053038828,0.62630576,1.2599264,0.32329878,-1.0638927,-0.287771,-2.450991,-1.1147023,0.34926656,0.67974746,-0.38162735,-0.20797376,1.4869169,1.4653306,0.23455746,-0.70226544,0.8208602,0.4805742,-1.7298611,-0.122051455,-0.14361945,0.4808299,-1.4786798,-1.5372281,-0.0020650222,0.24893804,-0.5569038,-0.6534051,0.20022199,-0.02002156,0.20282811,-0.8225656,-0.3840243,-0.08568984,0.800115,1.1851058,-0.21022856,-1.3629059,-0.7262152,-1.1415174,-1.1398832,-2.146072,-0.91106063,-1.9428135,-1.3886545,-1.329106,-0.80086815,-1.8497128,-0.3612063,1.095058,0.38277963,-0.4772051,0.043777667,0.014284495,0.15764804,-0.43801498,0.9321299,-1.1916708,1.2630506,-1.8330852,-0.17809069,0.4791885,1.8055785,0.3297986,0.56241536,0.8155016,0.8062834,1.658871,0.17975241,0.13800079,-0.6280432
-1.1774698,-0.18874273,-1.3953663,-1.9336482,-1.2056378,-0.62350523,-2.0258312,-1.4330292,-0.9801767,-1.6571332,-0.6609927,-1.9128327,-1.2695421,0.740448,-0.6119478,-1.8591849,-1.9453298,-2.7979307,-1.9667261,-2.5063927,-2.8420599,-1.7402016,-2.0059404,-1.516772,-0.96811485,-1.4099063,-1.7346121,-1.0111219,-2.4981084,0.41459373,-0.32924825,-0.49816155,-1.0690365,-0.59958565,-0.84213006,-2.1876552,-0.102393,0.76692015,0.16631599,-0.5272957,0.8907416,0.6454336,0.45456678,0.7472814,0.15719989,1.6150762,1.5951846,-0.80743885,0.8836985,1.201515,1.3054918,-0.5136018,-1.5099504,-1.109116,-0.7662571,-0.37106246,-1.6766541,-1.0671273,0.11577128,-1.4691372,-1.2112777,-1.3358642,-1.875836,-0.5592868,0.07889664,0.4700279,-1.7609288,-0.9582946,-1.3181795,-2.3498788,-2.689704,-0.24582024,-2.4614882,-1.2850077,-1.6865203,-0.36028153,-1.0866971,-1.5311837,0.7506607,0.7580024,-0.56016773,0.9383962,0.14278804,0.57580876,-1.8753576,1.2030641,0.36483204,-1.00078,-2.3452654,0.88305044,1.4831455,0.22812605,0.22654663,1.2942905,0.41023952,0.895633,0.8820108,-0.67542136,0.012128759,0.7589208
-1.4907488,-0.34103882,-2.0406578,-0.6419875,-1.6370249,-0.42589492,-1.828255,-2.1233463,-0.26404682,-0.35059655,0.26961166,-0.80370855,-0.113096364,-0.2734293,-0.3931741,-1.3267367,-1.0391425,-1.8151034,-1.1644303,-2.3072722,-0.4319845,0.48578608,-0.5294816,-0.47406703,-0.51853657,-1.1609979,-1.3049597,-1.6165923,-1.4348798,-1.6676239,1.4513948,0.6820158,-1.3495523,-0.8794709,-0.47700593,-2.5869946,-2.1423306,-0.8873233,-0.37265316,-0.985826,-0.6173652,0.72176176,1.0089043,-0.663431,0.007656516,-0.15987043,-0.18763664,-1.1564211,-0.3924208,-0.80317515,-0.695598,-0.073010094,-1.1637129,-1.2121842,-1.7229813,-1.1538959,-2.214465,-2.107151,-1.1239349,-0.6614989,-0.9777696,-0.6536806,-1.1368718,-0.07894938,-0.79819524,-0.94919264,-2.1543467,-1.0843229,-1.5808984,-1.3429481,-1.5618882,-1.7012426,-0.75862086,-1.8683529,-0.5233874,-1.310426,-0.44272542,-1.7927995,1.3731831,0.7835922,-2.1779637,-0.957037,-0.5219276,-0.43095714,-2.2338436,-0.8254374,-1.237087,-0.63951343,-2.3905368,-0.5100828,0.9544349,-0.48896134,-0.9462145,0.20169525,-0.33771676,-0.07554439,0.85463095,-1.6373589,-0.9993103,-0.92899275
-1.1200192,-0.86421955,-0.5349894,-0.66586626,0.56073034,-0.9928118,-0.14602172,-0.64399326,0.5976935,-0.5359146,-0.08616861,-0.044868086,0.18054758,0.35982567,-2.1507757,0.025977343,-0.43806574,-0.6707985,0.30748942,-1.0331843,0.7439264,-0.53011286,0.7190991,0.17454715,0.5537609,0.204501,-0.14702189,1.1513036,1.0486269,1.5960362,0.3219186,0.6465603,-1.3284017,-1.1370642,-0.16801634,-0.6082968,-2.06215,-0.7429428,-0.75001013,-0.47028905,-0.8421755,1.1501482,-0.25018567,-1.1590792,-0.9143385,-1.0992519,-1.2217803,0.0062454566,-0.74136555,-2.4603448,0.9849241,-0.6803571,0.2774382,-0.4917578,0.049560986,-0.37907875,-1.6085984,-1.0540735,-0.35491553,1.5062677,0.31483236,-0.2608736,-0.59776163,-1.7603805,-0.15016411,-2.6894126,-0.58736926,-1.5004741,-0.10374246,-0.71615785,0.6198501,0.16880707,1.3919517,-0.97153866,0.7711264,1.0022033,0.34080696,-0.4112586,0.45570362,0.48027256,-1.6004652,-1.6664177,-0.5765335,0.47764295,0.28176782,-0.5294894,-1.386656,0.1471142,-0.83067924,-1.2210304,-0.14048353,0.2835099,-0.9155055,0.59223515,-0.28768277,-0.4092789,-0.7272247,-0.073191285,-0.9624799,-1.5450251
-0.009342153,-0.65351915,-0.06677857,0.3047796,0.21264479,0.13155209,1.7798425,0.5890738,-0.35794953,0.5887607,0.95661545,0.6332758,0.008122129,-0.7300784,-0.5260957,0.12997225,0.91486216,0.42954203,0.8392177,0.27060148,0.5523044,0.016064743,1.1528791,1.2363206,1.7569796,1.3931391,1.7078729,1.5536925,1.360706,1.842232,-0.24253063,0.1747947,-0.35022125,-0.8923975,-0.5382165,0.07089402,-0.7417706,-0.53724027,-0.80950826,0.39948174,-1.4798635,0.7519462,-1.213202,-0.011944869,-0.34669435,-0.623674,-0.73964125,0.84716696,-0.50642383,-1.7080897,0.041294012,0.98973304,1.0504111,-1.0106455,-0.32258135,-1.1514602,0.6194747,0.50738746,1.3719494,1.1352053,-0.102819875,0.21425241,0.3454668,-0.5072923,-0.16622056,-0.940364,0.1716609,1.0585122,0.67508364,-0.42600858,1.1385099,-0.07529273,1.3592287,0.9363312,1.1652476,0.5088823,0.33389336,1.4007936,-0.23282698,0.33287987,0.66503286,-0.34692743,-0.0682852,1.2605343,1.3790245,-0.21553645,-0.67903703,2.1044927,0.5913193,-0.91091365,-1.1895941,-0.26847073,-0.13935167,0.6710577,-0.06148885,0.045956388,-0.13608846,1.1837856,0.41068625,-1.2930827
-0.6830679,-0.09819557,0.30206764,0.17196478,-1.9126449,-0.56370795,0.34947246,-0.15176104,0.48118907,-0.8489012,-1.0336729,-0.92087,-0.850453,-1.0456607,-1.2676373,-0.5680799,-0.629357,-0.3984385,0.37187338,-0.080599226,-0.4392458,-1.7467787,-0.68433887,-0.5028974,-1.0451325,-0.47660825,0.55769575,0.08438768,0.037060086,-0.40273812,-0.9464907,0.78342396,0.19104767,-0.11955671,-1.8528187,0.101336986,1.1874838,1.2292066,0.7775306,0.619296,0.7862684,0.35871,-1.0708122,0.8924319,-0.88537014,0.5296552,-0.3232413,0.26911935,0.5967746,0.70662946,0.64945537,-0.13498247,-1.118091,-0.9884382,-0.9777674,-0.31194162,-0.94264317,0.82371306,0.90151477,0.09975214,0.75969887,-0.5578588,-1.3669013,-0.075275265,-1.6142023,-1.1218265,0.0043940437,-1.2784963,-0.31189334,-0.36126274,-0.3292071,-0.15013485,-0.78197557,0.8607265,-0.9257426,-0.46090773,0.8330163,-1.0920409,-0.53490645,0.6165581,1.1298424,0.9050361,0.3607406,-0.25688934,0.2419389,0.42256132,1.1613549,0.046623256,1.0136547,1.2697529,0.9539799,1.1746013,0.49999535,0.45907286,0.022572473,0.8848229,1.2320707,0.15555118,1.1155796,0.7807877
0.32397735,-0.035481766,-0.57563305,-0.46663985,-1.2782212,-1.6102787,-1.8586304,-0.79275084,-0.46640515,-0.013119077,-1.5639384,-0.44803607,-0.9100294,-0.451441,-0.9154621,-1.4571232,-0.93390375,-1.5084867,0.050948333,-1.2755234,-1.1314291,-1.0655203,-2.136502,-1.4038291,0.51500833,-0.38744378,-0.38038856,0.5435909,-0.38339785,-0.44754252,-1.4536264,0.1592829,-1.154102,-0.6909795,-1.232618,-0.3452038,0.09054648,-0.237192,-0.2537666,-0.5253763,-1.0334423,-0.4823506,-1.2096473,-0.46833327,0.026939698,-0.8840269,-1.3692262,-0.6406162,-1.1089263,-0.8322758,0.36333635,0.9811285,-0.90148497,-0.70797694,-0.28123927,-0.8472362,-0.11896621,-0.8154415,-0.42908624,-0.05371129,0.07733095,-1.7416953,-0.38278472,-0.60804343,0.6235906,-1.0782518,-0.11472729,-0.03600386,-0.27008304,-0.67697316,-1.5328987,0.6648707,-0.7570598,-0.34098408,-1.343528,0.41296986,-1.6832438,-0.31162107,-0.3258804,0.16325748,0.6108126,0.46153897,2.3148568,1.1251559,1.8692999,0.7003769,1.4801532,2.8645272,-0.06245015,-0.23747185,0.3789894,-0.16843334,0.01769309,0.29858223,0.13352041,1.5066319,0.4779751,0.7688976,0.19680138,0.19642794
-2.8044894,-1.0227174,-1.4524466,-0.6319943,-0.7481597,-1.0154939,-0.4610841,-0.5542833,1.1685319,-0.51848847,-1.7932727,-1.2206893,-1.424029,-0.64446706,-1.474309,-0.2916948,-0.33542266,-0.25973573,-0.4738742,0.20626368,-0.7223777,-0.88219553,-0.92593586,-0.79084176,-1.4798309,-1.6705124,-0.6984138,-2.0629065,0.61817604,-0.38799542,0.7026761,-0.5863305,0.63954794,0.6969355,-0.79273903,0.5823622,1.3801668,0.650564,0.35186768,-0.110217564,0.059508555,-0.63517016,-1.4449787,-0.70667493,-1.3784584,-1.7792641,-0.32294968,-0.32841483,0.24147229,1.6830298,-1.1626251,-0.58010983,0.25757328,0.1204944,-1.0693424,-0.25263196,-1.0797423,-0.32871997,-0.981324,-1.3460566,-0.6959179,-0.44707686,-0.8374546,-1.1274426,1.1652881,-1.5715467,1.2345749,-1.235328,0.7566646,0.8315205,-0.7765828,-0.05576092,-0.36200824,1.5580924,-0.28282136,-1.4404483,-0.7343367,-0.7932262,1.0494771,0.5288277,0.21247862,1.5350356,0.81380713,-0.13234988,-0.35402396,1.0830798,1.158504,-2.3942344,1.038759,1.0157343,0.95745885,-0.19579737,0.5302269,-1.8622289,0.09156561,-0.5602349,-0.6928682,0.019385332,0.16020572,1.6404505
-0.90867585,-1.3523184,0.7675249,-1.0482433,-2.4628606,-0.6545156,0.07609479,-0.6663374,-0.35079625,-0.12970132,0.9276756,-0.23357731,-1.5607817,-0.7511897,-1.3041118,-0.018147446,0.039986756,-0.79504865,0.19523923,0.19030675,-0.114267126,-0.47869462,-0.47198182,-0.6216606,0.84172386,-0.6947406,0.10822763,-0.14885747,0.7320612,-0.18432544,-0.4396193,-1.0438393,-1.9562311,-0.7889778,-0.7083807,0.011589345,-0.12379969,-0.5800102,-1.4279393,-1.4141877,-0.82090193,-0.30850846,-1.3566513,-0.34769616,0.5074093,-0.72847944,-0.84537035,-0.5135034,0.05281106,-0.56809187,0.81384414,0.49196565,0.85776615,-1.5855788,-1.6375418,-1.173088,0.063484,-1.397881,0.035162408,-0.86174375,0.27754048,-0.971301,-0.89109254,-0.58295345,-1.1462839,-1.5012895,-0.6903699,0.69583744,-0.5180947,-1.0989623,-0.32701796,-0.8800458,0.106648356,-0.9715277,-0.042120203,-0.12264886,0.38869154,-1.174289,0.6930846,-0.008656899,-0.45259318,-0.6631771,-0.14296423,0.72868687,0.54797965,-0.706325,-0.5484665,1.4320595,-0.20542482,-0.7004108,-0.66004115,0.40597638,-1.1119081,0.093664594,-1.0138892,-0.023177397,-0.2980888,-0.45304766,-0.9470628,0.44458625
-0.79912996,-0.11626608,-2.021611,-1.1275973,-1.8941439,0.16692048,-0.9665615,-0.5020888,0.13476509,-2.3648262,-0.9475298,-1.1968889,-0.947554,-1.13212,-1.9683123,-0.841891,-0.67011184,-0.8319175,-0.0851882,0.2803124,-0.6256979,-1.1584561,-0.8694548,-0.5198343,-1.1058718,-0.26232833,-0.14993925,-0.31106088,0.53584456,0.13770914,-1.0748202,-0.64600295,0.16755581,-0.41219062,-1.3447086,0.26133293,-0.15871269,-0.1330673,-0.7020768,-0.3481779,0.00058541616,-0.70291066,-1.2534297,-0.38636324,-0.6122164,0.034095764,0.3410918,0.4179538,-0.18402033,0.14054693,-0.30369702,-2.9495165,-0.7248725,0.16517486,-0.56346905,-0.547446,-1.2398269,-0.26572338,-1.4420757,-0.8118487,0.7852865,0.020382943,-0.28506702,-0.39294642,-0.94465846,-0.5281006,-0.24485414,-0.4988349,-1.30942,-0.99294007,0.46050894,-1.54124,-0.15943067,-1.2018621,0.043624934,-0.798539,-0.28307372,-1.2391112,0.084491864,-0.0127094,-0.97888607,-1.7169904,-1.2381397,-0.6469035,-0.43782184,-1.687748,-0.052155327,0.29808944,0.16754144,-1.3300583,-1.6350561,-0.54141676,-0.27094793,-0.03529749,-0.25088295,-0.74486893,-0.6648724,-1.1220211,0.14883408,0.5711565
0.56505823,-1.5253626,0.68853,-1.465361,-0.24820861,0.23463717,-0.14103903,0.08730731,0.3273257,-0.5188618,0.69322646,-0.20034625,-1.4933639,-1.6051844,-0.22813551,-0.365816,-0.28778857,0.4965065,-0.093669154,0.3508803,0.94491124,-0.7803683,-0.005811547,-0.48243487,0.08772558,0.4854454,0.2851719,0.7108942,0.35893995,-1.284048,-0.8573529,0.48800892,-0.406764,-0.40168253,-0.17986542,-0.43785465,-1.3972818,-0.15573749,-0.6325604,-0.28885552,0.22934751,1.4076923,0.38027826,0.048909064,-0.40634432,0.06354525,1.0010757,0.029845765,0.4906159,-0.019960549,0.5727354,0.08214016,-0.8830726,-1.5124607,-0.8662538,-0.18312714,-0.19519386,-1.2371954,-1.4518645,0.5591959,-0.20883662,-0.9512792,-1.1617006,-0.50110394,-1.1977735,-0.53762954,-0.054831166,0.48568726,-1.177387,-0.79285586,0.3194649,-0.18032376,0.34032112,-0.8707364,-0.5683373,1.1203017,0.92966086,-0.6940912,-0.1658431,-0.103373036,-1.1625122,-1.267716,-0.03816473,-0.13826363,0.3534831,-0.7512039,-0.0079358425,0.09127486,-0.57584846,-0.5868397,-0.2315272,0.29606858,-0.06484022,0.6191496,-0.21493472,0.3328422,0.37345144,-0.8133107,0.37365672,-0.2038568
-0.9840651,-1.9407077,-2.615326,-1.3588008,-1.3026215,-1.4418266,-1.5775805,-1.0618076,-0.52560174,-1.7993096,0.33933988,-0.48212573,-1.7716752,-1.5064589,-1.8272628,-1.1550815,-0.15319607,-0.79701024,-0.38351232,-0.38451532,-1.832297,-0.6667877,-1.2755989,-1.7119117,0.4824165,0.10839805,-0.8325679,-0.06976453,-0.7246729,-1.0414044,-0.5092123,-1.9234544,-2.0321066,-1.1739078,-1.4709516,-0.5599762,-1.3458582,-1.9302841,-1.0882604,-1.5607406,-1.3426825,-0.84304136,-0.68475205,-0.5728202,-0.71238697,-1.0098659,-0.5416279,-1.9090354,-1.2330966,-0.79597694,-0.96340084,-1.9168761,-1.3149093,-1.0855083,-1.5140849,-1.2871395,-1.4264746,-1.3878553,-1.2856073,-0.177392,0.005488572,-0.082037546,-0.25262395,-1.1572893,-0.19001976,0.32191685,-2.6988082,0.073329754,-1.184274,-1.4748254,-1.8308705,-1.0967084,-0.11982522,-2.1964877,0.17045996,-0.5753388,-1.0252188,-1.2671629,-0.9002302,-0.5052077,-1.6618177,-1.6414212,-1.1894407,-0.6782584,0.45645347,-2.2381363,-0.81329244,0.56717736,-1.7711908,-1.6486883,-1.8530279,-1.9490188,-1.5864507,-0.08369016,-0.3193461,-2.1600425,-1.358958,-2.1389215,-1.678188,-1.1481512
0.13179563,0.043094106,1.1298847,1.0185658,-0.7679882,0.89823955,0.7282541,0.07944995,0.32432353,-0.41433883,0.87169516,0.46349534,0.86216396,-0.4865767,-0.8963271,0.3467478,0.32975262,1.0966433,-0.637739,0.32112125,0.64912975,-0.09591685,0.2680662,-0.32650778,0.54281944,-0.10952132,1.260107,0.045446277,1.7152984,0.8830955,0.44073313,0.7666961,-1.0215968,0.710368,0.4100455,0.8840111,-0.9500871,-0.7781857,-0.030340321,-0.49666986,0.2518145,0.089744516,0.47379193,-1.1266705,0.93500364,-0.35248524,-0.033553533,1.3062383,1.3260205,-0.56229055,1.1598723,-1.0689421,-0.31281275,-0.91999906,0.34708858,1.2351625,-0.37633908,-1.3297855,0.14927252,-0.79223573,0.5852089,1.6115208,0.4781421,-0.7231576,1.0562154,-0.68700624,0.2661081,-0.7522629,0.4883414,0.396971,-0.2165163,-0.8577885,0.32934126,0.31301343,0.3238425,0.4589867,-0.1472668,-0.8869784,0.37017837,0.82607865,-0.87067163,0.061133087,-0.011942012,0.48742414,0.3969454,-0.1608486,-0.6719454,-0.42631686,0.26435736,0.006175223,-1.4161531,-0.85815424,0.7788792,0.7098203,0.12648995,-0.5623758,0.2825076,-0.2805053,1.7106858,-0.08190542
0.42719182,-0.6596756,0.93057394,0.19669664,1.3309464,1.5858259,1.6288081,1.7056708,1.4703617,0.8080949,1.8430555,2.2354593,2.4603865,-0.33886638,-0.25109902,0.662544,1.395444,0.72970194,0.9698809,0.4799339,1.0786533,0.70497143,1.765301,1.478095,0.6021877,1.7423142,-0.22808588,1.1616917,0.21167852,1.3505079,0.12696774,0.9900968,0.7081295,0.3996355,1.4368683,0.85802203,-0.4670059,-0.8615684,-0.07756811,1.4155467,-0.342855,-0.33549815,-0.32452562,-0.32693377,-0.3253958,0.11964365,-1.1651145,-0.6359498,0.04361375,-0.55310166,-0.43979022,-0.43798774,1.2374967,-0.22271149,1.664308,0.9152639,0.31751344,1.224155,-0.8076937,2.090638,3.1376038,1.1778374,1.6649339,0.09294333,0.29601735,1.2352266,0.83823985,1.2969198,1.373404,0.4857237,0.8887179,0.9377269,1.6966136,1.30459,1.6483688,0.65956074,0.6421127,2.451569,-0.14792271,0.056094,0.83434457,-0.5992377,0.53214073,0.593822,0.27978924,-0.07812276,0.35997412,1.1532674,0.71843743,-0.24702768,-1.1724545,-0.6586129,-0.5189741,-0.7496336,1.0397494,-0.387273,0.6532928,-0.46223602,-0.23865414,-0.6686017
0.8516011,-0.75101256,0.82127213,-1.1334091,0.7287991,1.2300988,2.416573,0.37882483,1.0187367,2.1095927,1.3200631,2.0650046,3.028234,1.4696816,1.0288106,0.815098,1.5983515,0.98173386,0.3544357,0.077495955,0.31040907,0.21393207,1.1710887,1.8675947,1.2032237,1.4685758,0.59093046,0.28939074,0.9564851,0.17142873,-0.68992865,0.5176643,0.6457899,0.04590076,-0.032992054,0.8981446,-0.74602395,0.15864602,0.6319956,1.2914537,-0.1886336,1.3519951,-1.1013297,-0.70458484,-1.1244525,-1.2428285,-2.026648,-0.6659714,-0.32257393,-0.5062956,0.61472875,-0.06342092,0.69248885,-0.087131575,-0.6932593,1.4922007,-0.5221511,1.1846586,0.10597774,2.6289463,2.5004177,2.9456716,0.23678663,-0.4180112,1.8269938,1.2712116,0.84703696,1.7622218,1.2129891,1.1676409,1.0612549,0.044780824,1.2377894,1.1563627,2.1718552,0.7646478,2.340341,0.5060596,-0.94486046,-0.62641793,0.29799545,-0.14676076,-1.4941299,-0.18144394,-0.5205005,-0.8832405,1.2889826,0.7117261,1.1019434,-0.5495113,-0.9157344,0.40796727,0.005216427,0.12128916,-0.9297052,-0.3257094,-1.1627604,-0.5946199,0.3459107,-0.41596588
0.8414584,1.1215957,1.7714562,-0.45810443,1.3357264,2.1449103,0.4264058,-1.5261215,0.46337265,0.66461587,1.1156224,0.6294789,0.77647036,1.5428993,0.89443874,0.23991218,-0.12778227,-0.0049448507,0.37920028,-0.37343943,1.5559068,0.7499971,1.6736382,1.9429529,1.6734743,0.9056641,0.186199,1.5249716,-0.09521943,-0.15421197,-0.61662734,0.8809827,-1.2174453,0.079272546,1.0016186,-0.50827336,-0.92799324,0.8977002,1.4604095,0.7488497,0.51055014,2.1130028,0.26839718,0.96498567,-0.9401826,-0.12937935,0.92665184,-0.16749261,0.7409744,-0.83569014,0.4333335,-1.2504661,-1.1555544,-1.3019181,0.49599555,1.6814978,-1.8271896,0.22938809,1.1686211,0.55175006,1.391573,0.49126884,0.4304542,0.81301,-0.4183232,0.25007322,-0.70697117,1.44531,-0.56143606,-0.27293193,0.73839736,-0.483386,0.29823205,0.02522865,0.3302469,1.615189,-0.266065,0.6287016,-0.60943466,-0.28828627,-0.74037725,-1.3235805,-1.6380022,0.6784513,-0.5391381,-0.52068794,-0.28500313,1.1841935,-0.86592585,-0.72708094,-1.0271697,0.65872544,1.1470081,1.9780775,0.95167696,0.8126081,0.5362112,-1.0261378,-0.5374626,-0.5725011
0.019584078,0.4558975,1.6626472,-0.76580006,0.65606624,1.5805757,-0.3246899,-1.0005723,-0.057979655,-1.3370004,-0.45205408,-0.28221396,0.9111723,-0.11473529,-0.6925289,-0.7031586,-0.70391375,-1.1016568,-0.3588822,-0.8490553,-1.1013131,0.54537684,0.6527596,0.43497467,-1.2300763,1.0365419,0.026877644,0.39431077,-0.68645185,1.7224066,0.45227242,0.31014335,-0.54727817,0.23721795,0.27489364,-1.0957464,0.37418404,0.32199517,1.2586403,-0.009879668,0.6680597,1.1119424,1.5347054,0.20864609,0.6840826,1.137491,0.7548902,-0.023595683,-0.22594018,0.56866246,-0.21899012,0.41789293,-0.6683863,-0.21777646,1.2845312,0.47661245,-0.7412507,0.81578475,-0.48035866,0.96309876,-0.5705979,-0.12671435,0.051070254,1.6173885,-0.12161431,1.6397537,-1.7951134,1.1962411,-1.3001565,-1.0288265,-0.15732644,0.37161136,0.143016,-0.5434919,-0.39685467,-0.5008421,-0.70882666,0.6846698,-0.9238565,0.38683832,-0.08165809,-1.5842881,-1.3925467,-1.0050471,0.55084777,0.4863381,-0.6905657,-0.12139624,-1.3567696,0.16336256,-0.499655,-0.05808756,0.048730895,0.47476578,0.69288987,-0.681337,0.23459667,0.035138078,0.03162697,-0.6105389
-0.35935223,0.015292524,-0.5667701,1.1530501,1.3814365,1.9146113,0.10724733,0.5561698,1.2804371,-1.1247787,0.6275934,0.075814135,-0.1371309,1.194031,1.0507932,-0.083775274,0.21065469,-0.13227668,-0.33069965,0.0961967,1.8679312,1.9121767,1.746894,1.8773725,-0.7687913,1.0678365,2.1888013,2.832924,1.2590572,2.8437493,0.67736256,0.4739394,1.3012929,0.8226365,2.5031114,0.10300943,1.2891029,-0.260763,0.5855325,0.94473344,0.7506094,2.340457,2.1886184,1.7508855,1.5787616,2.1228468,1.2940688,1.7912078,0.03032584,0.11768521,-0.16703057,-0.7360513,-1.047504,1.6729132,1.465786,0.45925367,-1.0005473,1.5866603,1.1266749,0.23053819,-0.07743927,-0.06233519,1.4372851,1.875135,-0.7899688,1.5138187,-0.7427523,-0.8442514,-0.22554816,-0.5033104,1.0264015,1.0535911,1.8296326,1.1963382,0.22726116,1.2456332,0.42263147,2.0825608,0.123231694,-0.5740232,0.38620546,-0.95333457,0.18822984,-0.078054294,1.9138446,0.08846606,-1.1672931,0.75685585,-0.488099,0.12696911,-0.52249205,0.5857915,0.78640425,0.0461491,1.3990816,0.8687936,0.56698924,0.3679988,-0.67850983,-0.6503556
1.2126738,0.18855602,1.3873463,-0.30663005,0.46501887,-0.8419695,1.3925064,0.50023293,1.3951077,1.2777259,0.5469928,-0.48563397,-1.1675014,-0.2746575,2.019488,1.0752295,-0.73977023,1.0946543,-0.75326073,0.9307305,1.8301059,0.3559133,0.8693254,0.83772445,0.5323476,-0.63213533,1.1453236,0.44901097,1.8349316,-0.4920994,-0.5367444,1.8757352,2.3938782,0.8292411,1.9790243,0.7713612,1.1077008,2.6888494,1.1847705,2.0578833,1.4329714,1.1112195,2.1943483,1.1967854,0.5533752,1.9185802,1.6223152,1.4416215,1.4810334,0.53562766,0.076702625,1.2126335,1.8204932,0.08406255,-0.4826808,1.8691032,1.273066,0.08494924,0.42620116,0.7153025,-1.0748044,-1.3774004,0.5126523,0.63522965,2.6512125,1.4212323,1.7372876,-0.09914812,-0.057906788,0.54640937,0.7647111,0.094383605,0.97758436,2.4173727,-0.15084836,-0.9313274,0.41309744,0.5011792,-1.9365708,0.65226793,0.26957855,0.2525458,0.24356616,-0.19773306,0.27608538,0.95956063,0.54151887,-0.4008393,0.14599018,1.495823,-0.17338574,0.34707832,3.1831982,0.15902673,1.9135389,2.5348828,1.9288586,0.7662136,0.022730174,0.80893844
0.8755423,0.16857374,-0.98998916,-0.8919833,0.46545368,0.5542383,1.0011705,1.7435839,-3.9413335e-05,-0.7485604,-0.38368636,-0.27881467,-0.30496085,-1.2351893,-0.63604707,0.7337809,0.10905272,1.8210616,0.48355865,1.239284,-0.48771688,-0.22415102,-0.42445555,-0.07220266,0.46397382,-0.4754312,-0.50338936,-0.69660074,1.3524562,-0.43939266,-0.003450188,-0.19936028,0.08013082,0.27070907,-0.6879104,1.2762765,-0.47771987,0.48373428,-0.6438337,0.9770123,-0.053972073,-0.36867207,-0.9909145,-1.0584315,-0.7855306,-1.3170694,-1.0972844,0.44138935,0.5353444,0.13483596,-0.0053686635,-0.7872504,1.5766346,0.17812209,0.6100181,0.2249154,1.8629397,-0.2501113,-1.1659232,0.3079874,-0.34688967,-0.8056559,-0.81894094,-0.057855945,-0.59254456,-0.084546186,1.3600773,-0.24820316,0.93629575,1.2711501,1.458195,0.77904826,1.0334408,0.5539814,0.39556736,0.30638844,1.1960801,0.3114629,0.24572283,0.630073,0.7552523,0.6067817,-0.068717636,0.45812973,0.0068662567,-0.35831448,0.67335427,-1.2205261,1.3168993,-0.46101287,0.8135011,0.091273665,-0.3362048,-0.51555693,-0.38936144,-0.9353292,-1.3192693,-0.09274641,0.9010098,-0.5200665
1.1433359,1.5159798,0.705446,1.2953401,0.41443056,-0.4619737,0.791477,1.2241219,-0.3065006,-0.6551117,-1.2252362,-0.88549584,-0.35507986,0.18662286,1.864179,1.149472,0.10873422,0.85664827,-0.13973717,1.4860336,1.6608719,0.11299677,0.022220517,0.53829503,-0.37359235,-0.042443726,1.1831539,-0.01852699,0.7682872,-0.5201178,0.49589285,0.6182449,1.5256381,0.6173032,0.80483264,-0.60119975,0.5458648,0.39564744,0.25717092,1.1872271,1.2213262,1.2503111,1.1254121,0.5123152,0.08811316,1.6084104,1.198308,1.7016112,-0.195744,0.1689414,0.21719795,0.9748643,0.7898499,0.605711,0.6846051,0.3000395,1.2855277,0.49591017,-0.9357757,-0.32294875,-1.1555854,-1.1314293,-0.70798594,0.6066238,1.120432,-1.6988946,0.72754467,-1.2172188,-1.0586684,0.5685024,1.7581288,-0.14345618,-1.0825297,1.0230416,-0.29752648,-1.4531475,0.64947325,-0.3597235,0.25522515,-0.16848676,-0.3879086,-0.6650768,-1.1528181,-1.4752357,-0.43374464,-1.4566789,-0.5956923,-0.53182757,-0.22339895,0.25488123,0.7504146,-0.17236458,0.72323483,0.23221612,1.6725729,0.010961478,1.3304913,-0.94097674,0.2738753,-0.24253029
0.449858,0.7742278,-0.27720782,1.7872846,0.69724417,0.12657441,0.73181206,1.0009966,-0.8864437,-0.4229529,-0.3890868,0.34970167,-0.37352356,-0.24490806,-0.8621869,1.1701552,0.5174743,0.4004407,0.3277315,1.0169194,0.27677938,0.29504207,-0.41265148,0.46306908,0.5899212,-0.9037824,0.658024,0.2234461,1.312912,0.018331284,0.6453342,0.4786934,1.3031205,1.0015554,0.80118406,-0.4031838,0.42886144,1.544719,0.7013642,0.3447508,1.3124866,1.5832901,1.2609459,1.0999115,2.213922,1.5075064,0.7208978,0.8553115,1.2343817,1.0079595,0.36776638,0.7338267,0.9459182,0.7854371,0.32627442,1.6950845,0.4911545,-0.30203253,0.67733175,-0.4383151,-0.31483737,0.002837031,0.7302224,0.24818873,-1.1825203,-0.03459646,0.74202204,-0.5448911,-0.5108111,-0.067773566,0.9674698,0.6516806,-0.36467388,0.29823664,0.1532928,0.07601496,0.3751939,0.4123176,0.30483446,1.7511646,0.33079916,0.54178,0.43845296,0.63962513,0.8078307,0.5653762,0.03809495,0.15469521,-0.17585553,1.1291803,1.7869108,1.8077867,0.36252868,-0.08853678,0.41889882,1.5286608,2.0206668,1.2021829,0.061005354,0.73196054
-1.0991466,-0.07321475,0.32397208,0.86449265,-1.1830312,-1.177836,-0.114027455,0.9416003,0.7888625,-0.2782787,-0.24139637,0.33973685,0.15695205,0.90146834,-0.94493484,-0.24991088,0.3467857,0.045655705,-1.48426,0.27810803,0.9870604,-1.187221,0.53828925,0.6334958,-0.5653558,0.55670905,1.0888375,0.57332206,0.47566262,1.4463608,-0.08458943,-1.4672949,0.21081921,-1.5818672,-0.6902514,0.62619287,-0.4058272,-0.6363163,0.6286218,0.562176,-0.27546525,0.5950544,-0.712388,1.6167339,-0.35848376,0.71514744,-0.71282154,-0.44644082,-0.24425718,-0.40296358,-0.9648437,0.69816697,-0.03454592,0.09036184,-2.1295133,-0.7423144,0.72302073,-0.08446937,1.0746839,-0.080184974,0.8264979,-0.25042245,-1.4509231,0.7087378,2.2877753,0.8759392,0.096183226,0.60011876,-0.93052375,0.13417314,0.7086539,-1.8506662,-0.16558558,-0.3511668,0.7728652,0.1956605,0.6712805,0.65395373,-0.42468467,-1.7913458,-0.75441,-1.3251967,-1.5754385,-0.7908255,0.26920524,-1.359471,-1.1855078,-0.21638577,0.72053874,-1.2205893,-1.5412081,-1.8123952,-1.2707405,0.47253215,-0.6915582,0.5234823,-0.30321467,-0.61190265,-0.019856997,-0.6648135
0.47169378,-1.6046953,0.48982307,-1.0252643,0.24179679,-0.37061813,-0.56105673,-1.6269119,0.37720367,-0.4427571,-1.28476,-1.2248151,-1.2308054,-0.86813176,0.16236521,-1.040421,-0.42796704,-1.3666734,-1.1852368,-1.1893966,0.11408017,-0.564284,-1.0069407,-1.1895887,-0.98436505,-1.1720513,-0.6696454,-0.13185804,-1.5458918,0.6134051,-0.14076917,0.22402182,-0.74573445,-0.7374802,-0.63981515,-1.3439517,0.4123843,-0.31800687,-1.0539646,-1.1107807,-0.035017706,0.012796985,-1.2582674,0.364596,-0.24478765,0.522776,-0.23525521,0.121280275,0.2196002,0.4957088,-0.16535842,-0.8764685,-0.6684981,-0.81524247,-1.3750103,-0.69508946,-1.1931291,-1.5260955,-0.31851885,-0.9175008,-1.3384833,-0.83905226,0.023883112,-0.64458585,-0.4715425,-0.04865747,-1.49823,-0.9416939,-1.2924827,-2.3279195,-0.8930694,-2.1770878,-1.8688596,-1.3426001,-0.715507,-0.5110631,-1.9199685,-0.79943347,0.11010843,-0.7631967,-2.3276298,-0.8801949,-0.5137758,-1.0891696,-0.5486248,-0.66402733,-0.5398464,-0.7515713,-1.7844977,0.100023374,-0.096003704,-0.091078,0.18215923,-0.014402024,-0.586838,1.6739565,0.4819402,-0.3569636,-0.7573886,0.26898903
-0.54440254,-0.1573076,-0.5143663,0.08669183,1.3349901,0.11649126,-1.6306355,-1.7658997,-0.4312935,-0.10164047,-0.7777527,-1.541167,-0.026921954,-0.43678537,1.1311412,-0.9946706,-0.7993914,-0.797749,-2.0991216,-1.1683465,-0.11272506,0.27739787,0.07704026,-1.1536994,-0.42625594,-1.0482676,1.4625996,0.015013353,-1.4552202,-1.5474633,-0.17627044,-0.56918436,-0.2350961,0.0911452,0.7444892,-1.1514089,-0.16335285,0.39257073,-2.0003262,-1.9242021,-0.2954868,-1.2596635,-0.6879078,1.7158309,0.68316555,0.007807657,0.11820382,1.0248592,0.7159743,0.14006056,0.45908833,0.24658987,-0.19795126,-0.19027007,-0.48807397,-0.9471222,-2.025225,-0.61881405,0.12473486,0.265508,-0.6068748,-0.4803249,-0.69308233,0.17180425,-0.035006363,-0.14165153,-1.2943226,-1.3722637,-1.20241,-1.3282692,-1.3325137,-1.7579659,-2.0113976,-0.620633,-0.76057374,-1.3013228,-1.8412619,-0.9009184,-0.30010062,-1.1373129,-0.04893124,0.60137004,0.5205154,-0.015827931,0.6095153,0.34637704,-1.029392,1.0815786,-1.4491283,-0.115109675,0.43058404,1.1756624,-0.64801484,0.1895104,-1.534432,1.126057,0.32059067,0.8485249,-0.029886432,-0.38044366
0.19983697,0.80456394,-0.7119682,-0.1716542,-1.2847915,0.19549604,-0.19150023,-0.995474,-0.27511337,-0.30703864,-0.5766273,-0.5680749,-0.4490076,0.92471886,-1.2420882,0.5778812,0.39022064,-0.6381565,-0.49303624,-0.64539933,-0.4914526,0.031222606,-0.063678935,-0.8311325,-0.8521386,-0.6085422,-0.09899804,-0.08374536,-0.19944802,-0.06477923,0.32594645,-1.0347089,-0.6686465,1.4690624,0.056554023,-0.012402402,1.6774464,0.32177225,-0.23707178,-0.82610655,-0.0765093,-1.8744844,-0.7415096,0.5945728,0.104942605,-0.19868518,0.0018312435,0.7322886,0.92074174,1.217482,-1.404676,-0.11531201,-0.6888159,-0.89730906,-0.7207619,-0.57296515,-0.5526285,-0.17403924,0.45766997,0.14333141,0.07484798,-0.6845252,-1.791216,-2.3938978,-1.5596128,-0.9182893,-0.13153826,-0.67864496,0.6438411,0.23488681,-0.63966703,-0.5110434,-0.7179744,-0.3245081,-0.6505625,-0.8926984,-0.4253586,-1.3592649,-0.7107217,-1.2082742,0.0625411,1.6262659,0.36153108,0.22952941,0.49162462,1.0201553,1.5060353,-0.6166121,0.24182223,0.31334278,0.6309991,-0.51941454,0.9014513,-0.17991424,-1.8620614,-0.9189025,0.11365305,0.6749208,0.8754939,1.3146994
1.3104112,0.14695089,0.35358095,0.31841913,-0.869576,-0.27283135,0.52803123,-1.8929594,0.32582003,-0.86064756,-0.576894,0.122712485,0.24297935,-0.7325947,0.3320235,-0.18817565,-0.6323865,-1.0175749,-0.7475505,-1.0530136,-1.3939288,-1.075193,-1.9794444,-1.4000353,0.046537623,-0.5226074,0.21423618,0.37300414,-0.9271501,-0.71754086,-0.612282,0.58537215,1.0341759,0.5931316,0.4735001,-0.076423585,1.1308556,0.61512154,0.6270476,-1.5595094,1.0404835,0.08204774,0.019915042,1.2396206,0.95191216,0.6557318,0.32769647,0.61237824,0.25887758,1.6398118,0.44569737,-0.24712755,-0.21555279,-0.54858786,-0.44285768,-0.256593,-0.4369603,-1.6927655,1.4022119,0.72121155,1.1228724,-0.26611978,0.29940775,-0.6409709,-0.9736815,1.3970346,0.12556654,-0.18718189,0.31206873,-0.65252215,-1.6988254,-0.00045156293,-0.62635756,0.29583877,-0.50088114,0.89701086,-1.813523,-0.71142006,-1.0167805,0.3235532,0.47914547,1.0340458,1.7499225,1.54292,1.1343831,1.9706031,-0.091137394,0.8096006,0.039475914,0.88255847,1.4813144,1.845904,0.24283955,0.7581935,0.069565155,2.0596845,1.066666,1.1922389,1.4418325,1.2557027
0.3370046,0.32159913,0.09307521,0.862726,0.24937381,-0.68122125,0.5717673,0.24934453,-1.4030952,0.8210458,0.77817,-1.1430852,0.022437524,1.3192532,1.0720745,-0.2618022,-0.14046443,0.11883016,0.7119941,0.30478233,0.42268762,0.24525052,0.6892542,-1.1020242,-0.27641,-0.32569382,1.7093303,0.74909,0.20453364,-1.456121,-1.1291332,-0.9197334,-0.955465,-0.31316686,0.90683043,0.374737,0.38560882,-0.81047845,-0.82784057,-2.0422873,-0.39636227,-0.50849855,-0.7217421,1.2632276,1.1728523,0.013035825,0.38946232,1.2946749,1.2756019,0.21078806,0.9257293,2.1242957,1.1115782,0.8127131,0.41663957,0.8670283,1.1379662,-1.4912138,0.80614066,0.33468208,-1.6400217,-1.4786111,0.54916036,1.3126974,-0.014288359,0.002865527,0.38262594,-0.33509466,1.6453545,1.5459608,0.2033541,0.0003666092,0.37518346,-0.49208754,-0.661528,-0.61160165,-0.40005255,-0.24898092,-0.5116232,-0.23910573,1.0410781,2.37953,2.3115394,0.8649043,1.4070196,2.0058274,0.81894445,0.9259646,0.9151827,0.41911376,1.1819243,1.1356118,0.30333143,0.7963531,-0.4973165,1.3271731,0.57182866,2.2901988,0.8767902,0.52746224
-0.2963036,-0.1539841,0.19190419,0.10815834,0.06128717,-0.19454914,-1.4106965,-1.0673348,-1.5552232,-1.5092958,0.063905835,-1.5943418,-1.2222235,0.88134325,-2.066865,-1.1521026,-0.9725055,-0.31992638,-0.7691641,-0.08522428,-0.35580507,-1.3818567,-1.0327092,-1.2523738,-1.998779,-0.2576893,0.6985799,1.0602734,-0.9751044,-0.6688988,-0.66929317,-1.7733994,0.9855291,-0.5991021,-0.4293242,0.3608192,0.42277864,0.26963812,-0.23790948,-1.3815191,-0.21854632,-0.24747668,-0.69769543,0.40159324,0.7249517,0.19748491,0.6885765,0.002351127,0.8195314,0.69222933,-0.8443675,0.6703074,-1.1129453,1.3842952,0.5408524,0.6363935,1.2193171,-1.4377822,-0.61882025,-1.748,-0.263255,-0.6418006,-1.034417,-0.43317765,-1.1232249,-1.2007016,-1.3009651,-0.12308653,0.117964655,0.6760305,-0.63426924,-0.032553,-0.067310154,-0.60788965,-1.1845471,-0.23738268,-0.9354666,-0.09094263,-0.5844389,-1.8754867,0.55138886,0.67554116,0.7818299,0.21611322,0.71411985,1.2205673,0.97368836,0.75960636,0.8347833,0.45274422,0.7334983,0.054889724,-0.30829328,-2.0737634,-0.9340688,0.045708444,0.33815625,0.9216021,0.62500155,0.8577864
1.7191985,0.028243218,-0.660245,0.38605505,0.88024807,0.24830489,-0.8420985,-1.2003276,-1.1579632,-0.0021648193,-1.0247229,-1.4750242,-0.8564559,1.29607,-0.38906968,-1.1905614,-0.89223444,-0.65225464,0.082807004,0.36423945,-0.65311974,-0.5539279,0.0653499,-1.0506322,-0.40972814,-0.019917613,0.26804647,0.06752388,0.6793617,0.37315705,-0.17039986,-0.9211615,-0.8993744,-1.2866797,-0.07162854,-0.024732778,-0.7975016,-1.6310428,0.14077987,-1.3917857,-0.5427862,-0.5253327,-1.2031499,0.6563985,0.90983033,-0.37452924,-0.46602777,0.62090045,0.7732074,0.03608195,-0.8148639,-0.07460564,0.08956927,1.3556615,1.4345222,0.7495941,0.95324683,-0.46910253,-0.4609355,0.9208488,-0.54917747,-0.7211937,0.12724552,2.2339554,-1.1124891,0.22056982,0.025234321,0.31620774,1.0685161,0.98504525,-0.47631952,0.12865353,0.5287434,-0.47083056,-0.46645293,-0.6520405,-0.11960796,-0.6351927,-0.5805046,-1.3050241,0.87852645,0.7721604,1.8103857,0.40677384,1.3204324,1.626363,-0.02275337,0.95318335,1.474363,0.30574408,-0.086670905,-0.37177324,-0.29747406,-0.6147709,-0.3049582,-0.4049592,0.2819836,1.7318809,1.6792457,0.33528146
0.6115741,2.7864704,0.6401582,2.1584826,-0.302664,0.80305696,1.4956057,1.1460699,0.46593538,-0.21338041,1.6028136,1.3948917,-0.4048544,0.9504632,0.5915543,0.11393727,0.5875907,0.8435807,0.8591165,1.0475509,0.43840864,0.023669655,0.6812316,0.4162954,1.4327109,1.5281205,0.771672,2.074747,0.6630859,1.5252174,-1.2332733,0.19337967,-1.5399904,-1.0871989,-0.26939163,1.7261064,-0.99477535,-0.62767184,-1.1347134,0.37944475,-1.1820787,-0.7315357,-1.0378288,0.397366,-1.413653,-1.6818178,-1.2829382,0.16698052,-0.03183266,-0.91327137,1.2620579,2.388074,0.42968753,1.4188378,0.4500636,0.20684366,0.3221812,1.9252342,0.13873753,1.1624463,-0.16400792,0.9593771,0.9960217,1.0684861,1.699943,-0.4230051,0.9948046,0.8473554,-0.24988303,0.7873081,1.2919848,0.4742972,1.6489391,1.4135327,1.1290988,1.3329561,1.8885337,2.0927553,-1.191265,-1.112358,0.9847145,-0.86246336,-0.40725556,-0.11728623,1.7942692,-0.8103374,0.5381496,0.54632086,1.5040287,-1.2537848,-1.4762249,0.11271839,-1.1214914,-1.4973716,-0.40218502,-0.29542223,-0.5255853,-0.061828047,0.34446573,-0.557965
0.57916796,-1.0803171,-0.02895524,-0.7703768,1.0450491,0.39492595,0.22106698,-0.7834255,-0.27131414,0.52226084,0.6964538,-0.016950363,-0.26726058,-0.7820372,0.57632834,1.1353899,0.121381834,0.4549703,0.2510247,1.3002852,-0.15808254,-0.64405704,1.2616986,0.3231236,0.84926265,0.0071677635,0.49791375,0.679758,0.48749143,0.4777787,-0.3879374,-0.456533,-0.4623051,-0.4504031,-1.5612768,0.7168682,0.68396306,-0.21892639,-0.4291898,-0.036689322,-1.4651264,-0.22880922,-1.5723042,-1.5739549,-1.7887549,-0.2724854,-0.83653194,-1.3448551,-0.66661245,-1.0767604,-0.94742024,1.0563881,0.7848678,-0.62051195,0.8835693,-0.074505106,0.65560365,-0.36930335,-0.5092578,0.41716692,0.15341973,0.37588298,0.31533104,1.6340585,0.6002821,-1.4021169,0.055025198,0.57507336,-0.261325,0.35355258,1.506208,-1.2897953,0.18424422,-0.5874667,0.6412096,0.29535902,0.633144,1.7768358,-0.95519704,-0.79954135,-0.18280481,-1.5359498,-1.947083,-0.6235307,-0.090056404,-1.9034598,-0.08071402,-0.30794585,0.7473016,-1.2806313,-1.3150574,-1.1597612,-0.8284982,-1.931027,0.4761929,-1.5046755,-1.0790226,-1.0717694,-0.66811615,-1.245626
-0.32270595,0.7259778,1.0505528,0.45858076,0.33538988,0.95859116,0.71851915,1.3322428,0.58661646,1.9053365,2.6790912,2.387999,1.0589339,2.656128,2.1399434,1.0716097,0.6332113,0.9073652,0.29064846,0.021531459,1.4695946,0.9694643,0.90421116,0.5464985,1.3097459,2.0062168,1.6710994,1.510327,0.866428,0.61026204,-0.6210032,-0.5686165,-1.4769696,0.010898241,1.3318386,0.081389144,-1.1242207,-0.6049625,-0.065880075,0.90603405,-0.48611522,0.36911473,1.1910206,-0.35394904,0.05603766,1.0903444,-0.13120078,-0.08513692,-1.2762762,-1.4548396,-0.62079406,1.2353567,0.22541514,-0.0055970643,1.558777,0.91885906,-0.5288518,0.75887275,1.1701703,0.9424051,1.3484551,0.4376094,0.96836054,1.0512928,1.2303947,0.4496372,0.5017501,0.6101142,0.1493715,0.27971154,1.4379427,1.6529537,1.1900553,0.5068164,1.101112,1.7603742,0.06739741,1.0455121,-1.1884556,-1.3157797,0.6452631,-0.87049806,0.1670277,0.7485305,1.594423,-0.03618588,-0.5204966,0.6360371,-0.2417531,-0.5880101,-0.88896257,0.039173916,-0.25513124,1.109467,2.1400924,0.14129056,0.20771773,-0.37269345,-1.271293,-1.7306567
-0.7126786,0.015718404,-0.10174043,2.056713,-0.2205987,0.25138983,0.0523932,0.48866042,0.96190035,0.039955657,-1.0106858,-0.026791083,0.94592214,0.67621535,-1.9221668,-0.42558795,0.3797603,-0.39144745,0.084415786,-0.15483141,0.12453746,-0.6812623,0.19331647,0.49803114,-0.12127608,0.46533802,-1.0134389,-0.37222812,-0.55915594,1.474753,-1.7782583,-0.017865697,-1.4805115,-0.46315777,-0.52384126,-0.13716957,0.32162628,-0.5678458,0.47537014,1.1603945,-0.36451322,-0.54489434,-0.3842037,-2.0063133,-1.236467,-1.1708254,-0.48647964,-1.2605859,-0.5647265,-0.36025682,-0.6491907,-1.357719,-1.835956,0.47095472,0.1443532,-0.40503383,1.4309075,-0.86982065,-0.7042259,0.33402905,-0.887591,0.3017049,0.4406622,-0.88379115,-0.24853426,0.017282845,0.045490876,-0.48657146,-0.73389995,-0.10067962,-0.10137748,1.6028628,-0.548463,-0.18870093,-0.45549676,0.6100476,0.16013959,1.3862419,-0.78149694,0.0066132993,-0.4000185,-0.37223208,-2.0850148,-1.3932546,-0.59594524,-0.14769559,0.6863504,-0.33379278,0.3747216,0.46379584,-1.009159,-1.6161165,-1.1999192,-1.3620957,0.8517409,-3.274329,-1.3173674,-0.1852168,0.1943827,0.08541623
0.6130982,0.6188481,-0.025212947,2.435699,0.8924159,0.9834208,0.880787,1.1050205,1.0604881,0.7513602,0.8345263,1.1652409,2.1943974,0.34410214,0.7783967,0.59981716,0.5475095,0.40358648,1.0494547,0.6783947,-0.11749484,0.63192517,0.6229476,1.0347255,0.9627894,1.4875003,0.5776869,-0.33729133,0.5758398,-0.060901932,0.3693218,0.13780071,0.18344037,0.6058139,0.2702057,-0.074191764,-0.083578594,-1.3565809,0.57914394,1.4931622,0.1696554,-0.23617192,-0.26419753,-1.0454321,0.4155374,-0.49916592,-0.5082779,0.7069575,0.048692062,-0.3693256,0.74364465,0.19561143,-0.17604545,1.709956,1.2059599,-0.19886659,0.11111228,0.7043012,1.9319248,1.1574502,0.8855159,2.5983822,0.4899153,0.2268655,0.7996769,2.1095111,0.54918426,0.5206734,0.40454912,0.13737765,0.51823187,0.59767944,0.8013621,2.220523,0.51290864,1.0057626,1.336686,0.5350693,0.17037402,-0.6481124,1.1727573,0.2386,1.1664425,-0.014597805,1.0930234,-0.079006284,-0.7124559,1.6254764,0.078805245,0.4720051,-0.03863221,0.55727804,-0.3768162,1.7502297,-0.47441602,-0.22829649,0.12686853,0.22355905,-0.5504406,-0.10518059
-0.1481072,-2.1146035,-1.070252,0.09352874,-1.1854389,-1.5832806,0.2471193,1.1223989,0.91766804,-0.7675237,-1.6313982,-0.3384916,-0.22227329,0.41278476,-0.38416684,-0.18958867,-0.45358366,0.6260967,-0.30719987,0.33413154,0.82147604,-1.4327624,0.95983076,-0.36664712,-0.023207784,0.03885128,0.7022624,-0.024644863,1.4050372,0.3169687,-1.8016727,-1.6519371,-0.1796869,-0.6119482,-1.028449,0.55498844,-0.22890559,-1.1557771,-0.7168323,-0.1394474,-1.4694011,-1.6062173,-1.6311257,-2.101694,-1.6940321,-1.3676991,-2.1935496,-0.9171169,-0.6630138,-1.2839586,-1.9956156,-1.3433104,-0.6502831,0.252476,-1.2264286,-1.145319,0.6190856,0.100064404,-1.4212793,-0.6948634,-1.1298122,-0.92521286,-1.1445149,-1.3261765,0.06975886,-1.0473802,0.5389715,-1.8133343,0.33591473,0.584477,0.79008347,-0.17934296,-0.40616432,-0.4945215,-0.4480938,0.8756626,-0.4612851,0.788558,-1.6087301,-2.5288846,-0.5314897,0.3258131,-0.6669797,0.22476545,-0.14558153,0.290171,-0.37820625,-1.2243649,0.6938823,-0.57420933,-0.8950874,-0.24401225,-2.0955997,-2.9589684,-0.26971284,-1.7978191,-1.0935982,-0.0951023,0.38411933,-0.7922792
-0.94939363,-1.97058,-0.47546273,-2.648678,-1.9359521,0.17720142,-0.56536293,-1.562003,-0.50986826,-1.6347908,-0.90556955,-0.82934296,-0.8584014,0.21104544,-2.0532331,-0.34722713,-0.89859456,-0.9212129,-0.6070815,-1.5836328,-1.0397352,-0.4636604,-0.846055,-0.2535996,-0.22677284,-0.42658108,-2.286413,-0.3150303,-0.31211695,0.49877477,-0.50905675,-1.4113469,-0.9911845,1.2098043,-0.13208649,-0.13720107,0.2820981,0.2503319,0.29990104,-0.4952086,0.23686701,-0.21095891,-0.2043683,-1.3986526,-1.4890251,-1.1144134,-0.5154238,-0.6110167,0.46094286,-0.78551227,0.6993339,-1.0576835,-1.6794865,-2.360877,-1.7997345,-0.3237319,-2.27816,-0.29027152,-0.31007457,-0.016879357,-0.80416864,-0.8193047,-1.2181756,-1.0701628,-2.2842708,0.41418275,-0.8457808,-1.2896051,-0.29897973,-0.6575587,-0.54573154,0.5327219,-0.67378914,0.148549,-1.0822455,-0.7378292,-0.012333131,-0.5767126,-0.6762215,-0.14893746,-0.45252386,0.6634828,-0.57997286,0.8609085,-0.74878675,0.9862501,0.30553675,-1.3962184,-0.25796226,-0.09343795,0.9131166,-0.13401772,-0.2713038,0.24940424,-0.049210306,-0.25667655,-0.48027292,0.31038,0.3166937,-0.6706565
-2.8204274,-1.1427178,-0.2712049,-0.93112546,-0.1669475,-1.0862811,-1.6198086,-1.1857214,0.14923331,-1.067659,-0.26838616,-1.382475,-0.7456173,-0.23103237,0.3846793,-0.29990643,-1.0325937,-1.6006854,0.35358888,-0.91250396,-0.72180015,-0.34648666,-1.7186201,-1.0707123,-0.8609498,-1.1313807,-1.1118102,-0.505452,-0.6159721,-0.22451572,-0.884613,-1.4461639,0.4031492,0.032548517,-0.59382236,-0.730029,1.0238186,-0.21201149,0.90311587,-1.0539577,0.023592714,0.37931654,0.5367533,0.0039813523,-0.34223756,0.82200694,-0.17635797,-1.259736,-0.98464817,0.06299706,-1.5922654,-1.0322893,-1.7492151,-0.921129,-0.33161435,0.0454329,0.028102186,0.330068,0.35475665,-0.4192694,-0.24407257,-0.041897897,-1.8152939,-0.036772985,-1.1539978,-0.32671526,-1.224561,-1.2376193,-1.0602859,-0.7869667,-1.087902,-1.0869064,-1.5462335,-0.16834554,-0.73873675,-0.6579032,-1.5755093,-0.2561738,-0.67279655,-1.6659634,-0.47773457,-0.33932635,-0.008500049,-0.52524334,0.36971876,-0.36650667,-0.615634,-0.13015857,-0.9868122,0.15422869,0.11254646,-0.23903428,-0.29789683,0.95089126,0.40312734,0.0009675685,0.6956536,-1.2363548,-1.9077744,-0.1620735
-2.815332,-1.3257427,-0.77329826,-1.8554276,-1.6580914,-1.19167,-2.1566453,-1.4203441,-1.8311245,-1.6407127,-1.6929399,-1.1962794,-1.14393,-2.4300416,-1.176322,-3.087164,-0.78337675,-1.6369343,-1.5716177,-2.6631014,-1.6104314,-1.5852431,-2.9183395,-2.1329072,-1.6366374,-1.9925333,-2.7626417,-1.5569849,-3.4928823,-1.6792489,0.65806544,-0.50903475,-0.5785491,-1.0931169,-2.007976,-2.0329595,-1.344525,0.8420197,1.0560979,-1.204608,0.41418684,0.44270536,0.8488789,0.038772747,-0.49262756,0.59677345,0.6640833,-2.7727907,-0.6781266,0.6016563,-0.79355973,-0.8953721,-1.8632103,-0.18510482,-1.6681455,-1.8849761,-1.6067407,-0.831214,-0.80832636,-2.037983,-0.04209181,-0.35994607,-1.4059908,-0.78817314,-1.3604771,-2.2454839,-2.7814996,-1.2142302,-2.658122,-2.4824138,-2.621254,-1.4672495,-2.1200998,-1.7330348,-1.6153,-2.3750618,-2.3740163,-1.0973672,0.44921255,0.2140382,-1.8133973,-1.1125495,-0.64554125,-1.9937985,-2.8079536,0.009077607,-1.1716019,-1.8905711,-3.0870817,1.1939846,0.48799685,0.09707456,0.89839816,-0.84909475,-0.70725155,-0.30618215,-0.20628592,-1.3683726,-1.3535945,0.010974966
-0.8157664,0.14038827,1.2057762,1.0365461,0.4284012,-0.3995285,-0.77704287,-1.082109,-0.90851164,1.9026955,0.25300816,0.5144585,1.334013,-0.28870746,-0.06472001,-2.0749552,-0.9290162,-1.78333,-2.4425337,-1.4069122,-0.39844826,-0.6118616,-0.1815874,-0.27526328,0.16750112,-0.13071235,0.8214177,-0.11646484,-1.1721221,0.40866163,0.58153284,0.1451425,-0.56842476,-1.8185165,0.19069551,-1.8469787,0.5787955,-0.43712276,0.49517557,0.009746529,-0.5175718,-0.09325239,0.9530306,-0.40729237,0.80097044,0.47912598,0.967895,-0.5040446,-0.5788701,-0.023270002,-0.49387977,0.8015413,-0.9315928,1.3435714,-0.22139217,-0.2514994,0.5153021,-0.79453355,0.59636146,-1.0853555,0.8406734,1.3498106,1.0807554,-0.06701932,-0.6734486,0.67126244,-0.624957,-0.48504895,-2.0084863,-1.5915607,-0.54332167,-1.893344,-1.4684405,0.024256255,-0.5093939,-0.7662567,0.5027866,-0.096707925,0.739373,-0.0028531158,-0.7628751,-0.8121584,-0.84701324,-1.2540324,-0.30874538,0.2786639,-1.5369254,-0.38097972,-2.1024592,0.5072611,0.6575342,-0.71145004,1.1693877,0.5585496,0.28175437,0.018013792,0.41623235,-1.1984193,-1.1856364,0.2064997
-0.46086648,-0.8991734,-1.0569888,-1.4552383,-0.5113084,0.38756704,-0.27555585,-1.2878757,-0.16863312,0.9305479,-0.1933851,0.98686343,-0.3370235,1.0348171,-0.24763069,-1.6354208,-0.07937007,-1.2808205,-0.09148877,-0.64359814,0.013776185,-1.6488031,-0.4097467,1.0331155,0.113292694,0.41062635,-0.5976301,-0.51389444,-0.6371743,-0.48732334,-0.5204622,-0.8522871,-2.4065194,-2.3290384,-1.4427571,-0.082130015,-0.54670227,-0.7477641,-0.31789744,0.21213348,-0.9814971,-0.7792563,-1.4225371,-1.2405094,-2.319205,-1.080697,-0.7528226,-1.4503486,-1.3817397,-0.2976335,-1.2543947,-0.19853453,-1.8367553,-0.6539913,-1.19558,-0.72962916,-1.3388747,-1.2808049,1.2010273,0.99878454,0.5065877,0.23580222,0.3210718,-1.8019685,0.26786414,-1.5965425,-1.7232714,-0.8263869,-0.94288325,-1.5243149,-0.7626938,-0.3872126,-0.8549144,-0.7531757,0.8659252,1.2537124,-1.0047286,0.42134848,-0.44218293,0.117754236,-2.0181022,-1.7100827,-2.9037795,-2.9874647,-1.3986597,-1.1894594,-2.098122,-0.38274476,-0.48794693,-0.769726,-1.9498881,-0.1338448,-1.573419,-1.0963937,0.23161592,-2.2875574,-1.8145463,-2.525123,-0.1455828,0.23628768
0.26390716,0.75741327,0.51671827,0.7407924,1.4497008,1.5856063,0.20948859,0.27888605,-0.19999778,0.5913816,-0.7270985,0.6970278,0.63610935,0.15926984,1.1658442,0.227565,0.09924188,-0.26535293,-1.0786265,-0.51131964,-0.1664583,0.77178806,0.08497982,1.3982141,0.60338056,0.31133264,1.6654115,1.7431912,1.0450852,0.7138305,1.1205409,0.9144191,2.2006807,0.8319295,1.2365136,0.08590663,0.8877878,0.86206466,1.2252653,2.120505,0.04307888,0.6599493,1.2907263,1.6965543,1.1065974,1.3158398,0.5759439,0.35195234,0.009570798,-0.12494976,-1.2591697,0.684148,1.1516538,0.2159686,1.0264353,1.3242534,-0.2849827,0.9034419,-0.008307708,0.65845054,0.19469537,0.77905536,2.691212,0.8207946,1.0942341,1.6681867,0.33518448,0.5329349,1.0387523,0.0116850985,0.54269874,0.92189544,0.09619653,1.9083643,0.7619764,0.22443844,1.336603,1.4688084,-0.44882584,0.39050806,1.7151141,-0.02676991,1.8339114,0.71376246,0.82952285,0.9654052,0.911543,0.8871485,-0.75165594,0.043249093,0.15035117,1.2345109,1.7625747,1.7585992,1.8766166,2.2929103,1.4353288,-0.16468655,-0.22488326,-0.5272469
-0.8343618,0.43574345,-2.8074489,-1.5352527,-0.22037017,-3.2500126,-1.8564504,-1.4592175,-0.22323516,-2.945563,-2.4998188,-1.8850373,-2.585405,-2.4465365,-2.0945044,-0.41310623,-1.0265515,-0.17757446,-0.8528464,0.5566048,-1.2271867,-1.6783007,-0.33711466,-0.10126175,-3.2829843,-2.4584832,-1.6813471,-2.2292712,-1.2843885,-1.5917318,-0.35476583,-1.4452739,-0.3090038,-0.7584905,-2.399871,1.1935304,-0.5579062,-0.66040933,-1.2888166,-1.1244133,-0.10770963,-0.86215454,-1.1566759,-1.8817581,-1.6313276,-1.716452,-0.34987748,-0.9864456,-0.72332054,0.023892932,-1.3233384,-1.857619,0.1718506,-1.6806651,-0.97290593,-2.5878158,-0.67507756,-1.2236327,-3.0115528,-2.344478,-1.8939992,-1.9837316,-1.6984017,-2.4925985,-1.9724314,-1.3299142,-0.18064006,0.12595575,-0.26021916,0.28673124,-0.6724489,-0.24001524,-0.18142787,0.06072278,-0.1390658,-1.3650724,-1.5992713,-0.6616685,0.25714988,-0.82603055,-0.5651533,-0.57386655,-1.6989622,-1.8391963,-1.7507342,-1.0912772,-0.42862573,-3.4322138,0.87743455,-0.103267536,-1.2487462,-1.6509005,-0.15914853,-1.6854305,0.014503413,-2.2558868,-2.042125,-1.9751276,-0.4828702,0.14842069
0.52193654,0.96881515,0.5695128,0.06852826,-1.5707103,-1.3127098,0.06815125,0.82278097,-2.123812,0.39993334,-0.9032146,-0.002864913,0.22506796,-0.50261205,-1.2580795,1.1642009,1.9789029,0.8072543,1.3187873,1.3774048,0.8810502,1.5311047,2.3005395,0.77666247,1.3020338,0.8813939,0.56728995,0.756766,0.015243897,0.19296283,-0.3763427,-0.9640078,-1.2488358,0.6080135,0.94490474,0.3103046,-1.7276695,-0.66637886,-2.4865167,0.2958327,-1.4439147,0.37435862,-0.3025342,-0.5530719,0.2203716,-1.4374429,-0.8061373,0.8899297,-1.2760237,-1.7439926,-0.7601897,-1.7937646,0.87107855,-0.9958673,-0.3980221,-0.9210331,0.22224243,-0.27316785,-2.6839416,0.30557713,-0.3225049,-1.3205287,-2.6694143,1.6996531,2.3604352,-1.7927179,0.18190935,1.1352968,1.4897444,0.90698016,0.17059354,-0.20536835,1.4565843,-1.5472327,1.5222719,1.0000116,-0.9809973,-0.6005191,-1.0495715,-0.77705413,0.53600985,-0.7901969,0.52086,1.2813414,1.1188458,-0.9851076,-1.9323834,0.3614852,-0.37069604,-2.10149,-0.9682654,-1.6565082,-2.0098155,-1.5552068,-1.1107335,-0.54926884,-1.7031243,0.7879091,-0.9621412,-1.8990117
-0.6975941,0.36501223,-0.50187504,-1.220298,-2.168741,-1.3505116,-0.515354,0.41835505,-0.77477676,-2.1317625,-2.1974921,-0.62289166,-0.85431087,-2.7404394,-1.4173967,1.3157452,0.82142156,1.2912642,0.41182014,0.4357386,0.025385391,0.076224476,0.50345093,0.24480459,-0.4840666,-0.40272683,0.26861727,-1.0757674,0.29323825,-0.27649608,-1.2545321,-1.9242082,-0.18865167,-0.292911,-0.80781615,0.18036059,0.32079113,-1.4421178,-1.6651495,-0.38036662,-0.9273461,-1.5544739,-1.5495282,-1.0501205,-0.84706503,-1.1189051,-0.636974,1.2669939,-0.82087076,-1.2615561,-1.4999726,-1.5808088,-0.5559808,-0.9729915,-1.3591013,-0.42098466,-0.14116071,-0.5315038,-1.6982977,-0.18895802,-0.77170736,-1.6309218,-2.2672076,2.1293092,0.26365608,0.23521385,0.5456353,1.0323718,0.1536981,1.4505879,0.8349997,-1.0720997,0.7040738,-2.3130867,0.28465116,-0.4465475,0.33939978,-1.4475061,-0.20064943,-0.61881614,-0.64872324,-0.3572678,-1.3540242,-0.35864136,0.31577057,-1.6224914,-0.83552164,-0.9920013,0.13563293,-1.6083745,-1.4504414,0.207628,-2.402893,-1.48037,-1.7850891,-2.0756733,-1.4488562,-0.28336903,-0.10097501,-1.6039336
0.19156182,-0.92817736,1.8544854,0.6960636,-0.8148857,0.99845266,0.28280595,-0.095395386,0.707549,0.69302136,0.9600365,-0.19961542,1.2145132,-0.31566253,0.92364186,0.65548545,1.0195085,0.5064211,0.7174179,0.4392601,0.34114653,0.6654468,0.74520665,0.9170519,2.5984864,1.3206632,1.2000613,0.52669054,0.98668814,0.5446814,-2.0292985,-0.7617646,0.20486921,0.035274424,0.1624054,0.2815997,-0.018268524,0.5364954,-0.096180156,0.76010066,0.015306052,0.96730226,-0.12793955,0.32998386,-0.043326378,0.42942017,-0.53197306,0.0531266,0.9168884,-0.35820377,0.20794855,-0.49617633,-0.24025317,-0.8731089,0.20804775,0.3739328,0.5460729,0.7620134,-0.056312148,0.2572119,0.020665519,2.2384658,0.4267324,-1.259525,-0.24474695,0.11536439,-0.9983671,0.7683491,-0.31305265,-0.33528826,0.68994117,0.28198338,0.025840018,0.015806777,0.30681956,1.0551578,0.11658367,0.1877287,-1.1253074,0.8444832,0.11874323,-0.52168876,-0.49105355,0.90274113,0.97253615,-1.159013,0.3397607,1.091514,0.08946728,-0.61579955,-0.7872427,-0.5858909,-0.08600851,-0.6194918,-1.0086983,-0.48668754,-0.049983602,0.20125702,-0.102283016,-0.53612614
0.040790334,0.32774982,-0.42519325,0.89300823,2.2311194,1.549291,0.6720125,1.2131224,0.50599587,1.1278011,0.9697473,2.0778697,2.230656,0.16271174,0.09670457,1.4128135,1.5865556,0.45017684,0.7328979,0.49241507,0.49036378,0.84000164,1.0869193,0.79552835,1.3547367,0.7782713,0.17061758,0.23562185,-0.2182054,0.97971994,0.43483055,-1.0942589,-0.10915788,-0.25941318,-0.2617565,0.44744915,-1.1486115,-2.3021472,-1.1485041,-0.5297133,-1.5113682,-1.1908237,-0.93652403,-2.3014426,-1.2912339,-0.66123384,-0.80457234,0.66214955,-0.9902374,-0.9101598,-0.88975453,0.474542,0.53636634,1.5056548,0.630729,-0.6819131,-0.2005315,1.4642555,1.5004869,0.6941303,0.45453256,3.705904,1.4963877,1.1229197,0.27417684,-0.30098066,0.81459457,-0.46912822,0.56457376,0.48757517,0.47878492,-0.87127537,1.3329475,0.33435246,1.3664615,0.7994448,1.2115008,1.5678002,0.90696484,-0.58413213,-0.75475943,-0.41514573,-0.8127118,-0.5976794,-0.14972,-1.7482342,0.91096944,-0.09901047,0.36078554,-1.486746,-0.7168349,-1.6592427,-1.8772249,-1.0829214,-1.7899594,-0.8467875,-1.2638714,0.16015704,-1.0137615,-0.35041118
0.032511394,-0.08041476,-0.6784033,-0.8177563,-0.22764355,0.46041974,1.3674462,0.12603875,0.6155384,1.6310275,1.2814838,1.7170821,1.6887019,-0.21327376,0.6276497,1.71348,1.4671085,1.7929809,1.1224399,0.9661545,0.5750511,1.5989549,2.0610526,2.1608741,0.38859904,0.7154964,-0.047799684,-0.10177211,1.1121122,0.8436916,0.81695217,-0.086938895,-0.872559,1.4473763,0.31155127,1.5094788,-0.60374683,-1.1907713,0.28156188,1.2539707,-0.46577013,1.1234528,-0.08899966,-1.3835804,-0.9992929,-0.9461298,-1.3396783,-0.15792671,-0.3477358,-1.3920696,-0.5178714,0.16099483,0.79875726,-1.346622,0.27926472,0.0020529719,1.8756074,1.2574228,0.30716375,1.1078275,1.8603271,1.1466936,1.0442882,0.701813,0.37716338,-0.6678019,1.2522602,1.920066,1.649089,1.5222145,1.0480874,1.6606722,2.014287,0.94481945,1.907589,0.9422244,1.3804857,1.172313,0.07626796,1.1324363,-0.041453943,-0.46554804,-1.29619,-0.43429983,-0.66092646,-0.35534853,-0.683381,0.7557542,0.81687135,-0.67497647,-1.7537303,-1.1775994,-0.87261504,-0.59605265,0.7265283,-1.1270683,-0.65203524,-0.0110077895,-0.01190568,-0.7366333
-0.12760405,0.22161417,-0.51570296,0.49865618,-0.39517745,-0.14597648,0.3632804,0.66279936,1.6155362,0.80376613,-0.20973599,1.4057947,1.9978384,1.2814487,1.4661006,2.2948005,3.0978773,1.87169,2.9036255,1.4259186,1.0396063,1.8885269,0.7694716,2.1669931,0.43897367,0.5318498,0.48829466,0.1606423,0.9494013,1.8128572,0.62271947,0.9321012,0.8894214,1.876305,1.5365857,2.0681636,1.6668206,-0.18578275,1.7229018,1.3924656,0.6012869,2.6799643,1.5448012,0.38605806,-0.16977799,0.72658694,0.20219994,0.30493662,0.581623,0.26240346,-0.4912252,0.44446975,0.27744156,-0.58298516,0.82697594,1.2776669,0.8440005,0.8834117,1.5963843,1.5546398,0.3712594,0.76642793,0.65912277,-0.18918942,0.16192003,0.32177296,0.92742443,2.953059,1.8098115,1.6364154,0.9953808,0.7365305,1.1623822,0.6510643,1.3166659,0.8060356,0.8102863,0.38661826,0.8001477,0.13983338,0.24589513,0.2734705,0.07893628,0.02190458,-0.45348495,-0.21257201,0.51416713,-0.39899066,1.6338258,-0.089362465,-0.87742,-0.015439191,1.0213144,-0.41272193,1.2076542,-0.54075986,-0.697982,-0.86643296,0.47576937,0.5029225
0.74157107,1.1495955,1.6395464,1.7740784,0.74773926,0.6017851,1.9085332,1.2020487,1.5936311,1.5430962,2.50239,1.9229466,1.4349512,2.2190301,2.5897527,2.1065643,2.111467,2.3731222,2.2258573,1.1606437,1.8660989,2.280214,1.2714812,2.6118739,1.1745383,1.717649,1.5632539,0.9629822,1.0638237,0.1126829,0.6739673,1.8838009,2.738735,2.675494,2.2183485,1.4889175,2.2031546,0.5494737,1.0270361,0.5462056,1.215718,0.6435795,1.2218292,1.8606817,1.6607571,1.4309983,0.62014306,2.7649248,-0.47825363,0.87313,0.7253663,1.5827783,1.1915393,0.262521,-0.07013846,0.6837385,2.0140455,2.0434022,1.4690715,-0.034929425,1.4762814,0.72615397,1.0816885,1.0513757,0.86456394,2.5074825,0.9742069,2.4937906,2.7544634,2.2497895,1.6865702,2.4967432,1.8568454,-1.439615,1.9876423,0.48523974,0.60459185,0.05714828,1.8513281,1.3269186,1.868636,0.7201721,1.319604,2.8283567,1.1806973,0.5230733,0.67746043,0.6942877,0.68329585,-0.45416903,0.112382844,0.79067665,0.71395326,1.9041911,-0.5813526,0.6247875,1.0546556,1.4050092,0.5391038,0.55243695
0.58224356,-0.17093027,-0.22449614,0.68434185,0.21128044,-1.7019446,-0.7382622,1.0701469,-0.22840004,-0.42973098,-0.9741093,-0.82144,-1.1262243,0.5157278,1.7847863,1.9416407,0.65529865,1.42973,0.54565144,0.34402433,-0.65368086,1.661873,0.7856745,-0.65206146,-1.9045769,-0.5134273,-0.04615686,-1.3571442,-0.81784385,-1.7539405,0.7358567,-1.338561,0.85398954,1.6166116,1.4820036,0.34018797,-0.9561162,-1.6749427,-1.0779064,-0.8747192,0.063991204,-1.3283602,0.7326517,-0.19222395,1.0609685,-0.0253644,0.20764242,2.0514307,-0.42332032,0.11684998,1.4721074,0.14793086,0.91719514,0.27384594,-0.20770344,-0.6743282,-0.014105952,-1.2550994,-1.2856011,-0.65253353,-2.1116292,-1.5128365,-1.4950695,-0.6388551,-1.5616564,0.24856368,0.71615374,-0.42024738,1.4324608,1.0965123,0.10750984,1.5716268,-0.6933449,-1.7295668,0.21307713,-0.7979229,-1.4045839,-1.2372814,1.8749112,-0.73156786,-0.06164004,-0.051560193,0.018895747,0.9832124,-0.6284058,-0.41558832,-0.9693279,-1.8991488,-0.05961511,-0.9795749,-0.47686008,0.9939541,-1.6517024,0.00037466516,-1.0465416,-0.5335278,-0.35166422,0.30117315,-0.24658525,-0.8162313
1.2447904,0.32983953,1.8161782,0.3782934,0.46023953,-0.6244392,0.03412204,0.43687898,-1.2573105,0.8389097,0.20349967,0.88488543,-0.3456131,0.9401593,1.4778442,1.0120026,-0.5846662,-0.018715648,-1.6149395,-0.3382884,1.3811499,-0.9130744,-0.5554162,-1.3403592,0.6851791,-0.5247238,-1.1524429,-1.5547086,-0.956665,0.33635426,-0.084150456,2.0572898,-0.123272024,-0.050659876,0.12023965,-0.82806295,-0.45312002,0.7882259,-1.3074216,-0.95216984,0.5779022,-1.854351,0.052309133,-0.95311064,0.08891725,0.09631326,0.41190782,0.26645693,0.8631206,0.08816547,1.1493529,0.9391027,1.3810265,0.13707723,0.14210325,-0.17773962,0.34007385,-0.03655463,0.115484506,-1.2544048,-1.4328947,-0.8626423,-1.7981706,-0.4429633,0.5130757,0.45913115,0.47143593,-0.60383326,-0.7617196,0.29971334,0.12030343,-0.7285683,-1.4618552,-1.3407334,-0.30627844,-0.44238362,-0.72931755,-0.8345024,-0.13086998,0.45888853,-1.0050077,1.0007521,-0.7566532,0.2902009,-1.9520762,0.19437604,0.021835143,-0.47977996,-0.5395288,0.8472638,1.1376371,0.007088166,-0.24627636,0.75296164,-0.59854287,-0.5770398,0.7523234,0.94920516,0.10173941,0.70089066
-0.2257152,0.11784104,-0.20614207,1.4533182,1.5092498,-1.6145641,-1.3543003,-0.08052233,-0.86588365,-0.039543126,0.70473427,-0.7771234,-0.6439525,-0.35647944,0.38513666,-0.69583064,-0.80047077,-0.5137142,-0.74618495,-0.9118442,-1.309024,-0.7020166,-1.010835,-1.9622198,-0.8820961,-1.476783,-0.67975396,-0.80590576,-0.79374826,-1.4266336,0.7458016,0.22861311,0.80686086,0.27233088,0.24649343,-1.2648836,-0.6378566,-0.1331,-0.893445,-1.0664256,0.7652285,-1.9078023,0.14074302,0.021769114,0.7527561,0.37871704,1.5872844,0.6917471,0.8595745,1.055062,0.119900465,1.0368104,0.049203247,1.0004687,-0.3361282,0.19477722,0.21961169,-0.8359895,0.015881442,-0.5883437,-1.7557411,-0.20051269,-0.23605539,2.2055674,-0.82493,2.3046358,-0.9999406,-1.0012347,-0.4762132,-0.5212832,-0.95576507,-1.645269,-0.58529854,-0.8548626,-1.7533312,-1.7740012,-0.6485581,-1.1316817,1.7587175,-0.18608879,-0.44294408,1.6279366,0.7098132,0.027518045,-0.59537506,0.5083657,0.4733541,-0.1962962,-0.3240568,1.3675019,2.4146218,0.31314838,-0.59465355,1.6522114,-0.5861416,1.738736,1.2165598,0.47623068,-0.052598286,1.0573831
0.91821325,1.8468837,-0.560142,-0.3060604,0.34123063,0.81452966,-0.103325605,0.43571553,0.3088185,1.3020855,0.04880099,0.18557215,-0.71363163,1.3907464,0.6135127,0.14553013,-1.6863372,-0.13275863,-0.73261064,-0.20477773,-1.4371558,0.46039692,0.36691722,-1.773481,-0.44465283,-0.34038293,0.47184297,0.24961995,-0.4128943,-1.7313217,-0.102432825,-0.46417207,0.59375983,1.0470372,1.0984405,0.8624523,1.9415443,0.22509493,0.35587507,-0.6330325,0.97064346,-1.8277208,0.2816978,0.47287345,1.7883037,-0.20548263,1.2082975,1.5148618,1.8927027,1.2679707,1.1231529,1.2097305,-0.5001971,0.11275503,-0.19932115,1.7839878,0.22515897,-0.113933794,0.6225763,1.2194302,0.38455528,-0.068968646,-0.43816343,-1.1246598,-0.63261235,1.2430243,-0.08921971,-1.1245732,1.7064369,0.8396608,-1.2009867,0.4640562,0.4100767,-0.022232912,-2.0528154,-0.9450909,-0.71826184,-0.039203454,-0.1877397,0.23428996,0.029762281,2.4333687,2.1374621,0.8572075,0.94009644,2.1972146,2.3273084,0.6810941,1.9300361,0.63626987,2.153543,0.70018345,0.54507345,-1.4316192,-0.41665807,0.27319074,1.2249635,3.3361948,1.3285267,1.6743199
2.1376686,0.92125845,0.5269159,-0.23807855,1.7114946,0.04026609,-0.39517924,1.4761086,0.83365566,-1.4950424,0.57987976,-0.09172659,0.14082964,0.3880615,0.15950061,0.22956382,-0.4479036,0.4819048,-0.1361851,0.35106617,-0.15989237,0.89845896,0.008941212,-1.8551197,-0.9514626,-0.96202916,-0.26685777,-1.151512,-0.9308839,-0.9862283,-0.66778994,-0.34542513,-0.3865166,0.73592824,1.5526879,1.2532789,-0.32365084,0.22603798,-1.1459516,-0.7426912,0.6924564,-2.5551286,-0.051364634,-0.6316349,0.57658577,-0.55781966,0.013895996,2.3337924,1.8766778,1.5956217,1.9089566,0.9853284,0.20282902,1.0384964,0.3370792,2.140879,1.0669237,-0.5397895,-0.28024405,-0.5580461,-1.3296039,-1.0515286,-0.14010392,-0.04763052,-0.47677103,1.3939838,0.2885015,-2.101153,0.8022645,0.5162769,-0.12515792,-0.57233167,0.025677618,-0.7291218,-1.5332355,-0.4756612,-1.5059818,-0.965674,0.1058325,-0.6851065,-0.84306395,1.9247333,1.1452242,1.7907751,0.03604461,1.2177836,1.3386232,-0.71055955,1.8056686,0.9215519,1.521179,-1.4198911,-0.13374893,-1.4031773,-1.5471146,0.04506631,0.011026129,1.6346265,1.7938237,1.9565916
1.3882527,0.74830407,0.94006723,-1.7437346,-0.45331666,0.44286606,0.1966918,1.2717568,1.2611935,-0.6485985,0.19947957,-1.0888928,-0.6380486,-0.041406542,-0.12719746,0.19517416,0.4900451,0.50699925,0.28412905,0.9419089,-0.21244451,-0.22903095,0.14392018,-1.2097846,-0.44445947,-1.142597,0.01383362,0.021174219,0.07731767,-1.4679297,0.2258547,-0.9396274,1.0623282,0.3611754,0.21228053,0.7554849,0.70302963,0.25508523,-0.9588303,-0.9675121,-0.11036707,-0.8805364,-0.5339403,0.6522162,0.45660567,-0.04782205,0.13098493,0.15085486,1.1688075,0.9471792,0.9955941,-0.19809717,2.2414954,0.5943884,-1.5181234,1.1348642,0.36236268,0.56470615,-0.77597564,-0.8342556,-1.5102273,-1.2295833,0.7260537,-0.21046606,0.8991955,0.035778385,1.436924,0.030814545,0.82550925,0.54024756,0.967879,-0.21027777,-0.714798,0.30207387,-0.58809143,-0.69238865,1.7829183,0.28098068,-0.08063003,-0.26225016,0.272667,1.5759323,0.8382318,0.22351323,-0.5261001,-0.06752848,1.438393,0.81952816,1.0194519,0.27586415,1.8730975,0.25859028,-0.5339388,0.60832083,-0.27472037,0.9376479,0.77496886,0.48707637,2.055434,1.0699083
-0.15022436,-1.8617156,0.58602077,-0.536499,0.14176835,-0.12824948,1.3988159,-0.14528878,1.4021016,0.12670073,0.18364306,-1.0106581,-0.30067432,-0.14465621,0.033085063,-0.2781285,-1.3711799,-0.18163955,-0.79141235,1.3443723,-0.1355033,-1.4121333,-0.7781135,-0.2707728,-0.04350338,-1.0844765,-0.73056996,-1.5298043,1.8555651,-0.819444,-0.07478294,0.07468336,0.37448657,-0.5773803,-0.98083085,0.010548634,0.99962777,0.39172435,0.52010345,0.82793164,0.8963876,0.56882143,-0.061053943,0.46042088,0.010892144,0.92863894,0.2796989,-0.6121843,2.005648,1.3648404,0.70055956,-0.93486214,-0.6370702,0.28591546,-0.78256756,0.7976615,-1.0811065,-0.57216066,-0.44884792,0.22484379,0.7960723,0.17348658,0.81753314,0.37901327,0.27189592,-0.75873977,0.6989221,-1.4604018,-1.5048587,-0.28792566,1.3154827,0.5100494,-0.47974598,1.6510545,-0.38111004,-0.9605835,1.2023122,-0.8608366,0.13367428,0.66385597,-1.2372861,-1.3224479,-1.0287241,-1.0148287,-0.73343736,-1.6499699,-0.882674,-2.1098087,0.28054595,0.7933943,0.42632458,0.6283931,0.31987056,0.99764186,2.2958124,0.3456058,0.6155391,-0.4874942,0.875936,0.8264434
0.82782686,-0.5227227,1.2234241,0.42322016,0.8659433,-0.85248625,1.3215126,0.15379134,1.4559134,-0.39116678,1.4683348,0.42547572,-0.22449192,-1.575949,-0.08355391,0.1928138,0.36203983,0.3208229,0.4802343,0.23463348,0.8375535,-0.6135643,-0.65562344,0.73005396,0.2810904,0.1626086,-1.5521998,-0.65662974,0.30461475,-0.6526688,-0.7281656,0.96653086,0.41130638,-0.5764505,-0.83288485,-0.14126305,0.22753663,1.0484824,0.5663091,1.546771,1.0504962,1.0168483,0.66559607,0.6834594,-0.34187558,1.4593174,0.62223274,-1.6047703,-0.34222,1.1312532,0.49288595,-0.46408066,0.78299713,-0.7402013,-1.2858804,0.41457686,-0.38674173,-0.32492226,1.2385637,0.7305659,2.3480499,-0.4829558,1.0394245,-0.042297058,-0.78069043,-0.6257813,0.3504733,1.4521941,-0.6684059,-0.7066277,0.23881555,0.024978856,0.16878125,2.4661584,0.7567392,-0.2697488,1.4798448,-0.77598643,-1.333424,0.47740036,-0.53587323,-1.4506093,-0.47282958,-1.8728591,-0.9239319,-1.1959503,-0.16015223,-0.022840176,0.06380098,0.08239046,-0.46468112,0.7567083,0.0125496965,0.25596556,1.3193723,0.5345671,0.33290666,-1.8478842,-0.368805,0.75227934
-0.28918764,0.0626142,0.35331175,0.43061778,0.7574426,-0.9049716,-0.077179,0.0039299508,-0.87660456,-0.15503773,-1.4458483,0.51501894,0.01950578,-1.3088732,-1.565641,0.57379824,0.9302035,0.7054803,0.678753,-0.8186379,-0.07885556,0.52924836,-1.8156112,-0.34668985,0.62561923,-1.7498109,-0.5025264,-0.413078,-1.3269255,-1.9611237,0.20190328,1.2593461,1.0930649,0.24038064,-0.9144555,-1.3515321,0.68254834,-0.03660862,-1.2411035,-0.10641544,0.7184569,-0.48328328,0.72237384,1.0761144,0.35851637,1.292668,1.2262689,-0.5592953,-1.7083665,0.6025863,0.3998404,-0.4613369,1.009692,-0.15679829,-0.11922988,-1.6145089,-0.38058937,0.8169391,0.95435065,0.46102613,2.0509567,1.0037147,0.1388877,-0.4069596,0.7491866,0.7757395,-0.19883864,1.4925923,-1.1009233,0.15778495,0.617111,-0.7003766,-0.6720204,-0.4861942,0.31754357,-0.9863887,0.0048576402,-1.1983308,-0.7988336,0.51698816,-1.8283793,-0.22218893,-0.41768575,-0.5252284,-0.5605054,-0.820772,-0.48966965,-1.3665209,-2.1793451,-0.034259554,0.5547906,-0.10002044,0.543915,0.7609492,-1.2397611,1.0655296,0.1674852,-0.45681366,-1.5467663,0.23441115
-0.20874692,-2.1457946,-0.010567456,-0.06368749,-0.8171481,-0.86040175,0.09489256,0.20544834,-2.184011,0.1763176,-0.24986497,-0.040375423,0.34887156,-0.14440581,-1.3174984,-0.27832568,-0.30520114,-0.6946705,0.18511474,-0.99845666,-0.2489106,-0.12449463,-1.0611191,0.5311864,0.6058365,0.73711896,-1.1100011,-1.6928811,-0.93283147,-1.6893339,-0.297426,-0.32918477,1.3603907,0.28251398,0.36110428,-1.5920475,0.3437417,0.6904546,0.7556848,1.1346042,1.4349048,0.35429245,0.8309091,0.593754,0.26689473,0.116090566,1.4243572,0.58926755,-0.5596288,0.27684373,-2.1264718,0.45424616,0.67253447,1.296742,0.53157085,-0.3089341,0.0329645,-1.3230758,1.073691,1.0252914,0.78344977,0.42913967,-0.60775864,-0.9952642,0.9077892,-0.114366956,-0.7785241,1.0324271,-1.7623405,-1.2441101,-0.88034993,-0.3328752,-1.3481619,0.057663124,-0.3452502,0.00848652,-0.76177216,-1.1550304,-0.25276878,-0.12084508,-0.23687157,-0.44672382,-0.96691823,-1.0533006,-1.0513424,0.17378555,-0.47786513,-0.023499409,-1.9580051,0.85253537,0.17931792,-0.18099321,1.5507108,-1.0567977,-0.33068103,1.3844336,-0.255462,-2.0368066,-1.991009,-0.0034060306
-1.4186504,1.2875401,-0.64686155,-0.31205723,-0.78002805,-1.5245162,-0.020556144,-0.647776,-0.47040287,-0.5870508,-1.2041651,-0.9568759,-0.669934,-1.4618776,0.8115367,-0.88491446,-0.7351482,-1.3929735,-0.631015,-1.1887541,-0.9840666,-1.020277,-1.3173411,-0.4741339,-0.31747034,-0.723826,-0.107993096,-0.75058705,-0.6175467,-1.0884144,-0.26627448,-0.7118747,-0.40188378,-0.80349034,-0.5404785,-0.68481284,-0.40773708,1.2233981,0.9538758,0.02798348,1.1560003,-0.14561118,0.24313626,0.86711615,-0.04413915,0.7881119,0.320614,-0.16372623,-0.94883764,0.29504025,-0.50731647,0.02620934,-0.08937856,0.8008844,0.45253697,-1.014349,-0.70937234,0.0563719,0.9433997,-1.7768588,-0.28853634,-1.1775899,-0.17935331,0.069162354,-0.6174617,-0.39513958,-1.2524221,-1.0525249,-0.8508376,-1.0581883,-1.0576694,-1.7925934,-0.8308529,-1.211568,-0.75242364,-0.038081985,-0.79508144,-1.7538325,0.13372208,0.15610309,0.457113,0.17220454,0.33385578,0.08142512,-0.10057181,0.45556486,0.47844386,-0.38191512,-0.7856801,1.3750157,0.6220499,0.6501856,0.769207,1.39708,0.36004815,0.7928513,0.39098367,-0.47879905,-0.9272848,0.5879459
-0.15113169,-0.0070328754,-2.3837183,-0.23595062,-0.7804652,0.4163301,-1.507679,-1.7740303,-1.4492376,-1.1766213,-0.80816346,-0.1902662,0.35783505,-1.354589,-0.28228685,-0.54124963,0.69542813,-1.4714843,0.42571744,-2.0399368,-0.33973533,0.80694944,-1.33415,-1.2484533,1.07264,0.66574454,-0.56663704,-0.8513836,-2.631761,-1.2088083,-0.69026446,-2.0353422,-0.21973969,-0.008407405,-0.12614174,-0.96785986,-0.36111745,-0.09122816,-1.4697306,-1.3197905,-1.2164588,-1.4673846,-0.6410454,-1.1666657,-1.4414964,-1.2017605,0.17187677,-0.85634893,-1.3648329,-0.83739567,-1.2657684,-0.7191511,-0.58640885,0.30813265,1.0438709,-0.9454959,-0.9560632,-0.8584011,-0.97224534,1.7057701,0.43201327,0.9352112,-0.8110871,-0.8057289,-0.16641973,0.065971136,-0.9598688,-0.4041528,0.37493688,-0.55589974,-1.190741,-0.50164175,0.044906836,-1.023874,0.49736845,0.78417695,-0.81979513,0.26762676,-0.7326642,-0.7151641,0.8220056,0.8566808,1.5122849,1.6551112,-0.30439168,1.1425059,0.70592767,-0.90561825,-1.0038294,-0.29059502,-0.16761929,-1.7307624,-0.9298845,0.25666636,-0.54976344,-0.9585786,-0.7164111,-0.080412276,-1.0924181,-0.72628266
-0.59986377,0.5575441,0.039335515,2.0167933,0.73819244,-0.07289778,0.5002806,-0.19141582,-0.23038518,0.32257116,0.39614636,-0.21516365,0.85470057,1.4243418,1.1882885,-0.004189945,0.049215022,-0.55767214,-0.5692829,-0.3275588,0.18696211,0.53834176,0.90787107,-0.11949361,-0.5481274,0.43454537,1.6638615,-0.15131953,-0.44566205,0.6560734,0.7512359,-0.6078691,0.06903013,0.052245744,0.9702718,-0.13469651,1.3786374,-1.7074561,0.01327516,-0.71408737,0.07152888,-0.31143162,0.4472654,0.6357552,1.7190534,0.4555041,0.4212474,1.1527576,-0.21541972,0.2083996,-0.6688226,0.24209367,-0.8970135,1.371325,0.77641714,-0.27692488,-0.69913685,-0.036157347,0.8672673,-0.50202376,-0.121199206,0.4424771,-0.12861119,0.21042623,-1.0758995,1.0195653,-0.5749767,-0.14150847,0.16793399,-0.0688496,-0.51089025,0.08775846,-0.11401781,-0.84705126,-0.045588348,-0.025308253,0.38104886,-0.51201195,0.87189674,-1.8973188,0.38341117,0.4709046,0.1089905,0.18082643,0.14254342,1.0384029,0.7545463,1.669907,0.19973835,-0.39684498,-0.017548647,-0.8701974,-0.6887323,-0.12622356,0.482473,1.0240705,0.20879312,0.6116658,0.029567577,1.0483905
0.58441436,0.4495907,0.27697778,1.3755007,-0.111602895,0.72386897,-0.36478782,1.3369534,0.6347302,0.7613188,0.711652,0.26251566,1.0136437,0.91883534,-0.5216727,0.37848672,0.26798368,0.516638,0.44155595,1.0632621,0.653696,0.31486514,0.51716316,0.96179503,-1.1559079,0.69123614,0.6277447,1.1049638,-0.007892702,0.5889928,-0.83695483,-0.79329896,0.45791128,0.7956071,0.23619919,1.3267351,1.414625,0.1823481,1.0980855,0.38562167,1.2008747,0.54610795,1.0920033,0.58956856,1.0954112,0.8005292,1.3571995,1.1551834,0.3908051,1.0518038,0.71691024,-0.059988458,0.7002492,0.15625913,-0.7869011,-0.044796355,0.29673475,0.69578683,0.07610481,-0.53006834,0.4230509,0.77165663,0.049095623,0.68431866,0.30742818,0.122705586,0.7055808,0.9736319,0.6954555,1.2141906,0.2449085,0.64260876,-0.48929623,0.7532295,-0.1009954,-0.37357375,-1.0390685,0.18079692,0.024351059,-1.0494558,0.35627678,1.0807972,0.5662027,-0.18225595,0.15438081,0.54969966,-0.8131811,0.27029276,0.7552612,1.488361,-0.16100971,-0.5141844,0.8535603,1.2120852,0.18417019,0.39881837,1.0571789,0.4340984,-0.3348227,1.325903
-1.0748514,-1.8499081,-1.5025167,0.44307214,-0.5689055,-1.5359251,1.7859315,1.8613895,2.9353719,1.2302651,1.4365274,1.3774083,0.8170853,1.1045674,1.905494,0.9635724,0.40751943,2.174287,0.35837922,1.4447217,1.528688,0.2454366,1.7881011,2.617714,-0.26640135,1.0695649,0.40389535,0.32776248,2.0484748,2.3218656,-1.3530555,0.8104675,1.5055391,0.8395122,0.3685974,2.02607,-0.82619804,1.2100033,1.8595153,2.4462125,0.42167526,0.97317183,0.17166269,-1.513612,-0.7423721,-1.3598933,-0.45485902,0.3419944,-0.53692365,-0.63381547,-0.75899017,-0.37643808,-1.2031958,-0.3318455,-0.1927455,0.01481271,1.0481037,1.3155055,-0.47487584,0.70633054,0.5080851,0.44523,-0.64656913,0.4649518,0.5476689,-0.337651,1.775105,0.74751145,1.5187637,1.6216383,0.950344,2.636267,1.7793312,2.9857128,1.0796868,0.7326315,1.7779188,1.4145755,-1.2765315,-0.6258264,1.0885855,0.3808201,0.78654695,-0.3667678,1.1089106,0.20882088,0.31010258,0.0025089192,1.2735635,1.4045129,-1.9673483,0.950344,-0.018574806,-1.5357982,0.7560561,-1.1580472,0.09451775,0.76330364,0.014727887,-0.054564185
0.83567506,-0.21412328,1.5439768,-0.36935264,-0.83994186,0.8919091,0.8995972,1.3954746,0.87256664,1.9292569,1.5626875,1.6747758,1.6576512,-0.1579907,0.63789093,-0.13821127,0.100227155,0.64958435,-0.45481625,1.1297,1.6018547,0.484281,1.9151219,1.5630653,1.368378,1.9510275,0.22406949,0.8957578,1.7801019,1.2228507,-0.9353656,1.1667461,0.6135183,-0.2913759,0.38771537,0.4595034,-0.47910443,0.49429217,1.069907,1.5440468,-0.59046686,0.2645182,0.31606397,-0.3707156,-0.6048379,0.16614485,-0.45816007,-1.0445985,0.01131851,-0.91086394,-0.3281513,0.280655,-0.35353667,-2.2666929,-0.25773695,-0.42678654,1.5758867,0.25013238,0.89329547,1.1474203,0.03582778,0.4396603,0.15938446,0.37018004,2.0685139,-0.4187282,1.9625186,0.3894471,0.93610483,0.6318768,0.58879644,1.6069386,0.7498599,1.0099391,0.5672466,1.5512685,0.32127085,0.85613304,-1.1145386,0.4212024,1.6120445,0.22872981,0.29313046,0.97040486,0.94870937,0.5248566,-0.07449902,2.118623,0.9669008,-0.13684651,0.53145087,0.21966659,1.9449751,1.0665357,1.4715722,0.9215427,0.9906754,1.181086,0.318831,-1.3473045
-0.26041794,1.5521948,1.5755162,1.4634728,0.9985509,1.0615016,0.4589009,1.2322481,1.0509645,1.6510122,1.1010029,0.75677776,0.115270846,0.7388185,1.0486481,1.0379102,0.6997532,0.29460788,1.795002,0.928841,-0.09818983,0.73074245,1.137446,-0.15236028,1.110477,0.9297232,0.88419175,1.5875254,1.9948252,1.3894451,-0.71280074,0.69137096,0.60668766,-0.115823746,-0.10251055,1.3986222,1.0149701,1.4525874,0.31163508,1.5212988,-1.4302527,0.5894889,-0.17366166,-0.22004308,-0.61041784,-0.39126503,-1.191758,0.2008582,-0.10755001,-0.8498556,0.540935,1.8008451,1.7070447,0.96175957,3.164465,1.1516383,3.1291316,1.5341369,0.6746501,0.22180912,-0.23917511,0.5939828,0.60370046,0.71398443,1.6054633,1.4132158,2.3582988,1.48316,2.6281612,1.8378159,1.0946572,2.6223736,0.7445274,1.8404106,1.3192277,1.1212585,2.364852,2.052388,-0.19687073,0.9644215,3.0916889,2.2930348,1.5326426,2.1664572,1.1313106,1.579328,2.3883061,1.6863583,2.0636928,0.41212195,0.9565622,1.0397574,1.1761231,0.12282015,0.89645034,0.40650645,0.5532302,2.2857647,0.30015352,-0.15287554
-0.16850889,0.65784365,0.22966114,-0.2766797,-0.21400477,0.9050198,0.6433395,1.9241959,-0.23073776,0.09508001,1.1975411,1.6687422,0.46040356,2.1433103,-0.13425082,1.0436387,0.9225269,0.87356275,-0.4792883,0.77484196,0.537246,0.733832,0.69898,0.4489071,1.3704991,1.1910555,0.025351638,0.3713021,0.88824475,0.8191525,-0.36010918,0.21342982,-0.80005985,0.14377497,0.21766686,0.91705734,-0.13416164,-0.33595517,0.0033515606,2.2639766,-0.9249002,-0.83620733,-0.68641084,-0.2650567,-0.87786424,-1.2487478,-1.3228024,-1.021246,-0.59938556,-0.9581945,-0.96764654,-0.2051651,1.010299,0.49823695,0.5739299,-0.1474878,0.77055174,0.6494213,0.5786504,1.1338546,-0.53496635,0.26489177,0.33120832,0.0968467,0.5199487,-0.29091042,1.4018701,-0.2867471,1.2616047,0.6779603,0.8234384,0.33485433,0.9155858,1.5377688,1.2376888,1.2542518,-0.4677266,1.0986108,0.27720156,-0.6747853,1.368835,-0.07193935,0.37896404,0.2936668,0.1300477,-0.5057425,0.45339453,1.1249095,0.32589746,-0.8732464,-0.2150961,0.07756896,0.181218,0.38615033,-0.010057994,-1.1123753,-1.0361586,0.15803407,0.56629795,-0.7309934
2.6024036,1.2273413,-0.7440695,-1.178755,-0.7158911,2.3423357,-0.6302258,-0.67758936,0.3017393,-1.141801,-0.3625473,-0.6982701,-0.27756265,1.3720642,0.8235617,-0.9720434,-0.91861504,-0.53636235,0.28051308,0.4721604,0.45676443,-0.118617125,0.27525246,-0.9462128,-0.09107237,1.2559952,-0.10800392,1.3824073,0.11400034,1.4368033,0.18042307,0.7606782,-0.9601113,-1.3443772,0.41416198,-0.9599616,-1.4895115,0.4243093,-0.48590633,-1.0473857,-0.96517247,0.71575236,-0.1478163,0.7974614,-0.42982087,-0.052452445,-0.6974635,-0.005237255,2.3839862,0.13995364,2.345492,-0.04081414,-1.0638494,-0.031555377,-0.28107515,2.133656,-1.4807757,-0.50939214,-0.78464514,-0.13651904,0.2832978,-1.0142418,0.09216427,1.3716563,1.001902,1.3547964,-0.5816706,-0.0525553,-1.7277322,-1.1855263,-0.22175226,-0.1988884,1.2643361,-0.98873425,-0.7820438,-0.22896573,0.50251836,0.32076573,-1.3906646,-0.2715898,-1.3101735,-1.177217,-0.81887263,-0.620399,0.4339903,-1.6162033,-0.616695,-0.34943637,-0.6072536,-0.88220394,-0.22666882,-0.44984195,-1.1964139,-0.7185098,-1.0253001,0.51983976,-0.9072768,0.39312625,1.9855123,-0.848577
-1.4082941,0.27625874,0.11922893,-0.3019015,0.48472574,1.0895244,-0.6558724,-0.6826153,0.11461713,-1.1449013,-0.4142503,-0.87951773,-2.182061,-1.1376636,-1.4109113,0.24019866,-1.1220928,-0.069239855,-0.66545415,-0.0893582,-1.8018551,0.99755985,-0.023623075,0.42699212,-0.14304262,1.2601855,0.66280913,1.8920913,1.0312858,1.4387375,-0.3196047,0.6560297,-1.8673767,0.48272097,0.6536473,-0.04338532,0.5045486,0.53091663,0.51748985,-0.43495843,0.16449301,1.5447468,0.5239574,0.6753308,-0.462017,0.114765294,0.4597848,-0.36821893,0.067398146,0.43304008,-0.9762448,-0.7156156,-0.5109651,1.3436275,1.4430171,0.8588834,-0.8928894,1.4322143,-1.0509083,-0.031626742,-0.6832451,-0.44639486,-0.6454603,-0.7486108,-1.8307412,-0.49318722,-0.8782045,-1.4524832,-0.7787138,-0.93191046,-0.03593853,1.015221,0.16515888,-0.21062386,-0.3779658,1.1681621,0.048809685,1.2029676,-1.3614904,0.35356572,-0.41083926,-1.108172,-1.3341811,-0.78865725,0.6141558,-1.7954762,-0.8406507,-0.026095537,-0.21917696,-1.2771617,-0.95936,-0.19233926,-0.54795474,-0.07811384,-0.15898935,-1.5178896,-1.4142383,-3.173069,-0.5802229,-0.37173018
