7Networks_LH_Vis_1,7Networks_LH_Vis_2,7Networks_LH_Vis_3,7Networks_LH_Vis_4,7Networks_LH_Vis_5,7Networks_LH_Vis_6,7Networks_LH_Vis_7,7Networks_LH_Vis_8,7Networks_LH_Vis_9,7Networks_LH_SomMot_1,7Networks_LH_SomMot_2,7Networks_LH_SomMot_3,7Networks_LH_SomMot_4,7Networks_LH_SomMot_5,7Networks_LH_SomMot_6,7Networks_LH_DorsAttn_Post_1,7Networks_LH_DorsAttn_Post_2,7Networks_LH_DorsAttn_Post_3,7Networks_LH_DorsAttn_Post_4,7Networks_LH_DorsAttn_Post_5,7Networks_LH_DorsAttn_Post_6,7Networks_LH_DorsAttn_PrCv_1,7Networks_LH_DorsAttn_FEF_1,7Networks_LH_SalVentAttn_ParOper_1,7Networks_LH_SalVentAttn_FrOperIns_1,7Networks_LH_SalVentAttn_FrOperIns_2,7Networks_LH_SalVentAttn_PFCl_1,7Networks_LH_SalVentAttn_Med_1,7Networks_LH_SalVentAttn_Med_2,7Networks_LH_SalVentAttn_Med_3,7Networks_LH_Limbic_OFC_1,7Networks_LH_Limbic_TempPole_1,7Networks_LH_Limbic_TempPole_2,7Networks_LH_Cont_Par_1,7Networks_LH_Cont_PFCl_1,7Networks_LH_Cont_pCun_1,7Networks_LH_Cont_Cing_1,7Networks_LH_Default_Temp_1,7Networks_LH_Default_Temp_2,7Networks_LH_Default_Par_1,7Networks_LH_Default_Par_2,7Networks_LH_Default_PFC_1,7Networks_LH_Default_PFC_2,7Networks_LH_Default_PFC_3,7Networks_LH_Default_PFC_4,7Networks_LH_Default_PFC_5,7Networks_LH_Default_PFC_6,7Networks_LH_Default_PFC_7,7Networks_LH_Default_pCunPCC_1,7Networks_LH_Default_pCunPCC_2,7Networks_RH_Vis_1,7Networks_RH_Vis_2,7Networks_RH_Vis_3,7Networks_RH_Vis_4,7Networks_RH_Vis_5,7Networks_RH_Vis_6,7Networks_RH_Vis_7,7Networks_RH_Vis_8,7Networks_RH_SomMot_1,7Networks_RH_SomMot_2,7Networks_RH_SomMot_3,7Networks_RH_SomMot_4,7Networks_RH_SomMot_5,7Networks_RH_SomMot_6,7Networks_RH_SomMot_7,7Networks_RH_SomMot_8,7Networks_RH_DorsAttn_Post_1,7Networks_RH_DorsAttn_Post_2,7Networks_RH_DorsAttn_Post_3,7Networks_RH_DorsAttn_Post_4,7Networks_RH_DorsAttn_Post_5,7Networks_RH_DorsAttn_PrCv_1,7Networks_RH_DorsAttn_FEF_1,7Networks_RH_SalVentAttn_TempOccPar_1,7Networks_RH_SalVentAttn_TempOccPar_2,7Networks_RH_SalVentAttn_FrOperIns_1,7Networks_RH_SalVentAttn_Med_1,7Networks_RH_SalVentAttn_Med_2,7Networks_RH_Limbic_OFC_1,7Networks_RH_Limbic_TempPole_1,7Networks_RH_Cont_Par_1,7Networks_RH_Cont_Par_2,7Networks_RH_Cont_PFCl_1,7Networks_RH_Cont_PFCl_2,7Networks_RH_Cont_PFCl_3,7Networks_RH_Cont_PFCl_4,7Networks_RH_Cont_Cing_1,7Networks_RH_Cont_PFCmp_1,7Networks_RH_Cont_pCun_1,7Networks_RH_Default_Par_1,7Networks_RH_Default_Temp_1,7Networks_RH_Default_Temp_2,7Networks_RH_Default_Temp_3,7Networks_RH_Default_PFCv_1,7Networks_RH_Default_PFCv_2,7Networks_RH_Default_PFCdPFCm_1,7Networks_RH_Default_PFCdPFCm_2,7Networks_RH_Default_PFCdPFCm_3,7Networks_RH_Default_pCunPCC_1,7Networks_RH_Default_pCunPCC_2
-0.64667284,-1.0245868,-0.64855105,0.035368178,-1.5378449,-1.2102933,1.0976512,0.44850472,-0.9383131,-0.833152,-2.7768705,0.35704318,-1.1420426,0.6137863,1.0461389,0.8473478,0.6432367,1.3515643,1.9152529,0.8200659,1.4925389,1.267389,2.5399272,-0.19585432,0.123669036,0.53351563,1.1671785,-0.13597079,-0.48959944,1.6714376,2.1515512,-0.108700946,-0.0251515,1.4753109,1.5482327,0.059996463,-0.32525343,0.20158672,0.4722586,0.20033567,1.4014487,0.45697656,0.90487576,2.1890664,2.2807956,1.8943172,1.2128882,1.1025488,-1.3506451,0.82344025,-1.458815,-0.8761803,1.1143686,-1.7053183,-3.048397,-2.1166217,-0.18882242,-1.4945042,-1.1793232,-0.7612429,-1.6075727,-1.4612086,1.2665166,-0.40398788,0.17955515,0.7475349,0.7665259,-0.09344906,0.81954825,1.351337,0.75346476,-0.060738422,1.7751684,-1.1206508,-0.2044034,-0.37175527,-0.6514789,0.93522143,1.1453104,-1.7167013,-0.08107874,0.2617504,1.5665524,-0.0069952826,0.47993356,1.3386599,-0.7775687,0.91792756,-0.9641583,-0.5664698,-0.16252004,-1.4196708,-0.25451866,-0.6889756,-0.0315319,1.5816478,2.0737693,-0.52044815,-1.6294786,-0.57845134
0.14926872,-0.74645436,-0.9531962,0.91020817,-0.6734405,-0.9952506,0.41238305,-0.103361756,-1.11923,0.5948884,0.5344808,0.4915126,0.93681186,0.95594954,0.98949283,0.5352381,-0.07120891,0.12984349,0.35369533,1.3661505,1.7959999,0.73110485,1.3973824,1.1157187,1.4162989,0.6607269,1.1644787,1.0942628,-0.4463237,1.8718419,-0.24488528,-0.08338926,0.7732965,1.420386,1.6497608,1.2542043,0.49585292,0.70024115,0.497108,0.7836212,0.9790266,0.22038879,0.46397454,1.118893,1.8313326,1.3309696,1.5241491,1.4908291,0.116268955,0.53585774,-1.0542715,-0.87075114,-1.0457157,-0.8983265,-1.7135869,-1.9495666,-1.7907563,-2.312112,-0.87731874,-0.53411084,-1.4970978,-0.719319,0.4379231,-0.5121999,0.24556817,0.8455017,-0.7414206,-0.8604803,-0.51308805,0.104184665,0.832669,-0.061637532,0.9874096,0.3571864,-0.37458467,0.04614335,-0.7131441,1.2305766,0.38315967,-0.34450898,0.19082104,-0.8901672,1.5966831,0.11640793,0.9116515,1.3909698,-1.1971936,1.1679902,0.41054127,-0.7819918,-0.0051058386,-0.53283805,1.5275723,-0.52309555,0.318759,0.8060019,1.7410874,-0.1598028,-0.35567328,0.16861102
0.22811401,-0.99690634,-0.9079834,-0.10298785,0.43896326,-1.0015354,-0.97279257,-0.62337506,-0.48456785,0.6876276,-0.9444188,0.91849387,-0.46989554,-0.95443547,-0.18681404,-1.1665008,0.14784436,0.12957187,-0.06952552,0.030279461,0.668304,1.7048882,1.1646762,-0.2739978,0.67728525,0.60268575,1.0156958,1.0414453,0.05320069,2.2789836,0.7134081,-0.9088656,0.9211001,1.2411206,1.2385668,0.82419926,1.5475538,-0.23497002,-0.45138556,-0.37576318,0.07713103,-1.229443,0.30093637,1.453257,1.251854,1.1010902,-0.5575683,1.6816434,-0.12529463,0.5391229,-0.55315053,-2.018711,-0.6834355,-0.008482701,-1.5958542,-1.6456898,-1.1536977,-0.38220286,0.15459539,0.21622999,0.23709519,-0.81422746,0.8573424,-0.14716873,0.6139739,0.38538998,-0.47930992,-0.4333262,-0.70535135,-1.1136214,1.5849932,0.055594634,0.346652,-1.116097,-0.36384857,0.29154098,0.28280157,1.5397241,1.2012275,-0.8649886,-0.789483,-0.6081871,0.104725234,0.38527346,0.87874633,-1.2286482,-0.783355,0.37055874,-0.09023673,-0.77948743,0.5076827,-1.0523336,-0.41703323,-0.70102286,-0.66710263,0.7467714,0.92742914,0.26456177,-0.48209205,-0.18703017
-0.09554743,-0.5180764,-0.33465526,0.36952698,-0.52403545,-0.28153026,-0.23150294,-0.23637433,-0.13703308,-0.88262093,-0.11676607,0.35899356,1.1080366,-0.0011007986,0.32002455,-0.019365799,0.040172275,-0.0149154505,0.637505,0.13641839,0.3025184,1.2049198,0.9977345,-0.7434913,0.26431906,0.49686292,0.6371136,-0.04968626,0.3049449,1.5660603,1.2269185,-0.5606727,0.77769184,0.88801014,1.0653888,-0.42840278,-0.31608728,-0.052789304,0.14426994,-0.32068613,0.52146596,-1.0954363,0.70241195,0.60036033,0.0046888352,2.0173838,1.1109333,0.99907726,-0.37309378,0.40465498,-2.2216642,-1.3609474,-0.95830625,-0.067721985,-1.0603592,-0.8212811,-0.9943773,-0.80955637,-1.8930519,-1.3118429,-1.2562546,-1.4621755,0.13227084,-0.44699547,-1.2982783,0.60384274,-1.038012,-0.7270687,-0.91403794,-0.7898889,-1.1675043,-0.79006183,-0.20726278,-2.1350877,-0.9547218,-2.0986485,-1.6240546,0.37299034,0.8166248,-1.5181407,-2.1126366,-0.5455121,-0.977317,-0.6548805,-0.4706186,-1.8837893,0.07883374,-1.1788195,-0.3752818,-0.6367299,0.85953575,-1.5017638,-1.7457873,-0.8876221,-1.6296691,0.1773334,0.26797768,0.8725739,-1.1066146,-0.4689655
-0.83877206,-1.04605,-0.13705634,0.24870177,-1.2267574,-0.89219445,0.76509935,0.13661298,0.23639472,0.31367034,-0.17606777,2.223738,1.4870846,0.078731455,0.21491176,0.27647996,1.8924114,1.2865623,0.7825376,0.21100658,0.7867157,1.328784,2.3570893,-0.86049753,0.9258351,1.7862165,2.4110405,0.464756,1.0267091,2.4119456,1.506509,0.24165976,-0.7766689,-0.046875775,0.55140847,-0.4089077,-1.9394497,0.52571654,-0.3770203,1.1520237,-0.28344604,-0.6322275,-1.04755,0.32618713,0.60412747,-0.32526723,1.062563,0.57030934,-0.8704371,-1.1099348,-0.09613263,-1.5293813,0.17264305,-0.0005710398,-1.6514647,-0.5642598,-0.51140887,-0.95416164,-0.3042755,-0.17489795,0.015320482,0.5535518,1.0241572,0.6200094,0.39044827,0.47605956,0.4209887,0.82887095,0.8795919,0.9270641,0.35997403,0.7301838,1.4336324,-0.6248661,-0.02864303,-0.3375959,0.52188677,1.4518281,-0.09910532,-0.7341184,0.10189164,-0.16891451,0.57062656,0.5833126,1.5233866,0.7222796,-1.5242755,0.7193231,0.37169856,-1.2361245,-0.5538954,-1.2425053,-0.5314718,-0.80422986,-0.93919545,0.673345,1.0366974,1.3541883,-0.24300632,-1.0047675
-0.2113671,-0.79861873,-1.0263118,-0.8590494,-3.014698,-1.1378696,1.1035278,0.3532303,-0.38285506,-0.19553149,-1.3064145,1.0348618,0.8653064,1.6910391,0.83111936,1.6624082,2.2684975,1.9342185,2.177469,0.4554818,0.6364898,0.75197196,3.5359273,-0.23903644,0.43959892,0.43713096,1.0959716,0.46028832,0.8424978,1.7205364,0.36710247,0.11654948,-1.1246259,-0.18183003,-0.120834894,-0.99428666,-1.1696097,-1.9659083,-2.462307,-1.1008977,-1.0540037,-1.145138,-1.9081155,0.073958665,0.39140347,-0.47204494,-1.119962,0.52178365,-0.08806918,-1.6618468,-0.4627947,-1.8752179,1.6606212,-2.9590056,-2.1607776,-2.550051,1.191068,-0.5074491,-0.50692457,-1.0722181,-1.0339055,-0.3562036,1.9801235,0.93171453,1.1573422,1.6116599,1.0070904,1.3446798,1.3211124,2.4597843,0.64019835,2.3065267,3.4682686,0.506592,0.5853833,-0.0726575,0.1803408,2.3459175,1.4248564,-0.52885085,0.0804504,-1.9945987,0.102469854,0.15839577,1.0741016,-0.34015173,-1.9298708,1.3274324,-0.60453016,-1.9768443,-0.07614273,-1.2499053,-0.42410606,0.39163977,0.3313527,0.703581,0.8646033,2.0103571,-1.3230133,-1.2366663
0.28107512,-1.3021549,-2.0062823,-2.2589765,-4.1488585,-2.3451447,0.7301791,-0.46171305,-1.6201284,-0.85014665,-0.9444392,-0.7167062,-0.28209794,0.006558569,0.1912786,2.6147346,0.053688042,1.2545011,0.48114046,-0.34909132,-0.3140699,1.2153316,2.090764,-0.19797865,0.15097341,0.016022818,0.9766171,-0.31789547,-0.31459433,1.1987922,-1.0487846,-0.9511646,0.17603962,0.040510576,0.30088928,-1.4276425,-1.3840095,-0.2999242,-0.39916548,0.12999944,-0.17784303,-0.5917102,-0.69249386,-0.6522925,-0.14317971,0.14130029,1.0355256,0.5000135,-0.8257625,-0.8428495,0.8090246,-0.702044,2.971535,-2.0210032,-2.2066677,-2.6787713,1.9030128,-0.81959635,-2.139065,-2.025261,-2.1191506,-0.69630253,-0.28739432,-0.03250588,-0.08903811,-1.2780685,2.6125042,-0.19942951,1.3957627,3.1111448,-0.40215948,2.1443455,2.2654033,1.230794,0.2768075,-0.3103887,-0.070321195,0.7262566,-0.48217574,-1.1514778,-0.51100236,-0.18876444,-0.10740343,-0.22445732,0.7875701,0.23231816,-1.568398,-0.08476874,-0.67936623,0.0694857,1.2348349,-0.7453182,-0.010640114,-0.2699594,0.282041,-0.57358134,0.05937261,2.114493,-1.2870263,-1.004028
0.59812844,-0.046137072,0.11402221,-0.34098494,-0.3340377,-0.30269197,0.00044859794,-0.55446047,-0.2618613,-1.1190193,-0.95164233,0.042975947,0.21046674,0.5454971,0.33889994,0.3560106,1.1051656,0.24824935,0.19193217,-0.74966276,0.19982854,-0.230707,1.1714427,-0.8700086,-0.10560937,0.5348827,1.4381403,-1.2958822,-1.3791918,1.1014974,0.64316046,0.7324063,-0.3562247,-0.81461155,0.11367888,-1.307797,-1.1783811,1.2730786,0.6585301,0.00681772,0.9200751,0.42375955,1.0142193,1.7728997,0.8777659,1.580504,1.9779973,1.5745175,-0.3311442,1.0143714,-0.36775684,-0.35308328,0.054399665,-1.466109,-1.0895404,-0.38929805,-0.3837518,-1.49306,-2.2812283,-0.8368192,-0.94087917,-0.68654805,1.5710326,0.64159846,0.44179556,1.1532421,-0.26804772,1.158136,0.017040495,0.64415634,0.29498658,0.2554848,1.0413307,-1.3883065,-0.3286892,-1.0755775,-0.80135363,0.61848736,1.0142685,-0.30280533,-1.0640949,0.02979469,1.4975555,-0.4885549,-0.23250677,0.07835983,-1.2392335,0.7405201,-0.30594686,0.14756712,-0.059682567,-0.86447954,-0.45317537,0.67054176,0.2254299,0.47372887,1.9106774,-0.586994,-0.25201106,0.6159064
1.1516185,1.1704226,1.7927966,1.5170836,0.74417835,0.8897779,1.4179069,0.9341299,1.2293725,1.2651947,0.04482879,-0.63532746,0.9616277,1.3031569,1.949792,1.7028475,-0.4222671,1.6361663,0.11353482,1.8757852,1.6129245,0.10426485,1.2915647,1.247517,-0.55661154,0.012062104,0.7691583,1.0109891,2.525268,0.049229026,-0.08251077,0.06794903,1.1577303,1.0247856,1.3459883,2.931541,0.7275285,1.6873623,2.2682605,1.5515622,2.0305505,1.0942758,0.8370443,1.4045697,0.96156174,1.4661756,2.23443,1.4987111,1.2514298,2.148747,0.011295675,0.13362342,-0.092715345,-0.6278769,0.25824815,0.27143094,-1.3971235,0.362319,0.2086103,0.62950885,-0.45818475,-0.31358045,1.8911462,0.30121192,0.4402451,0.78755647,0.19080624,-0.024557173,0.7122266,0.41196287,1.9146706,-0.443558,0.7523781,-0.042742368,-0.11690117,0.020689312,0.9126382,0.955842,1.4840997,-0.3099299,-0.25542498,1.0800269,2.8813145,0.53614694,0.035393354,0.9833737,1.511501,1.6303202,2.453343,-0.04804038,-1.1929077,-0.09181055,0.2436573,1.7532457,-0.055946313,1.1711489,1.323323,-0.8311241,0.9645979,1.5026532
-1.3255872,-1.3423567,-0.505274,-0.9078715,0.59993654,-0.79526883,-1.8547046,-1.7928914,-1.6767431,-0.6461029,-0.43644297,-0.9553264,-0.6952994,-1.3836765,-1.9804351,-1.569358,-0.24364255,-1.5204096,-1.8278452,-1.2355217,-0.90512574,-0.30629548,-1.0524144,-0.6294732,-1.2340242,0.6220065,1.4464594,0.17140324,-0.6043258,-0.70445204,-0.40596324,0.2128689,0.28022784,-0.6664138,1.2557223,-0.8738097,0.93715715,1.7129394,0.09218114,-0.6315564,-0.018497648,2.7987652,2.051488,2.3634472,1.1329004,2.4597354,0.50401723,1.2565278,-0.6781594,0.6839914,-0.50446904,-1.4342339,-1.4527124,0.77177256,0.07739743,-0.41548952,-1.6163251,-1.2483672,-0.52086127,-0.07910636,-0.43780097,-1.0844606,-0.70276994,-0.115639776,-0.9948886,-2.7345362,-0.39341334,-0.7064824,-0.29283866,-1.1866989,-0.22178201,-0.64207757,-0.6226576,0.18655209,0.08180486,-0.1012714,-0.6664109,-0.2859733,-1.8847264,0.69869804,0.57984704,0.52259475,1.9065466,0.9664946,0.752459,-0.6195556,-0.19436587,0.27835223,-0.6959295,-0.047721636,-0.32455942,-0.44081485,0.6497277,0.2757663,1.3564869,1.3938066,1.7576194,0.4564032,-0.5402113,-0.6958868
0.30253243,0.43119597,0.6832638,0.20284767,0.30219316,0.8872926,1.1374003,0.60296255,1.6816483,0.1941199,-0.3191901,0.5306863,0.7489364,0.82392776,2.0156698,0.07023821,0.37857628,0.80763966,0.6312646,1.1553525,1.7156409,-0.87259734,0.58879197,0.6558111,0.04030614,-0.5739477,-0.47738802,-0.802061,0.24828103,-0.622096,0.72547483,0.6930938,-0.12041166,0.20623451,0.13663343,1.462886,-0.050486892,0.14667541,1.1742871,0.7103943,0.99705637,1.0656691,0.548312,0.97583866,0.3900071,0.11074708,0.1472937,-0.25036493,0.34701154,1.1632769,-0.59837544,0.0017592917,-0.78581727,-1.3622209,0.36023775,0.8018477,-1.390251,0.47499442,0.77691627,0.20159496,0.5297064,0.72840524,2.1848693,0.77975225,1.0955592,1.1991724,-0.2134901,1.2214227,-0.08331935,-0.002763037,0.78164095,-0.018490864,0.22023936,0.7928624,-0.10721403,0.21897249,-0.11068944,-0.22471318,1.2839491,0.7454862,0.74579155,-0.73916095,1.0329853,0.7907732,0.6243562,-0.54758805,0.23851748,1.0156164,0.738202,-0.062982,-0.17000909,0.9123387,-0.049002513,1.5588682,1.0515317,1.7227639,1.2989676,0.14399372,1.1957654,1.1872213
0.8403153,0.018771574,1.3612779,0.06745247,-0.3451311,2.5320582,0.26135427,0.79865676,2.5681808,1.7105893,-0.15905948,1.6526545,1.6567584,1.1164546,0.32244205,1.4062692,1.6351081,1.4713147,0.65245825,1.3521684,0.5042168,1.5640072,2.532833,1.3034983,1.6498027,2.888146,3.0695403,3.0702155,2.0512633,2.212266,0.46566936,1.614026,-0.11919559,1.5490403,1.7557362,-0.14695765,-0.7442359,-0.29025802,-0.20299867,0.12193539,-0.93861896,0.39367583,-0.3850891,0.03857254,2.2290196,0.3135028,-0.7379638,1.1462816,-1.3145725,-1.4614502,1.9406593,1.5230435,1.1524774,-0.07351328,1.0675887,2.5949297,2.0329444,2.6935678,-0.24815059,0.11526618,-0.28786397,-0.9353359,2.113577,-0.5766567,0.2194563,0.1485515,2.1235397,0.5277073,1.805313,2.1403606,1.7393632,2.1863828,3.1756113,1.5085461,1.3975904,2.013469,1.7768294,2.4676836,0.35940117,1.1378894,1.194615,-0.31126064,2.1243706,1.470911,2.679334,0.30181795,-0.6881435,2.6628299,1.3792319,-1.5122408,1.4751824,-0.12703316,1.4812425,0.7148565,1.1658154,0.34152478,0.6486091,2.0200632,0.34233266,-1.2598596
0.03699894,0.94507414,2.574808,0.48447144,-0.65827966,3.3712757,0.40175802,1.4090247,2.2822127,1.5005344,1.1734629,1.5427263,1.1016703,0.7202484,1.5875663,1.1945683,0.46526545,0.8439033,1.2520659,0.79224956,0.24070154,0.7056681,1.1505532,1.5947151,1.338038,1.5735567,1.7096522,2.4397867,1.9324013,1.23893,0.63246673,-0.5384199,-0.28327858,-0.37502277,-0.07581319,-0.15897216,-0.823294,0.099778324,0.7979533,1.8649722,-0.7671955,0.3452755,-1.1972113,-1.0969591,1.1890006,-0.4294337,-0.18652838,-0.76340777,-0.9514839,-0.8846665,1.4573499,2.6895869,2.2327545,1.5168866,1.6496352,2.1905427,3.6800237,2.6744304,1.4868382,0.900036,1.423988,1.3001763,1.5490806,-0.3145333,0.82013255,0.8280314,2.2014143,0.5495971,0.39618474,1.3312161,1.6044061,1.0164913,1.0767866,1.6795498,1.4680563,1.5186068,1.0018152,1.3121532,0.05722137,1.4873104,1.0877714,1.543595,1.5983274,0.52134836,0.8925308,1.711752,0.04448338,2.1339521,0.98994744,1.1069182,1.8779699,-0.7444266,2.6110783,1.5764618,1.7029454,-0.5476389,1.7599589,0.6239592,0.13089195,0.09051493
-0.74719375,0.47732973,-0.056528628,0.76911455,0.84408134,0.47431254,0.37267417,0.5356911,-0.59078515,0.40923962,0.47356805,-0.096402526,1.0566546,-0.65985507,-0.43930718,-0.12418158,-1.3475641,0.37499744,-0.37141746,0.35917383,-0.1424863,-0.2254855,-0.73957855,-0.005911267,-0.391203,-1.3918269,-1.9325202,-0.3802245,-0.4992416,-1.354759,0.08843078,-0.6327448,0.32536784,-0.78338003,-0.4916673,-0.43125328,0.14661169,1.5040598,0.040918723,0.4742848,1.242668,0.06919529,0.6954556,0.08217142,-0.2820724,0.021958923,1.1738528,0.84374714,0.5159102,1.4953827,-0.4795292,-1.3096683,-1.1779606,-0.23541221,-0.22902893,-0.0299462,-1.1638,-0.98192155,0.8914429,1.0224112,0.94449407,2.044198,-0.48847476,-0.8648676,-0.64540213,0.48380676,-1.7784337,-0.68839085,-2.016008,-1.3684402,-0.72694445,-1.4923698,-1.8135189,-1.3148835,-0.848919,-0.67704225,0.2450617,-0.94556016,1.0172516,-0.33711666,-1.8564588,-0.8583778,-0.7376788,-1.0533056,-1.8123724,-0.8800745,-0.39485574,-1.5737764,-1.4369619,0.9291743,0.18274443,-0.13824284,0.28966707,-0.48902714,-0.7661251,0.1080454,0.3455354,-1.3528904,0.086311,0.2049516
-0.64213157,-0.28312686,0.63629496,0.488492,0.11710456,0.6684266,0.8488624,0.24328126,-0.028015288,0.93389136,0.99957186,1.2645763,0.041861385,1.7121986,1.2668029,0.19835968,-0.032750648,0.7685105,1.331769,0.5098416,0.999292,-0.4477958,0.03825694,-0.20046283,-0.635761,-0.50406826,-1.7300183,-2.1505125,-0.20833059,0.5096034,1.2868115,0.6290611,0.9577085,1.1112278,0.23783235,0.57129633,0.25864702,1.5828596,0.39652544,0.5522017,2.2446108,-0.7361329,0.13166793,-0.1626345,0.10348302,0.6567627,0.6533684,1.5841304,1.1184697,1.6501603,-1.4501427,-2.1222181,-2.284172,-1.6476873,-1.0963739,-0.24741605,-2.514269,-2.480442,-0.5680126,-0.56050706,0.17356597,-0.2483289,-0.94366586,-0.3470311,-0.4665381,0.82629126,-2.8208895,-1.4054139,-1.1795783,-2.5032496,-0.9192997,-0.82443154,-1.5355153,-1.3904617,-1.2268525,-1.2351671,-1.9217113,-0.49704006,0.73546314,0.99908763,-1.4815859,-0.08439478,-0.7325543,-1.2106669,-1.548218,-0.944095,-1.256019,-0.97665864,-0.6584599,-0.07376525,-0.138794,-0.811108,0.74193615,-1.3397397,-1.2593251,-0.25682896,0.18124163,-1.1898643,-0.058857154,0.2358373
-1.7236128,-1.8195416,-1.7636462,-1.2373126,-0.21055707,-2.3394346,-1.61403,-1.6438287,-1.4682342,-0.17127714,-1.2493988,0.23819962,-0.3512439,-1.0155069,-1.1134418,-2.6433363,-0.2984993,-1.2375433,-0.89809823,-0.95622855,-0.44728407,1.0202812,-0.5061648,-0.59960556,0.31555933,0.9703456,1.0991397,0.014630238,-0.99831945,0.54854304,0.5077825,0.90583163,-1.8707315,-0.047754,1.2543292,0.74663734,-0.60992396,-0.29854903,-0.1912487,-1.4503982,-0.76215756,0.1529699,0.65449667,0.18255197,0.28416815,0.4130825,1.045501,0.34736106,-1.6311743,-0.56600624,-2.1396515,-2.073005,-2.1889098,-0.54594535,-1.7113332,-2.1154475,-2.7075894,-2.1649847,-0.123050734,-0.31979552,-0.009932621,0.18042062,0.41697687,-0.07767836,-0.5485568,0.22799394,-1.3740398,-0.08771128,-0.19560039,-1.4384925,-1.1571834,-0.18002325,-0.24902599,-1.0820035,0.12972525,-0.29856807,-1.2072715,0.028973183,-0.13752761,-2.2584274,-0.346767,-1.5254058,-0.26266783,0.91778564,0.48748103,-0.5378809,-1.6547021,0.3591609,-0.3616912,-1.5220762,-0.20498624,-0.7200274,-1.0712698,-0.35991505,-0.8958699,1.6447505,-0.5067492,-0.51842856,-1.7225065,-0.7493387
-0.8432957,-0.22375989,-1.026199,0.16979061,-0.56520337,-1.5162916,-1.6992607,-0.8711972,-1.1125844,1.1388277,-0.7425556,0.15036215,-0.2043175,1.0275733,-0.4157531,-0.82602715,0.07841681,-1.1420865,0.018037938,0.22417673,-0.60184795,0.9198314,0.85795504,0.46742624,1.1141014,0.52779263,0.757669,0.7022353,1.3147414,0.7828735,0.2543912,0.25889885,-0.17993058,1.2718167,1.2987597,0.4920115,1.2391484,-1.134946,-0.7158069,-0.6245415,-0.5854374,-0.845472,-0.0815857,-1.0386679,-0.096941896,0.5434895,-0.8976176,1.1198534,0.16718546,-0.16568172,-0.113942005,-1.0714586,-0.5192221,0.36837748,-1.6012169,0.08245653,-2.2081878,-0.5794283,0.60337067,0.39735818,0.32554775,0.35209662,0.2819533,1.7372485,1.098258,0.5590585,0.097593755,0.5404607,0.26820663,-0.35235596,-0.3532299,0.4204992,1.0645163,-0.5631112,0.34423864,0.77503556,-0.12833004,0.8624752,0.6015913,-0.5935497,0.60956144,1.2928557,-1.5266775,0.27630866,1.5282164,-0.8903117,-0.019372743,0.028551687,0.64950824,-0.89643884,2.4389114,-0.9557917,-1.573779,-0.838699,-1.8135467,-0.8399907,-0.47300115,1.5920097,-0.3449152,-0.49930292
0.9717257,1.1115532,2.5586462,1.3192214,-0.4676072,1.3799218,0.36733234,0.036366243,1.8060697,0.9428772,-1.6015548,-1.9940339,-1.8910795,-0.9681695,1.7351614,0.40066114,-0.43207088,-0.696048,0.45519203,-0.13454004,0.54031736,-1.8593705,-2.0773883,-0.3041889,-0.49301034,-1.7199961,-2.423786,-1.8519084,-0.99256736,-1.3991241,-1.2668476,1.0889711,0.13344322,0.56337094,-2.0978851,1.2860888,0.84174675,1.0544413,0.9153223,1.0374501,1.4956348,-0.6344081,-0.9060633,-1.8117706,-1.9435458,-1.8263699,0.77691346,-0.77075577,0.1388233,1.0514392,-0.17899051,0.53997177,-1.031983,-0.34036008,-0.847874,0.94208825,-1.2139902,-0.7022196,-0.38553882,-1.2930402,-0.4247762,-1.4774764,-1.3899678,0.5468962,0.4682414,0.59344876,-1.17804,0.351457,-0.30892992,-0.27932206,1.1548231,-1.5128713,-0.67089397,-0.7896703,-1.4297986,-1.0912552,-0.10942531,-0.99013597,0.7098535,0.4961328,0.90724015,0.0392339,-1.5186582,-1.6263766,-1.8197385,0.7348294,1.1940837,-0.9282468,1.8435569,0.7514822,-0.21949075,-0.23079343,-0.6913477,-0.6100708,-0.814035,-1.1671846,-1.302452,-2.018659,0.42343426,1.6359413
0.35181415,1.2515221,1.4643903,0.89277124,1.2196519,0.6975715,0.55385065,1.2375165,0.91592467,1.4630901,0.7204299,1.074653,0.60176796,1.5585887,1.0710589,0.8962425,0.4895052,0.80795264,-0.031510744,1.0675923,0.73716044,-0.30309695,0.8600758,0.64403117,0.52847195,0.07085479,0.8334848,0.42011055,-0.06131322,0.80114686,-0.35926452,0.4230525,-0.9092093,-0.15417802,0.79050934,0.557756,-1.0780786,-0.0022058554,-0.1534899,-0.28158364,0.59561294,-0.92364115,0.13552591,0.4364018,1.2126995,0.6714607,0.46999633,-0.24039383,-0.19502336,0.20443466,-1.3690497,0.7267757,-1.0503452,0.37577626,-0.18830769,0.01185918,-0.24904117,0.8988936,-0.08464714,-0.15875386,-0.22233446,-1.2494367,0.22308652,-0.07999398,0.10752975,-0.08781963,-0.86087394,-0.29856285,-0.1861475,-0.14429614,1.3729169,-0.13094361,0.5146208,-0.6768071,-0.13464144,0.58362925,-0.4594742,0.5990498,0.637496,-1.3528856,0.18731819,-0.6450109,1.7242116,1.2658322,1.4215298,-0.80647385,-0.225832,0.6175756,1.1548244,-0.92873347,-0.33256674,-0.8444032,-0.75817096,-0.19574116,0.108030684,1.3183712,0.739396,0.051805843,0.25198615,-0.12241925
0.9930874,0.7070622,-0.12841423,-0.25642666,0.5041019,1.2088981,0.40349177,0.7502134,1.2208276,0.14368601,0.9859851,0.086541265,-0.3467078,-1.1093183,0.021180319,0.4832088,-0.31797293,-0.22148965,-0.06465046,0.7999082,0.24153623,-1.452835,-0.51912105,0.22806762,0.79452413,0.113569014,-0.14500698,0.16066793,1.1030152,-1.3280568,-2.4576697,-1.2222579,-1.9098077,-1.5310502,-1.9754738,-0.7911878,-0.6210335,-1.2105335,-1.1732,0.50373936,-1.4102914,-0.6443666,-1.397275,-1.1983594,-1.1733778,-1.4209394,-1.1412387,-2.5787175,-0.061402988,-1.5371302,-0.08989079,-0.010709668,-0.52419287,0.03536626,1.118183,1.3813357,1.1323947,1.1831255,-0.6115011,-0.11030345,-0.4149792,-0.78102225,-1.4852233,-0.7897973,-0.79108566,-1.141032,0.09429812,-0.48998588,-0.98653,0.033128254,0.96681,-0.85432446,-0.94308573,0.40533346,0.38514593,0.3359165,0.19316004,-0.23950125,0.10391397,-1.2841965,0.85027283,-1.6478963,-0.09674159,-0.25128266,-0.9943603,-1.0252905,0.12667988,0.6291523,0.18578716,0.07600809,-1.1711681,0.527324,-0.2942604,0.7599376,0.43430436,-0.37635773,0.04578588,0.28924298,0.43632737,-0.4329916
0.7704671,-0.08292204,0.08230537,-0.05847235,1.0753363,-0.69351417,-0.48509163,0.04986097,-0.2567706,0.5063746,1.1679231,-0.38942322,-0.65201074,0.731701,-0.35526448,-0.5537854,0.59094477,0.08135054,0.39870733,0.36333463,0.04740577,0.10954674,0.030398779,1.9958528,0.9731192,0.94958043,0.10349766,1.0579761,0.8475898,-1.2002006,0.07139474,-0.43963012,0.22517757,-0.2565879,0.06902637,-1.0170183,0.49839398,0.3856421,0.41672167,1.6179031,-0.8183845,1.2920244,-0.018168062,1.0908259,0.69166267,0.5289623,-0.37710345,0.23505853,-0.3106115,-0.58302844,0.9273708,0.23733114,-0.35674793,1.2448149,0.4240535,-1.0243031,-0.3747734,-0.40314358,0.9528032,-0.43163037,-1.0293201,0.19510347,-1.5521638,0.15815906,0.59139997,-1.2763693,1.2112905,0.06728165,0.41848657,-0.025260359,0.46478227,0.72345835,0.6476309,1.6622113,1.0666596,0.42872414,-0.07466819,-0.8893097,1.1188887,0.75745124,0.54159284,0.31267217,1.3044974,0.516018,0.01948584,0.33022317,0.78603154,0.22498415,-0.54356074,-0.13919292,0.66723067,0.82376456,0.9904781,1.8231623,2.1638696,1.0565112,0.9422025,2.0691397,0.40946606,-0.32118043
1.3118951,0.6481166,0.32480392,-0.032119215,0.47709832,-1.1781225,-0.3273341,-0.7494412,-0.7822441,1.349779,-0.5543739,-0.33683133,-0.12156621,0.8256757,0.0765263,0.5667098,-1.1718376,-0.24932647,0.092258826,1.2352,0.26969212,0.15503785,-0.09562788,0.63325095,1.3548312,-0.100568034,-0.013784565,-0.50975627,1.3088684,-0.20789574,0.0019575232,0.3228982,0.73631954,1.45069,0.6806643,0.2517073,1.0955422,0.82600725,0.45238328,1.003773,-0.07673704,-0.24605545,-0.04814301,-0.011468462,0.42178094,-0.75234824,-0.5406149,0.8254443,0.3876591,-0.44722527,1.3612163,0.8250797,0.25218865,1.149286,-0.08487793,-0.19114618,-0.526947,-1.1491119,0.9343951,-1.0983542,0.10590148,-0.31287086,0.20118769,0.13690361,1.2267855,-0.17587723,-0.44209573,-0.1381928,-0.16993074,-0.8991292,-0.34190926,0.5611495,0.18916933,0.9342904,0.07859574,0.3412186,0.4659589,0.4285088,1.641769,0.779297,1.2505144,1.014129,0.7185643,1.6628451,0.9383726,0.14136556,1.1526358,0.46093982,0.22858219,-0.6508956,0.56878835,0.25207013,0.44713718,1.5285522,0.0012090141,-0.54211444,-0.11667836,1.1628233,-0.33701015,0.33976087
0.059426915,-0.26196894,-0.62596554,-0.65434724,-0.16809838,-1.8949492,-0.74198884,-0.9427279,-1.3905365,-0.9514036,-0.11099185,0.8475389,-0.805351,-1.28441,-0.8986487,-0.42243966,-1.2361904,-0.7719061,0.16296302,-0.28450745,-0.06153227,0.6065105,-0.52147233,0.16965155,0.8722704,0.6440921,1.0277592,0.5066645,-0.35296643,1.1462809,-1.3793652,1.3805598,0.25392982,0.40298033,1.0817481,0.11896953,0.8860478,0.28301367,-0.16494504,-1.3467237,-0.06612679,-0.2637411,0.45114234,1.1004368,1.12464,0.8913662,0.3403521,1.8841616,0.06433342,0.28055802,-0.4505389,-1.7629178,-1.4765387,-0.2525065,-1.0539006,-2.624083,-1.1436723,-1.7636164,-1.6121006,-0.3700761,-2.1116407,-1.5130264,-0.47451967,-0.52685255,-1.4791061,-0.3845645,-1.2243912,-1.1903553,-0.9132006,-2.0250967,-1.0041403,-0.9033844,0.04609743,-0.9901598,-1.245329,-0.6065165,-0.29968473,0.40638244,0.847818,-0.3893554,0.17532554,-0.048016235,0.35436857,0.32521823,0.46272248,-0.7994943,-0.5180768,-0.09799784,-0.86515886,-0.07014831,-0.2433385,0.17437391,-0.1733656,0.6594365,0.098292306,0.009190488,0.31968814,0.9511001,-1.2048897,-0.0340104
1.0318062,0.1977979,0.071378015,0.5109486,-0.3732112,-1.0355936,0.41853058,-0.2711983,-1.5399808,1.0985495,0.454902,0.07781995,0.16874309,-0.3305228,0.93152744,0.9361587,-0.27782458,-0.14540006,0.15532622,0.2127057,0.48451892,0.08959276,0.87124795,1.3139381,1.2550465,0.9846093,0.15121312,-0.58354706,1.1028458,1.038899,0.15373564,0.8755707,1.4873137,0.88531697,0.101289235,-0.5683631,0.010342354,1.0061269,0.24255481,-0.17145395,0.51808095,-0.8992618,0.5966987,0.13753784,-0.51019365,0.613457,-0.311739,0.5355682,0.0012289946,-0.63130826,0.3610748,-0.3887018,-0.003391647,0.2846777,-1.823578,-1.1017021,-0.70666754,-2.0151215,-0.78265166,-0.41992038,-0.30663165,-1.1384552,-0.10165983,-0.5057282,-1.4516417,0.5051119,-0.90299606,-0.6152853,0.09148468,-0.4835656,-0.78026026,0.6108155,0.28564745,-0.2827802,-0.22576912,-0.3830368,-0.42756042,1.3314214,1.3186885,0.029533064,0.5291354,-0.66278774,0.061347485,0.62765,0.8519819,1.3008581,0.09831697,-0.02599092,-1.3831464,-0.009171243,0.16200642,-0.4107024,1.4278816,0.14613505,-0.036848295,-0.2582626,0.7059047,0.3432033,-0.56110764,-0.41979456
0.8361839,-0.025952684,-0.7500075,0.1404738,0.43370965,-0.77037513,-0.092422634,0.042020444,-0.25671464,-0.28550455,-0.47548777,-0.15357558,0.06769849,-1.1322268,0.95087296,-0.46000242,-0.32307458,-0.5146859,-0.27075827,0.032000255,0.5600591,-0.3491935,-0.022654023,-0.4505855,-0.052761618,0.7826716,0.9674591,0.59332937,0.09501458,0.9622841,-1.2712005,0.68137795,0.280349,-1.2208962,-0.3277623,-1.3221523,0.19053218,0.6111736,0.47854897,0.13512549,0.23928578,1.1838866,-0.10262689,0.49329007,0.0050837845,0.337748,0.7041889,-0.63504684,-0.41205254,-0.10842212,-1.595502,-0.59051275,-0.54864377,0.26351827,-1.3159764,-1.137915,-0.1840444,-0.8291937,-1.8603687,0.0344899,-0.51499677,-0.80597335,-1.8686191,-1.0516157,-1.3079718,0.3331865,-0.9798725,-1.0042695,-1.1219971,-0.75483847,-1.1551485,-0.82094705,-1.269242,0.1141925,-0.5542804,-0.34811854,-1.4190959,-0.6128387,-0.26037782,0.2809918,-0.79816455,-1.6368212,0.1848127,-0.89031273,0.7650871,-0.26823485,-0.99836785,-0.64507633,-1.6647178,1.0094709,-0.59932184,0.8866211,1.734592,0.24581173,1.3270655,1.5705129,1.4000245,-1.7309918,-0.11967213,-0.39142326
-0.8584374,-0.45906734,-2.0377831,-0.778653,-0.7120775,-1.4223176,-1.3972557,-0.8117975,-1.7524123,0.29439977,-0.43766403,-0.21629496,1.2292053,0.018595185,-0.15769163,-0.5851349,-0.50645655,-0.88661796,-1.6137985,0.76273584,-1.8200984,0.84740794,-0.39137337,-0.22744562,0.5977165,1.8550901,0.8649681,2.0659401,2.0040138,0.58098304,-0.5477233,0.24095209,-1.1749989,0.42089415,0.8249928,0.07437971,-0.4899349,-1.567766,-0.6630928,-1.1803573,-1.447238,-0.8161683,-0.7080129,-0.9367441,0.24398856,-0.8189552,-0.79449654,-0.21319468,-0.8975348,-0.87319285,0.46188134,-0.66727656,-0.3131047,0.0394411,-1.4749267,-0.6715655,-0.5065376,-0.61487234,-0.2697143,-0.39715374,0.5161143,0.38919005,-0.042170014,0.14987409,-0.6962638,-0.59130305,0.23828746,0.25642982,0.84030116,-0.26996443,-1.0984745,0.7835081,0.686853,0.035179783,0.9014123,1.0466559,0.78139263,1.3519782,1.2191204,-1.0690832,0.4116656,-0.122392535,0.57122207,1.6120162,1.9812993,-0.2286215,0.87001884,1.6977211,0.27169776,-0.6251152,0.6729458,0.03440142,-0.09450219,0.2174619,0.27757645,-0.4342418,0.054885525,0.9737791,-1.3024378,-0.42182884
0.4206104,-1.0695217,-0.5895591,-1.2109106,-0.32755047,-0.02727203,-1.5427102,-1.2763821,-0.49245864,0.49537587,-0.70208263,-0.067370236,-0.20517385,-1.2211934,-0.12421739,-0.96343267,-0.53628325,-1.1661497,-1.166618,-0.6602721,-1.1097919,0.38116765,-0.81590134,0.64984185,1.6902179,0.2692975,0.42757705,0.79572463,-0.95521647,0.5198568,-0.39100772,1.0813202,-0.42272386,-0.8624254,0.0015183899,-0.3044952,0.21747732,-0.7325495,0.36294305,-1.0284817,-1.4683647,-0.09732338,0.20615672,-0.70647377,-0.45285812,-0.29538715,-0.21007532,0.22332683,-0.61667025,-1.1184404,-0.03442412,-0.6347555,1.1403207,0.4652245,-0.04815182,-0.7688603,-0.5769457,0.6821335,-0.49168324,-0.48652136,-1.8808905,-1.1600211,-0.5949683,0.62206894,-1.3914334,-0.050288003,0.67636794,-0.341153,0.49969244,1.168362,-0.9122578,-0.10380703,-0.17637643,-0.5800152,-0.08502592,-0.8441533,-1.1431386,-0.41977683,1.5121894,-0.7801623,-0.49661204,-0.48648596,-0.81056863,0.507655,-0.1783557,-2.1030302,-0.5754907,-0.05672422,-0.17483203,-1.0914162,2.2789786,1.0252771,-2.156322,0.0035165236,-1.1115398,-0.94321895,-1.1798967,0.3298892,-0.51218915,-1.1929251
0.80080825,0.32795754,1.0731757,0.110588685,0.0287669,0.09555253,0.35857397,0.14581798,0.6009767,0.43336323,-0.7715693,0.63619745,0.24960984,0.5339007,0.36388013,0.3579869,-0.16938922,0.40322793,-1.4795724,0.95012486,0.512726,-0.46012592,0.8977005,1.7637349,1.3014942,0.8800982,1.8243914,0.67986786,2.1069033,2.2946475,0.3155123,1.2886541,-0.7970301,-0.7709454,-0.20374265,0.089724116,-0.74524343,0.44997633,0.7513015,1.574762,-0.54651433,0.3290173,-1.2026474,-0.5837128,-0.30107215,-0.6967768,0.6205058,0.7948494,0.26901087,0.2948249,1.2206686,0.5466902,1.2295206,1.0795295,-0.8281428,-0.16130532,1.9307042,1.4912434,0.29876456,0.61784375,-0.10087392,-0.95684767,1.1209627,-0.36005563,0.845277,-0.014303794,0.7037184,-0.8905679,-0.6082081,1.5024962,1.6035953,0.83556145,0.42456546,1.3852197,0.7290581,0.28705922,2.471316,2.28177,0.9010751,0.613947,0.52737623,-0.12101925,-0.4239413,-0.76658434,1.9359515,-0.8508004,0.55140465,0.56950134,1.734054,1.6487477,1.8434722,-0.30615088,0.43235835,-0.10045017,0.23657276,-0.19217351,-0.7134802,0.028885774,0.76381916,0.9793518
-0.26046905,-0.028171966,0.4603217,-0.017967375,-0.06275914,0.14870584,-0.0949602,0.7419,1.0177138,1.5807312,-0.62379307,-0.30996194,-0.24192032,0.14723091,1.340114,-0.03370198,-1.3907088,0.64400643,-0.8056874,0.95455265,0.7614968,-1.6954874,0.1371994,1.1782559,1.3877715,-0.44512445,-0.41056445,0.18813385,1.159102,-0.4815574,0.034384284,-0.050981358,-2.062564,-2.177532,-1.1567552,0.1862819,0.493896,-0.7984901,-0.7752869,-0.0047219004,-1.699306,-0.8777221,-0.88932234,0.2880676,-1.1956388,-0.41457233,-1.9436296,-1.58763,0.68570113,-0.9485968,-0.07585601,1.4099971,0.1976597,-0.0993137,0.42497277,0.25216022,1.0040528,-0.058483392,0.57219714,-0.27407372,-0.46839124,-0.9054953,-0.022649301,-0.4516595,0.8319463,1.1022527,0.36017933,-0.539325,-0.38003987,1.7053149,1.7978977,-0.88058096,-0.67681706,0.70519453,0.17257118,-0.3238998,1.8584431,0.06477931,-0.7021676,0.58376116,0.04368913,0.18947102,-0.20541686,-0.5396426,-0.2933074,-0.97952807,0.36606887,0.52639633,0.67192346,0.21943793,-0.8471463,0.80597615,0.17814894,0.07959502,0.1361805,0.3894,0.4260466,0.74775314,0.86346525,0.6836305
0.6727418,0.37568095,-0.34621042,-1.0589553,-0.9194558,-0.36975208,0.41886607,0.16949925,-0.8787755,-0.37158135,-0.049605247,-0.8977527,-0.059869908,1.4129467,0.299015,-0.9125277,-1.5145415,0.72102696,-1.0970922,0.91865265,0.035568085,-0.9310246,-0.5214299,-1.0332028,-1.0818172,-0.85770214,-0.2633096,0.09934008,0.99385923,-0.4764871,-0.46227777,-0.34441295,-0.6024393,-0.33263636,-0.8695096,1.269065,0.12812427,-0.29342353,-0.4640864,0.1246297,-0.08017578,1.0493829,-0.5052945,-0.17926556,-0.1432948,-0.789656,-1.2379785,1.5204991,1.950454,0.60722196,1.8243003,0.64004403,-0.5382461,-0.46749794,0.6813456,0.14309505,-0.36316714,-0.49513468,0.09516623,1.0049752,0.6534815,0.59001005,0.78947645,0.7043268,0.0679038,-0.0070717647,0.077456094,-0.6470951,-0.4037182,0.49097875,1.1078594,0.16011591,0.40866405,0.99273974,0.3727039,0.37224442,1.2814295,0.6977733,-0.7820101,1.8534431,-0.47437638,-0.25298098,2.1242425,0.572319,0.4047242,-1.7002175,1.7299429,1.5913593,2.266605,-0.35020506,-2.0317738,-0.7259549,-0.8718631,1.569393,-0.1144667,0.26570067,-0.67878115,0.5426493,1.8875421,1.3594793
-0.27983034,-0.32591563,-0.17980911,-1.0500305,-0.56243396,-0.16389756,-0.98076934,-0.8206264,-0.5543641,0.24205145,0.9067297,-1.0491493,0.75660986,-0.18511432,0.63054436,0.34074855,-0.5396893,-0.9080639,-0.29704162,-0.8818832,-0.72067785,0.07705276,-0.7596165,-1.7611388,-0.38174722,-0.24045798,0.20705491,-0.105459325,-0.6838341,-2.20669,-0.5895872,0.5310908,-0.77358395,0.3343732,1.0809894,1.3167219,-0.5200504,-0.92183757,-1.3011266,-2.005922,-1.470917,-0.02085722,-0.65626204,0.9140963,0.9028572,-0.016342891,-3.0812144,-0.2629796,0.30237177,-0.32115477,-0.39278087,-0.14477007,-0.7423956,0.2618677,0.31171775,-0.10637745,-0.09389667,0.98453385,0.37139165,0.27043402,-0.819541,1.0122464,0.40042803,0.61652136,0.12019102,1.5875683,0.011100465,-0.06640904,0.37415668,0.52607113,-0.82201326,-0.5760969,-0.4128851,-0.014605259,-0.7312331,-0.5696002,-0.33453548,-0.9159078,-0.43717006,0.6196519,-0.49132022,0.678571,2.2021759,0.06000447,-0.5785953,-0.05175208,0.8773838,0.39363024,-0.1377673,-0.3425593,-0.7437963,-0.95445454,-1.9406682,0.2498576,0.3797902,0.10758355,0.39574397,0.501636,0.19801545,0.18313761
0.6842521,0.4493298,-0.46808863,-0.11853304,0.60059774,-0.42882195,-0.055650238,0.13260679,-1.0688046,-0.28755465,-0.43104082,-0.445602,1.0264472,0.52469856,-0.19855033,-0.25303772,0.77260417,0.16537024,0.4651708,0.26850682,0.54663914,0.19829954,-0.46169397,2.2006102,-0.17032276,-0.8505315,-0.5136364,-0.42977417,-0.009649598,-0.025267774,-0.054807562,-0.29764566,0.54702646,-0.21394913,-0.24628738,-0.25172988,0.41541785,0.95616806,0.54887384,0.2656433,0.374193,0.71344906,1.0693535,1.341057,1.075093,1.0986068,0.3415097,0.6280905,-0.4854081,-0.08989118,-0.3469349,-1.2054406,0.098029174,0.26229015,0.28589213,-0.39148524,-0.3246926,-0.081729025,-0.4536985,0.38947842,-0.45757753,-0.123079315,-0.9692618,-0.17260768,-1.1038204,-0.20400293,-0.9179898,-0.5929138,-0.55780005,-0.84385914,0.50327647,-1.0007378,-1.336302,-0.99294645,-1.055461,-1.0413876,-0.47553194,-1.6177486,-0.432108,0.59547174,-0.53310174,-0.60387516,1.3819631,-0.66177064,-1.5894198,-0.078194015,-0.6400116,-0.9671493,-1.1871268,0.0051882546,-0.069411404,-0.018897071,-1.0758698,1.1702925,0.25919533,0.008985223,-0.16984692,-1.5286365,-0.28770122,-0.510489
1.0747248,-0.85456276,-0.02995567,-0.04577664,0.1086314,-0.66567105,0.20414238,-0.45315483,-1.23627,-2.1115737,-0.67660636,-2.8990262,-0.45151263,0.023457838,1.1911147,-0.97607213,0.17618048,0.11443227,-0.6338598,-0.77155185,-1.1486825,0.9372718,-1.066397,0.077332124,-1.3828496,-0.47609332,-1.2184296,-0.56247103,-0.4244967,-0.46235123,-1.1481814,0.046151508,0.35909456,-0.36150756,0.50596446,0.23205832,-1.0941763,-0.06338204,-0.016069766,0.85548985,-0.07705327,0.011750595,0.33092862,-0.9326921,0.021282258,-1.1751562,1.0262111,0.5980003,2.4272084,0.37996352,0.022382325,-0.3291956,-1.8795129,-0.6265137,-0.6578778,-0.2510923,-1.3433563,-0.3356361,-2.1044607,-0.88076127,-0.7069984,0.27634993,-1.7794904,0.112739906,-0.7811221,1.2579489,-0.9894317,-0.9735091,-0.71249133,-0.46531665,-1.8802614,-0.6154859,-1.4675921,0.3070646,-1.6780822,-1.6837214,-1.2383462,-1.4914509,0.09076165,1.3292351,-0.8523189,0.79471076,0.66820014,-0.5765279,-1.3850167,0.7438494,-0.31657663,-1.0674704,0.3281453,-0.32011226,-0.5620049,-0.4382518,-0.24055478,0.38027373,0.12731722,-0.6977695,-1.9206022,0.019588137,1.6333814,0.4861316
1.1456236,0.10575606,0.0041374653,-0.68484265,-1.5053668,-0.13036807,0.5579058,-0.36582002,-1.2552958,0.30624443,0.9555253,0.5291474,0.3220715,-0.17211258,0.12285719,0.40450856,0.43704873,-0.03210567,-0.8250804,-0.77362406,-0.68110317,1.8470694,1.2174685,0.46250412,-0.46867865,1.0855464,0.122428864,0.116329625,1.0022045,0.08935014,0.4522258,0.21123454,0.27775252,1.1056606,1.0405948,1.0342964,0.07487836,0.021387283,-0.5919517,0.0103328675,-0.41722268,0.09772286,0.68492746,-0.29993036,0.6862818,0.18739258,-0.6288828,1.9037421,2.3677857,0.38452113,2.1664188,1.2725207,0.8351874,-0.91298175,-0.100327164,0.84229726,0.5280051,-0.4472932,1.390749,1.1367474,0.9450403,1.0052569,1.3546826,0.10599442,1.3114088,1.3177348,0.34372404,0.4026884,-0.20133187,-0.7142469,-1.1235633,0.58057153,0.2581042,0.14304617,0.14873898,-0.0032428068,1.6585138,1.4234113,-0.39047873,-0.077335104,-0.27876887,0.751064,2.1047873,0.85569406,0.2204363,1.4365612,-0.45538378,0.71826255,0.15380645,-0.35277826,-0.94836074,-1.2379271,-0.5268779,1.095825,-0.65508026,-0.35216895,0.753585,0.9073852,1.5961939,0.0750231
0.8663609,0.081166394,-0.050176177,-1.4841729,-1.804654,-0.5875207,-0.047084067,-0.7312097,-0.36121374,1.2161069,0.5538371,0.5726115,-0.36842933,-1.0529791,-1.2480985,-0.822807,-1.0006374,-1.2546729,-1.3319702,-0.88560426,-1.4596015,-0.9228013,-0.80645126,-0.0822655,1.3989197,-0.041136067,0.13513964,0.3029184,1.2825278,-0.22120826,-0.27657124,0.8603555,-0.28424412,0.15825431,0.62592643,0.3330044,0.7160295,0.5827136,-0.6510996,-0.4627438,-0.11189964,-0.3374369,0.06958565,0.3621974,0.41895753,-0.52541906,-1.5700563,-0.49059796,-0.2388396,0.89829737,-0.5035185,1.1048182,-0.6599324,-0.65895027,-0.7715634,-1.6257374,0.7646176,0.69049215,0.20081586,0.16998945,-0.31136647,-0.7675809,-0.09887249,-0.8337489,0.21010542,-0.90920764,-1.1134132,-0.9792037,-1.0492475,-1.4077259,-1.704252,0.11810837,0.046729125,0.80381304,-0.10695616,0.9346974,0.9584186,0.9645162,-0.86761993,0.60547423,1.0967798,-1.8111328,0.52645177,1.0013884,1.0968416,0.6691634,1.3557886,0.2850191,-0.31511265,-0.3000307,-0.8295563,0.42787412,0.7440302,0.8328929,0.8163034,1.5802152,0.5535829,-0.2741167,-0.895791,1.1177418
-0.16673964,-0.3834805,0.0020847642,-0.41777557,0.42755005,-0.112445444,-0.62741894,-0.33927613,-0.7226203,-0.10347912,0.1082916,0.17206502,-0.960553,-1.5679051,-1.2024549,-0.13690788,-1.2465627,-0.72772914,-1.2412283,-0.30873904,-0.7721895,-1.0257608,-0.53549564,-1.0320772,0.7236862,-0.4570988,0.29636568,-0.24148895,1.300854,-1.0530727,0.59073144,-0.15489978,-0.37925833,0.18166697,0.52251905,1.0197282,0.49402767,-0.93172336,-1.725185,-0.70748675,-1.2019712,-0.65996504,-1.3917365,0.07202073,0.11332823,-0.58397686,-1.6576968,-0.021117385,-0.24003568,0.26217037,-0.022015616,-0.10546545,-0.4064783,0.34635702,0.2413206,-0.6910762,0.43303573,0.46788767,0.5298724,-0.048289154,0.490774,-0.67321897,0.3967543,-1.1615139,-0.0857177,-0.037109856,-0.37872905,-0.7240622,-0.2341138,-0.5515111,-0.43329012,-0.30084893,0.3967363,0.94813687,0.17742504,0.57435673,-0.16416626,0.39485118,-0.5063599,0.18694067,0.7432871,-0.41228315,0.0984289,1.1135333,1.4091209,1.5323724,0.9781641,0.16559382,1.2862784,0.51051,-0.20723881,1.0356194,-0.3682003,-0.04502156,0.43588057,0.8948236,1.2705019,-0.11760038,-0.7883783,1.5855483
-0.56684554,-0.90690887,-1.2524085,-0.7489682,0.18015955,-0.68759376,-1.0817065,-1.080123,-1.3415732,0.4896682,-0.5221398,-0.3857281,-0.9271987,-1.5811723,-1.2046865,-1.0315224,-1.3064201,-1.3458368,-1.0274634,-0.61441725,-0.3395479,0.49461418,-1.3430254,0.24099177,0.6321041,0.32936728,0.019977203,0.31228307,-0.48190066,0.11876421,0.3092757,0.5173224,0.28032732,-0.491855,-0.23111469,-0.65673155,-0.49181256,-1.1670254,-0.9930339,-0.5201942,-1.26512,-0.6673121,-0.41829616,0.20080696,-0.7095032,-0.84011275,-0.84614193,-0.07442252,-0.23569776,-0.68670124,-0.62690353,-0.26239187,0.017436609,0.92023027,-0.05488364,-1.2490002,0.62811536,-0.13604315,1.631491,-0.5490406,-0.20348984,-0.57785165,0.070238784,-0.820298,-1.5454808,-1.0115935,-0.1386131,-0.60800636,-0.54714453,-0.36232877,-1.5234741,0.00065737107,-0.08040015,0.8918693,-0.21266268,-0.55049586,-0.53000474,0.1214175,0.68207365,-0.30045378,-0.68099284,-0.01590773,-0.71223503,0.05194412,0.70382565,-0.6690901,-0.017311016,-0.8061333,-0.4446601,-0.30752268,0.4687724,0.4029137,0.20451975,-1.0858052,0.0016750479,-0.629407,-0.14268664,0.23809896,-1.1684966,-0.1556415
0.9575032,0.5878259,1.3245176,0.48745275,1.4928286,0.8520972,1.1645159,0.7931822,0.89978236,1.3927828,1.0007284,0.5581964,-0.07309489,0.076558255,0.095051676,0.20730488,-0.64106464,0.7342682,0.27824137,0.01440118,1.0603703,-0.00159338,0.29556865,0.08814458,0.5792311,0.48492756,-0.8019223,-0.77089345,1.7337921,0.16397712,-1.1805551,0.677516,-0.13973281,0.48028144,-0.10166671,-1.6497619,0.1790787,0.50475824,0.045062806,0.94912004,1.1843915,-0.33176008,0.0547919,-0.069827594,-0.954547,0.601208,0.040961426,-0.09224381,0.0053175166,0.26537427,-0.4012228,0.03676183,-0.5034698,0.61155456,1.5421978,0.6453247,0.3090448,0.6701047,1.1787612,-0.12502229,0.9085893,0.21992429,-1.3314166,-0.87833047,-0.50023246,-0.35397545,-1.0789993,-0.89978486,-0.72489107,-0.65376186,0.030929174,-0.16609573,-0.66652834,0.20359732,-0.00989776,-0.8979768,0.11795745,-0.36926085,0.12558974,0.45822653,-1.1545159,0.3555581,-2.0126314,-0.9534748,-0.6244869,-2.2453127,-0.60453457,-0.7929316,-1.4528817,0.5919938,1.6366105,0.9924435,0.72190654,-0.7766777,-0.67060727,-0.2208157,-0.045090836,0.8703856,-0.29510054,-0.52367795
0.46149024,-0.29496697,-0.16180319,0.14577079,0.90444225,0.013762949,-0.54595405,-0.47402588,-0.18591635,0.38682213,-0.288922,0.12749875,-0.2821023,-0.03341014,-0.08545536,-0.1771915,-1.2483889,-0.34886554,-0.60161793,-1.3543574,-0.33971256,0.6343731,-0.20467982,-0.58133316,-0.35062572,0.39051235,-0.12082963,-0.0060450183,-1.1228565,0.25390127,-0.2430348,1.0278702,1.1126304,-0.1590221,0.76657623,-1.4316303,-1.0464749,0.3008775,-0.094305865,-0.8929182,-0.038418967,-0.81943005,0.54553795,0.4233241,-0.02291253,0.31273547,0.6214873,-0.26347426,-0.07089808,0.0037391281,-0.087965876,-0.9557571,-0.23458038,0.8981022,-0.26195183,-0.38128287,-0.36736307,-0.39641902,0.042593792,-1.5939213,-1.2138749,-0.0027385605,-0.27793273,0.15754096,-0.8113562,-0.20918,-1.4100292,-0.2244809,-0.017672164,-0.36248416,-0.42552885,-0.63429356,-0.6959692,-1.86914,-0.8367601,-0.5347162,-0.7925783,-0.12714952,0.10606573,0.46671864,-0.69974095,0.10503229,-0.5442679,0.20784836,-0.4686758,-0.20179617,-0.099704616,-0.5941204,-1.2171897,-0.3130028,0.34551316,-1.0595752,-0.30189317,-0.919451,-0.78948945,-0.32832763,0.33256257,0.7072203,-0.9138162,-1.1030467
1.5987158,-0.109261215,-0.1759502,-0.32619724,0.527783,0.36116916,0.12059339,-0.6804663,0.13586561,-1.2207502,-0.47222325,-0.5930929,0.19449241,-1.4417071,-0.64622486,0.11843355,-0.16976063,-0.06363138,-0.86247224,0.28796792,0.83738935,0.5995893,-0.109723404,-1.2004195,-1.5002191,-0.8015823,-0.24503307,0.2591255,-1.5796187,0.7169976,0.40663958,0.03322615,0.12370403,-0.6227152,-0.21327643,-0.17073993,-0.32106408,1.3020985,0.84697384,-0.014273583,0.5802043,-0.16579854,0.42031506,1.5982215,-0.16008545,1.0451826,1.0131711,-0.06546099,1.044172,1.2264215,0.5064545,-0.50222635,-0.35709792,0.7894551,-0.17156938,-0.4581681,-0.20612079,-0.2818695,-0.79628336,-0.050910424,-0.29296416,-0.28643492,-0.8679594,0.15128076,-1.2702606,-0.044590693,0.5760655,0.41167346,0.6761305,0.26995254,0.9188396,-0.2082568,0.05152432,-0.34953916,-0.23965813,-1.0102044,-0.21868278,-0.5729804,-0.21635781,1.2078989,-1.8952885,0.9984012,-0.6146987,-1.0370829,-0.3041118,-0.28164032,-1.0161731,-0.6265811,-0.63588583,0.18007539,0.12616472,0.14428695,0.3747862,-0.55388445,-0.7040314,0.51692754,0.20357406,0.8646072,0.65353936,0.5544024
0.4578437,-0.6967857,0.16341643,-1.1303229,-0.75659,0.0012325312,-1.1958089,-1.1239564,-0.6693682,-0.34537598,1.5076313,1.599081,1.2934626,0.28069997,-0.83174527,-0.8165709,0.48037666,-1.5519282,-0.4611929,-1.0981202,-0.8022107,0.113599755,-0.776453,0.16121243,0.7762614,1.2984462,1.4017899,0.8003006,0.2865919,0.38126498,0.81662285,1.4418268,-0.005979201,-0.90740734,0.019984134,0.24459068,1.8550651,2.0035076,0.42952716,-0.67635596,0.73748326,2.137356,0.78484106,2.013914,1.5069386,1.9808791,1.5310286,0.6049643,0.34125555,1.1051013,-0.3703841,-0.20675965,-0.08461762,-0.008719274,-0.16382048,-0.46455127,0.06591277,-0.14244151,-0.22164862,0.3182017,1.1588693,0.9111453,1.3272033,-0.5989204,-0.029223297,0.93740356,-0.30364695,0.38505533,-0.23682846,-0.99921566,-0.76111424,0.019004578,0.03226254,0.47572812,0.3237637,0.52710027,-0.04606756,0.7152505,-0.58757925,1.623994,0.21854003,1.6899518,0.9576961,-1.1564615,0.3520915,1.9341382,0.5641016,0.99263287,-0.69409436,1.7458781,1.0824832,0.5876724,0.6277995,0.45513842,1.1501619,1.0687708,1.7360086,0.5195307,0.06579909,1.1226871
-1.8737223,-0.6474498,-0.43801093,-0.5198076,-1.2156096,-0.7401801,-0.32389203,-0.37473622,0.60160244,-2.1187582,-1.5299665,-0.55408067,-0.98223025,-0.698533,-1.1552869,0.45196036,0.3437047,-0.040296685,0.528726,-1.1228251,-0.4640034,1.3417485,0.5787822,-0.18551226,-0.73684824,0.71151257,-0.22872365,-0.0995521,-0.7120631,0.35520673,1.3179506,0.21070942,-0.34515247,-0.41630843,-0.25419205,-0.30560377,-0.9785571,0.937335,0.4131311,0.4953971,-0.35622716,0.5903112,0.48814034,-0.26806885,-0.5029326,0.41786495,1.1674824,-0.021873847,-2.1855605,-0.762598,0.52559334,-0.56344825,0.7636172,-0.5491892,0.0038365785,0.15810804,0.78752434,0.71058965,0.09245518,-1.1426339,0.16549672,-1.8281193,1.1901073,0.8277891,0.8800095,1.157395,0.10153393,0.2861422,0.9094867,1.09609,0.078178614,1.2980375,0.9668557,1.1227437,0.44091478,0.3679883,-0.7965958,1.2043351,-1.3685166,0.79430914,-0.2523267,0.7404711,-1.1699212,-0.32695296,1.0511506,1.0324149,-1.936367,-0.8488059,0.31062037,-0.27738842,0.9848329,1.9060223,1.2928104,-1.5891927,1.5245037,-0.6053141,-0.99522585,0.35730022,-1.2353503,-0.82026607
0.049898703,-1.0599028,-1.6718682,-0.77409524,-3.0277588,-0.9676317,0.78238654,-0.8258519,-1.7117963,-0.9921815,-0.4308861,0.9438703,0.27869666,0.17209426,-0.40289795,0.96336883,0.8165437,-0.027613983,0.19060697,-1.1887618,-0.74948937,1.6336904,0.84644264,0.7413446,0.9105343,1.9607607,0.99249357,0.9928207,-0.54412705,1.707535,-0.9334249,0.24521837,0.30454,0.9306083,1.5116204,-1.274339,-0.91163456,0.44730672,0.71106267,1.482157,0.077893876,1.1625683,0.10801858,-1.157242,-0.31662074,-0.19968817,1.8082142,-0.4787356,-2.4702454,-0.458227,1.1312116,0.27644086,2.6759574,-1.193538,-0.8950253,-1.7318453,1.9456795,-0.45829806,-0.4638703,-0.16694804,-0.7706206,-0.570671,1.7009182,0.32910636,-0.56253946,-1.2890851,1.9030676,-0.08228112,1.5064657,2.1259444,-0.9188197,2.7140856,2.2371323,1.2506589,0.8207424,1.4497102,0.34485802,1.310438,-0.30174246,1.1080749,1.3311635,-0.030784255,-0.26619732,1.0183368,2.0460029,3.070629,-1.827949,0.495246,-0.019181075,0.13678895,0.6769789,1.6634525,1.3680884,-0.016199734,1.5658616,-1.0793431,-0.18793203,1.7541953,-1.9523097,-0.23066123
-0.62701344,0.17921203,0.0869181,0.126491,-0.13385297,-0.031192306,0.9650591,0.7393163,-0.34364113,-0.9911036,0.4259965,-0.31750092,-1.9717779,0.18054114,0.1333943,0.49151343,0.2701819,0.23107684,0.14274184,-0.5422611,0.9421949,-0.64961106,-0.25047928,0.29614928,0.5467969,0.4766953,0.0041410346,-0.2331621,-0.4443009,0.08098472,-1.616915,-0.3931177,0.037773713,-0.0844382,-0.07453765,-0.77478904,-0.70718026,0.20856266,0.77102035,1.5283314,0.2464955,0.48160353,-0.26223528,-0.34006163,-0.52755487,0.21030217,-0.08523827,-0.59612393,-1.6640674,0.048056453,-1.1001953,-0.1615488,0.37355796,-0.08023703,-0.95018595,-0.1631824,0.43020758,-0.2175601,-0.8845778,-1.4730686,-0.67691076,-0.8789917,-1.7143261,0.08954107,-1.7261984,-0.48602077,0.4013229,-0.39641613,0.75947064,0.5071596,-0.23810351,0.64824545,0.693904,0.26804885,0.47571638,0.20758663,-0.67986065,0.20742564,-0.28603914,0.7490026,0.43842974,-1.3335639,-0.17938216,-0.09080894,0.88487744,0.4911711,-0.46812308,-0.7811657,-0.9038682,0.7483438,0.21883327,1.097212,0.46616518,-0.2667809,0.09649194,-0.1272387,-1.0520002,-1.0572168,-2.1092145,-0.49522576
-0.29432777,-0.35959113,-0.5014786,0.61525977,0.13532355,-0.8003191,-0.29111052,-0.14423876,-0.2954737,-1.0657947,0.030627463,1.2002518,-0.70472735,0.32319373,-0.41339067,0.2521041,1.1765249,0.44898555,0.15842877,-0.515575,0.04397573,1.5318339,1.5633136,0.9030799,-0.08581051,1.3678534,-0.06867296,0.48022875,-1.1465683,0.92577827,-1.268327,-0.18045582,0.26455402,0.13818817,0.41099986,-1.4193119,-1.57445,-1.0731694,-1.0214306,1.1636728,-1.1934437,-0.19074248,-0.50579584,-2.2051127,-0.90305513,-1.2039098,0.0133983465,-1.6938572,-0.86224514,-2.1436362,-1.4653053,-0.7376215,1.104449,0.77681994,0.88893473,0.4226452,0.32316962,0.48184493,-1.7195567,-0.026615452,0.7249136,-0.050253753,-0.8510413,0.22521241,-0.99421513,-1.5745257,0.27345756,-0.44980755,0.8549608,0.03438294,-0.3129968,1.4120669,0.58185726,0.053918824,1.0150001,0.45496395,-0.33386388,0.47611216,0.31270775,-0.3130752,-0.51901007,-0.8329793,0.11575532,-0.61647475,0.47615904,0.3281839,-1.7991896,0.16495605,-0.2641784,-1.434136,-1.0905327,0.5113466,-0.15748459,-1.8484695,0.03370695,-1.3919679,-0.861602,1.256227,-1.0925002,-2.6196735
-0.90575916,-0.38626406,-0.0737174,0.21879609,-0.05323544,0.7482918,0.20711409,0.57397896,-0.19180681,-0.56851536,1.2094172,0.45138726,-0.15770859,0.13129346,-1.3343828,-0.22690229,0.38450134,0.32856914,1.4041767,-1.5711293,0.62269956,2.3838189,0.5412085,0.6957827,0.15730485,1.4090103,0.42728636,0.32102603,0.04882812,1.1715813,-0.6255205,-0.33595875,0.8901381,2.01693,2.965021,-1.5013646,-1.1111664,-0.29372916,0.48917446,1.6375262,0.0008794515,0.2828583,0.76339424,-1.060188,1.4480867,-0.576565,0.64848775,0.33641192,-0.73663473,-2.0974267,-0.56631273,-0.68364066,-0.47704855,-0.9011243,-0.119778275,0.3997181,0.09769116,-0.80087453,-0.6665345,0.16145766,-0.34522745,-1.0606954,-0.84904695,0.27229533,-1.2274327,-0.79339606,0.00761018,-0.3634302,0.42278945,-0.62101245,-0.9489432,0.51848006,-0.1082914,-0.4722716,0.31531072,0.006191048,-1.2379395,0.17287867,-1.4732357,-0.9670877,-0.18196687,-0.013748722,-0.2584403,1.6989523,0.3198497,-0.11499748,-2.4844635,0.81029475,-0.36815426,-2.2324882,-2.3290164,0.44615066,1.1985757,-1.7312356,-0.43165913,-1.3941568,-1.5006479,-1.9777632,-1.3126704,-2.422525
0.020296238,0.37318912,0.08671725,0.44870117,-0.32757613,0.32792374,1.0425516,0.16213477,-0.040696114,1.2550775,-0.19766173,0.7078855,-0.31670985,0.046506688,-0.9731094,1.4239757,0.2223772,0.5895816,0.2141836,0.66701436,-0.697808,1.7328597,1.1841775,-0.22200601,1.2628418,0.6123517,0.6409153,-0.50676835,-0.59787536,1.7165984,-0.44780275,1.1466308,0.6082373,0.8967081,1.1161276,-0.38230103,-0.33450747,0.7842544,0.86923015,1.293716,0.5084812,0.13462257,0.8048954,-1.4968718,0.27662233,-0.59984004,1.2430965,-0.22959712,-0.18519098,-0.20043458,-0.24130495,-0.47873095,0.25465408,-0.90638894,-0.8307183,0.28398564,-0.59950715,-1.0696062,0.26032802,-0.5105944,-0.010404392,-0.37159458,1.6141435,0.75053066,-0.44591215,-0.049038056,-0.9504158,-0.5014962,-0.5659828,-0.69262624,-0.92346305,0.45679379,0.08322685,0.015433004,-0.15778627,0.57230604,-0.43385866,0.6686998,0.7624354,0.49491474,0.13242325,0.06373198,-0.13303918,-0.15056792,0.316318,0.54860276,-1.8042523,0.5325864,-0.14577115,-0.7094145,0.21772198,0.09516508,0.23430765,-1.2122927,0.06386853,-1.5908148,-1.3858883,-0.8926217,-0.4474458,-1.3855785
-1.1484084,0.68594754,-0.5361483,-0.44102174,-0.86764926,-0.32058623,0.81955194,0.15547071,0.2542394,-0.457454,0.31712484,0.7637406,0.6850108,0.5907895,-1.0186688,0.105903715,0.26120174,0.024348512,-0.61268854,-0.5447708,-0.09921824,-0.029391862,0.5984477,1.1723455,-0.5080918,-0.055454373,-0.6367413,0.30004683,-1.0588773,0.92002934,-0.7528679,1.0588326,0.9874683,-0.36566582,-0.27005947,-0.34844613,1.0736696,0.2849245,1.8790611,1.5812546,0.8245494,0.18159725,0.69364035,0.5235467,-0.62607515,0.6339187,0.9831397,-0.15510394,-0.5117607,0.25239617,-0.96305066,0.31153518,0.12986803,-0.8980051,0.5403871,0.5596387,0.18960178,0.6208121,-0.5853391,-0.8755819,0.70827425,-0.5111031,0.55735725,-1.2573744,-0.6364153,0.22314131,0.22607072,-0.048421532,-0.49482855,-0.12235244,-0.96650565,-0.05445952,0.099794395,0.31153712,0.5926157,0.26124692,0.019403577,0.49146417,-1.2238504,1.1265693,0.22464325,-1.6462675,0.44443536,-0.995032,0.17459849,-1.0242431,-0.2751291,-0.16286516,-0.600626,0.4066873,0.50309235,0.16113356,1.0000879,-0.887311,0.26515374,-0.145981,0.40876094,-0.90165937,-1.1981698,-0.67771965
-1.2622364,-0.063945524,0.15273634,1.1024816,0.09581066,0.064217284,-0.08255527,0.24273703,1.3677114,0.33972323,0.37351048,-0.42365205,-0.24173845,-0.41367775,-0.28246585,0.15527543,0.20427601,-0.5987784,-0.73779655,-0.6271857,-1.4119165,-0.3982981,-0.89648104,-0.64386404,0.20984307,0.069052845,0.21603866,0.30262443,-0.6862933,-1.3516073,0.7471896,0.57472503,0.27531406,-0.22740251,0.09369331,-0.13558373,-0.20817338,-0.4094008,-0.12641877,0.15060836,-1.0403327,-0.8655346,-0.1441284,0.015836768,-0.20831284,-0.73052573,-1.058944,-0.7989059,-1.0996538,-0.9499503,1.0158854,0.39796466,0.3200712,0.93776953,-0.05268742,0.43262944,-0.48810995,1.3449026,0.37180406,-0.69070166,0.7108224,0.57470214,0.7774226,0.023622924,0.5731382,0.1467181,1.0790498,0.62728494,1.2318194,-0.041401714,-0.09365194,0.6056076,0.19537297,-0.16830996,1.5238134,1.401872,0.86657447,0.629479,-0.26288405,-1.2238449,0.0774267,0.61347854,-0.01180579,0.6827969,0.6543711,-0.22506621,0.2991748,0.64108574,0.65402627,-0.6150567,-0.7423547,-0.49393952,-1.62532,-1.1192769,0.21138823,-0.11989917,0.23528455,-0.8235671,-0.37048677,0.35152432
-0.09110055,-0.1972216,-0.4519121,-0.45174557,-0.6821425,0.26297453,-0.13726035,0.23571399,2.0783772,1.1402961,-0.3251736,-0.27241233,0.54280937,-1.1781496,-0.083978854,0.3100676,0.10442728,-0.34436595,-0.09303122,0.60428166,-0.27789536,-0.43716297,0.4186613,-0.79749924,-0.04844008,-0.36488184,-0.045729134,0.3177412,0.9727016,-0.17065221,-0.40526506,-0.24794117,-0.714185,-0.512352,-1.8455325,-1.361552,-1.228456,-2.1257398,-1.2710481,-2.0468721,-1.3045944,-2.6545932,-1.8922939,-0.94736356,-2.2875028,-1.2861953,-1.608529,0.25226048,0.48805207,-1.6652905,1.1967201,0.5574635,1.2894183,-0.19666222,0.42167443,1.3191171,0.023139592,1.3758724,1.4641371,0.63624454,0.46356225,1.2669002,-0.09137469,0.6411613,1.2836906,1.383195,2.0519302,0.49963406,1.0408794,1.1466081,1.0935905,0.38471624,1.1393499,-0.830969,-0.4374332,0.023388026,1.4290919,1.218294,0.19738376,-0.63493836,-0.10422742,0.08716515,-2.0238123,-0.6536835,0.390049,-0.7169913,0.09670123,-0.50053835,-0.1495131,0.16967545,1.2355139,-0.8832859,-3.2095485,-1.0568517,-1.3788326,-0.6120493,-1.6870893,0.5699431,0.3889084,-0.80316556
-0.07618341,-1.8001955,-1.7907014,-1.0144403,-0.100247666,-0.6671193,-1.1322086,-1.571225,-0.6832236,2.4078362,0.09033155,1.0915439,0.21165723,-1.8064821,-1.1700127,-1.0012786,-0.21200205,-0.9535227,-0.8600241,-0.6390824,-1.9331124,-1.1148087,-0.52621126,0.24468923,0.83967185,-0.15825742,0.031570394,-0.2015791,-0.89349395,-0.08857904,-2.0134785,-0.31302223,-1.0270592,-1.7571994,-1.661542,-1.4981456,-1.3614428,-2.3196828,-2.109259,-0.14629255,-2.8064368,-1.45337,-1.5628052,-1.4303885,-0.4867357,-1.8848386,-2.5735602,-0.75229996,-0.21234182,-2.4923491,0.82405937,-0.71118766,0.6262797,0.93560827,0.817488,-0.47986993,-0.114687555,0.8096316,1.518978,-0.43941993,1.348397,1.5391754,1.0641655,0.6916018,1.032739,-1.391429,1.5447111,-0.39282617,-0.48622793,0.32959282,0.13104196,0.8201472,-0.45221403,0.67307353,1.2865291,0.6056138,1.0006183,1.3485161,1.2390144,-0.54350966,-0.07682933,-0.29425368,-0.202499,0.2366078,-0.3638057,0.41733524,0.08828411,0.6118765,-0.76798207,-0.7646522,-0.53193086,-1.4107733,-0.18673784,1.4766465,0.20593919,-0.12890643,-1.5297235,-0.79746425,0.11767279,-1.5326512
0.1530978,-0.67739224,-0.49916697,-0.4678453,0.8130516,-0.057591423,-0.35339302,-0.23700367,-0.20805748,0.9484539,-1.152637,-0.07417135,-0.07841102,0.29978406,0.43915924,-0.9954193,-0.50459576,-0.029760078,-0.1894923,0.354098,-0.40096614,-1.3585672,-0.28329563,-0.25139096,0.14886695,-1.5695988,-0.5646896,-1.2833292,-0.8879881,-1.476363,-0.56800497,-1.112366,-1.2307963,-1.446363,-1.3435178,-1.3389806,-1.4026201,-2.2184722,-2.1578841,-0.98262054,-1.2154996,-0.5893271,-1.1148576,-0.86599815,-1.1808078,-0.48174205,-0.78426254,0.18168287,0.6537445,-0.60878605,-1.0072199,-0.5782536,0.17739333,0.26534158,1.2585536,0.4298042,0.4740653,0.51058435,1.4657933,-0.92289144,-0.64249074,-0.0034709729,0.40751758,0.07015617,0.42241523,0.37487367,-0.14607126,-0.14637041,-0.25288352,0.28417334,-0.6881184,-0.08072221,-0.5965949,0.013614777,-0.23589703,-0.5820827,0.07056435,-1.2259752,1.3892362,-1.0092918,0.09798887,-1.1882533,-1.3570157,-0.9571716,-1.1085163,-1.2236723,-0.4620446,-0.56853396,-1.1249945,-0.14281112,0.5121755,1.896043,-1.0783103,0.8048888,-0.49277627,0.56195664,0.48624924,0.8556732,1.0822947,0.2410909
-0.73076,-0.84228617,-0.7580965,-0.54136354,0.35136706,-0.40346915,-0.80532485,0.063919105,0.11074017,-0.24565531,-0.72248644,0.47753775,-0.9212392,-1.4330972,-0.4227124,-0.42233506,1.5053257,-0.33905146,0.4670389,-0.59448266,-0.34906697,-0.14752704,-0.11547497,-0.17106174,-0.5733625,-1.1157463,-1.612784,-1.3722044,-1.0950611,-0.5649505,-0.3797215,-0.9451271,-0.90737563,-0.7024587,-1.3026159,-0.46269792,-0.4375809,-1.0630494,-1.551487,-0.7475223,-0.68858784,-1.1530701,-0.4545912,-0.29274693,-1.1133585,-0.20541999,-1.2422905,-1.2690072,-0.23502743,-0.39416692,-1.054779,-1.6821995,-0.8641954,-0.5518347,0.06193575,-0.2456686,-0.35918266,0.30106932,-0.69185287,-1.0685389,-0.18862024,-0.888318,-2.3288176,-0.35952568,-0.58445454,0.49860057,-0.45158038,-0.70940703,0.17208418,-0.24353948,-1.5539318,-0.013374872,-1.2607588,-1.811026,-0.8875641,-0.269229,-1.0961443,-0.7099634,0.54972196,-0.7532109,-0.20179358,-1.1913699,-1.8884727,0.29287252,-1.0407836,-1.665798,0.2047014,-1.1937363,-0.967686,-0.39241716,-0.853266,-0.8752908,-2.35538,-0.69600886,-0.87007564,0.935603,-0.6767331,0.13549156,-0.6554792,-0.02365185
0.48294824,0.720202,1.6812108,1.3803841,1.5171251,0.52014726,0.9652624,1.3854938,1.6443697,-0.30631986,-1.0448762,-0.43853003,-1.6292337,-0.62351024,0.7223538,1.3464582,0.9044443,1.8687108,1.3349464,0.17195572,1.4966387,-1.1733519,0.34091094,-1.2608119,-0.46145877,-1.4470428,-2.068588,-1.8110813,-0.51036936,-0.32467598,-0.33950904,-1.2834547,-1.7304392,-1.8711832,-3.061046,-0.021835456,-0.8103688,0.066233605,0.4885366,0.632276,0.47362876,-0.6936861,-1.7357645,0.39585906,-1.5761962,-1.0345218,-0.31892356,-1.7397677,1.2326361,0.9105434,0.11595627,0.07096213,-0.14586633,0.10798902,0.79307985,0.22023793,-0.0656141,0.78578454,-0.23589712,0.29538223,-1.0033396,-1.3389707,-1.2502916,-1.1698973,0.9403107,0.87506855,-0.37132177,0.47862196,-0.8158406,-0.3557518,1.2021734,-1.841298,-0.69442993,-1.113786,-1.162426,-1.1766644,-0.06674745,-0.96427226,-0.35588533,-1.1336442,-1.6877973,0.5599108,-0.64812297,-1.4159536,-2.0436304,-0.11660743,0.46728945,-2.145168,0.15940134,1.2968538,-0.65580064,0.8245376,-0.8859249,-1.4244716,-1.8453922,0.9349683,0.22465713,-0.059410628,1.3080776,1.3180419
2.7244506,-0.3714913,0.15732436,-0.35966465,0.9208311,-0.58024186,-0.6333763,-0.3262196,0.37129647,-1.5876489,-0.92547876,-2.027513,-1.5987082,-0.6366965,-0.4153148,-0.7305184,-0.9610822,-0.2165896,-0.0064060064,0.8628086,0.87225044,-1.8731152,-0.80163765,-0.0061980174,-1.2508497,-1.0814523,-0.031151146,-0.6505555,1.5769523,-0.59807664,-0.53819144,-0.62504524,-1.7896996,-2.2602599,-1.9185506,0.4976575,0.35198775,-0.12089422,-1.144076,-1.692499,-0.26470512,-1.1220455,-1.6682894,1.0575143,-0.22209193,-0.7298237,-0.6618806,-0.04685492,2.2199557,1.7551225,0.054134548,0.039901022,-0.37787092,0.07780173,0.053093206,0.33218542,0.61285007,1.1976041,-0.54161406,0.24861674,-1.4963465,-0.70470876,-1.9017396,-0.13866864,0.5172258,-0.7732834,-0.92787355,-0.59905237,-0.96186507,-0.041060068,2.2460132,-0.98240626,-0.33874866,-0.46222588,-0.86082906,-1.7560258,0.097477116,-1.9960543,-0.32901862,-0.6675133,-1.1961765,-0.7197471,-1.4304622,-1.0853642,-1.0473473,-0.30028942,0.56267256,-1.5820023,0.22647646,0.7348757,-1.1352063,0.7054675,-0.42941615,-2.053856,-1.0376439,1.7259039,-0.38725683,0.13793749,1.5432812,1.4842277
0.24208084,-0.24779052,-0.55465543,-0.28541413,0.7798292,-0.6335752,-0.47151655,-0.47853178,-0.2665673,-0.095259115,0.32209036,-0.26691875,-0.30670935,-0.88551354,0.04444503,-1.3454198,0.5642259,-0.44415843,-0.18138951,-1.0560318,-0.4064815,0.058253113,0.4007588,-0.60935014,-0.6308667,-0.73061734,-0.83651406,-0.3307029,-0.7323368,-0.5012196,0.90895295,0.82513404,-1.1595143,-0.75987995,-0.8428749,0.2575869,-0.0037326699,0.01899432,-0.32587212,-0.30755714,-0.35298207,0.117828526,-0.19764149,0.7987612,-1.2413174,0.097171105,0.47918117,0.15819855,-0.15858984,0.32736453,-1.2424294,-0.8100654,-1.0550606,0.64168763,-0.40331656,0.6346599,-0.9235533,0.7128812,0.5504537,-0.6333358,0.13820942,-0.2535129,0.15283975,-0.29399332,-0.77492994,1.045727,-0.7575818,-0.6412302,-1.0295403,-0.9145795,0.0012750945,0.6724914,-1.3608834,-0.7130344,-0.9881463,-0.28337103,-1.5315952,-0.96497405,0.68777734,0.32566229,-0.050250206,0.046135776,-0.74512583,-0.045110933,-1.1481391,-0.48556894,-0.31447306,-1.2599323,-0.036430467,0.49228686,0.008949628,-0.15571104,-0.62840587,0.26778027,0.03294602,1.0075856,-0.2591992,-0.24384102,-0.3867882,0.4642589
0.5190305,-1.3638943,-1.4810767,-1.1680292,0.63077486,-1.2269716,-1.6955761,-0.9967659,-0.48542055,-0.4795461,0.08110803,-0.12213791,-0.578291,-1.622754,-2.5230808,-1.8858579,0.3006149,-1.1563386,-0.7063751,-1.3150966,-1.1876681,-1.0381689,-0.97793233,-0.98648524,-0.38579315,-1.1945021,-0.86558163,-0.36362824,-1.5427513,-1.061006,-1.2118927,-0.7290008,-1.9781936,-1.5900362,-0.47904253,0.22474353,0.8741461,0.12052406,-1.056669,-1.743246,-0.32278183,-0.5803257,-0.407954,0.08296507,0.19507065,0.20204848,0.12297816,0.040252797,0.03021488,0.45404324,-0.9350772,-0.90129113,-0.5898674,1.139442,-0.23378848,-0.793173,-0.010418849,-0.22664355,0.43820307,-0.50206375,-1.2274287,-0.46887532,0.59745514,-0.042512625,0.45984647,-0.50745326,0.3114277,-0.48204845,0.1076648,0.32223687,1.1128557,-0.94046116,0.42135808,-0.6108365,-0.2521053,-0.9867167,-0.17132537,-0.88723654,-1.0115014,-1.2659426,-0.64735425,0.63739854,-0.5542709,-1.2467471,-0.8130016,0.3175512,0.4015917,-1.3676745,0.4528653,0.7588934,0.8056409,0.7094924,-0.706593,0.032716777,-0.061259884,0.4074961,0.20605116,0.11887568,1.3076355,0.47605604
-1.0752889,-1.5032544,-1.4527488,-1.9230746,-0.7757797,-1.3270215,-1.8756244,-1.430713,0.0061046374,-1.7664648,0.042619433,-1.0017884,0.1511008,-0.81117094,-1.5809374,-1.9099302,-0.86829984,-1.3751513,-1.6957228,0.23180157,-0.7755923,-1.9314111,-2.1618981,-1.9230263,-0.8326647,-0.9058846,0.7609035,-0.3413697,-0.5735826,-0.6383586,-1.2959648,0.81484604,-2.793491,-2.2873874,-2.0886278,0.1829944,-0.20693645,0.06949631,-1.9624703,-2.659482,-0.89431155,-1.1162105,-1.7131878,1.1488422,1.1672336,-0.022522805,-0.08925816,-0.45455483,0.92308944,0.6546178,-0.55706424,-0.5380757,-0.1460157,0.18825682,0.19831458,-1.3944724,-0.6260309,0.4284099,0.38389507,-1.4409174,-0.15154111,0.58642495,-0.3517046,0.13750684,-0.8718378,-0.9675728,-0.96233684,-0.06759197,-1.3399247,-1.9760036,0.7824605,-2.061748,-1.1545099,-1.7600869,-0.9043978,-1.1765331,-0.3248077,-1.8013955,-0.04656089,0.21227628,-1.554734,-1.9890957,-0.44977766,-1.9234365,-0.8340592,-1.0764178,-0.39097056,-0.8660866,-0.85101146,0.35973158,0.15992752,-2.0282087,-1.42379,-0.72717965,-1.3077301,1.1691593,-0.025712308,-0.9240288,0.8133043,-0.05375984
1.4772906,0.41352385,0.3508204,0.9562038,1.4318957,-0.14681306,0.57907313,0.72645915,0.21024488,-0.25547102,-0.6099473,-0.36350945,-1.2012827,-0.1454177,0.14458501,0.18516459,-0.40226012,0.46861926,-0.51440704,0.59091574,1.1806502,-1.0421484,-1.395776,-0.96441686,-1.8153783,-1.7630585,-1.0603592,-1.2390776,-1.187207,-0.26321664,-0.20361574,-0.027660294,-1.385003,-0.07438912,-1.0745724,1.3266238,-0.5399338,-0.09236416,0.06020882,-0.43469873,0.79618543,-1.4436954,-1.2838435,0.9006421,-0.3586357,-0.07021373,-0.6323299,0.09209067,2.1702192,1.6070805,0.05884766,-0.17519972,-1.7303149,0.48593116,-0.47439295,0.14298369,-0.41920227,-0.9404465,-0.11859993,0.35664043,0.471385,-0.0074047204,-0.04358353,-0.1321371,-0.9764266,-0.3034631,-1.5352172,-1.0982075,-0.734062,-0.98754895,-0.44526425,-1.4845085,-1.0475358,-1.6273031,-1.2479535,-1.3155017,-0.33613223,-0.8155971,-0.23357408,0.6411221,-1.15595,0.51428974,-0.044179305,-0.85510415,-1.1661961,0.118733615,-0.077213734,-1.12109,0.031102303,0.53372717,-1.9898045,-1.5371374,0.052213367,-1.8470585,-1.6129687,-0.21099028,-0.26812553,-1.2787864,1.3650682,1.128714
-0.6815043,-0.5177797,-0.37124193,-0.049595002,-0.0842413,-1.1927915,-0.7646916,-0.47817805,-0.544731,1.4482614,-0.9148914,0.868617,-0.23312138,-0.18820222,0.83945936,-0.06819461,0.17685048,0.63440627,1.0893669,0.6587046,0.8332995,-0.0684652,0.8744055,0.5800486,1.0705873,-0.10178706,0.6701336,0.49572507,0.9521121,0.7870299,0.022820499,-0.99874747,0.8585905,0.804699,1.3805511,0.01390192,-0.033997443,-0.07601702,-0.7161793,0.30050582,0.5620916,-0.39114714,0.5429626,0.08054234,1.7212185,0.96665543,0.012323007,0.11077395,-1.2204882,-0.15731175,-0.37887844,-0.9902216,-0.8477101,0.9831588,-0.8647865,-0.12540779,-0.20000663,0.17556915,0.82902944,-0.28147712,-0.25841054,0.06259306,1.4171145,-0.14012851,-0.12707357,-0.23645353,-0.37447226,-0.0059260093,0.36712477,-0.9994833,0.26647896,0.81201005,1.0902553,0.67845243,0.086903706,0.76686585,0.5021667,0.9782616,0.35994694,1.0718702,1.0166247,0.715104,0.8773867,0.58498347,0.52640766,-0.46547228,-0.31244004,0.56430125,0.69484085,-0.38450044,-0.79084855,0.8592706,1.1806341,-1.575524,-0.1879082,-0.8758537,-0.14826521,0.7244222,-1.084426,-0.35809806
0.23285079,-1.9988064,-2.318623,-1.461707,-0.27122894,-1.4085381,-1.7149013,-2.1051505,-2.8434725,-1.4412899,-0.6189164,-1.452494,-0.8039944,0.41501763,-0.5603314,-1.656624,-1.9949858,-0.9106503,0.4868181,-1.2857512,-1.1007416,0.97322625,-0.13013527,-2.521607,-0.64683485,-0.6184794,-1.1047802,0.17952912,-1.3178201,0.04900162,1.061451,1.3654474,0.73037225,0.9912579,0.87923014,-0.9272114,1.075759,-1.0496647,-1.1544507,-2.3319876,-0.52297366,-0.7089761,0.93475085,0.24177396,0.4558219,0.65022683,-1.1508166,1.2679485,-0.47081533,-0.7474546,0.974773,-1.838705,-1.2646769,-0.62812436,-0.8068479,-0.9822066,-0.9930174,-0.872881,-0.3293217,-0.26048523,-0.991911,-0.34267753,-1.5766217,-0.30699813,0.6475646,-0.321595,-0.26837063,-0.40226692,0.93044245,0.31156617,-0.98167676,1.3804717,0.8387537,-1.3376185,-1.1671638,-0.036098726,-1.12176,-0.8228035,1.1952615,0.10849307,-2.1472118,1.2182468,-0.06396257,1.8873992,0.22788908,-2.2611272,-0.3054818,-0.23505393,-1.1483203,-1.7775915,1.2886108,-0.8112768,-1.6885118,0.59371924,-1.1628059,-0.96658444,-0.3943196,0.75960624,-1.1817721,-1.2617421
0.52690893,-1.1455234,-1.5832574,-1.3120873,-1.5157679,-0.80899864,-1.2858086,-1.1679286,-0.9079754,0.265941,0.40807095,0.6712175,1.5051749,-0.85991865,-0.103469424,-0.0536811,-1.4044682,-1.180321,-0.917798,-0.6996902,-1.3596777,0.5402612,-0.6417321,-1.1559229,1.4343495,0.7978235,0.3690523,0.8197969,0.38165575,0.4725018,1.5781282,0.8677851,0.82122827,-0.10210142,1.0988649,-0.23844473,0.096373916,-0.39431906,-0.20074211,-2.4007096,-0.4747672,-0.756076,0.7504591,0.08561085,0.68662584,0.45624176,-0.79243195,0.5727122,-0.015207245,0.36999524,1.5490974,-0.6103448,0.027822062,-0.13076569,-0.8742953,-0.5480369,0.61417764,0.61952776,0.35581306,-0.33898717,-0.2915117,0.9628875,0.5930554,0.6354547,-1.4489212,0.40301883,-1.1480628,-0.61474276,-0.9648211,-0.55795777,-2.1312346,-0.12990636,-0.81091255,-0.6863814,-1.0446444,-0.6915901,-0.89052325,0.394726,2.2847185,0.20421273,0.08282423,-0.03163109,-0.8284938,0.54694396,-0.1375424,0.2196181,0.73917,-0.7920718,-0.19936733,0.072937764,0.3612457,-1.3210524,-0.39910778,1.1393049,-1.3868923,-0.8023147,-0.42486307,0.89237607,-0.8790713,0.26553124
-1.171165,-0.0019639304,0.06860807,0.9771257,1.3465916,-0.08605391,-0.61356217,-0.096672975,-0.034944866,2.2556098,3.2740948,1.1880953,1.4195043,0.42359653,0.73062885,-0.5660588,0.27394512,-0.61112094,-0.019789554,-0.38285556,-0.121820405,-0.6897238,0.058729813,0.7001483,0.908334,-0.05660934,-0.43596315,0.5172393,0.36874834,-0.22126327,0.40336588,-0.25960383,0.18408284,-0.76048285,-0.6546079,-0.43567562,0.7577867,-0.6592558,-0.4689228,-0.8506824,-0.49689463,-0.5946001,-0.13574392,-0.3543041,-0.021442644,-0.69423753,-0.68578565,-0.1960562,-0.56360954,-0.41363525,-0.90575427,-0.6985752,-0.40571097,0.4034595,0.57359517,0.97231835,0.5766083,0.15331765,1.8555174,1.4169123,1.8196374,2.3465955,-0.97425765,0.122976914,0.83822536,0.98528045,-1.0117248,-0.104376204,-1.0545182,-1.0287788,-0.10590162,-1.3280649,-0.6939203,-2.0632756,-0.37304768,-0.2658419,1.2213626,-0.24319302,1.2259071,-0.7965509,-0.22390306,-0.741995,-0.8380484,0.18383025,-1.2036554,0.11659462,0.15762201,-1.1284435,-0.9242703,-0.77008253,-0.2665386,-1.2664256,-0.93824655,-0.12345753,-1.570209,-0.517395,-0.41153315,0.7507071,-0.8656012,-1.1735846
-0.61365724,-0.082599476,0.60629153,-0.34508434,0.9330711,0.22630024,-0.4602254,-0.17275038,0.17876135,-0.29074848,1.2328626,-0.66868335,-1.7155834,-1.1400212,-1.2098966,-0.07766639,-0.102114655,-0.81950355,-0.7969709,0.53021544,-0.8669305,-1.1664201,-0.10537849,0.2911067,1.0159161,-0.3090343,0.2590522,0.22482802,0.11029767,-1.3838683,0.09645095,0.2617559,-0.9622638,-0.6936562,-0.33801433,1.184822,0.10361835,-0.28651375,-0.8340954,0.13305213,-0.58589286,0.23015805,-1.0645484,-0.5446284,-0.099487826,-1.2349086,-0.38339946,-1.20903,0.84666044,0.0866461,-0.31155825,0.019243354,-0.43802157,0.8711719,-0.29528663,0.05934362,0.41898787,0.14588329,0.24517873,0.05705575,-0.6553834,-0.5130297,-0.542199,0.018626813,1.0046962,0.36693168,0.36796847,0.029348454,0.21564434,-0.27104068,1.7660846,-1.3406585,0.2860826,-0.061527636,0.6184124,-0.11346712,0.7951604,-0.6085829,-0.3937063,-0.89865166,-0.6229945,-0.04646511,-0.7607789,-0.045490935,-0.4185647,0.8299179,0.2632919,-0.3247746,0.85249966,1.1076185,-0.03767811,0.50621283,-0.43238226,0.20325075,-0.7235569,-0.04860787,-0.5804259,0.051898982,1.8001524,1.1820489
1.012027,-0.5858937,-0.2660002,-1.1951858,0.1268449,-0.3684368,-1.1130009,-1.0566926,-0.72366375,-0.005191016,-1.0069611,-1.1816087,-0.7153277,-0.46976808,-1.0026762,-0.8256158,0.23390864,-1.3743266,0.48633766,0.29916188,-0.96864855,-0.7654021,-0.6664207,-0.9809846,0.08345614,-0.7650145,0.6132245,-0.06486174,-0.58881706,-0.161043,-1.1396388,1.2393322,-1.3246698,-1.2616707,-1.4486033,1.5394367,0.57297784,-0.39496565,-0.49210858,-0.9975037,-0.77102375,0.3513554,-0.31725037,-0.9803827,0.022208096,-1.1496592,-0.87648886,-0.5305673,1.6273609,-0.056345657,-0.11643648,-0.36704746,-0.65277106,0.20119806,-0.14157642,0.15218242,-0.6068507,-1.4567344,-0.2628498,-0.3428753,-0.66970944,-0.81767744,-1.9922935,-0.5161659,-0.69721526,-2.1647174,-1.0958638,0.3359386,-1.2457477,-1.2558924,0.24281628,-1.8399839,-0.8562433,0.35843912,-1.2823862,-1.1506755,0.04805055,-1.1790994,-0.20427313,0.89981353,0.76924026,0.09754717,-1.1797092,-1.2278864,-0.83314997,-0.15992866,0.07405161,-1.035893,1.8303086,0.1396994,-0.6525046,0.14500178,0.7299148,-0.7743267,-0.8222397,0.13463283,-1.2711933,0.056095723,2.4331415,1.3155307
0.14375173,-0.8232873,-0.087828204,-0.4613705,0.78368944,0.6826954,-0.9398655,-0.6152028,0.40753934,-0.104544416,0.565959,0.9207746,-0.18075329,-1.8671722,-0.582993,-0.30897206,0.3180452,0.058800615,0.45591465,-1.2896748,-0.11973848,0.5218391,-0.44385833,-0.09736439,1.4172155,-0.5808062,-1.3575189,-1.0007973,-2.2416313,-0.9652559,-1.1302037,0.31417593,-0.36168423,-0.57143164,-0.87648714,-1.1418692,-1.5335561,-0.1909621,0.2204757,0.106564336,-1.0839249,-0.38282254,-0.2623497,-0.7898228,-0.32427675,-1.0945688,-0.47339955,-2.0699275,1.0158325,-0.09582225,-0.26939937,0.67589736,-0.30712202,1.4825078,1.5023365,0.9643917,0.11661646,0.8062365,-0.02243762,0.74173653,-0.08631645,1.0458752,-0.52840495,0.08397107,-0.96403205,-0.10717645,-1.1062101,-0.34582433,-0.46319345,-0.28319287,-0.2955323,-0.39385435,-1.2141962,-0.49238518,-0.7432806,-0.016840527,-0.8339096,-1.5410427,-0.5523326,-0.15844683,-1.1270456,-0.9901482,-0.25568125,-0.37636185,-1.1653972,-0.15041229,-0.57696766,-0.86962795,-0.92971027,-0.51520437,-0.20208497,-0.17618828,-1.0799183,-0.15696809,-1.2811867,0.5094184,-1.0522758,-1.2732062,1.0951571,-0.021084093
0.35853225,-0.096825875,-0.45499793,-0.20941997,0.65268964,-1.1418095,-0.5716686,-0.4694636,-0.41584745,-1.0884284,0.9320528,0.26508492,-0.34425595,-0.67356634,-1.7442694,-0.33186376,-0.416425,-0.2994308,-0.5594045,-0.48277992,-0.83026797,-0.6774602,0.3436149,-0.21685342,-0.28854078,-0.28968298,-0.31308484,0.07786474,-0.9714582,-0.098962344,-1.6706585,-0.7568109,0.1278216,-1.4689289,-1.6173263,-2.5374615,-2.4206533,0.13792525,-0.3428338,0.26685047,-0.36490408,-0.5843178,-1.2584263,-0.4686665,-1.3576232,-0.35810012,-0.30588356,-1.3420507,-0.65141696,-1.2557393,-0.81734186,0.37765214,-0.23521562,0.47529125,-0.109701306,-0.30860952,-0.45593694,-0.19923931,-0.77438974,-0.6631593,0.9163716,-0.089923516,-0.64947176,-0.17561072,-0.37138948,-0.6537575,-0.06724483,-0.46557584,-0.23985653,-0.5421109,-0.6434351,-0.8922312,0.07836896,-0.52573425,-0.06689538,-0.82616657,-1.8470072,-0.35199735,-0.53729594,0.0052318047,-0.36520287,-0.7705736,-1.1350534,-1.2835805,-0.57946414,-0.038588405,-1.338716,-1.0255342,-1.1814001,-0.040047284,0.03818265,0.3604058,1.0819227,-0.056481574,-0.5117017,-0.3984235,-0.14842632,-0.74470323,-0.74172807,-1.6420181
-0.15734534,-0.3233304,0.70974565,0.13945633,0.39965302,0.13140573,0.22595243,0.026124757,0.80118644,-0.36615828,0.5219823,-0.45462206,0.018962521,-0.44165686,-0.08218568,-0.24487114,-1.6733491,-0.25709704,-0.8279749,-0.5919377,-0.4889293,-0.8295112,-0.46357754,-0.70391023,-0.5494429,-0.78279394,-0.79216504,-0.9363729,-1.1085286,-0.6520268,-0.42222142,1.4510427,-0.92588395,-0.8681196,-1.1435227,-0.45184803,0.032059766,0.77717274,-0.36004683,-0.381251,0.43585584,-1.3087639,-0.7573158,0.6543479,-0.3892336,-0.22135843,-0.5064495,-0.9139709,0.23844506,1.1815027,-0.60179114,-0.11345204,-0.43967998,0.18157104,0.43053615,0.43229797,0.04676432,0.6126528,-0.6588098,1.0277584,-0.39350995,0.48458982,-1.3894429,-0.13929673,0.009016977,0.3318177,-0.61646616,0.13980594,-0.10541028,-0.29940444,-0.4244958,-0.3552758,-0.68250763,-0.09129875,-0.69065285,-0.6327973,-0.46911332,0.33654392,1.1122469,0.51204115,-0.06355339,-1.1108712,-0.4711235,-0.373775,-0.52871937,-0.27886084,0.08119514,-0.71171594,-0.71054107,1.462134,0.61755174,0.48357916,0.30481187,-1.1769726,-0.06415839,0.46608466,0.42077276,-0.010390196,-0.6977067,1.4853697
-0.69681776,0.05812894,-1.3704423,0.32963356,-0.1268702,-0.75918204,0.30527222,0.046329647,-0.53822005,0.00059239333,-0.31023458,-0.04701344,-0.13652176,-0.27864295,-2.090088,0.03720115,-0.56822735,-0.4741757,-1.2414094,-0.8824282,-0.693044,-0.21872284,-0.9042089,-0.97885734,-0.73159295,0.83902353,-0.76828635,0.12862486,-0.0911234,-0.57163715,0.58037096,-0.54299015,-0.38718715,0.0037427559,-0.56592375,-0.124851026,1.3820299,-0.4666136,-1.6471299,-1.0678928,-0.18170245,-1.4785451,-0.5569407,0.51159316,-1.2720233,0.19615383,-0.6230353,-0.21733047,-1.2938187,-0.24219476,0.11891664,-0.8038176,-0.41909543,-0.7349405,-1.3806558,-1.0540396,0.35013828,-0.18890072,0.14915049,0.10172818,0.85155827,0.56789875,0.99171025,0.306439,0.24780294,-1.4280592,0.5204965,0.55175763,0.56605625,0.34421828,-0.49148935,0.7034,0.14579083,-0.5106862,0.91091335,0.4645673,0.930492,0.43895498,-0.80752736,0.08282024,1.0762199,0.027753651,-1.1394706,0.7244442,-0.193615,0.13289252,0.33748335,0.7377607,-1.0226582,1.0608577,-0.97296184,-0.20668115,-0.55657464,-0.6515196,0.6087268,-0.10903127,-0.29004493,-0.74665344,-1.4114488,-0.6126011
-1.464619,-2.601411,-2.005949,-2.210115,-2.1935236,-1.2518244,-1.2161455,-2.0781977,-0.800963,-1.6732266,-1.1677263,-0.075437374,-0.45538327,-1.780101,-2.340103,-1.5919241,0.18135838,-1.7961594,-1.4890312,-2.5669074,-2.7228503,1.1460487,-1.6016542,-1.201107,-0.75775516,1.2384275,0.86098903,0.43466252,-0.67277104,0.44562742,-0.16291553,0.6772096,-1.052616,-0.9598271,0.6676042,-0.8207918,0.46115398,-0.58438176,-1.2606179,-0.61540735,-2.3860002,-1.3724005,0.5243614,-0.7203558,-0.10755208,-0.48556152,-1.1459739,-0.99748886,-2.9289892,-1.7469093,-0.3831879,-0.17808232,0.28761464,-0.39085904,-0.9050525,-1.8284872,1.4836589,0.45938754,-0.05468381,-1.3220929,0.5053321,-0.6654536,2.3642938,1.2905693,1.3371054,-0.6243528,1.3080996,1.0168307,2.0363429,1.7698866,-1.433803,3.2384896,0.73138064,0.40280858,0.51972437,1.2113636,0.28005558,1.5895777,-2.8947792,0.031111011,1.2564269,0.19354041,0.20022279,1.1891869,1.5898464,0.85828453,-0.7431918,0.4816057,-0.32348067,-1.2931,0.48983076,0.84025455,-0.045886192,-1.670086,1.3396881,-1.5711017,-1.0516676,-0.5603115,-2.1925845,-1.3840754
-1.9810332,-2.1606197,-0.9034638,-1.2872939,-0.12431547,-0.8533145,-1.0373771,-2.0563793,-0.5760744,-0.07889099,-0.96496844,-1.7221057,-0.71840703,-0.8288175,-1.2200474,-1.7017736,0.86966795,-2.442469,-1.3412532,-2.1566443,-3.2855778,-0.1564767,-2.070434,-0.9578876,-0.79672307,-0.22448592,1.1244303,0.3036687,-1.8566974,-1.9830153,1.4061542,-0.050374035,-0.107698664,-0.23962016,1.8663594,0.708044,0.6362279,0.28922614,0.23527658,-0.56464505,-1.0115725,1.0206598,0.96597004,-0.23311794,1.0319905,0.5289828,0.9118955,-0.2875898,-1.6191314,-0.80873406,0.6313295,0.3262433,0.7656138,0.97328514,0.51204723,0.38714728,0.6003857,1.1157402,1.0235888,-0.4521969,0.5469017,-0.35533258,0.317758,1.6623038,0.7939138,-0.8215097,0.9810237,1.292696,1.7128397,0.7568728,-0.6676933,1.0408279,0.85156286,0.91482276,0.8782349,0.8123489,0.3876414,-1.2731243,-0.9926542,1.3003736,1.79478,2.1815841,-0.5621422,1.4900618,0.67141694,1.4891343,0.20705782,-0.19884518,0.38236552,-0.23235244,1.3855634,0.52696544,-0.12937497,0.37527835,1.4377679,-0.43966445,-1.2312944,0.033940207,-0.44666922,-0.48499405
-0.6076934,-0.38546884,0.7955072,0.19229102,0.019667149,0.18108474,0.009201877,0.17270188,0.5482854,-1.0729077,-1.0529145,-0.7613199,-1.1318963,-1.488238,-0.5232856,-1.0214173,-1.7906673,-1.1802796,-0.797938,-1.9015645,-0.51605535,-1.5566536,-2.3147786,-1.3530787,-1.5515426,-1.7160227,-0.5336861,-1.6303289,-1.9659007,-1.4069492,0.9131525,-0.10732899,-0.6030049,-0.18647212,-0.8378229,-0.017073678,0.1112264,-0.30363086,0.28419843,-1.5080961,0.6560425,-0.8538957,-0.70688534,0.35345706,-0.107030384,0.21818408,-0.7006436,-0.5477572,-0.8735293,-0.7867508,-0.36381707,-1.1074867,-1.1808064,-0.66179407,-0.3310496,-1.0569732,-0.22637564,-0.5291794,-0.14421904,-1.2921357,-0.93427825,0.15506664,-1.1053178,0.12956497,-1.3051159,0.8560817,-0.76828575,-0.64689,-0.25185704,-1.5929803,-1.4153216,-1.2821497,-1.517643,-0.75128657,-1.2063736,-0.632052,0.2818954,-1.3882408,-1.3424928,-0.01925549,-0.20451072,-0.06104087,-1.644116,-2.4853492,-0.78191036,-0.8779027,-0.39155972,-1.8767529,-0.55055755,0.074276574,0.4595526,0.029692296,0.13438962,-1.675496,0.25732094,-0.26208174,0.020902513,-0.5782114,-0.927959,-1.0498892
0.814438,0.24429737,1.0047457,0.345734,1.0369706,0.9149634,0.8307307,0.91255176,1.4846157,0.65615064,-0.10497926,-0.9117879,-0.5713626,0.8604483,1.197537,-0.555847,-0.8841308,0.53336406,0.78232205,1.2129909,1.3518829,-1.1368273,-1.2547435,-1.4178802,-1.0272446,-2.1162803,-1.0771815,-1.2585129,-0.09906962,-0.9707525,0.6192521,0.16349728,0.66874045,1.8453343,0.5037853,0.69394255,2.2630675,-0.3727343,0.15229842,-0.63752794,2.1596665,-0.72979313,0.14768703,-0.10921886,-0.5172563,1.1025624,-0.5332039,0.08117885,0.4622809,1.3090172,-1.5034876,-0.74578226,-0.8067286,-0.18814784,-0.19991258,1.2266221,-0.5328508,0.57974714,0.9545173,-0.76704645,0.16696957,-0.43075028,0.32188952,0.8809363,-0.013796178,0.1857687,-1.563103,-0.36716533,-1.0507579,-1.1583434,-0.65546775,-0.8133099,-1.7087164,-1.7986765,-1.1748497,-1.3860236,-1.0372559,-1.2168332,1.0510596,0.10966677,-0.29414955,0.20708333,-1.8971606,-1.3726379,-1.6019316,-0.7382881,1.2472316,-1.7222025,0.17796738,0.23658855,-0.27938813,-1.2644434,-0.46270615,-1.7398368,-1.5774816,-1.2729914,-0.8263654,-1.4913213,-0.05952912,0.43691897
-0.6715529,1.2377714,2.2456796,1.6485628,0.6426577,1.4599549,1.0240222,0.93336546,1.0185487,-0.6446735,-0.42542863,-0.8414826,-0.68572026,0.81967264,0.8918709,0.74219066,-0.24258567,0.17808907,0.9789911,0.61264944,-0.3853513,-0.77504426,-1.0922556,-0.41504773,-1.0967444,-1.4780358,-0.6307772,-1.2006223,-0.87590456,-0.7401622,0.21207862,-0.37495598,0.35906586,1.1415142,-1.3059028,0.42685258,1.5051614,-0.14202835,0.25918955,0.767499,0.65493435,-0.69971466,-0.5083702,-1.6999002,-0.84994245,-0.89823145,-1.0579817,-0.4240232,0.015991671,0.68615246,-0.44448915,1.8912697,0.6395516,1.2202107,1.3236622,1.7937201,0.4002524,1.1190511,0.1134263,0.22510026,0.1493051,0.7650118,-0.6168836,0.4645441,0.16904491,0.34516546,-0.101018496,-0.26364115,-0.51237184,-1.4531269,-0.3991228,-0.67585224,-1.2660085,-0.41313213,-0.34298024,-0.55062944,0.44270343,-0.9485098,0.18530393,0.14770688,0.6341561,0.6549524,-1.2188989,-0.13036747,-1.2596203,-0.4587273,2.3118482,-1.2780149,0.27503103,0.36000022,-0.63507295,0.18652643,-0.8915655,-0.7001298,-0.68377405,-1.1499255,-1.3111885,-0.21147014,-0.22540887,0.8945188
0.111738004,0.9272209,0.82523465,0.51782244,0.3449504,0.8986635,0.5300559,0.70512545,0.6051071,-0.91357815,1.2439134,-1.7630688,-0.31181115,0.11964001,0.071126364,-0.15119177,-1.2224,-0.14366835,-0.3287604,0.8752718,0.3979365,-1.9233294,-0.15324646,-0.7727327,-0.685444,-0.83400023,-0.16652966,-0.65507627,-0.040801134,-0.8280052,0.5085708,0.4071063,0.5050562,-1.0091748,-0.17987083,0.19743334,0.3976222,0.006643459,0.69569147,-1.0302172,0.640228,1.6481593,1.0326595,1.0475138,0.12162188,1.1502999,-0.9957027,-0.4389198,1.2004702,0.8523379,0.29827014,0.38670924,-0.4261872,-0.14012265,0.75311244,0.7774351,-0.19758902,0.48107228,-0.23551689,0.97926104,-0.25459215,-0.13563788,-1.0568187,-0.40878117,-0.47229448,-0.1798349,-0.9296084,-0.2931421,-1.5156063,-1.0421417,-0.3898453,-0.6752202,-1.7241225,-0.9930818,-1.4197942,0.0360633,-0.35717553,-0.8835735,0.065044686,0.43424723,0.16474953,0.47753018,-0.123772934,0.1706874,-1.5438689,-0.20443512,1.0039968,-0.6949406,-0.28457308,1.1858749,0.44968656,-0.88649815,0.040372204,1.3076911,0.03566783,1.229943,1.3242222,0.25618568,1.1882865,1.3330714
0.7525048,1.2011868,0.83785707,0.5109767,0.5866939,0.9974528,1.3860438,1.2129812,0.26433074,-0.7328365,-0.84711546,-0.50035405,-1.0864661,1.4277458,-0.41837856,-0.1969997,-1.3468837,-0.05819209,0.19311887,1.4341663,-0.04818394,-1.6607952,-1.3190205,-1.9769282,-2.1470172,-1.434959,-1.0475998,-1.28135,-1.2774658,-0.3937874,-0.21108975,-1.5635339,0.019551087,0.6624639,-0.70366895,-0.093251064,0.3556579,-1.0359416,0.5803229,-0.2793098,1.3617961,-1.2709259,-0.27961078,-0.06370977,-0.57959515,0.040504504,-0.3706362,-0.46480942,1.1686805,0.8892008,-0.7604851,0.15621088,-1.603232,0.42966634,-0.4279941,0.885842,0.031526674,-0.40744048,-0.58855945,-0.96542215,0.3851698,0.07839162,-0.82910115,0.5759113,-0.13184208,0.27946046,-0.67151576,0.22270268,-1.2048004,0.07416428,0.08283072,-0.9205522,-0.46106678,-0.71463346,-0.7419046,-1.0735972,0.028333616,-0.8339727,-0.45975894,-0.9285479,-0.7326094,-0.12224674,-0.5603326,-0.9305559,-1.2780306,-0.14171894,-0.004416002,-0.20179142,0.16959226,0.1704595,-0.3521322,-1.2827482,-0.5947899,-0.5848504,-0.4647186,-1.0551555,-0.19303635,0.20639676,0.23864193,-0.56119835
0.4426703,0.040139776,1.657398,0.9762651,0.29422,0.5256899,0.6492045,0.83496904,1.312185,-0.2733414,0.9663416,-0.7530493,-0.8440203,0.66916126,0.97343475,-0.14073318,-0.08709682,0.50505054,0.81381667,0.058296714,0.09339725,-1.204664,0.16067164,0.28809908,-0.69107664,-0.96464837,0.110177666,-1.3744241,-0.8019553,-1.1962276,0.05429278,0.8942333,-0.44212008,-0.14554314,-0.45462704,0.6556221,-0.44426793,1.0908415,-0.11935633,-0.43957618,0.95878255,-0.01249451,-0.13437334,0.7810468,0.5466496,0.6762759,-0.02752256,0.34410855,0.39605463,1.3114214,1.1288166,1.4022304,0.113454595,0.99399436,0.1646151,1.4988824,0.7963175,0.60413617,0.61587703,-0.013215655,-0.6340271,1.0236287,-0.9918615,-0.027475836,-0.42269078,0.21529901,0.3840726,1.0153588,-0.41362008,0.5906513,0.5530836,-1.1513693,0.060942777,-0.5279637,-0.96527267,-0.77166116,-0.024593925,-2.0863714,-0.106553815,0.7129592,-0.45660645,0.60748214,-0.0822286,-0.5984596,-0.6893011,-0.45587227,-0.30720076,-0.59484786,-0.4248887,2.0410008,-0.10732202,-0.7505534,-0.26979733,-0.9741632,0.15449731,0.79752153,1.3123773,-0.07848542,0.14716165,1.1634856
-0.19360082,-0.014617775,1.3435936,1.2001145,1.2889509,0.84158015,0.15430228,0.545135,1.0237006,0.3009196,1.709418,-1.2541037,-0.45547074,-0.23982129,-1.7241013,0.40853015,-0.5378457,0.06438678,0.3183829,-0.68543375,0.29591763,-2.210638,-0.77970785,-1.087318,-1.067554,-0.5764405,-1.6741899,-0.8277307,-0.2561399,-0.72671205,-2.9929948,-0.043947652,-1.3659445,-2.8872476,-1.8597472,-0.44708717,-0.22131813,0.9118322,0.3909396,-0.8343695,0.37559307,1.0104961,-0.5243416,0.068139225,-0.71276104,-0.020076944,0.55898213,-0.46603516,1.3761035,1.6997159,0.87632823,1.1509633,1.5907018,2.082116,2.436689,1.1331415,1.1559373,0.45350027,-0.3766504,1.0851171,0.27983454,1.5847278,-0.8928406,0.40133503,0.5132986,0.1709121,0.41195315,1.6553615,0.2774123,0.7080916,0.8096638,-0.4482881,-0.13490191,-0.6745498,-0.08308007,-1.1191753,-0.48100471,-1.254295,-0.238175,0.65150774,-1.5166659,0.86430633,-0.05661508,-1.6882799,-2.0906627,0.7050276,0.16917948,-1.117876,-0.07983024,2.1824083,-2.264783,0.24697511,1.1351156,-1.068967,0.006622022,0.84175766,0.22176175,-1.4660494,0.8320566,1.6906871
-0.9667454,-0.07075611,1.4408728,0.053786073,0.7562794,0.5612235,-0.5679642,0.054272436,0.04522703,-1.2940353,-0.31018484,-0.5283798,-0.18295436,-0.013404077,0.060776755,-0.08452381,-1.2317653,-0.76566625,0.17008068,-0.78813225,0.11914276,-1.7244666,-2.2878804,-1.4405388,-2.0082722,-0.6114566,-0.7041383,-1.1366394,-0.71388876,-0.22123384,-0.72337407,0.26021022,0.22462292,-1.430933,-1.1968741,-1.1446532,-0.13302256,1.7255821,1.6095524,-0.50691026,1.2775887,1.4785671,1.1158876,1.613531,0.33022204,1.5360479,0.91323346,0.14052139,0.7463682,1.5394815,1.6648704,1.1283876,1.1313473,0.8747584,0.92128557,1.1472521,0.6453449,0.01618839,-0.20111153,1.8697066,1.4946964,0.7131155,-1.0180844,0.16253552,0.043034185,-0.9356162,-0.023073873,1.9987558,-0.37032604,-0.45578912,0.14698714,-1.2108171,-1.3212899,0.2462297,-0.23760678,-1.2503628,-0.7310318,-1.8608994,-0.5454676,1.1713971,-1.5739684,0.7594965,0.35815722,-1.9245286,-1.6335088,-0.69747984,0.2875857,-0.382203,-1.3423477,2.344277,-0.11825749,0.7418375,0.75709146,-1.1508895,-0.15928274,0.8914626,-0.05377451,-0.30514908,1.3385106,1.5742313
0.48353103,1.0301731,1.2909635,1.8898597,2.3722672,1.4815816,1.4210402,1.5715832,1.7766793,-0.7933711,-1.4587213,-1.6929952,-1.7324425,-0.17466731,0.61326355,0.5733357,-1.7433339,1.0543745,1.0072356,1.7099677,1.0248597,-1.0002768,-0.24720332,-0.54341173,-1.645899,-0.0014366362,0.7672114,0.2651365,1.1086433,1.0153443,-1.2241231,0.4702473,-0.95862865,0.18444352,-0.90919995,1.5558324,0.26787385,1.3008187,0.48766297,1.157515,1.807853,0.50338113,-0.42401648,0.8644396,0.27509356,0.40763018,1.1012739,0.5583085,1.7600126,2.062139,-1.7534357,0.74455124,-0.15685175,1.5476137,1.2195636,1.573842,1.733972,0.9418709,-1.270481,-1.2259885,-0.70375335,-0.14254738,-1.5115591,-0.77440816,0.3087048,0.04332359,-1.2608105,-0.4441446,-1.351771,-1.4434875,1.057385,-1.45562,-0.6882299,1.1217356,-1.3272984,-1.5630265,-0.5505608,-0.4487954,-0.10904609,-0.16135964,-0.7644924,1.0123742,-0.16595136,-2.2566833,-0.6888192,0.31707296,0.34138042,0.43437007,0.63715607,1.4052747,-0.93542904,1.6416379,2.1754777,-0.30417913,0.8048949,1.1231339,1.0795661,-0.11249374,1.8847371,1.7773575
0.121035784,0.8458334,1.1201314,0.9716008,0.7615377,0.6005559,0.73215914,0.62598044,1.1556696,-1.2166159,-0.7443292,-0.31037688,-0.8914121,0.9255939,0.18309778,0.5769272,-0.48649064,0.29328156,0.29079577,1.1663969,1.0574329,0.025808772,-0.121185325,0.10680072,-1.317902,-0.15543987,0.58830863,-0.50704306,0.3220927,0.48332387,0.015450474,0.5712414,0.0018983268,-0.37693143,-0.24494798,0.47548524,-0.1843246,1.1162983,-0.12899451,0.8683486,0.42062363,1.3335516,-0.40587938,0.6775959,0.4416713,0.020778736,-0.3417606,-0.57784414,1.2197703,0.8732074,-0.25761056,0.112736434,0.26511043,1.0475557,0.998725,-0.12104408,0.71097755,1.302188,-1.6945856,-0.47100025,-0.09003537,-1.14017,-0.32466438,0.015125142,-0.12077325,0.40702528,-0.63997406,-0.3654918,-1.4718891,-0.6282007,0.10070233,-0.64556724,-0.62134176,0.813258,-0.23234145,-1.0131893,-0.6063656,-0.5735996,-0.15506071,0.71490103,-0.1091223,-0.84165716,0.5502478,-0.50456774,-0.022964496,0.016137779,0.6439657,-1.5643576,1.1926522,1.5045309,-1.04174,-0.20104179,1.4989797,-0.5163909,0.35256645,0.66099757,1.5215011,0.63516796,1.2546325,0.9938827
0.91393733,1.0896928,1.3633153,1.0687578,2.7653718,1.2587702,0.37887585,0.5240673,1.8616465,-0.33752757,-0.78990936,-0.7632929,-1.414194,0.4744956,0.5037507,0.41989678,-0.2986443,0.58222413,0.45282343,1.323761,1.5581024,-0.5190336,-0.9157089,-0.97062755,-0.24677521,-1.5533739,-0.069640234,-0.6337687,-0.58163196,-0.16301548,-0.43774956,-0.03044075,-0.39188722,0.14979227,-0.10984144,1.3914137,0.1878117,0.7152782,0.40492103,0.34834477,0.42750612,-0.42796174,-0.9092349,0.48873997,-0.3221821,0.2561192,0.3670125,0.5998038,2.5147123,1.8299142,0.7436015,0.62474084,0.0387942,2.2506812,1.5516796,1.9473503,0.9327615,1.8062278,-0.20649946,-0.31805572,-0.77541816,-0.48855606,-0.87542975,-0.409344,-0.5059597,-0.2616351,-0.636031,-0.70352095,-1.6722364,-0.95104903,0.33634013,-1.9813586,-1.9153554,0.903778,-0.9013448,-1.895517,-0.22001706,-2.1247118,0.6271635,0.5675315,-0.844592,0.18761964,0.13648115,-1.7617863,-0.8429663,0.62850004,0.44471267,-2.5236242,1.7899083,2.3175693,-0.5099326,1.4258991,0.82185197,-1.1486003,-1.2134244,0.89194775,-0.30748856,1.5823716,2.3453145,2.4563656
1.595494,0.67887735,1.6085764,-0.25747234,1.5406059,1.102605,0.4660914,0.4072442,0.725184,0.61994725,2.237838,-0.2251271,-0.71159565,-0.09624427,-0.39594236,-0.7158826,-1.5733073,-0.4675045,-0.96187323,-1.34104,0.11058904,-1.5802195,-0.9191087,-1.0586869,0.05231974,-0.5695285,-0.5568736,-1.6796119,0.58922285,-0.6493918,-0.20096776,0.59344363,-0.6753305,-1.8902128,-0.7433722,0.75910467,0.32890362,2.0072727,0.38076988,0.056337092,0.095496945,0.70062274,0.46832317,1.5019541,0.15170297,0.69996667,0.3012541,-0.9113444,2.1425297,0.9270702,1.4013903,0.105215974,-1.1961023,0.18649751,1.5482427,2.1177301,0.48244998,0.549711,0.93110085,0.9419301,0.24693082,0.13565423,-1.0084513,-1.1687821,-0.57956684,0.5032507,-0.57338715,-0.67193437,-1.5859118,-1.0808687,0.9038504,-1.9625471,-0.93221927,-1.019903,-0.053015005,-1.019993,0.548134,-1.8823344,0.23375517,0.51290333,-0.18014309,0.83196175,1.0512993,-1.3834594,-1.0277762,-0.7722648,0.096822806,-0.9836896,1.4858782,1.8786976,-1.1264342,0.43305603,0.1253079,-0.39050525,-0.3851044,1.4484876,1.7989805,0.8620464,2.1565285,1.7168539
0.62657267,0.99166596,0.90979296,0.7054913,2.4636111,0.5999529,0.71027267,0.9362937,0.9792322,3.0551422,0.989458,-0.42762917,-0.03402357,-0.7374557,-1.0845792,-0.12421102,-0.7735853,-0.0167681,-1.2845488,1.2948221,-0.21481265,-0.761307,-1.6134745,0.63497233,0.67641395,-0.8202137,-0.7552586,-0.8178595,0.29387146,1.0695297,-0.33925855,-0.05526551,-0.9346311,0.07376058,-1.4892367,0.62308425,0.40286985,-0.01772004,0.8776693,1.0603613,0.62487835,-0.40018106,-0.2466414,-0.11827242,-1.3830342,-0.010806382,0.6185423,-0.54686743,0.7230246,-0.25226852,-0.47423047,0.7272299,0.23049906,2.690651,2.0878692,1.1579425,0.36717924,1.1489261,2.404753,0.66923094,0.5838633,0.15991232,-0.9789482,-0.22236215,-1.3730516,-1.5119075,0.47012576,-0.86795956,0.2908563,-0.234511,0.7790664,0.0066318023,-0.021644447,0.36902258,0.09817746,0.23857151,0.5501993,0.18966481,0.5721684,-0.30172843,0.5202413,0.4524055,-0.6519214,0.20846452,0.21029253,-1.1659696,0.8263051,0.07490571,1.4688828,-0.009211634,0.2628658,0.16924758,0.2819272,-0.49147046,-0.48973513,-0.24200857,-0.6558865,0.90327424,1.2001734,0.23080193
-0.19408159,0.07038174,2.2062478,0.013455307,2.0121117,2.5427175,-0.31665006,-0.06327178,0.8423935,1.4557482,0.45864084,0.5681277,-0.07616379,0.25500822,0.49264574,0.17753142,0.8042802,-0.30750826,-0.30170026,-0.64214647,-0.73112106,1.5919304,-0.27989468,-0.13118142,0.89302933,0.30791062,0.8705852,0.8824321,-0.17241733,-0.20615517,1.06595,0.22627361,1.1535503,1.8603276,2.037635,0.67430025,1.6426148,1.4804263,0.3733469,0.2723747,-0.06336392,1.2948183,1.2827828,2.262788,1.7729487,2.10997,-0.28797263,0.17445129,-0.7263205,0.24467197,-0.24611852,2.1799746,0.40225795,1.6138813,1.8879286,1.2575997,1.341435,1.971811,0.2192301,0.16989982,0.058732145,-1.4490831,1.187846,-0.5808889,-0.94281095,0.9233969,0.25780267,-0.08645666,0.46163434,-0.13304862,-0.18968995,0.18288545,0.42173362,0.4653029,0.63304406,0.5950914,-1.4247992,-0.038948007,0.50093246,0.088718124,1.2300875,1.1908998,1.9467838,2.3622973,0.79909056,0.9677096,1.6775848,0.7094989,1.2178427,0.6034506,1.3961054,-0.6423706,0.38193002,1.8249254,0.8684862,1.3087853,1.6880503,0.15906149,-0.93076336,0.6311159
-0.5377593,-1.2471875,-0.6541252,-1.0514253,-0.060651574,0.2919233,-1.3588922,-0.8836142,-1.0781211,-1.520618,-0.0010091071,0.5030601,-0.38708654,-1.1094813,-2.366508,-1.9720594,-0.5690111,-1.8789529,-2.3922493,-2.1890826,-3.5617661,0.43692368,-1.8847203,-1.4213933,-0.15160316,-0.5650383,-0.29157534,-0.5159291,-2.2124252,-1.3563176,0.028374158,-0.9184402,1.236963,-0.7481368,0.4377196,-1.8571327,-0.022562409,-0.32298997,-0.6361253,-1.1119868,-1.2203907,0.8217672,2.1646922,0.9503171,0.20125936,0.40954554,-2.034471,-0.77964437,-1.8066999,-1.3511175,-0.2876177,0.14018919,-0.17477734,0.42892396,1.7781394,-0.5747474,0.12575474,0.416054,-1.2480191,-1.3604712,1.0460854,1.0217607,0.4360246,0.08694257,-0.6912326,-1.8476114,0.22458717,-0.167173,0.5571464,-0.4481862,-1.6756167,1.0149766,-0.2742751,0.09755068,0.42081693,0.56798375,-1.2810684,-0.75049233,-1.2566139,1.0097675,1.0832481,0.06906977,1.0797421,1.7596886,1.2058156,1.6757088,-0.6928119,0.73658043,-2.1937256,0.18903367,1.9491394,-1.352658,0.051171612,1.1922817,1.5211877,0.103398435,1.2657396,-0.27516085,-1.6094983,-1.4326191
-0.06052652,0.9719527,2.9150436,0.7096342,0.688665,2.487656,-0.45892656,0.7895055,1.4910048,0.31835428,0.19568667,0.73052365,-0.60585207,-1.1911672,-0.24976553,1.1117301,-0.18015915,0.24155116,0.8107724,-1.8471485,-0.5989956,0.9504923,-0.47873136,-1.1423459,0.58395755,0.91347057,0.871676,1.467573,0.16706462,-0.18901733,-0.63200337,0.5874853,-0.15694958,0.105440274,1.0431426,-0.72154474,-0.79896027,0.26889288,-0.015572458,0.07520672,-0.4446359,0.36768997,0.65382093,-0.35256398,1.2660583,0.31787008,-0.009839687,-1.0819631,-0.15691175,-0.78266853,-0.25068882,1.5208768,0.8020945,1.9695807,2.3906038,2.4598517,1.7579663,2.718969,-1.0589732,0.109812446,-1.0791686,0.043408293,-0.2463946,0.09676554,0.11160911,-0.32390484,-0.09560973,-0.027337106,-0.022910003,-0.0781617,-0.42770696,-0.4998997,-0.8645356,0.18234861,-0.30917266,-0.8472322,-1.8077592,-1.1483014,-0.0091644265,0.28167507,1.1384534,0.2390736,0.9369057,0.46109903,-0.51373607,-0.18827035,-1.3525869,0.14128618,-0.9547245,0.72099125,0.9285226,-0.7600602,1.6881243,0.15937942,0.03408438,-0.15587251,0.5222285,-0.20451774,-0.6102694,-0.4960529
2.0403228,1.1498299,1.3494519,0.63038594,1.3845645,1.5103298,0.41458791,0.87000805,0.28145048,-0.013291408,2.7841213,1.6454564,-0.6019922,3.4315808,-0.32552198,0.8519514,1.5437263,1.1274631,1.5784272,-0.10651597,0.62771046,0.4861468,0.966945,0.95109385,0.7136365,0.9577206,0.9844939,1.3238204,-0.5281755,1.5789863,0.6191311,-0.24137212,0.62751263,0.0007110891,-0.4440372,1.4388579,-0.52310103,-0.058588695,1.0771092,1.2879714,-0.48008394,1.576947,-0.26139575,-1.5482036,0.4386457,-1.2564749,1.0816658,-0.087028556,1.5706278,-0.08202712,3.424445,2.6141052,2.8793125,2.7323427,2.6608377,2.0370545,2.2839394,0.77693874,0.7869367,2.4954085,0.616227,0.4230018,-0.9381572,1.0575215,2.5083022,-1.3167659,2.0784428,2.1261556,-0.4915134,1.1502652,1.8590789,-0.10903277,0.5508356,0.67874604,1.2516121,0.56964123,1.6123415,-0.2284394,1.058311,-1.9106431,-0.5327147,-0.17515472,0.29533952,0.32897484,0.13163887,0.9647683,0.21206708,1.0369327,1.6595312,-1.268406,0.40928355,-0.6859579,0.54396325,1.0785155,-0.9761951,-0.67179996,-0.6585994,0.7291104,2.2681148,0.0025456517
0.5745285,1.0394754,1.2934852,0.8587997,1.5030175,1.8209245,-0.30074826,0.37233907,1.2108157,-0.17438592,1.6015658,0.8268387,-0.6715031,3.1321137,0.1719329,0.4613282,2.660454,1.4756684,3.1340125,1.2292756,1.4906834,-0.35149947,1.1936457,0.0769011,-0.41990077,-2.1733153,-0.9583141,-1.473694,-0.9858512,-1.4595592,0.46511933,-1.7301497,-0.26700836,1.0138053,-0.7992686,1.5500864,-0.024624823,-1.359049,-1.5544515,-0.98584497,-0.58532554,-0.9099406,-0.9485476,-1.4524449,0.18020178,-1.9286004,-1.6532536,-0.51085573,1.3386226,-0.027106285,0.74950343,2.0954251,0.3395831,0.8612073,2.1150494,1.7283906,0.7714677,0.46101493,0.48278007,1.1876891,0.54453385,0.21208698,0.86965907,0.75218487,1.5550582,-0.94638103,0.11096644,2.524725,0.030273138,0.8561943,1.1996565,-0.941755,0.20078157,0.8263171,1.1695707,0.07108913,-0.123136565,-2.2494102,0.30987924,-0.92542934,-0.5441933,0.58481807,0.06141625,-0.020699173,-1.5690372,0.97847295,0.4761103,-0.38877204,1.8430263,-0.070487015,-0.38436136,0.27824506,0.46028808,1.4182646,-1.304862,-0.69570976,-0.73921496,-0.95014334,1.9972742,0.9764405
-0.38529038,0.2206534,-0.53477186,0.53173965,0.38132462,-0.1177387,-0.97326857,-1.1702327,-0.41570523,-0.8679352,0.23638093,-2.1353052,-1.5544229,-1.7630242,-1.058789,-1.6009266,-0.6889778,-1.0752227,-0.9832372,0.0122501785,-0.045849875,-1.4823762,-1.9358016,-2.31079,-1.3134798,-2.5029454,-0.8877216,-1.4320695,-0.93446827,-3.1309056,1.1699219,-1.299155,0.9858528,0.54279435,0.060701113,1.793095,1.1803567,-1.3443387,-0.26835096,-2.196833,-0.014368818,0.07152092,1.2728785,0.4071524,1.9167119,0.7942957,-0.15930405,1.5767605,1.0765277,0.07757288,0.026908293,0.78199476,-0.45601782,1.4990845,1.7241058,0.45920515,0.6695135,-0.48254043,1.273248,0.24238312,-0.71179545,0.39775318,-1.1443014,0.06816391,0.22613215,-0.40040907,-0.74766546,-0.80098706,-1.3414428,-0.8741899,0.07455188,-1.4855804,-1.9526196,-0.69702274,-1.1905502,-1.1874325,-0.83471805,-2.2756197,-1.1004318,-1.8644717,-1.465047,1.8919027,-0.17433688,-0.85922176,-1.7100224,-0.07915071,0.9003589,-1.7076302,0.9001314,-0.57289267,-0.3811846,-0.32195985,-0.79519296,1.1720554,-0.64759165,-0.22809602,-1.4110155,0.4853318,1.5354337,-0.17745799
0.4391158,-0.251639,0.5763128,-0.3956746,-0.39325714,1.7027924,0.025276901,0.11157662,1.5490462,-1.3857718,-0.53766096,-1.8588561,-1.4946201,-0.8417016,-0.004179063,-0.813548,-2.1984158,-0.35384417,-1.1858188,0.10720729,-0.5504868,-0.68576294,-1.0623701,-2.4866683,-1.0515084,-1.4427352,-0.10055942,-1.5713034,-0.46263087,-0.24526317,1.5869118,0.41950744,0.53068393,0.60608494,0.6345744,1.0369854,0.841872,0.6106507,0.42136383,-0.46141776,0.6583538,1.0771401,1.6254474,-0.54923534,1.1344656,1.009861,1.0490688,1.1722155,1.1891408,1.5259528,0.81471515,0.53627867,-0.030081524,0.8410287,1.2005396,1.2879863,2.0793128,1.7004851,-0.7338089,0.280606,0.044065624,0.5132445,0.45806408,1.0401711,0.3840975,-0.73444897,-0.09729501,-1.089794,-1.2289463,-0.88532805,0.37676057,-0.5308078,-1.4048102,-0.49842244,-1.1011536,-1.4159664,-0.18320046,-0.37245548,1.2083511,-0.45214963,-0.694819,1.8767337,0.5388835,0.54021907,-0.90479916,1.1621506,1.2510089,-0.702721,1.0375497,0.65144706,1.6189909,-0.030884165,-0.5484258,1.8988774,-1.2228979,0.124886215,-0.013555247,0.43873486,1.6863881,1.4040782
-0.62656105,0.9624392,0.701138,-0.052332193,-1.2498633,1.324874,0.8888302,0.6795149,1.6129432,-2.3549612,-1.0772884,-0.7889493,-0.46653748,-0.45152387,-0.5943087,1.4213369,-1.4606736,-0.060291447,-1.2973549,-0.21821335,-0.23214027,-1.1820214,-1.9057847,-1.9328669,-2.1740055,-1.9878706,-2.3880036,-1.937488,-1.5241836,-0.42347097,-0.012685379,-1.3982824,0.73841536,-1.2473317,-2.0794528,-0.6720945,-1.7601001,0.29661712,1.9383479,0.55671316,0.5548381,-0.08528811,-0.55308473,-2.8153977,-3.233266,-2.2012217,0.49486157,-2.6683733,-1.1434747,-0.34424406,0.78593576,1.6572219,1.2010952,-0.79880875,0.4306566,1.2481517,2.7445138,0.7818927,-1.5386302,-0.994782,-0.30604476,-0.27037403,0.10033513,-0.35249034,0.1730349,-0.8966176,1.2570864,-0.8331261,-0.38571587,2.5070822,-0.5744338,-0.8176481,-1.1497341,0.27072015,-0.9469304,-1.4234382,-1.0476044,-1.7454879,-1.6682501,-1.2148302,-0.38704827,-0.63343203,-3.447731,-2.939306,-1.8895527,-1.7430651,-0.8235989,-0.97264165,-0.6174251,1.4100407,-1.0239463,0.3383182,0.19650692,-1.5932682,-1.3441913,-3.0952704,-2.55495,-2.7716484,-0.5467229,-0.32684958
-1.499284,-0.64941293,-0.39256725,-0.11964804,-0.67808443,0.47915554,-0.6737881,-1.1746387,0.40920743,1.3895447,-0.1790597,0.10486439,1.1278646,-2.062165,-0.74363995,-0.7972594,-0.08223549,-1.8960383,-1.5823114,-0.5120024,-1.1524745,-0.6596574,-1.6282147,-1.0282978,1.522284,-0.42865744,0.83309615,-0.74594396,-1.3303542,-1.7346337,1.1211859,0.4461333,0.16340101,0.5210787,1.3573405,1.1311524,1.1126522,0.2465272,0.33198377,0.65005565,-0.105304725,0.10227612,0.7839135,-0.7302766,0.9722001,-0.10102172,0.8786783,-0.7598531,-1.0266352,0.22664651,0.3466483,0.41061184,0.58545595,0.5321749,0.5734235,-0.028162854,1.2466792,0.81932586,1.5568528,-0.06721291,0.5407317,1.0077033,0.9040542,-0.60947764,0.6490363,-0.36819294,0.80012554,-0.6097547,0.90264624,0.96418715,0.14916778,0.39458686,-0.061543792,0.7223221,1.0544001,0.4414393,0.9930935,0.01376593,-1.4642519,-0.9955699,0.856831,0.5223601,-1.9026607,-0.10602096,0.01019774,-0.19311254,1.2331678,-0.59482664,1.3960378,0.3638348,0.114285335,0.4253926,0.13433494,-0.31912306,-0.86952204,-1.3854467,-0.5910424,-1.0382597,0.08476406,0.19946487
-1.0596359,-1.6155632,-1.0710073,-2.366221,-1.2661061,-1.5871886,-2.474894,-1.9073745,-2.5247862,-0.9633214,-0.7334461,-2.1235259,-1.5507103,-1.2569953,-0.24605729,-1.939597,-1.0579442,-1.9398423,-1.4353969,-0.9120992,-0.9411039,-0.79951316,-0.7607585,-0.027698478,-1.1812704,-0.8702652,-0.3766836,-0.7747873,-1.1398271,-1.8451265,-0.94614685,-0.7409521,-0.9171509,-0.15087195,0.1441529,-0.08516462,1.264336,-0.5730022,-1.2948102,-1.28226,-0.3587502,-0.85735863,-0.3797813,-1.1847246,-0.10059113,-0.4822449,-0.85477424,0.26512673,-0.8000965,-0.28027984,-0.9228607,-1.6057742,-0.46858108,-0.2656316,-0.92591107,-1.3963535,-0.47006407,-0.74770015,-0.9311024,-1.5549518,-1.6791991,-0.5776772,-1.1503162,0.50076896,-0.5758898,0.49978012,-0.06265606,-0.24173331,-0.18033943,-0.8299573,-0.36305133,-0.79828525,0.075054914,-0.32133207,-0.7121903,-0.6590433,-0.9550395,-1.6091129,0.43219975,-0.51000637,0.4186496,-0.7112892,-0.14074707,-0.20773752,-0.89139026,-0.01378602,0.5637203,-0.8997074,0.016395353,-0.74651396,-0.036361445,-1.122604,-1.1513755,-0.50008816,-0.105159976,-1.8568856,-2.163362,0.0045700874,-1.0584712,-0.40203035
0.594291,2.9963088,1.8496156,2.5339363,0.78867286,0.15624201,2.7185016,2.4450448,1.2160523,1.5513489,0.2600295,-2.5576053,-2.0015488,-0.25196415,1.8413966,2.4745388,0.50318366,2.0795906,0.7085461,1.8434876,1.5133973,-1.5000145,0.1225205,0.7809378,-0.99593025,-3.1893632,-2.46136,-2.7265003,0.5290994,-2.4278593,-1.8329866,-2.6842947,0.6306176,1.865778,-2.0608623,1.6590701,-0.19336845,-2.0896497,-1.0537498,1.2995008,1.1937902,-2.963433,-2.8412597,-2.1196878,-1.9607233,-2.6764612,-2.0699344,-0.89418536,1.6309425,0.3083702,-0.8804923,0.98520136,-0.03303386,-0.14236759,-0.6796539,0.10776972,-0.15934914,-0.96406007,0.5351134,-1.0659447,-2.082947,-2.3696086,-0.91313475,-0.052487392,-0.6882816,1.4623004,0.11002387,-0.1456395,1.1631737,0.55788255,1.1410778,-1.2464321,0.09026569,-0.19145404,-0.031784385,-1.3336161,1.0369223,-1.449269,-0.5501912,-1.5870689,-0.12043968,-0.69223315,-0.82292175,-0.49929678,-0.44271603,-0.017928757,1.2833312,-0.4592998,1.3728377,-1.1216222,0.4847667,0.7388403,-2.3597841,-1.6020976,-0.9363699,-2.0018904,-2.4787633,-0.4683793,1.6364874,0.9006919
0.07644119,-0.54564476,-1.49583,-0.892197,-0.13233738,-2.171336,-0.037886664,-0.6825015,-1.1468737,-1.3520069,-1.4509618,-1.1806365,-1.3184874,0.27928427,-0.12106825,-0.81625843,0.1324322,-0.79564,-0.13172616,-0.90079886,-0.3426024,0.35599694,-1.423824,-0.23221073,0.18309064,-1.3637879,-1.4308248,-0.4102714,-0.500045,-1.439971,0.8438104,-1.452376,1.2558709,0.7811488,0.7760887,-0.97415686,0.19680113,-0.939709,-0.662192,-0.35136792,-0.2796606,0.4544681,0.7833618,0.6227537,0.48595423,0.23988923,-1.0870614,0.99338424,-1.5265155,-1.6712086,-0.09545341,-1.9579743,-0.051694393,-0.4226962,-0.907761,-1.6693575,-1.1702724,-1.0411426,-0.01511964,-0.7440797,-1.4641736,-2.482877,-1.5476363,-1.1351633,-1.166265,-0.14759937,0.91225904,-0.86487794,0.72839904,-0.16234988,-1.2192694,0.2983904,-0.8115884,-0.19612154,-0.44543996,-0.2355966,-0.7633327,-1.889985,1.7976362,-0.8499575,0.04363205,-0.39381507,-0.11056091,1.3463397,-0.9348173,1.1656475,-0.7176574,-0.5480031,-0.7289923,-2.0684142,0.8644594,-0.8173882,-0.25417513,1.4304452,0.22089459,0.30086395,-0.05241474,0.83757305,-1.5843681,-1.9142812
0.72395086,0.2033317,0.89275753,-0.19044285,-0.40460053,-0.3280575,0.0707192,-0.29407454,-0.448154,0.1800007,0.44324028,0.104471326,-0.92996776,-1.0995649,0.04382398,0.17829372,-0.36714485,-0.04170728,0.37211475,0.13579044,0.6420968,0.09897357,0.30501586,-0.21980178,0.087036595,-1.0621881,-0.082883954,-0.6226013,-1.387324,0.024153778,0.15133433,-0.06496419,0.011035131,0.16293317,-0.3871544,-2.1983578,-2.841495,-0.63626075,-0.53093034,-1.2363135,0.4959149,-0.11349338,0.30694592,-0.3882476,-0.46097514,0.5035613,0.6593823,1.2411039,0.40298352,-1.0312746,0.45570353,0.17517115,1.0041176,0.4987341,-0.2107294,-0.030006329,-0.34699863,0.31942418,0.7408101,-0.42347667,-0.9580804,0.22034873,0.4897357,0.100601934,0.3536575,1.4885198,0.6002832,-0.8245512,0.6382351,0.14747815,0.08538302,-1.002858,0.62201375,-1.7020868,-0.8028756,-1.6798245,0.016552093,-1.0165564,0.9149338,-0.856694,-1.1091918,0.4447957,-0.8195895,-1.2066146,-0.89610755,-1.1459253,-1.6844081,-1.9626329,-1.7060264,-1.3677821,0.9136084,-0.5368172,-2.343597,-0.4700729,-2.0832114,-1.1267834,-1.7098782,0.089859985,-0.8832753,-2.272555
-0.0036831102,1.5599438,1.2008145,1.885433,0.70436454,1.3689177,2.106151,1.4328712,0.94775945,0.7612796,0.18999007,0.64057785,1.1462979,0.9138509,1.07092,2.2229455,0.3300918,1.4351985,0.74273014,0.2997597,0.62132066,0.74352103,1.1869782,0.7342948,0.43699223,0.693905,-0.0015464057,0.29193398,1.1682181,1.2922018,-0.84365416,-0.7173694,2.0532932,0.8633126,0.44604656,-1.0911444,-0.6780987,-0.9007925,1.2558581,1.1302148,-0.006902589,-1.1264122,0.07321451,-1.1314312,-0.40374666,-0.994527,-0.10027961,-0.2807158,-0.32777974,-1.6816012,0.567219,0.26448718,0.56386954,-0.11621844,0.45435128,0.45383903,-0.09524585,0.8264458,0.60231847,-0.44836533,0.22323747,0.5912678,-0.27806,-0.7247759,0.00805891,-0.7993189,0.08163195,-0.06284867,0.66530585,0.34658846,0.6036107,0.5411836,0.3192366,-0.98554945,0.29312095,0.45510948,-0.21691856,-0.45931745,1.2813098,-1.4997816,0.50961065,-0.007303638,-0.22909914,1.7357949,0.019330652,-0.4749231,-0.20544639,-0.9392519,0.2422646,-0.22235407,0.47766563,-1.4134065,-1.0885144,1.137484,-0.3139733,-1.3156067,-1.2427104,-0.4411448,-0.791474,-1.3176848
1.0770406,1.012856,0.20042078,0.34580737,-0.20410465,-0.136112,1.2297261,1.2499826,0.0760253,-0.70084673,1.1839135,0.12648866,0.4836267,0.4503628,2.4593549,1.035182,0.72937524,1.9556714,1.5790246,-0.5473511,0.5284944,0.5712237,-0.25071394,-0.6679073,0.3986089,-0.82128316,-2.7720518,-1.3789171,0.25751004,-1.4755698,0.8084342,-0.6605987,0.60843915,0.64080566,-0.95077246,0.5638358,1.1617466,-0.39052004,-0.6364896,0.7997823,0.92540306,-0.5271758,-0.7534405,-0.87822175,-2.0121796,-0.56062365,-0.18526584,-1.9129918,-0.27366227,0.10445728,-1.0091786,0.47541064,0.26173046,-1.1976924,-0.046140958,-0.35202733,-0.8289856,-0.5074602,-0.28109536,0.62604874,0.85967785,0.6391207,-0.5458338,0.19263993,-0.24003078,1.861459,0.6726464,1.2778121,1.4165517,1.2073424,0.6292441,0.5333412,-0.15178493,-0.83760864,0.32349935,0.5064869,-1.026884,0.074314125,0.5681701,0.628638,-0.060046114,0.6315997,-1.3477619,0.84091157,-0.55175,-0.6845827,0.6614567,-0.16406803,-0.09680154,0.71959996,0.092932686,-1.3593351,-1.539216,0.7700276,-0.4607318,-0.01005853,-0.5428802,-0.50857335,-0.15074745,0.626415
0.23805177,1.8101671,1.0894165,1.4087886,1.0474542,0.9742935,1.0825233,1.7614334,1.6573207,-1.0692965,1.1855267,1.4419634,0.56335807,0.7247434,1.813403,1.9209607,1.205958,1.3032943,1.6841229,0.028148802,1.4161581,0.21668594,0.44926882,0.13461067,0.3230346,-0.19193655,-0.7808768,-0.33986053,0.47169024,0.18702601,0.30919364,-0.047120597,0.38291073,0.87797093,-0.73694867,0.554633,-0.11683611,-0.15434706,0.6458956,0.49335268,1.0822704,-0.86577153,-0.45575386,-0.7053882,-1.2466633,-0.873126,1.1688446,-1.3236316,-0.13594824,0.5869132,0.55638164,0.69455844,1.0741177,-1.137759,0.23020166,0.90192306,0.4424075,-0.035462167,-0.6814588,0.8372467,2.295945,0.42417917,-0.22896765,-0.36352462,0.07023653,0.72637546,-0.22364828,0.5941941,0.023298785,0.05199806,-0.13795266,-0.4930657,0.21863846,-0.12647302,0.13994911,0.18533468,-0.68852997,0.4521333,-0.29895633,0.21120118,0.039481048,-0.11223928,-0.8278754,-0.35520923,0.038412437,0.24033841,0.56317294,1.3488286,-0.43029338,-0.5677144,-0.511615,1.074597,-0.35166764,-1.1542996,-0.74296594,-0.3770039,-0.7873743,-1.613354,-0.083078384,0.10231542
0.23252712,1.3573678,-0.1156299,1.9994223,0.18590015,0.14689694,1.7339963,1.7972564,0.6129305,-0.52730924,-0.44548175,-0.73053235,0.4686065,-0.34491584,-0.34992316,0.53077507,-0.65716076,0.6604119,-0.3897544,0.94766396,0.82450825,-0.8062999,0.2918695,0.1255942,-0.8455856,-0.7994919,-0.36447388,-0.13508388,0.3762979,0.032986954,0.9807231,-0.5153717,0.9594627,0.27820742,-0.013454627,1.3575236,0.14903726,0.5097826,1.3615859,0.9098336,1.3629906,-0.24923535,-0.10818658,0.01686404,-1.2393553,-0.16699328,0.7356649,0.14626203,0.028538123,0.90880907,0.77333295,0.10539845,-0.7003865,0.345748,-0.14216918,-0.21592897,0.5455098,-0.5662282,-0.7455184,-0.60321355,-0.2956709,-0.030105032,-1.0812665,-0.449772,0.45150027,0.09442929,0.0034711598,-0.48384342,-0.20896055,0.7285284,-0.37098256,0.15910605,-0.19223356,0.6067988,-0.84369195,0.16209283,0.2100436,-0.22609392,0.36205304,0.31509262,0.27386633,-0.40590626,-1.0865211,0.6193599,0.71996915,0.6675473,0.52945584,0.36773935,0.8713834,-0.24230446,-1.1925111,-0.27539083,0.7892369,-0.8317251,0.38470146,-0.40267372,-0.3987165,0.018008605,-0.3070969,0.39447507
0.53277427,0.68533,-0.23839606,0.18169013,-1.6910049,-0.18069713,2.2104883,1.1158885,-0.02949412,-1.4171071,-0.62143135,-1.763769,-0.09400785,1.3993065,0.28499302,2.2215025,0.2728984,2.0135663,1.6860055,0.081475645,0.24009387,0.9826774,0.39055547,-0.74208134,-0.69283634,-0.7349992,-1.9845035,-1.185518,-0.030814255,-1.0964218,-0.24024159,0.12582314,0.07616686,-0.4358767,-1.1014736,-1.0285643,-0.14145169,0.09549268,0.49317512,0.95074093,0.78272414,-0.22872245,-0.61635864,1.0875467,-1.3383325,-0.072347835,0.44064188,-1.2757776,0.529091,0.9812248,1.0003415,-0.2975373,1.5396119,-1.5219837,-0.5339326,0.26410905,2.1942468,0.072186686,-1.5266883,-0.8568441,-1.8792616,-0.85547453,-0.72686267,-0.5490061,-0.4689122,0.43724748,0.021078682,0.07647735,0.65949917,0.74338764,-0.58120525,-0.31947857,-0.97085905,-0.33919144,-1.6198813,-1.6858976,-0.14222434,-1.353705,-0.020798791,0.39874244,-0.94371146,-1.0158949,-0.9391289,-1.3177339,-2.5054476,0.006372988,0.3411513,-0.8790545,-1.280303,1.1503128,-0.22298369,-0.610602,-0.5755863,0.21253547,-0.3284316,1.9195783,0.6430083,-0.55951625,-0.2674919,1.2067337
-1.1616462,1.1653831,0.37780008,-0.15267439,-0.8927,1.1026218,1.9294534,1.9243524,1.2095771,-0.05283168,0.0029118794,1.1699578,0.8135942,1.9673705,-0.1464397,1.339159,1.024179,1.6013495,0.2946286,0.42391515,-0.19256909,1.1170073,0.93836355,0.38762835,-1.0803585,0.82878727,-0.49672657,1.0564566,1.4660474,0.9596353,1.2400608,-1.1247398,0.92926776,0.8866057,0.6194594,0.9045947,-0.07190271,-1.0059713,0.703103,1.6552968,-0.12197668,1.0732793,0.27630562,-0.93011606,-0.5028847,-1.203063,-0.4402383,-0.24450822,-1.4756831,-0.50593495,0.5971252,1.3494116,0.71735686,-1.7361387,0.57770145,-0.059152026,2.6236005,2.1489148,-0.61368227,1.1456381,0.44283342,0.0003834762,1.3010205,-0.5833229,-0.3694514,0.42902365,1.5713582,-1.0941365,1.0057551,2.3904095,-0.20943062,1.8386042,1.1277696,1.470877,0.8157968,1.0094427,0.46595827,0.5558891,-0.639841,-0.24795836,1.1802517,0.11966708,0.88174134,1.2844344,0.7033916,1.7870494,-0.5302426,0.61749154,1.0698946,0.2757786,-0.7447354,0.7813961,0.9014524,-0.31576347,0.43184787,-0.873016,-0.28727767,-0.31177804,-0.47688285,0.009835676
-0.72970283,1.1324943,-0.107937485,1.5306139,0.82523155,0.82522345,-0.030431716,0.86493635,1.3395184,0.14447814,-1.4545376,-0.9499568,0.11156585,-0.34546122,-0.79476744,-1.3633126,-0.7996198,-0.15471418,-0.06378476,0.7316938,-0.5835504,-0.6565594,-0.14351414,0.7557665,-1.2779988,-0.15893093,-0.92532784,-0.10491067,0.24834874,-0.22602026,0.21251628,-2.7929752,-1.1730388,-0.014041499,-0.80242854,0.90288544,-0.084763154,-1.7476135,-1.3131739,-0.6136949,-1.0062646,-0.45621362,-0.76688546,-2.4131207,-1.1362785,-1.8786178,-1.2395453,-1.1384234,-0.47925946,-1.5318856,-1.4848174,-0.028858528,-0.71988416,0.5451975,0.95927227,-0.050849717,-0.47118354,0.052954495,0.5039327,-1.3071798,0.21081254,0.60923046,0.06293009,-1.0478187,-1.618552,-0.8803704,-0.68557733,-0.10235084,-0.4522497,-0.3037089,-0.0642423,-0.24992451,-0.18760811,-0.89661574,0.08536276,0.41143146,0.62406796,0.60823214,-1.9640797,-1.922217,-0.82107407,-0.78422135,-0.7946457,0.70676285,1.0621519,-1.4489973,-0.82894665,-0.0026155058,1.0452459,-1.8265177,0.25519523,0.1283884,-2.262859,-1.4166006,-1.3317299,-1.5927808,-1.6304772,-0.8531213,-0.6477872,-1.078825
0.12114373,0.8392047,0.8377268,1.692498,1.953154,1.0910101,0.5409675,1.177129,1.1071595,0.86257106,-0.58600426,-0.61939937,-0.5974182,0.6756911,-0.036398523,-0.20333928,0.5478624,0.7923731,0.41650862,1.9603176,0.20663966,-0.27261254,-0.46551776,1.6453489,-0.5244147,0.56283635,1.4409506,1.2069178,0.6884336,-0.25987214,-0.4860135,-1.9892621,-1.2757226,-0.7097102,-0.6703906,1.8297161,0.8125876,-1.0691024,-0.05389957,1.2265788,-0.7735008,0.34009054,-1.1400241,-1.2420717,0.75583404,-1.729025,-0.21783434,-0.11448315,0.35791713,-0.95959115,0.056826234,1.2111154,-0.5338968,0.4736385,1.8052752,-0.2412809,-0.28053275,0.5180181,0.5521107,0.230573,-0.34520614,-0.7046182,-1.1616234,-0.5914004,0.16631992,-2.6796315,0.28025872,-0.5963026,0.016947428,1.0112531,1.2121538,-1.3461143,-0.49652758,0.9351514,0.045509495,0.91914177,2.1559737,0.11527895,-1.4614154,-1.851171,0.2169573,-0.038574092,0.6381504,0.18668896,0.89474016,-0.39890438,1.0142282,0.7086964,1.9833282,-1.0161935,-0.72735995,0.34745982,0.3661892,-0.15135343,0.36709177,-0.8352363,-1.0715449,0.14218688,0.9933291,0.16589303
-0.341845,0.25989214,-1.0479431,0.9021004,0.7142021,-0.40606534,0.30496222,0.01160823,-0.26869613,1.1737405,-0.12694855,-1.1653723,-0.96027756,0.64645725,1.1364928,-0.20203665,-0.17685285,0.20858258,-1.1957662,2.315693,0.34204096,-1.0757421,0.70745003,1.0145135,-1.173781,-1.0886803,-0.12659866,0.19749156,0.51641554,-0.70876646,-1.6937625,-2.874631,-2.004826,0.32915068,-0.6713315,1.6297559,0.050849598,-1.7440113,-1.7085887,0.36509258,-0.6908779,-1.7324551,-1.396116,-1.7572342,0.53525877,-2.225411,-1.3228673,-0.29070693,0.32309416,-1.4490327,-0.50805306,-0.8633132,-1.2042484,0.4601152,-0.32074496,-1.4584919,-1.0703515,-1.4131918,0.77349186,-0.704387,-0.64075667,-1.1374587,0.6309897,0.07666479,-0.65855366,-0.8766966,-0.2833017,-1.0448496,-0.3199756,-0.04974215,1.1654248,-1.1690322,0.30092055,0.24969111,0.34265256,0.40532976,0.664939,0.18746221,-1.1820624,-1.6552522,-0.23599626,-0.53266746,0.7401766,-0.7476312,0.6247141,0.49634627,-0.3589553,0.27012095,1.5243983,-1.4459684,-1.8648354,-1.2473072,-0.16872688,0.8176437,-0.5597669,-1.9428111,-1.9434577,-1.4888083,0.21994111,-0.8260599
1.8498483,0.7878698,0.39804527,0.57781607,0.13941808,0.7635872,0.3995607,0.16902848,0.78007036,2.2620578,-0.0451465,0.72987485,-0.28805938,0.3540272,0.5450894,0.83361495,0.005213222,0.49827722,-0.30274102,1.3180978,0.56464833,-0.17525508,1.3044022,0.638061,0.76857424,-0.50025874,-1.6712544,0.16784774,0.9513739,0.7064237,-0.33126998,-1.9056594,-0.4300004,0.7500007,-0.08628689,0.8360237,-0.75098395,-1.8328444,0.06844083,0.94572574,0.17415597,-1.1194673,-0.18396103,-1.1317333,-0.19514099,-0.7032651,0.54588056,0.96682346,1.3921026,-0.55871147,0.4033426,0.46338856,0.46915054,0.47484773,0.39055306,0.17623864,-0.5152606,-0.48747906,1.8726408,0.4521551,0.05938362,-0.9908888,0.547718,0.43230382,1.3598537,0.99000376,-0.03659847,-0.37404725,0.18564953,-0.021219803,0.3675648,-0.09716889,-0.44575796,-0.9749698,0.130017,0.07671003,0.21012305,0.36913374,0.63070285,-1.2262237,-2.0006852,1.3713248,-0.774343,-0.31616917,-0.15067008,-1.0923152,-0.23801842,-0.66287524,0.7272505,-1.5624456,0.33515596,0.0039824443,0.017288158,0.5185849,-2.0144527,-1.252172,-1.2634429,0.1628444,1.4604568,-0.23793083
-1.4189932,0.48317763,-0.8488607,1.2781543,0.21194683,-0.40478015,0.29790074,0.26527554,-0.88736117,0.7031467,-0.75010234,0.11061234,0.08247552,0.77666456,-0.33187348,-0.10753097,0.799479,0.31920773,0.8311639,-0.15545183,0.0010624903,0.762384,0.17148195,0.581555,0.27516675,0.11136969,-0.90621424,-0.27651334,0.30876577,-0.5184545,-0.59437436,-1.0742712,0.65290874,0.6321002,0.056875538,0.021965887,0.46233258,-1.2880294,0.633387,0.9745785,-0.05495927,0.1601517,0.3796193,-0.74854004,0.078931846,-0.587491,0.70170194,-0.7657351,-0.8692123,-1.22295,-1.4212213,-1.0002584,-0.30125457,-0.6956577,-0.37354532,-0.7902842,-1.1734012,-1.9948303,-0.3420755,-0.35254377,0.4287595,0.13368239,-1.0878242,-0.84547323,0.5805888,-1.1251125,-0.91378623,0.14076059,-0.7491932,-1.196975,0.53389853,0.5759534,-0.13411665,0.59592575,1.0314742,0.14465776,0.32782915,0.9163026,0.47791067,-1.1869407,0.21332355,-1.1934233,0.24715139,-0.18236636,-0.021102635,0.97390765,-0.75906974,-0.1850141,-0.122978814,-1.3358661,-0.7858669,0.49892828,0.77532077,0.25290105,0.70060194,-0.4672781,-0.35282838,0.13688745,-0.89676803,-0.57152176
1.8625473,1.2512461,1.7052671,2.0915573,1.3017668,1.3441677,1.2288386,1.5535692,0.87546635,0.25918567,1.2866355,2.0817032,0.24113263,0.7681644,1.325995,2.447383,2.570184,2.5046253,2.5878627,0.08306764,1.3693191,2.1619651,2.1697772,2.168022,1.2179145,0.3292,-0.8356236,0.68842065,-0.6456667,2.195362,-1.1764456,-0.840949,1.152906,1.2717185,-0.5333824,0.44100592,-1.9306751,-0.36749282,1.2047298,1.8433249,-0.3489342,-0.7100621,-1.59814,-2.0789802,-1.0760556,-2.934699,1.5676199,-0.87192804,1.5455084,-1.3286575,0.30449697,-0.23937608,-0.028298657,-0.5912712,-0.042836346,0.6851392,-1.0758792,-0.078665495,-0.043081604,1.0643377,0.29302126,0.21767369,0.07452698,-0.5922902,-0.88319325,1.0427164,-1.1317431,0.15045683,0.2458524,-0.010129827,0.06947423,-0.1710373,0.7042761,-0.2159488,0.52715594,0.79750603,-0.7471048,0.63009775,0.5811384,-1.5390391,-0.15276043,-1.6119725,0.13843398,-0.05270857,0.32426086,1.5496191,-1.6833271,0.676807,-0.23142673,-1.4871529,-2.835035,-0.87829167,0.4637801,-1.0019923,0.021435695,-0.6062579,-1.1423783,-2.140577,0.9367859,-0.9094971
-0.47209513,0.48951825,0.63803685,0.18592228,-0.81195736,-0.57997143,-0.30403,-0.32186618,-0.49360546,0.35927668,0.8373622,1.3735198,1.0281196,0.65535104,0.1380271,0.15116204,0.53270453,-0.45304194,0.610779,0.7105436,0.6410967,0.28962532,1.8290495,1.9603806,0.1401371,1.1551756,1.3835607,1.9072684,1.8855699,1.8382118,0.09978069,-0.6335263,0.99898684,-0.18869695,1.0906948,-0.21478552,0.45878753,-0.57559526,0.031532876,-0.57481843,-1.1824279,0.77848464,0.09167287,-0.07282048,1.0543694,-0.32559475,-0.018487537,-0.8220132,-0.544142,-1.3516963,-0.053628683,0.8870543,0.20767696,-0.7541345,-0.8999162,-1.1008936,0.63290405,-0.5569948,0.16940725,0.28006646,0.6550814,0.72493213,1.3698741,0.56311935,0.58456695,0.028153421,-0.32297724,0.4695202,-0.5342301,-0.038949203,0.5359211,1.2676517,0.8343329,0.4406203,0.8518494,1.8494437,0.9646126,1.6258099,-0.15714154,0.88253117,1.705605,-1.7896805,2.6192684,1.7881733,1.7170141,1.0985521,0.3938116,0.2989113,-0.25366664,-0.5358037,-0.72066313,0.706194,0.39232913,1.1884565,1.8475623,0.4332508,1.4119176,0.7573785,-0.7499233,-0.17461304
0.7706287,0.5539946,-1.1987363,-1.2303227,-1.7509869,-0.48281285,0.29348826,-0.039197855,-0.8285092,-1.0314183,-0.5699941,0.37576133,-0.13424823,1.0388767,1.0525131,-0.07993791,-0.15008298,-0.06970597,0.24694945,-1.6867456,-0.4707217,0.6640373,0.0020311484,0.33259016,-1.1831584,-0.16709158,-1.6092452,-0.88166845,-1.205196,0.5317599,-0.7164336,-1.9218134,1.9169831,0.86412793,-0.5889264,-1.992501,-2.526416,-2.0505776,0.028087255,-0.133853,-0.09653457,-0.3763287,0.9900996,-2.0405483,-1.9332814,-0.65513873,0.22991817,0.27385354,-1.2025385,-1.6525682,-0.15845183,0.63450754,0.21368997,-2.2977393,-0.58204263,-0.98466873,-0.34844792,-1.301323,-0.4798549,0.24492772,0.25738078,0.31339648,0.6595143,0.12007154,-0.4129159,0.4155237,-0.2825791,-0.27407476,-0.8281277,-1.0188087,-2.0069737,0.88930345,-1.3783467,-0.49204445,-0.7575926,0.5426657,-0.55761683,1.1307951,-2.1852806,-0.056203168,-0.12336782,-1.310264,-0.5638687,-0.057666127,0.29421163,-0.5267897,-1.2427163,-0.24239337,-3.1449766,-0.85772294,-1.662768,0.25610083,-0.16344304,0.5217423,1.1923093,-2.0521598,-0.9219155,-0.6954285,-1.6546946,-2.6493304
-0.31788418,-0.04602816,-0.024723137,0.9557262,1.0903138,1.0181661,-0.35929355,0.6561924,0.43183488,0.2628445,2.3480828,1.9264107,2.1449986,0.98166674,0.4376192,0.8830296,1.9452441,0.9524463,0.56023735,-0.102679946,0.89923155,0.5335433,0.9740365,1.8448764,1.5610999,0.7330347,0.6047698,1.133391,0.45749947,0.579166,0.6481392,-0.14907551,1.1549269,0.77797586,0.73486686,-0.6988272,-1.101441,0.41795337,0.63770986,0.46792346,0.6105425,1.359263,0.5681442,-0.2059538,0.7264988,0.31999564,0.41491735,0.26483533,-0.50709176,-0.48760828,-0.36545917,0.87671584,-0.29223248,0.40403342,1.489561,0.84085923,-0.21199022,1.1784681,-0.03632276,0.8197937,0.70944124,0.38480788,0.22341718,0.09133613,0.30002633,-0.09305089,-0.48672086,0.24509147,-0.11164214,-0.34934568,-0.13327846,-0.3325924,0.24374813,0.8758949,0.5225967,1.2232056,-0.86841214,1.5486114,-1.0848156,0.2333556,0.41179445,-0.9285524,-0.24703848,-0.090607844,0.18759574,1.0640644,0.40104237,1.3033948,-0.25879255,-0.4229519,0.9925138,3.5729716,1.6950634,-0.3313628,0.8579226,0.31911197,-0.16132839,-0.6351149,-0.73659253,-0.46108028
-2.4327822,-0.015656264,-0.34157515,0.65547544,0.74610895,0.24917005,0.072449885,0.7428799,0.071009144,0.4054257,0.17833969,0.5932337,1.257312,-0.19861574,-0.027437847,0.32393825,1.5403492,0.4187283,1.0025688,-0.49261177,0.058506448,0.471867,0.85185564,1.6662139,-0.13525386,0.6447175,-0.515275,0.32684606,-0.88719237,0.13168359,-0.4521998,-0.09915769,0.6435445,-0.24648127,-0.31184554,-0.80175006,0.35066056,0.3156003,1.2683942,1.451597,-0.13562508,0.15340862,-0.3824936,-0.007413768,-1.8913989,-0.24622986,0.33857414,-1.3006386,-0.49316698,-1.131424,-0.103065684,-0.44225317,0.63941866,0.020429343,0.28521279,0.6781803,-0.36901468,-0.013300832,-1.0057647,0.17381573,-0.538849,-0.15982938,-1.4264433,-0.020070208,-0.24470702,-0.6876365,0.76766,0.11076444,1.5120323,0.8617373,0.26447812,0.98295987,0.15659852,0.9968443,0.9005048,0.8511059,-0.8979631,-0.90407294,-0.13467552,0.3968856,0.37069088,0.49037433,-1.5827957,0.23449998,-0.25439364,0.8003124,-0.4253666,0.64513785,-0.09911323,0.26468968,0.017263202,0.84771854,1.8784213,-0.6451504,0.86550474,0.894305,0.5683309,-0.0017514532,-0.033355124,-0.20427564
0.1555655,0.0938259,-1.5535455,0.14513992,1.3342289,-0.40462855,-0.25941285,0.5587104,-0.16564201,0.018602954,-0.8782955,-0.2728888,0.419716,-0.09979786,0.45828214,-0.5955647,0.951513,0.03442535,0.38136807,0.43541864,0.25584802,-0.42107177,0.19866157,0.44970027,0.07809467,-0.55264676,-0.6788821,0.75675446,0.67791724,-1.166094,-0.06889167,0.31698504,0.09606432,0.4724702,-0.5785396,0.27514967,0.81482494,0.4009918,-0.13236254,-0.5117063,0.7022493,-0.24613968,0.4946888,0.7821706,-0.437516,-0.80151,0.36435556,0.37128863,0.70883226,0.2835325,-0.64054316,-0.70516044,-0.34712353,0.6817549,0.32914647,-0.019103792,-1.4151965,0.12450418,0.09236404,0.45244965,0.6173769,0.8584037,-0.77593,-0.42420587,-0.22020608,1.164837,-0.9085066,-0.83459264,0.016054673,-0.95971256,-0.40728328,-0.08462592,-0.049404252,0.69746435,-0.56010723,0.3443247,-0.57976824,-0.6183432,0.41522557,1.4497414,0.95731884,0.21989334,-0.5390707,0.054406635,-0.70106435,0.56155366,0.5862614,-0.31594336,-0.17108591,0.6114844,0.31313318,2.1302044,0.8086705,0.6139267,0.9824568,0.58470875,-0.52775025,-1.1941105,1.3450829,-0.52501345
-0.06888297,-0.43855515,-1.1412252,-0.9364331,-2.0394194,-1.5277948,0.8731343,0.1728094,-0.1020435,-1.3540527,-1.2564505,-0.77995974,0.14638574,0.53849244,-0.57845896,-0.10707948,0.18515962,0.93426305,0.11196494,0.49942476,0.3460132,0.19857907,1.6623389,-0.18241048,0.06543346,0.5067859,0.12896875,0.0468576,0.16513214,-1.0559918,-0.42819834,-0.6932213,-0.24906887,-0.574655,-0.27589965,0.13695134,-0.25962895,-0.920564,-1.3870696,-0.7358987,-0.6291082,0.19914061,-1.2865275,0.18940237,0.51239234,-0.6247362,-0.18405218,-0.18442416,-0.47956812,-0.7572062,1.099242,0.16781926,1.3864588,-1.2198974,-1.1344116,-0.5799353,1.6950892,0.64118785,0.09009196,-0.20105739,0.021258932,0.6076263,1.0734451,-0.2755662,0.032159172,0.37175405,1.981787,0.17631805,0.57853806,2.0567012,0.5002263,1.2379354,1.1534584,1.127242,1.3741182,1.1840942,1.6016505,0.28891,-0.44298908,-1.5610262,1.6187515,0.2607388,-0.12104607,0.60394263,0.5924314,0.6636997,0.68164235,0.011252552,0.7197136,-0.035329416,0.95889705,0.6705356,-0.3327643,0.59342015,0.8207124,0.7403604,-0.22520018,1.6879267,0.46422812,-0.2947009
-0.5952348,0.4899266,0.3424986,0.8620512,-1.2729727,-0.07101376,0.97642446,0.41152912,0.61760235,0.6626976,0.42481604,0.6669008,-0.78943974,-1.5277959,-0.8850467,0.900292,0.69874454,-0.09118661,-0.23264621,-1.1347567,-1.1846408,-0.44692507,1.0530251,-0.21668981,0.24400401,0.5850623,1.1871793,0.6907983,0.060498215,-1.0958639,1.0498365,-0.32109374,0.6486196,-0.47450238,0.7026067,0.025298063,-0.13349846,0.88440794,0.72950834,0.3705589,0.17601879,0.92271256,0.60140157,0.185133,1.201,0.491928,0.15489832,-0.77400756,-0.29409942,-0.43719524,0.55729777,1.8502889,2.924417,0.2617132,0.68723303,0.047280796,1.7839028,1.7848378,0.17722851,-0.0741155,0.5410841,-0.6883696,1.2847244,0.40512773,0.2610298,-0.32445607,2.4516175,0.8718992,1.5505317,2.494639,0.25800422,1.4591205,2.2007322,1.1327306,1.2676163,1.8062501,1.9826297,1.030541,0.47369272,0.116632536,1.671037,1.5656208,1.4639057,1.6852652,1.2866833,1.6236094,0.95782596,1.2953142,1.0246463,0.94680876,0.82730544,1.3063722,0.8817589,1.4498216,1.5046186,0.5260955,1.1277891,0.42221317,0.2678388,0.51164806
-1.9891505,-0.41076142,-0.83962244,0.101735555,0.74002653,0.7815209,0.23216592,0.054573704,0.051627714,-1.1840378,-2.1152277,-1.0003127,-0.82813233,0.8000635,-0.19047172,-1.8196889,-0.2120504,-0.3166758,1.0036925,0.5125985,0.06646627,-1.8267665,-1.2676377,-1.4517608,-1.1214364,-1.2910817,0.012157423,-1.1137512,-0.06899808,-1.0737418,0.79809433,-0.9256438,-1.2390478,0.28272012,-0.44186014,1.6516564,0.16453935,0.69591945,-0.14842042,-0.6753707,1.7701203,1.129125,-0.009778232,0.6903861,0.8276205,0.51986885,0.9999086,0.4363794,0.14916296,0.8765955,-1.1268322,-0.7643489,-0.6970968,-0.47125536,0.8435084,-0.6413815,-0.07223259,-0.4013604,-0.7855167,-0.633202,0.019668527,-0.7803026,0.12929985,0.008558752,0.3074364,0.099866726,-0.46074533,0.66142344,-0.14936693,0.19280127,-0.7104084,-1.0609924,0.211404,-0.4222091,-0.7790685,-0.3329048,-0.019066166,-0.4119248,-1.4752332,-1.363067,-0.013938838,-1.8327692,0.08153391,-1.2013947,0.027539544,0.42874676,0.07121947,-0.9230501,0.5341612,0.6068728,-1.1510471,0.65131855,0.06822452,-0.34527642,0.17898853,0.6617584,0.3311944,-1.7757181,-0.39643186,0.74315375
-0.5433543,-0.32260832,-0.6013439,-0.92866445,-1.2614741,-1.2121646,0.4228582,-0.18812814,-0.8747735,0.12317175,-0.14896953,-0.33707708,-0.72109365,0.64663744,0.18384372,-0.30192524,0.16675422,0.25592682,0.33373955,0.7738715,0.3659036,-1.3186948,-1.2226301,-0.18136474,-0.9129989,-0.81573945,0.721999,-0.4229647,0.9588734,-0.8304484,0.6900685,0.4215798,-1.5291724,-0.21251257,0.23112895,0.2978832,0.9954024,0.37286973,0.13051958,-0.044200357,1.1846745,0.66082764,0.42015412,1.315311,0.6224784,0.93839973,1.0012527,0.20047255,-0.3008974,1.28326,-1.2855589,-0.5388692,-1.2175226,-3.1459737,-1.9329442,-1.7253463,-1.1540729,-2.1445003,0.0962107,0.4065774,-0.20422028,-0.277649,0.31850576,0.04516507,-0.27601746,-1.1850164,-0.17408808,-0.013458401,-0.40315744,0.4678869,-0.02852222,-0.4448209,0.2028985,-0.14546897,0.03183415,0.10673537,0.6902849,-0.19248042,0.35620156,-0.0015722383,1.0196234,-0.7364751,0.27425548,-0.45390412,0.21961075,-0.5820281,0.86832595,0.55485064,0.32971585,0.9348196,-0.74386734,-0.08075146,0.096161105,0.8222409,0.13737445,1.2579103,0.6574559,-0.08100816,0.17514557,1.3515325
-1.5791115,0.85486513,-0.50001943,0.2058599,-0.33727476,0.07753689,-0.2553515,0.25741383,0.008344014,-0.5770036,-0.38671032,-1.5903469,-0.5130663,1.0936835,0.4687177,-0.82900745,0.16894346,0.017670259,-1.4927679,1.4807676,-0.32308972,-1.2073861,-0.6913917,0.43432578,-1.0803642,-1.6729211,-0.09876575,-0.7247686,0.23679705,-1.5586003,1.1215966,-1.9694571,-0.8507228,0.45800292,-0.5899278,0.48609644,0.8641841,-0.7101686,-0.91456205,-0.94898087,0.17924318,0.0598711,-0.32498232,-0.22048093,-0.19193727,-0.82830036,-0.9085854,0.32716095,-0.63460416,0.53804773,-1.1328238,0.45969352,-0.86480314,-1.0480148,-0.662293,-0.16838275,-1.6255108,-1.0687041,0.5386349,-0.11208394,0.7295603,-0.043838758,0.12290765,-0.6760008,0.8379893,0.6751108,-0.07367021,0.4340719,0.82903177,0.6937871,0.85298294,-0.096437834,0.20637506,0.5359835,0.6797803,0.8489428,1.6812369,-0.3458564,-1.7380604,-0.63378084,0.7414145,1.1205118,-0.14752136,0.020522341,-0.03591689,-0.7464182,0.90727514,0.92156386,1.2919475,0.27260178,-1.3453188,0.2077458,-0.6745065,0.40829924,0.8478432,0.32050827,-0.31329367,0.3968012,0.7438277,1.2254761
-1.2563537,0.49568996,-0.36544082,0.40310085,-0.23780733,0.051883265,0.6361003,-0.10351217,-1.1106207,-0.6221231,-0.8923935,0.038095877,-0.65834224,-0.12760752,0.3032109,-0.47794867,1.0214245,0.11290027,0.46453878,-0.38526717,-0.18205293,-1.03631,-0.4772727,0.8469,-1.0052488,-0.071888015,-0.65224016,0.16157451,0.772597,-1.0105218,-0.43796352,-1.354484,0.6366217,-0.07581457,-0.480906,-0.16527891,-0.030200109,0.337822,-0.52682346,0.5567916,0.34479365,0.1392021,0.54963976,-0.031955644,-0.6591494,-0.31280363,-0.20694186,-1.9503511,-1.8767732,-0.073982015,-0.9855807,-0.37682256,-1.0755227,-1.2958229,-0.79879826,-1.5568515,-1.7208271,-2.5104954,-0.07700793,0.23983097,1.7391238,0.46700627,1.1240058,0.2598106,-0.35162276,-1.024852,0.76979864,0.5796093,0.77044237,0.018379662,1.0950782,1.5257268,0.8877585,1.1488127,1.9763556,2.6043403,1.5203435,1.2221239,-1.7399948,0.6232573,2.4686792,-0.87095463,1.8210372,1.5673267,1.3439914,2.5950654,0.10636059,1.5199674,1.0102862,0.4936295,-2.0779736,-0.09470846,1.2255298,-0.45312226,2.320556,0.0063270302,0.7330368,-0.77821296,-1.5666353,0.5357546
-0.9604599,-0.023441143,0.26371205,0.27468783,0.4824382,0.48908624,-1.1884248,-0.441016,-0.5956402,0.25317004,-0.03777147,0.78207916,0.67053777,-1.0901735,-1.3762954,-0.7243318,1.6826212,-0.11602196,-0.14525235,-0.86139244,-1.9685704,0.47263905,-1.0109152,1.3917187,-0.15702063,0.25681788,0.24586454,1.0736108,-0.5909458,-1.0995811,-0.96531093,-1.0407954,-1.1199676,0.38937676,0.14090002,0.045268986,-0.51449454,-0.20613293,-1.3315145,-0.04528615,-0.94490874,0.6645009,0.0794201,0.3511868,-0.052071687,-0.84126043,-2.250622,-1.7330356,-0.32204807,-0.6629796,0.7901577,1.1346979,0.61096853,0.7053526,0.23628266,-0.72025955,-0.93510115,0.20305267,0.6760025,1.6566887,2.4810576,1.7819992,2.0223062,-0.051420476,1.6084294,0.17454486,1.7095416,1.4703434,1.6984164,0.43712363,0.10385272,1.8158197,0.8386366,0.8559349,2.5991209,2.847444,1.6579602,1.3077121,-1.06496,0.50812614,1.9057333,-0.7065598,2.2748535,2.4834044,1.7927063,0.48044264,-0.96258295,2.3620927,-0.02902714,-0.58695084,-1.436076,-0.394571,0.70287436,0.4997011,2.688856,0.9138675,1.8372009,-1.1551414,0.19619535,-0.33766833
-0.79861754,0.052553546,-0.9072816,-0.6121455,0.050731838,0.352406,-0.6284356,0.17327796,0.1489059,1.9079046,0.62402713,-0.007107256,0.74426866,-1.4324507,-0.8862671,-1.3239443,-0.23773366,-0.705158,-1.0226138,0.010991255,-1.0979636,-0.28017747,-0.87225384,0.24265702,0.17400643,0.30224225,-0.4525293,0.44825822,0.47931284,-1.6510464,-0.5655222,0.11183981,0.037742477,-0.28493595,0.0425063,-0.14294793,0.24222076,-0.63209426,-1.2982215,-0.95451844,-1.2616062,0.19330153,-0.1565392,0.08210179,0.558817,-0.10190983,-0.39710054,-1.2302198,0.30826715,-0.38004336,0.24845028,-0.05860828,-0.30822054,-0.146532,0.27571747,0.3357516,-0.43246013,0.4108303,2.339912,1.3616627,0.5767337,1.597664,-0.2140468,-0.29583582,-0.43365523,-0.5905869,0.6694662,0.31305867,0.16134849,-0.74374247,-1.5866265,0.43861675,-0.65360415,0.6705606,0.9955436,1.8137648,1.3817683,-0.045246698,-2.265977,-1.0503197,1.1911719,0.008759845,0.3501432,1.3528179,0.40036452,0.5631868,0.1774657,0.70872957,-1.0844321,0.049788017,-2.118168,0.64515674,-0.29691598,-0.08081361,1.4595467,-0.35085762,0.11659486,0.34196508,-0.8533726,-1.3818567
-1.2563785,-0.24297619,-0.18359089,0.045825582,0.16650368,0.53887546,-0.09434931,0.13030866,0.01533123,0.95963836,-0.5945755,0.535535,1.52826,0.5175198,0.7066252,0.03735038,0.39238992,0.4589653,0.2752593,-0.41842434,0.40917417,0.8783101,1.0078188,0.17765555,-0.45435655,-0.83130574,-0.60882044,-0.26378575,-1.2870399,-0.19173448,0.6577605,-0.26142836,-0.44810486,-0.39531213,-0.5831329,-0.84554493,1.096943,0.14105563,-0.041191995,-0.161093,-0.1974372,0.67903244,1.0920174,0.61520064,-1.7530586,0.86290973,-0.49990755,-0.33987397,-0.16675445,-0.09607645,-0.46414456,0.62558955,-0.87072897,-0.6558944,0.7843768,0.9683719,-1.286377,-0.37123218,0.9587009,0.44981644,1.2630169,1.2271707,0.20438272,0.45165733,0.018115481,1.7498515,-0.378234,0.50608003,0.28871676,-0.75678086,-0.25957686,0.055788983,-0.90341794,-0.88328975,0.26650143,0.05728654,-0.5433839,-0.3017731,-2.019195,-0.008683094,-0.6330057,0.062275313,0.7124008,1.266532,-0.5756457,0.48181596,0.5635263,-0.74688065,-1.912216,0.07749946,-1.1986679,-0.8287771,-0.5459471,0.21926618,-0.1662154,-0.21963456,0.5804587,-0.83292276,-0.91181403,-0.1396846
-0.98202926,0.5143363,0.5638287,0.05485181,0.17269093,0.11360137,0.5930284,0.110146895,-0.4166658,0.12446675,2.0590365,1.4763545,0.9522449,1.7269497,1.2704029,1.4353154,1.777816,1.3086426,1.7741938,0.32238856,1.1113766,0.40822294,0.4500442,1.0648001,-0.044546746,0.6072469,-0.25041622,-0.19164208,-0.15943171,0.32975373,-0.47929883,-0.17487933,0.45581257,0.28021866,-0.4500615,-0.09277232,-0.13485786,1.2830043,0.29486987,0.85369974,0.9561961,1.7101992,0.36038604,0.9763512,-1.1086394,1.0287654,0.5979554,0.2982296,-0.2020224,1.4132538,-0.45416164,-0.23346016,1.3854303,-0.68872696,0.09475083,0.64965117,-0.24811172,-1.0198122,-0.023471085,0.9199724,0.81646514,0.86138654,0.7553611,-0.28859767,0.15786046,-0.8675474,0.99187386,1.8440713,0.90748906,0.3846183,0.9088014,1.0744959,0.039826035,1.0823371,2.2270932,0.3927105,-0.07280358,0.5898172,-0.8917441,1.2380873,-0.081492975,-0.48062772,1.1132941,-0.6445543,-0.5130703,0.27370268,1.0801134,0.03973605,-0.0072381566,1.7334492,0.26197243,0.23683973,1.3259051,0.093088135,1.6182177,1.0642726,2.8285487,0.31978053,0.11866701,1.1198887
-0.49407023,0.5229317,0.3247941,-0.0084155025,0.19728203,0.23549022,0.77955985,0.24076083,-0.1627677,0.20624667,-0.69500655,0.076810315,1.1137401,0.7072323,0.44972798,-0.031627163,-0.022195097,0.9157839,1.5389222,1.200908,1.1929432,-0.29479155,0.95020187,1.3614897,-1.5259327,0.15026274,-0.23636608,1.1259512,1.910472,-0.5142574,-0.22176757,-0.7570095,0.6885483,0.40476134,-0.16534024,-0.23815587,0.63623494,-0.7362066,-1.5028852,-0.017000569,-0.10048034,-1.0599799,-0.36273324,1.1646762,0.13213407,1.0573488,-1.5880295,0.34693837,0.17111066,0.3542648,-0.8667083,0.51318604,-0.5037378,-0.5719538,0.46684706,0.35087597,-0.6534563,-0.44743216,0.80830646,0.7828602,1.4475349,1.3909258,0.7100601,-0.80182135,1.2261422,-1.101291,0.2919775,1.669668,0.7121872,-0.31928435,0.74305755,0.30846375,0.59090686,0.5987817,1.1393864,0.9360458,0.17532775,0.7754622,-1.1213973,1.24998,1.0626366,-0.115108594,2.0856955,0.5830816,0.9282319,0.016142353,0.3866895,1.2108773,-0.44884968,-0.012032152,0.7698726,-0.4885059,0.88344425,0.42051214,1.1109426,0.48702943,0.74050087,-0.27933723,-0.110525995,-0.079725616
0.19659387,0.35324973,0.12592664,0.22341752,-0.21187624,1.0518093,0.4238208,0.26730216,-0.09018474,-0.73640716,0.08416972,1.1255606,1.4189068,1.070518,0.30586892,1.6954994,2.7407491,1.8428555,2.0505018,1.3207054,0.28134435,2.0042775,1.817396,1.2581193,1.1719722,2.3575087,0.25877985,2.4595141,0.30074832,1.3291749,-0.29264852,1.5538807,-1.0192167,0.45997104,-0.07163595,-1.6663132,-0.26694533,-0.4871292,-0.7471802,0.9285995,0.067343116,0.39462745,-0.075508706,-0.98516923,0.6601625,0.7589463,-0.8458017,0.38731885,-0.095932506,-0.38471845,1.0940084,1.0102509,1.3438752,-0.07830309,0.62177694,1.080886,0.05920933,-1.0066072,-0.9924127,-0.14762034,2.5951104,2.7653763,1.1450008,0.03245155,0.6048296,-0.032675404,1.2081641,2.8827064,1.8695984,1.1431656,0.4686486,1.2632232,1.4146607,0.6687043,1.3496742,1.2709494,1.5176414,1.7048442,-1.6912403,2.0505435,0.42626378,0.030117963,1.244657,-0.89696103,0.4756494,0.22608536,-0.8009902,1.888831,-1.1963156,-0.23498483,0.121676974,0.0632992,0.5504074,-0.2728121,0.82252634,-0.9931858,-0.009681113,0.6455159,0.01975821,-0.5010956
-0.113168076,-0.9137995,-0.7539396,-0.7361056,-1.5844643,-0.41343108,-0.7682683,-1.011736,-1.7644998,-0.616016,1.3234112,1.9554725,4.6446805,0.6017259,0.82791,0.18754911,1.3896402,0.8058895,2.2109704,0.040441412,2.0182695,1.6158571,2.4016047,0.8873597,1.5412,3.3063507,1.9835724,2.0130875,1.4040563,2.0348938,-0.5832996,2.037832,0.86039734,0.7782793,1.0338262,-1.0604923,-0.9388715,0.72648364,-0.06145852,0.3313509,0.13383085,0.60361314,-0.116279654,-0.20575847,0.77911454,0.27234802,-0.23010391,0.67891663,-0.039912388,-0.053961728,0.9507671,-0.7972138,0.91234803,-0.56954014,-0.7831759,-0.050260074,-1.0141206,-1.5332171,-0.48756367,1.8710319,2.6072884,4.519038,1.5098562,-0.49286422,1.2005141,0.64525235,1.1302795,1.3836424,1.4279373,0.71160865,1.4160148,1.1259315,2.4161227,1.0590671,1.8443962,1.3394852,0.9887903,2.9884589,-1.1966403,2.182633,-1.3196363,1.0443419,0.61208874,-1.1264857,0.9039936,-0.027711876,-1.0614773,2.2577984,-0.9488747,-0.027831133,-0.98550075,-0.3112747,1.7520747,-0.34206316,1.2104404,-0.9928519,0.85029995,0.21462566,0.5600155,-0.7647411
-1.0562018,1.2087193,-0.5394321,1.0075183,0.4125632,-0.4773009,0.1858722,0.39451107,-0.5379856,0.97575116,2.0623655,1.5738326,2.405713,-0.37534618,-0.0011971225,1.1752007,1.2983656,0.32233053,-0.39822105,2.0656044,0.116551675,-0.053051036,0.014250622,0.9852714,0.94242096,-0.0700638,-0.47069216,0.7663602,1.0270362,-1.0176332,0.36763695,-0.38924268,0.9687567,0.25556475,-0.4634452,-0.5705663,-1.2758129,-0.8063331,-0.574878,0.48483557,-0.5176609,0.3897237,0.011223247,-0.5662887,-0.47114372,-1.2716293,-0.34457666,-0.15520485,0.15830247,-0.8563422,1.0974741,1.9330928,1.6033376,-0.44436324,-0.27220517,0.5263382,0.54534274,-1.3481014,2.4370763,2.404622,2.7083354,3.3764155,1.995448,-0.875174,0.82708126,-0.37849018,1.4695494,-0.13525309,0.88787425,0.8289303,0.910914,0.58721626,0.47042152,1.5662073,2.1019998,1.6389734,2.035559,0.05244623,0.88102466,0.028517947,0.26959723,-0.10958961,-0.3707915,-0.5030133,0.09941146,0.70279044,-0.21707588,0.7310663,-0.54787886,0.43647322,0.2964233,0.91177547,0.87945276,2.3081107,0.079359956,0.26435152,-0.87736285,-0.1604944,1.4468821,-0.610908
2.456269,1.1847831,-0.7137329,-0.08801862,-0.6613762,-0.94775045,0.7256181,0.3808626,-0.9581692,-0.25339237,1.3622988,-0.024899544,-0.59532815,0.024412276,1.6156657,0.9617344,-0.04817194,1.0595127,-0.17077038,0.3466244,0.57704073,0.17157863,-0.20781928,1.1417797,0.12900051,0.14963639,-1.2445529,0.43813288,0.319459,-0.91441464,0.39805683,0.17168012,0.8798621,0.10565196,-1.308793,0.3555883,0.27835047,0.8971514,1.4861312,1.8139021,1.2289517,0.67771494,0.7101306,-0.12815136,-1.8251665,-0.4134747,2.492966,0.17295665,0.29382607,0.7716337,1.7929645,1.9494015,1.1591823,-0.4981509,-0.44721597,-0.08766273,0.926523,-0.09925185,0.27515948,1.4614412,0.6560878,-0.90854883,-0.8474695,-0.42332545,-0.12514687,1.0792577,1.1438503,-0.4164373,0.76451206,1.4255524,0.02788622,1.0548878,-0.07704863,1.3248426,0.47867826,0.6937702,0.99970496,0.03530197,-0.19139636,0.9568494,0.96029705,1.4481915,-1.637585,0.0027090875,-0.062877975,0.16006444,2.363476,0.5658927,0.7857566,0.5563787,0.25181538,2.0554466,1.0155333,1.5993755,1.0005531,-0.43840787,-0.07548743,0.43337625,1.6193377,0.85205984
-0.06842045,0.85193455,0.05861403,0.83399063,0.15431862,-0.17047377,-0.16034266,0.30286378,-0.061458956,-0.88937676,-0.9917731,-0.8179973,-1.0301968,0.2069215,-0.39396048,1.0728625,1.0124505,1.1658077,0.64355326,-1.1316711,0.25266916,1.3126336,0.24511756,-1.0969505,-0.14694567,-1.1931853,-1.1799241,-1.100403,-1.6977341,-0.6322612,0.8725057,-0.7716525,1.6263686,1.7508757,0.13770011,0.3034872,1.7528558,-0.74225813,0.84803325,-0.3431265,0.12326843,-0.22825724,0.4934096,-0.9154449,-0.9103746,-0.43581975,1.0910323,-0.04723946,-0.05712199,-0.13586535,0.67617357,0.106734596,0.8735349,-0.9341687,0.0010612337,-0.2506671,-0.7314965,-0.18957776,-0.34278157,-0.41066214,-1.2573043,-0.5566297,-0.4445708,-0.9128358,-0.18266752,-1.9687986,0.2859647,0.5102147,2.1473663,0.64467704,-0.91418374,0.9874669,-0.2460148,-0.114482716,0.22228144,0.3375936,0.009732512,-1.2702234,0.6390431,-1.1648258,0.788615,1.5216901,-0.7628232,1.4448066,-0.98820615,0.45482722,1.6437736,-0.18567826,0.705723,-1.6995177,0.7163065,0.013664719,-0.829944,0.008635167,-0.725483,-1.5528347,-1.4962204,1.2236369,0.99900925,-0.4188602
-0.4626103,0.13667025,0.37115237,0.009927752,0.8365682,1.0652051,-0.39265195,-0.23991884,0.22459994,-0.25702634,-0.2510125,0.39304933,0.9847895,0.7424559,0.30675808,-0.045907076,0.058118854,-0.41062543,0.4406568,-0.050258145,-0.38213634,0.7351451,0.1832471,-0.52121246,0.7642373,0.39407268,0.81047964,0.62626106,0.23178282,0.19750957,1.2881925,0.13311893,0.23129041,0.6069348,1.5702579,2.2017233,1.2392839,0.6461782,0.8546946,-0.1542954,-0.18995266,1.4614925,1.6382636,0.37069854,2.342216,0.7229165,0.911509,0.720222,0.005066922,0.1841837,0.91393095,2.2506416,1.758268,1.7684729,2.3759515,0.7310453,0.9163653,1.2358913,-0.25977093,0.57066274,0.33960623,0.5241348,-0.6706961,0.31941,-0.83790195,1.2375667,0.26806465,1.0373329,-0.28451478,0.5160122,0.043973017,-0.1639024,-0.023061175,0.89392895,-0.10067837,0.2862164,0.24416251,-0.6306204,-0.8805563,0.3957909,0.6585048,0.07022696,-0.03704762,0.7376874,0.8333764,0.40953773,2.052218,-0.5926178,1.1229341,-0.28465107,0.8860662,0.70476645,-0.41910174,1.6512263,0.0556569,0.54820347,-0.88848245,0.5139324,1.0400914,0.7681438
-0.85545206,-1.4878318,-0.56207305,-1.7872112,-0.06374628,-0.61272264,-2.4500923,-2.0726428,-0.62477565,-1.2877226,0.4308052,2.2039163,-0.66788006,0.49241087,-1.2863166,-1.1716526,1.7955804,-1.7779397,0.94861966,-1.4536253,-0.5547045,1.6489741,-0.21881306,-0.7340928,0.007234193,1.5443643,1.9164191,1.774365,-1.7997676,1.3889685,2.664801,0.28874543,0.91706145,1.0539509,2.2361205,1.6070552,2.6790566,-0.36180943,0.6201692,-1.8845788,-0.79630536,1.0594622,2.0001564,-0.59812623,1.7778202,0.5312937,1.2678235,1.0362691,-0.40622655,-0.38746244,0.6976764,-0.24042131,0.5722582,1.1847953,0.12686045,0.39959922,-1.0360397,0.7469959,-0.53413916,2.3976421,1.5500875,-0.48999304,-0.38970512,5.0225906,3.044598,1.481927,-0.58319193,4.184242,-0.79270667,-1.887896,-0.57637376,-0.73494583,-0.4005617,-1.2256124,-0.13050455,0.79385597,-0.4953741,-0.27766585,0.1336708,-0.53324544,-0.090744145,1.1648445,-1.0660554,-0.5081021,-1.0047513,-0.44269478,0.75819325,-1.1222425,-0.4430467,-0.5557847,0.65809405,0.68036467,-0.4278817,1.5698053,-1.0853671,-1.8596618,-1.561163,-2.155564,-0.17968439,-0.95535165
0.76746047,-0.8717342,-0.7978715,-0.83227926,-0.4613045,0.35720006,-1.5139893,-1.0440502,-0.49917305,-0.68149304,1.7864317,-0.036003683,-0.69542724,1.0921603,-0.83662874,-0.67961425,2.0447016,-1.7073817,2.2393944,-0.35702714,-0.6981712,0.24947205,0.07218159,-0.17297585,1.4129609,0.97074276,0.21463907,0.7349477,1.0035839,0.1272921,0.51746154,0.08955914,0.06501181,-0.4001113,0.2975262,0.4901777,1.2850024,-0.25840506,0.77854264,-1.158312,-0.51577675,1.0333751,0.5169486,-0.17209685,0.09068126,0.35408926,-0.8332807,0.2557739,0.955605,-0.192435,0.77754796,0.87815773,0.40307587,0.23994325,0.5067871,0.31089154,-0.00043116242,-0.22458017,1.2020663,2.8117535,1.2000285,0.04903708,-0.6466856,5.9642553,3.9859989,0.58308697,0.21892281,4.3187647,0.030379415,-0.1078315,1.7150034,0.1359804,0.72500116,-0.28028333,0.3188805,1.0222192,0.34893548,-0.65204245,0.8882359,0.5266297,-0.5033641,2.110912,-1.0722657,-1.322289,-0.94938153,0.33531794,2.169664,-0.7782258,0.35390186,-0.11843036,0.39535677,-0.3188401,0.5272908,1.7090826,-0.4094083,-0.6247122,-0.74258614,-0.46549952,1.51237,1.0642884
0.53472954,1.5385299,1.7194396,1.0637183,1.2140377,1.677485,1.0350267,1.5820931,1.8235946,0.97519726,1.2893281,0.6366051,1.0632659,0.33606476,1.1006782,1.2292994,1.7345742,1.0081663,1.0040022,0.35432732,0.9404856,0.41610783,0.58421826,2.3605442,1.3809094,0.05941203,-0.3193456,0.19089904,0.26857758,-0.094774954,-0.41548762,-1.486989,1.3395816,0.25487784,-0.5562105,-0.16339342,-0.9968738,-1.2805599,0.20534852,0.899579,-0.118818015,-1.0329267,-1.0439402,-1.731528,-0.5886544,-1.6975093,-0.04906103,-1.5245594,0.3041462,-0.86831105,1.7730198,1.0568932,1.3702147,-0.007984092,1.4305475,1.4373926,0.9333172,1.8641267,0.28512156,1.1241993,0.38060588,0.32890138,0.31881842,0.2216234,0.9083028,0.63243395,1.1970962,0.6059618,0.96049637,1.1440496,1.6795156,-0.108049124,0.61467177,0.3890566,1.1533214,0.8300507,0.9306452,0.24795264,-0.40821326,-1.1005241,0.3190601,-0.66847014,-0.581511,-0.22229931,-0.33499247,0.25199032,0.46045727,-0.19619401,0.25093442,-1.2987878,-0.8302122,-0.053738832,-1.0890594,0.78684634,-0.04742497,-1.4100038,-0.32349074,-0.7540667,0.8727809,-0.86501783
0.93882525,0.6166228,-0.24594404,-0.35627267,-0.029231109,0.036130525,-0.081055075,0.21715884,-0.35132056,-0.38126528,-0.42410284,0.08104427,0.6035556,1.407638,0.49064094,-0.11845911,-1.7944287,0.76370025,-0.15157607,-0.5902009,0.800609,-0.1591598,0.15223125,-1.1363502,-0.9115823,0.5363013,-0.5628834,1.0742489,-0.20641169,0.78072286,0.55244106,0.19646432,0.61798644,1.043265,0.44530034,1.2335289,1.2044833,-0.644849,2.3852675,-0.6371866,-0.005975308,1.4026392,0.8593046,-1.068977,0.6227356,-0.44387117,0.52841836,-0.108111724,0.24755713,-0.09314887,0.9947204,1.5533813,-0.17813696,-0.12327085,0.41876784,0.86562216,0.102452844,0.95083666,0.64071566,0.42407355,0.1945809,1.098489,0.15980232,-1.3537128,0.86554873,-0.09212341,-1.14961,-1.3724699,-0.8148986,-0.25365388,-1.0946711,-0.8232689,-0.8993362,0.007217331,-1.5779552,-1.0292863,-0.9740246,-1.2164071,1.1198866,-0.13954063,-0.74241245,1.478832,-0.6408967,0.24963747,-1.4742236,-0.71678644,0.2671751,0.45788214,0.678095,-0.95798695,-0.41210535,-0.17429525,-0.12016767,1.643322,-0.59387875,-0.358497,-1.3336049,-1.1092411,0.7164392,0.27692893
0.1823884,-1.1907893,-1.0610198,-1.2097754,-0.37580135,-0.108122304,-1.528729,-1.2130439,-0.10529235,-0.16458046,-0.86049974,-0.65054804,0.6483912,-0.7039569,-1.0645583,-1.669783,-1.3060738,-2.2178094,-2.9989011,0.5582908,-1.5169499,-0.49622405,-1.8043675,-1.1810931,-0.68351835,-0.5743887,0.193279,-0.435877,-0.68302846,-0.4974698,0.5693164,0.13535686,-0.042811427,-0.7423375,0.6563679,1.5307264,1.5514882,0.2516607,-0.16141765,-1.5451496,-0.15772195,0.3026896,1.1025954,0.5881968,1.2923483,0.9470326,0.62391096,1.4156059,0.83995277,0.9874797,1.1116158,-0.67249405,-1.0534413,0.16845758,0.14143033,-0.23981233,-0.65998477,0.7702439,-0.036143433,-0.30396363,-0.06662641,0.6707523,-0.92024505,-0.60424453,-0.14463589,-1.7535236,-0.061160132,-1.3900594,-0.8776872,-0.8422173,-0.6903815,-0.9638385,-0.60202837,0.29423144,-0.4338037,-1.2818724,-0.8061118,-1.2796657,-0.44951108,0.04571814,0.62066627,1.3279316,-0.42712027,-0.20138082,-0.93066174,-1.2817069,0.8822002,-1.5990419,0.36346507,0.84353787,0.44630653,-0.61347806,0.2637334,-0.3113246,-0.7109083,-0.084688045,-0.55967337,0.663218,0.63245136,0.46823314
-1.9981972,-1.2655613,-1.958925,-1.4535453,-0.5401048,-0.7470258,-2.110033,-1.321634,-0.8550809,-0.54239666,-0.38530633,-0.8195851,0.6551559,1.7442933,-0.25698027,-1.6908636,-1.2853929,-1.7807429,-1.5969623,-0.6857706,-2.1852443,0.789274,-0.27944404,0.122986585,-0.20258512,0.2687189,-0.21640721,0.35595098,-0.8197603,-0.147452,0.56658405,0.27831408,-0.03722328,0.90504074,0.49466896,0.4211693,0.3231329,-2.1850631,-0.6888935,-1.9174837,-1.0424335,0.21260923,0.970809,-0.483272,0.8186456,-0.22455905,-0.60005385,0.77422017,-0.38827795,-1.1333923,0.5201615,-0.17050599,-0.34269428,-0.20644411,0.6699128,-0.48392618,-0.66388655,0.50492364,-0.32654536,-1.3877876,-1.0782641,-0.0045167236,-0.03989449,-0.4837667,-0.9673362,-0.008699987,-0.10983674,-1.6540762,0.51025605,-0.38768288,-0.8371368,-0.25615,-0.20819482,-0.7441867,-1.192047,-0.3274446,-0.8581365,-0.71307224,-0.14331913,-0.24870682,-1.1630027,0.034446847,-0.8314663,-0.11097405,-1.1184142,-1.1241302,0.22830439,-0.7382507,0.07894515,-1.4265579,0.7784405,-0.8060722,-1.3767818,0.65129125,-0.63847685,-1.106139,-2.2063618,-0.7054276,-0.56400865,-1.9199684
1.114454,0.43690935,-0.112345956,1.173852,0.95562404,-0.19430706,0.6972887,0.83293635,0.13644768,-0.56062037,1.4114997,-0.05686108,2.3180537,0.30798844,0.37572634,1.0046988,0.06009607,1.7547308,1.2390251,0.08005993,0.874227,0.80218375,1.1045681,0.5869453,0.22821406,0.64718914,-1.5070382,-0.24697113,0.66131717,0.5108648,-1.164805,-0.2194719,0.11336511,-0.26948145,-1.7806275,-0.7465773,-0.86677295,-0.7442416,0.35244653,1.0442556,-0.69272035,0.0060847527,-0.7904165,-1.6489469,-2.5125163,-1.3352448,0.03800509,-1.301562,0.34957945,-1.5671082,-0.14545716,0.6441581,1.1146959,-0.27641845,0.6493256,-0.48112464,0.83760005,-0.8427997,-0.028061517,1.4631559,0.22450909,1.4173698,-0.6633342,-1.1459055,-0.30328032,-0.63892907,0.03563922,0.23398073,0.4876637,0.42477015,0.2004383,0.35592502,-0.5228045,0.21436214,-0.1413258,-0.078034766,-0.5099,-0.052392494,-0.1525354,0.52564937,-0.47649544,-0.81566375,-1.623968,-0.6109456,-0.462889,-0.43739372,-0.25393137,0.5893142,0.16635425,0.005830731,0.24276282,2.1344523,0.41442636,-0.86180204,-0.24513976,-0.058076706,-0.60466653,-0.4384731,0.5729496,-0.33054987
-1.067009,1.3893131,0.027000334,1.0122496,1.4698198,-0.10804383,0.3878348,1.0790915,1.1942602,0.24396902,2.2204838,0.56112564,2.419502,0.72313046,1.0622073,-0.17167708,-0.85246015,-0.012140198,-0.7775799,1.2589244,2.058837,-1.0947009,-0.18579271,0.43875292,0.56732875,0.90721685,-0.080073066,0.8549203,1.0558285,0.115079686,-0.7041852,1.456978,-1.2039942,-1.918955,-0.29132923,-0.3324951,0.27874944,1.725259,1.4089633,0.8923001,0.50496775,1.5782466,-0.09999076,1.0455561,-1.6372519,-0.08917461,0.48764503,-1.7690519,-0.57090425,0.5882198,-0.2572428,1.2322265,0.43122226,1.1499977,0.5303217,1.0418459,0.9873104,0.29885128,1.50659,1.246384,1.002448,0.9226726,-0.5994314,-0.21316488,-0.32584953,-0.086324,-0.20767461,0.46044165,-1.545954,-0.053874504,1.2158346,-0.46991554,-0.6453952,0.7807155,-0.13932174,0.16862664,0.14769396,-0.61226535,-1.0041745,0.5735285,0.88623214,-2.1520522,-0.3424266,-0.36044306,1.2115844,-1.6654751,0.47776315,1.612417,-0.28927425,1.4747602,-0.462972,1.3766079,1.7145506,-0.7910629,0.7111287,1.770018,0.5415541,-0.85707176,0.5975023,0.23620912
1.5726116,0.9708994,1.5639144,0.37454596,-0.14183296,0.511175,-0.23523673,0.5542208,1.1613597,0.025533482,0.29736358,-0.6686922,0.33516827,-0.10477665,0.23436579,-0.18654127,-2.0317252,-1.1412624,-0.80721325,0.47651374,-0.8324719,-0.8256591,-1.8623772,0.7235666,0.11884913,0.53185487,0.10180869,1.1556917,0.23576032,-0.5285147,-0.087146595,1.2384431,1.5419307,-1.506541,-1.1321945,-1.0719537,-0.30102134,0.57490546,0.11557932,-0.7738671,-0.5840571,0.69504356,0.037981097,0.89828223,-1.0969667,0.7107877,-0.73349255,-0.013984748,-0.50989693,0.493795,0.15483753,1.405678,-0.8440697,0.5418183,0.56938905,0.2278461,0.39872974,0.77808315,0.03133084,0.4173567,-0.30613327,0.5466349,-0.79094225,0.557265,-0.17168003,-0.6430582,-0.75572795,-0.96481043,-1.2264521,-0.31617033,-0.5126743,-0.4775623,-1.5159024,0.08994793,-1.416615,0.92692363,-0.5291349,0.09277333,0.62857795,1.9729413,0.2724571,0.058235206,-1.1771808,-0.06608236,0.15324563,-0.49081558,0.30118725,0.8057662,-1.0160067,1.6047289,0.7039113,1.8205844,0.91182137,0.9951572,1.492171,1.129207,1.4017571,0.33769247,-0.62850076,1.1827002
-0.021603031,0.9581806,1.3291434,1.1886829,0.53022414,-0.19701934,1.1792983,0.9898956,1.1665455,-0.9803237,0.14942785,-0.37467748,0.5256549,-0.7101562,0.7133878,0.7526827,-1.236472,-0.9871699,-0.7526069,-0.33373973,-0.07358367,-1.1808937,-0.6759149,-0.058793608,-0.89702576,-0.59768045,-0.59463686,-0.9843308,-0.21711758,0.34288448,1.0217346,0.5956165,0.81891906,-1.1226318,-1.1703357,-0.5998969,-0.6907156,1.1607406,0.9757267,0.13667326,1.1826317,-0.053946644,-0.28528586,1.1215155,-1.2151034,0.2139848,1.0154474,-0.57376975,-0.5143311,1.1557319,-1.4878737,0.67805254,-0.8676842,-0.6860129,-0.2630861,0.97855574,0.79407954,-0.16804521,-0.8619474,-0.3246067,0.2722698,0.8865567,-0.6690983,-0.93480474,-1.1010302,-0.43158957,-1.0969156,-0.5533625,-1.1065048,-1.0753613,-0.20350912,-0.45277646,-1.2415892,-0.4185251,-0.9309595,-0.52565825,-1.4840405,0.4121142,-0.5530972,0.81351346,0.43868253,-0.8114139,-2.1539912,-0.9099461,-0.6158784,-0.49395496,0.37020054,-0.42511642,-0.9041385,1.6808909,-0.3212785,0.22695851,-0.07298245,-1.1617635,-0.19929886,1.1311855,1.2816277,-0.27742487,-1.4806335,0.9112742
-2.010471,1.2891381,1.1937292,1.1419475,-0.049513593,0.07158933,1.8356124,1.9198906,0.89279044,-1.3000525,-1.094273,-0.80497026,0.2118452,1.1548997,1.2136089,0.015609569,-0.7330018,0.017805625,0.62149346,-0.20728686,-0.050125327,-1.0413121,-0.8877729,1.5526886,-0.98127794,0.22377548,-0.85578346,-0.23548825,0.66640216,0.78383285,0.3689247,-1.5307696,1.4646292,-0.6288161,-1.4370987,-1.5615126,-0.59969294,0.19392002,1.9393145,1.4853168,1.7501173,0.60436356,0.2782039,-1.0026435,-1.67082,-0.12309972,1.541806,0.14646581,0.25503024,-0.5716371,0.23197268,-0.60703397,-0.47286543,-0.6050576,-1.2518203,0.21590495,-0.56046015,0.2761417,-0.24619125,0.47830775,0.118640065,0.34936497,-0.84974676,-0.27645773,0.34328827,1.0252578,-0.8638502,-1.2570516,-0.6843921,-0.9246538,-0.9993629,-0.946622,-1.4434643,-0.66103536,-0.64407027,0.33949652,-0.34307292,0.14857398,0.17291845,0.47821173,0.79286855,0.5515099,-0.122355774,-0.19905423,-0.10745611,0.9826398,-0.8519792,-1.1895372,-1.1923884,0.09881325,0.46331754,-0.44335735,0.10691287,-0.105106324,0.5334995,-1.4072315,-1.4026583,-0.39680895,0.12570633,-1.4775324
0.28403956,0.59156424,-0.5262354,1.3396498,0.6443839,0.8156765,1.0374273,1.4702315,0.11294157,-1.3811655,-0.38422647,-0.9412306,1.3882893,0.481475,0.74528104,0.41244423,-1.303291,0.8254511,-0.9629951,1.4453087,0.2843437,1.4970125,0.14098562,0.5637601,-1.481489,0.6420917,-1.20055,-0.50530815,-0.6081045,1.0647157,0.08785113,1.0406367,1.9917803,1.6375191,0.8552093,0.67830133,0.9165757,1.3362477,3.1275804,2.1288269,1.8955492,0.6998506,1.1622372,-0.6463169,-1.1435261,0.43336257,1.8539985,1.6503183,0.5695536,0.22380285,-0.26526633,-1.1181747,-1.3267702,-0.63828737,0.22612548,0.33774057,0.002856806,-0.49105075,-0.9238659,-0.9254933,-1.0297835,-0.5529074,-0.8951879,-0.050172463,-1.5554181,-0.4097142,-0.1663157,-0.631246,-0.42036226,-0.14100103,0.15099587,0.36311913,0.43818596,-1.030532,-1.2681897,-0.4752296,-1.5094129,-0.05631212,-0.4183921,-0.21383078,-0.6534267,0.3333807,-0.81514204,-0.5874986,0.05516472,-0.059929404,-0.48214057,0.44765016,-0.85780716,-0.42654133,0.23090035,0.18394144,0.22334316,-1.5978415,-0.47336572,-1.0072511,-1.450544,-0.2645801,0.4181409,-0.5468811
-0.5033535,-0.06380659,-0.24585256,0.688384,0.47974566,1.3289652,-0.455501,0.37549645,0.6005258,-1.3317978,-0.25731212,-1.5509038,0.10414587,-0.7397726,1.7550168,0.1521882,-1.5572696,-0.42087662,-0.46474406,-0.4909885,0.124718815,1.8520377,-0.6147741,-1.1807967,-0.4697054,0.5258649,-0.6159306,-0.37072295,-1.2927638,0.2576477,2.795316,1.9391853,0.9956773,1.2035513,2.3315918,0.36732045,0.40651393,2.1744568,3.14233,0.78517777,1.5913662,1.6392591,2.316948,-0.050873592,-0.27216363,1.2367456,2.6056328,0.03321047,-0.43583047,1.7873728,-0.9210296,-1.0191356,-1.225363,0.12656552,0.7520997,1.7129732,-0.54187566,1.0202359,-0.59037673,0.17935535,-1.1488515,0.83376664,0.09716202,0.6218223,-0.51798266,1.6000782,-1.2367595,-0.2396776,-0.24122627,-0.5353235,-1.5496824,-0.117429666,-1.2336624,-0.39826378,-2.1570988,-0.7322076,-2.1096869,-0.6557547,1.401416,0.6567302,-0.39452907,0.85821885,-1.034976,-0.15940303,-0.5573532,-1.2814587,0.10727125,-0.5124335,0.13646792,0.62082464,0.4944951,0.8583938,0.16040133,0.50991285,-0.4001568,-0.4499956,0.07581616,-0.757146,-0.53537256,0.48783547
1.4941078,1.794358,1.0571667,1.4557648,0.8536045,1.0953772,1.7920116,1.8572122,1.0277992,0.2190449,1.188685,1.3042954,2.7732458,1.184304,1.6345395,1.2757676,-0.62566346,0.77974254,0.7946303,0.24611856,1.5486846,1.2143024,0.26778293,-0.39326346,-0.07141793,0.23535444,-1.3977946,-0.49171755,0.6536678,1.1173253,0.22396919,0.064159565,1.2656853,1.1728257,0.65813184,-1.0446986,0.13462725,-0.97514635,1.4008262,0.3382976,0.693499,-0.20892085,0.36666194,-1.9998381,-1.1451455,-0.43955147,0.80343676,0.41080797,1.6626294,0.09822659,1.3903683,0.24277376,-1.0827127,-0.9726713,0.996035,0.7247638,0.07549343,0.31493786,0.95587116,1.2001823,0.10935978,1.8974053,-0.5014589,-0.09243029,0.04116192,-0.24945171,-1.1128781,-1.0007902,-0.75171214,-0.55913705,-1.497781,-0.34464535,-0.9993611,-1.1254827,-0.3138878,-0.38957572,-1.4061868,0.04148872,-0.6701435,-1.3338776,-1.8581289,0.35537893,-1.1939521,0.17413191,-0.5536024,-0.3706509,0.295633,-0.97759,-1.3451734,-1.025492,0.11814721,0.30739486,-2.0859888,-0.38621816,-1.7377126,-2.1060941,-2.046964,-0.48207223,1.0487581,-0.17443314
1.146673,2.0286846,0.5587747,0.093605295,-0.6667947,1.1568495,1.8517481,1.554531,-0.10819373,0.90475017,0.9283445,0.22348085,1.3858502,2.0409837,-0.11817711,0.65483797,0.42459127,1.0833212,-0.12353669,1.3939257,0.69123125,-0.02738988,0.9729552,1.392205,-0.7049959,0.5690202,-0.55441374,1.322082,2.253964,0.7003497,0.98806196,-0.9897202,0.41771603,0.15929572,-0.59553397,-0.087850176,-0.5050682,-0.25409293,0.22688071,0.9881569,0.428967,-0.3899803,-0.50518733,-0.92344487,-1.5383267,-1.147168,-0.24927896,1.4089811,0.61608464,-0.088988476,0.9137487,0.7842326,-0.3323536,-1.210935,0.01883463,0.22096743,0.09620499,0.3574442,0.4543322,1.9956887,2.1295671,0.57153773,0.021479253,0.3077485,1.3697246,-0.69900066,0.6615283,0.15612867,-0.46179453,0.3827424,-0.31392705,1.5079798,-0.40613022,1.480691,1.6114061,1.9916649,1.1816577,1.4154747,-0.1986386,1.040195,0.5699314,-0.5475551,1.3858113,0.88989836,0.91211385,0.8356772,1.6638662,1.2922304,-0.32600853,0.3226706,-0.38836524,-0.33687901,0.08632596,1.7745831,0.92671573,-0.13749003,0.858866,-0.015316942,0.7574721,0.043629494
-0.8792522,0.388226,-0.5120684,-0.4516053,-0.63195115,-0.4337885,0.24994424,-0.20954588,-1.4498161,1.868865,-0.65875685,0.9441788,0.6225918,-0.17230348,1.2081641,0.046026558,0.67601156,0.5175746,-0.11213224,1.2973536,-0.4135591,0.60325426,1.4173397,1.3682643,-0.8401905,-0.29986772,0.12314104,-0.34307715,1.553425,-0.62808,0.29420537,-1.3837998,-0.051893767,0.52820784,0.7813084,0.93476796,-0.6472756,-1.083102,-0.5174602,1.347416,-0.90154475,-0.8271326,-0.74781376,-1.3229538,-0.07230774,-1.4126965,0.6491068,1.2605166,1.2066948,-0.4235875,0.57282865,0.13398792,0.8961474,-0.9658709,0.11044294,-1.0338886,-1.4052665,-0.94429535,1.3652279,0.64552474,1.5775512,-0.18441632,1.1355323,0.6318552,1.2456633,0.040318847,1.8787569,0.4711608,1.3129126,1.1359924,0.67816496,1.7726464,0.86460555,2.9605393,2.1825616,1.6387323,1.8016173,1.110013,-1.713205,-0.36071184,1.2478822,0.92106193,2.1733027,2.1763227,0.8978557,2.642006,0.3428134,1.1665355,1.6372628,-1.6746839,-1.7932804,-0.2681792,-0.630833,2.6836276,1.029929,-1.090383,-0.39130694,1.3161664,1.6374112,0.5102345
-0.772946,0.79227567,-0.2737723,0.59844935,-0.44061375,0.82366836,0.7394919,0.5255396,-0.0453449,0.5064712,0.4049898,0.10699896,0.21740687,-0.1139922,-0.6498838,0.9228083,1.1576521,-0.25204235,-0.28885105,-0.24962027,0.43179533,-0.097589925,-0.777624,1.0017081,-0.33726102,0.41231713,0.7909328,1.0871664,0.7687557,0.66479635,-1.6567472,-0.14423259,0.45243064,-0.06442463,0.0077366154,-0.25748658,0.040440556,-0.3924706,0.615567,1.8613933,0.055537384,0.44280553,-0.71822095,-1.7771543,0.4513815,-0.3814623,0.06635521,-0.1422177,-0.124081664,-0.2520578,-0.9897356,0.039943215,0.054114256,-0.58475333,-0.5682406,0.6326731,-0.005705463,-0.40171006,1.0748343,0.16044237,1.4366055,0.59295756,-1.1463923,-0.8754189,-0.09850718,-1.5338451,0.58945745,0.44001657,0.040472317,-1.0328299,-0.012955476,0.7907352,-0.022188567,1.6035609,1.5076156,0.862879,1.3146638,0.279739,-0.9647125,-0.6609598,1.6730274,0.22733049,1.4410279,0.78361946,1.7928286,0.83555704,0.16364226,0.5070173,0.62796605,-1.0780079,0.5928947,0.7142193,-0.29015133,0.2908661,1.2219841,-0.5257974,-0.2872674,-0.20291552,0.14877878,-0.14739753
-1.4253218,0.55854315,1.1566232,0.65149075,0.389974,1.3194923,0.21174371,0.79903746,1.3751159,0.0834608,-0.20938677,0.08838764,0.6064233,0.16768101,0.16949609,1.0179731,1.661004,1.0017552,1.5091327,-0.705598,0.59452707,0.77967054,-0.10551159,0.76164585,-0.26292497,-0.19723527,-0.38707834,-0.42041275,-0.20489094,-0.41416767,-0.34993565,-0.22145084,-0.34383586,0.6856269,-0.40125033,1.1796764,0.22406252,0.90592176,1.1082578,1.1291784,0.3440904,0.81919825,-0.096751414,0.20280005,-0.63086474,0.17401132,-0.31075355,-1.0519758,0.4689294,0.92116344,-1.1918083,-0.6003036,-0.39279944,0.71738106,1.2272036,1.2207986,0.25845838,0.60001487,-1.1755482,0.5365017,-0.20328374,-0.53600395,-1.4327136,-0.07603706,-0.22959824,0.62528324,-0.05854212,1.1515372,0.72198796,0.19028626,0.30067214,-0.1620961,-0.9263977,0.9112268,0.17892352,0.67528874,-0.5062291,-1.0819823,0.49555805,-0.47367987,0.43018764,0.76625174,0.325349,0.23328498,-0.8683722,0.271694,0.8837892,0.25843644,1.0369657,0.9170413,0.6216559,-0.122102045,1.1047008,0.08917111,0.49383804,1.6208535,0.3665519,-0.60648775,0.64135474,1.0542418
-0.22680844,1.157807,0.39945105,0.37770405,0.47239098,0.1094802,0.453197,1.0112123,0.26509547,-0.43029186,-0.12664297,0.36748365,2.0456421,0.78589183,0.06338683,0.08696028,-0.74315095,0.6514041,0.53556997,1.4140028,0.666998,0.19050702,-1.5318556,1.4164666,-1.592454,-0.34308854,-0.21794295,0.72161376,0.36746004,0.24438334,-0.66792107,0.55848545,0.28595766,0.89041305,-0.25860655,0.85698485,1.0674653,0.7498829,0.9995982,-0.25129747,1.5063462,0.41456306,0.28093404,1.1610235,-0.48962507,1.001792,-0.17319918,-0.88589495,-0.07197127,1.3995943,-0.8251284,0.53325236,-0.18582524,-0.90654945,-0.6848532,0.19753514,-0.5485155,0.28111866,-0.3402165,0.88947713,1.1534132,0.6633953,1.4511833,-0.7402902,-0.7683195,-0.15693547,-0.6124366,0.26243153,-0.47950608,-0.27653092,-0.560229,-0.30963346,-0.2740667,-0.5808906,0.46039727,0.450617,-0.20774075,1.1189365,-1.678612,0.98931104,-0.06516506,-1.7609731,0.29812258,0.29496995,1.0096352,0.18395996,0.8101004,1.6698972,-0.60930413,0.6352108,-0.5457115,-0.6240455,0.6003508,-0.75423694,0.31895655,1.3695605,0.77704066,-0.88021225,-0.1839949,0.75661975
0.1986515,1.9653157,0.47899902,1.8525037,1.0811663,1.2809551,1.3615941,1.8885444,1.5151427,0.069716476,-0.28946587,0.1363533,0.8628845,0.73688525,1.8515925,0.43241265,0.46401504,1.1679362,0.3637203,1.6175092,1.1130071,-1.3880823,0.021692876,1.7234068,-0.3434936,0.60737425,-0.28527153,-0.25151354,0.6926121,1.0199293,0.17516674,-0.3656352,0.6238371,0.9268861,0.12748232,0.087506294,1.3369888,1.6964828,2.9856765,2.144928,2.8390877,1.6499784,1.529891,1.0222697,0.07705548,1.3520393,2.2898674,0.12370641,0.052908882,2.5307827,-1.9358367,0.26436847,-0.5091813,-0.34619433,0.31845647,0.9194535,-0.66869813,-0.3399702,-0.3111035,0.4471395,0.5068128,0.8695223,0.30348182,-0.24742149,0.40548438,1.1809168,-1.0500977,0.20644486,-0.91590667,0.20090489,0.0071920496,-0.32103905,-0.5704817,-0.9065286,0.103486046,0.07884107,0.05550504,0.28060886,-0.5958028,-0.25952137,-0.9876019,-1.5380212,-0.043015838,-1.2669953,0.062050827,-1.3039882,-0.10900921,-0.32557955,0.22909512,1.1060346,-1.2354296,1.459733,0.87601566,-0.32010573,0.26045498,0.7174059,0.43799147,-1.5982378,-0.7884418,1.2423242
0.65791994,0.81916916,0.6008163,0.6950467,1.4709009,0.35103408,1.1383071,1.1469195,0.056081843,-0.3455473,1.604028,-0.16684906,0.3389919,0.79431856,1.2730954,0.022522863,-0.6905264,0.44060507,-0.19673285,0.4003253,0.65115756,-0.25160155,-0.36993614,-0.3050541,-0.39626154,-0.27008054,0.111793384,0.027085995,0.5169301,0.7507305,1.3046725,0.4899294,0.73862755,-0.11541592,0.64607114,-0.31085622,0.46233028,1.496674,1.3054515,0.042189464,1.7804321,0.41606486,1.3360181,0.9159855,0.3164567,1.2569606,0.17778583,0.4179798,0.65595394,1.5602806,-0.13864867,0.37854958,-0.3918201,-0.6217665,0.2790503,1.5600547,-0.6345238,0.22960632,0.38169545,0.9540943,-0.1673047,1.4326885,-0.19969027,0.36992145,0.42842782,-0.057718165,-0.5347833,-0.4125623,-0.02918608,0.26328322,-1.509755,-0.5651083,-0.5225632,-1.4134344,-1.0440065,-0.5267573,-0.9155029,-0.2170392,-0.2930242,-0.049762182,-0.20877914,0.9098438,-0.7777888,-0.47783133,-0.37985966,-1.4374543,0.50194454,-0.44084156,-0.19808872,1.4046041,0.28881976,0.035850096,-1.3460972,-1.7197986,-2.1031334,0.5501508,-0.24491604,0.071425036,0.11816305,1.1269779
0.88837624,1.7843692,-0.73828715,0.30565688,0.04552244,0.23867284,0.81607336,0.34252626,-0.4464754,-0.043155234,0.9342123,-0.49151868,1.3807765,1.7688231,1.3644353,0.8625911,-0.572201,0.24647938,0.5273773,1.1577667,0.77743864,1.3532531,0.13940059,0.3739897,-0.5874146,0.19556396,0.5717083,0.18019682,-0.27064744,0.5588037,1.3860589,1.884786,1.4547307,1.8201603,1.60947,1.2635533,1.5314566,1.3330854,0.9822268,-0.057181746,2.090708,0.6566644,2.0183067,1.8284439,1.4404168,1.9596176,1.7168013,2.3159692,1.6822532,2.3548632,0.8480321,-0.029318256,-0.92448515,-0.83428437,0.42334315,0.10808533,-1.0901124,-0.801012,0.17625484,-0.10592328,0.92705065,1.0976119,0.7768794,-0.13508035,0.078802325,1.7659851,-0.013619613,-0.40827754,0.25697237,-0.46764702,-0.31170073,-0.20075622,-0.41846627,0.14988527,-0.29972038,0.00253871,0.7711274,-0.0778903,-0.85612446,2.0357988,-0.049954217,2.0973496,0.2905203,0.47393793,0.59402704,0.14126937,1.8663865,0.73502415,-0.0309028,1.189413,-0.14261194,0.1948666,0.6959603,0.2576072,0.40661532,0.8327792,1.2302026,0.8760422,0.88425523,1.1850575
-0.19643407,0.8896435,0.16453645,0.23983893,0.124945596,0.8113341,0.5566034,0.9926049,0.09373536,-0.82369345,-0.8101581,-0.95594543,-0.1997737,0.84990263,0.51632273,-0.08441047,0.033257067,0.06703341,0.476584,-0.12678316,0.46505776,-0.78651315,-0.49671927,-0.08883227,-1.1331625,-0.5011854,-0.662536,-1.4887688,0.8347391,-0.5535585,0.9669405,-0.027168533,1.487428,0.06836033,-0.54996616,-0.74117965,-0.53073144,0.6049668,0.462707,0.06086334,1.4488807,0.5196182,-0.19959168,1.1373464,-0.13319626,-0.14276275,-0.005798478,-0.3539068,0.44368106,0.7695831,-0.27759916,-0.10279319,-1.3130419,-1.4490788,0.0473604,0.57644325,-0.28427345,-0.2961645,-0.60742813,-0.087684646,-0.52451545,-0.83303666,-1.3711728,-1.2487911,-1.3793257,-0.8639877,-1.2438223,-0.85287154,-1.0263591,-1.1883276,-1.4285878,-0.33829987,-1.3656251,0.9777784,-0.5260221,0.2189694,0.10381378,-0.27132705,-0.5703057,1.2611061,0.6300904,0.9172432,-0.7077774,-0.6454262,-0.34391332,-0.62374145,-0.48462844,-0.3965706,-1.1302941,0.80217534,-1.5511426,0.9892212,1.3181322,-0.13766392,1.2847308,0.9808888,0.3836959,-0.30028114,-0.01676731,0.82444566
-0.9635688,0.023563212,-0.10621311,-0.06701461,-0.086219296,1.2287519,0.63852954,0.93410164,0.46247998,0.9730479,0.32654354,-0.20894837,0.35128945,-0.16445544,-0.20435026,-0.15021741,-0.02213079,0.18381378,-0.4526018,0.37146682,0.47193512,-0.5185289,0.075363345,0.9667324,-1.083545,-0.11943313,-0.48582983,-0.34547442,1.8669115,-1.668131,-0.030749878,-0.833573,0.077534355,1.5154775,0.672614,0.72144705,1.191774,-0.3889044,-0.16351084,-0.32002768,0.7584852,0.13864793,0.24482872,-0.94429225,0.29705805,-0.5003467,-0.65291876,0.9487069,-0.13855489,0.34229937,-0.4806658,-0.0976017,-1.0200111,-1.6572268,-0.6327797,1.4227564,-0.48005873,-0.0072643,0.8849404,0.7984394,0.033569418,0.19694272,0.17687382,-1.1219352,-0.8680469,-0.29407674,-1.1327846,-0.71526456,-0.32403845,-0.26489443,-0.18194704,0.29771483,-0.27922484,0.9482809,1.0576631,1.100064,1.5914266,0.10828498,-0.9540308,0.19488049,1.3685547,-1.1596226,0.8803177,1.391451,0.6635722,0.058313895,1.0244089,0.40185383,0.31196684,-0.94770026,0.23773262,1.4455552,0.18774855,0.76019996,0.84555405,-0.5762971,-0.5626087,-1.6324971,-0.48659322,-0.13835362
1.4816399,0.19519818,-0.26766813,-0.5214328,-1.2430081,0.21543705,-0.50529987,-0.29482824,0.108704805,1.9725635,0.52219427,1.3179032,0.54071534,-0.34784767,-0.022239003,-0.4315644,0.27496406,-0.56504726,-0.27208054,-0.5613166,-0.19004554,0.5929246,0.7538072,0.17172658,0.23471463,-0.2572166,-0.24048992,0.12587976,1.2869925,-0.93705326,1.9887578,0.8611504,1.055132,2.2855985,1.4808363,0.69426674,1.2784134,-0.9471469,-0.88671386,-1.7094855,-0.5473697,-1.6689996,0.36692014,-0.61809087,0.7397899,-0.45495883,-1.2263604,0.9483498,-0.41015825,-0.3604347,-0.29923818,0.27948317,-0.1769121,-0.79904705,0.96779996,0.84874725,-1.1556947,0.047909293,2.4406233,-0.2936728,-0.6158714,0.8286116,0.61365616,0.036514662,0.6611593,0.38895494,-0.44028807,-0.013347639,1.2491843,-0.33018237,-0.84049267,1.393135,0.5119139,0.5549867,0.3240504,1.2391722,1.21718,1.9596273,0.42865756,-0.4992391,0.8456257,0.61506206,-0.5538154,1.578948,-0.029358262,-0.3284187,1.1340011,1.0027087,-0.20921098,-1.2382184,1.2494363,0.7145853,-0.68850505,1.2563683,-0.50656265,-0.7845537,-0.78123724,-0.049948376,-0.21519814,-0.41231933
-1.4438803,-0.7897458,-1.3721008,-0.03602647,-0.004621161,-0.6511002,-0.7733929,-1.1390892,-1.6862377,2.019668,0.69329214,0.28514755,-0.08159896,-0.4098988,-0.2988762,-0.8354874,0.72263217,-0.6508287,-0.11314784,-0.21474014,-0.7356371,2.1760588,1.0751618,0.4004911,0.781911,0.74460316,0.08149121,1.3654699,-0.5372929,-0.7348452,1.1515164,-1.1123811,1.7199512,1.988581,2.2915077,-0.38416797,1.9667825,-1.1595374,-0.65871453,-0.16958664,-0.38694856,-0.26599306,1.8840007,-0.54978603,0.14533487,0.47498456,-0.8448205,0.75770134,0.049061704,-0.21387134,0.034510437,-0.37411258,-0.37411484,-0.8673004,-0.21766362,-0.13988067,-1.3466911,-0.9004382,2.1929977,0.47683078,-0.025161564,0.7069738,0.6452067,0.7969153,0.53923136,-0.1420743,-0.32607597,0.44305086,0.95465237,-1.2737429,-1.2478738,1.263823,-0.21047558,0.23458065,1.4627488,1.6955715,0.35927042,0.7016806,-0.6112416,-0.6410376,0.76192653,1.5336597,-0.48093745,1.8692658,0.5075964,0.025353674,1.2122917,0.72815144,-0.6649489,-0.55957603,1.9320378,-0.109417886,-0.5763644,0.29904792,-0.7268454,-1.2090275,-0.77922535,-0.026457857,-0.1585009,-0.30069894
-0.9433818,-0.44733834,-0.5882874,0.35558987,-0.15836933,0.31564388,-0.034956794,-0.03049935,-1.1928391,0.051391248,-0.019064665,1.7417616,0.2161963,-0.28217745,-0.3295063,0.90772325,1.9785358,0.44568864,0.81210667,-1.3462034,0.010905943,0.9027383,-0.024231581,0.21853375,-0.21193656,1.0361958,-0.28760156,0.54112923,-0.10858964,-1.320157,-1.6199228,-1.8280439,1.1939526,0.6401054,0.48705974,-0.1851359,0.6265874,-0.099421,-0.61996305,0.34291685,-0.5518552,0.7584651,-0.02875355,0.08965704,-1.279082,-0.015028077,0.017389521,-0.82135195,-1.1545198,-0.58369344,0.045572817,-0.037897706,0.014705507,-0.58710206,0.3959998,1.0389216,-1.0270053,0.11366817,0.39060768,1.1790903,1.7293221,0.7108314,0.28936967,-0.034455836,-0.17736237,-0.68175334,0.2246792,1.2748628,0.719442,-0.465024,-0.5733301,1.0301384,-0.37207118,0.66806453,1.9436506,1.9069601,0.1693279,0.62088263,-1.3565233,-0.012543649,0.8696786,-0.50639343,1.0408534,0.6879887,-0.586107,-0.046214573,0.6617987,0.4613443,-0.36439335,0.77528036,-0.2551085,0.7342119,1.1006392,0.4460969,1.7505553,-0.076636314,1.1211197,-1.0707345,-1.4112704,-0.43096143
-0.14780895,1.379942,1.0702943,1.4574198,0.41711617,2.1059399,0.9516556,1.3642077,1.3831148,-0.21453618,0.47097272,1.0800877,0.21071757,1.5358943,1.6700798,-0.62184054,0.9544189,1.5880694,1.4798677,0.7426561,1.1174223,-0.17042264,0.53273344,-0.34238362,-1.312429,-0.18551838,-0.991694,-0.9240733,1.51681,-0.6068654,-0.15399416,-1.1320689,0.053194087,0.190832,-0.86030805,-0.37535274,1.1127015,-0.09425774,-1.264702,-0.9892504,0.5861605,0.38096845,-0.5947097,0.8570493,-1.1962118,-0.06036997,-0.2562106,-0.9814324,0.628256,0.69021714,0.53498673,0.17617016,0.6180778,-0.16643399,0.45439258,1.8257544,-0.76360893,0.032316536,1.3089856,2.0780492,1.9126157,0.650217,1.8965949,0.3590677,1.2998323,1.6483499,0.6712508,2.1199727,0.28730437,-0.34670818,0.13298734,1.8739874,0.67521876,0.6478557,1.2020348,1.3401953,0.5243631,0.8439626,-0.084560044,1.1142802,0.7565696,0.034880646,0.8021813,0.3810159,-0.07141291,0.61780924,1.1255631,1.0891947,-0.6537563,0.72025806,-0.6097969,1.1096399,0.7377465,1.0171791,1.4241872,1.2805964,1.634988,-0.22274694,0.6357621,0.6338936
-1.012491,-1.3531517,-1.9700656,-2.136695,-1.7270147,-0.8997039,-1.8242463,-1.7385154,-1.9158963,-1.2813531,-0.3403122,-0.37930354,-1.3380799,-0.11191441,-0.48952258,-1.4339298,1.0641817,-1.1843039,-0.60415775,-1.7177032,-0.8171786,0.2898148,-0.12794796,-0.5028811,-1.178767,0.53640574,-0.20809622,-0.55860436,-1.9869311,-1.1074011,0.85283697,-0.5119624,0.03904759,-0.75426424,-0.24385372,-0.19966823,0.07272226,0.59506935,-0.6557737,-0.7154925,-0.23052178,0.44337943,0.2501167,1.4710264,-0.56218576,1.8105619,-0.12659644,0.82650983,-1.1754509,1.6973188,-0.82014936,-1.2826556,-0.34583873,-1.4582486,0.014698248,-0.4023292,-1.6196637,-1.8868552,0.15860407,0.432307,1.2201983,-0.68357176,0.52997154,0.22730626,0.98383236,-0.307485,0.5251248,0.8332928,0.8788659,-0.25633729,-0.11739407,2.3862553,0.62289697,1.0449691,1.3649482,0.5468427,-0.410273,0.26169276,-0.17139383,0.27516213,0.24121816,0.1591053,0.5751483,0.13534813,0.13509068,0.8089219,0.12127284,0.72093695,-0.4061233,1.6153822,1.0540991,-0.03395907,0.5505321,1.1236632,1.0141814,1.6317246,1.939453,0.09683546,-0.50115883,1.5743294
-0.24227315,-1.0962363,-1.205172,-1.709745,-1.9335638,-0.8779045,-0.907961,-1.0255833,-1.2257589,0.4405959,0.6926805,-0.09322553,1.1802913,0.17477411,-0.10130382,0.2058067,0.18103239,-0.92335725,-0.36639977,-1.1228762,-0.33342013,0.4251013,0.31058687,-0.12855124,-0.36847487,0.318674,-0.2444328,-0.24440916,-0.05396265,-1.0517843,1.5941879,-0.41796756,1.0381898,-0.0027110006,0.93580395,-0.97622126,1.0605226,0.7365309,0.5218081,-0.8008749,0.572616,1.0706444,1.6226003,0.97174865,0.85459036,2.061282,0.24860714,1.779037,-0.9264487,1.1305423,0.57063085,0.041860186,0.97138715,-1.6629004,-0.8059063,-0.41408864,-3.4948498e-05,-0.55474,0.2587946,-0.14932664,0.055576902,0.33604625,-0.1733805,0.45510697,0.60370463,1.0800229,0.11106043,0.25881344,0.7917359,0.22440338,-1.5607065,0.7229863,0.29020357,-0.023888366,0.30791926,-0.22029044,-0.08717707,-1.1875432,-1.634268,1.0907979,-0.6640623,1.4369671,-0.26319325,-0.3172628,-1.6948931,-1.0346067,1.2435455,-0.8420728,-1.3389283,0.66875225,1.6732216,0.26311174,-0.29290044,0.37344465,0.015889255,0.3658233,-0.1712775,0.7252285,0.035667103,-0.20827655
-1.1670913,-0.7354935,-0.7841471,-0.5733309,-1.0886143,-0.9119437,-0.94080514,-0.30616903,0.20305146,-1.601035,-0.8089278,-0.80215925,-0.59132576,0.5719059,-0.20362192,-0.3521076,1.0187161,-0.31077123,-1.1602641,-0.76405585,-0.3631849,0.3283046,-0.36106634,0.6759261,-1.33699,-1.0413513,-1.906243,-2.2508628,-0.07969535,-0.55672824,1.5456047,-0.5860507,0.9977244,0.67480046,-0.18221702,-0.8412609,-1.0384231,0.40840304,1.0138409,0.012938478,0.7314203,0.7657384,1.9052005,-0.5016594,-1.4491808,0.77245474,0.87850094,0.9855574,-0.2371113,0.28463382,-0.44349095,-0.14131041,0.31917807,-1.2889454,-0.7615647,-0.48234352,-0.36580777,0.36477944,-0.9020316,1.8444064,0.89462566,0.5474975,-0.61695665,0.42119724,0.45023525,-0.13921247,1.225605,0.78384554,1.26669,0.41465664,0.6278795,0.11570628,-0.12221546,0.10959493,0.56640315,0.37697434,-1.3961769,-0.2502685,-0.45478198,0.35937396,-0.33413678,1.7787844,-0.23209232,-0.5654819,-1.3201699,-0.4511843,-0.24447311,-0.22676991,-0.18828093,-0.6862006,1.1461939,0.4755946,-0.5386771,0.67075557,0.7509616,0.089644425,-0.5344903,-1.704077,0.25717956,-0.3946897
0.71190953,-0.7439983,-1.3402592,-0.9510682,-1.3528371,-0.31052366,0.032907315,-1.0535408,-0.008073279,-0.17659128,0.09931409,-0.7489686,0.5932039,-0.6058753,-0.008424694,0.94182444,0.12083847,-0.85412484,-0.56329656,-1.4346484,-1.3253796,0.99287707,0.3972603,-0.24161674,-0.35282278,0.40693137,-0.41102833,-0.29977003,-1.6266156,-0.083850265,0.5339751,0.6774139,1.7972966,-0.41895962,0.56142205,-2.4537365,-1.9533411,0.6521104,1.5688002,-0.36435205,-0.564577,1.478992,2.2992284,-0.553489,-0.5164866,-0.13799866,-0.10488494,-0.5954546,-0.010103288,-1.4439776,2.4824734,0.08515417,1.6650025,-1.0806583,-0.02097457,1.542963,0.08249877,-0.22999986,0.6622255,-0.13393363,0.8111636,1.5287514,1.6007918,0.3186248,0.9682314,0.62122184,2.0743358,0.26093942,1.9005696,1.1922463,-1.2873868,1.2341781,0.024869455,1.3322406,0.18707253,0.4375824,-1.0233425,-0.5625968,-0.39426187,1.5773224,0.4019775,1.9134429,0.07928937,0.13809632,-1.2759385,0.8791855,-2.452767,-1.0151294,-1.6410744,-0.26249513,1.6260717,1.3082783,1.1641399,0.8582048,0.5896332,-0.9878218,-1.0093583,-2.2828305,0.067228615,-2.2796876
-0.81156987,-0.37225297,-1.3241403,-0.15177174,-1.900276,-0.09385506,-0.30801785,-1.069973,-0.33441284,-1.1299363,0.19998221,0.83871275,2.0255296,2.0186791,0.242972,1.0949461,1.5416316,-0.2873561,0.3322139,-1.796604,-0.52208805,1.7650049,0.72909266,0.7871117,-0.9704764,0.8244006,0.16824023,0.16253339,-0.4826687,0.85341096,1.2435871,0.009302589,0.7105907,0.77306527,1.321732,-1.5660777,-2.0932674,0.69421667,0.7224617,0.2382503,-0.57459766,1.2261897,2.1445515,-1.2855251,0.028320914,-0.13564487,1.8058236,-0.87780166,-1.0102062,-1.441271,1.9750108,1.0234914,2.864529,0.6568981,0.20060028,1.2332947,0.4363763,-1.1640549,-0.17995705,2.2124615,2.8069983,1.8964494,2.7150285,1.2454516,1.5330923,0.49166626,1.9295647,2.4121025,2.080179,1.5256217,-0.5892505,0.58298767,0.15054616,1.3844997,0.72374845,1.3478038,-0.4566531,-0.17909144,-1.4530691,1.1563084,-0.19233441,2.8022523,-0.21235864,-1.1863738,-0.8152208,2.6127775,-0.3184724,-0.44548726,-1.2328353,-0.28162962,1.0599732,0.7147288,0.7524509,0.19821033,0.7380818,-2.6064985,-1.7508403,-1.3947263,-0.61755043,-1.7407649
-1.9553136,-0.3863547,-0.9017945,-1.0960026,-1.171876,-0.9327788,-1.840142,-1.3354281,-1.2315753,0.49391344,0.811687,0.92129356,1.8843595,0.23525706,-0.38912025,-0.24587405,0.8325687,-1.7557209,-0.7495898,-1.9319924,-1.4774437,1.7428796,-0.39541656,0.8267328,0.63876563,1.5048426,1.1424593,0.6347704,-0.113484114,0.13967094,0.37412763,0.6363226,2.0103123,-0.042658534,1.2484306,-0.59128904,0.44250694,0.6237689,0.9923358,0.5620496,-0.7820189,2.0046437,2.0375736,-0.4381426,0.9211088,0.69593215,-0.2822796,-0.3592921,-2.679982,-1.3098505,1.109312,1.6549488,1.8726434,0.6387615,0.20633511,0.809844,0.70810837,0.21243174,0.30985644,0.5592633,1.2195617,-0.16998705,2.83924,1.0796119,0.47258633,-0.3923756,1.3244851,1.5310485,1.3326099,1.3349113,-0.401108,1.5756897,1.4938096,2.2917476,1.0323888,1.3092704,0.46395034,0.35430956,0.032139245,1.5164539,1.9051489,1.8759632,0.53047323,0.42466876,1.145969,0.326317,-0.5096067,2.147801,0.83187735,-0.13604689,1.4458622,1.7555662,1.9174346,0.97128177,2.0754282,-0.9090463,0.48441947,0.48779827,-0.87210095,-0.4343572
0.031095736,-0.9984187,-0.13855046,-0.817065,-2.0189002,-0.32542387,-0.331791,-0.006173362,0.19402394,1.4744899,-1.1400455,1.4054948,-0.11634023,-0.3762719,-1.0218383,-0.9719517,-0.074594125,-0.8313929,-1.0005112,0.5288683,-0.82257736,-0.28508773,0.6951491,1.153283,0.1032099,1.3966814,2.1937542,1.4227084,1.6006832,-0.31260207,0.15497422,0.4199995,-0.22156788,-0.5832858,0.03309166,-0.670954,0.2707634,0.31216228,0.1712423,0.8634842,-1.1011701,0.21984024,-0.15001196,0.07993307,0.49635282,-0.020834256,-0.57413936,-0.48377857,-0.058882184,-0.14942929,0.38566893,0.7022191,0.6247381,-1.0436609,-0.22092584,1.1292142,1.8227512,0.995063,1.9134113,0.20429674,-0.2647334,-0.37275133,1.8137478,-0.54630685,-0.15395474,-2.4627385,1.781284,-0.09859849,1.2818904,2.2127,-0.38910544,1.6568675,1.4392947,2.9236772,1.9230993,2.5104396,1.5950704,1.1055216,-0.85223556,0.27173173,2.1208358,1.1713053,0.39237574,0.3969908,1.3891301,0.9042734,-0.19523059,2.0459502,0.9861256,0.10265376,0.6510998,0.2734479,1.3689709,1.0800055,1.588896,0.5132278,0.34977943,0.6561757,0.3843948,-0.2648878
-0.47984552,-0.6055513,-0.5110827,-0.36625522,0.38186845,-0.9125178,-1.036013,-0.8588008,0.019707497,1.6042898,-0.5593759,1.3292142,0.64721954,-1.4452682,-1.9282944,-0.8985409,0.13117285,-1.3683838,-0.75186,1.0385495,-0.32088724,-0.7623989,-0.40189832,1.948225,2.4392402,2.299552,3.034048,3.5854118,1.4901462,-0.8555402,0.3090522,0.7424393,-1.0236764,-0.21790498,0.3760967,1.4251585,1.9914922,-0.25092408,-0.63672155,0.24136724,-1.368032,0.72848517,-0.6166407,0.820945,1.9326513,-0.90484685,-0.91762406,-0.58530027,-0.8838069,-0.58991313,1.7244034,1.4551467,0.06648904,0.82194406,0.5630572,-0.6420476,0.25787237,0.7217465,2.3986628,1.0776175,-0.6289444,-0.14399533,-0.019073801,-1.146979,1.39733,-1.7280715,1.5128525,0.19704011,1.220387,0.183467,0.72583073,0.9698869,0.44555676,2.7395055,2.4024076,2.6315048,2.9171996,1.4696687,0.06939988,-0.34395096,3.3644001,-0.09518308,-0.3045325,1.5027449,2.160143,0.33410677,3.033331,1.8746847,1.9441811,0.12495802,-0.32532778,0.4208777,0.16872965,1.3150167,1.2340623,1.1123608,-0.12325593,0.86878824,0.07715955,0.8917431
-0.32558578,-0.35433942,-0.68415433,-0.52356255,0.6197781,0.04328911,-1.1053962,-1.1302772,0.5316407,0.4767728,-1.1224169,0.16023354,0.5978345,-1.0311618,-0.20857275,-0.33153737,1.3602356,-0.7863811,-1.2227229,-0.79936963,-1.5753444,1.3259565,0.12037496,0.9748658,-0.0288048,1.8906401,1.5844492,1.8028916,0.30451894,-0.6410683,0.81895804,0.59131587,0.539237,0.33003497,1.4523895,0.12536602,2.1906335,-0.9570094,-0.27735227,-0.7023757,-2.013882,0.83673984,0.5205798,0.2549021,0.97392267,0.35398632,-0.567304,0.89372647,-1.2894714,-0.5801173,1.1121582,0.30084196,1.1108929,0.6685075,1.7559497,0.51603645,-0.74586385,1.8051218,1.1924154,0.28030518,0.28115445,-0.4007451,1.0379498,-0.75050724,0.53892326,-1.2335689,2.29588,1.2791803,2.5332024,1.9408696,0.67719483,1.8538423,1.218618,1.5741961,1.6241438,2.1942792,2.2124555,0.84440696,-0.86640346,0.26601744,1.8059018,1.4294739,0.81565976,3.0280297,1.6210454,1.3206025,1.6361557,1.5152721,0.70363134,-1.122067,1.5729651,-0.5666271,-1.2088127,0.83522785,0.15313938,0.50463426,0.55071896,1.362386,0.118014194,-0.12909283
-0.95727354,-1.4260796,-0.7403529,-2.2827218,-1.0209895,-1.0605675,-1.524883,-1.755355,-2.311355,-0.650381,0.41121978,0.17531064,-0.23199902,-0.16097285,-1.030153,-1.2087723,0.4069885,-0.93914914,-0.71782315,-0.45182315,-0.9982301,0.2017453,-0.8998441,-0.4850304,0.35589448,0.930721,1.3970838,0.55097,1.3925525,0.39107865,1.0374203,-0.27198666,-0.14261279,-1.2903854,0.32781836,-1.0677806,-0.20165786,1.1116639,0.20443675,-0.44771105,-1.2138863,2.2768826,0.8812856,2.2029657,0.48627838,1.6261252,0.46317056,0.07794185,-1.53101,0.10551208,-1.04808,-0.28392723,0.671981,-0.1076676,-1.5539546,-1.6960628,-0.5472179,-1.7025295,-0.35615152,0.3824165,-0.13665487,-0.7732291,0.09803216,0.74901927,0.42062783,-0.79423946,0.8130536,0.8261464,0.6008619,0.15041065,0.12404663,0.032252695,0.6717037,0.4072982,0.6124854,-0.16941226,-0.11847149,-0.42040813,-2.119504,0.33491787,0.13180108,-1.3413312,1.1697427,-0.78345996,-0.03482322,-1.0277687,-1.2102932,0.17572051,-0.8090855,0.67778635,-0.358975,-0.36673155,0.13304812,-1.0306078,1.4771327,0.5168537,1.3954487,0.2616981,-1.4766798,-0.62700295
0.27793986,0.90203047,-0.041441537,0.8799288,0.8098634,-0.77905947,0.54514056,0.43820992,-0.4430347,-1.1170521,0.172677,0.3287986,0.24319987,-0.12250961,1.4628205,0.89894813,-0.91659445,0.38131747,0.6840925,0.17198001,1.8107305,-0.7155553,-0.032896798,0.27266783,-0.9676573,0.025862081,-0.098113686,0.69205254,0.5195434,-0.82997006,0.6695431,-0.44822988,0.2206784,-0.69235647,-0.43541655,0.24489328,1.6247271,1.788009,1.8862205,0.4711304,1.3788258,2.3781955,0.6317729,1.3483329,0.27686992,1.7905906,1.8059627,0.2066438,-0.09590179,1.5770881,1.0760095,0.039136797,-0.20638534,0.49965137,0.5505805,-0.23361677,-0.68216544,-1.1885191,0.60017335,0.41304484,-1.1452188,-0.6072694,-1.529482,-0.33970118,0.09703484,-0.21065381,-0.8760081,-0.014645765,-0.69036275,-0.20892604,0.24957465,-1.8666352,-0.9501415,-0.02815049,-1.3779272,-1.0947766,-1.3140326,-1.8093755,1.8164607,0.45362812,-1.5214227,0.89168996,-0.94340175,-2.299556,-0.946385,-0.6872923,0.23122607,-0.16250996,0.37611556,0.65452874,0.62885034,1.1904027,0.8157078,0.8296087,0.32631937,0.9226662,1.192847,0.11856984,-0.19090404,0.52966076
-1.5443317,-0.6411728,-0.5798114,-0.23989032,-0.6547877,-0.7594535,0.4121687,0.54298216,-0.3515938,-0.69840324,0.3726621,-0.3890888,1.1603254,0.4151266,1.5495126,-0.20584571,0.4029307,0.21132861,0.087968476,-0.7072969,1.6772116,-0.8338567,-0.12462506,-0.23032486,0.3284253,-0.56169724,-0.14821607,-1.0427357,0.66515726,-0.20105742,1.6237177,0.03495526,0.5014576,0.2186883,0.49022162,0.76873267,0.8615791,1.5870358,0.4046573,-0.26898828,1.7041135,-0.22209695,0.085709535,1.0293525,-0.06863942,0.8213019,1.3055494,1.5814925,-0.49472553,1.5939112,-2.412736,-2.0747995,-1.8608539,-1.6862998,-1.4603379,-1.2467663,-1.1880682,-0.5518264,-1.682539,0.7445891,0.18013026,0.3040601,-0.4657247,-0.1670432,0.41577077,0.262883,-2.0878854,-0.3115062,-1.8593568,-1.2458313,-0.14787687,-1.4529771,-1.461814,-1.1045568,-1.2959689,-0.5967264,-1.7796428,-0.5510071,0.33256063,1.619727,-0.57746077,-0.6105741,-0.46236068,-0.8118163,-1.426872,-1.2069176,-0.30800408,-0.5757621,-0.46363235,2.0981514,0.3857999,-0.42512932,1.8796753,-0.3288286,0.33096164,0.23021725,0.7201588,-1.6644686,-0.6359518,1.0313269
0.8644446,-0.63015866,-0.24281132,-1.1560905,-0.1743414,0.27527356,0.055717498,-0.30600423,0.14877798,-1.4844962,1.2377404,-0.005686864,1.000861,0.29247975,-0.83017045,-0.41761807,0.48257664,-0.14939065,0.8850006,-1.1746674,0.419225,0.09978442,-0.6222871,0.6562316,-0.82816154,-0.44970354,-0.6801277,-1.1947614,-0.4687718,-1.203573,1.033232,0.90425944,1.1420324,-0.22751111,-0.25618562,-0.33860722,0.24938552,1.9917903,0.71927565,0.2977479,1.025506,0.87136936,0.9779324,1.7382998,0.6842349,0.9760047,1.9277366,0.5876517,0.123832315,1.196725,0.8307035,-1.5794415,-1.0190887,-2.0030203,-0.900115,0.14523917,-1.6158196,-0.4269707,0.31221202,1.0014964,0.74054927,1.0262824,0.6466322,-0.18078038,-0.9836329,-0.2612768,0.28819883,-0.11198867,-0.1968515,-0.5552717,-1.005054,-1.2953558,-0.93018824,-0.40231597,-0.2016386,0.0951865,0.19378904,-0.33111966,0.83541137,2.0903118,-1.2476577,0.9297699,-0.77397335,-1.348674,-2.0630589,-0.3979225,0.7054469,-0.33082628,-0.5690056,1.3578736,1.2399995,2.0950112,0.4160163,0.17795597,0.21533166,1.8868372,0.7799881,-0.21030061,0.31787652,1.2404556
-0.696585,-0.6735894,-1.4638296,-0.13750054,-0.46612823,-0.804272,-0.3647526,-0.6669095,-0.90242577,1.5357947,0.18736741,2.0882964,1.3956525,-0.022064436,-0.32918924,0.56670487,1.6406271,-0.2949549,-0.7730271,-0.6470688,0.03197588,2.5433385,0.45785177,1.4459578,3.4546096,3.0120926,0.9313969,1.4111173,0.68845594,0.837813,0.683709,1.2251858,2.1972647,0.839867,1.4725509,-2.1679618,-1.3110307,-0.041870475,0.12211102,0.90155005,-0.45703605,0.76727605,2.0109954,-0.5710097,0.40517887,1.2374083,-0.082482435,1.9017445,0.009566937,-0.47917357,0.77914673,-0.8817011,1.387862,-0.36789697,0.037757766,0.18410598,-0.6207739,0.18732841,1.6492957,1.3161197,1.2810484,0.9712176,0.7521108,0.11152022,0.37139788,-0.3751787,1.9030298,0.27581292,1.1198195,0.33771336,-0.52928704,0.6840579,-0.13272725,0.5208348,1.2607114,1.2848022,1.7529156,1.0955396,0.026674787,0.20872411,-0.8848107,0.6313443,-1.8772877,-0.32575902,0.5537578,-1.7857842,-0.10898604,-0.40584478,-1.6328228,-0.5167934,3.1416101,1.1096596,-1.183189,1.1856667,-0.35585916,-1.0001796,-0.46034235,1.9817704,0.23600817,-1.5708238
0.65699106,-0.7773584,-1.4046283,-1.5379708,-1.588359,-0.8355282,-0.5964212,-1.3751886,-2.4502661,0.41528064,0.7694044,0.30206445,1.1333618,0.7300955,-0.71014494,0.017942263,0.32185537,-0.77880967,0.10806794,-1.9346335,-0.7334611,2.5523634,1.1682127,2.0018573,1.7668798,1.8635116,0.44529086,1.4863453,-0.7113172,0.60838825,1.5115588,1.6171707,1.6531585,0.23789854,2.317582,-3.1526139,-1.400403,-0.61737794,0.20373552,0.77740884,-1.2767215,1.4582416,2.7089174,-0.77734685,0.31261295,0.92150235,0.8201932,2.4207022,0.06186098,-0.8336075,1.4128748,-0.009044097,1.5620008,-0.24293463,0.40180364,0.54192996,-0.21074732,-0.10818079,0.86939126,0.5491977,-0.5759456,0.848353,0.9879219,1.1366348,1.3572685,0.19524743,1.1651245,0.17648114,1.4911932,0.23229569,-0.84009933,0.5401494,-0.42547306,0.36284968,-0.03047833,0.24218844,-0.52860534,-0.9858655,0.006745386,-0.73390543,0.035268743,1.8575859,-0.5864147,0.5013207,0.507021,-1.0519722,-1.5161272,-1.1244143,-2.9755204,0.14585319,1.6096176,1.1764511,0.09067942,0.97825944,0.33330852,-1.3541561,-1.2319281,1.8868529,-0.472962,-1.6737028
-0.07128669,1.1146933,-0.3499942,0.6752692,-1.2385689,0.0076102233,0.16790839,0.6895392,-0.31969896,-1.0327965,1.0708772,0.700422,0.747238,0.6731016,0.86361194,0.5141157,0.15634923,-0.01040348,-0.21823852,-1.0378408,0.11843711,1.4140762,0.15492766,1.158844,1.2438766,1.60869,0.74867165,0.8990391,-0.18697147,0.40649933,0.7660991,1.9870105,2.9223957,1.1022646,1.2641377,-0.41466302,0.05959205,2.0789416,2.8252401,1.3810122,1.1724447,1.4720309,1.6020098,0.6464584,0.09064451,1.2367796,2.121794,0.8351574,-1.3237833,0.83564794,1.1494237,1.2594272,-0.7580851,-1.5555608,-0.533124,-0.07756496,0.619213,0.021032844,-0.30453885,1.1638478,-0.31547564,-0.40480098,-0.08254348,0.37060186,-0.72340643,-0.58050966,-0.715596,-0.30876663,-0.32323718,-0.169363,-1.0431566,0.49810213,0.19731632,0.22083987,0.31151658,0.4740777,-0.321939,0.41391644,0.22473018,1.0017972,1.5855699,0.7518102,0.056582306,0.19128558,0.6196692,0.7137869,-0.017723633,0.823182,0.12658931,0.87230456,0.31270126,1.5086434,0.26854447,0.24321331,0.20246743,-0.04260807,0.51833946,0.15829906,-1.0971396,1.0200824
-2.127194,1.525785,1.6214048,0.007616842,0.38229656,0.43318215,0.5164087,0.79454166,-0.078216895,0.06758707,-0.68175834,-0.12296195,-0.00869767,-0.044776242,-0.28563687,0.06909724,0.6119872,0.51811075,0.1350143,-0.5188685,0.29786372,-0.34419534,-0.7431694,0.90300065,0.33563098,0.2012797,-0.52579236,-0.28890172,1.8117919,-1.0191729,-1.5651035,0.74520266,0.7550757,-0.5299168,-0.39265767,-1.1552302,0.71574295,1.1291203,1.1386371,0.80439407,-0.47826782,1.2291243,0.42485526,-0.16892432,-0.43089804,-0.35211733,-0.34132916,-1.0515635,-0.38550577,-0.7159047,1.8238693,2.0765781,0.28000274,-0.5026621,1.5071492,0.950441,1.8082404,1.3366256,0.021628112,-0.30222106,-1.1984189,-0.75297475,-1.405033,-0.106472716,-0.29646617,-0.6525998,-0.1966605,-0.21864001,-0.12215829,0.24167648,-0.22848889,-0.4278569,-0.40328735,0.95560765,0.7885101,0.488486,-0.20815441,-1.5583987,0.02895283,1.182241,1.3384851,-0.29996744,-0.036888458,0.28291065,-0.7043268,-0.7229154,0.6224032,0.2465025,-0.26655003,0.1433977,-1.2645309,1.7382523,0.6112477,1.1440402,1.767732,-0.23271143,-0.6234795,-1.6652858,0.3977725,0.01046738
-0.77383804,1.8210645,1.9012651,0.352538,0.19603656,1.826474,0.95600486,1.6260922,1.2628022,-1.7291328,-0.62004876,0.46284887,0.71438736,2.0307474,1.5708143,0.6497677,0.13678597,1.0422571,2.6146595,-0.025151432,1.5576167,-0.516134,0.3068839,-0.29295415,-1.6235023,0.42482075,-0.65223974,-0.555458,0.023125961,0.41339362,-1.279904,0.58231294,0.54422414,-0.40495378,-0.80658066,0.23948434,0.46840045,0.9789828,0.8470637,0.07975198,1.1312034,0.4094376,-0.19399181,0.52659404,-0.4167867,-0.1313677,-0.23015474,-0.39449978,0.85365945,0.96590275,0.91959184,0.96391296,-0.005806187,-0.63024646,1.5284826,1.9324061,1.5928942,1.7019697,-0.94155943,0.88310325,-1.060737,-0.011450526,-0.2930342,-0.10814773,-0.08237192,0.43564177,-0.5772392,0.19827081,-0.67466766,0.3363882,0.9816562,-0.23638493,-0.74134016,0.6522479,-0.8072,-0.30111095,-0.5445422,-1.036176,1.2952592,2.0220816,0.67676973,0.8004722,-0.9622265,-1.1328111,-0.89704484,0.1100404,1.0836912,0.5477798,0.10390796,2.4560766,0.51387197,1.8444434,1.6981511,2.0229895,1.2945881,0.63853997,0.46273336,-0.19110104,0.94065267,1.6240814
0.9927843,1.910462,1.3560417,1.2045075,1.0885013,1.7228975,1.2822391,1.7865717,2.1417134,-0.7558217,1.4863279,-0.3880931,0.19772932,2.045224,0.6355818,0.88357717,-0.031227134,1.4202427,0.99363273,1.4703753,2.3762455,-0.86666965,0.4200458,-0.689155,0.05726004,-0.36094072,0.22477856,-0.34314695,0.7478702,0.5923652,0.9717772,0.3882042,1.0562118,0.26442415,-0.44112524,-0.33474633,0.71357477,0.70621973,0.46332997,-0.49332604,1.1710267,-0.14817075,0.14155248,1.4845862,0.046069108,1.4451426,-0.097707994,1.296288,0.9346211,1.2227896,1.3608916,1.7624018,0.968955,0.18978903,1.2254684,1.5964952,1.2947497,2.5555315,-0.165611,0.9930436,-0.278634,-1.3980546,0.19656658,-0.04389295,0.4398826,-0.15304449,0.30796903,0.40196812,-0.48318702,0.13727842,0.42288557,-0.9191546,-0.2312257,-0.09484828,-0.016704623,-1.1387324,0.20856519,-0.25515,1.600262,1.1678296,-0.3169145,1.4167886,-0.6408974,-0.8960888,-0.90598756,-1.4444052,0.97119206,0.0612388,0.41912323,1.8343669,1.120213,1.8719854,-0.3017163,0.7423393,-0.3076199,1.5674258,1.3740828,1.585276,1.288626,1.7743616
1.6695008,1.5479027,1.7952497,0.50552714,0.36822385,1.8878717,2.3560255,2.4679072,2.5878296,-0.666692,0.73540586,1.2202891,0.7238326,2.6546812,1.3125329,1.7205421,0.25821742,2.6469054,0.9584233,1.6325055,1.6669232,0.7257723,1.3411891,0.24973541,-0.17151603,0.80188817,-0.21286052,0.60276,1.3646833,0.3442938,1.7215513,0.77120495,2.3818831,0.6000899,1.012338,-0.030699814,0.4898767,1.0604687,1.0903686,0.8169187,1.259134,0.37741157,0.41955552,1.3935475,0.3495251,0.1887697,0.1763885,1.6289659,1.2697283,0.9496953,2.3424823,0.7780471,-0.24158551,-1.6727668,1.3552548,1.4397123,1.1677212,1.0749146,-0.43894696,-0.45996916,-0.81401044,-0.30734512,-0.5113432,-0.5953086,-0.29662243,0.11698667,0.48452237,-0.82836825,-0.12336824,1.9536687,0.4028415,-0.11721425,0.44517902,0.90922207,-0.74592036,0.46403727,0.041073013,0.3923097,0.635619,1.0134218,-0.14831227,0.77599895,-0.15407422,0.1879832,0.37988496,0.5183431,0.7777604,1.2238616,0.5195996,1.3116218,0.6958101,1.6093081,0.44358158,1.6184049,0.44599712,1.2168533,0.37638348,1.0883143,1.9293214,1.479746
-0.35868272,0.2401262,-0.4423122,-0.4812667,-0.32508087,-1.2050799,-0.119001634,-0.19945242,-0.5297424,0.21332486,-0.0530017,-0.6165568,-0.0048381803,-0.21724476,-0.8862741,0.089807816,0.40307167,-0.049248207,-1.32247,1.1468941,-0.26484728,0.07837479,0.4776213,1.116654,1.307228,1.6994038,2.406338,2.105743,1.3250692,-1.0461581,0.5973021,0.49518454,-0.08304955,0.07536465,0.35985225,1.1900383,1.7462018,-0.97270525,-1.3895737,0.3899012,-2.114467,0.54418695,-1.4574431,0.5270845,1.7949858,-1.110594,-0.70709884,-0.31795672,-0.610765,-1.6759729,2.3532894,1.4993035,1.4707586,-0.15084419,-0.49463668,-0.14671375,1.403355,-0.43869293,1.5228529,0.4190365,-0.06675398,-0.1098781,0.2809615,-0.18563429,0.57621056,-0.066395015,1.5640326,-0.09632701,1.1486001,1.48971,0.5111917,1.535273,0.8195838,2.916572,1.5978683,1.6922762,2.556199,0.78035384,-0.07990703,0.89525616,2.4843476,0.6386483,0.38335645,1.0299054,1.1022974,1.2381016,1.8495126,2.3392498,2.1617148,-0.84632945,0.78851414,1.9737747,1.4146063,1.8458207,1.884532,-0.072237656,-0.45795265,-0.025984464,1.6444894,0.12255895
-2.4640777,-1.1153572,-0.37615353,-0.54734755,-0.69163084,-1.8407315,-1.4651256,-1.3764032,-1.3424454,0.8372251,0.83931,-0.7045615,-0.10192098,-0.12447657,-0.46981564,-1.0395467,-0.51825416,-1.8375651,-1.4486485,-1.6227614,-1.1959797,-1.062563,-1.035453,1.8371614,1.0185945,0.6802902,1.5648022,1.0770833,-0.18821038,-2.2561984,0.30972305,-0.043713402,-0.30080694,-0.7304523,0.7057648,0.23313263,0.30529848,0.23348203,-0.753591,-0.91029656,-0.96251714,1.0078781,1.0593771,0.5273448,1.0260404,0.66008055,-0.5134376,-0.38219306,-1.6657215,-1.7313082,1.4358021,-0.5273207,-0.61399376,-0.7096056,-1.4394082,-1.4194652,-0.027181728,-0.71967787,1.1894149,0.1547854,-0.0025442494,0.26972634,-0.34375373,-0.8542757,-0.9702517,-0.9520819,0.124181665,-1.2885646,-0.11689482,-1.5485129,-1.6478884,-0.43463346,-1.0055012,0.9343691,1.01727,0.6654448,0.983607,-0.7461408,-0.29294285,0.74906945,1.7831753,-0.08212376,0.33214566,0.5368526,-0.21833348,0.7609271,1.0398011,0.50197953,0.60484695,-0.7324622,1.1792903,0.25738615,0.57609123,2.2078202,1.6875613,0.54344964,0.68277925,-0.121268556,-0.38318473,-0.5200591
-1.4927698,-0.14949995,-0.4285517,0.54765165,1.2695702,-0.45348722,-0.1509895,-0.4713896,-0.10291446,-0.016647713,0.36127055,-1.2841793,-0.74157006,-1.6884357,0.3967519,-0.8470213,0.030237446,0.10894496,-0.7438247,0.9214786,0.43018606,-0.6971211,-0.2871284,-0.56733483,1.5736023,-1.5921153,-0.62353265,-0.9412557,0.5102657,-1.2860881,1.8945732,-0.4686361,-0.6261793,0.2345916,0.66446024,1.118447,-0.27668795,-0.43040252,-0.8152696,0.230044,0.5202072,0.16261706,0.42559642,0.24771279,0.6220135,-0.094290175,0.2674999,0.42763326,0.99661744,0.60871404,-0.28454155,0.3835007,-0.44386664,1.1936176,0.8506365,0.25161305,0.1571494,-0.36884552,0.73317105,0.073872745,0.1936465,0.43045408,-0.63733864,-0.33060923,0.7259074,1.7475704,0.8819084,0.5572291,0.9755433,1.2289097,2.381691,-0.46341154,0.960434,-0.80823034,0.31916174,0.17277075,0.74157935,-0.24047934,1.0028805,-0.36130363,-0.11982253,1.2186842,0.56280804,0.9290144,0.24561161,-0.6846553,0.23464017,-0.13881534,0.2859305,0.003104976,-0.296017,0.37704808,-0.4779653,1.0227578,-0.19806781,0.12010428,-1.2610823,0.6930716,1.3842599,-0.18946844
1.6126318,-0.17997386,1.11039,-0.223974,-0.20280614,0.22284082,0.13359164,-0.9337569,-0.068057336,1.0557134,2.355054,3.317149,-1.2912402,0.6737773,1.4982957,0.9442579,1.2184004,1.1707805,2.7110295,1.0778334,1.8125176,1.3767314,3.1653306,-0.93192583,2.4269593,0.700314,1.0062581,1.2368969,0.34710273,2.0821073,1.3722662,1.1361244,-0.0837199,0.95955795,1.2117633,0.10984888,-0.78121835,-0.34713805,-0.935249,0.9764435,-0.5046579,-1.8908923,-0.76759154,-0.9441316,0.091001354,0.1952928,-0.37752104,-0.1036502,0.2107602,-0.02570712,1.6735101,0.5512991,2.565785,0.9445256,0.47265977,0.5709386,0.8825474,0.20573278,0.649618,1.8676224,1.6003118,-0.23599511,0.83033687,3.6233172,3.7904527,2.7769542,3.2479846,3.0864427,1.9760259,2.4346445,4.4095144,1.3449339,4.8837385,-0.6546173,2.2128623,0.66754955,2.6212885,3.1729016,1.8282589,-0.8115962,-1.78576,0.988823,0.97732264,0.32716992,2.5834098,-0.55516756,-1.3932087,0.6559116,1.0734904,-1.5669979,1.2088081,-2.0843787,-1.6795683,-0.25741583,-1.5089136,-1.8831649,-0.5929078,3.3005455,1.1050798,-0.5239502
1.272491,-0.20091015,0.42061946,-1.0288789,-0.065620095,-0.9210152,-0.541086,-1.5229094,-1.4312782,2.8504019,3.370864,2.3743377,-1.3123571,0.55032814,-1.8908339,0.6767593,1.3078959,-0.23708352,0.6648482,-0.44810387,-0.3761994,-0.9045735,0.57613647,1.1027937,2.7511215,0.24298553,-0.5606494,0.36957198,-0.47928706,-0.41095874,-1.5245554,-0.49701506,-1.5050633,-2.2457662,-1.8977723,-0.39017737,-1.6159005,-0.77563155,-1.3066123,1.2592704,-1.6785392,-1.2346603,-2.4922187,-2.0301585,-2.230756,-1.8021669,-0.71377015,-1.3429701,-0.31631172,-1.1461886,0.8015917,0.782564,1.8103034,0.68359095,0.1626243,-1.0520269,-0.28001162,-0.9776192,2.0019774,2.198363,2.317231,0.46463117,-0.23656195,4.2110114,3.9113233,0.49363866,2.3276944,2.6708553,1.718376,1.326673,3.498664,0.465775,2.9648337,-0.113042094,2.4727113,1.1280825,2.7658215,1.2900286,0.75438374,-0.86937535,0.06810546,-0.4646204,-0.5579386,0.16106282,1.119456,0.8027806,-0.49867457,0.14216764,0.83646667,-1.2895056,-0.23955365,0.17031968,-1.4235426,-0.19742167,-0.5548727,-2.097277,-0.75776815,1.139593,0.13260934,-0.55779606
0.9552387,-1.1433274,-0.09637495,-1.6650113,-0.8083374,-1.8710548,-0.5414102,-1.7692037,-0.87905264,0.2111303,-0.8245013,-1.3888062,-0.43927133,-1.2232075,-2.0252035,-1.1664447,-1.4396207,-1.0860405,-1.7615421,0.49939314,-1.4495444,-0.31372318,-1.0028335,-0.7400612,0.9011697,-0.31297553,-0.26218238,-0.38469788,-0.4996396,-0.57558554,-1.5805026,1.3783818,-0.8516696,-0.89316857,-0.9616959,-0.042353824,-0.075959004,0.5057505,-0.69941646,-0.2908454,-0.4731634,0.060321532,-0.7806986,1.0915962,-0.26400602,0.096815646,-0.08847624,0.40299383,0.13687214,0.1354719,0.08848526,0.029386014,0.15947558,1.072798,-0.20485641,-0.8447026,0.13127248,0.06252813,-0.037697956,-1.6544782,0.9610726,0.5373545,-0.018486418,-0.29619056,-0.07794655,0.020843318,0.34061527,-0.7762937,0.2952521,-0.22716993,0.08297212,1.2448932,0.8309729,0.81297684,0.16425179,0.35447702,0.9376387,1.0989168,0.38922665,1.1135987,1.0399923,0.23162252,0.2603012,0.37957886,0.6500469,1.0730408,0.49086824,0.5935387,0.25200373,0.77888805,0.84054035,0.0075574927,-0.059152693,0.30755264,0.7705827,0.934195,0.2349648,2.4257438,0.69468373,0.56120294
1.464063,0.68426317,1.3335654,0.8784112,0.42300463,1.0274191,0.95813257,0.57111883,1.3684416,1.1584889,1.5394202,-0.25318912,1.4255521,-0.5995067,1.1712229,1.1716224,-1.3183007,0.05039995,-1.0017313,0.61249983,0.44894236,-1.1664958,-0.50916916,-0.6003966,0.6610691,-1.9681168,-0.64442915,-0.4578964,0.4287649,-0.020936046,-0.78449416,1.2979665,0.10461263,0.14994524,-0.8158667,1.2797531,-0.7294813,-0.7082999,-0.5835896,0.08151717,0.3870289,-1.56978,-1.6718667,-1.3529885,-0.61891854,-1.5813764,-0.78581566,-0.41584527,2.023749,0.34545237,-0.39201155,0.77799493,-0.3502875,0.83719015,-0.11568348,-0.07801359,0.4500104,1.1616548,0.98515457,-1.3167864,0.20314454,1.5273969,1.136305,-1.9278591,-0.0031785667,1.0737518,-1.1350404,-1.1639723,-0.96424544,-0.30100274,-0.23793778,-1.5245534,-1.2503146,-1.2153702,-1.2780493,-2.273577,-0.5969306,-0.8446214,1.225768,-0.0116824685,-1.2958249,0.07427493,-1.2725246,-1.5249103,-1.5857728,0.6191757,0.89349383,-1.6447049,0.24961714,2.018203,-0.5264423,-0.4861822,-0.72248346,-0.6356058,-2.4994414,-0.5455616,-0.6109357,-0.9156946,0.4544933,1.8804842
-1.1253581,0.38667262,0.88589203,-0.17734057,0.631853,0.6238609,0.18620507,0.055871714,0.6553511,0.27468002,0.2819583,1.5305253,-0.88823915,-1.2338833,-0.7372132,0.4415311,0.1503095,-0.32243586,0.7575938,0.4637991,0.04573623,-2.0053802,-0.47706327,0.32864213,1.1897408,-0.6893029,-0.20541514,-0.068673536,-0.4526728,0.76171637,-0.6522055,1.0699718,-1.6135163,-2.0063457,-2.1965282,-0.14738093,-1.3665007,0.022732416,0.767206,1.2437984,-0.07377749,-0.13061266,-0.83301455,-1.6141646,-1.2776177,-2.0303206,0.32968152,-1.3076935,-0.39273885,-0.24022427,-0.7581172,1.6110147,0.5895946,2.4931483,0.26783508,-1.0320785,2.7254758,0.99273807,-0.06489016,-0.14841995,0.31097716,-0.55508727,-0.28762823,-1.7678152,-0.8829976,-1.1279454,-1.0105413,-1.2095088,-2.222619,-0.71177554,0.17570278,-2.1838236,-1.5463685,-0.8010882,-0.69057274,-1.0391788,-1.457933,-1.1600342,1.036435,-0.5971284,-0.7110596,-1.6109247,-1.2238849,-2.016471,-0.6562693,-0.16796887,-1.3341787,-1.2360581,-0.087353095,0.79001784,-2.38004,-0.29863948,-0.7868868,-0.87006354,-1.1163099,-1.2620313,-2.3616118,-1.9422699,-0.45365158,0.5896559
-0.7219015,-1.7426289,-1.0637165,-2.1355486,-1.1764745,-2.0687213,-1.046934,-1.7011871,-1.603331,-1.6387522,-1.7776299,-0.4549004,-1.004972,-2.0884569,-1.2476758,-0.62908447,-0.7659343,-1.6989768,-0.93905103,-1.144537,-2.1217089,-0.833073,-0.8303891,-0.86575454,0.93817484,-0.33117425,0.926509,-0.36443135,-0.97574145,0.33292964,-0.19594671,2.2678087,-0.5476173,-1.2685659,-0.31182212,-1.1880035,-0.9605874,0.36140692,-1.0456455,-1.3210264,-1.1705407,-0.64167726,-0.7958414,-0.025479876,1.3602954,-0.25110677,-1.2724679,-0.67918706,-1.8693184,-0.93910784,-1.3797177,-0.6376376,0.05036673,-0.14338906,-1.8150088,-2.2056653,0.78507715,0.12818529,-2.1535113,-1.8791118,-0.8744684,-1.321837,0.89082795,-1.0693157,-0.29970363,-0.117937975,-0.3986724,-0.28574663,-1.3063954,-0.3161948,-1.6933767,0.5312003,0.7403961,-0.326727,-0.8489042,-0.76389337,-1.1283785,0.80385077,1.8306363,0.8631884,0.42837566,-1.7818156,0.30552155,0.044667795,0.4398793,0.5831539,-0.9992326,0.44174317,-1.0450994,0.32920682,-0.42203403,1.5164008,-0.16612118,-0.7919496,0.9089825,0.64446855,1.2397345,-0.25311142,-1.9435582,-0.23933822
1.1680491,-0.8888803,-0.18469039,-1.1646667,-1.795091,-1.3764657,-0.19285026,-0.46007746,0.49766865,-1.9734117,-1.4684014,-0.88891613,-1.9135126,-0.31241235,0.049269527,-0.58484936,-1.4620587,0.04570665,-1.0499548,0.053324338,-0.62625146,-1.3407239,0.5764139,-2.5274117,0.2895281,-0.4564243,0.329082,-0.5203349,-1.6819614,0.5278894,-0.9896782,0.823493,-2.1740587,-1.9099447,-1.1327693,0.09340531,-1.0157564,-0.286481,-2.278941,-1.7420508,-1.5513341,-1.1445445,-2.0138502,-0.4201745,0.10989281,-1.3541884,-0.11012478,-0.8929277,-0.31967592,-0.79202074,-1.1413746,0.6203064,0.8185874,0.30819616,-1.4579533,-0.98068,2.3222854,1.1826565,-3.6499798,-2.3241332,-1.1090038,-1.3945,-0.572891,-1.118735,-1.4000875,0.33885863,0.44204423,-1.2896981,-0.77644074,2.4172204,0.9494167,0.4866155,1.4730015,-0.004528397,-0.60564005,-0.61206037,-0.31185982,1.3844179,1.505695,0.051897425,-0.2900022,-1.5001537,0.6872714,0.18302746,1.4373949,-0.029293116,-0.4751056,0.2530531,0.67241365,-1.266155,0.9299328,-0.11828231,-1.1494238,0.11267435,-0.039506458,1.770414,0.7930221,0.567717,-0.97006553,-0.0996078
0.7218183,-2.295529,-1.3679847,-1.7043297,-0.5546564,-0.9371448,-1.9678594,-1.7910628,-0.30228373,-0.3361297,-0.37114662,-0.72910184,0.13502558,-2.0871892,-2.0970142,-2.2620573,-1.4037212,-1.0055306,-2.7053418,-1.0087678,-1.6200248,0.15891767,0.16251728,-1.4866358,1.1237228,1.1070323,1.9823188,1.2857599,0.32276365,1.5836395,-2.2706382,1.020588,-3.520714,-2.091085,0.38446414,-0.17780338,0.1577319,0.38779405,0.11381839,-0.50509036,-1.5544459,0.6720834,-0.8516477,1.4666617,1.6717668,0.4246622,0.60130984,0.31542706,0.42359886,-0.0375044,0.40249625,0.33287928,0.97489256,2.1980488,0.3208443,-0.15534127,1.7582003,1.2968742,0.09007778,-0.8315523,-0.5347559,0.10027769,-0.06235852,0.16522224,-0.44703087,-0.11392084,0.050515845,-0.8036919,-0.7175401,0.9903547,0.4338226,0.38898596,1.4006519,-0.027236095,-0.44124445,-0.8076005,0.2439375,1.259682,-0.48290873,0.41797036,-0.69277436,0.032743897,0.8108134,-0.39537024,2.0259335,-0.67858016,-0.60747343,0.68792415,0.6377756,-0.07594951,0.391563,-1.5182337,1.0486066,-0.37020987,-0.16614194,1.4832377,0.82271546,0.6037227,0.5694481,-0.25056908
-0.03108113,-3.7561016,-1.819242,-3.392196,-1.2894832,-0.88802266,-3.344908,-3.3728158,-1.1726644,-0.6052933,0.05471011,0.7900622,-1.2348044,-1.9313247,-3.2215493,-2.4673233,-0.9356672,-3.013695,-1.6672984,-1.1868523,-2.3675966,-0.26155403,-0.81950635,-0.6548102,0.7192678,1.139136,1.6107987,0.99601424,-0.35976052,0.5964778,0.6158908,2.667104,-1.4671896,-1.6856834,0.5883753,0.004268756,1.7697675,2.4846253,-1.6373386,-2.0798025,-1.800204,1.4495729,1.4519162,2.5815227,1.916676,2.2756054,-1.1161143,0.023816828,-0.15751426,1.2686855,-0.08835611,0.51766974,0.050114755,1.6033556,0.15513743,-0.2035008,0.10609067,0.72090685,-0.36105803,0.62132186,0.94571286,-0.44425464,2.493068,2.1968236,0.71822244,-0.69089085,0.20825352,0.8430133,-1.072032,-0.28370214,-0.49225634,0.40974805,0.7724754,0.025009455,0.33308828,0.25566694,0.1423946,1.3214766,-0.29420778,1.8147408,-0.41172454,0.37504646,1.5486974,0.073956296,0.90789735,-0.026426475,0.5895857,0.8147943,-0.4922756,0.9775943,0.42701295,-0.676917,0.504106,-1.086826,0.9462425,1.4481132,2.204937,-0.21351641,-0.4595165,0.4115947
-0.45478943,-2.1820722,-1.0874302,-1.9519315,-0.46224847,-0.9049683,-2.2043238,-2.7170198,-1.9352185,-0.28470454,-1.255693,-0.028084526,-1.0953999,-0.6182306,-1.7415621,-1.7009395,-0.04420992,-2.002327,-0.43387404,-1.6615874,-1.2256111,-0.4559117,-1.807933,-2.2721162,-0.8147476,0.35746163,0.7439582,-0.41485122,-1.9167784,-0.22457692,1.6462814,-0.32627043,-1.2226913,-1.3806443,0.73825544,0.5620253,-0.112763524,0.7582446,-1.2000136,-2.9860044,-0.41179597,-0.12932083,1.3815185,2.399811,0.30051658,1.9736289,-1.173409,0.047871582,-1.026234,0.6706699,-1.7643647,-2.5706394,-0.8219703,-1.3294827,-0.51807696,-0.6659661,-2.902513,-2.1503236,-0.6442105,0.39025384,0.21136436,-0.6594762,1.0745498,4.698583,2.6473858,0.97093946,-1.3812246,2.5608573,-0.5627939,-1.1101629,0.51740426,-0.110455185,0.3163684,-1.8625923,-0.3498659,0.18377265,-0.24190663,0.44318902,-0.8532734,-1.4120638,-0.88766253,-1.9491541,1.231173,1.0316323,0.50079554,-0.7718257,-1.1915966,0.22692245,-0.74518603,-0.32299322,-0.7826937,-2.0600734,-0.9569596,-0.4359121,-0.2265003,1.4067209,2.0202332,-0.40621775,-1.7802769,-0.65910876
0.07188926,-1.4672078,-0.6592658,-1.1867936,-0.14841776,-0.7511885,-1.6067685,-1.3576307,-0.038281888,-0.632231,-2.0695498,-1.310517,-0.6269686,-1.8259033,-0.678939,-1.7407777,-1.0440629,-1.8969814,-1.5656989,-1.851193,-1.8724985,0.4763454,-1.7759006,-0.5696641,-0.37463272,0.8769728,0.46699855,0.01771234,-1.235807,-0.86042017,-0.02662022,1.9534793,-0.8232122,0.075480275,0.70327336,-0.71316516,0.5124892,-0.38310772,-0.58834696,-2.2991073,-0.6503207,0.20791051,1.6674092,0.32265723,0.67634946,1.4273975,-0.53630286,-0.34581712,-0.45251057,-0.35271707,-0.47229826,-0.8144461,-1.7668151,0.05183919,0.6498787,0.95513606,-0.5285319,0.63179505,-1.4711334,-1.4336624,-1.362302,-1.05686,-0.40044895,-0.2966085,-2.0820494,-0.17999241,-1.2712843,-1.0023605,-0.4941091,-1.8606682,-2.2678897,-0.17752495,-1.7096114,-1.8500338,-1.1651654,-0.13513595,-0.5013119,-0.14507599,-0.69431037,-0.43158457,0.8535923,-0.35052004,-0.25386283,0.99764574,-0.5841587,-0.33721063,0.5126706,0.045208238,-0.81380194,-0.08749062,0.34868774,-1.2648956,-1.6321107,-0.27590647,-0.24836582,0.37146464,-0.5170214,0.52810675,-1.0558734,-0.93080544
-0.065192774,-1.1060416,-0.71478677,-1.6596845,-0.5449351,-1.2128681,-1.2738215,-1.5893141,-1.4137126,-0.18641727,-0.16822587,0.4008355,0.042933244,-1.4883912,-0.94506174,-1.6320684,-0.62777567,-1.6703948,-1.6988763,-0.8743911,-1.2008774,-0.73083824,-1.7786009,-0.7544608,-0.40171033,-1.2203746,-0.9619618,-1.846375,-0.82204884,-0.32696825,-0.5058427,2.843147,-1.0975488,-1.3700782,-0.93059427,-0.55433476,0.7845848,0.7359441,-0.26049095,-0.8081435,-0.4642641,-0.1534901,0.804709,-0.0061097103,-0.5222961,0.6463351,-0.53089136,-0.55933535,0.86511874,0.15772419,0.5987538,-0.60293716,-1.4006805,-0.6680317,-1.2491622,-0.14042267,-1.1592449,-0.7776668,-0.53465635,-0.3883624,0.25747868,0.9145952,-1.4056237,-2.246977,-1.282649,-2.1304371,-0.58720934,-1.273398,-1.4240116,-1.9511366,-1.6211094,-0.7148092,-1.8534428,-1.3642366,-0.41232544,-1.0605263,-0.59924877,-1.1453414,-1.2941144,1.0847098,0.83869195,-0.5989909,0.18230104,-0.3569303,-1.4059517,-1.4773111,0.20445287,-0.5670163,-0.8303935,0.597225,-1.7624941,-2.8046205,-2.4028926,-0.77433026,-1.3912007,0.4602305,-0.027627083,-1.3771889,0.8554174,0.043751825
-0.11036277,1.2821873,0.8254055,1.3731489,1.3398836,0.85843956,0.9235282,0.95014954,0.11583161,-0.20008837,-0.5349672,-0.2979982,-1.0553714,-1.2025211,0.39077365,-0.36895755,-1.6373286,0.4819408,-0.34872848,0.91437215,1.0706377,-0.6980105,-0.20219006,-0.112234764,-2.300482,-0.8511524,-0.11308671,-0.34521112,0.22960639,0.3313282,0.3543792,-1.7131084,0.9504541,0.7875587,0.121685386,1.042578,-0.031064782,-0.28826287,0.17128366,0.2608542,1.5757868,-0.98165494,0.08114707,0.15116695,-0.96381015,0.8713592,-0.2273952,0.6009091,1.0298712,1.2641872,-1.8156991,-1.63826,-3.3296738,-0.6392718,-0.29702097,-0.9880269,-1.4831314,-1.5468863,-0.87813646,-0.72152084,-0.89887965,-1.5096772,-1.1508458,-1.2815096,-1.4166853,-1.0259234,-1.2407626,-1.6641779,-1.8597113,-1.9176223,-0.29787657,-1.5487763,-1.8677284,-1.4327434,-0.3591499,-1.0711167,0.72483265,0.53475386,-1.6538972,-1.7936693,-1.8841784,-1.3015542,0.51386654,-0.85791945,0.451578,-2.4332004,-0.4433024,0.09211049,-0.1933719,0.26683643,-1.139109,-1.6673642,-0.29759997,-1.140822,-0.8389032,-0.6484085,0.650567,-0.42429477,0.029853709,0.918309
1.2017217,0.97297895,1.4059237,2.124493,1.8929467,1.1136904,1.4642997,1.8309414,1.1422774,-2.1463108,-1.5896354,-2.2477145,-3.502507,-0.34975293,-0.3439689,0.65363735,-1.2061374,1.7913406,0.53332233,0.8130812,0.771087,-1.1906896,-0.5798897,-1.2115312,-2.6674259,-2.7900944,-2.1938555,-3.278773,-1.4524018,0.20604287,-2.7573068,-3.1443462,-1.4849983,-0.15225613,-2.03187,0.28538758,-1.337106,-1.9519807,-1.4388545,0.69606626,-0.19111456,-3.4537637,-2.605377,-2.1532507,-2.197668,-2.7614884,-0.6878317,-2.3377144,1.1537548,-0.4591401,-1.8833194,-0.8799194,-1.3952993,-0.065136306,0.6347095,-0.49726406,0.14840534,-0.90700364,-2.6706872,-1.7446032,-2.5916662,-2.4665163,-2.0933049,-1.2465583,-1.7188,-1.9379773,-1.0676143,-0.9669652,-0.48637745,0.21090567,0.6373224,-1.5455534,-1.0549998,-0.7881096,-1.2145233,-2.3820286,-1.6322802,-1.5548698,-1.9768105,-2.8966532,-2.0128696,-2.5083907,0.010013019,-0.3486439,-0.33004257,-0.17102884,-1.8480573,-1.9763807,1.0066577,-0.82394034,-3.9461706,-1.6027313,-0.40516767,-3.429672,-1.5154274,-1.5150119,-0.92624587,-0.5460489,0.47313482,-0.3535948
1.6930335,0.8206963,1.3720714,1.5635836,-0.07139538,0.6354209,1.156607,1.5576715,0.89419335,1.4277538,-0.987115,-0.8858883,-0.82811266,0.34450975,1.3093319,1.4959161,-0.9868607,1.0521597,0.44428685,1.7112964,1.0490611,-0.2289631,0.62871194,0.8236981,0.12210003,-0.69881934,-0.16992775,-0.45594203,0.8443345,1.2070539,-2.5824537,-1.0626522,-1.4599146,0.59015375,-0.78728646,0.78665,-2.1245718,-0.763522,0.081477046,0.66843784,0.10724609,-1.9372375,-2.0242283,-1.2480078,0.13894874,-1.5855919,-0.5847612,-0.4425873,-0.101406455,-0.48542675,-0.05110738,-0.35512376,-1.0283606,0.82767,-1.7682348,-0.5424753,-0.48603195,-1.4592203,-1.270232,-2.0398145,-2.0004714,-2.1048386,-0.76871806,-1.0405327,-2.6536357,1.0678775,-1.6580253,-2.1680431,-1.260131,-1.2641587,0.32885858,-1.0716063,0.12641262,-1.1151494,-1.6837798,-1.4102145,-0.12817962,0.47537398,2.0260224,-1.1949989,-0.1548364,-1.296817,1.400924,0.9934473,-0.096699305,0.5022923,-1.3020738,-0.12341885,0.6147565,-1.0591708,-1.4308871,-2.1037908,0.26837045,-1.0371324,-0.55742866,-0.27112845,0.24420248,-0.23826504,-0.69351393,-0.025417205
0.91188276,0.5163638,1.358888,1.6569929,0.31945565,0.15705082,1.1551847,0.89590365,0.668366,1.1075338,-1.2990574,-1.7470431,-1.8644248,-0.27105218,1.1086882,0.4470271,0.08030586,1.775899,1.2190729,1.7748224,0.57454497,-0.9099559,1.1624709,-1.654869,-0.15420184,-1.5016254,-0.44797307,-1.6309192,0.9092563,-0.27484378,-2.385316,-2.0243611,-0.93138456,1.3862059,-0.25488237,1.7960144,-1.4386116,-1.6302627,-0.8100095,0.9381115,0.20761563,-2.0394487,-2.157386,-0.17602827,-0.38786694,-1.7264546,-1.3094342,0.09728701,0.85491484,-0.27665776,-1.1891818,-0.62267286,-0.89960027,1.1429217,-0.83627915,-1.1846977,-1.1549282,-0.13895443,-1.0747241,-2.4625602,-2.4221354,-1.8110704,-1.6802328,-0.512733,-1.220303,1.5756564,-0.50295824,-1.0725842,0.6244146,-0.058165368,1.2604059,-0.16508579,0.53625035,0.4277181,-1.2368144,-1.488497,0.3249426,-1.0769012,1.2162268,-1.3210304,-0.19987638,-0.48154473,1.4420996,0.84518397,0.40664133,0.19592252,0.30106923,0.06904876,1.7656327,-1.1514196,-1.1420435,-1.3668098,0.025028013,-0.33357567,-0.1792452,0.33054024,1.1086334,2.391531,0.80039406,0.26324928
1.8350935,1.2316735,1.0269688,1.2334297,0.7474726,1.53573,1.4183043,1.2966851,0.915414,0.9096503,-0.323824,-0.5144766,-1.2445526,-0.374836,-0.4208393,0.9571523,-0.7162917,1.0465676,1.028587,1.5862055,1.4028146,0.37123647,-0.83077806,-1.1080885,-0.42701527,-1.0500008,-0.5046694,0.2508336,0.034586653,-0.0008871471,-1.0497342,-1.8939469,0.017091805,1.6308836,-0.35576007,2.2661176,0.5514933,-1.7249006,-0.7936833,-0.22446136,0.03430945,-1.153258,-0.8846582,-0.26218855,-1.1064202,-0.57916325,-1.3219502,-1.0983031,2.4751916,0.02462882,0.49906173,0.2327262,-0.5236791,1.1714681,-0.26134068,-0.26435277,0.3966879,-0.19241288,0.9238521,0.3664387,0.4600911,0.45110142,-0.3571036,0.108118065,-1.0837098,-1.3074468,0.14924754,0.41776705,-0.060955573,-0.70967066,0.93320054,-0.10332332,-0.35443756,0.42813998,-0.105523266,-0.24726969,0.19542298,0.27877206,-0.61984074,-1.6577327,0.4410385,0.7474095,1.2868956,1.4190072,0.26856738,1.3903388,0.623343,1.1416905,2.1708794,-0.5819407,-1.5214162,-2.0461164,-0.21991307,0.22407515,-0.8850489,-0.09410177,-0.33801132,-0.2872958,2.0891,1.6434027
2.0472686,0.22034553,0.88612604,1.3956754,1.046475,0.20639081,0.01709351,0.13128561,0.4218726,0.5367215,-1.1972305,-1.3839157,0.12649351,-0.4899671,0.6365222,0.53688514,0.38184714,1.1109314,1.3908631,1.9746723,-0.36706793,0.3356573,1.5509864,-0.4093861,0.2829133,-0.3737987,0.54377514,0.3707661,0.45267546,-0.45141056,-0.62776905,-0.014627616,-0.70031625,0.46390334,-0.41826352,2.1857998,1.1949723,-2.085394,-2.1886652,-0.79249597,-1.3153646,-0.8175726,-0.93709487,-0.021136563,0.56999695,-1.0444316,-2.0307481,0.094169095,1.9543849,-0.03233417,2.1616304,1.05552,0.90136,2.0658333,0.7337939,-0.36964747,0.34502596,0.15881735,-0.22547403,0.052061282,0.6532941,1.2207998,0.6058069,0.75197387,-0.32734215,1.0563489,1.2431246,1.1560068,0.7802223,1.079714,0.94672126,0.43713838,1.0088931,1.6250893,0.922076,-0.62924343,1.9222838,0.6511163,-0.30988014,-1.2350831,0.20599498,2.007307,1.1510872,1.0260696,1.6640388,2.605414,1.8927985,-0.9754034,3.0466292,-0.3377183,-0.5695403,-0.36819318,-0.046145882,0.58083856,-0.40411,0.10660248,0.6193529,2.155883,2.6730728,1.7162781
1.3099868,0.9583873,0.49778602,1.3222306,1.7413783,0.65319836,0.08739788,0.4156087,0.640897,-0.30741218,0.42328894,-0.4247335,0.35359445,-1.1427875,0.41991705,-0.2808579,-1.1445968,-0.4410295,-0.6687814,1.6144078,0.23836881,-0.44173217,-1.4533833,-0.99720216,-0.9889157,-1.1074892,1.1531075,0.8103746,-0.10634707,0.43973386,0.539963,-1.2924684,-0.9261297,0.56249654,-0.6529135,1.027945,0.12639444,-0.85967386,-0.5327808,-0.59892684,-0.3038265,0.21076052,-0.45899612,0.4288493,1.0890595,-0.028248396,-1.4402008,-0.786796,-0.31549746,-0.35052025,0.6671546,0.61503464,0.70451117,2.3531134,2.04732,0.4940856,1.0285758,0.43711856,0.741191,-0.27361065,-0.69053966,-0.086214684,0.21256493,0.14060144,-0.37845874,1.245778,-0.112858616,-0.74579316,0.045644645,0.72822374,0.8127833,-1.4715285,-0.2781095,0.04662629,-0.7204431,-1.2377232,0.3678726,-0.8362641,-1.1259453,-0.5030977,-1.281624,-0.20761366,-1.4479514,-1.8052888,0.39937493,-1.7939632,0.9395439,-1.4708833,0.06725365,-1.0921173,-0.60621166,-0.8253209,0.809002,-0.81989974,-1.251196,-0.62854224,-0.7653057,0.04170397,-0.19779417,-0.44462064
0.4285831,0.16034737,0.06569666,0.6357157,1.070909,-0.03953748,0.24480042,0.079849295,1.4742701,0.8672135,0.6912746,-0.2841671,1.5553278,0.73657924,-0.88207763,0.009633072,-1.250668,-0.50922084,-0.1456436,0.20373659,0.2478092,-0.40601197,0.06097722,0.16630487,-0.28031364,0.36350286,0.35030717,1.9203447,-0.76364136,1.6937711,0.706644,-0.012985456,0.017246304,0.42078006,1.0143515,0.008015897,0.772984,-0.37307706,1.488263,-0.5208829,1.4039446,0.5031104,1.0165422,0.47165573,1.026558,1.7366587,1.7235404,1.9006702,0.17543243,0.8834069,-0.027877487,-0.9938272,0.1566709,1.2647113,1.7145344,1.2927642,0.31226143,0.4529992,0.6688894,-0.18352593,0.47532466,1.0607938,1.3751479,0.73140013,-0.059706237,1.7516483,-0.98547834,0.1971252,-1.2105504,-0.22890279,-1.5826473,-0.95901495,-0.73321664,-0.91319495,-1.3741211,-1.0550823,-0.63647,0.4848317,-1.1131066,1.0693963,-1.8726737,0.28165796,-0.23017843,-1.1212094,0.25471127,1.3240122,-0.66423565,-1.2828414,-1.2057345,0.34216976,0.096680194,-0.26700032,-0.38042006,-1.63748,-0.9597893,-1.010252,-0.6073164,0.54692894,-0.42820978,0.12448556
0.13393924,-0.48948258,0.6467659,-0.07477545,0.543778,0.52852696,-0.541058,-0.36203304,0.8297506,0.07187989,-0.7661107,-0.08177551,0.33496162,-0.8155417,-0.81362164,-0.3991665,-1.6335588,-0.66809297,-0.8934005,0.3087792,-0.0057230433,-1.1994132,-0.9042299,0.06814941,1.648924,0.13482434,0.7292442,0.8134465,-0.00071130943,-0.121791646,1.1268656,1.361629,-0.6659484,-1.09463,-0.04162878,0.08135539,0.35163498,1.1297672,0.276225,0.56394774,0.3994121,0.2456704,0.010902651,0.6051355,0.8009082,0.7373793,0.85507643,0.24258667,-1.0797986,1.0906389,0.07017488,0.7427204,-0.90749913,0.86354476,0.5125822,0.106720895,-0.17964152,0.58713996,0.020287598,-0.6201029,0.8016315,0.035623223,0.36427805,0.39967042,-1.04969,-1.4164894,-0.5022264,-1.2697636,-1.6809752,-1.4106195,0.11385838,-0.5324384,-1.2121869,-0.11552972,-1.1595734,0.42217493,0.16529326,0.7415664,-0.3970044,0.8421525,0.23296975,-1.1000072,-0.106940106,-0.19767381,1.2878599,0.8811279,0.15624438,0.024747718,-0.12197733,1.7123119,-0.070934966,0.05937979,1.6555718,-0.39807546,0.24456763,0.44836864,0.88756627,0.61315876,-1.209434,0.5291464
-0.2524923,-0.8979552,-0.67488384,-0.2635667,1.4910562,0.42407802,-1.3853328,-1.0572281,-0.44853684,-0.57252324,0.44798064,-0.21740259,-0.60433614,-0.049688615,-0.78174084,-1.5073925,-1.5390866,-1.3691912,-1.7444826,-2.275729,-1.1121475,0.24708293,-0.6884622,-0.52257603,-0.7459985,-0.20795213,0.8759984,1.3154411,-2.6716917,-0.28588733,0.7975712,0.89694786,-1.2016503,-0.5763719,0.09607367,-0.17112288,0.028528314,0.62543416,0.15126869,-1.3671352,-0.55484253,-0.072697796,0.47173333,0.109593764,0.8460192,0.5605494,-0.513508,0.24887906,-0.14450307,-0.111002535,0.6185283,-0.033271518,0.014466503,1.2790425,0.80385184,-0.8786608,0.48020056,0.42689133,0.76348215,1.2367533,1.2185178,0.4916532,0.11856435,-0.3019791,-0.006029522,-0.2821861,-0.39270997,-0.6372005,-1.0562506,-0.6778126,-1.148875,-1.1552936,-0.59083605,-1.2353452,0.004973662,-0.19908077,-1.6839967,-0.32758263,-0.14330362,0.6791946,-1.4138567,0.7802253,-0.5989682,-0.15891145,-0.12806655,-0.6912467,-1.2351737,0.34919852,-1.4706647,0.060729515,0.56003493,-0.12808804,-0.8036622,-0.7464126,-0.11307683,-0.118343465,0.1809429,0.3807386,-0.64862597,-0.37470958
0.78825533,-0.3372378,-0.16309905,0.48031858,0.9411919,0.3418762,-0.83330905,-0.9926051,0.05776422,-0.7960117,1.4999073,0.21653055,0.5740289,-0.9687709,-0.3091553,-0.8745541,-0.50192684,-1.1077011,0.25905117,-0.30053017,0.13030127,0.042666562,-0.7617955,-0.7753574,-0.7507908,-0.034762125,0.34979373,0.88663715,-1.0810195,0.8660556,0.8997525,0.5428948,-0.110812284,-0.3876087,0.19717802,0.37105522,-0.05234035,0.21751022,0.5926782,-1.1353756,0.6760937,0.92712057,1.1628368,-0.123158716,1.8126254,0.7011675,0.4586233,1.4820663,1.446465,0.7104262,-0.13620226,0.883343,0.37544298,1.2643291,1.2387102,0.6304786,0.4273024,0.14308368,-0.22406425,0.8710666,1.2232674,0.6960123,0.30251548,0.102221474,0.6756313,-0.20018452,-0.66300213,0.3648592,-1.2296052,-1.6387979,-0.032414943,-1.1035948,-0.5102093,-1.5012909,-0.71621823,-0.5374678,0.013379643,0.08610161,-0.60917306,-1.8448309,-1.7101549,0.388319,-0.70652336,-1.4655409,-0.7070811,0.745013,-0.9823723,-0.9008763,0.021265574,0.21823648,-0.13639729,0.8220572,-0.30491123,-1.2853919,-1.1399134,-1.0956658,-0.9242969,0.7043636,1.191983,0.26245052
0.5538212,-1.5295997,-0.17407553,-0.8312248,0.51612926,0.63158274,-2.0422187,-1.68966,-0.19963335,-1.6981382,0.99093413,-0.23298252,-0.07294695,-1.9231571,0.1497705,-0.7280985,1.3476365,-0.97209173,1.0189095,-0.733688,-1.4212039,0.13875003,-0.7815159,-1.4239209,1.4259721,0.7804108,1.0738839,-0.109483,-1.4342917,-0.64826244,-0.095829755,1.9028748,-1.2657127,-0.74354756,0.090591535,-0.7027029,0.6209769,0.2635813,-1.4754697,-1.0991435,-0.8312731,0.49351874,0.34172606,-0.26656488,0.6717824,0.35661662,-0.13339931,0.3908786,0.6966578,-0.056397226,0.36805257,0.6147852,0.59666026,1.4329134,1.1799548,0.06719374,0.33024317,-0.009600941,-0.6883218,0.053548846,0.7521557,1.9632063,-0.25077868,1.3427005,1.0196034,0.97850496,-0.14623186,2.273139,0.5165225,-0.41998705,0.21124993,0.23769939,0.5711788,-1.509967,-0.2724303,0.22607343,0.36610934,-0.54302454,0.67531824,0.3859433,-0.38231274,1.099731,-0.39056903,-0.20138514,-0.4575482,0.5732881,-0.22120357,-1.6114608,-1.0448935,0.8792922,0.20094736,-1.6198118,-0.013473155,-0.27461547,-0.3774137,0.43046957,0.8116378,0.8860128,0.82437265,0.06691486
0.52909404,-0.4735328,-0.3152997,-0.2918482,0.9686127,-0.42914486,-1.1715732,-1.3010219,-0.40241444,-0.7844417,0.42310777,-0.58125466,-0.9510579,-2.0108778,-0.8029831,0.13758181,2.5734146,-0.84197485,1.473515,-0.6914009,-1.0424489,-0.551556,-1.1710126,-1.2192872,0.68812704,-0.3353958,-0.30329075,-0.5961744,-0.5256677,-1.4080601,-1.0528977,-1.1834574,-0.37802997,0.4642748,-0.46519688,-0.878372,-2.8899841,-1.9567971,-1.9674443,-1.8459027,-1.6520054,-1.68308,-1.052684,-1.8200855,-0.45544258,-1.8893603,-2.1890411,-1.3860385,0.06954038,-2.2218406,1.0551629,0.3141578,1.1272689,1.4378055,0.53233373,0.20565636,0.17933547,-0.06269754,-0.649314,0.52368045,0.36816204,0.7834906,-0.61069417,1.2105827,0.56498605,0.087283544,0.30073464,2.742906,1.6088127,0.19092669,-0.5376642,0.35219863,0.13272846,-1.289278,0.43769172,-0.09479002,0.62285274,-0.2922623,0.6603018,-0.3879207,0.9185188,-1.0870059,0.30876803,0.57589066,0.33878157,0.50339687,0.018955242,-1.1907734,-1.2520217,-1.3019785,-0.22753923,-1.8125956,-1.0120873,0.3795859,-0.47502697,-1.3265196,-0.48084122,0.22829351,-0.24206607,-1.8875608
-0.38395268,1.1604494,1.0581708,-0.09938435,0.07127026,-0.44672933,-0.037529726,0.15693697,0.62452036,2.7896438,2.054311,0.51996267,-0.616824,-0.008945306,-0.8548036,0.35970062,0.022395616,-0.08617392,0.96982026,1.8866022,-0.19677462,-1.5730752,-0.3903829,0.9034294,1.3978842,-0.98108065,0.5443537,0.8062361,0.5759866,-0.5230455,-2.134952,-0.7703861,-0.33102036,-0.9837416,-0.99924767,0.7524448,-0.7038596,-0.35323226,-0.63509625,0.28147206,-0.27925554,-0.37496203,-0.9780939,-0.30897564,-0.7344136,-0.8541197,-1.1934946,-2.4486258,-0.99218297,-0.75449353,-1.2268102,1.7778182,0.020724911,0.6916339,-0.18992162,0.3313161,0.70691955,0.8121517,1.6791619,0.8134753,0.7866116,0.3288311,-0.9727057,0.5036643,1.1161269,0.79145235,0.2563586,-0.14838926,-0.61948174,-0.3771752,0.48527274,0.12594043,0.5449226,0.6029761,1.4019718,0.7233235,1.1735971,0.68634284,0.8552962,-0.789495,1.2508076,-1.060627,-0.21958229,0.122490585,0.0002478336,0.3685065,1.0836753,1.1529622,1.5579028,1.3095095,-1.1558942,0.17558545,0.89975387,0.797998,0.87686235,-0.26647866,0.30771807,-0.8449987,-0.6085132,0.4005942
1.4086753,0.12389616,0.33059803,-0.27502623,-0.9924148,-0.61980236,0.2586258,-0.049026497,0.2393077,0.7033598,1.675515,0.81608516,0.3696455,-0.9676862,0.60191745,0.39606825,-0.14710464,-0.17904347,0.17749485,0.22898579,0.038714077,-1.7616297,-0.87520474,0.96996224,0.48936197,-0.6638339,-1.273883,-0.85081,0.73158973,-0.66923314,-2.9478047,0.33693045,-0.64973116,-2.4942467,-2.5706046,0.054892432,-0.69736934,1.4730779,0.62413657,0.9783357,0.104143046,0.3608626,-1.2180313,0.42732093,-1.2231115,-0.6582356,0.45001608,-1.3166195,-0.4731255,0.7576678,-0.11641551,-0.1291972,-0.5983092,-0.25040522,-1.1818337,-0.25497687,-0.64456594,-0.5225596,0.0065811267,0.5717665,0.5373298,-0.7019246,-1.107206,-0.33577555,0.01133192,-0.63436764,0.081104726,-0.50045323,-1.1159359,-0.3562844,0.48882383,0.0014409802,0.293197,1.8148298,0.9492371,-0.016661402,-0.48943734,0.10595762,0.9471047,0.654504,1.6264405,-1.5355318,-0.091299996,-0.7503899,0.40776628,1.594132,0.72653234,0.8549334,1.0466459,1.9060054,-0.43567482,0.8346024,2.5261085,1.5559125,1.3601949,2.0517814,1.0835853,0.9418264,0.12288281,1.6946144
2.0092058,0.6834013,-0.26263252,-0.48597634,-0.37721482,-0.81035537,0.15611412,0.055362914,-1.3526256,-0.37208405,-0.7128297,0.05801416,0.031401966,0.1322081,1.5133976,0.6668865,1.5110044,1.3907108,0.37749243,0.14295436,-0.6990348,1.3464642,0.52703524,1.4430923,-0.03318662,0.33528078,-0.8578593,-0.77810663,0.96625185,0.4073208,-1.0495437,-0.8871716,0.40819034,0.48455647,-0.6256189,1.1599195,-0.45961723,0.9362222,1.2833376,0.6607916,0.28289816,0.10975359,-0.3861763,0.4421232,-1.9817579,-0.48331907,0.9271717,-0.8885255,-0.31220967,-0.08688278,-0.31677,0.7159762,0.33083284,-0.9113004,-0.8583856,-0.13622431,-0.25973803,-0.7446494,-0.8978689,0.3637205,-0.34867036,-0.91909415,-0.0880364,0.5732358,0.047706597,-1.5492847,0.8743491,0.86010265,2.5436406,2.3201003,1.1304449,2.0558038,1.4298422,0.50756794,0.63771945,1.2003522,1.1741252,0.18793713,-0.97606164,-0.33472243,1.2221944,-1.1778625,2.2690067,0.92735916,0.924899,0.14745288,1.0754331,1.4979806,1.8441879,-0.5115667,-0.2806944,-0.5655949,-0.011831914,0.8955255,0.9108091,0.22086902,0.25007492,0.20438941,-0.2918339,-0.0795859
-0.61277235,0.4004206,0.21385504,-0.08188917,0.18765403,-0.24474874,0.3028283,0.3471703,-0.570624,0.016265351,-0.8021721,-0.2611892,-0.5717728,0.073287755,-0.46912467,0.41069993,1.0101168,0.71495545,-0.71469676,1.8161683,0.07887133,0.28139043,0.54926157,0.37419346,-1.42721,-0.1933971,-0.8211317,-0.65752834,1.2857664,0.021626554,0.49680004,-0.6943543,-0.3299637,0.5888292,-0.2504488,1.4201158,0.9883027,0.63290846,0.3457092,1.1489449,1.2438772,0.9663349,-0.14455657,0.015411791,-0.9693947,0.4643387,0.82138705,0.059031945,1.0540161,1.3255292,-0.40479356,-0.20551252,0.74974173,-0.068928614,-1.0433065,-1.0456123,-0.65822035,-0.7652805,-0.7104847,1.01884,-0.21955507,-1.0321648,0.82730293,-0.3087562,0.48077038,-1.3024986,1.0374609,-0.05996187,0.8852316,0.62434417,1.3661778,1.1617515,1.6024605,0.9439895,1.5885624,1.5747881,0.86714846,1.4751257,0.30947915,-0.6044491,1.2170504,-0.0034110544,1.0177866,0.90843505,0.43541294,0.5981342,0.3370165,1.0978063,0.7849152,1.0546279,-0.2090821,-0.6181884,1.4609636,1.2279061,1.6018027,0.31586698,0.49010494,0.7039904,1.1093582,0.90058416
1.0696067,0.20694716,0.13569467,0.23770027,-0.07519002,0.64816046,1.0925547,0.6746346,-0.07427259,-0.19954428,-1.0240922,-1.215302,-1.0749551,-0.32001224,0.41109967,1.624894,0.8647713,0.95813286,-0.26499718,-0.36933285,-0.03690553,1.1442064,0.0053097634,0.8437731,-0.9462045,-0.008428575,-0.20733339,-0.9464344,-0.7816209,-0.7171901,1.0880852,-0.37369466,0.81509584,1.5613644,0.16461216,0.7948356,0.06105712,0.71622044,0.49176413,0.6015565,1.0900159,0.5432712,-5.6635625e-05,0.53591317,0.122168034,0.20550309,0.4885161,0.8661113,-0.57647115,0.40334526,0.5517841,0.53673136,0.5538936,-0.49745595,0.4274197,0.5247078,-0.16833521,-0.5432338,-0.8972043,-0.55958927,-0.4173758,-1.1710604,-0.61401415,-0.1503647,-0.49055612,0.31864592,0.23980789,0.3513602,1.6260655,0.49557745,-0.61635274,0.48058674,0.14150971,0.45643923,-0.11054492,0.16825634,-0.16792819,-0.17898874,-1.0367118,0.050651748,0.8723926,-0.21516596,1.254069,1.9097837,0.5412684,0.26882288,-0.7821249,0.10099356,1.0460105,-0.36562747,-0.5903712,-0.5272499,1.0732945,-0.76076645,0.6640558,0.50229716,0.7416962,-0.3242973,-0.13389808,-0.46024945
0.51145774,0.30095103,1.0431625,0.12601955,-0.99156266,1.122892,-0.22540765,0.5299762,0.61584973,-0.028437572,-0.70062137,-0.46483064,0.2875369,-0.04911588,0.6713797,0.96649647,-0.38903022,0.0945351,-0.42830527,-1.0425457,-0.41438118,1.2289213,-0.3757006,-0.6348825,-0.6307491,-0.2633108,-0.5471749,-0.046073005,0.26193488,0.4179073,0.25854287,-0.37295032,0.23246162,1.8725349,1.1540953,0.2777579,-0.063558556,-0.622898,-1.0274326,-1.175852,-0.1365251,-1.2562685,-0.19160643,-1.113504,0.6655446,-0.28975552,-0.06748578,-1.0551846,-0.75119185,-1.3084146,0.27251184,0.09510344,0.49866846,0.35202137,-1.3534695,0.30441308,-0.07876626,0.28425455,-1.0335692,-0.8240452,-1.2003863,-0.03655638,-0.86245495,-0.5872193,-0.03694718,0.6173546,-0.6298396,-0.44502065,1.3919761,0.46084842,-0.40670103,-0.80118215,-0.008516383,-0.510585,-1.400907,0.034808986,-0.4280826,-0.6315416,-0.55533403,-0.522421,1.139065,1.1372029,0.43430677,1.4699341,0.7394259,-0.9761716,-0.26582366,-0.2308288,0.21721236,-1.2441354,-0.06888475,-1.1793814,-0.0973536,-0.9387748,0.30306098,-1.1180004,0.23604946,-0.39660004,-0.41879633,-1.0426227
0.29802495,0.019196818,-0.5069124,0.08449584,-1.5568857,0.56626874,0.041108932,0.33854803,-0.7824798,-0.08422409,0.48492318,-0.03837815,0.18683723,0.69811386,0.7302191,-0.044892192,-1.5394505,-0.5787828,-0.60881114,-0.6263203,-0.049892616,-0.310897,-0.4651884,-1.1206698,0.024940997,0.08604251,0.31183705,0.90841275,1.2268987,1.0882941,0.29652944,-0.46194276,0.5119607,1.3251982,0.78420335,0.5687435,0.6702695,0.55794615,1.1321911,-0.40562066,0.9593815,0.40263712,-0.31622374,-0.22120577,-0.12671278,0.17672637,0.49351463,1.3329593,0.78177977,1.3895148,-0.057774622,-0.92344964,-0.31115776,-0.70516634,-0.87308836,0.41198573,0.3524426,0.16974899,-1.0294157,-0.8300633,-1.2980392,-0.2836883,-1.2354728,-0.20012534,-1.7862757,1.1741099,-1.3732564,-0.80277103,-1.1581956,-1.0483164,-0.94638354,-1.2546853,-0.903943,-0.8787409,-1.6650126,-1.9069439,-0.8173855,-1.5483258,0.94735116,0.97979426,-0.48529893,-0.27501628,-1.5611804,-0.08018632,-0.28930163,-1.5901147,0.95294845,-0.41315582,-0.71253145,1.4790131,0.29666576,-1.4267989,0.52700895,-0.27169898,-0.72812957,-0.43269986,-0.14653966,-0.09986255,-0.08506755,1.7668681
1.6093559,1.1901462,0.5388303,0.12318659,-0.31039828,0.792068,0.41757464,0.62152296,0.25773963,0.8223036,0.2664351,0.42618504,0.7705566,-0.31672865,1.5072578,0.6423026,0.039185166,0.46821997,-0.042825,0.884186,0.59957135,-0.0009205912,-0.48308578,0.14765394,0.98387235,-0.55593514,0.92128646,1.2870371,0.9465213,0.04398519,0.39761564,-0.11208427,1.1804898,1.1836423,0.9273825,-0.6059788,0.6897741,0.34312657,-0.5480704,-0.29054558,0.0770939,-0.24542716,-0.5866139,0.48679027,0.9231984,0.08388581,-1.1122543,-0.016655318,-0.015909977,0.661654,-0.82547486,1.3996372,-0.14406651,0.18030961,-0.23440458,-0.26667252,0.8694201,1.3661861,-0.047426432,-0.7306254,-0.73139477,0.05853106,-0.13288899,-0.8797359,-0.8968203,0.1813181,-0.08725831,-0.80642277,-0.40625134,-0.6930922,0.110200495,-1.0114554,-0.43067065,-0.24056485,-0.6353041,0.11491724,-0.06365044,0.11029888,0.17320813,-0.88793445,1.0617349,-1.1766793,-0.4216741,1.1599411,0.86342645,-0.1311384,0.70473325,0.5008881,-0.589903,0.87071234,0.29509968,-0.6156071,0.050461546,-0.7051005,-0.068156734,-0.012560036,0.049554203,1.5074596,-1.4024231,0.59792936
-0.22689302,0.16770205,0.4828868,-0.7568878,-1.2119356,-0.024119357,0.1880701,0.14179493,-0.17602797,-0.032868356,-0.14097305,-0.7784676,-0.15284647,0.18750216,0.7812598,0.4570976,-0.64030904,-0.35186335,-0.28401703,-0.008989495,-0.63047314,0.5559918,0.7997682,-0.950208,0.019183073,-0.059525944,0.6699579,0.6374058,0.9720369,-0.0031208422,-1.2732793,-0.12289438,0.30092064,-0.34894627,-0.56529665,-0.32277763,1.2211168,-1.3862185,-0.7329851,-0.82953894,-1.1962032,-1.4447569,-0.6511911,-0.03777185,-0.27779955,0.11450076,-0.9466232,-2.2100332,-1.4489124,-0.89480203,-0.69956577,0.4242774,0.32448098,0.31688887,-0.68342483,-0.5353776,0.8233264,1.0065055,-0.28481966,-2.0108159,-0.7232345,-0.04999888,-0.24034883,0.49787363,0.32692307,0.79969716,0.45211196,-0.39894167,1.093095,0.5564559,-0.050265923,0.44617245,1.0070531,-0.36251625,-0.33321372,-0.2994807,0.12114475,0.062277835,-1.168405,-0.5389583,0.22869034,0.20321843,-0.1483238,1.7174822,0.28833783,-0.25854626,0.31503558,-0.50067765,0.5178339,-0.12773933,-0.20919947,-2.1383095,-0.6371758,-0.69806796,-0.31019965,-0.8774089,0.67347205,1.3434656,-1.5246909,-0.95964444
0.25033748,1.6278088,1.5745245,0.57858783,1.1846317,1.3061625,0.41345954,1.0559825,0.8447849,-0.15418658,-0.13429593,0.6257778,1.0041429,0.5559559,1.3934661,1.3423622,0.57089305,0.2563888,0.2675613,0.19102485,0.3840983,-0.11524394,0.46237937,-0.10583248,-0.9978453,-0.22471939,-0.34197333,0.03570235,0.24375081,0.87384844,0.63556683,-2.0679228,0.052957706,0.687542,-0.37748232,-0.061830558,-0.30756852,-1.8585604,-0.19871433,-0.46888214,-0.88904864,-0.92429703,-0.5487188,-1.1278962,-0.070549436,-0.98023045,-0.4903168,-1.961183,0.47803977,-1.4962249,-0.13012478,1.2430551,1.0992427,1.5580624,1.2165601,0.21498351,0.80756956,1.4137917,-0.41817507,-1.0925617,-0.12011218,0.33195245,-0.11361281,0.47107077,-0.38038525,0.017817607,0.58921754,-0.1829372,1.4963932,1.3505934,1.8188975,-0.07548035,-0.00024988002,-1.0732311,-0.7056263,0.24188048,-0.23397283,-0.80138695,-0.60556453,-1.6583505,0.33449718,-0.35460818,0.7394194,0.6039237,-0.26449922,0.0928316,-0.13809939,-1.1867601,0.24021718,-1.9068291,-0.56572026,-0.21337254,-0.6136518,-1.536755,-1.089736,-1.7588094,-0.8347509,-0.64509964,0.21362004,-1.0642629
1.1207147,1.1774598,0.50550324,0.67517334,0.4089188,0.3792018,0.6285906,1.4007854,0.7548123,-0.07801344,0.5271424,0.105140656,0.6846344,2.1310577,0.14115325,1.3443581,0.2976821,1.4208468,0.9338025,-0.2972772,1.0219324,1.3723841,0.21516638,-0.7348677,-0.5724751,0.39153993,0.057239484,0.67468274,-0.3959582,1.8904195,0.24670966,0.14036374,1.6121542,1.2201408,0.79982024,0.38231075,0.48630852,0.18088126,0.6966548,-0.554914,0.63558,-0.54754376,0.09822713,0.18597592,-0.0007774924,0.56581366,0.21608488,0.5362735,-0.12283145,0.20047514,0.6314932,0.3926778,1.4912798,1.4359962,0.35731438,-0.3522675,1.5952415,0.6987807,-1.0265499,0.5254407,0.46068963,1.3590884,0.32828724,0.22217704,0.3165916,-0.6870067,0.20193034,-0.2682289,-1.1129206,0.18209141,-0.21546242,-0.26923576,0.42753693,-0.9098087,-0.7442205,-0.733788,-0.92730427,-0.26351702,0.2142622,0.92430484,-0.4831612,0.5249097,0.087167665,0.40384212,0.49106023,-0.060145356,0.40665525,-0.51327723,-0.90728676,-0.29687962,0.82552624,-0.41757923,-0.11960075,-0.65403324,-0.584473,-0.8711738,-0.24950428,0.1604918,-1.4849001,-0.14090241
1.1494788,1.3958589,0.075355336,1.8717796,0.31161198,1.5744004,0.8838597,0.61609185,0.77860034,-0.47625107,0.35558966,-0.006590581,0.41362065,-0.16920918,0.49326524,0.92293125,-1.0358126,0.45803788,-0.77674294,-0.37923634,0.3772789,0.38693598,-0.042591907,-1.3731983,0.038509242,-0.80463684,-0.928271,-0.9684601,-0.6144278,1.0457557,0.23597078,-0.18941267,1.5740958,0.33159366,-0.77529067,0.5720526,-0.2826963,-0.9398373,1.0547904,-0.64830834,0.92283094,-2.031725,-0.5216995,-0.09242223,-0.039027177,-0.7288427,1.1293573,0.40062428,1.5837176,0.90815514,1.2631577,1.0701785,0.041423254,-0.21573943,0.7737107,0.40933374,1.0545349,-0.19974396,0.064304575,1.0683311,-0.49834317,-0.7022507,-0.9250075,-0.587742,-0.0060070995,0.99343145,-1.040485,-0.020218043,-1.6943679,-0.6055022,-0.28620908,-2.1663496,-0.61182386,-1.9715415,-1.9734869,-2.188237,0.12000758,-0.7036973,-1.2496384,-0.76939404,-0.9928922,-0.1074965,-1.4133891,-0.92542076,-0.55628073,0.14589584,-0.27125472,-1.6111964,0.15653169,-0.38346326,0.017552033,-2.0091,-1.6553856,-1.5747334,-2.6678905,-1.0383143,-0.47506058,-0.5926822,0.6284278,-0.25826782
-0.60304266,0.54551065,0.7942256,0.11108699,0.53607404,1.2631549,0.78962487,0.8923751,1.0566428,-1.6508479,0.51705843,1.5188847,-0.21530376,-0.41695288,-1.1647607,0.96593356,-0.35228702,0.34928948,0.5752554,-0.59812725,0.95263934,-0.2888149,-0.35155833,-1.4400102,-0.77264374,0.1834882,-0.7822943,0.024463769,-1.0381367,1.571097,-0.53430474,0.54341817,-0.046081442,-1.0939362,-0.7744758,-0.31367886,-0.74878734,1.1985931,1.6122286,0.65656567,0.84933215,0.019644786,-0.27002692,-1.6638621,-1.4699833,-1.0385715,1.514969,-1.5962073,-0.56513786,0.18926506,-1.5159562,-0.16144106,0.10602413,-0.40020227,1.0031532,1.2490373,0.5569488,0.9687804,-1.219255,-1.1711017,-0.5499852,-0.47680324,-0.8451035,-0.05133465,0.4159819,0.48993322,-0.0890187,-0.46725336,-0.29972804,0.7651181,0.2523153,-0.98892695,-0.5511648,0.107153,-0.24054156,-0.9339034,-0.05418883,0.16111074,-0.76166815,0.24679655,-1.1505089,-0.8792599,-1.3669083,-2.0065055,-0.6651919,-2.6649919,-2.0532057,-0.9876177,-1.1917176,-0.22855607,-1.2126281,-0.010024255,0.09665875,-0.9543029,-0.88768566,-0.9103824,-1.7526348,-3.1452446,0.6996203,-0.81779206
0.6383701,-0.7198251,1.0212355,-0.44390288,0.72348803,1.0310979,-0.82854176,-1.143515,0.043824986,1.5100124,0.20442528,2.6050997,1.1419094,0.07613579,-0.6132511,0.46151665,1.6160398,-0.59792596,0.46097887,0.038183346,-0.004310666,1.5964029,0.14989564,0.6736232,1.7495534,2.0843148,1.9286312,1.6026253,-0.24977657,2.3349423,-0.5914378,1.3534813,-0.45981336,-0.69876885,0.5501136,-1.014875,-1.3374966,-1.1004264,0.14777334,-0.38293007,-2.1987915,-0.30985317,-0.51868063,-0.98289096,-0.5727553,-0.7635658,0.41775554,-0.59374857,-0.039193816,-1.5467359,0.73949295,-0.28892767,1.030215,1.4981495,0.89676625,0.22426717,-0.7320045,-0.34134704,1.0769765,2.6580977,2.4012086,1.0857439,1.1660347,4.4479537,3.2543905,1.4051301,0.5202612,2.592773,0.26511067,1.1817478,1.7717702,1.1603284,1.3612533,-0.6125524,1.1901095,1.3998886,1.3308783,1.5408261,0.04730469,1.3850325,-0.45840713,-0.45150122,-0.08906949,0.42525283,2.0517325,-1.5638422,-0.7844704,1.251385,-0.6769756,-2.5629387,0.5907851,-0.52120465,-0.18159007,0.10517304,0.0039487556,-0.53736365,0.5496666,0.81353945,0.25385788,-1.5789692
-0.97291124,-0.9019684,0.6179364,-0.38602936,0.4640557,0.78024256,-0.588568,-0.65131074,0.13848363,0.54923344,0.24573272,2.1179335,-0.2410362,-0.80177003,-0.41584966,-0.44751376,0.91519105,-0.2978113,-0.19799167,-0.92799073,-0.63230395,-1.1820405,-0.639395,0.15769717,-0.23775883,0.7991401,0.57128227,0.22003877,-0.9671368,-0.081023894,-1.2118156,0.09189904,-1.876797,-2.0903094,-1.2727633,-1.561742,-1.3343508,-0.27949417,-0.6320291,0.15126976,-1.2299348,-0.45528388,-1.8232775,-0.026057797,-0.4365826,-0.6460652,-0.76623195,-1.0325053,-0.68100905,-0.9190353,-0.48144653,-0.27969137,0.4220071,0.8130587,0.3185937,0.6265282,0.08387612,0.32209328,1.1935028,1.0970616,1.6409365,0.9341909,0.017737022,1.6260707,0.43046775,-0.23201168,0.64032006,1.7406336,0.56209487,0.4959881,1.0782074,0.31603298,0.7668812,0.54114985,1.4767724,1.610281,1.3055539,0.5385856,-0.8493743,-0.095692456,0.3501943,-0.5696798,-0.16900624,-0.6021425,0.40344578,0.4281304,-0.75332004,0.4033212,-0.7808333,0.17870668,-0.413687,0.30230165,1.3539519,-0.7796,0.59835696,0.27416623,0.34105754,0.44134173,-0.0024084423,-0.8391296
0.017790332,-0.55275095,1.1536714,-0.72078776,-0.17865819,0.6651167,-0.70027125,-0.24224617,0.86382186,0.04368161,0.6308786,0.9072816,1.2357152,0.2964462,0.12190493,0.12968402,-1.4673035,-0.6657216,-1.1671785,-0.8311707,-0.5799049,-0.40282294,-0.26262653,-0.3912017,0.84978247,1.321068,1.9530226,1.8342223,0.4191966,1.339231,-1.1710633,1.3678855,-1.1035367,-1.3171786,0.49235788,-1.3891174,-1.4624559,0.962084,0.7308261,-0.1098245,-0.5838325,0.8513454,-0.53496647,0.6010519,1.245588,0.5590218,-0.8063939,-1.5848753,-1.8718947,-1.3344508,0.3571461,-0.39504507,0.37130848,0.48851177,-0.54050803,0.7179375,1.0280843,1.2549897,-0.011048749,-1.1680558,0.8043019,0.39367783,-0.5441343,-0.9439943,-0.7691068,-0.6275601,0.6531771,-0.40628257,-0.783783,0.5469023,0.51613706,0.20006955,1.2745273,0.7910648,0.6955261,0.64578426,0.012475616,1.1189073,-1.2161784,0.8877436,0.025973586,-1.5891082,1.2839674,-0.12319538,1.6800078,0.87833804,-1.8837665,1.4567165,-0.29516676,-0.55582225,-0.5398715,0.25924793,1.2490433,0.40217233,1.1242309,0.7580941,1.8574507,0.49533695,-1.5076953,-1.8830508
-1.6048304,-0.0742542,0.67098826,0.0177559,0.2978664,1.1311115,0.9292161,0.641173,0.31448957,-0.09592676,0.12575501,-0.22673172,-0.84722763,-0.7779861,-1.1159897,-0.030486494,0.16917224,0.27700087,-0.041888114,0.21282826,0.244849,0.043775488,-0.53946537,1.6309862,0.089075394,0.078445,0.35153937,0.47109583,0.17075299,0.69738173,-0.6961,-0.6318992,-1.8869044,-1.3801985,-0.2905194,-0.5180509,-0.47228813,1.2935076,-0.58689415,1.7827669,0.5174395,0.543572,-0.3434002,0.698965,0.12849732,-0.100421414,-0.039395295,-0.07553666,0.23912863,0.39011374,-1.1864954,-0.6105468,-1.5780714,-0.32931274,-0.36495438,0.23208654,0.0029586935,0.28476942,-0.602377,-1.090049,-0.545834,-0.69869924,-0.48121753,-1.49326,-2.6591554,0.22042309,0.23333983,-2.0116138,-1.7812971,-0.5823004,-0.019954436,0.2678069,-0.8149793,0.57574785,0.5320901,-0.96379566,-0.64745486,0.6781111,0.50968665,1.1372662,0.016678238,-1.7753052,1.1340891,-0.3012568,0.50890976,0.89086723,-1.1231458,0.46152878,-0.87766147,1.1741939,-1.0402011,0.8762188,1.8152866,-1.0014089,1.058358,0.63579655,0.8376865,0.28228652,-0.28607833,0.61842054
1.0597546,-0.65518606,-1.3281158,-0.6973351,-0.61477554,-1.4216399,-0.28225505,-0.9030904,-1.8695757,0.35046571,0.8048674,-0.008685634,0.11165253,0.31905577,-0.18470204,0.14020392,1.3846469,1.3574023,0.05943348,-1.0222725,-0.7435146,1.6155134,1.6896966,-0.29014724,1.7124999,-0.40930998,-1.1269388,-0.684592,0.15703909,-0.22456896,-0.15573305,0.98954356,-0.24134949,0.15968236,0.44072497,-0.6071477,-1.1850222,0.74480516,-0.12820277,1.4144896,-0.7204278,1.1055481,0.8302429,0.43683547,-1.2473708,0.31295818,-1.4323782,0.4105644,-0.92950296,-0.6436067,-0.23542939,-0.7847076,0.8073431,-0.7368063,-1.2440958,-0.41864872,-0.6223071,-0.9432672,-0.97203946,-1.0306091,0.025820443,0.7796205,-0.99257535,-0.9506699,-1.0890301,1.1423938,0.9574409,0.049364842,1.8335936,0.6380984,-0.9985481,2.032008,1.1496296,0.38918298,0.52800983,0.7700543,-0.2993469,-0.041203465,0.45293948,1.055941,-0.696006,-0.2807888,0.96766764,1.4621818,1.0370715,-0.0401548,-1.0409256,1.008381,-0.74437296,-1.999957,0.46482548,1.5389159,-0.38956967,1.0309372,1.4510077,0.60653526,0.86248714,1.3925316,-0.72005945,-1.3463292
0.39670035,-1.2088437,-1.2608523,-1.0535986,-0.64711195,-0.4973937,-0.33301556,-0.8577446,-0.56106675,-0.5803954,0.16015932,-0.6510981,-0.03720323,-1.5858155,-1.0305341,1.0073808,0.93263733,0.7447486,1.445608,-1.7401139,-1.0820132,1.5535651,-0.089026526,-1.2215551,0.39753783,0.42350057,-1.2321758,-1.486725,-1.8384497,-1.4390584,0.807375,0.98752314,0.90268964,0.44737354,1.3046619,-0.06987664,0.67834955,1.1348132,0.077548526,-0.29588735,0.2910695,2.0960925,1.5854962,1.2554716,0.05143091,0.7215483,1.25634,0.7348359,0.11001966,0.8718991,0.89659333,-2.2063067,0.72644323,-1.5096024,-1.4075755,-0.32758212,-0.36035267,-0.9855487,-1.2759892,0.28247032,-0.63303083,-0.35574463,0.23768683,-0.564844,0.023687843,0.5757076,-0.34715173,0.5109664,1.8376399,0.85790086,-0.21859637,0.50930315,-0.12431123,-0.7898104,-1.0094602,0.21916495,-1.2575035,-1.0419418,2.747664,0.5011589,-1.2631724,0.5650718,-0.3321844,0.51069814,-1.6909834,1.8763748,-1.9611161,-0.9374235,-0.9721965,-1.2963611,1.071702,0.37244195,0.9286832,1.0938951,0.08932477,1.9497942,0.7470891,-0.6508557,-0.25733033,-0.4527116
-0.899994,-1.445848,-1.1930001,-0.8170951,-0.8997092,-1.7225717,-0.5878784,-0.9461976,-1.8552039,-0.7198295,0.6760884,0.5244586,0.49418452,0.39377034,-1.3563627,-0.7346465,-0.3247313,-0.5344598,-0.42377475,-1.105789,0.6367686,-0.74181867,-0.03818161,0.27512014,-0.09520712,0.74955803,0.24998957,0.279957,-0.13436085,0.6797996,0.2988467,1.3507947,-0.12992217,-1.3944211,-0.20541106,-0.27590775,0.71691585,2.3323534,-0.110302344,0.450141,0.19551271,1.0342925,0.40354306,0.8750874,0.3300956,1.0545808,0.6778936,0.60947543,-1.5300924,0.5455461,-0.51634157,-1.4566243,-0.70553607,-0.56115174,-1.6247317,-1.7383372,-0.35523206,-1.2105026,-0.43011153,-0.043089405,0.8805018,0.31240734,1.2482284,-1.1254574,0.4793014,-0.5032579,-0.8468356,-0.84814435,-1.2914622,-0.49003682,-0.57851356,0.73814553,-0.17936945,-0.045457866,-0.2291817,-0.28412887,-0.50654817,0.96465474,1.9362683,2.2540793,-0.96643245,0.6595591,0.57094926,-0.8391476,-0.1737338,0.87200433,-1.0659745,0.29013792,-1.6772807,1.6667967,0.97438896,0.8388514,1.2639546,-0.24311052,1.416372,0.97428775,2.0037844,-0.41065603,-1.4054478,0.5195128
-0.2794581,0.30716798,0.20744576,0.7101238,0.17866099,0.28107935,1.1158943,0.89694685,0.75129664,-1.2672755,-0.78522664,-0.44342512,-0.15069239,0.56411463,0.32461846,0.97327906,0.63921326,1.3756381,1.4081548,0.2740905,0.5369694,0.0032367755,1.2697853,-0.21887164,-0.4876252,-0.23057343,-1.0593069,-0.36337683,-0.19151668,-0.17647494,-0.5030045,1.2621075,0.14715803,0.500549,-1.1921622,1.1648241,1.4262419,0.7546368,-0.08837443,1.0104642,0.87461257,-1.384844,-1.2402384,0.55937743,0.04909368,-0.4971096,0.022976015,0.18200602,0.14838098,0.5408071,-0.4992969,-0.81136364,-0.9012518,0.34365356,-0.5213773,-0.51110053,0.09859003,0.34167975,-1.7420776,-1.424307,-0.37023565,-0.5014041,-0.29596475,-1.1555785,-0.33074343,1.25522,-1.1174022,-0.6177224,0.32891715,0.7077051,0.34501123,0.07956608,0.17540438,-0.21155326,-0.78892416,-1.1361716,-1.485908,0.0963191,2.2633488,2.6569557,-0.5901999,1.1589925,-0.6001126,-1.2749314,-1.6693561,0.98516226,0.38557804,0.1515359,0.79816216,0.39316574,-0.019799162,0.393079,0.14278841,-0.3217517,0.10162773,0.10582237,-0.63277596,-1.7547284,0.14436936,0.76579165
-3.2025673,-0.9036445,-0.8203375,-0.68086994,-1.7300379,-1.3648931,-1.1733941,-0.5810912,-1.2341098,0.05524487,0.74122465,0.5645418,1.5406057,1.3982797,-0.9414433,-1.5448523,-0.82914656,-1.213337,-0.31432644,-0.31144235,-0.07735557,-1.412079,-0.7976327,-0.57187337,0.6196985,-0.943127,-1.2292551,-0.39934868,-1.155612,-0.27783623,0.063835405,-1.2635988,0.58982605,-0.4081519,-1.107219,-0.21109968,-0.015747737,-0.51381284,-0.10711446,-0.31698105,0.28070503,0.50608885,0.13698006,-0.8699345,0.18458478,-0.38224396,0.20909801,-0.1199062,-2.1622026,-0.6969278,-0.5197464,-0.8812452,0.12476438,-0.26801988,-1.4727871,-1.700124,-0.8469947,-2.4169893,1.091486,1.2481761,1.51293,2.5059836,0.40128192,-0.8339242,0.6397772,-1.028166,-0.92908347,0.09300784,-1.5121602,-2.1753533,-0.016090538,-1.8085494,-0.6985821,-0.938614,-0.018083958,-0.52135843,-0.9899409,-0.90986276,0.6656233,-1.4450319,-0.9716871,-0.97627777,-1.4143581,-1.3508296,-1.572754,-1.0256474,-1.0758997,-1.1154927,-0.70096886,0.08636253,0.050087847,-1.2123404,0.116719976,-0.502186,-0.8226432,-1.0852678,-0.57737166,-1.6139128,-1.6402352,-0.7057219
-0.41196713,0.40589815,-0.40906844,-0.5042419,-0.91067183,-2.156781,-0.010471754,-0.4251156,-1.4987135,1.9214592,1.8580928,3.2518697,0.18424873,0.59369594,1.0905752,-0.115556285,1.2389961,0.15637943,0.8881726,0.82453877,2.722365,-0.94936085,1.6367608,2.1823714,2.3806539,0.8994931,0.81501013,0.33562356,1.5278082,0.9732783,0.0933162,-1.2733587,-0.51055384,-1.2290831,-1.0279435,0.06770683,-1.0154876,-0.77851784,-1.1055347,0.7062641,-0.9513984,-0.65700126,-1.3071307,-1.1019719,-1.555196,-1.2353506,-0.6952425,-1.0992334,-0.14009841,-0.67347854,-0.044223987,-0.26669165,0.7369709,-0.9029354,-0.54302037,-1.4592222,-0.7937183,-1.7035382,2.0457087,2.7767355,0.5465146,-1.9117508,-0.9847804,-0.38148218,1.2084364,-0.018711783,1.7830682,1.2607459,0.21630839,0.7268115,2.7354963,-0.2215386,1.814706,1.1859465,3.110755,1.0576538,2.760855,2.5091221,-0.64870214,-1.2918993,-0.30722347,-0.033925984,-1.0045259,-1.1550014,1.1381946,-1.4982948,0.6571161,0.32816404,0.58913106,0.13656871,-0.3778565,0.32469395,-1.2051646,0.7782358,-1.1549375,-0.96680105,-0.8451884,0.323851,0.20688945,0.41437688
-1.003879,-1.0524012,-2.2313478,-0.23364373,0.092216246,-1.6265709,-0.23932768,-0.51699483,-0.613322,-0.31367183,-2.834503,-0.6632327,-1.0178286,-1.8915292,-1.4565827,-0.8516223,0.68739206,-0.03272407,0.14183958,1.2441694,0.7113675,-0.17258702,0.59346735,2.24155,1.1182622,0.73228574,0.7645797,1.1286085,1.2821124,0.34884164,-1.1832596,-0.72761905,-1.6378255,-1.6571192,-0.83494115,-1.7654337,-0.85029477,-0.5383977,-1.2926584,0.97727907,-0.8081854,-0.12648451,-0.5632043,-0.107899025,-0.36382088,-0.30821624,-0.56413513,0.70886654,0.11958746,-0.36681154,0.14813963,-1.9713972,-0.5869069,0.08792778,-0.71147513,-1.6621248,-0.35983956,-0.21075791,-0.5712606,-1.3353398,-0.87744176,-1.3047853,-0.6706307,-0.5676886,-1.3137931,-2.430907,0.7804831,-0.5681849,-0.05377553,-0.19218463,-0.30025616,0.8342354,-0.7070858,1.9697928,1.5712934,0.98708594,1.0557927,1.1061358,1.1359813,-0.5892483,1.1388596,-1.2018112,0.071933225,-0.27427584,0.841123,0.2815223,-0.6194655,0.89971584,-0.74098945,0.6912918,0.21317586,0.81005734,0.3430735,0.36721948,1.5326891,1.1227756,-0.22191109,0.87467885,0.14481463,0.2862704
-0.9223028,-1.8005805,-0.9653146,-1.6889547,-1.4651878,-0.9258931,-0.7536069,-1.0125302,-1.1899627,-0.8673848,-0.7104592,-0.19378632,-1.8803949,-0.6675691,-2.1982543,-1.7598674,-0.8854274,-0.6535614,-0.88339776,-0.5920017,-1.1145838,0.16611722,0.06800243,0.35044134,0.6812037,0.91868263,1.2897872,1.2453432,-0.6904708,-0.118015066,-1.0948788,0.35950527,-0.7550149,-0.252836,0.17426762,-1.4149631,-1.1983696,0.08752759,-0.7059926,0.37086222,-0.030884556,0.2225001,-0.3358505,-0.044415575,0.5776628,-0.23910716,-0.06871858,0.0436885,-1.505332,-0.8095338,-1.6784085,-1.4509474,-1.337199,-1.0298579,-1.9954618,-1.5385925,-1.2533076,-1.1776164,-1.6069366,-1.6494479,-1.0476581,-2.4312913,0.30618984,-0.483657,-2.2878177,-4.039284,-1.10919,-1.8699677,-0.70819235,-1.5551403,-1.5840956,-0.63121086,0.11302779,0.15308878,0.40827227,-0.22209796,-0.63466525,0.3669749,-0.16702488,-1.0490142,0.56863105,-1.387495,0.13981827,-0.40215713,0.37139586,-1.0583799,-1.8273329,0.9952749,0.46164802,-0.3969578,0.1363304,-1.2027617,0.8376827,-0.59465325,0.32297078,-0.5932791,-1.0591718,-0.59950703,-1.0851783,-1.0194995
-0.63471305,-2.429543,-0.5804476,-1.5129867,-1.5065376,-1.1751398,-1.4423428,-1.3036219,-0.6390896,-0.9169349,-2.0575352,0.111554906,-1.8032683,-0.97051907,-2.2439034,-1.5985353,0.19959328,-0.5950627,-0.09264314,-0.65141857,-0.20342349,-0.24729247,0.98658466,-0.026970044,0.4095485,0.15188076,1.3097649,0.1811883,-0.6361419,-0.10219754,-0.86264604,-0.059495356,-1.370764,-0.58924806,0.93658215,-0.79995954,-1.7499489,0.12301634,-0.97995657,-1.152271,-0.83678114,1.2283344,-0.11266125,0.06931755,2.0485196,0.024392119,-0.18800664,-0.31874943,-1.2858305,-1.4055504,-1.7740344,-1.7826455,-0.7485349,-0.4936644,-0.9946376,-1.1183234,-0.8113782,-0.2589976,-0.8482157,-1.4744942,-0.7660632,-1.4138669,1.5533804,0.17724629,-0.592293,-0.29685974,-0.5322696,0.055375967,-0.56438696,-0.3122095,-0.47649047,0.41479835,1.5201697,-0.6881866,0.7299756,0.46300253,-1.298895,0.86889285,1.4614289,-1.1538967,1.1170778,-0.94242513,1.2561373,-0.3528755,1.0425977,0.21996917,-2.3088694,1.9771695,0.06955792,-1.5275825,-0.68380356,-0.6756601,0.055788405,-0.08071717,0.29679078,0.38772592,1.2813348,-0.01352632,-1.8094498,-1.2611297
-0.67368513,-1.2401408,-0.6652699,-0.5628642,-1.0355557,-2.1236038,-1.5178483,-0.9680371,-0.7601032,1.7640278,-0.35017857,0.31741717,0.08880831,-0.38233256,-0.08139248,-2.1787872,0.10923128,-1.3990172,-0.6310398,-0.6006144,-0.8863226,-0.031443365,0.095309086,0.76928616,1.7006025,-0.1381917,1.2177542,0.0169387,-0.5822994,0.22844881,-0.29232147,-0.19687898,-1.4171307,-0.56126136,0.17543297,-0.57613945,-1.2010487,-0.9212712,-0.8143652,-0.0743999,-1.0612223,-1.6057239,-1.2124857,-0.2295267,1.1260775,0.04545736,-1.1997167,-0.5663647,-1.45468,-0.79564303,-1.1886525,-0.3439588,-0.051964127,-0.009102258,-0.7265573,-1.638953,0.0426059,-0.65464705,1.0680841,-1.0173668,-0.7756817,-0.37639773,-0.1688868,-0.1366141,-0.27698538,-1.086593,0.40254816,-0.3372824,0.52599865,-0.07411679,-0.3455944,0.6095996,0.8880567,0.7262781,0.297351,0.029775366,-0.26083472,0.044419184,1.1319158,-0.71176285,1.4374247,-0.7347316,0.38482597,0.7956702,0.43667418,1.090353,-1.4809532,0.68075866,0.6117853,-0.32883772,0.6075551,0.36588666,-0.38962272,-0.59992564,0.3877243,0.10919719,-0.4145922,1.46674,-0.8010125,0.027151171
-1.3337654,-0.7450121,-0.16802916,-0.9548478,0.012961751,-0.53501725,-1.3178194,-0.781933,0.5349068,1.2701821,-1.2173269,-1.4474597,-0.98173136,-0.4553579,0.51036537,-1.1225808,0.1525114,-1.0851713,-1.007767,-0.54111207,-1.8975482,0.37978774,0.15346192,-1.2571454,0.35779926,-0.6766977,0.16343486,-0.5797391,-1.540939,-0.5234553,-0.8177773,0.14215872,-0.69121814,0.18475214,-0.32707086,-0.013039291,0.5193426,-2.584161,-1.4526787,-1.7723674,-2.3055234,-2.2660718,-1.2073917,0.75635916,-0.3556394,-0.22952639,-2.021466,-1.366822,-0.8234722,-1.0113661,-0.9298243,0.99863964,1.5122329,1.1001488,0.7891725,0.49959868,0.3187082,1.6550989,1.9869257,-1.8652287,-1.3484825,-0.31640884,-0.028093463,0.5392534,0.037242755,2.9034336,1.313172,0.02332827,2.910206,1.1411276,0.5942739,1.4354433,1.4906552,-0.2564665,-0.3406162,-0.1251853,-0.3041451,-0.021650378,0.9364128,-0.5268348,0.79987496,-0.12063612,-0.4257595,1.8726958,-0.20371321,-0.55182654,0.5803985,-0.25557837,0.9070259,-1.5790443,1.9546053,0.6165472,-1.9408556,-1.2346694,-0.97631323,0.7988501,-0.8051737,1.2228537,-0.9503489,-1.4278898
-1.1350126,-2.1080217,-0.9513195,-1.9444563,-1.269916,-1.7039217,-1.2273128,-1.3518457,-0.5451255,0.11118365,-0.25897843,0.82908195,-0.34891507,-0.9785074,-0.15558779,-0.56025344,0.6635856,-0.2995724,-0.5255404,-0.9591766,-0.53480566,1.2876978,1.6354555,-0.20329511,0.9182982,0.35367888,0.35307732,-0.46474355,-0.5116805,0.40329257,-1.1431459,0.020048652,-1.1088201,-0.85880864,-0.6015947,-0.627637,-0.15184118,0.007674597,-0.6632798,0.0050150985,-2.0372849,-0.08702955,-0.060848083,0.040085394,-0.086208194,0.09279912,0.35582876,-0.30345532,-1.6459912,-1.4620605,-0.5729315,-1.3545394,-0.04204906,0.01910392,-1.4108113,-1.3981271,-0.51184875,-0.25282753,0.31518686,-1.3325545,-1.6107363,0.40427467,0.76073366,0.41759866,0.6627197,0.182238,1.5792757,0.35977027,1.4268702,1.4263824,0.48039013,1.4390182,1.814762,-0.3798738,0.74613607,0.13668226,-0.4561595,-0.069379106,0.2263224,0.050310716,0.0014508481,-0.1449026,0.4671924,0.36794993,0.14160313,-0.3528867,-0.72048014,0.91920835,0.24417858,-2.2353702,1.8617541,0.7364176,-0.34615782,0.19898255,0.0040075225,0.448136,-0.24621141,-0.18121669,-1.0831767,-1.7150704
0.31941822,-0.33792746,-0.22545153,0.13956043,0.48255333,-1.081069,-0.058173995,-0.19267887,0.60155535,1.240387,-1.0786691,0.13809583,0.25240827,0.2781964,0.28343785,-0.3199529,0.44321987,0.26784515,-0.011810457,-0.3846141,-0.87223303,-0.47252256,0.12971997,-1.5197389,0.58902335,-0.36465278,-0.5864038,-1.273415,-0.9639326,0.6622108,-0.6863518,0.86391264,-0.99212646,-1.0566479,-1.0381509,-0.52348566,-0.5310701,-0.9552946,-0.29168695,-0.4477579,-0.88996685,-1.2375913,-1.175837,0.36324444,0.2779229,-1.3705579,1.0419369,-0.49244612,1.0173633,-1.0546452,-0.98023295,-0.6617391,-0.35789472,0.9246514,-0.7457171,-0.389578,-1.3276038,-0.9221827,0.6540461,-1.6503761,-0.79103523,-0.3616562,0.5981272,-0.29846415,1.1345564,-0.20969324,-0.25273487,-0.3811804,-0.42028812,-0.2862252,0.25123274,-0.2977272,-0.030517677,-1.0749062,-1.0668585,-0.714132,-1.1298856,-0.3254428,1.3496219,-0.59485936,-1.0542946,-1.4891999,0.010350648,0.099951595,-0.87443304,-1.500302,-0.16654764,0.44271854,-0.541449,-0.7793796,0.25331277,1.271198,-1.3265651,-0.19346482,-1.7830557,1.6800534,-0.884958,-1.5647087,0.34803948,-0.0764418
-0.096453466,-1.7717195,-1.0477675,-0.67148083,-1.1509773,-1.2852035,-1.2711971,-0.8673291,-0.15466607,0.49858773,-2.0158653,-1.0451977,-0.02311938,1.0416397,0.55750084,-1.8367105,-2.1699436,-1.2859747,-1.1057059,-0.7115579,-1.835072,-1.122436,-0.050379265,-1.0047195,-0.7113538,0.58364385,0.47912663,-0.03065457,0.1847104,1.2889631,-0.24542609,-0.32499415,-0.16339871,-0.9820987,0.26966026,-0.71932524,0.15376453,-0.55039716,-0.0036905913,-1.7748991,-0.3653137,-0.2928743,0.073627666,0.9681904,0.70412064,0.5014869,0.23904046,0.5024706,-0.15617897,-0.13316977,-0.96550155,-1.3474185,-1.6977067,-1.2342669,-0.69854087,-0.096896596,-0.3127924,0.47008654,0.059151012,-0.48550138,-0.8221502,-0.15269114,0.7326117,1.1066833,0.17380692,0.53963083,-1.9076549,0.3917783,-1.5561907,-1.1007227,-1.0863081,-0.47429293,-1.0301985,-1.8610587,-2.4309363,-0.8767537,-0.49036348,-0.43831006,1.2235674,-1.3078419,-1.230462,-0.3151816,-0.34166992,0.30690336,-0.042563565,-1.17142,-0.033632427,0.31918362,-0.4684395,-1.0575038,-0.94209725,-1.0009879,-2.4357684,0.009721386,-1.6595846,1.8438437,0.4791693,0.47680265,-0.7853846,-0.356459
-0.8230191,-1.3836503,-1.2542418,-0.6665891,-1.0254538,-1.8641045,-0.78485864,-1.1015854,-1.2907372,0.53726715,-1.5599116,0.065230824,0.85202277,-1.0412598,-1.6345291,-1.081652,-1.3710555,-1.044254,-0.79782486,-1.4976734,-0.46326143,0.17218225,-0.36618432,-0.74338645,-0.8406529,1.0227084,1.2282159,-0.72253466,-0.8398799,1.5286567,0.22542122,1.4990906,-0.4173965,0.4098068,1.5788959,-0.11206395,1.3452362,0.73144907,1.6833109,-0.6279788,1.2683506,0.91086864,1.6345761,1.6634672,2.1662288,2.7686365,2.7824435,1.7671059,-0.29538098,0.9278007,-1.5768636,-0.7945814,-0.90290135,-1.3963453,-2.3882596,-2.024715,-0.7047163,-1.5899414,-0.47112146,-0.8709567,0.10418517,0.9308375,1.7809389,-0.37078208,-0.782473,-2.1705425,-1.7024323,-0.4418227,-1.4306699,-1.0060395,-1.7151822,0.716223,-0.082340986,-0.68951255,-0.97440034,-0.33830768,-0.42817882,0.48251927,-0.7428332,-0.46001336,0.31775916,0.00024318605,1.3044813,-0.35343847,0.41051298,-0.36523405,0.61041373,-0.30464098,-0.39048964,-0.68428004,0.8783496,0.121621676,0.0553092,-0.60834193,0.64238733,1.7542795,2.0653734,0.35462865,-0.82768184,0.6426036
-0.1169781,0.0042559556,-0.68443286,-0.21657233,-0.23500979,-0.6553023,0.5284349,0.21060108,-1.3658075,-0.18878958,0.005210637,0.33882627,0.8115441,1.4405736,0.5875632,-0.06660696,-1.7430621,-0.3575962,-1.3168552,-0.31346318,-0.2824091,0.07278433,-0.5865487,-0.19825912,-0.20359658,1.160883,0.45594093,-0.22317123,-0.8025504,0.99166405,-0.443191,0.3664111,-0.73969513,-0.14767274,1.3618678,-2.1984205,-1.815305,0.28133985,0.5724559,0.37596482,0.3100431,0.261459,1.5049877,-0.099636555,0.26773402,1.8306075,-0.27982745,1.4935589,-0.06145584,-1.2882667,-0.16587232,-1.0735637,-0.46895775,-1.4034584,-1.8532963,-1.8778126,-0.41002864,-1.4099493,-0.7977881,-0.79096943,-1.3529866,0.0049313586,1.7599802,0.17246006,-0.2825417,0.25255123,-0.36197743,-1.2923772,-1.4894383,-1.0205486,-2.248077,0.39629194,-0.23586752,-1.8388716,-1.6448439,-0.2957589,-1.8926435,0.7905051,-1.3068466,-0.64898384,-1.773136,-1.4300482,0.81969196,-0.76862895,0.6593827,-1.1969332,-2.169937,-0.03572581,-1.9003708,-0.8811086,-2.3056023,-1.1242803,-0.8949355,-1.2313597,-0.2615205,-0.47429758,0.4484563,-0.5047814,-1.1406974,-2.463413
2.3621492,0.18891473,-0.849951,0.46809405,0.7678343,1.0499253,0.94563186,0.035979137,-0.048208483,0.076147676,-0.13777246,-0.63756925,-0.032499336,0.29653025,0.7640228,2.6547887,0.594998,1.1749662,0.7374993,-0.24845375,0.7243666,1.5567405,1.3443927,0.17341317,-1.474077,-0.9384303,-0.9573393,-1.0231316,0.39580184,0.81641114,0.84445083,-0.37221998,0.058565423,-0.23206806,0.2273044,-2.029446,-1.40432,0.43062907,0.6802597,0.9383765,-0.09070371,0.25856215,0.5128939,-1.3607095,-1.2371147,-0.294278,-0.030479118,1.4208972,0.5080899,-1.0423679,2.2536473,-1.2555612,1.5373198,-0.6625252,0.703025,1.0199242,-0.12434138,-0.4293973,-0.9485043,-1.8184035,-0.7813478,-1.125672,-0.2158464,1.1457764,0.8003371,0.8308644,0.2726572,-0.71766794,-0.034170806,0.8957474,-0.9654031,0.12542167,-0.8257849,-0.85687184,-1.5558993,-1.2670711,-0.59677094,-0.15643543,-0.87330234,0.69901454,-2.562462,1.3525504,-0.20872416,-1.253404,-0.36654449,-3.0529592,-1.6886067,-1.0366864,-2.341391,-0.604,-0.1926316,-0.20293888,-0.27401915,-0.62825686,-0.5825739,-2.562012,-1.3672273,-0.8422844,-0.40709287,-1.7959613
1.3698317,-0.5182522,-0.070594,-0.28846887,0.60790753,0.14277196,0.6359298,0.021051573,-0.036759697,-0.3642887,-0.31787145,-1.4463124,-0.39313176,0.7030032,0.7431557,1.4551015,0.5137456,1.2889405,-0.22576095,1.258771,0.2509141,1.1636332,0.7869967,0.28983465,-1.4724052,-1.0494463,-0.5152284,-1.3807079,0.4746511,-0.55358154,1.0061438,0.88869977,1.0795985,2.152339,1.6377767,0.554586,0.13485938,0.9173958,0.53235096,0.17882922,1.5687805,0.92017186,1.8628004,0.7523871,1.180901,2.0185595,1.4691666,3.265649,1.7517381,1.7733853,-0.11947319,-1.1686227,0.15724106,-0.9146837,-0.009186946,0.46762004,-0.87045896,-0.37928915,-0.5238093,0.17879276,-0.15330844,-0.47644094,0.5341012,-0.91124266,-0.5086775,1.8690935,-0.43710718,-1.4722857,0.32090962,0.05778425,-0.4150838,-0.13776192,-0.45457968,-0.83638275,-1.4264706,-0.774555,-1.1005601,-1.2156663,0.6953575,0.8072339,-1.3744794,1.2281976,0.5307523,0.33329135,-1.0680774,1.4808208,-0.80756336,-2.3546605,-0.26116115,0.80948347,1.0135825,0.65442204,-0.29442582,0.21058828,-0.62934667,0.9887832,0.6191967,1.2676024,0.572941,0.6722547
0.90529686,1.6323435,0.13524851,2.5944934,1.4762999,-0.3176651,1.7712579,1.0227497,0.13084534,1.1237099,0.25444242,-1.1611018,-0.6143523,0.9544244,1.5618829,0.8540708,-0.3350135,1.0430366,0.85089844,2.0531294,1.3005117,-0.22875944,0.32001543,1.4061328,-0.00026202665,-0.10503964,0.017607927,-0.59376365,3.2008061,-0.8179889,0.7666251,0.29909104,0.959414,1.904033,1.3652025,2.1668453,1.7847522,0.732572,0.9216247,1.6206902,1.3728099,0.8043033,0.70585495,0.394511,0.61031425,-0.2985901,0.1881001,1.9595435,1.7418566,2.1307693,0.9417533,0.6639899,-0.48861125,-0.18441305,0.76518595,1.202955,-0.82216203,-0.39490858,1.0775412,0.31503934,-0.8287689,-1.2690563,0.8600523,-0.4225079,-0.8899249,-0.6967713,-0.5858335,-0.5913377,-0.09888522,-0.3110948,-0.12708162,0.6741775,-0.027499048,1.8518916,-0.31353715,-0.46029454,0.91153836,0.594105,1.1635697,0.9835862,0.5907704,2.5660276,0.64341,-0.03703682,0.7656717,1.4388256,2.3327692,0.878374,2.0035868,1.3107291,0.54377854,1.4616786,0.7192252,2.2426193,0.6228646,0.8645422,0.3964335,0.4385374,1.5876123,2.970297
-0.06527962,-0.18809547,1.3601449,0.14150131,0.24017632,0.8944159,0.4754159,0.66852975,1.3573899,0.7800653,0.4150815,-0.6070692,-0.23219076,0.09288351,-0.27574986,-1.0876585,-1.4533796,-0.7739421,-1.1488427,0.69795007,-0.4784505,0.021134438,-0.6553862,0.6878111,0.4497999,0.28716412,1.3894477,0.513863,-0.00042148354,-0.80070406,1.2810054,-0.39642397,-0.62373066,0.034629714,0.35983634,0.43255213,-0.37185907,-1.162847,-1.2150592,-0.2666025,-0.9587126,-1.0173004,-0.9406251,0.20889431,0.71039855,-0.38120878,-0.400245,0.32711408,1.2153711,0.23847209,0.01480059,0.79800117,-1.1728985,0.7002263,1.4694626,1.106438,1.2886758,2.7532878,1.5406013,-0.052685697,-0.17783669,-0.008474326,-0.09658389,0.5317168,0.73394644,0.5819809,0.4358208,-0.18949662,0.115479775,0.080809474,0.22445865,0.2402967,-0.2855865,2.0270567,0.9663422,0.8702757,0.85928863,0.112051085,0.24991544,0.10177668,1.3159115,0.8402459,0.7335128,0.6256962,0.13215502,0.8477538,1.5560637,0.7300156,1.220414,-0.20091231,1.2419968,0.9058235,-0.22492982,0.7539439,0.9032219,-0.25277698,-0.535017,1.7166394,1.6454341,1.2372885
-1.3427017,0.28557742,-0.27741054,-0.15191099,0.06701577,-0.5896828,-0.37977743,0.09322007,-0.10468662,0.95691305,-0.922605,-0.56647277,-1.8455281,-0.3852109,0.14723378,-0.7382344,-0.3209447,-0.22360566,0.22154847,0.3419182,-0.37158903,-1.8542745,-0.08151247,-0.5645056,0.1829199,-1.0791945,-0.86227167,-0.9679276,-0.74830824,-1.9275758,-1.0937127,-1.6393324,-0.62426955,-0.5978867,-0.90120524,-0.09306403,-1.150922,-2.6743221,-2.222277,-0.8937588,-1.2717804,-2.1057115,-2.0101008,-0.8383684,-0.7288735,-1.4487463,-1.9312583,-0.08505059,0.620527,-1.3069327,-0.45196944,-0.50681835,-0.512862,0.12859409,-0.2699501,-1.3506249,-0.043108586,-0.9282012,0.40738276,-0.5894424,-1.0831633,-1.7009996,-0.47443306,-0.0039941785,-0.3809933,-0.122638375,0.3800903,-0.06559187,0.60772306,-0.31646544,1.0300134,-0.66489047,0.05961355,0.09277407,0.056010455,-0.6904217,0.23334473,-1.1181741,0.17497599,-1.2333988,0.10719749,-0.3837049,-0.14729159,-1.1648717,-1.0904411,1.3410611,-0.6872417,-0.7396839,1.5221952,-0.8213286,-0.85124975,-0.21416824,0.07132145,0.44624096,-0.21870899,-0.57897466,-0.9939294,0.5299685,0.6145837,-0.40228382
0.71446127,0.98017025,1.7527092,1.604772,1.2095394,0.5323682,0.94775695,1.2021422,1.8264806,-0.47662166,-0.18068714,-0.67172647,-0.9500484,-0.3525186,0.55766785,0.20353763,-0.8496416,0.73253757,1.2790328,1.2160136,2.0798178,-0.93132144,0.613543,-0.83295554,0.8086425,0.95151913,1.2868164,0.78679013,0.5154203,0.53257936,-0.0820856,-0.82859415,-0.4720227,0.3488457,0.47581592,0.07002345,0.25653973,-0.6277763,-0.83291054,-0.09903412,0.3874043,-1.177757,-1.0669729,0.35191885,1.4997128,0.24975699,-0.1347751,0.48736483,-0.5194349,-0.51612926,-1.3736079,0.15423796,-1.1994299,1.4569333,0.081224106,0.039369192,0.5795056,0.8713504,-0.114786185,-0.6724413,-2.2116337,-0.668227,-0.6869993,-1.5911018,-0.5926843,0.7076717,-1.1887279,-0.8433885,-1.2603196,-0.7676444,-0.299593,-1.5202848,-0.8372336,-0.18078656,-0.98588115,-1.2723852,-1.3215005,-0.804413,0.043853734,-1.4762119,-0.64116657,-1.6260296,-0.32868633,-0.77608,0.50753325,-1.0266826,-0.4995129,-0.4480495,-0.09816269,-0.8933474,0.46652308,-0.7457501,-0.9317342,-0.8442393,-0.97523,0.55522454,0.43890303,-0.28916827,-0.59159327,0.077631496
-0.32945734,0.7190169,0.0694368,1.8603249,0.9411746,0.47034815,1.233968,1.4067856,0.6845014,-0.2723074,-0.41701144,-0.786476,-0.68217814,0.04577539,1.6759107,-0.31192812,-0.09547062,0.38977247,0.20825936,1.0483371,0.96484995,-0.26318005,0.7380517,0.009830503,-1.1382539,-0.77191687,-0.22377475,-0.16295119,0.09301852,0.887968,0.50259453,-1.5537052,0.023697857,0.015812092,-0.24319373,1.7171152,0.74191284,-0.2052094,-0.02539064,0.30894282,1.7774856,-1.16391,-0.34963468,0.97102094,0.45830253,0.3818588,1.1395504,0.47700098,1.6297944,1.4613013,-0.83264023,-1.269553,-1.3363249,-0.12701187,-1.044459,-0.49162453,-0.47239903,-0.009214863,-0.5872976,-0.8368478,-1.3909491,-1.822213,-0.7941005,-1.0847231,-1.4426327,0.69963294,-1.3977071,-1.6143879,-1.2789433,-0.71423113,-0.010745921,-2.0419333,-1.1967821,-1.874409,-1.0255897,-2.351306,-0.30343127,-0.5896037,0.6227417,-2.4401922,-2.0113876,-0.8100418,-0.15019862,-1.629396,-2.0043716,-0.74685025,1.0365754,-1.9052902,0.93165165,1.371133,-0.46177807,-1.1574727,-0.6902629,-1.2934166,-2.6127145,-0.05997555,0.16661765,-1.184569,0.8613255,0.36912453
0.22503193,0.6145729,1.1618016,1.2451243,0.45338428,0.96893626,1.5607294,1.4954863,1.0354683,0.10154084,-0.7924754,-0.29465654,-0.8539755,1.4012116,2.0370982,1.3534441,0.53638655,2.03996,1.6679788,1.1391153,2.2030823,0.0673876,1.6564169,-0.61872095,-1.2038257,-2.0710962,-1.4625098,-2.1475472,1.5638423,-0.8893463,0.5229387,0.7105006,1.2198682,2.442594,0.51064396,2.4123402,2.3882613,1.4774386,0.7646267,0.7812467,2.3785217,-1.7185235,0.42894056,0.38306478,0.29940408,0.6384443,0.8497308,1.0522493,1.2999785,1.6602172,-0.93290764,-1.1236672,-1.7040658,-1.4626673,-0.7426193,-0.26510638,-0.4274605,0.33668846,-1.6290385,-0.7089057,-1.2114327,-1.0237846,-1.1071268,-0.7776708,-0.24703117,0.3676294,-2.3251185,-0.26964504,-1.0138344,-0.5292084,1.265316,-1.3603313,-0.64381087,-1.9326442,-1.4217824,-1.6410537,-1.224641,-0.73433477,1.4591596,-0.07019701,-0.8721888,0.22233154,-0.83677423,-0.18844444,-2.1984568,0.17169257,1.0831177,-1.5884777,1.1946026,-0.1294931,-1.327718,-1.9034457,-1.4305092,-0.85334057,-1.8576415,0.8124543,-0.2961633,-1.3120201,0.44764382,0.57730013
0.9324383,0.2362269,0.22457981,1.4731635,0.39146322,0.49054092,2.3504474,1.2295897,0.85134226,-0.6070135,-0.9280233,0.07544505,-0.7546076,1.2823074,0.16669852,1.7953389,-0.13476886,1.8084911,1.1066426,1.1868799,1.3774128,0.8104295,1.1096213,-0.11213483,-1.239107,-1.6705104,-1.6324652,-1.5058473,0.418437,0.6102691,0.8971831,-0.53195715,0.23436399,1.1925479,0.56536686,0.22230935,-1.1591108,-0.12632142,-0.09183499,1.729204,1.8397168,-1.0013293,-0.1090488,-0.33872038,-0.6732145,0.021809528,0.49116218,2.0515933,0.9591327,1.6858956,-1.0752388,-2.2381706,-1.3159772,-1.0634661,0.20594187,0.22722508,-0.6540967,-0.8174291,-1.5574079,-0.6285014,-1.3071115,-1.2970811,-0.5508261,-0.039025113,-0.70206434,1.5173085,-2.086357,-1.3497056,-0.9800448,-1.1214592,0.30745998,-0.8235305,-0.8766021,-0.88278633,-1.4392292,-2.4247751,-1.6838101,-0.81822383,1.8874621,-0.7125802,-2.2288625,0.7655211,-0.7642717,0.39779755,-1.7968731,-0.07894771,-1.982065,-2.818207,-1.0506862,0.6799624,1.6246432,-0.8918883,-1.2675704,-0.71520823,-1.6389666,0.2527609,0.17779236,1.3410667,-0.15813456,0.9715442
