7Networks_LH_Vis_1,7Networks_LH_Vis_2,7Networks_LH_Vis_3,7Networks_LH_Vis_4,7Networks_LH_Vis_5,7Networks_LH_Vis_6,7Networks_LH_Vis_7,7Networks_LH_Vis_8,7Networks_LH_Vis_9,7Networks_LH_SomMot_1,7Networks_LH_SomMot_2,7Networks_LH_SomMot_3,7Networks_LH_SomMot_4,7Networks_LH_SomMot_5,7Networks_LH_SomMot_6,7Networks_LH_DorsAttn_Post_1,7Networks_LH_DorsAttn_Post_2,7Networks_LH_DorsAttn_Post_3,7Networks_LH_DorsAttn_Post_4,7Networks_LH_DorsAttn_Post_5,7Networks_LH_DorsAttn_Post_6,7Networks_LH_DorsAttn_PrCv_1,7Networks_LH_DorsAttn_FEF_1,7Networks_LH_SalVentAttn_ParOper_1,7Networks_LH_SalVentAttn_FrOperIns_1,7Networks_LH_SalVentAttn_FrOperIns_2,7Networks_LH_SalVentAttn_PFCl_1,7Networks_LH_SalVentAttn_Med_1,7Networks_LH_SalVentAttn_Med_2,7Networks_LH_SalVentAttn_Med_3,7Networks_LH_Limbic_OFC_1,7Networks_LH_Limbic_TempPole_1,7Networks_LH_Limbic_TempPole_2,7Networks_LH_Cont_Par_1,7Networks_LH_Cont_PFCl_1,7Networks_LH_Cont_pCun_1,7Networks_LH_Cont_Cing_1,7Networks_LH_Default_Temp_1,7Networks_LH_Default_Temp_2,7Networks_LH_Default_Par_1,7Networks_LH_Default_Par_2,7Networks_LH_Default_PFC_1,7Networks_LH_Default_PFC_2,7Networks_LH_Default_PFC_3,7Networks_LH_Default_PFC_4,7Networks_LH_Default_PFC_5,7Networks_LH_Default_PFC_6,7Networks_LH_Default_PFC_7,7Networks_LH_Default_pCunPCC_1,7Networks_LH_Default_pCunPCC_2,7Networks_RH_Vis_1,7Networks_RH_Vis_2,7Networks_RH_Vis_3,7Networks_RH_Vis_4,7Networks_RH_Vis_5,7Networks_RH_Vis_6,7Networks_RH_Vis_7,7Networks_RH_Vis_8,7Networks_RH_SomMot_1,7Networks_RH_SomMot_2,7Networks_RH_SomMot_3,7Networks_RH_SomMot_4,7Networks_RH_SomMot_5,7Networks_RH_SomMot_6,7Networks_RH_SomMot_7,7Networks_RH_SomMot_8,7Networks_RH_DorsAttn_Post_1,7Networks_RH_DorsAttn_Post_2,7Networks_RH_DorsAttn_Post_3,7Networks_RH_DorsAttn_Post_4,7Networks_RH_DorsAttn_Post_5,7Networks_RH_DorsAttn_PrCv_1,7Networks_RH_DorsAttn_FEF_1,7Networks_RH_SalVentAttn_TempOccPar_1,7Networks_RH_SalVentAttn_TempOccPar_2,7Networks_RH_SalVentAttn_FrOperIns_1,7Networks_RH_SalVentAttn_Med_1,7Networks_RH_SalVentAttn_Med_2,7Networks_RH_Limbic_OFC_1,7Networks_RH_Limbic_TempPole_1,7Networks_RH_Cont_Par_1,7Networks_RH_Cont_Par_2,7Networks_RH_Cont_PFCl_1,7Networks_RH_Cont_PFCl_2,7Networks_RH_Cont_PFCl_3,7Networks_RH_Cont_PFCl_4,7Networks_RH_Cont_Cing_1,7Networks_RH_Cont_PFCmp_1,7Networks_RH_Cont_pCun_1,7Networks_RH_Default_Par_1,7Networks_RH_Default_Temp_1,7Networks_RH_Default_Temp_2,7Networks_RH_Default_Temp_3,7Networks_RH_Default_PFCv_1,7Networks_RH_Default_PFCv_2,7Networks_RH_Default_PFCdPFCm_1,7Networks_RH_Default_PFCdPFCm_2,7Networks_RH_Default_PFCdPFCm_3,7Networks_RH_Default_pCunPCC_1,7Networks_RH_Default_pCunPCC_2
-0.06363831,-0.66707206,-0.4301547,-0.10970642,-0.69738764,-0.21413453,0.41185248,-0.40188518,-0.07327438,-0.90993357,-0.2723226,-0.51985866,-0.75739676,0.11675825,0.49302348,0.30733812,-0.025890173,-0.58298206,-0.12735264,-0.089173466,-0.82886785,0.5036788,0.47921774,-0.16197714,0.8581826,0.5900057,0.40383497,0.5504097,-0.89140415,0.9850667,1.3775867,-0.09707298,0.6923451,-0.26967645,1.1008768,-0.25399494,0.12213142,0.1101744,1.1964792,0.32332113,0.9542888,1.3688645,1.5903379,0.8336259,0.894808,1.246021,1.0330852,0.51305217,1.4829412,0.7379197,-0.75575256,-0.8941779,0.160962,-0.573461,-0.07816336,-0.73706865,0.56581455,0.22529568,-0.24704632,-0.10279051,-0.13051102,-1.1438048,-0.8996156,-0.47245958,0.054448098,0.36739942,-0.44380963,-0.11679599,-0.31572747,-0.83784544,-0.5377958,-0.27956554,0.15804847,-0.7507838,-0.39704236,0.88008815,-0.19297437,0.22588141,-0.16009544,0.88000524,-0.1790356,0.05698115,1.4922074,0.8007269,0.37753248,-0.019514693,-0.8742492,0.39456144,-0.88477576,-0.14817438,-0.45197904,0.32781443,0.027628211,0.30699307,1.4350253,1.1154814,0.94553137,-0.061370276,-1.641297,0.17468196
0.88346744,-0.6050344,-0.84705406,-0.8634635,0.08226853,-0.6157961,-0.0012239204,-0.59347916,-1.4294924,-0.8315686,-0.3063448,-0.5500612,-1.1758909,-0.44500402,-0.5760954,-0.16917883,-0.7973842,-0.9093462,-1.0131725,-1.319199,-1.0580876,-0.044667993,-0.92564815,-0.6355027,0.3021364,-0.38710794,-0.34663364,-0.81375325,-0.6527964,-0.88250613,-1.3269345,-0.7904259,0.6132441,-0.46163797,-0.15950659,-1.5473353,-0.6386072,0.21693636,1.3964185,0.7940847,0.6701495,-0.67428434,0.8067457,-0.5936686,-0.5878771,0.1968129,0.46617642,-0.19017208,0.62242365,0.14452316,-2.1888998,-1.2362896,-1.0888927,-0.61227626,-1.2313,-0.10353622,-1.2960055,-0.92664665,-0.8388302,-0.7805769,-1.777735,-1.4151028,-1.6356655,-0.96256346,-1.1914282,-0.42427802,-1.8876954,-1.2255181,-1.3219293,-1.4134318,-1.3935682,-0.6627591,-1.6841192,-1.200966,-1.621959,-0.85502636,-1.8949125,-1.0006067,-0.97306,-0.6660249,-1.6205158,-0.8769986,-0.258554,-0.79781824,-1.040226,-0.44101578,-0.8981124,-0.68720275,-1.0735471,-0.5803295,0.2727706,-0.009494971,-0.7501148,-1.5302049,0.04896499,-0.43153045,0.22040626,-0.9821215,-0.34990767,-0.10880251
-0.08172368,0.4241158,0.07738726,0.7914326,0.2365509,0.19915497,1.0401196,0.063969925,0.19003838,0.084083274,0.8691664,0.7202652,-0.23092423,0.5064206,0.5880167,0.85518616,0.38329268,0.071043655,0.56242466,-0.0029758255,-0.0321071,1.1462069,0.38912556,0.45265204,1.4246001,1.5806773,0.767606,0.21438587,0.03367338,-0.18221326,-0.35776836,0.47200364,1.2597867,0.37423185,0.605065,0.020070547,0.663175,1.921213,1.7523036,1.3699219,1.1021283,0.5216609,1.8985263,1.1829048,0.56255686,1.2090819,1.0030203,1.3550007,1.0088997,0.77842,0.33205146,0.6910095,0.5984405,0.10906913,0.1813682,0.27063814,0.29611516,-0.34898058,0.24580586,0.13104318,-0.0027548636,-0.35220566,-0.34076127,0.55657804,0.2861162,0.46734273,-1.5392506,0.3436266,-0.42940813,-0.2771242,-0.48277262,0.035774395,0.080151595,-0.10839056,-0.22754967,0.24562983,-0.16022873,0.49773216,-0.029502207,1.1896594,0.0074687316,0.09055975,0.7008359,0.43673885,0.0904669,1.1164489,0.01468407,0.0051686186,-0.44272718,0.19668776,1.7722296,1.9337621,1.0434288,-0.70892507,0.69196385,1.0063777,1.3093497,-0.22960562,-0.46449837,0.7797405
-0.7445374,-1.5216558,-0.58115834,-0.67170054,-0.917874,0.17378601,0.418172,-0.9806516,0.2723792,-1.2088531,-0.2995794,0.080594435,-1.1040305,-0.31647786,-0.67716247,0.08813184,-0.57753557,-1.5094739,-0.90060127,-0.34747148,-1.6369553,-0.27150917,-0.6369516,-0.30240497,-0.1047782,0.88860494,-0.42180738,-0.26099756,-1.0308346,0.22522506,-0.14461643,-0.33286172,-0.26873255,-0.65767694,-0.6887262,-0.29280505,-0.9742764,0.22753972,0.7637431,0.06693337,0.7678827,-0.18639053,0.61550206,0.33468264,-0.26959187,0.42374536,-0.064415894,-0.1368784,-0.27665493,-0.22315764,-0.17968565,-1.1609269,-0.8485397,-0.7032775,-0.7822916,-2.1750195,-1.6509824,-0.3045087,-0.26050442,-0.55307204,-0.80756116,-1.2082014,-1.0667253,-1.0138885,-1.1597477,-0.78396916,-1.8205645,-1.0277159,-0.98231405,-1.775376,-1.9955539,-0.6110412,-1.1904762,0.15759823,-0.8253846,0.4404273,-1.0054014,-0.37363255,-0.3642186,-1.028726,-0.35737225,-0.5014397,0.14334957,-0.06820447,-0.22046167,-0.2917494,-0.45455396,-0.18856245,-0.41726953,0.7213529,-0.4012623,0.9823525,0.4098674,-0.8620187,0.38843593,0.42924765,-0.1443073,-0.20173231,-1.4336975,0.4397402
0.7945047,-0.14095011,-0.14597969,0.7157533,-0.25751084,0.872576,0.8162785,1.3389841,0.7126501,0.37376055,0.06430775,0.8892318,0.30889285,0.88496155,0.28493845,0.40225524,0.82548994,0.67894757,0.4375891,-0.127463,0.31777,0.54395103,1.3669854,1.0950502,1.1599911,1.172079,0.84636813,0.17822368,0.19137226,1.4543054,-0.34070113,0.41775602,0.17130287,0.48255917,0.28681004,0.581119,0.1410861,1.1929476,1.3510935,1.1879162,1.0992669,1.860626,1.4075116,1.3309371,0.59566593,0.7558745,0.5051262,0.70037454,0.101495706,0.4494909,1.3092979,0.34113917,0.41505355,1.0710725,0.7763422,0.2961279,0.34882528,0.07571164,0.43673563,0.80256546,0.5772084,0.077016175,0.91826165,0.5148252,-0.014562959,0.4784281,0.8399529,0.03078145,0.3660442,0.17679124,-0.1955493,0.68424916,0.57061505,0.95691615,0.473557,0.5912897,0.14905038,0.6278096,0.9776158,0.16333675,0.62863475,0.5728837,0.74497014,0.3195168,0.82472223,1.0007262,0.4478704,0.60629684,0.8985309,1.072976,1.177825,1.168977,0.80775934,0.7925758,0.49944237,2.0307205,1.1575059,0.2964639,1.5335958,0.6939457
0.60592616,-0.37702513,-0.17972864,0.538599,0.42102686,-0.39957303,-0.096066676,-0.65680015,-0.2643169,-0.22241247,-0.012898123,0.05909599,-0.55210066,0.034138918,0.31670797,-0.078605905,-0.25166386,-0.6505088,-0.3230414,-0.013454091,-0.8876264,0.13814081,0.26227227,-0.4542199,-0.6490957,1.0725201,0.25056675,0.61186284,-0.16292048,0.5879508,0.9160652,-0.7216302,0.4490059,0.20190965,0.97049206,0.6232668,0.4355536,0.9734422,0.6734227,0.36210826,0.2115516,0.1436585,0.9168204,0.44044533,0.041556958,0.5672478,0.99763906,0.30533454,0.672465,-0.47929296,0.09206562,-0.3240022,0.02323479,0.08354153,0.48768955,-0.5518889,-0.6431078,-0.4928697,-0.20580108,-0.20140614,-0.47029567,-0.6286444,-0.22305998,-0.60678935,-0.6415896,-0.44790256,-0.94864285,-0.7670713,-0.39904842,-0.2922802,-0.66655475,0.58195025,-0.7475025,-0.8659507,-0.537386,0.288793,-0.7698654,-0.0790511,0.3647288,-0.34717622,-0.6652227,0.04903473,0.52002364,0.45334196,0.4050666,0.67188096,-0.350065,0.49368075,-0.17095706,-0.84842545,-0.044880297,0.27951592,0.31547076,1.1472756,0.5610795,0.09202352,0.32923076,-0.38181978,0.2490201,-0.59494746
0.0011793382,1.554412,1.4059293,-0.008317407,-0.07261813,-0.03146359,0.6903443,1.205413,-0.028014014,0.7276927,1.2377259,1.387399,1.5373802,0.306541,0.89837164,0.06371098,0.254372,0.49048066,0.79308826,1.8933784,0.71360385,0.02648465,0.6810579,0.7272201,0.6926346,0.8387238,0.5176008,0.63881713,0.47295702,1.8676906,1.5921906,1.8015226,0.4399911,0.15905996,0.23369028,0.72867006,0.44725475,1.2810099,1.3281701,0.9295832,0.3423462,1.7158711,0.22359082,0.85267526,0.69637734,1.0158283,0.4681912,1.0101403,-0.4360434,1.1379367,-0.21871184,0.23347421,0.10443304,0.64204735,0.22108726,0.6041938,1.0177939,0.31823656,0.9226229,1.2089751,1.056345,1.712897,0.8890945,-0.16679765,-0.021878568,0.4152918,0.39888155,0.6914728,-0.4646158,0.29166842,0.85229284,0.57218915,0.73951095,0.5576261,0.6840433,1.4980029,0.92147845,1.0430858,0.856316,0.7229333,0.51813763,-0.007856472,0.80103403,0.40903687,0.7093879,0.7469509,0.904067,0.6030549,1.4500797,0.64207923,0.5908758,0.72432274,1.3277425,1.286305,0.6840138,0.5627674,0.46432495,-0.06257909,0.24636848,0.6091548
0.75392365,0.5971429,0.54145676,0.35349706,-0.54265183,-1.6204485,0.70557576,0.7011939,0.67854965,0.17950007,0.9953869,0.77228034,1.993773,0.43253213,0.4727894,1.2193023,1.5119071,0.18395732,-0.007621623,-0.04533684,-0.8474357,1.3243448,0.48806074,0.31558347,0.5605627,0.627045,0.9692065,0.9664702,0.54956746,0.9408884,1.559348,0.9623974,0.9873827,0.694003,1.0647227,-0.44064882,0.17349328,0.05216197,0.25489265,0.22022425,0.6140347,0.96474785,0.20411481,0.4098122,1.3430213,0.8963546,1.1093488,1.3364729,0.647887,-0.39482716,0.14778966,0.091908894,0.8042176,-0.1697502,-1.0100226,0.072340034,-0.23471041,0.1009483,0.7328544,0.16202903,1.0342818,1.7235346,1.6165099,0.16832826,0.5942507,0.45707557,-0.25075293,0.8410535,1.0228186,-0.058421597,-0.20877858,0.65505975,0.90810865,0.1329431,0.7918011,0.49705508,-0.12002574,0.6606098,-0.333628,0.9965115,0.28310263,-0.6792949,0.22935392,0.7436813,1.4661474,0.17619069,-0.17362686,0.9246352,-0.42176738,-0.9842937,-0.2103398,-0.13027978,0.2001272,0.40373114,0.5582607,0.57431567,0.3637722,1.2558829,0.00089282286,-0.73536795
-0.38007256,-0.20544739,0.7182121,0.61467713,-0.23095809,0.26541927,1.3612728,0.7994864,1.0865662,0.37549943,1.2777113,1.455311,0.61427826,0.24211684,0.485603,0.44197553,0.30256638,-0.33004552,0.36658815,-0.21941915,0.19330674,0.42794162,0.45618302,0.17451721,0.27163076,1.2935939,0.012105618,0.05780187,0.66597605,1.9025953,-0.8542058,0.6508364,1.758723,-0.42656487,-0.26270744,-0.36049542,0.43363485,2.2338524,1.9239504,2.0174706,1.2456205,0.61973935,1.6373352,0.73941433,-0.053325824,0.6697842,1.2821362,0.35841095,0.98518527,0.9222985,0.96067554,-0.015580577,0.17347015,-0.1196451,-0.06947829,0.34865385,0.7291989,-0.016457077,0.2532419,-0.36245248,0.18056783,1.0982506,0.060310192,0.10456331,-0.5348121,0.6480657,-0.77773196,-0.15729474,-0.59945905,-0.6404062,-0.36571088,0.28876883,0.17927542,0.8056713,-0.08648395,0.77556646,-0.12300994,0.8371471,0.057813633,1.5223513,-0.12991783,0.06331338,0.073163986,-0.6469451,-0.75854623,0.20784843,-0.1038708,-0.2750683,-0.001565715,1.2399741,0.78790146,2.547271,1.9230968,-0.024479782,0.6479049,0.8147911,0.6384671,-1.0068902,0.2146755,0.79859537
-1.1155087,-0.5128463,-1.0151833,-0.4990513,0.12508287,0.18884213,0.43760705,-0.4658109,0.5230102,0.18168528,0.84801227,-0.2929893,1.0636995,0.05532728,0.32753456,-1.0941641,-0.5051871,-1.0966364,-1.056382,-0.0020648479,-0.37526166,-0.30884326,0.26834947,-0.36972097,-0.04547995,0.66595954,0.40972438,0.3218542,0.04515112,0.75448734,0.15328597,0.82586503,-0.3966933,-0.540797,0.3692763,-0.41211984,0.36729008,-0.1825017,0.20452456,-0.25465626,0.08830464,1.8582728,0.190619,-0.1465399,0.7724796,0.20017149,0.43229523,0.8005653,0.7538734,0.65916324,0.20071575,-0.010386059,-0.41595158,-0.84575564,-0.8242977,-1.0107199,0.43147433,-0.37176147,-0.0068256184,-0.060348086,0.0012951493,1.1148301,0.59002966,-0.33500865,-0.43890852,0.7024787,-0.8380855,-0.8752498,-0.717885,-1.1514447,-0.88204837,0.27298528,-0.44590133,1.0540699,-0.39534602,0.15558554,0.2854833,0.53657955,0.13774487,0.8834673,0.5509929,-0.56260526,0.70088196,0.33340567,0.5721627,0.50113195,0.45726475,0.09693484,0.5238602,1.193171,0.69739366,0.62748325,0.9056928,1.3989669,0.9822382,0.11637219,1.3442587,0.7319189,-0.49571264,0.59596646
0.36492354,-0.117433295,0.75369,-0.028285509,0.2853957,-0.6900073,-0.4791984,0.28731215,0.16271025,0.86024463,0.5230731,-0.073659554,-0.48307586,0.11004094,0.2061328,0.4666866,-0.3251176,0.40529752,0.03508083,0.44113195,0.41772273,-0.33707523,0.10165426,-0.0034144204,0.5868496,-0.005756762,0.3002722,0.56590194,0.5722551,0.45199963,1.3148793,1.4447705,0.40983355,1.0180199,0.14283583,1.6831368,1.1984702,0.89535904,0.21620356,-0.2510544,0.23702928,0.900769,-0.012963377,0.76814026,1.719088,0.16497825,-0.14296938,0.10059337,0.5298453,0.99631584,0.5268433,-0.1683148,0.28916314,0.6344268,0.13916495,-0.17634623,0.3953176,2.276355,0.6465037,0.22637428,0.08405426,-0.08185429,-0.2554025,0.040053174,0.13857175,0.26714602,0.24609973,-0.31202346,0.0034287293,0.51269096,0.76672584,0.09769213,0.5375429,0.33729112,0.74880797,0.78249186,0.56193095,0.12009018,0.35578978,1.1145916,0.5987751,0.70616174,0.6118187,0.25447428,0.7910561,0.054431543,1.113064,0.19885032,1.070208,-0.38162294,0.52728176,1.1355364,0.3672382,0.68934083,-0.47098604,1.070851,0.6054653,0.4719432,-0.03067629,0.22123258
1.7419696,-0.39654377,-0.8398699,-0.13413227,0.037928205,-0.5760813,-0.29716173,-0.9603075,0.13247408,0.49252975,0.05717776,0.3481719,0.5093583,0.21343322,0.1440379,1.6214671,0.96505827,0.9468508,0.046623208,0.012658582,0.16808756,1.0417194,0.5917801,0.6381497,0.6753346,0.69878304,0.7808099,1.1787428,0.6107202,0.02181428,1.3815128,0.7941729,1.5038135,1.1481327,1.6189028,0.37789252,0.6721876,-1.0245372,-0.95402724,-0.34917143,0.48027095,-0.09480525,1.1055453,0.33802578,0.13043684,0.80521935,0.9369085,1.0769234,-0.1596346,-0.7102482,-0.11084419,-0.037294805,0.617778,-0.07932696,-1.0920136,-0.22138523,-0.6333459,-0.60505897,0.8026726,0.16788918,0.84784865,0.539514,0.87529427,0.2061197,0.72359157,-0.30397123,0.6095353,0.73649627,1.413079,0.78979784,0.39742744,1.5811157,0.7622834,-0.03866784,1.0957686,0.70751375,0.86195695,0.5053669,-0.042426202,-0.05705214,0.96840274,0.6281673,0.6617196,1.9616305,0.56278664,1.6542648,1.0229068,1.0705158,-0.054274574,-1.157579,0.49203953,-0.81017655,-0.7776813,1.4342405,0.8451012,0.7371154,0.61567426,1.6795769,1.012536,-0.4204048
2.4327266,0.8978687,0.5068779,-0.22208881,-0.73189086,-0.10910613,-0.30395088,0.38966143,1.1564885,1.0708821,0.32451302,0.45987564,-0.42199776,0.27117726,0.58871907,1.2334983,0.70640373,1.8741325,0.9476294,0.4368613,1.7452159,0.5872346,1.1017617,1.1066824,0.978192,0.038886614,0.6583486,0.48015946,0.8022963,0.22290812,1.9598029,1.269939,0.26698148,1.0797187,1.4668108,0.50751513,1.2331468,0.66664416,-1.0371608,-0.7382937,0.43502414,0.2208261,-0.034184013,0.38973364,1.2784729,0.03521147,0.3641334,0.15824652,0.4509163,-0.38226187,2.1449099,0.6858172,0.5772308,0.04705318,-0.66431373,1.4206258,0.07775545,0.44109687,0.8944805,0.32477593,0.34432423,-0.47935927,-0.2646803,0.03995987,0.3833458,-0.1016303,1.3037661,0.8066962,0.5641437,1.0096372,0.80056834,0.25274777,0.6830016,0.6822352,0.72253513,0.8473969,0.96151906,0.9643561,0.9076227,1.1394887,0.6394913,0.9017808,0.5249016,0.69764143,0.75862896,0.78387195,0.8134265,0.82183725,0.60555804,-0.19353367,1.5743709,0.31332013,0.011270168,0.840143,-0.29458043,-0.32951242,0.23954853,0.757937,1.2608471,-0.018741116
-0.5158162,0.7111619,1.572947,0.9653542,1.1445653,0.030830815,0.49358562,1.1484845,0.34244162,1.5538222,0.68167263,2.1190507,1.3594532,1.7157755,1.2415205,0.0035171243,1.1075009,0.967473,1.3406312,0.7665849,1.3552501,0.2985382,1.0510591,0.99159163,0.51641464,0.5034516,0.90230536,0.6557326,1.1712883,-0.11302775,0.5539803,0.12713856,-0.50305235,0.060143016,0.23877259,0.32616204,0.7450439,0.31191164,-0.31688258,-0.456318,-0.76492643,-0.002935738,-0.61368525,0.91284597,1.23294,0.022991892,-0.57291585,-0.4196535,0.14973606,-0.6410266,1.3481066,0.9107983,0.19204788,1.4628648,0.48592713,0.695739,0.3220449,0.26844794,1.0079476,1.0488484,1.8370059,1.6119889,1.247757,1.7500852,2.007636,1.230349,0.8496829,1.8947074,1.4029673,0.3652099,1.8501364,0.39118174,1.874284,0.5171836,1.5354495,0.7775825,0.6312455,0.3249767,1.2355783,0.42334428,0.55878514,0.008515186,0.72524476,1.0520295,1.2019752,0.21310541,1.0210148,0.9718278,0.49195296,-0.43438846,0.09637805,-0.6670743,0.01946387,2.0104902,-0.3982837,0.1991373,-0.19203477,0.24802881,0.61817986,-0.8478447
-0.05549868,0.5469817,1.0086968,1.0347126,0.33963305,0.44235462,0.58657825,1.0110382,1.0829513,0.15457495,0.3933674,0.085863605,0.41807783,-0.071810156,-0.3168787,0.2973585,0.17555247,0.30590704,-0.1763861,-0.09716035,-0.43938038,0.09156745,0.4448272,0.010851327,-0.0784503,0.8262426,0.8142711,0.5849052,0.40472776,-0.08401715,-0.11170898,1.0921804,0.2549881,-0.60610086,0.19069214,0.5231259,0.23790665,0.8456557,1.0964398,0.027211716,0.24216303,2.1891203,0.9169909,1.207237,1.3633075,0.53738505,0.93100697,0.19172351,0.1934124,0.07786998,-0.4164057,0.94838667,0.93190765,0.6535752,0.3081009,0.32276005,0.6737825,1.4326836,0.24413885,-0.22588576,0.49751157,0.12384704,0.37066007,-0.26188424,-0.12073153,-0.1251471,0.3140425,-0.43683425,-0.010092167,0.17832498,0.18447724,0.22465022,0.6681184,0.24678512,0.6559778,1.0504289,-0.18140416,0.3597704,0.071139514,0.59161144,0.6820666,-1.0136349,1.1996024,0.906004,1.1637398,0.030898564,0.16813968,0.53557694,0.12560362,0.17395996,-0.1459126,0.24806412,1.076415,1.7082957,1.4489948,0.6365471,0.71278757,-0.0815204,0.076040335,0.0064626476
0.65055007,0.18949428,0.20240079,-0.0972179,0.0646062,-0.8934012,-0.5130383,0.06404326,0.18930057,0.21473461,1.3526906,1.475114,2.1641715,1.06149,0.79692173,0.6208253,0.95760155,1.002582,0.67660004,1.7939819,0.39677525,1.4180579,1.4083956,0.98439914,0.7764362,1.6745836,2.1158712,1.5713272,0.728034,-0.5612893,2.573912,-1.2428385,-0.10467787,0.4128554,1.7577077,0.66453916,0.37570313,-0.913716,-0.47427142,-0.54402274,0.1958381,0.36179793,1.2594159,1.2885888,3.2341392,1.4221207,0.604777,1.4318885,0.3483053,-0.97091275,0.15410413,0.7157608,0.21476726,0.14775729,0.7654336,-0.17091978,-0.5175858,0.08629697,0.49277908,1.4787238,1.3613487,1.6661438,1.8589646,0.9233823,1.3190031,1.6537989,1.6131727,1.0466213,1.748166,1.0168126,1.3041614,1.2625372,1.2899777,-0.48568398,1.5475756,1.6037854,0.93792003,0.6205561,1.3585769,-0.9215192,1.5414209,1.3359911,2.6620266,2.4740272,2.0717797,1.177595,0.8943129,1.661903,0.018021118,-0.4431254,-0.8300635,-1.2799494,-0.9165042,1.2234298,0.99713767,1.8979656,1.03229,1.3992603,0.989653,-1.1287538
0.414499,0.844979,0.3671563,-0.9585801,-1.5157743,-1.3015546,-0.025298448,0.9507059,-0.04293135,1.8793674,1.82622,0.87897974,-0.2946512,-0.7941816,0.3259065,-0.27144065,-0.284748,-1.1028341,0.41702217,0.19304949,1.268776,-1.1762156,-1.1579411,0.30618232,0.84742117,0.3678077,-0.07808537,-0.05431439,0.97864914,-0.465679,0.2885463,0.82535046,-1.6828722,-1.5214891,-1.4561402,0.5048904,-0.22925371,1.3853741,1.0980916,1.0138305,0.056407824,-0.5014646,-0.8954786,-0.8443092,-0.74222255,-1.7183778,-2.3003318,-1.2727869,-2.694508,0.27254757,0.82342154,0.2472175,-1.1716164,-0.9105884,-1.7764622,0.2543487,0.6309136,1.5133389,0.85072476,1.0781306,0.02190192,-0.3890693,-0.67141247,-1.0041257,-1.2499808,0.4356631,-0.432521,-0.85505205,-2.261051,-0.89035124,1.6164318,-2.0846417,-0.22123191,0.4572501,0.6067043,-0.8704373,0.54289085,0.2883601,-0.76646394,0.5209516,-0.9837496,-2.5138445,-2.813659,-2.2430413,-0.3571542,-3.7270794,-0.44565055,-0.8792286,0.5542425,-0.43058977,-2.702541,-0.22862649,0.21756442,-3.1425214,-1.6382807,-1.29515,-1.5873713,-1.9317122,-0.41658455,-0.0392988
-0.8373073,0.4533801,2.2563045,0.36023012,0.49788594,1.9817141,0.9477759,0.6546714,1.3446739,2.0884483,1.0422199,0.87717277,-1.0367765,-0.3856963,0.17470981,-0.6248042,-0.5317368,-0.24082254,0.39473453,0.4531565,1.1023918,-0.9042282,-0.7696628,0.7568567,-0.4025192,-0.3910647,-1.527382,-0.9265891,0.96460146,0.52076614,-0.64468986,0.5707374,-1.0718715,0.10045468,-1.8246206,1.4941156,0.1066037,1.1112154,2.5454798,1.9189736,-0.044641715,0.14531045,-0.96322054,-0.80931276,-2.324126,-1.8440948,-1.5092746,-2.7047648,-1.5784112,1.5072595,0.441521,0.8632995,-0.04592709,0.76716876,1.0447931,1.4370079,1.2719857,2.771004,1.3123357,1.4874324,-0.011787018,-1.4981726,-1.2866979,-0.22734639,-1.3174926,-0.6807546,0.30619764,-0.42789868,-1.8542185,0.016812557,1.4076533,-2.0035734,-0.5067496,0.95488846,0.26548368,-0.519901,0.6588121,-0.044006053,-1.510173,0.31660298,-0.632993,-1.3288531,-2.9452093,-2.3372085,-1.5141976,-3.220894,0.18587917,-0.88131654,2.0735815,0.8946362,-1.654426,1.4335067,2.0135639,-1.7983465,-1.0621896,-1.9215026,-1.8597894,-2.7314074,1.6472163,1.1649365
-0.62186664,-0.57573014,-2.1100113,-0.50878096,-0.09718635,-0.8602375,-0.81976724,-0.81206536,-0.91057473,-0.7074871,-1.0849065,-0.26627305,-0.5553194,0.1850275,-0.6042028,0.5102014,0.92751265,0.343201,0.7660451,-0.029666163,-0.40175858,0.90442705,0.15826146,0.08653268,-0.38662413,0.2014673,0.58582985,0.55892813,-1.0799668,-0.7891858,-0.1559926,-0.68001467,-0.9502332,-0.6665934,0.8788812,-0.7877858,-0.07162765,-1.6467276,-1.697718,-2.3206198,-0.94857675,-0.17144386,-0.65162104,0.4170968,0.69299877,0.373895,-0.043239564,-0.1066736,-0.26900965,-2.252366,-1.487858,-0.46760994,-0.15553853,-0.5754937,-0.5399606,-0.77423334,-1.1511619,-1.4023854,-0.22938769,-0.23543471,0.9522836,-0.5642935,0.88967264,0.7568352,1.6651286,0.13287532,0.904769,0.9127504,0.9187473,-0.06297573,0.2601942,0.3096139,0.38223135,-1.5180988,0.5839143,0.1061543,-0.0053175543,0.12802434,1.9328171,-1.2727795,0.588372,-0.036247965,1.2949481,1.6224529,0.59795016,0.16479583,-0.29168445,0.640942,-2.009995,-1.679254,-0.56752044,-1.5123543,-1.5743539,0.56276447,-0.13624454,0.16497797,-0.15185845,0.722202,-1.0216378,-2.242038
-0.9076243,-1.9405069,-1.7513409,-1.3758894,-0.9315966,-1.1007766,-0.5389466,-1.9708444,-1.7021512,-1.7703527,-1.2822826,-0.7758688,-2.3122516,-1.7172947,-1.1906213,0.10073838,-0.31975597,-1.1797138,-0.8379733,-2.1400142,-1.4994407,-0.1266412,-1.84273,-0.9320147,0.029278742,-0.31475335,-1.1376263,-1.207856,-1.7924227,-1.126796,-0.8012639,-0.52860594,1.0619084,-0.5748816,-0.14607382,-0.8003291,-0.95180374,0.0151499035,-0.27490425,-0.5118246,0.671367,-0.8777044,1.0963968,-0.831607,-0.93183583,-0.3106132,0.087305896,-0.52647,-0.29015094,-0.063412614,-0.36571488,-2.4841237,-1.1991853,-1.6053507,-1.5713649,-0.92933637,-1.551088,-1.5037016,-1.6208377,-1.5676231,-1.3453467,-2.1059356,-2.1718955,-1.2526554,-1.7111493,-1.8969207,-1.9145348,-1.1526663,-0.8946293,-1.2473428,-2.3425038,-0.7144454,-2.2847712,-1.2806848,-1.6562036,-0.9238858,-1.3432571,-1.2439686,-2.0190413,-1.6864322,-1.2981774,-1.0488151,-0.9904398,-0.9189137,-1.2858089,-0.8989196,-0.54742956,-1.020303,-1.2782137,-0.18758853,-0.8692651,-0.32872763,-0.87962633,-1.5002509,-0.7783686,-1.2726579,-0.83870804,-1.314025,-0.6412889,-0.20145905
0.38032568,-0.32906157,-1.1971037,-1.16957,-0.63053435,-0.9719179,0.049715005,-0.017277323,-0.49455908,-0.8684974,-0.40414274,-0.8003839,0.12648207,-0.61780876,-0.60568243,-0.44424474,-0.291363,-0.8821802,-0.8954368,-1.6736603,-1.496906,0.3898137,0.029121144,-1.5139184,0.04109794,0.8467128,0.48810104,0.24377823,-1.1738682,1.2517087,-0.12169969,0.3793043,1.3448904,-0.71102804,0.7362448,-0.5952975,-0.047534123,0.59288687,-0.42922232,-0.3122073,0.5554482,0.5837441,1.2712331,0.73317856,1.3781661,0.6464029,0.20186028,0.44987637,-0.32164478,0.2515052,-1.507487,-1.5663979,-1.0506203,-1.6242706,-0.5864057,-2.195011,-0.45661685,-0.97602403,-0.80651313,-0.8300552,-0.5887873,0.17150716,-0.21825053,-1.1615647,-0.28643683,-0.8846473,-1.1640341,-1.1625271,-0.71913505,-1.3358123,-2.1642337,0.31935322,-0.8468954,-0.4655092,-0.8619362,0.095784344,-1.5398186,-0.20130205,0.4476832,0.19903755,-0.6199492,-0.6675987,1.2958313,0.43431368,0.20410359,0.7403557,-0.4220652,-0.1951175,-0.80222976,0.3178387,-0.07237482,-0.203158,0.11445275,0.75157034,0.6359643,1.4858062,1.18732,0.98400337,-2.0034797,0.2806636
-0.8017749,-0.15191971,-0.20532061,-0.904406,0.0714812,0.03661785,1.0826606,-0.9548045,-0.6535759,-1.365768,-0.049612913,-0.37259698,0.35804236,-0.104001984,-1.1446619,-0.4521908,-0.8584549,-0.96269095,-0.13933372,-1.0638326,-0.6244194,-1.088086,-1.189994,-1.3558244,-0.04988093,-1.3129,-1.8898766,-2.3311357,-1.2560292,0.298406,-2.1646955,1.7961028,0.40899497,-0.71328133,-1.8365854,-0.6270988,-1.1196992,2.011735,1.8287107,1.2583185,0.99012107,-0.8456332,0.41219193,-1.0242709,-0.29378596,-0.1823222,-0.9802846,-0.07968233,0.08624618,2.0198011,0.04150965,-1.1173469,-0.60981894,-1.6003183,-0.9417953,-1.3498901,-0.4821971,-0.44511992,-1.5933877,-1.0575591,-1.3709896,0.037883323,-0.9959191,-0.23353867,-0.71809185,-0.4145157,-1.5214437,-0.8237538,-1.5947477,-0.4420457,-1.1967402,-1.5889688,-1.7544919,-0.13056223,-1.8847177,-2.0653183,-1.4121851,-1.3281329,-2.785854,0.56272113,-1.3295135,0.18659334,-1.1279501,-2.4887328,-1.8290066,-0.53915423,-1.0922002,-2.499442,-0.14473218,2.374972,0.31515023,0.96912426,0.44036067,-0.8216899,-0.6858364,-1.016666,-0.4357037,-1.6866243,-1.4897252,1.8402033
-1.4195702,-1.09488,-0.5842055,-1.4228935,-1.602705,-0.82010895,0.15339546,-0.7839686,-0.8139906,0.09677822,0.36134046,-0.5332958,-0.041223172,-0.15855129,-0.17109041,-0.9957114,-1.2604427,-2.049212,-0.7190925,-0.82334787,0.33950993,-1.4259921,-1.2171361,-0.5795211,-0.37595937,-0.9413615,-1.9639868,-1.7099154,-1.5320889,0.6443441,-2.09026,0.36255944,0.2543422,-1.6696827,-2.1598647,-0.8659375,-1.8173827,1.238396,1.4469848,0.61327034,-0.051750723,-0.40842706,0.21975897,-0.5856965,-0.08452495,-0.74296254,-1.0820304,-0.85685116,-1.2340654,0.65770286,-1.0752648,-0.92023015,-1.5905087,-0.902581,-0.78604686,-0.9837586,-1.0314125,-1.4173784,-0.27331337,-0.2252944,-0.7285292,0.042319674,-0.6110715,-0.6219442,-0.7759237,-0.789207,-1.070774,-1.4891641,-1.728481,-1.770553,-0.6001824,-1.3911343,-1.1048198,0.13924313,-0.8171345,-0.77658695,-1.2287534,-0.5989515,-1.1635597,0.5083992,-0.76580334,-0.34778023,0.1137668,-1.6301917,-1.8414328,0.54578626,-1.472495,-1.6943675,0.25760296,2.213143,0.42159137,-0.09591083,1.4086858,0.13809374,-0.34588993,-0.07901953,-0.48093742,-0.83153373,-0.5256102,1.0109437
-0.4929285,-0.07980821,-0.9764511,-0.16217083,-0.4820134,-0.57851726,0.32129174,-0.2774977,-0.56560934,1.2474619,1.0125664,0.6251437,0.24612404,-1.8035915,-0.43042824,-0.63768786,-0.6206226,-0.6092037,-1.1145974,-0.3935406,-0.9637027,-0.02479974,-0.3938202,0.48119882,0.7927729,0.2106866,0.6881764,-0.4338926,-0.062420655,0.17009169,-2.385996,-0.44058368,0.42115727,-0.17831898,-0.3683316,0.68622893,0.39028406,1.2726372,0.22441095,0.88277316,-0.34098008,-0.21812399,-0.7641218,0.25440565,-0.57196283,-0.7598775,-1.0338532,-1.2245492,-1.3475122,0.36355418,0.17070374,-0.20418744,-0.32870254,-0.16214244,-0.5077031,-0.35228544,-0.53678966,0.15244448,1.4070325,1.2913367,0.85654193,0.7334999,-0.41647363,-0.99611187,-1.7499377,-0.5859066,-0.87444836,-0.46819112,-0.62522846,-0.8170857,-0.8218759,-0.22281878,-0.5394696,1.1437966,0.28119886,0.18862323,0.33750314,-0.44868797,0.46906096,1.1511958,-0.7865611,-0.9518355,-0.46082395,0.18899149,-0.2904088,-0.32807893,0.6590397,0.2532532,0.60754216,0.33495238,1.3506187,1.4206306,0.24669363,-1.3011273,0.38465527,0.5475884,-0.44606066,-0.14128505,-0.48302007,0.65763277
0.87746245,1.5105077,1.0168549,1.0888717,0.72980267,-0.6402967,0.090428166,0.93418527,-0.7220719,0.6534113,0.36544493,0.48239887,-0.019099008,0.73142934,0.40159184,0.09998831,0.7052789,0.7267474,1.2907372,0.7167852,0.5743073,0.062020943,0.6093926,0.5150252,0.6158876,0.37680247,0.4316993,0.69142514,1.1359844,0.019767754,0.8050849,0.29934394,-0.8088904,0.80728185,0.23197176,0.8415491,1.1408135,-0.38790497,-0.078769684,-0.3099808,-0.41362074,0.3961932,0.15779075,0.5573868,1.4148171,0.40893504,0.24081865,0.26026297,0.049990356,-0.8380881,0.67699414,1.233657,0.78527033,1.4424312,0.8348927,1.0535021,0.751247,0.21941587,1.2689781,0.46739286,1.0631506,0.28167862,0.56074667,0.7507516,1.2082261,0.96964926,0.5652281,1.2640305,1.712984,1.7440829,1.2397538,1.0929942,1.9055673,0.35467032,1.1957138,1.071963,1.3482068,0.5667938,1.6596277,-0.103672355,1.5884758,1.0143876,1.253297,0.9006984,1.1793708,1.5663457,0.8458535,1.430723,1.1753912,-0.16355598,0.09082292,0.14471805,0.7063743,2.5912971,0.9277454,0.54584855,0.07462832,1.9945177,0.32121316,-0.23146799
3.0073967,1.0626389,1.2313365,1.0599066,0.73154896,-0.026400104,-0.103772864,1.4014058,0.86855316,2.2660763,1.2749376,1.6566501,0.02133279,0.82546777,1.8189082,1.6344664,1.240746,1.8549069,1.7131089,1.3518366,1.2398293,1.4307023,1.3694327,1.4903653,2.300541,1.692852,1.499165,1.711762,1.3612283,0.36282206,2.15665,0.69625974,0.46175894,1.6601167,2.0311704,1.2781541,1.4232596,-0.40059656,0.29062808,0.101657756,-0.085908204,0.5224717,0.31229338,0.61324066,1.6888599,0.5074438,0.4632844,0.61424905,0.38369906,-0.66233414,1.8358066,1.8895788,1.321819,2.116286,0.21323207,0.9808338,1.0344328,1.36593,2.475056,1.3517896,1.723047,-0.00774084,0.97002393,0.3331152,1.0240194,1.8843095,1.7801626,1.6160477,2.1243355,1.7557535,2.6726596,1.3278832,2.09933,0.7469026,1.98257,1.7525032,1.9145355,1.67519,3.319517,0.732759,1.3235606,1.1969154,1.5709447,1.8126147,1.8500438,1.0061235,1.5598351,1.7988272,1.0867118,-1.4071796,0.85115886,0.66273546,0.032004967,1.1707528,0.39728397,1.2223039,0.92617893,1.9337144,1.2390559,-1.1044658
0.8349333,1.7818915,1.7660427,1.1808878,1.3680419,1.2091539,0.35574734,1.47934,1.9503772,1.5845842,1.0028256,1.0739633,1.4094505,1.2547657,1.4909694,1.0006162,0.8463776,1.1469709,0.19917779,1.7188942,1.602802,1.2017639,1.5143602,1.2613132,0.5221347,0.7919489,1.4586985,1.7189742,1.7106732,0.96195334,1.6053269,-0.33510643,0.3234717,1.5427874,1.1950469,0.8180049,1.2822012,0.03635613,0.04180312,0.5721209,-0.40792745,1.442233,1.0180641,0.8083158,0.9803274,0.79290515,1.4228295,0.78068966,0.8401694,-0.3489488,0.7031655,2.6373577,1.8954105,1.591349,2.5608962,2.6401763,1.6349119,1.2264278,2.225985,2.4645414,1.8441042,1.6110375,2.0009663,0.9526023,1.404326,1.5930123,1.5722275,0.86317956,1.8244295,1.5264771,1.783071,2.2766745,2.0825686,1.8234878,1.8267176,2.6064887,2.4033093,1.3883657,1.4368248,1.2179235,1.6728929,0.9137011,1.1864377,1.8451343,1.4930297,1.684384,1.4903271,2.0005372,1.2283435,-0.27637213,1.03753,1.0804017,0.8027529,1.0460844,1.8098632,0.9128128,1.0385286,1.7299968,1.7500826,-0.32664567
-0.52375454,0.89756125,0.6301443,0.77301556,-0.54566175,-0.46569234,0.8963935,1.3600394,0.5481193,1.4008707,0.788319,0.5297217,1.9440237,0.07202334,0.8593358,0.0057970528,1.2541273,-0.07602964,0.8552529,-1.3329818,1.2167876,0.58176875,0.5555005,0.6894219,0.91222095,-0.25101945,0.9454035,0.7211167,0.85650676,0.23943703,0.6033964,0.79027027,-0.16605635,-0.7308638,0.20654134,-1.0521042,0.19835445,0.5698638,-0.04833493,0.44385198,-0.3640057,-1.3411195,-1.0167887,-0.17682153,-1.0571873,-0.24729086,0.34309414,-0.06406533,-1.1698681,-0.86790895,1.0482788,0.71435094,0.6642767,0.40375412,-0.0077117155,0.54322267,0.7501633,0.056808177,0.87644595,1.0049114,0.612965,2.226667,1.6869532,0.39928946,0.563341,0.65758795,0.008554796,1.049277,-0.26046386,-0.273995,0.6085728,0.28979307,0.94693416,0.76331997,1.039217,-0.49678525,0.093726926,1.2798636,0.27752447,0.21292685,0.5171391,-1.2043269,-1.577927,-0.12934664,0.31286407,-0.6210974,0.35600597,0.3981534,-1.2332916,-1.1181148,-0.5358434,0.5259255,0.45683226,-2.127656,-0.18007077,-0.536812,-0.046276793,-0.056533754,0.7592077,-0.40022412
-2.0070832,0.4901953,0.6065109,0.49387524,0.4926338,0.33406922,-0.21126327,-0.118291676,0.3654254,-0.59899205,0.016165607,-0.5928498,0.030610917,0.31711927,-0.26946986,-1.4649348,-1.0303527,-1.2324774,-0.3050502,-0.4482518,-0.27948484,-1.5218289,-1.2577941,-1.1283714,-1.0408337,-1.261521,-1.3897942,-1.1371905,-0.4842872,0.46891758,-2.0276403,-1.0840406,-0.6667901,-0.93384796,-1.8555219,-0.28686655,-0.44234306,0.5773923,0.74477494,0.13164076,-0.3212839,-0.70693946,-0.9337029,-1.196537,-1.801269,-0.646257,-0.78243536,-0.614892,-1.4075245,0.6731425,-0.72584903,0.22860286,-0.8354757,0.07439749,1.0574458,0.56056345,0.09171358,0.22725363,-0.98573333,-1.0091938,-0.9574909,-0.01661188,0.44024158,0.04060067,-0.3137368,-0.18103659,-1.7654669,-0.31549698,-1.0363072,-0.9585909,-0.7111264,-1.1308801,-0.53589344,-0.6909314,-1.1008705,-1.8712419,-0.2947251,-0.91764975,-0.9283644,-0.11726735,-0.90028447,-0.4113085,-1.4805512,-1.9917486,-1.8714513,-0.010880404,-0.6883354,-1.2897502,0.12339612,0.7508613,-0.20207076,-0.6976838,-0.4903077,-0.24780327,-1.1038362,-0.8998856,-0.6831095,-0.90533555,-1.1693357,0.6446862
-0.03242834,-0.7313149,-0.1884263,-0.28457505,-0.55538756,-0.7261813,-0.6649371,-0.5340372,-0.27384645,-0.18770204,-0.89017564,-0.69896054,-1.3606138,-0.30829248,-0.48015368,-0.7665162,-1.4696832,-1.2871809,-0.417951,0.38111916,-0.0076378044,-0.7582655,-1.3263947,-1.4595491,0.023652133,0.40500706,0.10340027,-0.29447168,-0.48723003,0.34610555,-0.8128078,0.12683731,0.06044891,-0.5437432,-0.626622,0.51130104,0.15001729,1.0898473,1.6380162,0.89450955,-0.11614506,0.37970966,0.43992913,-0.1214587,0.08751009,0.00187428,-0.4349915,-0.20298217,-0.08428401,0.6999836,-0.76276255,-0.12085644,-1.140617,-0.3587265,-0.7935885,-0.5055368,-0.7328649,-0.7671344,-0.59642917,-0.10329605,-0.25944364,-1.0934885,-1.0276517,-0.07385471,-0.7447793,-0.40317902,-1.3765749,-0.96961033,-0.8451369,-0.75894433,-0.28290215,-0.7829651,-1.1537373,-0.067549706,-1.2443017,-0.36554772,-1.0986676,-0.9870236,-0.25977165,-0.022255752,-0.4889547,-0.4574097,-0.091825746,-0.4732918,-0.20414922,-0.95317,-0.100206494,-0.38721183,0.3231826,0.47351408,-0.17913677,-0.10869593,0.45337588,-1.4758353,-0.036095913,0.51233584,-0.34732613,-1.010497,-0.11886158,0.6679725
0.19247393,0.25013286,-0.20696335,-0.010479784,-0.0984142,-1.3101783,-0.99292576,-0.08599731,-0.6671508,0.42563486,0.062423315,-0.45042753,-0.5237593,-0.1677886,-0.7391843,-0.060049467,-0.6978685,0.032257136,-0.01109132,-0.3106105,0.1817775,-0.5845085,-0.22624832,-0.14609767,0.04901632,-0.9944127,-0.14663914,-0.035925362,-0.19623072,-1.5906223,0.42605266,-0.8431094,0.05717395,0.03887101,-0.39607927,0.77877474,-0.17827265,-0.92278016,-0.6407118,-0.5444418,-0.6704668,-1.4881102,-1.4699895,-1.1700339,-1.316174,-1.0976896,-0.6166113,-0.038335703,-0.6664196,-0.45820192,-0.3078279,-0.26743847,-0.72831273,-0.5225763,-0.52468246,-0.0065004197,-0.9013533,-0.38885605,0.42560878,0.034029327,-0.22670007,-0.40776372,-0.97121656,0.14415778,-0.33910137,-0.49419418,-0.26780605,-0.24657352,-0.10967428,0.07544359,0.24111576,-0.28086543,-0.44200096,-0.33279216,0.18765779,-0.9187646,0.1178555,0.06805034,-1.21357,-1.2527603,-0.45646706,-0.2234574,-0.3631034,-0.04282024,0.23809424,-0.2977707,0.87186587,0.17806268,0.13769133,-1.119394,-0.64769214,-1.6856723,-0.658279,-0.79322743,-1.4720998,-0.4422993,-0.7496549,0.14668308,-0.16520682,-0.72753334
1.590457,0.38708842,0.7734543,0.4143745,0.052212562,-0.28961667,0.32621863,1.0116233,0.4519433,1.352854,2.1275008,1.015614,0.11518449,0.014966716,0.91350955,1.6863421,0.784196,1.1961209,0.63635284,0.43069452,1.2070781,0.57229406,1.268549,0.89865273,0.8369591,0.5071025,0.39717856,0.83214223,1.6850392,0.28242838,0.5452478,1.4689219,1.1533492,1.5041349,1.0244832,0.8993613,1.2996314,0.66506886,-0.12930496,0.8123659,0.3244533,-0.26759696,0.38016224,0.9666648,1.0363472,0.0975134,0.38122267,0.03715356,0.43978748,-0.1894256,0.87447935,0.4743655,1.1906573,0.98048025,-1.2149112,0.6801833,0.55985916,1.4280987,1.5766068,0.8061747,0.535173,-0.07830771,0.3765398,0.7603002,-0.11425261,0.6626761,1.423646,0.44100264,1.4962579,1.4941381,1.4169534,0.7812397,1.405447,0.9901859,1.3631661,1.3550885,1.1437644,1.1106721,1.7074907,0.6397284,0.58931535,0.92456347,1.4015366,0.97926396,0.35537258,0.62221456,1.6868106,0.6318126,1.0842115,-0.37631935,0.96514595,0.7359604,0.784668,0.91156834,0.659136,0.85535526,0.68443435,0.8469742,1.6776061,0.35631928
0.44748557,0.55908144,0.26573205,-0.09874674,-0.6471441,-1.5020181,-0.41446814,-0.097730435,-0.31545636,0.2530862,0.477265,0.07233581,0.7411939,-0.05405899,0.5541936,0.8659488,0.5581745,0.93003094,0.31741348,0.55006707,0.081765525,0.10061057,0.06017123,1.1131066,0.40297392,0.11202616,0.3338479,0.12444333,0.6896279,-0.51744133,1.4005821,0.030165086,-0.42516866,0.6289693,0.52239704,0.84531075,0.14101607,-0.68371993,-0.9037017,0.08190062,-0.04907552,-0.26075113,-0.5803597,0.082954176,-0.067646876,-0.28684324,0.19014092,0.5458749,-0.25087345,-0.83669186,0.13927884,0.24937518,0.44867924,-0.0073869717,0.017704807,0.05186961,0.7223669,0.48009834,0.20452727,0.11072266,0.4265172,0.597128,0.23086336,-0.009744629,0.25374624,-0.40669903,0.8846819,0.29182133,0.7561865,0.93420815,0.73098123,0.34925738,0.43204513,-0.022238849,0.8771882,-0.2506151,0.5544923,0.5218146,0.6629495,-0.002341968,0.5836811,0.37319654,-0.57593054,0.06767337,0.69820106,-0.26272455,-0.30687255,0.10638475,0.30963945,-0.8799599,-1.6649053,0.29928043,-0.5887825,-0.34944522,-0.21665633,-0.5091537,0.112520665,0.7545772,-0.43688664,-0.7885422
1.3930563,0.8213238,1.0380712,1.4433162,0.7327288,0.41642645,0.339239,0.8187597,0.7687548,0.81564736,0.70718646,0.53195673,0.35598004,0.45727453,0.42979968,0.22393446,0.21988232,0.3946923,0.2862742,-0.65597445,-0.0022965653,0.31379458,0.39568332,0.47905722,0.83254504,-0.08017459,0.35589293,0.23583199,0.21852425,-0.42971203,-1.025017,1.2987622,0.7520494,-0.3831935,0.182666,-0.52093107,0.3841207,0.23421699,0.57185054,1.0780461,0.44653532,-0.5766049,0.30496466,-0.7025314,-0.5457222,0.15843804,0.03489842,0.06537589,0.60264844,-0.12523489,0.6657766,1.0107993,0.8788816,0.76428336,-0.2910785,0.8294938,0.50150603,0.3742704,0.6935488,1.327241,0.7557663,0.4923931,0.90378064,0.08918208,0.07722952,0.49663264,0.8404233,0.3275498,0.3585196,0.6482154,0.34853944,0.34803963,0.7437817,1.2763295,0.52807164,0.6756074,1.0511007,0.17662577,-0.9816963,0.66540766,0.75733656,-0.4476306,0.25111437,-0.18645175,0.8297251,0.11525643,0.4167254,0.2511317,-0.47585136,0.15320006,0.43271512,0.27866882,1.2587826,-0.007820233,0.6378523,-0.6255634,0.06496833,0.37383997,0.0818615,-0.21165735
-0.23439193,-0.39115807,-0.22585084,-0.17870106,-0.5074264,0.21921131,0.6714677,0.29477248,-0.057007,-0.33362108,0.46579623,0.23517069,0.42688686,0.15828659,0.5110464,0.98440665,0.25968176,0.11761071,0.26642147,-0.24217975,-0.5487062,0.059837002,0.08329685,0.044332914,0.095833756,-0.72761446,0.1002923,0.11114393,0.020378277,0.37574187,-0.3827202,0.10038881,1.2743446,-0.50185275,0.58593106,-1.2753755,-0.43891436,-0.5301533,0.08077257,-0.3148564,1.0991272,0.5924373,0.7350939,0.51343936,-0.30129355,0.21231696,0.07278562,0.08620493,0.5878028,-0.33795646,-0.027697535,0.024500692,0.8401015,-0.78273785,0.70166427,-0.22783448,0.19093588,0.10004422,0.22343184,0.5966964,-0.37844867,0.275339,0.3166392,0.10519399,0.4250961,0.00048748142,-0.0032414452,-0.19655292,-0.45512205,-0.46961346,-0.3379839,0.057575107,-0.3553538,0.35336637,-0.27040923,-0.52599263,-0.6376195,-0.13098134,-1.0469934,-0.08554753,0.28212607,-0.012641033,0.003791138,-0.08905698,0.20038551,-0.39803234,-0.5468111,-0.1293955,-1.8446977,0.42068973,-1.0533053,-0.07489097,-0.006402686,0.053854447,0.5843648,0.2501164,-0.05930229,-0.14870997,-0.43467984,-0.05417727
-0.7489178,-0.5898007,-0.5059749,0.077881105,-0.24546516,0.67257714,0.60670364,-0.49622175,0.7423152,-0.06993569,0.078057304,-0.7095207,0.0004498167,-0.55235595,0.037126727,-0.3111306,-0.70987403,-1.3531244,0.107312724,-1.405595,-0.62587523,-0.2813104,-0.450561,-0.72042936,0.7860976,0.021354737,-0.89176613,-0.6840309,-0.5859289,0.30564097,-1.2046702,0.7220813,0.1997011,-0.63674134,-1.1061149,-0.24973956,-0.4634538,0.7151155,0.5435691,1.1049252,0.060712945,-0.75140935,-0.08591667,-0.008363299,-0.16501234,-0.31966195,-0.13714525,-0.43346468,-0.41989937,0.76079243,0.12212121,-0.7273976,-0.20457739,0.23028386,0.04235358,-0.20045485,0.41602817,0.67843276,-0.21925619,0.0960293,-0.01024262,-0.23124604,-0.3127711,-0.51617754,-0.55126077,-0.073325984,-1.0504067,-0.4676985,-0.83334833,-1.0238024,-0.9870702,-0.7443646,-0.7477668,0.33900055,-0.94505584,-0.55784225,-0.31382307,-0.69151175,-0.9013508,-0.5599806,-0.89285004,-1.2127566,-0.7504564,-1.0706619,-1.5271263,-0.56279886,-0.68119645,-0.9697667,0.016301803,0.5383557,-0.009961913,0.63346803,0.66124624,-1.7753334,-0.080944516,-0.41198376,-0.5700427,-0.9827755,-0.9527173,0.6300684
-1.0693592,-0.5289104,-0.0025764091,-0.18793468,0.359833,1.4391363,0.66989565,0.1722482,1.377487,-0.8458929,-0.15753777,0.2705441,0.34830847,0.7503529,0.28726804,0.38708925,0.03716036,0.092318416,-0.56290096,-0.7686686,-0.9589531,0.70058316,0.5575676,-0.68842626,-0.6582342,0.7223168,0.15582965,0.90606165,0.54503185,2.2329135,0.38162103,0.33540192,1.6094432,0.33229262,0.76273185,0.051931296,-0.15322894,1.2453873,1.3867579,0.60558623,0.23502286,0.7848075,1.1896482,1.2438347,0.15949671,1.6590244,1.1493223,0.26673555,0.777616,1.0385932,-0.6083234,-0.6309162,-0.31229317,-0.33301014,1.1485686,0.60040957,0.20674221,1.4802793,-0.4487491,0.07848316,-0.6434808,0.09063222,0.08447144,0.4455208,-0.09961921,0.63496184,-0.2789711,0.040799808,-0.4805862,0.2507429,-0.19299532,-0.10571824,0.06245164,-1.4394205,-0.39565545,-0.3266021,0.02380459,-0.52649987,-0.4315954,-0.30546296,-1.467439,-0.13183159,-0.3275909,0.15944418,-0.2753235,0.19526193,-0.009737513,0.19483106,-0.25947282,-0.69624585,0.6363922,0.23821808,-0.62492967,0.46256772,-0.40996447,0.7147618,0.5439621,-0.44621813,-0.9738037,0.749054
-1.7182634,0.33356753,-0.027344074,-0.42095673,0.09235017,0.9292741,-0.20156918,-0.5838396,0.23016582,-0.3984706,-0.5205594,-0.23329897,-0.29835135,-0.4570956,-0.90495646,-0.47632492,-1.0779397,-1.1519759,-1.3460467,-0.9070096,-0.66473943,-0.5531289,-0.8550726,-1.3110867,-0.9299649,0.37161735,-0.72246855,-0.06814346,-0.41392595,0.29178363,-0.78814614,-0.65589267,-0.73307246,-0.9781313,-0.39354557,-0.9508999,-1.2479639,0.8181677,1.124538,0.35358953,-0.82582325,0.7466491,0.4971544,-0.5202194,0.06039539,0.2199283,-0.2197361,-0.39971358,-0.7140204,0.018400932,0.53789335,0.2486646,0.13541584,-1.0426037,0.5310474,-0.21592925,1.1553775,0.85787684,-0.39392433,-0.20221388,-0.87714463,-0.6057406,-0.68926376,-0.93574923,-0.89630723,-0.50317895,-0.8686754,-0.76537126,-0.89372414,-0.64823085,-0.8727313,-0.39008474,-0.7634232,-1.0845635,-0.8904758,-0.33182073,-1.0349624,-0.20677507,-0.13841948,-0.72785425,-0.9488436,-0.5217177,-0.27107298,-0.7762646,-1.4096739,-0.30933306,-1.131747,-0.2509971,-1.1213093,-0.6979752,-0.2091616,0.5664771,0.3460056,-0.44430047,-0.34151608,-0.8373751,-0.53445214,-0.49686655,-0.47263643,-0.15622735
-0.67895716,0.1058206,0.45225462,0.36562458,0.5980546,1.0399545,-0.5707247,0.48504236,0.38740626,-0.49316087,-0.1618087,-0.1398626,0.05977865,0.72610193,-0.25184438,-0.3797381,-0.39696106,-0.25075036,0.25732914,-0.50692105,0.42691252,-0.1224872,-0.10637071,-0.8231444,-0.14120345,-0.29710948,0.030607937,-0.30943623,-0.56547064,0.090722695,-0.5772056,0.15418503,0.2860323,-0.70308715,0.06764648,0.14338006,-0.054841176,0.22301088,0.6398041,-0.33445594,-0.15915924,-0.92708117,0.75354755,0.43286383,0.81360805,0.7202999,0.0069714957,1.0275694,0.9039352,0.38531056,-0.26022342,0.28685194,0.005426515,-0.4351554,0.94678384,0.120636456,1.1191465,0.6728572,-0.35664132,0.10576787,-0.21248929,0.285845,-0.1758577,0.8626688,0.4799663,0.037892878,-0.027531313,-0.11392427,-0.062102452,0.105694585,-0.08045835,0.12534489,0.14841367,-0.28247154,-0.6457593,-0.3765542,-0.24800043,-0.51193285,-0.2840701,-0.021477476,0.40655574,0.1823459,1.0341203,0.44782448,-0.23907474,0.41163737,0.14309926,-0.13215533,0.023495678,0.6615952,0.43793494,-0.13472036,-0.24463724,0.8112786,0.29539955,0.57010716,0.4079574,0.19802271,-0.14199965,0.2625797
-1.4585397,-0.39493242,-1.0528096,-0.90907925,-0.285852,-0.6661128,0.13495904,-0.839104,-1.0926219,-0.23521203,-0.49026883,-0.78802955,-0.3990146,-1.005371,-0.8576572,-0.7388753,-0.32036084,-0.40351245,-0.30094695,-1.0744597,-0.3484911,-0.9024261,-0.48720115,-0.4399627,-0.008182403,-0.48652416,-1.1591841,-1.3602155,-0.89555854,-0.01104407,-0.8322768,-1.636067,-0.5318166,-0.38637048,-0.9926874,-0.40078917,-0.54747844,-0.05443231,-0.18383376,-0.40022564,-0.049101893,-0.63854265,-0.8556402,-0.64467865,-0.7611941,-0.68476236,-0.7725795,-0.55723906,-1.477847,0.39313528,0.14071521,-1.0766557,-0.9289292,-0.3644802,-0.379517,-0.7126143,-0.1887484,-1.6812084,-0.2540742,-0.28240895,-1.3646582,-0.25497276,-0.5002604,-0.8508783,-0.93603164,-0.8971044,-1.1819844,-0.47921038,-1.1804624,-0.51738983,-0.40760663,-0.9253114,-1.1616535,-0.4454832,-0.8097983,-0.99800533,-1.1299862,-0.90811217,-0.66013503,-0.618449,-1.0544269,-0.5327412,-1.3281169,-0.97397023,-0.97809446,-1.1429229,-0.8562813,-1.3265623,-0.35157394,0.36523756,-0.5645821,-0.4764113,-0.24269795,-0.479764,-0.26593092,-0.5342069,-1.0975047,-1.378045,-1.0655496,0.94099325
-0.12348842,-0.42556545,0.49179894,-0.4325327,0.1448395,1.53427,0.8119544,0.58120155,0.4511695,-0.47263664,-0.17243947,0.33074248,0.7553242,0.78685653,1.03911,0.5116688,1.1987627,0.18236072,0.67493576,0.55625397,0.30819833,1.0204089,0.725325,0.8013498,-0.01876333,0.32234585,0.22249015,0.51290125,0.45377612,0.56039584,0.045286328,-0.12603797,0.1362986,0.58599496,0.0763725,-0.15583314,0.22895163,-0.28167695,-0.92620426,0.50342107,1.0007781,-0.16076113,-0.29280436,-0.14230323,0.08688725,0.6369244,1.068613,0.97996527,0.28165042,1.0231528,-0.54353786,-0.4721661,-0.014145104,-0.1848791,-0.4414264,0.06315556,-1.3516,-0.59082055,-0.599159,-0.17310928,0.28636596,0.79466754,0.6910315,0.6986874,0.6645224,1.5530366,0.13164993,0.75254756,0.7080194,0.041382086,0.024659606,0.78425187,-0.029668702,0.48488623,0.63446295,-0.23692986,0.67556095,0.949457,-0.3718009,0.5310737,0.07502975,0.57008874,-0.47239158,-0.0810323,0.08963696,0.7473479,0.1376378,0.22726287,-0.15660736,0.5600396,-0.53533715,-0.55736816,-0.3730951,-0.61566246,-0.22012335,-1.118905,0.6876759,-0.24501531,-0.28595752,0.56941223
-0.6960885,-0.46970916,-1.1532087,-0.74046785,-0.654514,-2.2767627,-1.4484416,-1.1334218,-2.752183,-0.056254033,-1.0095202,-0.4628852,-1.1264554,-1.5124886,-0.51263267,-1.2979485,-0.5129725,-0.9272766,-0.42586482,-0.69690055,-0.67249125,-1.1276796,-0.9376402,0.105117224,-0.45827776,-0.35785252,-0.39056197,-0.51058245,-0.46134922,-2.1879554,-0.33457303,-2.8011801,-1.8706839,-1.0864726,-0.45794067,-1.0830743,-1.5443376,-1.7596939,-2.5831857,-1.4649996,-1.9748718,-1.719623,-2.4360898,-0.7717406,-1.0791142,-2.0196908,-1.964277,-2.0302684,-1.5923438,-2.5369627,0.112695925,-0.99858844,-0.59976137,-0.3597849,-1.6000565,-1.8597423,-1.8987805,-1.8537734,-0.55292416,-0.30189735,-0.35784417,-0.6151265,-0.5973662,-1.1521012,-0.58965296,-0.34507644,-0.091471754,-0.33431646,-0.8952287,-1.0869366,-0.062917896,-0.73986834,-0.46858796,-1.399073,-0.15310682,-0.71819365,-0.6748053,-1.0250803,-0.06958995,-1.734886,-1.1195225,-1.3925982,-1.2186092,-0.4593426,-0.2998188,-1.5523278,-0.8938465,-0.35693732,-1.6143142,-2.3540707,-1.9561234,-2.3500888,-2.0648253,-1.9809738,-1.9357365,-1.6395391,-1.8349599,-1.1339358,-0.936129,-2.5564928
-0.891334,1.2851772,1.4907416,1.2762438,0.09863691,0.8473238,1.4621756,0.8307467,0.6510904,0.82192403,0.70436674,1.4438242,0.47307265,0.29633874,-0.020514186,0.7286411,0.18669292,-0.55235666,0.96311593,-1.0666552,-0.06408589,0.0151482485,0.4460245,0.6915317,1.097364,0.85889965,0.44823262,-0.3096105,-0.18314591,0.19902386,-1.4370619,0.9298981,1.0026326,-0.2955168,-0.07781872,0.16533174,0.56594527,1.8069088,2.7458932,2.3005848,0.7538251,1.2820302,1.1580279,1.7931241,0.39665145,0.7157355,0.1600622,0.51683575,0.28701678,0.9259759,0.9991223,0.3390476,1.2284423,0.66690826,0.5402749,0.56015605,-0.349235,0.94953597,1.0236753,0.7747483,0.03156628,0.14564084,0.20990065,0.34598,0.075808905,0.36047083,-1.2051865,0.30297914,-0.43641073,-0.40214723,-0.7077618,0.29263195,0.3184095,0.54210275,-0.066145204,0.5003211,0.21866846,0.2738642,0.09219564,0.9214476,-0.21345012,-0.9035728,0.6551687,-0.49467397,-0.549672,0.35239452,0.11027104,-0.09894766,-0.35028467,-0.0829074,0.88085324,1.5626401,1.5360283,0.53918654,1.0455216,1.0263292,0.054461725,0.12879966,-1.247144,-0.16467226
0.8770213,-0.04879487,0.12526242,0.7008493,-0.0708757,0.7845676,1.5970551,0.17284419,0.69132835,-0.421764,0.097017795,1.0621442,-0.08937656,0.69827837,0.054200154,-0.13753827,0.40259403,0.32336786,-0.10645738,1.5270438,-0.15443335,0.5692154,-0.052502822,0.47127458,-0.27358222,0.72840244,0.6993303,-0.08048971,0.45714518,1.0484296,0.13036396,0.98510706,0.50342816,0.2743714,0.5919607,0.40549722,0.2822913,1.205967,1.5893255,1.3476155,1.7209777,0.93342257,1.4396282,1.239729,0.2085064,1.0887359,0.42099756,1.356324,1.8684148,1.200532,-0.5205846,0.20428501,-0.016630702,0.33003265,0.7319835,-0.7633067,0.42231435,0.5980574,-0.047746345,0.45199975,0.6505418,0.24545121,0.7748919,0.52281857,0.18935521,0.9983219,0.122663334,-0.08185114,-0.15207124,-0.040883377,-0.13752411,-0.00812977,0.17454933,0.32274184,0.58252686,0.53883386,0.039726492,1.2384808,0.21450463,1.1786764,0.36456814,0.55855566,0.9218464,0.14110413,0.17456162,0.12969948,0.45156538,0.27007857,0.58755165,1.3956592,1.156824,0.78222597,0.6138792,0.5257995,1.1394867,1.6066767,0.9042915,-0.4079009,0.56177396,0.90338874
0.8446953,-0.26598206,0.80653304,0.75445235,0.39675164,1.0066972,0.7400424,0.72464186,0.04406086,0.46062478,0.82929367,0.23278661,0.38312194,1.1312445,0.5942425,-0.678691,-0.090010814,0.5780492,0.14573105,1.351701,0.4360638,0.2817757,0.5457985,0.08391354,0.4388441,0.30171275,0.43496445,0.4056108,0.12892807,1.3898665,-0.22253916,0.60035354,0.5776128,0.3549213,0.5486424,0.27155742,0.33660442,1.3226757,1.4304525,1.2004464,0.9775286,0.76537955,0.55986553,1.0144898,0.39656672,0.8721735,0.5321753,0.4742973,1.4625665,1.2035892,-0.49369058,0.5992579,0.23129992,0.71189326,1.3811544,0.3645461,0.6434486,0.82735085,0.6896965,0.6817311,0.2487122,0.57801217,0.20136945,0.5593705,0.7693879,0.7409066,0.25975516,0.21498907,0.0632992,0.7803788,0.007307221,0.16896729,0.10788917,0.6233434,0.18922722,0.6975545,0.11199558,0.35246834,0.030740527,0.15488824,0.5704146,0.16501914,0.91454566,0.5169013,0.48773348,0.6114742,0.21829994,0.6965247,0.552197,1.5288999,1.0020188,1.5194898,1.1900504,0.6549458,1.2326213,0.597987,0.87642896,0.9697909,0.82846224,1.1789005
-1.1204383,-0.31400236,-0.80627126,-0.8063523,0.34176153,-0.26727018,-0.0118657965,-0.0065437937,0.01226472,0.02181149,0.20488755,-0.15810002,0.2767759,0.23086683,-0.07836432,-1.4484428,-0.73576117,-0.6930473,-0.32814083,-0.36620548,-0.6301795,0.10504696,-0.18246591,-0.6289987,-0.12708908,0.19428423,1.3837719,0.29153496,-0.37906307,0.23153989,0.4692238,0.78190875,0.40252134,-1.2765261,0.27561253,0.12893446,-0.30637616,1.1778313,0.7145396,-0.4226146,0.65434104,1.5792319,1.2517972,1.0313911,1.0112098,0.9257566,0.34254384,0.5115159,-0.031810805,0.18157361,-1.0830647,-0.64166415,-0.10537739,-0.7104886,-0.17590076,-0.4389902,0.18134238,0.1352489,0.20468383,0.38400736,-0.18356915,-0.12586433,-0.055467904,-0.07900736,-0.16519539,-0.15283033,-0.7914248,-0.7336855,-0.5022445,-0.4648994,-0.514459,-0.19967066,-0.4182553,0.08302825,-0.20842531,0.260826,-0.25928962,0.07562408,0.14787398,0.004376299,0.61489713,0.27769372,0.8914777,0.49315566,0.6919323,0.6252309,-0.31145912,0.51865655,0.17700434,0.55313027,0.3499005,1.1662213,0.43694058,0.92535,0.6787128,0.9282723,0.53934914,0.6912687,-1.737281,-0.05008328
-0.6060811,0.68403405,0.2124177,0.95694095,1.3225216,0.91361296,0.60966,0.12750667,0.8178846,-0.10860194,0.2929728,0.16529445,0.47715473,0.96530557,0.40696734,0.38898596,0.2842226,0.22404183,0.6278194,0.292498,-0.17793378,0.6688386,0.7538936,0.26808137,-0.12586726,0.77679425,0.6990351,0.71327895,0.83000296,1.3249717,-0.61897916,0.0024269957,0.19286364,1.0165586,0.18250021,0.6411808,1.0979785,1.1428772,0.765854,0.60946625,1.3125298,0.19348642,0.71862316,0.41526613,0.37133312,1.3028499,0.9617665,0.21720888,1.9788113,0.8153389,1.0536169,0.6856041,0.4778945,0.57614625,1.1607832,0.9466964,0.24264708,0.5085942,0.23551576,-0.08590671,0.68960375,0.6514457,0.28000134,0.7986659,0.40711012,0.35984,-0.58189297,0.45304075,0.28995618,0.36018667,-0.26029158,0.50634885,0.27722412,0.7553942,-0.104783356,0.7842564,0.32976493,0.9752096,1.0951605,0.28894624,0.7663402,0.9213335,0.7529952,0.73229855,0.36768886,1.3263319,0.7053679,0.5944565,0.5764022,0.7068383,0.5187947,0.99382156,0.20604168,0.55855167,0.5604695,1.2908345,0.799273,0.32979637,0.48310122,0.8322597
-0.3390391,-0.9835736,-0.84312284,-0.6942592,-1.4095949,-0.542004,0.22096993,-1.1450083,-1.2173806,-1.3871977,-1.0579896,-0.83476096,-0.56286275,-0.73702085,-0.5563313,-0.24670488,-0.32631758,-0.48722115,-0.75796443,-0.09403222,-0.08853129,0.21192667,-0.22891708,-0.7048288,-0.7782152,-0.7385199,0.083067596,-0.6496172,-0.5935247,-0.68800235,-0.7324669,0.12078246,0.67847085,0.029831087,0.679933,-0.8434846,-1.0761068,-0.04983621,-0.5641283,0.063798055,0.34867722,-0.69669443,1.274678,0.50915575,-0.102525115,-0.17620292,0.44118452,0.24524544,1.1554112,0.36346376,-1.5494558,-1.0071275,-0.8776459,-0.79242635,-1.045791,-1.8932599,-0.4495027,-0.44067898,-1.2301427,-0.938643,-0.5487079,-0.29746637,-0.8037464,-0.29182598,-0.56675285,-1.0931304,0.18173109,-0.6750595,-0.53365064,-0.258125,-1.1146916,0.28888386,-0.86356187,0.3347824,-0.6043588,-0.3625525,-0.44467354,-0.62828374,-0.26542428,-0.060242247,0.46953368,-0.33233368,0.08147989,-0.04433202,-0.37221506,-0.40060025,-1.0133451,-0.39581406,-0.7825943,-0.054476127,0.43505457,0.7316045,0.5851623,-0.49815747,0.8097656,0.4594354,0.1877166,0.7925931,0.19046852,0.40644553
0.7926488,-0.43797415,-0.5864353,-0.77812356,-0.10772678,-0.31169438,-0.20702758,-0.23575938,0.46833292,-0.25266743,-0.14927593,0.26727667,0.282049,-0.32066602,-0.010367825,-0.538173,-0.18305561,0.0320256,-0.25289342,0.4685076,-0.1270928,-0.41270003,-0.52364165,-0.4184162,-1.2540634,-0.4475239,-0.4491545,-0.38103497,-0.45380843,-0.7738387,-1.4574276,-0.7160603,0.09287661,0.17965186,-0.3071577,-0.07637515,-0.020244457,-0.4119512,-1.0914874,-0.86658275,0.37705505,-0.37148118,-0.7851185,0.21997659,-0.5530193,-0.28340125,-0.45907384,0.5194983,-0.13511457,0.73849964,-0.07354556,0.1631699,-0.023938842,-0.43478137,0.02131441,-0.15704021,0.10646953,0.011313468,-0.12307622,-0.27225006,0.2676485,0.23216023,0.6009044,-0.30660748,-0.12716746,-0.9874711,0.18357663,-0.0077897245,0.8715812,-0.018872214,-0.49373943,0.54736054,-0.3582882,0.5710308,0.02495885,-0.19708715,-0.26158765,-0.21488516,-0.87070775,0.39582595,0.2635988,1.1066643,-0.21885899,0.14336894,-0.972376,0.4956255,0.43336555,-0.35839185,0.9750967,1.9991457,1.0905796,-0.32216287,-0.62811154,-1.2045518,0.48386583,-0.088931434,0.13259166,0.4636618,0.7995612,1.4236953
-1.6971446,-0.36190587,-0.5012361,0.1864974,0.6336994,-0.95833904,-1.5434744,-0.4534286,-0.34087265,-0.79505813,-0.26162964,-0.19413899,0.18272586,0.71467483,-0.887951,-1.2944666,-0.32755578,0.28540704,-0.27095592,0.64140946,0.67054284,-0.56959,-0.09921241,-0.71630853,-0.5501432,-0.7095742,0.07597638,0.50625813,-0.3811347,-0.12735216,0.1114932,-1.2573762,0.16068968,0.3413351,-0.31370357,1.4767647,0.43599612,-0.3857843,-1.0544605,-0.58557796,-0.16989096,0.78763473,-0.18744995,0.9537161,0.06946843,0.5036033,0.035735264,0.29079288,0.19305345,1.4698355,-1.4462938,-0.6105404,0.1865746,-0.058811802,0.20140159,-0.27986473,0.50361836,0.13478313,-0.30616307,-0.2314022,-0.3899178,-0.21502972,0.34114984,0.3977658,0.19716166,-0.19854519,-0.45238745,-0.37542418,0.073281534,0.37210777,-0.6476318,-0.013883943,-0.08574346,-1.0423117,-0.89159006,-0.20110467,-0.83805954,-0.46641204,0.7170201,-0.7142062,-0.66642517,0.8742675,0.33981684,0.02699427,0.019548852,-0.3137982,0.68308324,0.08763391,1.0260999,0.9556721,1.0937624,-0.67842406,-0.82915705,-0.16329393,-0.42745903,0.9257546,0.027458295,-0.5217326,0.31852654,1.4139389
-1.3645644,0.014659137,-0.06713251,0.24900274,0.7025134,1.1333148,0.3043941,0.2788524,0.93993187,0.035948463,0.032904968,0.06124311,-0.0713893,0.9687387,0.3596468,-0.32460898,0.91393113,0.59129614,1.049384,1.0117832,0.5024449,0.45499966,0.19032474,-0.046415143,-1.1689341,-0.73898435,-0.77716947,0.3674894,0.36962187,0.8253083,0.19530325,-0.40786162,-0.10117042,0.75401586,-0.30750123,0.2701286,-0.17755103,-0.63680494,0.91628784,-0.61659795,-0.644731,-0.33033225,0.2662433,0.33208346,-0.40779632,0.23871022,0.05043431,-0.6479609,1.4468673,0.35406294,-0.40315625,0.34425604,0.82383966,0.7480075,1.0774785,1.0456735,0.37856263,-0.15362957,0.0074270894,0.5179325,0.7277784,0.17985874,0.63801795,1.7717254,1.8132336,0.05869491,0.6077551,1.4061251,0.67737705,0.6809687,0.66186845,0.14263403,0.89887595,-1.7033123,-0.06650888,-0.5755863,0.6362399,-0.11098568,1.000957,-0.07408026,-0.69522285,0.5320655,-0.01972302,0.0412526,-0.67038006,0.6829634,0.08358568,0.076592654,0.98373395,0.31942207,0.5851333,-0.4600246,-0.6333255,0.81991166,-0.0330228,0.54173136,0.06855656,-0.03720526,1.289762,0.4188844
1.1190712,0.9070866,0.75992984,1.0006434,1.1129509,0.8509282,0.27451906,-0.025481557,1.066537,0.24425155,0.04679769,-0.071934715,0.8683211,0.0025200336,0.534741,-0.014296729,-0.060319666,0.3785203,-1.0306962,0.980838,-0.6160358,0.18294041,1.0969737,0.23262678,0.5434192,0.40473843,-0.062812366,0.14897797,0.44309488,0.42112178,-0.08315403,0.56121,0.8189598,0.63932335,0.9075598,-0.38690338,0.51796895,0.39404696,-0.09824791,-0.38599512,-0.182275,0.7368067,0.5689681,0.18598863,0.25093597,0.75284815,0.7023142,0.7492354,0.8324852,-0.069429025,0.10659689,0.50187546,0.07032317,1.0699446,0.9542709,0.4820955,0.4070433,0.9632468,-0.16017747,0.021178775,0.32682338,0.6541088,0.43316597,-0.1314788,-0.1257297,0.24314083,0.46273556,-0.23440449,0.4403605,0.24509443,-0.30748713,0.56290513,0.06046851,-0.3942743,-0.18617757,0.62241024,0.39385593,0.25048903,1.691756,-0.1780356,0.047605753,0.5922076,0.9047584,0.5535052,0.55598044,0.45619747,-0.4164413,0.749911,-0.014769295,0.8191039,0.7133446,0.52995056,0.2266373,1.4213437,0.9148317,1.0306457,0.41246518,0.55523235,1.4340318,-0.012899813
-1.0535473,-0.6550758,0.37010735,-0.10355457,-0.12855338,0.37704492,0.06974139,0.26673514,0.6878966,-0.9900789,-0.8990544,-1.1089187,0.19233891,-0.13717139,-0.06599843,-1.2226088,-0.4020443,-0.36775598,-0.5704343,0.16584711,-0.7378695,-0.12713033,0.13491876,-0.8661487,-0.48886526,-0.73667693,-0.49933976,-0.56571394,-0.6920102,0.96939963,-1.1791925,-1.2744515,0.6986942,0.19138147,-0.47770736,0.40231714,-0.015130636,-1.1011662,-0.4204869,0.25328842,0.70522976,-0.5441253,0.39361486,0.3346988,0.07715207,0.06668797,0.29232857,-0.30083156,-0.7142544,0.8828591,-1.7698619,-0.3143421,-0.4997184,-0.17703375,0.462719,0.24627702,0.5818365,0.17309435,-0.6783093,-0.34932625,-0.42702276,0.43428874,0.04943683,-0.2767426,-0.34745896,-0.5341793,0.014066384,-0.62978846,-0.52724534,-0.66235656,-0.23909584,-0.17470485,-0.6846482,0.3082795,-0.55430233,-0.5412755,-0.6173064,-0.22366418,-0.70077026,-0.9303788,-0.1489743,0.5935999,0.020205487,-0.4757129,-0.20223631,0.49674442,-0.633764,-0.7211646,0.79343534,1.5464189,-0.12941699,-0.11599244,-0.26183602,0.4011409,0.012034048,0.8129408,-0.09292276,0.2330615,-0.87254757,1.1827573
1.357273,-0.03452375,-1.1608065,0.25279814,-0.24622041,-0.43253526,0.10193353,-0.44964483,-0.42364186,-0.07685446,0.29654226,-0.6432562,0.58666104,-0.591665,-0.20205478,-0.09693526,-0.28616402,-0.5490033,-0.8168382,-0.61142844,-0.079394765,-0.07051123,-0.5101964,-0.5471509,-0.39315632,-0.22017752,0.15661912,0.0077054426,-0.6168356,-0.7714202,-1.0925916,-1.3961968,0.34883156,-0.6936666,0.04272144,-0.8507093,-0.124691896,0.49243107,0.52090675,-0.5596422,0.011297158,0.16727677,0.13452807,0.19581597,-0.5346522,-0.19782273,-0.04935674,-0.38887993,-0.9121643,-0.41836995,-1.2521158,-0.07938312,0.25227797,0.46884918,0.60555977,0.04717346,0.42073265,-0.27748573,-0.46836343,-0.13060547,-0.2837471,0.1008473,0.070368424,-0.1802755,-0.35246077,-0.520328,0.17139569,-0.053516902,-1.124114,-0.8006122,-0.83851814,-0.53894126,-0.86674815,-0.40880665,-0.5496489,-0.39878795,-0.4007974,-0.43381408,-0.19725347,-0.5207221,-0.8339607,-0.7693787,-0.46498317,-0.14042501,-0.14008777,-1.293524,-1.118948,-0.21487804,-1.0259061,-0.98110664,-0.52403104,0.9022328,-0.21369709,-0.3393744,-0.26751056,0.5669406,-0.7130915,-0.97007793,0.52404827,-0.85682315
-0.37682337,0.7968574,0.6722139,1.2175188,1.0070891,0.825121,-0.26099804,1.1266402,0.8319651,0.30317593,-0.2389927,0.112280145,0.23377225,-0.21643111,0.35450456,-0.32826573,0.05067989,0.3911653,-0.13452375,0.060038093,0.17286661,-0.1995686,0.6008025,0.5819435,-0.23783791,0.7308414,0.6771635,0.7446843,0.47375953,0.28502855,1.4030378,-0.33615285,-1.1321864,0.34875748,-0.24188761,0.7157736,0.72238743,-0.66202164,-1.1817305,-0.22624706,-0.91833633,0.93046117,-1.1695306,0.67203337,0.09080512,-0.545565,-0.4474175,0.025433071,-0.71649903,-0.520012,0.853455,1.0993207,0.6230364,1.2803594,0.82711446,1.2451822,1.5067348,1.0655494,0.22385412,-0.0016740877,0.090790085,0.42548135,0.9927972,0.29988962,0.33237335,0.30024022,0.9522324,0.26172188,0.90178233,0.61697954,0.36630967,0.07691328,0.47738376,0.5751094,0.53520674,0.67468256,0.4373231,0.682561,2.0830562,0.15831631,0.6077668,0.09323741,0.38595274,0.5937596,0.84530973,0.39705712,1.0448887,0.6726801,0.43843177,-0.68223184,-0.28997186,-0.28367242,-0.08554076,1.4654243,-0.140296,1.0226586,-0.071251586,0.89551204,0.89198273,-0.7252073
1.0755744,0.34526497,-0.6499898,0.8018938,0.3117989,-0.9181777,0.21627957,-0.060567673,-0.08235349,1.3948164,0.8094244,1.1969775,0.42515123,0.1424148,0.4278756,1.0306551,0.669719,1.5358822,0.76648444,1.3495784,1.1142485,0.9847177,1.3642452,1.4914889,0.5858865,1.1324342,1.4553151,0.82811177,0.9007791,0.03474496,0.62717086,-0.11432709,0.7652228,0.89415866,1.1704364,0.34817085,0.81451476,-0.83355355,-0.83845776,-0.41208023,0.2947074,0.13425203,-0.47526628,0.7493512,0.7228911,0.22066608,0.57683367,1.385788,0.6450367,-0.7703195,0.70856476,0.33692133,0.5763477,0.76795876,-0.41037646,0.64926344,0.37409455,1.1571214,1.1625084,0.7649722,1.2118331,0.74025047,0.48677734,0.2802412,0.6146792,0.08281901,1.1453346,0.7303885,0.6177052,0.5808567,1.607832,0.80935365,1.0155271,0.40425542,0.85200244,1.3067223,1.0693321,0.42786917,1.2844115,1.5436721,1.3707422,0.32368317,1.0506966,1.271694,1.6692861,0.5241606,0.85062224,1.4002565,0.08374632,-0.65521324,1.4380844,-0.34055865,0.3751476,0.7290281,0.51899517,1.0688536,0.9123438,1.3353349,1.4240499,-0.36746785
0.95122904,0.33903408,-1.0801861,0.050309464,0.33294466,0.92633957,1.4767512,-0.0037302354,0.01483718,0.15547943,0.1279208,0.62549794,0.4136818,0.55252755,0.2170369,0.8277362,0.8094614,0.5069155,-0.13132708,0.8103832,-0.15331994,0.9668164,0.70536,0.81197673,1.055672,-0.03513034,0.13418688,1.06355,0.2765639,0.74824667,1.1769286,-0.7352836,0.82535964,1.2218804,1.3479015,0.54052174,0.5330177,-0.45734963,-0.37312043,0.15443465,0.9661272,0.13846162,0.9720042,0.63607234,0.60189146,0.9301896,1.3397999,0.83321154,0.475196,0.48939604,-0.04131276,-0.3045718,0.27065313,0.252416,-0.4992964,-0.3537718,-0.61578363,-1.103753,0.25222716,0.24757446,0.37345466,0.19441675,0.52922344,0.4485969,0.6731338,-0.050669823,0.81550366,0.40731254,0.42848092,0.25223026,-0.3170967,0.8380727,0.24539787,0.41225153,0.30582592,0.3675061,-0.05716575,0.53118825,0.095280506,-0.3265379,0.4675513,0.8552947,0.6181296,0.82975316,0.82448864,0.11951824,0.3149964,0.45516708,0.16251753,-0.21542709,-0.0066664144,0.092089154,0.20038468,0.23881648,0.61367327,0.869926,1.3723232,0.37790394,0.76994765,0.6752623
-0.39135543,-0.5312294,-0.40934584,0.594553,-0.4938935,-0.04246179,0.5030958,-0.7406844,-0.1205681,-0.49255484,0.48421195,0.19158247,0.20861158,-0.21036339,-0.14821006,1.5292227,0.41114113,0.6506681,-0.48327655,-0.32600358,-0.69665945,1.114393,-0.12975356,0.7601961,0.19454566,0.31762156,-0.17111456,-0.42270523,-0.3025555,-0.27081764,-0.31745875,-1.0628138,0.059940495,0.29097348,1.1771227,-1.2041397,-0.1750372,-0.4953128,-0.8322211,-0.91521746,0.28008744,-0.33958057,0.7561155,-0.4662711,0.18069145,0.32150057,0.26574942,-0.08369026,2.296878,-0.24962088,0.90320724,-0.41013172,0.59541726,0.2208222,0.91550297,0.066928685,-0.005038217,-0.1393066,-0.060911484,0.12573071,0.44923848,0.0821142,-0.28046829,0.26640844,-0.79285425,-0.36329335,0.36730453,0.11302806,0.18170604,-0.30379996,-1.2231301,0.25175613,-0.43311816,-0.18124981,-0.0479485,0.3511114,-0.3961143,-0.36390597,-0.14691894,0.20552045,0.11333523,0.33336025,0.86709225,0.78907764,0.048697125,0.09320466,-0.46090847,0.03391442,-1.2199346,0.6275059,0.32273468,0.18403576,-0.07392539,-0.14244519,1.3760015,0.33838287,0.29641876,-0.31554303,-0.08863821,0.007992448
0.6089794,0.49897236,0.27671182,0.7452662,0.0009945772,0.51171327,0.8043987,0.6738596,0.38799152,-0.19115973,0.17531611,0.08953325,0.6508766,1.1597792,0.6487594,2.470711,1.5462106,0.99939436,0.5519803,-0.63678914,-0.24307635,1.3515946,1.3498733,1.4488745,0.4603292,1.2557522,0.4981867,0.36232767,0.75344056,0.5535159,0.15273677,0.4052151,0.8973809,0.11533332,1.0875857,-2.5692759,-0.2710845,-0.54430103,0.18196854,-0.7412211,-0.0044673276,0.7432613,0.8397363,-0.48103645,0.27704257,0.6833321,1.3856181,0.69811666,0.9232093,-1.6481718,0.26190755,1.1032625,1.2303437,0.6925439,0.16878676,0.54926646,-0.31689692,-1.0206175,-0.4929464,0.587119,-0.55758566,0.31238577,0.74363667,1.3054241,0.97637236,1.1955734,0.88350326,0.98862296,0.64792985,0.014295646,-0.043191988,1.3854694,0.2042983,0.6744307,0.3355875,0.34973043,0.26279232,0.71977466,-0.164193,0.19292028,0.57048136,-0.20407525,-0.30754456,0.5662674,0.17719537,0.4905143,-0.53606135,0.2342927,-1.692336,-0.44275877,0.14946732,0.61239123,0.42466402,0.76389813,1.3008137,-1.0539228,1.1793119,1.0425651,0.42893633,-1.064322
-0.44270286,1.4774187,0.9050844,1.5522252,1.0392419,2.016995,0.48836276,1.0496564,1.6108962,0.89404607,0.4513428,0.8495092,0.31870106,0.30570516,0.8109729,-0.016861664,-0.03705261,-0.10250564,0.24371444,-0.42406943,-0.09054319,0.48706383,0.15503192,0.22927257,0.10134346,0.634191,0.5297262,0.11171943,-0.15715331,-0.30419406,0.20535323,-0.01364337,0.30298173,-0.5745501,0.15107204,-0.15625758,0.0916342,0.011388776,-0.47981513,-0.21744831,-0.3707047,0.99787444,0.27490994,0.6168474,0.21405783,-0.28575552,-0.19118908,-0.23208277,0.11291356,-0.87109286,0.61386794,0.8552404,0.9598921,1.780049,0.15919437,-0.17036282,0.7583634,0.026211102,0.55597305,-0.013284283,0.43518513,0.23688339,0.5750245,0.046966184,0.11482574,0.09669014,0.37037975,0.47072026,-0.22357923,-0.27407736,-0.28179714,0.24539171,0.103975765,0.71373403,0.34821558,1.2692416,-0.052329615,-0.18433206,0.76145035,0.863991,0.23481277,-0.93304706,0.2254638,0.7753869,0.22328556,-0.25821376,0.23756799,-0.4226319,-0.5307699,-0.33183953,0.44534296,1.670153,1.0225743,0.38438624,0.7691147,1.1232293,0.36169133,-0.25065514,-0.6233152,-0.48516375
0.09196513,1.2567997,1.2871437,1.4995267,1.8428633,1.2112322,-0.13076079,0.6297441,1.3710268,0.77169806,0.18062797,0.28705955,0.60473245,1.4133593,0.8816457,-0.17328082,1.1551228,0.724953,1.0953054,0.8318705,1.7533698,0.3625446,0.9684945,0.44459262,-0.35956407,-0.4012108,0.57709557,1.2444519,1.2937962,-0.24078591,1.9045762,-0.94074786,-0.73293877,1.0137869,-0.12243543,1.0598195,0.7069776,-1.7082518,-0.5487481,-0.47401878,-0.36368707,-0.5398914,-1.5207909,0.031184088,-0.26595947,-0.006502246,0.026434701,0.120561615,0.75825334,-0.20610297,0.18495195,1.1013801,0.34121886,0.7785222,1.2812698,1.1913961,0.69996923,1.1770402,0.051037293,0.2573925,0.3134379,0.63081837,0.6904465,1.4774104,1.8190749,1.06549,0.73152333,1.4260176,0.9611705,1.1417946,1.7191364,0.30385318,1.4763564,-0.58037347,0.7417634,-0.35977066,0.9044484,0.65997666,0.6326074,-0.81961656,0.52308106,0.19175383,-0.6636713,0.13229018,0.77895576,0.09673541,1.0506777,1.0004005,0.5284167,-1.4621392,-1.7798615,-1.8832977,-0.85785323,-0.28265324,-1.476146,-0.75054264,-0.105061084,0.015446188,0.7082089,-0.6694218
-1.6358491,0.6407048,0.17019431,-0.5700973,1.2340878,-0.13193399,-1.5297642,-0.7378177,-0.56330407,-1.4577885,-1.541933,-1.3204652,0.66393554,0.52736217,-0.7616047,-1.6591065,-0.38932708,-0.78907424,-0.47841266,-0.8680974,0.01614373,-1.6005598,-1.5813646,-2.0548093,-2.9395504,-3.5225224,-2.1060202,-0.97620344,-0.8042215,-0.82439727,-0.24282724,-0.9497248,-1.7502644,-0.24302147,-2.769116,0.17180519,-0.5263036,-1.9109778,-1.1736846,-1.7281411,-1.3450218,-3.430545,-3.383199,-4.3176813,-2.6547284,-1.9557031,-0.931474,-1.2697111,-2.766914,-0.4732619,-2.7108104,-0.016028205,-1.4938532,-1.030887,-0.16015321,0.20331083,-1.5669894,-0.9666128,-1.5375206,-1.4834303,-1.0424868,0.4157841,-0.40997276,0.0718438,0.31401962,-0.4007737,-1.7661761,0.14353424,-0.43939093,-0.51815873,-0.30903363,-0.7028215,-0.9185042,-0.90359753,-0.9064706,-2.8941615,-0.7595527,-0.40148905,-2.856364,-1.3892413,-0.62924546,-0.011251957,-3.6171255,-2.2484102,-1.4029427,-0.39305517,-0.27645895,-0.83390737,0.1664294,-0.89576155,-3.158231,-2.7588003,-1.6509539,-2.6996095,-3.1941912,-5.0995073,-1.5588157,-0.8142476,-0.695921,0.05031629
-0.5211378,-0.17803435,0.9803716,0.54058546,-0.78228205,-0.043901313,0.98954207,-0.25685313,0.15878762,0.37246564,0.8058937,1.444313,0.5406163,1.6129463,0.47843948,0.45667654,0.5908657,0.8278887,1.5223429,1.2652707,1.9244027,-0.18995698,0.30903026,0.8851784,1.0194457,-0.3162362,0.47738823,-0.2990711,1.3706464,-0.03948119,0.8766998,1.1538873,0.47501275,1.5127548,-0.25846547,2.1357763,1.4874527,1.4908065,1.343116,1.2066265,1.3973539,0.7079654,0.77589166,1.4785938,1.7534143,0.81309664,0.4168048,0.9567399,1.8726147,2.0807686,1.796016,0.14564039,1.107813,0.37585306,-0.00030562704,-0.20760006,0.9528753,0.15130217,0.79577297,0.7594082,0.8217349,0.55927366,0.4759243,2.1505444,1.6506497,1.1587625,1.1360992,1.1148566,0.5187669,1.9740086,2.0023685,-0.57496417,1.0617095,0.41064662,0.16891938,-0.15002215,1.4960492,-0.29565045,0.21984462,1.5686506,0.28220072,1.4800177,0.8192398,-0.19309878,0.62739044,0.21768707,0.79808307,-0.15486275,2.1190894,1.9744469,1.3148569,1.836807,0.539108,0.62780404,-0.032186575,1.1601684,0.21442053,-0.10619813,0.52575505,1.596874
-0.11333341,-0.8080759,-0.33259857,-0.97442526,0.3798822,0.28399858,-1.3362701,-1.2722552,-0.83699536,-2.0103304,-1.0488666,-1.6316255,-1.1031438,-0.3869545,-1.9788895,-0.94684917,-1.1714694,0.11080283,0.22785522,-0.16708474,-0.46601373,-1.3925412,-1.0539033,-1.5234427,-1.7658426,-1.5013726,-1.0083733,-0.9049453,-0.9596416,-0.82676864,-0.20160928,-0.5571322,-0.40864557,-0.28933907,-0.9786503,0.55639243,-0.479822,-1.2494608,-0.89116406,-1.7124447,0.2274051,-1.2254719,-1.0468606,-1.1528563,0.028210055,-0.7902931,-0.7715429,-0.43363437,0.5478347,0.46662584,-0.0566509,-0.3903134,-0.88908696,-1.4617767,0.22215447,-0.82900447,-0.6071835,-0.34304488,-2.1337378,-1.8941355,-1.4805057,-1.4172968,-1.1292343,-0.5228854,0.0681765,-1.2351162,0.06869544,-0.60137796,-0.21148944,0.33756804,-0.24648851,-0.8977937,-0.9293954,-0.88053614,-1.208285,-1.2263705,-1.0721959,-0.78761154,-0.9251958,-1.4379319,0.33229902,1.2609531,-0.36525625,-0.7002084,-0.82784945,0.3667324,-0.32172847,-0.81296694,0.26642057,0.8186385,-0.50860304,-1.4598342,-0.87766296,0.1813331,-1.0888957,-0.6144736,-0.2971021,-0.08849149,-1.4984528,0.027820962
0.59625596,-1.1378355,-2.6123729,-1.1922023,-1.732322,-2.1941614,-1.5904988,-1.5111428,-2.3403347,-2.4272842,-1.5120894,-2.019119,-1.4503236,-2.4736104,-1.5841546,-0.8906714,-1.338869,-1.8914065,-2.4372923,-2.090664,-3.621808,-0.99403346,-1.5396115,-1.7971328,-1.3399496,-0.89812994,-1.3411969,-1.3805997,-2.2331593,-0.5206539,-0.43911856,-0.64307714,-0.7949671,-2.3948545,-0.5578289,-1.5261267,-2.5921836,0.09859766,0.54724795,-0.753951,-1.1151443,-0.5699083,0.27941674,-0.974746,-0.5484732,-0.86747855,-0.85263735,-0.975268,-1.0226525,-1.987433,-1.0805997,-1.7071556,-1.6890165,-1.9051429,-1.4935677,-2.0548782,-2.3679762,-2.131483,-2.320271,-2.4183643,-1.3777777,-1.6582325,-1.1937119,-2.9216425,-2.6197033,-1.465548,-1.4063647,-2.4960291,-1.5211487,-1.7093731,-2.6279376,-1.2299412,-1.7187095,-1.7090966,-1.3877236,-1.703055,-2.5130053,-0.91003,-1.1663542,-2.5400467,-1.1377652,-1.5703273,-0.7711157,-0.8125041,-0.7921165,-1.1041389,-2.195971,-1.3485562,-2.1203222,-1.7657804,-0.92721903,-0.47566232,-0.8346419,-0.68379736,-0.22052592,-1.3830171,-1.6407629,-0.95501804,-2.3718724,-2.06783
-0.2687249,0.9266996,-0.13296111,0.80466944,0.51031834,0.11740308,-1.0692406,0.48590362,-0.49664104,0.40474004,-0.3329598,0.7413611,-0.7467244,-0.46062687,0.27738717,0.30747125,0.91228396,0.5422069,0.8416931,-0.72470045,0.45968547,-0.21747826,-0.4880931,1.187743,0.7801897,-0.04109356,-0.33050254,-0.09584405,-0.0027748777,-1.2651603,-0.18279283,0.334449,-1.5363884,-0.35007402,-0.59985983,-0.90018153,-0.63089156,-0.45259997,-1.0024098,-0.7872469,-1.1939172,-1.1144704,-1.6778053,-0.62969387,-1.2834234,-0.4928315,-0.7765115,-0.51814914,-0.41372463,-1.1337836,0.9807925,0.26685867,0.25603572,0.965187,-0.12545592,-0.010111302,0.8860941,-0.54588956,0.2005139,-0.19438705,0.092717014,-0.43016586,0.35333675,-0.15524969,-0.03770007,-0.16848154,0.7554376,1.055634,0.8621465,0.8342115,0.7515188,-0.44253471,0.7285535,-1.0052112,0.7713849,-0.5399448,0.5003437,-0.42360044,0.099643126,0.43375567,-0.46035245,-0.06160796,-1.0741767,-0.18745057,-0.39022246,-0.69121104,-0.3704558,-0.25781327,-0.76237214,-1.2156831,0.18636659,-0.926785,-0.86075896,-1.0873095,-1.3668288,-0.2482496,-1.6203904,-0.83491147,-0.19682997,-1.4259478
1.5799272,-0.3744751,-0.33802196,-0.51034594,-0.8585194,-0.8202772,0.2140072,-0.003223303,-0.09096233,0.8168399,0.13228552,0.19446419,0.1406018,-0.26075068,-0.3689991,1.8721012,0.8942649,0.9975375,0.86340904,-0.18078868,0.19669327,1.2234254,1.3710183,1.2864203,1.2226088,1.3316687,1.5568193,0.7270675,1.0990076,-0.18925864,0.8674539,2.240004,0.6272987,0.97319865,1.3051504,0.1869859,1.2294546,0.51758164,-0.57197595,0.16462225,-0.16959798,1.2151467,0.7926732,0.8849393,1.4311641,0.836879,0.9203359,0.58550286,0.7612051,-0.7066944,1.4912657,0.28719482,0.69014746,-0.5621905,-0.9959872,0.4698418,0.12397625,1.0924135,0.9483862,0.2835338,0.68670195,0.49816588,0.118707865,0.05728703,0.4717112,0.9453947,1.8702347,1.1150466,1.1260747,1.149301,0.50082797,0.87872607,1.3657001,0.55057746,1.1663862,1.5305097,1.2001481,0.873659,1.4882686,-0.7387593,0.88126653,0.34194613,0.9666234,1.223867,1.2426485,0.58944887,0.4052812,0.8100682,0.3327073,-0.69604707,0.93869466,0.077344015,-0.1945178,0.9683933,0.7653533,0.87404954,1.0457741,0.58417827,0.76306945,-0.58450824
-0.16309242,-0.10814212,0.49965027,0.6798772,-0.035163533,-0.19354388,0.26583117,1.2872148,-0.10390388,0.7621195,0.6099752,0.55654967,0.52480304,0.45318946,1.2687347,1.035173,0.5984412,1.1975635,0.027988499,0.39484927,-0.06923663,0.64135826,0.58440983,0.27313736,0.6310109,1.0274291,0.66111577,0.3085338,0.3755035,0.19432904,1.2647529,1.3408117,-0.1748238,0.9953563,0.66655064,1.014099,0.37044892,0.51770085,0.30179515,0.9740556,-0.25419864,1.7522299,0.268687,0.10749729,0.74403745,0.5915153,0.4936361,0.23031937,-1.2031281,0.14285423,0.6131956,0.3605169,1.1882552,1.2783729,0.11017516,0.34148154,0.8277652,-0.081089295,0.6948211,0.121643536,0.97233087,0.28165445,0.51803935,0.695543,0.12166706,1.2059631,0.335089,0.5200042,1.2486614,1.4536765,0.3331013,0.841597,0.7898643,0.8561129,0.32062733,1.0315363,0.22660032,0.7344249,0.09547806,0.12657173,1.182524,1.0040957,0.73750156,0.6455759,0.5669845,1.1926442,0.89313465,0.539781,1.2977387,0.6784267,0.5703501,-0.011286235,0.5971011,1.6605277,0.78224,0.532332,0.56895113,1.17803,0.8196139,0.67866755
-1.389551,0.75638825,0.34167078,0.36263606,-0.42735156,-0.35505944,0.038396057,0.25314686,-0.14556438,-0.2025783,0.3460083,-0.11866886,0.5046812,0.46257013,-0.38574633,-0.2461844,-0.29499936,-0.18469541,-0.44930393,0.0054663713,0.89586073,-0.2554543,0.50629234,0.42444113,0.79469866,0.40071204,0.4293375,0.051717304,0.7764047,0.6550232,1.2684679,-0.35866582,-0.024511002,0.6190281,-0.16755098,0.6481321,0.24513733,-0.3719554,-0.35548726,0.6637579,0.39388558,0.23350604,0.04260217,0.030193849,0.4215337,0.03199297,0.26579934,0.5068678,0.9585224,0.568252,0.92627853,0.6336741,-0.18674609,-0.071188994,0.43374282,0.23521376,-0.76020014,0.47772467,0.2701203,0.25096735,0.01022182,0.79977113,0.40786907,0.6237137,0.43049496,-0.028328998,-0.4786668,0.19659212,0.594143,0.22215284,0.4532944,-0.19844043,-0.44836488,0.13139115,-0.21367788,0.30230436,0.6450953,-0.048348363,0.4400531,0.27632308,-0.106349215,0.32773572,0.6875283,-0.08156342,0.1392238,0.4147229,0.48140967,-0.13155554,0.38145706,-0.031634063,0.41855153,-0.06545358,0.440836,0.9326466,0.12629905,-0.093238845,0.2583127,0.34496748,0.009886526,0.13553675
0.26762462,-0.5000047,-0.25318706,0.47242418,0.11680286,0.31924483,-0.5308951,-0.0051061492,0.532789,0.2263496,0.25723338,0.27517787,0.5167608,-0.17116554,-0.06585349,0.94553864,-0.045756683,-0.117044546,-0.6227161,-0.3938179,-0.49074498,0.4239963,0.12054833,-0.6327056,-1.0951817,0.32373726,-0.8591527,-0.005072939,-0.31585014,0.22657867,-0.69027126,1.1869644,-0.0065248734,0.078394435,-0.2830282,0.2778716,0.13581698,0.62984353,-0.0008494849,0.2085692,-0.47975698,0.09016922,0.19340546,0.021453312,-1.0421305,0.16737512,-0.3109732,-0.49854696,0.12481428,0.15644707,0.390158,0.09955643,0.39485168,0.5635925,0.28234735,0.33770573,0.020291336,0.46878728,-0.10293641,0.03470385,0.66461235,0.26738358,0.53464097,0.16717032,-0.27855667,-0.11954724,-0.77900517,0.1469961,0.012957953,0.28312472,-0.5652949,-0.33964214,-0.049586624,-0.8313222,-0.3031976,-0.3457135,-0.10173419,-0.22626169,-0.45108297,-0.79927355,-0.9957005,-0.31200254,-0.25217798,-0.20039476,-0.8421806,-0.46865946,-0.4082763,-0.10851939,-0.22605817,-1.3594347,-0.5146718,-0.3421706,-0.29762477,-0.3895625,-0.79562175,-0.46455026,-0.79125917,-1.2228878,0.49236977,-0.100285016
-0.26176992,-0.09202843,-0.75519395,0.24855506,1.5003086,1.4420042,0.48237583,0.07496297,0.97516805,-0.49488634,-0.86655045,-0.047586404,0.6044379,0.47561327,0.16782604,0.501697,0.30815107,0.6617491,0.2533603,0.26981497,0.08269967,0.835816,0.110371076,-0.42386112,-0.6571151,0.17700095,-0.9926552,-0.10088191,-0.40178066,-0.03518675,-0.99911505,0.6225051,0.21981372,0.19349737,-0.000812501,-0.6818538,-0.6115858,0.9601972,0.4303016,-0.18671621,-0.07698026,0.7418772,0.041962437,-0.6369537,-1.0590247,0.41268942,0.6046206,0.36710405,0.8265644,0.48427966,0.35441405,-0.03603868,0.20489514,0.16847934,-0.18858157,-0.056865785,-0.10302476,0.27477902,-0.051351126,-0.5153625,-0.6261126,0.43603963,0.8476446,0.6897929,0.01638952,0.5759728,-0.21245939,0.050747506,0.20908636,0.26230878,-0.65365875,0.055605054,-0.09809055,-1.3713474,-0.6725255,-0.77331626,-0.30240113,-0.68865484,-0.3112292,0.11756826,-1.7298226,-0.101933464,-0.709834,-0.74048626,-1.1123325,-0.10237751,0.3412194,-0.6350181,-0.95017254,-0.28410658,0.39755374,-0.48645562,-0.79060864,-0.6823783,-0.50747204,-0.9266778,-0.4339976,-0.47537887,-0.024223031,0.6033855
0.32108527,0.68729967,0.41216758,0.19431926,0.92386043,0.6427327,0.13446027,0.123663366,0.20841797,0.22801895,0.3684187,-0.025761386,0.625203,-0.15421791,0.429584,0.23410349,0.10202645,-0.13189279,0.02434473,-0.8713565,0.25369692,-0.09469451,-0.098057084,-0.12330693,0.92002845,-0.17392842,-0.6137557,-0.39831662,0.3683938,-0.72790635,-1.1577166,-0.2844178,1.1377336,0.03726814,0.29002288,-0.85565627,-0.20794956,-0.5315865,-0.8485529,0.24357325,-0.08270444,-0.5423913,-0.023616822,-0.51053375,-0.8808397,0.16010562,0.052764107,0.19026136,0.41651523,0.06312576,0.17615277,-0.5694716,-0.17297655,-0.21012297,0.044099737,0.93129194,-0.17583032,-0.8181811,0.31840047,0.49390143,0.04755941,0.19141784,0.35524786,-0.06245321,0.06725489,0.5815745,-0.33382118,-0.33054033,0.11940281,-0.69759816,-1.1327785,0.12430572,0.07933495,0.16364083,-0.54881275,0.0025074743,-0.31518912,-0.39812005,-0.691423,0.2970931,-0.6283537,-0.8558367,-0.5513861,-0.085602336,-0.6577836,-0.1577399,0.38421556,0.084136575,-0.8300923,-0.04076922,0.20861225,-0.54504615,-0.4346364,-1.3969393,0.03821614,-0.3010329,0.29882988,-0.68346685,-0.6791449,-0.14655828
1.519054,2.0636864,0.33817393,1.8680079,2.1420057,0.52218336,-0.09077291,0.7420662,0.20029958,0.5598681,-0.22313613,0.2938169,0.38630638,0.614868,0.5293152,0.3621331,0.17581622,-0.079031534,0.069501214,-0.9514969,0.8319523,-0.37365752,0.82072467,-0.034730528,-0.07633813,-0.35484603,-0.12121329,-0.39185345,-0.074044384,-0.6529324,0.92929196,0.35623536,-0.24522117,0.118433565,0.08247681,-0.63097876,-0.2208963,0.32626027,0.12556346,-0.23034853,-0.6453938,-0.6737097,-0.5348917,-0.5480192,-0.6891713,-0.17015788,-0.6430426,-0.6636344,-1.2695125,-0.8710666,0.8038743,0.79171395,0.38808683,1.0316666,1.782858,0.694654,-0.41699004,0.24816795,0.5368792,0.7592487,-0.09070834,0.4408134,0.6020979,0.44323415,0.71803296,1.1503531,-0.3155194,-0.21650256,0.42428035,0.08360553,0.11440045,-0.15677287,0.13474683,0.10901556,0.15112369,-0.4708589,0.04341891,-0.4039719,-0.0014195003,-0.06061511,-0.029305706,-0.98981524,0.033724666,-0.27970263,-0.19933064,-0.044122394,0.051134914,-0.2641391,-0.68692416,-0.5320164,0.87312657,0.100203,0.02640966,-0.26064473,-0.24601199,0.4088445,-0.15014397,0.22783694,-0.5237828,-1.0675876
-0.31713825,0.053619746,-0.7355057,1.022943,0.31916255,-0.9494624,-1.0660999,0.31953466,-0.8187422,0.5415044,-0.75772625,0.722712,-0.7274621,1.648928,0.5945634,-0.731644,-0.15866193,-0.091895096,0.88853323,0.1168539,1.6024299,-1.655684,-0.20470081,-0.34873062,-1.0184008,-1.2603575,-0.99090123,-1.0471754,0.18648605,-1.6661813,-0.16328341,-0.86709,-2.792277,-2.0597417,-1.8407317,-1.0097799,-1.4973632,-1.8305565,-1.2056528,-1.0549701,-1.9613836,-2.0143857,-2.76775,-1.7571466,-1.8372229,-1.3133289,-2.4156702,-1.6792663,-1.9109474,-2.2876062,-1.3044728,0.36329436,-0.5133476,0.7916419,0.89891577,0.317994,-0.7347394,-0.6781206,-0.5513392,-0.3992228,0.26215017,-0.60400355,-0.18954793,1.5036652,1.4089513,0.33911246,0.60779184,0.5291103,-0.71799654,-0.08743157,1.3722914,-1.6218398,0.059195332,-1.5713044,0.24313638,-1.6404145,0.07643484,-0.43547398,-0.96138614,-1.5422512,-0.9907611,-1.2788757,-2.186747,-1.472843,-0.761929,-1.9506143,-1.0227883,-1.5003581,-0.88914233,-1.9744141,-2.6406283,-1.4482313,-1.6433629,-1.2129443,-2.0087562,-2.0293233,-2.0029829,-1.460523,-0.94421995,-2.100275
0.038853757,0.82912713,-0.051713374,0.82315165,0.87460446,1.1598539,-0.22112443,-0.08496892,-0.38383225,0.28098613,-0.6862587,0.56729007,-0.4410035,1.8461257,0.25876808,-0.020720135,0.52820486,0.17789844,2.0158825,0.84720427,1.8679175,-0.9751039,0.16645102,0.676211,-0.35022345,-1.0612404,-0.4224261,-0.13187578,-0.14359033,-1.4872832,-0.4783845,-0.40160102,-0.8124306,-0.13656925,-0.8238478,-0.8787899,-0.57022244,-0.7978095,-0.8522437,-0.75585157,-0.77515864,-1.6803046,-1.377137,-1.1135451,-1.2175918,-0.8952777,-0.86803836,-0.15404648,-0.9341112,-0.925241,-0.14934778,0.90819746,0.35772702,0.42571998,0.9697199,-0.120556146,0.57618123,-0.63091475,-0.34683293,-0.0860694,0.3979415,-0.46145746,-0.27846092,2.0103576,1.4413452,0.29341516,1.091665,1.6733288,0.4302532,0.5127976,1.4680809,-0.41906556,0.5790373,-0.19042677,0.7372222,-0.6940554,0.9777356,-0.37127593,-0.673079,0.17351453,0.8743019,-0.15183002,-0.9751235,-0.7770997,-0.2912545,-0.42412463,-0.55169964,-0.10409205,0.30636325,-0.41005963,-0.54429454,-1.2898048,-0.67754346,-0.25066486,-1.230884,-0.20410128,-0.9313441,-0.039648764,0.5289014,-0.4164826
0.65596914,0.21565233,1.361846,0.5248608,0.6695562,-0.21363452,-0.0061757956,-0.10287307,-0.38627148,-0.16061509,-0.6231876,0.4669256,-0.5077668,0.8838149,0.2618203,0.25403714,0.80591416,0.53856355,1.1715664,0.13203901,0.9935216,0.4890096,0.47501588,0.2960093,0.54762256,0.11931946,-0.16307849,-0.18024401,-0.38215855,-0.55363816,0.8061899,-0.77809674,-0.17870197,0.07031295,-0.2884564,-0.32323673,-0.16543514,-0.3957972,-0.48720494,0.17762864,0.6577789,0.69840014,-0.50666505,0.026792556,0.57664675,0.22361267,-0.112500794,0.75301313,0.2813662,0.15326037,0.15276231,0.22626024,0.31240478,0.7399859,0.13826321,0.20883718,-0.26105788,-0.5674998,0.3256433,0.11018149,-0.11336123,0.05399773,-0.8112635,1.314644,0.90556484,0.3724203,0.9721215,0.7643358,0.16139852,0.05433423,0.16070952,0.60397696,0.49710062,-0.044174723,0.6671117,0.24890356,-0.18080966,0.6436059,0.90545684,0.019366222,0.762511,0.37386417,0.3865629,0.3490377,0.33548027,0.3126731,-0.32779238,0.09775191,0.12557654,0.65659815,0.15878542,-0.43924198,-0.30619532,0.3853548,0.291689,-0.08364625,0.5608955,0.035431497,-0.70412195,0.14495254
-0.46674734,-0.47709373,-0.59057987,-0.4532405,-0.22073406,0.66295755,0.3944241,-1.1165265,-0.980266,0.39292407,-0.46322283,-0.5540132,-0.11134253,-0.2505457,-0.15484075,1.0233394,0.027325725,-0.2246776,0.22686991,-0.6576039,-0.675087,0.9567819,0.033064075,0.6061994,1.3862196,0.17126898,-0.30789328,-0.34520042,-0.49610874,0.07460631,-0.15902004,0.47380534,-0.012965706,-0.21201947,-0.09070491,-1.0989958,-0.41412112,0.21566935,-0.049667574,0.26032907,-0.56394964,0.66881746,0.5238233,-0.3731225,-0.06340877,-0.19901414,0.34643963,-0.2886713,-0.027393878,-0.6431217,-0.16169617,-0.5672914,-0.38952017,-0.076698884,-0.0047864253,-0.23881525,-0.2657403,-1.2154207,-0.57758725,-0.5219228,-0.5324649,-0.0020015405,-0.8697523,0.20625997,0.086076,0.33471522,-0.31345135,0.12925348,-0.034596864,-0.16613162,-0.5506036,0.29926378,-0.7321153,0.8574092,-0.23859741,0.013322127,-0.10754406,-0.34672546,-0.3868011,0.5812351,-0.20880342,-0.89593214,-0.30338788,-0.5182516,-1.1404506,-0.21030724,-0.6033702,-0.82048875,-1.6584114,-0.90529346,-0.2921622,-0.31600344,0.34908715,-0.91050214,0.41992787,-0.23429972,-0.4315871,-0.8427944,0.38482985,-1.2365856
-0.10845909,-0.41968867,-0.29430732,0.30530596,0.07081158,0.5052277,-0.12657657,0.090241,-0.9929324,0.11273384,-0.5343477,-0.34425882,0.6015419,-0.31604254,0.34149757,0.6405535,-0.07673299,-0.2573214,-0.8712645,-2.2310507,-1.2493333,0.11791817,-0.39970824,-0.021658951,-0.8776075,-0.5816378,-0.64535403,-0.8696256,-0.41286653,-0.8042972,-1.1149963,-0.7350308,0.27183124,-0.27379426,-0.3398801,-1.1649828,-0.46822628,-0.6780571,-0.67664725,-0.20562957,-0.817654,-1.036609,-0.5055035,-1.0431789,-1.3951135,-0.97123176,-0.17396456,-0.51819414,-0.40431848,-1.2755834,-0.8443307,0.07397684,0.29801738,0.36220318,0.31566978,0.2935243,0.16609928,-0.8258073,-0.015898798,-0.033645235,-0.83357984,0.6268095,0.09639067,-0.31402022,-1.3952415,-0.63619894,-0.6492006,-0.5051246,-0.26017958,-0.36426,-0.8104824,0.3480871,-0.34426418,0.22823343,-0.34453952,-0.3163355,-0.7346014,-0.85138094,-0.9186339,-0.39861745,-0.5894568,-0.9818826,-1.2033615,-0.42641732,-0.5972685,-0.63002104,-0.28186297,-1.0551326,-1.5271965,-1.4223249,-0.023897039,0.2892998,-0.7413867,-1.977855,-0.21814531,-0.85511076,-0.25520033,-0.5208049,-0.41715604,-0.7012429
-0.419992,0.70260155,0.49000627,1.0112388,0.5346345,1.1195807,-0.44658592,-0.51656586,0.044934537,0.12275767,-0.11779152,-0.64378154,0.15291391,-0.049865823,0.598893,-0.9458578,-0.4379989,-0.39216903,-0.249733,1.0286622,0.18447468,-0.20331837,-0.5787491,-1.0331194,-0.48223957,-0.94079834,-0.5057534,-0.6428928,-0.49444118,0.043235328,-1.095495,-0.29134068,0.45706317,0.9756937,-0.4456295,0.50437707,-0.4054408,0.0073551172,0.33536988,0.21968825,-0.115500644,0.5117875,-0.1658081,-0.55574167,-0.32906,-0.03953201,-0.28737476,0.2544786,1.216866,0.5320064,0.76404345,1.108854,1.0651459,1.8301779,0.82722545,0.9250308,0.5714455,0.1655074,-0.102306284,-0.15859754,-0.21376504,0.4272217,0.1290841,0.42676505,0.2478398,0.4455454,-0.58493644,0.31539544,0.21663277,0.36821166,-0.19514765,-0.12610714,-0.4232303,-0.24918456,-0.71661013,-0.94420975,-0.188242,-0.44722018,0.025031619,-0.14939207,-0.3648706,0.8848789,-0.311124,-0.3904026,-0.84703636,-0.096494414,0.1944525,-0.3868369,0.61888367,0.4569543,0.724719,-0.09264401,-0.11667894,-0.026935393,-0.5837565,-0.8302598,-0.06444791,-0.10238115,1.7328024,0.85530204
-0.5236443,0.5647751,0.6136748,0.48092085,0.56551796,0.40141234,-0.2586278,1.2506691,1.2564788,-0.17240027,-0.3362735,-1.0314044,-0.39198107,-0.7927057,-0.15750223,-0.29962477,-0.46246293,-0.5676859,-0.9610737,-0.18199144,-0.43640476,-0.6703994,-0.0039098053,-0.89188486,-0.4283458,0.18193862,-0.6640243,-0.39816532,-0.4432205,-0.8291768,-0.55213493,1.268981,-0.5055877,-0.17309304,-0.7908365,0.44514343,0.3688564,0.30791864,-0.26517817,-0.2720525,-0.487398,0.31494665,-0.20792378,0.12845455,-0.32469812,0.11421579,0.06103972,-0.38222632,-1.3558139,0.3337662,-0.64195967,0.69712496,0.7066428,-0.6738975,1.1521796,0.8943572,1.317674,2.1779382,-0.50248116,0.36467168,-0.55864084,-0.22131334,0.9259605,-0.7406315,-0.30941164,-0.35579357,-0.8506781,-0.18868646,-0.020088658,0.17275327,-0.28714368,0.13355656,-0.1353181,0.036813896,-0.4146145,-0.49682248,0.04236297,-0.04382273,0.24852622,-0.18221545,-0.35839704,0.25628448,-0.2315807,-0.034867745,-0.24367647,0.16730879,0.36985138,-0.17213498,0.28014612,-0.18288568,-0.72176915,0.12298089,1.1375054,-1.1945704,0.15499367,-0.4831233,-0.11448986,-0.5000316,0.712361,0.44943482
-0.8749012,-0.11690194,0.61237967,-0.16738589,0.4758058,0.87607527,-0.323875,0.5662281,-0.5413506,-1.0885279,-0.14920565,-1.1099916,-0.10248399,-0.7704359,-0.45054552,-1.3105142,-1.0100768,-0.7373445,0.011685361,0.086449236,-0.17496417,-1.0790766,-0.5473022,-1.1942091,-1.3476279,-0.9445096,-0.7209562,-0.91088307,-1.3428487,0.5192649,-1.2603385,-0.8170143,-0.62449646,-1.292781,-1.1873496,-0.8327785,-0.73689175,0.24472755,0.7078736,0.115520254,-0.7394603,-1.2398043,-0.3259815,-0.8449644,-0.9423574,-0.49685934,0.20667164,-1.4127803,0.534502,1.1138943,-0.0606537,0.28415853,-0.7879918,-0.7789652,1.63219,0.30066606,0.75977147,0.35028806,-1.0694236,-0.630989,-1.2530061,-0.17539145,-0.60736996,-0.3078602,-0.76531434,-0.8645382,-1.2027847,-0.53115606,-0.82791907,0.40494394,-0.6292295,-0.53717726,-0.23457369,-0.17586398,-1.3526918,-0.9200114,-0.761797,-0.69659775,-0.7396416,-0.28030214,-0.88058037,-0.054102387,-0.9726194,-1.5969809,-1.3350883,-0.26694015,-0.7277335,-0.85222805,0.14475815,0.7844289,-0.08562573,0.041351587,-0.11903758,-0.6227965,-0.6132531,-0.31029287,-0.18235287,-1.055416,-0.7538444,0.7560036
1.0380515,0.0076500503,-0.49485198,0.21739617,0.4568121,-0.08595812,-0.67944837,-0.41374284,-0.096804276,-0.025070608,-0.4240463,-0.6691279,0.038031805,-0.99520355,-0.5313078,-0.81458277,-0.6844422,-0.8188141,-1.9098974,-0.97936183,-1.2488809,-0.66475827,-0.6881938,-1.1037294,-0.27427426,-0.8088843,-0.6882078,-0.42032123,-0.40239975,0.27961108,-2.1043835,0.5262227,0.7153755,0.260584,-0.0008804255,0.0066360715,-0.80416894,-0.90813494,-0.39815566,-0.17482486,-0.5210561,-0.73099506,-0.79273343,-1.061292,-1.7291621,-0.9360225,-0.6389789,-0.38991258,0.44134298,-0.8579286,-1.2581053,0.071123816,-0.16626948,0.17631216,-0.27757093,-0.09638106,-0.0283825,0.27270874,0.027402475,-0.7420398,-0.6136137,-0.574191,-0.94492835,-1.44791,-0.79261553,-0.25016838,-0.63195086,-0.8605801,-0.5980618,-0.5863869,-1.3529449,-0.21570975,-0.64978117,0.2525511,-0.709118,-0.44933334,-0.9408474,-0.3551534,-1.477305,0.09623548,-0.34119853,-0.21015063,0.03672272,-0.28358513,0.21596819,-0.110545315,-0.5492647,-0.30233607,-0.10319898,-0.1288721,-0.021767078,-0.4279817,0.56177497,-1.1244496,-0.29792604,-0.9679103,-0.44320813,0.32374445,0.1010643,-0.25692782
0.8505309,-0.34517995,0.10329853,-0.7027298,-0.28447065,-0.22438914,-0.99550456,-0.2647576,-0.6004869,0.039127074,-0.850316,-0.24510664,-0.010435646,-0.19097659,-0.1464142,0.6893841,-0.060050845,0.8062566,-0.5391289,-0.7618757,-0.82272065,0.36284006,-0.5651008,-0.43229443,-0.5369664,-0.20894876,-0.1181953,-0.35461906,-0.0892467,-0.6311174,0.1282659,-0.40855384,-0.9569709,0.47951075,0.5124842,-0.04957497,-0.14146435,-0.74176496,-0.83699125,-0.45126233,-1.3785577,-1.3212836,-0.03953247,-1.3274674,0.7610111,-0.47818166,-0.49233118,-0.4172936,-0.5910304,-1.6862336,-0.051452525,0.04676947,0.70139545,-0.73361623,0.29577097,-0.021478914,-0.35233578,-1.6002444,-0.18414985,-0.535045,-0.18866137,-0.12698384,0.12299035,0.15228505,0.22092266,-0.8315293,0.9087847,-0.04358473,1.1914157,0.7758376,0.5466653,0.68111694,0.404084,-0.45981935,-0.1887918,-0.12596749,0.13331538,-0.22239007,0.22793254,-1.0097326,0.6536777,0.8253745,0.3445291,0.30365467,0.13977882,0.8015174,-0.094382346,-0.060091518,-0.17281562,-1.6156989,-0.14417419,0.3003652,-0.80756575,1.040101,-0.08769859,-0.60527706,-0.6444118,0.74169225,-0.12186127,-1.5032732
0.7361816,0.4901405,0.3307439,0.38139325,0.6319262,0.39042878,-0.5070152,0.2756357,0.32974452,0.372171,-0.30757716,-0.5706881,-0.81232524,-0.94599664,-0.32610357,1.2400839,-0.08647125,0.6278366,-0.7229795,0.17637952,-0.084661074,0.32184297,-0.14614826,0.34173313,0.07294041,0.3269414,0.67094725,0.6602519,-0.06597833,-0.9565021,1.2159047,0.062820576,0.08072112,0.86610925,1.1482221,0.27872697,0.2805197,-0.20464231,-0.6667651,-0.2037043,-0.31256238,0.23299675,-0.05668588,0.14884965,0.41710964,0.1653171,0.52815163,0.17935787,0.65048313,-0.4995235,0.45076215,0.7586235,0.80947214,0.26195493,0.4111592,0.72898555,0.9570309,0.8214243,0.34730062,-0.5765258,0.47059104,-0.63080484,-0.91153467,-0.93283784,-0.4563594,-0.5402125,0.79319835,-0.52698106,0.62761766,0.8427322,0.16189963,0.4129332,0.11892007,0.16979109,0.75904423,1.0660175,0.5184144,0.54930633,0.71024704,-0.8684488,0.43693683,0.115360424,0.5976194,0.9287751,0.3707506,0.18140322,0.7545299,0.5700296,0.079487726,-0.5140791,0.34779873,0.48237377,0.08453557,0.7689579,0.199546,0.47004482,-0.36091584,0.32052058,0.45335773,-0.5352787
0.74871033,3.2443516,3.7536006,2.4737055,3.1648488,3.670295,-0.47777486,1.488524,1.6032504,-0.2477607,-0.38984293,-1.033335,-0.02975296,-0.9786841,-0.8381597,-0.33354264,-0.5920375,0.8121892,-0.68706286,-0.45722282,0.3319783,-0.19337583,0.4011961,-0.8441077,-0.10641857,0.012663759,-0.2254696,-0.17013492,0.14696534,-0.4331401,0.13285804,-0.14802033,-0.19569151,0.41632614,0.21752223,0.17563069,0.6499268,-1.6874644,-0.3243953,-0.42315236,-0.9207172,0.17761114,0.3184303,-0.6668857,0.31531096,-0.04185532,0.11102363,0.39053676,-1.0105753,-0.38366085,0.7023215,2.7543325,1.0369892,2.507635,3.1505225,2.4556463,2.6869307,2.383317,-0.89569974,-0.6917223,-0.35370335,-0.60247856,-0.36913577,-0.4885668,0.12721856,-0.5043572,0.8914223,-0.37332016,0.86175716,1.840879,0.562533,0.8037069,0.75855076,0.23419972,-0.43794885,0.18277888,0.7628604,-0.14374386,0.84050363,-0.31044257,0.89731026,-0.10733504,0.46219504,0.41725647,0.30484805,0.5652807,0.74474335,0.73249876,0.53700525,-0.66953933,0.37105864,-0.3446881,-0.3674662,1.3942188,0.43427405,0.046690885,0.5664001,-0.14745045,0.36770523,-0.48295406
-0.07022596,-0.20178664,0.0864908,0.5867775,1.862633,0.9192463,0.20609386,0.09188849,0.527658,-0.62441736,-0.08972496,-0.59289867,-0.740713,-0.65511703,-0.42674494,0.34551892,-1.154874,-0.38830233,-0.8281515,0.39842463,-1.7902205,-0.0018254865,-1.3435956,-0.877528,0.27322143,0.27959138,-0.1452872,-0.35693893,-0.5207402,-0.37033644,0.52660394,0.7172757,0.65646416,0.6681118,0.032915644,1.3256314,0.30184636,-0.094354354,0.43276867,0.13386416,-0.077889286,0.9261322,0.89872503,-0.26103383,1.2577641,0.3821849,-0.116200596,0.43672517,1.0215315,0.33864617,0.43036553,0.316488,0.6128038,1.5377787,1.264275,-0.4871222,1.9510611,1.1650233,-0.21435004,-0.9446379,-0.39912224,-0.6532521,0.35195982,-0.89110166,-0.43583182,-0.529236,-0.47441375,-0.29196557,0.09711357,0.52718705,-0.8525258,-0.29689443,-0.2636316,0.40955377,-0.592153,0.5539548,-0.17592873,-0.6152078,-0.5822947,0.33958364,0.21215239,0.75738496,1.4605044,0.39293587,0.5525394,0.43895832,0.3639417,0.34017,0.7853171,0.46356782,0.23878585,-0.19739449,0.72181106,1.7657454,1.1208363,0.7892747,0.35977596,0.78826404,1.1033103,0.1339585
-0.53585976,-2.157709,-1.7774786,-1.8066481,-1.8312873,-0.7699575,-0.32061422,-1.6096344,-0.31696233,-0.8317461,-0.8752384,-1.3373834,0.32066232,-0.8514693,-1.0944607,-0.37433094,-0.6561171,0.102756985,0.18661793,1.3951981,-0.028729253,-0.4574706,-0.094261006,-0.031001443,-0.15346394,0.15106103,0.18202458,-0.28950292,0.15100935,-1.2466288,0.997641,-0.15596105,0.41852072,0.40347004,0.015751066,0.4264203,-0.15570174,-1.1501184,-0.96442336,-0.22782212,0.31488135,-0.42364535,0.0078045144,0.24474037,0.9622877,-0.7542062,-0.13756254,0.8596359,1.2916137,0.47526154,0.798772,-1.0742671,-0.9646359,-1.7946991,-1.501317,-1.5497738,-1.042641,-0.8965719,-0.98142374,-0.6589412,-0.43817356,-0.017810935,-0.11173219,-1.1804162,-0.3468572,-0.94633514,1.4559836,-0.6914873,0.40540344,-0.026445225,-0.2578254,0.14969793,-0.19340481,0.06422069,-0.19970115,0.01947256,-0.13727728,0.37639973,-0.6462506,-0.832294,0.25331166,1.5228992,0.73477304,0.2948062,0.19365245,0.30281946,0.27076298,-0.31251994,0.35848242,0.6062998,-0.13943149,-0.100248955,-0.49551517,0.48774868,-0.45835716,-0.062199306,-0.2913396,0.8744586,0.9988243,0.015175183
0.510887,-1.0703795,-0.86315775,-1.503038,-1.7636061,-1.2875735,-1.0121635,-0.57103264,-1.113535,-0.71108574,-0.7446636,-1.3063325,-0.63835764,-1.3601844,-1.2140441,-0.8610935,-0.577523,-0.21591757,-0.09724766,0.6810621,0.08261957,-0.9914445,-1.6730125,-0.6858712,-0.50895953,-1.2083787,-0.74066275,-0.93437153,-0.7274665,-0.9272991,0.085698895,-0.40163746,-0.98352736,-0.7385268,-0.9056013,0.41499692,-0.049488097,-0.75111246,-0.8753237,-0.21194963,-0.34661397,-0.58351487,-1.1722313,-1.1761448,0.07146207,-1.3081204,-1.1986935,-1.0814911,-1.086237,0.038868025,-0.40907428,-0.8323949,-1.0752438,-1.3863783,-0.94004005,-1.0858936,-0.83565116,-0.23182625,-0.7160998,-0.7813149,-0.28305575,-0.6942222,-1.1648781,-1.4069005,-1.1196628,-0.34447733,0.13133708,-0.845276,-0.44483718,-0.09776676,0.40921065,-0.7228173,-0.19299401,0.2504857,-0.1834622,-0.9746471,-0.63315326,-0.44528392,0.010491535,-0.28628105,-0.07366131,-0.4046349,-0.45176968,-0.46534297,-0.3254408,-0.34034747,0.18357386,-0.58968204,0.24215442,-0.08890858,-1.0918168,-0.9064291,-0.70108145,-0.5458278,-1.0246452,-0.19182727,-0.7860024,-0.1290776,-1.0780343,0.12447632
1.1286939,-0.83255726,-0.9635722,-1.3260924,-0.8048157,-1.2688044,0.37052488,-0.3944096,0.39380035,-0.27439436,0.89943784,-0.37916547,0.35440478,0.42546424,0.018452793,-0.2968387,-0.21284783,-0.3793816,0.39040318,0.11151909,-0.20780392,0.20541275,-0.17651771,-0.41367045,0.29631898,-0.030764218,0.5401412,0.0049169366,0.29118913,0.22831976,1.4056108,0.3080667,-0.24699906,-0.09573605,0.8207047,0.7191823,0.41152483,-0.3238514,0.18590699,0.25393987,0.6760752,-0.6764237,1.122174,-0.33289155,0.81111693,0.71937865,0.8569179,0.21795754,0.47275195,0.35334727,0.4526089,-0.5844207,-0.5348128,-0.7775335,-0.36679876,-1.229807,-1.2596633,0.033828884,0.034902398,-0.8180836,-0.917914,0.32288057,0.8600706,-0.60525054,-0.43430498,-0.40624925,-0.7884963,-0.63739604,-0.35554266,-1.2356638,-0.0003082157,-0.34186426,-0.8655941,0.15140702,-0.709484,0.2691796,-0.34514043,-0.25665233,0.5687534,-0.06486868,-0.35531524,0.29623494,0.8411194,0.42998755,0.661065,0.33390117,0.08809026,0.0033307741,-0.27899697,0.9428006,-0.1136146,0.62651294,0.49932745,0.9993802,0.118733205,-0.30620262,0.6353042,-0.36313975,0.028592989,0.085505426
-0.2631024,-0.7071066,-0.5481737,-0.8381354,-1.5897535,-1.1167147,-0.51296115,0.16363598,-0.8315509,-0.5062241,-0.5821144,-1.0164474,-0.8418927,-0.8955973,-1.216473,-0.44028318,-0.65289843,-0.54397583,-0.06798553,-0.8917602,-0.7519073,-0.93878394,-0.48309436,-0.6300111,-1.1624693,-0.772096,-0.6041981,-0.22197777,-1.0649807,-1.605954,-0.5205889,-0.5443363,-1.3505056,-0.68991286,-0.9032697,0.13956298,-0.7993246,-0.49860972,-0.8305191,-0.7457462,-0.5104893,0.08281285,-1.3053948,-0.30835298,-0.9975952,-1.1086173,-0.7562338,-0.8537288,-1.1803925,-0.21343505,-0.45703632,-0.87962395,-1.0865682,-0.7097933,-1.584245,-0.6305053,-2.0135255,-0.9098702,-0.7387753,-0.66177624,-0.5456062,-1.093359,-1.2990581,-1.229083,-0.93206996,-0.8370197,-0.76199263,-0.8246819,-0.4869075,-0.922818,-0.21039912,-1.2039502,-0.59808296,-0.5592246,-0.4140955,-0.57731605,-0.94169426,-0.8969405,-1.3050653,-1.087983,-0.47009334,-0.64015263,-0.9764391,-0.2986912,-0.43572196,-1.3767842,-0.09029821,-0.98710924,-0.51372224,-0.09190896,-1.4369428,-1.01817,-0.31215066,-1.556889,-1.0454534,-1.1746068,-0.8083821,-0.72499716,-0.95842695,-0.47528926
1.4616452,0.23880242,0.47349167,0.24321362,-0.5390772,-0.14480287,0.77100086,-0.5433362,1.0763195,-0.35303625,0.48922694,1.2821591,0.8166228,0.40051472,0.5756698,0.36533415,0.2839521,-0.52689886,0.113826536,1.5500658,0.2643097,0.77634084,-0.12946142,0.79293954,0.8886904,0.3430112,-0.060260437,0.13218671,0.775638,1.0297825,0.82828563,1.0136113,0.6768855,0.59826905,0.39588192,0.14067732,0.11717793,0.910568,1.3300922,1.6169466,1.5692171,0.36659172,1.4192479,1.0026076,1.0773383,0.6137733,1.1673905,0.7059036,-0.03894521,0.64960456,0.30211616,-0.8933668,-0.20197533,-0.30735663,-0.21001698,-0.46729323,-0.6291451,0.11300496,0.09228638,0.05173581,1.0161178,0.43014288,0.5686374,0.05076708,0.30775797,0.8206597,0.0005114487,-0.07103987,-0.056335572,-0.4129953,0.070902064,0.03239861,-0.923207,1.0953383,-0.0022783787,0.331787,0.098840855,0.18156207,-0.31343162,1.1692789,0.40171704,0.46897635,0.7680867,0.10387883,0.53828824,0.13627526,0.00021651828,0.18104103,0.6864784,1.036177,0.12333835,1.0967275,0.8754114,0.7323788,1.3011785,0.7743984,0.5849938,0.9639778,0.16554007,1.236709
0.30632564,-1.4055364,-0.9596214,-0.896666,-0.32011503,-0.23362902,-0.11869324,-0.95679545,-1.2064748,-0.8263567,-0.75177646,-0.45890054,-0.55374795,-0.5426974,-0.937567,0.03212199,-0.22965136,0.29764578,-0.90417486,-0.26458517,-1.3761805,0.26562953,0.1522616,-0.124539725,-0.5337844,-0.8514374,-0.95869625,-0.6601219,-0.76246977,-1.38669,-0.1877772,-1.2327405,-0.31385726,-0.3266004,0.671023,-1.4720817,-0.23219222,-1.4017217,-1.0089707,-0.3085281,-0.27484265,-0.08024048,0.039317884,0.016976386,-0.8318783,-0.4891229,-0.004845691,-0.44051474,-0.42188522,-0.49977186,-1.0374683,-1.0415062,0.1243307,-0.72725433,-0.68713087,0.16925552,-0.8086848,-0.91039675,-0.8262914,-0.2476221,-0.6808073,-0.8331446,-0.25784734,-0.7650355,-1.0416021,-1.1817237,0.5632272,-0.71307606,-0.30649713,-0.06659717,-1.0132861,-0.121462435,-0.6779315,0.15732282,-0.92223454,-0.008720401,-0.8549085,-0.8785248,-1.0253756,-0.38741782,-0.46643338,-0.16114181,-0.25171268,0.37600416,-0.6239875,-0.6409105,-0.83381975,-0.5156137,-1.426613,-0.16186261,0.67281365,-0.42214116,-0.30998054,-0.083432026,0.22978958,-0.52990913,-0.24554706,-0.43557796,-0.8149354,-0.31315944
0.25445467,0.24299446,0.6126504,-0.1330148,-0.6260153,-0.4528374,-0.77524173,0.54206735,-0.80288506,0.36816856,0.117552355,-0.270639,-0.19696748,-0.077807896,-0.16939136,0.6644415,0.21540798,0.572935,-0.09322986,-0.40693828,0.8454633,-0.6137745,-0.13928057,-0.246365,0.6430454,-0.42419803,0.61021394,-0.22396345,-0.1947176,-0.36655927,0.3103312,-1.0018058,-0.8792028,-0.36163726,0.15849759,0.36367565,-0.10492565,-0.4533805,-0.9767957,-0.55121636,-1.330781,0.48521543,0.08644731,-0.50903976,1.3316356,0.039683536,-0.38179854,-0.07808884,-0.4872984,-0.95965934,0.8880377,0.44568554,0.78905815,0.1016172,-0.135385,0.5396887,1.0812793,0.12283338,0.31527716,0.3323849,0.24177286,-0.005509793,0.1569034,0.432666,0.7830341,-0.10259844,0.28960782,0.6524031,0.6005103,1.5137203,1.2687311,-0.21555838,0.5193415,-1.0876924,0.36293995,-0.48908663,0.28622532,-0.7074954,1.5530282,-0.24624494,-0.32938495,0.10483146,-0.062268667,-0.1715541,0.08236605,-0.017187465,-0.8628026,0.096286945,-0.09266336,-1.3275774,-0.37442538,-0.7697644,-1.0939494,-0.17881016,-0.6726305,0.48645046,-0.63863724,0.31582072,0.3153758,-0.9309346
-0.041273765,-0.41265124,0.14720117,-0.7747092,-0.28834352,-0.035517912,-0.81274587,-0.2693125,-0.6435294,-0.6376846,-0.43439323,-0.19742312,-0.33198002,-0.609361,-0.5753147,-1.0841556,-0.66705984,-0.77615935,-0.85175204,0.16264036,0.035013042,-0.4602099,-0.77619797,-0.23318914,-0.45919767,-0.48264748,-0.34998515,-1.0470482,-0.3294436,-0.30545372,-1.2970833,-0.9988171,-1.4437017,-0.9504361,-1.1342335,-0.24543916,-0.6036826,-0.6909633,-1.0972029,-0.70386,-0.47549385,-0.6654637,-0.22979891,-0.828412,-1.3203481,-0.56438166,-0.90226614,-0.652782,-0.28011554,-0.26952773,-0.2893742,-0.60692143,-0.8521138,-0.4036196,-0.6283262,-0.2717671,0.16997944,-0.99362856,-0.6248937,-0.35641152,-0.71540284,-0.5611,-0.6540731,-0.6801153,-0.60919577,-0.60605705,-0.38294646,-0.7115686,-0.7235791,-0.46736562,0.66844326,-0.9445257,0.04069074,-0.3195206,-0.21396194,-0.8372202,0.25763077,-1.1524819,-1.1689298,-0.4242473,-0.37469333,-0.39685723,-0.5787325,-1.1116681,-0.77757996,-0.69394445,-1.1596733,-1.0503738,0.110892475,0.2961634,-0.638652,-0.17000411,-0.28429174,-0.9837427,-0.5847817,-0.61045843,-1.1527681,-0.31219414,-0.1669851,-0.10384818
0.22685891,-0.035038237,0.4924444,-0.9776697,-1.4392328,-0.72867024,-0.71496326,-0.3437371,-0.28456116,0.20591047,0.30826798,0.33484754,-0.22157246,-0.64150804,-0.34577894,0.085597806,0.25824952,0.66542804,-0.09497458,0.21070068,0.099431664,0.23736343,0.08095436,1.0230664,0.2047067,0.53341585,0.2890424,0.1351664,0.04258794,-0.9104702,0.74494225,-0.9826306,-0.9607704,0.26897937,0.76434535,-0.25150502,-0.1930482,0.095366575,0.09625705,-0.27256584,-0.60217553,-0.42749256,-0.5198095,0.20591764,0.8774572,-0.73481214,-0.81517833,0.113491826,0.14769334,-0.39258623,-0.0030134285,0.14861596,-0.095492825,-0.4162135,-0.22864796,-0.5497413,-0.10398441,-0.7158918,0.58983594,-0.23528214,0.3670695,0.12828863,-0.12386002,-0.21985906,0.49479648,-0.048687506,1.0300924,0.4412304,0.8334754,0.75647014,0.6951762,0.20208599,0.43223244,-0.6242777,1.0879198,0.3867698,0.5418391,-0.3367911,1.652858,0.48884693,0.55300176,0.27229702,0.23722394,0.32683623,0.38833457,-0.36475033,0.25647154,0.24419066,0.34216604,-0.5215374,-0.4207931,-0.20044532,-0.26994708,-0.06708396,-0.21406767,0.50278616,-0.43964577,0.4676113,0.5084804,-0.7270268
-0.61246,0.32113275,-0.9017595,-0.09358191,-0.46728334,0.19431272,-1.6338943,0.32468283,-0.5817035,-1.1870524,-1.4289482,-0.6548302,-1.0741235,-1.1120452,-1.177921,-0.5872655,-0.18852341,0.2789453,-0.5835858,-1.0571084,-1.0871364,-0.7503777,-0.7240692,0.15977657,-1.2664949,-0.23963204,0.035581104,0.2843633,-0.020814767,-0.4587558,0.12655589,-0.41564634,-0.78215545,-1.2202891,-0.25968724,-0.5647303,-0.4342104,-1.7698622,-2.1749141,-1.5887711,-0.13919601,-0.9738016,-1.5010122,-0.3927217,-0.32972568,-0.99705017,-1.0219723,-0.594543,0.3122782,-1.1899346,-0.68990993,-0.33376634,-1.3086543,-0.48825127,-0.5544707,-0.80966127,-0.5100631,0.010272481,-1.5149612,-0.9857848,-0.44421807,-0.86185527,-0.9097668,-0.59462637,-0.5703015,-0.5413521,0.83651704,-0.19596568,0.004103469,-0.31455827,-0.26754355,-0.6898273,-1.0286463,-0.7101165,-0.044240262,-0.5972188,-0.28365812,-0.64336497,0.09172642,-0.39295998,0.024449592,-0.1091562,-0.32094172,-0.10936845,-0.35606703,-0.38818392,-0.117412955,-0.31418556,-0.66389793,-0.2021345,-1.0543483,-1.5945603,-0.8807575,-0.62628037,-0.5654659,-0.516667,-0.3473842,0.037902232,-1.1055609,-1.1395454
-0.79925627,0.35985577,0.48354793,-0.24410148,-0.46475968,-0.026424523,0.7914282,0.030298721,-0.43904078,0.048857577,0.7727865,0.12592426,-0.021453908,-0.022344997,-0.37690288,-0.43489152,-0.4804222,-0.26712394,-0.28339136,-0.024695722,-0.10587118,0.17487118,-0.20287846,-0.12348998,0.41236725,0.7747658,1.0517049,0.2335222,0.25373298,0.72850627,0.4792869,-0.90312016,0.21668632,-0.3878735,-0.014836859,0.058210533,0.33394486,-0.19822115,-0.323276,0.12982737,0.09146025,-0.40705305,-0.20828265,0.31780335,-0.46078867,0.34537795,-0.12298144,0.25002724,-0.1583581,-0.27701497,-0.33411503,0.37590975,0.117794104,0.32583967,0.36258698,0.29315037,0.43333906,0.41689906,0.4281468,0.67662334,0.33942458,0.15034015,-0.29864246,-0.2689371,-0.24204548,0.3715289,-0.5437556,-0.2866176,-0.44442293,-0.6614172,-0.16261676,0.3164742,0.29013306,0.589067,-0.30510047,0.65326405,-0.013132255,0.34812453,1.1004642,0.25789437,0.56430054,-0.46279463,1.0525113,0.531843,0.36058855,0.33310202,-0.25358087,0.65290666,-0.70870405,-0.10604822,-0.10134949,-0.16340633,0.39030996,0.6371041,0.76343566,0.5554837,0.08974259,-0.18734,1.0277448,-0.14845519
-1.7419248,-0.16582295,-0.42734593,-0.35434526,-0.26291174,0.39773083,-0.2679061,0.31841892,0.22267349,-0.06827547,0.44977936,-0.56265146,-0.07162232,-0.47727543,-0.11889296,-1.6159455,-1.5107937,-1.1232282,-0.5024303,-0.4464544,-0.33748984,-1.3932174,-0.94706476,-1.1855675,-0.9700406,-1.0838472,-0.63096905,-0.18388537,-0.7899713,-0.35099778,-1.0219665,0.39262888,0.419924,-0.3715497,-1.3013813,1.3380079,0.29076448,-0.1701937,-0.323794,0.018946975,0.025533784,-0.89698684,-0.796033,-0.43537474,-0.7176109,-1.0247315,-0.6921555,0.5160346,-1.1815491,0.00026598174,-0.44405767,-0.7337639,-0.8591689,-0.5333675,0.13047819,-0.1799645,-0.30850595,0.39024016,0.26594,-0.13089536,-0.8474016,0.018995391,0.24966303,-0.37703556,-0.42010576,-0.53187907,-1.3427415,-0.7303247,-0.6516289,-0.7507333,-1.7071302,-0.4893419,-0.7956198,0.18065716,-0.64038974,-0.22718813,-0.62800384,-0.006256026,-1.4475455,-0.3294577,0.015036212,-0.82952625,-0.74672,-0.89586884,0.009258665,-0.37410012,-0.25509918,0.28794336,0.1272438,-0.5687729,-1.5196906,-0.5896617,-0.07715407,-1.1767972,-0.07001685,-0.17115466,-0.10211952,-0.47989854,-2.189496,-0.20101209
-0.32667324,-0.8360385,0.86692584,-0.8895143,-0.20918544,-0.07476153,0.14925194,0.07840865,0.6472748,-0.4561964,-1.9535314,-0.7206287,-0.0705218,-0.012268334,-0.20173672,-0.77000046,-0.37334394,-0.15090574,-0.15270318,0.4002703,0.7248717,-1.0784258,-0.53183705,-0.46079895,-1.4616314,-0.64179796,-0.27444193,-0.18047586,0.6737936,0.042260434,0.124560684,-0.5982106,-0.26038778,0.9444016,-0.64041543,1.658932,1.1586314,-0.9907464,-0.5591677,-0.01139608,-0.10869346,0.44108626,-0.56001526,-0.47387236,0.28226167,-0.110630594,0.3024235,0.19406506,-0.6625199,1.2142975,0.08451726,-0.47730458,-0.4172282,-0.3413511,-0.2168598,-0.3147065,-0.5334505,0.17472823,-0.75630146,-0.23799925,-0.07618702,0.0088723395,-0.097753175,0.028040841,-0.3328077,-0.34142217,0.07430651,-0.64371085,0.6113578,0.39728096,0.3775649,-0.0047280076,0.08094995,0.21017852,-0.34012967,0.14368993,0.22235447,0.49634635,-0.6019293,-0.9653899,0.38110626,1.4869457,0.42064783,0.47977054,0.22569449,1.0064579,0.6405939,0.11098823,1.5323027,1.2201649,0.22750603,-0.77959293,-0.43407288,1.0199833,-0.2045248,-0.50357115,0.5780882,0.12330219,-0.54014623,1.1311237
0.8198614,-0.066691615,0.19566686,-0.08401992,-0.87572104,-1.3855636,-0.6675672,-0.037112776,0.21029527,0.989356,0.54312557,0.059899766,0.282644,-0.8783073,-0.180636,-0.25865126,-0.44947243,-0.15093748,-1.3992566,-0.088294394,-0.8920083,-0.71560806,-0.038417153,0.23154633,-0.19486836,0.7275064,0.7806374,-0.026085984,0.3246794,-0.3320466,0.69489175,0.17234875,0.32968864,-0.26418555,-0.17320137,0.48852864,-0.30574712,-1.0314926,-0.0025784129,-0.19206321,-0.41729894,0.19225794,-0.6911391,-0.46669507,0.66199785,-0.51974154,-0.41401672,-0.3755443,-0.64518714,-0.6150122,-0.1046598,-0.3879546,-0.17764707,-0.11378645,-0.79518116,-0.59595186,-0.84685266,0.3869306,0.51626223,-0.017447982,-0.12073199,-0.17153373,0.006093543,-1.1956738,-0.9970901,-0.24100038,-0.35430562,-1.1497762,-0.20337465,-0.5984203,-0.1745628,-0.3849155,-0.16036692,0.12101186,0.72931314,0.9543182,0.07581847,0.7058622,-0.39328784,-0.406805,0.23407789,-0.7025333,0.518385,0.41570395,1.1535046,-0.032099254,0.124116085,0.40358952,0.42882708,-1.0195875,-1.4591058,-0.70915264,-0.066868916,1.3173647,0.33628994,-0.21662576,0.31433737,-0.11892781,-0.7751612,-0.76326305
0.5084489,0.5487233,0.6906648,-0.2705741,-1.4277108,-0.68744975,0.34094602,1.3108844,0.52930707,1.67838,1.3206764,0.6757738,-0.7433062,-2.5327234,-0.211341,0.54029006,-0.4987412,-0.6114662,-1.1258601,-0.6455023,-0.28763872,-0.33267918,-1.0363047,0.82349813,1.2278172,1.2322103,-0.23127347,-0.74798036,0.48790422,-1.1260669,-1.3923341,-0.12112039,-0.04948823,-1.7005126,-0.1785914,-0.53893185,-0.88451076,0.6207099,0.5904269,1.0295007,0.21736912,0.11293873,0.2506377,0.30526268,-0.7339191,-1.1595861,-1.6881801,-1.9498817,-2.0553594,-0.36327326,-0.026453558,-0.006930533,-0.5606951,0.5190041,-1.2617044,0.21952227,0.9530835,2.4002964,0.5907489,1.298346,0.057935536,-1.3796167,-1.2873838,-2.2670507,-2.470483,-0.93732995,0.9995031,-1.6772025,-2.1879356,-0.55181193,0.5070637,-1.4605864,-0.7288862,0.7437742,0.4694233,0.1644559,0.05999527,-0.39302146,-1.279229,-0.76799226,-1.2397159,-2.2174885,-1.3128693,-1.0730711,-0.9975168,-3.4444678,-0.8317711,-0.9565613,-0.22948149,-0.076724015,-2.102382,0.16084114,0.3425639,-2.4677777,0.023884552,0.18407059,-1.8808496,-2.27124,0.8253434,-0.43760943
0.5957334,-1.0576146,-1.7279079,-2.1037464,-1.7222008,-1.5929297,-1.3999257,-0.16177441,-1.9081017,0.5117973,0.1942631,-1.5730275,-1.570461,-4.1431,-0.9933481,-1.0837845,-2.0505416,-2.3592591,-2.7340662,-3.237753,-2.452075,-0.9571341,-1.8120288,-0.6988142,0.30070713,0.7581292,-1.2019293,-1.5602204,-1.8089261,-1.4645698,-2.1332362,-1.3969382,-1.3383065,-3.0359206,-0.16386189,-3.328708,-2.802151,0.56549454,0.06670522,0.28064188,-2.5772176,-0.10326507,-0.14836577,-0.9483669,-1.7112556,-2.1655116,-1.5978546,-2.3831728,-2.3993733,-2.5936244,0.3083753,-1.3487158,-1.4890771,-0.61658543,-1.853886,-0.9371359,-0.9456936,-0.57862884,0.03911512,0.34651837,-1.5548913,-1.731589,-1.4595882,-4.2798047,-4.177194,-2.3441772,-0.7785007,-3.2529647,-2.6369257,-2.5286782,-2.1168401,-1.5478164,-1.8157796,-0.57043535,-1.2152827,0.19333108,-2.1964695,-1.7003601,-0.99547607,-1.7803444,-1.7353518,-3.7376456,-0.969603,-0.9449272,-1.6474146,-2.6145902,-2.0109468,-1.4902557,-2.8960812,-2.1472418,-0.2976457,-0.47573766,1.0711125,-1.7649242,0.40775,-0.5673603,-2.2066765,-2.0627232,-0.3733756,-2.3983364
-0.6617788,-0.943274,-1.5693291,-1.2024456,0.27957225,-0.28018504,-2.2272775,-0.67692554,-1.4312909,-1.6976454,-1.8147093,-2.1145852,-1.4682461,-1.729552,-1.680007,-1.0702238,-1.2259775,-0.9565724,-1.5947999,-1.7217598,-1.8050463,-1.0763148,-1.4294019,-1.6596875,-1.2629589,-0.5335842,-1.0406544,-0.8469781,-1.6904913,-2.0589318,-1.1365691,-1.755958,-1.0636034,-1.6608315,-0.5395419,-1.6276271,-1.7338262,-2.1699157,-2.152974,-2.0367851,-1.9645224,-1.0993264,-1.2475153,-1.8481352,-0.63629264,-0.95762914,-1.391552,-1.1850649,-1.1152636,-1.8362666,-1.8048112,-0.89122415,-1.7507533,-0.9271131,-0.25859925,-0.9837991,-1.2488459,-0.70999473,-2.1067924,-1.3423209,-1.589861,-1.5890042,-1.4793276,-1.7475702,-0.85907346,-1.8954165,-0.80998075,-1.5885963,-0.78495616,-1.19615,-1.5067687,-0.91686535,-1.2592937,-1.8953978,-1.4791087,-1.0430454,-1.8527033,-2.0242908,-1.3983643,-2.6861327,-1.3759817,-1.1730477,-0.21575566,-0.26346162,-1.3073214,-0.8097754,-1.3264072,-0.67866707,-2.1361036,-1.662801,-2.1481795,-3.307007,-2.0353596,-1.1240937,-0.99387,-1.0576292,-1.0909393,-0.80640894,-1.1727139,-1.6735055
-1.6856301,-0.7767174,-0.7904249,-1.2528775,-0.27585602,0.11745912,-1.4169255,-2.0449598,-1.2648406,-2.6575668,-2.226246,-2.6342022,-1.6659154,-2.3792398,-2.7611232,-2.3101594,-2.6102617,-2.1055117,-2.9096637,-2.0913875,-2.5893848,-1.9569134,-2.698012,-2.7006223,-2.7652204,-2.0703685,-2.4109395,-2.6240268,-2.8214529,-1.3908783,-0.9959608,-2.37511,-1.1689725,-1.3202927,-1.8807147,-0.91701216,-1.7581168,-1.7957723,-0.9962146,-1.6871877,-1.8851166,-1.4122467,-0.8174979,-2.367945,-0.8153472,-2.449312,-1.5158309,-2.0972397,-1.1516281,-0.86721855,-2.0504053,-1.2946122,-1.2163091,-0.70643353,0.0060865968,-1.3512576,-0.52777475,-0.3216592,-2.3554542,-2.360191,-2.5512831,-2.0238116,-2.043991,-2.4647412,-2.259547,-2.485052,-1.0130519,-2.6082292,-1.946814,-1.5438191,-2.4059715,-1.6837107,-2.9708543,-0.59245116,-2.7850988,-0.9513475,-2.4712288,-2.4275458,-1.6685512,-1.2477856,-1.0846356,-0.7085915,-0.41192082,-1.0706112,-2.1209476,-1.3036575,-1.9998184,-2.1844883,-1.0191183,0.33992139,-0.8695086,-1.1550988,-0.2972886,-0.7055631,-0.60239106,-1.2867469,-1.3685876,-1.6710802,-0.41924062,-0.6025017
-1.1469429,-0.4102218,-1.173978,-0.87450635,-1.2099303,-0.45453683,-1.7179546,-1.4617368,-1.949089,-1.7405355,-2.3148515,-2.3308578,-1.4780841,-1.642637,-1.6221328,-1.7208135,-2.6305091,-1.5756888,-1.9479866,-0.20306514,-0.33155337,-2.022361,-2.2641008,-2.05532,-2.0703542,-1.878661,-1.8594369,-2.5637276,-2.1003656,-1.8680937,-1.6861825,-0.7748687,-1.9341334,-2.2298813,-1.935778,-1.7522477,-2.3536334,-0.24208525,-0.9715582,-1.3763124,-2.7545333,-0.392864,-0.32862806,-1.9857217,-0.82368946,-1.9348534,-2.322554,-2.079381,-1.186029,-1.8690754,-1.0008507,-0.24623598,-1.1851956,-0.5004948,0.26527992,-0.58189875,-0.41163856,-0.9794491,-1.8542838,-1.9642283,-1.7481141,-1.0028875,-1.398744,-0.71007985,-0.8142945,-0.9892424,-0.49912435,-1.4039671,-1.0808036,0.06596248,0.32234612,-1.7063116,-1.2330822,-1.3254497,-1.6612694,-1.4490098,-1.1827708,-2.4088027,-0.9198833,-1.635725,-1.144939,-1.336707,-0.7721694,-1.4830438,-1.8628057,-1.9738694,-2.4621015,-2.5787807,-1.5165286,-1.1708372,-1.2329609,-0.45087057,-1.098419,-0.69588804,-0.98282033,-1.0367067,-2.5909786,-1.5938786,-0.59631675,-1.7027938
-0.61824256,-1.1219859,-0.7213518,-0.8067008,-0.5152689,-0.7433705,-1.2499206,-1.6272242,-1.9111204,-1.4853457,-1.7537416,-1.3352907,-0.9123489,-1.3261615,-1.5570931,-0.47702345,-0.30529973,-0.5813291,-1.0342219,-1.3036939,-1.5288287,-0.57790357,-1.212519,-0.7090505,-1.362901,-1.5028266,-1.4433881,-1.3882964,-1.3559133,-1.1512768,-0.80500305,-1.9319749,-1.427117,-0.64823693,-0.86607444,-1.4770433,-1.4600508,-1.3693864,-1.1372639,-1.3542844,-1.031243,-1.9095247,-1.0650952,-1.7953169,-1.8992767,-1.5609044,-0.70292914,-1.4848851,-0.7723589,-1.1455698,-0.79585636,-1.0659221,-1.0456703,-1.1329509,-1.0849986,-1.3553303,-1.7959074,-2.1824977,-2.133928,-1.7779069,-1.4272091,-1.054033,-1.0119165,-0.8998695,-1.0178728,-1.5983137,-1.0235236,-0.9371401,-0.96700656,-0.68647796,-1.261025,-1.0393277,-1.3232907,-2.0352516,-1.4539295,-2.1251588,-1.3725027,-1.3355362,-1.262107,-2.2685869,-1.5879104,-0.819127,-2.249661,-1.7247268,-1.8076038,-1.2207963,-1.3727902,-1.3970822,-1.7722936,-1.8193862,-1.4901955,-0.9221559,-1.9477459,-1.1814939,-2.189418,-2.4697187,-1.6598107,-1.03112,-1.2973877,-1.8362868
0.56411797,0.40488738,1.8483855,0.56728303,1.2180787,2.3455455,1.4180026,0.6810385,1.0873317,0.008198469,-0.08313034,0.59489167,0.83511806,1.4643762,0.658281,0.6504954,1.3310218,1.9189452,1.965572,1.8532491,1.6415193,0.35517892,0.44413668,1.2419982,-0.2648525,-1.56654,-1.1273962,-0.54344124,1.3664279,0.16379386,-0.70644885,0.015064545,-0.7799456,1.7218176,-0.8642108,1.2037511,0.65139264,0.4964667,-0.086595096,1.2739002,1.4235071,-0.57070154,-0.6883199,-0.2699634,-1.5781215,0.25020853,0.5302567,0.68746454,1.0922792,2.804093,1.7643067,1.0617585,1.406295,0.7902811,0.72956043,1.5766685,1.0912205,0.020666717,-0.5927078,-0.18363751,0.3539511,0.7069682,0.5412417,1.885699,1.0702567,1.158028,0.9158956,1.6638335,1.3618529,2.345915,1.0642107,0.39110824,0.85547674,0.64091223,0.39768827,-1.8156077,1.6878378,0.6414108,-0.46762756,0.8282156,-0.045020662,2.2012756,-2.340162,-2.034939,-0.87836725,0.7208037,0.5422521,-0.6601172,2.4146585,2.5536747,0.8738858,0.74374247,-0.36481854,0.049412727,-1.3193616,-1.5830973,-0.024235781,0.08712343,1.0264118,2.5061717
-0.3650281,-1.0000994,-0.022000005,-0.68564826,-0.5781571,-0.4730942,1.3312885,0.16119824,0.5625747,0.29276067,1.1323797,1.4481155,1.7999771,2.572146,0.44720986,-0.11045786,0.29404968,0.084926255,1.7026027,1.2173642,0.79536223,0.27626994,0.4119418,0.039492663,0.9824094,-0.15375091,0.53123796,0.23513936,0.87536216,0.5455256,0.8581447,0.2826702,0.7056077,1.0775089,0.41682553,1.9286318,1.6071554,1.5469738,1.9482613,1.6617403,2.4042885,-0.08762838,1.6262274,1.6844467,1.8916801,2.1856952,0.86365926,2.0438478,1.7417696,2.619782,0.040771265,-1.1938074,-0.8990274,-1.012588,0.15240304,-0.52003115,-0.5462152,-0.21896678,0.7242355,0.77888286,0.607182,1.5718628,1.9065245,2.1379488,1.3014936,0.5453514,-0.9681468,0.9348344,0.033422273,0.2835709,0.12005895,-0.5746027,0.046711434,-0.7317696,-0.4698098,-0.53235745,0.4205072,-0.34257528,0.032975517,-0.33607987,-0.25165048,1.3794448,1.1183249,-0.18289743,0.27007487,0.68139845,0.9372515,0.15851715,1.1303121,1.416598,0.49945566,0.90946907,0.5459576,0.9380219,0.3367953,1.5344757,0.54084384,0.63466257,-0.22926885,1.6500394
0.8171118,-0.39271778,0.20653915,-0.57325673,0.13361076,0.14949492,0.7161137,-0.87927276,0.436415,0.035403263,-0.014635043,0.25268662,-0.25325325,0.55997825,0.8892299,-0.26010677,-0.1884291,0.275365,-0.49609956,0.83338404,-0.14088959,0.06358945,0.100258045,-0.109045334,-0.53492475,-0.4477845,-0.05343866,-0.3466079,0.97619534,0.6050949,1.1287323,-1.6147467,-0.6270617,1.5522099,0.3266298,2.2347326,1.2029829,0.69712365,0.61870426,1.2155933,0.8435473,-0.06321988,0.16848268,-0.3178261,-0.15070371,0.28503498,0.6240614,-0.26595333,-0.16329543,1.2767477,-0.7192783,-0.2676552,0.044131145,-1.050483,1.0428545,-0.32698977,-0.071414925,0.077783465,0.48195368,-0.07462237,0.5156921,-0.3051869,-0.22101459,0.34801587,0.066280976,0.11285435,0.8726748,-0.11771678,0.20564678,0.6652144,0.06130834,0.7859467,0.1934747,0.7997674,0.004740717,0.13836786,0.26079798,0.70553416,1.0618278,-0.5031391,1.1887112,2.2058256,-0.17542984,0.0008415098,0.11896979,0.48863733,0.7740928,0.10240049,1.923123,0.8928113,0.78648984,1.3750412,0.9256306,0.4295087,0.014202597,-0.89778185,0.24107905,0.64439803,1.7227477,2.03095
0.9843421,-0.14106172,-0.6945352,-0.5438698,0.45406094,0.6046868,-0.05686784,-0.21644227,0.14920102,0.7242419,-0.2526649,-0.09845217,-0.08256789,-0.32103387,0.07307356,-0.289569,-0.08745119,1.0021876,0.5101367,0.90658617,0.8079975,0.49202985,1.1152107,0.0588457,0.39480436,0.8837525,0.83108735,1.1312606,0.0842772,0.6519974,1.0731344,-0.13755219,0.76187384,1.2415133,1.0247924,1.5990704,0.9174864,-0.1319721,0.029758872,0.091938816,0.44155777,0.8801845,0.58207107,0.60040367,1.339899,0.40112466,0.65243083,0.642806,-0.24662584,0.33668146,-0.36579725,0.20720142,0.028939571,-0.62528414,1.1552219,-0.0055580516,-1.1754359,0.31430352,-0.021004388,-0.029168224,0.16374661,-0.41009995,0.00867357,-0.10126602,-0.0045632957,-0.45160082,0.50695866,0.21694383,1.0554684,0.44396585,0.3299142,0.8149275,0.43978065,-0.2802901,0.24415949,0.91788584,0.7328086,0.27475768,1.409804,-0.4479897,1.0492885,1.4440205,1.564626,1.5690806,1.6391425,1.5634346,1.1392199,1.2675929,1.010727,-0.31038424,0.041994967,-0.2173248,0.3638031,0.6626514,0.111437805,0.8576603,1.2373172,1.1360041,0.8987392,0.3869469
0.434045,-0.104141474,-0.42978376,0.50926274,1.1101946,0.61771274,0.853752,0.05103746,0.51443607,-0.08702724,-0.27964973,0.6584329,-0.11646101,-0.03769707,-0.20575741,0.5156048,0.60035205,0.75209814,0.6851893,1.711017,0.49664143,0.89907384,0.51859146,1.6200731,0.56134844,0.31673074,0.7648726,0.90839136,0.35363805,0.53593546,1.1431626,-0.33558747,-0.34469238,1.4837595,0.82445955,1.4585311,1.0104753,0.8789189,1.2371383,0.54266006,1.0742449,1.8216034,0.08580984,0.70792484,0.6070755,0.9096605,1.110579,0.85642165,-0.041413005,0.61087686,-0.14845304,0.11995226,1.0438842,0.2096795,1.0090353,0.6636035,-0.032978047,0.9314413,0.42731377,0.060074512,0.27182314,0.019917658,-0.0004463524,-0.49184343,-0.11641138,0.36406896,0.003527951,0.07987896,0.72536784,0.764291,0.067767814,0.57750607,0.12529501,0.4828885,0.9315934,0.7640146,0.28520453,0.7597454,0.2157903,0.51322335,1.3111724,1.4557389,0.33926854,0.48388177,0.7165023,1.4197044,0.43842825,1.1007407,0.80226755,0.5066681,0.15493512,0.7158237,1.2186792,0.30224752,0.6215061,1.1043401,0.12546976,1.204647,1.2881465,0.4059935
-0.33148304,-0.92435473,-0.02823936,-0.43686336,-0.08912191,0.478717,0.8623354,-0.7299843,-0.0032156666,-0.11293099,-0.18066037,-0.12746017,-0.14706567,0.16561435,0.37334606,0.30058905,0.84173155,0.84309983,0.46086618,0.48114693,-0.24900056,1.4142928,0.86066234,0.2948162,0.12745976,1.4786254,1.5341719,1.1662945,-0.07685863,2.2845469,0.6898614,1.9686888,0.20794958,0.66538215,1.1555309,0.013674864,0.81885284,0.84952384,1.4056429,0.81057674,1.0464993,2.42071,1.5111243,1.2838758,0.553638,1.4376199,1.6890992,0.90352696,0.1366995,0.42105052,0.1820648,-0.6412886,0.11477218,-0.46685326,0.3941058,-0.07846715,-0.71656686,0.058929347,0.59327286,-0.015550647,0.2565807,-0.20502262,-0.16189866,0.17053713,0.22438923,-0.4126626,0.33741626,0.7415905,0.73121893,-0.29648834,0.19821517,1.2777508,0.11522158,0.86937714,0.39211687,0.968124,-0.17012413,0.7705205,0.8670684,0.65760106,1.3202264,0.638792,1.5086889,1.1511072,0.7491593,0.87442654,1.1831604,1.1903862,0.124758646,0.8881459,0.5552802,0.9442195,1.3285617,0.83856094,1.5284021,0.4500955,1.3542359,0.45460743,-0.21561465,1.0369592
-0.092295334,0.42663828,0.01369309,-0.0032840853,-1.1172785,-0.5224866,1.2110634,0.69008553,1.6445776,0.7282368,1.4551742,0.30077487,1.8372041,0.6327533,0.51457095,0.3598639,0.5597313,0.20827165,0.26909038,-0.05635972,-0.21148854,1.055139,1.2435832,0.2520629,0.6924405,0.5760715,1.7808359,1.5898293,1.6151308,2.5847552,1.0868678,1.5438291,1.4251666,0.28974652,0.97097176,-0.42485702,0.7746466,-0.11439841,0.6067146,0.67284447,0.9508704,0.8111627,1.1346195,1.0097867,0.64164555,0.90795684,0.9810108,1.1939421,0.26262957,0.14073324,-0.88889897,0.27135646,0.07650349,-0.60573405,0.52285635,0.19108635,1.4243377,0.5689419,1.4444383,0.5099065,0.89595526,1.5944011,1.8157616,0.877423,0.6609842,1.6790636,0.30147302,0.95609534,0.9378525,0.015868295,-0.1352927,1.2394599,0.3669981,1.6246097,1.2000775,0.4040283,0.5284352,1.2634543,1.6812662,1.0951501,1.0781343,0.9010171,0.58756423,1.2654637,1.2832894,0.9474543,0.92633057,1.1384306,0.04952206,0.69976735,1.0980804,1.2974526,0.9570603,1.1107454,1.3683074,1.1359749,1.4166911,1.9467676,-1.2389468,0.48990917
0.37627822,0.29428124,-0.5315755,0.44358364,0.08541367,-0.20781018,0.3925506,0.607497,0.2517203,1.0063533,-0.1535709,0.29274535,0.6044236,0.63690424,0.45074308,0.64177793,0.79470164,0.6501434,0.33591068,0.9715503,0.7323907,0.61966604,1.1126506,0.6453707,0.39057347,1.1520188,1.7392546,1.4576399,0.54983956,-0.09817989,0.15100716,0.0010162251,-0.6036326,0.49289906,0.6887603,-0.11338237,0.6890979,-0.95976186,-0.86999613,0.11126464,-0.20153104,0.53173834,-0.5352954,1.5016525,1.1213614,0.66946477,0.51817685,0.80705774,0.006098017,-0.41959152,0.9270821,0.123262204,0.5194559,1.1422359,-0.45867386,1.1995155,-0.72637653,-1.0695182,0.796643,0.73233294,1.4346205,1.1561759,0.8784312,0.422893,1.3108301,0.36290276,0.7546917,0.8080731,1.1351275,0.25086045,0.55859375,1.438,1.8193858,0.21174797,1.3179921,1.5238221,0.5949205,1.5610763,1.6103443,1.3232014,0.33557984,-0.26764652,0.9965066,0.9335187,1.1328813,0.8105841,1.1939324,1.553902,0.20493433,-0.5975033,0.08321091,-0.20994629,-0.27609095,0.37830305,0.80882806,0.90385336,1.1526637,1.0806655,0.7266107,-0.3592399
0.10873697,0.8871463,1.3788646,0.26265058,1.0278256,1.4222789,0.49422336,0.7236787,-0.1968097,0.36714098,0.33802643,0.021190831,0.15923415,-0.21729632,0.8727527,0.9491435,0.6263356,0.2386617,-0.25109696,-0.17483248,0.12214467,0.8747755,0.55517876,0.9043693,0.25040346,-0.3060115,-0.4345389,0.22339447,0.03671707,-0.33593267,0.75427926,-0.24497233,-0.5687199,0.11054948,0.32005087,-0.5944834,-0.10530364,0.36131945,-0.7891703,-0.018557547,-0.34938782,0.48663837,-0.651072,-0.33570337,-0.85386795,-0.1398672,0.27081862,0.10246816,0.20065641,-0.92810684,0.7937956,1.5299033,0.44142756,1.634048,1.2358646,0.7714784,1.4205338,0.2941475,0.30009633,0.8158221,0.4658038,0.30216718,0.4120835,-0.06722964,0.4047672,0.5464129,0.7362937,-0.002323088,0.016310224,0.3555853,0.030565843,0.51933,1.2687483,1.0302191,0.49608138,0.41952595,0.6217119,0.692966,-0.47454756,-0.13148342,0.59337425,-0.36619547,-0.33941904,0.18820077,0.1253243,0.41060936,-0.07017342,0.67047596,-0.5116226,-0.44834906,0.35440698,0.96671325,1.0907844,0.4655926,0.47364226,-0.9980958,0.2791624,0.23915824,-0.27160424,-0.120875694
1.1496017,0.5946095,1.4207361,0.3456324,0.40436706,1.9674567,1.2011174,1.0891451,1.3860049,0.1856907,0.9580036,0.6624183,0.56085277,0.76218605,0.8057655,0.9349973,1.4353648,0.6431898,0.96457386,0.36314937,0.18282215,1.3559941,0.9532367,0.9692849,0.11454165,1.3296188,1.2433518,1.4336846,0.79804415,1.1063312,0.31076446,0.37457916,1.0718111,0.90564275,0.88056886,0.47552177,1.2411411,-0.6006488,0.22534552,0.81357676,0.3113234,0.46299875,0.2432825,1.1289372,0.47052535,0.9957776,1.2750717,1.0352874,0.7439149,0.37060523,-0.4803802,0.40191492,1.1849265,0.8734629,0.056661278,0.5192043,1.2348632,1.1309148,0.4662818,0.9638437,1.3803718,0.051635098,0.8389526,0.68139327,0.745366,0.6000746,1.551589,1.1380924,0.8140398,0.12148443,-0.09798442,0.9881432,0.49974498,1.1619424,1.3132834,1.4340836,0.6490177,1.1529052,1.174171,1.0510565,1.0080564,0.31193638,0.56879187,1.1965473,1.7129447,0.9047226,0.9076928,1.4125673,0.977598,1.2427437,0.40896565,0.01781069,0.88177204,1.138929,1.3410381,0.016754318,1.9719428,0.99526465,2.267076,0.5780502
0.4102243,-0.4674965,0.35228616,0.7649548,0.8386674,0.45462587,0.88550204,0.59244955,-0.33069882,0.24963419,-0.12309319,0.43019474,0.3555876,0.7228535,0.1389218,0.70403177,0.97844374,1.1131833,0.33329913,0.18031828,-0.10691,0.8309178,-0.058955938,0.8409361,0.17965622,0.023457982,-0.112868376,-0.28995433,-0.52819705,-0.48030373,1.0846097,0.4269797,0.62263936,0.9925415,0.43364748,-0.43107703,-0.26339015,-0.19565585,-0.156613,-0.13343845,0.27578196,0.117824845,0.29502344,-0.13834329,0.04818781,-0.018831149,0.26167014,-0.287847,0.7563518,0.36591917,0.2868184,0.1043443,0.1579031,0.2315527,0.6522407,0.18189666,0.23466851,-0.07676433,0.005912395,0.025623208,0.0112468535,0.21352406,0.7220367,1.0357963,0.37939852,0.32324183,0.8541586,1.3742597,0.47954315,0.763095,0.29728982,-0.13442266,0.21921898,-0.6694328,0.03707787,-0.08050019,-0.03796638,-0.28462383,0.18075755,-0.8065651,0.28592286,0.54145926,-0.93616825,-0.27437547,-0.51405305,-0.39245588,-0.5179269,-0.061880186,-0.38410684,-0.95302737,0.117862254,-0.3990326,-0.8775354,-0.7169755,-0.763683,0.6022224,-0.2595108,0.08719013,1.171859,-0.41390353
-0.24407528,-0.48010007,-0.6473672,0.5644643,0.37644675,0.4797687,0.25959334,0.1406268,0.9232795,0.10785404,-0.028565982,0.7288287,0.45659867,0.75012416,0.59554666,0.32402396,0.97099906,0.7933893,0.5698255,-0.03839348,-0.31219414,1.3943509,1.3754417,0.8855593,0.63303447,0.939679,1.0174648,0.9611281,0.47882652,0.44443268,-0.34629077,-0.9897667,0.9464038,0.42233646,1.200938,0.2543088,0.4348997,-0.8258003,-0.9345941,-0.3861978,0.61953205,-0.29582763,-0.000732486,0.90065706,0.020559302,1.244658,1.1244023,0.55166095,0.59753203,0.9662698,-0.74252325,0.3537182,0.47018817,0.071859464,1.3075447,-0.52146256,1.2685127,0.70416987,0.81540596,1.2121062,1.4650134,0.38575044,0.5583961,0.9114063,0.783068,0.63929945,1.2985842,0.80321544,0.8101591,0.04277323,-0.4792662,1.0444514,0.19041628,0.41831145,0.99025625,0.94671524,0.5424688,0.87120736,0.88608736,-0.2748729,0.4609525,1.0037932,1.0508969,1.6759713,0.9673061,0.65447617,0.3626506,1.1533773,-0.4128019,1.2523923,1.1912919,-0.59575456,-0.12910253,0.18385282,0.9455472,1.267887,0.90754706,1.2429248,-0.2791464,1.512642
-0.45539606,1.0278863,0.6441119,0.9430374,0.79706484,-0.7050912,-1.7993176,-0.32940605,-0.33363932,-1.0631002,-1.2930418,-0.70327985,0.010075463,1.665559,-0.124722786,-0.06843779,0.35663798,1.5153098,1.0395893,1.0605068,1.6598778,-0.921103,0.7589363,-0.8950588,-1.909117,-3.126245,-0.44822964,0.6630955,0.2671984,0.20936215,0.79922104,0.39267796,0.25280112,1.1195911,-0.30922505,0.82698935,1.1293976,-0.5794996,-1.3947564,-2.7019901,-0.07324541,-1.8448884,-1.4024591,0.13155694,0.03673209,0.13058677,0.4557338,1.1902838,1.2055279,0.5960172,-0.111651264,1.2798368,0.90222996,-0.38392925,-0.30282673,0.21169713,0.7551079,-1.1840097,-0.81365633,-1.4403243,-0.6846133,0.43879315,0.011276148,2.1465454,2.4141333,0.51915145,-0.005792862,1.2403139,1.2030898,2.2688277,1.5818138,-0.084903546,0.9248185,-2.1376598,-0.027223743,-2.6442666,0.80838615,0.57709455,0.62012184,0.5577167,-1.0478,2.0455966,-1.4204348,-0.45682,0.4396002,0.6757052,0.22153679,0.20948231,0.95426744,-0.42942226,0.94101703,-0.08082487,-3.3081157,0.38022658,-2.3369646,-0.8976703,0.17360999,1.1720145,-1.2518793,0.24523869
-0.6265422,-1.1300428,-1.8667302,-1.8147095,-1.6941319,-2.5623407,-1.8395241,-2.339916,-2.1000054,-0.8763919,-1.6718816,-1.5102937,-2.168906,-0.2107258,-1.2208388,-1.1207744,-1.4250958,-0.7342806,0.10793073,0.12842186,1.0439296,-1.9497821,-0.8725419,-1.1731862,-1.0073069,-2.0447264,-1.2278912,-0.88520914,-0.7241926,-0.5116556,0.9162618,1.3641472,-1.3833139,-1.1538823,-1.6247232,-0.6306217,-1.1628835,-0.60953754,-0.86499226,-2.1221745,-1.740036,-0.55275714,-1.2277223,-1.6040823,-0.3024377,-1.4918119,-1.7273779,-1.4520587,-1.316962,-1.7018068,0.20952417,-1.2891241,-1.6832019,-1.9745797,-1.9306644,-1.0306549,-1.6106647,-2.3710291,-0.684035,-2.073521,-1.306888,-1.3146164,-1.4051687,0.12583217,0.6441746,-0.60473424,-0.48808756,-0.41541064,-0.50282145,-0.49139792,1.4855771,-1.3911686,0.019844068,-1.2201434,-0.4783096,-0.8391685,-0.27159864,-0.76673925,-0.24076895,0.73950255,-0.57259744,-0.29962194,-0.87598705,-1.0711074,-0.4771767,-0.7813557,-1.4090844,-1.1250111,-0.3696297,-1.1498556,-0.05097912,-0.03800432,-1.3185791,0.8509499,-1.6379442,-1.6197847,-1.2604464,-0.30887207,-1.4833848,-1.4298024
0.39869687,0.6783961,1.0804526,-0.3173368,-0.68140876,0.10719704,0.41002873,1.3352866,1.2827357,2.046191,1.2614083,0.19654307,0.89072853,0.2373293,1.4946411,-0.31687653,-0.46904954,-0.41688198,-0.18660529,0.9192484,1.5299945,-0.5194255,0.41820672,0.7143927,0.74761754,0.67284036,0.0040292097,0.23055531,1.0932015,0.79818237,0.5716816,2.1880558,0.7355529,-0.526618,-0.4240743,0.031174425,-0.19786161,-0.18186906,0.3514356,0.6691033,-0.4093861,0.8072731,-0.19040343,-0.22937737,0.6194608,-0.6612412,-0.9426113,-0.4690958,-0.90647346,-0.4707682,0.49159774,0.7221685,-0.24562845,-0.30693576,0.21528491,1.3435796,0.5351344,1.3578225,1.3200366,1.437105,0.45531768,0.9214279,0.80155885,0.002635431,0.497023,0.8405486,0.8276883,-0.1637662,-0.29457173,-0.094803624,1.8149538,0.14782283,0.8711508,1.8100319,1.3297526,1.3632015,1.2850206,1.2912794,-0.2855879,1.5033538,0.95001495,-0.5673729,0.050764732,-0.025779964,0.6389871,-0.5017181,-0.124812365,0.12882213,0.89022464,0.055155925,-1.1729529,0.29583478,1.2746993,0.6298693,1.0065273,0.25185546,0.09908913,-0.16187596,1.1033795,-0.3510488
-0.21671617,0.7166281,-0.14273113,0.84790874,0.16515423,0.4396029,-0.9573899,0.18967594,0.34225863,0.08122375,-0.8394451,-0.17065372,-0.32853132,-0.23271951,-0.37830395,-0.49962515,-0.24368823,0.52787983,0.16202337,0.3689512,0.8709749,-1.3583683,-0.74631757,-0.006957934,-1.5078946,-1.2721686,-1.2404809,-1.1935406,-0.16306755,-0.91099584,0.13818331,1.0292418,-1.7378992,-0.14745218,-1.8559179,0.65472263,-0.7221168,-1.0778177,-1.0532558,-0.6567318,-1.4477508,-1.4143498,-2.429722,-1.9933941,-2.4050992,-1.812441,-1.7662327,-1.2133163,-0.9364551,-0.72764444,0.7525406,0.507393,0.10846948,0.21030758,0.3014648,1.125971,0.44513828,0.25712547,-0.10678479,-0.9015779,-0.1414834,-0.026566204,0.16630696,0.30940387,-0.14659576,-0.059358984,0.24683708,0.4711041,0.39797482,0.64703244,1.1294187,-0.90311134,0.052749597,-0.20512822,0.37243068,-0.83118266,0.58523583,0.15815502,-0.22525035,-0.1867808,0.2539239,-0.1524172,-1.975349,-1.4501972,-0.39104187,-1.1444086,-0.13295998,-1.369053,0.8272111,-0.7831545,-0.6243901,-0.29889387,-0.41998556,-0.81223756,-1.8089889,-1.837688,-1.46598,-0.9573809,0.38989583,-0.4118235
-0.95142996,-1.2249429,-1.5264539,-1.422185,-0.6818965,-1.1178124,-1.8199787,-0.90464115,-0.43603432,-1.1317092,-1.6923741,-1.1672211,-0.8813981,-0.93869,-1.6832026,-1.5437499,-1.1412573,-0.54897773,-0.80789363,0.13183579,-1.4619535,-0.8720528,-0.72307914,-1.8464762,-1.011366,-0.91905427,-0.42924803,-0.04842212,-0.9099583,-1.1186078,0.4772004,-0.62293583,-0.48798123,0.19948588,0.30990776,1.2457497,0.39159685,-1.3097057,-1.1790246,-1.0950006,-0.7516485,-1.2485883,-0.71661305,0.25375935,0.36093023,-0.4763452,-0.5816118,-0.44467652,-0.52155876,0.27775452,-1.711541,-2.0357685,-1.6493008,-1.1600875,-1.1541005,-1.9474671,-0.98657507,-1.1460106,-0.964524,-1.4067478,-1.3404005,-1.1541431,-1.4478886,-1.3922179,-1.2327827,-2.032168,-1.0487219,-1.2278507,-0.6801153,-0.708493,-1.2020469,-1.0038745,-1.6577073,-1.8316753,-1.7816112,-0.8420616,-1.9412944,-1.5599005,-0.30003235,-0.57945883,-2.1678224,-0.05490981,0.4710165,0.36137015,0.13915265,-1.1084708,-0.14978777,-0.3669974,0.0005533923,-0.71421164,-0.69493246,-1.3618526,-1.591218,-1.2199126,-1.2740189,0.35743865,-0.60532576,0.04673635,-0.388871,-0.068084046
-2.9226856,-1.0597606,-1.593546,-1.192823,0.0063187378,-1.0356984,-3.4157858,-2.5963106,-2.052083,-3.1463115,-3.7161531,-2.8735275,-2.119188,-2.3340118,-3.7237175,-2.2058215,-2.1678784,-1.2580596,-2.7402072,-1.2623798,-2.0248535,-2.394964,-1.8468585,-2.7872188,-2.6183064,-2.9770005,-2.5016026,-1.8950863,-2.788508,-2.6070776,-1.7449677,-2.304508,-2.4966476,-1.4756457,-2.0007281,-0.81510484,-1.7811682,-2.5248942,-2.367944,-3.3838108,-2.146913,-3.107239,-2.648517,-2.3106103,-1.4234822,-2.081381,-2.2859643,-1.9893198,-2.458206,-0.9778616,-3.0495143,-1.6454028,-1.9219984,-1.3612487,-1.1678908,-2.6104128,-1.2908196,-1.1317797,-3.1628168,-3.3068025,-3.4981449,-2.1680706,-2.6418617,-1.9480335,-2.0176053,-3.24553,-1.715166,-1.9720213,-1.5620033,-1.0676898,-1.6582365,-2.8287985,-2.3963778,-3.8145757,-2.5804527,-2.9970458,-2.6946661,-2.3296447,-1.7464098,-3.219849,-3.032727,-0.779698,-1.941761,-1.9713535,-2.07281,-2.4300594,-2.2450454,-2.196049,-1.3107387,-1.0984168,-2.1269705,-3.15594,-3.630536,-1.5764104,-3.0863526,-2.3135462,-2.3051243,-1.5087525,-3.3934453,-0.62992877
-0.62998295,-0.33691263,-0.41654575,0.26682386,-0.10462299,-0.27718973,-0.45563084,-0.20767388,0.37604657,-0.14365573,0.4512277,-0.15717478,-1.1052506,-0.5192489,-0.51553506,-0.75852966,-0.010848489,-0.42342597,0.7184742,0.5570531,0.46653175,-0.73684806,-0.11791081,0.08968839,0.9152172,0.25064436,-0.035243873,0.13108265,0.31942442,0.2248793,0.2161332,0.3268488,-0.008159754,-0.6663951,-0.6048625,0.41368273,-0.8799809,-0.59640104,-0.28058293,-0.236431,0.2981868,-0.20917948,-0.42887643,0.13664265,0.11542213,-0.25895372,-0.1270497,-0.28777763,-0.33729655,0.14397521,0.0036419712,0.30505753,-0.20760831,0.41797292,-0.14439628,-0.71854246,0.45702988,0.77751386,0.5047849,0.08454614,0.33299413,-0.7700705,-0.18573835,-0.3298815,-0.118022926,-0.36604443,0.37411416,0.06962965,-0.116731115,-0.49552223,0.54245716,-0.3709684,0.026191914,0.23642404,0.36107367,0.24869688,-0.15765782,-0.15067245,0.51031715,0.54154927,0.1087324,0.1716249,0.4681939,0.059681177,0.15373138,-0.004875743,0.22763261,0.17887862,0.7621936,1.4008541,0.4489736,0.49721906,0.26537842,-0.4668126,0.45152152,0.7679488,0.19334646,-0.07294953,0.18075633,0.43399343
1.4420772,1.40294,1.7844552,1.7620132,1.5302029,0.97633976,-0.50186056,0.94020456,0.55737525,-0.70307356,-0.93798834,-0.2751693,-0.97328085,-0.2516402,-0.0045552226,0.22450596,-0.23654239,1.3740894,-0.1538622,0.2972403,0.09102209,0.11633419,0.5994866,0.13755643,-0.8079863,-0.49485072,0.16536964,0.36031267,0.36269936,0.08580913,-0.56801575,-0.9176459,0.33621484,0.8282277,0.47968557,0.9262564,1.1629963,0.098768905,-0.5262634,-0.6399779,-0.33412257,1.0868946,0.16081657,0.24248527,-0.14320771,-0.0043435153,0.5788654,-0.22309159,0.8562744,-0.40717494,0.693043,2.0752583,1.3470054,1.9343495,1.3203001,1.3747358,1.9824758,0.86720234,-0.7172644,-0.5824882,-0.3797279,-0.68290085,-0.48015818,0.0120637175,0.18800668,-0.02345775,0.49926978,0.602409,1.1111163,2.1689434,0.38023278,0.80130154,0.8310584,-0.1690134,-0.07824182,0.3865844,0.5369756,0.21875407,0.7619769,0.3846748,0.14956632,0.7258685,0.54798484,0.7096403,0.52549756,0.6386526,0.6916909,0.4268571,0.72659826,-0.97398984,0.64746535,-0.3809529,-0.37550747,1.0943855,0.29145327,-0.14890413,0.3824672,0.7329669,0.7198791,-0.55398405
0.98641217,4.6292863,2.5111163,4.4847054,3.6209989,2.8550181,0.02274065,3.0913851,1.6311628,0.25719115,0.2577945,0.800175,0.10544794,-0.10262591,0.55318636,1.4150581,0.81673986,1.9465587,0.43019328,0.5257324,0.9113681,0.9339229,0.92674005,0.044020053,-0.18188308,0.8570654,0.47030064,0.7786626,0.5136272,0.37659577,-0.5245278,0.7157367,0.033587083,0.7035515,0.6269865,0.34482402,1.4772749,0.27908504,0.13329603,0.14669071,-0.29296678,0.36607137,0.53345674,0.7126616,-0.82022274,0.3840213,0.7636068,1.040622,1.7904605,-0.31822607,2.7438424,3.7392817,3.2058332,4.793289,2.2105684,2.8715649,3.568216,2.98038,0.7816706,0.52883625,0.28498742,0.16393419,0.2952625,-0.08226164,-0.35835052,0.5435053,0.9849019,0.8495858,1.5681117,2.3654628,0.7440807,1.3247304,1.7259567,1.2949076,0.506745,1.118234,1.2533126,1.0156491,1.3785406,0.590083,0.6302767,-0.33544037,0.2947745,0.76117736,0.68376833,0.66871977,1.6434776,1.1782416,0.5501667,-0.11356513,1.5367383,1.0122186,0.10559567,1.052721,1.305522,0.8849886,0.78746027,0.7963027,0.9766361,0.11244702
1.4508051,3.9095843,3.0297022,3.7209363,4.1131325,3.8906999,0.06667971,3.474196,1.9785539,0.43142438,0.15390709,-0.030350571,0.14377706,-0.19135147,0.43813545,0.5344276,0.9492154,2.7298381,1.324884,1.5321844,1.5009713,0.49096918,1.0944694,0.7360111,0.10075807,-0.16918342,0.32591125,0.62748474,1.11953,-0.37645194,0.09066424,0.6464587,-0.73040366,1.0885285,0.1103097,0.5125269,1.162381,-1.2992347,-0.7816353,0.22204989,-0.39285493,1.2960073,-0.83935994,0.8115897,-1.035204,0.052493654,0.7090949,0.82432556,1.8334825,0.47965214,2.7380848,3.8937695,3.6045928,4.130902,3.2412324,2.9548538,4.907421,3.20451,0.12996417,0.30987096,0.6351509,0.09450668,0.40319213,0.5968719,0.85147595,0.12784109,2.0059643,1.3051547,1.8520709,3.208351,0.97958285,1.4935195,1.6615064,1.5090489,0.6893355,0.70352197,1.7413309,1.0937884,1.0785986,0.6981276,1.3559084,0.25268698,-0.16262959,0.137023,0.73485905,0.5660204,1.3837534,0.9021705,1.4181763,0.44425234,1.1536418,1.3257703,0.66748655,1.4595431,1.1195043,0.91414917,0.824336,1.0858407,1.5778587,0.6169013
0.8950452,-1.3389361,0.042116046,-0.4285428,-1.9828869,-0.1686649,-0.107559815,-1.819608,-0.794171,0.705802,0.1387037,-0.10625813,0.06651508,-0.14997487,0.77943397,-0.13495927,0.086685635,-0.5810652,-0.5166561,0.39731154,0.2737014,-0.501698,-0.37458402,0.64740515,-0.81851196,-0.49119392,0.07773285,0.33408532,0.4939028,-0.86628526,0.016570816,-1.1135942,-0.6297558,0.5217329,0.17610307,0.40177992,0.048376,-0.8457976,-1.330029,-0.02390781,-0.051826507,-0.76864314,-0.9038341,-0.5552355,-0.5249485,-0.8963799,-0.39798445,-0.079258196,-1.2571536,-0.37135926,0.2962008,-0.8736084,-0.2830533,-0.8478448,-0.8758953,0.5368074,-0.84339577,-0.9917744,0.75373834,0.7537329,0.2755483,0.45700133,-0.28242776,-0.12584297,-0.051539928,1.0363529,0.85303706,-0.46878883,-0.11114373,-0.2918678,1.135379,0.18309131,0.4624516,0.9919322,0.7111609,0.4587906,0.41440403,-0.068238825,0.4978152,1.2121516,0.77277654,0.046632502,-0.2022072,0.2092687,0.18388133,-0.33537173,0.4814337,-0.021506147,0.6162343,-0.26748407,0.55429,0.14850521,-0.42555287,-0.8380308,-0.37490857,-0.9505125,-0.5378884,0.30305743,0.18861711,-0.2510278
-0.4651108,-1.7061615,-1.7686137,-1.939419,-1.253754,-0.8632012,-0.013113627,-1.0910891,-0.9163187,-0.0385849,-0.231833,-0.3836536,0.17199396,0.024387933,-0.35967872,-0.31297418,-0.12478488,0.22241735,0.6084649,0.37858176,0.50222903,0.28500283,0.20094216,0.13323659,-0.07417416,-0.570055,-0.3667961,-0.052761227,0.1509687,-0.38771966,1.0827906,-0.013377442,-0.6626474,0.66545856,-0.042692784,0.24932073,0.16871384,-0.9693448,-0.7847787,-0.13942182,-0.2518183,-0.75905895,-1.4181085,-0.12342658,-0.6550391,-0.55241257,-0.34686288,-0.051714934,-0.27565423,-0.31044915,0.034515306,-1.9369366,-1.4457175,-1.8624467,-0.79805994,-0.36287788,-1.6435642,-1.3250583,-0.24494745,0.43496513,-0.2621502,0.047921352,-0.25238803,0.20059901,-0.12882654,0.14009832,0.4800745,0.48333442,0.21165283,-0.5009412,0.47568136,0.42549548,0.28037903,0.17381024,-0.52835256,0.23750609,0.4335813,-0.09125774,-0.34916452,0.48943308,0.27792278,-0.36265552,-0.3557936,-0.251572,-0.06530031,-0.3924536,0.19364221,0.15666953,0.26803362,0.20538111,0.008009971,0.5766893,-0.026507633,-0.70110524,-0.72797364,-0.50576997,-0.7111,0.07347113,0.70390034,-0.49294475
-0.5073056,-1.1344868,-1.1797272,-2.3679507,-0.9802981,-0.77389354,0.7262103,-0.6652054,-0.5121235,-0.5803285,0.8125572,0.20456217,0.16717479,0.40595275,-0.0682574,-0.46221462,-0.07233666,-1.003378,0.32046705,0.9829436,-0.60377586,0.50570446,-0.22895555,-0.20398135,0.8092416,0.47662884,0.36410597,0.54752314,0.19986331,2.0892725,-0.60109913,-0.0068940334,-0.71824557,-0.13641404,0.046611115,-0.36011103,0.008277897,1.0133345,1.5179633,1.2400498,1.2369512,0.36694455,1.3754832,0.5519902,0.14745384,1.2297277,0.21025544,-0.27462122,0.3828987,1.5256857,-0.86308956,-1.5093534,-1.3352281,-2.0539587,-1.8966742,-0.56796765,-1.1975691,-1.4042848,-0.51219374,0.21098407,0.27236137,0.22716278,0.22364436,0.19581129,0.50273645,-0.59431285,-1.3972183,0.008148702,-0.67419446,-1.4959295,-0.25842983,0.10397869,-0.55088633,0.52429867,0.0011626111,0.082222044,-0.3034627,0.08898898,-0.048448652,0.9511003,0.039186697,-0.0029024691,-0.037718434,-0.23416711,-0.37096,-0.079767525,-0.5344301,0.2505149,-0.20516166,0.73670346,0.54862285,-0.26125127,0.69792897,-0.008333677,0.38133213,0.032358628,0.46715266,0.5355325,-0.53811026,1.7194586
-0.21747534,-0.8199969,-1.6653862,-1.4065827,-0.79502994,-0.5165039,1.3143005,-0.64974684,-0.537309,0.15111463,0.48850188,0.11401971,0.22953457,-0.44354686,1.0603967,-0.51168615,0.8128592,-0.9892017,-0.1296339,-0.7198749,-0.6993331,0.5613178,-0.059898153,0.60790926,0.7894843,-0.0042672693,-0.36371702,-0.45680326,-0.32185578,0.04867481,-1.9388549,-0.07000243,0.40287554,-0.60082203,-0.18051082,-1.7161673,-1.1298208,0.76878464,-0.27949807,1.3968085,0.25113055,-0.24824162,-0.21721031,0.124601886,-2.4064035,-0.4169038,0.13341375,-0.38865656,0.32543886,0.1482138,-0.23990731,-1.679046,-0.4588556,-1.7536869,-1.181302,-0.947224,-2.067739,-1.0043721,0.1869904,0.3593514,-0.048313953,0.0475343,-0.16796815,-0.1443666,-0.7173374,0.29243338,-0.20314048,0.1284181,-1.2549417,-1.8253685,-1.2092196,0.27963415,-0.36157644,0.47771487,-0.3103452,-0.27376318,-0.58538586,0.119207844,-1.0864298,0.97355205,-0.81023705,-1.3268793,-1.4601718,-0.9358375,-0.037493296,-1.0064802,-0.8125294,-0.65691316,-1.5186882,-0.09347199,-0.18216051,1.2602851,0.75928783,-1.9273199,0.29410452,-0.9195205,-0.3831872,-1.0738087,0.53556323,0.1611896
-1.3212,-1.1503502,-0.6155843,-0.8788518,-0.42609453,-0.20013599,0.685254,-1.1566854,-1.2968587,-0.36447495,-0.020685783,-0.4441529,0.04695794,0.29328257,0.027378652,-0.14332862,0.025843598,-0.6276373,0.9284077,-0.9656843,0.25404269,-0.04191027,0.15025811,0.6216868,0.0934493,-0.7749763,-0.7202148,-0.548923,0.09034268,0.2724625,-1.078721,-0.8019058,0.3201328,-0.71688914,-0.34337398,-1.8454638,-1.0684887,-0.57826704,-0.38506812,-0.12460287,0.036681842,-0.73278874,-0.3728289,-0.24181709,-1.8070877,-0.36533418,-0.34913427,-0.33325434,0.5438576,0.08937988,0.53117615,-0.7021496,-0.39083767,-0.5388241,0.30866563,-0.3553501,-0.49363825,-1.1434826,-0.66883016,0.18053502,-0.43617025,0.38448134,0.39185107,0.9410072,0.5120349,-0.08447643,0.46935084,0.551867,-0.66493016,-0.8187949,-0.16720857,-0.25531912,-0.2120398,-0.063335575,-0.23667742,-1.4643121,0.08397669,-0.076250166,-0.4554761,0.13055293,-0.2047703,0.38372526,-1.2803035,-1.0688666,-0.86467016,-0.48669976,-0.99955714,-0.8894006,-1.0708207,1.6805964,0.6374879,-0.37233335,-0.40778583,-0.6663011,-0.16698915,-0.39668927,0.24678963,-1.4097182,0.4167174,0.6900884
-0.061141755,-1.7367532,-1.5428808,-0.9723947,-0.97633845,-0.4915141,-0.9142166,-1.1306175,-1.5696107,-1.1097802,-0.561027,0.22075246,-0.70273757,0.0346544,-0.7332522,-0.11808166,0.47553852,-1.0684657,-0.19457607,-1.6686676,-1.2884912,0.15677443,-0.54746234,0.013033761,0.487827,0.23732474,-0.9009538,-0.79594266,-1.4439509,-0.64738876,0.6309039,-1.3768833,-0.8587741,-1.0259683,-0.45482805,-2.384032,-1.7409909,-0.63931686,-0.8530342,-1.0399172,-1.2009106,-0.95048255,-0.31767684,-1.122033,-0.5831904,-1.0108361,-0.5025109,-0.5279584,-1.7985728,-1.591947,-0.32414702,-1.5126845,-0.75960326,-0.33336678,-1.2816241,-1.0561193,-0.5876942,-1.5433685,-0.9623256,-0.69709384,-0.5278149,-0.5687576,-0.36318207,-0.3655869,0.13674295,0.20938137,-0.5832279,-0.32560608,-1.0511253,-1.6516026,-1.3893361,-0.66025895,-0.9576148,-0.43735436,-0.7081098,-0.112800166,-1.2864765,-1.329612,-1.3674822,-0.032374747,-0.515875,-0.7485207,-1.059253,-0.65069604,-1.1587944,-0.6641594,-2.24446,-1.0785524,-2.5735323,-0.26512745,0.08943582,-1.1663706,0.23517363,-1.6956346,-0.6259557,-1.1132163,-1.010592,-0.82671213,-0.98636985,-1.3283825
1.5462089,-0.31446004,0.4932738,-1.0104767,0.007193525,0.23999567,1.1160365,0.17021063,0.22898602,-0.07060593,-0.2606809,0.62578106,0.20960537,0.74594164,0.6385776,1.5601602,0.8539733,1.1013745,1.187839,0.53314245,1.1120431,0.9257078,0.48275974,1.1811645,0.6697287,-0.3764604,0.40969434,0.38863447,0.31031707,-1.059422,0.14860387,0.7323126,0.39979082,0.79951894,1.0390823,-0.8292615,0.26077756,0.10388714,-0.54916996,0.081239425,0.6019019,-0.5714236,0.48574173,0.6800392,-0.34388262,0.42579517,0.8119252,1.0701716,0.5255745,-0.19368634,0.33978233,0.17622998,0.67463523,-0.57329255,-0.047067743,0.107586175,-0.109106004,-0.38207385,0.071673945,0.13664629,0.43504304,0.20402746,-0.606765,0.71773326,0.6630795,0.46265835,0.5273066,1.1279826,0.69282687,0.6169798,0.16722392,0.9368365,0.22571029,0.32222855,0.27336425,0.12229285,0.6653062,0.22926418,-0.8773421,-0.1699432,0.37698042,0.38004923,0.03708972,0.5472906,0.039854605,0.39457646,-0.024340607,0.2485198,-0.10227729,-0.28049442,0.698147,0.89975923,0.14326166,0.16803935,0.48633707,-0.093122244,0.5525305,0.868645,0.36864558,-0.6478035
0.9881075,-0.82788444,-1.3590579,-1.025271,-1.2861222,-0.47776824,-0.8237816,-0.5027445,-0.98202246,-1.0010908,-0.67284644,-0.48905826,-1.0850631,-0.21668766,-0.68993807,-0.6245148,-0.3916582,0.106994696,-0.21870291,-0.17490664,-0.76163733,-0.86488366,-1.401183,0.18860285,-0.36407226,-0.48077425,-0.9775811,-0.6117688,0.15375778,-1.0574415,-0.6659438,-1.0407008,-0.8120231,-0.7591142,-0.5231181,0.09855708,-0.26073313,-0.4325257,-1.0761307,-0.73724943,-0.38318768,-1.4182101,-1.2207348,-1.3551176,-0.79062515,-0.5534295,-0.93947756,-1.2937245,-0.29414114,-0.56805766,-0.20163995,-0.8349694,-0.008325929,-0.9574779,-0.7347122,-0.41256064,-1.3519365,-1.3143092,-1.0359677,-0.9130105,0.15337873,-0.5974478,-0.64266795,-0.36251345,-0.40362582,-0.67906994,0.41844845,0.26683074,-0.40868843,-0.38071033,-0.018116452,-0.9416214,-0.7845412,-1.1766101,-0.4697348,-0.59153575,-0.5763436,-0.6361071,-0.14883143,-0.32116076,-1.2110739,-0.22633244,-0.5433155,-0.19509557,-0.5467079,-0.53996617,-0.19619513,-0.21728313,-0.7325727,-0.35675916,0.04655578,-1.1894778,-1.5089809,-0.58698297,-1.5272924,-1.3654529,-1.1948451,-0.8392009,0.05485027,-0.8852781
0.33099535,-0.3389697,-0.3173746,-0.061351705,-0.529148,-0.37898922,1.5718014,-0.19485857,0.05872327,-0.07237042,0.109910585,0.46178088,0.31651217,0.6319596,0.51659596,0.8907557,0.90969384,0.6473103,0.72208184,0.58469534,0.1771451,1.0078067,0.7443093,0.84291416,0.9848807,0.86839443,0.24336348,0.3074044,0.45887777,0.8299779,0.5316145,1.6353387,1.5827278,0.15414184,0.8781853,-0.2979627,0.1758193,1.8970605,1.1151505,1.0635885,1.4816233,1.9665965,1.8154901,1.1110239,0.8015921,1.1195327,0.6886957,0.924844,1.1803769,0.6229231,0.7495512,-0.3331223,0.19234306,0.5859591,-0.8624306,-1.0858655,-0.27071667,-1.6410781,-0.03953982,0.13978843,0.64181435,0.28354,0.06348135,0.72236645,0.09954492,0.9480621,0.1477081,0.6672141,0.33841294,0.005558648,-0.3373122,0.83426136,-0.12953922,0.64450973,0.1846886,1.2000183,0.21057394,0.6925698,0.79425234,0.9434519,0.42013445,0.3694341,0.71782225,0.48384967,0.11515841,0.6925997,0.5290216,0.08483508,-0.13600746,1.1954787,1.619895,1.028721,0.9445241,0.5968261,1.0941405,0.80120486,0.4553532,0.6985659,-0.38874587,1.4468322
-0.57888615,-1.5235392,-1.2952389,-1.4728911,-0.95596707,-0.73922175,-0.105299324,-2.056573,-1.2436743,-1.1710906,-0.6540554,-0.88109434,-1.0958226,-0.6349578,-0.99474585,-0.58825,-0.55219954,-0.7856157,0.5476182,-0.2442438,-0.88097775,-0.28486177,-0.6369453,-0.5454174,-0.6065119,-0.89885813,-1.0523037,-0.54478145,-0.45608574,-0.14883365,0.20289434,0.23451108,-0.5615799,-0.707744,-0.9471769,-1.6955069,-0.79921865,-0.6738396,-0.59050286,-0.3913661,-0.23518218,-0.8214497,-0.5848234,-1.110989,-1.5645732,-0.6838102,-0.3031193,-0.67124414,0.31380287,-0.035756152,-1.2004526,-2.1097128,-1.4655576,-1.7429826,-1.504175,-0.3655343,-1.9012218,-0.1705037,-1.2631319,-0.95722765,-1.0930548,-0.84276295,-0.3341763,-0.3937348,-0.7355698,-1.6471722,-0.57432604,-0.35210446,-0.8029931,-1.334541,-1.1460006,-0.80112535,-0.7800258,-0.7401358,-0.9151302,-1.0834591,-0.9050615,-0.9518804,-0.6597131,0.13048533,-0.99889123,-0.27521324,-0.93033266,-0.967486,-0.88066363,-0.61019117,-1.5351365,-1.096288,-1.0391767,0.4746738,-0.6400541,-0.95638907,-1.4449399,-2.1713614,-1.2987499,-1.063474,-0.4755799,-1.0527507,-0.15030281,-0.12433119
-1.0117879,-0.8206441,-0.7873675,-0.20836543,-0.47277603,0.6245696,0.5269748,-0.985385,-1.9348623,-0.5899756,-0.23973389,-0.07832214,-0.21872233,-0.04866339,0.6585715,1.7039664,1.2978877,0.5782546,0.40553764,-1.6947626,0.17059451,1.2539953,-0.017414434,1.0080522,0.48711163,-0.22452222,-0.7842667,-0.27226752,-0.6394961,0.265935,0.4061319,-0.1607276,-0.1341748,0.010963749,-0.073950216,-2.3684688,-0.9715678,-1.0766814,-0.60034543,-0.31279793,0.06639107,-0.28088918,-0.022447072,-1.5750793,-2.0769138,-0.29196596,0.7495906,0.24662529,-0.11345966,-0.76239294,1.1275644,-0.095727175,1.354604,0.26754054,-0.1517701,0.45585582,-0.57260275,-1.721638,-0.30222958,0.039014064,0.6589833,-0.18634386,-1.0179977,0.30358395,0.18188755,0.6729584,0.13575496,1.3955821,1.2461042,0.17108475,-0.64740247,0.74751115,-0.4671314,0.14565685,0.3091404,-0.6338986,0.08691997,0.37997285,-0.5472853,0.10476443,0.412432,0.12184739,-1.544227,-0.48395658,-0.4687703,0.53526235,-0.6418047,-0.25083447,-1.2916685,-0.190399,0.57694614,-0.2917997,-0.6776446,-0.26421645,-0.20426148,-1.3090229,0.37170392,-0.15358849,0.6210101,-0.52901196
-0.1626294,-0.55037147,-0.51828086,-1.1352332,-1.2276611,-1.54351,-0.8607344,-1.7159027,-1.4009091,-0.80454427,-0.7245578,-0.893931,-0.98787546,-0.7138487,-1.4824029,-0.29744342,-1.1175307,-1.4491411,-1.7641069,-1.0718883,-0.9747299,-0.5265093,-1.1455622,-0.8854443,-0.88438696,-0.5748699,-0.59966403,-0.35603207,-0.5226595,-1.8894117,-1.6119857,-0.9894299,-0.08348476,-0.98638433,-0.42986998,-1.6155726,-1.0746974,-0.75119346,-0.9498056,-0.87940675,-0.7141217,-2.2035952,0.17734091,-0.37870014,-0.31902862,-0.08264897,-0.11561265,0.28802156,0.33485642,-0.47782022,-0.6315862,-1.0875375,-0.6053982,-1.0149136,-1.7468377,-1.2491112,-1.2069759,-1.9297775,-0.9200771,-0.44128725,-1.0023797,-1.1049663,-1.0577244,-0.9099321,-0.291073,-0.8294698,-0.5864665,-1.2938526,-0.22732456,-1.0330569,-0.4968675,-0.6401446,-1.3652426,-0.9850504,-0.37450385,-0.69207174,-0.7289277,-1.2097723,-1.8666604,-1.0562104,-0.8645447,-0.37659854,-0.589317,-0.45200872,-1.0573424,-0.48533565,-0.88223094,-0.6797339,-1.5194584,-0.72344023,-0.3774545,-1.7129635,-1.673279,-1.0408024,-0.77252644,-0.6006585,-0.59349966,0.024967382,-1.8102,-0.49199888
-1.4014782,0.97477525,0.3923418,-0.16345689,0.789788,-0.61012506,0.6018616,0.1978669,-0.11282912,-0.22392227,-0.53573364,0.0077392394,-0.021417707,-0.034655806,-0.32828763,0.34424695,0.5454255,0.3091123,0.6006662,-0.26154014,0.06485293,0.1176468,0.6657845,-0.06750059,-0.30290222,-0.3354035,0.037220024,0.33613363,-0.12173323,0.92556417,0.79072636,1.799686,0.83866525,0.61469036,0.14445557,-0.32313234,0.46969786,-0.8392358,-0.06998795,-0.72001785,-0.050703086,-0.22639133,0.22330451,0.038100794,1.9745883,0.46576878,1.0235232,0.2710332,-0.6192772,-0.12924622,0.76368684,-0.14950928,0.02308475,-0.14866766,-0.6827484,0.6241851,-0.78297806,-0.8449265,0.10238698,-0.6055705,-0.38063535,0.041231107,0.32582974,-0.2054755,-0.07232075,-0.075861566,-0.1604852,0.18106799,0.79758316,0.028956676,-0.3298072,0.5039059,0.78362125,-0.10709139,0.27943394,0.36079758,-0.24881929,0.32512605,-0.69262576,0.49197644,0.029421223,0.6913436,0.4727665,0.6459637,0.015694158,1.1662735,0.82951593,0.31425837,0.37327424,-0.3851611,-0.064856805,-0.16290492,-0.105730474,1.4858747,-0.5425146,-0.3377951,1.279681,-0.1647592,-0.16435064,0.29895002
-0.03677549,-0.39898446,-0.15209067,-1.2841021,-1.4924341,-0.83406615,-0.6953507,-0.57015693,-1.259118,-0.58694655,0.33486974,-0.714242,1.5422808,-0.36984313,-0.75844413,-0.26470596,-0.32708615,-0.6658978,-0.79287535,0.25420302,-0.25183195,-0.7005958,-0.5137824,-0.8356821,0.2317702,-0.70897114,0.32903412,-0.042319555,0.42288935,0.06282399,0.74666494,2.0848641,-0.761168,0.11353081,-0.57366085,0.81193036,0.2742066,-1.4139552,-0.7297034,-0.64343435,-0.16365255,-0.42957878,-0.64446914,-0.14187756,1.4527864,-0.35389188,-0.60411084,-0.3127153,-0.062927924,0.49883157,-0.85412997,-0.23982687,-0.52466184,-1.1447555,-1.8668667,-1.097644,0.0037707845,-0.34605214,-0.6122924,-0.640885,0.22837259,1.6093688,-0.16073832,-0.5135955,-0.1401767,-0.1278392,-0.20195173,-0.0017801914,-0.46135867,-0.055460785,0.005921425,-0.26792952,-0.5956464,-0.01609592,-0.4851069,-0.12566283,-0.7365974,0.14902961,-0.70389193,0.96719474,0.415726,-0.44532675,-0.014197227,-0.30890027,0.6509028,-0.22852273,-0.23202436,0.28815287,0.24580586,-0.27466065,-1.003927,-0.37954816,-0.46072385,-0.03225046,-0.7701707,-0.8401008,-0.5711332,0.9105777,0.007954776,0.1802553
0.57142633,-0.034200374,-0.36821985,-0.32351935,-0.8375188,0.33830667,0.7998472,-0.18962747,-0.03583644,0.117429554,0.20963262,0.62815994,0.83240193,0.24341641,0.8314718,0.6655962,0.93103963,0.8729508,0.5985055,1.7275085,1.2939314,0.52315736,0.25039876,0.46332982,0.44905442,0.54922223,0.44793752,0.3645561,0.66968673,0.33724636,0.78238046,0.52993214,0.35325536,0.36825582,0.2600966,0.43924463,0.552493,0.20396523,-0.11469462,0.48545077,0.44524613,0.88778436,0.5031317,0.77004117,1.56453,0.19084863,0.89541805,0.204799,0.6481712,0.6191586,1.069404,0.08387979,0.077201456,-0.64258724,-0.8844171,-0.110362686,-0.20955214,-0.6625373,0.29196733,0.27724972,1.1762047,1.1993155,1.1410052,0.5092842,0.85851574,-0.0015258754,0.76175916,0.8784551,0.49593338,0.5036222,1.3148885,0.49081436,0.6461776,1.077509,1.0017713,1.1042645,1.0310224,0.98315203,1.5025966,1.6175997,1.0678892,0.4724825,0.62009037,0.7015721,0.7482679,0.72615385,0.572699,0.67287856,0.7431691,0.46460548,0.5161906,0.6611418,0.6548297,0.754898,1.1744229,0.37003234,0.64593303,0.59123236,0.43889812,0.44328985
0.55130196,-0.9872442,-0.8905517,-1.0920993,-0.11548519,-0.73982954,-0.7734249,-1.759453,-0.6135861,-1.7215348,-2.1807234,-0.30247426,-1.6834916,-0.7044999,-0.52938473,0.45360246,0.11124888,0.2451425,-0.6133749,-0.39665595,-0.21041128,0.45475528,0.1846181,0.29102895,0.34482074,0.5022565,-0.2132893,0.09929768,-0.1620182,-0.57778144,-0.025205048,-0.25489673,0.06194138,-0.2758761,0.48802066,-0.47854167,-0.48417628,-1.0834593,-1.0265458,-1.1412543,0.08401752,0.63134164,0.5212539,-0.15532261,0.67767954,0.029027654,-0.11233575,-1.2196779,-0.26113486,-0.6437379,0.18020198,-0.76035005,-1.1907331,-0.947833,-0.32766,-1.2598878,-0.72034746,-1.0568321,-0.9663914,-1.616653,-0.47552562,-1.4886483,-1.0646386,-0.7785043,0.00095178816,-0.82053554,0.28518248,-0.38648406,-0.17439668,-0.87780684,-0.6805419,0.29830962,-0.48894325,0.47776973,-0.105641246,0.7788993,-0.6492648,-0.5402905,-0.30352125,0.2709294,0.32771438,0.5177606,0.8660778,1.0432118,-0.13235739,0.5334173,-0.13148324,-0.17143951,-0.81073684,0.46618754,0.2090983,-1.5534003,0.25082096,0.9898553,0.5733484,0.33124974,0.90884906,0.22533184,-1.0390233,-0.09178584
0.35364807,-1.5176487,-0.15596335,-0.7335265,-0.06880271,-0.31195104,0.0761238,-0.6420167,-0.13116524,-0.35170853,0.010608821,-0.17245251,-0.79373324,0.12300071,0.4985582,-0.0121187065,-0.095974065,-0.27597928,0.11036286,-0.100451134,-0.7041805,0.9078234,-0.10324096,-0.6710968,0.75937897,0.5223131,0.33309302,0.6434687,-0.46692288,0.65715516,0.16505226,0.32264364,1.1708957,0.42651418,0.13114332,0.63775975,1.3139869,1.2640069,0.8366276,-0.33734626,1.3382326,0.6326776,1.447035,0.9898103,0.7061239,1.157659,0.6351371,0.29547334,0.811435,1.816107,-0.8289633,-0.3948811,-0.611451,-0.36586797,-1.6988958,-1.7618072,0.53315085,-0.9894464,-0.33362553,-0.4458712,-0.074413724,-0.46046838,-0.57610816,-0.18691221,0.21284272,0.31531188,-0.85116357,0.33014107,-0.26560685,-0.4538166,-0.9999486,0.40685552,-0.23433957,0.59354854,-0.62693286,0.3063042,-0.26018134,0.123017274,-0.65249395,0.31945908,-0.6487025,0.8393992,0.60116506,0.2799612,-0.028941827,0.5745563,0.77907425,0.10632612,0.54644585,1.9083565,1.8587885,0.15110944,0.8534368,0.08458111,0.24937607,0.5181141,1.2908182,0.32829756,0.4118067,2.0553062
-0.96355635,-1.7732809,-1.7759658,-1.9399214,-1.7508959,-0.8767671,-1.1914266,-0.75032157,-1.0373852,-1.2131193,-1.4407552,-1.8911937,-1.6079372,-0.34481028,-0.51647216,-1.7835963,-1.5656414,-1.1242944,0.066962935,-0.91689396,-0.21229285,-0.94372463,-0.91908586,-1.5825285,-1.2280891,-1.298531,-0.94461143,-1.2190186,-1.2992924,-0.27405524,-0.9208742,-0.49814445,0.5222754,-1.0763546,-0.765812,-0.080254324,-0.51309997,0.3945551,-0.14897263,-0.9364661,0.32821587,-0.76134366,-0.026362045,-0.21333054,-0.04974353,0.091878824,-0.73693377,0.27515382,-0.7748732,1.0030867,-0.98486,-1.8943802,-2.0709932,-2.0457294,-1.5251951,-1.6661868,-2.1529343,-1.3976203,-0.9801584,-0.53624,-1.1292052,-1.3918668,-1.1386231,-0.2936663,-0.7423825,-1.6455357,-1.1935986,-1.2109996,-0.68224174,-0.7060264,-1.0213313,-0.73173743,-1.2859344,-1.4034379,-1.2058082,-1.2858423,-0.7614244,-1.6071755,-0.11708619,-0.12733218,-1.7190009,0.052634884,-0.28584933,-0.6918623,-0.98774457,-0.9520626,-1.235331,-1.0708326,-0.56328225,0.23235965,0.03299517,-0.94812554,-0.8996376,-0.63392425,-0.6895025,0.24683806,-0.7428949,-0.4293784,-0.42932233,0.5340211
0.46785772,0.029873468,-0.13110343,-0.033433266,-0.4701816,-0.8662101,0.10158156,-0.42567423,0.23937684,0.7796466,0.2184124,0.8389223,-0.33868057,1.8017496,0.1426727,0.11511986,0.43254724,0.8882566,1.6842065,1.0042334,1.9645933,-0.24080591,0.03073578,0.7018527,-0.032798648,-0.7736761,-0.013374948,0.11149159,0.06873559,-0.4705902,0.006998445,0.9372653,-0.32467613,0.39662784,-0.48086745,0.8129983,0.48501372,1.5752864,0.2138621,-0.2910832,0.62771314,-0.32498607,-0.34283447,0.60371023,-0.37995923,-0.011556207,-0.8646123,0.019139433,0.03692936,0.8775493,1.1907185,-0.31971562,-0.597514,-0.026146833,-0.43332103,0.55328363,-0.6412451,-0.7292294,0.36553466,0.71392006,0.34267014,-0.073640354,-0.09599777,1.7399559,1.5203902,1.0018797,0.22621486,0.46472207,0.1864334,0.44518733,2.0136094,-0.3432912,0.5261944,0.20012991,0.5849378,-0.9249038,0.95202214,0.10708008,0.12728766,0.4546895,0.5224249,0.7542565,-1.0980213,-0.7408629,0.2793787,-0.29454497,0.24883541,-0.02282228,1.1824961,1.5646842,0.50018764,0.3478436,-0.039499104,0.016856033,-1.8236771,-0.04413054,-0.2914168,0.46897182,0.54850405,0.7898625
-0.9885052,-0.9120951,-0.1479602,-0.95640665,-0.6458266,-0.64938986,-0.26959598,-0.09254714,0.24021815,-0.7805881,-0.505895,-0.6132719,-0.88062316,-0.96121204,-1.1497067,-0.09193522,-0.37028325,-0.024814494,-0.18836704,0.23122782,-0.3748467,-0.31210536,0.050458558,0.20654225,-0.45882702,0.09687443,0.111395545,0.4017866,0.23649456,0.63585967,-0.33578652,0.37740985,-1.076387,0.063636,-0.14685082,0.79292107,0.3434686,-0.81674194,0.08739755,-0.22044468,0.020533286,1.0784653,-0.050226305,-0.35882637,-0.16406347,0.13724083,-0.2526481,-0.41854006,-0.6559105,-0.5302983,-0.29601842,-0.31305838,-0.879855,-0.44764745,-1.074027,-0.1428758,-0.58551145,-0.8999704,-0.6315075,-0.5649426,-0.15860096,-0.6116268,-0.87400985,-1.105802,-0.124257,-0.48871782,0.20952871,0.0762477,0.029775636,0.27962857,0.5024732,0.06046028,0.44852722,0.38296166,0.291003,0.91202074,0.06607871,0.25190535,-0.07468177,-0.52903795,0.9054409,0.36785677,0.87419236,0.8084999,0.87667483,0.5279614,0.03504293,0.64345306,0.277429,-0.2747416,-1.3480656,-0.75024533,0.006037079,0.13214031,0.74969363,-0.788472,0.41535586,0.4187801,-1.2067573,-0.44887674
-1.1991905,-0.20283633,-0.07047449,-0.3365156,-0.34850302,0.10485075,0.30699584,-0.70157295,0.27553293,0.37173888,0.06490152,0.14312144,1.4205735,0.0031054083,0.41773048,0.6872373,0.87048924,0.44122845,0.6750357,1.2765836,-0.27552727,1.2183762,0.5215527,1.1758374,0.72328305,0.9784849,0.9424102,1.0100496,0.48382083,1.2434723,-0.50398713,0.23021862,0.4560976,0.389793,0.64701015,-0.32612807,0.41565436,-0.02795713,0.030067548,-0.070999585,0.47789606,-0.1654786,0.09407276,0.66261935,1.5115938,0.26981702,0.50722647,0.69781965,1.3374318,-0.077297434,1.4447665,0.31429797,0.28251362,-0.31964856,0.59943354,0.65506685,0.35642025,-0.18862978,0.5424022,0.6296312,1.1799608,1.9140513,1.6845981,0.66612655,0.5804617,0.29098693,1.0764332,0.63937056,1.0261341,0.08372844,0.8591306,1.4246352,1.1062943,0.9115006,1.0713263,0.97884864,1.0374987,0.7978988,0.9628124,1.603285,1.4950175,0.8197182,1.3739309,1.0939754,1.2360688,1.1216725,0.39059654,0.6614645,0.054757454,0.8158221,0.9602621,0.2770837,0.18480273,1.2473507,0.9214091,0.45114273,1.0620625,1.2022442,0.5285468,0.1783478
-0.5947517,-1.3049424,-0.27231753,-0.90942335,1.0917132,-0.23177353,-0.66416675,-0.24940792,0.29290867,-0.9192629,-0.4002803,-0.01767038,-0.4341814,-0.19221085,-0.3778986,-0.38239735,-0.19149587,-0.23313512,-0.056579527,0.30819502,-0.615196,0.007861685,0.25596398,-1.0878462,-0.48836127,0.9132854,-0.060109343,-0.075581044,-0.49740735,0.2779271,1.0287037,-0.3306751,0.17692754,-0.25087267,0.30147246,0.19806406,-0.5207529,-0.0027986693,-1.0289625,0.011087915,0.28950647,-0.48517144,-0.039555527,-0.17445417,0.7856234,-0.35813987,0.25879636,0.4883736,0.63276017,-0.49626157,-1.3068987,-0.34196636,-0.70609313,-0.50514394,-0.92851436,-0.7588824,0.035948098,-0.20169282,-0.92996913,-0.896419,-0.3474905,-0.2359065,-0.3267544,-0.86008936,-0.08480316,0.1755647,-0.016107762,-0.68034905,0.6549163,0.08989764,0.05035552,0.35998118,-0.37691104,0.102838814,-0.13898723,0.26319045,-0.4249485,-0.40928024,0.6322326,-0.4131031,0.3448696,0.34435105,0.7911211,0.9374837,0.1827217,0.7309831,0.3967702,0.040717453,0.030542605,-0.47483152,-0.993105,-0.8120824,-0.33350492,0.94067436,0.09853984,-0.39986464,-0.05761098,-0.4557474,-0.1256006,-1.0612539
0.07990511,-1.2135022,-0.7580425,-0.5863263,0.5861409,0.58933395,1.5201023,-0.650322,-0.32204515,-0.40370378,0.11767641,0.8543881,0.2618825,0.5263101,0.3572967,1.3851675,1.442694,0.25376603,1.0231448,-0.6102545,-0.12612891,1.4390119,0.7101151,0.8361726,1.2191103,0.59769446,-0.02653878,-0.16383626,0.88394755,0.30202657,0.6177477,-0.069760524,0.92526203,0.7538032,1.0945066,-0.55488575,0.3995931,0.4189375,0.3275371,0.9019479,1.8161806,1.629317,1.3745598,0.5535126,0.0932305,1.0347307,1.6622227,0.8818117,0.56552714,1.5448099,0.13197693,-0.5817202,0.4304958,-0.4337747,-1.3231983,-0.9334594,-0.02168632,-0.2514704,0.036816586,0.20352241,0.48258063,0.20146124,-0.16628365,0.021415198,0.16008104,-0.40231213,0.4963761,0.81809354,0.14500125,0.5424316,-0.40008557,0.92005765,0.12319648,1.1337266,0.07444311,0.36161396,0.3281368,-0.055441137,0.30674946,1.1698053,0.44425833,0.8521586,0.07577204,0.46073014,0.24488775,0.56706166,-0.13433428,-0.632195,-0.43032146,1.6869503,0.9573087,0.55820537,0.7840488,0.68452305,1.4065026,0.78735584,1.2892123,0.18985018,-0.41287288,1.6738452
-0.4492226,-1.0762928,-0.9076116,-1.1685537,-0.50112873,-0.44815668,-1.3969617,-0.778342,-0.47551847,-0.699453,-0.9802422,-0.42555428,-0.3052204,-0.3728373,-0.7803236,0.033103146,-0.14647295,-0.4785565,-1.4352515,-0.9955635,-0.72948277,-0.09370441,-0.9524232,-0.7253242,-0.87545234,-0.65432656,-0.4882431,-0.6678708,-1.5948248,-0.9976368,-0.25105074,-0.8804503,0.73315096,-0.79252607,-0.11556337,-1.305167,-0.96516037,-1.1680133,-0.8946714,-1.4087446,-0.35552573,-0.5954757,0.3081609,-1.2177244,-0.8310513,-0.34265187,0.37632266,-0.43896195,0.75095,-0.42783958,-1.8563098,-0.7412474,-0.6086908,-1.070757,-0.7464057,-0.58768195,-0.71993035,-0.5856029,-0.53499997,-0.5141442,-0.70439184,-0.62516636,-0.81540734,-0.55572045,-0.3601177,-0.6857035,-0.14359204,-0.50897944,-0.44532728,-0.9923711,-0.7072543,-0.20895995,-0.7894255,-1.2287911,-0.70661485,-0.5097992,-0.7071899,-0.6920888,-1.3540105,-0.7951755,-1.2181741,-0.25207803,-0.3271096,-0.26889697,-0.6442117,-0.34831515,-0.9038136,-0.5898659,-0.875123,-0.55656105,-0.27864257,-1.223146,-0.96080303,-1.095183,-0.3723015,-0.6609423,-0.8032198,-0.8852181,-0.44886097,-0.6148956
1.1625817,0.5512103,-0.18406235,0.07130843,0.07675283,-1.583253,-0.17096885,1.0724016,-0.061528113,0.39488307,0.4102699,1.0305877,0.08843304,-0.119112365,0.83128786,0.5182139,0.7169483,1.0133705,1.214781,1.583564,1.4426092,-0.079835095,0.30034757,0.9053981,0.62579024,0.33349088,-0.12134678,-0.21956614,0.37854287,0.16846022,0.8085114,-0.034505785,-1.1612939,0.5150926,-0.11689736,0.3043184,0.5607477,0.47819665,-0.39628628,-0.8256412,-0.23949578,0.6068352,-0.25561017,0.013616752,0.378584,-0.16529268,-0.11137422,-0.17801155,0.36063126,-0.31007263,1.572042,0.8195935,0.5086586,0.66767013,-0.563345,0.8124749,-0.063467465,-0.0871661,0.28091383,0.42361206,0.8126925,0.33851957,0.59606576,0.7409511,0.8323765,1.9091756,1.2691896,0.8603619,0.92332786,1.3148785,1.8125979,0.18199645,1.5868225,-0.11457501,1.2718475,0.6461821,1.2062683,1.0299686,1.3237875,0.5755678,0.75459075,1.0288019,0.45477304,0.3971441,0.77248096,0.66882163,0.013699872,0.26290163,0.81257194,0.06441217,0.27204433,0.009164725,-0.6769006,0.54264045,-0.35598058,0.21675538,0.13678148,0.25736055,1.4957169,-0.25594315
0.90223604,0.7697427,-0.0985676,0.2854243,-0.19009617,-0.7805471,-1.5814002,0.68593675,-0.6186167,0.06688561,-0.545584,-0.99349743,-0.6938977,-0.5563213,0.31658244,-0.5358044,-0.01986667,-0.53484905,-0.11979602,0.23579739,-0.51078194,-1.0631353,-0.41500056,-0.42231923,-0.5323224,-0.24080868,-0.14099252,0.5253139,0.31621265,-1.0227095,-0.66586226,-0.44385955,-1.1571245,-0.6646432,-0.77838635,0.039814487,-0.54982686,-1.9943764,-1.2767512,-0.979471,-1.0634061,-1.137576,-1.4541197,-1.4087957,-0.19853872,-0.8800857,-1.1483406,-0.515683,-0.9097812,-1.0991858,-0.8216886,-0.023241354,-0.628892,0.10173849,-0.04478703,-0.52013606,-0.96802944,0.669737,0.12071926,-0.22029363,0.15731777,-0.8128512,-0.15423104,-0.62390834,0.114035025,0.16124116,-0.5309079,-0.66260433,0.14087465,-0.033931024,0.78655887,-0.5772499,-0.025148725,-0.0885478,0.8211523,-0.27161875,0.5987672,0.2549354,-0.773933,-1.241299,0.41609687,-0.93046,0.36208272,-0.052845545,0.44529805,-0.10971925,0.32044798,0.37103507,0.02825754,-0.9318311,-2.0874999,-0.95494324,-0.9574008,0.21464746,-0.5574008,-0.5543487,-0.8251001,0.75304395,-1.0665263,-1.0184612
0.95293504,0.25460714,-0.15492606,-0.3588914,-0.36912754,-0.7436087,0.71332735,-0.8122188,0.037245415,0.5744524,0.23757122,0.835887,0.65254587,0.3008705,-0.22578995,0.5924713,0.6102436,1.2089688,0.29464325,1.911701,0.88465786,0.557283,0.89332575,1.3313826,0.76056665,-0.06525612,0.8932609,0.2341023,0.6593502,0.5129026,0.8977191,0.48246682,0.44154093,1.5880172,0.539676,1.0844226,0.83156455,0.1290125,0.2109837,0.5149321,0.8267389,0.3461031,0.34486735,0.9947547,0.90316,0.64958507,0.31003517,0.79168814,1.2778544,1.0003283,0.22584443,-0.3163583,0.46152344,-0.11304962,-0.12241869,-0.13575938,0.20825192,-0.660472,1.5885488,0.29966018,1.0074878,1.0368694,0.7165205,0.8176489,1.2461634,0.46647668,1.3971848,0.9576848,1.3237481,1.7211128,1.3865774,1.0544913,0.8798765,1.5040557,1.2949516,1.4987817,1.35617,0.49310783,1.2826906,1.1834717,1.0998267,1.7755853,1.5662737,0.8985497,1.1843493,1.6793683,0.8689645,0.3834497,1.7913785,1.2246237,1.9265832,1.1970925,1.2274555,1.5517806,0.9295706,1.2467917,0.56797,1.6241642,1.1455466,1.0615382
1.9164424,-0.33132166,0.018060729,-0.10611108,-0.5631325,-0.02307251,1.3775797,1.3856014,2.1650352,1.2639246,1.5475235,1.2385426,1.3789283,1.6617068,1.484607,0.015435545,1.7440994,2.2213886,1.6145573,2.865847,1.2568288,2.132481,2.4090765,2.1720674,1.3597153,1.8824694,3.9483626,3.5789158,2.3656852,1.0687426,1.0174043,-1.0026644,1.9094677,2.2606213,3.266807,2.7131984,3.0544076,-1.3623346,-1.4712094,0.13402157,3.5157626,1.1257788,0.9089729,3.8556917,2.5387166,2.7705376,2.4059923,3.2292259,2.4571867,2.6561525,-0.777019,0.05684893,0.7860387,0.31936595,0.12870364,0.4500154,1.0907718,1.1459199,2.277781,2.7458851,3.0261097,1.1466701,1.7931138,1.1202313,1.8709933,1.1883137,3.2230725,1.4129236,2.2496448,0.75346416,0.7343395,2.8486497,1.5659047,2.8949997,2.7552552,3.009121,1.9405138,2.710194,3.11147,1.6101269,3.5834506,3.4683135,4.017266,4.2580414,4.090467,2.8439412,3.135387,3.8974009,2.9640346,4.126327,2.1315835,-0.43927923,1.2246971,2.0919335,3.2264915,4.3026795,3.9051497,4.2349234,2.340081,3.380164
-0.122712485,1.9305598,2.5995173,2.8370297,2.7553205,3.3970237,0.49746385,2.752474,3.1740358,0.66026294,0.557982,0.33658665,1.3362213,1.847492,1.4564841,0.7384412,1.1139201,1.8033533,0.37104577,0.9954806,0.60644484,1.3591756,1.8317535,-0.054231007,-0.69923484,0.8215056,1.6755173,2.6943724,1.6070687,1.6281775,0.7349184,0.8466362,1.9929398,1.9482555,1.65117,2.1109273,2.1738095,-1.5344453,-0.052201394,-0.027638547,0.92564136,0.6026495,0.056874774,1.4938226,0.5431137,2.1739314,1.8218383,1.8902465,1.7872369,1.4269333,-0.6705383,2.5463767,2.2363892,2.2084486,3.7184427,2.1644943,3.255973,3.7602375,0.8150349,1.3895477,1.0251132,0.8721476,1.4523132,1.6205119,1.4582686,1.0542843,1.1810411,1.4028485,1.7945586,1.7364233,0.32904118,1.5095683,0.97605133,0.6671783,1.1046788,0.70056987,1.1525933,1.8913753,0.6474429,-0.4663014,1.1252227,1.3635828,0.9638759,2.0698364,1.7694951,0.9085838,2.2981172,2.3938174,1.4514542,0.28640378,-0.5377567,-1.0654644,-0.19694433,0.24383779,1.1908216,0.94852304,2.1647065,1.0879486,1.1220663,1.5948015
-0.19664094,1.5703174,1.1795925,1.8982799,1.6737896,0.3710995,-0.17866896,0.8627277,-0.3204497,-0.77232975,0.1444897,0.83744246,1.4344848,0.43819094,-0.58087695,0.9292151,0.7666344,0.07087192,-0.14700007,-1.2926823,-1.1008563,0.23028457,-0.45155746,-0.40424836,-0.3672154,0.47641,-0.19461516,-0.5803523,-1.5061768,-0.8555593,-0.49555904,-1.090884,-0.45053786,-0.80075,0.13279939,-1.262168,-1.0400342,0.25610122,0.5534198,-0.26267424,-1.1124344,-0.7568132,0.32668164,-0.40727913,0.70909005,0.4715568,-0.28607458,0.49153367,-0.27041155,-1.295295,-0.40447903,1.2092538,0.9782689,1.3431594,1.5147042,-0.16277063,0.06359163,-0.14468105,-1.2972498,-0.39512935,-0.28628922,0.9999049,0.97249854,0.23290718,0.3138813,0.06289228,-0.7680749,0.253101,0.34976617,0.40186852,-0.6066255,-0.31629407,-0.39731866,-2.238103,-0.5655218,-1.3087276,-1.0648297,-1.1956496,-0.3862773,-2.198209,-0.75793684,-0.7635451,0.30250433,-0.08252088,-0.87259036,0.28910276,-0.76371926,-0.6650423,-1.8415129,-1.7531973,-1.669217,-1.911416,-1.5189416,-0.52855134,-0.7853193,0.11388248,-0.5969079,-0.75405896,-0.7896622,-1.9577504
-2.2422633,-2.4570396,-1.8896089,-2.6399515,-2.1774898,-1.2723765,-1.8872166,-2.972459,-2.022762,-1.4864662,-2.4239056,-2.7002678,-3.7290504,-1.1352879,-1.4289112,-2.9626224,-2.789988,-1.7330698,-0.71129686,0.2467876,0.814938,-2.794875,-2.0369158,-1.8018205,-2.3857691,-3.72344,-2.610564,-1.418576,-1.1082811,-0.32850215,-2.5637333,0.35522318,-0.89265054,-1.2344357,-2.6204135,-0.59012616,-1.4622383,-0.09166733,-1.1779305,-1.6581365,-1.6677105,-1.4478565,-2.225194,-0.87555665,-2.7437248,-2.5000973,-2.0858533,-2.49981,-0.4882705,0.70120287,-0.9758454,-2.1991649,-2.132718,-2.5315907,-2.15089,-0.93055665,-1.0365491,-1.6987427,-1.3900316,-2.0360541,-2.4253051,-2.6775198,-3.0467045,-0.22674891,-0.81455994,-1.8663933,-0.92204124,-1.2716221,-1.9248111,-1.3085703,0.5207007,-2.3216937,-1.5364954,-0.9948679,-1.8294268,-2.0532553,-1.0166785,-1.7698749,-1.4067672,2.0330398,-2.3128235,-0.73942584,-2.5511923,-2.4962697,-2.1576145,-2.6553419,-1.8630066,-2.1083052,0.28971934,1.1872133,0.94511193,0.5412787,-1.0287106,-1.2628002,-2.0947428,-1.6869608,-1.8766525,-1.5224432,-1.1776923,0.99328977
-0.45143077,-0.051036146,0.27955136,1.2572224,1.9855597,2.624615,3.2230144,1.0634285,1.8509729,2.424349,2.6837103,2.4027069,1.9722879,2.866053,3.7194633,1.184946,1.1039095,-1.8097874,1.3286862,-1.6422734,0.10420897,2.784589,2.4799767,0.9722354,2.852927,3.5913486,1.50574,1.8193426,1.0130521,3.0137897,-0.38305128,-0.3906956,2.6833203,0.19514416,2.1190672,-2.39688,0.36673975,2.5211546,2.7379184,3.553247,-0.11600261,2.7498467,2.8606641,2.14553,-0.23352236,2.6580904,2.6485043,1.3263342,0.74055785,-0.9173047,1.4160308,-0.26429075,1.0860622,1.804088,2.2800817,1.4128233,-0.823299,-0.5057168,2.471721,2.795988,1.2036946,2.2292213,2.6302416,2.1052644,1.0757061,2.5876591,-2.3324049,1.2328004,0.23274472,-2.9924955,-2.210315,2.416859,1.3077775,1.273427,-0.310991,2.6717997,0.08008496,1.1026094,1.5422728,1.6465217,-0.12663707,-2.413429,1.5728543,1.1647061,-0.42434603,2.139318,0.6472361,1.4386574,-2.4877388,-1.5137794,3.0852697,2.6249087,3.0432663,1.5714617,3.177332,2.3844085,2.2372859,0.21149495,-0.57039773,-0.8614824
4.828308,2.6030917,3.357279,2.23169,1.7202874,2.1177413,5.739789,4.8015933,3.986832,7.5119195,6.7681828,6.0322475,4.4726715,4.073116,6.685748,4.524027,5.183063,3.8716576,5.5368195,3.179378,4.9037395,4.456486,4.776019,6.21737,6.0425253,3.808778,4.1909933,4.263117,6.509695,3.46903,2.4147341,3.416815,3.143375,5.194048,3.509046,3.017482,4.943174,4.5011134,3.152634,6.7823076,4.206395,2.9101746,1.2866447,3.032113,-0.25374392,3.065083,3.496185,3.3588386,1.2994059,3.2503328,5.553801,3.079129,3.9766102,2.8354425,1.472633,5.4227843,2.2636914,2.4794362,7.269134,6.596791,5.756349,4.839489,4.366445,3.8562324,2.6496189,5.7974424,2.832658,5.0107217,3.6444178,2.8010025,3.7135098,5.1071663,5.7360954,6.6486983,5.526287,4.0540767,5.820491,5.6141944,3.3999562,4.7546473,4.626768,2.293379,0.00031440795,1.7997977,3.1948264,3.7736063,5.8646903,4.328875,4.6105204,1.8858659,4.8766317,4.3862314,5.255793,0.6573497,2.8665757,1.8888971,3.470729,3.5803668,5.403102,3.9133246
1.4566976,1.5526186,2.2797854,0.63555074,0.028764164,0.95572835,2.0582087,1.8323765,1.5550071,2.1307256,2.1686738,1.7678483,1.2948388,1.3444035,1.9167385,1.5451392,1.3938278,1.3099992,2.3040414,1.3733664,3.0055933,0.9612899,1.4647424,2.0041153,1.7813957,0.27099735,0.61708117,0.73679125,2.2256813,1.8227321,0.3424086,2.9051313,0.8152663,0.77252895,0.12755108,0.15923451,1.2754602,2.3675175,2.3900902,2.3249717,1.4734193,1.3981442,1.0967823,0.91754436,-0.47915208,0.74249333,0.73755467,0.60352606,0.2676805,1.3810468,2.2836387,1.7153935,1.2392576,0.6805244,0.4592843,1.9639388,1.8606226,1.3042405,1.7424139,1.7817464,1.1935306,1.3113548,1.0993328,1.8356782,1.2880156,1.7959298,1.3777944,1.6421835,0.54295385,1.5919652,2.4266088,0.58743536,1.829603,2.212482,1.5913471,0.41082892,2.5648916,1.597542,0.13035722,2.4082096,1.0393736,0.30220214,-1.1253788,-0.84955513,0.3817308,-0.1400836,0.91173935,0.2981702,1.5861502,1.4230053,1.383992,2.5806756,2.040982,0.124740444,0.5979438,-0.0812875,0.59814924,0.07539913,1.1363592,1.4555925
-0.028315049,-0.7035377,-1.3471482,-0.06014073,0.60962826,-0.16255252,-1.8268406,-1.8748868,-0.5130223,-1.4259223,-1.8994491,-1.9026185,-2.500334,-2.500241,-2.592717,-1.0074285,-1.8922393,-0.58359414,-2.5874612,-1.3855762,-2.7124884,-1.1003604,-1.3243828,-1.9725474,-1.3156598,0.33751184,-0.78575045,-1.1257976,-2.429629,-1.5943773,-0.18477951,-0.84472746,-0.14123566,0.114107184,0.06934912,0.03604379,-0.8229452,-1.1395187,-0.74700004,-2.1077447,-1.319654,0.15624738,0.09480538,-0.92970824,-0.35074785,-1.5625412,-0.74938303,-1.3038954,-0.6950166,-1.2179832,-0.76439184,-0.7804249,-0.8052232,0.4959792,0.47200975,-0.47614655,0.016302431,0.7849294,-1.1703295,-1.6024585,-1.9954174,-2.9915802,-2.3500164,-2.452775,-2.2871895,-2.5148504,0.2724156,-2.47341,-1.1134444,-0.8723122,-1.7821862,-1.0640662,-1.8107449,-0.4660516,-1.824586,0.65437514,-2.4691315,-2.2650359,-0.67128193,-1.8566053,-0.37630364,-0.014645125,0.90428555,0.7357778,-0.7042017,-1.0807408,-0.7921041,-0.57750475,-0.61255056,-0.5669388,0.23057733,-1.1097224,0.30740896,0.022175474,-0.050008297,0.3199071,-0.7501956,-0.5866053,1.2812876,-0.8235129
0.9278036,-0.6361066,0.2717545,-0.35505426,-0.83825606,0.16458486,0.09093194,-0.34470657,-0.26001486,0.023707036,-0.5370209,-0.64322436,-0.6287853,0.22987267,0.26430517,1.5728177,0.5877189,1.4993721,0.31851223,0.24392317,0.5382671,0.51084155,0.09718789,0.8016453,-0.011704433,-0.8321182,-0.4319241,-0.2355482,0.27929008,-0.726291,1.0996109,0.2597247,1.0043548,0.94317615,0.89374125,0.07856241,-0.37768295,-0.44001687,-0.9612078,-0.09849854,0.620855,-0.43991062,0.030815303,-0.48406696,-0.33548924,-0.38386104,0.4652821,0.50777364,1.2521379,0.2580874,1.0802962,0.16243283,1.5172559,-0.18741056,0.02756209,0.4380386,0.51258653,-0.080123976,0.31879163,-0.5105956,0.2510813,-0.29263884,-0.7439685,0.49616754,0.39313304,1.1204317,1.5974448,0.18713117,0.6550703,1.6532607,0.90207815,0.8604814,-0.23505169,0.5323633,0.515191,-0.4539971,1.0428667,0.36762893,0.12189164,-0.26477304,0.55638885,1.6258171,-0.84810376,-0.1967831,-0.3880846,0.12947313,-0.02086147,0.03245111,0.6119793,0.35506552,0.6398304,-0.18344836,-1.2462726,0.11927516,-0.23701014,-0.7748189,-0.112453096,-0.07495612,1.6162052,0.4638338
-0.009502849,-0.13486725,-0.61281455,0.72299296,0.6288054,-0.2610409,-0.60939145,-0.015575943,-0.28027835,-0.67558146,-0.18321589,0.13863279,-1.1378204,-0.81423956,-1.1877133,-1.30002,-1.3607843,-1.3066236,-0.9907817,-0.78606796,-0.87335354,-1.3558294,-1.4678082,-0.7376693,-0.5473391,-0.59578997,-0.27980572,-0.5518295,-0.46866208,-1.2972251,-0.58115935,-1.3921611,-0.671516,-1.0349971,-0.5824217,0.11679508,0.09451471,0.09393867,0.85270536,0.50929,-1.1054759,0.2183239,-0.7792252,0.117782936,-0.21762787,-0.62075377,-0.6567094,-0.6715106,0.10463686,-0.22712103,-0.879685,-0.2647539,-0.6271333,0.37626025,0.24523933,-0.37722638,0.48584244,1.4333864,0.3289337,0.048848584,-0.31444034,-0.7025883,-0.2212622,-1.0402079,-1.1702029,-0.95534796,-0.9229764,-0.9290882,-0.6920544,-0.8479466,-1.1494166,-0.29360136,-0.55378896,-0.32717022,-0.51434267,0.079041235,-0.74046135,-0.72908175,-0.47607458,-0.12958579,0.229392,-1.0151453,0.37067935,0.5590977,-0.088032715,-0.39538157,0.31110367,-0.17786145,-0.07366364,-0.48644295,0.4396623,0.359924,0.65263605,-1.1668591,0.31568617,0.43320346,-0.72895586,-0.7067346,0.7256023,0.19172671
-0.65462536,-1.088268,0.089743495,-1.1028553,-1.0331793,0.25379202,-0.37515306,-0.59782517,-0.37712651,-0.9310736,-1.0628477,-1.1091747,-0.6532065,-0.06177077,-0.7253409,-2.7240245,-0.9982135,-0.9266928,-0.6446085,0.11622189,0.31973946,-1.7594651,-1.0837207,-0.86378837,-1.0526767,-1.1634898,-0.6388449,-0.8936841,-0.29799604,-0.7154833,-2.082915,-1.112887,-0.9602469,-0.85840213,-1.6766835,0.9142187,-0.85708666,0.31227854,-0.20143715,-0.05658405,-0.0040464103,-1.1849076,-0.5109711,-0.7050643,-0.33350858,-0.5053606,-1.3019159,-0.765154,-0.3314431,1.4568706,-0.61729014,-0.983641,-0.979197,-0.7634068,-1.0472035,-0.55626065,0.057747237,0.015150517,-1.0664271,-0.4969842,-0.79394674,-0.92263114,-0.96478564,-0.10425004,-0.24979039,-1.0308031,-0.24691856,-0.752428,-1.08413,0.017839367,0.12339998,-1.5040298,-0.8392717,-0.74575263,-0.66638255,-1.1040766,-0.55784434,-0.49200603,-1.2744135,-1.1684655,-0.6139884,-0.10346821,-1.3618112,-1.6258432,-0.6874999,-1.1505876,-0.30030447,-0.82419664,1.4724084,1.2874395,-1.1105936,0.49556968,-0.41555482,-0.5691607,-0.8884418,-1.264148,-1.473239,-0.29671276,0.5600462,0.99652183
-1.0329835,0.30651304,-0.116034254,-0.45450744,-0.49529573,-1.1062553,-1.5063335,0.04679441,0.2629135,0.8681295,0.3279929,-0.59550315,-0.76138437,-0.89853555,-0.7471394,-1.2659644,-1.0331953,-0.53915817,-0.62596184,0.11108818,-0.081692375,-1.4150152,-1.7708601,-0.5013812,-0.51646936,-0.80241036,-0.1490116,-0.42086995,0.29709417,-1.6116933,-0.0010381535,-0.9028289,-1.1207985,0.101799116,-1.3631859,2.163964,0.22661091,-0.7950315,-1.1671673,-0.86552125,-0.59454936,-1.5902874,-2.2634425,-1.3244265,-0.062148836,-1.0045524,-1.2195791,-1.0970196,-1.0632163,0.7312632,-1.1221012,-0.38039315,-0.6955876,-0.4463079,-0.46769407,-0.6063606,0.5024182,0.5036583,0.47864926,-0.66496134,-0.55272967,-0.5078765,-0.015610917,-0.80462164,-0.80717623,-0.5275202,-0.5884528,-0.58282477,-0.5117444,0.053330846,0.2913644,-1.1512835,-0.6606044,-1.0587085,0.12872012,-0.5683045,0.21801353,-0.3823596,0.28331414,-0.9496773,-0.22733946,-0.13969783,-0.59773105,-0.69636315,-0.8844035,-0.7038229,0.45511174,-0.059951425,1.4348787,-0.7480624,-1.3274753,-1.4491161,-0.7646361,-0.51942444,-1.8615416,-0.8636076,-1.129655,-0.26839748,-0.5086951,0.029683819
1.1157383,1.1679024,1.0095004,1.0699378,-0.35820597,0.25483036,0.43483844,1.4720501,-0.072456785,1.7938522,0.8944981,0.4066061,0.34845707,0.8103946,1.2575746,1.1457136,0.719987,2.0634525,1.0056219,1.449648,1.7657377,0.2207985,1.0401154,1.3490083,-0.016009578,-0.8907422,0.6525705,0.22942014,1.2167708,-0.76762927,0.87101144,1.1837395,-0.65017366,0.68047905,0.6023335,0.23862009,0.108099006,0.18805566,-0.84575826,-0.30299038,-0.08342372,0.22265956,0.12733094,0.6109316,0.8436253,0.4180169,-0.14360008,0.31233418,0.6868381,-0.40336275,1.0605425,1.9441742,0.85748243,0.7210982,0.92032075,1.2440305,0.89997715,-0.40754145,0.9754394,1.5238935,1.3181682,0.52230805,0.92718786,1.5393556,1.639978,1.157194,2.7661521,1.1785667,1.5104754,2.7736814,3.3026347,0.34291884,2.6543684,0.09947837,1.957166,-0.43046615,1.8790511,0.53522587,0.47525895,-0.22700354,1.0887922,1.31463,0.40810734,0.39497143,0.8095621,0.4646746,0.4214258,0.24029557,0.6447513,0.31346807,0.9623186,-0.26251313,0.12399777,0.8690037,-0.09994485,0.18911877,0.20483953,0.7147461,0.89097774,-0.31050548
-0.12441202,0.6870001,1.2822028,0.29637286,0.5182262,0.60720634,0.104187705,0.5318605,0.08193223,0.19911116,0.13431752,0.2393113,-0.0023559046,0.3361622,0.7800139,1.5548863,0.7177498,0.5158067,0.22609265,-0.87806386,-0.18759216,0.6601186,0.84652644,0.18945643,0.089111015,0.23160027,0.02417352,0.47954857,0.2798404,0.53400105,1.1307265,0.28412065,0.40729004,0.8486457,0.7968093,0.54644156,0.30011413,0.60232437,0.38895315,0.18142597,-0.22165817,-0.044649817,0.34754306,0.18232548,0.68530077,0.3736449,0.7256805,0.36033964,-0.049296413,-0.48874888,0.673399,0.93241465,1.0131968,0.015553328,0.5385757,0.46442813,-0.44906023,-0.015666267,0.24537632,0.107824154,0.12079605,0.043132655,-0.050241448,0.35253334,0.27266452,0.9689695,-0.5531177,0.46662092,0.887318,0.9942002,0.35706374,0.5075168,0.42303813,-0.8193669,0.31620386,-0.74537396,0.3241697,0.47280493,0.2807947,-0.59969074,-0.5607035,0.14528927,-0.45018753,0.14430846,0.17217723,0.61181605,0.58032584,0.18211643,-0.3419282,-1.8920012,0.25278345,-0.18687451,-1.0933521,-0.28341553,-1.0998877,-0.8902607,0.07494096,-0.25362366,-1.0152613,-1.1456573
0.5846771,0.7096702,0.5012813,0.44378418,1.3283584,0.9159987,0.7564734,1.1124824,0.7999302,0.66240466,1.4142375,0.98770714,0.25820792,1.8417827,1.1822635,0.6559371,0.85449314,0.63453287,1.8864533,0.71128833,1.2583084,0.62766206,0.59700835,0.46906394,0.3490298,-0.031217756,0.3837673,0.80502445,1.0301517,1.3663428,0.015614501,0.59755373,0.32392034,0.53120536,-0.093315594,0.026035273,0.67205644,1.5812879,2.0609767,0.89103824,0.99596846,0.6652731,0.63361394,-0.013867342,-0.29082742,0.9307938,0.79415566,0.76809686,0.5373233,0.5425452,0.5593248,0.8458098,0.2668099,0.22635667,-0.00696978,1.4385948,-0.2282385,0.4480382,0.33418348,0.21200965,-0.19702412,-0.014792902,0.6176419,1.9013175,1.6637157,1.5597692,-0.48253313,1.3708502,0.49440852,0.5803261,1.3145336,-0.1391226,1.2862071,-0.076665506,0.4754048,-0.8393791,0.8220236,1.242145,-0.23005407,0.11823811,0.38866216,0.26495248,-1.181336,-0.9114894,-0.16441628,0.3531735,0.31259558,0.44213158,0.11269077,-0.9294515,-0.7378087,0.5952222,0.14604749,0.26430997,-0.20234416,-0.6592723,0.4777566,0.5610061,0.05950035,0.086837105
-0.29233605,1.4198496,1.3638049,1.5848289,0.84805626,1.0029106,0.80030096,1.7826709,1.5808525,1.8678877,1.5211836,1.6450474,0.23005213,2.0007846,1.9202302,-0.25849122,0.39727402,0.28413773,1.4626131,1.3671587,2.2449722,-0.055188593,0.78635716,1.1080041,0.0007729872,1.0223913,0.6677743,1.2670461,1.1235905,1.0461568,0.17251106,1.09313,0.13993043,-0.214037,-0.37842214,0.7751361,0.10729299,0.5002342,0.9038945,0.18517055,-0.20325316,0.5290544,0.0414228,0.63986903,0.36496162,-0.12581402,-0.38731048,-0.3586175,-0.26060122,-0.6779744,0.55047375,1.6094049,0.6505908,1.2424968,1.8274165,1.8746402,0.95485085,1.853588,1.6934371,1.8266917,1.7601539,0.7233627,1.1147707,1.304667,1.7249764,1.1975545,0.5096905,1.2323717,0.5126607,-0.43802956,2.3675392,0.44271705,1.352037,1.9885161,1.3411734,1.8748627,1.4433352,1.1327707,0.9413639,1.7919794,1.770025,-0.37410554,0.981603,0.6406229,0.83855224,0.39926752,1.071445,1.0045519,1.2942421,0.7277615,-0.5676245,0.73932606,1.4878111,0.70750356,0.82969654,1.3045884,0.62896425,0.32079744,0.32319668,-0.4313181
1.0577112,0.97737837,1.2719114,1.5903969,0.44837755,0.533959,0.60677,0.3415553,0.29306883,0.47276035,0.020219931,0.3142052,-0.07802837,0.10138235,0.31700793,0.5976841,0.98591506,1.8804632,1.2300256,1.9470733,1.8209901,0.69614446,0.7110117,1.7567723,0.053664435,0.25002706,0.2786162,0.58117276,0.94841355,0.11737681,-0.5041047,1.1019914,-1.3250371,-0.10094666,0.2715495,-0.6030209,-0.11706903,-0.6345491,-0.42183235,-0.45206815,0.27518693,0.61743605,-0.22438759,0.34219843,0.3276787,-0.054833956,-0.06387561,-0.4153774,-0.017408958,-0.6783611,1.1485034,1.3401079,1.2720653,1.5564159,0.9812061,1.1453463,1.2477992,0.46846107,-0.059828147,0.14660227,0.36424887,0.33434123,0.63083714,0.7796116,1.0687068,-0.24694782,2.3572876,1.0629648,0.9906102,1.464379,2.0782142,0.57619655,0.836141,0.77035594,1.4630375,0.42332375,1.2582762,0.5543128,0.6989842,0.9996401,1.126959,0.8032287,0.19513805,0.15902525,0.4010237,0.07509435,0.2672685,0.44153503,0.70467365,0.842354,0.08121647,0.40466735,0.4739446,1.5789682,0.44419855,0.093715884,0.11171458,0.8048065,0.8995716,-0.21039973
0.14646523,1.5878322,0.3849062,0.9638313,0.97098744,0.5251803,-0.7537504,0.23567995,0.23666134,0.25338423,-0.70068085,-0.015642354,0.15070638,-0.33957288,-0.036650814,-1.1527231,-0.80396366,-0.12051437,-0.7539159,-0.054229334,0.38390452,-0.63199884,0.11166571,-0.28027198,-0.7759788,-0.22938187,0.22394127,-0.57155347,-0.16465037,-0.9047825,-0.756237,-1.8472832,-0.5430265,-0.1918232,-0.32763544,-0.3435078,-0.087762475,-1.6605623,-1.2287074,-1.0983957,-1.8422498,-1.1989367,-1.2084302,-0.31184113,-0.16381975,-1.0360383,-0.97448885,-0.7516496,-0.2702835,-1.430747,-0.55857885,0.8821729,0.4049659,1.6536906,0.8642064,0.3786879,0.3948113,0.25009832,0.38442138,0.8455199,0.6276201,0.24471876,0.20489813,0.29133892,0.5285697,0.060378484,1.5410904,-0.11137702,0.36020765,0.4246693,0.18166453,0.49899408,0.36100623,0.6376676,0.3446364,0.9291116,0.52372956,0.022696612,1.2038813,-0.49046597,0.8140672,-0.11806803,1.0761,0.9868373,0.63199294,0.21238323,0.08060536,0.19764636,0.100890025,-0.30694038,0.3723185,-0.6118807,0.089910045,0.67040664,0.47299293,0.6472306,0.0880986,0.7107969,1.3427317,-0.7850552
0.012996019,0.5670238,-0.1558789,0.98619366,0.3961451,-0.48331273,0.46484116,0.46192062,0.40407655,0.4922176,0.4709813,0.698835,2.1803677,0.4289618,-0.0012375425,0.030320542,1.0844401,0.06345659,0.1419832,0.48909554,0.4668355,-0.029425798,-0.107840694,0.75126934,0.50752985,0.7386082,-0.03364961,0.021282813,0.077185735,0.45865893,0.7348236,0.8969391,-0.81341636,-0.67505324,-0.5950959,-0.16331665,-0.7155841,-1.281383,0.2402425,0.0074282526,-0.25293532,-0.15047254,-0.8179116,-0.54565555,0.19970803,-0.38377944,-0.98601496,-0.9787938,-0.81349367,-1.0047997,-0.4299275,0.6158755,-0.68788636,0.28195918,0.29588607,0.5056226,-0.46784833,0.02965423,-0.22704317,0.88293284,0.9543926,2.1088064,1.9498549,0.4180942,1.0645683,-0.8260838,-0.022038424,0.82907736,-0.1522374,-0.5278821,0.96774495,-0.090681374,0.27298155,0.122969165,0.5710635,0.5701718,0.032919195,0.16191673,-0.30074784,-0.15926157,0.6850466,-0.71292007,-0.29791054,-0.015088183,0.51949406,-0.13901062,-0.22383802,0.12536164,-0.3075779,-0.3920187,-2.8243458,-0.9285906,0.5301384,0.001052433,0.19000508,-0.5988902,-0.54962254,0.19317898,0.81117606,-0.9830935
-0.5430208,0.87895393,0.04958718,0.29103583,-0.063950755,-0.22011043,-1.4990754,0.35276332,-0.7667025,0.3191919,-0.24071015,-0.4955299,0.103954054,-0.67763555,-0.48756665,-1.0195551,-0.48798788,-0.7174517,-0.2938526,0.09604769,0.5494994,-1.3996067,-1.0208484,-0.47445247,-0.933034,-0.645338,0.055149063,-0.42642438,0.23034294,-0.6007195,0.14397646,-1.4671806,-1.4447298,-0.71846056,-1.07199,-0.37175545,-0.038626704,-1.3545893,-1.4884125,-1.1623217,-1.0593257,-1.1062145,-1.9942929,-0.75029826,-1.2539611,-0.9483201,-1.6994002,-1.2744462,-0.7621881,-0.7327032,0.1363651,0.41389316,-0.332082,0.32582414,-0.06633059,0.20366661,-0.60003495,-0.91648245,-0.6753804,0.20340249,0.027380956,0.28508323,-0.02411893,-0.031062247,0.13769238,-0.64289683,-1.2557815,-0.10657584,-1.0367625,-0.68552184,0.050080895,-1.3668145,-0.3873444,-1.3089741,-0.7671343,-0.82463866,0.13381258,0.22802392,0.6098765,-1.1351415,-1.2275517,-1.3262115,-0.70255196,-1.2382123,-0.079970285,-1.3589875,-0.36698884,-0.3498368,-0.37959817,-1.1575971,-2.0889568,-1.6880742,-1.5153352,-0.37359008,-1.7810831,-0.48762473,-1.0535755,-0.8924426,-0.36165795,-1.2819896
-0.96519953,-0.4921258,0.5431074,-0.8333664,-0.4919736,-0.1551303,-0.33662173,0.2108007,-0.2917646,-0.32217628,-0.035853643,-0.8066407,-1.2740973,-0.21575283,-0.5231586,-2.1594293,-1.534196,-1.0603755,-0.12875952,0.5250626,-0.2613091,-1.2944381,-0.8540647,-1.0520719,-1.0368538,-0.30796766,-0.24431908,-0.4113896,-0.09194252,0.07204919,-1.2085214,-0.35079786,-1.800879,-1.2999879,-1.3792706,0.852809,0.4905446,1.4421501,1.1083117,0.4501289,0.11012606,0.6352897,-0.27153212,0.42286447,-0.087014,-0.09049777,-0.98971635,-0.5517006,-1.1208208,1.2398778,-0.65142745,-0.24724828,-1.4714916,-0.7631424,-0.35488904,-0.26072478,-0.3990518,0.082659036,-0.50033027,-0.2877958,-0.2710447,-1.4289905,-1.243505,-0.3394373,-0.3732202,-0.7749041,-1.8447889,-1.0586262,-1.5520794,-0.80664974,-0.4328203,-1.6014314,-0.40072137,-0.87093586,-0.76113707,-0.77018774,-0.36532825,-0.15510888,-0.8238272,-0.38145155,-0.7704512,-0.6056075,-0.14625122,-1.0666697,-0.30516866,-0.98574555,0.1028687,-0.039209116,0.97268957,1.3798791,-0.90536255,-0.071924165,0.27733094,0.106677875,-0.71096694,-0.55566317,-1.0279778,-1.0043182,-0.049456682,0.98989624
-0.68790066,-0.6704539,-0.2575799,-1.4760847,-0.9558592,-0.98356396,-1.2131898,-0.73193246,-0.51075685,-0.32377583,0.014667755,-0.7352627,-1.3086545,-0.8909971,-0.347509,-1.1064308,-1.2733133,-1.0999378,-1.2707757,-0.9475652,-0.949644,-1.4188886,-1.2365655,-1.2367281,-1.203528,-0.13018857,-1.1142036,-0.7196625,-1.2040695,-0.23790589,-1.1537,-2.1276393,-0.43291673,-0.6628707,-1.0659745,0.74779683,-0.4730755,-0.021884901,-0.29388985,-0.5858133,-0.18685395,-0.89553183,-0.9588695,0.123551875,0.3724818,-0.7513898,-0.9250141,-0.3315204,-0.94839954,1.0338483,-0.93199074,-1.2677674,-1.7560556,-0.7456291,-1.4768738,-0.3150664,-0.13827112,0.5385194,-0.68720907,-0.985482,-1.2446383,-1.4762129,-1.2224381,-1.3047929,-1.5491941,-1.472287,-1.2096604,-1.6166706,-1.3844405,-1.4071807,-1.0409976,-1.2906009,-1.5759604,-0.6154525,-1.3670338,-0.9649548,-1.5938122,-1.2486289,-1.1210968,-1.1051352,-1.2000989,-0.8376743,-0.35648012,-0.92357236,-1.0812316,-0.65312815,-0.84900904,-1.1180227,0.16685615,0.9031939,-1.1239493,-1.1617442,-0.65478384,-0.13222232,-1.2210824,0.27698484,-0.56608045,-0.8199085,-1.5819248,0.8344597
-1.0679563,-0.92893547,-0.341812,-1.0976244,-0.801589,-0.13349389,-0.23277779,-0.9904889,-0.8049087,-0.98710823,-1.0092869,-0.97382873,-1.3474003,-0.6365786,-2.0068634,-1.7873472,-1.3931165,-1.5251309,-0.5274383,0.40288717,-0.0748161,-1.394905,-1.2351896,-1.4128829,-0.6583953,-1.7769694,-1.5269982,-1.0623579,-0.9992441,0.5390365,-1.4363557,-0.6488264,-0.8851661,-1.1981013,-1.9029075,0.2388298,-0.7360222,1.2429323,0.60469097,0.35950816,-0.10466286,0.31885105,0.82661337,-0.19428611,-0.5510895,-0.30386955,-1.439747,-0.7116276,-0.28172037,1.4418116,-1.4803653,-0.5321354,-1.3715289,-0.55993116,-0.12175559,-0.6730464,-0.27155992,-0.4403109,-1.6962306,-1.4319968,-1.7590992,-0.94583184,-1.5504268,-0.96950424,-1.290706,-0.9268987,-1.5242051,-0.9611028,-1.260364,-0.6239923,-0.15588552,-1.8299999,-0.6937173,-1.7070236,-1.2386647,-1.7625755,-0.844963,-1.5172788,-0.80431044,-0.27017832,-1.8133241,-0.48505825,-1.2402549,-1.918071,-1.988563,-0.9882292,-0.6606777,-1.3021979,0.33665094,1.2584287,-0.51712143,0.8148718,-0.2710972,0.09666026,-0.79687136,-0.76243633,-0.94120747,-1.6780677,-1.7209008,0.573784
-2.933749,-1.227617,-0.8033906,-1.273095,-1.3237119,-1.7304589,-1.2658545,-1.3989447,-0.5684197,-1.158239,-0.86791337,-1.1314088,-0.89446557,-1.5456892,-0.8338868,-1.8786461,-1.5531095,-1.2768924,-1.5949987,-1.10453,-0.63118845,-1.2287436,-1.1716498,-1.3425689,-0.542403,-1.2195649,-1.5835793,-1.1268363,-1.2252736,-0.40921742,-1.5787826,-2.5043523,-2.0584936,-1.8927315,-1.4574411,-0.95557135,-1.6997687,-0.19428469,-0.4442191,-0.47068775,-0.7107531,-1.1217389,-1.144618,-0.69176364,-0.97507983,-0.9539915,-1.1008878,-1.5627131,-1.9949977,0.06516499,-1.492136,-0.9758982,-1.9243139,-0.6168591,-1.9333513,-2.2087903,-0.9916571,-0.6493892,-1.3890364,-0.8468768,-0.7940251,-1.3561667,-2.2215855,-1.5842589,-1.7750416,-1.1490537,-1.4850861,-1.3352209,-1.5021312,-1.2739042,-1.4058626,-1.8018248,-1.7750463,-1.6380707,-1.1908439,-1.7556893,-1.2171665,-1.7073973,-1.1923451,-1.8458859,-2.8940556,-1.1054586,-1.3396958,-1.7361621,-1.7382523,-1.648107,-1.4980578,-1.3621442,-0.7709388,0.36811903,-1.0982317,-1.3421168,-1.9035673,-1.077577,-1.5236961,-1.4062403,-1.4616028,-1.4661096,-2.1176343,-0.0703092
-1.2598809,-0.6755997,-0.19401778,-0.9227786,-0.92284334,-1.3134729,-1.3145448,0.015703963,-0.48957267,-0.3685488,-0.28710863,-1.1249815,-0.69700277,-0.10569016,0.03847674,-1.2374419,-0.6593722,-0.5056828,0.5148467,-0.63011724,0.2297022,-1.6693552,-0.75517476,-0.59701455,-1.4300059,-2.320059,-1.2961016,-1.0700856,-0.22548412,-0.79885375,-1.7652131,-1.7833109,-1.469551,-0.79844874,-1.8546429,-0.4449861,-0.6242544,-0.29263088,-0.5249068,-0.7010647,-0.8021676,-2.2115865,-1.5337917,-1.7428616,-1.4573287,-1.4729222,-1.497548,-0.5992579,-0.70596814,0.34097594,-0.6517955,-0.13083272,-0.45634764,-0.30180022,-1.4629933,0.44476745,-0.28491488,-0.7428921,-0.48212534,0.14292857,-0.8158277,-0.7225506,-1.0666049,-0.39748913,-0.38703534,-0.37468502,-0.7924859,-0.25451285,-0.5264926,-0.07618767,0.317311,-1.337413,-0.29902786,-0.7198516,-0.5219621,-1.9663609,-0.22847019,-0.9180985,-0.8692269,-0.030796517,-1.3482546,0.32363257,-1.4337761,-1.8009096,-1.2513337,-0.9796353,-1.0443759,-1.1418535,0.18374002,0.68489534,-0.63474077,-1.1654506,-1.3979322,-1.203132,-1.9478778,-0.915056,-0.8955749,-0.67329496,-0.31197038,0.31803483
-2.189695,0.4291747,0.11841432,0.35792822,0.041186575,-0.74299705,-0.12013013,0.10824156,0.098670125,0.097408,-0.008967703,-0.21239308,-0.13491827,-0.027852455,0.46028742,-1.5079631,-0.694205,-0.897212,-0.16137584,-0.5116542,0.3133017,-1.2269046,-0.47938275,-0.67514247,-0.368208,-0.5284951,-0.6269937,-0.34776926,-0.27515042,-0.38402283,-1.134302,-1.2954396,-1.5523943,-0.8000812,-1.1113706,-0.67924845,-1.1157769,0.25201833,0.10619113,0.118333794,-0.6148347,-1.4560437,-1.3918967,0.03938453,-1.6477299,-0.84192157,-1.0846167,-0.77552116,-1.3224239,0.4453283,-0.50996226,-0.976127,-0.47775882,0.1449377,-0.8183549,0.07777818,-0.6622486,-1.2477568,0.02600518,0.6365934,0.03286232,-0.14380667,-1.0195812,-0.20588467,-0.023033928,-0.10509374,-0.49543417,-0.63231814,-0.6824763,-0.80221117,-0.7339552,-0.6686674,-0.55398166,-0.67145365,-0.70572424,-0.5831547,-0.6043411,-0.6096175,-0.38343316,0.24079601,-1.1445023,-0.29698193,-0.52438384,-0.64569545,-0.867508,-0.15370692,-0.40877736,-0.6409632,0.81989795,1.4184147,-0.22998872,-1.5287576,-0.053171013,-1.2155163,-0.991138,0.116239555,-0.17300276,-0.48657718,-0.49189362,1.1189691
-1.1495275,-1.0040264,-0.52031887,-0.60563546,-1.0560672,-0.28147224,-1.8256009,-1.3228877,-0.33935001,-0.0223004,-0.6768438,-0.8485031,-0.26555753,0.3265938,-0.7294427,-1.4817644,-0.027177457,-0.30761927,-1.168137,-0.18832935,-0.33659834,-1.4043646,-1.021298,-1.1407925,-2.104743,-1.4822292,-1.0250157,0.26305953,0.4462531,-1.5315386,0.3682319,-1.8185673,-1.8413507,0.47566512,-0.90641373,0.1615372,0.068324074,-1.433817,-1.6099497,-1.9607131,-0.7565545,-2.3516183,-2.3942742,-1.7836444,-0.47944164,-1.3574302,-0.41411266,-0.20867576,-0.66976964,0.05113806,-1.5462968,-0.48238155,-0.71480584,-0.19418488,-0.3952234,-0.16108845,-0.77005106,-0.07238356,-0.7251317,-0.37852418,-0.67588586,-0.4199873,-0.100513816,0.0892444,-0.25114742,0.14794308,-0.8758649,0.014045753,-0.7417941,-0.703143,-0.14368406,-1.4084809,-1.1625572,-1.9457284,-0.5577255,-2.2832901,-0.085348934,-0.7437177,-1.010623,-1.0226079,-1.8216041,-0.23506281,-1.9829879,-1.099853,-1.162602,-1.5077192,-0.13005075,-0.38928914,0.45306724,-0.94036776,-1.796236,-1.9209785,-2.6011753,-2.0009768,-2.4588654,-1.5360059,-1.3235549,-0.700959,-1.7159792,-0.017033834
0.5861573,0.04346169,0.56404555,0.15433787,1.565879,-0.029515466,-1.8759371,-0.32719907,0.33289337,-0.18609667,-0.45845866,0.18765356,0.025235886,0.1538163,-0.092375495,0.48688152,-0.25925648,-0.18264991,-0.24392311,0.076358154,0.051121164,-0.5438383,-0.26417106,-0.96043336,-0.58639073,-0.7076072,-0.835162,0.37395293,-0.6452048,-0.64949363,1.044256,-0.58863413,0.66632354,0.9100021,0.62281096,1.5794579,1.0999993,-0.88254064,-1.2357459,-1.4445192,-1.7139829,-1.3643042,-1.718236,-0.45774636,-0.08916078,-0.3341643,0.0006160919,-0.12715504,0.06913449,-1.0552907,-0.17165461,0.45574382,0.42339107,0.72904515,0.8165161,-0.5796135,-0.3749612,0.47488502,-0.12454024,-0.69848996,-0.76869214,0.080619395,0.6278121,0.2589507,0.30236962,-0.09001567,-0.9806824,-0.013426597,0.41916505,0.07649498,-0.29345196,-0.517753,-0.13068931,-2.1162932,-0.6566067,-1.1708608,-0.26607955,-0.65578765,0.66241,-1.265057,-1.7317349,-0.5896046,-1.1442047,0.09049631,-0.9059812,-0.8593896,0.83524513,0.4264806,0.16085586,-3.375651,-0.38282928,-1.3763891,-2.186826,-0.9827461,-2.1006372,-1.0135161,-0.7982189,-0.3848105,0.026029134,-1.8378855
-0.46628582,-0.17921105,0.43534335,0.45196107,0.39276215,-0.17758837,-1.9821727,-0.16776147,-0.4705199,-0.77408254,-0.43428177,-1.0638453,0.04573329,0.2586138,-0.5644953,-0.8167638,-1.3460145,0.5031187,-0.42772558,0.4471428,-0.40446383,-0.5303524,-0.81485826,-0.74902874,-1.7076275,-1.6518246,-0.061244033,0.5820942,-0.64164335,-0.8985774,-0.18779702,-1.3253486,-0.6994314,0.45635885,-0.17884874,-0.6163555,-0.120837756,-1.255493,-1.1349777,-1.4374536,-1.5119779,-0.9383042,-0.85807234,-0.82474846,-1.2215493,-0.5721364,0.27556682,-0.10609762,-0.44921952,-1.444864,-0.7871378,0.8191318,-0.031191094,0.016021252,0.8296596,0.30360448,-0.64512074,-0.5125451,-0.8295727,-0.6080793,-0.9346623,-0.36162135,-0.48160115,0.120707795,0.3334612,-0.9715239,-0.81184894,-0.42761764,0.23356536,0.22504583,0.009613963,-0.89296573,-0.4784388,-1.6235199,-0.85362107,-1.7843139,-0.063393235,-0.5690677,-0.2197603,-2.1367784,-0.8830692,0.30900672,-1.4946178,-0.055068485,-0.18758644,-0.9191218,-0.22058147,0.16732115,-0.49363023,-2.2664855,-0.7867849,-0.528266,-2.379785,-1.4741032,-0.7815664,-0.92435414,-0.8716555,-0.6415533,-0.70559555,-1.6833478
-0.6437519,-0.30557397,0.8426246,0.874866,1.0869,1.5553515,0.22840445,-0.027356882,0.6725524,-0.15316881,-0.32052413,-0.64762056,-0.06858989,0.25649232,0.13201274,-0.08939073,-0.36299184,-1.064358,-0.42753667,-0.6591396,0.19399531,0.4012214,0.56749403,-1.4332889,0.15446751,0.07361707,-0.9190904,-0.13691872,-0.6383694,1.2494296,-0.6503686,-0.23092827,-0.124186225,-1.1372863,-0.37182155,-1.3475798,-0.7403132,0.37541527,1.3688742,0.6816821,-1.2611341,1.50313,0.91978973,-0.38144413,-0.5617969,0.3463492,0.38987643,-0.35629857,-0.69790405,-0.26817447,0.05819534,0.89020824,0.36503175,0.80881256,0.8098737,1.0826238,0.22238097,1.6511687,-0.2146433,-0.57800305,-0.7828907,0.06119917,-0.0013256059,-0.32687372,-0.037678488,0.22455862,-1.4318305,-0.29599354,-0.12007726,-0.4593218,-0.6112159,0.26116443,0.44008604,-0.35418588,-1.2396959,-0.53635436,-0.78446525,-0.02036987,-0.30324736,0.037778422,-1.2305512,-0.9957759,-0.9174264,-0.6924206,-1.4823747,-0.095414594,-0.8247299,0.005722326,-1.4135419,-0.24625604,0.317302,0.5701093,-0.005247177,0.6404315,0.2560593,-0.9259937,-0.42809832,-1.0894394,0.23944573,-0.14267406
-1.2517905,-0.30536997,-1.0173285,0.27064186,-0.15376624,0.3511331,0.14670387,-0.6581282,-0.2855083,0.087991096,0.305323,-0.07202874,-0.3384936,0.51570725,0.20505635,0.34221235,0.44034666,-0.26637298,-0.29357514,0.27978584,0.9523589,0.22560027,0.4328912,-0.05115912,-0.8380693,-0.13904317,0.27721298,0.124582455,0.5067048,0.09963854,0.23583911,-0.5746942,-0.5930215,-0.095334366,-0.13292369,-0.58288354,-0.2798192,-0.26330307,-0.03879755,-0.4619496,-0.50640094,0.17811102,-0.120974116,-0.019249463,-0.62616205,-0.22696435,0.4015525,-0.54396987,-0.03113864,-0.48474276,-0.20265727,-0.41306522,-0.22570798,-0.4276627,-0.27918544,0.46413165,-0.5914893,-1.198388,0.4626389,-0.009609084,0.08278641,0.020946201,0.01940181,0.60877776,0.47569516,0.3371802,-0.1293422,0.43659306,0.3247364,-0.06915868,0.79519325,0.20818023,0.49803036,-0.6038665,-0.1275662,-0.099005125,-0.20322977,0.07790332,-0.32305467,-0.03194619,-0.5138808,-0.28937286,-0.7552145,-0.19451967,-0.18174456,-0.19954908,-0.64309657,-0.32405967,-0.7095846,-0.8985624,-0.025244612,0.009281703,-1.439279,-0.8971425,-0.76733947,-0.9353764,-0.45834145,-0.42144078,-0.35817862,-0.7481637
0.97542185,-0.34663492,-1.2124076,-0.077875584,-0.015925525,0.5749496,1.8039432,-0.5985679,-0.1469267,0.38281217,-0.09222817,0.344967,0.1864005,-0.18622637,-0.14328903,0.7371756,1.2654132,0.57742995,1.3715236,-0.61264944,-0.8078937,1.0518234,0.07548772,0.95238525,0.7186421,-0.08116857,-0.039502665,0.11208956,-0.3624443,0.13489452,-0.5788976,-0.11137494,0.031131381,0.15713598,0.71605074,-0.58543456,0.14622435,-0.21208814,-0.13255656,0.7910951,0.603027,-0.8413639,0.08872371,-0.8063811,-0.1867709,0.08424179,0.4514495,-0.3296199,-1.2285846,0.28947857,-0.36996138,-0.39546663,0.3655032,0.33858097,-0.32635936,-0.037616584,-0.31529477,-1.0720778,-0.40666372,-0.7191901,-0.10203177,-0.20157957,-0.344442,0.09990141,-0.30424646,-0.08924667,0.40754506,0.4205669,0.18811242,-0.60814816,-0.6133023,0.34815195,-0.48635155,0.6305799,-0.10146875,-0.0065569873,-0.21818776,-0.1402341,0.19123508,1.0708557,-0.14317548,-0.007152842,-0.32967836,-0.0305947,-0.080173045,0.45581517,0.5579765,-0.10392581,-0.49854684,0.6091835,0.2787147,0.2895279,0.61435777,-0.10256001,0.15509306,-0.668264,0.47444025,-0.0060466034,0.36308712,0.37614226
-0.80902755,-1.6750097,-1.0084317,-0.8186731,-0.99988604,-1.4001218,-0.2343242,-0.674384,-0.7186301,-0.36877045,-0.33906123,-0.11410834,-0.59837276,-0.04847131,0.42543113,0.19411166,0.24405722,-0.06841983,-0.13924053,-0.34392747,-0.49979737,0.47270736,0.53659016,0.36415586,0.62068295,0.67422414,0.028841753,0.16475517,0.048599347,0.46999437,-0.34016585,0.055222083,0.85477453,-0.4900262,0.3507162,-1.0933253,-0.97145194,-0.52492034,-0.40434447,0.17128098,0.53805405,0.031069512,-0.07999776,0.027624916,-1.0915438,-0.022729147,0.061154354,0.15572466,-0.5902241,-0.2231481,-0.412412,-0.8805608,-0.8121616,-0.7505018,-1.1822292,-2.1407082,-1.7106589,-1.5870724,-0.20849514,-0.68088263,-0.052581917,-0.65862185,-0.46507075,-0.5255628,-0.65086794,0.38555518,0.098817654,-0.6105389,0.11867917,-1.1035523,-0.6215075,0.05419492,-0.8212115,-0.528196,0.22908008,0.4821816,-0.30087736,-0.15115337,-1.0830405,-0.43945512,0.058952644,0.08384443,0.38948324,-0.0573236,-0.25277525,0.20602083,-1.0426176,-0.25796506,-0.7549826,0.37210685,-0.13743877,-0.43836623,-0.62449217,0.34010136,0.12774952,0.13546215,-0.20973647,0.18105005,-0.74518055,-0.53699553
0.50695664,0.53576314,-0.088019565,0.11643464,0.3133787,1.5698527,0.13267742,0.69159997,1.5600268,0.26257497,-0.1623235,0.11076766,-0.16832677,-0.41723582,-0.14589873,-0.30597493,0.07726884,0.2252492,-0.29072022,-0.42103496,0.16716456,0.06341759,0.62979436,0.5291135,0.076039806,0.18042076,0.41919142,-0.31525767,0.3336038,-1.3243091,-0.34546044,-0.07365301,-0.19433647,-0.170785,-0.3227021,0.42606336,-0.07965455,-0.83882326,-0.20825161,0.3658084,-0.38796496,0.206183,0.16676177,-0.8095824,-0.33225644,-0.6549788,-0.0042911214,-0.19977534,1.1377822,-1.2697052,0.20311153,-0.172893,0.72802854,-0.1055826,0.20727909,1.2126055,0.19092979,1.159323,0.16613638,0.2684846,-0.43116286,-0.31358212,-0.4863681,-0.15137775,0.08446722,0.053456504,1.1487198,-0.059548195,0.12991127,0.5941028,0.4471643,0.6323284,-0.07302312,0.70756984,0.63013315,0.7194063,0.40913248,0.38847676,-0.75237894,0.05029533,0.8754928,-0.18009086,-0.035056293,0.02807359,0.76069856,0.37445596,0.26631534,0.12991577,0.12848857,-0.75853795,0.09865006,0.027882582,0.703712,0.7247546,0.9260712,-0.39648798,0.42984936,0.34181648,-0.092661515,-0.83458656
0.7772165,0.45365503,-0.060185842,-1.2757406,0.31369603,-0.13622274,0.2162663,-0.122489154,0.16732767,-0.21418087,0.1582049,-0.7795732,-0.39420113,0.18992056,0.25535402,0.3838389,-0.07058906,-0.25997123,0.061853178,0.13554804,0.3012736,0.21052471,-0.33327714,0.55544335,0.027883222,0.16684714,-0.4494932,-0.18682483,0.1146732,-0.86615705,0.46959728,0.531042,0.11449156,-0.22534457,0.3466324,-0.92052984,-0.7296028,-1.6177295,-0.142112,-0.70715487,0.17687565,1.1439265,0.71171486,-0.47184715,0.73715264,0.35418347,0.16409838,0.3813507,-0.21883252,-0.7416473,-0.39535248,-0.54051584,0.152922,-0.45762753,0.55681854,0.20453277,-0.7740532,0.29610676,-0.2355734,0.20904963,-0.66497344,-0.5508497,0.8292692,0.250289,0.4858279,-0.11984511,1.084248,-0.53743064,0.36700678,-0.059585504,-0.06355958,0.6682362,-0.2882688,0.3313611,0.6725867,0.33037907,0.51111966,0.598936,-0.66575515,-0.33798528,1.0223918,0.38896117,0.14653017,0.6020488,-0.10264691,0.45042458,-0.113034345,-0.22326195,-0.43244696,-0.22601224,-0.23572443,-0.8072202,0.018293912,0.45362017,0.3449068,-0.17153275,0.24543178,-0.22641273,0.69437945,-0.6966547
1.4167114,0.3404883,0.56972414,0.32779548,0.5830036,-1.0290476,-0.09398751,0.4785577,-0.8518777,-0.2099932,-0.37257808,0.8094636,-0.61584985,-0.33685192,0.08202138,0.08733131,-0.440303,-0.14113612,-0.46627638,-0.35173815,-0.8030676,-0.5469603,-0.33072722,-0.043984037,-0.2822151,-0.035596162,0.091307126,-0.33070257,0.07023791,0.12838836,0.6507867,-0.33278173,-0.5597243,-0.26159868,0.10906714,0.22429542,0.14847828,-0.39122787,-0.39634755,-0.2998146,-0.19764023,-0.9589229,-0.12756154,-0.52577806,0.053000856,-0.70848876,-0.22160189,-0.18011802,0.09182418,-0.29085234,0.10818513,0.80263567,0.63638645,-0.084790446,-0.20609652,-0.6564748,0.5239806,1.110026,0.36185768,-0.19918038,-0.045943357,-0.6654542,-0.26141,-0.23308386,-0.42483255,0.23432973,0.09408956,-0.6311308,-0.12404999,0.53719187,-0.29238972,-0.18615998,-0.4498587,0.43683326,0.24826014,0.14018382,0.21241684,0.40912312,0.26739535,-0.5736605,0.5027994,-0.007307294,0.12384022,0.25960362,0.30781743,-0.3911344,0.4841327,0.4209416,0.5537383,-0.26157552,0.215291,-0.37341848,0.23418732,-0.3116392,-0.08374159,-0.49673724,-0.15964426,-0.4649009,0.23424599,-0.20533423
0.30740267,0.35736957,0.44063812,0.26425114,0.07997279,1.5719552,0.32406545,0.75665283,0.9418012,0.34614182,-0.2772329,0.37687853,0.5219513,0.24229716,0.67618394,0.5077591,0.27664712,0.7418756,-0.3618316,0.9735073,-0.047948577,0.32332942,0.059691694,0.75037926,-0.4830431,0.2693912,0.0024159923,-0.49848035,0.3463605,-0.057234682,1.2794614,0.19177262,0.8901875,0.44081685,-0.043155625,-0.10997098,-0.87681293,-0.1502335,-0.030434525,-0.1556056,0.14534083,-0.08646876,0.25348833,-0.049732275,0.67556053,0.15077376,0.0771626,0.3521406,0.01023781,0.1672212,1.8074822,0.5166651,0.6682661,0.52852815,0.8963956,0.5159353,0.94165045,0.018327374,0.09794289,-0.074089736,0.73047334,0.5210092,0.70773387,0.3533367,0.20154579,1.1503067,1.3562721,0.3694831,0.66172075,1.3707345,1.0241659,0.46988723,0.78296393,0.59611785,0.6183886,0.55588365,1.182335,1.1601331,-0.13069798,0.38366577,0.9715338,0.7244882,-0.11567153,0.21530746,0.15619777,0.8228987,-0.33756143,-0.21235073,1.2822754,0.50762534,0.39419812,0.2412404,-0.06805868,1.7792147,0.2632023,0.23891546,0.20979512,0.6442425,0.43132073,0.15862377
-0.74865586,-0.39828786,-0.29831105,-0.98140544,-0.6863517,-0.6086654,-0.041818943,-0.60283864,-1.0008806,0.3383216,0.21601011,-0.38633096,-0.063719265,-0.020846529,0.30503035,0.26378942,-0.61268616,-1.0090331,-0.4680662,-1.1886456,-0.354968,-0.13133144,-0.71995884,0.33413896,-0.9052704,0.35701984,-0.5975437,-0.9417368,-0.48292708,-0.78419906,-0.1266035,0.3855366,0.18680124,-0.47957915,0.025756845,-2.1491885,-1.1024035,0.10172613,-0.8678391,-0.052606456,-0.27826023,-0.4038878,-0.16729504,-0.34536597,0.31494954,-0.94082445,-0.045591924,0.2908053,0.15301785,-1.0320598,-0.2560455,-0.85514545,-1.2424667,-0.57571834,-1.5527605,-1.3001926,-1.8483,-2.179626,-0.08010607,0.25179547,-0.34369782,0.23789312,0.17937593,-0.19678856,-0.17300478,0.98237085,-0.45191038,-0.6081227,-0.2532389,-1.109345,-0.57896996,0.15350801,-0.54322475,0.3698351,-0.07164722,0.12152132,-0.58646744,0.015094763,-0.16968541,0.7366237,0.6596719,-1.1464353,0.46484253,-0.13659845,-0.19512992,0.11258227,-0.22892001,-0.6129197,-1.6295321,-0.4061791,-0.42000037,-0.066230915,0.5128511,0.86051154,1.0110067,0.55950373,0.39626366,-0.292081,-0.9447255,-0.6920913
-0.048130095,-0.1551638,-0.6603095,0.33768323,-0.93984604,-0.9287021,0.3016453,-0.2051434,-0.47041723,0.35071868,0.34617522,0.14806084,0.647952,0.4642451,0.751296,-0.19158536,0.028510097,0.22619164,-0.094355084,0.35276407,0.69811887,0.039005768,0.28645694,1.4989698,0.8322909,-0.011020884,0.2592635,-0.46474537,0.053446993,0.16700666,0.74292827,-0.10084312,-0.47168323,-0.48454684,0.12420521,-1.1426674,-1.1466908,-0.20219527,-0.30692807,-0.007844322,-0.5323624,1.4077657,-0.17146805,-0.03271282,0.40104997,0.03329229,-0.21651587,-0.32373253,0.96390694,-0.96747315,1.2468054,-0.042351738,0.32241467,0.5858405,-0.43413535,-0.072314,-0.7342217,-0.8231551,0.35715637,0.389219,0.4808887,0.6583349,0.672255,0.5790206,0.3922788,1.0095901,0.85553324,-0.31757966,-0.124384835,-0.33139378,0.84953815,0.29600266,0.78036,0.9936018,0.9977164,0.986914,0.75947046,0.3349037,0.8374927,0.23931082,0.36491454,-0.4643784,0.7970878,0.23043662,0.5275946,0.3761256,-1.0715444,-0.46131906,-1.0641448,-0.303753,-0.5669039,1.2127593,0.06637977,1.1101687,0.64234185,-0.46829784,0.64547217,0.6971334,0.2632328,-0.89152175
-0.7412645,-0.5274902,0.52722996,-0.46246704,-0.15081821,0.5068391,0.9812397,0.10046873,-0.05524388,-0.42175096,0.41636738,0.4356446,0.7222913,0.5461023,0.64176154,0.095951326,-0.052486923,-0.62011373,0.34326506,0.33245942,0.28877312,-0.028403224,0.5332492,0.05211199,0.3953479,0.5715187,-0.20605648,-0.022378534,0.31807542,0.7059754,-0.2736828,0.8949513,2.3104699,0.28107986,-0.18880035,0.2942125,-0.23408443,1.6523885,1.6270984,1.0241228,1.1722286,1.0453339,1.4287707,0.3896617,-0.34240448,0.8047248,0.32639438,0.42658672,-0.26138815,0.6843467,0.25652587,-0.25778052,-0.49585545,-0.49720377,0.448836,-0.20690386,0.0041393666,0.006649338,-0.115680374,-0.0155817475,0.40626258,0.5881613,0.03054101,0.63456964,-0.21368206,0.12208169,-1.0287377,-0.15731789,-0.94798756,-0.68000627,-0.0404664,-0.04056874,0.28453013,0.22920705,-0.29710245,0.1129206,-0.07316785,0.05397661,-1.3874549,0.37875745,-0.11941209,-0.22549303,0.031249067,-0.7784871,-0.15726386,0.18599929,-0.2953784,-0.14087664,0.25538024,0.6480015,0.33861482,1.2650472,1.390905,0.06907206,0.30430645,0.872354,0.08557538,-0.10351126,-0.6397313,0.84681845
0.04121425,0.5020782,0.14703463,-0.102922074,-0.1891,-0.073808916,0.7382084,-0.17490993,0.050840873,-0.019299002,-0.2544419,-0.14270073,0.46272707,-0.064955994,-0.014098478,-0.47999874,-0.46341512,-0.19062263,0.75370246,1.122409,0.79965127,-0.26272476,-0.07848496,-0.11461958,0.84708464,-0.2748041,-0.021775195,0.53030926,0.24205342,0.8222956,-0.28298378,0.4494235,0.74235743,-0.31751382,-0.7318205,0.40078238,0.26723945,0.88239753,0.75808644,0.7371667,0.5433326,0.5789225,-0.067580275,0.6998002,0.29577956,0.111663066,-0.30546454,-0.31375504,-0.74785936,1.0200791,-0.08265132,0.116330035,-0.2958859,0.71244013,-0.13106818,-0.73721564,0.6925508,0.0018117646,-0.3369234,-0.049424972,-0.21517615,0.66975635,-0.119792,-0.09699125,-0.24107538,0.3367699,-0.5914448,-0.20203662,-0.2103385,-0.1719791,0.7561888,-0.6686712,0.08840856,-0.15625082,0.14973563,-0.2212126,0.30125415,0.20365141,0.5930095,1.4336735,-0.62908226,-0.28844088,0.056829173,-1.0410339,-0.17168106,-0.433165,0.056497253,-0.08253632,0.23746356,1.0336682,0.0753497,1.5604718,0.39789793,0.4739279,0.34994632,0.814116,0.50589865,-0.4738369,-0.70073664,1.3095034
-0.23495094,0.8639027,0.5336629,0.10935621,0.6426404,0.41334555,-0.27004984,-0.6291516,0.2416367,-0.3722414,-0.4279874,0.089992784,0.04581453,0.19411966,-0.32528633,-0.056224883,0.31631437,0.49869332,-0.43736407,0.15641394,-0.34626842,-0.018666135,-0.51279575,0.5003367,-0.53651595,0.06414784,0.23669316,-0.13907164,0.021688469,-1.2513833,1.7693113,-0.18950303,-1.1921813,0.6905518,0.29674274,0.88685423,0.17755143,-1.1685932,-1.1944766,-0.6159584,-0.64739114,-1.0765426,-1.2475382,-0.63648134,-0.70914656,-0.33963633,-0.13812788,-0.0767503,-0.091367595,-0.27031893,-0.50977856,-0.06376075,0.04299148,0.10583336,0.9100037,0.62540567,-0.22293143,-0.47927272,-0.008606106,-0.049231745,0.4978822,-0.15166745,0.14769104,0.2614492,0.46991983,-0.21670437,0.10383001,0.52031225,0.866976,0.26846611,0.0552726,0.35961378,0.13934624,0.36755884,0.32496423,0.53331983,0.107555956,0.14592634,0.5817675,-0.52463543,1.104054,0.65923774,0.003994087,0.37825358,0.8538204,0.6855691,0.11605476,0.37201923,0.31118077,-0.2934934,-0.87188035,-1.2950681,0.054011844,-0.109656364,-0.49635205,-1.2034022,0.24326587,0.64270926,0.6131596,-0.47313654
0.00973758,0.08950807,0.36652568,0.7571664,-2.0260704,-1.3961838,0.6878373,-0.0585785,-0.09159292,0.36433414,0.7393459,1.1495881,0.82077295,1.2473166,0.23482488,1.0025927,0.61098444,0.4115445,0.41064328,0.40140316,1.1406987,0.32785833,0.8677222,0.7646241,1.0255499,0.11987761,0.8318775,0.108103015,0.17936338,0.4377767,-0.03796339,1.6854708,1.0066856,-0.7086886,0.45905617,-0.48376635,0.06583377,0.37665582,-0.25182933,-0.56739795,0.6727546,0.2218058,1.4167603,1.4968258,2.2773576,0.5303116,-0.031269632,0.42789996,1.1433015,-1.1238527,-0.22889346,0.6680022,0.35869274,-0.4445941,-0.13161361,-0.30001387,0.8345391,0.2141777,0.40526912,0.37955815,1.3051934,1.0349703,1.017753,1.5741599,1.9998142,0.18925908,1.6274933,0.8466624,-0.035422105,0.36620218,1.6364701,0.009666135,0.88146275,0.5747723,1.1281923,0.9338197,0.63476276,0.32531625,1.183844,1.3527999,1.213791,0.349656,1.7431988,0.8941455,0.8706015,0.16218346,-0.7296754,0.08462341,-0.4402605,0.7256968,0.44840023,1.3759854,0.06420984,0.90992254,0.9856609,1.8241858,0.42337564,0.8456621,-0.67393744,-0.94631046
1.7184888,1.3919055,1.5011578,1.5845847,1.2723775,0.873394,2.4847436,3.1325548,3.438352,2.6835325,3.6082723,3.5666368,3.9125092,2.9509726,3.1582778,2.8183072,3.7433248,2.7788682,2.782642,2.9239848,1.7043762,3.7192905,3.8619797,3.1534762,3.103926,3.7985146,4.295715,4.2694573,3.4824493,2.6389983,2.2671661,1.6173652,2.9555964,2.736447,3.3934958,2.3903067,3.670828,1.340851,1.0490824,1.7800759,3.5684724,2.3505902,1.8339323,3.8475955,3.56711,4.006956,3.4064066,3.8601518,2.528807,2.455763,0.6648565,1.8956069,2.0998533,1.4247624,1.1656555,1.5352813,1.5152133,2.4534218,3.039344,3.7822258,3.9643602,3.5956697,3.5753045,2.3490474,2.6737664,3.3943975,1.9181892,3.0065362,2.9607399,1.6855713,1.5700501,3.2919214,2.985347,2.0756793,3.7871,2.870507,3.0201492,3.5197103,2.3767922,1.6277345,2.7340372,2.2254128,2.9528677,3.766767,3.752152,3.240215,3.5390222,4.1215253,2.0693572,1.7328105,1.0803034,0.6712615,1.2494069,1.4783298,2.438815,3.2768123,3.4813354,3.127612,1.5009505,2.374912
-0.1991844,1.6923163,1.8069607,2.4432087,2.6195579,2.6067007,0.8493332,1.7551798,1.973363,0.55921745,0.17682998,0.6259905,1.7671144,2.3603435,1.6510508,-0.107660495,1.685153,1.1307619,1.420834,0.9793493,1.4551673,1.1874322,1.2046309,0.63743585,-0.7018046,-0.5093479,0.39427274,1.3096085,1.2257748,0.46701494,-0.26271504,-1.1121252,-0.5426148,1.2845235,-0.2947197,0.83800983,1.2670246,-1.1704699,-0.7243956,0.26980898,0.11342183,-0.9556096,-1.5259105,-0.51701933,-1.4962316,0.48184,1.4838122,0.69729096,0.29634696,0.58789414,-1.2145281,1.9092723,1.586266,2.1418066,2.2860086,2.3604035,0.99052227,0.7733837,0.63801825,1.7594354,1.7459157,1.6708304,1.7607822,2.247103,2.2280774,1.6711621,0.7495511,2.1265478,1.6807235,1.2530117,0.58818716,1.7575798,1.2499813,1.18296,1.1746479,0.10017092,1.3495829,1.550987,-0.364894,0.115248434,1.3866626,0.8568964,-0.8131454,0.4206129,0.8779149,1.3305064,1.7626766,1.5715669,1.0264237,0.6585097,-0.77972734,-0.70344263,0.34874004,-0.86987513,0.020804768,-1.169105,0.71576864,0.82354474,1.7093662,1.0224835
-0.30391884,-0.916545,-1.9312292,-0.8418705,-1.2232754,-0.95361155,-1.9341036,-1.7098134,-1.4958292,-1.5899261,-1.7621509,-2.0020278,-1.2205948,-0.92649996,-1.3590102,-1.5786947,-2.1013947,-0.93430716,-1.6031266,-1.1123399,-0.6446561,-1.5901074,-0.990279,-1.4927006,-1.4059359,-1.37884,-0.8517052,-1.9617882,-1.5374444,-2.0852647,-0.23767583,-0.89644235,-1.4299023,-1.3859073,-1.1278296,-0.82437474,-1.6254684,-0.7875803,-1.3896922,-1.8871431,-1.0941229,-0.7360482,-0.2828707,-1.4257659,0.23015729,-1.535726,-1.0598818,-1.1401836,-0.45291865,-1.3804367,-0.99210614,-1.1102556,-1.5322261,-0.8254844,-0.85642767,-1.2107891,-0.92014784,-0.49601933,-0.93911535,-1.5253735,-1.2385672,-1.0057819,-1.1580194,-0.5973283,-0.50672483,-1.0758429,0.022192601,-1.3095037,-0.92444587,-0.43828887,-0.5650469,-1.0473653,-0.685991,-0.44325057,-1.3651931,-0.70320153,-1.0515127,-1.8962771,-0.5879081,-0.89012975,-0.041035153,-0.54549176,0.3169151,-0.56630135,-0.4068764,-0.57898426,-1.5714916,-1.1313947,-1.0455728,-0.7593162,0.143507,0.22424094,0.13340087,0.71836734,-0.6230607,0.17366691,-1.3834465,-0.0033354138,-1.3260428,-1.1118432
0.54780823,-1.8565284,-2.7705495,-2.1968956,-2.4047918,-2.061538,-1.6892785,-1.9517063,-2.9246247,-1.9617692,-2.0243611,-2.3231063,-1.6900415,-1.7077416,-2.3667498,-1.8039373,-1.8929996,-1.0768319,-2.0296614,-1.5879506,-2.1110137,-2.1832252,-2.1512594,-2.1713963,-2.4367206,-1.5732476,-1.9652387,-1.5754255,-2.0826914,-1.5756676,-0.71640086,-0.7368769,-2.038867,-1.0414454,-1.7418386,-0.14889689,-1.192399,-0.8296325,-1.5657473,-1.0598154,-0.715674,-1.3154997,-1.2161431,-1.6030818,-1.0940372,-1.1990901,-1.3052549,-1.7645314,-1.5621067,-0.41965625,-2.1250708,-2.259204,-2.4066567,-2.072944,-2.2372503,-2.235497,-1.4214909,-1.1317871,-1.2531675,-2.6327207,-1.8869565,-2.1358395,-2.0595975,-2.444741,-2.3448367,-2.289943,-0.7298929,-2.0082273,-1.5098468,-0.9290002,-1.1722236,-1.7468022,-1.61313,-0.962695,-1.7665536,-1.1352097,-2.1660345,-2.422954,-1.0841244,-1.1992543,-1.348084,0.34878343,-0.06771223,-0.7469664,-1.3924888,-0.3591109,-1.1024064,-1.6393963,-0.6691246,-0.6051898,-1.6082896,-1.2016246,-1.0828837,-1.1571962,-1.6762617,-0.97445875,-1.4890676,-1.0050427,-1.3378168,-0.19730766
-0.59662,-0.07903131,0.3447182,-0.46490294,-0.80463403,-0.785735,-1.378616,-0.0068525644,-0.6835031,-1.4806838,-1.3930596,-1.5514367,-1.4976956,-1.292836,-0.9668314,-0.7662917,-1.2408222,-0.7289443,-1.2634945,-1.1616825,-0.76750135,-0.8604253,-0.9979735,-0.8848586,-1.2810986,-1.0789815,-0.6901351,-0.85862327,-1.5973015,-0.044704977,-2.2899134,-0.21716195,0.27442646,-1.37695,-0.4328871,-0.741372,-0.68959236,-0.2694224,-0.38122728,-1.2658665,-0.20212239,0.0597725,-0.23003295,-0.097779684,-0.16530819,-0.31958386,-0.529621,-0.8452874,0.16810241,-0.25435516,-1.1196942,-0.32005924,-0.76837075,-0.9624362,-1.1316137,-0.28077385,-0.17829815,-1.0969602,-1.0527117,-1.4581888,-1.3466064,-1.7810646,-1.2189924,-1.239963,-0.50043005,-1.172066,-0.3691485,-1.4176378,-1.0545527,-0.62031955,-0.57777303,-0.968083,-1.0665991,-0.7240572,-0.8787309,-0.6091041,-1.1578933,-0.49764407,-1.153905,0.58965546,-0.7734253,-0.94037527,0.3558542,-0.10567938,-0.48761284,-0.48254943,-1.4771979,-0.46528807,-1.22462,-0.15498,-0.44821098,-0.46755838,-0.53377616,-0.47550955,0.25432864,-0.43780145,-0.42218933,-0.2174224,-1.3102986,-0.47340375
-0.2548536,-2.0859773,-1.2687142,-1.3419517,-1.6570675,-0.6474103,-0.06802788,-0.24941973,-0.45480174,0.24951582,0.08322501,0.026618946,-1.2892479,-0.5780742,-0.23573671,0.5612496,0.10628885,0.14674456,0.38461554,-0.31635082,-0.85344446,0.13957548,-0.39227897,-0.33758554,1.6273186,0.75050855,0.22067939,0.4250086,0.45509177,-0.25717193,1.0054154,2.3932133,1.6288623,0.5424373,0.66570634,0.664207,0.3752939,0.04286162,-0.21948549,0.50512075,0.8906684,0.8828015,0.5057505,0.44932795,-0.008664712,0.4864095,-0.10300037,0.3373614,-0.08963164,1.349762,1.3940974,-1.5894402,-0.09179341,-1.6427594,-1.2722659,-1.2629038,0.2769542,-0.16026846,0.2616553,-0.29749286,-0.40233794,-0.97542125,-0.656891,-0.98004615,-0.7346345,-0.71924514,-0.118680425,-0.40918082,-0.1815224,-0.43203923,-0.2217578,-0.24876456,-0.54849803,0.27498928,-0.024954377,0.08105988,-0.5703556,-0.18691356,-0.5485461,1.8703387,-0.50113356,0.6413159,-0.20250095,0.07264286,0.3487845,-0.48145634,0.08037096,0.17627665,0.49221668,0.6580639,0.8848146,0.32216498,-0.2000712,-0.3065762,0.27731463,0.43320093,0.6181103,-0.21818519,0.6100104,1.193277
0.57097816,-1.8743069,-0.44875035,-1.077825,-1.7348753,0.4522127,2.3799992,-0.18978436,1.3015318,0.95379955,1.6731745,1.0740794,0.8066835,0.6630525,1.0391349,1.6886959,0.32947308,-0.027531888,0.43754476,0.26247472,-0.34737682,1.3765137,1.102884,0.77592224,1.899705,1.3283727,1.4598558,1.1049415,0.50361526,2.3189769,0.40560097,1.0058864,2.4497638,0.80085516,2.1774642,0.3910686,1.0138147,2.3135545,1.8187625,2.1739025,1.8141066,2.6939607,2.916141,1.7722318,1.6077486,2.1269422,2.150766,1.3990867,1.3920597,1.4863892,1.3250825,-0.6874927,0.91329664,-1.0528013,0.2314222,0.17633449,-0.048264787,0.37994498,1.7452888,0.8322719,0.46824342,1.0394615,0.9158243,-0.20675264,-0.26912352,0.52922434,-0.28906268,0.17410289,0.40211374,-0.52276057,-0.5539133,0.8442006,0.38142473,0.74617046,0.57677484,1.1637938,0.32917517,0.5076448,0.8788908,1.3029453,0.11053008,0.8948438,1.791094,1.1180696,0.17166236,0.8881041,0.6265617,0.5816643,-0.124144495,1.325003,2.513048,2.8786676,2.4831514,1.7529577,2.6972106,1.5316739,1.4551927,-0.0074098534,0.18895595,1.1237905
1.0870041,-0.7490493,0.13300528,1.0852853,0.14630517,-0.06420843,0.48669788,0.13746437,0.8930474,0.034915354,0.042297944,0.14760417,0.41549984,0.82780206,0.28521973,2.1388965,1.0813134,1.0627735,1.0561976,0.23676068,0.1688506,0.91436934,1.0135415,0.23004223,-0.17051564,-0.2871846,0.09217917,0.6426855,0.004647673,0.8194042,0.8645899,0.64894956,1.531473,1.7967958,1.1609993,1.0092256,0.81447923,0.5335932,0.54817,0.61987376,1.1590235,-0.19272125,0.6881263,0.88025707,1.1381907,0.9574407,0.8821172,1.2251457,1.7903142,0.75994897,1.0007796,0.2620636,1.3813949,-0.4486142,0.7636436,0.47379875,0.69598293,-0.4708507,-0.0680865,-0.002644572,-0.28123033,0.38232085,-0.17223318,0.89621943,0.273158,1.2377735,0.7644162,0.84723115,1.1821407,1.228146,-0.28036907,0.9279755,0.5418138,0.4615863,-0.24697474,-0.26494038,0.15799594,0.64123297,0.97157717,-0.39401242,0.37193573,1.7653141,0.47256368,0.8738585,-0.03061633,0.5271483,0.9486164,0.52625006,0.329182,0.47110766,1.6555873,0.11101581,-0.2139517,-0.48293158,0.0030578705,0.37825322,0.099299245,0.5581913,0.5825697,0.8997972
0.8195293,1.3863773,0.96867806,1.1531131,0.9026121,1.472657,0.07646624,0.97166115,0.847111,0.4382028,-0.21378145,-0.3191391,0.6290405,0.84339255,0.67391545,0.96325314,0.75402045,0.9006091,-0.008098026,-0.78813,-0.1366009,0.8899499,0.5950418,-0.21519467,-0.48305663,0.30335596,0.30191362,0.6818566,0.83988637,0.79096556,0.4852121,0.9259718,1.7942307,1.2824183,1.1859046,0.81125605,0.9444314,1.0584491,1.2836825,0.2990821,0.41705692,0.74933016,0.616834,0.7589362,-0.43942508,1.0018413,0.9778956,0.8496977,1.5677754,0.5747932,-0.13909887,1.0317457,1.5672759,0.45915338,1.2514563,0.91282123,1.1716219,1.0939862,0.30868056,0.31142902,-0.14789587,0.20366357,0.39318058,0.9408821,0.22357886,0.16198766,0.32658294,0.17646761,0.6803395,1.252279,-0.26097354,0.70795006,0.36558658,-0.5340408,-0.009282617,-0.87571317,0.050717507,0.32042676,-0.2849752,-0.3200712,0.12387424,0.87601095,-0.47972253,0.6576713,0.36636043,0.6375598,0.4386449,0.06014856,0.61542845,-0.53862834,0.21253085,-0.2517734,-0.24799663,-0.20794682,-0.26035228,0.45601374,0.0911481,-0.16263269,0.8571837,0.42897424
-1.1524066,0.49171555,0.041093208,-0.36562908,1.240305,-0.028146071,-0.24642442,0.17505018,-0.5675407,-0.05091925,0.14020771,-0.5680475,-0.70444655,-0.22162776,-0.3111297,-0.82198364,-0.7108586,-0.692614,-0.6153724,-0.23339441,-0.4595662,-0.90947956,-1.089857,-1.2125438,-1.0460856,-0.8848688,-0.9353349,0.0628189,-0.9347925,1.0561266,-1.3843831,0.7203322,-0.1971089,-0.38003147,-0.70357895,-0.28908196,-0.37402052,1.237799,1.7400513,0.11066329,-0.77871716,-0.6751024,-0.36996314,-0.5287775,-1.213138,0.06921393,-0.99947304,-0.6842308,-0.24889514,1.0021865,-1.8844488,0.2938636,-0.49437153,-0.27584466,0.16740716,0.74447733,-0.062291786,0.4439181,0.15772434,-0.1264127,-0.796803,-0.6500902,-0.69041544,-0.4289056,-0.3662502,-0.032930642,-1.584991,-0.9611169,-1.166548,-0.21890108,-0.022497058,-1.140561,-1.0636405,-1.0791016,-0.7044006,-1.4666592,-0.7100334,-0.5741546,-1.2082546,-1.5009402,-1.7499621,-0.72335035,-1.9960389,-1.4934312,-1.1552055,-1.0895025,-0.35130656,-0.66709805,0.07669461,-0.3735753,-1.8527988,-0.73533064,-0.67346567,-2.0145378,-1.4808792,-1.9224726,-0.31878844,-0.70024604,0.2403322,0.8904049
-0.86106515,0.655463,0.7120041,0.19419634,-0.035135284,-0.44365233,0.257865,0.6443464,0.00821191,0.38902134,0.72410434,0.26355553,0.06049241,-0.31829277,0.3866209,0.012159418,-0.044224788,-0.30045164,-0.107818104,-0.77572936,-0.71679246,0.09517913,0.47902086,-0.23551759,-0.16281937,0.43046778,0.12363211,0.12760775,0.3125678,0.1200557,0.18205015,0.7028038,0.7966077,-0.18671283,0.3515522,0.15984377,0.58673364,0.9935721,0.9102251,0.6133358,1.0796611,0.005792774,0.50742906,0.4632722,0.09753663,0.15741654,0.40047866,-0.077711426,-0.30798486,0.20198192,-0.15527701,-0.3583716,-0.93448603,-0.39781445,-0.63325846,0.11172592,-0.15921414,0.23407468,0.29424104,0.8077718,0.5873211,0.07667162,-0.2991625,-0.37226167,-0.9776417,-0.7752662,-0.13499121,-0.28396526,-0.75880903,-0.2727609,-0.66325915,0.21012415,-0.26849368,0.67067254,-0.23192371,-0.0025006195,-0.20254932,-0.092220254,-0.56963056,0.38258663,0.025933389,-0.22087733,-0.37642074,-0.0115435915,-0.28262302,-0.1583158,0.9842314,-0.5693543,0.09288369,0.11196654,0.6492886,0.32730237,0.70504403,-0.2037361,0.38808888,0.46296528,-0.28959638,0.045869075,-0.04032556,0.2074797
0.12010894,0.15063153,-0.30383733,-0.5360658,-0.4821764,-1.4032915,-0.26048824,0.15473092,-0.7835544,0.012129643,-0.09390372,-0.18803334,-0.103201516,0.06939661,0.27135745,-0.22124884,-0.20295854,-0.19094649,-0.26172122,-1.0222788,0.72345364,-0.37395358,-0.2432633,-0.17769286,0.20319414,-0.96752286,-0.4281555,-0.648786,0.03342236,-0.0595006,-0.59986556,-0.3158331,0.43307018,-0.22306415,-0.37385422,-0.41839665,-0.58957297,0.85623467,0.6168311,0.29698095,0.33257797,-0.70882744,-0.06298789,-0.62817514,-1.2429172,-0.91159004,-0.9886946,-0.25596783,-1.005085,-0.5725632,-0.75960594,0.3411077,-0.7668882,-0.67918515,-0.47205573,-0.6535919,-0.07660501,-0.047163222,-0.0031526496,0.4029484,0.0995019,-0.282873,-0.61419344,0.18305169,-0.18442309,-0.39826316,0.13953435,-0.150573,-1.1351177,-0.29768062,-0.3904239,-0.57286155,-0.28705618,0.044019915,-0.05303083,-0.64015174,-0.11847167,-0.1925171,-1.0298411,-1.410861,-0.17665271,-0.60892737,-0.97798127,-0.92949307,-0.3714769,-1.1023326,-0.88193893,-0.5227961,-0.11815971,0.20281179,-0.5205102,-0.57377416,0.48820502,-1.0102919,0.393655,-0.90162176,-0.84374976,-0.6925752,-0.44777521,-0.00266189
0.88022953,0.45910212,-0.44234815,0.67533064,0.8903217,0.18675448,-0.19809827,-0.084447466,-0.15563537,0.92516637,0.15330078,0.45099375,-0.1076536,-0.5750965,-0.37618288,0.37414083,0.40768567,0.20846616,0.42381644,-0.2731281,-0.26686558,0.39519432,0.33353773,0.40837398,1.1719382,0.797165,0.2795986,0.15604843,0.0055579087,-0.53016007,0.6022078,0.8603792,-0.05152836,-0.007715111,0.12274958,0.06790237,-0.35632834,-0.27494556,-1.041372,-0.2602297,-1.0915946,0.39933494,-0.9541757,-1.0053018,0.6455078,-0.6428706,-0.68042284,-0.87247705,-0.75783724,-0.90500605,0.81708413,-0.058187123,0.24793348,0.6926865,0.554339,-0.085953444,-0.21992688,0.7499188,0.93896747,0.6230618,1.0167127,-0.32553828,0.081306934,-0.4646963,-0.15691741,-0.08390315,1.0347596,0.43937215,0.47772178,-0.37870166,0.18385676,0.25524092,0.74481994,0.18874356,0.7300078,1.384343,0.08701775,0.27089733,0.51151496,0.8217749,0.733381,-0.7509712,0.467238,0.4517025,0.40634835,-0.5242381,0.049995225,0.55356324,0.20073397,-0.57532346,0.09801469,-0.69221437,0.048710402,0.011776633,0.39727753,0.30682066,0.0036338302,-0.13021065,0.12223778,-0.2760517
0.37038586,1.0762074,0.11678838,1.102687,1.1816515,0.009402281,1.1086845,0.55815285,0.39505276,0.4042054,1.0152475,1.0601124,1.3659427,0.6092386,0.918846,0.16453552,1.0934113,0.43261462,0.9320607,1.5558215,0.2530278,0.75823486,0.68797374,0.47529083,0.09158554,0.47104988,1.0168978,0.6573195,0.40101388,1.2871163,-0.5443899,0.3811322,-0.36938286,0.19740635,0.118075095,-0.22146189,0.64794785,0.24281639,0.4082422,0.16665599,0.5087244,0.2575122,0.28707218,1.1723213,0.30862483,0.5577127,0.6428193,0.38362208,0.9358354,0.09881663,0.80605793,1.1347725,1.8508214,1.6030223,0.342421,0.9314151,1.2542992,-0.09785839,0.11043058,0.6933862,0.8305869,1.8829135,1.3064196,0.6795348,0.94243616,0.51809704,-0.13546576,1.2551848,0.53072125,0.6805284,0.066846505,0.5515675,0.8780379,1.1253575,1.1873931,0.6589679,0.133056,1.1835968,1.5007598,0.77798295,1.2303734,-0.0240452,0.6362543,0.7830926,0.786492,0.42155382,0.57780963,1.085877,0.16478968,0.5890246,0.42791647,1.0143291,0.84043175,0.37720314,0.9562764,1.0051666,0.7208369,1.0556768,0.4402348,0.3482453
-0.49394152,-0.31614983,-0.6574595,-0.56249994,-0.3918533,0.17321777,-0.41718417,0.2728565,0.34677783,-0.23555058,-0.6610209,-0.21373878,-0.29949725,-0.6802584,-0.3101941,-1.5240812,-0.5014477,-1.0867698,-0.9584059,-0.7170414,0.018518768,-0.5735686,-1.0900017,-0.46141768,-0.34726718,-0.14914651,-0.53820497,-0.6231655,-0.17913607,-0.4890769,-0.75452167,-0.25075105,-1.3119642,-1.4932556,-0.8650212,-0.3062928,-0.6761623,-0.26096272,0.49000978,-0.32273927,-0.588835,0.3508851,-0.19926773,-0.42312375,-0.7212396,-0.18560492,-0.695919,-0.25453338,-0.90115905,-0.0855281,-1.2591379,-1.0880758,-1.704723,-0.60061496,0.6932321,-0.4034414,-0.5297527,-0.18746898,-0.7935898,-0.3437922,-0.4338397,-0.37414613,-0.743632,-0.90729433,-0.79935956,-0.85187304,-1.3928257,-0.47226003,-1.0194252,-1.4873526,-0.93628144,-0.5431396,-0.606145,-0.41438794,-0.80209917,-0.20758186,-1.1535335,-0.5955704,-0.25176027,-0.5683131,-0.18388662,-0.86520076,-0.16250542,-0.21510816,-0.72204465,-1.0545484,-1.0062715,-0.3134515,-0.642189,0.82855713,-0.79858947,-1.0170647,0.7757636,-0.6212519,-0.059762288,0.098369785,-0.44562158,-0.51732045,-0.40544096,0.38302988
2.7569227,0.7356253,0.019661339,0.42545277,-0.47141358,-0.6053339,-0.41117743,0.64694506,-0.19089915,0.5909662,0.88728446,0.33104232,-0.7152854,-0.3025677,0.0020196524,1.3592496,0.6509338,1.2084448,0.8831122,0.9843201,0.74850273,0.243444,0.86631787,0.7672453,0.5431532,0.5591738,0.8937861,0.82745683,0.57710475,0.76745564,0.16890852,1.8362283,-0.31221274,-0.00653748,0.5909073,0.15678573,0.46675694,-0.31164154,0.5129114,-0.041427366,0.34165025,0.46193615,0.58486086,0.565194,1.1303461,0.4051539,0.40380242,0.46258903,0.77033424,-0.34394294,1.607244,0.5549953,0.84479344,-0.05945145,-0.7485956,0.7887256,0.7414618,-0.44943753,0.79497373,0.024769768,0.5706735,0.035483226,0.40807515,-0.11911906,0.766091,0.14766015,1.7648488,0.11939275,0.62168735,1.2518332,1.2146146,0.23695025,0.9591169,0.075245954,0.9207973,0.28974915,0.8309678,0.9083094,-0.08568428,0.6758028,0.48199692,0.09117683,0.65132886,0.9031296,1.163014,0.261988,0.94050014,0.6948842,0.2769796,-1.0172316,0.35822648,0.08633035,-0.2721814,-0.20123848,-0.29229462,-0.03009306,0.2033102,0.6137611,0.7935199,-0.36406976
0.9838419,0.19764623,0.371707,0.12578939,-0.30451453,-1.271112,-0.412621,-0.1043972,-0.5178362,0.34714454,-0.7610209,-0.00408818,-0.7087146,-0.5867865,-0.9497356,-0.11047429,0.54247445,0.9781244,0.64656043,0.6147999,1.2419698,-0.20335962,0.22568813,0.6740121,1.0403911,0.07032141,-0.05136071,0.26535138,0.10125007,-1.4408967,0.81224567,-0.13867818,-0.68168604,0.077413216,0.2720933,0.49671474,0.32561404,-0.91767097,-1.0095947,-1.156697,0.12963817,-0.80145377,-0.62981516,-0.39739287,0.036728233,-0.40925586,-0.4158382,-0.15387528,-0.33053246,-0.9147626,-0.8038173,-0.14830193,-0.5294774,-0.2081375,-0.99558884,0.4334996,-0.8803829,-0.37982282,0.5750976,-0.41456547,-0.08863585,-0.9004423,-0.25216162,-0.15106721,0.42590976,0.16657646,0.6900767,0.5520615,0.9433053,1.1775957,0.9921097,0.21597381,0.48994252,-0.107220575,0.5858747,0.21778217,0.3983438,-0.05133145,0.9274287,-0.0018876559,0.99572974,1.1476629,-0.2007201,0.6009089,0.74677676,-0.15949878,0.55661994,0.46598387,0.5906732,-0.35619628,-0.53738886,-0.0056326743,-0.74762976,-0.40689042,-0.16723475,0.29643258,-0.11697757,0.12983905,1.2154474,-0.71271574
1.5229259,0.20664589,0.17002185,-0.34632048,0.5001473,-0.14434162,0.11422683,-0.587178,-1.0245479,0.3514283,-0.5446651,0.18101513,-0.46773252,0.4173912,-0.1162248,1.2793502,0.09692118,0.27122274,0.32200605,-0.32375175,0.706813,0.494906,0.4522388,0.45135662,0.78419757,0.039924726,0.058724377,-0.05619829,-0.027691709,-0.68633467,0.85817564,0.6615724,1.0464413,1.1296618,0.78024244,0.2805656,0.7553154,0.36104798,-0.8542412,-0.37019837,0.07022034,-0.24187498,0.504102,0.1368982,0.031353932,0.5684737,0.7481192,0.4748991,0.10323454,0.38392597,0.6619275,-0.112700075,0.053308252,-0.23381183,0.056800257,0.03528084,-1.0358553,-0.3334085,0.30643812,0.069776036,-0.037084974,-0.468053,-0.66657984,0.52089745,0.5241674,-0.119693734,0.587174,0.26401657,0.6748397,0.28561747,0.4306116,0.29531986,0.3252893,0.07380761,0.039153818,0.20961319,0.44370303,-0.11929708,-0.08583767,-0.795082,0.13104004,0.62484974,0.019161792,0.26844785,0.025233291,0.6056272,0.29297787,0.46255502,0.39627215,0.38641393,1.0014857,0.11277635,-0.47674882,0.85292244,0.58699536,-0.010897606,0.7795477,0.8543198,0.6820174,0.23504184
0.82806015,-0.038283937,-0.5665978,-0.099884585,-0.16563247,-0.44227466,0.6936132,0.7021749,-0.06647241,-0.07996717,0.33690915,0.05743449,0.61367345,0.23484728,0.3270923,1.0713449,0.20239575,1.1460353,0.47271013,-0.10233155,0.3122426,0.65993595,0.7003008,-0.11502651,0.65154433,-0.345726,0.29815128,0.06548446,0.16802216,-0.3893477,0.10989571,0.3844643,1.3280044,0.79975045,0.7862206,0.069752745,0.08803243,0.36027354,-0.1743286,0.66176575,0.82995903,0.5272105,0.55990607,0.16214186,0.34376115,0.49683368,0.60375553,0.5089635,0.5750785,-0.143265,0.9571521,0.3155766,0.54685587,-0.54363394,0.3703952,0.41549814,0.61877704,-0.3003621,-0.152309,-0.61793435,0.045776658,0.047575537,0.09480106,0.13668022,0.10251431,0.38995224,1.6197857,0.15676421,0.7194552,1.3579292,-0.4027561,1.1674403,0.5907889,0.63471854,0.22655582,0.41228947,0.033093594,0.6641401,0.408578,-0.4183742,0.023901574,1.2977201,0.99683625,0.29101226,0.41255787,1.3691235,0.49296895,0.42510328,0.30407995,-0.18224832,0.3990953,0.4656338,-0.061988596,1.0929886,0.34109205,-0.15093681,0.79785866,0.6606601,2.041354,-0.059368566
0.319247,0.09899616,1.0860482,0.18174218,0.094693385,0.16981404,-0.1330391,-0.1873573,-0.89468163,-0.41789767,-0.5877542,-0.45549354,-0.5136454,-0.085395485,-0.1901248,0.60980755,-0.20980604,-0.12573235,0.38675225,-0.65724415,0.20363696,0.41759112,0.18501395,-0.533759,-0.28119242,-0.7860564,-0.1838986,-0.39221737,-0.5252709,0.36177638,-0.6371807,0.7417461,0.90155506,-0.5396161,0.30458286,-1.3300892,-0.8990315,0.438203,0.093206435,0.107965305,-0.21695684,-0.30459845,0.9380143,-0.5757172,-0.10540723,0.22787718,0.7306876,0.38618362,-0.822608,-0.8134472,-0.22759314,0.5516245,-0.26671895,-0.36837763,0.41823742,0.15545563,-0.05663761,-0.2740068,-0.5622997,0.09505171,0.2168197,-0.5318866,-0.071365215,0.28751302,0.3958082,-0.5083766,0.5588573,0.08724639,-0.26698616,0.13647354,-0.21793136,0.2016099,-0.026645355,0.04711524,-0.16785666,-0.13690162,-0.22241798,0.05745141,-0.40164053,-0.13187604,-0.27987885,-0.16645709,-0.14180996,-0.5739208,-0.64057595,-0.27487922,-0.3979635,-0.45830336,-1.032562,0.13822545,0.6765793,0.029019019,0.5027318,0.32972798,0.23960774,-0.7633848,0.16070828,0.20600252,-0.49622127,-0.48984423
-0.05611837,0.040035337,-0.27959377,-0.3221285,0.6310616,-0.03250073,-0.17217645,-0.5501342,-0.10880431,-0.52250993,0.51104134,0.19215618,-0.043812104,0.3589031,-0.2981841,1.0268309,0.19985741,-0.19513987,-0.049722414,-0.26655436,-0.69498914,0.91859484,0.37892216,-0.35507375,0.15933064,0.28000784,0.1784351,0.106506675,-0.2571406,1.22264,0.688758,0.28013846,1.1226655,0.053446878,0.3960723,-1.1742362,-0.2772285,0.1931852,0.5938358,-0.22081679,0.05947265,0.17387618,0.9415055,0.89243495,0.45591202,0.7509099,0.4843792,0.57316834,0.7991727,0.042224422,-0.9184981,0.1438501,-0.3160577,-0.37987787,0.99884695,-0.35991523,0.1256808,0.6493818,-0.45124942,0.33814478,-0.23359303,0.026043043,-0.0847922,0.7186405,0.42092806,-0.04233445,-0.57807946,-0.026145738,-0.5283529,-0.73513937,-0.5520901,-0.25778553,-0.5704838,-1.4985356,-0.5719795,-0.37203252,-0.3746214,-0.09423677,-1.2043946,-0.84988457,-1.0540483,-0.6779396,0.20742068,0.35670364,-0.28222767,0.0755538,-0.62506694,-0.41339016,-1.5654234,-0.76456165,-0.21930927,-0.18942626,-0.84910136,-0.5474076,-0.38454977,0.8513108,-0.07367248,-0.41981834,-2.0121582,-0.636166
-3.1585848,-1.915247,-2.4696348,-2.421588,-2.4336817,-1.5592456,-1.3965957,-3.6364706,-3.6470969,-0.7847694,-1.5920343,-1.860311,-3.3788674,-5.2777114,-3.126646,-3.2138374,-5.3482885,-6.6255264,-4.7152896,-5.0183635,-3.3431156,-4.5833607,-5.5821233,-2.976893,-0.7347549,-0.15729722,-5.6614146,-7.275923,-5.1593995,-2.748608,-3.549293,-0.9516945,-3.858635,-6.185301,-5.3088984,-5.0864744,-6.711035,1.8224511,2.0852635,0.8946684,-5.9077153,-0.33503813,-0.5374807,-4.6658993,-2.8554385,-6.1009707,-6.0505786,-7.140005,-5.203089,-4.7948003,0.45484346,-3.25574,-3.9746451,-0.9143882,-1.7296618,-2.5127554,-3.0727,-2.1311486,-2.2608733,-2.30489,-3.768829,-3.0384479,-3.5414085,-4.9803905,-5.7395926,-4.085692,-3.8232114,-5.317573,-6.3933077,-5.625896,-2.7460086,-5.236933,-4.2362685,-1.2904422,-4.6387854,-0.4180557,-4.6446357,-5.8147697,-3.4717956,-0.8831862,-3.910213,-7.176239,-2.1181517,-5.10432,-6.1216173,-5.4604235,-6.163181,-6.8788743,-4.499746,-2.7080996,-1.9521494,1.1144277,2.733736,-1.9051006,-1.2353888,-2.1364968,-5.7926216,-7.0147367,-1.6807319,-4.950905
0.6807606,-0.89061946,-2.0783517,-1.1130496,-1.5985276,-2.459722,-1.0849526,-0.83149934,-1.1369544,0.79571,0.4841008,0.6998101,-0.535061,-1.0361928,0.078158215,-0.18171604,0.15248808,-0.8862051,-0.23282285,-0.67235464,-0.57900006,-0.39954174,-0.47772214,0.8352738,0.79494995,0.4080969,0.41970816,0.07114945,0.10491811,-1.50036,0.4293587,-1.5671254,-0.80816644,-0.73586035,-0.0034281397,-0.8134426,-0.4491615,-0.4611343,-1.6692625,-0.74405086,-0.64436734,-1.1107968,-1.681049,-0.6299053,-1.5645419,-1.3560526,-0.878138,-0.501488,-1.1360313,-1.5172052,0.06664182,-1.3384298,-1.076042,-1.0329708,-2.3458111,-1.132334,-1.6832743,-1.5720438,0.92246395,0.21417625,0.53454375,-0.18274443,-0.16574392,-1.0799065,-0.9805303,0.010237866,-0.8443474,-0.3413394,-0.71600175,-1.9181182,-0.68587613,-0.19681439,-0.2196329,-0.3052931,0.5496578,0.16858461,-0.14095646,-0.017330721,0.38705236,0.2039157,-0.27418023,-1.5033971,-1.030126,-0.00047898522,0.5059452,-0.66107464,-0.40706626,-0.031094745,-1.1015704,-1.6548723,0.121371165,-0.28128794,-0.47559762,-1.5582585,-1.0458527,-0.17789446,-0.9283466,0.090875134,-1.0332367,-1.4524642
0.63119006,0.31946582,-0.55937576,0.5986377,-0.46342692,-1.3537496,0.92571694,0.042143416,-0.0750252,1.7786347,1.7247312,1.928706,1.8524626,-0.09786443,1.1895049,1.6951333,1.3541212,-0.49304658,0.047155328,-0.91470164,-0.6236392,1.5147706,1.0890524,1.30267,1.8012524,2.7529461,1.7185727,1.1469005,0.46063295,1.5791849,1.8321027,0.9556209,0.14284827,-0.43527946,1.301696,-1.2090719,-0.35878453,1.0951434,1.3117317,0.87432444,-0.4250602,1.4083947,0.99328095,0.68436766,0.91894644,0.44404215,0.7648301,0.23843303,-0.40088868,-2.2492695,1.7711564,-0.09968415,0.56482697,0.31162456,-0.99966407,-0.37745017,-0.8791443,-1.0556421,1.6340239,1.1355153,1.4650095,2.1268485,1.8638561,-0.48909232,-0.36930576,1.1442332,-0.5954385,0.3430404,-0.124952786,-1.2446387,-0.26595974,1.0027677,0.7175812,0.23994708,1.1958303,1.6738633,0.039859552,1.2389294,1.7097391,0.5693695,0.45432025,-2.013118,0.56178033,1.0340445,1.3945934,0.47665152,0.11831516,0.9086384,-1.6968149,-2.5323317,0.38142142,1.5684692,1.0426493,0.71020305,0.84299964,0.42106953,0.71601236,0.12926665,-0.77338064,-2.4844499
-0.75722265,2.4803843,1.3092741,1.6672242,1.5047524,0.94113475,1.0671451,1.2924836,0.8383417,0.638741,1.1349161,1.3900013,2.4118395,0.9133187,0.5920792,-0.05790047,1.0368048,0.28901184,1.323657,0.6353825,1.2683659,-0.107155204,0.3178879,0.6969896,0.4114555,-0.60699207,-0.3377616,-0.48652318,0.31524384,0.14874092,0.18165669,0.16010578,-0.7310065,-0.5370607,-1.3260959,-0.79829127,-0.34338742,0.30466908,0.14379509,0.25575128,-0.5531646,-0.69709665,-1.405934,-0.6676612,-0.7348752,-0.85725105,-0.735433,-0.17021668,-0.54565996,-0.31331193,0.7836218,1.7755406,1.0868831,1.1382997,0.8825144,0.8713395,1.1246558,0.41409808,0.15057556,0.45106068,0.9732032,2.5884442,1.5864981,1.1024135,1.0640152,1.0577741,-0.0891789,1.7731843,0.30909404,0.37760767,1.2192744,0.38844144,1.052532,0.9570915,0.75275135,-0.16932306,0.7399202,0.76395017,0.4110345,1.5617785,0.85126793,-0.6701292,-0.96654975,-0.936155,-0.010920001,0.41798046,-0.25579336,-0.64647466,-0.22842667,0.5536787,-0.03466721,1.1349462,0.7832551,0.2721957,-0.022591427,-0.06664287,-0.35195398,-0.0914591,0.060996722,-0.27855995
-0.2449888,-0.7426171,-0.96460927,0.22549821,-0.5299111,-0.8031995,-0.2961041,-0.3263752,-0.33954638,-1.0570533,-0.42583314,-0.29274204,1.4092056,-0.01967696,-0.9510941,-0.5852109,-0.6634528,-0.8588992,-1.3434947,0.68025404,-1.4172167,-0.30581728,-0.3437691,-0.7923637,-0.33408687,-0.01898107,0.41416797,-0.040528588,-0.41058892,0.1977743,0.44819787,-0.8522298,0.22845,0.3717261,-0.057706635,1.7549242,0.54173535,0.28693876,0.4997782,0.40946287,0.6549522,0.27627918,0.49160656,0.47063687,1.2977059,1.092389,0.059001416,1.1443028,0.5337476,0.7497347,-1.5682955,-0.628485,-0.44006675,-0.4961784,0.2839439,-1.8509737,-0.8543043,0.3707919,-0.92059386,-0.5446117,-0.16518302,1.0585421,1.5895892,-0.6058529,-0.5644283,0.008525574,-0.8108855,-0.8100757,-0.31678772,-0.35221604,-1.0045207,-0.75760084,-0.84391487,-0.40475085,-0.30931294,-0.7320427,-0.7220869,-0.5772805,0.0679983,-1.523519,-0.14420171,0.5503943,0.90883905,0.45020816,0.6109397,-0.08151306,0.23319454,-0.20783633,-0.061374415,-0.5847285,-1.0913223,-0.4829322,-0.16215509,-0.9861578,-0.05165429,0.13576688,-0.20919588,0.2012658,-0.29139602,0.36383736
-0.9355384,-1.4857528,-1.3938798,-0.901032,-0.61792815,-0.48205382,-1.5586691,-0.7951183,-2.103796,-2.1572704,-2.0770614,-2.3692582,-2.03195,-1.9104892,-2.8191822,-1.9810236,-2.08069,-0.6686122,-1.1590892,0.2669606,-1.4042935,-2.0266633,-1.6898106,-2.0534053,-2.0594423,-1.9934149,-1.3971478,-1.4165864,-1.2448729,-1.5181825,-1.3839289,-0.79414725,-1.7219497,-0.54367054,-1.4671105,1.0386063,-0.65522015,-0.8062832,-0.60095894,-0.87655437,-0.07832724,-0.15099089,-0.7504066,-0.53435975,-1.3447791,-0.8017893,-1.6166557,-0.43291694,0.23867492,1.3033271,-1.2646167,-1.2894545,-1.7255172,-1.0479373,-0.42853802,-1.4003502,-0.63398683,-0.006207312,-2.3746512,-1.9159132,-2.084089,-1.8587252,-1.8186353,-1.2755066,-1.3127449,-2.0065732,-1.6116627,-1.6716266,-1.2641209,0.18311843,-1.0425215,-1.8975078,-1.7707641,-2.4277706,-2.0472987,-2.6397817,-1.825159,-1.9705535,-1.3201214,-2.5082765,-1.9212751,0.040286466,-1.5428874,-1.584197,-1.1620305,-2.1098268,-1.0377504,-1.1724843,0.28313637,-0.28287196,-0.7109664,-1.2778381,-2.1679552,-2.1523876,-1.9732436,-1.2306437,-2.0791283,-0.9389217,-0.8417865,0.43751815
-0.068442695,-1.063553,-0.66669875,-0.39138317,0.26993734,-0.31686857,-1.6145235,-0.043398075,-0.77197325,-0.43767768,-0.63879097,-1.0788519,-1.1977925,-0.12718484,-1.0597571,-0.16581552,-1.0891091,0.7141305,-0.8840106,-0.52755684,-1.3838317,-1.1497604,-0.6778357,-0.9578183,-1.6124539,-0.8066153,-0.5080796,-0.35955134,-1.0203067,-1.8746125,0.22750609,-0.99751526,-0.42850032,0.46018088,-0.22599363,0.9011041,-0.20944762,-1.3741361,-1.2130829,-1.2693487,-0.22162348,-0.5043937,-0.8403278,-0.043367967,0.048551742,-0.20727581,-0.1815246,0.5583163,-0.39966288,0.2856429,-0.55809945,-0.7672003,-0.3579628,-0.63054395,-0.6512595,-0.098904036,-0.657599,0.31433034,-0.21047577,-0.66108274,-1.1744196,-1.593756,-1.2575451,-0.5655929,-0.41058013,-0.9766904,-0.07614429,-1.1407565,0.4806743,0.51366764,-0.9551438,-0.7836021,-0.8829458,-1.3002725,-0.60541123,-1.2597959,-0.5087485,-0.81606716,-1.0209445,-1.9445071,-0.6530715,1.1035079,0.15192057,-0.24101302,-0.06798294,0.22542876,0.36519322,-0.0737824,0.18636288,-0.395801,-0.47055575,-1.6120181,-1.409697,1.4247447,-1.0029188,-0.47642455,-0.5407204,0.22554658,0.06931164,-0.33815506
-0.87466043,-1.1155012,-0.39223635,-1.1384289,1.1713932,0.58576226,-1.1909403,-1.444398,-0.642547,-0.46204203,-1.0552722,-1.3596021,-1.1730282,-0.78842455,-0.8916732,-1.1732765,-0.97543335,-0.43081746,-1.1342993,-0.47883138,-1.4072531,-0.9632955,-1.0661318,-1.1045766,-1.0843434,-0.41050756,-1.2528548,-0.56123924,-0.55571604,-1.6954123,-0.18975662,-1.5226678,-0.64694506,0.13549396,-0.7072576,0.6545558,0.10542265,-0.9390215,-0.31785342,-0.45621756,-0.69487035,-0.5793588,-1.274735,-0.48290694,-0.910411,-0.2881981,-1.0318813,-0.8979741,-0.059422694,0.7569458,-0.28427672,-0.6675359,-0.42929095,-0.122007884,0.6732654,-0.35250214,0.13785857,-0.38767922,-0.5977848,-0.25506794,-0.7695451,-1.6503886,-1.531053,-1.0910448,-1.2782358,-1.2217135,-1.6133032,-1.0971193,-0.8105315,-0.2481566,-1.2488741,-0.70187885,-0.8667706,-0.44358706,-1.0744668,-0.7737329,-0.3604786,-1.0375556,-0.95556587,-1.0837898,-0.854494,0.008850786,-0.92885816,-0.71121186,-1.2139049,-0.2436357,0.40535724,-0.31440932,0.35151303,-0.15031037,-0.14257507,-0.3166341,-0.76350605,0.34059843,-1.1075327,-0.79743373,-0.86380655,-0.5950114,-0.5573078,0.3758551
0.8626645,-1.5878508,0.025700208,-0.27709788,0.39173335,0.47348657,0.5001739,0.10398659,0.719637,0.28308538,0.26937157,-0.13272291,-0.49900174,0.25886035,0.43745276,-0.28299558,-0.011385853,-0.19479713,0.43698102,1.4629505,-0.3804321,0.45173532,-0.0052237636,0.5756333,0.6809352,0.92621815,0.7557545,0.7370955,0.68323284,0.25903875,0.40960926,-1.2520187,0.23872744,1.2323421,0.43416625,1.3358914,0.5331656,0.26261783,0.42417032,1.1403283,1.2547804,1.3586109,0.8959956,0.73882407,0.24546973,0.8693462,0.683269,1.085985,1.3966621,1.4873893,-0.3105043,-0.77006775,-0.49192137,0.09084884,0.34403476,0.196024,-0.9397737,-0.26746807,0.33239615,0.25668836,0.048443936,-0.29832822,0.1779933,0.49873766,0.41414502,0.80381936,-0.7092289,-0.11604842,0.43705326,-0.5334099,-0.61088175,0.5525187,0.32755357,-0.2341987,-0.22662877,0.69447803,0.14842635,0.43086216,0.54154724,-0.2661577,0.2270237,1.194904,0.99360764,0.21405378,0.5679813,1.4041507,0.47252682,0.8359196,1.3171926,0.43400347,0.35623035,-0.18366602,0.4409291,0.72089183,0.39306384,1.4370353,0.983006,0.9014105,0.3940793,1.2477975
-1.0084913,-0.11670415,0.2498815,0.05877586,-0.35353103,-0.040140208,-0.86182266,-0.50221443,-0.17442459,-0.8463943,-0.8437584,-0.31255287,-0.41754854,-0.50423294,-0.8823756,-1.5886669,-1.3632067,-1.2382286,-1.3994261,-1.0353904,-1.0265355,-1.7910657,-1.3957155,-1.1322863,-0.9287856,-0.956591,-0.85696423,-1.3698124,-0.9106146,-0.53499264,-1.3254168,-1.2220733,-1.2313155,-1.4392891,-1.5336028,0.19702084,-0.885446,0.76442957,0.74911535,-0.06719005,-0.38818997,-0.36954722,-0.550487,-0.902168,-0.51763403,-0.5984724,-1.0299847,-1.1148553,-1.1295812,0.082380384,-0.5933583,-0.50346494,-1.1493852,-0.38948745,-0.7417072,-0.926456,-0.36827508,-0.20413157,-1.220668,-1.6709545,-1.9170069,-0.51782215,-0.34433162,-1.2063204,-1.5149614,-0.8943936,-2.1305356,-1.3860452,-1.6179813,-0.49398664,-1.1813385,-1.5480459,-1.3140787,-1.58168,-1.6013033,-1.3618307,-1.5776376,-1.5448973,-1.419278,-1.654956,-1.3607001,-1.3153715,-0.6149756,-1.6265956,-1.0149767,-0.87740475,-0.8390921,-1.6549114,-0.5538444,-1.2007315,-1.8640739,-0.47583768,-0.02672119,-0.43572634,-1.3880653,-0.26542473,-1.1284145,-1.882624,-1.4203006,-0.7803312
0.18916215,0.008016347,0.51324445,0.49209896,0.771742,-0.1580347,0.28427607,0.386143,0.5648514,0.9818646,1.089356,1.0880725,1.0269495,0.33894318,0.23806332,-0.114503436,0.19184296,-0.5594278,0.6021645,-0.7034779,-0.5779169,0.7339792,0.30776724,0.19753325,0.682028,1.2522337,0.99743503,0.021817982,0.2638352,-1.1552995,-0.827207,-1.2873054,0.67046654,0.08616736,0.8107305,0.306602,0.5943577,1.6088909,1.0223157,1.0842104,0.36883894,0.36065444,1.063656,0.40711227,0.5196827,0.21659555,0.83250517,0.04602568,0.5909128,-0.22002958,-0.110693626,-0.23844832,0.31641862,0.24646904,0.33431873,-0.19808537,-0.4834456,1.3676763,0.92816335,0.9851699,0.75390923,0.13765863,0.90750664,0.13793679,-0.2899478,0.04718174,-0.87344396,0.27257356,-0.12441639,-0.307747,-0.91123486,0.2637698,0.19206947,0.45126793,-0.32033598,0.43832186,0.25285897,-0.39273697,0.078985,-0.3886985,0.03219288,-0.8587597,0.42848495,0.16120386,0.02754787,-0.088990234,0.42432573,0.09466327,0.015051693,-0.3675929,0.20832887,1.4290539,1.0680065,-0.47203314,0.8796927,1.2563549,-0.42272714,-0.33158094,-0.8015547,-0.480802
-0.45201826,0.7947818,1.7445762,1.1062005,1.0653869,1.1609292,0.88234985,0.77545875,1.4429282,1.2299604,1.2589158,1.3948188,0.8272188,1.2140803,1.0936196,1.2922062,0.8707792,0.90275353,0.75827783,0.50301224,0.8163515,1.033554,0.56057507,0.58970773,0.42178917,0.8263096,0.53787124,0.99237734,1.494326,0.45511442,2.0123441,-0.16446684,1.5579,1.6355441,0.9999516,0.83335936,1.207694,0.97566426,0.57416284,0.8316329,0.60023534,1.2283162,1.2818315,1.169715,1.0669458,1.1555696,1.4865925,0.48687798,-0.08775235,1.2735835,-0.79837334,1.3630898,1.6459676,1.6734451,1.9130626,1.06629,0.765525,1.1906455,1.3021129,1.2775679,0.6040232,0.5592536,0.711004,0.9227617,1.0082676,1.3075573,0.87146395,0.98443234,0.8384803,0.8257759,0.26892906,0.93400675,0.5858715,0.72825,0.5457532,0.5218077,0.85279685,0.67187685,1.2291235,-0.7225864,0.5280322,0.74497664,0.0789532,0.75542325,0.51571935,0.7059747,1.5291424,1.0317345,1.2318804,0.29886812,0.8071645,1.0650738,0.7399001,0.2872409,0.57436794,0.92214334,0.7843448,0.50517917,1.0774156,1.0128931
0.666001,0.2650658,0.6339018,0.8646139,0.54837596,1.068192,1.1356314,1.1425018,1.3175526,1.2299178,0.73203754,1.8365333,0.55823797,0.6619592,1.0922394,0.45628253,0.1297496,0.08104481,0.67226756,-0.029108822,-0.24082588,0.814851,1.0774139,0.49777636,1.3397292,1.8244972,1.1938525,0.73432624,0.6078877,1.1198651,-0.6062414,-0.662561,1.347919,0.7159287,1.0711976,0.80580866,1.4910667,0.11912401,0.6940984,0.9630247,0.9120854,0.785758,0.9836884,1.5532302,0.8520291,1.3641118,1.0627359,0.88010234,0.059401367,0.81552637,0.4702427,0.7585638,1.1390722,0.7470244,0.15044314,-0.11374038,0.32154852,0.23891392,0.819742,0.92400885,1.0601451,0.7614349,0.7965469,0.17665258,0.28505468,0.8195751,-0.49156725,0.2592584,0.49681064,-0.20240857,-0.56427264,0.8600499,0.27165186,0.9438609,0.9882448,0.8826882,0.18949847,1.4805787,0.23978692,-0.45459437,0.7776168,0.3524453,0.86814934,0.8599979,0.94287795,1.1204907,1.1232634,0.92333895,0.23857805,0.33090332,1.4988098,1.170952,1.004691,0.32002953,0.8102905,1.2040919,1.5008155,0.9196178,0.8764013,0.34526348
0.08564934,-0.17552024,0.95270324,0.54835826,0.23871762,0.59322244,0.44782218,0.40099823,0.36469102,0.09195243,0.8050779,0.37977323,0.2451817,0.51245105,0.91177684,1.0918012,0.9854535,0.5688355,-0.046677593,-1.1865557,-0.39088947,1.5828558,0.7404276,0.42220122,1.2106295,0.41116172,0.31452504,0.030278984,0.17145346,1.5209832,-0.13338265,-0.8630396,0.8970667,0.56062555,1.2526662,-0.4767493,0.34022778,1.2353882,1.2756814,1.104559,0.84366894,1.4559567,1.3815554,0.8562153,-0.018606769,0.7847848,1.8290124,0.54051465,0.8685699,0.11396722,0.6693909,0.6259776,1.2735466,1.0305634,1.307429,1.0908678,0.561631,0.70268226,0.018475603,0.42628837,-0.1541546,0.09080909,0.2337465,0.36278838,-0.70640993,0.31971908,0.7428185,0.24784832,0.69704884,0.43023226,-0.30649683,0.57758266,0.23235725,0.009490241,-0.056319013,-0.0037102243,-0.26390672,0.5063319,0.13215303,0.57803583,0.09535334,0.93159294,0.47570887,0.6495831,-0.8070806,0.32624298,-0.17658709,-0.1587105,-0.24758382,-0.049821503,1.5178504,0.6565469,0.46176022,0.5108756,1.0137749,0.27557284,0.41792202,-0.58774036,0.9832277,0.14686532
-0.26022986,1.37387,1.5310512,1.2776954,1.1514455,1.6031762,1.2312663,1.1438594,1.9931313,0.7930989,1.0503359,1.3631817,0.42029262,0.78659374,0.47417808,0.3293425,0.6452194,0.31834397,0.53424054,-0.5938225,-0.90444314,0.08012609,0.51275975,0.081480764,0.6238908,1.0517827,0.3324973,-0.018827504,0.17766345,-0.19275662,0.43984511,-0.09240177,0.16301952,0.93983006,0.4925442,0.70386785,0.5627273,0.5210279,1.1316128,0.829727,0.21924268,0.5992978,1.1080528,0.71431524,1.0863001,0.7890014,0.51144826,0.55094224,-0.21415336,-0.049200244,-0.27715534,0.8894394,1.0998989,1.254154,1.4758562,0.23567057,0.41793925,0.58505297,1.003195,0.78793555,0.06356183,0.2171264,0.11491579,0.32365456,0.4936421,0.49045873,-0.5396498,0.22143124,0.25101727,0.6702048,0.061646365,0.5406467,0.1885464,-0.24924022,0.23088694,0.49088162,0.10285448,0.21957995,0.1793237,-0.6844228,-0.009117904,0.4548721,1.0958884,0.48831785,-0.14100608,0.9506602,0.6895645,0.26750925,0.2959548,-0.8490709,0.22781268,0.8553536,0.3825174,0.3855785,0.59512657,0.98657054,0.70470005,0.24445878,0.3600722,-0.45962164
-0.6930114,2.0780544,0.8457,1.2834824,1.2849637,1.0722417,0.37915957,0.37763637,0.5193483,-0.086552866,0.2207889,0.41652855,1.1426467,-0.13701782,0.17245074,0.5680763,0.02763089,0.26603004,0.10883256,0.3904357,0.6056534,0.14935428,0.121727474,0.42729905,-0.22687441,0.070699796,-0.22674057,-0.23169279,-0.8460705,0.45665416,0.7861684,0.5904418,-0.737162,-0.3145259,-0.47151253,-0.0897312,-0.3797845,-0.92871106,0.1578327,-0.71458936,-1.6600897,-0.17741328,-1.295415,-0.7867549,-0.52694553,-0.84591603,-0.4176546,-0.48479167,0.42085826,-1.4146428,0.5289344,0.9537492,1.0272937,1.076175,0.81773096,0.8257292,1.0434436,0.6849935,0.036101233,0.37451166,0.9955133,1.3108371,0.9562573,0.08521249,0.45229468,-0.49601132,0.48268342,0.5055108,0.29037455,0.19830495,0.1006651,-0.07371911,-0.23713078,0.26265818,0.2043848,0.5152198,-0.050470352,0.36232987,0.17874849,0.19447173,0.8512041,-0.9797623,-0.1694442,0.06733641,0.5782458,-0.28203025,-0.8397341,-0.027688507,-0.6260536,-0.60093963,-0.8834337,0.45017135,0.95375156,0.4231433,-0.017534923,-0.27662286,0.10866417,-1.0271852,0.66337824,-1.4801964
0.28288543,2.0221887,0.07354937,1.4747648,1.1403549,0.29651806,0.0036684328,0.60385895,0.522031,0.3532,0.5201206,1.4235864,2.472565,0.34197247,-0.22600782,0.6412521,1.2888486,0.60338014,0.77079004,1.3014795,0.5508809,0.6347425,0.6078746,0.4381828,0.5591353,0.23116007,1.0667555,0.4866641,0.47263548,1.5893437,1.211933,1.1385546,0.23852246,0.0053995233,0.11685243,0.1342447,0.2747128,-0.77950835,-0.32813662,-0.43283072,-0.12707737,-1.2420312,-0.710285,0.044456016,0.9564785,-0.18942836,-0.466184,0.2674376,-0.022386305,-0.007980267,1.6788255,1.1917714,1.1018379,0.9459777,0.3193151,0.6236977,1.0363922,0.08968149,-0.0327358,0.66510296,1.2489097,2.3983564,1.945564,0.5043007,0.712246,0.5328143,0.86174154,1.0189252,0.5034196,0.3762773,1.1081377,0.7837075,1.1801189,0.4765342,1.3261825,0.98207784,0.472756,0.81137663,1.9573491,1.6154535,0.931196,-0.48287827,0.2431455,0.6401464,1.2205255,0.63151497,-0.35296172,0.8257422,-0.0780766,0.042995892,0.2410298,-0.50730056,0.16526237,-0.008627556,0.062232614,0.92925465,0.3333488,0.83132935,-0.9664575,-0.49241146
-0.49187633,0.1746767,0.60451823,-0.2684848,-0.04446203,1.0886817,0.73142964,0.008038046,0.34581476,-0.6034588,-0.25308886,-0.5577125,0.30419692,-0.2708982,0.1618149,-0.06802632,0.4636019,-0.15938249,-0.68021744,-0.33483326,-0.00045289763,0.89563125,0.5866554,-0.08479732,-0.24402025,0.45125186,0.9706155,1.1336464,-0.27173594,1.2457579,-0.34548026,0.1792686,0.35571152,0.14457816,0.3832899,0.15260288,0.8221912,-0.25982317,0.78368795,0.23405214,0.6136584,1.1540977,0.85262686,0.9838305,0.7490758,0.526636,0.9396174,0.755638,0.05532768,0.51541436,0.5040978,0.43528435,0.06882776,0.30903235,0.985481,-0.8984465,0.75317764,0.5063028,-0.21738866,-0.63280284,0.1995975,0.8185232,-0.016942488,-0.19870293,0.32392508,0.10386272,0.28601846,0.09396813,0.61720467,-0.19362861,-0.23345546,1.1745808,-0.23801808,0.9080706,0.01068936,1.0610445,0.34189403,0.5746611,0.84075433,0.42626616,0.82251257,0.42334154,1.1271547,0.6455754,0.56851983,0.8380403,0.38969138,0.5694596,0.39251152,0.75489134,0.4064929,0.10336957,1.0555105,1.3185835,1.0723331,0.5957732,0.79677194,1.0524344,-0.33898026,0.40556014
-1.4988,0.25770935,-0.4660155,-0.6743949,-0.32350245,0.15061466,0.019907106,0.6014319,0.24647005,-0.007874422,0.5280628,0.28539148,-0.2368567,-0.29138404,-0.25440133,-0.6054185,-0.2989212,-0.32124707,-0.03103846,-0.110170916,0.026678488,-0.060706466,-0.14604147,-0.06336813,0.366018,0.5922796,-0.3468873,0.023399007,0.72523934,0.06630708,-0.7654372,-0.15000255,1.2106805,-0.89520395,-4.426566e-07,-0.60389036,-0.26602504,0.61816055,-0.23320986,0.24543738,0.38084477,0.4327371,0.36778837,0.5070202,-0.33045763,0.090740226,-0.1283851,-0.7127395,-0.30616912,0.24169894,-0.41184136,-0.13096248,-0.14517039,-0.67254126,-0.6709287,-0.5475403,0.007057575,0.6056768,0.014482682,-0.15494077,-0.017146384,-0.33288473,-0.89576787,-0.10082681,-0.70792484,0.13369825,-0.9619541,-0.48096007,-0.7075057,-0.8951405,-0.3257454,-0.27829775,0.18614377,0.44984862,-0.3630108,0.3499774,-0.12294798,0.8439943,0.21595703,0.85421485,-0.18618555,-1.0230948,0.04949408,-0.36132872,-0.36444774,-0.18998036,-0.41086128,-0.085151866,-0.64318234,0.5364493,-0.1112586,0.13071862,0.33118117,-0.31325045,0.5043419,0.968169,0.21372074,-0.049876973,-1.4232434,0.46448785
-0.7000778,0.76264083,0.7440437,0.5616007,1.4179679,1.0186411,0.44366702,0.5377559,0.42353398,-0.33629692,-0.14614888,-0.6164901,0.11769343,-0.40238422,-0.1204893,-0.21932611,0.12055883,0.3432125,0.18119392,0.9276112,1.0277343,0.07779216,-0.28537822,-0.10046296,-0.22457373,0.56660867,0.49759886,0.2828659,-0.2455914,0.9031436,0.20795226,0.21102771,-0.4868036,-0.06636357,0.08316307,-0.91387576,-0.3802345,-0.0028855354,0.54980624,-0.120750666,-0.70241934,0.2518978,0.16959146,0.59577644,-0.22134008,-0.04313412,-0.2394786,-0.35220876,-1.1357065,-0.4216108,-0.32185915,1.1262794,0.26465985,0.7473208,0.9045709,0.24783026,1.1088924,1.2240659,-0.25592056,-0.4127035,0.24728316,0.15742826,0.325229,1.1293632,1.3859947,0.86571,0.20718881,0.3732922,-0.21465121,0.3983251,1.5211459,-0.59464806,0.60348064,-0.44729197,-0.10122202,-0.36879855,0.9076544,-0.120331064,-0.044383064,-0.57146466,-0.1343294,-0.44456214,-0.03649436,-0.079429656,0.26381952,-0.15861586,0.10524964,0.16542052,-0.44508973,-0.5090142,-0.43268356,0.5435968,-0.4792438,-0.48722434,-0.36771113,-0.39989433,0.068213545,0.039299116,1.0624555,-0.72448075
0.44723397,0.62150925,-0.013614976,0.4099516,1.4147882,0.4330394,1.1753622,0.41640374,1.0853511,-0.35194868,0.40996698,-0.09268683,0.08217403,0.038670436,0.19360773,0.5432811,-0.23220994,-0.67161417,-0.119469,-1.3549933,-0.21136633,0.2432993,0.78196555,-1.0649638,0.7830192,0.78920686,0.076849885,0.3155584,-0.22577338,2.1634152,-0.45893103,2.4664268,1.5446794,-0.66833353,0.03996069,-0.7062876,0.22206612,2.6750462,2.6110187,0.8593514,0.8523644,1.0172645,1.5261644,0.7935407,0.55312467,0.83272165,1.2630793,0.11303557,0.0011283865,0.9406862,-0.468876,-0.31155154,-0.6172748,-0.45403254,0.82384866,-0.45791513,0.6798908,0.78020287,-0.27608797,-0.360725,-0.791006,0.16107236,-0.039273314,-0.4355223,0.04623057,-0.26780796,-1.1245596,-0.2614729,-0.93620723,-0.5398552,-1.321665,-0.022309426,-0.63280207,0.35878372,-0.90871906,0.13567276,-1.4283824,-0.04520719,-0.5255688,1.3066653,-1.01469,-0.4519149,0.08051758,-0.28829592,-0.5726583,0.14139423,-0.19861883,0.15139386,-0.39670482,1.0478879,0.516182,1.967643,1.420496,0.42227632,1.322728,0.50085217,1.1148816,0.19323371,-0.43723857,0.68270695
-1.7184459,-0.43992272,-0.08846483,-0.21808706,-1.0358444,-0.6329769,-0.7530914,-0.67651266,-0.074844286,-0.4741025,-0.12846954,0.34044385,0.74739116,-0.7152083,-0.753925,-0.34892523,0.013379502,-0.76263714,-0.9098741,-0.93743014,-1.0725808,-0.23848608,-0.46284407,-0.28879735,-0.47853136,-0.81426525,-0.18129514,-0.2711229,-0.6699012,-0.2100805,-1.5110867,0.47347903,0.41777062,-0.400926,-0.6594431,0.5191525,0.31169677,-0.087135345,-0.7522626,-0.7372656,0.84690166,-1.4733665,-0.6217049,0.63726354,-0.18237062,-0.40925506,-0.27913254,-0.7188399,-0.14564475,0.70268863,0.20070606,-0.83600587,-0.27346498,-0.70975435,-0.9709265,0.2700012,0.057463087,0.5448587,-0.3746125,-0.8594709,0.15113617,0.5757354,0.42590967,-0.6441021,-0.6237306,-0.825235,-0.69928735,0.36070818,-0.72349143,-0.6369793,-0.48602086,-0.6955838,-0.4826263,-0.6496958,0.06092177,-0.29720923,-0.3988367,-0.095399454,0.0853934,1.2870461,-0.9052224,-0.57673603,-0.40062392,-0.020113498,-0.14101541,-1.0188104,-0.15535034,-0.14993542,-0.09318965,0.9673407,-0.7106145,-0.9122103,-0.3766885,-0.8066988,-0.31270805,0.002169629,-0.41400802,-0.4775447,-0.068051346,0.71475667
1.245482,0.63826483,1.3566455,0.58268535,0.77997625,1.1439329,-0.04404226,0.77753425,1.2253091,-0.24704267,0.43939984,1.1108488,1.1080004,0.6645142,0.96865326,0.75248593,1.2472273,1.1324512,0.52895147,0.9002699,1.1937251,1.0893731,0.82414234,0.7808618,0.6335915,1.030713,1.1550016,0.8087044,0.81762326,0.7916151,1.8903936,1.1931146,-0.36924928,0.90457034,0.58107084,0.57423717,0.446023,-0.052315824,-0.63034976,0.2845396,-0.48715517,0.9449541,-0.12049545,0.33890486,1.2415035,0.35252973,0.338296,1.204544,2.0472343,-0.34243864,0.9979489,1.2274723,0.9526601,1.2121454,0.6159371,0.9493531,1.4235865,1.2233574,0.43949977,0.5132256,0.9867016,1.4028867,1.5759754,0.30799532,0.911782,1.2056397,0.8017209,1.4033475,1.3301316,0.9950065,0.7292926,1.291619,1.0755086,0.57819,1.0570962,1.1936954,0.4068802,0.48088765,1.7274798,1.9721149,1.1728437,0.56460196,1.1024711,1.1790228,1.2172455,0.68757516,0.8196887,0.7366033,0.32257777,-0.0015050354,0.78949803,0.4289581,0.62328666,0.96686393,0.62585014,-0.15253697,0.57717305,0.20562613,0.90568703,0.077392794
1.4248755,0.54975504,-0.43575883,-0.07662728,-0.98014504,-0.2395514,0.14240319,-0.041047927,0.32404718,0.58066505,0.027542448,0.5264581,-1.0843184,-0.13859499,0.32356194,0.3280434,0.4943782,0.6331149,-0.019783964,1.0038315,0.069914564,0.5232451,0.47508967,0.79203975,0.81001186,0.514555,1.002892,0.5440768,0.3006593,-0.68898785,1.4466043,-0.057576757,0.17441382,0.4417732,0.82805514,1.2786338,0.4326383,-0.24068491,-0.5354838,0.18314245,0.24192321,0.5571435,-0.20631438,0.07986283,1.1041021,0.2774766,0.6111631,0.64613074,0.23772211,-0.31264514,0.29034206,0.30705777,0.40823388,-0.52073795,-0.26140362,0.69057804,-0.23176612,0.8226727,0.7574451,0.78276694,0.1986637,-1.063729,-0.74182105,-0.47334987,-0.107221976,-0.487382,0.4739717,-0.044098936,0.93082124,0.7218449,1.0005578,0.55765563,0.68690753,0.18329647,0.8002443,0.9961558,0.64970535,0.6390438,0.9231805,0.35106847,0.9931343,0.7055255,0.82832307,1.4941791,0.90896434,0.6205121,0.6174687,0.5855672,0.58566684,-0.6624091,-0.04180072,0.24426459,-0.2461757,0.49779624,0.28767762,0.7250035,0.5637196,0.81325495,0.46685213,0.24939907
0.17814857,0.8132358,1.130659,0.2716411,0.6762759,0.8027356,0.76268035,0.362989,1.1132369,0.0052431417,0.550621,0.83778775,1.0400171,0.52439326,-0.24059299,0.5977093,0.9539601,0.4307651,0.6396179,1.1524731,0.5583835,0.67236465,0.17264354,0.6599749,0.39813334,1.1492336,0.7107025,0.24161913,0.5045857,0.24719918,0.35559323,0.93082005,0.049224112,0.66051793,0.6907253,0.5526932,0.81069493,-0.03990077,0.2558074,0.62345177,0.66677725,1.0371696,-0.0050386423,0.24271837,0.2982597,-0.09566924,0.58862007,0.7908254,-0.47347862,0.5893364,0.946474,0.156667,1.1100706,-0.11476302,0.45104593,0.7414586,1.0862,-0.16707793,0.33158284,0.43226618,0.10739213,0.7240443,0.8447113,0.12532999,0.25459895,0.04877414,0.7839647,0.66567665,0.14096023,0.28219742,0.66448444,0.6579887,0.26635242,0.7465218,0.46376482,0.37263495,0.757514,0.4019632,0.3280363,0.84613127,0.6537071,0.09817672,0.062037602,-0.043200884,0.7742183,0.24003972,0.23797067,0.18014638,0.6595631,0.32369632,-0.116369605,0.11347652,1.0043285,-0.5860716,0.7511751,0.2062851,0.6703357,0.25597212,0.17680903,0.43550882
0.05792727,-0.42698112,-0.09859747,0.98088765,-0.19685233,-0.17266989,0.2199849,0.23727556,-0.005318528,0.30044165,0.70641106,0.06505996,0.10594564,0.23813707,0.8099805,0.28848106,0.4645173,0.6306285,0.10990044,0.6016512,0.127456,0.46527806,0.0910558,0.7271871,-0.2411671,1.0017725,0.63090956,0.59808373,0.21371336,0.5135827,0.58859843,0.3759308,-0.63128436,-0.398352,0.9509953,-0.25108364,0.727003,0.16337065,0.23325613,0.19596082,0.49258626,0.052099973,0.92082167,0.14150617,1.1696037,0.44898954,0.3755616,0.49403626,1.4247663,-0.31127936,0.42152488,0.2876656,0.37124118,0.94861925,-0.9585896,0.18066798,-0.35149366,-0.056852665,0.3874199,0.6413321,1.1746241,-0.17903036,-0.019201916,-0.051987365,0.4358689,0.3909822,0.85509413,-0.08093299,0.10006985,0.15487935,0.31314492,0.21862723,-0.07595549,0.548914,0.6134148,0.5656689,0.3041137,0.07496158,-0.48874816,0.86181766,0.6135305,0.24148037,0.8020131,0.51084787,0.5103305,-0.02076532,0.21635613,0.5654018,-0.04372685,0.5328408,-0.27570194,0.8089458,-0.18874213,0.31506976,0.35211754,0.9736416,0.3035191,0.5942356,0.18561006,0.07174783
1.1152515,1.095584,0.4371024,0.6173826,-0.4550359,-0.5199787,1.221206,0.9817621,-0.17407021,0.5564169,1.3190728,0.21165979,0.26901147,1.0100111,0.74313486,0.84041077,0.28275266,0.43612543,0.643715,-1.3617928,0.62973493,0.38335747,0.84372425,0.30944073,1.3715351,0.57652354,0.3828538,0.4227296,0.5594346,0.4800262,0.5137785,1.2180098,0.4217856,0.33327958,0.43049237,0.14288019,0.20460276,0.12711771,1.0327681,0.24148542,0.45501333,1.2006012,1.8586653,0.62566507,1.2674567,1.1054311,0.48010716,0.8444324,-0.09968081,-0.0009339022,0.3923772,0.93393207,0.7710082,1.5179569,-0.18810467,0.6109995,1.4395988,0.44709453,1.0440241,0.6072009,0.34245062,0.35028893,0.21175636,0.5292429,-0.3154724,0.98341125,0.14442356,0.50583065,0.581724,0.2746839,-0.12813218,0.8443516,0.45374358,0.37756392,0.16268234,1.2677416,1.0938159,0.37433538,0.37859026,-0.16374457,1.057378,-0.32093233,1.0362438,0.8534205,0.7581757,0.9404953,0.80690026,0.73635346,-0.035425242,0.06637887,0.97850835,0.5087478,0.4270591,1.2701805,0.84851843,0.6699442,1.2651603,0.05848865,-0.18794617,0.44812837
0.48343453,-0.81644183,-0.5123195,-0.5094927,-0.3505192,-1.1928475,0.071003236,0.09118769,-0.27599272,-0.71813995,0.090013884,-0.6158793,0.1440105,0.050915744,-0.09635576,-0.17830077,-0.83158696,-0.8782238,-0.19804472,0.8062881,-0.36524102,0.031703703,0.22268175,-0.52022415,0.41673973,0.3285676,-0.03983991,0.31358325,0.18711385,1.5772722,-0.39868957,0.5516168,1.0036565,-0.08867284,0.31965423,0.622904,0.5460576,0.9662397,1.564642,0.6517989,1.7995367,0.37014604,1.5882642,1.1576351,0.94916266,1.861707,0.42538652,0.46540397,1.3907305,1.6955836,-1.3735508,-1.1018549,-0.99319893,-0.76243424,-0.9244534,-0.877356,-0.15045837,-0.61793643,-0.19724733,-0.2741772,-0.6191287,-0.35251188,0.016597042,0.21946678,-0.67539847,-0.07491096,-0.8923839,-0.24570554,-0.617786,-0.32387254,-0.60595536,-0.694158,-0.45341498,-0.26021206,-0.7587863,-0.32111764,-0.94987124,0.10992657,-0.37103885,-0.022158714,-0.88633686,0.9897195,0.6077284,-0.05152203,0.503157,0.10950168,-0.059868623,0.40842098,0.7502709,1.7790482,0.5234727,0.46560082,0.17796503,0.14461453,0.9861126,0.6856745,0.2921645,0.19471511,-0.7189,1.5305083
-0.6486063,-0.5152882,-0.55932003,-0.023891263,-0.32943788,-0.2491266,0.28775197,-0.36716604,-0.25475156,-0.4842205,-0.41246068,-0.605178,-0.22337766,-0.40245748,-0.18729046,0.41925457,-0.39256048,-0.3177419,-0.24092591,-1.1279165,-1.0505569,-0.15300569,0.01880199,-0.4734588,0.38516694,-0.4380864,-0.6643731,-0.3704916,-0.13465671,-0.3317741,-0.37719226,0.31199223,0.6595497,0.60101956,0.19103085,0.45233962,0.3439063,1.0832059,0.8835884,1.0314045,0.4318928,-0.42326835,1.3411379,-0.160673,0.1672155,0.20386447,0.60925823,0.87195134,-0.03623098,0.39040345,0.26809865,-0.18311891,0.010878068,-0.30727255,0.39881462,-0.7918579,0.25983876,0.1958704,-0.10494507,-0.29001346,-0.76686966,-0.49486017,-0.7234326,-0.26157975,-0.7057653,-0.29789147,-0.73452574,-0.71462435,-0.23415257,0.51884747,-0.8280128,-0.42695653,-0.41097987,-0.10048184,-0.8089243,-0.36441702,-0.07783801,-0.8738639,0.23593801,-0.3732259,-0.7313042,0.13168475,0.30296597,-0.09469695,-0.46672377,-0.26086888,-0.13443373,-0.34723824,0.669726,-0.10324415,0.5161974,-0.061340474,-0.29513,0.21165526,0.33461308,-0.37673283,-0.11222215,-0.1756145,-0.38911772,0.63823014
1.5802197,0.20238829,0.019503556,0.36697608,-1.2015483,-0.36515942,1.1997313,-0.13543558,-0.06370035,0.30406797,0.45966712,0.57661664,0.4562462,0.5782386,0.22183345,1.0802957,0.28403515,0.49018043,0.007686381,-0.21829548,-0.23135616,0.83082664,0.5840681,0.121511,0.6567725,0.18701121,0.5330743,0.35189858,0.09443592,-0.33082014,0.23195206,0.80081385,1.6172973,0.12916975,1.1301004,-0.1811117,0.67092603,0.6953822,0.6330542,0.86608183,1.2755525,-0.5969592,1.5501666,0.32611504,1.1064538,1.21698,0.5250503,1.2318037,1.4781766,-0.08053353,1.1817992,-0.36553842,0.4886743,-0.5642571,0.31752154,-0.7867183,0.30900043,0.41149837,-0.082933806,0.42706844,-0.27499002,0.1735591,0.02180696,0.50103945,-0.21793184,0.3307651,0.4737664,-0.39114267,0.29056525,0.34020612,-0.45605087,0.6777646,0.109038405,0.2664227,-0.31999773,0.09488107,0.13492589,0.37302783,0.1826343,0.28902617,0.083825804,0.30359334,1.092947,0.7392405,0.31326175,0.57946724,0.57744825,0.45119298,-0.31458354,0.2115473,0.00985238,0.6579219,-0.29476756,0.070669286,0.90242606,1.1316677,1.0580316,0.6995974,-0.117573656,0.57288367
