7Networks_LH_Vis_1,7Networks_LH_Vis_2,7Networks_LH_Vis_3,7Networks_LH_Vis_4,7Networks_LH_Vis_5,7Networks_LH_Vis_6,7Networks_LH_Vis_7,7Networks_LH_Vis_8,7Networks_LH_Vis_9,7Networks_LH_SomMot_1,7Networks_LH_SomMot_2,7Networks_LH_SomMot_3,7Networks_LH_SomMot_4,7Networks_LH_SomMot_5,7Networks_LH_SomMot_6,7Networks_LH_DorsAttn_Post_1,7Networks_LH_DorsAttn_Post_2,7Networks_LH_DorsAttn_Post_3,7Networks_LH_DorsAttn_Post_4,7Networks_LH_DorsAttn_Post_5,7Networks_LH_DorsAttn_Post_6,7Networks_LH_DorsAttn_PrCv_1,7Networks_LH_DorsAttn_FEF_1,7Networks_LH_SalVentAttn_ParOper_1,7Networks_LH_SalVentAttn_FrOperIns_1,7Networks_LH_SalVentAttn_FrOperIns_2,7Networks_LH_SalVentAttn_PFCl_1,7Networks_LH_SalVentAttn_Med_1,7Networks_LH_SalVentAttn_Med_2,7Networks_LH_SalVentAttn_Med_3,7Networks_LH_Limbic_OFC_1,7Networks_LH_Limbic_TempPole_1,7Networks_LH_Limbic_TempPole_2,7Networks_LH_Cont_Par_1,7Networks_LH_Cont_PFCl_1,7Networks_LH_Cont_pCun_1,7Networks_LH_Cont_Cing_1,7Networks_LH_Default_Temp_1,7Networks_LH_Default_Temp_2,7Networks_LH_Default_Par_1,7Networks_LH_Default_Par_2,7Networks_LH_Default_PFC_1,7Networks_LH_Default_PFC_2,7Networks_LH_Default_PFC_3,7Networks_LH_Default_PFC_4,7Networks_LH_Default_PFC_5,7Networks_LH_Default_PFC_6,7Networks_LH_Default_PFC_7,7Networks_LH_Default_pCunPCC_1,7Networks_LH_Default_pCunPCC_2,7Networks_RH_Vis_1,7Networks_RH_Vis_2,7Networks_RH_Vis_3,7Networks_RH_Vis_4,7Networks_RH_Vis_5,7Networks_RH_Vis_6,7Networks_RH_Vis_7,7Networks_RH_Vis_8,7Networks_RH_SomMot_1,7Networks_RH_SomMot_2,7Networks_RH_SomMot_3,7Networks_RH_SomMot_4,7Networks_RH_SomMot_5,7Networks_RH_SomMot_6,7Networks_RH_SomMot_7,7Networks_RH_SomMot_8,7Networks_RH_DorsAttn_Post_1,7Networks_RH_DorsAttn_Post_2,7Networks_RH_DorsAttn_Post_3,7Networks_RH_DorsAttn_Post_4,7Networks_RH_DorsAttn_Post_5,7Networks_RH_DorsAttn_PrCv_1,7Networks_RH_DorsAttn_FEF_1,7Networks_RH_SalVentAttn_TempOccPar_1,7Networks_RH_SalVentAttn_TempOccPar_2,7Networks_RH_SalVentAttn_FrOperIns_1,7Networks_RH_SalVentAttn_Med_1,7Networks_RH_SalVentAttn_Med_2,7Networks_RH_Limbic_OFC_1,7Networks_RH_Limbic_TempPole_1,7Networks_RH_Cont_Par_1,7Networks_RH_Cont_Par_2,7Networks_RH_Cont_PFCl_1,7Networks_RH_Cont_PFCl_2,7Networks_RH_Cont_PFCl_3,7Networks_RH_Cont_PFCl_4,7Networks_RH_Cont_Cing_1,7Networks_RH_Cont_PFCmp_1,7Networks_RH_Cont_pCun_1,7Networks_RH_Default_Par_1,7Networks_RH_Default_Temp_1,7Networks_RH_Default_Temp_2,7Networks_RH_Default_Temp_3,7Networks_RH_Default_PFCv_1,7Networks_RH_Default_PFCv_2,7Networks_RH_Default_PFCdPFCm_1,7Networks_RH_Default_PFCdPFCm_2,7Networks_RH_Default_PFCdPFCm_3,7Networks_RH_Default_pCunPCC_1,7Networks_RH_Default_pCunPCC_2
-0.6513782,-1.392654,-1.4814024,-1.4944398,-1.3106554,-1.6727316,-1.4009043,-1.6928217,-1.3242363,-0.6432701,-0.20085715,0.6800529,-0.28121987,-0.030880982,0.66438895,-0.31070396,1.5113387,-0.43387967,1.4037458,-0.37072003,-0.42978245,0.7716384,0.79047257,1.3858956,-0.21852575,0.07038765,0.30807438,-0.3515045,-0.38689148,0.29268447,-0.10738929,-0.9580497,0.66119075,0.15768051,0.077004746,-0.60187215,-0.6463819,-0.36182335,-0.9034222,-0.9810575,-0.92271596,-0.67201674,-0.91604286,-1.0568457,-1.3798798,-0.8968466,0.28785753,-0.85298157,-1.6519428,-0.93959963,0.042038947,-1.1814469,-0.51927274,-1.3971277,-1.8560535,-1.3292398,-0.32653615,-0.89041275,-0.5061198,-0.45541146,-0.12877484,-1.6725618,-0.94992155,-1.7074242,-0.30660617,0.704932,0.27506265,1.294947,1.5222111,0.07185387,-0.3950652,0.4186412,0.5333311,-0.25959438,1.6983628,0.034633216,0.1641714,0.08055432,-1.0951674,-0.7386738,0.36029595,0.784799,-0.121158935,-0.12256765,0.43616173,-0.040024832,-0.7931368,0.35613868,0.09160816,0.07779711,-0.266081,-0.7733372,0.009052181,-1.5366309,-0.5281166,-1.5168543,-0.17695788,1.4696362,-1.6886052,-0.94859874
-3.2432218,-2.6027508,-2.434754,-2.515374,-2.0084453,-2.6336582,-3.5212412,-2.5888875,-1.2911955,-1.7723302,-1.0307938,-1.6728729,-0.53836745,-1.2237085,-0.74407,-3.0523403,-0.04670064,-1.8744813,-0.34521878,-1.7973901,-0.40241674,-1.1388588,-2.087779,-0.6838394,-1.1114572,-0.6670848,-2.8199458,-0.7802227,-0.69761246,-2.232379,-1.1821527,-2.1931968,-2.0632691,-1.7147294,-1.5552528,-2.3519864,-0.74746853,-2.1813376,-2.453157,-2.9377143,-2.0171611,-1.1803949,-0.48863238,-1.6790149,-2.4058316,-1.266151,-0.25198224,-1.5052822,-2.2014015,-1.605056,-0.8181174,-1.2298843,-0.05547544,-1.2905215,-0.96527433,-1.2089728,-1.2788858,-0.92103606,-0.41512546,-0.06370822,0.23489116,-0.12945937,0.7077236,-1.3699541,0.4153146,-0.80203396,-0.5416472,0.0056087743,0.86398035,-0.9785591,-0.5809794,0.18406394,-1.5646665,-0.58790016,1.0463711,-0.3275868,-0.2821886,-1.423505,-1.2817777,-0.3110623,2.185233,0.6559473,-1.0798539,-0.44779077,0.35525098,0.9466739,-1.019077,0.0835674,-1.4986087,-0.027543167,0.12832227,-1.6118395,0.15340531,-0.45455357,0.062288567,-1.5535871,-0.011606134,-1.6188946,-1.8027178,-1.6878494
-1.2582499,-0.83250046,-1.3506137,-1.000274,-0.6829013,-0.9813953,-0.959523,-1.7416148,-0.7187145,-1.5305494,-0.12915744,-0.9876686,0.91636133,-0.07833591,0.9965296,-1.3867879,-1.2611232,-1.9171222,-0.50462174,-1.4695219,-0.48004436,-0.74226123,-0.968986,-1.0985253,-1.2592291,-0.413105,-0.56456685,0.16342378,0.84292656,-0.0028637557,0.47080833,0.6131377,0.036577042,-0.98221654,0.027832288,-1.2576939,0.6179956,1.1066766,0.05897315,-0.74235624,-0.12826978,-0.7066176,1.3238358,0.9148734,-0.514608,1.6307251,1.6189516,0.3626664,-0.35166705,0.46670532,-0.5229227,-0.63344926,-0.7231821,-0.3722948,-0.5476707,-0.17762569,-0.9874156,-0.20222688,-0.9932974,-0.28880322,0.32187578,0.6913556,1.0832044,1.4568927,-1.1780016,0.41656154,-0.4201596,-0.4056748,-0.7550214,-0.94153714,-1.8439599,-0.822372,-1.1984825,0.018002631,-0.15850854,-1.5400639,0.3453512,-0.4340067,-0.87386966,-0.55001783,-1.1566991,1.7616571,-1.1584693,1.3665471,-1.0425535,1.5362828,0.19147177,-0.07061589,-0.29116634,0.7113047,-1.3741786,0.22694664,1.0682714,0.02881121,1.1732979,0.25957,1.7560046,-1.4486582,0.06978801,0.94130504
-1.3523693,-2.431969,-2.3382082,-2.294291,-1.7162453,-1.9653745,-3.5443046,-2.5342784,-2.342863,-0.83161026,-1.1043926,-0.77355444,0.71928996,-0.027953012,0.008220718,-3.3775637,-1.4438292,-1.7938324,-0.91184,-0.12628187,-0.40400594,-0.117356874,0.03221172,-2.147792,-1.8272797,-0.791787,-0.5894109,0.5426344,-0.5045467,0.74405724,-0.2762971,-0.54443026,-1.2311606,-1.439618,0.244414,-1.473711,0.441461,-0.787724,-1.5420684,-3.514991,-1.6862901,-0.8701764,-0.44614092,-0.10858518,-1.0811638,0.2314803,1.0812349,-0.4261803,-0.8814533,0.08995802,0.6432566,-0.79260576,-0.13376004,-0.8290588,-1.2461797,-0.22658306,-0.5609306,-1.3830686,-1.1535349,0.2713815,-0.030357726,0.8704577,0.78562593,-0.4795163,-0.31566286,-0.61435115,0.38100743,-0.4527483,-0.2602633,0.276139,-0.51119494,-0.69153434,0.45223218,-0.15648241,-0.09099128,-0.5355563,-0.43984002,-0.021438738,-0.9070124,-0.5410011,-0.81820875,1.8234046,-0.34526315,0.68036413,-0.5222907,0.0777486,-0.4176453,-1.7014736,0.32134652,1.1273859,-0.5252162,-0.7167023,0.22031112,-1.6868662,-0.44012144,0.18910705,-1.2123477,-2.4467032,0.32957712,1.2166775
-0.21182483,-1.8088094,-0.6974808,-0.7635231,-0.094252914,0.5399951,-1.1353633,-0.7919021,-0.074069455,0.017978588,-1.3074738,0.16549556,0.29641223,1.1314929,-0.11459967,-1.7504827,-1.1924744,-0.70022696,-0.3927776,-0.027931957,-0.2785931,-0.36127698,-0.5339797,-1.6454412,-0.96670324,-0.26732513,0.3309256,1.3880672,-0.013718105,-0.2509442,0.94267726,0.5341554,-0.22517039,-0.068237215,0.63708156,-0.46352696,0.8291275,0.49400467,0.8394743,-0.8164153,-0.120767355,-0.32830906,0.28597674,0.8090617,0.4443231,0.8775742,1.028349,1.1229372,0.31325424,1.2435609,0.6065091,-0.21336108,0.36334965,-0.20595801,0.20163485,0.96352005,0.80274534,-0.050010756,0.9006743,1.0394998,1.0994259,2.1025047,1.7768195,2.034574,-0.40842554,-0.0070679337,2.1368153,0.16358162,-0.19584177,0.87126607,-0.52586496,-0.16195321,-0.21806572,1.6059327,0.11567154,0.56566626,0.95492655,-0.39608598,0.18338752,0.054316416,-0.19976786,1.1113971,-1.051454,1.5104965,-0.30654082,0.48190317,0.8720226,0.52686065,1.0650796,1.2898171,0.39482358,0.40211853,1.1798539,-0.40855888,0.16545393,1.361281,0.6972459,0.3348951,1.4148794,1.589142
-0.107049815,-0.2581267,-0.6770958,-0.34614825,-0.63476896,-0.2688449,-1.5240333,-1.2299889,-0.7121323,-0.7638679,-0.5990548,-1.3537534,-0.19975008,-0.75847054,-1.1462365,-0.8638958,-2.4630876,-1.6476674,-0.91537076,-0.80143267,-0.4035317,-1.2106422,-0.31575605,-2.1186378,-2.0024314,-1.7659041,-1.1485555,-0.36249322,-0.61043674,-0.26677865,0.19592491,0.2281189,-2.0102944,-1.5195897,-0.12818149,-1.2644529,0.5213625,0.4092498,-0.15344074,-1.3782171,-0.38274518,-0.8368728,0.59534013,0.4930346,-0.08517046,0.21448767,0.38609985,0.4763389,0.65407556,0.7367498,-0.47422907,0.45992723,-0.6776457,0.49448013,0.11362091,0.56593484,-0.28967145,0.26819462,-0.19171259,-0.71324724,-1.1373626,0.31903377,-0.08002038,-0.2089986,-1.3472471,-0.76156336,-0.50608087,-0.4875022,-1.4832671,-0.20014724,-1.3862014,-1.2859507,-0.80665654,-0.6147276,-1.3444387,-1.1015791,-0.5792139,0.04076519,-0.6192473,1.1735362,-1.819177,1.7982099,-1.7439483,1.0591694,-1.3715018,0.06853521,-1.0645283,-1.1190698,-0.949553,0.75250375,-1.0185463,-1.1702086,1.0761787,-0.14792913,0.6482967,1.2581781,-0.16569348,-1.9411856,0.62299174,0.70538336
-2.1189396,-1.4921275,-1.7672237,-0.9757819,-1.2448835,-0.918686,-1.7509707,-1.6860955,-1.4480245,0.21196008,0.036497742,-0.5854303,1.1388022,-0.74862075,-0.049177814,-2.1100063,-0.41877985,-1.4025607,-1.3066748,0.25364164,-1.4044725,-0.5844516,-0.506031,-1.4409126,0.35979363,-1.384243,-1.1977787,-0.07148986,-0.6370929,-0.32339135,0.03071979,-0.04328367,-1.2571454,-0.9225278,0.22950293,-2.0474184,-0.12269605,0.25865588,0.22133364,-0.96383154,-0.9099265,-0.076195985,0.5767988,0.30535108,-0.1310068,0.61996543,1.2903134,0.24672586,0.03325804,0.19601665,-0.8921952,-1.0366409,-0.58837366,0.12385709,-1.1295284,-0.75585747,-0.9035907,-0.7754515,0.50917363,-1.2006825,-1.1480359,0.99416107,0.20119148,-0.050337825,-2.1431818,1.2024618,-0.7944381,-0.50850743,-0.58528614,-0.7392811,-0.56485224,-1.1414387,-0.17743728,-0.34106103,-0.9203508,-2.0128932,-0.10950177,0.29266635,-0.6105677,-0.3381546,-1.1614616,1.1599413,-0.80092514,0.95677257,-1.6180611,0.7138292,-0.31480214,-0.2911305,-0.6862379,0.5624328,-0.67679846,-0.38222528,0.712353,-0.2851999,1.4163905,0.651514,1.5842818,-1.0373603,-0.63149756,-0.03850057
-0.8384724,-0.38378596,-1.1475725,-0.24378729,-0.3438251,-0.09871435,-0.88305765,0.014068587,-0.016507687,-0.4515329,-0.48555654,-0.00961785,0.24415635,-0.009450102,-0.14572749,-0.6285679,0.47485533,-0.30272692,0.06611885,-1.1131834,-1.4669912,-0.028604,-0.3886844,-0.017485037,-0.7552734,-0.37629822,-0.13461564,0.714086,-0.5497745,-0.0029500483,-0.2536455,0.35196096,0.14678387,0.015839592,-0.094312616,-0.61639464,1.976454,-0.44826797,-0.6762365,-0.5767629,0.617804,-0.12917799,0.89500207,1.197511,-0.48590937,0.8572443,0.9269661,1.6517118,-0.54861796,0.20548426,-0.96371233,-0.47334066,0.060259484,0.53157806,-0.14515308,0.1540883,0.020892026,0.23685727,-0.20374143,-0.598416,0.7169245,0.5001769,0.7548423,-0.5024166,0.3881071,-0.24178639,-0.82373047,0.3800889,-0.40762597,-0.39575025,-0.2967801,-0.5167703,-1.0330259,-0.9711939,0.1196296,-1.0504814,0.25551924,-0.2708809,-0.8032856,-0.60642856,-1.3369325,0.2204573,-0.44872648,0.15818028,-0.6573463,-0.34588712,-0.04100844,-0.023227219,-1.1349045,0.5594738,0.05064385,-1.5102136,-0.27899408,-0.48690206,-0.11000013,1.019034,-0.117431894,-0.39813098,0.014786507,0.06902426
-1.3145287,-0.38266906,-1.5493362,-1.2030687,-1.0082315,-1.2962407,-2.589553,-1.4490418,-1.7798916,-0.7152118,-2.1226747,-1.5064818,-0.9705476,-1.7257384,-2.0401363,-1.4877561,-0.51225454,-1.2193501,-1.0532337,-0.64459455,0.07935689,-0.40920332,-1.13176,-1.6028321,-1.3213222,-0.13593517,-1.0563122,-1.8056318,-1.2203144,-0.8969521,-1.6092706,-2.2434049,-1.5274895,-1.2163125,-0.5811316,-1.006429,-1.8519884,-1.867074,-1.8280998,-1.723343,-2.338873,-1.5384063,-1.3880581,-1.372157,-1.5494757,-1.1122504,-0.8499809,-1.3902254,-2.3860261,-1.9624996,-0.63421214,-0.8121219,-0.7778311,-0.08888717,-0.3646957,-1.2777096,-0.8210447,-0.5444315,-0.42384654,-1.653922,0.64957356,0.24483272,0.4380093,-0.8898559,-0.37781015,-0.5229095,-0.734269,-0.61039305,0.17566496,-0.5112036,-0.9336166,-0.20566311,-0.84250224,-0.73019135,-0.05675469,0.117255,-1.5574518,-0.90931565,-1.3224545,-1.8848742,0.54727405,-1.3155034,-0.97239333,-1.6872133,-1.0278801,-1.9658602,-0.84497714,-1.4357218,-1.273061,-0.7946398,-0.7585901,-1.6081189,0.07432944,-1.0106889,-1.185871,-0.29234266,-1.8213854,-0.6637928,-0.925367,-2.2404552
-1.0548037,-0.7923122,-1.0591894,-1.2978387,-1.0063938,-2.0001888,-0.6834281,-0.69714427,-1.5618051,-1.8725201,-1.6657672,-0.8453623,-0.72999096,-2.017894,-1.3973739,-0.54626435,0.7370335,-0.3399525,1.2474582,-0.7685568,-0.99878573,0.5779515,-0.8497243,0.22522582,-1.033896,0.4567501,0.5605056,-0.28842953,-1.5369823,-0.4866465,-2.2481818,-1.8330604,-1.0335156,-0.32348487,-1.3538504,-0.717776,-1.4879268,-1.3278936,-1.3794578,-1.1460807,-2.2929528,-0.1105347,-1.6410346,-2.0116975,-2.4552593,-2.1462831,-1.3746337,-1.9111441,-2.5681918,-2.4047728,-0.53183997,-0.77828526,-0.50169736,-1.2616627,-1.1268744,-1.838797,-0.70971817,-1.110233,-1.7759765,-1.6317923,-0.681666,-1.765709,-1.2889249,-1.3720104,-0.4583883,-1.3296484,-1.7088518,0.595304,0.79349464,-0.6136799,-1.0133374,0.7745244,-0.3354964,-1.5930506,0.19053398,-0.6530996,-1.0133381,0.22458497,-1.9788524,-1.7045424,0.22132538,-2.015474,-0.55928284,-2.0934093,-0.7420592,-0.89574367,-1.5161068,-0.21678266,-0.8507136,-1.7017018,-1.7612157,-0.5650381,-2.0425172,-0.36852986,-0.3349843,-1.1830899,-0.33715585,0.3388511,-2.251932,-2.285429
0.43514222,-0.2980968,-0.4997072,-1.013223,-1.2639939,-1.13706,-0.041618537,0.023264153,-0.90360487,-0.81712383,-0.5195927,-0.00014674883,-0.21649484,-1.0027107,0.2836976,0.83942205,1.8963232,0.91729075,1.1023306,0.5901054,0.053254515,1.5612018,0.97232485,1.5981321,1.3526833,0.5453306,0.36320272,-0.26465276,0.72222257,0.32474074,-0.7508101,0.3410236,-0.25503775,0.96660393,0.17233706,0.44279233,0.0476397,-0.49745607,-0.14925008,-0.009154888,-0.2610365,0.5578449,-0.5654351,-1.3053869,-0.10593706,-1.5713428,-0.14459528,-0.5528609,-1.0835137,-1.4438105,-0.22078921,-0.044780612,0.25377792,-1.4240419,-1.3172374,-0.9114009,-0.25625402,-1.0327756,-1.7510612,-0.49052998,-1.0707897,-1.5744134,-0.39546874,-1.4640908,0.04027294,0.9234955,-0.6770654,1.9772584,1.5963911,0.6903702,0.5794098,1.4082464,0.56140065,-0.1923606,1.2024105,-0.5648577,-0.07940887,0.75223714,-1.3277164,0.6440182,2.284655,-0.431221,0.108027846,-0.10302441,1.0934746,-0.6588174,-0.59769356,0.5309231,1.1111904,-0.70391923,-0.32238477,0.8289468,-0.95891315,-1.072757,0.5386948,-0.9313545,-0.57347107,1.9458187,-0.98512954,-0.71744204
0.26044214,1.0860575,0.5393302,0.8164369,0.033885803,0.15308578,1.1402069,0.5186844,0.007111128,0.6327881,0.4281772,-0.0809442,1.1986333,0.90551233,0.31774637,0.9914584,-0.56425387,0.18894543,-0.6099024,0.6592257,-0.0804238,0.76291996,0.088655785,-0.46423393,0.31721553,-0.4825775,-0.017901262,-0.22717659,1.2378976,-1.0891616,-0.7525885,-0.36921453,0.09436663,0.720677,0.5548214,1.3261086,-0.4317125,1.3210663,-0.09963264,0.58609825,-0.45972824,0.45664418,-0.88536245,0.02799634,-0.050309323,-0.61220586,0.25736493,0.20568508,0.46252063,-0.08580978,-0.25204214,0.29268086,-0.5290716,0.20052947,-0.16978708,-0.49419102,0.30308706,0.32850134,-0.92655814,-2.2999315,-1.3108337,-0.41535848,-1.0110981,-0.44622922,-0.9105704,0.4111755,-0.6853895,-0.50361496,1.035283,0.40124953,-1.0969776,-0.7310199,0.25817597,-0.6839404,-1.5025238,-1.4244274,0.97088313,0.45173144,0.02208454,0.4121599,0.18231985,-0.5998818,0.96636176,-0.5872228,0.9640429,-1.0630536,0.5703223,0.64173174,1.1856117,-1.241985,-0.8416136,0.5184122,-0.647655,-0.14010729,-0.78707814,0.71537054,0.24828888,1.4224236,0.0050824243,0.8868891
-0.2959962,0.21116586,-0.45119157,-0.373328,-0.29278204,-0.56748736,-0.008140123,0.20937103,-0.4683977,-0.032384664,-1.0823681,-1.333297,-0.35739857,-1.6540731,-2.044848,-0.33071184,-0.027905136,-0.02796884,-0.39222416,-0.36868402,-1.3244195,-0.54396594,-0.1271418,-0.02157275,-0.84225595,-0.32381815,-1.0759983,-0.2386812,-0.36686432,-2.0027676,-1.5792167,-1.4785438,-0.8348789,-0.14779262,-0.931465,0.7773258,-1.4144751,-0.94904536,-1.4104838,-0.62524146,-1.117387,-0.86986893,-1.7900102,-0.6283655,-0.36122346,-1.142126,-1.0711029,-0.77487063,-0.33472973,-1.212967,-1.015048,-0.7565892,-0.6088975,-0.1169157,-0.5685072,-0.65561026,0.3602146,0.03944896,-0.33231393,-1.641945,-0.8807665,0.50559974,-0.27599317,-0.5105885,-1.5194664,-2.2575717,-0.4575562,-0.15390882,0.46565005,0.054186307,-2.308667,-0.6137364,0.0277679,-0.3615974,-1.1088724,-0.76654965,-1.1248437,-0.8573928,-0.40971538,-0.75569415,-0.19374058,-2.258472,-0.62542063,-0.75489503,-1.1273534,-0.83013874,-0.8784965,-1.5788891,0.54736537,-1.4209051,-0.29201987,-0.28687483,-0.39853,-0.14715123,-1.2481513,-0.45166886,-0.063412115,-0.44051647,-0.22737348,-0.09389364
0.9862925,0.04600479,-0.058278788,-0.37702575,-0.62912256,-0.60776675,0.0023090218,-0.7946062,-0.81942207,-0.8950478,-1.1018966,-0.2419303,0.6301075,0.08816556,0.6029915,1.6009516,1.943157,0.15190437,2.660428,0.80579984,0.1107113,1.5522478,1.3737513,0.0059130196,0.9447717,0.032118995,0.33002204,0.44086313,2.1475968,-1.7565495,0.20475997,1.5879525,0.6885246,1.351878,1.2433611,0.121565685,0.31536165,0.65621674,-0.8939503,-0.25652924,-0.042252585,0.0100269355,-0.66303855,0.33318803,-0.41615853,-0.08318005,-0.21678081,0.75326204,0.13201517,0.58124626,0.8641145,-0.107704684,0.41974092,-0.7301507,-0.8884757,-0.57228327,-0.4493612,-0.9648519,-1.3546871,-0.74668777,-0.9297852,1.6345162,0.03864285,-0.572978,0.3434164,0.40588975,-0.34145316,2.518508,2.4888637,0.9130471,-0.0689457,1.698485,0.26452366,-0.88384837,0.31926405,-0.47928357,0.60034764,-0.33497378,-0.5192995,0.3855981,1.5276498,-0.5077974,0.071655974,0.2836784,-0.47795632,-0.30254564,0.7279301,0.74516124,0.8923795,-0.89771116,0.6219077,0.026593639,-1.0345912,-1.3462173,-0.82382727,-0.13204893,-1.0083202,1.1181109,-0.23749189,0.4712046
-1.1313217,-0.011063289,-0.10988502,0.53054214,0.02772265,-0.35244715,0.31491876,0.08490861,-0.057917062,0.58503824,-1.0976709,-0.030016787,0.6779234,-0.15277301,0.114046216,0.08328158,-0.5052845,-0.2432988,-0.91639686,-0.7727048,-0.33219236,0.33090028,0.08151213,0.41855907,-0.9886849,-0.12010626,-0.12844361,-0.6389936,-0.029932654,-0.8946327,0.14280598,-0.8253404,-0.6259652,-0.76593804,0.35153455,-0.5762122,-0.13141185,0.8728487,0.32283732,0.8691593,0.108392395,0.81143373,-0.07489407,0.68036777,-0.6923343,-0.09507864,0.16587347,-0.31673604,0.081133544,0.5334414,-0.46487436,-0.6068616,0.05197027,-0.1060944,-0.44614995,-0.4112435,-0.6135195,-0.35456732,-0.22454597,-0.56306154,-0.038736615,-0.2508858,0.21164976,-0.0025181132,1.0543168,-0.025421135,-0.853106,0.7366006,0.38785318,-0.60255563,-0.31756365,0.5769815,-0.14377326,-0.1460179,-0.11246862,-0.33622894,-1.1706052,1.0149349,0.035240285,0.73105234,0.37329578,-1.0784335,-0.039484043,0.07925266,-0.15109327,0.869954,-0.009973356,0.9884691,-0.9323847,-0.86355025,-0.9694907,-0.18133688,0.3421275,1.0716786,1.0797752,0.90655774,0.70797527,-1.5367187,-0.74484515,0.57088006
-0.4466728,0.26713976,0.10997396,0.3121099,-0.21206169,0.0759247,-0.1200598,0.43106627,0.23987953,-0.13160548,-0.764599,-1.0878775,-0.92860436,-0.51178557,-1.3223113,0.14005965,0.7666552,0.03165839,-0.4695829,-0.22950438,0.15641466,-0.61948615,-0.60511833,0.47806072,-0.37255144,-1.2095912,-1.1005356,-0.47281867,-1.0278848,0.42199913,-0.34102377,0.047509495,-0.10617927,-0.6000015,0.050902676,-0.68194675,0.59211683,0.930228,1.0238372,0.5547778,1.0073848,-0.5408449,1.7700993,0.91908634,0.13261175,0.6891021,0.6808238,-0.2886448,-0.1484232,0.42107847,-1.1467597,-0.10755531,-1.1134596,0.50604993,-0.04481697,-0.50372833,-0.465318,0.02860658,-0.37891197,-1.8258035,-1.5163238,-0.5525017,0.22652802,-1.8521178,-0.118506074,-1.0982486,-1.273991,-0.7843674,-0.9362075,-0.9904971,-0.45703757,-0.6083472,-1.0510997,-0.93281955,-0.8614674,-1.3751017,-0.34668386,-0.9067686,-0.18214346,-0.002056391,-0.45039165,-0.30255193,-0.17337929,-0.13782018,0.35409504,0.25400808,-0.097428605,0.5633553,-1.3053968,-0.017784731,-0.95904565,-0.66236174,0.13489674,1.3772498,1.057205,0.42355424,1.6398183,-0.9148067,-1.0734344,0.1474288
0.3470146,-0.18047553,0.58496153,-0.03975119,-0.58182174,-0.23456962,0.36616507,0.1210654,0.25926214,0.13343994,0.29742798,-0.56029576,-0.091372974,-0.7474903,-0.867321,0.28741455,0.53442466,0.04645286,-0.1532161,-1.0901878,-1.0868287,1.3522913,0.1859667,0.20281146,-0.18838854,-1.3575336,-0.62696767,-0.23257814,-1.4518874,-0.22348401,0.5143055,0.72557795,0.99190503,0.0855707,1.6115153,-1.083225,-0.391278,1.0633948,1.4755864,1.1549065,1.0732486,0.14392295,2.181248,0.6904031,0.37902978,0.56289095,1.3646889,1.7221456,-0.6094696,0.2262075,-0.53702456,-0.051013533,-0.36931172,-0.35367465,-0.7555588,-0.40426555,-0.68409747,-0.66452426,-1.2700539,-0.49096632,-1.862576,-0.3355473,-1.4035343,-0.30941382,-1.0540237,-0.50177485,-1.4878014,-0.1757109,0.031445798,-0.34893075,0.051283363,0.0018704728,-0.4385809,-1.3896351,-1.5970497,-0.88570833,-1.0903975,-1.2829704,-0.8590155,-0.9148214,0.053758096,-1.9161328,0.28659093,-0.068062276,-0.94629467,-0.31481254,-0.89204013,-0.31333166,-1.6305575,-1.3941694,-0.24460284,-0.5718935,-1.7608069,-0.07837813,0.12049874,-0.6974345,0.8997547,-0.7038806,-1.0691497,-1.3588047
-0.21922968,0.21513872,-0.11781249,-0.71874064,-0.4575601,0.3275257,0.08905257,0.11282991,-0.626968,1.6931001,-0.48643526,-0.41614795,-0.8713916,0.029929763,-0.40684634,0.45169,-0.07223428,-0.14416979,-0.34840664,-0.8383748,-1.0821236,0.4339746,0.29216334,1.0035638,-0.81032705,-0.13339211,-0.049609568,0.5108749,-0.56400305,0.4783985,-0.55895823,0.4166925,-0.6951477,-0.15494755,0.9282477,-0.4440693,-0.293101,0.9020399,2.8089626,2.0028827,1.0458161,1.1014868,1.7479527,0.45974407,-0.5507948,1.1795964,1.4644455,0.92591,-0.06477635,0.2732109,-1.3378551,-0.6776919,-1.6713904,-0.55652416,-0.54992735,-0.3149163,-0.2849439,-0.44878316,0.0625837,-1.3070618,-1.2388948,-0.7156007,0.20834458,-2.0918105,-2.2394288,-0.20087615,-1.4540759,-1.0506198,-0.7507715,-0.98677206,-0.55888206,-0.5887127,-0.5332649,-0.62202615,-1.5560488,-1.2333508,-0.79022616,-0.6774026,-1.014371,0.50330466,-1.0194856,-1.6856494,-0.4092406,0.10413555,-1.130843,1.081649,-0.4778774,1.5923275,-0.6652148,0.5172133,-1.6667938,-0.50207907,1.0912522,0.03096195,0.110999115,-0.1778707,1.9505767,-0.21951066,-0.5623782,-0.6326001
-1.2634386,-1.2151874,-2.4528577,-0.991262,-0.8508233,-0.43883398,0.29044583,-0.19061333,-0.7639114,1.6733727,-0.29671964,-0.13364477,-0.95601976,0.90133345,2.2554538,-0.8386308,-0.18891712,0.13792707,1.3852036,0.8725608,0.57208675,-0.21651131,0.2540458,-0.3936872,-1.0124738,-0.07694684,1.224631,-1.0591328,0.5677001,0.06522235,-2.0410347,-0.5186836,-0.99776596,-0.5340871,-0.26481664,-0.23391613,-1.0687554,-0.34867197,0.15529776,0.9060213,0.06967679,1.5791461,-0.5542312,-0.28886497,-0.744709,0.17098643,0.2832684,-0.257576,-0.43129933,-0.22317815,-2.4025073,-2.2494726,-2.3199732,-1.8756081,-1.7925934,-2.3700688,-0.7567673,-1.3556504,-1.251413,-0.9620536,-1.6363901,-2.1091948,-0.51983505,-1.385558,-0.23074625,2.5178463,-2.0873823,-0.0129430825,-0.23116253,-0.7076229,-0.24737976,-1.7638719,0.18828902,-1.307594,-1.1594478,-3.1815324,0.036250588,0.7472075,-2.1873586,-0.80530506,-0.2947449,-1.4815277,-0.15370026,-1.635274,-1.2222013,-0.29634845,-1.3893046,0.61126506,-0.07555057,-0.9124835,-2.7007616,-2.225181,-1.4380805,-2.5763342,-0.6574532,-0.65162855,0.4153771,0.24526037,-0.6327861,0.16859692
0.5666647,0.8044469,0.9564404,0.46531004,0.056826103,-0.35808226,0.9544795,0.5524731,0.015119489,0.42319956,0.28346235,1.626108,0.69807774,0.6727817,0.55975664,1.7225113,1.2718337,0.3650163,-0.01856906,-0.25930685,-0.576915,0.8313973,1.2701255,1.617178,0.057674583,1.3522557,0.4364576,0.850368,1.0398673,0.27711767,-1.3251517,-1.936782,0.90739554,0.93039733,-0.117931426,0.24316047,-1.1647576,-0.9354816,-0.479791,0.7188364,0.25647762,-2.0474362,-0.9811123,-1.1725686,0.2777424,-0.5579726,-0.48863664,0.28496516,-0.9321909,-1.040818,-0.65994537,-0.29989654,-0.033760272,-0.34688273,-0.6744894,-0.54053074,-0.35166404,-0.5278547,-0.94162095,-0.08367874,-0.10485288,-1.6113979,-1.4166625,-0.5334372,0.37617525,1.217588,-1.4914509,-0.22337046,0.3171998,-0.95736223,0.28389633,0.07394931,-0.052218232,-1.5416919,-0.09783217,-0.23073024,-0.30419698,1.3905985,-1.0257108,-1.8392125,-0.6480722,-2.609388,0.6331184,-0.7292068,1.7194896,-1.5937747,-1.5183527,0.32418108,-0.60105556,-2.9021835,0.22483335,0.40486708,-1.853649,-0.94683075,-1.2651575,-0.73323584,-0.3789244,0.8558921,-1.6607206,-1.2556536
-0.6307987,-0.016206574,-0.20536718,-0.646095,0.5886652,0.2950149,0.5270838,0.33550555,0.065576635,-0.09882334,0.30221182,0.44153723,-1.431178,-0.3380065,-0.90910286,0.30968943,1.3327266,0.44223925,1.0672262,0.54624254,-0.4632358,0.9395063,0.09880058,1.0351673,0.3071721,1.4358163,0.31777897,0.54972094,-0.18912789,-0.7998259,-1.5158367,-0.31597143,0.917019,0.6401377,-0.25418752,0.0612135,-0.22442941,-1.1630853,0.32819957,0.73150444,-0.60225576,0.8682239,0.31036317,-0.10638794,-1.3602797,-0.1515279,-0.5574334,0.42813647,-0.45409667,-1.251277,-0.80823684,-0.69312686,-0.9560748,-0.8876505,0.5123157,-0.45126233,0.07413524,-0.26813936,-0.13008125,0.19205327,0.85603,-0.07080239,-1.5643225,0.23082833,-0.17490125,-1.8842099,0.24595293,0.2999909,0.48329186,0.20882675,1.1380873,0.46585205,0.3618397,-0.62297386,1.3315835,1.0440385,0.075380884,0.8318389,-1.4282135,-0.96287024,0.13676374,-0.21493648,-0.016753005,-0.8671916,0.9451246,-1.3014258,-0.32370558,-0.032402925,-0.3473211,0.048231665,-0.23084289,-0.96327895,-0.96632886,-0.36380327,-0.56393296,-0.2894428,-0.71115416,0.9300291,-0.202526,-1.0893966
-0.11005865,-0.013825331,-0.0015414658,-0.15258329,-0.26076487,-0.2654347,0.115928695,0.18239616,0.38805568,1.1335557,0.9528294,0.45760775,0.3545041,1.2396678,1.6322871,0.10669875,-0.16608554,-0.32091543,0.1425252,-0.22196116,-0.20536347,-0.5700113,1.1394577,0.083878525,0.113438986,-0.82055897,0.09095038,-0.78054833,-0.4702991,1.5764867,-1.1053534,-0.84423137,-0.38486204,-0.5807005,0.2415648,-0.0339719,-0.24278668,0.05970057,-0.24451874,-0.13083923,0.041607752,0.57836854,-0.01759574,-0.19599794,-0.09422833,0.17830774,1.644911,-0.5806776,-0.16972905,0.09174524,-0.58806103,-0.23767719,-0.96565884,0.03683456,-1.0066035,-0.5422535,-0.8569236,-0.21431857,-0.78213006,-0.5044418,-1.80294,-1.0776052,-0.24997145,-0.9126164,-0.92055076,-0.030494755,-1.6064718,-1.5364078,-0.57954824,-1.3265706,-0.5727266,-1.329057,-0.35688776,-1.4262888,-1.4096532,-1.6789598,-0.12712917,-0.028240278,-1.0519017,-1.5701846,-0.99820226,-0.44767877,-0.050727643,-0.62415683,-1.0018466,-0.28136995,-0.59254134,-0.00788053,-1.022462,-0.7189127,-1.25805,-0.67541915,-0.8401367,-0.7595851,-0.2954083,0.0010380225,0.11058148,-0.5723004,-0.60508883,0.14819174
2.0950418,1.6657355,0.588347,0.7077718,0.6720667,1.3273773,1.5907102,1.2789133,0.78258944,2.3308985,1.5048747,-0.5868698,1.2592424,1.3215916,-0.41935208,1.4677643,0.036341034,0.41934294,0.3295829,0.14709109,-0.75174254,0.8974648,1.4683616,1.010262,1.8873333,0.9013003,0.36558917,1.2399378,-0.23258631,1.2915787,-0.34103113,1.5736264,1.30011,1.3759581,2.4184694,1.257222,-0.61271644,1.49512,1.6754305,2.5361204,1.616453,2.2949774,1.6926097,1.1508968,0.97597563,1.096111,1.9183818,1.805056,1.5494465,0.95576084,-0.2578027,0.40772477,-0.46864003,0.5767559,0.03220971,0.27499172,0.20852968,0.26694155,-0.13198654,0.23572603,-1.6206608,-0.6687384,-1.671932,-0.6303697,-0.9181435,-1.1962227,-0.2504543,-1.2832634,-0.9437173,-0.42361277,-1.058537,0.26833403,-0.55552185,0.13275313,-1.4962167,-0.7617617,-0.9291103,0.98189574,-0.25265127,-0.39450172,-0.37009797,-0.5158071,1.3643748,2.0033858,0.17279565,0.7665418,-0.106129214,2.7412646,0.11657068,1.1781697,-0.12124106,0.6787635,0.7617729,0.52830696,0.4562441,0.7527005,1.5961065,0.2877272,0.66749746,0.69163835
-0.30327705,1.0370691,0.4662923,0.6730413,0.31283778,0.6811626,1.7410177,1.395213,1.2348061,2.1069176,1.6671035,0.9372962,0.6991778,0.044914372,-0.18434489,1.2130717,0.48217148,0.8680577,0.30222353,-0.77448326,-0.16307475,0.47384942,0.88057184,1.2059091,1.5228541,0.63460195,-0.0749829,-0.68937,0.05339651,-1.1481636,-1.1413068,0.4215248,0.2953161,0.8711606,0.27677584,1.0523337,-0.7333596,0.47282365,0.90087,1.1295549,0.870931,-0.22135033,0.20689788,-0.54517186,-0.6311924,-0.22775584,-0.05466739,0.34488535,-0.20998639,-0.33072427,-0.5309057,0.5691208,0.39316496,0.3484949,0.21318246,0.15632996,0.902851,1.0210276,0.4542929,-0.13898136,-1.4109908,-0.36042958,-0.673937,-1.0825716,-0.04701348,-0.7611795,-0.49815172,0.18346077,0.3644195,0.109763935,-1.1378328,0.10400359,-0.0819332,-0.47475794,0.092934266,-0.63853365,-0.10943731,0.034706447,-1.074047,-1.1917849,-1.0653949,-1.7262058,1.8860663,-1.8016948,1.1609997,-0.5041915,-0.85263693,-0.6159927,-0.3150989,-0.9329688,-0.20442559,0.61889565,-1.107949,0.117302194,-1.0376469,-0.14155473,-0.2218126,-0.290941,-0.37676886,-0.622828
1.1228125,1.0058457,0.968712,0.10160403,0.38086382,0.9454034,1.5438052,1.1036913,1.350736,1.3827461,2.1514342,0.8813146,1.3825893,1.2793157,0.7351113,1.3125983,0.90408814,0.56149155,0.47680658,-1.6713203,-1.7187554,2.0164988,1.4426829,0.9766811,1.4330661,-1.3972605,1.4809192,-0.69282866,0.8820056,-0.057455447,-0.51337034,0.82600856,0.5295232,1.1755228,1.4551196,0.6341271,-0.012047061,1.4244672,1.4772741,1.9367907,1.6197774,0.95944905,1.4885346,1.4054916,0.7190547,1.6243635,1.5635928,1.4113153,0.4635121,0.7143757,0.51148087,0.45159188,-0.28871107,0.22906224,0.22111982,1.2582551,0.40681133,1.1039914,-0.24728008,-0.10789003,-1.7140511,-0.8525791,-1.0822667,0.31739366,-1.0717273,0.81171954,-0.4643771,-0.5121265,-0.4082779,-0.27615705,-0.41388738,-0.6820312,0.37431902,-1.1969417,-0.8732988,-1.2774833,-0.4442463,0.5759249,-1.3185178,-0.5244885,-0.09023069,-0.9943955,0.6395013,0.11577638,-1.0925777,0.1833483,0.41848543,0.6108074,-0.16924079,-0.533603,-0.8898771,0.2654165,-1.205609,-0.6519921,-0.79845995,1.9247252,-0.22352126,-0.03291525,0.6164313,0.5833826
0.9797565,0.57033867,-0.22271946,0.37121063,-0.16566893,-0.6072386,0.6139534,0.6154772,0.39195192,0.084334016,0.85731035,0.22928743,1.0425813,0.6099023,-0.5734466,1.56143,1.3479832,0.86210716,0.49000567,-0.028023098,-0.066726945,0.868541,1.2910968,0.7697749,0.88570535,-0.55242807,0.25674006,-0.6302277,-0.8076308,-0.72514665,-0.98814064,0.3376545,0.08435292,0.43316048,0.50064015,0.8625461,-0.6624905,-0.99439996,-0.74252254,-0.29497072,0.4095227,-0.2320262,-0.77459943,0.8174557,0.80189276,-0.7005145,0.39984325,-0.11820108,-0.16841832,0.09492585,0.20917067,0.20282985,0.10187455,0.0733948,-0.7411286,-0.50996494,0.46086112,-0.12488284,-2.0834503,-0.5298961,-1.5817881,-1.4179375,-0.463598,-0.8344669,0.3161349,0.12650138,-0.87377995,0.79636115,1.145691,0.68589467,0.95696396,0.36094528,1.1211729,-1.5850142,-0.94682145,-0.7550757,0.32971907,-0.4136715,-1.6143999,-1.2399725,0.56732976,0.14617865,1.3337117,-0.22050774,-0.8017083,-0.5278189,0.39689142,1.5150914,0.40615398,-0.41220963,-1.2878067,-0.4029151,-1.9985374,-0.38229808,-0.43709928,1.1043218,-0.9473287,1.2531823,-0.055399515,0.58406806
0.9132231,0.6498886,1.1269914,0.37241185,0.3463606,0.91153926,1.6826677,1.054083,0.5992736,0.72371143,1.2850007,0.008420193,0.092800975,1.4494857,0.60659796,1.5590677,-0.13245703,0.7374123,0.6411625,-0.625213,-0.7363994,0.53760904,0.75162107,0.37343997,1.3042333,0.8078476,0.9727978,0.19678718,-0.07695949,1.7382609,-0.53427124,0.89880127,1.566575,0.39036188,0.860754,-0.05097383,-1.1167077,0.29279393,1.3685405,1.6552068,0.6827239,-1.0717945,0.21471268,0.45917633,0.46243247,0.13059147,0.11096588,0.15910843,1.603621,-0.4763383,0.17435879,0.5272428,0.028728671,-0.22711553,0.055068254,0.5193391,0.16345562,0.3333443,-0.15496182,1.1454585,-0.50366503,-0.83791685,-0.017449837,-0.07653292,-0.6354944,0.39129674,-0.4992494,-1.0834788,-0.51682687,-0.20468509,0.5067283,-0.3889407,0.50797963,-0.6397045,-1.2401239,-0.28392816,0.11290517,0.21032542,-0.29538956,-0.73176706,-1.604628,-1.1749408,-0.6294084,0.57204103,-0.50989467,-0.025091518,0.076582626,-0.7785622,-0.46343288,-1.4046017,-0.46444154,0.7020172,-1.0942503,-0.6597206,0.6079302,-0.16619632,-0.544884,0.6214949,0.7869198,-0.85931
0.99641454,1.3903381,1.5232251,1.269139,0.9456794,0.45644227,1.9375569,1.9641685,1.7615391,-0.44913012,0.9422973,0.88846976,-0.010478036,0.015854768,1.2332643,2.373962,1.6476518,2.0691478,2.689034,-0.3841803,0.11539596,0.71926266,0.19047467,1.5330827,1.2228581,0.7236669,1.0737109,1.8424177,1.7650301,0.4743558,0.19113086,-0.16727771,2.004961,1.6076299,-0.6803539,1.8307962,0.53873223,-0.06301816,-0.22395551,0.57953155,1.4231066,0.96917903,-0.35198817,-0.27689192,1.7908462,-0.37940142,-1.0262892,-0.20829383,0.3133461,0.87337273,0.11725464,0.9509465,0.053698935,0.26705325,0.5105774,0.25724652,1.3057925,1.4526252,-0.3512956,0.18867202,-0.7618979,-1.9506572,1.3713776,1.1849725,0.66162735,1.0293443,-0.8345031,2.3021686,2.5542185,1.31012,0.4414115,0.36077926,0.67775524,-1.4464843,1.0568296,-0.49102923,0.61580133,0.8744141,-0.52954334,-0.22292458,1.28837,0.8513932,1.524616,-1.2951319,1.5596255,-0.5724173,0.5454047,0.7217246,1.2383268,-0.46160543,-0.5461361,-0.25735542,-2.4491038,0.11430023,0.20478614,-0.6441632,-0.4782772,0.313513,-0.3215641,1.2870694
2.5155249,0.07949703,0.71947384,-1.1484165,-1.0931461,0.16658603,1.0557775,-1.0700045,-2.5025454,1.6235323,0.120211914,0.67747486,0.40172568,0.6303996,0.9798944,1.3467501,-2.0832045,-2.1730154,-1.3099896,-0.35705492,-1.7286813,-1.2710526,0.43759263,-2.3235173,0.4297334,1.71563,-0.6973235,-2.2421966,-2.0269876,-0.30921578,-4.9384146,-0.86637366,0.20492864,-2.7991357,-0.23286116,-1.4767303,-4.331996,-0.43909076,1.7531269,1.9035636,-1.6767217,-1.9935752,-1.4291621,-1.0334407,-2.830667,-1.1656005,-0.33587578,-1.2320355,0.18943939,-2.5627143,-0.8000437,-1.5192788,-1.8262888,-1.9443018,-1.8117559,-1.7230886,-2.7758794,-3.64067,-1.4422439,-1.3276017,-1.1617395,-0.076192886,-1.4235697,-3.5197473,-1.0197268,-1.0249863,-0.86949444,-2.9360085,-3.2677774,-2.960048,-1.2969896,-1.571508,0.28743792,-0.811537,-3.3693562,-0.36135617,-2.7124872,-0.19339707,-2.7159815,-1.4594858,-2.7111037,-5.139157,-3.935811,0.024711953,-1.0794411,-0.4806875,-3.859108,-1.5230094,-1.7913725,-2.8458276,-1.7442966,0.20215213,0.15088056,-0.91059124,0.21382524,0.44621265,0.07928632,1.6381402,0.0029004847,-3.648872
0.12626567,0.2939432,0.275432,0.41887504,0.33735403,0.17999624,0.20930263,0.23951897,0.100048356,-0.040837284,0.2343077,0.002611781,0.33778352,0.15365213,-0.112819016,0.028273549,-0.45374194,-0.07766172,-0.51543605,0.00031902135,-0.25056553,-0.22612026,-0.056805033,-0.25865746,-0.05163192,0.03940137,0.09318914,-0.1400708,-0.352383,0.34383324,0.03656757,0.05101006,-0.0030046452,-0.2214693,0.042277623,-0.15772231,-0.039495938,-0.039261192,0.22716156,0.19729164,0.18050417,0.01180105,0.22164336,0.284651,0.0027936792,0.18986507,0.26094958,0.10447238,0.18309812,0.07099687,0.12284363,0.38844764,0.2709364,0.35343567,0.33378842,0.25828177,0.062071513,0.02560228,-0.14909257,0.09480086,0.27947214,-0.13190463,-0.23110062,0.051049173,-0.1323542,-0.1087952,0.16464683,-0.5040861,-0.71234095,-0.16496353,0.2569282,-0.045854658,0.111739196,0.29665685,-0.2929693,0.1430031,-0.18148851,0.13827,0.3058256,0.07588236,-0.49240398,-0.23993522,-0.061858367,0.44845974,0.15120259,0.26824796,-0.15917495,-0.051769733,-0.18408719,0.1357007,0.21701136,0.068856776,0.12617885,0.4278324,0.13586469,0.3625935,0.07629351,-0.19907361,0.12908866,0.0404982
-0.07686177,0.9101547,0.26265264,1.0793389,0.65907615,-0.074595615,0.102557905,0.48491013,0.4784335,-0.79727113,-0.83027047,0.11998153,-0.32574558,0.5645439,0.44108608,0.6797544,0.5265159,1.0058932,0.9567406,0.7683443,1.4886858,0.2711347,0.12351192,0.18284479,0.3365025,0.7699083,0.4539859,1.8523543,2.1207597,-0.06369439,0.9643021,1.0805655,0.5583708,1.1957347,0.009752399,0.9842991,1.6690259,0.67529696,-0.59322524,-0.6067662,-0.07005384,1.8860914,0.18493116,0.23478319,0.9243175,-0.052915312,-0.013808923,0.5473166,-0.19746664,0.5624967,0.74871933,1.237724,1.1599039,1.1595773,0.6404289,0.6861466,0.90578884,0.9056159,0.8103456,-0.11653575,0.8694879,0.40054098,1.3754681,1.2516404,1.1198527,0.86053514,0.59002143,1.1153699,1.6714821,1.2991009,0.40336832,0.9930624,0.3537366,0.66781455,0.96197134,0.9015466,1.8416628,0.7256558,0.59068877,1.3038074,1.9537877,1.5941839,1.3333343,0.15511414,0.6062693,0.71237534,1.9930454,1.5597137,1.5257711,0.8636051,1.1475589,1.0564871,0.598442,0.6321069,0.8365364,0.14268704,0.37109232,0.42885935,0.40532765,1.2097614
-0.22572723,0.2392769,-0.1538469,0.81668186,1.0241942,0.6936332,0.8716999,2.3180044,1.744344,-1.4700787,0.13574886,-1.4807767,-0.58654433,0.6822485,-0.30595228,-0.3575937,-0.17646113,1.9018005,-0.403693,1.6187319,0.19548443,-0.002774148,1.2845447,1.1127731,-1.2931842,-1.63997,1.1745439,-2.0499346,-0.6223861,0.677614,0.5812879,-2.230321,0.10280404,1.0423882,-0.16003689,1.6795491,-2.3763947,-2.29745,-1.0259833,0.7451325,0.9566937,-2.146856,-0.99634576,-1.7384437,0.88031274,0.12549101,-0.87383246,-0.07384806,0.16519716,-0.8325961,-1.3720707,-0.16380475,-1.5203717,0.3469548,0.9525274,-0.14749722,1.9056369,1.4482762,-2.1304088,-1.5864041,-2.6522424,-3.8625734,-2.75803,-0.6431498,-0.6708328,0.4168575,0.25558063,-1.3717383,-2.0690367,0.76296526,0.76278377,-1.0807382,1.5635647,-0.16850488,-0.9463986,-1.8946631,-0.39910215,0.9053214,2.039494,-2.7417102,-2.2163315,-2.5337067,0.9705408,-1.2226378,-0.47125724,-0.65204585,-2.0834205,-0.8266922,0.74002665,0.015184507,-2.3459764,-1.9020302,-2.3988886,-0.8260805,-3.2300363,-1.1358609,-1.007593,0.32539272,0.0763059,0.17123932
-0.2851359,-0.50508916,0.01341566,-0.47466162,-0.9016363,-0.26627162,0.41062754,-0.33920062,0.014535304,-0.13537633,-0.23254284,-0.23952048,-0.21786916,-0.9752745,-0.4190416,-0.08930321,0.07536535,-0.37372783,0.023392977,-1.1052147,-0.7184468,-0.360884,-0.7282343,-0.20608188,0.08612822,-0.7505955,-1.0572896,-1.0688146,-1.0381392,-1.1791263,-0.7323483,-0.6867937,-0.7098217,-0.830139,-0.61914855,-0.33601528,-0.6294287,-0.3930581,-0.18006226,0.068260744,-0.3110156,-1.5508307,-0.8429632,-0.4503607,-0.62727654,-0.43472174,-0.96199137,-0.77834207,-0.35318574,-0.57179797,-0.3418959,-0.79573226,-0.14150214,-0.9732557,-0.5364308,-0.34505597,-0.5998299,-0.29757917,-0.06030569,0.18713376,-0.33594173,0.90555,-0.92570394,-0.267682,-0.4223342,-0.8327185,-0.19050416,0.09630571,-0.08833818,-0.6487874,-0.7209735,0.116633676,-0.7120943,-0.4360049,-0.31277272,-0.16416058,-0.9765869,-1.0864551,-0.117001586,-0.5369161,-0.33100817,-0.59164524,-0.9976148,-0.36370698,-0.24764015,-0.86510694,-0.6127602,-0.8326296,-0.75535494,-1.2037731,-0.30261308,-0.103462316,-0.44813526,-0.53341854,-0.91415566,-0.62688667,-0.502525,-0.20969783,-0.6678024,-0.751333
1.9799786,1.4768114,1.9267914,1.1848238,1.4240761,1.2566792,0.6160736,0.53507394,0.5505401,0.6003778,0.9833244,0.21459353,-0.2820532,-0.3267337,-0.92691886,0.8913936,-1.0217102,0.082897276,-1.2566179,1.053807,0.7040285,-0.8229762,-0.33005762,0.10972887,1.0096707,0.46238458,0.69919723,-0.24310438,-0.20130861,0.63466656,1.6263682,1.4838614,0.46789584,-0.34711865,-0.39204916,0.53303,0.7700073,1.0085384,1.1253963,0.8031056,0.8309982,0.83477324,0.7063904,0.9652812,0.48107013,0.16207875,-0.38584948,-0.2524843,1.7100259,1.0638992,1.2471675,1.2044582,0.5509268,0.8121195,1.2992996,1.0898839,-0.17936394,-0.0997543,0.7350988,0.6652441,1.4841652,0.122336134,0.38589868,0.25923008,0.21190512,-0.37554586,0.50496876,-1.3858378,-1.1657548,-0.17072271,1.395199,-0.16028625,-0.11780829,1.4572206,-0.23187655,1.4116471,-0.298735,-0.046606183,1.8256592,1.716838,-0.07640882,0.03309647,0.23344721,0.6611296,0.718841,0.83927643,1.0450456,-0.040166274,0.13585788,1.1611454,1.7820448,0.6601077,1.2772357,2.1548629,1.8149142,0.8608731,0.13674836,-0.41698956,1.0549732,0.6161001
2.325182,1.3245915,1.8852668,1.441046,1.6562492,1.7946745,1.4139894,1.3829712,1.8697913,0.112369515,1.1397254,1.7085325,-0.51713383,0.49526015,0.57308716,1.2283523,1.0688488,1.4225557,1.2635596,2.0445328,2.9891925,0.67533445,0.709651,1.1923882,1.93896,1.4611741,0.97434545,1.3173887,1.7079983,0.89213794,1.8347782,1.5765839,1.6399075,1.4259462,0.3675406,2.0747862,1.4664141,1.5555346,0.58511233,0.82118034,1.173719,1.5143672,0.46535483,0.2838522,2.0328162,-0.094772585,-0.6480128,0.29804912,2.2420237,1.0848421,2.399319,1.3299613,1.4225566,1.1648084,1.547534,1.4054495,0.789448,1.0511012,2.1942947,1.6701072,1.3068199,0.92834496,1.664898,2.060595,2.2021463,-0.045759417,2.2316768,0.97481173,0.70685697,1.3782215,1.4800711,1.5503443,0.98079836,1.7938961,1.2011493,3.1074696,1.8007832,0.34110692,2.7631884,2.7641363,2.343473,2.0173082,0.91736174,0.26881,0.8564023,1.7377135,2.299599,1.2663275,1.8558285,1.5099634,2.520313,2.6477942,1.477285,1.8466192,1.2229412,0.34273607,0.3151124,1.0025653,2.2711964,1.1888965
1.1832796,0.27236393,0.9479031,1.1469958,1.0768878,1.399869,0.78281343,0.8527161,0.32675028,-0.014550434,-0.14412914,-0.15700772,-0.5668005,1.0672665,-1.1786207,0.1048843,-1.4497712,0.1459855,-0.8009278,0.86604637,-0.1129117,-0.7660524,0.041609418,0.025386782,-1.3072035,-0.5430402,0.19860633,-0.26774466,0.17922235,-0.2189438,2.2074325,0.3095633,0.51973385,-0.2611223,0.16527754,0.10677802,0.67108744,1.9890366,0.76059175,0.51488894,0.3727863,0.6454911,-0.8445972,0.19056961,0.68637186,0.32895815,-0.20443986,-0.3363875,2.0174382,0.8958536,0.58312285,0.106136,-0.12454135,0.6594684,0.32159677,0.6848971,0.17782849,0.21191242,0.46552208,-0.04136603,-0.27453372,1.0657341,0.68233883,0.844323,-1.3940761,-0.9639893,1.4856176,-1.7469379,-1.6116318,0.037796047,-0.6312345,0.38064596,-0.68984246,1.4572505,-0.6072965,-0.02565476,0.62871164,-0.45942962,2.4880965,1.120394,-1.071537,0.09291587,-0.70555806,1.6245749,-0.5443989,0.60308397,1.1729873,-0.5918684,0.71178544,0.5298259,0.7362601,1.0312419,1.392105,0.8203996,-0.12583382,0.5930605,0.09727383,0.17160966,1.9107273,0.6688477
-1.4123425,-0.6779752,-0.53775144,0.43937588,0.2991468,0.36117873,0.13164178,0.09043916,0.77716017,-0.39885417,-0.5492073,-0.7960985,0.4286984,-0.95289373,1.0960869,-1.6458837,0.0038529914,0.38827887,0.0742563,0.69115764,0.76050663,-0.093275264,-0.58965683,0.113836065,-0.49573776,-1.8206443,0.5785684,-1.5921637,1.2825701,-0.009408435,3.1104887,1.1167836,-1.4102489,0.87947154,-0.36335984,0.086864516,1.313263,1.034703,-0.35500193,-0.19754186,0.27452388,-0.1233167,-0.44192883,0.8753471,0.56455624,-0.22890908,-0.69182444,-0.49625325,0.6313159,1.0586315,-0.29223216,-0.46044117,0.6625518,0.36078492,0.13790895,0.5164621,0.09200306,0.96390224,0.3372215,-0.13295792,0.9195441,0.6641013,0.75900376,-0.008516969,-0.17575465,1.4972554,0.5705442,0.3196256,0.3542398,0.30411312,-0.091271564,-0.04687364,0.79782575,0.8485186,0.22739743,-0.050883446,0.5518154,0.156296,2.8669329,0.69752747,-0.09726178,1.7309335,1.1936909,-0.14891922,-1.4774135,0.27111757,1.9084072,1.4162549,0.55879754,0.76500964,0.4379923,0.75667816,0.8694746,-0.7906069,-0.94927245,-0.6200388,0.4218277,0.1775641,0.16821072,1.1289984
-0.71515954,-0.28213513,-0.16109015,0.28309792,0.5114262,1.1501771,0.48861304,0.44659585,0.9126199,1.1065042,0.3738157,0.5341988,-0.3712344,0.28835386,0.7161648,-0.42920682,0.45445964,0.85597914,1.2837416,0.6123278,0.24486074,0.4180855,-0.1302781,-0.16394892,1.0067457,-0.09984121,-0.20173463,-0.06594855,0.36785132,-0.95572025,2.179527,0.9045294,0.122817,0.7689045,0.25360653,0.5660824,1.2271831,1.0054532,0.77373505,0.19490427,0.60838646,-0.43354332,1.0911865,1.0851351,1.7399794,1.5967939,0.064621784,1.0493957,0.31374392,1.3714029,0.18375875,0.325499,0.7388448,0.94132155,1.0996891,1.2516713,1.0715489,1.509841,2.4033067,1.7251332,0.47288638,0.7090452,0.71541,1.9192282,-0.3383595,0.67158526,1.2703954,0.19160682,0.9260586,0.5927844,0.097032815,-0.10917762,-0.31137845,0.29020178,0.69398284,0.73014736,0.7866174,0.05721122,1.5603037,1.2891835,0.354502,2.1555665,0.7354326,1.2722205,0.4178845,0.04384965,1.5514232,-0.5497041,0.25800285,0.042921048,0.82147396,0.89072376,0.9634463,-0.57029784,-0.05064289,0.19792089,0.06624302,-0.51651937,0.6789233,1.148085
1.7290591,0.3270326,0.17860515,0.1946301,0.3270344,0.25838345,-0.41720235,-0.60740197,-0.33636913,-0.82635736,-0.42697778,0.18356937,0.7843814,0.6624444,0.27318862,0.6549354,0.22674982,0.3825587,0.5168675,-0.25046194,0.7058215,0.58234537,-0.364241,0.038496874,0.48145896,-0.61403304,0.0686711,0.8588491,1.1293718,0.48309335,0.5891138,1.0029987,1.4477189,0.94517297,1.0694177,0.061174788,1.6321807,0.735304,-0.28896868,-0.5949337,0.124232344,0.4572966,0.6108931,1.2956746,1.3987818,0.8132768,-0.20092028,1.2916774,0.7775041,0.7558316,1.624961,0.5266009,0.54052806,-0.06450565,0.58262,0.48478988,-0.35155618,0.12444163,0.4456358,0.71405923,1.1803188,1.3585014,-0.40334517,0.55121154,1.3488798,0.61682636,0.13296904,0.046392206,0.70874834,0.27742913,0.7800275,0.38958344,-0.27918357,-0.25236034,-0.18282992,0.40475962,0.99703044,-0.5526107,0.72659093,0.10936592,0.69613034,1.8726107,1.5576692,0.07792901,-0.1313337,-0.254602,1.6832653,1.085397,0.7146132,0.5211027,0.7183943,0.32432616,-0.33985442,0.8806545,0.46766245,0.519978,-0.7725386,-0.19607547,1.6450738,0.68046504
0.5296261,0.092231184,0.6630518,0.5396788,-0.062279128,0.04356859,0.6149042,0.52830446,0.3722767,0.27144018,0.31662,0.2871588,0.17386949,-0.05839528,0.07008011,0.45618913,0.37282816,0.22112083,-0.9926918,1.5244492,0.6256272,1.3046532,1.0706025,1.1885566,-0.60656047,-0.06250662,0.16947684,0.20729053,1.178101,0.35029078,1.025425,-0.4124362,1.1535593,1.316615,1.238879,0.7927035,0.8229488,0.074158765,-0.6354718,1.2795202,1.6333218,0.22752856,0.6171942,0.46433407,0.58650047,1.2395536,0.79743266,1.75893,1.0306035,1.0131726,-0.61751103,0.11045969,-0.26506793,0.45415467,0.027137402,0.41531345,-0.22246432,0.16769677,-0.75436634,-0.5628726,-0.40488312,-0.16903366,0.54767644,1.298007,-0.25413084,0.219358,0.16073342,-1.3647479,-1.1563473,0.10879234,0.66909444,-0.20506784,-0.5710181,0.2044228,-0.15992588,-0.6393811,-0.14974639,-0.040717743,0.76466495,-0.10947535,-0.39534083,-0.008135502,0.5237314,0.42547044,0.62997746,-0.09287488,0.18964846,-0.72914916,0.7971765,0.80885154,-0.49416557,-0.8910265,-0.7549743,1.6693506,-1.0093654,0.7723876,0.1869146,0.55667233,0.6933101,1.2367806
0.52039456,0.5212068,0.7359804,1.2971979,1.1383017,0.22747152,1.2140131,1.0359039,0.8925708,1.1293426,0.7669546,0.31475648,0.24639378,1.7699199,0.9023447,0.92141217,0.2958789,0.9800298,1.0815455,0.12217652,0.50757915,-0.7474522,0.06473659,0.38513598,0.86881804,0.85813403,1.2793951,0.55017626,1.4474319,0.6386743,1.3530862,0.24885072,0.28344953,0.21281144,-0.06023466,-0.16245791,0.3833209,0.4688545,0.6158955,0.65929395,0.8390106,0.085658185,-0.07722544,0.51452535,0.13904594,0.540938,0.20744675,-0.61539334,0.37555492,0.065608546,0.30038038,0.54902005,0.9401473,0.4598243,0.16022688,0.09651314,0.5251567,0.720668,0.7342806,0.6652049,0.62291074,-1.2773501,0.53214365,0.610935,1.3121415,0.6137845,0.13499793,0.32644746,-0.23836602,-0.031198977,-0.48154235,-0.16083169,0.6554854,0.43411857,0.5988906,0.7324995,0.944257,-0.35255614,0.7946726,-0.29984337,-0.036391396,-0.34218374,0.8577188,-0.32491636,0.09346558,1.1226937,0.26434395,0.33324015,-0.3670654,0.4127308,0.097164035,-0.234181,0.4661929,0.10097408,0.2959625,-0.41531572,1.0190673,0.50666314,-0.67314774,-0.04242866
-0.202691,0.41625336,0.96415454,0.6834041,0.6245452,0.54977405,1.3322442,0.91428196,1.0102717,0.63244045,1.2641286,1.4896681,0.55946493,1.2093881,1.1558814,0.25536734,0.5105783,0.1437583,-0.6111186,-0.37032285,0.36975595,-0.40424004,-0.22745183,1.1417522,-0.07704192,1.0509664,0.713398,1.009116,0.4439562,2.7043974,0.7076931,-0.6631346,0.9459955,0.2920885,-0.4400947,0.60648817,0.30676037,0.6757166,0.7946309,1.2065971,1.6080918,0.6434722,0.08193339,0.10830284,0.6427466,0.87898076,-0.42357242,0.41890633,-0.06394235,0.5153012,-0.41426492,-0.17077501,-0.14018731,-0.049882464,0.6121406,-0.06520781,0.096809834,0.020754682,-0.08462939,0.57618207,1.3506347,-0.46191716,-0.39134574,-0.28075224,0.048078425,1.4805994,0.8659883,-0.47858816,-0.62177116,-0.43183628,0.88859385,0.82196176,0.36741677,1.0053846,0.8179081,0.5738981,0.47904083,2.0181744,1.6221709,-0.27332056,-0.08845631,0.6820694,0.82176006,0.7319081,1.0849988,1.2407506,0.47887403,0.7682195,-0.2717295,1.7489378,0.059583824,0.99865127,0.5008205,1.621025,0.8891431,0.8199642,1.4098498,-0.06907658,-0.59993154,1.1919541
0.46761632,0.010795725,0.14003514,0.34172782,0.41089448,0.53391534,1.396215,0.5904832,0.1655933,0.04976661,0.12978832,0.9550595,0.82720846,1.3895907,1.5029466,0.8777289,1.2121152,0.88632405,0.17816235,1.7272017,1.3541003,0.48813054,0.63260305,1.993807,-0.30503443,0.80612314,1.296159,0.88981825,0.6015468,2.5111187,0.5690908,1.3097178,2.7391832,0.57225,-0.22247866,0.39559498,0.5089554,0.057462588,0.7487736,1.8069359,2.1670814,1.3550805,1.3674718,0.19097576,0.40824735,0.69745255,0.57874167,0.24115476,0.9071291,1.1389211,0.56017363,-0.27012742,-0.21466838,-0.7127107,-0.4075537,-0.066105895,0.086670525,0.023853168,0.29831237,0.49221084,0.2308309,-0.20554179,-0.23719858,-0.014065551,-0.33171213,1.1554775,0.69485044,0.48030943,0.52420604,-0.14497688,1.0725538,0.35263288,1.086755,0.95367664,0.99148977,0.9247965,1.4492056,1.2059183,0.86884516,1.934307,1.0399083,0.4606165,0.687703,1.3084736,1.8105211,0.88969845,0.5965569,1.0498991,0.36749613,1.4365907,1.5920804,0.17014235,0.39129037,0.59112525,0.89041364,0.020375643,0.09440593,1.8854373,0.10631934,1.1561832
0.6441253,0.6647748,-0.062498517,0.41878018,0.24987444,-0.16020715,1.0862218,0.5520424,0.24656907,1.2432474,1.8093464,-0.024972485,0.61311966,0.1945992,0.1846909,0.5767947,0.46583375,0.12284929,-0.6052263,0.81731504,0.3115549,1.2681576,1.8449703,1.5480429,0.7794028,1.4483414,1.5424749,0.59538347,0.7146448,2.0314584,0.6060138,1.0957283,1.4894632,0.73622626,0.9551705,0.30266547,0.27183434,0.78735626,2.8958929,1.7439138,1.8450977,1.4068202,1.2513546,1.6276976,1.4260285,1.1791788,1.9158759,1.5690416,0.5064079,1.5280985,-0.014197708,0.40699303,-0.21792755,-0.21510787,-0.44140273,-0.32277852,0.26189762,-0.12014208,0.5521943,0.596883,0.032952927,-1.0439229,-0.06646481,0.1311645,-0.826188,0.36182567,0.93018126,-0.7028467,-0.16967468,0.044642303,1.3562725,0.62337863,0.81993294,1.142044,-0.09345323,0.0358077,0.3822148,1.170272,0.7557916,0.73971474,0.024472797,-0.17145005,1.0591341,1.44984,-0.18863189,1.4809258,1.2708304,2.238725,0.42487782,2.2245288,0.3751595,0.77745795,0.60771143,0.25122374,0.47160038,1.1501144,0.47347307,-0.7137043,-0.041527532,1.6640476
0.85108876,0.23748498,0.2675633,0.5310225,0.27710396,0.14088887,0.966287,0.58889955,0.7429202,2.0953226,1.7250143,1.0268052,1.3467927,0.39774275,0.4819851,0.76085025,0.6432589,0.63753164,-0.16940732,1.3185793,0.1187285,1.384606,0.72495973,2.0451894,1.4113483,1.3060279,1.645599,1.9302809,1.2115653,1.5745884,0.2421671,2.30247,1.4726499,1.0139502,1.0992564,0.5268709,1.3664346,1.9404433,1.869271,2.042076,1.7474372,1.6387357,1.2886798,1.3041476,1.4889007,1.0869557,1.3118961,0.96280617,0.6688965,1.362454,1.4341773,0.2378309,0.5238693,0.110628344,0.01818143,0.10569909,0.6435305,0.48078746,1.1450788,1.9640044,0.7435753,-0.7691211,1.7791972,0.17072685,0.48715124,-0.11291653,1.1292707,0.35412687,0.26958123,0.520611,2.1082723,1.5355555,0.6831403,1.6192343,0.6230556,0.62983006,2.0007,1.7075207,1.2795578,0.9862152,1.6643786,1.4548615,0.74093735,1.5556495,0.76270396,2.1914415,1.0953895,1.513091,1.1102976,2.773167,0.82985836,1.149398,2.136129,1.581886,3.0524652,0.94135827,1.4229848,0.924539,0.73369634,1.2069128
0.46637434,0.5223444,-0.27240658,0.42952985,0.57674915,0.5702349,1.2787774,0.974163,0.8778977,1.3337723,1.7793117,0.89085644,0.63830674,1.292499,0.6942345,1.0316075,0.7136562,0.84124655,0.40218353,-0.17891385,-0.4280341,0.7545339,0.5782899,1.2626815,1.5952653,0.34767395,1.6244247,0.60089535,0.2854394,1.3765409,1.1990966,1.6196138,1.7726742,1.3847287,1.388949,1.3595445,1.636596,1.4074944,1.6822866,2.1900942,1.9906875,2.0303106,1.8673812,0.6938803,1.1046643,1.1905956,1.0401369,0.96045786,1.2481086,1.5211858,-0.04297809,0.5129618,0.42635784,-0.20516622,0.11032022,0.22218862,0.21854763,0.52437687,1.6749616,1.7745845,0.9632554,-0.046469126,0.6492127,0.79454905,-0.2457356,-0.3584134,0.9110602,-0.53493583,-0.07458544,0.040273275,-0.44668326,0.37612376,0.035564706,0.7899497,-0.15247297,-0.002050875,0.18446365,1.3567814,0.34681472,1.2340676,0.076491125,1.9862748,0.14103262,2.1136363,1.5550741,1.7848401,1.3706034,1.5339788,0.82514536,1.3043343,0.6004037,0.96514016,1.170687,0.43417588,0.8194535,1.3462857,2.355902,-0.78768796,1.2998303,1.9098282
0.9869074,0.22130705,0.2592441,0.5018875,0.30432206,0.78510576,0.5463581,0.46393242,-0.01200198,1.0290629,0.2219464,0.30907723,-1.50963,0.5090703,-0.5417916,0.48809853,0.33175716,0.33118486,-0.33981717,0.58549964,1.1312907,0.17812787,-0.063124396,1.415036,0.53436905,0.52232313,1.3494614,1.2764084,0.740923,-0.18037273,0.581961,0.9992409,-0.20556946,0.8252939,0.61378425,0.90412676,0.6850406,0.9975146,1.953631,0.98435336,1.040047,1.0077126,0.8356277,0.048605356,1.0338453,0.7093471,0.5436551,-0.47492018,0.74208826,1.152682,0.2671475,-0.5196705,-0.43972456,-0.19104868,-0.17878072,-0.5889447,-0.23068707,-0.62231475,0.80350894,-0.18607375,-0.3649182,-0.7645855,0.73407227,0.81749374,0.29554087,-0.42829654,0.19389136,-0.39915144,-0.2476975,-0.15270309,-0.30940259,0.7161824,-0.22623114,0.76397085,0.19031392,0.50296795,-0.5031715,0.3530971,0.8119948,0.12066277,0.9807066,-0.22023696,0.6050006,-0.009475803,0.253308,1.3675945,0.6403264,0.07855483,0.016918276,0.79236907,1.3312303,1.8022525,1.6452737,0.093996234,0.9868004,0.1663021,0.64468396,0.6491363,0.5101678,1.2296112
1.3010867,0.041939292,1.365729,0.15433161,0.070394404,1.1183329,1.3674542,1.06467,1.426987,0.7960714,0.38650694,0.61745745,-0.9042883,-0.076542795,-0.2890227,0.51034665,-0.08869556,0.9401879,-0.0039340016,1.3030117,0.896256,-0.14856626,0.44109103,1.0958984,0.48040932,1.0344145,0.29008424,0.6942585,0.39435846,1.8220478,0.34374407,0.26616198,0.26207525,0.42757365,0.30114323,2.387037,0.487073,0.65615577,0.6370381,1.3852994,0.7873818,1.3333148,0.100268416,0.12765478,0.345773,-0.5413099,-0.09362617,0.009345452,1.0603647,0.667863,0.4021281,0.024845084,-0.38923058,-0.6205733,-0.035090066,0.5023193,0.08948052,0.67709017,0.60962474,1.0218968,0.8570764,-0.9841024,-0.080983646,0.40348572,1.6934925,-0.6509391,0.9438713,-0.06626031,-0.15037021,0.8438059,2.941975,0.7091776,0.957359,1.4068519,0.61213154,1.7767745,0.9159019,1.1763127,0.6812461,0.2669957,-0.05015591,0.049713496,-0.60809636,-0.3131475,0.71077687,-0.40630686,0.64846957,0.29545668,1.2923104,-0.033850815,0.49497962,1.3157893,0.9169858,0.11806295,0.82055163,0.07900447,0.31872153,0.83072096,0.93438745,0.46988094
-0.14932364,0.25811878,0.10141303,-0.14560613,-0.07170905,0.6108586,0.4738077,0.4202965,0.45599988,0.5701589,0.28607902,0.57191336,0.58754694,-0.43922138,0.98593897,0.40560696,1.8103569,0.998492,1.6434314,1.0414308,0.89835835,0.87468356,1.2860405,1.3337629,2.172038,1.2076535,1.4876024,2.3444734,1.3936056,0.35601658,-1.093148,1.1693239,1.0107998,0.4445781,-0.09695733,0.8465868,-0.45938638,-0.08676352,-0.54335093,0.6714507,-0.35988092,1.5206798,-0.39010775,-0.7765837,0.23850201,-1.5278034,-0.08206696,-1.0136347,-0.51558095,-0.9504336,0.08693418,0.2762942,0.26885837,-0.33524147,-0.091599554,0.403486,0.78463256,0.33643648,-0.29841223,0.7183227,0.5623878,-0.5542994,0.27774385,0.21979034,0.47309142,1.4151938,0.07862094,2.0280056,2.377553,1.5583795,0.6347559,1.4871817,0.9739346,0.7746616,1.9675741,1.2704986,1.2664237,1.9138347,-0.531754,0.20036769,2.191708,-0.7264001,1.0431557,-0.24666943,1.4483074,0.8051936,-0.2471416,1.0967525,1.0828078,0.4583607,0.38551643,0.45998526,0.19225796,0.76858747,1.5789989,-0.062733084,0.6759914,0.5989233,-0.47351846,0.4218062
0.19469036,-0.29366204,-0.76320356,-0.05305279,-0.1957645,-0.4399481,0.10572262,-0.3160349,-0.19257724,-0.053013973,0.8589184,-0.5873828,1.3202826,-0.53385586,0.5851301,-0.32204017,0.5090911,0.19232343,0.15572049,0.3669084,0.11587177,0.2704085,0.3653113,0.90102386,0.8081361,-1.1218038,0.55808073,-0.91604626,0.31937885,1.0829962,0.33254054,0.74688977,-0.41097656,0.5840204,0.081413224,0.74340206,0.0153797,0.6926563,0.7480912,0.3660817,0.2751101,-0.20076008,0.78940785,0.1827721,1.0554906,0.47374606,0.96375203,-0.13075213,0.12844875,0.6761801,-0.70755064,-0.4171972,-0.16906257,-0.085179746,-0.45855725,-0.8835096,-0.32491037,-0.3524691,-0.4918651,0.5766632,-0.78126466,-0.69194984,-0.52302575,-0.22525215,0.30145758,-0.020093426,-0.46292582,0.6176543,0.40247342,-0.44671676,0.2205262,0.61531967,0.4001147,0.44788593,0.18736649,0.08813641,0.57603544,0.68168354,0.17164777,0.72701055,1.2482656,1.2380049,-0.2537318,-0.15277512,-0.53579354,1.3234915,-0.016664175,-0.05806309,0.09127285,1.1851248,-0.57682943,0.25910756,0.47700393,-0.18259647,0.46939152,0.37145212,1.3942,-0.78646624,0.15757573,0.42494282
-0.06027101,0.1916178,0.130659,0.68659264,0.58013177,0.49356163,0.5727742,0.5591843,0.31602493,-0.17532194,1.672103,1.3811967,1.1845506,-0.084755026,1.4192121,0.3327212,0.90714854,0.5785768,1.4743222,-0.83387876,-0.096912414,0.948854,1.2007785,1.1694857,-0.16265318,0.67960536,1.3830111,1.4616323,0.043773554,1.6490767,0.392726,0.08470701,0.07075114,0.62380475,0.107886985,0.5050744,0.93447286,0.17303085,0.5021934,1.0201403,0.4709758,0.5561214,0.6986728,-0.048563685,0.94456995,0.0723554,0.73798764,-0.42884132,0.15050644,0.2706881,0.5040374,0.47192764,0.8366474,0.4525909,0.33700797,0.2197188,0.49438536,0.20316231,-0.39629394,1.3482982,-0.6099212,-0.4054339,1.0718608,0.8959319,1.0436565,1.5075792,0.5409722,1.5223287,0.6233945,0.80818015,1.1365213,0.96587205,1.1715713,0.5849793,0.9772967,0.49770075,0.23901306,0.8820316,0.3927606,0.2990898,0.7744351,-0.5799503,0.7187955,0.051689412,0.33462235,-0.16410965,-0.6554592,0.18248202,-0.19648425,0.60707307,0.30165708,0.5648305,0.42967722,-0.09068917,0.84495234,0.21879175,-0.46760464,-0.13469608,-0.26473206,0.15512152
-0.14830248,0.27788508,0.5623444,0.72701156,1.0049317,0.9020379,1.218316,1.0397626,0.64926827,0.13159826,0.5964658,1.3901547,1.3472494,0.3212411,0.28881204,1.1104684,1.9635037,1.2590319,1.6863972,0.07306152,-0.051365074,0.9517552,0.68931466,1.0682403,1.38645,0.9183447,1.4407505,0.7947038,0.54821956,0.6377628,-0.38984302,0.46686557,0.9391271,0.7835508,0.5786513,0.5239968,-0.6326215,-0.5897286,-0.8669122,0.48437467,0.23254572,0.2588837,-0.44160783,-0.9857161,0.9761458,-0.98653996,-0.11773395,0.0840415,0.23340805,-0.533171,0.24896978,0.53562677,0.9743947,0.048268054,0.6955051,0.4536259,0.36997432,0.15697071,-0.17523117,0.6642929,0.98941237,-0.7253343,-0.2205277,0.9606793,1.5262274,0.79585576,-0.048395984,1.727185,1.0252756,1.4107218,0.6934682,0.6960849,0.17046005,0.2214539,0.35974753,1.0813694,-0.20665687,0.6716506,-0.34820282,-0.06967537,0.40456346,-0.010638639,0.76173717,-0.19996487,1.2310005,0.061186865,-0.37685263,0.7455079,0.3486661,-0.8301085,0.6337211,1.1815426,-0.439232,0.76372755,-1.0287819,-0.8110343,-0.14110589,0.85047895,-0.335988,-0.6173511
0.427398,-0.00019919903,0.98406833,0.4329133,0.6216456,0.61223274,1.109054,0.91109324,1.0764169,-0.3166883,-0.3953769,-0.48684222,-0.07912119,0.46522313,0.7447989,0.9996829,0.8596574,1.2814887,0.6481792,0.47906947,0.2446969,0.68608224,0.42885318,1.1823573,0.5210605,1.1641612,0.5453436,0.10578179,0.04586403,-0.59249914,0.6409578,0.14258711,0.97636443,0.88447535,0.41735014,-0.08437294,0.6378834,0.056039784,0.4167233,0.979119,1.3358834,1.157305,0.09327512,0.4341849,-0.24445637,0.5870894,-0.045224383,0.76150584,0.7704563,0.31558385,0.4392515,0.5918749,0.27147546,-0.34155446,0.3834146,0.23974654,-0.09204728,0.09019475,-0.47543663,0.5792788,0.7786481,-1.003611,0.10751941,1.5164813,0.042308893,-0.48366848,0.0078491345,0.76499397,0.791452,0.56197864,0.7716387,0.64589566,-0.44629112,-0.14144452,0.51087147,0.24811341,0.78017855,0.02547232,-0.1755075,-0.23213255,0.27792695,-0.27992967,-0.1905782,-0.43318298,0.0010769957,0.30716154,-0.10162055,0.30338544,0.22312896,-0.11309403,0.17621917,-0.413801,-0.85893935,0.5489497,0.60125035,-0.45478332,0.94999075,0.37210926,0.16837443,-0.13459972
0.92287123,0.6250578,0.6506263,0.67491806,1.0341724,0.8405889,1.3219469,1.0003006,1.2293689,0.51841396,0.52918684,0.3382321,0.70905185,-0.2588678,0.41759548,0.17919998,-0.5001505,0.08070627,0.24473473,-0.20309491,-0.07345915,-0.54636395,-0.8117135,0.25748336,0.18117607,-0.26750112,0.9900483,0.15780883,0.069332294,-0.23306067,-0.29229566,0.82671094,0.45412832,-0.19479607,0.14541286,0.05765923,-0.4829138,0.2272842,0.92094415,0.70691895,1.5732867,-0.08558823,0.7239295,0.38097286,0.9632885,1.444877,0.060197055,-0.41394836,1.035981,0.84206444,0.15702026,0.23638587,0.1653969,0.038639177,0.38809556,0.45263553,0.01886314,0.5430973,-0.100150056,1.850903,0.078075655,0.41535735,-0.041489404,1.2274852,0.36599502,0.1364429,-0.24794686,0.05224809,-0.5447889,-0.6578983,-0.580148,-0.68071854,0.17918679,-0.30834,-0.40261227,0.27082494,-0.21458434,-0.7531487,-0.046443053,-0.5221601,-0.6149689,0.6653475,0.38769233,-0.6217345,0.74352485,0.49527308,0.31297067,1.0032188,-0.5220531,-0.24262574,-0.035736114,-0.16336402,-0.37774852,0.99256843,-0.12544645,0.2867521,-0.024574649,-1.0373245,0.08443408,0.36795437
1.6594287,1.2473562,1.0376847,1.1317778,0.99351317,0.8474773,1.4631019,0.60037005,1.0944369,0.5341222,0.5118025,1.079857,0.42834535,1.3853117,0.3770568,0.7129776,-1.222621,0.3862741,-0.67987794,0.8350963,0.8741111,-0.2726212,0.40567008,-0.3590321,-0.23591356,-0.23763324,0.67206246,1.0127251,0.31881958,2.431119,0.58145404,0.92886496,0.12273487,-0.3242527,0.2878587,0.43348992,1.3080069,1.3495497,0.89168054,0.4530193,1.374075,1.4856336,0.2847294,2.2270455,1.5355679,1.1311646,0.17240086,0.10019284,1.6053189,2.1368833,0.35761172,0.5942858,0.08286492,0.7011132,0.288291,1.0638411,0.35117823,1.0505558,0.17820127,0.54904556,-0.19719517,0.58912396,1.2113569,-0.1104443,0.14228742,1.4180597,-0.17463356,0.22409786,-0.27275112,0.3690739,0.1394709,-1.3277975,-0.5843205,0.14542368,-0.55036896,-0.25571412,0.30926552,0.7693297,-0.017690165,0.12173313,-1.1664546,1.9741157,0.571217,-0.34879196,0.713152,-1.2885642,1.7707512,1.6086509,1.0878179,0.61084837,0.029256184,-0.16576555,-0.31712255,0.888715,-0.9500504,2.4242506,0.5070878,1.1709645,1.5297917,2.0921755
0.15893805,0.6918453,0.8810818,0.95438486,1.2941707,1.5586435,1.4701911,1.4396535,1.74921,0.6322755,1.7102757,0.8161087,2.2226474,0.5426923,1.1256698,0.8174728,-1.8341904,0.39208078,-0.04875265,1.320184,-0.54231477,-0.42388505,0.9503877,-0.4338806,1.1128674,-1.2045715,1.5247806,-0.72582686,0.65285665,0.51770353,0.13537197,0.7898344,-0.4527836,-0.35827088,0.22334404,0.24472527,0.5833539,1.1792282,0.8329256,1.001011,1.8920177,-0.11402236,0.2479066,2.0606062,1.0792152,1.3160313,0.73905367,1.0397667,2.037318,2.0879211,0.74384296,0.9026869,0.5854338,1.4093342,0.9838176,1.1265906,0.7600306,1.4043924,0.80581266,0.43446228,-0.39840585,0.10338392,0.1758952,0.52591354,-0.052296672,1.4323028,0.21355328,-0.7643119,-1.8717893,-0.0035036267,1.7470174,-1.5400802,0.44390318,-0.42668393,-0.21537624,-0.6115638,0.5208532,-0.27296683,-0.57720697,0.84674567,-2.36008,0.4007673,1.3873861,0.8492749,-0.28975537,-0.6795988,0.9473312,-1.0477685,-0.123765506,0.016967645,0.103746295,0.2149184,-0.650454,-0.29563692,-0.6716877,1.468375,0.4214472,0.1464031,1.8167591,1.0312186
0.49671996,0.49466878,0.73551255,0.5376997,0.6522929,0.34097755,-0.2819627,0.011387263,0.67180157,0.8930757,0.35578468,0.0023750134,0.98867106,0.59536815,0.72144216,-0.786848,-1.0917269,-0.7750766,-1.0605389,0.4221641,0.48576716,-0.41972423,-0.5187406,-0.8278918,0.72314334,-0.08658496,0.37839216,0.38299006,-0.42256784,1.435703,0.9382459,0.27268302,-0.8137416,-1.0011766,0.38263053,0.8266656,1.557163,1.7238864,0.738612,0.11918328,0.78352123,-0.7066927,0.75151026,1.2768567,1.3584976,1.0387404,1.0683781,0.00022663765,0.82469815,1.8902125,0.73711485,1.0105524,0.6963957,1.3944647,1.109343,1.8645627,0.34055188,0.94266033,0.81249785,0.9673631,-1.0596385,1.2330776,0.9097118,-0.34440383,-0.319516,0.21974778,0.23808327,-0.32615188,-1.1982971,-0.37422404,-0.37643266,-0.53215384,0.9076327,0.43749157,-0.65419424,-0.75072044,-0.99400926,-0.16718853,0.40230027,-0.061120667,-1.031089,1.223471,0.25649682,0.44297585,0.31376904,0.84355545,-0.34844267,0.39998454,0.9923527,1.5816377,0.27125445,0.54767483,0.9368224,-0.14153829,-0.38384336,2.1602397,1.0992968,-1.0750755,0.7585959,1.6125157
0.74291545,0.37080762,0.55025786,0.30408195,0.25298917,0.07670922,-0.03292427,-0.061425205,0.22141972,0.33972225,0.26215154,-0.6946145,0.43002814,0.52544403,-0.5055452,-0.23407646,-1.6184382,-0.6946504,-2.1698253,-0.70303,0.050714225,-1.3498765,-0.60526943,-1.0956745,-0.8800103,-1.6528964,-1.1646221,-1.0230902,-0.8008219,-0.7194474,0.057523485,0.09549478,-0.76077646,-1.1312412,0.16600786,0.22030975,0.42206752,1.2777848,0.4360626,0.052852325,0.4546148,-1.0920134,0.24593803,0.72938627,1.1614519,0.47863543,0.3608645,1.2412301,1.7290951,1.8193839,0.4584584,-0.08893981,-0.5454432,0.44647834,0.50667113,0.47805095,-0.29777482,0.6245051,0.84409887,-0.7119529,-1.2850761,1.391611,-1.1223458,0.97650415,-1.5489709,0.42629173,0.017036183,-2.4066079,-1.0367545,-1.5028836,-0.13051905,-2.1025553,-1.2347866,-0.5428262,-0.7773894,-1.565956,-0.43380713,-0.41872507,-0.032726754,0.1912173,-2.9979017,-0.31929874,-0.4597445,0.98296684,-0.32460406,-0.06335517,0.8365553,-0.67515355,-0.20996368,-0.6884673,-1.0105681,-0.2554156,0.84458876,-0.052751657,-0.8228648,1.3819032,-0.6156543,-0.0917042,1.2379743,1.2976261
0.7457266,0.52122897,0.79079944,1.0497885,0.75886625,1.6207329,0.7590747,0.9423479,0.67968434,1.0187706,1.0494611,-0.04611304,-0.20470795,1.1388552,-0.5453272,1.1239966,0.3865385,0.76160365,0.21876897,0.85936785,1.1638083,0.20609003,0.67783946,0.24612717,0.06217676,0.24715298,0.3952949,0.6655091,0.1490175,1.1911986,-0.21271904,0.300703,-0.32705808,1.1838546,-0.65848047,1.3272558,-0.35962293,-0.14324123,-0.34671694,0.2716312,0.08595476,-1.2630521,-1.4452068,0.6263217,0.62840974,-0.96168786,-0.36684066,0.057431187,1.0550008,0.10113999,0.5549709,0.702731,0.46864274,0.93941754,0.39679226,0.98506767,0.8352945,0.2780285,1.3507689,0.6533564,0.084768765,0.3273052,-0.26821998,-0.16241527,0.23950982,0.10928675,0.056134615,0.83943385,0.5259041,0.1296291,1.6410418,0.36069292,1.5325453,0.046205632,0.24074472,-0.21539636,0.39438775,0.5137095,-1.039186,0.62718964,-0.2695078,0.23898646,-0.12735315,0.49494407,0.8688656,-1.0569059,1.0623993,0.6541592,0.71649444,-1.5758704,0.2959796,1.0965806,-0.541813,-1.5256735,-0.5281513,0.29494512,-0.72528017,1.8024641,0.9325226,0.25325134
-0.852423,0.5543649,0.10608274,0.43594787,0.5086466,0.21085994,0.8295338,0.67590904,0.47479248,1.388861,0.06537276,0.25628495,-0.105631605,0.15395805,0.42327452,0.39675856,-0.34983894,0.49564767,-0.6842896,-0.78630406,0.41760054,-0.5694425,-0.7435368,-0.29253536,0.86584604,1.1706107,-0.83338505,-0.3653133,-1.3411062,0.44961405,-0.56872386,-1.3832712,-0.98759186,-0.07290623,-1.0860183,0.3311015,-1.5552417,-0.8739579,0.12520815,0.78132606,-0.5202464,-0.8348836,-0.6790213,-0.62533885,-0.51233023,-0.373818,-1.3095851,-0.75849205,-0.45269936,-0.9738043,-0.7124381,0.4744379,0.3962436,0.5426952,0.5220262,-0.17469022,0.2749047,0.06312863,1.4498944,0.5869802,0.41746375,1.1055061,-0.57183886,-0.93243694,0.288908,-0.4097611,-0.028599855,-0.45923087,-0.57588834,-0.18546556,0.07510482,-0.10904904,-0.38447383,0.22227,0.20200405,0.39298195,0.12649329,-0.11412933,-0.23460108,0.2530244,-0.5527413,-0.23679274,0.42216355,-1.1986893,0.2262039,-0.35091424,-0.7481422,-1.1949644,-0.6476316,0.6103331,0.03349228,0.82704276,0.31796926,0.13086195,-0.24935997,-0.32005703,-0.73504645,0.7448568,-1.0397514,-1.1959051
0.07119008,0.4914514,0.23954314,1.0614843,0.9543847,0.72901624,0.8886386,0.60528237,0.969028,0.5523266,0.6792846,0.13708687,0.6139688,0.21709399,0.16803116,0.36270657,-0.15816075,-0.22680418,-0.11413685,-0.22275549,-0.07739995,-0.07119516,0.2966649,0.80990297,0.83931214,0.14039792,-1.1337718,-0.089756526,0.22903635,-1.3242339,0.08905877,0.857839,0.20128043,0.21069331,-0.5140359,1.2289549,1.400118,0.010102697,0.3512228,0.68947065,0.94791293,-0.5294092,-0.23511152,0.52400845,0.61449397,0.12327974,-0.43720797,-0.72265035,1.0220982,0.8202685,0.5721599,0.10574231,-0.5132911,0.7011147,0.5707046,0.3226327,0.2771609,0.71040356,1.206317,-0.3179782,0.49914968,0.70124257,0.22512223,0.5575772,-0.6791357,-0.3859612,0.31832197,0.06355489,-0.7435294,-0.4474639,-0.9546564,0.3048285,-0.45218852,0.35210848,0.5921113,1.2456397,0.51111704,-0.89036417,-0.17362837,0.3669875,0.13420692,0.98447347,-0.22928658,0.22080041,0.22676696,-0.60862124,0.36848176,-0.31820822,0.4275174,0.42363867,-0.061029576,0.74393654,-0.26468292,1.0688065,-0.026352547,0.64093184,0.8404636,0.9404151,0.71848094,0.56952727
1.0672977,0.51986665,0.7340984,-0.11742492,0.6029685,0.76612127,0.57556885,0.543562,0.13162236,2.151579,0.6274841,1.7282933,0.6488554,1.1585342,0.4084215,1.7533529,1.2104062,0.8544706,0.25170738,0.68902385,0.26053378,1.7354776,0.54393464,1.2544715,1.2896912,0.5000333,0.7848268,0.25703263,0.66664237,0.37524408,0.7433529,1.4505138,0.63106686,1.3385668,1.5247887,0.28475168,1.7273875,-0.37469465,0.48716226,0.81588393,0.35031405,0.5098623,0.29586938,0.79103297,0.09450135,0.1378397,-0.0020561973,0.6591067,0.7791694,0.11401174,1.5004253,0.32136422,0.7194694,0.11547247,0.41636014,0.43156633,0.34776837,0.06413497,1.0587656,1.2657858,0.68926996,0.16393892,0.89250916,0.10821558,1.4791673,0.8354654,0.44912034,-0.047093745,0.54755044,0.65109324,1.1727769,1.2119676,0.83978754,0.340933,1.202613,0.19201437,0.9196854,1.0921675,0.27150354,0.7003286,0.7874257,1.1219505,1.4050968,0.6446804,2.042954,0.5428142,1.7916231,0.6053989,0.8259787,-0.16795452,1.5340178,1.4629653,0.5108959,-0.37776977,0.9540685,0.2011695,0.15552072,0.51993763,1.1686952,-0.07343612
1.3755285,0.33285284,0.30405942,0.14287801,0.47548112,-0.0059120758,0.8803989,0.17618503,0.13720685,0.3309443,1.3407102,0.4235728,1.8204532,1.1546128,0.60587794,1.2217724,1.1454247,0.47129548,0.6141483,-0.065852605,0.34460682,1.9158956,-0.20047767,1.1422684,1.8055888,1.2012357,0.61500937,1.2879388,0.7354584,0.8803072,1.1536037,2.0302925,2.0750258,0.51978856,1.5115043,-1.2463986,0.76650023,0.4491636,0.66270405,1.1819806,1.400087,0.61743385,1.2467983,1.5588542,0.25438148,1.3736787,1.2198746,0.6999514,1.3148255,1.3182254,1.5620804,0.3935567,1.2644197,-0.5930824,0.1490103,0.019927302,0.41591173,-0.45693368,0.18066666,1.4708447,1.1211601,0.4994813,0.5752309,1.6355733,0.37706384,1.0035056,1.3199645,0.56087893,1.2882166,0.8601345,0.7649384,2.1480358,0.884325,1.1971883,0.9093944,1.8345494,0.32897618,1.0726427,0.88087225,2.256694,1.9290338,2.1890178,0.7236673,2.1383417,0.12690617,0.8556844,0.8706814,1.2039005,0.74612844,1.3109274,1.2095419,0.8418251,1.545318,1.3818169,2.59445,0.81464815,1.8559439,0.007870437,1.2569493,1.5463654
0.76934916,0.78878987,0.6218422,1.3964288,1.3140268,0.58184034,1.6428227,1.2394787,1.1287442,-0.6879007,1.7191564,1.0024775,-0.02948443,1.9064068,1.8537838,0.83835727,1.1260637,0.9083143,-0.37980694,-0.48413053,-0.7468265,1.0562029,0.48839,0.55570406,1.2457198,0.3543856,1.4611511,-0.71655697,-0.019749518,0.39939874,0.78023714,1.729138,2.2078886,1.2561679,0.82634974,-1.6803071,-1.3028011,-0.31064433,0.90828776,1.0342844,1.8030775,1.2779602,1.0466843,0.5768694,0.82025385,0.80074394,0.07429154,1.0563487,-0.3843391,0.13819776,1.0410396,0.95825917,1.2227242,0.77344376,1.2592952,0.09621019,1.0675895,0.6538024,-0.6252246,1.3133374,0.27022338,0.64066726,0.48304123,1.7270021,0.42715964,1.0284698,0.056027982,0.64601135,0.24632607,0.34673375,0.14261694,1.0149494,1.7510188,-0.14775042,-0.22069027,1.728858,-0.32446352,0.62762517,0.8515572,-0.18023747,1.263913,0.9036988,1.2883655,0.47773227,0.67777795,0.72212774,-0.364411,-0.5080335,-1.6326755,0.5356421,1.1477282,-0.72186047,-0.80967855,-0.2478455,0.122331284,-0.5390264,1.1254735,-0.1724664,-0.818706,0.06775168
0.30004942,0.8189387,0.8312556,1.1458972,1.4062523,1.2446133,1.1615971,0.8789737,0.8861945,0.21251452,1.2673261,0.68293184,0.5651522,0.80928695,1.060867,0.19799489,0.89735574,0.48266852,0.3384978,-0.9238912,-0.79682225,1.0149051,1.1739202,0.42688423,1.2872534,-0.32964563,2.0144053,0.9914646,-0.69384414,1.0786612,0.9611792,1.5905887,1.4103518,0.27503872,1.6898644,-1.5912491,-0.42516583,0.7482214,1.1575637,0.91075987,1.0346756,0.0062572733,1.4212003,1.0442401,1.3011518,1.8194035,1.0516232,0.8312807,0.614471,0.2265399,1.139308,1.0961357,1.3646641,1.579164,1.6089784,1.1549319,0.929581,1.1036716,0.73415875,1.499307,1.8373209,0.29876223,0.6966221,2.012581,1.0213345,0.99858326,0.3984752,1.1295561,0.0210076,0.4238877,-0.36160067,1.0891179,1.5854987,-0.63256407,0.683204,0.83230555,0.2432305,1.9299746,0.49565282,1.3443618,0.1753417,-0.023225067,0.015695794,1.2284948,0.3462913,0.04932648,0.049405783,1.0808053,-1.562439,-0.8304291,1.3681759,1.4412521,-0.18089533,-0.50960857,1.5990003,0.94677365,1.2346944,0.42961958,0.3541848,-0.3151882
-0.72776717,0.51098675,0.11280986,0.93989134,0.56841964,0.032469135,0.37339717,0.17510043,0.1941921,0.062877715,0.6306776,-0.09634676,-1.8937292,-1.1584553,0.7266596,-0.092964515,-0.6957173,-0.26574048,0.09932525,0.71674716,0.2970454,-0.6821339,-0.23009597,-0.7313555,-0.19516878,0.08445047,-0.1953503,-1.1012826,-0.6754931,-0.25644982,-0.7395316,-0.710064,-0.6942754,-0.69768256,-2.0837257,0.7650442,-0.7060883,-1.2921578,-0.96085376,-0.17138365,-0.99437815,-0.9041087,-1.06315,-1.8254254,-0.7885153,-1.1669401,-1.5879402,-1.1186129,-0.45803437,-1.1307117,-1.0217732,-0.025125524,-0.45013648,1.0360124,0.4149307,-0.22703552,-0.07786073,-0.090715066,0.63766336,0.22344078,-0.34237096,-0.27559784,-1.5149423,-1.1369418,0.462633,1.5950704,-0.6401399,-0.25906774,-0.34374017,-0.411572,0.3218669,-0.8129363,0.20884655,-0.07485051,-0.2412376,0.19023128,0.052329358,0.22627777,0.28523108,0.29550827,-0.34739083,-0.90226,-0.09249151,-1.0550234,-0.7187653,-0.85951054,-0.5744535,-1.220118,0.81630725,-0.0816187,-0.40905163,0.035743363,-0.6493479,-0.5696566,-0.045144048,-1.0030534,-0.60839456,-0.5052375,-0.6847778,-0.10138659
1.4393977,0.9743363,1.9526328,0.44621015,0.7262836,1.1507771,-0.21057668,-0.45730403,-0.12272273,-1.1578798,-1.8333567,-0.60428077,-2.5563037,-0.22520229,-0.108161576,0.2300816,-1.9547144,-0.6019537,-0.78738564,0.602407,2.8865104,-2.3271978,-1.9078201,-2.2752433,-1.2155697,0.73938143,-0.91002166,0.88679,0.7346218,-0.34084913,0.8279944,0.7146339,-0.5425034,-1.2165176,-2.1723528,-0.42460823,0.96365243,0.73045254,-0.7990113,-1.506032,-1.275294,1.1437436,-1.0155387,-0.2882865,-0.677773,-1.1917218,-2.0713153,-1.0538403,0.8228013,-0.15589084,1.2567561,1.0518289,0.30873933,0.14818995,1.0675588,1.2428114,-1.0145288,-0.25276828,1.4745471,-0.1788498,2.222767,1.3275776,1.2572217,0.30863217,1.6986086,0.50214845,-0.3527362,-0.5604274,-0.7013853,-0.7087808,0.8310035,-0.7453272,-0.9523142,0.2959929,-0.02174262,1.9531695,0.7138149,-0.57592034,0.86291134,1.9057769,0.5156291,0.5712457,-1.0237663,-0.9223172,-0.27101895,-0.24271752,1.4641947,0.25508574,-0.17275032,-0.45045075,1.7624229,1.172744,1.0375705,1.9670608,0.74436307,-0.16480178,-0.7590878,-0.38805896,0.75292194,-0.3557071
-1.2413461,-0.96195483,-1.7422045,-0.18474074,-0.90028495,-1.6256,0.14168228,0.059501864,-0.2654255,1.0218953,1.5544326,0.92551076,2.1692681,0.28717473,0.28690425,0.083240956,1.950188,0.48941454,1.1412852,-0.7617144,-2.2054162,2.211445,1.061509,1.8107564,1.3190901,0.1712625,0.7669707,0.19061136,-0.20341389,0.2671178,-0.8215537,-0.08276745,0.76743555,1.0563122,1.9461731,0.106213994,-0.10799663,-0.004995741,0.90008545,1.1688352,0.901263,-0.32771972,1.1601037,0.42917356,0.51719487,1.0102115,2.2542484,1.0516331,-0.97603756,0.19586542,-0.76263785,-0.73309374,0.45066336,-0.13599667,-1.2269448,-1.2375005,0.6491539,-0.08782461,-0.63913673,0.58155924,-1.0008748,-0.42190823,-0.1538636,0.05588089,-1.1932002,-0.5182223,0.5777785,1.0019593,1.480352,0.6995183,-0.8606452,1.3771777,0.6143938,-0.053888347,0.24559505,-0.91677,-0.22165753,0.52380556,-1.1385711,-0.7126783,0.48508805,0.033020314,0.6968861,1.0763265,0.79946584,0.2807812,-0.6395982,-0.10710077,0.26037705,0.3552453,-1.0053465,-0.61420685,-0.37686655,-1.7648138,0.17182444,0.04990886,0.91655624,0.8312587,-0.6951314,0.2064739
-0.7512491,0.03584116,0.8922997,-0.19454928,-0.90787894,-0.10857582,-0.22254819,0.241993,0.08407014,-2.5788043,-0.08868349,-1.5403726,-1.5684644,-0.46319282,-0.30470848,-0.019715836,-0.47698662,0.13529447,-0.12710923,-0.93402964,-0.61739546,-0.6506979,0.09159834,-0.1524154,0.057204027,-1.1405042,-1.6659024,-2.689071,-1.8558338,-1.1331947,1.320264,-1.467927,-0.115900524,0.17818488,-1.0206026,0.9156665,-1.7138307,-2.3554657,-1.854072,-0.9488256,-0.8317633,-1.6933252,-1.2358137,-2.3636777,0.3613471,-0.7090483,-2.3405836,0.056542363,-1.0451639,-1.5574862,-1.2684318,-0.8645855,-0.7718376,-0.58792365,0.01391169,-0.08630417,0.3176744,0.022157142,-1.7602655,-1.6802492,-1.8185606,-1.616714,-2.237423,-0.56008893,-1.3024234,-0.18949768,-0.71993816,-0.9591385,-0.6497398,0.26603454,-1.3162355,-1.0330663,-0.49617657,-0.88102657,-0.8164324,-0.5751163,-2.4992144,-1.9618742,1.6483716,-1.1003964,-0.86465967,-1.2461103,0.40040058,-0.8518554,-0.8849973,-1.9678162,-0.93798715,-2.8639362,-0.03665239,-2.9081926,-0.65496117,-1.1256394,-2.6369326,-1.1895287,-1.2581172,-2.8963077,-2.4409072,-0.15484415,-1.359265,-2.364864
-0.8052891,-1.3455509,-0.3368428,-0.31573972,-1.1167108,-1.0592189,-0.4907387,-0.67310554,-0.4066072,-2.185982,-0.9178357,-0.5733361,-1.4956057,-2.5365252,-1.395291,-1.8967447,0.44724473,-0.13616435,-0.10517965,-1.3064278,-0.4217155,-0.042359907,-1.2328782,-0.8464255,-1.4581058,-1.4477171,-0.988976,-1.6272483,-1.5240617,-0.6856477,0.8792771,-0.425047,-0.48229286,-0.8781398,-0.33187675,-1.8683295,-0.93845993,-1.2610214,-0.59493303,-0.96472174,-0.4479096,-0.9374202,0.025632964,-0.7955575,-0.45708486,0.1648565,-0.048318572,-0.21070425,-0.50660205,-0.75329375,-0.58327204,-0.6934135,-0.26118693,-0.9691558,-0.2151141,-1.1659516,-0.95818025,-0.74229914,-0.53530633,-0.069058135,0.35231617,-0.90198994,-2.290985,-0.041619934,-0.4510817,-1.8302547,0.17567378,0.19493988,-0.5655871,-0.94192487,0.81730753,0.07250258,-1.2654165,-0.20505616,-0.10727081,0.19225934,-2.2918918,-1.1571922,1.2903752,0.5009212,-0.193623,-0.22179611,-1.2531602,-0.6618111,-1.5003256,-0.119937345,-0.38599432,-2.5459113,-2.040233,-0.039274346,-0.104489446,-0.3155171,-0.92925,-0.59334856,-0.585497,-2.3168101,-1.1223215,-0.24009289,-1.0953052,-1.7161654
-0.113441765,0.24877432,0.03682674,0.37207213,0.1373959,-0.7535721,-0.31639928,-0.35457748,-0.20905955,0.68890446,0.5756321,-0.67027533,-1.1695672,-0.8575776,0.408319,-0.3422237,-0.61831796,-0.7763176,-0.49421543,0.021916062,0.010694897,-0.89207864,-0.45776138,-0.60894156,0.8519134,-1.0686753,0.35127005,-1.2009367,-0.32922518,0.19286533,1.1231277,0.80165863,0.55946845,0.7388597,0.6434101,-0.6422754,0.009650681,1.1939077,1.3126055,0.21670868,0.7411469,0.16339463,0.988456,-0.0152531825,0.8454455,0.5021343,0.6021971,0.4792655,-0.61144286,0.4813351,0.64288396,0.47983596,0.41039553,0.73564744,0.22248547,0.43071708,-0.18668054,0.24873258,0.9486065,1.9046556,0.22019926,-0.20378199,0.052927054,1.3913875,1.0038298,0.8408974,0.011750647,-0.96587473,-0.44052914,-0.123151004,0.07445913,-0.64712906,-0.35326606,0.6621376,0.32918733,1.342687,-0.10051686,-1.212289,0.8489624,0.27506655,0.043394987,1.2067649,0.073541656,0.9585648,-0.8681821,0.23331986,-0.63448805,-0.33080664,-0.5183113,0.9865109,0.45695713,0.34744424,0.6181507,0.51229954,-0.03986723,-0.9295575,-0.6434584,0.6728154,0.0033159084,-0.13381286
-0.7292034,-0.74194914,-0.7820775,-0.2678502,-0.15274903,-0.46148887,-1.0481812,-0.6574648,-0.23682378,1.1930853,0.6964589,0.62333703,1.5997118,-0.20074409,1.0261967,-0.5796545,0.24500267,-0.2298925,-0.17021622,-0.10018027,0.16311124,0.37170112,0.10496916,-0.8827119,0.98302805,0.26352528,0.5166992,1.3661449,0.7374605,0.13433133,2.138716,1.7722427,0.4147268,0.40406993,1.641017,0.32959574,1.2948246,1.125121,0.8921516,-0.3131024,0.11626364,0.7381094,1.8510596,0.009777881,1.4257219,1.1371368,2.2382333,0.9766337,-0.59680045,0.54707664,1.3096385,0.8383025,1.7375649,0.80367684,0.5476781,0.37528443,-0.030000418,0.8368918,2.1098437,2.7892551,2.1975017,2.1059177,0.6988771,0.7286514,0.6993859,1.6470728,0.585945,0.98410416,0.712669,0.7223465,0.56182986,0.89527196,1.4703783,1.3110983,-0.21105249,0.91993934,0.65944254,0.25811097,2.3673372,1.0564399,1.3415517,0.072137006,-0.8060409,1.1613657,0.5074022,0.49785498,0.110830195,0.18914951,0.7381433,0.3338709,1.4950403,1.5739231,1.5500692,1.1072464,1.127042,-0.5120216,0.9637468,-1.2368937,-0.18546873,0.30644536
0.260194,-0.91925395,-0.81006837,0.111747645,-0.5119959,-0.28722024,-1.1473624,-0.8081965,-0.9926979,0.6522406,0.83566874,-0.15658368,0.6823702,0.96897197,1.5115042,-0.8560251,-1.2233689,-0.42742473,-2.5021815,2.0284314,0.5674388,0.73135287,0.6988429,-0.706774,0.9439789,-0.9538443,-0.48925567,-0.6640283,0.16437112,1.1230621,1.14464,-0.40412262,0.6809905,0.92550546,1.0971154,0.4663443,1.017659,-0.26268396,0.28429905,-0.5283297,-0.96587175,-1.3363721,-0.31764248,0.21279976,-0.24223235,0.37274098,0.8137871,0.52933145,0.45415995,0.0781606,0.9195396,-0.0049694665,1.0530387,0.56433153,0.2755302,-0.17206915,0.39611524,-0.3509776,1.3963004,0.4504746,-0.111467466,2.2269166,0.16041647,1.3691007,0.74711174,0.8830473,1.7745413,-0.71328163,-0.039272368,0.50023663,-0.091584824,0.58733547,0.7655376,1.6390685,0.3731837,0.022958506,-0.40738538,-0.62840205,1.8649861,0.86907816,0.4070839,1.08049,0.4078992,0.7356463,-0.1274247,-0.19550897,0.63323534,-0.8994557,1.3188875,0.44872156,2.1368377,0.48346743,0.907859,-0.9360774,-0.9866398,0.24450918,-0.51041603,0.42527992,1.0793021,0.38876647
0.81122094,-0.70074266,-0.12656261,-0.500834,-0.7237902,-0.24203245,-1.7417665,-0.554848,0.22905691,0.13189997,0.32520226,-0.08130295,1.3900841,0.44089532,-0.3034393,-0.5761642,-0.3976529,0.34910873,-0.61639243,2.334594,1.6315491,0.12755951,0.26473245,0.17663643,0.7538481,-1.454582,0.29932743,0.17356242,0.6502486,-0.68611676,1.1661633,-1.2620457,-0.19576097,-0.09844477,-0.041668646,1.3416244,1.404746,0.25321394,-1.0342668,-1.2708597,0.044531625,-0.2521911,-1.2783545,0.53652287,1.0239576,-0.9792327,-0.3113172,-0.07777966,1.3122381,1.2091463,0.80522794,0.42329347,0.15596087,-0.0066152783,0.020445168,0.5242617,0.5082565,0.004960233,0.8385295,0.732804,0.6375122,1.0338978,0.22792122,0.15586571,-0.70088935,-0.7817256,1.6682078,-0.30090725,-0.083160125,0.52740115,2.3419874,-0.14896694,0.24557185,2.094474,0.22337931,0.4299223,0.85643244,-0.03425036,0.69099826,-0.026227083,0.55051106,0.96846604,1.1399844,1.647903,0.7091914,-0.74890554,1.7297015,-1.2607974,2.5939205,0.53032386,0.9279536,0.36640725,0.26968914,0.08975297,-2.1882002,1.3347565,-0.8510231,1.5390555,2.137189,2.4966023
1.17406,1.4622895,1.0130903,0.09469952,0.16147728,-0.098986164,-1.1176652,0.29784954,1.3228841,-1.4229127,0.11467536,1.0464942,0.45700926,0.7493411,-1.2127098,0.43404263,-0.29660055,1.679499,-0.014770294,1.0802588,0.96353847,-0.6944448,0.52049744,-0.008502024,0.49150798,-0.08834169,-0.953979,0.64057344,1.0948857,-0.061008964,0.4042963,0.016936148,-0.7071633,0.045193985,-1.0329286,1.3867668,0.105340414,-1.5154506,-2.1017828,-1.6457906,-1.6033508,-0.50193745,-1.1993406,-0.31089032,0.2418484,-0.8430825,-2.4067817,-1.4372287,-1.3281627,-0.48998258,0.5485271,2.0143924,0.83115715,0.9568809,1.4712512,2.5472987,2.0430863,1.7364439,0.30769718,-0.28926483,0.25844932,-0.36969605,-0.71303624,0.54359394,1.2266562,-0.7879969,1.6873704,0.5590319,-0.011457277,2.0300336,1.4246145,0.511398,1.259193,1.4012315,1.3896964,1.0077063,2.0613346,0.81446344,0.6931405,-0.57098496,0.45377454,-0.3149412,0.6828798,-1.3712722,0.38926238,-0.14216144,1.140149,0.43456155,1.6965773,1.238395,0.14610176,-0.31188023,-0.073873304,-0.3200868,-1.654453,0.38080317,-0.8684059,1.0519071,0.75417405,0.0915688
-2.1068902,-0.65009373,-1.3269631,-0.6907511,-0.7964837,-0.9144894,-0.7126878,-0.25430623,0.18594578,-0.70710087,-0.503938,-0.24447748,0.6481462,-0.13853143,-0.1786879,-1.097089,-0.6843823,-0.66368335,-0.5932939,-1.6517949,-1.0768392,-1.5087578,-0.65240014,-0.3230117,-1.0999241,0.6596664,-1.1400715,-1.1381601,-1.7715456,-0.1359099,-1.2094659,-2.0541158,-1.6916485,-1.4923623,-1.8823361,-0.95364594,-2.1150107,-1.7376387,-1.0494878,-0.59695035,-1.3979667,-1.870864,-1.4563806,-1.33904,-1.151655,-1.5053573,-1.5752683,-1.7268575,-2.16224,-1.9286281,-1.8106364,-0.33676,-0.2859859,-0.16553047,-0.039126605,-0.5830019,-0.35691404,0.090029046,-0.6470182,-0.01695025,0.07436329,-0.7190938,0.53801215,-1.381367,-0.42600638,0.18001384,-0.4647481,-0.23698992,0.04590826,-0.53982395,-0.9565912,0.38677162,0.0023433059,0.54296863,0.272674,0.35258564,-0.6445214,-0.5781923,0.39191023,-0.45963416,0.5152122,-0.7647485,-0.08979891,-1.4375674,-0.17129284,-0.28260496,-1.4520551,-0.16013506,-1.4162366,0.48841602,-0.5584379,-0.6255287,0.49048904,-0.38304925,-0.16376367,-0.73576874,0.8376221,-1.6251575,-2.4949129,-2.1301646
-0.47824216,0.058632325,-0.2737106,0.1581849,-0.32779318,-0.24779984,-0.20994334,-0.05387005,-0.037331782,-1.3728113,-1.0998446,0.8075068,-0.53073204,-1.3617386,-0.84085035,-0.14542238,0.2621768,-0.34171844,0.44164267,-0.67973596,0.72318214,-1.2479867,-0.17989275,-0.046183616,-0.49851596,0.10091128,-0.07833025,-0.3110233,-0.35029104,-0.23072845,-0.7400692,-0.92936534,-0.2286658,0.07832163,-1.7457893,0.6321809,0.0062849256,-0.7980778,-1.1450396,-0.6884702,-0.89507824,-1.0121156,-2.000287,-1.8413174,-0.9763744,-1.5657713,-1.2384844,-2.0115075,-0.87533456,-1.0831193,-0.38853043,-0.25888178,-0.11790993,-0.19974114,-0.14180319,-0.6992001,-0.39762717,0.0134429755,-1.4251488,-0.6801901,-0.50251,-1.3696711,-1.8267822,0.36899444,1.0482666,0.2176532,-0.36491728,1.3774194,0.35014895,0.23927587,0.15869132,0.61959475,1.0658002,-0.373857,0.34254983,0.30599144,-0.32117766,0.5259601,-0.10229383,-0.4372784,0.6143042,-0.7591027,-0.8348772,-0.7587318,-0.20279531,-1.0473865,-0.651761,-1.6607181,0.032410257,0.06692887,-0.28347594,0.117729776,-0.92640287,0.33889508,-1.8013575,-0.3966652,-0.56227756,-0.5408703,-0.9245041,-0.5448557
-0.76696193,-0.24253044,-0.7202095,-0.5063229,-0.61017686,-0.6600621,-0.48831794,-0.73773336,-1.2318734,-1.3488324,-0.38702014,-1.0428967,-1.2859259,-0.95381355,-0.9106111,-0.78775114,-0.2551513,-0.71608305,-0.30609733,-0.80351824,-1.6962378,-0.6179341,-0.9689883,-0.329207,-0.31457156,-0.27500528,-0.014455039,-1.5033987,-0.7679804,-0.11607708,0.2785645,-0.13340443,-0.44158196,-0.67107356,0.21358128,-1.3559862,-0.757321,-0.477888,-0.3568445,-0.80859053,-0.59121364,0.39177504,0.96330214,-0.54551786,-1.1044596,-0.045658156,-0.030482983,0.0922923,-0.9391356,-1.201212,-0.4979538,-0.6284375,-0.30917972,-0.50838083,-0.56532586,-0.8893565,-0.36850864,-0.881984,-1.3998537,-0.99463826,-1.4574412,-0.6969862,-2.1897533,0.64223534,-0.66653275,-1.2326486,-0.5695448,0.5781506,-0.07555402,-0.40933654,-1.7136768,0.30118647,-0.6796856,-0.4293381,0.17267565,-0.11443085,-0.17657384,-1.7916697,0.2695167,-0.96912515,0.5317629,0.20805427,-1.0482585,-1.2380376,-1.2893639,-0.87108254,-2.3118625,-1.7787521,-1.1653961,-0.5444757,-1.0024375,-0.48838052,-1.0089141,-0.11513694,-0.558269,-1.1589727,-1.9675158,-0.93686837,-1.3036218,-1.8861117
-0.20467733,0.3348329,0.40760124,0.4381428,0.066027075,-0.4035956,0.61322457,0.7632256,0.16980664,-1.2917882,0.02650422,-0.2761914,-0.32614884,-0.3688417,-0.6125131,0.39027676,0.3619046,0.3812115,-0.06787086,-0.9549887,-0.7298639,-0.24542418,-0.4507753,0.16804287,-0.26031625,-0.21178196,-0.22772592,-1.7030739,-0.41339347,-1.6285948,-0.25959003,-0.937099,0.100315414,-0.0998972,-0.50365055,0.30299458,-1.4263822,-1.4470886,-0.6441124,-0.19186513,-0.47533444,-0.86278147,-0.32356468,-0.9427939,-0.5314899,-0.7201295,-1.3262849,-0.40909052,-0.5425452,-1.3214754,0.076687165,-0.34551826,0.17133632,-0.005866394,-0.15454607,-0.005625491,0.89203346,0.22421136,-0.9513678,0.24216716,-0.17254184,-0.34700358,-1.2379738,0.18311387,-0.22945268,-1.285466,-0.25636783,0.020713892,0.0059484923,0.4769027,-0.089977644,0.1762119,-0.15193956,-0.30185068,-0.1469336,-0.529211,-0.2895167,-1.2245835,0.20706023,-0.24406393,0.11694551,-0.045306362,-0.0759908,-0.419383,-0.97434807,-0.35564044,-0.4286717,-1.1419216,-0.49347746,-1.1374428,-1.1570128,-0.9169119,-1.545842,-0.46411726,-0.81840396,-1.3539437,-1.3720477,0.46343708,-0.15939981,-1.0299964
0.16231331,-0.15012775,0.59915626,-0.391349,-0.32780454,0.07056467,0.2612395,0.47563303,-0.29135627,-0.425568,-1.0375037,-0.65078175,-0.67592263,-1.4359491,0.17053416,1.2829983,1.2219827,1.2939569,1.0402069,0.35566226,-0.52864087,1.105895,1.4472877,0.5740245,0.7395612,-0.014806475,0.2779864,-0.8858897,-0.030916303,-0.69117093,-0.55715173,-0.76603967,0.30236214,1.0023189,0.3064051,0.7736322,-0.59971845,-2.0504959,-1.0658941,-0.24761546,-1.0077746,-1.1377709,-0.95021385,-1.8469455,0.2992623,-1.5018431,-1.6120821,0.2695236,-0.2832724,-1.4841422,0.6374908,-0.15124421,0.5005892,-0.941564,-0.054500673,-0.17510961,0.83785576,-0.14257316,0.38536996,0.09239026,-0.17894414,0.28479993,-1.1167407,0.6663882,0.47758627,-0.82900345,1.0082445,0.9760601,1.5615724,1.5650268,0.088513,0.9454364,1.0116005,-0.063636675,0.63012207,0.60526454,-0.46171835,-0.60857433,-0.0019162946,0.18919787,0.61435807,-1.2429155,-0.74317795,-1.0230769,0.84692216,-1.2418481,0.089879,-0.18577948,1.0894914,-1.0069536,-0.3355414,-0.17141348,-0.82482636,-1.2915986,0.010317916,-2.0017748,-1.7826359,1.157185,-0.06361676,-1.3957576
-0.025338868,0.67752445,0.28452805,0.326907,-0.07664386,0.2414323,0.08810086,-0.030358782,0.08754926,0.5149397,-0.2079304,-0.45576474,0.8888309,0.5082888,-0.35154235,0.011859164,-0.0042213793,0.18069978,-0.41903073,-1.1184577,-0.5460894,0.67528236,0.5988061,-0.13907555,0.8329374,0.033554114,-0.7965157,0.4413893,-0.8903358,-0.6706764,0.14873523,0.7560348,0.9283737,0.55971843,0.96922225,0.13333213,1.2300957,-0.37847775,0.4611515,-0.14785719,0.0838162,0.36518475,0.6569997,0.5510312,0.118481524,0.56638163,0.29835573,1.221849,0.22564764,0.3561704,0.6095062,0.4557642,0.4882338,0.7574599,0.5873973,0.11559797,0.54965335,0.44772193,0.4307695,0.4514743,-0.6334649,1.259548,0.86312646,1.234084,-0.066281974,-0.046696186,-0.19132175,-0.14064224,0.4289697,0.6053086,-0.79571944,-0.5601142,-0.16390055,-0.49561116,-0.059578218,-0.079043515,-0.623126,-0.16840468,0.4156526,-0.07519894,0.0047064964,1.6962016,0.50190264,-0.4375581,-0.38201278,0.25079018,0.32256562,-0.43576607,0.21823849,0.20787482,0.98063165,0.5077413,-0.55408853,-0.2710717,0.39661792,-0.10303734,0.35183612,-0.40932605,0.0383372,0.23731422
-1.3730017,-0.6051211,-1.461712,-0.08685106,-0.7152834,-1.3346632,-1.6886716,-0.6692666,-0.79749465,-0.14846116,0.14908019,-0.28247848,-0.7710609,-0.6135835,-0.23941618,-1.2465988,0.59970134,-0.4054042,1.5892831,-0.5027095,-1.1020051,2.01579,0.8487346,-0.26650438,0.027203768,-0.658455,0.65049344,-1.0890114,-0.666647,-0.5371748,0.4773822,-0.5423666,-0.12782036,0.27678987,1.8332837,-0.7914575,0.14171691,-0.9110303,-0.93128145,-0.72775245,-0.34097797,-0.4676059,0.9310744,-0.543164,0.9323572,0.6700782,1.7405186,0.70528394,-0.65448475,-0.061130267,0.51712847,0.01788193,0.48211873,0.8140204,-0.24659172,-0.652805,0.55510783,0.37646124,-0.71659607,-0.6261521,-0.6474022,-0.7841664,-0.28932923,1.2298526,0.23727268,0.5490131,-0.4283441,0.7422089,0.7141429,0.9643874,-0.76849806,0.19909424,0.035092127,-0.49192417,0.49838772,-0.7639647,-0.97931015,-1.1179563,0.20062307,-1.1980872,-0.32261702,0.09228815,0.014661042,-0.29656208,-0.90684795,0.20106575,-0.5417288,-1.100803,-0.52238435,-0.7660809,0.42233574,-1.2633739,-0.42969522,-0.61562496,-1.2511675,-1.4912255,-1.3011783,-1.9459507,-0.19749466,-0.41215315
-0.9897746,-0.44981384,-0.36145845,-0.2312345,0.25203067,-0.4856937,-1.2935928,-0.3675463,-0.0039492515,-0.06892327,0.8495925,1.3022759,1.6227846,-0.1561377,1.1229336,-0.7564555,1.2408154,-0.23695102,0.06258821,0.83712214,0.27566457,0.7061461,0.37382773,0.77155614,-0.34694734,0.41616726,0.44252732,-0.73263586,0.4733032,0.41258863,0.753993,-0.37690192,-0.098483376,0.3283044,0.74703807,-0.20373942,-0.44597512,-0.6470831,0.15948038,-0.6240699,-0.5747711,0.91971594,1.0692861,-0.26633435,0.63967824,0.48350534,0.8035085,1.1934233,-1.136796,-0.5989535,-0.112078294,0.41487634,0.9498302,1.0720855,0.96078837,0.050361186,0.7782778,0.8836979,0.7323301,1.3626957,0.9755228,1.2792344,-0.095698304,0.6087514,1.074597,1.254906,1.1469018,0.6833775,-0.010771586,0.8896855,0.044300634,0.23997533,0.19106062,0.45624512,2.0780456,0.8727492,-0.26575625,0.14675209,-0.06066929,0.4024538,-0.4019278,-0.728199,-0.3096747,-0.27564448,0.29114237,-0.10880757,-0.72263986,-0.98736644,-0.27168375,0.20534389,0.17632417,-1.0176014,0.2480476,0.49982807,0.3914026,-0.71423656,-0.49790263,0.39900145,0.027168632,-1.5263697
0.76763475,0.013128386,0.070212595,0.51207775,0.4740847,-0.016654618,-0.12366195,-0.7354326,0.18561472,-1.2678307,1.1055869,0.52250713,0.68492544,-0.84817594,-0.22183937,-0.40672815,-0.87069005,-1.2392688,-1.97531,-0.14847453,-0.69762933,-1.6972387,-0.97602016,-0.98765355,-0.93967295,0.54022115,-0.7046587,-0.57648706,-0.7105546,-0.52714056,-0.53826493,-0.5953481,-0.5755113,-1.8508254,-1.255005,-0.6850888,-0.31264457,-0.070186295,0.15908031,-0.23781502,0.16423655,-0.60395885,0.19644108,0.13925631,-0.48393932,-0.58014894,0.0056375493,-0.7015605,-0.048332084,-0.04830539,0.047937006,0.06254663,-0.4824486,0.3758679,0.459653,0.37853795,-1.1165289,-0.15385433,-0.95847535,0.28925687,0.15210211,1.0710042,-0.7981714,0.84663534,1.4907417,-0.40287438,0.44565657,0.04274605,-1.6137192,-0.88556844,-0.38357615,-0.92645204,-0.7432681,0.8778534,-0.33363232,0.6456091,-0.082230896,-0.4476957,0.9852387,0.60955155,-0.1808382,-0.22822054,-1.1829653,1.422209,-0.21735477,1.3540047,-0.9939717,-0.21242243,-0.2656059,2.2751534,0.3347203,-0.6209334,0.87291026,1.0590205,1.8683131,0.9848273,0.8269181,-0.21096955,0.53604066,0.12707087
0.21238723,0.07279753,0.14168975,-0.10294391,0.37543675,-0.18193722,-0.7440947,-0.7600854,-0.26545408,0.9079068,-0.43705267,0.38070258,-0.03136233,-0.2703,-0.03633168,-0.8826109,-1.9470485,-1.217752,-1.2373011,0.44850734,-1.2496914,-1.6960486,-0.7889334,-1.900059,-0.21970606,-0.008472993,-0.5991372,-0.9112009,-1.2462728,-0.5448185,-0.5072643,-0.014095429,-0.64286417,-1.3222523,-0.11528323,-0.22071598,0.00047749482,0.53731894,0.44087005,-0.043655407,-0.2749315,-0.62103033,0.4636516,-0.36239764,0.04753462,0.4540667,-0.3463259,-0.04840155,-0.15959987,0.11104008,0.270594,0.15339845,-0.018307183,0.4503926,0.4139249,0.4807822,-0.5074,-0.4824664,0.38550615,0.598603,-0.53928906,-0.19088009,-1.803693,-0.09439276,-0.61869854,-0.38259792,0.4264337,-1.2227794,-1.9000052,-0.68999004,0.17491965,-1.4940705,-1.1483307,1.1098412,-0.63818115,-0.0031470708,-0.21914534,-1.2258406,0.26878083,0.2130678,-2.208459,0.45490667,-0.49424428,0.87839246,-0.25336525,-0.35325,-0.7503745,-0.7770878,1.0549788,0.20359084,-0.13301376,-0.099433795,1.6984509,0.17967677,-0.9270876,0.027540667,0.13965401,-0.70994955,0.3315898,0.23472768
-1.1726787,-0.5470594,-0.3740963,0.14670463,0.22148111,0.36248437,-1.0831966,-1.049965,-1.1177069,-0.46016374,-0.49045116,-0.10113564,0.4408702,-1.6062253,-0.7535128,-1.4352609,-1.5462419,-2.0732968,-0.34710863,-1.7434639,-0.025864325,-1.0176818,-1.155318,-1.1492835,0.026827479,-0.32420558,-0.038233835,-0.35207397,-0.7039117,-0.15946025,-0.60391295,-1.1352329,-1.9870331,-1.2857962,-0.6615085,-0.70678544,-0.20915298,-1.1040772,-0.12416003,-1.0493205,-1.30629,0.49080917,-0.17707448,0.018632108,-0.6612606,-0.11789843,-0.29875356,-1.4539933,-1.3115213,-0.24888451,-0.4920534,0.050315697,0.15706311,0.74455214,0.56316674,0.17600714,-0.48518705,-0.50150704,-0.090730235,-0.0061438405,1.3958458,1.0081943,-0.30166,-0.44154608,1.477662,-1.0382671,0.84055156,-0.04335019,-0.81795526,-0.21602106,0.76281726,-0.39077896,0.31122866,1.1178421,0.88098675,0.8481832,-1.4075757,-0.08705215,0.3176331,0.019118916,0.29819772,0.64066166,-0.48853275,-0.49883243,0.50984097,1.3432891,-0.6029277,-1.0402304,-0.62307024,1.6635128,0.06306121,0.08048225,1.269492,1.9340373,1.3283988,-0.09789152,-0.056203447,-1.0793557,-0.91602564,-0.056090463
-0.6878299,0.09177018,-0.14070077,0.077178076,0.39487833,-0.7195754,-0.96926755,-0.82925355,-1.0499249,-1.2841904,0.9320867,2.1024508,0.3623012,-0.25570932,-0.4726396,-0.94738734,0.056018323,-0.83918494,0.84520763,-0.40763792,-0.71422315,-0.15701295,0.057480257,-0.32232645,0.4791023,1.1931026,-0.48603487,-0.29502362,-0.10774096,0.4969593,0.009354204,1.1005689,-0.9117145,-0.54163134,-0.33814752,-0.9883532,-0.46563277,-0.6505951,-0.22306424,-0.044367116,-1.3828729,0.57786965,0.40320405,-0.53027236,-0.49155575,-0.15873931,0.18070273,-1.7616807,-1.487283,-0.41349593,-0.65985906,0.12898943,0.46384144,0.7109452,0.46800268,0.03155103,-0.31486502,-0.47249267,-1.3485057,1.0636796,1.3481843,0.6327006,0.9681786,0.7872336,1.8086978,-0.32784516,0.7031417,1.1158104,0.55747634,0.58417785,0.87120503,0.9366435,0.8936641,1.0014192,2.1111238,0.92323816,-0.18323918,0.5398415,0.66602445,0.55322033,1.2172283,0.5871534,0.2975937,0.87703264,0.7495308,2.8393393,-0.07588589,-0.15573303,0.4016307,1.4292961,0.5720932,0.22597189,1.3697985,0.47372386,1.1695518,-0.60064536,-0.28489757,-0.5965585,-1.0332177,-0.46053717
-0.89107686,-0.38090578,-0.34567314,-0.5031756,0.17023756,0.17337358,-0.7962229,-0.28306636,0.098402195,-0.6328987,-0.11210354,-1.1217726,-0.006887581,-0.4886412,-0.12588872,-0.82607234,-0.41877174,-0.16597492,0.1954604,0.13168499,-1.419454,0.2837757,-0.3234014,-0.48202774,0.75191957,-0.39451292,-0.639824,-0.70061475,-2.2285736,-1.4589684,-0.19341,-1.4408072,-0.66851735,0.5850272,0.9069261,-0.67129755,-0.92234343,-0.9025792,-0.522688,-0.9007754,-0.82877076,-0.42107525,0.56905586,-0.7252232,-1.0749948,0.10472089,0.5227929,-0.15382302,-0.9533166,-0.8626194,-0.29982382,0.26490343,0.4122473,0.59867007,0.8368706,0.023466578,0.11218952,0.22437915,-0.6827069,-0.4346791,-0.7278969,0.12863113,-0.37633198,1.3006631,-0.41210335,0.06872395,0.26962638,0.41770542,0.36154142,0.67877054,-0.25740424,-0.06052437,0.46032277,-0.81653225,-0.37910664,-0.43497935,-1.1049955,-0.79853517,-0.1915529,-1.2702175,-0.15128823,-1.2557853,0.12301977,-0.033263024,-0.050454717,-0.31812307,-1.8770024,-0.8582129,-0.951837,-0.8691088,0.050527778,-0.6777949,-1.1758945,-1.8646547,0.030940972,-1.766795,-0.33612072,-0.18869352,-0.92443824,-1.5479647
-1.1825608,-0.12209157,0.57692575,-0.034368005,0.62971467,0.112537056,0.052739445,-0.21055709,0.23073086,-0.47825333,-0.507319,-0.9767701,0.1990882,-0.40234673,-0.60186726,-0.114356674,-0.09932711,-0.98201555,-0.61141324,-1.1199063,-1.3326421,-0.461671,-1.2650632,-1.1226604,-0.338316,-1.654623,-1.7175987,-1.4918641,-1.642174,-1.4835829,0.6935157,-0.0075795143,-0.067527525,-0.10057571,-0.5101803,-1.7640859,-1.6591415,-0.613661,1.0358418,0.3180655,-0.026750129,-0.9456488,0.7299642,0.0052896556,0.35502318,1.1833372,0.70386606,0.09007849,-0.08872663,0.11970391,-0.5701837,0.41673025,0.13753416,0.8539104,0.72303665,0.05306744,-0.17554066,0.14487846,0.016950933,0.73958623,-1.3151503,0.60193634,-0.07782479,0.8108476,1.0060575,-0.591638,-0.41615814,-0.40386945,-0.42773333,-0.7306307,-0.8672162,-0.9148481,-0.53383994,-0.3679711,-0.49417636,-0.12137622,-1.6893018,-2.0379684,0.15065546,-0.9229831,-0.802979,0.61675155,-0.28367284,-0.34088287,-1.3273926,0.40635428,-1.4473449,-1.5112349,-1.5159644,-0.15380871,-0.39145863,-1.3731636,-0.39594036,0.15453209,0.07870013,-0.29067576,0.30048108,-0.1961077,-0.46079776,-0.59903926
-0.49091572,0.2406614,0.39210808,0.44134602,0.64113975,-0.26231477,0.43349162,0.034797676,-0.16070816,0.6722993,1.3457596,0.26266128,-0.12544751,0.2526402,0.7406611,-0.14736605,-0.98755765,-0.22046876,-0.29540095,-0.48032227,-0.39679945,-0.22762409,-0.20899229,-1.4403164,0.87101156,-0.6380983,0.343093,-0.9276883,-2.5181901,0.941617,-0.1276504,0.76260275,-0.018096447,-0.88916016,0.52683824,-0.14115351,-0.5831847,0.49006093,1.9986382,0.83127755,-0.189965,0.02108857,0.9448335,-0.5569105,-0.18806586,1.5029217,1.0454513,-0.39041227,-0.3683362,0.16898856,0.067241326,0.30666405,0.22476159,0.5241406,0.30272093,0.18154937,0.3211514,0.0570276,0.16817671,0.36042714,-0.097217195,0.9944442,-0.08642324,-1.1607026,-1.1301042,-0.15306021,-0.06411831,-0.35702923,-1.2195178,-0.11424784,-0.7648636,-0.5919026,0.10714846,0.17425518,-1.0706198,0.15653697,-1.6450927,-0.37979388,0.35529742,-0.43967175,-0.89018327,0.91178536,-0.5143962,-0.102248296,1.5337327,1.3501302,-1.306666,-1.4688207,-0.289883,-0.333397,0.24701364,-0.2027376,1.3753444,0.31580505,1.059321,-0.8446797,-0.27021542,-0.70558083,0.0034122155,-0.7865285
1.5513452,-0.14896119,0.60322845,-0.78108525,-0.2620156,0.99659526,0.85058004,0.18384898,-0.20964912,0.7780303,1.5705811,-0.0065242667,-0.64719886,1.1021883,0.55270606,0.7371206,-0.1903188,0.9381694,-0.23031671,1.4264622,0.34483445,1.6629523,1.3812163,0.40593973,1.0817665,0.5451397,0.21969327,0.42944992,0.07341436,-0.079102464,1.277865,1.8254144,0.51168466,1.3479472,1.8683735,1.1708621,0.46166176,0.3788948,0.47504658,1.2331523,1.0594684,1.3217521,0.34860718,0.29416174,-0.34913594,0.36029258,0.955859,1.1588391,1.7894613,0.792836,1.1206609,-0.10934191,0.4409658,-0.6655637,0.06648006,0.25803936,0.7464863,-0.561571,0.61781806,0.2132495,-0.4106668,1.0337639,0.47822744,0.8243464,0.1897944,-0.22775027,1.584954,-0.30392307,-0.13295208,0.5833394,1.3783162,1.7377183,1.9147828,1.4875891,0.18616055,0.66465455,0.119810544,1.2992009,0.47817093,-0.35915694,0.2965852,0.30181557,0.32180557,1.7388322,-0.026580686,1.0191021,1.1498722,0.35467875,1.0117098,1.2614455,0.091801964,0.45271188,0.70627296,0.96985024,0.52997494,0.71284366,-0.07667414,0.65789074,2.076608,1.1627089
1.643224,-0.25959972,-0.35455927,-0.43547258,-0.554517,-0.21288371,-0.27194208,-0.057928246,-1.0355762,1.083589,-0.4851757,0.62494224,0.12007683,0.7034876,-0.19605,0.9057793,1.1016651,0.9278589,1.1890483,2.1782591,-0.25308508,2.1223583,2.1260219,0.7757276,0.9974863,1.167038,1.3196259,0.33041063,-0.015111403,-0.0044530854,-0.41911584,0.03526139,0.49001354,1.0038507,1.5284456,0.0037736308,-1.4113342,-0.10801508,-0.19628254,0.052980207,0.050911747,0.26863798,-0.46451056,-0.77114075,-0.7286451,-0.746663,0.0057635657,0.0907585,0.012552763,-0.6250009,1.1070764,-0.5980642,0.45217082,-0.71197915,-0.8196233,-0.46528646,0.8605591,-1.1401789,-0.54347557,0.9345439,0.12068892,-0.30820557,0.6099375,-0.6118725,0.19234209,-0.49438438,0.9899428,1.1817449,1.0976986,1.9361515,0.19783995,1.6310825,1.3578341,0.5406171,0.5541869,1.445234,0.67246705,2.0055583,-0.4830193,0.6607097,0.63143766,0.3173105,0.6682126,1.4150487,1.7019608,0.72049993,-0.06418074,0.5887925,1.1506095,0.574099,0.7621745,0.32891673,0.05784491,0.7033647,1.6261069,-0.0395836,-0.6152011,1.3886377,0.4752266,-0.23459981
-0.39334574,0.68766326,0.83460236,1.0505934,1.4770769,0.96583253,0.76913595,0.52462643,0.9163777,0.59537387,0.35177943,0.47945926,0.48852918,0.5807947,0.21728413,-0.3050371,-0.054720636,-0.06510271,-0.9423287,-0.38874546,0.31754926,-0.22363009,-0.947316,0.020189466,0.5683507,0.9336099,0.02117431,1.1738186,0.10898201,1.2153394,0.11413023,0.41303426,-0.54773974,-0.10829982,-0.9321649,0.41243064,-0.4000771,-0.840248,0.33721712,-0.2649224,-0.5649956,0.18758862,0.21486393,0.18094744,0.7663403,0.2555856,-0.04976829,-0.22602974,0.03299011,0.25627246,0.54541737,0.9514776,1.5649548,1.6739223,1.3961955,1.2163765,0.94288,1.0140997,1.4143493,0.81944513,1.1756406,2.0613177,0.6516842,0.22116965,0.82735074,0.50326276,1.2258389,0.38579026,0.2944501,0.93107086,0.20190911,0.8045396,0.62719995,1.5787755,0.7831807,1.1032208,0.8081556,1.1649711,0.0024065021,0.91193426,0.0280611,-0.34046483,0.06767575,-0.013880632,0.9765133,-0.5191585,0.42983145,0.3098725,0.4047853,0.035301417,1.182861,0.9967003,0.6699717,-0.7793369,0.53821886,0.28966534,0.5451291,0.14168815,-0.46847934,0.256356
-0.4760172,-0.00088924373,-0.09051241,0.4253221,0.73227763,1.0848714,0.18511143,0.35236257,0.7955678,0.6432777,1.1140312,0.39699137,0.3977271,-0.5680034,0.22633734,-0.61987406,-0.2570482,-0.5413676,-0.7444252,-0.81369793,-0.84999955,-0.40038973,-0.84356314,-0.4724947,0.52174467,-0.76998156,-1.0102228,0.10127551,-1.2805059,-0.2554491,-0.20237015,0.51241624,-0.5836619,-0.46712115,0.01753801,0.30242386,0.29744,-1.0415683,0.15943526,0.26931164,0.13116586,-1.0831828,0.016651904,0.02856363,-0.009699297,0.77729464,-0.6205816,-0.845233,0.59083855,0.23488133,-1.3729862,-0.042765863,0.014670258,0.6626434,0.53167975,0.18943562,0.33662665,0.50550276,-0.093903646,1.2513696,0.35849258,1.2503296,0.61313385,-0.21832411,-1.6116636,-0.6954213,-0.16811085,0.08921106,-0.9690214,-0.5347743,-0.43984634,-0.27166831,-0.20423642,0.12575795,-0.46901795,-0.35696906,-1.1556191,-0.57936156,-0.15121232,-1.2783374,-1.2656238,0.11879049,-0.20962764,0.3654063,-1.0774025,-0.48149985,-1.0061679,0.11442557,0.16454142,-0.17196065,-0.5501146,-1.5797478,-0.08322512,-0.45510948,-0.8265433,0.13148369,0.79239756,-1.3555293,-0.16288222,0.24617064
-1.4543096,-1.0420024,-0.5487868,-0.9811099,-0.16631967,-0.33403596,-0.5934328,-0.33232042,0.04766098,-0.60185945,0.07646321,0.22279286,-0.5713599,-0.64512515,-0.057754505,-1.487997,0.17498827,-0.20753406,1.2130158,-0.45176882,0.41163623,-0.42969862,0.4514407,-0.86516505,-0.504646,-0.060088202,0.20385621,-0.69798356,-1.1261196,0.4636258,-1.973327,-2.802944,-2.0466473,-0.5741916,-1.3391744,0.2875705,-1.0085442,-4.158527,-2.7840574,-1.6194637,-2.25018,-2.8558993,-3.451376,-2.3476014,-1.6456679,-1.9304825,-2.2258203,-1.5704656,-1.374234,-2.4380822,-1.114399,-0.87950265,-0.6354508,-0.61343,0.23177226,-0.15218508,0.2090143,0.491379,-1.1931663,-0.29083338,0.68035406,0.6251147,0.6044983,-0.22394812,-0.30394313,0.22260918,-0.042352896,0.6930098,0.106433935,0.050810326,0.6654461,-0.12460854,0.9921749,-0.9793443,1.1180143,-0.07954058,-1.2646037,-0.61455923,-0.005155672,-2.1777468,0.42679292,-0.18116371,1.152052,-2.506045,0.4496868,-1.2258111,-1.0617404,-1.6446745,0.20720467,-1.291773,-1.8020041,-2.2290637,-1.8639125,-2.2311807,-1.8275894,-2.017785,-2.3085032,-0.24582857,-0.3033495,-1.417748
-1.3302784,-1.2680312,-1.0474865,-0.92638344,-0.89250493,-1.191735,-0.8996481,-0.66383356,-1.174462,-0.37171128,-0.09202648,0.9070348,-1.0972455,-2.0419812,-0.32530376,-0.47548464,1.3224875,0.22353841,0.8274366,-0.06734407,-0.5640135,0.55087245,0.49556395,0.3781315,-0.22239453,1.4185215,-0.23342766,-0.16893321,-0.17385131,0.55372936,-1.2860258,-1.135477,-1.0632095,-0.27485502,-0.51426196,-0.414811,-0.105000265,-2.4513328,-1.7637752,-1.6359183,-1.7697345,-0.2650785,-1.9802523,-2.3596072,-0.97468454,-1.4452229,-1.0961788,-1.4559513,-1.7996306,-2.0860343,-0.1459306,-0.86125934,0.5912431,-0.9062368,-1.2349278,-1.8561927,0.004320418,-0.72597665,0.24910034,0.83098614,2.5707664,0.08395291,0.40849233,-1.945048,1.9893639,-1.0565962,-0.2012411,2.7885888,1.7206702,0.87184393,2.2183394,1.8059988,1.237082,-0.3828383,3.1421716,1.5015726,0.73884034,0.22994398,-1.4127611,-1.4408822,1.2409525,-0.4519757,-0.6273503,-1.7433273,0.016814921,-1.5601817,-1.2413384,-0.597595,-0.43231794,-0.880087,0.09056374,-0.94936407,-0.801633,-0.5142865,-0.4407819,-2.7540636,-2.8217976,-0.38384834,-2.2048192,-2.34086
-1.225917,-0.2364999,-0.63414896,-0.29291466,-0.64206463,-1.347761,-0.43569204,0.2864804,-0.59690845,0.17998159,-0.86156243,0.40472412,-0.6783897,0.6995299,0.7189847,0.4361532,1.9557006,1.2510208,0.68742853,-0.069887705,0.27266812,1.5406998,0.49586132,1.0578747,0.5901106,0.15615493,-0.4517719,0.5666185,1.04083,-0.90510446,1.0449613,0.6327067,1.3482192,1.0243616,0.92773944,-0.39517316,-0.6595306,-0.28454956,0.21526916,0.40075544,-0.45124713,1.0612465,0.57280993,-0.67782784,0.77095413,0.9489865,0.48783174,1.6230927,-1.7260103,-0.9432989,-0.14319445,-0.016555091,1.4718924,0.11343351,-0.27586466,-0.4819412,0.9440539,0.40246248,0.5690629,0.40230903,0.85676664,-0.7149821,0.088134155,0.62870437,1.0436306,0.15676515,0.40421894,0.8004547,1.6421093,1.4433897,0.5199946,0.8935464,0.26548085,-0.49041653,1.3924949,0.42560312,0.66526145,-0.24465786,0.293512,-0.40882036,1.6208602,-0.5847089,0.41831598,-0.96500075,-0.4941891,-0.92541414,-0.27075475,1.729461,-0.4435304,-0.805771,-0.33666947,-0.22230327,-0.11592702,-0.18353467,-0.14187925,-1.9517095,-0.3460091,0.16397437,-0.91810274,-1.6550893
-0.36783075,-1.1989003,-1.1987516,-1.3362617,-0.65675896,-0.8228454,-1.1051803,-1.067868,-1.8376534,-0.36012143,-0.5472024,-0.6524635,0.23514892,0.113863006,-1.2292827,0.07075844,0.7018614,-0.23518625,0.12810408,-1.5190226,-1.7180314,1.0412608,0.70626086,0.46391737,-0.040141013,-0.19744661,0.1208686,-0.79288363,-0.6402921,0.123246215,-0.69511646,0.11486209,0.75296277,0.3664705,1.2533082,-0.9691254,-1.0440536,-0.96109897,-0.16193612,-0.21417575,-0.82247144,0.02869308,0.7909426,-0.5200058,-0.44010398,0.8064356,0.13665593,0.30027837,-0.36897206,-1.059869,-0.04371229,-1.1118352,-0.39050862,-0.6535309,-1.2453647,-1.2683952,-0.09661652,-0.8448362,-0.75863117,-0.9191238,0.15887928,1.591919,-0.4829902,-0.3868359,-0.16920449,-1.2136803,0.81196463,0.026804762,0.3323035,0.33756846,-1.1527,0.2697559,-0.1686435,-0.13078223,-0.53816587,0.11983957,0.37747192,-0.16656192,-0.36835364,-1.7957191,0.9288577,0.16388157,-0.8107965,-0.4387541,-0.30785936,-0.022301909,-1.1367207,-1.2255846,-0.7968892,-0.44913065,-0.81964207,-0.6116287,-0.3505938,0.5240105,0.130307,-0.5871476,0.4433573,1.005065,0.08919576,-1.6665467
-0.37835458,-1.0920223,-0.58673656,-0.98240143,-1.1018882,-0.5522292,-0.8492778,-0.73326576,-1.5801088,0.024040164,0.85307926,0.1443731,-0.52700895,-0.94175726,-0.4024214,-0.1178833,0.8901238,0.31561208,0.967313,1.4170387,-0.66012204,1.5611798,0.5068993,0.18464111,-0.07223408,0.43867776,-0.683464,-2.329422,-1.3844149,-0.9061702,-0.67784554,-1.2331059,1.148259,0.85324705,0.28234583,0.063525,-1.5018433,-1.5969663,-1.3363626,-0.34623542,-1.7025048,-1.5867392,-1.2179443,-1.8810134,-1.025869,-1.5756811,-1.086924,0.43536162,0.24096979,-1.8379053,-0.5185758,-1.1094314,0.19476472,-0.66403675,-0.9799439,-0.74853,0.60526425,-0.6975117,-0.17755131,-0.76878065,-0.17070611,0.19735642,-0.095358014,-0.7951287,-0.23478195,-0.96867275,1.1179081,0.38983896,0.62567985,1.3649495,-0.5931822,0.40315914,0.8396122,-0.11447619,0.44623476,-0.18272138,-0.30880404,-0.30213675,-0.45111305,-0.7378741,-0.5222243,-1.0301356,-1.344632,-0.22934672,-0.6382184,-1.672177,-1.1046501,-2.0373306,0.708309,-0.57587165,0.09936768,-1.5147493,-0.78798276,-0.14386241,-0.3751957,-2.0575833,-2.5420387,1.4135562,0.9767118,-1.6180874
-1.391772,-0.8382092,-1.1937367,-1.0008136,-0.9686137,-1.3583227,-1.6971577,-1.4316192,-1.5597456,-0.28673875,-0.29003528,0.2542376,0.54989874,-0.26028714,0.0076711774,-1.0963248,0.1844292,-0.8262651,0.057286303,0.37298968,-0.30438596,0.1720534,-0.22682701,-1.0025855,0.12811339,0.1133108,-0.8164723,-0.888206,-0.6564375,-1.3648425,-1.0986577,-1.7630798,-1.1231891,-1.4656917,-0.978958,-0.51895297,-1.3749161,-1.3838229,-1.6502608,-1.9360349,-2.5709846,-0.71469295,-1.3809531,-1.3908298,-1.5853506,-1.6459999,-1.1797386,-2.364902,-2.0982695,-1.7766943,-0.43777382,-0.2797082,0.3735399,-0.024855332,-0.5712702,-0.92123365,0.033556648,-0.5404974,-0.782986,0.2368245,-0.2353685,-1.0297319,0.23228258,0.25914684,1.4967213,-0.64833415,0.48477408,1.0957302,0.13796291,0.33156133,0.13277681,0.25398776,0.44062844,1.045489,0.6579521,1.0021034,-1.040985,-0.3583306,0.031076983,-0.8521584,1.007784,0.06699628,-1.086983,-0.03877794,-1.6742388,0.641948,-0.6838843,-1.1278123,0.3736766,1.1703906,-0.46336403,-0.3830126,0.8655788,-0.124881394,-0.74158406,-0.622843,0.775917,-1.141,-1.3980135,-0.5739214
-0.53059226,-0.00075727137,0.25087368,0.3028946,-0.29349735,-0.8032128,-0.2920391,-0.17607468,-0.749105,-1.0765146,-1.3181294,-1.8285718,0.84303224,-0.7105622,-0.7732005,0.40657514,-1.2706224,-0.27020377,0.2497093,0.69353545,-1.2648814,-1.2935425,0.10280689,-1.2742962,-0.38684973,0.25316435,-0.45587623,-1.0611038,0.73625016,-0.3335354,0.14487657,-0.90055174,-0.88414323,0.14400354,0.38351098,0.79627794,-0.0471607,-0.33002475,0.032377135,-0.26456395,-0.6980413,-1.0554608,-1.1807345,-0.38973987,0.49486548,-0.73569536,-0.44915187,-0.5275116,-0.35282212,0.317211,-0.07118113,0.42761955,0.62339985,0.81557614,0.13898899,-0.3718302,0.31047055,0.15311499,-0.48300222,0.014470876,-0.67972326,0.93390805,-0.016581874,0.32063776,-2.0309784,-0.57294965,0.5746511,-0.6487967,-0.040510587,0.31112912,-0.14036575,-0.34467492,1.1458579,0.454227,-0.90133744,-0.18045561,-0.87462544,-1.4727775,0.028599065,-0.55710506,-0.20921819,-0.07357825,-0.11555982,0.4667223,-0.3901494,-0.13881893,-0.16539857,-1.1516533,1.0092474,-0.64796746,0.34970576,-0.035379015,-0.45344606,-2.1468003,-1.718029,0.81212455,-1.7658944,0.7090518,0.75309086,0.4794261
0.089743584,-0.31851473,0.5542393,-1.2187786,-1.2680314,0.042356025,-0.035185695,0.033679128,-0.01158611,-1.5968183,-1.3800396,-0.19551075,0.31043237,-0.6345109,-1.607635,-0.040740684,-0.16573678,-0.35630697,-0.81613135,-0.7832619,-1.0928679,-0.8272904,0.23873773,-0.7167665,-1.4602013,-0.5486809,-0.45675737,-1.4720234,-1.3299288,-0.5339802,-1.3043084,-1.2629898,-1.3541471,-1.2410873,-0.24815328,0.025279937,-2.630443,-1.7056607,-0.61707985,-0.17438567,-0.9889526,-0.9950448,-1.1150602,-1.1330482,-1.5300566,-1.6268792,-0.4373278,-0.57394403,-0.5307346,-1.6069156,-0.048154484,-0.57882535,-0.31642017,-1.2596495,-0.5775286,-0.24186936,0.011933658,-0.10657604,-2.966038,-1.4581541,-0.82738304,-0.33419332,0.22464667,-2.6944475,-0.26425037,-2.3411183,0.6542685,-0.21761732,-0.53635675,0.54424566,-0.99579775,0.24861903,0.099539705,-0.5188093,-0.45375964,-1.5365425,-1.1009568,-0.88254136,-0.6029694,-1.4478722,-1.259428,-1.781905,-0.22893074,-0.52701175,0.084244296,-0.5919713,-2.4655552,-1.5510978,-0.23435526,-0.32386145,-1.3185321,-1.5760983,-0.9420529,-0.11143324,-1.0530846,-0.58430666,-1.4175396,0.08609614,-0.6106323,-1.4373155
0.15061677,0.058971122,0.17577903,-0.9442999,-0.11185599,0.29810905,-1.1663014,-0.054262936,0.47534567,-1.605172,-0.034470074,-0.06025893,-0.0027037386,-1.5025427,-0.87071115,-0.4770285,-0.4878614,-0.64560163,-0.066019565,-1.0377846,-0.66012526,-1.0863215,-1.5940262,0.009917879,-0.9932531,-0.4323425,-1.4584335,-0.5720862,-1.0002542,-1.6036928,-0.7460485,-1.5559219,-0.80992794,-1.4276799,-2.0157702,-0.3973207,-0.16679817,-0.5103305,-1.3593322,-1.3345475,-0.077532634,-0.9168234,-0.053647753,-0.16626225,-1.4604768,-0.47719374,-1.566262,-2.652158,-0.75782055,-0.13009284,1.80737,0.35061696,0.76728964,-0.39636904,0.5154556,0.96927685,-0.121366665,0.3663702,-1.106532,1.358077,0.8172376,-0.32315817,-0.7532757,0.52158374,1.6046327,-1.4745796,1.2098707,0.6136986,-0.4700636,-0.07743258,-0.056824725,1.0457598,-0.42092708,0.25271854,0.80164963,1.0779576,1.4437078,0.024329241,0.39532816,0.87554413,0.3581648,0.43362576,-1.4112265,0.90411395,-0.11527888,-0.03736209,0.854484,0.81396115,-0.30145723,0.8265777,0.8728371,0.5271216,0.53619254,1.2495219,0.8959847,-0.21935166,1.1561627,-0.5592122,-0.08634015,0.023580274
-0.0137168085,-0.77284,-0.7985084,-0.49117035,0.105789416,-0.2939126,-0.9006196,-0.81040436,-1.2483058,-0.7933441,-0.39156193,0.543156,-0.5302089,0.30805293,-0.09068082,-0.30975065,-0.5401806,-0.051246926,-1.0135698,1.204327,-0.19301802,-0.42370877,0.39653602,0.16929774,-0.14924693,-0.40184265,-0.51054543,-1.6702253,0.56911737,-0.9645688,-0.91319925,-2.2654111,-0.75662565,-0.1300825,-0.897412,0.9974398,0.35799655,-0.98469347,-0.67126876,-0.329995,-0.6436234,-0.98653966,-1.3724169,-1.0352756,-0.023152139,-1.0937335,-0.95308036,-1.1016203,-0.063531704,-0.34283125,-0.2751093,-0.6860529,-0.22370777,-0.3100378,-0.22862983,-0.8671042,-0.49748248,-1.2705061,-0.7505257,-0.77597547,-0.3592985,-0.5169989,-0.68981177,-0.930748,-0.118220285,-0.3702601,0.23433767,-0.21683538,-0.19898067,0.12306862,0.7321585,-0.24054186,0.9199198,1.0174804,0.29074204,-0.30294365,0.19382405,0.08258286,-0.23350148,-0.23998906,0.4969718,-0.041613486,0.7026723,0.1152126,1.1335166,-0.10043326,0.010973253,-0.19901495,1.3684736,0.5208658,0.2455104,0.03524291,0.9708004,-0.19933365,-1.0477144,0.366891,-0.43040636,0.0055542234,0.23831013,0.4414624
1.6701117,0.34933522,0.33091226,0.5076017,0.95394707,1.3373286,1.0241042,0.9892177,-0.12428894,1.3328452,2.0487695,2.4005089,-1.1754755,1.8183156,0.67416686,1.1447637,0.18889043,1.5732425,1.4604802,2.3707612,0.7363368,0.3132922,1.560852,0.507757,2.0008926,2.5538986,0.9138385,-0.41165572,0.1599791,0.77303964,-2.1692052,-0.99432594,-0.50015956,-0.3803006,-1.1915745,1.9940139,-1.7675003,-1.536329,-1.2624596,1.0221714,-1.2244236,-1.1290342,-2.1660953,-1.7019835,-0.16410848,-2.5009375,-3.0381367,-0.83317876,1.3088402,-0.5907379,0.69035244,0.32638547,0.6181575,0.13436514,1.230665,0.20819598,1.7946832,-0.32633835,1.4534909,1.2745248,0.8130266,-1.6785836,-2.1575449,-1.4953125,0.4633604,-0.1506447,2.0269656,1.9595879,0.55215526,2.1208344,1.5327864,0.28206652,2.5186048,0.691701,1.9706091,1.6475523,1.4657598,1.0023302,-0.86781955,-0.2707279,-0.4935755,-2.1854103,0.3600993,-1.7525198,1.8404899,-3.2985697,-0.95196015,-2.4102924,1.459755,-1.0366484,0.6501832,0.07324316,-0.39660823,-1.8673396,-1.7474029,-0.6326852,-2.5197308,2.8701077,1.4729702,-0.93995804
-1.3518552,-1.0589861,-1.3865256,-0.85614234,-0.85627866,-1.7605137,-0.094398044,-0.56707984,-1.3610978,-0.26785812,0.19397703,1.2656248,0.5960819,-1.4375321,1.351936,0.9723133,2.377792,1.0480968,2.9479353,0.5416998,0.009130875,1.3704019,1.8129169,2.2388473,1.0045817,1.1482828,0.95818824,-0.3106325,0.49773523,0.12967959,-1.8618627,-2.0377676,1.0728805,1.2075397,-0.1332128,0.66231495,-1.4979954,-1.8037968,-1.7149456,-0.1314551,-0.9881166,-0.5326068,-1.5471369,-2.5884116,-0.88252485,-1.431883,-0.5114577,-0.18418999,-2.6124563,-1.6066409,-0.5307137,-1.0827147,0.10657959,-0.89018047,-0.93018544,-2.3560884,0.4948753,-1.3342376,-1.9693828,-0.014326143,-0.6048291,-1.6853008,-2.4267504,0.6129875,0.4892291,0.8674166,0.0052676117,2.6623695,2.231233,1.3331038,1.5735886,1.6444578,1.1060534,-0.09118809,2.3845773,0.8726125,0.18615538,0.8519193,-1.4167138,-1.780579,2.2278984,-1.0014203,1.0119109,-0.6739979,1.8957937,-1.6071597,-1.7544022,-0.36353713,0.62017536,-0.9078226,-0.5191748,-0.8692999,-2.11455,-0.30165252,-0.6830759,-2.1488874,-0.55497146,1.9092141,-1.7588036,-1.0589014
1.8037189,1.7831162,2.7407815,2.0828316,1.8566737,1.8503745,1.7868575,1.4732797,0.7488833,1.0084393,1.5250194,-0.5492772,-2.4307783,-2.025611,-3.9389045,1.741294,-1.8511992,1.1234726,-2.8956313,-0.21764289,-0.89166385,-1.7572093,-2.0266612,-0.26257476,-0.14605376,-1.7180355,-2.584831,-2.5527744,-1.7584985,-1.0659899,1.461469,-0.35142988,-0.106895484,-0.71818215,-1.697972,0.74267197,0.90818846,-0.026912887,0.8447318,0.7775158,1.5304087,-0.23460628,-0.10316551,2.0850353,0.8969934,-0.061601195,-3.4423735,-0.044797875,2.6087937,1.9059757,1.1671752,0.9558443,0.9001827,1.5413423,1.8734336,1.1411527,0.6318334,0.46582818,2.0685222,1.8257357,0.45454577,0.22479542,-1.8027699,1.0422004,-0.44803914,-3.395112,0.6021751,-1.6804456,-1.6558714,0.38684613,0.6021812,-1.648815,-1.6985179,0.3518853,-0.4700259,1.1651736,-1.6836213,-3.465471,1.6995935,0.6453883,-1.6581719,0.97297436,1.754773,0.17759836,-0.25129044,-2.049195,1.5585835,-1.1373059,-0.56007534,-0.22492999,1.9262851,0.92726946,-0.3556704,1.833227,-1.2911333,1.3178039,-1.5859064,-0.11130438,1.7471343,0.6749782
5.0582094,5.4521365,6.2985964,4.3552194,5.8220882,6.1526847,4.274142,4.2685447,3.8538556,4.1371264,2.2537544,2.5365584,-0.4551945,0.5686987,-3.293359,4.2345104,-0.9905337,2.8365061,-2.0890749,1.3837504,1.401545,-0.8629148,-1.1730585,1.0158868,1.7197798,2.3539355,-0.036713813,1.9169832,-0.12493355,2.2537937,1.9733171,2.2922192,1.6123128,-0.22740671,-0.39883426,2.9054978,3.2627969,2.214093,3.431402,2.9485204,2.8027725,3.3702586,1.7050931,5.0367103,2.5165682,0.4004172,-2.541719,-0.6149233,5.0263176,3.4372394,4.368672,4.9560523,3.6638029,4.3767076,5.9684887,5.258702,3.5082936,4.2277503,5.5217624,4.4317355,5.012865,2.5285003,2.31444,2.5242589,3.5498953,-3.8972178,3.6903772,0.71617705,-0.9694693,2.2298117,2.8841732,1.2709901,0.8240775,2.7998786,2.5928957,5.6599364,2.3148203,-0.55970156,2.4764824,3.0074744,-0.23362085,2.9941282,3.286642,0.42850208,3.463188,-0.9223404,3.5692873,1.2565396,1.1950357,2.8533452,4.8671923,3.3859122,3.2300758,5.1374826,0.19746505,4.9870324,0.12399189,1.6456755,4.581759,2.1153479
-0.11237685,0.64943635,0.41373688,1.0248921,0.3335105,-0.46287355,0.7249025,0.74603885,0.97987604,-2.6962526,-0.047667302,1.1830345,0.0567475,1.3392044,2.0286267,0.54898757,1.7442814,0.8572048,1.4672093,1.0581686,0.90597826,0.46510172,1.2806764,1.1899111,1.4514973,2.1328766,1.3510723,1.4259942,1.5614238,1.5936779,0.5373872,0.70308506,1.197831,1.4632946,-0.57301384,0.86301696,-0.14319502,-1.3007952,-1.4086664,0.24411242,-0.29073203,1.3193778,-0.4016033,-2.552877,0.09855497,-0.8313181,-0.4195609,-0.545632,-1.0870742,-1.2588034,-0.86424416,0.68546486,0.7277535,0.34476948,0.15041749,-0.26198506,0.31864336,0.5037815,-1.3230089,0.41329107,1.0721371,-2.1473658,0.38595492,0.6777633,2.0832407,2.6474924,0.24873395,0.9891721,1.3650836,1.0138555,1.1374321,1.1505297,1.4140497,0.73529977,0.959185,2.103761,1.5342007,2.1994557,1.1839505,-0.1618505,2.1838393,-0.5959586,0.034275018,-1.2732646,1.1697767,0.42051813,0.115261964,-0.2276185,1.1637619,0.84481007,0.42623678,-0.08357976,-1.2374794,1.5457722,0.17768948,-1.8875299,0.06617695,0.39226127,-1.1366102,-0.60127354
0.10566948,-0.5050938,-0.28600854,0.026649667,-0.4338416,0.40689382,-0.42062536,-0.62521535,-0.828735,1.1412338,-0.7173433,0.5578999,-0.38024583,-0.5845043,-0.13486509,-0.68555766,-1.6207304,-0.95564705,-1.6398863,-0.60421234,0.23411414,-1.3730887,-0.7094343,-1.339963,0.08881874,-0.5182066,0.06623364,-0.11090051,0.060356267,-1.415251,1.6601475,1.1813673,-0.6914176,-1.1651965,-0.39587253,-0.45765254,-0.061259195,1.1005344,0.26737547,-0.393904,-0.4774422,-0.9776704,0.30677068,0.26007593,1.1122996,0.69801235,-0.23620756,0.5609401,0.9979702,0.13753253,-0.97772616,-0.19560182,0.44024166,0.2561786,0.17434287,0.2791677,-0.4467838,-0.35984325,1.5333501,0.29621696,-0.093469925,0.6462713,-0.99661404,0.1741343,-0.5198438,0.794943,0.28061044,-1.9290096,-1.4786798,-0.83805275,-0.85008305,-1.1419538,-0.9353012,0.91684955,-1.1091895,-0.5048947,-0.8088842,-1.2956822,2.1238432,0.47465634,-1.6404607,-0.31629634,-1.2732146,-0.034782477,-0.8855411,-0.4737684,-0.5809251,-1.4978085,-0.78617847,-0.21752001,0.6050914,0.43688175,1.8282362,0.14022653,0.8415119,-0.10167334,0.69332343,-1.4859171,0.73713523,-1.2960936
0.63259554,-0.35257912,-0.29515487,-0.030789366,-0.31269047,-0.20554833,0.1964057,-0.19790876,-0.27134952,-0.45882058,-1.164114,-0.66435915,-1.0260073,-0.53658164,-0.6115054,0.29682222,-1.1320221,-0.68604434,-1.7216207,0.56005883,0.31107655,-0.21316059,-0.3095927,0.14772454,-1.6799148,-0.82629573,0.55843854,-0.23736656,0.7936976,-0.072112486,0.8688196,-0.35482857,1.6039722,0.6592044,-0.1571883,0.29363406,0.21141797,0.23360458,0.023062937,0.49281043,0.6419961,-1.2327485,-0.28957006,0.6327137,0.46456966,0.8971473,-0.37248054,0.69903225,1.4911203,0.76367736,0.014999137,-0.230373,-0.50218,-0.14891659,-0.82018566,0.3477973,-1.1484848,-0.7578534,0.865116,-0.51872915,0.03303158,-0.95495886,0.34969988,-0.30522412,-1.1976912,0.39344248,0.41036686,-1.5194681,-1.2818036,-1.3532125,-0.44357443,-1.0008005,-0.503759,0.5624091,-0.8949781,-0.35269177,-0.6753896,-0.57859534,1.0930612,0.5797681,-0.03412433,-0.17696899,-0.123451985,0.681974,-0.8949152,0.08754401,0.6609995,-0.045703307,-0.36599767,0.19688165,-0.44723126,0.3336814,0.65056896,-1.3288684,-0.7884755,0.7823176,0.15745795,-0.35060328,0.7059945,0.1475994
0.08203434,-0.5682592,0.06641424,-0.063625254,-0.19452605,0.3472787,-0.4102915,-0.53795713,0.030954802,-0.027995426,-1.0137185,-1.0861379,-0.762589,-1.484943,-1.415996,-0.9920049,-0.95901763,-0.321466,-1.0518092,-0.75661385,-1.4984062,-0.5762139,0.066237494,-0.94716704,-1.4967811,-1.5625463,-1.2790757,-0.90981925,-0.41841978,-0.42684376,2.0447538,0.2545278,0.2767978,-0.3395933,0.9862352,-1.12863,0.5127981,1.7465601,1.1702399,-0.13155168,0.64740205,-0.8367164,1.5296391,1.7983674,0.5267179,1.3083295,0.8498241,1.6811844,1.2431448,1.0012493,-0.24935623,-0.4665292,-0.24872598,-0.022646897,0.3138133,0.74486417,-0.34276044,0.01946222,0.6275851,-0.26904264,-0.13729137,1.1806312,0.45942897,0.2549793,-1.559859,-1.4376554,-0.36754936,-1.2671729,-1.5782562,-0.24172893,-1.8228655,-0.8932052,-2.524146,-0.5407042,-1.2899673,-1.0216335,-0.7244488,-1.6130645,1.2480096,1.1596591,-1.3637812,-0.09617776,-0.170483,1.5717987,-2.0483649,-0.14502445,0.50019896,0.15755303,-1.2485628,-0.9023439,0.30999184,0.27272657,0.27808493,-0.17422429,-1.0477281,1.4773486,1.03441,-0.5929514,0.69118845,0.32728964
-1.1293741,-0.34435144,-0.46954215,0.9742745,-0.09720432,-1.0294343,-0.23178051,-0.076670066,0.3964049,-0.8019062,-0.112140775,-2.1807132,-0.15678035,1.0154109,0.029652586,-0.5934292,-0.55299443,-0.0073982608,-0.5855535,0.036087275,1.4911991,0.80932045,-0.22724387,-0.1266658,-1.027303,-1.0511603,-0.462422,0.63741565,-0.20205753,-0.15279323,2.056943,0.19581826,0.5700486,0.0501649,1.0575055,-1.7471135,-1.7558004,0.48744208,0.6714509,0.14206417,0.9056326,-0.026773637,0.77216274,0.3368851,0.06454019,1.2081095,1.2788748,1.4485276,-0.8443447,-0.2943952,-0.67291224,-0.17350386,0.2243284,0.007927814,-0.47766367,-0.35906932,-0.08386091,-0.11854041,0.27035668,-0.42770723,-0.9332758,0.23288167,0.33893868,0.70062494,-0.8282443,0.7316359,-0.23072058,-1.385019,0.5787776,-0.77340025,-1.2840198,0.17251872,-0.9473083,-0.834894,-1.0880164,-1.1367543,0.25289312,-0.42339352,0.893248,-0.3730498,-0.13062356,0.96129656,0.38611805,0.453134,0.3619205,1.0319794,-0.73451954,0.9376965,-1.365037,0.8941698,-0.092243984,-0.58227897,0.2736166,-1.2631402,0.1526098,-0.043965954,0.8490851,-0.7904483,-1.2153362,-0.17417149
-1.0066321,-0.7502955,-1.3407278,-0.7927708,-0.953941,-1.1951679,-1.3232418,-0.7074751,-0.13707227,-1.213286,-1.5490732,-1.225939,0.54435194,-2.3927135,-0.8924921,-1.5763391,-1.0198083,-0.9302459,-0.77773464,-0.732034,-0.94360995,-1.0217875,-1.1110377,-1.4416469,-1.8809499,-1.7600497,-1.2575021,-0.6495377,-0.5829987,-1.471225,0.54543364,-0.6968943,-0.81952965,-1.0875765,-1.0162919,-1.1789004,1.2965254,-0.5336963,-0.78306645,-1.98132,-0.67230207,-0.52308875,-0.68794507,0.3321984,-0.35888696,0.6484222,-0.4730906,0.139031,0.027557395,-0.5480676,-0.091910854,-0.2905703,0.33560953,-0.30684444,-0.42973313,-0.22941752,-0.17297193,-0.29312342,-0.43814963,-0.3052466,-0.16978647,0.4976332,0.11359108,-0.49407724,-0.36897302,-0.014216967,-0.12870343,-0.28856558,-0.45309547,0.11967325,-0.9225252,-0.6831958,-0.16681787,-0.40084714,-1.1892532,-1.2031357,-0.13425899,-0.88996524,0.51214015,-0.23166408,-1.4213042,-0.36067986,0.46455857,-0.21247138,-2.171461,-0.9745144,-0.30407372,-1.7733161,0.09533393,0.16211303,-0.26397392,-2.1584046,-0.66251564,-0.8071409,-0.49986193,-0.18605171,-1.0746589,-2.071132,0.25395244,-0.23884243
-0.1279883,0.75307775,0.09184731,0.04756389,0.45809966,-0.064476855,-0.0071327114,0.16678478,0.42016053,-0.5588691,-0.7173089,-0.10220706,-0.8666082,-0.42422315,0.31715995,-0.27996597,-0.3280951,0.43611127,-1.3703606,0.48541045,-0.06653595,-0.4863262,-0.52773696,-0.16777927,-0.2997023,0.11380855,-0.45678285,0.61457646,0.25310996,0.08704689,-0.1601802,-1.2129902,-0.9873153,-0.5885172,-0.5710757,0.31715938,0.7152876,-0.59360564,-0.90660846,-0.7930759,-0.9156656,0.7885608,-0.7643595,-0.49098888,-1.3108066,-0.7389365,-0.91541654,-1.0504081,-0.88012433,-0.3184381,0.36343825,1.3475196,-0.090563595,0.6744354,0.33963495,0.4694941,0.4308053,0.739448,0.12609655,-0.40815255,0.06164589,-0.090480775,0.83489007,1.1860465,0.12878956,0.66498786,-0.01891574,0.1502634,0.15686715,-0.10737786,-0.018120857,0.57993495,0.31901318,0.3855895,0.68994343,0.610649,0.99078065,1.0898539,0.69319814,-0.59510744,0.6932727,0.6876239,0.107560016,-0.7389039,1.3913546,0.9332675,0.18454851,0.23700292,0.6058662,1.3078127,-0.75849026,1.0024738,0.4462177,0.5821791,0.93834907,-0.36763656,0.6917158,-0.39239657,-0.20938626,-0.07839718
-0.7638691,-0.13025917,0.42952996,0.08084589,0.08339591,0.09384984,-0.13374849,0.21529207,-0.067428775,0.7707923,-0.56165755,-0.5219349,-1.0413734,-0.008160511,-0.6247767,-0.41440386,-0.19072847,0.28527203,-0.45507094,1.2569952,1.1539787,-0.3810594,-0.8109122,-0.46376038,-0.039157573,-1.2846432,-1.5545546,-1.142731,-0.67567945,-0.71965486,-0.60163987,-0.95488876,-2.3458312,-0.20084219,-1.3679099,0.739641,-0.16045764,-1.4920117,-1.4564669,-0.5517661,-1.007392,-1.798418,-1.4305596,-0.5447934,-0.87859946,-0.49358758,-1.3085058,-0.17760643,-0.7825195,-0.77885675,0.35698274,-0.2365729,-0.0117656,0.20894292,-0.25169104,-0.43256587,0.20695217,0.35440412,1.0920019,-0.83599687,0.5954379,0.6691779,0.80714685,-1.1420156,-0.2649098,-0.16212529,-0.23085518,-0.6725036,-0.27368516,0.0084404135,-0.22926989,-0.43184766,-0.8001328,-0.39989632,-0.68979114,0.3617944,-0.9973117,-1.7771243,0.012552567,-1.1936765,0.329575,0.47471488,0.84167916,-0.6328533,-0.12649189,-0.4439185,0.0091939,-2.1247935,-0.13001364,-0.5670882,0.17292804,-1.2022828,-0.0024706654,-0.4913524,0.61769384,-0.57592195,-0.5637539,-0.143041,-0.14732735,-0.94913226
-1.6968414,-0.2859593,0.019163907,0.2445256,0.5034977,-0.7133085,-0.39477918,0.058623597,0.35157937,-0.99234897,-0.5805948,-0.58090556,-0.67284054,0.17037545,0.012614284,-1.743268,-1.1008033,-0.5535479,-1.2138044,-1.1291451,-0.8668415,-1.6148953,-0.8768657,-1.9745822,-1.1288729,-0.64271784,-0.9335529,0.15902856,-1.1934015,-1.5033816,-0.7011586,-0.507362,-2.0661561,-1.1733462,-0.9703552,-0.3062446,1.1859359,-0.8841391,-1.21278,-1.5523009,-1.1560041,-0.32559866,-0.71400887,-0.38269633,-1.2462046,-1.3886732,-0.332263,-0.90399295,-1.1475958,-0.29073185,-0.69589937,0.60989684,0.078857064,1.0050054,0.9080956,0.06791429,0.294421,0.85518324,-0.59392726,-1.5488299,-0.040242013,0.54791987,0.70671016,-1.1991198,0.17175964,-0.07786457,-0.43090785,-0.7704991,-0.9253866,-0.13372584,-1.1224545,-0.7687546,-1.0381669,-0.39394298,-0.53785723,-0.24135242,-1.5042323,-0.19597349,0.3975564,1.1115885,-0.63141894,-0.25144115,0.26141432,-0.551894,-0.100086324,-0.27122828,0.5572476,-0.7348956,0.27696204,-0.4521347,0.07921638,-0.3110245,-0.5212539,-0.11561788,-0.86726046,-0.39181972,-0.5405396,-1.1048684,0.014620521,0.689353
0.1595272,0.10726576,-0.43510032,0.1298118,0.2640424,-0.46159694,-0.9227694,-0.754062,-0.9039223,-1.3321975,-0.6503584,-1.8624994,-1.0146155,-0.649988,-0.5023791,-1.3825598,-1.6444508,-1.2380794,-1.3094757,-1.8608103,-1.0761812,-1.9922259,-1.434802,-2.7412343,-1.9799783,-1.6230174,-1.4216863,-2.4259553,-1.3409327,-1.4522371,0.3335924,-0.84275055,-1.8373013,-1.7238727,-1.405008,-1.0597202,-1.0297047,-1.0112661,-1.1624172,-1.4515039,-1.5751486,-1.1983773,-0.47661096,-0.5634794,-1.7010137,-0.959296,-0.48326957,-1.2756996,-1.4776815,-0.97792804,-0.7293236,-0.009939407,-0.2982253,1.0021662,0.6357795,-0.043184668,-0.21384959,0.20693177,-0.71252704,-0.9568063,-0.4005151,0.14381048,0.3502429,-1.2347821,0.35968512,-0.431822,-0.52175003,-1.611901,-1.3100009,-0.38111478,-2.0810602,-1.7547959,-0.513021,-0.7044449,-1.8370259,-1.010537,-1.0242826,-1.223279,0.050396375,-0.11764255,-1.704714,-0.6078343,-1.1272801,-0.5877418,-1.791686,0.22194153,-1.0422101,-0.80072427,-0.26456192,-1.1869259,-1.0053269,-0.7123474,0.2673547,0.26485714,0.9538989,-0.90167016,-0.7320139,-1.6057161,-0.5719852,-0.6340357
-0.22444336,0.39184466,0.8240867,0.79595417,0.80293685,1.0871917,0.18933797,0.30332738,0.73697907,-1.3254449,-0.16840354,-1.5922827,0.24079812,0.38204783,-0.048614923,-0.6513175,-2.2429757,-0.848053,-0.104636125,-1.1488091,-0.23374411,-1.8198395,-1.6999589,-1.9513738,-1.7383839,-1.2629981,-0.55618376,-0.13695411,-0.7100424,0.2885075,-0.38930884,0.22987124,0.23911151,-1.3421174,-1.1273133,-0.776565,-0.024885816,1.1766064,-0.14611557,-0.6087067,0.32008007,-0.0475925,0.7574361,0.44694322,0.66156965,0.51696116,0.36005026,-0.17581779,0.89695156,0.67284465,-0.29872853,0.2968759,-0.24252412,0.71713185,0.58918333,1.2401694,-0.48388335,0.98309237,-0.49409714,-0.25116074,-0.48826882,1.1676233,1.240134,0.11575223,-0.87385994,0.34033105,-0.40654942,-1.6820546,-1.2684702,-1.0101362,-1.620069,-1.6122957,-0.9530115,0.21255745,-2.4905245,-0.9249871,-0.70203215,-0.9886631,0.65938765,0.3217308,-0.92313284,-0.29762483,-1.096779,0.49321723,-0.57132506,0.7149431,0.16375147,-0.75895995,-0.66794467,-1.0933558,-0.6296717,0.09317693,0.34186804,1.0772388,0.9802863,0.6038971,1.2285856,-1.397517,1.3122541,-0.02246939
0.94879967,1.1110541,1.2777976,0.843106,0.74790883,1.4368564,0.3853698,0.18989953,0.7769105,0.1842675,-0.023072954,1.0610596,0.8505631,-0.70338315,-1.8384801,0.21369809,-1.7730999,-1.0730803,-1.1015935,-0.91781723,-0.8216357,-1.8278587,-1.6512771,-0.65437716,-0.5026437,0.17638658,0.73950106,0.77015454,-1.0422744,0.018948728,0.57876,0.8056018,-0.8509244,-0.9870075,-0.249039,0.7749064,1.1699574,1.8127851,1.294265,0.42061487,0.97789615,0.17282914,0.6903707,1.8320811,1.6154174,0.660316,0.2319002,-0.8040301,1.7707825,2.1964507,-0.08113593,0.79766357,-0.26487097,0.8435591,0.75511813,1.1901926,-0.1083227,0.52681845,0.45613083,-0.28381652,-0.68285775,0.15996961,-0.5329747,1.8649946,-1.3125851,-1.0888742,0.31335437,-1.0529361,-1.9801176,-0.68103874,-0.47331378,-1.8028039,-1.5744992,0.75407624,-1.4776607,0.10893265,-0.15182944,-1.1314121,0.42678955,0.86228377,-2.5980778,1.4256717,-0.7534624,0.31465706,0.45555136,0.47308424,1.0261297,0.45404637,0.48495215,0.31207335,0.58915615,0.49820724,1.4716153,1.1056507,-0.49453452,1.8886571,-1.2352636,-0.53194654,1.9105251,2.2920196
-0.101208925,0.5899612,0.576149,0.7442194,0.6168526,0.5132352,0.12992623,0.24208097,0.18584353,-0.5447781,0.9658219,0.9497304,0.21741785,-0.64432937,0.6130657,-0.25381625,-1.4987171,-0.8274789,0.36921263,-0.71752393,0.99964416,-2.083148,-1.7774084,-1.553224,-1.105214,-0.011613001,-0.42966226,0.009445309,-0.1776615,0.13511376,-1.1565495,0.397746,-1.5145187,-2.3735604,-2.6046333,-0.353229,0.9256434,1.4164859,-0.97918713,-1.090302,-0.14258619,1.1349809,-0.6547617,0.67913043,0.7218736,-0.068667114,-0.8868558,-0.6229503,0.6352378,1.047434,-0.42569226,0.65697753,-0.33950144,0.58339334,0.8262258,1.1379994,-0.69124377,0.38734564,-0.06097624,0.68048966,1.3040677,0.3388048,0.4755682,0.17146869,1.1390201,0.2503066,-1.0910501,-0.021111568,-1.6190606,-1.055297,0.22829401,-2.2692826,-0.22421965,-0.8211907,-0.016082408,-0.78081334,-0.64655495,-1.1293212,-1.0767449,0.08039245,-1.53766,0.69540566,0.0037501361,-1.4281851,-0.29397917,-0.6283818,0.7114309,1.1801533,0.058763478,-0.50023776,-1.2209747,-1.4284284,-0.01815431,0.8645616,-0.18886738,0.5837959,-0.92085886,-0.41791186,-0.24580811,0.8245058
-0.51652527,0.1937247,0.27058375,0.61517924,0.4955056,-0.5069837,-0.16996495,0.048647944,0.018491458,0.035456304,0.7447013,0.2779767,0.5812728,0.025816806,-0.6625968,-0.54941076,-0.46319085,-0.3431613,0.6659576,-0.24456657,0.537677,-0.7153307,-0.31923923,-0.28039974,-0.3854026,-0.8934065,-0.6894938,0.13256519,-0.99952143,-0.35300317,0.12807424,0.06667867,-1.0581523,-0.45660812,-1.5428642,-0.25047532,1.1450584,1.0843463,-0.9106083,-1.434775,-0.26415592,-0.20039041,-1.0470587,-0.03537587,0.13415319,-0.8828128,-0.16075377,-0.7541451,0.23800229,0.18728693,0.5572172,-0.05689891,0.24067356,0.6385078,-0.048731208,0.19124967,-0.5989407,0.29745203,0.071323626,-0.42505407,0.02109097,-0.51365495,0.28019387,-0.5867668,0.3585878,-0.12818922,-0.91040355,-0.34810394,-0.22039367,-0.5283493,0.72640145,-0.7800196,-0.36441708,-0.6717099,-0.4926766,-1.2295709,-0.07962502,0.7535704,0.7408104,0.41520828,-0.3882642,-0.4731299,-0.21248218,-0.8450984,0.03507927,0.55599415,1.1805985,0.034360655,-0.6945315,-0.035016425,0.061074078,0.11555799,-0.8264789,0.67983353,-0.26159883,0.51896834,-0.119767025,-1.0007262,-0.754876,0.3521621
0.15999833,0.9844387,0.6180663,0.96607596,0.43049332,0.68126625,0.6913878,0.79802483,0.9218545,0.5006072,-0.3948892,1.589978,0.7316056,2.0626996,1.6344912,0.87233925,1.153727,1.1913818,1.6538306,0.71572447,1.5079229,0.37594908,0.68551517,1.1168072,1.1074975,1.9467326,2.1294818,1.9774956,1.7054671,1.7925397,-0.06305083,0.43201044,0.049213998,1.6556287,0.49117267,1.1019207,0.98349524,0.23819114,0.5241593,0.5787768,-0.08590982,2.259999,0.10303543,-0.17978981,0.74041903,-1.3918358,0.7068484,-0.23332992,-0.46916825,-0.5596287,0.67425686,1.357117,0.8512295,0.31192085,0.23968825,0.73045504,0.59117335,0.7675722,0.7837035,0.2503748,1.3507433,-0.57088834,1.6213537,0.12856433,0.7674885,0.030639539,0.5348116,-0.06468679,1.0480583,0.4599817,1.4055061,1.4891015,0.39172146,1.7592659,1.2554097,1.4700392,1.7606103,1.8199832,0.21794532,1.902186,0.8354004,0.37165105,1.048881,0.7049975,2.697215,1.6293957,1.8009592,1.6185873,1.2837054,0.8647215,1.7787625,1.5623691,0.8767326,0.7737206,0.48448718,0.048244964,0.2710505,1.62285,0.3762463,0.37783095
-0.15341282,0.38590387,0.42773065,-0.13998906,-0.54344344,-0.5505419,-1.3729866,-0.2128782,-0.073052935,-1.2769842,-1.9048026,-0.68323416,0.18648998,0.20080559,-1.4043907,0.25191823,-0.32378826,0.13562648,-0.071186714,0.2202009,1.1181521,-0.59571886,-0.60883015,-0.14774756,-1.4702945,1.0462276,-0.78974676,0.66310793,1.0442631,-1.0571485,-1.2061336,-0.97273254,-0.4380887,-0.4712509,-0.53344715,0.6982405,-0.36196873,-0.14278018,-1.7207183,-1.4587139,-0.99754775,-0.98563397,-0.42661494,-1.1842797,-1.0338746,-1.3107777,-0.61635655,-0.4976527,-1.3650444,-1.2563642,-0.23811242,0.70128906,0.11336995,0.09810114,0.058070216,0.45627064,0.58148736,0.8553023,-0.06093616,-1.6304555,0.5374858,-0.09646282,0.66995364,-1.099369,-0.06944137,-1.4524094,0.19251888,0.22694978,-0.07229264,0.3549583,-0.54059994,-0.45084143,-0.5881986,-0.010186354,0.19624549,-0.07491569,0.9516177,-0.17396817,-1.024552,-0.92393637,-0.43126518,-0.2104979,-0.49842572,-0.32400727,0.5543296,-0.87988394,0.41251382,1.4411534,0.40945598,-0.60549957,-0.28676137,-0.3386704,0.7168869,0.91776836,-1.5051842,-0.55344695,0.16598475,0.30809617,-0.44096175,-0.65178585
-0.21508409,-1.052857,-1.2681993,-0.96984076,-1.1995465,-1.3266902,-1.2519095,-1.2601709,-1.4391304,-0.84130055,-1.2235445,-0.35950318,-0.12712605,0.17176217,0.8610819,-0.54846436,0.13938758,-0.60641783,0.42300543,0.15683694,0.84320164,0.23931803,-0.14180048,-0.6534563,-1.1435466,0.88106227,0.11297733,1.1751053,1.3619728,-0.04557386,-0.70635545,0.012466003,0.5746856,0.28871557,0.5644253,-0.8228741,0.5433299,0.19703323,-0.084406845,-0.6725658,-0.32019782,1.3491493,0.7153837,-0.13530937,-0.76515466,0.43561384,1.2998405,0.9433883,-0.750505,-0.28215513,0.06838278,-0.59684354,-0.28953472,-0.9334412,-1.2568631,-1.2051272,-1.0093757,-1.4494853,-0.5326915,-0.44410363,0.43681172,0.19617261,1.0739048,-0.0020388935,0.41086018,0.50489783,0.045188792,-0.05308202,0.76016104,-0.284094,0.009877906,0.27411574,-0.38165754,0.076393925,-0.15798125,-0.093383506,0.76435554,0.5544434,-1.1077507,0.3077832,1.1634697,0.1394446,-0.845307,0.2203127,-0.5141413,1.095653,-0.11007312,0.73472995,-0.074450076,0.8489782,0.06477634,-0.030116944,0.34196824,0.2777067,0.91735303,-0.06835328,0.38025844,0.318181,-0.24013206,0.08190952
-0.18537033,0.024514336,-0.28308326,1.2321476,1.301891,1.3367217,2.0873694,1.9064839,1.6035025,2.3717184,1.7069784,2.8402088,1.4605746,2.7820032,3.9611332,1.4658486,2.0960236,2.5818048,1.8515776,2.0703788,3.3760533,1.0264497,1.6425034,3.1645286,0.41609782,3.3422618,2.8257046,2.9730217,2.7981205,3.1181846,-0.2361037,0.0326128,0.7054807,1.4679685,-0.34858212,1.6887263,-0.47333157,-0.64736766,-0.35334924,2.1572313,1.2459408,0.8037585,-1.1197946,-0.42758742,1.3273,0.14042954,-0.8298422,-0.057249364,0.15865785,0.1742671,-0.048295036,0.21465056,1.0280955,0.33973572,0.67838275,0.13534296,2.1354818,1.3796307,2.3309848,1.8125591,2.2207541,-0.26083472,1.7815759,0.5231049,2.6867168,4.415733,1.8777759,2.8703802,1.5959696,1.7342547,2.515047,1.9534941,2.3654635,1.7671558,3.624449,1.6852113,3.1259022,3.868157,-0.3048261,0.9190926,1.288585,-0.28914374,1.7731153,-0.5166104,2.967008,-0.04013793,0.22859235,2.150451,1.359158,0.72796154,0.7474708,0.64884347,1.1339669,0.11344663,-0.51877975,0.12529744,1.4203764,1.9297363,0.17637646,0.6648559
-1.1440053,-2.316461,-1.4182545,-2.1920462,-2.5381,-1.6213591,-2.0776026,-2.2851248,-2.9349275,-0.70600545,-1.9323734,-1.9019322,-2.4291284,-2.6165285,-1.2562221,-1.8143575,-1.9315908,-1.3531585,-0.9943848,-0.27684954,-0.13722095,-1.5829023,-1.6960293,-2.288675,-1.4756873,-1.3781579,-1.8663167,-2.281206,-2.030533,-1.6439397,-1.7514589,-2.3292897,-1.3736482,-1.6361684,-1.5740567,-0.9498851,-2.143314,-1.4698267,-0.73307776,-1.5974497,-2.9376445,-1.4968158,-2.0257428,-1.2573934,-1.8771657,-1.6533749,-2.0822206,-1.7040875,-1.3295544,-1.8881708,-0.34832188,-1.9575189,-0.19222164,-1.6146058,-1.4301195,-1.6362565,-0.93976694,-2.2418995,0.10044626,-0.8934525,-0.30788413,0.4092477,-1.7274212,-1.2872976,0.22188665,-1.8457271,-0.14425975,-0.7968982,-0.4948894,-0.055502895,-0.44158968,-1.2781128,-0.7954446,-0.530436,-0.35666686,-0.7073771,-1.6454284,-2.587184,-0.94798356,-0.96844155,-1.1223775,-1.326375,-2.127833,-1.8930424,-2.0995357,-1.8230354,-1.868824,-2.3666031,-1.1383187,-1.8296236,-0.48893,-1.1403074,-0.2380139,-1.8746964,-2.1339855,-1.4709247,-2.2377086,-0.38456532,-0.336243,-2.35835
0.07837132,-0.36021662,-0.14275326,-0.17028546,-0.13842727,0.16990238,-0.14119096,-0.28060013,-0.34635362,1.3476285,1.0139567,0.7580004,-1.0184603,-0.8340253,0.61532927,-0.24441576,0.3895756,-0.10180515,-0.112925984,0.6097289,1.3693477,-0.5679808,-0.29394922,-0.18793108,0.12460878,0.18483794,-0.7525803,-0.3633276,0.15255262,0.16036153,0.22578345,-0.023787485,-0.24466488,0.00061648485,-0.6769789,-0.06626607,-0.1058537,-0.6012793,-0.58218116,-0.3460277,-0.6826987,-0.6236957,-0.8025835,-0.83452266,-0.034117796,-0.66836774,-1.0319089,0.25797027,0.5093351,-0.23990677,-0.20966803,-0.7509316,-0.4151113,-0.32565418,-0.14335218,-0.39299566,-0.23130363,-0.38321275,2.075708,0.11198119,0.8100781,2.2020974,-0.65021485,0.33312765,0.65748155,0.4878022,-0.2036459,0.49657202,0.12829377,-0.12403293,0.8082633,-0.34665847,-1.3104763,-0.2525598,0.74593866,-0.11056592,0.4241915,-0.087239414,-0.0072857495,0.9448784,-0.070609115,-0.3106003,-1.0411683,-1.4945585,0.8649106,-0.7592302,0.23470752,-1.5233216,-0.5172607,-1.2888112,0.11325676,-0.022902863,-0.0076758363,-0.26943716,-0.27758232,-1.6976861,-1.4562615,-0.4843027,0.49528936,-0.7542678
0.54796773,-1.732709,-0.7300917,-1.8766031,-1.8860902,-0.8676586,-1.7034718,-1.6019841,-1.244828,-0.68231356,-0.85467416,-1.2097871,-0.59599525,-0.5759752,-1.3419114,-1.435649,-0.2241801,-0.91084915,-1.21788,-0.6536813,-0.28101557,-0.48645642,-1.2255889,-1.0370142,-1.6444155,-1.3302144,-1.631294,-0.6669479,0.31476885,-1.1605247,1.8214242,0.059809692,0.103756346,0.42844975,0.14430562,-1.3498371,1.2164695,0.29338622,0.009247312,-1.2837209,0.27060077,0.3531328,0.043612927,0.60052824,-0.66912365,-0.21817681,-0.5837845,0.96669924,0.6224977,0.5189389,0.40409142,-1.1143708,-0.75812656,-1.7388444,-1.2164371,-1.0376785,-1.8845141,-1.2218406,-0.12998833,0.05009454,0.58777046,1.7541871,1.2805129,-0.41050398,-0.5369812,-1.5439328,-0.107662,-0.7169098,0.2592164,-1.1620092,-0.64058864,-0.06802804,-1.6429763,0.03313576,-0.7091293,-0.111860156,-0.5771138,-1.9956673,1.1236678,0.9833646,1.5176779,1.6988184,-0.66217196,0.8427722,-1.1848634,-0.035915654,1.2034183,-1.2662343,-0.22130427,0.93333644,1.2245522,0.9017051,0.18864048,0.8388065,-0.5657144,0.2044597,-0.84809405,-0.01777009,0.44219604,0.61365753
0.1788681,0.083110556,0.62647307,0.4292482,0.58209324,0.8197725,-0.20996661,-0.1881956,0.80248326,0.42554712,-0.5431677,1.2220906,0.13788706,0.18808843,-0.4770454,-0.02961145,1.477708,0.58554256,2.7067153,0.28094685,2.403553,1.0343395,0.30388084,0.5040284,1.0090984,1.0423796,1.3136108,2.4089193,1.2666922,-0.48715606,2.280664,2.5035048,0.49185812,1.4573271,1.621262,0.061817024,2.5656345,1.6715382,-0.16615169,-0.5579033,0.91101605,1.5435312,1.6130164,1.4826471,2.2109137,1.2916967,0.87296563,1.4867951,0.60953546,1.8687868,1.0785786,0.7440154,1.1707919,0.23738666,0.76934475,1.426245,0.22842725,0.82878345,1.8415737,0.5961187,2.7226396,2.3905194,1.6449441,1.0190319,0.4548411,-0.3447505,0.7486015,1.4081101,1.7129542,0.5614868,0.019384986,1.7142634,0.32720548,0.71037847,1.3706911,0.9634071,1.3192749,0.43319023,1.8390205,1.7914981,1.3999387,2.3193634,1.5782346,0.41838995,0.5136241,1.0323033,2.3595123,1.4218422,0.005526313,0.9698128,2.4455051,0.41797116,1.4600474,0.3483492,1.5407838,0.12539954,0.5729396,-0.36507627,0.6419875,1.9076825
-0.062483028,0.47261044,0.18688913,0.8628206,1.074217,0.056734964,0.014267424,0.16988449,0.63062805,0.17342183,-0.7576784,-0.5285847,0.48490748,-0.5436781,-0.9360105,0.2582453,-0.073320165,0.14614064,-0.91034317,-0.2723624,-0.40514198,-0.03264998,0.095499255,-0.35736325,-0.35596713,-0.44621408,-0.46919367,-0.06832336,-0.1640138,-0.58963126,0.6605763,-0.35837945,1.180929,0.13001496,0.5410799,-0.7211782,1.3439919,0.8935029,-0.03067801,-0.3980023,0.34056827,-0.39117983,0.423681,0.70130116,0.42037994,0.89137644,0.15896547,1.5888987,0.19241907,0.8592856,0.056053355,0.5257627,0.21897443,1.022999,0.8008272,0.64518815,0.3100979,0.7289219,1.1000627,-0.40288848,0.16457424,0.656702,-1.1573657,0.21338655,-0.40918925,-0.06736793,-0.51325476,0.08895781,0.45882162,-0.52761227,0.28495634,-0.26845232,-0.6085637,-0.41534567,0.41770855,-0.5013883,-0.35507503,-0.76957697,-0.18096265,-0.23060264,-0.4807011,-0.05818182,0.44618598,-0.70275766,0.06387213,-0.91040146,-0.3370084,-0.21709399,-0.03826375,-0.89481294,-0.23706035,-0.2039451,-1.1008444,0.08740422,-0.30300084,0.095308654,-0.5058319,-1.1858568,-0.029856155,0.62028956
0.20269904,0.51131845,0.055460464,0.038219772,-0.056801345,-0.40946737,-0.41994417,-0.5909627,-0.36631557,-1.2786404,-0.3246043,0.024730414,1.2599301,0.04120528,0.7800621,-0.06835503,-1.1059166,-0.7940149,-0.32520017,0.30374712,1.2282239,-0.9642334,-0.59633803,-1.1739565,-0.19548436,-0.39578965,-1.0302328,-0.45904303,0.08090554,0.13895003,0.49358195,0.9627494,0.996549,-0.4419112,0.111898564,-0.7599171,-0.26634964,0.59025735,-0.061669543,-0.71904236,0.21653624,0.6722168,0.6679188,0.88877124,0.30151644,0.87339586,0.50244343,0.3105779,-0.058949158,0.33266428,-0.061800465,-0.08928372,-0.47451073,-0.008666936,-0.2792184,0.14115936,-0.7062477,-0.59374785,-0.7757721,0.55351657,-0.1413504,0.38070694,0.12219466,-0.78678733,0.061006464,0.94290936,-0.42188168,-0.94219345,-1.5212326,-1.2643492,-0.4515431,-0.98940015,-0.8836562,0.9530032,-0.90846026,-0.48727193,0.62436885,-0.2671734,0.64684516,0.0068914746,-0.37689286,1.0192001,-1.1576607,1.1365364,-1.2214347,0.8630523,0.527815,0.72111976,0.0885142,0.47851184,0.053031627,0.3696074,-0.04956951,0.63481647,0.2180468,0.59631544,1.6129951,0.29677814,-0.07534055,0.81125265
0.7568083,-0.24751942,0.29190692,-0.3188825,-0.0015509746,1.9108917,0.24301846,0.034302674,0.23687148,-1.0960524,-0.6094802,-0.4542506,1.0815785,1.4055686,0.89936507,-0.33496815,-1.3918561,-0.57603693,-1.2330207,0.31434765,0.20035434,-1.3451816,0.20541714,-1.1755915,-1.0758803,-0.38904008,0.88424665,-0.121623784,1.4264176,-0.4749137,1.0891055,-0.91643184,-0.70237005,0.7337964,0.11751655,0.99661756,0.32222164,0.33241406,-0.90420103,0.28069147,0.7372549,-1.4034722,-0.5819949,0.8180095,1.1734239,0.06233462,-0.8809795,0.6275529,2.3355198,1.4270052,-0.04996606,-0.11344322,-0.57723224,-0.20170344,0.17825273,0.79104143,-0.29192007,0.30301577,-0.102043696,-1.1836784,-0.28857732,-0.6138009,0.09012729,0.5380914,-0.24026008,1.398055,1.0619721,-2.0827043,-2.1422133,-0.6164541,-0.61920816,-1.9924177,-0.2960955,0.5611877,-1.9813683,-0.5288762,-0.33384484,0.6596431,0.8549222,-0.083402425,-1.9546976,-0.99248374,-1.7982014,-0.11389943,-0.76097375,0.8866789,0.5862808,-0.6051044,0.52643454,-0.29088607,-0.90099764,-0.31212255,0.15175669,-1.001736,-1.4297062,1.4046365,-0.7428817,0.4980428,2.3698924,1.1198338
1.9505533,0.34979987,-0.57093906,-0.13584226,-0.32314005,0.21177737,-1.0336769,-0.7855314,0.55671585,-1.4930995,-0.9418208,-0.78799605,0.9873124,1.1423211,0.34579653,-0.39866003,-0.61342853,-0.1825384,-1.0519493,1.3335159,0.18062441,-0.39650238,-0.1094785,-0.57061726,-0.10349474,0.16255362,2.0656893,0.74672633,1.3599652,1.0599964,1.6920923,-0.047142953,0.6097065,0.36446336,1.0605395,1.4570719,2.0759132,1.1675882,-0.11582107,-0.00622001,1.0176196,-0.011799128,0.8456478,1.2582926,1.9022074,0.7569877,0.75931656,1.9034553,1.7462043,2.2449455,1.0875756,0.47086823,-0.09217409,-0.7654347,0.5110718,1.0867604,-0.21724416,-0.12381744,0.31511658,0.033764675,0.7962189,0.23472382,0.8238766,1.2641997,-1.3197447,0.4603214,1.3561891,-0.8417549,-1.4105979,0.05806092,-0.18527807,-1.2160648,-0.38471425,0.7202681,-0.9574301,-0.6759636,0.60307354,-0.7335894,0.71718323,1.3453202,-0.6554921,1.0572011,-0.44084433,2.2065692,0.14692038,0.05978983,0.8834765,-0.13728356,1.8768994,0.18720183,0.7575894,0.2619797,0.64021355,-0.33368385,-0.5225354,1.4968488,-0.5712621,1.2035623,2.8567564,2.0431013
0.255797,0.5442654,-0.3198675,0.31511292,0.13492295,-0.4001357,-0.93220705,-0.7093806,-1.1131655,-0.6371007,-0.62776476,-0.25590068,-1.2191799,-1.1210889,-0.59200066,-0.22723365,-1.9262047,-0.96297264,-1.4239993,-0.056989256,-0.17322437,-1.9617971,-1.7429683,-1.7092019,-1.1769756,-0.7885376,-0.62163156,1.4776703,0.93889797,-0.074966334,1.1351867,-0.57824767,0.026816132,-1.1629966,-1.0705482,-0.6396232,1.5521991,-0.023552146,-0.25622037,-1.4331985,-0.15748148,-0.37218094,-0.33565494,1.587422,0.19735906,0.38424858,-0.5242584,0.115578376,0.14118193,1.1052041,0.29304534,0.78311276,0.17704996,0.58752054,0.47531068,0.15520416,-0.061710212,0.04754687,0.8169872,0.1508086,0.85570717,0.18701747,-0.012059413,0.7384695,1.1847796,0.6610195,0.28789178,-0.7311537,-0.06801191,-0.33350635,-0.0054499162,-0.57837874,-1.6608618,-0.055447593,-0.45242202,0.7216411,0.7757728,-1.0521072,1.0793605,-0.21243069,-0.36457607,0.55814886,-0.65020275,0.29128885,0.21412963,0.30489197,1.4391676,0.24873638,-0.26524952,0.9705826,1.5145214,-0.035218544,1.1727687,1.223069,1.4233539,1.6124179,0.837244,-0.5707029,0.39967507,0.7869697
-0.34400624,0.5094852,0.40550345,0.95407224,0.31384665,0.18185419,0.5990412,0.51068497,0.117310874,-0.6222065,-0.84339607,-0.58000076,0.087145135,0.52829576,-0.035621036,0.07472747,-1.054148,-0.5996148,-0.11923847,0.34946987,-0.23083882,-1.6262188,-1.5360388,-0.25372374,-0.69639224,-0.6912896,-1.0690193,0.5380212,1.5315616,-0.17342728,0.6271538,1.5468525,0.028116832,-0.9518637,-1.2909791,-0.57519203,1.0998154,1.3318906,0.29926053,0.011505189,0.7027979,0.050133582,0.0989212,0.99267304,0.019711116,1.0982155,0.02882889,0.057947215,-0.12703675,0.78078324,0.20864648,0.49531063,-0.2303211,0.71333414,0.053261608,0.91470325,-0.5231261,0.22005413,0.34771279,-0.24951726,0.6021156,1.0844221,0.65468866,-0.27939177,-1.1463094,0.49811414,0.12160002,-1.3643593,-0.40039334,-0.79720396,-0.26902038,-0.21351953,-0.87236667,-0.17846973,-0.7135496,0.07513161,0.64380854,0.61260766,1.1749924,1.2042071,-0.23017886,0.25662744,0.07926683,1.5960263,-0.34424445,1.0529909,0.97277766,1.0175583,-0.70076877,0.4060182,0.22564971,0.2724251,0.8043962,0.34521553,1.7617358,0.9526621,0.8619516,-1.2001376,-0.05527183,0.9859051
-0.0807468,0.43705952,0.82081825,-0.12491422,-0.18374722,0.6469039,0.36532086,0.46080217,0.7810607,1.2647033,-0.45998186,-0.10191486,-1.227061,0.7698377,-0.28099284,0.29865715,0.23879115,0.7348066,0.7319775,0.517774,0.85298467,-0.039690938,-0.65798396,-0.83637524,-0.6691281,1.0969929,-1.2389535,0.5713795,0.16186242,-0.6748782,0.030252121,-0.20149027,-0.45751452,0.42726365,-0.56570154,0.23414016,-0.6272816,0.03419359,-1.2861432,-1.0439131,-0.36162186,0.6441213,-0.4363958,-0.37949353,-0.027961642,-0.5487568,-0.86461157,-0.15485805,-0.17744724,-0.18617038,0.21709886,0.40500927,0.17977624,-0.4607651,-0.09157898,0.7177662,0.01034056,0.16571172,0.5118896,-1.1564832,-0.38941273,-0.6063312,0.31176203,0.41078743,-1.6029972,-0.2789049,-0.9202034,-1.0744642,-0.8196503,-0.101882316,-0.049843445,0.41951066,-1.1419064,-0.9764957,-0.84996617,-0.63512355,0.5490625,0.23221701,-0.42298302,0.4826581,-1.0676745,-1.1875321,0.49487263,-0.4275954,0.012880248,-1.285425,1.0876286,0.6520072,-0.3103088,-2.2587972,1.2396425,1.2494678,-0.457959,-1.1244057,-0.69258,0.29439443,-0.31148884,-0.328225,-0.120625734,-0.6223494
2.1613362,2.147381,3.466819,0.32485795,0.97974527,3.2333002,1.9113525,2.0800192,2.6683686,0.3799657,-0.6913694,-1.1153679,-0.43368852,0.1552315,0.40078962,2.2269564,0.4411323,1.9597976,0.940923,0.48831698,2.000153,0.35489082,1.5749646,0.2870712,0.8700956,0.11220617,1.1932926,2.5031378,0.36583173,0.64516896,0.7728415,1.478844,0.14184381,0.77145046,0.8405231,0.9768246,1.6365124,0.8196728,0.20277314,0.47924528,0.38642853,1.1535954,0.7966146,1.1796995,0.92051095,0.18115297,0.07800048,0.6724461,1.2829468,0.16010886,2.6542318,2.5552921,1.7397633,-0.57962626,2.0030844,3.8096309,1.5164729,2.5365796,0.8608536,-0.03239827,0.22113366,-0.26687172,0.29929382,0.55484825,1.1002449,0.15839334,0.620898,0.29262218,0.9434086,0.8347944,2.2100573,0.5983122,0.22286645,-0.16123255,0.2904207,1.9925817,1.4407716,0.44037935,1.0453587,1.3653384,0.4035853,-1.0323329,1.1241337,0.26034543,0.82927024,-0.66294366,0.804152,1.8232583,0.30303472,-0.99897265,1.3004929,1.4615098,-0.10153009,2.5776348,1.7231544,0.77007836,0.48886296,1.2026113,1.1912879,0.16429721
0.12312825,1.9464072,1.8561574,0.4680088,1.3707044,1.3029083,0.5851511,1.8113219,1.8673061,-0.86395967,-1.5448142,-1.0434601,-1.1543441,0.5368941,-1.5602021,0.25914663,-0.8486949,0.9845841,0.030475158,-1.3283179,0.32257804,-0.82031226,-1.5088761,-0.92197454,-0.15474042,-1.040467,-0.26813397,0.8476931,-0.5833697,-0.37067014,-0.4953998,-0.4400661,-1.3552885,-1.2113894,-1.1525825,-0.17339128,0.0941642,0.13031545,-0.29938155,-1.22629,0.024025755,-0.9079321,0.024773587,0.9503417,0.11312191,0.25777188,-0.42850348,-1.3468319,0.2831014,0.03956685,1.5449878,2.358554,0.3954703,0.755679,2.020162,2.478011,1.3846662,2.031039,0.14000082,-0.36975816,0.63997024,-0.1386253,0.984516,-0.51656014,0.29006833,0.05110021,-0.8078219,0.30106044,-0.74093175,0.48464456,-1.2315524,-0.16134068,0.14541037,-1.3546948,-0.6363037,-0.030206546,0.02830296,0.37037957,-0.16484737,0.6571824,-0.18273579,-0.003141267,0.62100893,-0.94131374,0.07323771,-0.6509425,1.0791278,0.13937807,-0.79466814,-0.79601896,0.0014008456,0.28963962,-0.070510246,0.62268096,0.009963825,0.73648566,0.55962354,-1.2722433,-0.3934791,0.5272739
-0.41297093,2.2205846,0.77852947,1.9183834,2.3824315,0.9026252,0.18903157,1.3549254,1.0199541,-1.1820292,-1.4102957,0.3513548,-1.4634347,-0.30157566,-0.9065211,-0.7219981,-0.645574,0.05751403,-0.24601147,0.04851232,1.226717,-1.0452863,-1.3079817,-0.74537283,-0.32392308,1.3389221,-0.61216974,0.83816034,-0.10993763,0.26769853,-0.43101567,-0.010273469,-1.8502891,-0.64067745,-2.1069653,0.18437758,-0.5413596,0.09952255,-0.9794318,-1.2371662,-1.4029543,0.017587261,-1.132676,-0.93829125,-1.725435,-1.4466469,-1.1622717,-1.7790939,-0.9602654,-2.0682411,0.34530833,1.0996277,0.41558215,2.5169046,2.2874675,0.8421643,0.7408579,1.3732544,0.24794063,-1.2419956,1.3113812,0.6115857,1.3262517,-0.06758649,0.9267389,0.14147499,-0.36504188,-0.20771877,-0.2046963,-0.36639532,-0.48774135,0.43674105,-0.72541744,0.744231,0.5644893,1.0123512,0.051601615,1.071983,0.76807326,0.7642962,-0.098707445,-1.2919585,-0.1470205,-0.8352852,1.718568,1.288055,0.46833876,1.2695765,0.15243518,-0.010631777,0.35354984,1.0568982,0.58249325,2.7476466,-0.3004675,0.35503173,-0.58098567,-0.4558946,-0.7412617,-0.41835338
-1.3731192,0.3416168,-0.5938786,0.33961645,0.18437593,0.085077204,-0.7659457,0.008835781,0.5456605,0.053295765,-0.37125245,-0.19066662,-2.124372,-0.44189075,-2.2685575,-1.1768527,-0.5291226,-0.5463219,0.22844073,0.1748896,2.0203712,-1.2107707,-0.68264115,-0.935638,-0.26075473,0.7703026,-0.85701644,-0.7168626,-0.2125193,-0.3615287,-0.8225678,-0.92421323,-1.7097931,-1.5190383,-2.0787804,-0.46338126,-0.5475236,-0.5210001,-0.76410717,-1.0240237,-1.4323312,0.7739821,-0.92287177,-0.57358366,-1.572707,-1.6720511,-1.0806983,-1.5213066,-1.0897785,-1.5926394,-0.6431522,-0.34387985,-0.43842643,0.1379579,0.6443351,0.26545298,-0.48417395,-0.062106423,0.6814853,-1.3381364,0.5985626,-0.7189385,0.19561936,0.062019914,-0.057141118,-1.0981817,-0.36084986,-0.018969977,-0.178958,-0.42686138,0.7330182,0.5343116,-0.9199679,0.97771263,0.72836906,1.0161206,-0.5896345,-0.0279492,0.8696947,1.7700665,1.2511427,-0.21418785,0.4356888,0.18274215,0.052669574,0.19807217,0.2896512,1.3011363,-0.43826613,0.76527226,0.6068548,0.53090584,1.4035769,-0.6130025,1.1437018,-0.47132444,-0.025221007,-1.0539327,-0.76085836,-1.1507148
0.23826148,0.9589434,-0.03898718,1.138656,0.6587578,-0.14484172,-0.5208972,0.34296745,-0.47477666,0.37934726,-0.8771317,0.11868132,-0.91497886,-0.2650831,-0.79224765,-0.35287076,-0.08343012,-0.051430617,0.5827002,0.06315262,0.51742786,0.08952908,-0.5125597,0.23433957,-0.35580477,0.2530555,-1.2044355,0.69674885,1.8360884,-1.8430085,0.13169712,-0.007437886,-0.8725372,-0.15350394,-0.20444328,0.7380376,-0.06715023,0.21703124,-0.024558438,-0.039996423,-0.28157586,1.6332673,-0.45505622,-0.093943,-0.6943058,-1.164746,-0.030665562,-0.46293616,0.44323778,-0.6561057,1.0811754,0.387069,-0.08711048,0.7397009,0.46505243,0.31040895,0.76945376,-0.06382365,0.30889478,-0.92695886,-0.053552877,0.022275873,-0.6778818,0.5767882,0.048811875,-0.68102914,0.14105175,-0.07136194,0.5828235,0.3918253,-0.576223,1.6973134,0.82486016,0.8120409,-0.08933219,0.25690204,1.1111082,0.64311427,0.7564316,1.0501273,1.2366247,-1.4438314,0.05914184,0.33401123,-0.038700458,0.38646322,-0.40832293,0.41474006,0.82553375,0.81710804,0.4686989,1.352777,0.62338406,0.9342572,0.5114893,0.10727744,0.36418703,-0.04234065,0.13623059,0.09841779
0.10766934,0.9785657,-0.5741311,1.3688914,0.96408784,0.1054399,-0.6026529,1.0256425,-0.08912441,-0.5264803,-0.6365485,-0.12592281,-0.025488121,0.46273023,-0.09896364,-0.2316534,0.14433017,0.9107296,0.08025444,0.86904794,0.55561596,0.24344487,0.07413102,0.26324168,0.8465942,1.0129956,0.21246387,0.64812547,0.46185103,-0.35656592,-0.47685257,-0.45916718,-1.436204,0.2684711,-0.20712513,0.7536424,-0.051679526,-0.3341605,-0.13079932,-0.89494765,-1.10283,1.8960875,-0.5881699,-0.25949782,-0.17713647,-1.0974077,-0.019821856,-0.4641255,-0.48833436,-0.5218626,0.28112507,1.0547925,0.80990213,1.6361762,0.7478712,0.10926628,1.4783484,0.59399474,0.11455067,-1.5439874,0.37486124,0.17905158,-0.25383624,-0.4584484,-0.358997,-0.9330503,0.9595965,0.8259839,1.4092618,1.2017807,0.6750864,0.8083741,0.7169845,0.7603915,0.5495603,0.21366437,0.16156517,0.49140307,-0.28672975,1.0521468,1.0551689,0.117596924,0.043714542,0.1768183,1.4126552,1.4795794,-0.490741,-0.07934084,0.9344329,1.1253034,0.7824871,1.01874,0.5258451,-0.40418643,0.22692497,0.6339023,-1.5165087,0.52736914,0.7105836,0.014801717
-0.8157183,-0.08426352,-0.25858948,0.3290382,0.70970815,-0.08615154,-0.9160668,0.42318195,-0.012045823,0.29013446,-1.6852459,-0.08404554,-1.1253371,-1.2462358,-1.8498137,-0.7297757,0.8380652,-0.2619524,0.48805115,0.958507,-0.3936059,0.5473681,0.10379977,0.337102,-0.6824387,-0.50001997,0.8682545,0.06411947,0.22064103,-0.2210437,-0.11716222,-1.0757017,0.5357807,0.49810427,-0.32889694,0.8068559,0.018933738,-0.6137597,0.01863525,-0.5582718,-0.75167215,0.33413413,-0.22512023,-0.5325911,-0.40656006,-0.4742206,0.4710117,-0.70269006,-0.47197866,0.020436993,-0.5007837,-0.029911272,-0.35751623,0.81894165,0.33366296,-0.32056206,0.3099121,-0.4143335,-0.54251295,-1.5219271,-0.8313803,-0.68946475,-1.1713399,0.30127347,-0.8317645,-1.5971342,0.0066534006,0.10634111,0.2771728,0.066089034,0.19462648,0.6503628,-0.43559346,0.06943022,0.013684062,-0.97169316,0.08042569,-0.43308342,0.54311717,0.83903015,0.5818228,-1.1736568,0.90256846,-0.040853567,-0.18124811,0.47093716,-0.025042277,0.274083,-0.005633874,0.34144753,-0.00095930113,0.9051008,0.3028192,-0.5922697,0.5525905,0.14819875,0.15347187,0.9381163,-0.8827088,-0.2203324
0.23385145,0.05258606,-0.131044,0.12296269,0.7113535,0.10133042,-0.6482241,-0.093323655,-0.15448764,-0.6344163,-1.3287077,-0.31271482,-1.5412382,0.103314385,0.23873203,-0.83487624,0.53444016,-0.026924448,1.5935031,1.9292525,1.206184,0.2907131,-0.022055656,0.044964906,0.03265983,1.619788,0.29946202,0.9623204,0.9391201,0.2586446,1.0683097,0.21980162,-0.8041267,0.15441377,0.35439122,0.44750422,0.82438546,1.3918011,0.08858587,-0.5620923,-0.5717562,1.0930334,0.30784792,-0.043740172,0.3988643,-0.06485609,0.39790207,0.6845177,0.61147773,0.07208929,0.6118711,-0.26600152,-0.44731587,0.25423217,0.31911662,-0.27206746,-0.25978705,-0.8594148,-0.30129677,-0.40513918,-0.091730736,0.5259893,-0.613514,0.1417112,0.41516823,-0.19635901,0.016266242,0.37366572,0.7754722,0.020795014,0.72824013,0.47824356,0.36767048,0.47966996,0.19217956,0.6765401,0.232219,0.73261523,0.8731866,1.4554311,1.4227628,0.80174404,0.68133104,-0.024720903,0.6580981,1.0602589,0.38281646,0.84396505,0.98290175,1.1561986,1.5572894,1.216959,0.8818838,1.2091423,0.640987,0.088542365,-0.017713444,0.20870276,0.45822147,0.6151139
-0.2749203,-0.056423225,0.03563468,-0.3337205,0.16323654,0.35221633,-0.87697417,-0.5861113,-0.015716027,-0.3590134,-0.05130308,0.72919536,-1.7425243,-0.054791722,0.63097656,-0.46827418,-0.7964419,-0.14561592,0.21522102,-0.39084834,1.9429619,-1.8087322,-0.821673,-0.24804728,0.84788233,0.8110333,0.3109124,0.11772075,-0.39215082,0.1293839,-0.3556727,0.16676022,-0.9855711,-1.8699431,-1.9863172,-0.52437603,-0.47265333,0.30182678,-0.7261561,-0.44113964,-0.92910576,0.6971672,-0.28454354,-1.2215858,-1.0603548,-0.03954747,-0.6672589,-1.9335821,-1.3050088,-0.3247821,-0.52381915,0.01305925,-0.9043039,-0.60920566,0.541078,0.5632351,-0.349,-0.29746008,-0.14297433,-1.0891966,1.8540404,-0.91780066,-0.6670669,-1.865981,0.61263096,1.7598081,-0.6191584,-0.07045739,-0.13099992,-0.24935453,0.7398736,-0.55140424,-0.32907188,0.8330292,0.3826713,0.90968484,1.3748695,0.45326197,0.58977324,0.20032014,0.88089174,-1.3894101,-1.0768882,-1.529824,0.44361252,-0.012644516,-0.50416785,1.7072374,-0.06627985,0.31896162,0.19503692,-1.5515707,-0.10143943,1.5163534,0.55744934,-1.2516545,0.95717853,-1.1950762,-0.60598433,-0.072147876
-0.47023767,-2.094112,-0.95536035,-1.7710686,-1.988683,-1.4712887,-1.2437515,-2.3825994,-1.8294507,0.20633121,-2.4028811,0.47910902,0.37721655,0.26938733,1.3556929,-0.7714877,-0.856755,-1.8027868,0.21981984,0.33646217,1.5234498,-2.6367657,-0.89981717,-0.7805574,-1.3783464,0.7024695,-1.1658388,-0.34025154,1.2046692,-0.5588599,-0.8265504,-1.4247386,-1.5206448,-2.4510114,-2.0911243,-1.37064,-2.5220845,-0.40674317,-0.1184943,-0.61546177,-1.2040613,-0.41166908,-0.8541222,-1.5489442,-1.4879329,-0.6752613,-0.7628316,-1.9339197,-1.7409633,-1.3613971,-1.6931516,-1.0343411,-0.53183687,-2.5182102,-1.5727997,-1.3498244,-1.7913815,-1.6806024,-0.5505973,-2.0952506,1.4375856,-0.22586228,1.1154236,-2.6531327,1.5660255,1.2118,0.068749994,0.3746113,-0.8088213,-1.5252951,-0.473411,0.09121753,-0.83569384,0.72578776,-0.15059492,0.25163028,0.93798715,1.5713803,0.248203,0.49616325,0.25894836,-0.9682979,-1.5332915,1.0228095,-0.44316578,1.7471087,-1.9673619,-1.1384974,-1.2117764,0.30254918,-0.54685867,-0.970687,1.6560338,1.0369009,0.7432288,-0.34811562,0.76594657,-1.3016261,-1.486866,-0.78801125
-1.8992106,-2.1317408,-1.7769672,-2.3497076,-3.1006193,-1.4662032,-1.6698524,-2.09165,-1.8443635,-1.0278993,-2.2550414,-0.58604556,-2.196321,-1.131556,-0.22057097,-1.6568563,-0.36897448,-1.403993,0.2749122,-0.83805215,1.0611954,-1.3975011,-1.8950639,-0.76390004,-1.4472059,-0.5408526,-1.4930665,0.43477264,0.10108709,-1.1350075,-0.20628545,-1.1387118,-2.3239298,-0.74451303,-1.9133599,-0.68234974,-0.022431038,-0.14419743,0.048962776,-1.0428656,-1.5993325,0.42122015,-1.5014955,-1.0500362,-1.220473,-1.5799673,-1.0092076,-1.0067236,-1.8216373,-0.82577604,-0.9858039,-1.7472875,-0.7341081,-2.4368641,-2.4093697,-1.7357662,-1.3423504,-1.8342197,-0.24301267,-1.6271949,0.5554113,-1.0185343,0.41507196,-1.2501415,-0.18208872,-0.40185797,-0.20145202,-0.10461795,0.56940204,-0.4325265,0.109566025,-0.68367195,-1.3468171,0.32297918,-0.68301004,-0.3486811,-0.7557735,-1.2990016,0.14150529,0.39349967,0.38369274,0.3819887,-1.7652799,-0.42408687,-1.4783597,-0.28611004,-0.38188842,-0.457026,0.065221444,0.16868122,0.26302627,-0.10121822,0.9197713,0.31558678,-0.77921873,-1.1543231,-0.5668138,-0.28422123,-0.95530313,0.026612857
-0.87626505,-0.9236573,-1.1006505,-0.86970764,-2.4657004,-2.0986295,-0.89643306,-1.8673232,-1.9058946,-1.3114237,-1.8299844,-1.1620188,-0.69453746,-1.3496212,-0.6585256,-0.1287177,-0.43035904,-0.7752066,-0.38611248,-1.4319296,-1.0402204,0.06523006,-0.9137323,-0.6918631,-1.3335572,-0.5212449,-1.3816664,-0.22932401,-1.1380022,-2.3367493,-0.4479973,-0.51441616,-0.33675164,0.26132765,0.14389981,-1.2191266,-0.31989697,0.36078048,0.24807988,-0.29388186,-0.16730289,0.15329152,0.2807398,-0.51673186,-0.9835597,0.10508998,0.43890494,0.35812408,-1.7752641,-0.4656325,-0.38900098,-1.6120908,-1.0793873,-1.9093498,-2.2717924,-1.6469389,-1.7005441,-2.1283877,-1.2280233,-0.66359234,-1.5239922,-0.23589729,-0.30873555,-0.5406812,-0.9517778,-1.3110263,-0.6723191,-0.3277534,0.5843655,-0.63410836,-1.4545463,-0.2708972,-2.009642,-0.27562892,-0.63793504,-1.2209424,-0.6648099,-1.6025488,-1.1600299,-0.6999678,1.1493334,-0.13771497,-1.213224,-0.84666246,-1.8532795,0.48316494,-0.95682275,0.878481,-1.1036243,-0.47537133,-0.5941262,-0.48205525,-0.18476702,-0.9291673,0.1292388,-1.1668677,0.046223443,0.18722828,-1.8712242,-0.6194653
0.09019358,-1.2316352,-0.53863496,-0.7181711,-1.6845565,-1.1812028,-0.24658583,-1.1182164,-0.9132896,0.6539162,-0.09602029,-0.14788531,-1.1286573,-0.6744217,-0.37604505,-0.3667284,-0.83834785,-0.9708048,-0.47543213,-0.8283339,0.9462668,-0.9167624,-1.6830134,-0.44912946,-1.0765294,-1.3871735,-1.5065842,-0.29548886,0.0038593973,-0.9353022,-0.3106668,0.08615907,-0.49426818,-0.9267908,-0.37594554,-0.8510466,0.41047826,1.264875,1.4300277,0.6966516,0.4304897,1.1881032,1.2378259,-0.086355105,-1.2818922,0.8202133,0.3157145,-0.03710812,-0.36038476,0.18496129,-0.9454206,-1.0930705,-1.2760184,-1.7281971,-2.0416017,-1.3527483,-1.6657954,-1.3977225,0.9357103,-0.3789882,-0.0092788115,0.35318506,-1.4872367,-0.53482354,-0.307619,-1.0224845,-0.9989396,-1.3945861,-0.5853284,-1.4157957,-0.20888983,-0.23903285,-1.7062255,-0.13688946,-1.2859473,0.26482153,-0.5126686,-0.28227484,-0.056150913,0.43252373,0.28140375,-1.3274456,-2.2428398,0.20331286,-0.5131072,0.5666006,0.89909387,1.3455814,-1.3082535,-0.36379412,-0.5261961,0.3438316,0.90325236,0.6990418,0.07188754,-0.6138551,1.1900667,-1.1969992,-0.58227545,0.62035054
-1.3275055,-1.5977279,-0.87101746,-0.84388286,-1.1867238,-0.91782767,-0.22465229,-1.2753601,-0.73928523,0.85379684,0.7796349,-0.73409396,-0.6091959,-0.16139673,0.59003955,-1.0035712,-1.7787795,-1.2437164,-0.19813149,-1.2043314,0.5327293,-2.2675774,-2.5572598,-0.7047803,0.18160838,-0.31734547,-0.268679,-1.0573058,-0.1177905,-1.4688148,0.06337394,-0.1359481,-1.0598384,-1.5692316,-1.607486,-0.8372382,0.31052378,1.7650312,2.2189536,0.23051804,-0.32344168,0.109677605,1.3123062,0.16493553,-1.105333,0.31871903,1.1832403,-1.3988286,-0.56289244,0.3343894,-1.5525254,-1.2053789,-0.98992044,-1.2146144,-1.1957159,-1.0442252,-1.6349235,-0.7743447,0.9348707,-0.30330655,-0.50998783,0.39296448,0.0022294805,0.72014993,-0.6526439,0.5292403,-0.8847749,-1.2797914,-0.44741333,-2.1464624,-0.07649677,-1.1195514,-1.4549809,0.40190566,-0.80288005,-0.5724497,-0.5196966,-0.99480414,-0.70509577,0.8757788,0.121989965,-0.3333962,-1.524029,0.5086887,-0.77872217,1.0862925,0.42175952,1.1403602,-1.4966513,0.49192104,-1.4018698,0.31584176,1.8049233,0.38160396,1.4568675,-0.82176,2.236068,-2.740311,-1.2578148,0.05337657
0.18069692,-0.91873866,-0.34223157,-0.7560269,-1.0443597,-0.10250991,-0.19856647,-0.5809975,-0.46250638,1.7752647,0.7104751,0.344224,-1.2386522,0.34810188,0.8138535,-0.24700747,-0.50754946,-0.4783292,0.05634034,-1.109614,0.96686983,-0.49004805,-1.3410125,0.11996457,0.13078205,-0.44413605,-0.1647349,1.2962282,-0.17994142,1.9450812,-0.30558667,0.70397675,-0.065307215,-0.22033177,0.54697144,-0.61793107,1.4770483,1.3183074,1.7968519,1.2465832,0.79223937,0.879545,2.0304508,0.731029,0.30204898,1.7701597,0.5861354,-0.36042598,-0.06332231,0.79153126,-0.1069324,-0.750829,-0.93213695,-1.4370368,-0.9165181,-0.43598437,-1.1836134,-0.8995329,0.7248366,0.9954223,0.081618845,0.52707195,1.6742389,-0.27430826,-0.12082855,-0.035036877,-0.21093962,-0.4888315,-1.2425829,-1.4176868,0.27038464,-0.0028748848,-0.59266746,0.3150098,0.06834934,-0.17405769,-0.0024384174,-0.19913188,-0.27334622,1.1236571,-0.27683136,1.0064037,-1.5328828,1.5743898,-0.3566998,1.5111938,1.7389227,1.1963013,-0.6912127,0.7835923,-0.0011312225,0.6668944,1.8228693,-0.28393993,1.5369463,0.77400917,1.5091406,-0.66225487,0.07062463,0.77377325
-0.13394737,-0.3921949,-0.04557941,-0.39032885,-0.036782723,0.3226069,-0.039187044,-0.62418246,-0.25422433,0.38744006,-0.20782241,-0.5910379,-0.8528058,0.9837111,1.0275936,0.28792953,1.087806,0.38343748,-0.16007963,0.8022301,0.90724427,0.45130545,0.83742446,-0.25246957,-0.9487263,-0.064451255,-0.019973055,0.7537983,1.9598248,1.9052407,0.3503052,0.26253986,-0.08512147,-0.07467511,0.7311755,-0.17532724,0.972254,-1.0581639,-0.319224,-0.35126594,0.6010473,0.8748151,0.5884968,1.2630574,0.1466888,1.0754267,0.16342881,1.6161549,0.16886483,1.281084,-0.048767284,-0.4165324,-0.17790009,-0.84918684,0.1342968,-0.41291744,-0.8495079,-0.42101339,0.63908786,0.77114546,0.8294256,-0.27785695,0.9700591,0.87584454,-0.007891805,1.8448312,-0.49095026,0.4246094,0.5267704,-0.54421026,1.199661,-0.14476496,-1.1642791,-1.3067595,-0.09225584,-0.21973021,0.7899029,0.6456601,-1.2351372,0.2688396,0.17631875,0.2817705,0.37850788,0.2118816,-1.2180502,-1.1072589,1.3785381,1.4346645,-0.74839467,0.517982,0.15676197,-0.43942136,-0.16058251,0.2712278,0.45908403,1.28732,0.31908232,0.18302725,0.0412736,1.1305114
0.019452127,-0.68930596,-0.90306437,-0.5060889,-0.755305,-0.48427692,-0.3656454,-0.45456964,-0.5991631,0.88602895,0.34781525,-0.403745,-1.3673048,-0.6756614,-0.21671724,-0.18239237,0.80631465,0.07730829,0.6793257,0.9110565,-0.12535127,0.6202282,0.6417542,-0.08301857,0.344523,0.20491627,-0.30261514,-0.027898982,0.8247829,0.86516416,-0.5393888,-0.17577815,1.0340972,0.94595283,0.45715702,0.45064524,-0.18350749,-0.4176535,0.474125,0.28289786,0.42280802,-0.41255322,0.62791735,0.27374205,0.48491877,0.046594072,0.6604995,0.9982387,1.073435,0.630021,-0.42466646,-0.9098376,-0.5824858,-0.6746376,-0.74469423,-0.8065829,-0.88365716,-0.85683405,0.6966952,-0.54090273,0.23813625,-0.026002523,0.36439547,0.61998975,-0.14633794,-0.35080937,-0.5112659,0.1800158,0.6585247,-0.63018596,-0.22459063,0.077691525,-0.27533433,-0.23382366,0.45988563,0.2932348,-0.48503476,-0.2564874,-0.6256197,-0.26006624,0.7555841,0.38921723,1.063169,-0.44239032,1.0009209,-0.018055927,0.7645879,0.05734268,-0.1396518,-0.04932185,0.4085839,0.053498168,-0.028540496,-0.73723686,-0.33543757,-0.41423973,-0.32532218,-0.056307223,0.05284335,0.30249393
0.37385672,-1.3595256,-0.38938823,-0.6471203,-0.68247086,-0.20159043,0.20358157,-0.24291517,0.090395026,1.1007689,-1.076546,0.2513009,-0.6137782,0.65269136,0.037660446,-0.12759769,0.65199584,0.41850895,1.401418,0.28393,0.9880986,0.100080036,-0.6672737,0.49127102,0.40257576,0.62587875,-0.36773542,1.3536335,0.9736431,0.27605623,0.47580183,0.42715308,-0.904543,0.62168294,0.47473958,-0.052626144,0.48914868,0.37253052,0.1559702,0.28695592,0.51446337,1.0427186,-0.16018872,0.01024931,-0.46601444,0.6600738,0.5498518,0.02865645,-0.15304975,-0.31693405,0.42143205,-1.180219,-0.055655908,-1.1386201,-0.7829213,-1.2119995,-0.3153884,-0.7306882,1.4467092,0.24509601,1.1902924,0.2492349,0.07917028,-0.19351064,0.32126474,0.9903031,0.85514873,0.45492285,0.9454845,0.11559209,0.9016678,1.4866625,-0.48571658,0.936575,0.90657383,0.6823225,0.59258485,1.2031512,0.26045677,0.2058015,0.59077686,0.15754731,0.31460008,0.38413608,-0.22646295,0.6460438,-0.3898445,0.59970355,0.3713081,-0.040114727,1.686234,1.3514476,0.67495584,0.51584756,0.090342864,-0.62241966,1.0095291,-0.33943897,0.3423892,0.1589428
0.41190377,-0.76453394,-0.6379711,-0.86242074,-1.0199431,0.1474905,0.26858148,-0.49084586,-0.13297364,-0.20449798,-0.55250746,-1.3974197,0.40291584,0.7875004,0.7325621,-0.30408898,-0.9848231,0.03764813,0.31574765,-0.87158287,0.27094105,-0.9895464,-0.6465058,-0.60905766,-0.96271384,0.302208,-0.808463,0.089089006,0.42172217,-1.8132927,-0.13907157,1.90034,-0.3152334,0.14250886,0.5259312,-0.26645115,0.4157655,1.0354855,0.8387249,0.17985341,0.85019034,0.20043889,0.8825753,1.6582085,0.28508553,1.2093089,0.73879355,1.4999512,1.0869141,1.4392691,0.69967806,-0.39766237,-0.9877257,-0.96378076,-0.58146393,0.10690279,-0.19307634,-0.20105982,-0.23381165,-0.13116398,-0.77604514,-0.30736575,0.48074773,0.51340055,-0.733267,-0.53044224,0.2877812,-0.7254795,-0.49222887,-0.2721522,-1.3817437,-0.8805977,-0.82229644,-0.057455517,-1.8453122,-1.0954113,0.696997,-0.5687374,-0.9285261,0.1602698,-0.6979365,0.009358347,-1.7090769,1.02602,-1.5059624,0.10457592,0.9663429,0.58665824,0.71731937,0.7919544,-0.2577242,0.60790074,0.10877678,-0.9087214,0.0816132,1.4892766,1.1663924,1.278144,1.0105695,1.5951499
0.3998569,-0.3916116,-0.069431774,-0.45287293,-0.4921394,-0.21611804,-0.15645008,-0.08930686,-0.03441942,-0.14341195,-0.57454634,-0.5620453,0.9296562,0.7776453,0.27868378,-0.20447452,-0.4289901,-0.64685667,-0.8892761,-0.52226907,0.742856,-1.074409,-0.6835971,-1.0372341,-1.6706511,-0.94365233,0.112860575,0.21405938,-0.029710412,0.32981232,0.72262526,1.2309625,1.2635766,-0.8604025,-0.18014556,-1.715069,0.842151,1.0090058,-0.3705538,-0.5700187,0.079385825,-0.48816878,-0.62661827,0.06101487,-0.0064046225,0.18160105,-0.013904186,0.053462427,0.38838485,0.28491166,0.4769579,-0.36728695,-0.30588508,-0.84043944,-0.6778036,0.1426236,-0.9639686,-0.39367333,0.35401064,0.27850485,0.8462795,1.751582,1.6856186,0.2228294,-0.5139635,0.3485669,-1.0463227,-0.65793353,-0.45429283,-1.0188004,-0.8716471,0.3201175,-0.2656466,-0.2845721,-0.44385526,0.38277277,-0.22485738,0.89403474,0.13396975,0.03450007,-0.1241742,-0.2311911,-1.0636828,1.2035009,-0.8507103,0.2270192,0.76257795,0.7359664,-1.0716473,-1.2264986,-0.016873226,-0.2720363,0.25276273,0.38865623,0.07893147,0.59554917,-0.026902428,-0.47989663,-0.03982371,0.1376454
1.260808,-0.35995594,0.7511821,-0.6962163,-0.18649949,0.7834302,-0.21552715,-0.3146938,0.87976885,0.009498394,-0.104026124,-1.1644956,-0.0680456,1.7100053,0.91532385,-0.24632528,0.210316,0.30106646,-0.24230635,0.28796637,2.171416,0.19423902,-0.40224382,-0.78986204,-0.28892457,0.14682695,-0.3891196,0.9256536,-0.36566344,0.71234405,1.2790997,1.5230802,1.453272,0.04696999,0.5373886,-0.27166757,0.2887292,0.522412,-0.23841625,-0.5727065,0.65384215,0.33006328,-0.15484029,0.63740975,-0.13209309,0.18800348,0.66980416,0.23834148,1.189515,0.54005224,0.37143975,-0.20526882,-0.55204165,-1.2348882,0.10434208,0.7505301,-0.19797413,0.7178601,0.17062995,1.022113,1.2627681,1.1718564,1.6782613,0.1750417,0.37214598,1.089075,0.3578692,-0.6424885,0.11827173,0.005040047,0.4038775,0.21063651,0.56697917,0.20634043,0.19342886,1.37518,0.8711438,0.48070127,0.42264932,-0.11682011,0.99110925,0.5970025,-0.21847045,0.21940538,-0.03185635,0.56149733,0.40193525,0.27890036,-0.3085894,0.11663901,-0.12575331,0.30468172,0.67788213,0.980442,-0.95244545,0.82712936,-0.37027714,0.8503637,1.0856378,0.54694
-0.9335044,-0.14314052,-0.22444685,-0.34784222,-0.17967394,-0.28582287,-0.27371165,-0.118655965,0.08503218,-0.8860791,-0.825547,-0.53539586,-0.50583214,-0.15355755,-0.27093783,0.5542418,1.2060438,0.17579398,0.6275737,1.7431124,1.3612092,0.984607,0.30171782,1.229916,-0.49187595,0.5381949,-0.25901034,1.058298,1.629622,-0.20910782,1.1621093,-0.75658727,1.5144342,1.3949767,0.8757111,-0.0327252,0.9899047,0.054886542,-0.013993052,0.5482523,0.71334815,1.0581502,0.7426187,-0.2958861,1.016566,0.6378756,0.8315048,1.5039291,0.10724692,0.72518605,-0.9157058,-0.39132118,-0.7523385,-0.38561654,-0.567039,-0.0014942645,-0.2659484,-0.31225067,0.115583174,0.056101277,-0.15327312,-0.8675155,0.56983906,0.79164016,0.27725413,0.5757051,-0.36975434,0.11470406,0.8736828,-0.4190758,1.4625144,-0.026203623,-0.28199157,-0.3403817,0.89267856,0.60963315,1.5803523,0.88549787,-0.37986556,-0.5242472,0.99395806,0.027532676,1.0795407,-0.049805842,0.7816494,-0.4680542,0.46148837,0.0043420712,0.069023035,-0.49982983,0.43265897,-0.7949674,-0.25492555,-0.21494098,1.0720211,-0.32067153,0.44695324,1.2687501,-0.29808,0.18961114
-0.9089007,-1.2491716,-1.2813655,-1.0930669,-1.409996,-1.3095247,-1.2798336,-0.79177004,-0.6928521,-1.0161957,-1.3293939,-1.4321537,-0.771338,-1.298161,-1.1328677,-0.6189032,0.8151839,-0.106871225,0.19663587,-0.6855546,-0.39152017,1.1924895,0.07910585,0.6866936,-0.36427993,-0.8061218,-1.068394,0.9451754,-0.22812466,-1.1252068,0.9173586,0.2439059,1.409202,1.487973,1.2178761,-1.0716981,0.40486693,-0.28634062,-0.7748058,-0.9006784,-0.45420122,0.21024548,0.9479265,-0.5024946,-0.1510714,0.15893768,0.9596335,2.0239527,-0.7503311,-0.9676024,0.13316369,-0.26804158,0.13544919,-0.9339861,-0.94347245,-0.8551596,-0.8500188,-0.76666117,0.73103935,-0.45583162,-0.24809419,0.71177214,-0.6603429,0.60945255,-0.46563792,-0.22840135,-0.4187832,0.7094892,1.076592,-0.122248225,0.21032338,1.1212406,-1.1025306,-0.9885632,0.16486761,-0.098801516,-0.89689225,-1.1073627,-0.17745976,-1.1304002,1.2151816,0.83494407,-0.25604776,-0.51106894,-0.15401077,-0.5454004,-0.4200259,-0.83240575,-1.1447599,-1.1865361,0.1267192,-0.8509976,-1.0921359,-0.68991077,-0.11956655,-2.1895993,-1.0711128,-1.1416662,-0.96713084,-1.3990306
-0.64719504,-0.5791153,0.1352661,-1.0852398,-1.1508267,-0.46861923,-1.3754508,-0.5029377,-0.7746264,-0.89683443,-1.1145542,-0.99441105,-0.28487253,-0.48468184,-0.009016755,-0.06973353,-0.27017283,0.116793275,-0.3953114,0.25470474,0.56474286,0.52016044,0.37601352,-0.44168767,-1.1295835,-0.24229221,-0.8362013,1.3242974,0.34649873,-0.53249836,0.44660404,0.4828213,1.016495,1.0815898,0.1844275,-0.34084228,1.0828567,0.28128964,-0.90295285,-1.015647,0.3513175,0.92554754,0.8162749,-0.082295716,-0.008795759,1.027639,0.07405444,1.225341,-0.15081976,0.02161986,-0.12170694,-0.41640264,-0.49367636,-0.8079902,-0.80656993,-0.18241386,-0.3667241,-0.63957804,0.62923527,-0.29074383,-0.12711984,1.9035774,1.0409689,-0.18613899,-0.8962339,0.30184364,-0.27289352,-0.39450192,0.03836015,-0.2240371,-0.9151717,-0.15546186,-1.2822012,0.19486631,-0.66068316,0.12539546,-0.13365728,-1.1564115,-0.2553021,1.514199,0.4451023,0.45454723,-0.41084403,0.5187891,-1.9963969,0.61003065,0.6645133,0.012503332,-0.3908544,0.06573632,0.5329536,0.21692508,0.22333254,0.55661494,0.5429301,-0.21067496,0.82699263,0.22666642,-0.18347424,0.51956034
0.23156194,0.34658396,0.6320897,0.39425492,0.22345805,0.1963735,0.22002959,-0.22932509,0.44615343,-0.21118446,-1.740061,-1.6512507,-2.0399768,-0.08851994,-0.67531437,0.19836682,-0.79468584,-0.683567,-1.8651383,-1.3721409,0.67691004,0.35144594,-0.9838627,-0.6577749,-1.3236296,-0.7839666,0.6380673,1.4431046,0.28906175,-0.67101187,0.7496769,2.1462755,0.6507251,1.0318061,1.3639956,0.5320549,1.5979922,1.4113388,0.67307603,-0.11041324,0.9030957,0.14042807,1.8321978,1.2710549,0.21706977,2.124675,1.1727965,1.3960519,0.9835454,1.6588956,0.16462068,0.339669,-0.12092591,0.2751741,-0.008035772,0.73132986,-0.3992873,0.21250328,0.907312,0.081072025,0.24337888,1.2177404,1.0476067,0.42011994,-0.64272565,-0.02542769,-1.0464461,-1.3240117,-0.6231686,-1.1506052,-0.22700883,-1.0131067,-0.9357388,-0.6631847,-0.70851076,-0.6759594,-0.56453985,-1.1562701,-1.6708562,0.85673314,-0.63231826,1.8599433,-0.35395154,0.27276757,0.14731641,2.1320996,1.834299,1.5138601,-0.14804369,-0.43434376,0.20351209,0.38820517,-0.13646938,1.1974396,1.0817504,0.6515509,0.89042205,0.47003224,0.9650153,1.2674153
1.7233051,-0.47695833,-0.43668982,-0.80323803,-0.26871842,0.2049247,0.0052668876,-0.23143812,-0.1627706,0.227732,-0.8235229,-1.2150468,0.27552888,1.1505293,-0.2817703,0.15220721,0.28716928,0.3427099,0.09669843,1.7614998,0.2249572,0.66126066,0.72859675,0.3531697,-0.53951883,-0.7980856,1.0529878,0.40268266,0.76916564,-0.5092601,0.29858458,0.94954664,1.7456731,0.39682877,1.0959352,0.24648122,1.6504321,1.4907459,0.23047382,0.30248034,1.4150019,-0.6362968,-0.19365777,1.5577881,0.691138,0.54398036,1.150999,1.6292468,1.7570969,1.5584072,1.2602184,-1.0585759,-0.96769965,-0.74017954,-0.3615949,0.41067713,-0.16205871,-0.50034666,-0.03493109,0.280289,-0.82598156,-1.1494138,-0.06999213,-0.18540968,-2.0318332,-0.28211483,0.36868978,-0.39459398,-0.21931255,-0.21803243,0.25217837,-1.3172005,-0.056566358,-0.19842917,-0.29419217,-1.3612682,0.31083906,0.17682448,-0.9126167,-0.48015043,-1.4595743,0.97060645,-0.48392043,1.1390775,-0.29965898,-0.7395457,0.66728586,0.23812142,1.0244445,-0.88760513,-0.718468,-0.49349034,-1.2526423,-1.7843975,-0.054553825,1.2097471,-0.8993368,2.5521083,2.5386376,1.2740369
0.4801816,-0.40753582,-0.49386504,-1.3438433,-0.63513756,-0.09197595,-0.24296518,0.08532661,-0.14869066,0.2511758,0.25341022,0.61661154,0.9223823,1.1195726,-0.122448154,1.1196121,1.0035105,1.036834,1.8334826,0.65807295,0.8419395,1.0254884,1.0687447,0.2900891,-0.58609396,0.8657332,1.2630153,-0.16650322,0.11880488,0.18324344,-0.9490784,0.48316348,1.7211593,0.9238714,0.851564,0.484949,0.122113846,-0.038421925,-0.94947535,-0.5661615,-0.7545442,-0.27562156,-1.229769,-0.4936794,0.11997121,-0.607795,-0.48883963,0.8100152,0.32903042,-0.79967165,0.6308916,-0.18342651,-0.2666856,-0.9435034,-0.2316221,-0.076173835,1.2360908,0.28531554,0.03775581,-0.0607498,0.29976776,-0.22264338,0.3681638,-0.56253076,0.4576412,0.27074274,-0.4199488,0.5783368,1.2987642,1.513245,0.39777994,0.016494548,1.0050194,-1.381262,0.8378219,-0.897352,1.0251547,1.0493021,-1.9949427,-0.20838602,-1.3100181,-0.9157684,-0.8023321,-1.4073082,-0.23485886,-2.5127337,0.4913681,-0.810715,0.53877735,-3.3102465,-0.57887346,-0.8724352,-1.9412313,-2.044029,-1.8222591,-0.8194238,-2.2358098,0.42165595,0.63444966,-0.41641906
0.28156826,0.8702345,0.4750731,-0.118184544,-0.014533864,-0.15399426,-0.24625972,-0.1986362,-0.28452623,-0.70098066,-0.3938444,-0.16340908,0.012917282,1.7139982,1.0525566,0.051656187,-0.7473106,-0.6928961,-0.0066475654,-1.6243407,1.5404173,0.16994628,-0.26588237,-1.5519193,-0.5448189,0.8346293,-0.21388766,1.865519,0.07757891,-0.31083968,-0.7080455,0.5388098,-0.0037539501,0.05609236,0.07786917,-0.9972055,0.37979516,0.277775,-0.67909825,-1.2630103,-0.8087239,1.7813001,0.3300051,-0.37229487,-0.420128,0.49006906,0.67724776,0.29459244,-0.40762946,-1.3205911,-0.2786099,1.10843,0.17376813,0.3627946,0.13204893,0.524898,-0.8269012,0.13993534,0.13545462,-0.1823927,0.32968742,0.5280828,1.0228654,-0.48483837,1.0951008,0.9811993,-1.4888631,-0.26038754,-0.3628642,-1.1968386,0.2639471,-1.1076313,-0.06828167,-1.4337066,-0.5578028,0.63632363,-0.013653048,0.55369866,-1.7535431,-0.32709214,-0.42686558,-1.3433986,-0.4694861,-1.6707217,-0.6006139,-1.5268013,-0.516375,0.28134376,-1.6362169,-1.6413891,-0.07356055,-0.1544212,-0.8633311,-0.3619486,-0.7849768,-0.39752856,-1.0196905,-0.7231069,-1.5683908,-1.8082564
0.640827,0.4193467,0.6982698,0.4525927,0.017243007,0.09090049,0.8078818,0.39348996,0.36384973,-0.46125513,0.6660597,1.2665964,-0.9838505,0.97959775,2.3048084,1.4456747,1.275993,1.3924489,1.6117789,0.70451516,2.0156202,-0.29495412,0.7579812,0.61347836,-0.8215415,1.9188868,0.30912808,0.7206362,0.20070322,2.3537986,-2.298833,-0.5273052,-0.58366567,-1.1600641,-1.9274977,0.7482698,-0.8203266,-1.4677787,-2.1222894,-0.81323594,-1.320605,-0.6462161,-2.4221065,-1.7596844,-0.6140909,-3.0912812,-2.4714959,-1.5550321,-0.21920562,-1.5997628,0.3517789,0.05549252,-0.14384162,-0.54226124,-0.28635904,-0.48359397,0.051810272,-0.33411488,0.38162455,0.007403752,0.8762921,-0.6791121,1.3252763,-0.52395135,0.5584828,2.2095394,-0.58988297,0.72242075,1.242601,0.29044244,1.3614513,0.33095974,0.62101614,-0.9336941,1.4074748,1.0918338,0.6257083,1.9373634,-2.1815004,-0.16829686,0.1103667,-1.4135785,1.086118,-1.6517804,1.7607723,-2.506797,-0.32633844,-0.08602941,1.0878451,-1.8714961,-0.69607407,-0.301315,-1.5253526,0.059142638,-0.94573134,-1.1360723,-0.66338557,2.2309778,-0.050984386,-0.7773763
1.0446122,0.7541819,1.2922294,-0.26256737,0.10920512,0.93588364,0.7004652,1.12915,1.3996758,0.4343341,1.1497606,3.5274193,-0.14949287,1.0095636,2.4998498,0.77515024,1.8999653,1.8824826,2.3171258,1.2797596,1.4400754,0.20668395,0.9717102,2.4080644,2.126363,2.919832,0.8043094,1.0208514,2.637862,1.6654809,-1.445223,-0.39479214,-0.057678513,0.765623,-1.4519362,1.4447554,-0.42406076,-0.25502166,-0.40630054,0.873539,-1.0366817,0.92388403,-1.3633316,-1.7521895,-0.46048206,-1.9410126,-1.4116769,-1.0103589,-0.5487363,-1.4328138,0.21321036,0.78167534,-0.04304862,-0.34459278,0.3318071,0.6426889,0.69788593,1.3141828,0.5752706,-0.2809034,1.1215345,-1.9360512,1.2220933,-1.2835257,1.209979,0.6767819,0.17056783,1.1885343,1.2481451,0.8261857,0.30487585,1.2128955,1.0260993,-0.5239173,2.3731565,1.3057284,2.3984141,1.5486568,-1.1908423,-0.22192739,1.4231908,-0.4664549,0.46390283,-1.879679,1.2584851,-0.88052267,0.24587756,0.76455915,1.3206993,-0.38999176,0.3456226,0.08353956,-1.0956873,-0.31349245,-0.6001923,-0.79918283,0.13805288,1.1138717,-0.26781747,-1.0249137
-0.07791062,0.8507847,1.1768798,0.37829766,0.38746366,0.2652335,0.7515738,0.41381425,1.21468,-0.7641783,-1.3616524,0.9298711,-0.22324762,0.077982344,-1.1067567,0.81393325,0.47696275,0.21100354,0.29582462,-1.6344367,-0.1903685,-0.17990676,-0.79522413,0.7889284,-0.62764794,1.7351749,-0.9963581,0.86931646,-0.44836602,-0.70401216,-2.1020567,-1.7707173,0.528197,0.5238004,-1.7057762,0.33091384,-0.6056161,-0.10829596,-0.5898967,-0.30154133,-1.6027397,-0.43690684,-1.3209715,-0.7804197,-1.0860525,-1.7211767,-1.5824329,-0.6173174,-1.5090978,-1.3539939,-0.08342218,0.38042834,-0.10105357,0.14759883,0.42686802,0.98931,-0.4038065,0.9930203,0.4180509,-0.37066817,1.3163232,-0.3504016,1.4886825,1.2840204,0.56710684,-1.2146249,-0.7326333,0.9931623,1.7130134,-0.061250135,-0.93076575,0.9232206,-0.41454372,-0.2067703,1.2144006,1.3465308,0.15658383,0.285003,-1.2989092,0.0011302879,1.1976651,0.15161414,0.99018246,-0.84752935,1.0306482,-0.6016758,1.0448585,0.26707965,0.5165262,-1.4466381,-0.75568914,-0.55479693,-0.865558,-0.8757888,-0.10291083,-0.38609117,-0.82582414,1.3983067,-1.2685783,-0.9969205
-0.8983731,-0.9698356,-1.2598196,-1.3007627,-1.7816576,-2.2079492,-2.0338395,-2.1623147,-1.5822846,-1.8113264,-2.1477628,-1.4389179,-1.0234332,-2.459635,-1.7635083,-1.4562923,0.74880844,-2.0809855,0.03598067,-2.2575274,-1.4370096,0.17062975,-0.69341975,-1.5442399,-1.4545115,-1.0581332,-0.8731214,-0.6506145,-1.4174953,-1.5762049,-0.48762688,-1.053319,-0.27194828,-0.065188065,0.5988224,-1.4350435,0.68083096,-0.60841304,-0.17521314,-1.7487141,-1.593137,-0.90008014,0.4110733,-0.53814864,-0.90457815,-0.98145133,1.0475578,0.18595879,-1.5927777,-0.81682956,-0.7502177,-1.4654435,-1.1758469,-0.7403563,-1.117414,-1.112422,-1.2329427,-0.73868096,-1.9630796,-2.1784039,-0.90538853,0.52732944,-0.49791378,1.457331,-2.3272705,-2.0480385,-1.7148451,0.36297682,1.1256777,-1.2682687,-2.1614428,0.22956556,-2.0101442,-1.419167,-0.82552886,-1.104316,-1.1672117,-1.6717142,-0.5053804,-0.8676413,1.1240867,0.6753179,-1.1337782,-1.2065339,-0.20730308,0.06797765,-1.1355987,-1.9834818,-1.4719677,-0.4745343,-1.027736,-1.2486175,-0.79933196,-1.2340809,-1.0105075,-0.8652386,-0.6839974,-0.93930024,-1.7072804,-1.0612264
-1.5153208,-0.13473856,-0.37514475,-0.12058137,-0.19483131,-0.74295235,-0.3707619,-0.4021106,-0.14304107,-1.9614402,-0.46919265,-1.4617923,-0.70686036,-0.6641412,-1.0147157,-0.43230802,-0.45147416,-0.88874143,-0.8713821,-3.0780363,-1.2116339,-1.333906,-1.3093123,-0.802023,-1.5650858,-2.1101105,-0.85101306,0.8026923,-1.3314177,-0.9407095,-0.09525874,-0.18358837,1.0204247,-0.11810603,-0.08483416,-1.0342189,-0.08310312,0.56803113,0.9936293,-0.046064448,0.7714052,1.3257811,1.1267166,0.606406,-0.09421952,1.2064023,1.158654,1.0263051,-0.46883297,0.6920893,-1.3555956,-0.32972035,-0.9119316,-0.23635584,-0.8172663,-1.3639991,-1.4747227,-0.5337547,-0.97193795,-1.0669274,-1.0910846,0.31816587,-0.92846954,0.090541095,0.52946866,-0.79592305,-1.4944748,-0.83701605,-1.5546725,-1.8127915,-2.0744796,-1.9019423,-1.6099145,-1.047327,-1.5606853,-1.4683949,-1.6666967,-0.46344706,-0.59761506,-0.24411996,-0.64189684,1.1139743,-0.67620724,0.16934688,-0.99805945,1.1715437,0.038587756,0.96882546,-1.7946026,-0.134417,-0.87993836,-0.32738715,-0.43682352,0.627697,-0.2533103,0.6125051,-0.08070238,-0.727733,-0.800115,-0.16313198
-0.19346157,-0.60752976,-0.67246467,-0.6404931,-0.87651646,-0.9403776,-0.060052864,-1.1078508,-0.72583234,-0.4059307,-0.36420527,-1.8491479,-0.24583164,-0.2450809,-0.89024025,-0.25481585,-1.2081213,-1.5998088,-1.2076745,-2.0010662,-0.9816898,-0.8144791,-1.5981394,-0.95282483,-1.1953661,-1.347143,-0.70656186,0.28324145,-0.6172136,-1.5661752,0.42431596,0.8368046,0.7993273,0.10010953,0.76891166,-0.93076885,1.4625593,1.2924916,1.3388556,0.7543134,2.0005398,1.6027558,2.1962926,1.6392668,0.38947096,2.2887661,2.3186774,1.8245006,0.68010086,1.3461696,-1.6559703,-1.3400624,-1.9043255,-0.84534234,-1.1576287,-1.3925306,-1.6793704,-1.1055453,-1.0304843,-1.1236475,-0.8297625,0.14159164,-0.18706198,-0.6316443,-2.898539,-0.38564333,-1.7019538,-2.2628436,-1.8109436,-1.9108443,-2.0578587,-1.8218659,-2.2781196,-1.5416662,-2.1276467,-2.3804426,-2.0733438,-2.1450448,-1.0382587,-0.699027,-2.0834591,-0.4459785,-1.2177438,0.40086612,-2.836987,0.7140151,-0.62342083,-0.52385813,-1.6257929,0.3091872,-2.3147526,-1.9065353,-0.26075464,-1.9227961,-0.7335959,0.5736776,0.77863425,-0.08574982,-0.05023408,0.5764595
0.13657333,-0.43738618,-0.74267536,-0.9817216,-0.5388264,-0.39685735,-0.6238289,-0.8608315,-0.67939705,0.23577885,-0.08651455,-0.16971374,-0.9438809,-0.5358095,-0.5445578,-1.165122,-1.6961638,-1.2487932,-1.1517148,-0.40410662,0.24823718,-1.6369271,-0.27989912,-1.1834288,-2.2360637,-1.1342022,-1.2821764,-0.6176534,-0.3903056,0.4340922,-0.2909847,-0.5657038,-0.12076567,-1.6112647,-0.48573264,-1.4448658,0.85079634,1.3163185,0.17864478,0.028232643,0.32890308,0.6538331,0.20849662,0.58378273,-1.1619396,0.2760141,-0.291983,1.0467497,-0.036473643,0.37356177,-2.1470225,-1.3499554,-2.3329234,-0.98776644,-0.9938964,-0.91563624,-1.3896726,-1.0278914,-0.04476645,-0.49667037,-0.78508073,-1.0158226,-0.7221647,-0.44173837,-1.094227,-0.13328426,-1.940048,-1.7957404,-2.169755,-2.4580843,-1.1224191,-3.2944708,-2.1761816,-1.6514082,-1.2223511,-1.7137487,-0.5978357,-1.9262465,-1.1311786,-0.7396046,-1.808066,-1.2066723,-1.3848712,-0.3952662,-1.5825957,-1.8677621,0.5498323,2.0686133,-1.9124008,-1.729042,-1.9716281,-0.43876272,-0.46564347,-0.26806903,-1.3239921,0.6934961,-0.26714125,-0.42023253,-0.24714576,-0.3669245
-0.20665368,-0.35586497,-0.30061096,-1.1041942,-0.61407226,-0.45413756,-0.91694605,-0.5405582,-0.7027028,0.27596855,-1.2920059,0.10481389,-0.20739913,-0.22240609,-0.10050041,-0.69339114,0.4820702,-0.60183775,-0.10421849,0.6581525,0.8734126,-0.17270078,0.37183812,0.46197382,-0.82297146,1.410898,-0.13285832,-0.2732421,0.475191,0.6237391,-0.7960075,-0.23903488,-0.17311567,0.3231342,-0.69476223,0.09061208,-0.39639038,-0.6077818,-0.96721745,-0.505172,-0.9250934,-0.9325035,-1.2484331,-1.0035945,-0.073242925,-1.0132346,-1.1786342,0.1416732,-0.13475558,-1.3422619,-1.040653,-0.8025602,-1.2101452,-0.53032416,-1.0960399,-0.5948413,-0.7850899,-0.32077754,0.32933968,-0.8889596,0.2305263,1.2589393,0.19564275,-1.0731616,1.0356855,0.43100765,-1.2765303,-0.63391465,-0.0541542,-0.47728,1.0930932,-0.9915563,-0.29416996,-0.48324737,0.5524048,-0.29191908,0.4805808,-0.14796138,-0.82142043,-0.5987897,-0.094866544,-0.35477096,0.23103088,-1.427804,0.026688928,-1.6798809,-0.6776313,-0.68947697,-0.20882457,-1.2196766,-0.3799827,-0.6437106,-0.013114586,-0.42975032,-0.4984029,-1.2921575,-1.5231743,0.2187231,-0.41679648,-0.8367501
0.20981963,-0.18863924,-0.5390603,-0.41049019,-0.20070094,-0.40623528,-0.17273784,0.09102716,-0.25508064,1.9417455,-0.08484037,1.489842,0.3575866,-0.86239564,1.2983027,0.33671683,0.48795515,0.44766083,0.081863895,1.0241455,0.017824803,0.81732,1.1012664,1.411349,0.73614275,0.56133485,1.4157693,-0.18700393,1.501166,1.2194374,-0.7785788,0.23218992,0.3689061,1.1514343,0.70711935,0.8731379,-0.40203345,0.7736451,-0.031469088,-0.095706,-0.38907218,0.14502908,-0.85180473,0.0073112687,0.31993148,-0.8352114,-0.385328,0.3568185,-0.27112314,-0.5154085,-0.016547082,-0.013770894,-0.3574165,-0.4003332,-0.61100096,0.09540001,-0.036986634,-0.17166106,0.96081936,-0.20371057,-0.76554745,-0.20838118,-0.83557326,0.5665099,-0.13141926,1.1972805,-0.07710489,0.18066736,0.90312254,-0.10388375,-0.07134676,0.18509345,0.36266208,0.36981982,0.87255156,-0.39070877,0.53247607,0.39207777,-1.0238767,0.18538848,0.62963545,-0.5773155,0.5254525,-0.062207792,0.34825143,-1.0981599,0.86720634,1.2675245,1.0719591,-0.3872973,0.5808417,2.164507,0.6644987,-0.0873937,-1.4405746,1.3459336,1.0786127,1.8907492,0.8607093,-0.2331101
0.88668525,1.5639652,0.8678992,0.15222189,0.8976258,0.114573814,-0.4393609,0.6813007,0.98275197,0.17766532,-0.49250042,1.1067604,-0.75053144,0.45744935,-0.039787363,0.28514245,0.24464057,0.8348278,0.8672612,0.58809394,1.7712278,0.0810363,0.51976436,-0.22609586,0.4965972,0.8306327,1.5044683,1.4919182,1.8117737,0.7427008,0.046115212,-0.14152436,-0.4334969,-0.38378385,-0.55104053,0.20705935,0.8897693,-0.58680433,-1.3720244,-1.5314054,-1.7024021,0.8142882,-1.4040927,-0.09415012,0.6595095,-2.1130235,-0.37306854,-1.8733574,-0.17896618,-0.7769229,1.1771216,1.5572823,1.1880898,0.7349378,1.04497,1.7359697,0.32864615,0.79058087,0.28545377,-0.10734638,0.5757878,0.56717306,1.3718514,-0.45453155,0.56782335,0.5146316,-0.45706567,-0.19386782,0.78684425,0.29310864,2.6862626,0.021447498,1.1401954,-0.9628106,0.12729064,-0.56742734,2.373556,1.0259811,-0.16068456,1.8154947,0.97537047,-0.2303135,1.1869045,-0.95509154,1.4510803,-0.9592119,1.1535245,0.6288121,1.0498897,-1.8001038,1.515813,2.0032845,-1.2582963,-0.15411535,-0.62192416,0.35338014,-0.9529841,0.7508585,-0.31939018,-0.76834005
1.8329158,2.8794823,1.6969721,2.300074,1.9669652,1.5921643,1.6023304,1.9868189,1.7952968,-0.25840697,-0.24406175,-0.5114778,0.18750043,1.6617968,0.7864969,1.8022317,-0.68244064,1.7234694,0.35336837,1.1842703,3.0351248,-0.7871066,-0.18390708,0.13715921,0.12037071,1.8799872,0.71177584,1.9549512,2.7529058,0.40547165,-0.3797306,0.6007959,-1.6535968,-0.126518,-0.8380149,1.5000497,0.8532273,1.2117493,-0.76757103,-0.40164453,-0.31829306,1.3964616,-0.77011496,1.145399,1.1762615,-0.6150214,-1.0268148,-1.0297201,1.0311251,0.2427827,2.6562407,3.1377573,2.1253645,2.4334238,2.1509967,2.8041067,2.1361792,1.9481864,1.8128226,0.0033847902,1.3805225,-1.4695106,1.5969516,1.1498468,0.65090555,0.6492949,1.3829075,0.6770863,0.1779313,1.9208415,-0.9354263,1.0102724,1.3355768,0.71095675,0.97264886,0.70720226,2.4508407,1.262322,-0.34685045,1.6756498,0.23780122,-0.30524346,0.27781042,0.32206863,0.18054824,-0.13664912,1.4551358,0.8410788,1.85959,-0.120436,1.2152244,2.909543,0.40305287,1.1996498,0.33990452,1.9349977,0.30204508,1.789518,1.9946344,0.78294384
1.0833135,2.5346806,0.79157186,1.7561604,1.3657674,-0.19648595,0.6914567,1.6397972,-0.083181016,0.8558323,-0.15153572,0.56946677,1.3844573,1.2509798,-0.09607535,1.8180429,1.140839,2.540934,2.0127754,0.4339445,-0.17568374,1.4698247,2.0227134,-0.09336573,0.67166275,0.9587615,1.6204829,0.78163666,1.923541,-0.59961075,-1.2475713,-0.90803206,-0.31120363,-0.25579882,0.51440483,1.130863,-0.28313813,0.75935763,-1.5050024,-1.2487093,-1.2635802,0.73644143,-1.7518836,0.5055106,0.17960717,-1.9612923,-0.5510854,-0.23032475,0.4870917,-1.2106541,2.0505545,2.8372493,2.8578372,2.3518758,0.8190481,0.5532408,2.6924224,1.6428248,0.45536664,-0.9143215,-0.6140006,0.09334273,1.0305883,-0.86898935,0.31942153,-0.71294326,0.46122846,1.0278683,1.6072369,2.2931938,0.57283896,0.5004049,1.950521,-0.6961123,-0.009318858,-0.64370567,2.3606431,0.31294364,-1.6225699,1.8608934,-0.014984965,-0.7932956,1.4304479,-0.5840347,1.5190574,-1.6871066,0.93576694,1.8256766,1.6347917,-2.2034566,0.9790121,0.44841504,-1.1196744,-0.012803394,-1.433663,1.2511902,-2.205149,2.040176,1.0260924,-0.09860029
1.5267576,2.1117969,1.9377984,2.1937149,2.2405822,0.44311672,0.55672365,1.7200462,0.6050532,-0.8401333,-0.79839134,-0.3507374,1.3125124,0.99494886,-1.0178813,2.0379064,0.39257133,1.5208771,0.6684417,0.5335786,0.01770353,0.5740706,0.7893627,-0.1734944,0.2932063,0.70605963,0.6234804,0.923557,1.5295916,-0.059801303,-1.5887341,0.06387914,-0.042164806,0.75323206,-0.11013026,1.5915753,0.5932586,0.3122329,-1.2365057,-0.48315197,-0.6867283,-0.28765422,-1.1966625,-0.017232688,0.36129564,-1.0654087,-0.95746046,0.38513342,-0.0067174505,-0.9486497,1.5371698,2.8649344,1.2319647,3.0719957,1.8479644,1.1160661,2.3010535,1.5917133,0.78727424,-1.4807968,-0.33590156,0.49497685,1.0168656,0.15647459,0.8977212,-0.6364115,0.7777749,0.531279,1.2791669,1.5905575,0.51219666,0.18128799,0.8435585,-0.3820237,-0.37698245,0.43959296,1.6067059,0.3291808,-1.678398,0.1362272,-0.10555947,-0.23538144,0.8916089,-1.0531577,0.79641634,-1.107592,0.53545076,0.5125216,1.1360953,-1.3902692,0.47114936,1.4481064,-0.21428867,0.83884186,-0.8129319,-0.38649455,-1.1827356,0.81597435,0.6206874,-0.9196271
-1.5988798,-0.45586613,-0.4935425,-1.1049358,-0.3477149,-0.5807652,-0.79532915,-1.0632727,-0.026213476,-1.294841,-0.98135245,-0.5555557,-0.1785409,0.40942442,1.0627562,-0.69958097,-0.71748424,-2.0360894,-1.4002538,-0.93867844,0.36392662,-1.6958871,-2.3652096,-0.9629046,-1.5336632,-0.07621546,-0.7240616,0.11175466,-0.9637974,1.2241967,-1.0255126,-1.4536202,-0.044144727,-1.5350062,-1.918644,-0.810069,-0.88245714,-1.0120802,-0.34239766,-0.95765764,-0.9225911,-0.97414553,-0.6234083,-1.0253421,-1.6540822,0.19068071,-0.15958193,-1.4798449,-1.8694507,-0.8433415,-1.8093528,-0.36199918,-1.648455,-0.7385649,-0.14041738,-0.7568647,-1.6075964,-0.394175,-0.3742041,-0.87325263,-0.18754224,-0.4327845,-0.37250617,-1.5439333,0.5337376,1.4347594,-2.214296,-0.96227735,-1.362443,-2.272314,-1.0681415,-1.7139449,-1.1940529,-1.4002681,-0.48242468,-0.28556132,-1.7287228,-0.9283053,-1.2680707,-1.2097809,-0.57420254,-0.6352833,-1.9684335,-1.573729,0.05525714,-0.929019,-0.8758086,0.27503893,-1.3899688,-0.6290569,-1.2243555,-1.0873812,-0.25151837,0.3646367,0.071724355,-0.093639456,1.4344344,-2.1035783,-2.4239573,-0.6618383
-0.5533696,-1.76129,-1.062747,-1.6697303,-1.2713187,-1.1820928,-1.1538894,-1.778019,-0.46649018,-1.4853956,-0.8841059,-1.4432935,-2.4566927,-1.2428508,0.013509201,-1.5464066,-0.7598054,-1.224399,-1.3134626,-0.7786088,0.0024211914,-1.6429045,-2.1165485,-0.5970589,-1.0548096,-0.80847484,-2.3998477,-0.0054644793,-1.9959664,-0.09657094,-0.12512334,-0.8980649,0.13648745,-2.3186846,-1.2018597,-2.3820946,-0.6140188,-0.64163834,-0.84797186,-0.39634785,-0.10584217,-0.39777002,0.4350177,-0.3554898,-1.9682845,0.27173606,0.16049759,-1.8375225,-0.6853446,-0.15897337,-1.502161,-1.4638603,-2.1210952,-2.336812,-1.4772578,-1.5927649,-2.064706,-1.4282811,-0.731593,-0.7271378,-0.54138935,-1.9388204,-1.4292381,-1.503941,0.31479856,-0.09974399,-1.51707,-0.40146095,-1.3367097,-1.9030912,-0.5885949,-0.745515,-2.088867,-1.1803002,-0.22343718,-0.16856113,-0.40492347,0.053128615,-0.7166351,-0.845277,-1.3868122,-1.7311635,-2.1600676,-0.4145539,-0.9587146,0.98920715,-1.690894,-1.0574005,-2.4018283,-0.18454106,-1.1808261,-1.0475675,-1.0172666,1.2575634,0.06382574,-0.8061614,0.51571923,-1.7411339,-1.1716361,-0.7201374
-0.9162484,-2.3955274,-2.8509579,-2.299904,-2.5551088,-1.3239313,-0.5451014,-1.8249795,-1.7215458,0.045661796,0.9588857,-0.07217057,2.0046299,-1.5430399,0.03667552,-1.3635956,-0.50328237,-1.4515631,-0.26217678,0.4675318,-0.91323346,-1.3756458,0.61291134,0.41955867,0.016494596,-0.5122729,-0.7718684,-2.697087,-1.3805908,-0.01691044,-2.250951,-1.3277088,-2.1110663,-1.5263033,-0.5954567,-0.33437222,-1.3613843,-0.51171863,0.4842027,1.1320723,0.52385837,-1.2627901,-0.20408836,-0.32288054,-1.4948776,-0.5859727,-0.10691434,-1.2019023,-0.13223012,-0.21312958,-1.3723247,-2.7861874,-2.151563,-2.757849,-2.773939,-2.3329866,-2.174779,-2.1180756,-1.8398952,-0.5186119,-1.7371163,-1.5340872,-2.0865011,-1.8673023,-0.93665904,-0.88247466,0.23404072,-1.4650143,-1.8716272,-1.3903949,0.27340323,-0.6663357,-0.9469735,0.7655439,-1.2090211,-1.5033708,-1.1850432,-0.17655286,-1.3494868,-1.6522666,-1.1876279,-0.539865,-2.0012386,0.6808042,-0.39374617,0.84436095,-1.6420628,-1.2493957,-0.43078652,1.2677885,-2.2064729,-0.15398449,0.4246645,-0.035576373,0.35657868,0.47292066,0.8945097,-0.5811826,-0.646872,0.0064904494
0.99867034,-0.1605781,0.2773519,-0.49326953,-0.30336702,-0.0003317638,-0.09246204,-0.6222931,-0.7060816,-0.138241,-0.12596473,0.27139392,1.222482,1.2706832,1.6525562,0.1918119,0.4905546,-0.52249026,0.35665128,0.7526154,-0.16928604,0.8473652,0.19995062,1.5433944,0.9562017,1.205073,1.3126328,-0.7518425,0.6374524,0.71227694,0.13486527,1.0031672,2.7246459,0.4410304,0.24555252,-0.7228804,0.74642557,0.36639345,0.6301071,1.1478926,1.2979349,0.44916248,0.9588101,0.021199116,-0.021793962,0.8125431,-0.37628993,1.1071006,0.43883595,0.4309197,0.2888293,-0.9108828,-0.40659964,-1.0225292,-0.57267517,-0.18088193,-1.1471604,-1.7183235,-0.8897088,1.0157996,0.39723718,1.7499324,-1.5246905,-0.36149153,0.4140359,1.1753731,-0.25456432,0.3492255,0.063454635,-0.785858,0.9881911,-0.2584165,-0.60740066,0.42264274,0.8211806,0.827824,1.1228495,-0.07467351,-0.002419005,0.93671435,0.36026973,0.98572874,-0.31042075,0.87254,0.8415226,0.5959414,0.0012381185,1.0635872,0.20918995,1.5110992,0.6985832,-0.70642936,0.5991895,0.058839843,0.57149214,-0.07015786,0.42765918,0.75934577,0.110668704,0.27031752
0.9670952,-1.3632286,-1.2602688,-1.6682857,-1.7763945,-1.7875117,-1.7242873,-1.9126381,-1.8262949,-0.2177684,0.24367066,-0.7660111,-0.057937317,-0.6974653,0.59793395,-0.36504954,-0.081868306,-1.1443213,-0.12136147,0.5959432,-0.5738532,0.4615661,0.62846273,-0.6414213,-0.16346657,-0.7811043,0.46957505,-1.2822516,1.1648742,0.18135782,-1.3042165,-0.8155045,0.4269937,-0.6928961,0.72206956,-1.1721255,0.16906612,-0.3530157,0.111079715,-0.21715786,-0.23472244,-1.041485,-0.7158258,0.1468797,-1.4562582,-0.2277429,-0.58422405,1.3359632,0.24379505,-0.42052248,0.054774582,-1.3849666,-1.2937701,-1.7951623,-1.8169112,-1.0900807,-1.4291662,-2.4301014,-0.604219,0.2447015,0.040838063,0.99416715,-1.4626927,0.38227698,-0.39634797,0.0021956724,0.1813827,-1.2190737,-0.2665362,-0.751079,0.41705355,-0.4167337,-0.5218937,-0.2501903,0.27844837,-1.2672931,-0.66583997,-0.8478813,-2.0566049,-0.7044174,-0.031502463,-0.0501633,-1.6133618,0.5383426,-0.23525153,-0.14390573,-0.20174439,-1.2254851,-0.28021914,0.90623266,-0.7601163,-0.5341532,0.09363848,-0.39495143,-1.1281526,0.2702996,-0.066517174,-0.2178789,0.53962666,-0.38232017
1.2188605,-0.9019503,-0.7339545,-0.93155265,-1.0242767,0.0748029,-0.61883765,-0.6987185,-0.8028374,-0.3693779,0.17884743,0.66306424,-0.043201007,0.49638322,0.21008518,0.9328365,0.9071147,0.21636358,0.2520532,0.6599882,0.1035978,1.4393226,1.1873646,0.9934577,-0.56245685,0.01751946,0.44989562,1.2437228,1.2219586,-0.13513273,0.27802834,-0.03764368,1.0344319,2.131283,1.2898244,0.5263327,0.4500065,-0.88996637,-0.749343,-0.23227473,0.13635406,-0.63877296,-0.1900318,0.13410853,0.25681064,0.04631611,-0.045878455,2.2133543,0.61067075,0.6771005,0.11300034,-0.4954697,-0.42724496,-1.2347025,-0.71291906,-0.23026976,0.18505038,-0.91654074,-0.24866357,-0.08115031,-0.13340952,-0.38888612,-0.679861,0.2021387,-1.3704944,-0.07471404,0.664111,0.42158437,0.8321399,0.5830858,0.74570864,-0.006773334,0.21777666,-0.7830102,0.8398712,-0.20504291,0.6637319,-0.029726274,-1.1032413,-1.2214049,0.2809754,1.3289534,0.55035204,-0.22149433,-0.22867969,-1.6697572,0.7631794,-1.2238684,1.0114573,-0.29079252,-0.67045206,-1.3260654,-1.71256,-1.0702989,-1.8604789,-0.49756625,-1.6511675,1.7287214,1.4365362,0.29720718
-0.055670667,-1.6111653,-1.7330759,-2.235064,-1.0786034,-0.6985967,-1.1562966,-1.0473703,-1.5594347,1.0136582,-0.037016433,-0.5929752,0.23635545,-0.19078468,-0.9164702,-0.8972544,0.69198835,-0.37528956,-0.057136763,-0.015993608,-1.7192389,1.4432888,1.1513555,0.5942526,-0.22909737,-0.64239955,0.3057728,-0.3912561,-0.35450208,-0.010852587,-0.84084797,-0.3867197,-0.14986756,-0.53391474,1.3116547,-1.5661367,-1.4697124,-0.16973953,0.3042885,0.0473716,-0.0051122396,-1.222882,0.204971,0.70610124,-0.7361851,-0.1477416,0.965958,-0.081729606,0.5757978,-0.25769442,0.0044672685,-1.4660778,-0.9505062,-1.389248,-1.2275771,-1.042369,-0.30334893,-1.0899667,-1.0683208,-0.055517208,-0.7182221,-1.3385766,0.12028031,-1.3419667,-0.89441085,-1.2730742,-0.4925824,0.5113777,0.30179495,0.19814011,-0.58632547,-0.06342025,0.75563705,-1.1156031,-0.19885148,-1.4174858,-0.4445348,0.12517332,-1.8346498,-0.7638347,-0.35445657,-0.4176846,-0.3244339,0.6939806,-1.245861,-0.9138689,-1.5478462,-0.36311236,-1.0499644,0.36730823,-1.0052058,-0.7818737,-0.13900805,-1.549377,0.23045717,1.0940958,0.2669068,0.056522604,0.517323,-0.58179355
-1.2418889,-2.2404988,-2.008971,-2.9458547,-2.8513112,-2.305152,-1.9821551,-2.412041,-2.2213044,-1.6351165,-2.6742702,-1.7855365,-0.3405094,-0.022472618,1.7330335,-1.5675528,-0.5020145,-1.6432033,-0.39610574,-0.877225,-0.43077394,-0.43598005,-0.055731885,-1.4734707,-1.6737274,-0.715641,-0.6660445,-0.18108016,-0.5413931,-0.4709871,-2.679655,-2.0674033,-1.2935284,-1.2537895,-1.1255866,-1.833535,-1.4474725,-1.6882211,-1.8475693,-2.2047443,-1.7403375,-1.201056,-0.9761806,-2.101849,-3.2365363,-1.2143216,0.43234992,-1.207708,-2.2962034,-2.090767,-0.6308027,-1.6172427,-1.6849815,-3.064194,-2.9309986,-2.1916883,-2.318355,-2.4043221,-3.4670196,-2.2704592,-2.2694461,-2.3775759,-0.64732623,-2.8781927,0.38091826,2.1131904,-3.329766,0.15599012,0.2707072,-1.2703464,-0.55761564,-1.4398499,-0.20527984,-3.26482,-1.4646441,-2.2032678,0.012492046,0.38960823,-3.3254807,-2.6138165,-0.2782517,-1.4733762,-1.2675258,-2.0823922,-1.5986965,-1.318886,-2.208832,-1.0729547,-0.9244168,-1.7257551,-2.1977499,-2.0044658,-2.571884,-1.7083087,-0.50724965,-1.6537956,-0.19338663,-1.4897696,-2.2573876,-1.4760119
-1.6114551,-0.5025855,-0.83538437,-0.9080453,-0.35682434,0.19073658,-0.27614808,-0.22455782,0.7461514,2.0578098,1.28146,0.86940145,0.5930445,-0.60980827,0.4345111,-0.12812775,1.2884166,-0.37094188,0.18073328,-1.3602498,-0.7028338,0.9051516,0.2657018,0.6493331,0.5025989,0.59172106,-0.78839296,0.60930073,-0.7706845,0.0793419,0.64705193,-0.049491286,-0.4438196,1.1862509,0.53474426,0.059689354,0.4742736,-0.4746125,0.8165776,0.43436334,0.35861012,0.39233866,1.1063341,-0.22676854,0.22776684,0.7406294,0.43104598,0.4966966,-0.61217755,0.43344572,-0.7293419,-0.546343,-0.28270558,-0.18402861,-0.12443353,-0.099630125,0.3771809,1.0552547,1.658672,1.8175343,-0.12518433,2.020365,1.3353678,1.0323061,0.22175494,0.88617605,-0.013027328,1.8346406,1.544038,0.0973277,-1.1821152,0.4668595,-0.5395166,0.12969133,1.1499132,0.6370785,-0.3961915,-0.22433692,-0.47096696,-0.5384035,1.0600926,1.0296087,0.23752257,-0.6654093,0.22952056,-0.3110456,0.13890971,-0.45201632,-0.48651326,0.6195183,-0.052625116,-0.28826207,0.93467927,0.13542989,0.6353894,-0.31181923,0.5499638,-0.39096498,-1.0251402,-0.063774034
-0.18722588,-0.63901603,-0.02893353,-0.6452152,-0.2566371,0.5000841,-0.28753546,-0.09262889,0.07999177,-0.13356803,-1.3750819,-1.9982035,-0.19136485,-1.1126108,-1.8202103,-0.61963576,-1.1465571,-1.0408593,-1.2576796,-0.2354128,-1.2190113,-0.53385603,-0.71854776,-0.35232437,-2.3146172,-0.7402295,-0.6807722,-0.47128418,-1.3385962,-0.9792332,-0.38523582,-0.72223413,-0.6276326,-0.5482149,0.34663007,-0.42885393,-0.32643235,1.1979113,1.3474189,0.8098199,0.5939114,-0.15824105,1.4183711,-0.19409837,-0.8921906,0.8043322,1.0551002,-0.38741463,0.019956712,0.3608553,-1.0690545,-0.67174894,-1.4397404,-0.28997272,-0.34214842,-0.14220746,-0.43703058,0.48061353,-0.9410961,-0.31391647,-1.2098086,0.19567822,1.474062,-1.2317193,-0.3784466,-1.0935885,-0.9835354,-0.8874608,-0.70513856,-0.8137989,-1.2848167,-1.5478841,-1.5542316,-1.4831245,-1.291312,-0.38723207,-0.7597073,-1.091075,-1.2876858,-1.0312803,-1.3628714,-0.024683237,-1.4360758,-1.23618,-0.2082416,-0.23842955,-1.2110304,-0.1464386,-0.6206942,0.3263702,-1.7485181,-1.5656304,0.44337997,-0.16376488,0.4674203,-0.26558995,0.50832623,-0.66675377,-0.14105548,-0.175875
0.37820196,-1.5194216,-0.1358613,-1.3734087,-0.67315334,0.13244098,-0.12284234,-0.43717873,-0.39420167,1.5195478,1.1167184,-0.96638876,0.5636835,-1.0604064,-2.1366365,-0.6759231,0.028864432,-0.28432828,0.2767191,-0.49259716,-2.4684129,0.6220847,0.17807171,0.8130781,1.2877799,-2.3158052,0.5780038,-1.7035779,-1.1254761,-1.4132704,0.055445697,-0.57261163,-0.3099528,-0.8935237,1.3690795,-0.33697468,-1.5516498,1.501371,2.1581128,0.7033883,1.6356792,-2.4502053,1.822154,0.64157665,0.54783446,1.9186819,1.4792434,0.9646356,0.5974899,1.3773587,-0.37545937,-1.6663734,-1.479604,-1.1417398,-0.68045074,-0.7166029,0.2508111,-0.23779044,0.26980135,1.0633798,-2.5968025,-0.2984822,-1.7929107,0.06667811,-2.6538112,-2.5384188,0.11291035,-0.18984276,-0.28115055,-0.16687535,-1.760595,-1.9397506,-0.59746593,-0.47418827,-1.5801108,-1.7875376,-2.7935374,-2.2653937,-0.9734429,-1.7488891,-1.9565444,-0.4372914,-1.4806694,0.046260815,-2.0235605,-0.45863304,-1.7731067,0.1602302,-1.0958254,0.55851984,-1.5086269,-1.4559792,-0.22226335,-1.629233,-0.29259107,0.22140433,1.2235229,0.20614377,0.10729758,0.087379515
0.20900068,-0.5216986,0.44577587,-0.43052724,0.43768725,0.87696725,-0.543896,-0.5853422,0.3156171,1.1318786,-0.10245504,0.708118,0.8663848,1.441832,0.12507173,-0.55801326,-0.129639,-1.039179,-0.24027096,-0.74990165,-0.973462,0.18559952,-0.49834782,-0.6353602,0.3875628,-1.1973051,-0.3108305,0.0005996956,-0.81256294,-0.38304022,0.55583405,0.9171054,0.3108442,-0.5877226,0.48712412,-0.3434571,-0.18994431,0.81505054,0.49076524,-0.36547926,-0.052187245,-1.2516402,-0.09218307,1.3576525,0.71153784,0.6242405,0.5445152,0.20874016,0.9121046,1.1670738,-0.5251851,-0.432208,-0.051187694,0.13313887,0.4762611,0.4485151,-0.30857304,0.46958324,0.08451259,0.2495439,-0.06834794,1.0591766,0.70876044,0.23115973,-0.2307064,-0.77957016,-0.36818734,0.46483582,-0.10406259,-0.7748898,-1.285582,-0.58171916,0.23074159,-0.85223895,-0.50917107,-0.124467015,-0.1037585,-0.71117526,6.97325e-05,-0.8561485,-0.7057676,0.56744766,-0.15713856,0.08049387,-1.1754723,0.547172,0.17275348,-0.09810913,-0.6793819,-0.46039325,-0.8617706,-0.37448847,0.44137216,-0.17420433,-0.5341054,1.5170197,1.4221559,-0.5120609,0.072436124,0.68718624
-0.6324653,-0.7768098,-0.13459438,-1.4289185,-0.23502968,0.18412647,-0.68767077,-1.1948857,-0.15938637,-1.1034656,0.46210256,1.1282078,0.363895,-1.3048457,-1.3630722,-0.22130464,1.7930717,-0.93834686,0.7231137,0.0027212882,-0.2226507,1.0412703,1.3422223,1.0127765,-0.042117346,-0.49649304,-0.848042,0.26143894,-0.19623946,-0.3686412,0.577105,0.68474704,0.2127639,-0.04706534,0.30410656,-1.0760686,0.09348796,-0.048665576,-0.3029576,-0.003175458,0.3760462,-0.9310251,0.3767831,0.19693992,-0.11047853,-0.22553815,0.65944237,-0.28834438,0.12920237,0.28670824,-0.5510646,-1.2058324,-0.64929473,-1.3647449,-0.50208724,-0.1032033,-1.1217054,-0.4736492,-1.2280486,-0.1509962,0.3489669,-0.105231114,-0.6733719,-1.0406697,-0.3681344,-1.8146569,-0.3854202,1.4269103,0.73489475,-0.8195823,-0.7790107,0.79488987,-0.77740854,-0.48094422,0.8738914,0.30158216,-1.623575,-0.4515927,0.3848356,-0.87540996,0.57851946,1.4896153,-0.1338134,0.23326346,0.11122333,0.9989249,-0.28270543,-0.24108627,-1.4806553,0.96558213,-0.52617794,-0.5640532,0.37381893,-1.1297601,1.6901985,0.30428946,1.4843582,-1.0423508,-0.7383508,0.0644001
-1.6304955,-0.50302434,-0.95813614,-0.74722654,-0.09605516,-0.39989832,-1.06826,-1.4674296,-0.64368254,-1.0214204,0.5306904,0.6530166,-0.43485937,-2.0841486,-0.8092146,-1.8648788,0.717262,-1.5048532,0.94739765,-1.7834955,-0.5408389,0.122905724,-0.35123932,-0.123742834,-1.6546683,0.88014126,-0.8859191,0.6352135,-2.4787219,0.28750283,-0.002446542,-0.6535959,-0.4002533,-2.2101164,-1.301666,-2.4797318,-1.738454,-0.82406145,-0.9910911,-0.78942406,-1.3043191,-0.3708693,0.14108653,-0.5610963,-2.357141,-0.7775091,0.35045943,-1.7736607,-1.4670025,-1.5382273,-1.3389201,-0.91787946,-0.6958468,-0.5245408,-0.11999528,-0.5821474,-1.2641345,-0.72203535,-1.273659,0.6387415,2.0014455,-0.57993525,0.061990514,-2.0836802,0.18339512,-0.42387176,-1.3601758,2.515904,0.72408026,-0.89329153,-0.9089571,1.0305157,-0.17560636,-0.116451554,1.6031185,0.3718819,-1.0935314,0.10844852,-0.30874538,-0.30243945,0.76727146,-0.65722954,-0.13786289,-0.37585083,1.0304348,0.40382314,-2.092314,-0.63450795,-2.0645797,1.1571645,0.60008335,-1.7016088,1.2792695,0.6027833,1.9961078,-0.80146295,-0.50966483,-1.4239306,-2.0470266,-2.0998697
-2.11111,-1.1448718,-1.2039257,-0.6068393,-0.66467446,-1.2432989,-1.5521686,-1.528081,-0.94416493,-1.3151863,-1.1520163,-0.6040468,-0.18968599,-1.1434318,-2.0858054,-1.1988937,0.6385401,-1.9759554,-0.33571744,-1.9262407,-1.0804666,-0.90813595,-2.5782244,-0.66531694,-1.5531257,-0.69722384,-3.1934793,-0.24447607,-1.718557,-1.1923386,-1.2135527,-1.6293259,-1.625633,-1.5285648,-1.7835894,-2.1438863,-1.4253285,-1.3969291,-0.7558109,-1.2347622,-1.4721278,-1.2374253,-1.0437706,0.64634544,-2.0408294,-0.40374857,-0.43866885,-0.55112284,-0.7034351,-0.34153315,-1.9682176,-1.3667961,-1.1158684,-0.016097555,-0.30287638,-0.7680826,-1.1151146,-0.66925013,-0.17830856,-2.0840466,0.74002206,-0.47869727,-0.060060196,-0.34759176,1.0369655,-0.8485865,-1.3380659,1.0179708,0.894937,-1.1797869,-2.6923392,-0.22984467,-2.06179,-1.4727244,0.35263523,0.054715876,-0.8720432,-1.069522,-1.1155659,-1.2519376,0.17877215,0.35096174,-0.95836353,-0.24161407,-0.22407295,-0.53528357,-1.9028916,0.01649669,-2.0250742,-0.18587884,-0.46907052,-0.85267615,0.22404246,-0.47145662,1.238919,0.2139027,0.78617305,-0.81316155,-1.2774504,-1.264463
-1.6960229,-0.9424198,-0.53022224,-0.8843648,-0.25330186,-0.27351257,-1.0181676,-1.2348474,-0.10702587,-0.85817593,-1.3276596,-1.5677488,-0.85969067,-0.5803941,-1.354525,-1.152137,-0.72054255,-1.7822387,-1.6959348,-1.680881,-1.9433933,-0.51226306,-1.878598,-1.9738925,-0.7749385,-1.2152799,-1.8907818,0.2126217,-0.8887475,-1.672847,-0.2705142,-1.2980728,-0.380432,-0.7579543,-0.8140034,-1.4357729,1.2826098,-1.1587906,-0.45281732,-1.99736,-0.71845335,-1.5094516,0.062337477,0.80543065,-1.1637655,0.38683623,0.066677004,-0.0766735,-0.2604301,-0.040338226,-1.9222,-1.07214,-1.5678097,-0.21031927,-0.06982898,-0.24289185,-1.2370373,-0.37762758,-0.16894367,-1.8050468,-0.48235232,0.6932388,-0.88087904,-0.010252877,-0.5109288,-0.82758075,-2.1974733,-0.48493516,-1.1223599,-1.6027298,-1.3471825,-2.5053408,-2.3772898,-2.4535515,-1.1979336,-0.9222557,-2.046569,-1.716806,-1.506242,-1.9551575,-1.5904301,0.99851364,-0.96291894,-1.1118062,-2.2238479,-1.7007358,-0.071699984,-1.4142042,-1.3077846,-1.8387113,-1.9469146,-1.1088166,-1.1798412,-0.10978426,-0.66877097,0.20106585,-0.16683386,-0.69062185,-0.51989836,-0.15933463
-0.3349318,-0.25460878,-0.20119075,-0.83142567,-0.0067614825,0.1637352,-0.015089988,0.069537856,0.6310555,-0.13892852,0.3910624,-1.1337903,-0.2774195,-0.015818527,0.26623437,-0.16706847,0.9970196,-0.24269402,-0.26219076,-1.7949483,-1.1089951,1.3040887,-0.7360651,0.68664,-0.23614174,-0.9224381,0.04772415,0.4707828,-0.78526336,-1.8310329,1.1361958,0.47041637,1.3428293,1.5243875,1.3983788,-0.33603522,0.14556517,0.41796026,0.7279334,0.5754373,0.7157873,-0.058207266,0.47736916,0.09823507,0.34287718,1.3568813,0.680009,1.2937756,-0.046680763,-0.32810318,-1.870748,-0.5233573,-1.5576982,-0.0880631,0.0638904,-0.42559955,-0.90363216,0.9165036,0.04027391,0.63304985,-1.9074146,0.7022568,-0.1990912,0.77237594,-0.43108988,0.5110876,-1.9470669,-0.6404582,0.4143116,-0.79448307,-2.1736538,-1.0789016,-1.1000452,-2.4801452,-0.80834794,-1.8647069,-0.9625051,-1.184972,-0.4971526,-1.1690236,-0.48927748,0.14085664,0.2597967,-0.345274,-0.5068788,-1.7934792,-0.8553563,-0.5787379,-1.04881,-1.7235101,-2.201741,-0.9225107,-1.8141991,-1.6648635,-2.5210252,-1.3753973,0.35717905,-0.055093214,-1.1111734,-0.88739294
-0.032641184,0.26433015,0.97255075,-0.22094242,0.7891094,0.7630638,0.7850484,0.16158246,1.1083791,0.5440647,0.80215967,-0.49938083,0.41125193,-0.31399912,1.2198354,0.19874914,-0.3609505,-0.31322262,-0.48425975,-1.0911988,-0.46675816,-0.0824494,0.02774761,0.113716446,0.32483932,-1.1671288,-0.5605817,-0.0066631394,0.30208924,-0.04750452,0.57212704,0.41948336,-0.26067325,0.3175922,-0.5952133,-0.49965733,-0.26788878,-0.5014736,-0.16346759,1.0287594,0.64169997,-0.3525011,1.0059165,0.06100782,-0.6381048,0.90352756,0.46766463,0.3073852,0.5568236,0.006720029,-0.5316254,-0.07588611,-0.4344441,0.15084511,0.8645428,0.6114208,-0.7845917,0.34795308,0.39601055,2.4871922,0.6969981,0.5129285,1.0895236,1.2530086,-0.41620368,1.2632229,-1.68187,-0.34451672,-0.75135577,-0.7903985,-0.42721736,-0.5248215,-0.15564758,-1.2001427,-0.17137837,0.6828232,-0.95932126,0.09021529,-0.8661075,-1.1979023,0.23721416,1.0227847,0.45164484,0.5476233,-1.280712,0.07850565,0.15653424,0.45664173,-0.82788867,-0.21625833,0.567228,0.15306348,-0.7473763,1.4648658,1.2637836,-0.47440344,1.8139559,-1.1557304,-0.4632069,-0.3242504
0.79010564,0.8480408,1.0304174,0.15221512,1.0734097,1.2687099,0.45778865,0.81874824,1.9022999,0.5423738,0.3834191,1.1078397,-1.5525984,0.8294233,0.2486557,0.40428454,0.8536114,0.70824325,0.6823793,1.3645627,0.42599094,0.016158743,0.8736482,0.9874777,0.7417937,1.0361903,0.9468183,0.8043673,0.1418929,1.5563627,-0.63013643,-0.0053946087,0.4205296,-0.28577724,-1.6740787,1.5013837,-0.5532969,-1.1029087,-1.4640734,-0.009156739,-0.8781913,-0.4727724,-0.23761493,-1.8196352,-0.6650038,-1.607429,-1.7652053,-1.6564848,-0.34831548,-0.7523693,-0.43208972,1.537963,-0.48439553,0.73704225,1.3543682,2.220073,1.3200772,1.7226053,0.6088378,0.51854,0.033644486,-1.5279381,1.7882601,1.1845824,1.9249698,0.947088,-0.5234766,1.2024183,0.84793025,0.9209776,0.40754068,0.81030434,1.4155923,-0.47790936,2.2826138,1.5886676,1.7786103,1.2792594,-0.80979896,-0.88009727,1.124916,0.5709988,2.0156684,-1.2914665,1.2266498,-0.4886416,0.52564704,-0.5621646,1.0547961,0.56296533,-1.023775,-0.78860915,-0.6568054,-0.3876321,0.8571933,-1.694787,0.22739832,-0.7093525,-0.41951206,-0.14441884
-0.95786244,-0.30728054,-0.1562659,-0.19853273,-0.646732,-0.80626047,-0.52858675,-0.43065616,0.018013641,-0.7362911,-0.7188555,-0.1943688,-0.59951425,-1.5497754,-1.0099239,-0.18561451,0.3875998,-0.24394314,-0.47739115,0.6471702,-0.33592618,0.3771293,-0.47980675,0.85836667,-0.28177375,-0.3364236,-0.32954812,-0.42717558,-0.10566547,-1.6942905,-0.3493489,-0.78058094,0.5194934,0.40722907,-0.24319668,0.16841754,0.16880958,-0.22432524,-0.6239119,-0.6585337,-0.21356009,-0.6416662,-0.54865545,-1.4070708,-1.237736,-0.84023464,-0.7932972,-0.7826684,-1.3199675,-0.4269497,-1.4116719,0.06212674,-1.199033,-0.079833746,-0.6669634,-0.7964637,-0.7185337,-0.010105943,-0.038469,-2.033739,-0.7967895,-1.0811627,-0.6676587,-1.6754084,-1.2897676,-0.46837193,-0.8677579,-0.54075176,1.0431718,-0.26212958,-0.9495222,0.4843597,-0.49735782,-0.5121666,-0.54747224,-0.1750578,-0.39095816,-0.058289193,0.42815775,-0.65393466,1.2767389,-0.10213443,0.31467694,-1.1009709,-0.24810566,-0.36589298,0.21834254,0.9162694,0.46883273,0.08513067,-0.4912884,-0.6518621,-0.5061081,0.73893404,0.049029972,-0.8265034,0.28394955,-0.10551889,-1.0121866,0.20041518
-1.4434541,-0.5172241,-0.90490586,-1.1427723,-0.5541576,-0.987024,-0.8507913,-0.7759439,-0.33284476,-1.0032237,-1.3107362,-0.83420193,-0.95287883,-1.4935464,-0.19897325,-0.54575604,0.21473151,-1.1235272,0.22535312,-0.28085408,0.73453754,0.23536551,-0.09318689,0.4692406,-0.2181418,-0.5009828,-1.1646559,-0.020324718,0.038431875,0.42336735,0.09587099,-0.723902,1.0451889,0.2560699,-0.9312887,-0.23092048,0.078956775,0.24469224,-0.027034342,-0.29310068,-0.44763038,-0.6902211,-0.008950638,-1.1809967,-1.2552043,-0.4352982,-0.41181424,-0.8239415,-1.1008726,-0.41944763,-0.5129124,-1.0818102,-0.8224922,-0.92513174,-0.8295938,-0.68629956,-0.9834006,-0.37442833,-1.1777316,-1.216904,-0.47863853,1.4656597,-0.27876076,-1.407067,-0.26105422,-0.31796628,-1.1208954,0.94118077,0.37693194,-0.114278555,-0.46326053,0.9812409,-0.35249522,-0.63022035,0.2720949,0.563927,-0.26257402,-1.205656,-0.14612857,-0.013722994,1.6541234,0.57803446,-0.27602988,-0.6527123,0.17998734,-0.14145593,-0.21987998,0.45286828,-0.8645734,0.114969864,-0.29937774,0.017806495,0.15860586,0.1957131,2.0710979,-0.93875384,0.32068765,-1.0929055,-0.6103926,-0.66035694
-1.7210913,-1.3349122,-1.2697116,-1.8843025,-1.5336369,-1.5533605,-1.07758,-1.5617367,-1.2058384,-0.36813682,-0.59430265,-0.7713278,-0.3728671,-2.44039,-0.8991017,-0.8149961,0.86133385,-1.6089115,-0.30875126,-0.75966585,-1.313551,0.5360788,-0.7398639,-0.23772436,0.18727763,-0.043954927,-1.3619589,-0.21741092,-1.4320172,-2.0793715,-0.370641,0.1152963,-0.19642662,-0.17139149,1.3544458,-1.6494458,0.29441166,0.44961837,0.98666614,-0.32644355,0.14900886,-0.8896186,0.7207403,0.368769,-1.1640507,0.51504683,1.4605951,1.0958886,-1.4678549,0.04206381,-0.65931106,-1.721057,-0.44472986,-1.3645072,-1.1959375,-1.3894913,-1.521933,-1.6852944,-0.49213547,-0.97450876,0.19606997,0.70054585,0.9057791,0.2399253,-1.1811701,-1.1369439,-0.6102066,1.5394936,2.2573502,-0.78538954,-1.3042513,0.94269747,-0.8947022,-0.72203165,0.33363417,0.12555653,-0.7693599,-0.87534165,-0.7562682,-1.0667334,1.6610496,0.68069947,-0.87289244,0.6947258,-0.70681393,1.0960618,-0.04938471,0.80518323,-1.7681898,1.1233655,-0.26502088,-0.14326891,0.29345635,0.30270365,1.084539,0.041694816,0.7336376,-0.087709375,-1.800605,-0.38469094
-1.1624521,-1.1887972,-0.4774476,-1.0309699,-1.2999291,-0.6097878,-0.60422695,-1.3249527,-1.1875051,0.86561203,-0.7053735,-1.4662753,-2.5691164,0.15670027,-0.1864607,-0.37484965,-0.75850224,-1.1660452,0.2593829,-0.34938604,-0.5436817,-0.4866175,-0.8848525,-0.69295794,-1.2389642,-0.6326695,-0.8050576,-0.7911576,-0.6979101,-0.5418689,-0.49098605,0.078179434,0.14926402,-0.23965871,-0.7414343,-0.48863915,-0.24340081,-0.6717992,0.1959617,-0.45139173,-0.38498148,-0.0657072,-0.20526549,-0.64362574,-1.5634203,0.54698646,-0.23932189,0.061632898,-0.46009868,0.1804662,-2.5717888,-1.824381,-2.1882174,-1.6347508,-1.4301288,-1.4709896,-1.6508806,-0.9053853,0.079708874,-0.6891873,-0.42104104,0.9698524,0.6745997,-1.6271116,-1.1092147,-0.49224055,-1.4566951,-1.187242,-0.069666795,-1.7998068,-0.9712658,-0.9928557,-2.3252778,-0.7306721,-0.7997507,-0.82859755,-0.99013346,-0.5536861,-1.0906049,-0.7727142,-0.19891827,0.845986,-0.18577446,-0.304931,-0.31206146,0.10263303,0.03611573,-0.6781936,-1.2258321,0.13429703,-0.6186366,-1.4702,-0.22516276,-0.6238181,-0.013067129,-1.8613769,0.6371126,-1.4166173,-1.8799837,0.17956725
-0.9518148,-0.5292155,-1.2921194,-1.0521989,-1.472102,-1.7714138,-0.9936336,-1.5010499,-1.4072351,-0.823151,0.813611,-0.36077407,-0.52803695,-0.36094493,0.23193112,-0.48616835,-0.2643346,-1.7504337,-1.1980153,-1.9043518,-2.2628586,-0.7144141,-1.1162933,-0.84903157,-0.4469117,-1.445055,-1.4606799,-2.3881345,-1.7230818,-1.0395793,-0.3054834,-0.30968627,-0.55043936,-0.58595234,0.38180172,-1.2224482,-1.0046718,-0.84256536,-0.9502842,-0.74192494,-1.1659921,-1.3871499,-0.95127374,-0.95661926,-1.5316099,-0.5271228,0.005002418,0.1168795,-1.3560379,-0.61118805,-2.2778516,-1.6234448,-1.776749,-0.6652588,-1.5101243,-2.1013107,-1.9018207,-1.2403919,-1.2539285,-1.695624,-1.8710554,-0.3810709,-1.8903565,-2.2312849,-2.1971798,-0.23136628,-2.3148103,-1.858878,-0.7320942,-1.5322632,-2.441209,-1.3425181,-1.7592926,-2.0294633,-1.6937162,-2.3556163,-2.1753626,-1.4912248,-0.9736005,-2.5465422,-1.2132174,-0.7312586,-1.9062496,-0.91841584,-1.9295555,0.2609375,-1.0050293,-1.7041566,-1.1680769,-0.7168637,-2.9102936,-2.5400038,-1.3808043,-1.9899703,-0.76071584,-0.33732152,-0.983651,-0.90490556,-1.923737,-1.1488787
-0.09635233,-0.31159845,-0.38247752,-0.21950637,-0.24695696,-0.09689272,-0.22997339,-0.7511256,-0.67562413,-1.1178813,-2.1106615,-2.3222384,-0.87635,-0.1251869,-0.7894427,-0.37390962,-0.6599394,-1.0948927,-2.0143669,-0.12438905,-1.4074001,-0.3423571,0.3050565,-1.0830643,-1.367046,-1.7019691,-0.65432644,-0.6667467,-0.23170733,-1.1666032,0.4013976,-0.26729384,0.7310349,-0.408011,0.72100055,-0.6936217,-0.3182144,-0.060615286,0.21499977,0.121076524,0.5750711,0.3624562,0.32853094,0.17644638,-0.16669722,0.62377965,0.659323,0.37688038,1.0804027,0.59503156,-1.4933128,-0.7797331,-1.5472962,-0.05296763,-0.36853388,-1.2550522,-1.2756737,-0.8896257,-1.1024255,-2.1760266,-0.8027903,-2.5116553,-1.7762556,-0.92315394,0.9281669,-0.3318044,-1.0645198,-0.68457484,-0.8057893,-1.4305482,-0.1746465,-2.0656872,-0.5811479,-1.4624217,-1.9881332,-1.6476929,-1.0267512,-0.9195526,-0.34460324,-1.0236598,-0.42180994,0.6354745,-0.6731337,-0.5828035,-1.1563524,-0.74207985,-1.3379364,-0.5593346,-1.0468432,0.41266784,-1.1362021,-1.2403381,-0.67409575,0.3683041,-1.1191257,0.52772814,-0.41808075,-0.80734164,0.14546378,-0.122147955
-0.19775936,-0.58172405,-0.59368217,-0.6437962,-0.727295,0.117222674,-0.4171104,-0.8671733,-0.6071883,0.36802372,0.28721204,-0.26390544,1.8472028,-1.2145784,-1.7569139,-1.346342,-0.50676763,-1.5219321,-1.003467,-0.44673517,-2.127943,0.308513,0.36320606,-0.6420495,-0.007941068,-1.147523,-1.6614777,-1.3066398,-0.75446093,0.1678332,-0.726929,1.11581,-0.5567278,-1.1098992,0.44539148,-0.48960963,0.2993531,0.59117156,1.5241041,0.52282107,0.7905135,0.80360186,0.85192025,1.5028677,-0.58118135,0.6396475,0.92652863,0.54535466,0.702645,1.1204377,-1.2291788,-0.861318,-1.1454418,-0.5509911,-0.6153488,-0.8281005,-1.345798,-0.9020718,-1.4909656,-0.7117065,-1.6511793,-0.18558961,-1.2614622,-1.7887545,-2.0336692,-0.80429924,-1.2525408,-1.3923055,-1.296695,-0.6886784,0.07680117,-1.0170486,-0.18255709,-0.64437586,-2.0851355,-1.492672,-0.9317898,0.2601212,-0.012130706,0.275083,-0.79241985,0.8395107,-0.2113135,0.97538066,-0.8434653,1.98476,-0.5792624,-0.036257587,0.04788824,0.47206888,-0.60900927,-1.3363346,0.11110645,0.018638432,0.51265323,1.5551144,0.14512762,-1.4173383,-0.0779575,1.0267518
-0.23696238,1.6832635,1.4632729,0.7212252,1.6389717,1.0864786,0.46919212,0.84904367,0.8918693,0.09412305,-0.48316333,1.0818325,-0.35272843,0.2967052,0.51904124,0.17213051,-0.07197241,-0.0255726,-0.37735808,1.1906902,-0.45483595,-0.07464468,0.806755,0.6872348,-0.4120569,1.2362746,0.5110474,0.4436933,0.30663937,2.3352304,-0.44113284,-0.15830375,-0.41782236,-0.06477786,-0.53146845,1.4570166,1.1373575,-0.2584958,-0.81091696,-0.8453344,-0.8187396,0.8104999,-0.6951078,0.16363743,-0.51695186,-1.5817178,-0.76464355,-1.2207813,0.6021328,-0.097481154,0.25319105,1.3145651,1.2628907,1.4540942,0.9220384,1.6939276,0.53782976,0.93718576,-1.4225298,-0.30266753,0.82250875,-2.0007772,0.8986177,-0.8222908,0.45933247,0.06882134,0.03295737,0.506744,-0.25754336,0.6422534,1.4070976,-0.18490635,0.9834743,0.01118119,0.7636845,0.5895597,0.98486847,1.3748729,0.04934069,-1.110835,-0.10371156,-0.3018008,1.4785883,-0.3946795,0.74239206,-0.52711654,0.29742205,0.26750585,1.1360306,0.57813495,0.23093498,0.8633119,-0.8363237,1.2003549,-0.08797811,1.3113341,-1.3494166,-0.22246736,0.6180107,0.72087467
0.23994227,2.3614872,1.1485155,1.8691316,2.795207,1.1515143,0.6539939,1.7313366,0.8367202,-0.6517466,0.17702657,1.2943654,-0.81025577,0.74081624,-0.4156584,0.66799325,0.09362526,1.0955201,0.6772892,0.32392904,0.9916965,0.00417119,0.117644176,0.019808972,0.6015428,1.5402482,0.7037428,0.8292847,0.9179228,1.0881549,-0.13734208,0.16337746,-1.3181376,-0.16132294,-0.9102327,1.078485,-0.6153642,-0.9638872,-0.9247634,-0.5920713,-1.3794949,0.12412242,-1.1525185,-0.81734693,-0.25544348,-1.2419459,-1.291564,-2.501833,-0.21163164,-0.9713763,0.6448262,1.4692757,1.5541732,2.399877,2.153525,1.4908115,2.2972462,1.5454334,-0.3338303,0.08144504,1.1225978,-1.4334959,1.4962287,0.57805884,1.0927325,-0.29697236,0.30092475,1.5896721,1.1686555,1.6746056,0.40400526,-0.16784202,0.99323833,-0.5050248,1.2747544,-0.18066646,1.3078368,2.0214171,0.0376086,0.50046015,-0.2963427,0.54244596,1.0862786,-0.53239554,1.0253452,-0.20254867,0.7839467,1.066002,1.4256161,-0.59854364,0.7000373,-0.17779239,-0.8799524,-0.5422725,-0.6180244,0.21458991,-0.24164392,-0.5955258,-0.03256634,-0.47720712
0.6105988,2.0009534,1.7015866,1.2684593,2.2960513,1.5139889,0.598886,1.6133964,2.0848706,-0.591374,0.4761116,0.8886379,1.174855,-0.6002413,0.03509788,1.0870506,2.459813,0.96981835,2.6771386,0.10085322,-0.58960253,1.86888,1.5498238,1.0444872,1.5790434,1.8957059,1.081505,0.38100445,-0.20374095,0.08403229,0.21614686,0.64885485,0.9652064,1.3138688,0.38087428,0.3249661,-0.682588,-0.51260155,0.25403905,0.19068149,-0.23028041,1.1205472,0.8269166,-0.085195616,0.599925,-0.6375921,0.7260629,0.21569456,-0.62476724,-0.8988145,1.268033,1.8215059,0.9489231,2.2780488,2.4756863,1.6104649,1.1756727,2.445269,-0.53128624,-0.08901692,0.5367866,-0.33500376,0.17350067,-0.72933793,2.084677,0.7243718,-0.97927004,3.1141355,2.0044775,0.9814787,-0.17618659,2.115789,2.419014,-1.3935618,1.7386394,1.0924664,0.74827826,0.93240833,0.5288471,0.052325673,1.2545642,0.40762326,1.8238766,-0.6666818,0.20875135,0.13058163,-0.31086662,0.9214319,0.15028441,1.0660931,0.58983237,0.46394685,-0.9804841,1.0391676,1.5312659,-0.21751446,-0.6587097,0.79285634,-0.41880164,-0.68335724
0.8163919,0.5800084,-0.61232764,1.578761,0.5553675,-0.6600638,1.1799282,0.77249485,-1.0751048,0.17514637,1.163748,-0.44360885,1.5625075,0.6424185,0.2536432,1.0840634,-0.32400936,0.9164036,-0.0772656,0.23162816,-0.20489445,1.5324813,1.4197357,0.66767025,1.2979194,0.23650019,1.5337865,0.6680019,1.4005938,1.2744596,-0.18508142,0.54315585,0.54948133,1.4080843,0.9663051,0.5340053,-0.2469408,0.50993437,1.0064304,1.2335768,0.68933445,0.71366936,-0.037744574,0.7352732,1.6287827,0.3466217,0.87276655,0.56750035,-0.02395644,0.79110515,2.192541,1.3878334,2.6264186,1.4618906,-0.18446457,-0.39561084,1.003942,-1.0222621,-0.6343327,0.00903943,-0.11452992,1.2413869,-0.7252816,2.1200352,1.1235707,1.0777632,1.6391269,1.2854646,0.4462112,1.3484347,1.3643373,2.345594,1.8021334,1.0261391,0.34741387,0.5657427,0.3602999,0.6865783,0.38102233,2.3172538,1.4875288,0.20192887,1.9944384,1.6289878,0.31839824,1.2343647,0.621721,1.1019549,1.145537,1.3209502,1.4937031,2.2999012,1.0997875,1.1476514,1.5914792,0.9416971,1.0575194,0.3424404,0.871781,1.1985399
0.07290957,-0.3014105,-0.5262842,2.1333232,0.25173384,-0.35815838,1.5633396,0.4056643,-1.4485836,1.2338065,0.34661186,-0.08041282,1.2852466,0.28123948,1.8190124,0.9494604,-0.96916753,0.96343154,-0.81423545,0.7291392,-0.32875055,0.11393176,1.3626703,-0.25245783,0.7016959,0.013376406,2.125948,0.46980006,1.0133103,0.8276972,-0.2432324,0.2846982,-0.81667846,-0.46470496,0.55998564,-0.098994024,-0.9269053,0.79030204,0.28459612,1.1362618,0.6227675,0.17252865,-0.41836995,1.0238987,1.462773,0.72961235,0.27469227,0.023097038,0.5334031,0.9573709,0.68179333,0.26823127,2.2801816,1.0448875,-0.86370003,-0.8751876,0.77142197,-0.9031025,-0.14345987,-0.05693531,-0.5064574,0.03709169,0.7770563,-0.0143408105,1.3344011,1.0599939,1.6982586,0.3321235,0.31297195,1.90952,0.78279907,0.6973892,1.8112863,1.8047018,-0.5576132,-0.27068043,0.5020951,1.2353258,0.41527092,0.726267,-0.04701423,-0.36120126,0.317088,1.4090711,1.1286186,1.117919,-0.6575697,0.33471072,0.7896872,0.6482491,1.6405505,1.9259448,1.7631506,-0.7622673,0.29622754,0.91762936,1.5709505,-0.4713634,0.55597305,1.0899677
-0.66393197,-0.4552887,-1.1432538,1.3909489,-0.022390965,-1.0568454,0.69750077,0.19087113,-1.5257952,0.18206653,0.4813387,1.2956631,1.1388658,0.6105739,-0.20097794,0.6018074,-0.813709,0.24581149,-0.32732514,-0.84339553,-0.9908457,0.2708475,0.24648762,-0.3062488,0.6164872,1.1075296,-0.058827005,-0.6847404,-0.53648454,0.33545303,-1.3208367,-0.16000018,0.024534315,-1.2065874,-0.21768314,-0.9851609,-0.52153546,-0.7394937,0.44141766,0.32833284,-0.123270825,-0.2587895,-0.7452513,0.8448507,1.0940886,-0.28493094,-0.045973077,-0.7372045,0.019515606,0.15899564,-0.4493458,-0.46490067,1.0082253,0.6173834,-1.1735672,-1.3224698,0.058045357,-1.295574,-0.73301536,-0.19585253,-0.17256624,-0.3826493,1.2748367,-0.61856717,-0.71123654,0.09276192,0.5609171,0.22664036,0.0466399,0.6644108,-0.83809847,0.93113285,1.5634503,1.1108942,0.2868233,-0.8410839,0.5931874,1.4236294,0.029338093,0.2372632,-0.379419,0.13647434,1.3234047,0.61551726,-0.046027016,0.872188,-0.9969247,0.106313094,0.5099642,0.17523344,0.26549312,0.39125162,0.23247273,-0.6454839,0.09067989,1.6942484,0.09837454,0.77570516,0.47814563,0.9721633
1.272973,1.0280128,0.13826625,1.8349509,-0.1905083,-0.59666324,1.1017729,0.21581778,-1.0905225,-0.2462974,1.044536,0.9986211,-0.17491254,0.6070179,-0.17734502,1.4786276,-0.5665033,0.8226974,-0.2918234,1.4819318,-0.4576004,0.36460575,0.17729698,-0.32754183,1.0135255,1.0636165,0.69983697,0.20419322,0.7073823,1.0837533,-0.53515244,1.22169,-1.0229806,-0.27186412,0.45609146,-0.5832733,-0.7897139,0.002008147,-0.43148613,-0.055270314,-0.2666128,-0.19249398,-1.3166144,-0.15485024,-0.61736935,-0.77439135,0.08035273,-0.008242351,0.57541454,0.037946515,1.3690989,1.1217421,2.8021953,0.9922525,-0.057570443,-0.9558822,0.9463172,-1.1288296,-0.20817073,0.2744413,0.23830305,-0.61574227,1.622467,0.5530632,-0.36179513,0.1641598,2.0351431,0.10947662,0.7594865,2.0655928,0.021539161,1.8609143,2.1142259,1.4084245,0.13916183,1.0660104,0.097089194,1.0835544,0.2507655,1.446866,0.40855622,0.25914153,0.42383707,1.53365,1.799859,0.3299071,-0.23481031,0.56316084,0.94394445,0.099227,1.6666737,1.2521355,0.3209321,-0.07586815,1.507244,-0.29010287,-0.66075754,1.5977185,0.45222646,0.15017428
-0.66025805,0.28451723,-0.2267587,1.3824545,-0.043634932,-0.8436128,0.5124046,0.8749453,-0.6076225,-1.0864733,0.65790725,-0.09819707,1.0743686,0.77718717,1.0203289,0.5882772,0.6638823,1.7648796,-0.24848212,0.7851223,-0.7713204,1.3318962,0.6981757,0.20915969,0.8079877,-0.2735402,-0.2692816,-0.0138363475,1.4509104,0.2805711,-0.10896704,0.04849905,-0.64511836,0.69822025,0.44616157,0.7311758,-0.22344275,-0.7680773,-1.3063397,-0.019345444,-0.15691993,0.10789147,-0.2594776,-0.6095693,-0.30338687,-0.2042647,0.025795743,0.23630515,-0.42922604,-0.57661426,2.4803746,1.6520882,2.6227949,1.9182388,0.118845284,0.17969307,2.0454447,0.062819056,-0.57397467,-0.14261357,-0.63686854,0.3340048,0.83195835,-0.10572532,0.2780736,0.38542807,1.82018,1.1865788,1.6317725,2.7517874,0.4133159,1.7853935,1.2279071,1.3406813,0.61902666,0.13993047,1.6786243,0.8061459,0.35706618,1.4521203,0.7620325,-0.7526727,0.2145836,1.0745201,1.1346799,0.9021429,0.5134586,0.9898773,2.2943733,0.051509786,1.154118,0.9466305,0.10930787,0.16575415,2.340011,-0.042367276,0.14040123,1.3911266,-0.1904884,0.25676668
-0.935744,-0.45162594,-0.66744125,1.3194333,-0.27604973,-0.9949311,0.9699997,0.34171408,-0.88965636,0.3513141,1.3398789,-0.13637102,1.3018211,1.6355119,0.50088525,-0.083442725,-0.59452826,0.10358308,-1.0313169,-0.66843027,-0.13477209,0.5219999,-0.7632976,0.30077228,1.0629203,-0.062491376,0.35724935,1.0459048,1.2955679,-0.8498371,0.24219984,0.92730683,0.40997374,-0.45726442,0.46641073,0.29153037,1.3314478,1.2689664,0.7117913,0.9570041,0.69839185,1.3060578,0.30817452,0.62952036,0.17735286,0.9677796,1.1262286,-0.8550328,0.26430154,0.35712004,1.8771777,0.15384807,2.8537416,0.8941257,-0.7171548,-0.032352276,0.8452223,-0.6674447,0.05349056,0.32037744,0.012359493,1.1722565,0.04707802,0.8780307,0.73481864,0.5101638,1.8722273,0.060323752,-0.23724619,1.2465277,-0.27004302,1.609084,0.5638596,1.7752286,0.19125056,0.014269022,1.6580567,1.2239869,1.551128,1.995871,0.14386863,0.15760684,-0.4789212,3.0676196,0.3149726,1.2434207,1.7384169,0.7774791,0.4731386,1.135312,1.010235,2.1870534,1.8530705,0.4281273,2.0858657,1.3413751,1.7343322,0.51034963,0.5050539,0.57781583
0.083126895,-0.33592623,-0.2734368,0.8821275,0.041646384,-0.3933768,0.68144333,0.31028447,-0.3686244,-0.4134359,0.4780873,0.15076193,0.57812154,0.381688,0.281977,-0.26350865,-0.89381945,-0.34184188,-0.47219932,-2.0979824,-1.4503928,-0.16920817,-0.1934269,0.11476601,-0.38779244,-0.8688741,0.15341945,0.03725241,-0.02851141,0.64870054,1.1958339,1.0751312,-0.35165414,0.71615154,0.4789099,-0.46997145,0.69854045,1.6434091,1.8555452,1.2601597,1.0980645,-0.14851922,1.525537,1.2265694,0.25597972,1.3793839,1.8963455,1.0981799,0.333856,0.3835611,0.41257876,-0.28664753,0.45875326,0.49840292,-0.618742,-0.008134961,-0.16507117,-0.15879698,-0.65807325,0.27322164,-0.8910024,0.42059034,-0.6062209,0.8916081,-1.8443835,0.16829632,0.674627,-1.1679727,-0.95958006,-0.06318841,-1.269941,0.17877677,-0.4151668,1.5015928,-0.7420659,-0.909141,-1.2387788,-0.16731426,0.022742752,1.3070935,-0.7834945,0.50367737,0.52059937,2.968338,-0.36008272,2.0526922,0.50376797,0.92402166,-0.49231905,0.31908795,0.21559307,1.7620622,1.2141029,1.2480469,1.5708883,1.0564988,1.3596555,-0.52830434,0.53632224,0.73068833
-0.0025221077,-0.28202727,0.026582714,0.3684037,0.17585693,0.16583471,0.10767243,0.38637537,-0.10030427,0.4507169,1.1355093,-1.3097612,-0.3159502,0.41740978,-0.11817554,-0.017399924,-0.6904524,0.30577275,-0.7833392,-0.58726686,-0.81853944,0.2587051,-0.17402853,0.24429542,-0.990959,0.49116832,0.12151939,-0.9297125,-0.5682936,0.02610497,-0.4070611,0.25318626,-0.12288052,0.5035734,0.07246796,-0.090001285,0.45525512,0.43640846,0.5681265,-0.16586463,0.20772581,0.08169507,-0.32199043,-0.02631997,-0.30382276,-0.09429528,-0.16332966,-0.21311149,-0.43264595,-0.16598104,0.8691801,-0.22062817,0.27602068,0.38870415,-0.55432373,-0.35950756,0.26082674,-0.4472935,-0.50716573,-1.2348965,-0.87557226,-0.82380825,-0.80885226,-0.5028812,-1.867848,-0.55252105,0.24211103,-0.82589096,-0.030226491,-0.34622583,-1.0288961,-0.41249785,0.118782036,0.030113487,-1.1066898,-0.92740655,-0.54084903,-0.02785498,0.09860116,-0.22172864,-0.38185164,0.19927743,0.6470519,0.9888134,0.041427575,0.1312747,0.26301008,-0.99853396,-0.076682396,-0.008393738,0.58203363,1.5455576,0.17716183,-0.3944568,-0.1988523,0.49183747,0.58860403,-1.2372475,0.5235114,0.1715102
0.6499307,0.62845266,0.66117346,-0.3038053,0.43392336,1.0921409,0.16367713,0.73721313,1.2635119,-0.66631305,-0.0059701237,-0.5929851,0.38323885,-0.8474027,-0.5569457,0.2858171,0.07791082,0.14302357,0.07654387,0.16938277,0.15289459,-0.55025584,-0.2070361,0.14995807,0.06370144,-0.32647246,0.09505143,-0.5136781,0.14737998,-1.2833862,-0.10040436,-0.19162312,0.12302831,0.8752899,-0.73007315,1.3507837,-0.52471864,0.2674607,0.07350007,-0.39973953,-0.19220857,-0.21569245,-0.8825766,-0.198664,1.0214807,-0.52174896,-1.0830001,0.07891505,0.56680673,-0.013337523,0.45304134,0.52518296,0.09768275,0.3363789,0.79403746,0.97523826,0.43217978,0.894936,0.045128923,-0.45367032,-0.41834268,0.7913581,-1.3319473,-0.0031014772,-0.23970748,-0.55493444,0.20026752,0.23766188,0.7457097,0.31574833,-0.5093629,0.31803843,0.027303994,-0.014922224,-0.35251805,0.12901911,0.7058318,0.06508328,0.38143843,0.175441,0.23077491,0.081842154,0.3015783,-0.37323138,-0.5902067,-0.98100746,0.22142608,-0.2591123,0.9676495,0.14841707,0.27601334,0.43331486,-0.15733483,-0.5959811,0.08643167,0.44946826,-0.2841925,0.16305813,0.7306346,0.01331919
-1.0040921,-0.05978552,0.8063434,-1.0281959,0.69979036,0.96971035,-0.28198105,0.6596445,1.3393564,0.18834467,-1.016635,1.3809749,-0.68468744,-0.19118488,0.21922204,-0.8486937,1.1806303,0.34026676,0.6049416,-0.14822045,0.41127113,1.082334,0.57827556,0.22663696,0.7047497,0.1454958,-0.19751038,1.5258617,-0.021256771,-0.22286233,0.531372,0.5876187,-0.12671061,0.9832205,-0.095389605,0.3323361,0.41852155,0.08064454,-0.20165968,-0.5476032,-0.1495744,0.10981535,-0.25154567,-0.20820898,0.6871267,-0.31010967,-0.015349275,0.13864927,-0.4076545,0.1860084,0.082563266,0.36269557,-0.37242466,0.25644892,1.7496634,1.4443946,0.12659265,1.92965,0.19445081,0.6265217,0.81754977,-0.19469193,0.87573147,-0.5473336,1.4123359,0.1991009,-1.0076247,0.9564873,1.419647,0.33535263,0.9231956,0.34122494,-0.4167757,-1.3623089,0.8170539,0.31668377,0.7233823,0.18507518,0.018269945,0.49443242,1.5899022,1.1182197,1.985537,-0.96946937,-0.28727064,-0.08861393,-0.12311489,-0.37560147,0.94913965,0.29395115,-0.115113154,0.015256588,-1.1063721,-0.84426457,0.6363791,-0.77968735,-0.34474453,0.9168155,-0.45118073,0.19008958
-0.32026657,0.60177606,0.69802475,0.16165115,0.82489145,0.6261442,0.13057989,1.1804744,1.5127679,-0.6148843,-0.8690141,-0.6127074,0.32886276,0.54876983,0.009760729,0.32152095,0.8635089,0.96102434,0.8526284,-0.8202053,0.091515616,0.7835597,1.0867283,-0.19427235,-0.3388795,-0.20377384,0.056902878,0.24560753,0.28657728,-0.6406596,1.2178851,-0.68438697,-0.26953244,1.6996634,0.8038841,0.9181723,-0.766968,-0.5378253,-0.9128175,-0.7415708,-0.13448545,-0.7067187,-0.54819393,-1.6699834,0.86754036,-0.48823977,-0.11775751,0.89498836,0.0024101043,-0.4613604,0.20194238,0.3191567,-0.4106153,0.4033542,1.2734405,0.3713362,0.7724745,2.021524,-1.3365817,-0.1752238,-1.1200438,-0.8581857,1.065094,0.2617349,0.5937447,0.13209395,-0.9424869,0.5358138,0.6616466,0.931472,0.50533617,-0.580129,-0.030757466,-1.509653,0.4204257,0.08662987,-0.40219882,0.68379307,0.89366186,-1.4344552,0.39544895,-0.36992022,0.40102667,-1.5583147,0.26432344,-1.2465101,-0.93546426,0.17405877,0.28602692,-1.2902297,-1.2223282,-0.21589135,-1.456876,-0.17590016,-2.3619606,-1.240931,-1.6598929,0.33056465,-0.39314526,-0.7747076
-1.1704932,-0.45852432,-0.99664384,-0.6365416,-0.5136503,-1.1210839,-1.5034394,-0.47301313,-0.5371093,-0.8308077,-0.4984809,-1.4127307,-0.3525276,-1.211025,-0.96534127,-1.6994451,-0.8196304,-0.9051499,-1.0009921,-0.8426903,-1.7817193,-0.34483925,-0.43662986,-0.8573798,-0.7921935,-1.6136097,-0.1798,-0.499453,-0.012554821,-0.623985,-0.41592625,-1.6115643,-1.7279443,0.10675515,-0.124606624,-0.79627144,-0.47177526,-0.29897058,-0.29335302,-0.82913786,-0.5147127,-0.78003436,0.49155444,-0.19936238,-0.6170883,0.12827855,1.1396655,-0.36574838,-0.7510266,-0.6733392,-0.923056,-0.63459396,-1.0991749,0.184173,-0.6739612,-0.621888,-0.2555962,-0.24893449,-0.80656874,-1.5046626,-1.9293338,-0.5530972,0.03281039,-0.2309555,-1.8582457,-1.1157526,-0.68210876,-1.0776592,0.304133,-0.24199574,-1.2737473,-0.7562186,-0.1156876,-0.8505863,-1.2220737,-1.8364526,-0.7670511,0.078602396,-0.55260533,-1.1000278,-0.691163,-0.4253,-1.1916882,-0.7555834,-0.9896016,-0.058592483,-1.2149203,-0.22114842,-0.061184615,0.7165757,-1.5795012,-1.1557401,-0.34238017,-1.6560651,-0.15104973,-0.20148714,-0.5417189,-1.5870345,-0.5507867,-0.4749549
0.6678703,0.115636796,-0.050682932,-0.8683696,-0.5224405,0.19248252,0.20421198,0.16202863,0.11046702,-0.959197,-0.4056508,-1.2963475,0.072629154,-0.02760247,-0.31032968,0.023342319,0.6181349,0.56996065,0.57817113,0.5098197,-0.4637432,1.3932494,1.9966224,0.50183195,0.37461948,-0.41034302,1.044104,-1.58728,-0.60548174,-0.47674552,-0.28555432,-0.5858101,0.4094277,0.029639598,1.0691671,0.3586141,-1.0938905,-0.1377784,-0.27809924,0.14442047,-0.20481515,-0.019144217,0.009456442,-0.2955957,0.0169738,-0.496428,0.6283083,0.52528757,0.31887406,-0.27823126,1.4343635,-0.03333455,0.20932187,-0.98209083,0.08229354,0.13851279,0.13965271,0.15201217,-0.9921973,0.18521172,-0.86613977,-0.8650695,-0.89360553,-0.14960098,-0.81974417,-0.5116829,0.38460073,0.27932423,0.09897399,0.8713657,0.62119544,0.82619804,1.6926364,-0.15888152,0.1543702,-0.64719224,-0.7149916,0.37705815,-0.50379217,-0.48561323,0.7506207,-1.296544,-0.2864814,-0.61655605,-0.35407808,-0.5283152,-1.102648,-1.4915056,0.013975563,-0.015457672,-0.4575914,0.680943,-0.89591706,-0.1704374,-0.38809168,-0.51109797,-1.6132898,0.9304899,0.35101658,-0.34909958
1.2867109,1.3221818,0.66493756,-0.0059952643,0.700269,0.36199602,0.23116367,1.096182,0.00042135155,-0.26973298,-0.80793154,-0.9154289,-0.23410907,-0.27066508,-1.0838319,1.1082317,0.8291927,1.7785152,0.8068597,1.8719434,-0.034064125,1.0455437,2.3896163,0.17683212,0.25737557,0.27184364,0.33059677,0.47905385,0.4449203,0.0939201,-0.5966399,-0.23089452,1.1091801,1.1370715,1.5383325,0.697879,-0.81869227,-0.46520475,-1.5403688,-0.25192603,-0.58227384,-0.58574426,-0.49611485,-0.19221449,0.027353004,-1.8211606,-0.5247481,1.4477959,1.5174028,-0.6044563,2.0780406,1.3941144,-0.07096888,-0.03264558,0.16627319,0.60245895,1.211671,0.5335395,0.26294342,0.012478846,0.36718222,0.105633736,-0.5098937,-0.6917218,-1.5731045,-1.568993,0.111313485,-0.47188202,0.53610164,0.9151065,0.8916913,0.39285445,0.603981,-1.1311792,-0.5203301,-0.08453053,0.6897285,-1.1066161,-1.0850818,0.61640966,-0.05555473,-0.64458203,0.47604236,-1.1635641,0.32092032,-1.1178043,0.5854835,-0.0032535132,0.66202104,-1.4430795,0.6574834,-0.22525686,-1.8085347,0.100349925,0.016453497,-0.25618052,-1.7848579,1.8664463,1.9687401,-0.42395568
0.9994903,2.495973,2.0255578,1.3774093,1.1618109,0.9046517,1.3685521,2.5412822,1.6340561,-1.0858289,-0.98191047,-0.753342,-0.89627045,0.23870987,-0.5814717,2.56668,1.7133647,2.6210456,1.4826813,0.95409197,0.19594821,1.9534674,1.8606955,0.5565195,1.3943586,0.549027,1.2257973,1.4661982,0.5647876,-0.7992486,0.004141283,0.28379446,1.5010238,2.3304107,1.1781709,1.8090488,-0.45484543,-0.691651,-0.91343725,-0.123082645,0.06730015,0.0125850085,-0.38370252,-0.62084657,0.80954075,-1.0358912,-0.23065335,1.3170674,0.034824256,-1.05111,1.78085,2.4803176,1.8440211,1.7282423,1.927416,1.5526425,2.9929192,2.3388147,-0.18025981,-1.1475365,-0.7214856,-1.2566007,0.2054687,0.56398773,0.6701418,-0.8448838,0.5640858,1.737268,1.7639072,2.424936,0.13785554,1.6817907,1.6702185,-1.4498886,0.2972295,0.39696532,0.902772,0.13838351,-0.10505923,-0.6273769,0.38459158,-0.5156417,0.9286228,-1.3149617,1.0862886,-1.2848341,-0.44377497,0.19419554,1.0337156,-1.6021917,0.95055395,0.18143943,-2.1129112,-0.75888276,-1.2076106,-0.596169,-1.9425843,2.273602,0.21903247,-0.8762117
-1.0451243,0.6897325,-0.8278185,1.6710807,1.1701354,0.11739356,2.053054,2.673419,2.631552,1.7551277,3.2148883,1.9744318,4.4268155,3.0873637,2.5517697,1.7030369,3.1785355,2.5989265,2.0379572,1.131738,-1.6949266,3.9629426,4.0316052,4.377748,3.1470196,0.30084845,3.368005,1.422261,1.8031716,1.9180149,1.3342508,1.1584208,2.8398714,4.4657435,3.6014497,3.098626,0.3230195,0.43075612,1.2985038,3.3423047,3.0437953,0.5741167,2.1328204,0.29588935,3.3019278,2.6372166,3.0479136,2.666968,-0.5510672,1.6115706,-1.585257,0.88242567,0.4952888,1.7428026,0.3496152,0.46147022,2.984657,2.825216,-0.74004495,0.9045777,-2.4004288,-1.6521839,-0.3552705,1.531271,-0.6481641,2.5463455,1.0914868,1.2971108,1.7806305,2.1804066,-0.08233045,1.8134453,2.5339236,0.95261997,0.87739706,-1.1019258,1.3285686,3.180077,1.0224259,-1.5209808,0.82638377,0.59335077,3.6361575,1.8195289,1.9273008,1.759811,0.60970473,1.7633444,2.640375,1.9349352,-1.4011556,-0.60832006,-0.60688907,-1.2215225,-0.03472382,0.4452513,2.4710479,0.3912612,-0.1075258,2.6409738
0.6021887,1.4265038,1.4716697,0.75866634,1.5250165,1.6421796,0.5606769,0.4818818,0.85234535,0.3802649,0.076040685,-0.33670762,-0.55433047,-0.84108806,-1.2684879,-0.38241875,-1.596346,-0.78399485,-1.2410033,-1.1112807,-0.12441733,-1.7420121,-1.4640902,-1.4901332,-0.41707698,-1.03409,-1.0443155,-1.222602,-1.5241498,-0.4293803,-0.072311565,0.25782,-2.0030053,-2.3708496,-1.4254038,-0.9298383,0.12347749,0.31834722,0.20113629,-0.554188,-0.060206514,-0.6668179,-0.37710395,1.4008164,-0.18465237,-0.2619235,-0.8918777,-1.148334,1.2635438,0.4067641,0.7578998,0.70108867,-0.27910414,0.84616995,1.4793576,1.3433118,-0.47433543,0.41656256,0.28255785,-0.39848217,0.14624235,0.64489895,-0.32566872,-0.24714896,-0.5403144,-0.7535196,-0.9920386,-0.86073273,-1.9657761,-1.3508286,-0.031310868,-1.1659986,-0.49195215,-0.55155516,-0.76957494,-0.35275793,-1.0821115,-0.94479096,0.32274818,0.7032504,-1.6329436,-0.22280873,-0.22654885,-0.018125977,-0.60044223,-0.055427928,0.029816817,0.17801754,-1.1830523,-0.8913836,0.20154607,0.7654445,0.17377746,0.6737301,0.41482276,1.3493232,-0.16639294,-0.81607884,0.27471828,-0.03928978
-1.0823534,-1.1900163,-0.87902826,-0.35052037,0.2587586,0.7560025,0.23421557,-0.48068064,-0.24398217,2.333788,2.0933144,1.4242855,0.5249532,-0.56693965,0.5614281,-0.6132796,1.0268426,-0.99285096,0.3625804,-0.70867693,-1.1641902,0.5013058,-0.6272962,1.5777279,-0.18995474,0.31040445,-0.7330449,-1.19352,-1.153243,-0.35385272,0.3253855,-0.5357811,0.50497335,0.40182295,-0.19841526,-1.1079869,-1.154364,-0.71436477,0.8214205,1.9704462,1.0298842,-1.4795805,0.34257427,0.29024607,-0.03158054,0.74193275,-0.7526922,-0.18503794,0.14287272,0.46961063,-1.7446847,-2.3155599,-1.6599452,-1.2531257,-0.5912115,-1.1206696,-1.5333105,-0.9718634,0.5751921,1.6987077,0.10097533,-0.2608403,-3.4178724,-0.46887815,-0.11707107,0.9534426,-0.92423075,0.083937705,-0.18972729,-1.8722029,-0.56561035,-0.408944,-0.605422,-0.5061699,0.2739754,-0.7226439,-1.2007893,-0.5264382,1.0468137,0.3270919,-0.9923191,-0.16409746,0.49503684,0.83101994,-1.3653934,-0.3469256,-1.1533103,-1.2497727,-1.6482583,-0.42365426,-0.56044465,-1.2936887,-0.2813003,-1.9546142,-0.67724967,-0.44942406,0.27753544,-0.12211806,-0.66737473,-0.46405897
0.56899303,-1.4865069,-0.3325759,-0.75542086,-0.58781594,-0.64734656,-0.9177213,-2.0242317,-1.6210562,0.8044713,0.9068851,-0.013972217,-0.7805135,-2.1937072,0.5387626,-1.1549846,0.25632507,-1.8670225,0.6226101,-0.07943552,1.6900456,-0.20355862,-0.827643,0.26441556,-0.11822217,0.06635938,-0.008964124,-0.25877485,-0.19079992,-0.4663362,1.7405713,1.5189584,1.0534034,-0.4234914,0.043640327,-1.7927699,1.4766695,1.5637017,1.6539866,0.124796875,0.8058223,-0.0856147,1.3678555,0.93929124,0.28663668,0.58901286,1.02099,0.09911592,0.5439078,0.5040056,0.91948795,-2.0497663,-0.885675,-1.6779593,-1.0466572,-1.0465007,-2.6668305,-2.3714209,1.0203733,1.7431961,1.3258902,0.85417306,-0.62108487,-0.3039637,0.71393764,0.24656989,-1.040661,-0.4149689,-0.77916944,-2.6752932,1.3684207,-0.18584627,-0.7117959,-0.25272152,0.21887815,0.77434784,-0.907489,-0.9211328,1.0738634,0.9794407,-0.10004668,1.1067321,-0.6716086,0.73198307,-1.1207299,1.1944453,0.5395608,0.15855035,-2.173412,-0.16026855,1.860973,0.72334605,1.3999401,0.18335989,1.7288264,-0.063208915,0.18489634,-0.2642138,-0.6594861,-0.16321364
0.0823686,-0.77597624,-0.67275757,0.079685785,-0.73744726,-0.38740873,0.23913574,-0.54796755,-0.80899477,-0.9306047,-0.47468257,-0.2129342,0.12132775,-0.48410198,-1.2733511,-0.41946,-0.780976,-0.4002142,-1.0706764,-0.26394576,-0.9867364,-0.8630099,-0.44369775,-0.21408497,-0.89242405,-0.6499694,-0.059139777,-0.40906158,-0.19487676,-0.05352166,2.0834944,0.78166354,-0.30049667,0.35901183,-0.010062256,-0.32705113,1.1866329,0.21194625,0.2610991,0.47142214,1.12898,0.26541778,0.49580336,0.5801905,0.4363802,0.9054066,0.99003804,0.25445762,0.46626896,1.3824444,-0.6613372,-0.8339113,0.23295736,-0.6572314,-0.9943965,-0.93427473,-0.6772965,-1.4629667,-0.6999795,0.19099423,0.4288967,0.42661113,-1.328214,-0.011736492,-2.2645557,-0.5837084,0.5718082,-0.92876863,-1.3193566,-0.7782443,-0.37186942,-0.046565365,-0.93802917,1.5109977,-1.0941058,-0.2292812,-0.3541254,-0.8059246,1.9184797,0.8163234,0.23376031,0.50832635,-0.65712947,1.6308761,-0.10233086,1.5044029,1.2235855,0.4272661,-0.42383686,0.07124239,0.3808706,-0.1270642,0.7271107,-0.38483325,0.9940228,0.47857058,1.5039436,-0.2518405,0.2537516,1.2025068
-0.70980734,-1.0332032,-1.701007,0.7934366,-1.1864742,-1.9055691,0.0031232436,-0.9832607,-1.9018022,0.055745248,-0.78604144,0.08812164,0.19124182,0.119888745,-0.15992105,-1.220025,-1.8205671,-0.9437555,-1.8908097,0.5935919,0.37165058,-1.4480317,-1.7246807,-1.3592042,-0.42132595,-1.1462959,-1.2024035,-0.034222882,-1.0213583,1.6066798,0.27540994,-1.1783576,-1.1424512,-1.3178619,-0.8779083,-0.20019843,0.9681672,-0.14872693,0.19892909,-0.37403488,0.038543567,-0.40079334,-0.7745973,0.7150952,-0.74463123,0.16710202,0.38301995,-0.26203564,-0.40738493,1.1788256,-0.53743935,0.0548172,1.0331038,0.24675302,-1.4407064,-1.3884854,-0.4129035,-1.8153181,0.31051955,-1.0445963,-0.46628183,-0.25833473,0.27970266,0.6421549,0.44784576,-0.4302288,1.0869308,-1.7056712,-1.8511775,-0.6029185,0.007946647,-0.31822973,-0.07316247,1.0298369,-0.96502775,-0.2355714,-0.84544325,-0.25579277,1.0468861,0.36889702,-1.8561133,-0.95267856,-0.835394,1.3176055,1.431592,1.0860566,-0.40337774,-0.71709013,-0.25791696,0.9687194,-0.5467389,-0.5315959,1.1945858,1.2393485,-0.16846384,0.75224304,0.61086684,-1.7941037,-1.1452923,1.3526663
-1.1768297,-0.4566576,-0.9972639,-0.26925778,-0.24520004,-0.7283397,-0.5733212,-0.9052094,-0.9993731,-0.4663243,0.54187787,0.29487613,0.6469578,-1.1515442,0.122377425,-0.70218,0.38354373,-1.2778012,-0.67489904,-1.9994246,-0.7851716,0.4068837,-0.87282616,1.0468998,-0.77487904,-0.9208418,-0.9215772,-1.4410622,-0.10365625,-0.643384,1.0938668,-0.38295248,-0.06396572,-0.6669863,-0.052249305,-0.9700772,-0.0698527,-0.81333274,0.19936521,0.6360759,0.38905546,0.09096577,0.36039183,0.0723241,-0.03741907,0.5993034,0.062091697,-0.5626205,0.14230724,-0.40522414,-1.2477106,-1.2487817,-0.33039904,-0.33806726,-0.44520554,-0.5969589,-1.110991,-1.0972681,-1.5973989,0.68717116,0.7391164,0.52465284,-1.8496661,-0.44710425,1.3589134,0.046721827,-0.52006865,0.93707156,-0.9595509,-1.0870348,0.03955249,0.04772702,-0.43660066,-0.2397611,0.35748982,-0.14330906,-1.5930104,-0.50571465,0.7860216,-0.24704887,-0.21252377,-0.51479495,-1.0442555,0.72949046,-0.017350785,0.84241056,-0.06570128,-0.17068736,-1.1248721,0.5787718,-0.23079684,-0.75158674,-0.15679535,-0.005818723,-0.4747884,-0.10521324,0.74381274,-1.2389141,-0.8784737,-0.40082452
0.3618196,-0.872829,-1.0160831,0.22668517,-1.3354812,-1.8834409,-0.25878158,-0.5716283,-1.3272914,-1.2191464,0.24663496,0.040121853,-0.06118266,-1.4632465,-0.5121182,0.16408697,0.2779035,0.60891354,0.46276265,0.25820124,0.62738454,0.027300816,0.21741977,-0.704582,0.40613014,-0.6301136,-0.6584857,-0.14849901,-0.31368268,-0.49732783,-0.13351841,-0.20531438,-0.5848049,-0.06442537,-0.5367304,-0.18531081,-1.3487498,-1.1279726,-0.54436547,-0.044523187,-0.69312316,-0.8229302,-0.8346036,-1.065605,-0.23909532,-0.5658054,-0.3014391,-1.00336,-0.7292245,-0.630348,1.2321919,0.06157652,1.11602,0.061548155,-0.8282674,-1.2720841,0.020397725,-1.4287201,-0.8761386,0.5528799,0.11900356,-1.0876837,0.3100911,1.2283489,0.49029982,-0.6486208,0.6487186,0.5134611,0.74384546,0.7395751,1.2192445,1.0459749,0.66364,0.80768335,0.52292705,0.29982656,-0.77684647,0.48522866,1.2216672,0.72332925,1.3448162,0.069037184,-0.0595847,1.2530547,-0.27333996,0.28177217,-0.13945682,-0.45624098,0.07774416,0.6992222,0.62920785,-0.12222075,0.19729532,1.1740426,0.054332994,-0.45516068,-0.7608822,-0.6612498,-0.8021984,-0.43328422
0.24426037,-0.12317349,0.41341367,1.3890138,-0.46539173,-0.49933136,0.43998584,0.25606418,-0.7151178,0.19899671,-0.28740156,-0.7236611,1.3108603,1.2194788,0.040958293,0.95681536,-1.1909573,0.42094746,-0.5531832,0.39652607,-0.28993064,-0.32570982,0.17516886,-0.43436125,1.9184971,0.68578017,0.47585002,-0.98331916,-0.49311244,1.172608,0.38022906,1.3810532,-0.07764663,-1.3201524,0.1868014,0.5912094,-0.19881888,-0.2884339,0.0247018,-0.004349668,-0.28888896,0.9358624,0.11118812,-0.17606701,1.2336642,0.97496796,0.2984972,-0.7955407,-0.4104844,0.0021067816,1.1432161,0.7574859,2.360801,0.2966768,-0.03646864,0.16391079,1.9373363,-0.30496356,0.14388125,1.8398638,0.04430494,0.96690553,-0.04643767,1.2309161,0.051868055,0.2327992,2.2867334,-0.87978834,-0.97804624,1.3225083,1.3332968,1.1836051,0.5805196,2.537102,0.027315125,0.99654156,0.101666376,0.25160247,1.6349691,1.5298035,0.6000493,-0.030565055,-1.3286536,2.2322292,0.8276174,1.1322492,0.54819113,0.0889392,1.0472071,0.83552647,0.66828984,1.0760299,1.8454425,0.051129427,1.6308641,0.045108948,0.8650377,-0.15979709,0.94084084,1.2367994
1.3346311,0.7776181,1.110758,1.2541636,0.7812441,0.5673708,1.3869183,1.2236722,1.1382302,0.14746356,0.41939747,-0.062080037,-1.2316433,0.33759066,0.60112077,1.2151765,-0.5181784,1.220381,1.4739931,2.0617585,1.1788495,0.13257925,1.0374223,-0.026377704,0.8413514,-0.0043590344,0.7299241,0.26516533,1.1146789,0.68355525,0.19957404,-0.0363757,1.2997814,1.0931474,-0.27211094,2.142728,0.76134706,0.4412889,0.08681067,1.1104006,0.8369445,1.8599107,-0.37891802,-0.14829242,1.5750113,-0.25586236,-0.08091054,0.32823068,0.9057964,0.86035603,0.19762371,0.5974622,0.5112572,0.8511797,0.37551865,0.6322668,0.27455634,0.49805474,-0.138856,0.622811,-0.6755923,-1.5315938,-0.3273306,0.7464699,1.0713117,-0.2316188,1.1405241,-0.7849241,-0.8557863,0.76302844,1.3205577,0.25517222,1.0725772,1.4468344,-0.56996685,0.755688,0.5929597,0.5558224,1.5195903,0.74705446,0.03936088,1.0047852,1.3264161,0.27581376,-0.2094779,1.1914979,1.3365034,0.47228262,2.2968304,0.62016994,1.2494501,1.9268537,0.7528733,1.1148386,-0.43123883,0.62631553,-0.8788083,-0.034308694,1.2784832,1.4989531
0.69226277,0.9940484,1.1657673,0.61598235,1.2951331,1.6111705,1.2332454,1.1515408,1.2570858,0.95781237,2.0200741,2.413372,1.6411246,0.9759279,1.1787322,1.2682778,0.44318765,0.85805106,-0.7734546,1.1612995,1.6923676,-0.3834903,0.23971973,1.1668856,0.116059236,1.2599857,1.3167763,0.1600792,0.09390523,1.2282511,0.46032614,-0.9042737,0.621365,1.3010393,0.16633661,2.619882,-0.37491912,-0.04337555,0.3695769,1.3045919,0.45144728,0.1374939,-0.32704085,-0.09477106,0.7910171,0.22818826,-1.0086721,0.53791505,1.391114,0.7892912,0.63594264,0.83084536,0.2773579,0.29804605,0.84506774,0.76264215,0.72070897,0.6142847,1.9037678,1.5844495,0.7709699,1.3775923,0.20790072,1.0674348,1.7615074,1.0526426,1.7894195,-0.1389258,-0.15371001,0.43695998,1.1716225,0.3133264,0.6281075,2.113925,1.1313415,0.93910575,0.6519374,0.44000328,0.8163157,-0.08651717,0.0023591986,-0.5928486,1.8303392,-0.24904242,0.8381845,0.32322145,0.9672511,1.4206564,1.5245298,0.3153369,0.5217871,1.2867395,1.1784511,0.51889443,-0.021717118,-0.5248862,0.5925511,0.9476527,1.4748149,0.8462441
0.6032394,0.6815302,0.9619852,-0.9958019,1.6451463,2.2749517,0.059990637,1.0758502,1.5306075,1.4740728,0.94936174,3.2448442,-0.69921553,-1.6392015,-0.2258627,0.6913325,2.0485363,1.5210799,3.4224799,2.1161284,1.2232794,1.3303741,1.8501943,1.301698,0.40486437,2.592134,1.1639382,0.56126064,2.108983,0.5058757,-1.4317256,-0.68723786,0.03273439,0.46252093,-1.107107,1.7190034,-1.9056709,-1.6396724,-1.0012511,0.18955767,-1.0575689,-1.5370619,-1.4806798,-1.2010056,-0.23765987,-1.5965174,-2.3512256,-0.39100263,-0.060685303,-2.4841256,0.582544,0.6191462,-0.47491392,-0.2213611,2.1029654,1.3871597,1.0472543,1.3863143,1.6096675,0.97389877,1.5424995,-0.66176206,-1.9368364,-1.1136959,0.040103752,-0.011581209,0.42484313,2.081264,0.7064869,0.83048224,1.9400016,0.49242628,1.7495143,-0.7796203,2.1516771,0.76442975,1.12476,1.0350912,-0.04354563,0.09973597,0.48492786,-2.0661252,1.1190494,-2.6027615,0.94858426,-3.156075,-0.7665366,0.11668381,0.61197406,-0.5886948,-0.24915373,-1.3453386,-1.1841874,-1.8386427,-1.1276816,-2.0824206,-1.7038889,0.7016447,0.7009394,-2.1331563
0.6583695,0.927008,0.41664982,-0.041736983,0.36301422,1.4778516,0.36822593,1.0192091,1.2279482,1.7437567,0.63812596,1.0637283,-0.35043645,0.7390087,1.4227958,1.0198655,0.97547543,1.2940269,1.3753121,1.5133262,-0.4932515,1.2879679,0.9089679,1.4728271,1.9476932,0.44450843,1.4782983,0.61173254,0.0324401,-0.38713327,0.46305093,1.6582466,0.8720742,0.71260947,1.2640251,1.385841,0.7307446,1.3280985,1.5740538,0.7176109,0.70856535,1.3316772,0.9641763,0.63073474,1.046906,0.18011679,-0.3917612,0.45872882,0.3960665,-0.16344857,0.52347684,0.046317477,0.16058671,0.04378913,1.0502806,0.8357292,0.9549186,1.2900199,1.1441227,0.4956222,-0.10874341,0.2785459,0.2354289,0.87880594,1.4530944,1.1147398,-0.32043,1.2115155,0.54892623,1.2679558,0.68236065,0.9927394,0.54940194,-0.3325572,1.2965726,0.64882547,0.6499255,0.031660892,0.28469542,0.6577632,-0.085706286,0.39622533,0.1368654,-0.03586672,0.04818706,-1.0691036,0.11725195,1.0481521,0.6120742,0.40470403,0.39445055,0.9990216,0.16577944,-0.85300964,0.36777115,-0.42006913,0.18412195,1.3043607,0.7128157,-0.2268419
0.76593596,1.0069153,1.002602,0.18693262,1.3480725,1.2266359,0.08810471,0.7849949,1.6164213,1.0521147,0.7568985,0.09494794,0.74288994,1.0910264,0.54542685,-0.6067822,-0.17261143,-0.704542,-0.6908694,-0.85694015,-0.8648916,0.5775285,-0.56866986,0.25999057,0.11336685,-1.2153355,1.6259698,-0.34317514,-0.4722052,-0.2317917,0.88910306,0.36068568,0.89881265,0.4067625,0.792424,-0.3135446,0.5496834,1.3400139,1.8828228,1.3906585,1.7926493,0.60196185,2.168913,0.88362336,1.4446805,2.31009,1.33273,1.2240632,1.0778273,1.2475536,-1.1831914,0.17826484,-1.1612815,0.5290137,1.1474704,0.62056005,-0.70559615,1.2938148,0.9431162,1.7973047,0.7175654,0.47968674,-0.20339021,1.8158579,0.088802725,0.40003425,-0.70196915,-0.57664907,-1.0486354,-0.8853461,0.22831714,-1.390308,-0.14011307,0.72628874,-0.83019453,-0.19868407,-0.6268242,0.14874047,0.61591506,-0.38780615,-0.82695377,0.4906138,-0.06878253,-0.030983929,-1.3522612,1.3257012,-0.13948068,-0.10456721,-0.57735956,0.45280483,-0.6297867,-0.21295922,0.86857885,0.9280466,-0.15307522,0.754813,1.1611369,-1.0189033,0.6234166,0.8722268
0.52634126,-0.1113204,0.46435657,0.2809839,-0.001979848,0.5919082,0.8346821,0.30546772,0.5061273,0.47995323,0.944404,-1.0466874,0.6727079,-1.3363608,0.5891555,-0.36481473,-0.9953275,-0.3554052,-0.33093297,-0.14956032,-0.07923327,-0.3923635,-0.013739822,0.29250136,-0.35181034,-0.73901105,0.58328635,-0.2696497,-0.6831442,1.1782159,0.83888423,1.2988719,-0.19521365,-0.11815451,1.5377436,-0.41495258,-0.5646514,1.3029872,1.9245944,1.2264818,1.5740939,1.8089464,2.3307467,0.98115623,2.198059,2.0479245,1.9124663,1.3724544,0.50789577,1.1133751,-0.16460429,-0.39024967,-0.38568988,-0.067210615,-0.11263926,0.13987027,-0.15920901,0.27873975,-0.16212004,0.50739014,-0.65443176,-0.5553988,0.20471151,0.71868324,0.5661983,0.4195592,0.23693007,-1.5104266,-1.6093239,-0.38336578,-0.1081834,-1.7908591,-0.4849378,-0.30486596,-0.9972713,-0.5543218,0.63223195,-0.40303773,0.23785725,0.10980196,-1.3767895,0.5032716,0.39986417,0.33167428,-0.6530706,0.46316174,-0.7287833,0.6158519,-1.0854831,0.5146083,-0.081751265,0.7513175,0.3074125,1.3801839,0.048060536,-0.20009686,0.4783213,-0.51924694,0.06359506,-0.04247135
-0.24567935,-0.028772617,0.48588547,-0.1917639,0.21661076,0.9720961,0.043090656,0.51817036,1.5038546,0.16530767,0.56144065,-0.65609205,-0.79845995,0.81523603,0.17607166,-0.4188977,-0.9318449,-0.22865102,-0.7240432,-0.44498017,0.20138112,0.20684597,0.09589502,0.1483843,0.18592945,-1.0753266,0.041495204,0.073979735,-0.7427799,0.7545336,-0.3924123,0.5005053,0.531696,0.12830827,0.574056,-1.3510575,-0.027036583,0.24512249,1.2460423,1.083105,1.2977308,0.4388802,2.1149814,1.1604649,0.5661057,1.9997039,1.546776,1.0831337,0.88876814,0.90055025,-1.0411637,-0.2948543,-1.4693394,-0.32538876,0.30626637,0.16603187,-0.1754179,0.64826185,-0.41022044,0.67473453,-0.68441635,-0.6873547,-0.61476564,-0.30595553,-0.87728924,0.11352209,-0.81532806,-1.1454158,-1.2197245,-0.60710233,0.18358485,-1.2830248,-1.0407003,0.060674507,-1.0801194,-0.07485662,-1.0670775,-1.1847646,-0.6171573,-0.2077329,-0.18653737,0.0743662,-0.54975057,-0.22256604,-1.3225567,0.693267,-0.46201482,0.46887636,-1.3946632,0.6285909,0.01719962,-0.43883234,-0.194113,0.42331284,0.9449539,-0.14677458,0.8831418,0.16342522,-0.2121253,-0.7137853
0.16986439,0.83613646,0.9654682,0.39024502,0.88643503,1.1933507,0.73435,1.2525967,1.4974772,-0.14605348,0.8386291,-0.59531707,-0.57944924,0.2803136,0.26424155,0.5724083,0.33609095,1.2298712,-0.17181201,-0.2060914,-0.17959423,-0.15601744,-0.511645,-0.55446994,-0.47896758,0.6472276,0.020603219,-1.0115173,-1.4844663,-0.6440439,-0.24800529,-0.7302879,0.56020945,-0.072550625,-0.28339452,0.1279102,-0.65297806,-1.8967518,-0.35240573,-0.6743452,0.39138627,-1.7759421,0.334907,-0.078735866,-0.27186844,0.021240896,-0.74178994,0.18009381,0.36988193,-0.2724251,0.19538686,0.94489914,-0.24364229,0.42909655,1.5208035,1.1245097,1.1507603,1.9030555,0.2993822,0.28357863,0.14806922,-0.12033024,0.4411872,0.09598704,-0.31564704,-0.19940092,-0.81875175,-0.19699799,-0.16782556,0.4725491,-0.1812179,-0.187287,0.5146587,-1.8093992,-0.16882919,0.27399737,-0.62876225,-0.17016053,-0.6611877,-1.4414479,-1.2321442,-0.42543584,0.8426928,-1.5373186,0.78374666,-1.4275707,-1.1006882,-1.1341591,-0.6083579,-1.4035835,-0.20145154,-1.7028604,-2.378054,-0.3337864,-1.4333146,-0.08007574,-1.1535071,-0.733617,0.4680491,-1.3022405
-0.5421061,-0.4435487,0.34691873,-0.75479954,-0.0458261,0.7688705,0.12602517,0.34415162,0.8651949,1.2159656,1.3699101,0.7625842,-0.42913628,0.9934333,0.63176805,0.35210997,1.0218027,0.1389035,0.32473248,-1.1635334,-0.56688994,-0.08373644,-0.43326855,0.13111417,0.98943204,0.5390742,-0.531235,-0.6741022,-1.9300754,0.7535646,-0.35151687,-0.46591473,1.1299067,0.059788093,0.08187904,-0.92039204,-0.3110359,-1.2318424,-0.04096636,0.32754213,-0.1339915,-0.8827288,0.1595977,-0.5288988,0.542541,-0.011023675,-0.32353088,-0.022213422,-0.4298881,-0.531077,-0.99774164,0.07640745,-0.1705945,0.23070502,1.0692685,0.94453275,0.43530434,1.3608454,0.22876905,0.8773347,0.19065809,-0.08638264,1.0152031,0.980625,0.5014758,0.16623874,-0.36582255,0.9297423,0.6512544,0.19096185,0.2694944,0.19074933,0.7439313,-1.1160077,1.2033266,-0.0005358086,-0.57520354,-0.17595315,-0.44148353,-1.3911299,-0.23665538,-0.903169,-0.3453728,-0.6618586,0.1320477,-0.9313707,-1.0925561,-1.2313132,-1.1675055,-1.3247237,-0.8358409,-1.4129386,-1.7878411,-0.47553167,-0.7292482,-0.750776,-1.0026168,0.9874195,0.05392083,-1.3747019
-0.85831285,-0.26294556,-0.25903243,0.44290614,0.8540715,0.5922796,-0.049750306,-0.05512295,0.43556643,-0.09034449,0.58639425,0.72417635,0.75635856,-0.7590725,-0.56924653,-0.83597213,0.047574017,-0.4884138,-0.41299745,0.66927356,-0.57639724,-1.4310541,-0.5303031,-0.14250575,0.6025208,-0.6010523,0.69436365,-0.9333092,0.11383021,-0.28837466,-0.01334141,-1.4336079,-1.5163565,-0.88283634,-0.5190362,0.57690024,-0.17204157,-0.7366202,-0.25507444,-0.15645637,-0.41331103,-1.293953,-1.6851066,0.24508156,-0.30964884,-0.58902085,-0.98719656,-0.46068513,-0.31046435,0.44629058,-0.47823557,-0.75424945,-0.040878635,0.255741,0.38520548,0.3488939,-0.32407397,0.1052774,0.25235164,0.7748137,0.28314736,0.69407034,0.10181375,0.34718314,-0.24386601,-0.6172685,1.3202335,0.15530314,-0.030999457,-0.2149121,0.072897635,-0.466418,-0.060974672,0.837365,0.19884364,-0.2901115,0.02078593,-1.3879637,0.7479101,-1.1851056,-0.028265256,1.0759362,-0.63871753,-0.13199997,-0.13940795,-0.39626235,-0.3662241,-0.54267985,0.8757642,0.653634,-0.2350616,-0.28945187,0.33915466,-1.3083552,-1.8718833,0.32852495,-0.3096141,1.2868572,0.26710516,0.24870767
-0.80429256,0.5699622,0.06100229,0.76190835,0.5959976,-0.3241088,0.034450643,0.25314498,-0.40623614,-0.0047657765,-0.39714825,-1.2468731,-1.1260551,-0.25997508,-1.3202372,-0.9637868,-0.9000333,-0.21048763,-1.084208,-0.9020227,-0.6702437,-1.2515762,-0.78571284,-1.1898044,-0.69224983,-0.3304439,0.36849302,-1.486187,-0.6652042,-0.5952463,-0.057177775,-0.70816195,-1.4862751,-1.3069651,-1.5691645,-0.24756044,-0.45303676,-1.1136671,-0.46052858,-0.73295844,-0.7817463,-0.50003314,-0.73280996,-0.3172555,-0.27771035,-0.8004876,-1.1327736,-1.6985296,-0.11559194,-0.40644547,0.027743718,0.5214423,0.2593593,0.39374885,0.8809055,-0.0051474613,-0.12056328,0.23991287,1.0281835,-1.0858469,0.69406,0.8531893,-0.06015953,-0.75910133,-1.0053784,-0.71410036,-0.20718738,0.28534976,-0.9763282,-0.46893147,-0.5957834,-0.2908849,-0.06111426,0.674373,-0.036681324,-0.4245303,-0.77566296,-0.10420885,0.5844564,-0.26471105,-0.55578357,-1.1423166,-0.35061088,-0.2170592,-0.014310031,-0.14340703,0.0040531796,-1.5519568,-0.5548996,-0.6583683,0.5423955,0.08731944,0.5127033,-1.1666076,-1.0340266,-0.15863739,-1.0674179,-0.7085342,-0.6787111,0.20282935
1.6790408,1.2443943,0.6662157,2.0109606,0.6737546,-0.45454237,1.5232427,0.87519264,-0.14004104,0.022260701,0.42119098,0.88725054,1.2651044,0.45043635,0.46416622,1.3759658,0.13930471,1.3956614,0.10001422,0.6649984,0.55350834,0.123838216,1.1836629,0.4514744,2.120416,-1.01397,-0.6607081,0.23924682,0.74485,0.8905056,0.11070647,0.12603989,0.032507326,-0.455114,0.46617302,-0.00075147784,-0.23329669,-0.6130632,-0.29237008,0.5630257,-0.15385245,-0.042294886,-0.9688577,0.24170883,0.3632517,-0.7894197,-0.21526034,-1.7229921,0.080628894,-0.87628186,1.41219,1.4058284,2.3965342,1.3091387,-0.2369575,-0.075908326,1.2296329,-0.08775265,-0.7191708,1.2196839,0.32401365,-0.030868301,-0.51210344,1.2203518,0.49600866,-0.090843044,1.4647231,0.038301677,0.18937792,1.0587208,0.8053414,1.7372781,2.1724486,1.2622862,0.5534688,0.62319416,0.36277467,0.5351654,1.5581393,0.835333,0.38034895,-0.18318443,1.4665786,0.8127343,1.2108113,0.4887926,0.84821975,0.10172759,0.41989955,0.23023097,1.1490846,1.7673649,-0.063622855,1.7986308,-0.0389732,0.29338735,-0.2909939,0.53880507,0.4462438,0.05078074
1.30535,1.0774935,1.032358,1.8786005,0.4392876,1.3493615,2.0395887,1.3735561,0.47783852,1.2519528,1.6289539,1.8972117,2.2805693,1.4453939,0.7407773,1.642032,-0.83903974,1.764923,-0.07227513,1.2274781,1.3313309,-0.0036425965,0.5899057,-0.2594226,1.9094545,2.4289756,0.34545505,0.23363198,0.9129795,0.944549,0.7349587,1.2678958,-0.008437836,-0.18547869,0.2938094,1.4219764,0.2001362,1.7319444,0.62861663,1.1457943,0.52749074,2.4631772,0.17574741,1.0557947,0.9032092,-0.25911364,0.001909307,-0.040979072,1.3507191,0.5849812,2.011251,1.7858871,2.514885,1.146882,0.701477,1.5090077,1.6327957,1.1019897,0.6882883,1.1295581,0.24457698,0.4220917,1.3532735,1.7108648,0.45699784,0.5412453,2.8414974,-0.16958028,0.31102926,2.0222678,0.034088194,1.8720347,1.680769,3.0434318,0.21311848,1.8817997,0.8721417,1.3452141,1.6033754,1.9241067,1.1923668,0.79511184,1.2454091,1.2539226,0.20896502,1.8584956,0.56041336,0.93477964,1.4983811,2.2994554,1.4513958,1.6145774,1.4382145,0.5982147,1.2231073,1.7172886,1.6338477,0.5219947,1.1167954,1.2921923
1.294466,1.3350698,0.2485758,1.7908318,0.09904997,-0.6431624,2.022387,1.6538557,-0.13111648,1.2976623,2.0604506,1.2260188,2.5201533,2.2859335,0.9000406,2.7101038,0.94944847,2.708901,0.8937759,0.61795455,-0.6364625,1.6181965,1.6043513,0.738444,2.3766913,0.24416874,1.7807733,0.017515289,0.5954049,1.4268423,0.7684285,2.4572885,2.0033286,1.845336,2.2567728,1.4897882,1.4744792,0.73807263,0.4390212,2.0645912,1.1841879,2.5284975,0.75690913,1.1696064,2.0055559,0.8778964,0.2975578,1.0181428,0.19544764,1.4396546,1.5149233,2.3022003,2.282745,1.3804504,0.13870716,0.091092624,2.815799,0.55742407,0.32746193,1.4407861,-1.6191108,0.38988775,0.9893177,1.320135,0.7141134,-0.32488063,2.744732,0.106040575,0.93887013,2.9151173,1.0569249,1.6051434,1.7621598,2.325777,-0.1776358,0.54596186,1.6209306,1.5129603,0.7870419,0.7430982,0.6116178,-0.137597,1.5329484,1.49174,2.3287363,0.34002683,1.4746052,-0.590785,2.8435018,0.7074699,0.9096046,0.98949426,0.91107094,0.21232362,0.38881102,1.5732614,-0.47365755,1.3651502,1.4208729,2.0291514
0.77193516,-0.3413511,-0.69691277,1.5374177,-0.8018224,-1.3621551,0.93539923,0.16695882,-0.693841,0.9845177,1.4544604,0.055908717,0.8951835,0.9403872,0.0126836235,1.0146289,-0.6919453,1.0681748,-0.109328255,0.34015402,-0.6064335,0.51165783,0.96665484,0.36494508,0.31550232,-0.2944434,1.0035156,-0.7800926,-0.3083005,-0.21490641,0.24032113,1.1845306,-0.19771978,0.95844686,1.7209773,0.71128273,0.21133849,1.7307991,1.471179,1.5483049,0.7620741,0.20386718,0.9081245,0.80933356,0.48850656,0.617151,1.2017738,1.5395641,-0.18726166,1.3038301,0.6511662,0.28581235,2.0931852,0.92626226,-1.2541337,-1.0730342,1.6148756,-0.82115906,0.22312444,0.9557563,1.1523578,0.5167376,-0.6028722,0.7055357,0.5034818,0.72653687,2.7061532,-0.27617842,0.15743276,1.5096447,0.9624729,0.91093403,0.47449306,3.025289,-0.92825156,0.8065908,0.9146134,0.71008545,0.800088,0.5363875,0.48308292,-0.024806945,-0.7341449,1.4651129,0.5126922,1.2701766,1.0372311,-0.32270092,1.7509032,0.6062931,0.13980669,1.4377687,1.4188179,0.6784766,-0.6026197,0.09109359,1.1120052,1.3147032,0.8860438,1.3514483
0.44810134,-0.487523,-0.73779964,-0.3992537,-0.94956636,-0.7808695,0.28043333,-0.3231866,-0.3167088,1.1134226,0.5244254,0.59454393,2.2973678,1.7908682,1.8182993,0.45585003,-0.040987566,-0.33232045,0.24839683,0.79119134,-0.16843584,0.7746847,1.4644569,1.2954102,0.44258618,-0.0665262,0.62687516,0.10295492,0.93288106,0.46959105,0.58213633,0.5145444,1.6670438,1.5754435,1.9864477,1.0625334,0.5790661,0.33519712,1.5266612,1.4907092,1.497935,0.40291032,1.532674,0.05443112,1.0178187,1.6600195,1.8174568,0.9410928,-0.17055146,0.83651936,-0.8891968,-0.8296091,-0.72521156,-0.91832125,-1.353169,-1.0836991,-0.10094657,-0.29717532,0.49801686,0.18068299,-0.9350028,-0.45484713,-1.6565577,-0.9146095,0.04380308,1.0416797,0.6260607,-0.40331972,-0.56367826,-0.475013,-0.48981068,-0.08978424,0.3861555,1.1032305,-0.26285303,0.12674293,0.06617981,0.14063369,0.88830245,-0.2225237,-0.0804061,0.036247473,0.3951381,0.42223015,-0.29900575,0.8826304,0.29256603,-0.91407925,0.6839145,1.2975519,-1.3946899,-1.3651154,0.84482056,0.12721014,-0.6871296,-0.099562354,0.8878162,1.1952971,-0.15383849,0.48135972
0.75830835,-0.51499003,-0.013503239,-1.8060362,-0.8491537,0.29127237,-0.6012788,-0.30614588,0.42299497,-0.028846407,0.08766419,0.36083567,-0.66719335,0.6676076,1.2296723,-0.64401764,0.11134632,-0.052812174,0.54401195,1.945241,1.0065076,-0.03827919,1.1459886,0.7362171,0.94814277,-0.40323514,1.1005464,-0.9641445,-0.30273136,1.8829471,-0.7866143,-0.33796754,-0.6209599,-0.6785224,-0.28918642,1.1675032,-0.20608072,-0.12236956,-1.1805359,-0.19820322,-0.73188335,-0.24959928,-1.2498959,-2.2241018,-1.1752459,-0.9283694,-0.49445292,-1.9174899,-0.30176777,-0.75396436,-0.3955799,-0.47042188,-1.6560324,-1.3765948,-0.59447783,-0.30235437,-0.47956815,-0.1718515,-1.2843974,-0.7215833,-1.4984592,-2.1271954,-0.60594416,-1.6718009,0.06257682,0.7630679,-0.79854256,-0.814213,-1.0785345,-0.309798,1.8417075,-1.0218228,0.5200341,-0.44889897,0.24038543,-0.3813307,0.29178852,0.9137571,-0.7680608,-1.9414936,-0.8186961,-1.2918254,-1.1575421,-1.3455,0.57253116,-1.1825037,-0.2180273,-0.07740688,0.87576145,-0.56611264,-1.5912178,-0.8377958,-1.3669381,0.12378969,-1.4096437,-1.6956497,-0.44448057,-0.340989,-0.69146776,-0.106258705
-0.17012207,-0.6402365,0.33854002,-1.1924024,0.35332805,0.8920207,-0.41065827,-0.47826052,0.94480956,0.9792154,0.6635161,2.1046865,0.44951788,0.30597845,0.8269641,-0.92173094,0.91414666,-0.77754915,1.289319,-0.365338,1.3117324,-0.85884404,-0.5429033,1.0258242,0.7840379,1.4073285,0.458612,0.34405094,0.014311592,0.5332185,-0.8540251,-0.6025278,0.17941594,-0.1962489,-0.63834906,-0.22222972,-0.31604657,0.16314171,0.33603325,0.15811819,0.289579,-0.26843828,0.3561925,-1.1049951,0.65363556,0.29390496,-0.80946416,-0.13214877,-0.35290384,-0.2048136,-1.2015315,-1.1546618,-1.1144134,-1.1128666,0.42514983,0.34452346,-0.72212523,0.017692506,1.1692042,0.46955037,0.60746527,0.4073392,0.21538009,0.320447,-0.6832836,1.0218236,-0.6105062,0.1611607,-0.17404623,-1.3499007,-0.5520633,-1.0042787,-1.1003782,0.14322743,0.9571758,0.4510356,-0.47236878,0.32168674,-0.74841857,0.33244196,-0.73246276,-0.13035654,0.1407167,-0.7646795,0.77181846,-0.39734495,-0.79321,-0.5422682,-0.92321223,-0.38200086,0.6523715,-0.75221694,-0.101063915,0.2709002,-0.29718545,0.11074828,-0.34367806,-0.43653253,0.009677946,-0.69023436
